id,condition_category_id,text_name,achievement_category_id,achievement_point,preview_achievement_id,type_value,display_priority,reward_group_id,open_date
1010101,1,4700001,1,40,0,100,1,2302001,2001-01-01T00:00:00
1010102,1,4700002,1,40,1010102,620,2,2302002,2001-01-01T00:00:00
1010103,1,4700003,1,50,1010103,1731,3,2302003,2001-01-01T00:00:00
1010104,1,4700004,1,60,1010104,3566,4,2302004,2001-01-01T00:00:00
1010105,1,4700005,1,110,1010105,6238,5,2302005,2001-01-01T00:00:00
1010106,1,4700006,1,120,1010106,9847,6,2302006,2001-01-01T00:00:00
1010107,1,4700007,1,140,1010107,14483,7,2302007,2001-01-01T00:00:00
1010108,1,4700008,1,290,1010108,20227,8,2302008,2001-01-01T00:00:00
1010109,1,4700009,1,330,1010109,27158,9,2302009,2001-01-01T00:00:00
1010110,1,4700010,1,620,1010110,35345,10,2302010,2001-01-01T00:00:00
1010111,1,4700011,1,710,1010111,44858,11,2302011,2001-01-01T00:00:00
1010112,1,4700012,1,970,1010112,55762,12,2302012,2001-01-01T00:00:00
1010113,1,4700013,1,1060,1010113,68118,13,2302013,2001-01-01T00:00:00
1010114,1,4700014,1,1240,1010114,81985,14,2302014,2001-01-01T00:00:00
1010115,1,4700015,1,2480,1010115,97421,15,2302015,2001-01-01T00:00:00
1010116,1,4700016,1,2650,1010116,114481,16,2302016,2001-01-01T00:00:00
1010117,1,4700017,1,2920,1010117,133218,17,2302017,2001-01-01T00:00:00
1010118,1,4700018,1,3980,1010118,153683,18,2302018,2001-01-01T00:00:00
1010119,1,4700019,1,4870,1010119,175928,19,2302019,2001-01-01T00:00:00
1010120,1,4700020,1,5310,1010120,200000,20,2302020,2001-01-01T00:00:00
1010201,2,4700021,1,70,0,25,21,2302021,2001-01-01T00:00:00
1010202,2,4700022,1,80,1010202,155,22,2302022,2001-01-01T00:00:00
1010203,2,4700023,1,100,1010203,432,23,2302023,2001-01-01T00:00:00
1010204,2,4700024,1,120,1010204,891,24,2302024,2001-01-01T00:00:00
1010205,2,4700025,1,200,1010205,1559,25,2302025,2001-01-01T00:00:00
1010206,2,4700026,1,240,1010206,2461,26,2302026,2001-01-01T00:00:00
1010207,2,4700027,1,270,1010207,3620,27,2302027,2001-01-01T00:00:00
1010208,2,4700028,1,560,1010208,5056,28,2302028,2001-01-01T00:00:00
1010209,2,4700029,1,630,1010209,6789,29,2302029,2001-01-01T00:00:00
1010210,2,4700030,1,1190,1010210,8836,30,2302030,2001-01-01T00:00:00
1010211,2,4700031,1,1360,1010211,11214,31,2302031,2001-01-01T00:00:00
1010212,2,4700032,1,1870,1010212,13940,32,2302032,2001-01-01T00:00:00
1010213,2,4700033,1,2040,1010213,17029,33,2302033,2001-01-01T00:00:00
1010214,2,4700034,1,2370,1010214,20496,34,2302034,2001-01-01T00:00:00
1010215,2,4700035,1,4750,1010215,24355,35,2302035,2001-01-01T00:00:00
1010216,2,4700036,1,5090,1010216,28620,36,2302036,2001-01-01T00:00:00
1010217,2,4700037,1,5600,1010217,33304,37,2302037,2001-01-01T00:00:00
1010218,2,4700038,1,7630,1010218,38420,38,2302038,2001-01-01T00:00:00
1010219,2,4700039,1,9330,1010219,43982,39,2302039,2001-01-01T00:00:00
1010220,2,4700040,1,10180,1010220,50000,40,2302040,2001-01-01T00:00:00
1010301,3,4700041,1,80,0,10,41,2302041,2001-01-01T00:00:00
1010302,3,4700042,1,110,1010302,42,42,2302042,2001-01-01T00:00:00
1010303,3,4700043,1,130,1010303,111,43,2302043,2001-01-01T00:00:00
1010304,3,4700044,1,150,1010304,226,44,2302044,2001-01-01T00:00:00
1010305,3,4700045,1,250,1010305,393,45,2302045,2001-01-01T00:00:00
1010306,3,4700046,1,290,1010306,619,46,2302046,2001-01-01T00:00:00
1010307,3,4700047,1,340,1010307,908,47,2302047,2001-01-01T00:00:00
1010308,3,4700048,1,690,1010308,1267,48,2302048,2001-01-01T00:00:00
1010309,3,4700049,1,780,1010309,1700,49,2302049,2001-01-01T00:00:00
1010310,3,4700050,1,1470,1010310,2212,50,2302050,2001-01-01T00:00:00
1010311,3,4700051,1,1680,1010311,2806,51,2302051,2001-01-01T00:00:00
1010312,3,4700052,1,2310,1010312,3487,52,2302052,2001-01-01T00:00:00
1010313,3,4700053,1,2520,1010313,4259,53,2302053,2001-01-01T00:00:00
1010314,3,4700054,1,2940,1010314,5126,54,2302054,2001-01-01T00:00:00
1010315,3,4700055,1,5880,1010315,6090,55,2302055,2001-01-01T00:00:00
1010316,3,4700056,1,6300,1010316,7156,56,2302056,2001-01-01T00:00:00
1010317,3,4700057,1,6930,1010317,8327,57,2302057,2001-01-01T00:00:00
1010318,3,4700058,1,9450,1010318,9606,58,2302058,2001-01-01T00:00:00
1010319,3,4700059,1,11550,1010319,10995,59,2302059,2001-01-01T00:00:00
1010320,3,4700060,1,12600,1010320,12500,60,2302060,2001-01-01T00:00:00
1020101,6,4700101,1,40,0,4,101,2302095,2001-01-01T00:00:00
1020102,6,4700102,1,40,1020102,18,102,2302096,2001-01-01T00:00:00
1020103,6,4700103,1,50,1020103,48,103,2302097,2001-01-01T00:00:00
1020104,6,4700104,1,60,1020104,98,104,2302098,2001-01-01T00:00:00
1020105,6,4700105,1,110,1020105,172,105,2302099,2001-01-01T00:00:00
1020106,6,4700106,1,120,1020106,271,106,2302100,2001-01-01T00:00:00
1020107,6,4700107,1,140,1020107,398,107,2302101,2001-01-01T00:00:00
1020108,6,4700108,1,290,1020108,555,108,2302102,2001-01-01T00:00:00
1020109,6,4700109,1,330,1020109,745,109,2302103,2001-01-01T00:00:00
1020110,6,4700110,1,620,1020110,969,110,2302104,2001-01-01T00:00:00
1020111,6,4700111,1,710,1020111,1230,111,2302105,2001-01-01T00:00:00
1020112,6,4700112,1,970,1020112,1528,112,2302106,2001-01-01T00:00:00
1020113,6,4700113,1,1060,1020113,1867,113,2302107,2001-01-01T00:00:00
1020114,6,4700114,1,1240,1020114,2247,114,2302108,2001-01-01T00:00:00
1020115,6,4700115,1,2480,1020115,2670,115,2302109,2001-01-01T00:00:00
1020116,6,4700116,1,2650,1020116,3137,116,2302110,2001-01-01T00:00:00
1020117,6,4700117,1,2920,1020117,3650,117,2302111,2001-01-01T00:00:00
1020118,6,4700118,1,3980,1020118,4211,118,2302112,2001-01-01T00:00:00
1020119,6,4700119,1,4870,1020119,4820,119,2302113,2001-01-01T00:00:00
1020120,6,4700120,1,5310,1020120,5480,120,2302114,2001-01-01T00:00:00
1020201,7,4700121,1,50,0,4,121,2302115,2001-01-01T00:00:00
1020202,7,4700122,1,70,1020202,18,122,2302116,2001-01-01T00:00:00
1020203,7,4700123,1,80,1020203,48,123,2302117,2001-01-01T00:00:00
1020204,7,4700124,1,90,1020204,98,124,2302118,2001-01-01T00:00:00
1020205,7,4700125,1,160,1020205,172,125,2302119,2001-01-01T00:00:00
1020206,7,4700126,1,190,1020206,271,126,2302120,2001-01-01T00:00:00
1020207,7,4700127,1,210,1020207,398,127,2302121,2001-01-01T00:00:00
1020208,7,4700128,1,440,1020208,555,128,2302122,2001-01-01T00:00:00
1020209,7,4700129,1,490,1020209,745,129,2302123,2001-01-01T00:00:00
1020210,7,4700130,1,930,1020210,969,130,2302124,2001-01-01T00:00:00
1020211,7,4700131,1,1060,1020211,1230,131,2302125,2001-01-01T00:00:00
1020212,7,4700132,1,1460,1020212,1528,132,2302126,2001-01-01T00:00:00
1020213,7,4700133,1,1600,1020213,1867,133,2302127,2001-01-01T00:00:00
1020214,7,4700134,1,1860,1020214,2247,134,2302128,2001-01-01T00:00:00
1020215,7,4700135,1,3720,1020215,2670,135,2302129,2001-01-01T00:00:00
1020216,7,4700136,1,3990,1020216,3137,136,2302130,2001-01-01T00:00:00
1020217,7,4700137,1,4390,1020217,3650,137,2302131,2001-01-01T00:00:00
1020218,7,4700138,1,5980,1020218,4211,138,2302132,2001-01-01T00:00:00
1020219,7,4700139,1,7310,1020219,4820,139,2302133,2001-01-01T00:00:00
1020220,7,4700140,1,7980,1020220,5480,140,2302134,2001-01-01T00:00:00
1020301,8,4700141,1,70,0,4,141,2302135,2001-01-01T00:00:00
1020302,8,4700142,1,80,1020302,18,142,2302136,2001-01-01T00:00:00
1020303,8,4700143,1,100,1020303,48,143,2302137,2001-01-01T00:00:00
1020304,8,4700144,1,120,1020304,98,144,2302138,2001-01-01T00:00:00
1020305,8,4700145,1,200,1020305,172,145,2302139,2001-01-01T00:00:00
1020306,8,4700146,1,240,1020306,271,146,2302140,2001-01-01T00:00:00
1020307,8,4700147,1,270,1020307,398,147,2302141,2001-01-01T00:00:00
1020308,8,4700148,1,560,1020308,555,148,2302142,2001-01-01T00:00:00
1020309,8,4700149,1,630,1020309,745,149,2302143,2001-01-01T00:00:00
1020310,8,4700150,1,1190,1020310,969,150,2302144,2001-01-01T00:00:00
1020311,8,4700151,1,1360,1020311,1230,151,2302145,2001-01-01T00:00:00
1020312,8,4700152,1,1870,1020312,1528,152,2302146,2001-01-01T00:00:00
1020313,8,4700153,1,2040,1020313,1867,153,2302147,2001-01-01T00:00:00
1020314,8,4700154,1,2370,1020314,2247,154,2302148,2001-01-01T00:00:00
1020315,8,4700155,1,4750,1020315,2670,155,2302149,2001-01-01T00:00:00
1020316,8,4700156,1,5090,1020316,3137,156,2302150,2001-01-01T00:00:00
1020317,8,4700157,1,5600,1020317,3650,157,2302151,2001-01-01T00:00:00
1020318,8,4700158,1,7630,1020318,4211,158,2302152,2001-01-01T00:00:00
1020319,8,4700159,1,9330,1020319,4820,159,2302153,2001-01-01T00:00:00
1020320,8,4700160,1,10180,1020320,5480,160,2302154,2001-01-01T00:00:00
1020401,851,4700161,1,80,0,4,161,2302155,2001-01-01T00:00:00
1020402,851,4700162,1,110,1020402,18,162,2302156,2001-01-01T00:00:00
1020403,851,4700163,1,130,1020403,48,163,2302157,2001-01-01T00:00:00
1020404,851,4700164,1,150,1020404,98,164,2302158,2001-01-01T00:00:00
1020405,851,4700165,1,250,1020405,172,165,2302159,2001-01-01T00:00:00
1020406,851,4700166,1,290,1020406,271,166,2302160,2001-01-01T00:00:00
1020407,851,4700167,1,340,1020407,398,167,2302161,2001-01-01T00:00:00
1020408,851,4700168,1,690,1020408,555,168,2302162,2001-01-01T00:00:00
1020409,851,4700169,1,780,1020409,745,169,2302163,2001-01-01T00:00:00
1020410,851,4700170,1,1470,1020410,969,170,2302164,2001-01-01T00:00:00
1020411,851,4700171,1,1680,1020411,1230,171,2302165,2001-01-01T00:00:00
1020412,851,4700172,1,2310,1020412,1528,172,2302166,2001-01-01T00:00:00
1020413,851,4700173,1,2520,1020413,1867,173,2302167,2001-01-01T00:00:00
1020414,851,4700174,1,2940,1020414,2247,174,2302168,2001-01-01T00:00:00
1020415,851,4700175,1,5880,1020415,2670,175,2302169,2001-01-01T00:00:00
1020416,851,4700176,1,6300,1020416,3137,176,2302170,2001-01-01T00:00:00
1020417,851,4700177,1,6930,1020417,3650,177,2302171,2001-01-01T00:00:00
1020418,851,4700178,1,9450,1020418,4211,178,2302172,2001-01-01T00:00:00
1020419,851,4700179,1,11550,1020419,4820,179,2302173,2001-01-01T00:00:00
1020420,851,4700180,1,12600,1020420,5480,180,2302174,2001-01-01T00:00:00
1020501,472,4700281,2,50,0,1,281,2303001,2001-01-01T00:00:00
1020601,473,4700282,2,70,0,1,282,2303002,2001-01-01T00:00:00
1020701,474,4700283,2,80,0,1,283,2303003,2001-01-01T00:00:00
1020801,475,4700284,2,90,0,1,284,2303004,2001-01-01T00:00:00
1020901,476,4700285,2,160,0,1,285,2303005,2001-01-01T00:00:00
1021001,19,4700286,2,190,0,1,286,2303006,2001-01-01T00:00:00
1021101,477,4700287,2,210,0,1,287,2303007,2001-01-01T00:00:00
1021201,815,4700288,2,440,0,1,288,2303077,2001-01-01T00:00:00
1021301,816,4700289,2,490,0,1,289,2303078,2001-01-01T00:00:00
1021401,1027,4700290,2,930,0,1,290,2303086,2001-01-01T00:00:00
1021501,1028,4700291,2,1060,0,1,291,2303087,2001-01-01T00:00:00
1021601,1449,4701381,2,1460,0,1,292,2303088,2001-01-01T00:00:00
1021701,1450,4701382,2,1600,0,1,293,2303089,2001-01-01T00:00:00
1021801,1055,4701347,2,100,0,1,292,2303085,2022-07-28T10:35:00
1022301,1840,4701259,1,80,0,4,1291,2302275,2001-01-01T00:00:00
1022302,1840,4701260,1,110,1022302,18,1292,2302276,2001-01-01T00:00:00
1022303,1840,4701261,1,130,1022303,48,1293,2302277,2001-01-01T00:00:00
1022304,1840,4701262,1,150,1022304,98,1294,2302278,2001-01-01T00:00:00
1022305,1840,4701263,1,250,1022305,172,1295,2302279,2001-01-01T00:00:00
1022306,1840,4701264,1,290,1022306,271,1296,2302280,2001-01-01T00:00:00
1022307,1840,4701265,1,340,1022307,398,1297,2302281,2001-01-01T00:00:00
1022308,1840,4701266,1,690,1022308,555,1298,2302282,2001-01-01T00:00:00
1022309,1840,4701267,1,780,1022309,745,1299,2302283,2001-01-01T00:00:00
1022310,1840,4701268,1,1470,1022310,969,1300,2302284,2001-01-01T00:00:00
1022311,1840,4701269,1,1680,1022311,1230,1301,2302285,2001-01-01T00:00:00
1022312,1840,4701270,1,2310,1022312,1528,1302,2302286,2001-01-01T00:00:00
1022313,1840,4701271,1,2520,1022313,1867,1303,2302287,2001-01-01T00:00:00
1022314,1840,4701272,1,2940,1022314,2247,1304,2302288,2001-01-01T00:00:00
1022315,1840,4701273,1,5880,1022315,2670,1305,2302289,2001-01-01T00:00:00
1022316,1840,4701274,1,6300,1022316,3137,1306,2302290,2001-01-01T00:00:00
1022317,1840,4701275,1,6930,1022317,3650,1307,2302291,2001-01-01T00:00:00
1022318,1840,4701276,1,9450,1022318,4211,1308,2302292,2001-01-01T00:00:00
1022319,1840,4701277,1,11550,1022319,4820,1309,2302293,2001-01-01T00:00:00
1022320,1840,4701278,1,12600,1022320,5480,1310,2302294,2001-01-01T00:00:00
1023101,1679,4701389,2,1860,0,1,1338,2303090,2001-01-01T00:00:00
1023201,1680,4701390,2,3720,0,1,1339,2303091,2001-01-01T00:00:00
1023301,1963,4701399,2,3990,0,1,1360,2303092,2001-01-01T00:00:00
1023401,1964,4701400,2,4390,0,1,1361,2303093,2001-01-01T00:00:00
1023501,2008,4701405,1,0,0,1,1414,2302311,2023-07-21T10:35:00
1023601,2007,4701406,1,0,0,1,1415,2302312,2023-07-21T10:35:00
1023701,2195,4701414,2,5980,0,1,1415,2303098,2001-01-01T00:00:00
1023801,2196,4701415,2,7310,0,1,1416,2303099,2001-01-01T00:00:00
1023901,2238,4701416,1,0,0,1,1417,2302313,2023-10-18T10:35:00
1024001,2361,4701442,1,0,0,1,1441,2302315,2023-12-07T10:35:00
1024101,2508,4701457,2,7980,0,1,1456,2303100,2001-01-01T00:00:00
1024201,2509,4701458,2,8640,0,1,1457,2303101,2001-01-01T00:00:00
1024301,2571,4701477,1,0,0,1,1474,2302317,2024-02-08T10:35:00
1024401,2693,4701509,2,9310,0,1,1504,2303102,2001-01-01T00:00:00
1024501,2694,4701510,2,9970,0,1,1505,2303103,2001-01-01T00:00:00
1024601,2946,4701553,2,10640,0,1,1552,2303104,2024-07-12T10:35:00
1024701,2947,4701554,2,11300,0,1,1553,2303105,2024-07-12T10:35:00
1024801,2965,4701563,1,0,0,1,1563,2302318,2024-07-23T10:35:00
1024901,3098,4701580,1,0,0,1,1580,2302319,2024-09-13T10:35:00
1025001,3213,4701603,2,13300,0,1,1604,2303106,2024-11-07T10:35:00
1025101,3214,4701604,2,14420,0,1,1605,2303107,2024-11-07T10:35:00
1025201,3261,4701613,1,0,0,1,1612,2302320,2024-11-15T10:35:00
1025301,3325,4701624,1,0,0,1,1623,2302321,2025-01-15T10:35:00
1025401,3448,4701645,2,15270,0,1,1646,2303108,2025-03-06T10:35:00
1025501,3449,4701646,2,16110,0,1,1647,2303109,2025-03-06T10:35:00
1025601,3634,4701682,1,0,0,1,1677,2302322,2025-06-27T10:35:00
1025701,3714,4701694,2,16960,0,1,1691,2303110,2025-07-25T10:35:00
1025801,3715,4701695,2,17810,0,1,1692,2303111,2025-07-25T10:35:00
1025901,3867,4701729,2,18660,0,1,1724,2303112,2025-10-23T10:35:00
1026001,3868,4701730,2,19510,0,1,1725,2303113,2025-10-23T10:35:00
1026101,3953,4701751,1,0,0,1,1746,2302323,2025-12-12T10:35:00
1026201,3967,4701752,1,0,0,1,1747,2302324,2025-12-29T10:35:00
1026301,4012,4701759,2,20360,0,1,1754,2303114,2026-01-13T10:35:00
1026401,4013,4701760,2,21200,0,1,1755,2303115,2026-01-13T10:35:00
1026501,4075,4701781,1,0,0,1,1781,2302325,2026-02-17T10:35:00
1026601,4112,4701785,1,0,0,1,1785,2302326,2026-03-13T10:35:00
1026701,4262,4701818,1,0,0,1,1790,2302328,2026-06-01T10:35:00
1027301,4151,4701792,2,22050,0,1,1800,2303116,2026-04-10T10:35:00
1027401,4152,4701793,2,22900,0,1,1801,2303117,2026-04-10T10:35:00
1027501,4229,4701811,1,0,0,1,1813,2302327,2026-05-07T10:35:00
1027601,4299,4701822,2,23750,0,1,1823,2303118,2026-06-29T10:35:00
1027701,4300,4701823,2,24600,0,1,1824,2303119,2026-06-29T10:35:00
1027801,4398,4701849,2,25440,0,1,1853,2303120,2026-08-06T10:35:00
1027901,4399,4701850,2,26290,0,1,1854,2303121,2026-08-06T10:35:00
1040101,4,4700061,1,50,0,5,61,2302061,2001-01-01T00:00:00
1040102,4,4700062,1,70,1040102,10,62,2302062,2001-01-01T00:00:00
1040103,4,4700063,1,80,1040103,15,63,2302063,2001-01-01T00:00:00
1040104,4,4700064,1,90,1040104,20,64,2302064,2001-01-01T00:00:00
1040105,4,4700065,1,160,1040105,25,65,2302065,2001-01-01T00:00:00
1040106,4,4700066,1,190,1040106,30,66,2302066,2001-01-01T00:00:00
1040107,4,4700067,1,210,1040107,35,67,2302067,2001-01-01T00:00:00
1040108,4,4700068,1,440,1040108,40,68,2302068,2001-01-01T00:00:00
1040109,4,4700069,1,490,1040109,45,69,2302069,2001-01-01T00:00:00
1040110,4,4700070,1,930,1040110,50,70,2302070,2001-01-01T00:00:00
1040111,4,4700071,1,1060,1040111,55,71,2302071,2001-01-01T00:00:00
1040112,4,4700072,1,1460,1040112,60,72,2302072,2001-01-01T00:00:00
1040113,4,4700073,1,1600,1040113,65,73,2302073,2001-01-01T00:00:00
1040114,4,4700074,1,1860,1040114,70,74,2302074,2001-01-01T00:00:00
1040115,4,4700075,1,3720,1040115,75,75,2302295,2001-01-01T00:00:00
1040116,4,4700076,1,3990,1040116,80,76,2302296,2001-01-01T00:00:00
1040117,4,4700077,1,4390,1040117,85,77,2302297,2001-01-01T00:00:00
1040118,4,4700078,1,5980,1040118,90,78,2302298,2001-01-01T00:00:00
1040119,4,4700079,1,7310,1040119,95,79,2302299,2001-01-01T00:00:00
1040120,4,4700080,1,7980,1040120,100,80,2302300,2001-01-01T00:00:00
1040201,4,4701368,1,80,0,105,1311,2302061,2022-10-07T10:35:00
1040202,4,4701369,1,110,1040202,110,1312,2302062,2022-10-07T10:35:00
1040203,4,4701370,1,130,1040203,115,1313,2302063,2022-10-07T10:35:00
1040204,4,4701371,1,150,1040204,120,1314,2302064,2022-10-07T10:35:00
1040205,4,4701372,1,250,1040205,125,1315,2302065,2022-10-07T10:35:00
1040206,4,4701373,1,290,1040206,130,1316,2302066,2022-10-07T10:35:00
1040207,4,4701383,1,340,1040207,135,1324,2302067,2023-02-10T10:35:00
1040208,4,4701384,1,690,1040208,140,1325,2302068,2023-02-10T10:35:00
1040209,4,4701385,1,780,1040209,145,1326,2302069,2023-02-10T10:35:00
1040210,4,4701386,1,1470,1040210,150,1327,2302070,2023-02-10T10:35:00
1040211,4,4701387,1,1680,1040211,155,1328,2302071,2023-02-10T10:35:00
1040212,4,4701388,1,2310,1040212,160,1329,2302072,2023-02-10T10:35:00
1040213,4,4701393,1,2520,1040213,165,1330,2302073,2023-06-07T10:35:00
1040214,4,4701394,1,2940,1040214,170,1331,2302074,2023-06-07T10:35:00
1040215,4,4701395,1,5880,1040215,175,1332,2302295,2023-06-07T10:35:00
1040216,4,4701396,1,6300,1040216,180,1333,2302296,2023-06-07T10:35:00
1040217,4,4701397,1,6930,1040217,185,1334,2302297,2023-06-07T10:35:00
1040218,4,4701398,1,9450,1040218,190,1335,2302298,2023-06-07T10:35:00
1040219,4,4701417,1,11550,1040219,195,1353,2302299,2023-10-18T10:35:00
1040220,4,4701418,1,12600,1040220,200,1354,2302300,2023-10-18T10:35:00
1040221,4,4701419,1,8940,1040221,205,1355,2302314,2023-10-18T10:35:00
1040222,4,4701420,1,8980,1040222,210,1356,2302314,2023-10-18T10:35:00
1040223,4,4701421,1,9030,1040223,215,1357,2302314,2023-10-18T10:35:00
1040224,4,4701422,1,9090,1040224,220,1358,2302314,2023-10-18T10:35:00
1040225,4,4701461,1,9200,1040225,225,1359,2302316,2024-01-26T10:35:00
1040226,4,4701462,1,9320,1040226,230,1360,2302316,2024-01-26T10:35:00
1040227,4,4701463,1,9460,1040227,235,1361,2302316,2024-01-26T10:35:00
1040228,4,4701464,1,9750,1040228,240,1362,2302316,2024-01-26T10:35:00
1040229,4,4701465,1,10080,1040229,245,1363,2302316,2024-01-26T10:35:00
1040230,4,4701466,1,10700,1040230,250,1364,2302316,2024-01-26T10:35:00
1040231,4,4701514,1,11410,1040231,255,1365,2302316,2024-04-19T10:35:00
1040232,4,4701515,1,12380,1040232,260,1366,2302316,2024-04-19T10:35:00
1040233,4,4701516,1,13440,1040233,265,1367,2302316,2024-04-19T10:35:00
1040234,4,4701517,1,14680,1040234,270,1368,2302316,2024-04-19T10:35:00
1040235,4,4701518,1,17160,1040235,275,1369,2302316,2024-04-19T10:35:00
1040236,4,4701519,1,19810,1040236,280,1370,2302316,2024-04-19T10:35:00
1040237,4,4701557,1,22730,1040237,285,1373,2302316,2024-07-23T10:35:00
1040238,4,4701558,1,26710,1040238,290,1374,2302316,2024-07-23T10:35:00
1040239,4,4701559,1,31580,1040239,295,1375,2302316,2024-07-23T10:35:00
1040240,4,4701560,1,36890,1040240,300,1376,2302316,2024-07-23T10:35:00
1040241,4,4701561,1,42640,1040241,305,1377,2302316,2024-07-23T10:35:00
1040242,4,4701562,1,48830,1040242,310,1378,2302316,2024-07-23T10:35:00
1040243,4,4701595,1,55470,1040243,315,1379,2302316,2024-10-31T10:35:00
1040244,4,4701596,1,62550,1040244,320,1380,2302316,2024-10-31T10:35:00
1040245,4,4701597,1,70070,1040245,325,1381,2302316,2024-10-31T10:35:00
1040246,4,4701598,1,78030,1040246,330,1382,2302316,2024-10-31T10:35:00
1040247,4,4701599,1,86430,1040247,335,1383,2302316,2024-10-31T10:35:00
1040248,4,4701600,1,95280,1040248,340,1384,2302316,2024-10-31T10:35:00
1040249,4,4701650,1,96080,1040249,345,1389,2302316,2025-03-14T10:35:00
1040250,4,4701651,1,96150,1040250,350,1390,2302316,2025-03-14T10:35:00
1040251,4,4701652,1,96230,1040251,355,1391,2302316,2025-03-14T10:35:00
1040252,4,4701653,1,96320,1040252,360,1392,2302316,2025-03-14T10:35:00
1040253,4,4701654,1,96480,1040253,365,1393,2302316,2025-03-14T10:35:00
1040254,4,4701655,1,96670,1040254,370,1394,2302316,2025-03-14T10:35:00
1040255,4,4701698,1,96880,1040255,375,1397,2302316,2025-07-31T10:35:00
1040256,4,4701699,1,97320,1040256,380,1398,2302316,2025-07-31T10:35:00
1040257,4,4701700,1,97810,1040257,385,1399,2302316,2025-07-31T10:35:00
1040258,4,4701701,1,98740,1040258,390,1400,2302316,2025-07-31T10:35:00
1040259,4,4701702,1,99800,1040259,395,1401,2302316,2025-07-31T10:35:00
1040260,4,4701703,1,101260,1040260,400,1402,2302316,2025-07-31T10:35:00
1040261,4,4701731,1,102860,1040261,405,1405,2302316,2025-10-30T10:35:00
1040262,4,4701732,1,104720,1040262,410,1406,2302316,2025-10-30T10:35:00
1040263,4,4701733,1,108440,1040263,415,1407,2302316,2025-10-30T10:35:00
1040264,4,4701734,1,112430,1040264,420,1408,2302316,2025-10-30T10:35:00
1040265,4,4701735,1,116820,1040265,425,1409,2302316,2025-10-30T10:35:00
1040266,4,4701736,1,122800,1040266,430,1410,2302316,2025-10-30T10:35:00
1040267,4,4701763,1,130110,1040267,435,1413,2302316,2026-01-20T10:35:00
1040268,4,4701764,1,138090,1040268,440,1414,2302316,2026-01-20T10:35:00
1040269,4,4701765,1,146730,1040269,445,1415,2302316,2026-01-20T10:35:00
1040270,4,4701766,1,156040,1040270,450,1416,2302316,2026-01-20T10:35:00
1040271,4,4701767,1,166010,1040271,455,1417,2302316,2026-01-20T10:35:00
1040272,4,4701768,1,176650,1040272,460,1418,2302316,2026-01-20T10:35:00
1040273,4,4701799,1,187950,1040273,465,1422,2302316,2026-04-17T10:35:00
1040274,4,4701800,1,199920,1040274,470,1423,2302316,2026-04-17T10:35:00
1040275,4,4701801,1,212550,1040275,475,1424,2302316,2026-04-17T10:35:00
1040276,4,4701802,1,225850,1040276,480,1425,2302316,2026-04-17T10:35:00
1040277,4,4701803,1,239810,1040277,485,1426,2302316,2026-04-17T10:35:00
1040278,4,4701804,1,254440,1040278,490,1427,2302316,2026-04-17T10:35:00
1040279,4,4701829,1,269730,1040279,495,1430,2302316,2026-07-07T10:35:00
1040280,4,4701830,1,285690,1040280,500,1431,2302316,2026-07-07T10:35:00
1040281,4,4701831,1,302310,1040281,505,1432,2302316,2026-07-07T10:35:00
1040282,4,4701832,1,319600,1040282,510,1433,2302316,2026-07-07T10:35:00
1040283,4,4701833,1,337550,1040283,515,1434,2302316,2026-07-07T10:35:00
1040284,4,4701834,1,356170,1040284,520,1435,2302316,2026-07-07T10:35:00
1040285,4,4701841,1,375450,1040285,525,1436,2302316,2026-08-06T10:35:00
1040286,4,4701842,1,395400,1040286,530,1437,2302316,2026-08-06T10:35:00
1040287,4,4701843,1,416010,1040287,535,1438,2302316,2026-08-06T10:35:00
1040288,4,4701844,1,437290,1040288,540,1439,2302316,2026-08-06T10:35:00
1040289,4,4701845,1,448190,1040289,545,1440,2302316,2026-08-06T10:35:00
1040290,4,4701846,1,468550,1040290,550,1441,2302316,2026-08-06T10:35:00
1050101,5,4700081,1,80,0,3,81,2302075,2001-01-01T00:00:00
1050102,5,4700082,1,110,1050102,7,82,2302076,2001-01-01T00:00:00
1050103,5,4700083,1,130,1050103,10,83,2302077,2001-01-01T00:00:00
1050104,5,4700084,1,150,1050104,20,84,2302078,2001-01-01T00:00:00
1050105,5,4700085,1,250,1050105,30,85,2302079,2001-01-01T00:00:00
1050106,5,4700086,1,290,1050106,50,86,2302080,2001-01-01T00:00:00
1050107,5,4700087,1,340,1050107,75,87,2302081,2001-01-01T00:00:00
1050108,5,4700088,1,690,1050108,100,88,2302082,2001-01-01T00:00:00
1050109,5,4700089,1,780,1050109,125,89,2302083,2001-01-01T00:00:00
1050110,5,4700090,1,1470,1050110,150,90,2302084,2001-01-01T00:00:00
1050111,5,4700091,1,1680,1050111,225,91,2302085,2001-01-01T00:00:00
1050112,5,4700092,1,2310,1050112,250,92,2302086,2001-01-01T00:00:00
1050113,5,4700093,1,2520,1050113,275,93,2302087,2001-01-01T00:00:00
1050114,5,4700094,1,2940,1050114,300,94,2302088,2001-01-01T00:00:00
1050115,5,4700095,1,5880,1050115,325,95,2302089,2001-01-01T00:00:00
1050116,5,4700096,1,6300,1050116,350,96,2302090,2001-01-01T00:00:00
1050117,5,4700097,1,6930,1050117,375,97,2302091,2001-01-01T00:00:00
1050118,5,4700098,1,9450,1050118,400,98,2302092,2001-01-01T00:00:00
1050119,5,4700099,1,11550,1050119,425,99,2302093,2001-01-01T00:00:00
1050120,5,4700100,1,12600,1050120,500,100,2302094,2001-01-01T00:00:00
1060101,9,4700181,1,80,0,7,181,2302175,2001-01-01T00:00:00
1060102,9,4700182,1,110,1060102,16,182,2302176,2001-01-01T00:00:00
1060103,9,4700183,1,130,1060103,36,183,2302177,2001-01-01T00:00:00
1060104,9,4700184,1,150,1060104,69,184,2302178,2001-01-01T00:00:00
1060105,9,4700185,1,250,1060105,118,185,2302179,2001-01-01T00:00:00
1060106,9,4700186,1,290,1060106,184,186,2302180,2001-01-01T00:00:00
1060107,9,4700187,1,340,1060107,268,187,2302181,2001-01-01T00:00:00
1060108,9,4700188,1,690,1060108,372,188,2302182,2001-01-01T00:00:00
1060109,9,4700189,1,780,1060109,498,189,2302183,2001-01-01T00:00:00
1060110,9,4700190,1,1470,1060110,647,190,2302184,2001-01-01T00:00:00
1060111,9,4700191,1,1680,1060111,820,191,2302185,2001-01-01T00:00:00
1060112,9,4700192,1,2310,1060112,1018,192,2302186,2001-01-01T00:00:00
1060113,9,4700193,1,2520,1060113,1243,193,2302187,2001-01-01T00:00:00
1060114,9,4700194,1,2940,1060114,1495,194,2302188,2001-01-01T00:00:00
1060115,9,4700195,1,5880,1060115,1775,195,2302189,2001-01-01T00:00:00
1060116,9,4700196,1,6300,1060116,2085,196,2302190,2001-01-01T00:00:00
1060117,9,4700197,1,6930,1060117,2426,197,2302191,2001-01-01T00:00:00
1060118,9,4700198,1,9450,1060118,2798,198,2302192,2001-01-01T00:00:00
1060119,9,4700199,1,11550,1060119,3202,199,2302193,2001-01-01T00:00:00
1060120,9,4700200,1,12600,1060120,3640,200,2302194,2001-01-01T00:00:00
1070101,10,4700201,1,80,0,5,201,2302195,2001-01-01T00:00:00
1070102,10,4700202,1,110,1070102,12,202,2302196,2001-01-01T00:00:00
1070103,10,4700203,1,130,1070103,27,203,2302197,2001-01-01T00:00:00
1070104,10,4700204,1,150,1070104,51,204,2302198,2001-01-01T00:00:00
1070105,10,4700205,1,250,1070105,88,205,2302199,2001-01-01T00:00:00
1070106,10,4700206,1,290,1070106,138,206,2302200,2001-01-01T00:00:00
1070107,10,4700207,1,340,1070107,201,207,2302201,2001-01-01T00:00:00
1070108,10,4700208,1,690,1070108,279,208,2302202,2001-01-01T00:00:00
1070109,10,4700209,1,780,1070109,373,209,2302203,2001-01-01T00:00:00
1070110,10,4700210,1,1470,1070110,485,210,2302204,2001-01-01T00:00:00
1070111,10,4700211,1,1680,1070111,615,211,2302205,2001-01-01T00:00:00
1070112,10,4700212,1,2310,1070112,763,212,2302206,2001-01-01T00:00:00
1070113,10,4700213,1,2520,1070113,932,213,2302207,2001-01-01T00:00:00
1070114,10,4700214,1,2940,1070114,1121,214,2302208,2001-01-01T00:00:00
1070115,10,4700215,1,5880,1070115,1331,215,2302209,2001-01-01T00:00:00
1070116,10,4700216,1,6300,1070116,1563,216,2302210,2001-01-01T00:00:00
1070117,10,4700217,1,6930,1070117,1819,217,2302211,2001-01-01T00:00:00
1070118,10,4700218,1,9450,1070118,2098,218,2302212,2001-01-01T00:00:00
1070119,10,4700219,1,11550,1070119,2401,219,2302213,2001-01-01T00:00:00
1070120,10,4700220,1,12600,1070120,2730,220,2302214,2001-01-01T00:00:00
1080101,11,4700221,1,80,0,2,221,2302215,2001-01-01T00:00:00
1080102,11,4700222,1,110,1080102,6,222,2302216,2001-01-01T00:00:00
1080103,11,4700223,1,130,1080103,13,223,2302217,2001-01-01T00:00:00
1080104,11,4700224,1,150,1080104,25,224,2302218,2001-01-01T00:00:00
1080105,11,4700225,1,250,1080105,44,225,2302219,2001-01-01T00:00:00
1080106,11,4700226,1,290,1080106,69,226,2302220,2001-01-01T00:00:00
1080107,11,4700227,1,340,1080107,100,227,2302221,2001-01-01T00:00:00
1080108,11,4700228,1,690,1080108,139,228,2302222,2001-01-01T00:00:00
1080109,11,4700229,1,780,1080109,186,229,2302223,2001-01-01T00:00:00
1080110,11,4700230,1,1470,1080110,242,230,2302224,2001-01-01T00:00:00
1080111,11,4700231,1,1680,1080111,307,231,2302225,2001-01-01T00:00:00
1080112,11,4700232,1,2310,1080112,381,232,2302226,2001-01-01T00:00:00
1080113,11,4700233,1,2520,1080113,466,233,2302227,2001-01-01T00:00:00
1080114,11,4700234,1,2940,1080114,560,234,2302228,2001-01-01T00:00:00
1080115,11,4700235,1,5880,1080115,665,235,2302229,2001-01-01T00:00:00
1080116,11,4700236,1,6300,1080116,781,236,2302230,2001-01-01T00:00:00
1080117,11,4700237,1,6930,1080117,909,237,2302231,2001-01-01T00:00:00
1080118,11,4700238,1,9450,1080118,1049,238,2302232,2001-01-01T00:00:00
1080119,11,4700239,1,11550,1080119,1200,239,2302233,2001-01-01T00:00:00
1080120,11,4700240,1,12600,1080120,1365,240,2302234,2001-01-01T00:00:00
1090101,12,4700241,1,120,0,2500,241,2302235,2001-01-01T00:00:00
1090102,12,4700242,1,140,1090102,4315,242,2302236,2001-01-01T00:00:00
1090103,12,4700243,1,170,1090103,7495,243,2302237,2001-01-01T00:00:00
1090104,12,4700244,1,200,1090104,12097,244,2302238,2001-01-01T00:00:00
1090105,12,4700245,1,350,1090105,18164,245,2302239,2001-01-01T00:00:00
1090106,12,4700246,1,410,1090106,25729,246,2302240,2001-01-01T00:00:00
1090107,12,4700247,1,460,1090107,34820,247,2302241,2001-01-01T00:00:00
1090108,12,4700248,1,960,1090108,45460,248,2302242,2001-01-01T00:00:00
1090109,12,4700249,1,1070,1090109,57671,249,2302243,2001-01-01T00:00:00
1090110,12,4700250,1,2030,1090110,71470,250,2302244,2001-01-01T00:00:00
1090111,12,4700251,1,2320,1090111,86876,251,2302245,2001-01-01T00:00:00
1090112,12,4700252,1,3180,1090112,103903,252,2302246,2001-01-01T00:00:00
1090113,12,4700253,1,3470,1090113,122565,253,2302247,2001-01-01T00:00:00
1090114,12,4700254,1,4050,1090114,142876,254,2302248,2001-01-01T00:00:00
1090115,12,4700255,1,8110,1090115,164847,255,2302249,2001-01-01T00:00:00
1090116,12,4700256,1,8690,1090116,188491,256,2302250,2001-01-01T00:00:00
1090117,12,4700257,1,9550,1090117,213819,257,2302251,2001-01-01T00:00:00
1090118,12,4700258,1,13030,1090118,240839,258,2302252,2001-01-01T00:00:00
1090119,12,4700259,1,15920,1090119,269563,259,2302253,2001-01-01T00:00:00
1090120,12,4700260,1,17370,1090120,300000,260,2302254,2001-01-01T00:00:00
1100101,13,4700261,1,120,0,20,261,2302255,2001-01-01T00:00:00
1100102,13,4700262,1,140,1100102,80,262,2302256,2001-01-01T00:00:00
1100103,13,4700263,1,170,1100103,187,263,2302257,2001-01-01T00:00:00
1100104,13,4700264,1,200,1100104,341,264,2302258,2001-01-01T00:00:00
1100105,13,4700265,1,350,1100105,545,265,2302259,2001-01-01T00:00:00
1100106,13,4700266,1,410,1100106,799,266,2302260,2001-01-01T00:00:00
1100107,13,4700267,1,460,1100107,1104,267,2302261,2001-01-01T00:00:00
1100108,13,4700268,1,960,1100108,1461,268,2302262,2001-01-01T00:00:00
1100109,13,4700269,1,1070,1100109,1870,269,2302263,2001-01-01T00:00:00
1100110,13,4700270,1,2030,1100110,2333,270,2302264,2001-01-01T00:00:00
1100111,13,4700271,1,2320,1100111,2850,271,2302265,2001-01-01T00:00:00
1100112,13,4700272,1,3180,1100112,3421,272,2302266,2001-01-01T00:00:00
1100113,13,4700273,1,3470,1100113,4047,273,2302267,2001-01-01T00:00:00
1100114,13,4700274,1,4050,1100114,4729,274,2302268,2001-01-01T00:00:00
1100115,13,4700275,1,8110,1100115,5466,275,2302269,2001-01-01T00:00:00
1100116,13,4700276,1,8690,1100116,6259,276,2302270,2001-01-01T00:00:00
1100117,13,4700277,1,9550,1100117,7108,277,2302271,2001-01-01T00:00:00
1100118,13,4700278,1,13030,1100118,8015,278,2302272,2001-01-01T00:00:00
1100119,13,4700279,1,15920,1100119,8978,279,2302273,2001-01-01T00:00:00
1100120,13,4700280,1,17370,1100120,10000,280,2302274,2001-01-01T00:00:00
1120101,21,4700294,2,50,0,10,294,2303008,2001-01-01T00:00:00
1120102,21,4700295,2,70,1120102,21,295,2303009,2001-01-01T00:00:00
1120103,21,4700296,2,80,1120103,50,296,2303010,2001-01-01T00:00:00
1120104,21,4700297,2,90,1120104,75,297,2303011,2001-01-01T00:00:00
1120105,21,4700298,2,160,1120105,100,298,2303012,2001-01-01T00:00:00
1120106,21,4700299,2,190,1120106,125,299,2303013,2001-01-01T00:00:00
1120107,21,4700300,2,210,1120107,150,300,2303014,2001-01-01T00:00:00
1120108,21,4700301,2,440,1120108,200,301,2303015,2001-01-01T00:00:00
1120109,21,4700302,2,490,1120109,250,302,2303016,2001-01-01T00:00:00
1120110,21,4700303,2,930,1120110,300,303,2303017,2001-01-01T00:00:00
1120111,21,4701280,2,1060,1120111,350,304,2303018,2001-01-01T00:00:00
1120112,21,4701281,2,1460,1120112,400,305,2303019,2001-01-01T00:00:00
1120113,21,4701282,2,1600,1120113,450,306,2303069,2001-01-01T00:00:00
1120114,21,4701283,2,1860,1120114,500,307,2303070,2001-01-01T00:00:00
1120115,21,4701284,2,3720,1120115,550,308,2303071,2001-01-01T00:00:00
1120116,21,4701285,2,3990,1120116,600,310,2303072,2001-01-01T00:00:00
1120117,21,4701286,2,4390,1120117,650,311,2303073,2001-01-01T00:00:00
1120118,21,4701287,2,5980,1120118,700,312,2303074,2001-01-01T00:00:00
1120119,21,4701288,2,7310,1120119,750,313,2303075,2001-01-01T00:00:00
1120120,21,4701289,2,7980,1120120,800,314,2303076,2001-01-01T00:00:00
1120121,21,4701401,2,8940,1120121,900,315,2303094,2001-01-01T00:00:00
1120122,21,4701402,2,8980,1120122,1000,316,2303095,2001-01-01T00:00:00
1120123,21,4701403,2,9030,1120123,1100,317,2303096,2001-01-01T00:00:00
1120124,21,4701404,2,9090,1120124,1200,318,2303097,2001-01-01T00:00:00
1120125,21,4701409,2,9200,1120125,1300,319,2303097,2001-01-01T00:00:00
1120126,21,4701410,2,9320,1120126,1400,320,2303097,2001-01-01T00:00:00
1120127,21,4701411,2,9460,1120127,1500,321,2303097,2001-01-01T00:00:00
1120128,21,4701412,2,9750,1120128,1600,322,2303097,2001-01-01T00:00:00
1120129,21,4701413,2,10080,1120129,1700,323,2303097,2001-01-01T00:00:00
1120130,21,4701459,2,10700,1120130,1800,324,2303097,2001-01-01T00:00:00
1120131,21,4701460,2,11410,1120131,1900,325,2303097,2001-01-01T00:00:00
1120132,21,4701507,2,12380,1120132,2000,326,2303097,2001-01-01T00:00:00
1120133,21,4701508,2,13440,1120133,2100,327,2303097,2001-01-01T00:00:00
1120134,21,4701555,2,14680,1120134,2200,328,2303097,2001-01-01T00:00:00
1120135,21,4701556,2,17160,1120135,2300,329,2303097,2001-01-01T00:00:00
1120136,21,4701605,2,19810,1120136,2400,330,2303097,2001-01-01T00:00:00
1120137,21,4701606,2,22730,1120137,2500,331,2303097,2001-01-01T00:00:00
1120138,21,4701643,2,26710,1120136,2600,332,2303097,2001-01-01T00:00:00
1120139,21,4701644,2,31580,1120137,2700,333,2303097,2001-01-01T00:00:00
1120140,21,4701696,2,36890,1120140,2800,334,2303097,2001-01-01T00:00:00
1120141,21,4701697,2,42640,1120141,2900,335,2303097,2001-01-01T00:00:00
1120142,21,4701727,2,48830,1120142,3000,336,2303097,2001-01-01T00:00:00
1120143,21,4701728,2,55470,1120143,3100,337,2303097,2001-01-01T00:00:00
1120144,21,4701757,2,62550,1120144,3200,338,2303097,2001-01-01T00:00:00
1120145,21,4701758,2,70070,1120145,3300,339,2303097,2001-01-01T00:00:00
1120146,21,4701794,2,78030,1120146,3400,340,2303097,2001-01-01T00:00:00
1120147,21,4701795,2,86430,1120147,3500,341,2303097,2001-01-01T00:00:00
1120148,21,4701824,2,95280,1120148,3600,342,2303097,2001-01-01T00:00:00
1120149,21,4701825,2,104570,1120149,3700,343,2303097,2001-01-01T00:00:00
1120150,21,4701847,2,114300,1120150,3800,344,2303097,2001-01-01T00:00:00
1120151,21,4701848,2,124470,1120151,3900,345,2303097,2001-01-01T00:00:00
1130101,24,4700345,2,50,0,1,365,2303045,2001-01-01T00:00:00
1130102,24,4700346,2,70,1130102,2,366,2303046,2001-01-01T00:00:00
1130103,24,4700347,2,80,1130103,3,367,2303047,2001-01-01T00:00:00
1130104,24,4700348,2,90,1130104,4,368,2303048,2001-01-01T00:00:00
1150101,25,4700349,2,50,0,1,370,2303049,2001-01-01T00:00:00
1150102,25,4700350,2,70,1150102,2,371,2303050,2001-01-01T00:00:00
1150103,25,4700351,2,80,1150103,4,372,2303051,2001-01-01T00:00:00
1150104,25,4700352,2,90,1150104,8,373,2303052,2001-01-01T00:00:00
1150105,25,4700353,2,160,1150105,12,374,2303053,2001-01-01T00:00:00
1150106,25,4700354,2,190,1150106,18,375,2303054,2001-01-01T00:00:00
1150107,25,4700355,2,210,1150107,24,376,2303055,2001-01-01T00:00:00
1150108,25,4700356,2,440,1150108,32,377,2303056,2001-01-01T00:00:00
1150109,25,4700357,2,490,1150109,40,378,2303057,2001-01-01T00:00:00
1150110,25,4700358,2,930,1150110,50,379,2303058,2001-01-01T00:00:00
1150111,25,4700359,2,1060,1150111,60,380,2303059,2001-01-01T00:00:00
1150112,25,4700360,2,1460,1150112,72,381,2303060,2001-01-01T00:00:00
1150113,25,4700361,2,1600,1150113,84,382,2303061,2001-01-01T00:00:00
1150114,25,4700362,2,1860,1150114,98,383,2303062,2001-01-01T00:00:00
1150115,25,4700363,2,3720,1150115,112,384,2303063,2001-01-01T00:00:00
1150116,25,4700364,2,3990,1150116,128,385,2303064,2001-01-01T00:00:00
1150117,25,4700365,2,4390,1150117,144,386,2303065,2001-01-01T00:00:00
1150118,25,4700366,2,5980,1150118,162,387,2303066,2001-01-01T00:00:00
1150119,25,4700367,2,7310,1150119,180,388,2303067,2001-01-01T00:00:00
1150120,25,4700368,2,7980,1150120,200,389,2303068,2001-01-01T00:00:00
1180101,23,4700340,2,80,0,10,342,2303040,2001-01-01T00:00:00
1180102,23,4700341,2,110,1180102,20,343,2303041,2001-01-01T00:00:00
1180103,23,4700342,2,130,1180103,40,344,2303042,2001-01-01T00:00:00
1180104,23,4700343,2,150,1180104,70,345,2303043,2001-01-01T00:00:00
1180105,23,4700344,2,250,1180105,100,346,2303044,2001-01-01T00:00:00
1270101,1254,4701348,1,80,0,15,1373,2302301,2001-01-01T00:00:00
1270102,1254,4701349,1,110,1270102,30,1374,2302302,2001-01-01T00:00:00
1270103,1254,4701350,1,130,1270103,45,1375,2302303,2001-01-01T00:00:00
1270104,1254,4701351,1,150,1270104,60,1376,2302304,2001-01-01T00:00:00
1270105,1254,4701352,1,250,1270105,75,1377,2302305,2001-01-01T00:00:00
1270106,1254,4701353,1,290,1270106,90,1378,2302306,2001-01-01T00:00:00
1270107,1254,4701354,1,340,1270107,105,1379,2302307,2001-01-01T00:00:00
1270108,1254,4701355,1,690,1270108,120,1380,2302308,2001-01-01T00:00:00
1270109,1254,4701356,1,780,1270109,135,1381,2302309,2001-01-01T00:00:00
1270110,1254,4701357,1,1470,1270110,150,1382,2302310,2001-01-01T00:00:00
2010101,57,4700951,5,80,0,10,975,2306061,2001-01-01T00:00:00
2010102,57,4700952,5,110,2010102,30,976,2306062,2001-01-01T00:00:00
2010103,57,4700953,5,130,2010103,70,977,2306063,2001-01-01T00:00:00
2010104,57,4700954,5,150,2010104,140,978,2306064,2001-01-01T00:00:00
2010105,57,4700955,5,250,2010105,230,979,2306065,2001-01-01T00:00:00
2010106,57,4700956,5,290,2010106,370,980,2306066,2001-01-01T00:00:00
2010107,57,4700957,5,340,2010107,530,981,2306067,2001-01-01T00:00:00
2010108,57,4700958,5,690,2010108,740,982,2306068,2001-01-01T00:00:00
2010109,57,4700959,5,780,2010109,1000,983,2306069,2001-01-01T00:00:00
2010110,57,4700960,5,1470,2010110,1300,984,2306070,2001-01-01T00:00:00
2010111,57,4700961,5,1680,2010111,1640,985,2306071,2001-01-01T00:00:00
2010112,57,4700962,5,2310,2010112,2040,986,2306072,2001-01-01T00:00:00
2010113,57,4700963,5,2520,2010113,2490,987,2306073,2001-01-01T00:00:00
2010114,57,4700964,5,2940,2010114,3000,988,2306074,2001-01-01T00:00:00
2010115,57,4700965,5,5880,2010115,3560,989,2306075,2001-01-01T00:00:00
2010116,57,4700966,5,6300,2010116,4180,990,2306076,2001-01-01T00:00:00
2010117,57,4700967,5,6930,2010117,4860,991,2306077,2001-01-01T00:00:00
2010118,57,4700968,5,9450,2010118,5610,992,2306078,2001-01-01T00:00:00
2010119,57,4700969,5,11550,2010119,6420,993,2306079,2001-01-01T00:00:00
2010120,57,4700970,5,12600,2010120,7300,994,2306080,2001-01-01T00:00:00
2010201,58,4700971,5,80,0,10,995,2306081,2001-01-01T00:00:00
2010202,58,4700972,5,110,2010202,30,996,2306082,2001-01-01T00:00:00
2010203,58,4700973,5,130,2010203,70,997,2306083,2001-01-01T00:00:00
2010204,58,4700974,5,150,2010204,140,998,2306084,2001-01-01T00:00:00
2010205,58,4700975,5,250,2010205,230,999,2306085,2001-01-01T00:00:00
2010206,58,4700976,5,290,2010206,370,1000,2306086,2001-01-01T00:00:00
2010207,58,4700977,5,340,2010207,530,1001,2306087,2001-01-01T00:00:00
2010208,58,4700978,5,690,2010208,740,1002,2306088,2001-01-01T00:00:00
2010209,58,4700979,5,780,2010209,1000,1003,2306089,2001-01-01T00:00:00
2010210,58,4700980,5,1470,2010210,1300,1004,2306090,2001-01-01T00:00:00
2010211,58,4700981,5,1680,2010211,1640,1005,2306091,2001-01-01T00:00:00
2010212,58,4700982,5,2310,2010212,2040,1006,2306092,2001-01-01T00:00:00
2010213,58,4700983,5,2520,2010213,2490,1007,2306093,2001-01-01T00:00:00
2010214,58,4700984,5,2940,2010214,3000,1008,2306094,2001-01-01T00:00:00
2010215,58,4700985,5,5880,2010215,3560,1009,2306095,2001-01-01T00:00:00
2010216,58,4700986,5,6300,2010216,4180,1010,2306096,2001-01-01T00:00:00
2010217,58,4700987,5,6930,2010217,4860,1011,2306097,2001-01-01T00:00:00
2010218,58,4700988,5,9450,2010218,5610,1012,2306098,2001-01-01T00:00:00
2010219,58,4700989,5,11550,2010219,6420,1013,2306099,2001-01-01T00:00:00
2010220,58,4700990,5,12600,2010220,7300,1014,2306100,2001-01-01T00:00:00
2010301,59,4700991,5,80,0,10,1015,2306101,2001-01-01T00:00:00
2010302,59,4700992,5,110,2010302,30,1016,2306102,2001-01-01T00:00:00
2010303,59,4700993,5,130,2010303,70,1017,2306103,2001-01-01T00:00:00
2010304,59,4700994,5,150,2010304,140,1018,2306104,2001-01-01T00:00:00
2010305,59,4700995,5,250,2010305,230,1019,2306105,2001-01-01T00:00:00
2010306,59,4700996,5,290,2010306,370,1020,2306106,2001-01-01T00:00:00
2010307,59,4700997,5,340,2010307,530,1021,2306107,2001-01-01T00:00:00
2010308,59,4700998,5,690,2010308,740,1022,2306108,2001-01-01T00:00:00
2010309,59,4700999,5,780,2010309,1000,1023,2306109,2001-01-01T00:00:00
2010310,59,4701000,5,1470,2010310,1300,1024,2306110,2001-01-01T00:00:00
2010311,59,4701001,5,1680,2010311,1640,1025,2306111,2001-01-01T00:00:00
2010312,59,4701002,5,2310,2010312,2040,1026,2306112,2001-01-01T00:00:00
2010313,59,4701003,5,2520,2010313,2490,1027,2306113,2001-01-01T00:00:00
2010314,59,4701004,5,2940,2010314,3000,1028,2306114,2001-01-01T00:00:00
2010315,59,4701005,5,5880,2010315,3560,1029,2306115,2001-01-01T00:00:00
2010316,59,4701006,5,6300,2010316,4180,1030,2306116,2001-01-01T00:00:00
2010317,59,4701007,5,6930,2010317,4860,1031,2306117,2001-01-01T00:00:00
2010318,59,4701008,5,9450,2010318,5610,1032,2306118,2001-01-01T00:00:00
2010319,59,4701009,5,11550,2010319,6420,1033,2306119,2001-01-01T00:00:00
2010320,59,4701010,5,12600,2010320,7300,1034,2306120,2001-01-01T00:00:00
2010401,60,4701011,5,80,0,10,1035,2306121,2001-01-01T00:00:00
2010402,60,4701012,5,110,2010402,60,1036,2306122,2001-01-01T00:00:00
2010403,60,4701013,5,130,2010403,160,1037,2306123,2001-01-01T00:00:00
2010404,60,4701014,5,150,2010404,280,1038,2306124,2001-01-01T00:00:00
2010405,60,4701015,5,250,2010405,450,1039,2306125,2001-01-01T00:00:00
2010406,60,4701016,5,290,2010406,650,1040,2306126,2001-01-01T00:00:00
2010407,60,4701017,5,340,2010407,890,1041,2306127,2001-01-01T00:00:00
2010408,60,4701018,5,690,2010408,1160,1042,2306128,2001-01-01T00:00:00
2010409,60,4701019,5,780,2010409,1470,1043,2306129,2001-01-01T00:00:00
2010410,60,4701020,5,1470,2010410,1820,1044,2306130,2001-01-01T00:00:00
2010411,60,4701021,5,1680,2010411,2200,1045,2306131,2001-01-01T00:00:00
2010412,60,4701022,5,2310,2010412,2620,1046,2306132,2001-01-01T00:00:00
2010413,60,4701023,5,2520,2010413,3080,1047,2306133,2001-01-01T00:00:00
2010414,60,4701024,5,2940,2010414,3570,1048,2306134,2001-01-01T00:00:00
2010415,60,4701025,5,5880,2010415,4100,1049,2306135,2001-01-01T00:00:00
2010416,60,4701026,5,6300,2010416,4670,1050,2306136,2001-01-01T00:00:00
2010417,60,4701027,5,6930,2010417,5270,1051,2306137,2001-01-01T00:00:00
2010418,60,4701028,5,9450,2010418,5910,1052,2306138,2001-01-01T00:00:00
2010419,60,4701029,5,11550,2010419,6590,1053,2306139,2001-01-01T00:00:00
2010420,60,4701030,5,12600,2010420,7300,1054,2306140,2001-01-01T00:00:00
2010501,61,4701031,5,80,0,10,1055,2306141,2001-01-01T00:00:00
2010502,61,4701032,5,110,2010502,60,1056,2306142,2001-01-01T00:00:00
2010503,61,4701033,5,130,2010503,160,1057,2306143,2001-01-01T00:00:00
2010504,61,4701034,5,150,2010504,280,1058,2306144,2001-01-01T00:00:00
2010505,61,4701035,5,250,2010505,450,1059,2306145,2001-01-01T00:00:00
2010506,61,4701036,5,290,2010506,650,1060,2306146,2001-01-01T00:00:00
2010507,61,4701037,5,340,2010507,890,1061,2306147,2001-01-01T00:00:00
2010508,61,4701038,5,690,2010508,1160,1062,2306148,2001-01-01T00:00:00
2010509,61,4701039,5,780,2010509,1470,1063,2306149,2001-01-01T00:00:00
2010510,61,4701040,5,1470,2010510,1820,1064,2306150,2001-01-01T00:00:00
2010511,61,4701041,5,1680,2010511,2200,1065,2306151,2001-01-01T00:00:00
2010512,61,4701042,5,2310,2010512,2620,1066,2306152,2001-01-01T00:00:00
2010513,61,4701043,5,2520,2010513,3080,1067,2306153,2001-01-01T00:00:00
2010514,61,4701044,5,2940,2010514,3570,1068,2306154,2001-01-01T00:00:00
2010515,61,4701045,5,5880,2010515,4100,1069,2306155,2001-01-01T00:00:00
2010516,61,4701046,5,6300,2010516,4670,1070,2306156,2001-01-01T00:00:00
2010517,61,4701047,5,6930,2010517,5270,1071,2306157,2001-01-01T00:00:00
2010518,61,4701048,5,9450,2010518,5910,1072,2306158,2001-01-01T00:00:00
2010519,61,4701049,5,11550,2010519,6590,1073,2306159,2001-01-01T00:00:00
2010520,61,4701050,5,12600,2010520,7300,1074,2306160,2001-01-01T00:00:00
2010601,62,4701051,5,80,0,10,1075,2306161,2001-01-01T00:00:00
2010602,62,4701052,5,110,2010602,60,1076,2306162,2001-01-01T00:00:00
2010603,62,4701053,5,130,2010603,160,1077,2306163,2001-01-01T00:00:00
2010604,62,4701054,5,150,2010604,280,1078,2306164,2001-01-01T00:00:00
2010605,62,4701055,5,250,2010605,450,1079,2306165,2001-01-01T00:00:00
2010606,62,4701056,5,290,2010606,650,1080,2306166,2001-01-01T00:00:00
2010607,62,4701057,5,340,2010607,890,1081,2306167,2001-01-01T00:00:00
2010608,62,4701058,5,690,2010608,1160,1082,2306168,2001-01-01T00:00:00
2010609,62,4701059,5,780,2010609,1470,1083,2306169,2001-01-01T00:00:00
2010610,62,4701060,5,1470,2010610,1820,1084,2306170,2001-01-01T00:00:00
2010611,62,4701061,5,1680,2010611,2200,1085,2306171,2001-01-01T00:00:00
2010612,62,4701062,5,2310,2010612,2620,1086,2306172,2001-01-01T00:00:00
2010613,62,4701063,5,2520,2010613,3080,1087,2306173,2001-01-01T00:00:00
2010614,62,4701064,5,2940,2010614,3570,1088,2306174,2001-01-01T00:00:00
2010615,62,4701065,5,5880,2010615,4100,1089,2306175,2001-01-01T00:00:00
2010616,62,4701066,5,6300,2010616,4670,1090,2306176,2001-01-01T00:00:00
2010617,62,4701067,5,6930,2010617,5270,1091,2306177,2001-01-01T00:00:00
2010618,62,4701068,5,9450,2010618,5910,1092,2306178,2001-01-01T00:00:00
2010619,62,4701069,5,11550,2010619,6590,1093,2306179,2001-01-01T00:00:00
2010620,62,4701070,5,12600,2010620,7300,1094,2306180,2001-01-01T00:00:00
2010701,63,4701071,5,70,0,10,1095,2306181,2001-01-01T00:00:00
2010702,63,4701072,5,80,2010702,20,1096,2306182,2001-01-01T00:00:00
2010703,63,4701073,5,100,2010703,30,1097,2306183,2001-01-01T00:00:00
2010704,63,4701074,5,120,2010704,60,1098,2306184,2001-01-01T00:00:00
2010705,63,4701075,5,200,2010705,80,1099,2306185,2001-01-01T00:00:00
2010706,63,4701076,5,240,2010706,120,1100,2306186,2001-01-01T00:00:00
2010707,63,4701077,5,270,2010707,160,1101,2306187,2001-01-01T00:00:00
2010708,63,4701078,5,560,2010708,210,1102,2306188,2001-01-01T00:00:00
2010709,63,4701079,5,630,2010709,260,1103,2306189,2001-01-01T00:00:00
2010710,63,4701080,5,1190,2010710,320,1104,2306190,2001-01-01T00:00:00
2010711,63,4701081,5,1360,2010711,380,1105,2306191,2001-01-01T00:00:00
2010712,63,4701082,5,1870,2010712,450,1106,2306192,2001-01-01T00:00:00
2010713,63,4701083,5,2040,2010713,530,1107,2306193,2001-01-01T00:00:00
2010714,63,4701084,5,2370,2010714,620,1108,2306194,2001-01-01T00:00:00
2010715,63,4701085,5,4750,2010715,710,1109,2306195,2001-01-01T00:00:00
2010716,63,4701086,5,5090,2010716,800,1110,2306196,2001-01-01T00:00:00
2010717,63,4701087,5,5600,2010717,910,1111,2306197,2001-01-01T00:00:00
2010718,63,4701088,5,7630,2010718,1010,1112,2306198,2001-01-01T00:00:00
2010719,63,4701089,5,9330,2010719,1130,1113,2306199,2001-01-01T00:00:00
2010720,63,4701090,5,10180,2010720,1250,1114,2306200,2001-01-01T00:00:00
2010801,64,4701091,5,80,0,10,1115,2306201,2001-01-01T00:00:00
2010802,64,4701092,5,110,2010802,20,1116,2306202,2001-01-01T00:00:00
2010803,64,4701093,5,130,2010803,30,1117,2306203,2001-01-01T00:00:00
2010804,64,4701094,5,150,2010804,60,1118,2306204,2001-01-01T00:00:00
2010805,64,4701095,5,250,2010805,80,1119,2306205,2001-01-01T00:00:00
2010806,64,4701096,5,290,2010806,120,1120,2306206,2001-01-01T00:00:00
2010807,64,4701097,5,340,2010807,160,1121,2306207,2001-01-01T00:00:00
2010808,64,4701098,5,690,2010808,210,1122,2306208,2001-01-01T00:00:00
2010809,64,4701099,5,780,2010809,260,1123,2306209,2001-01-01T00:00:00
2010810,64,4701100,5,1470,2010810,320,1124,2306210,2001-01-01T00:00:00
2010811,64,4701101,5,1680,2010811,380,1125,2306211,2001-01-01T00:00:00
2010812,64,4701102,5,2310,2010812,450,1126,2306212,2001-01-01T00:00:00
2010813,64,4701103,5,2520,2010813,530,1127,2306213,2001-01-01T00:00:00
2010814,64,4701104,5,2940,2010814,620,1128,2306214,2001-01-01T00:00:00
2010815,64,4701105,5,5880,2010815,710,1129,2306215,2001-01-01T00:00:00
2010816,64,4701106,5,6300,2010816,800,1130,2306216,2001-01-01T00:00:00
2010817,64,4701107,5,6930,2010817,910,1131,2306217,2001-01-01T00:00:00
2010818,64,4701108,5,9450,2010818,1010,1132,2306218,2001-01-01T00:00:00
2010819,64,4701109,5,11550,2010819,1130,1133,2306219,2001-01-01T00:00:00
2010820,64,4701110,5,12600,2010820,1250,1134,2306220,2001-01-01T00:00:00
2010901,65,4701111,5,80,0,10,1135,2306221,2001-01-01T00:00:00
2010902,65,4701112,5,110,2010902,30,1136,2306222,2001-01-01T00:00:00
2010903,65,4701113,5,130,2010903,60,1137,2306223,2001-01-01T00:00:00
2010904,65,4701114,5,150,2010904,100,1138,2306224,2001-01-01T00:00:00
2010905,65,4701115,5,250,2010905,160,1139,2306225,2001-01-01T00:00:00
2010906,65,4701116,5,290,2010906,230,1140,2306226,2001-01-01T00:00:00
2010907,65,4701117,5,340,2010907,310,1141,2306227,2001-01-01T00:00:00
2010908,65,4701118,5,690,2010908,400,1142,2306228,2001-01-01T00:00:00
2010909,65,4701119,5,780,2010909,510,1143,2306229,2001-01-01T00:00:00
2010910,65,4701120,5,1470,2010910,630,1144,2306230,2001-01-01T00:00:00
2010911,65,4701121,5,1680,2010911,760,1145,2306231,2001-01-01T00:00:00
2010912,65,4701122,5,2310,2010912,900,1146,2306232,2001-01-01T00:00:00
2010913,65,4701123,5,2520,2010913,1060,1147,2306233,2001-01-01T00:00:00
2010914,65,4701124,5,2940,2010914,1230,1148,2306234,2001-01-01T00:00:00
2010915,65,4701125,5,5880,2010915,1410,1149,2306235,2001-01-01T00:00:00
2010916,65,4701126,5,6300,2010916,1600,1150,2306236,2001-01-01T00:00:00
2010917,65,4701127,5,6930,2010917,1810,1151,2306237,2001-01-01T00:00:00
2010918,65,4701128,5,9450,2010918,2030,1152,2306238,2001-01-01T00:00:00
2010919,65,4701129,5,11550,2010919,2260,1153,2306239,2001-01-01T00:00:00
2010920,65,4701130,5,12600,2010920,2500,1154,2306240,2001-01-01T00:00:00
2011001,67,4701191,5,80,0,50,1215,2306261,2001-01-01T00:00:00
2011002,67,4701192,5,110,2011002,200,1216,2306262,2001-01-01T00:00:00
2011003,67,4701193,5,130,2011003,600,1217,2306263,2001-01-01T00:00:00
2011004,67,4701194,5,150,2011004,1300,1218,2306264,2001-01-01T00:00:00
2011005,67,4701195,5,250,2011005,2400,1219,2306265,2001-01-01T00:00:00
2011006,67,4701196,5,290,2011006,3900,1220,2306266,2001-01-01T00:00:00
2011007,67,4701197,5,340,2011007,5900,1221,2306267,2001-01-01T00:00:00
2011008,67,4701198,5,690,2011008,8400,1222,2306268,2001-01-01T00:00:00
2011009,67,4701199,5,780,2011009,11600,1223,2306269,2001-01-01T00:00:00
2011010,67,4701200,5,1470,2011010,15400,1224,2306270,2001-01-01T00:00:00
2011011,67,4701201,5,1680,2011011,19900,1225,2306271,2001-01-01T00:00:00
2011012,67,4701202,5,2310,2011012,25200,1226,2306272,2001-01-01T00:00:00
2011013,67,4701203,5,2520,2011013,31300,1227,2306273,2001-01-01T00:00:00
2011014,67,4701204,5,2940,2011014,38200,1228,2306274,2001-01-01T00:00:00
2011015,67,4701205,5,5880,2011015,46000,1229,2306275,2001-01-01T00:00:00
2011016,67,4701206,5,6300,2011016,54800,1230,2306276,2001-01-01T00:00:00
2011017,67,4701207,5,6930,2011017,64500,1231,2306277,2001-01-01T00:00:00
2011018,67,4701208,5,9450,2011018,75200,1232,2306278,2001-01-01T00:00:00
2011019,67,4701209,5,11550,2011019,87100,1233,2306279,2001-01-01T00:00:00
2011020,67,4701210,5,12600,2011020,100000,1234,2306280,2001-01-01T00:00:00
2020101,33,4700509,3,80,0,50,530,2304141,2001-01-01T00:00:00
2020102,33,4700510,3,110,2020102,493,531,2304142,2001-01-01T00:00:00
2020103,33,4700511,3,130,2020103,1231,532,2304143,2001-01-01T00:00:00
2020104,33,4700512,3,150,2020104,2266,533,2304144,2001-01-01T00:00:00
2020105,33,4700513,3,250,2020105,3595,534,2304145,2001-01-01T00:00:00
2020106,33,4700514,3,290,2020106,5221,535,2304146,2001-01-01T00:00:00
2020107,33,4700515,3,340,2020107,7141,536,2304147,2001-01-01T00:00:00
2020108,33,4700516,3,690,2020108,9357,537,2304148,2001-01-01T00:00:00
2020109,33,4700517,3,780,2020109,11869,538,2304149,2001-01-01T00:00:00
2020110,33,4700518,3,1470,2020110,14676,539,2304150,2001-01-01T00:00:00
2020111,33,4700519,3,1680,2020111,17779,540,2304151,2001-01-01T00:00:00
2020112,33,4700520,3,2310,2020112,21177,541,2304152,2001-01-01T00:00:00
2020113,33,4700521,3,2520,2020113,24871,542,2304153,2001-01-01T00:00:00
2020114,33,4700522,3,2940,2020114,28860,543,2304154,2001-01-01T00:00:00
2020115,33,4700523,3,5880,2020115,33144,544,2304155,2001-01-01T00:00:00
2020116,33,4700524,3,6300,2020116,37724,545,2304156,2001-01-01T00:00:00
2020117,33,4700525,3,6930,2020117,42600,546,2304157,2001-01-01T00:00:00
2020118,33,4700526,3,9450,2020118,47771,547,2304158,2001-01-01T00:00:00
2020119,33,4700527,3,11550,2020119,53237,548,2304159,2001-01-01T00:00:00
2020120,33,4700528,3,12600,2020120,59000,549,2304160,2001-01-01T00:00:00
2020201,68,4701211,5,80,0,5,1235,2306281,2001-01-01T00:00:00
2020202,68,4701212,5,110,2020202,50,1236,2306282,2001-01-01T00:00:00
2020203,68,4701213,5,130,2020203,100,1237,2306283,2001-01-01T00:00:00
2020204,68,4701214,5,150,2020204,160,1238,2306284,2001-01-01T00:00:00
2020205,68,4701215,5,250,2020205,230,1239,2306285,2001-01-01T00:00:00
2020206,68,4701216,5,290,2020206,300,1240,2306286,2001-01-01T00:00:00
2020207,68,4701217,5,340,2020207,370,1241,2306287,2001-01-01T00:00:00
2020208,68,4701218,5,690,2020208,460,1242,2306288,2001-01-01T00:00:00
2020209,68,4701219,5,780,2020209,540,1243,2306289,2001-01-01T00:00:00
2020210,68,4701220,5,1470,2020210,630,1244,2306290,2001-01-01T00:00:00
2020211,68,4701221,5,1680,2020211,720,1245,2306291,2001-01-01T00:00:00
2020212,68,4701222,5,2310,2020212,820,1246,2306292,2001-01-01T00:00:00
2020213,68,4701223,5,2520,2020213,920,1247,2306293,2001-01-01T00:00:00
2020214,68,4701224,5,2940,2020214,1020,1248,2306294,2001-01-01T00:00:00
2020215,68,4701225,5,5880,2020215,1130,1249,2306295,2001-01-01T00:00:00
2020216,68,4701226,5,6300,2020216,1240,1250,2306296,2001-01-01T00:00:00
2020217,68,4701227,5,6930,2020217,1350,1251,2306297,2001-01-01T00:00:00
2020218,68,4701228,5,9450,2020218,1460,1252,2306298,2001-01-01T00:00:00
2020219,68,4701229,5,11550,2020219,1580,1253,2306299,2001-01-01T00:00:00
2020220,68,4701230,5,12600,2020220,1700,1254,2306300,2001-01-01T00:00:00
2020301,69,4701231,5,80,0,100,1255,2306301,2001-01-01T00:00:00
2020302,69,4701232,5,110,2020302,400,1256,2306302,2001-01-01T00:00:00
2020303,69,4701233,5,130,2020303,1320,1257,2306303,2001-01-01T00:00:00
2020304,69,4701234,5,150,2020304,3310,1258,2306304,2001-01-01T00:00:00
2020305,69,4701235,5,250,2020305,6840,1259,2306305,2001-01-01T00:00:00
2020306,69,4701236,5,290,2020306,12430,1260,2306306,2001-01-01T00:00:00
2020307,69,4701237,5,340,2020307,20620,1261,2306307,2001-01-01T00:00:00
2020308,69,4701238,5,690,2020308,32010,1262,2306308,2001-01-01T00:00:00
2020309,69,4701239,5,780,2020309,47180,1263,2306309,2001-01-01T00:00:00
2020310,69,4701240,5,1470,2020310,66770,1264,2306310,2001-01-01T00:00:00
2020311,69,4701241,5,1680,2020311,91420,1265,2306311,2001-01-01T00:00:00
2020312,69,4701242,5,2310,2020312,121800,1266,2306312,2001-01-01T00:00:00
2020313,69,4701243,5,2520,2020313,158610,1267,2306313,2001-01-01T00:00:00
2020314,69,4701244,5,2940,2020314,202530,1268,2306314,2001-01-01T00:00:00
2020315,69,4701245,5,5880,2020315,254290,1269,2306315,2001-01-01T00:00:00
2020316,69,4701246,5,6300,2020316,314640,1270,2306316,2001-01-01T00:00:00
2020317,69,4701247,5,6930,2020317,384310,1271,2306317,2001-01-01T00:00:00
2020318,69,4701248,5,9450,2020318,464070,1272,2306318,2001-01-01T00:00:00
2020319,69,4701249,5,11550,2020319,554700,1273,2306319,2001-01-01T00:00:00
2020320,69,4701250,5,12600,2020320,657000,1274,2306320,2001-01-01T00:00:00
3010101,26,4700369,3,80,0,13,390,2304001,2001-01-01T00:00:00
3010102,26,4700370,3,110,3010102,15,391,2304002,2001-01-01T00:00:00
3010103,26,4700371,3,130,3010103,22,392,2304003,2001-01-01T00:00:00
3010104,26,4700372,3,150,3010104,36,393,2304004,2001-01-01T00:00:00
3010105,26,4700373,3,250,3010105,59,394,2304005,2001-01-01T00:00:00
3010106,26,4700374,3,290,3010106,93,395,2304006,2001-01-01T00:00:00
3010107,26,4700375,3,340,3010107,140,396,2304007,2001-01-01T00:00:00
3010108,26,4700376,3,690,3010108,203,397,2304008,2001-01-01T00:00:00
3010109,26,4700377,3,780,3010109,284,398,2304009,2001-01-01T00:00:00
3010110,26,4700378,3,1470,3010110,386,399,2304010,2001-01-01T00:00:00
3010111,26,4700379,3,1680,3010111,509,400,2304011,2001-01-01T00:00:00
3010112,26,4700380,3,2310,3010112,657,401,2304012,2001-01-01T00:00:00
3010113,26,4700381,3,2520,3010113,833,402,2304013,2001-01-01T00:00:00
3010114,26,4700382,3,2940,3010114,1037,403,2304014,2001-01-01T00:00:00
3010115,26,4700383,3,5880,3010115,1272,404,2304015,2001-01-01T00:00:00
3010116,26,4700384,3,6300,3010116,1542,405,2304016,2001-01-01T00:00:00
3010117,26,4700385,3,6930,3010117,1847,406,2304017,2001-01-01T00:00:00
3010118,26,4700386,3,9450,3010118,2190,407,2304018,2001-01-01T00:00:00
3010119,26,4700387,3,11550,3010119,2573,408,2304019,2001-01-01T00:00:00
3010120,26,4700388,3,12600,3010120,3000,409,2304020,2001-01-01T00:00:00
3010201,27,4700389,3,40,0,5,410,2304021,2001-01-01T00:00:00
3010202,27,4700390,3,40,3010202,11,411,2304022,2001-01-01T00:00:00
3010203,27,4700391,3,50,3010203,21,412,2304023,2001-01-01T00:00:00
3010204,27,4700392,3,60,3010204,36,413,2304024,2001-01-01T00:00:00
3010205,27,4700393,3,110,3010205,55,414,2304025,2001-01-01T00:00:00
3010206,27,4700394,3,120,3010206,78,415,2304026,2001-01-01T00:00:00
3010207,27,4700395,3,140,3010207,106,416,2304027,2001-01-01T00:00:00
3010208,27,4700396,3,290,3010208,137,417,2304028,2001-01-01T00:00:00
3010209,27,4700397,3,330,3010209,173,418,2304029,2001-01-01T00:00:00
3010210,27,4700398,3,620,3010210,213,419,2304030,2001-01-01T00:00:00
3010211,27,4700399,3,710,3010211,257,420,2304031,2001-01-01T00:00:00
3010212,27,4700400,3,970,3010212,306,421,2304032,2001-01-01T00:00:00
3010213,27,4700401,3,1060,3010213,358,422,2304033,2001-01-01T00:00:00
3010214,27,4700402,3,1240,3010214,415,423,2304034,2001-01-01T00:00:00
3010215,27,4700403,3,2480,3010215,476,424,2304035,2001-01-01T00:00:00
3010216,27,4700404,3,2650,3010216,541,425,2304036,2001-01-01T00:00:00
3010217,27,4700405,3,2920,3010217,611,426,2304037,2001-01-01T00:00:00
3010218,27,4700406,3,3980,3010218,685,427,2304038,2001-01-01T00:00:00
3010219,27,4700407,3,4870,3010219,762,428,2304039,2001-01-01T00:00:00
3010220,27,4700408,3,5310,3010220,845,429,2304040,2001-01-01T00:00:00
3010301,28,4700409,3,50,0,3,430,2304041,2001-01-01T00:00:00
3010302,28,4700410,3,70,3010302,5,431,2304042,2001-01-01T00:00:00
3010303,28,4700411,3,80,3010303,10,432,2304043,2001-01-01T00:00:00
3010304,28,4700412,3,90,3010304,17,433,2304044,2001-01-01T00:00:00
3010305,28,4700413,3,160,3010305,26,434,2304045,2001-01-01T00:00:00
3010306,28,4700414,3,190,3010306,36,435,2304046,2001-01-01T00:00:00
3010307,28,4700415,3,210,3010307,49,436,2304047,2001-01-01T00:00:00
3010308,28,4700416,3,440,3010308,64,437,2304048,2001-01-01T00:00:00
3010309,28,4700417,3,490,3010309,80,438,2304049,2001-01-01T00:00:00
3010310,28,4700418,3,930,3010310,99,439,2304050,2001-01-01T00:00:00
3010311,28,4700419,3,1060,3010311,119,440,2304051,2001-01-01T00:00:00
3010312,28,4700420,3,1460,3010312,141,441,2304052,2001-01-01T00:00:00
3010313,28,4700421,3,1600,3010313,165,442,2304053,2001-01-01T00:00:00
3010314,28,4700422,3,1860,3010314,192,443,2304054,2001-01-01T00:00:00
3010315,28,4700423,3,3720,3010315,220,444,2304055,2001-01-01T00:00:00
3010316,28,4700424,3,3990,3010316,250,445,2304056,2001-01-01T00:00:00
3010317,28,4700425,3,4390,3010317,282,446,2304057,2001-01-01T00:00:00
3010318,28,4700426,3,5980,3010318,316,447,2304058,2001-01-01T00:00:00
3010319,28,4700427,3,7310,3010319,352,448,2304059,2001-01-01T00:00:00
3010320,28,4700428,3,7980,3010320,390,449,2304060,2001-01-01T00:00:00
3010401,29,4700429,3,70,0,15,450,2304061,2001-01-01T00:00:00
3010402,29,4700430,3,80,3010402,30,451,2304062,2001-01-01T00:00:00
3010403,29,4700431,3,100,3010403,55,452,2304063,2001-01-01T00:00:00
3010404,29,4700432,3,120,3010404,90,453,2304064,2001-01-01T00:00:00
3010405,29,4700433,3,200,3010405,136,454,2304065,2001-01-01T00:00:00
3010406,29,4700434,3,240,3010406,191,455,2304066,2001-01-01T00:00:00
3010407,29,4700435,3,270,3010407,257,456,2304067,2001-01-01T00:00:00
3010408,29,4700436,3,560,3010408,332,457,2304068,2001-01-01T00:00:00
3010409,29,4700437,3,630,3010409,418,458,2304069,2001-01-01T00:00:00
3010410,29,4700438,3,1190,3010410,514,459,2304070,2001-01-01T00:00:00
3010411,29,4700439,3,1360,3010411,620,460,2304071,2001-01-01T00:00:00
3010412,29,4700440,3,1870,3010412,736,461,2304072,2001-01-01T00:00:00
3010413,29,4700441,3,2040,3010413,862,462,2304073,2001-01-01T00:00:00
3010414,29,4700442,3,2370,3010414,998,463,2304074,2001-01-01T00:00:00
3010415,29,4700443,3,4750,3010415,1145,464,2304075,2001-01-01T00:00:00
3010416,29,4700444,3,5090,3010416,1301,465,2304076,2001-01-01T00:00:00
3010417,29,4700445,3,5600,3010417,1467,466,2304077,2001-01-01T00:00:00
3010418,29,4700446,3,7630,3010418,1644,467,2304078,2001-01-01T00:00:00
3010419,29,4700447,3,9330,3010419,1831,468,2304079,2001-01-01T00:00:00
3010420,29,4700448,3,10180,3010420,2028,469,2304080,2001-01-01T00:00:00
3010501,30,4700449,3,80,0,5,470,2304081,2001-01-01T00:00:00
3010502,30,4700450,3,110,3010502,16,471,2304082,2001-01-01T00:00:00
3010503,30,4700451,3,130,3010503,34,472,2304083,2001-01-01T00:00:00
3010504,30,4700452,3,150,3010504,57,473,2304084,2001-01-01T00:00:00
3010505,30,4700453,3,250,3010505,86,474,2304085,2001-01-01T00:00:00
3010506,30,4700454,3,290,3010506,119,475,2304086,2001-01-01T00:00:00
3010507,30,4700455,3,340,3010507,157,476,2304087,2001-01-01T00:00:00
3010508,30,4700456,3,690,3010508,200,477,2304088,2001-01-01T00:00:00
3010509,30,4700457,3,780,3010509,247,478,2304089,2001-01-01T00:00:00
3010510,30,4700458,3,1470,3010510,298,479,2304090,2001-01-01T00:00:00
3010511,30,4700459,3,1680,3010511,354,480,2304091,2001-01-01T00:00:00
3010512,30,4700460,3,2310,3010512,414,481,2304092,2001-01-01T00:00:00
3010513,30,4700461,3,2520,3010513,479,482,2304093,2001-01-01T00:00:00
3010514,30,4700462,3,2940,3010514,547,483,2304094,2001-01-01T00:00:00
3010515,30,4700463,3,5880,3010515,619,484,2304095,2001-01-01T00:00:00
3010516,30,4700464,3,6300,3010516,696,485,2304096,2001-01-01T00:00:00
3010517,30,4700465,3,6930,3010517,776,486,2304097,2001-01-01T00:00:00
3010518,30,4700466,3,9450,3010518,860,487,2304098,2001-01-01T00:00:00
3010519,30,4700467,3,11550,3010519,948,488,2304099,2001-01-01T00:00:00
3010520,30,4700468,3,12600,3010520,1040,489,2304100,2001-01-01T00:00:00
3010601,31,4700469,3,80,0,6,490,2304101,2001-01-01T00:00:00
3010602,31,4700470,3,110,3010602,12,491,2304102,2001-01-01T00:00:00
3010603,31,4700471,3,130,3010603,23,492,2304103,2001-01-01T00:00:00
3010604,31,4700472,3,150,3010604,38,493,2304104,2001-01-01T00:00:00
3010605,31,4700473,3,250,3010605,58,494,2304105,2001-01-01T00:00:00
3010606,31,4700474,3,290,3010606,82,495,2304106,2001-01-01T00:00:00
3010607,31,4700475,3,340,3010607,111,496,2304107,2001-01-01T00:00:00
3010608,31,4700476,3,690,3010608,144,497,2304108,2001-01-01T00:00:00
3010609,31,4700477,3,780,3010609,181,498,2304109,2001-01-01T00:00:00
3010610,31,4700478,3,1470,3010610,222,499,2304110,2001-01-01T00:00:00
3010611,31,4700479,3,1680,3010611,268,500,2304111,2001-01-01T00:00:00
3010612,31,4700480,3,2310,3010612,319,501,2304112,2001-01-01T00:00:00
3010613,31,4700481,3,2520,3010613,374,502,2304113,2001-01-01T00:00:00
3010614,31,4700482,3,2940,3010614,433,503,2304114,2001-01-01T00:00:00
3010615,31,4700483,3,5880,3010615,496,504,2304115,2001-01-01T00:00:00
3010616,31,4700484,3,6300,3010616,564,505,2304116,2001-01-01T00:00:00
3010617,31,4700485,3,6930,3010617,636,506,2304117,2001-01-01T00:00:00
3010618,31,4700486,3,9450,3010618,713,507,2304118,2001-01-01T00:00:00
3010619,31,4700487,3,11550,3010619,794,508,2304119,2001-01-01T00:00:00
3010620,31,4700488,3,12600,3010620,880,509,2304120,2001-01-01T00:00:00
3010701,32,4700489,3,120,0,1,510,2304121,2001-01-01T00:00:00
3010702,32,4700490,3,140,3010702,3,511,2304122,2001-01-01T00:00:00
3010703,32,4700491,3,170,3010703,7,512,2304123,2001-01-01T00:00:00
3010704,32,4700492,3,200,3010704,12,513,2304124,2001-01-01T00:00:00
3010705,32,4700493,3,350,3010705,19,514,2304125,2001-01-01T00:00:00
3010706,32,4700494,3,410,3010706,28,515,2304126,2001-01-01T00:00:00
3010707,32,4700495,3,460,3010707,38,516,2304127,2001-01-01T00:00:00
3010708,32,4700496,3,960,3010708,49,517,2304128,2001-01-01T00:00:00
3010709,32,4700497,3,1070,3010709,62,518,2304129,2001-01-01T00:00:00
3010710,32,4700498,3,2030,3010710,77,519,2304130,2001-01-01T00:00:00
3010711,32,4700499,3,2320,3010711,93,520,2304131,2001-01-01T00:00:00
3010712,32,4700500,3,3180,3010712,111,521,2304132,2001-01-01T00:00:00
3010713,32,4700501,3,3470,3010713,131,522,2304133,2001-01-01T00:00:00
3010714,32,4700502,3,4050,3010714,152,523,2304134,2001-01-01T00:00:00
3010715,32,4700503,3,8110,3010715,174,524,2304135,2001-01-01T00:00:00
3010716,32,4700504,3,8690,3010716,198,525,2304136,2001-01-01T00:00:00
3010717,32,4700505,3,9550,3010717,224,526,2304137,2001-01-01T00:00:00
3010718,32,4700506,3,13030,3010718,251,527,2304138,2001-01-01T00:00:00
3010719,32,4700507,3,15920,3010719,279,528,2304139,2001-01-01T00:00:00
3010720,32,4700508,3,17370,3010720,310,529,2304140,2001-01-01T00:00:00
3020101,34,4700529,3,70,0,1,550,2304161,2001-01-01T00:00:00
3020102,34,4700530,3,80,3020102,3,551,2304162,2001-01-01T00:00:00
3020103,34,4700531,3,100,3020103,5,552,2304163,2001-01-01T00:00:00
3020104,34,4700532,3,120,3020104,7,553,2304164,2001-01-01T00:00:00
3020105,34,4700533,3,200,3020105,9,554,2304165,2001-01-01T00:00:00
3020106,34,4700534,3,240,3020106,11,555,2304166,2001-01-01T00:00:00
3020107,34,4700535,3,270,3020107,13,556,2304167,2001-01-01T00:00:00
3020108,34,4700536,3,560,3020108,14,557,2304168,2001-01-01T00:00:00
3020109,34,4700537,3,630,3020109,15,558,2304169,2001-01-01T00:00:00
3020110,34,4700538,3,1190,3020110,16,559,2304170,2001-01-01T00:00:00
3020111,34,4700539,3,1360,3020111,17,560,2304171,2001-01-01T00:00:00
3020112,34,4700540,3,1870,3020112,18,561,2304172,2001-01-01T00:00:00
3020113,34,4700541,3,2040,3020113,20,562,2304173,2001-01-01T00:00:00
3020114,34,4700542,3,2370,3020114,21,563,2304174,2001-01-01T00:00:00
3020115,34,4700543,3,4750,3020115,23,564,2304175,2001-01-01T00:00:00
3020116,34,4700544,3,5090,3020116,25,565,2304176,2001-01-01T00:00:00
3020117,34,4700545,3,5600,3020117,27,566,2304177,2001-01-01T00:00:00
3020118,34,4700546,3,7630,3020118,28,567,2304178,2001-01-01T00:00:00
3020119,34,4700547,3,9330,3020119,29,568,2304179,2001-01-01T00:00:00
3020120,34,4700548,3,10180,3020120,30,569,2304180,2001-01-01T00:00:00
3020121,34,4701299,3,11030,3020121,35,571,2304331,2001-01-01T00:00:00
3020122,34,4701300,3,11870,3020122,40,589,2304406,2001-01-01T00:00:00
3020123,34,4701633,3,12630,3020123,45,592,2304505,2001-01-01T00:00:00
3020124,34,4701774,3,13440,3020124,50,602,2304597,2001-01-01T00:00:00
3020201,1300,4701374,3,1870,0,25,573,2304322,2022-11-08T10:35:00
3020301,1301,4701375,3,1870,0,25,574,2304323,2022-11-08T10:35:00
3020401,1302,4701376,3,1190,0,20,575,2304324,2022-11-08T10:35:00
3020501,1303,4701377,3,630,0,15,576,2304325,2022-11-08T10:35:00
3020601,1304,4701378,3,630,0,15,577,2304326,2022-11-08T10:35:00
3020701,1305,4701379,3,1360,0,20,578,2304327,2022-11-08T10:35:00
3020801,1306,4701380,3,1190,0,15,579,2304328,2022-11-08T10:35:00
3030101,35,4700549,3,80,0,10,572,2304181,2001-01-01T00:00:00
3030102,35,4700550,3,110,3030102,36,573,2304182,2001-01-01T00:00:00
3030103,35,4700551,3,130,3030103,91,574,2304183,2001-01-01T00:00:00
3030104,35,4700552,3,150,3030104,183,575,2304184,2001-01-01T00:00:00
3030105,35,4700553,3,250,3030105,316,576,2304185,2001-01-01T00:00:00
3030106,35,4700554,3,290,3030106,497,577,2304186,2001-01-01T00:00:00
3030107,35,4700555,3,340,3030107,728,578,2304187,2001-01-01T00:00:00
3030108,35,4700556,3,690,3030108,1015,579,2304188,2001-01-01T00:00:00
3030109,35,4700557,3,780,3030109,1362,580,2304189,2001-01-01T00:00:00
3030110,35,4700558,3,1470,3030110,1771,581,2304190,2001-01-01T00:00:00
3030111,35,4700559,3,1680,3030111,2246,582,2304191,2001-01-01T00:00:00
3030112,35,4700560,3,2310,3030112,2791,583,2304192,2001-01-01T00:00:00
3030113,35,4700561,3,2520,3030113,3409,584,2304193,2001-01-01T00:00:00
3030114,35,4700562,3,2940,3030114,4102,585,2304194,2001-01-01T00:00:00
3030115,35,4700563,3,5880,3030115,4873,586,2304195,2001-01-01T00:00:00
3030116,35,4700564,3,6300,3030116,5726,587,2304196,2001-01-01T00:00:00
3030117,35,4700565,3,6930,3030117,6662,588,2304197,2001-01-01T00:00:00
3030118,35,4700566,3,9450,3030118,7685,589,2304198,2001-01-01T00:00:00
3030119,35,4700567,3,11550,3030119,8797,590,2304199,2001-01-01T00:00:00
3030120,35,4700568,3,12600,3030120,10000,591,2304200,2001-01-01T00:00:00
3040101,36,4700569,3,120,0,5,592,2304201,2001-01-01T00:00:00
3040102,36,4700570,3,140,3040102,10,593,2304202,2001-01-01T00:00:00
3040103,36,4700571,3,170,3040103,26,594,2304203,2001-01-01T00:00:00
3040104,36,4700572,3,200,3040104,56,595,2304204,2001-01-01T00:00:00
3040105,36,4700573,3,350,3040105,105,596,2304205,2001-01-01T00:00:00
3040106,36,4700574,3,410,3040106,179,597,2304206,2001-01-01T00:00:00
3040107,36,4700575,3,460,3040107,282,598,2304207,2001-01-01T00:00:00
3040108,36,4700576,3,960,3040108,419,599,2304208,2001-01-01T00:00:00
3040109,36,4700577,3,1070,3040109,596,600,2304209,2001-01-01T00:00:00
3040110,36,4700578,3,2030,3040110,816,601,2304210,2001-01-01T00:00:00
3040111,36,4700579,3,2320,3040111,1084,602,2304211,2001-01-01T00:00:00
3040112,36,4700580,3,3180,3040112,1407,603,2304212,2001-01-01T00:00:00
3040113,36,4700581,3,3470,3040113,1820,604,2304213,2001-01-01T00:00:00
3040114,36,4700582,3,4050,3040114,2232,605,2304214,2001-01-01T00:00:00
3040115,36,4700583,3,8110,3040115,2744,606,2304215,2001-01-01T00:00:00
3040116,36,4700584,3,8690,3040116,3330,607,2304216,2001-01-01T00:00:00
3040117,36,4700585,3,9550,3040117,3993,608,2304217,2001-01-01T00:00:00
3040118,36,4700586,3,13030,3040118,4739,609,2304218,2001-01-01T00:00:00
3040119,36,4700587,3,15920,3040119,5573,610,2304219,2001-01-01T00:00:00
3040120,36,4700588,3,17370,3040120,6500,611,2304220,2001-01-01T00:00:00
3050101,37,4700589,3,70,0,5,612,2304221,2001-01-01T00:00:00
3050102,37,4700590,3,80,3050102,7,613,2304222,2001-01-01T00:00:00
3050103,37,4700591,3,100,3050103,15,614,2304223,2001-01-01T00:00:00
3050104,37,4700592,3,120,3050104,29,615,2304224,2001-01-01T00:00:00
3050105,37,4700593,3,200,3050105,52,616,2304225,2001-01-01T00:00:00
3050106,37,4700594,3,240,3050106,88,617,2304226,2001-01-01T00:00:00
3050107,37,4700595,3,270,3050107,137,618,2304227,2001-01-01T00:00:00
3050108,37,4700596,3,560,3050108,202,619,2304228,2001-01-01T00:00:00
3050109,37,4700597,3,630,3050109,286,620,2304229,2001-01-01T00:00:00
3050110,37,4700598,3,1190,3050110,391,621,2304230,2001-01-01T00:00:00
3050111,37,4700599,3,1360,3050111,519,622,2304231,2001-01-01T00:00:00
3050112,37,4700600,3,1870,3050112,673,623,2304232,2001-01-01T00:00:00
3050113,37,4700601,3,2040,3050113,1310,624,2304233,2001-01-01T00:00:00
3050114,37,4700602,3,2370,3050114,1066,625,2304234,2001-01-01T00:00:00
3050115,37,4700603,3,4750,3050115,1310,626,2304235,2001-01-01T00:00:00
3050116,37,4700604,3,5090,3050116,1589,627,2304236,2001-01-01T00:00:00
3050117,37,4700605,3,5600,3050117,1905,628,2304237,2001-01-01T00:00:00
3050118,37,4700606,3,7630,3050118,2261,629,2304238,2001-01-01T00:00:00
3050119,37,4700607,3,9330,3050119,2658,630,2304239,2001-01-01T00:00:00
3050120,37,4700608,3,10180,3050120,3100,631,2304240,2001-01-01T00:00:00
3060101,38,4700609,3,50,0,5,632,2304241,2001-01-01T00:00:00
3060102,38,4700610,3,70,3060102,20,633,2304242,2001-01-01T00:00:00
3060103,38,4700611,3,80,3060103,45,634,2304243,2001-01-01T00:00:00
3060104,38,4700612,3,90,3060104,80,635,2304244,2001-01-01T00:00:00
3060105,38,4700613,3,160,3060105,125,636,2304245,2001-01-01T00:00:00
3060106,38,4700614,3,190,3060106,180,637,2304246,2001-01-01T00:00:00
3060107,38,4700615,3,210,3060107,245,638,2304247,2001-01-01T00:00:00
3060108,38,4700616,3,440,3060108,320,639,2304248,2001-01-01T00:00:00
3060109,38,4700617,3,490,3060109,405,640,2304249,2001-01-01T00:00:00
3060110,38,4700618,3,930,3060110,500,641,2304250,2001-01-01T00:00:00
3060111,38,4700619,3,1060,3060111,605,642,2304251,2001-01-01T00:00:00
3060112,38,4700620,3,1460,3060112,720,643,2304252,2001-01-01T00:00:00
3060113,38,4700621,3,1600,3060113,845,644,2304253,2001-01-01T00:00:00
3060114,38,4700622,3,1860,3060114,980,645,2304254,2001-01-01T00:00:00
3060115,38,4700623,3,3720,3060115,1125,646,2304255,2001-01-01T00:00:00
3060116,38,4700624,3,3990,3060116,1280,647,2304256,2001-01-01T00:00:00
3060117,38,4700625,3,4390,3060117,1445,648,2304257,2001-01-01T00:00:00
3060118,38,4700626,3,5980,3060118,1620,649,2304258,2001-01-01T00:00:00
3060119,38,4700627,3,7310,3060119,1805,650,2304259,2001-01-01T00:00:00
3060120,38,4700628,3,7980,3060120,2000,651,2304260,2001-01-01T00:00:00
3080101,40,4700649,3,70,0,1,672,2304281,2001-01-01T00:00:00
3080102,40,4700650,3,80,3080102,3,673,2304282,2001-01-01T00:00:00
3080103,40,4700651,3,100,3080103,6,674,2304283,2001-01-01T00:00:00
3080104,40,4700652,3,120,3080104,12,675,2304284,2001-01-01T00:00:00
3080105,40,4700653,3,200,3080105,18,676,2304285,2001-01-01T00:00:00
3080106,40,4700654,3,240,3080106,27,677,2304286,2001-01-01T00:00:00
3080107,40,4700655,3,270,3080107,36,678,2304287,2001-01-01T00:00:00
3080108,40,4700656,3,560,3080108,48,679,2304288,2001-01-01T00:00:00
3080109,40,4700657,3,630,3080109,60,680,2304289,2001-01-01T00:00:00
3080110,40,4700658,3,1190,3080110,75,681,2304290,2001-01-01T00:00:00
3080111,40,4700659,3,1360,3080111,90,682,2304291,2001-01-01T00:00:00
3080112,40,4700660,3,1870,3080112,108,683,2304292,2001-01-01T00:00:00
3080113,40,4700661,3,2040,3080113,126,684,2304293,2001-01-01T00:00:00
3080114,40,4700662,3,2370,3080114,147,685,2304294,2001-01-01T00:00:00
3080115,40,4700663,3,4750,3080115,168,686,2304295,2001-01-01T00:00:00
3080116,40,4700664,3,5090,3080116,192,687,2304296,2001-01-01T00:00:00
3080117,40,4700665,3,5600,3080117,216,688,2304297,2001-01-01T00:00:00
3080118,40,4700666,3,7630,3080118,243,689,2304298,2001-01-01T00:00:00
3080119,40,4700667,3,9330,3080119,270,690,2304299,2001-01-01T00:00:00
3080120,40,4700668,3,10180,3080120,300,691,2304300,2001-01-01T00:00:00
3090101,41,4700669,3,80,0,1,692,2304301,2001-01-01T00:00:00
3090102,41,4700670,3,110,3090102,4,693,2304302,2001-01-01T00:00:00
3090103,41,4700671,3,130,3090103,9,694,2304303,2001-01-01T00:00:00
3090104,41,4700672,3,150,3090104,16,695,2304304,2001-01-01T00:00:00
3090105,41,4700673,3,250,3090105,25,696,2304305,2001-01-01T00:00:00
3090106,41,4700674,3,290,3090106,36,697,2304306,2001-01-01T00:00:00
3090107,41,4700675,3,340,3090107,49,698,2304307,2001-01-01T00:00:00
3090108,41,4700676,3,690,3090108,64,699,2304308,2001-01-01T00:00:00
3090109,41,4700677,3,780,3090109,81,700,2304309,2001-01-01T00:00:00
3090110,41,4700678,3,1470,3090110,100,701,2304310,2001-01-01T00:00:00
3090111,41,4700679,3,1680,3090111,121,702,2304311,2001-01-01T00:00:00
3090112,41,4700680,3,2310,3090112,144,703,2304312,2001-01-01T00:00:00
3090113,41,4700681,3,2520,3090113,169,704,2304313,2001-01-01T00:00:00
3090114,41,4700682,3,2940,3090114,196,705,2304314,2001-01-01T00:00:00
3090115,41,4700683,3,5880,3090115,225,706,2304315,2001-01-01T00:00:00
3090116,41,4700684,3,6300,3090116,256,707,2304316,2001-01-01T00:00:00
3090117,41,4700685,3,6930,3090117,289,708,2304317,2001-01-01T00:00:00
3090118,41,4700686,3,9450,3090118,324,709,2304318,2001-01-01T00:00:00
3090119,41,4700687,3,11550,3090119,361,710,2304319,2001-01-01T00:00:00
3090120,41,4700688,3,12600,3090120,400,711,2304320,2001-01-01T00:00:00
3090201,1893,4701391,3,1870,0,5,1390,2304329,2023-06-07T10:35:00
3090301,1894,4701392,3,1870,0,5,1391,2304330,2023-06-07T10:35:00
3100301,2060,4701407,3,1870,0,5,1416,2304332,2023-08-10T10:35:00
3100401,2061,4701408,3,1870,0,5,1417,2304333,2023-08-10T10:35:00
3100501,2257,4701423,3,1870,0,5,1422,2304334,2023-10-30T10:35:00
3100601,2258,4701424,3,1870,0,5,1423,2304335,2023-10-30T10:35:00
3100701,2278,4701425,3,0,0,5,1424,2304336,2023-11-07T10:35:00
3100801,2285,4701426,3,0,0,5,1425,2304337,2023-11-07T10:35:00
3100901,2286,4701427,3,0,0,5,1426,2304338,2023-11-07T10:35:00
3101001,2287,4701428,3,0,0,5,1427,2304339,2023-11-07T10:35:00
3101101,2288,4701429,3,0,0,5,1428,2304340,2023-11-07T10:35:00
3101201,2289,4701430,3,0,0,5,1429,2304341,2023-11-07T10:35:00
3101301,2303,4701431,3,0,0,5,1430,2304342,2023-11-16T10:35:00
3101401,2304,4701432,3,0,0,5,1431,2304343,2023-11-16T10:35:00
3101501,2321,4701433,3,0,0,5,1432,2304344,2023-11-23T10:35:00
3101601,2322,4701434,3,0,0,5,1433,2304345,2023-11-23T10:35:00
3101701,2323,4701435,3,0,0,5,1434,2304346,2023-11-23T10:35:00
3101801,2324,4701436,3,0,0,5,1435,2304347,2023-11-23T10:35:00
3101901,2349,4701437,3,0,0,5,1436,2304348,2023-11-30T10:35:00
3102001,2350,4701438,3,0,0,5,1437,2304349,2023-11-30T10:35:00
3102101,2354,4701439,3,0,0,5,1438,2304350,2023-12-07T10:35:00
3102201,2355,4701440,3,0,0,5,1439,2304351,2023-12-07T10:35:00
3102301,2356,4701441,3,0,0,5,1440,2304352,2023-12-07T10:35:00
3102401,2380,4701443,3,0,0,5,1442,2304353,2023-12-15T10:35:00
3102501,2381,4701444,3,0,0,5,1443,2304354,2023-12-15T10:35:00
3102601,2386,4701445,3,0,0,5,1444,2304355,2023-12-22T10:35:00
3102701,2387,4701446,3,0,0,5,1445,2304356,2023-12-22T10:35:00
3102801,2388,4701447,3,0,0,5,1446,2304357,2023-12-22T10:35:00
3102901,2389,4701448,3,0,0,5,1447,2304358,2023-12-22T10:35:00
3103001,2390,4701449,3,0,0,5,1448,2304359,2023-12-22T10:35:00
3103101,2408,4701450,3,0,0,5,1449,2304360,2023-12-29T10:35:00
3103201,2409,4701451,3,0,0,5,1450,2304361,2023-12-29T10:35:00
3103301,2447,4701452,3,0,0,5,1451,2304362,2024-01-05T10:35:00
3103401,2448,4701453,3,0,0,5,1452,2304363,2024-01-05T10:35:00
3103501,2449,4701454,3,0,0,5,1453,2304364,2024-01-05T10:35:00
3103601,2450,4701455,3,0,0,5,1454,2304365,2024-01-05T10:35:00
3103701,2451,4701456,3,0,0,5,1455,2304366,2024-01-05T10:35:00
3103801,2511,4701467,3,0,0,5,1464,2304367,2024-01-12T10:35:00
3103901,2512,4701468,3,0,0,5,1465,2304368,2024-01-26T10:35:00
3104001,2513,4701469,3,0,0,5,1466,2304369,2024-01-26T10:35:00
3104101,2514,4701470,3,0,0,5,1467,2304370,2024-01-26T10:35:00
3104201,2521,4701471,3,0,0,5,1468,2304371,2024-01-26T10:35:00
3104301,2537,4701472,3,0,0,5,1469,2304372,2024-01-31T10:35:00
3104401,2538,4701473,3,0,0,5,1470,2304373,2024-01-31T10:35:00
3104501,2539,4701474,3,0,0,5,1471,2304374,2024-01-31T10:35:00
3104601,2547,4701475,3,1870,0,5,1472,2304375,2024-01-31T10:35:00
3104701,2548,4701476,3,1870,0,5,1473,2304376,2024-01-31T10:35:00
3104801,2572,4701478,3,0,0,5,1475,2304377,2024-02-08T10:35:00
3104901,2573,4701479,3,0,0,5,1476,2304378,2024-02-08T10:35:00
3105001,2574,4701480,3,0,0,5,1477,2304379,2024-02-08T10:35:00
3105101,2580,4701481,3,0,0,5,1478,2304380,2024-02-16T10:35:00
3105201,2581,4701482,3,0,0,5,1479,2304381,2024-02-16T10:35:00
3105301,2582,4701483,3,0,0,5,1480,2304382,2024-02-16T10:35:00
3105401,2604,4701484,3,0,0,5,1481,2304383,2024-02-22T10:35:00
3105501,2605,4701485,3,0,0,5,1482,2304384,2024-02-22T10:35:00
3105601,2606,4701486,3,0,0,5,1483,2304385,2024-02-22T10:35:00
3105701,2617,4701487,3,0,0,5,1484,2304386,2024-02-29T10:35:00
3105801,2618,4701488,3,0,0,5,1485,2304387,2024-02-29T10:35:00
3105901,2619,4701489,3,0,0,5,1486,2304388,2024-02-29T10:35:00
3106001,2627,4701490,3,0,0,5,1487,2304389,2024-03-08T10:35:00
3106101,2628,4701491,3,0,0,5,1488,2304390,2024-03-08T10:35:00
3106201,2629,4701492,3,0,0,5,1489,2304391,2024-03-08T10:35:00
3106301,2645,4701493,3,0,0,5,1490,2304392,2024-03-16T10:35:00
3106401,2646,4701494,3,0,0,5,1491,2304393,2024-03-16T10:35:00
3106501,2647,4701495,3,0,0,5,1492,2304394,2024-03-16T10:35:00
3106601,2658,4701496,3,0,0,5,1493,2304395,2024-03-22T10:35:00
3106701,2659,4701497,3,0,0,5,1494,2304396,2024-03-22T10:35:00
3106801,2660,4701498,3,0,0,5,1495,2304397,2024-03-22T10:35:00
3106901,2661,4701499,3,0,0,5,1496,2304398,2024-03-22T10:35:00
3107001,2680,4701500,3,0,0,5,1497,2304399,2024-03-30T10:35:00
3107101,2681,4701501,3,0,0,5,1498,2304400,2024-03-30T10:35:00
3107201,2682,4701502,3,0,0,5,1499,2304401,2024-03-30T10:35:00
3107301,2689,4701503,3,0,0,5,1500,2304402,2024-04-05T10:35:00
3107401,2690,4701504,3,0,0,5,1501,2304403,2024-04-05T10:35:00
3107501,2691,4701505,3,0,0,5,1502,2304404,2024-04-05T10:35:00
3107601,2692,4701506,3,0,0,5,1503,2304405,2024-04-05T10:35:00
3107701,2723,4701511,3,0,0,5,1506,2304407,2024-04-12T10:35:00
3107801,2724,4701512,3,0,0,5,1507,2304408,2024-04-12T10:35:00
3107901,2725,4701513,3,0,0,5,1508,2304409,2024-04-12T10:35:00
3108001,2733,4701520,3,0,0,5,1516,2304410,2024-04-19T10:35:00
3108101,2734,4701521,3,0,0,5,1517,2304411,2024-04-19T10:35:00
3108201,2735,4701522,3,0,0,5,1518,2304412,2024-04-19T10:35:00
3108301,2770,4701523,3,0,0,5,1519,2304413,2024-04-25T10:35:00
3108401,2771,4701524,3,0,0,5,1520,2304414,2024-04-25T10:35:00
3108501,2772,4701525,3,0,0,5,1521,2304415,2024-04-25T10:35:00
3108601,2773,4701526,3,0,0,5,1522,2304416,2024-04-30T10:35:00
3108701,2774,4701527,3,0,0,5,1523,2304417,2024-04-30T10:35:00
3108801,2775,4701528,3,0,0,5,1524,2304418,2024-05-08T10:35:00
3108901,2776,4701529,3,0,0,5,1525,2304419,2024-05-08T10:35:00
3109001,2787,4701530,3,1870,0,5,1526,2304420,2024-04-30T10:35:00
3109101,2788,4701531,3,1870,0,5,1527,2304421,2024-04-30T10:35:00
3109201,2810,4701532,3,0,0,5,1528,2304422,2024-05-16T10:35:00
3109301,2811,4701533,3,0,0,5,1529,2304423,2024-05-16T10:35:00
3109401,2812,4701534,3,0,0,5,1530,2304424,2024-05-16T10:35:00
3109501,2824,4701535,3,0,0,5,1531,2304425,2024-05-23T10:35:00
3109601,2825,4701536,3,0,0,5,1532,2304426,2024-05-23T10:35:00
3109701,2838,4701537,3,0,0,5,1533,2304427,2024-05-31T10:35:00
3109801,2839,4701538,3,0,0,5,1534,2304428,2024-05-31T10:35:00
3109901,2840,4701539,3,0,0,5,1535,2304429,2024-05-31T10:35:00
3110101,42,4700689,3,1190,0,8,712,2304321,2001-01-01T00:00:00
3130101,39,4700629,3,50,0,5,652,2304261,2001-01-01T00:00:00
3130102,39,4700630,3,70,3130102,10,653,2304262,2001-01-01T00:00:00
3130103,39,4700631,3,80,3130103,20,654,2304263,2001-01-01T00:00:00
3130104,39,4700632,3,90,3130104,34,655,2304264,2001-01-01T00:00:00
3130105,39,4700633,3,160,3130105,52,656,2304265,2001-01-01T00:00:00
3130106,39,4700634,3,190,3130106,74,657,2304266,2001-01-01T00:00:00
3130107,39,4700635,3,210,3130107,100,658,2304267,2001-01-01T00:00:00
3130108,39,4700636,3,440,3130108,130,659,2304268,2001-01-01T00:00:00
3130109,39,4700637,3,490,3130109,164,660,2304269,2001-01-01T00:00:00
3130110,39,4700638,3,930,3130110,202,661,2304270,2001-01-01T00:00:00
3130111,39,4700639,3,1060,3130111,244,662,2304271,2001-01-01T00:00:00
3130112,39,4700640,3,1460,3130112,289,663,2304272,2001-01-01T00:00:00
3130113,39,4700641,3,1600,3130113,339,664,2304273,2001-01-01T00:00:00
3130114,39,4700642,3,1860,3130114,393,665,2304274,2001-01-01T00:00:00
3130115,39,4700643,3,3720,3130115,451,666,2304275,2001-01-01T00:00:00
3130116,39,4700644,3,3990,3130116,513,667,2304276,2001-01-01T00:00:00
3130117,39,4700645,3,4390,3130117,578,668,2304277,2001-01-01T00:00:00
3130118,39,4700646,3,5980,3130118,648,669,2304278,2001-01-01T00:00:00
3130119,39,4700647,3,7310,3130119,722,670,2304279,2001-01-01T00:00:00
3130120,39,4700648,3,7980,3130120,800,671,2304280,2001-01-01T00:00:00
4010101,878,4701151,5,80,0,20,1175,2306321,2001-01-01T00:00:00
4010102,878,4701152,5,110,4010102,70,1176,2306322,2001-01-01T00:00:00
4010103,878,4701153,5,130,4010103,180,1177,2306323,2001-01-01T00:00:00
4010104,878,4701154,5,150,4010104,370,1178,2306324,2001-01-01T00:00:00
4010105,878,4701155,5,250,4010105,630,1179,2306325,2001-01-01T00:00:00
4010106,878,4701156,5,290,4010106,990,1180,2306326,2001-01-01T00:00:00
4010107,878,4701157,5,340,4010107,1460,1181,2306327,2001-01-01T00:00:00
4010108,878,4701158,5,690,4010108,2030,1182,2306328,2001-01-01T00:00:00
4010109,878,4701159,5,780,4010109,2720,1183,2306329,2001-01-01T00:00:00
4010110,878,4701160,5,1470,4010110,3540,1184,2306330,2001-01-01T00:00:00
4010111,878,4701161,5,1680,4010111,4490,1185,2306331,2001-01-01T00:00:00
4010112,878,4701162,5,2310,4010112,5580,1186,2306332,2001-01-01T00:00:00
4010113,878,4701163,5,2520,4010113,6820,1187,2306333,2001-01-01T00:00:00
4010114,878,4701164,5,2940,4010114,8200,1188,2306334,2001-01-01T00:00:00
4010115,878,4701165,5,5880,4010115,9750,1189,2306335,2001-01-01T00:00:00
4010116,878,4701166,5,6300,4010116,11450,1190,2306336,2001-01-01T00:00:00
4010117,878,4701167,5,6930,4010117,13330,1191,2306337,2001-01-01T00:00:00
4010118,878,4701168,5,9450,4010118,15370,1192,2306338,2001-01-01T00:00:00
4010119,878,4701169,5,11550,4010119,17590,1193,2306339,2001-01-01T00:00:00
4010120,878,4701170,5,12600,4010120,20000,1194,2306340,2001-01-01T00:00:00
4020101,877,4700314,2,120,0,3,314,2303079,2001-01-01T00:00:00
4020102,877,4700315,2,140,4020102,10,315,2303080,2001-01-01T00:00:00
4020103,877,4700316,2,170,4020103,50,316,2303081,2001-01-01T00:00:00
4020104,877,4700317,2,200,4020104,120,317,2303082,2001-01-01T00:00:00
4020105,877,4700318,2,350,4020105,270,318,2303083,2001-01-01T00:00:00
4020106,877,4700319,2,410,4020106,500,319,2303084,2001-01-01T00:00:00
5010101,54,4700891,5,80,0,10000,915,2306001,2001-01-01T00:00:00
5010102,54,4700892,5,110,5010102,60000,916,2306002,2001-01-01T00:00:00
5010103,54,4700893,5,130,5010103,240000,917,2306003,2001-01-01T00:00:00
5010104,54,4700894,5,150,5010104,650000,918,2306004,2001-01-01T00:00:00
5010105,54,4700895,5,250,5010105,1410000,919,2306005,2001-01-01T00:00:00
5010106,54,4700896,5,290,5010106,2670000,920,2306006,2001-01-01T00:00:00
5010107,54,4700897,5,340,5010107,4570000,921,2306007,2001-01-01T00:00:00
5010108,54,4700898,5,690,5010108,7290000,922,2306008,2001-01-01T00:00:00
5010109,54,4700899,5,780,5010109,11010000,923,2306009,2001-01-01T00:00:00
5010110,54,4700900,5,1470,5010110,15910000,924,2306010,2001-01-01T00:00:00
5010111,54,4700901,5,1680,5010111,22210000,925,2306011,2001-01-01T00:00:00
5010112,54,4700902,5,2310,5010112,30120000,926,2306012,2001-01-01T00:00:00
5010113,54,4700903,5,2520,5010113,39860000,927,2306013,2001-01-01T00:00:00
5010114,54,4700904,5,2940,5010114,51660000,928,2306014,2001-01-01T00:00:00
5010115,54,4700905,5,5880,5010115,65770000,929,2306015,2001-01-01T00:00:00
5010116,54,4700906,5,6300,5010116,82430000,930,2306016,2001-01-01T00:00:00
5010117,54,4700907,5,6930,5010117,101920000,931,2306017,2001-01-01T00:00:00
5010118,54,4700908,5,9450,5010118,124490000,932,2306018,2001-01-01T00:00:00
5010119,54,4700909,5,11550,5010119,150420000,933,2306019,2001-01-01T00:00:00
5010120,54,4700910,5,12600,5010120,180000000,934,2306020,2001-01-01T00:00:00
5020101,55,4700911,5,80,0,20000,935,2306021,2001-01-01T00:00:00
5020102,55,4700912,5,110,5020102,80000,936,2306022,2001-01-01T00:00:00
5020103,55,4700913,5,130,5020103,280000,937,2306023,2001-01-01T00:00:00
5020104,55,4700914,5,150,5020104,730000,938,2306024,2001-01-01T00:00:00
5020105,55,4700915,5,250,5020105,1580000,939,2306025,2001-01-01T00:00:00
5020106,55,4700916,5,290,5020106,2970000,940,2306026,2001-01-01T00:00:00
5020107,55,4700917,5,340,5020107,5090000,941,2306027,2001-01-01T00:00:00
5020108,55,4700918,5,690,5020108,8110000,942,2306028,2001-01-01T00:00:00
5020109,55,4700919,5,780,5020109,12240000,943,2306029,2001-01-01T00:00:00
5020110,55,4700920,5,1470,5020110,17690000,944,2306030,2001-01-01T00:00:00
5020111,55,4700921,5,1680,5020111,24690000,945,2306031,2001-01-01T00:00:00
5020112,55,4700922,5,2310,5020112,33470000,946,2306032,2001-01-01T00:00:00
5020113,55,4700923,5,2520,5020113,44290000,947,2306033,2001-01-01T00:00:00
5020114,55,4700924,5,2940,5020114,57410000,948,2306034,2001-01-01T00:00:00
5020115,55,4700925,5,5880,5020115,73080000,949,2306035,2001-01-01T00:00:00
5020116,55,4700926,5,6300,5020116,91600000,950,2306036,2001-01-01T00:00:00
5020117,55,4700927,5,6930,5020117,113250000,951,2306037,2001-01-01T00:00:00
5020118,55,4700928,5,9450,5020118,138320000,952,2306038,2001-01-01T00:00:00
5020119,55,4700929,5,11550,5020119,167140000,953,2306039,2001-01-01T00:00:00
5020120,55,4700930,5,12600,5020120,200000000,954,2306040,2001-01-01T00:00:00
5030101,66,4701131,5,80,0,1000,1155,2306241,2001-01-01T00:00:00
5030102,66,4701132,5,110,5030102,2300,1156,2306242,2001-01-01T00:00:00
5030103,66,4701133,5,130,5030103,5100,1157,2306243,2001-01-01T00:00:00
5030104,66,4701134,5,150,5030104,9700,1158,2306244,2001-01-01T00:00:00
5030105,66,4701135,5,250,5030105,16300,1159,2306245,2001-01-01T00:00:00
5030106,66,4701136,5,290,5030106,25300,1160,2306246,2001-01-01T00:00:00
5030107,66,4701137,5,340,5030107,36900,1161,2306247,2001-01-01T00:00:00
5030108,66,4701138,5,690,5030108,51200,1162,2306248,2001-01-01T00:00:00
5030109,66,4701139,5,780,5030109,68500,1163,2306249,2001-01-01T00:00:00
5030110,66,4701140,5,1470,5030110,89000,1164,2306250,2001-01-01T00:00:00
5030111,66,4701141,5,1680,5030111,112700,1165,2306251,2001-01-01T00:00:00
5030112,66,4701142,5,2310,5030112,139900,1166,2306252,2001-01-01T00:00:00
5030113,66,4701143,5,2520,5030113,170800,1167,2306253,2001-01-01T00:00:00
5030114,66,4701144,5,2940,5030114,205400,1168,2306254,2001-01-01T00:00:00
5030115,66,4701145,5,5880,5030115,243900,1169,2306255,2001-01-01T00:00:00
5030116,66,4701146,5,6300,5030116,286500,1170,2306256,2001-01-01T00:00:00
5030117,66,4701147,5,6930,5030117,333300,1171,2306257,2001-01-01T00:00:00
5030118,66,4701148,5,9450,5030118,384400,1172,2306258,2001-01-01T00:00:00
5030119,66,4701149,5,11550,5030119,439900,1173,2306259,2001-01-01T00:00:00
5030120,66,4701150,5,12600,5030120,500000,1174,2306260,2001-01-01T00:00:00
5050101,43,4700690,4,70,0,60,713,2305001,2001-01-01T00:00:00
5050102,43,4700691,4,80,5050102,184,714,2305002,2001-01-01T00:00:00
5050103,43,4700692,4,100,5050103,523,715,2305003,2001-01-01T00:00:00
5050104,43,4700693,4,120,5050104,1184,716,2305004,2001-01-01T00:00:00
5050105,43,4700694,4,200,5050105,2272,717,2305005,2001-01-01T00:00:00
5050106,43,4700695,4,240,5050106,3896,718,2305006,2001-01-01T00:00:00
5050107,43,4700696,4,270,5050107,6163,719,2305007,2001-01-01T00:00:00
5050108,43,4700697,4,560,5050108,9178,720,2305008,2001-01-01T00:00:00
5050109,43,4700698,4,630,5050109,13051,721,2305009,2001-01-01T00:00:00
5050110,43,4700699,4,1190,5050110,17887,722,2305010,2001-01-01T00:00:00
5050111,43,4700700,4,1360,5050111,23794,723,2305011,2001-01-01T00:00:00
5050112,43,4700701,4,1870,5050112,30878,724,2305012,2001-01-01T00:00:00
5050113,43,4700702,4,2040,5050113,39248,725,2305013,2001-01-01T00:00:00
5050114,43,4700703,4,2370,5050114,49009,726,2305014,2001-01-01T00:00:00
5050115,43,4700704,4,4750,5050115,60270,727,2305015,2001-01-01T00:00:00
5050116,43,4700705,4,5090,5050116,73136,728,2305016,2001-01-01T00:00:00
5050117,43,4700706,4,5600,5050117,87716,729,2305017,2001-01-01T00:00:00
5050118,43,4700707,4,7630,5050118,104116,730,2305018,2001-01-01T00:00:00
5050119,43,4700708,4,9330,5050119,122443,731,2305019,2001-01-01T00:00:00
5050120,43,4700709,4,10180,5050120,142805,732,2305020,2001-01-01T00:00:00
5060101,44,4700710,4,80,0,40,733,2305021,2001-01-01T00:00:00
5060102,44,4700711,4,110,5060102,81,734,2305022,2001-01-01T00:00:00
5060103,44,4700712,4,130,5060103,195,735,2305023,2001-01-01T00:00:00
5060104,44,4700713,4,150,5060104,417,736,2305024,2001-01-01T00:00:00
5060105,44,4700714,4,250,5060105,783,737,2305025,2001-01-01T00:00:00
5060106,44,4700715,4,290,5060106,1328,738,2305026,2001-01-01T00:00:00
5060107,44,4700716,4,340,5060107,2090,739,2305027,2001-01-01T00:00:00
5060108,44,4700717,4,690,5060108,3103,740,2305028,2001-01-01T00:00:00
5060109,44,4700718,4,780,5060109,4404,741,2305029,2001-01-01T00:00:00
5060110,44,4700719,4,1470,5060110,6029,742,2305030,2001-01-01T00:00:00
5060111,44,4700720,4,1680,5060111,8013,743,2305031,2001-01-01T00:00:00
5060112,44,4700721,4,2310,5060112,10393,744,2305032,2001-01-01T00:00:00
5060113,44,4700722,4,2520,5060113,13205,745,2305033,2001-01-01T00:00:00
5060114,44,4700723,4,2940,5060114,16484,746,2305034,2001-01-01T00:00:00
5060115,44,4700724,4,5880,5060115,20267,747,2305035,2001-01-01T00:00:00
5060116,44,4700725,4,6300,5060116,24590,748,2305036,2001-01-01T00:00:00
5060117,44,4700726,4,6930,5060117,29488,749,2305037,2001-01-01T00:00:00
5060118,44,4700727,4,9450,5060118,34998,750,2305038,2001-01-01T00:00:00
5060119,44,4700728,4,11550,5060119,41155,751,2305039,2001-01-01T00:00:00
5060120,44,4700729,4,12600,5060120,47996,752,2305040,2001-01-01T00:00:00
5070101,45,4700730,4,80,0,20,753,2305041,2001-01-01T00:00:00
5070102,45,4700731,4,110,5070102,40,754,2305042,2001-01-01T00:00:00
5070103,45,4700732,4,130,5070103,98,755,2305043,2001-01-01T00:00:00
5070104,45,4700733,4,150,5070104,218,756,2305044,2001-01-01T00:00:00
5070105,45,4700734,4,250,5070105,422,757,2305045,2001-01-01T00:00:00
5070106,45,4700735,4,290,5070106,736,758,2305046,2001-01-01T00:00:00
5070107,45,4700736,4,340,5070107,1186,759,2305047,2001-01-01T00:00:00
5070108,45,4700737,4,690,5070108,1798,760,2305048,2001-01-01T00:00:00
5070109,45,4700738,4,780,5070109,2598,761,2305049,2001-01-01T00:00:00
5070110,45,4700739,4,1470,5070110,3613,762,2305050,2001-01-01T00:00:00
5070111,45,4700740,4,1680,5070111,4873,763,2305051,2001-01-01T00:00:00
5070112,45,4700741,4,2310,5070112,6404,764,2305052,2001-01-01T00:00:00
5070113,45,4700742,4,2520,5070113,8235,765,2305053,2001-01-01T00:00:00
5070114,45,4700743,4,2940,5070114,10396,766,2305054,2001-01-01T00:00:00
5070115,45,4700744,4,5880,5070115,12916,767,2305055,2001-01-01T00:00:00
5070116,45,4700745,4,6300,5070116,15824,768,2305056,2001-01-01T00:00:00
5070117,45,4700746,4,6930,5070117,19150,769,2305057,2001-01-01T00:00:00
5070118,45,4700747,4,9450,5070118,22924,770,2305058,2001-01-01T00:00:00
5070119,45,4700748,4,11550,5070119,27178,771,2305059,2001-01-01T00:00:00
5070120,45,4700749,4,12600,5070120,31941,772,2305060,2001-01-01T00:00:00
8010101,53,4700890,4,40,0,1,914,2305201,2001-01-01T00:00:00
8020101,50,4700830,4,80,0,1,853,2305141,2001-01-01T00:00:00
8020102,50,4700831,4,110,8020102,2,854,2305142,2001-01-01T00:00:00
8020103,50,4700832,4,130,8020103,5,855,2305143,2001-01-01T00:00:00
8020104,50,4700833,4,150,8020104,12,856,2305144,2001-01-01T00:00:00
8020105,50,4700834,4,250,8020105,23,857,2305145,2001-01-01T00:00:00
8020106,50,4700835,4,290,8020106,40,858,2305146,2001-01-01T00:00:00
8020107,50,4700836,4,340,8020107,63,859,2305147,2001-01-01T00:00:00
8020108,50,4700837,4,690,8020108,94,860,2305148,2001-01-01T00:00:00
8020109,50,4700838,4,780,8020109,133,861,2305149,2001-01-01T00:00:00
8020110,50,4700839,4,1470,8020110,183,862,2305150,2001-01-01T00:00:00
8020111,50,4700840,4,1680,8020111,243,863,2305151,2001-01-01T00:00:00
8020112,50,4700841,4,2310,8020112,316,864,2305152,2001-01-01T00:00:00
8020113,50,4700842,4,2520,8020113,401,865,2305153,2001-01-01T00:00:00
8020114,50,4700843,4,2940,8020114,501,866,2305154,2001-01-01T00:00:00
8020115,50,4700844,4,5880,8020115,616,867,2305155,2001-01-01T00:00:00
8020116,50,4700845,4,6300,8020116,747,868,2305156,2001-01-01T00:00:00
8020117,50,4700846,4,6930,8020117,896,869,2305157,2001-01-01T00:00:00
8020118,50,4700847,4,9450,8020118,1064,870,2305158,2001-01-01T00:00:00
8020119,50,4700848,4,11550,8020119,1251,871,2305159,2001-01-01T00:00:00
8020120,50,4700849,4,12600,8020120,1460,872,2305160,2001-01-01T00:00:00
8030101,52,4700870,4,40,0,20,893,2305181,2001-01-01T00:00:00
8030102,52,4700871,4,40,8030102,107,894,2305182,2001-01-01T00:00:00
8030103,52,4700872,4,50,8030103,344,895,2305183,2001-01-01T00:00:00
8030104,52,4700873,4,60,8030104,807,896,2305184,2001-01-01T00:00:00
8030105,52,4700874,4,110,8030105,1569,897,2305185,2001-01-01T00:00:00
8030106,52,4700875,4,120,8030106,2707,898,2305186,2001-01-01T00:00:00
8030107,52,4700876,4,140,8030107,4294,899,2305187,2001-01-01T00:00:00
8030108,52,4700877,4,290,8030108,6407,900,2305188,2001-01-01T00:00:00
8030109,52,4700878,4,330,8030109,9119,901,2305189,2001-01-01T00:00:00
8030110,52,4700879,4,620,8030110,12506,902,2305190,2001-01-01T00:00:00
8030111,52,4700880,4,710,8030111,16643,903,2305191,2001-01-01T00:00:00
8030112,52,4700881,4,970,8030112,21605,904,2305192,2001-01-01T00:00:00
8030113,52,4700882,4,1060,8030113,27467,905,2305193,2001-01-01T00:00:00
8030114,52,4700883,4,1240,8030114,34304,906,2305194,2001-01-01T00:00:00
8030115,52,4700884,4,2480,8030115,42191,907,2305195,2001-01-01T00:00:00
8030116,52,4700885,4,2650,8030116,51203,908,2305196,2001-01-01T00:00:00
8030117,52,4700886,4,2920,8030117,61415,909,2305197,2001-01-01T00:00:00
8030118,52,4700887,4,3980,8030118,72902,910,2305198,2001-01-01T00:00:00
8030119,52,4700888,4,4870,8030119,85738,911,2305199,2001-01-01T00:00:00
8030120,52,4700889,4,5310,8030120,100000,912,2305200,2001-01-01T00:00:00
8040101,46,4700750,4,80,0,10,773,2305061,2001-01-01T00:00:00
8040102,46,4700751,4,110,8040102,41,774,2305062,2001-01-01T00:00:00
8040103,46,4700752,4,130,8040103,128,775,2305063,2001-01-01T00:00:00
8040104,46,4700753,4,150,8040104,297,776,2305064,2001-01-01T00:00:00
8040105,46,4700754,4,250,8040105,575,777,2305065,2001-01-01T00:00:00
8040106,46,4700755,4,290,8040106,990,778,2305066,2001-01-01T00:00:00
8040107,46,4700756,4,340,8040107,1570,779,2305067,2001-01-01T00:00:00
8040108,46,4700757,4,690,8040108,2341,780,2305068,2001-01-01T00:00:00
8040109,46,4700758,4,780,8040109,3331,781,2305069,2001-01-01T00:00:00
8040110,46,4700759,4,1470,8040110,4567,782,2305070,2001-01-01T00:00:00
8040111,46,4700760,4,1680,8040111,6077,783,2305071,2001-01-01T00:00:00
8040112,46,4700761,4,2310,8040112,7888,784,2305072,2001-01-01T00:00:00
8040113,46,4700762,4,2520,8040113,10027,785,2305073,2001-01-01T00:00:00
8040114,46,4700763,4,2940,8040114,12523,786,2305074,2001-01-01T00:00:00
8040115,46,4700764,4,5880,8040115,15401,787,2305075,2001-01-01T00:00:00
8040116,46,4700765,4,6300,8040116,18690,788,2305076,2001-01-01T00:00:00
8040117,46,4700766,4,6930,8040117,22417,789,2305077,2001-01-01T00:00:00
8040118,46,4700767,4,9450,8040118,26609,790,2305078,2001-01-01T00:00:00
8040119,46,4700768,4,11550,8040119,31294,791,2305079,2001-01-01T00:00:00
8040120,46,4700769,4,12600,8040120,36500,792,2305080,2001-01-01T00:00:00
8050101,47,4700770,4,80,0,30,793,2305081,2001-01-01T00:00:00
8050102,47,4700771,4,110,8050102,145,794,2305082,2001-01-01T00:00:00
8050103,47,4700772,4,130,8050103,457,795,2305083,2001-01-01T00:00:00
8050104,47,4700773,4,150,8050104,1066,796,2305084,2001-01-01T00:00:00
8050105,47,4700774,4,250,8050105,2070,797,2305085,2001-01-01T00:00:00
8050106,47,4700775,4,290,8050106,3567,798,2305086,2001-01-01T00:00:00
8050107,47,4700776,4,340,8050107,5657,799,2305087,2001-01-01T00:00:00
8050108,47,4700777,4,690,8050108,8438,800,2305088,2001-01-01T00:00:00
8050109,47,4700778,4,780,8050109,12009,801,2305089,2001-01-01T00:00:00
8050110,47,4700779,4,1470,8050110,16469,802,2305090,2001-01-01T00:00:00
8050111,47,4700780,4,1680,8050111,21916,803,2305091,2001-01-01T00:00:00
8050112,47,4700781,4,2310,8050112,28449,804,2305092,2001-01-01T00:00:00
8050113,47,4700782,4,2520,8050113,36166,805,2305093,2001-01-01T00:00:00
8050114,47,4700783,4,2940,8050114,45168,806,2305094,2001-01-01T00:00:00
8050115,47,4700784,4,5880,8050115,55551,807,2305095,2001-01-01T00:00:00
8050116,47,4700785,4,6300,8050116,67416,808,2305096,2001-01-01T00:00:00
8050117,47,4700786,4,6930,8050117,80860,809,2305097,2001-01-01T00:00:00
8050118,47,4700787,4,9450,8050118,95983,810,2305098,2001-01-01T00:00:00
8050119,47,4700788,4,11550,8050119,112883,811,2305099,2001-01-01T00:00:00
8050120,47,4700789,4,12600,8050120,131660,812,2305100,2001-01-01T00:00:00
8060101,48,4700790,4,80,0,5000,813,2305101,2001-01-01T00:00:00
8060102,48,4700791,4,110,8060102,29663,814,2305102,2001-01-01T00:00:00
8060103,48,4700792,4,130,8060103,110559,815,2305103,2001-01-01T00:00:00
8060104,48,4700793,4,150,8060104,290013,816,2305104,2001-01-01T00:00:00
8060105,48,4700794,4,250,8060105,616569,817,2305105,2001-01-01T00:00:00
8060106,48,4700795,4,290,8060106,1143958,818,2305106,2001-01-01T00:00:00
8060107,48,4700796,4,340,8060107,1930432,819,2305107,2001-01-01T00:00:00
8060108,48,4700797,4,690,8060108,3038286,820,2305108,2001-01-01T00:00:00
8060109,48,4700798,4,780,8060109,4533494,821,2305109,2001-01-01T00:00:00
8060110,48,4700799,4,1470,8060110,6485430,822,2305110,2001-01-01T00:00:00
8060111,48,4700800,4,1680,8060111,8966627,823,2305111,2001-01-01T00:00:00
8060112,48,4700801,4,2310,8060112,12052585,824,2305112,2001-01-01T00:00:00
8060113,48,4700802,4,2520,8060113,15821607,825,2305113,2001-01-01T00:00:00
8060114,48,4700803,4,2940,8060114,20354654,826,2305114,2001-01-01T00:00:00
8060115,48,4700804,4,5880,8060115,25735221,827,2305115,2001-01-01T00:00:00
8060116,48,4700805,4,6300,8060116,32049224,828,2305116,2001-01-01T00:00:00
8060117,48,4700806,4,6930,8060117,39384905,829,2305117,2001-01-01T00:00:00
8060118,48,4700807,4,9450,8060118,47832742,830,2305118,2001-01-01T00:00:00
8060119,48,4700808,4,11550,8060119,57485368,831,2305119,2001-01-01T00:00:00
8060120,48,4700809,4,12600,8060120,68437500,832,2305120,2001-01-01T00:00:00
8070101,49,4700810,4,80,0,30,833,2305121,2001-01-01T00:00:00
8070102,49,4700811,4,110,8070102,178,834,2305122,2001-01-01T00:00:00
8070103,49,4700812,4,130,8070103,666,835,2305123,2001-01-01T00:00:00
8070104,49,4700813,4,150,8070104,1748,836,2305124,2001-01-01T00:00:00
8070105,49,4700814,4,250,8070105,3717,837,2305125,2001-01-01T00:00:00
8070106,49,4700815,4,290,8070106,6896,838,2305126,2001-01-01T00:00:00
8070107,49,4700816,4,340,8070107,11638,839,2305127,2001-01-01T00:00:00
8070108,49,4700817,4,690,8070108,18317,840,2305128,2001-01-01T00:00:00
8070109,49,4700818,4,780,8070109,27332,841,2305129,2001-01-01T00:00:00
8070110,49,4700819,4,1470,8070110,39100,842,2305130,2001-01-01T00:00:00
8070111,49,4700820,4,1680,8070111,54060,843,2305131,2001-01-01T00:00:00
8070112,49,4700821,4,2310,8070112,72665,844,2305132,2001-01-01T00:00:00
8070113,49,4700822,4,2520,8070113,95389,845,2305133,2001-01-01T00:00:00
8070114,49,4700823,4,2940,8070114,122719,846,2305134,2001-01-01T00:00:00
8070115,49,4700824,4,5880,8070115,155158,847,2305135,2001-01-01T00:00:00
8070116,49,4700825,4,6300,8070116,193226,848,2305136,2001-01-01T00:00:00
8070117,49,4700826,4,6930,8070117,237453,849,2305137,2001-01-01T00:00:00
8070118,49,4700827,4,9450,8070118,288385,850,2305138,2001-01-01T00:00:00
8070119,49,4700828,4,11550,8070119,346582,851,2305139,2001-01-01T00:00:00
8070120,49,4700829,4,12600,8070120,412613,852,2305140,2001-01-01T00:00:00
8080101,56,4700931,5,40,0,500,955,2306041,2001-01-01T00:00:00
8080102,56,4700932,5,60,8080102,1020,956,2306042,2001-01-01T00:00:00
8080103,56,4700933,5,70,8080103,2130,957,2306043,2001-01-01T00:00:00
8080104,56,4700934,5,150,8080104,3960,958,2306044,2001-01-01T00:00:00
8080105,56,4700935,5,200,8080105,6630,959,2306045,2001-01-01T00:00:00
8080106,56,4700936,5,400,8080106,10230,960,2306046,2001-01-01T00:00:00
8080107,56,4700937,5,570,8080107,14850,961,2306047,2001-01-01T00:00:00
8080108,56,4700938,5,760,8080108,20590,962,2306048,2001-01-01T00:00:00
8080109,56,4700939,5,980,8080109,27500,963,2306049,2001-01-01T00:00:00
8080110,56,4700940,5,1240,8080110,35680,964,2306050,2001-01-01T00:00:00
8080111,56,4700941,5,2380,8080111,45170,965,2306051,2001-01-01T00:00:00
8080112,56,4700942,5,2590,8080112,56050,966,2306052,2001-01-01T00:00:00
8080113,56,4700943,5,3340,8080113,68380,967,2306053,2001-01-01T00:00:00
8080114,56,4700944,5,4500,8080114,82220,968,2306054,2001-01-01T00:00:00
8080115,56,4700945,5,5400,8080115,97630,969,2306055,2001-01-01T00:00:00
8080116,56,4700946,5,7770,8080116,114650,970,2306056,2001-01-01T00:00:00
8080117,56,4700947,5,8220,8080117,133350,971,2306057,2001-01-01T00:00:00
8080118,56,4700948,5,9570,8080118,153780,972,2306058,2001-01-01T00:00:00
8080119,56,4700949,5,14850,8080119,175980,973,2306059,2001-01-01T00:00:00
8080120,56,4700950,5,17400,8080120,200000,974,2306060,2001-01-01T00:00:00
9010101,1176,4701171,5,80,0,20,1196,2306341,2001-01-01T00:00:00
9010102,1176,4701172,5,110,9010102,25,1197,2306342,2001-01-01T00:00:00
9010103,1176,4701173,5,130,9010103,30,1198,2306343,2001-01-01T00:00:00
9010104,1176,4701174,5,150,9010104,40,1199,2306344,2001-01-01T00:00:00
9010105,1176,4701175,5,250,9010105,50,1200,2306345,2001-01-01T00:00:00
9010106,1176,4701176,5,290,9010106,60,1201,2306346,2001-01-01T00:00:00
9010107,1176,4701177,5,340,9010107,80,1202,2306347,2001-01-01T00:00:00
9010108,1176,4701178,5,690,9010108,100,1203,2306348,2001-01-01T00:00:00
9010109,1176,4701179,5,780,9010109,120,1204,2306349,2001-01-01T00:00:00
9010110,1176,4701180,5,1470,9010110,150,1205,2306350,2001-01-01T00:00:00
9010111,1176,4701181,5,1680,9010111,180,1206,2306351,2001-01-01T00:00:00
9010112,1176,4701182,5,2310,9010112,210,1207,2306352,2001-01-01T00:00:00
9010113,1176,4701183,5,2520,9010113,240,1208,2306353,2001-01-01T00:00:00
9010114,1176,4701184,5,2940,9010114,280,1209,2306354,2001-01-01T00:00:00
9010115,1176,4701185,5,5880,9010115,320,1210,2306355,2001-01-01T00:00:00
9010116,1176,4701186,5,6300,9010116,360,1211,2306356,2001-01-01T00:00:00
9010117,1176,4701187,5,6930,9010117,400,1212,2306357,2001-01-01T00:00:00
9010118,1176,4701188,5,9450,9010118,450,1213,2306358,2001-01-01T00:00:00
9010119,1176,4701189,5,11550,9010119,500,1214,2306359,2001-01-01T00:00:00
9010120,1176,4701190,5,12600,9010120,550,1215,2306360,2001-01-01T00:00:00
9020101,22,4700320,2,40,0,1,322,2303020,2001-01-01T00:00:00
9020102,22,4700321,2,40,9020102,2,323,2303021,2001-01-01T00:00:00
9020103,22,4700322,2,50,9020103,3,324,2303022,2001-01-01T00:00:00
9020104,22,4700323,2,60,9020104,4,325,2303023,2001-01-01T00:00:00
9020105,22,4700324,2,110,9020105,5,326,2303024,2001-01-01T00:00:00
9020106,22,4700325,2,120,9020106,6,327,2303025,2001-01-01T00:00:00
9020107,22,4700326,2,140,9020107,7,328,2303026,2001-01-01T00:00:00
9020108,22,4700327,2,290,9020108,8,329,2303027,2001-01-01T00:00:00
9020109,22,4700328,2,330,9020109,9,330,2303028,2001-01-01T00:00:00
9020110,22,4700329,2,620,9020110,10,331,2303029,2001-01-01T00:00:00
9020111,22,4700330,2,710,9020111,11,332,2303030,2001-01-01T00:00:00
9020112,22,4700331,2,970,9020112,12,333,2303031,2001-01-01T00:00:00
9020113,22,4700332,2,1060,9020113,13,334,2303032,2001-01-01T00:00:00
9020114,22,4700333,2,1240,9020114,14,335,2303033,2001-01-01T00:00:00
9020115,22,4700334,2,2480,9020115,15,336,2303034,2001-01-01T00:00:00
9020116,22,4700335,2,2650,9020116,16,337,2303035,2001-01-01T00:00:00
9020117,22,4700336,2,2920,9020117,17,338,2303036,2001-01-01T00:00:00
9020118,22,4700337,2,3980,9020118,18,339,2303037,2001-01-01T00:00:00
9020119,22,4700338,2,4870,9020119,19,340,2303038,2001-01-01T00:00:00
9020120,22,4700339,2,5310,9020120,20,341,2303039,2001-01-01T00:00:00
9030101,51,4700850,4,40,0,10,873,2305161,2001-01-01T00:00:00
9030102,51,4700851,4,40,9030102,12,874,2305162,2001-01-01T00:00:00
9030103,51,4700852,4,50,9030103,14,875,2305163,2001-01-01T00:00:00
9030104,51,4700853,4,60,9030104,16,876,2305164,2001-01-01T00:00:00
9030105,51,4700854,4,110,9030105,18,877,2305165,2001-01-01T00:00:00
9030106,51,4700855,4,120,9030106,20,878,2305166,2001-01-01T00:00:00
9030107,51,4700856,4,140,9030107,22,879,2305167,2001-01-01T00:00:00
9030108,51,4700857,4,290,9030108,24,880,2305168,2001-01-01T00:00:00
9030109,51,4700858,4,330,9030109,26,881,2305169,2001-01-01T00:00:00
9030110,51,4700859,4,620,9030110,28,882,2305170,2001-01-01T00:00:00
9030111,51,4700860,4,710,9030111,31,883,2305171,2001-01-01T00:00:00
9030112,51,4700861,4,970,9030112,33,884,2305172,2001-01-01T00:00:00
9030113,51,4700862,4,1060,9030113,35,885,2305173,2001-01-01T00:00:00
9030114,51,4700863,4,1240,9030114,37,886,2305174,2001-01-01T00:00:00
9030115,51,4700864,4,2480,9030115,39,887,2305175,2001-01-01T00:00:00
9030116,51,4700865,4,2650,9030116,41,888,2305176,2001-01-01T00:00:00
9030117,51,4700866,4,2920,9030117,43,889,2305177,2001-01-01T00:00:00
9030118,51,4700867,4,3980,9030118,45,890,2305178,2001-01-01T00:00:00
9030119,51,4700868,4,4870,9030119,47,891,2305179,2001-01-01T00:00:00
9030120,51,4700869,4,5310,9030120,50,892,2305180,2001-01-01T00:00:00
9110101,70,4701307,4,40,0,5,1332,2305202,2001-01-01T00:00:00
9110102,70,4701308,4,40,9110102,10,1333,2305203,2001-01-01T00:00:00
9110103,70,4701309,4,50,9110103,20,1334,2305204,2001-01-01T00:00:00
9110104,70,4701310,4,60,9110104,45,1335,2305205,2001-01-01T00:00:00
9110105,70,4701311,4,110,9110105,90,1336,2305206,2001-01-01T00:00:00
9110106,70,4701312,4,120,9110106,150,1337,2305207,2001-01-01T00:00:00
9110107,70,4701313,4,140,9110107,235,1338,2305208,2001-01-01T00:00:00
9110108,70,4701314,4,290,9110108,350,1339,2305209,2001-01-01T00:00:00
9110109,70,4701315,4,330,9110109,495,1340,2305210,2001-01-01T00:00:00
9110110,70,4701316,4,620,9110110,680,1341,2305211,2001-01-01T00:00:00
9110111,70,4701317,4,710,9110111,900,1342,2305212,2001-01-01T00:00:00
9110112,70,4701318,4,970,9110112,1170,1343,2305213,2001-01-01T00:00:00
9110113,70,4701319,4,1060,9110113,1485,1344,2305214,2001-01-01T00:00:00
9110114,70,4701320,4,1240,9110114,1855,1345,2305215,2001-01-01T00:00:00
9110115,70,4701321,4,2480,9110115,2280,1346,2305216,2001-01-01T00:00:00
9110116,70,4701322,4,2650,9110116,2765,1347,2305217,2001-01-01T00:00:00
9110117,70,4701323,4,2920,9110117,3315,1348,2305218,2001-01-01T00:00:00
9110118,70,4701324,4,3980,9110118,3935,1349,2305219,2001-01-01T00:00:00
9110119,70,4701325,4,4870,9110119,4630,1350,2305220,2001-01-01T00:00:00
9110120,70,4701326,4,5310,9110120,5400,1351,2305221,2001-01-01T00:00:00
9120101,71,4701327,4,70,0,5,1352,2305222,2001-01-01T00:00:00
9120102,71,4701328,4,80,9120102,10,1353,2305223,2001-01-01T00:00:00
9120103,71,4701329,4,100,9120103,20,1354,2305224,2001-01-01T00:00:00
9120104,71,4701330,4,120,9120104,30,1355,2305225,2001-01-01T00:00:00
9120105,71,4701331,4,200,9120105,60,1356,2305226,2001-01-01T00:00:00
9120106,71,4701332,4,240,9120106,140,1357,2305227,2001-01-01T00:00:00
9120107,71,4701333,4,270,9120107,270,1358,2305228,2001-01-01T00:00:00
9120108,71,4701334,4,560,9120108,490,1359,2305229,2001-01-01T00:00:00
9120109,71,4701335,4,630,9120109,830,1360,2305230,2001-01-01T00:00:00
9120110,71,4701336,4,1190,9120110,1330,1361,2305231,2001-01-01T00:00:00
9120111,71,4701337,4,1360,9120111,2040,1362,2305232,2001-01-01T00:00:00
9120112,71,4701338,4,1870,9120112,3020,1363,2305233,2001-01-01T00:00:00
9120113,71,4701339,4,2040,9120113,4320,1364,2305234,2001-01-01T00:00:00
9120114,71,4701340,4,2370,9120114,6030,1365,2305235,2001-01-01T00:00:00
9120115,71,4701341,4,4750,9120115,8220,1366,2305236,2001-01-01T00:00:00
9120116,71,4701342,4,5090,9120116,10990,1367,2305237,2001-01-01T00:00:00
9120117,71,4701343,4,5600,9120117,14440,1368,2305238,2001-01-01T00:00:00
9120118,71,4701344,4,7630,9120118,18670,1369,2305239,2001-01-01T00:00:00
9120119,71,4701345,4,9330,9120119,23820,1370,2305240,2001-01-01T00:00:00
9120120,71,4701346,4,10180,9120120,30000,1371,2305241,2001-01-01T00:00:00
31010001,2844,4701540,3,0,0,5,1536,2304430,2024-06-07T10:35:00
31010101,2862,4701541,3,0,0,5,1537,2304431,2024-06-14T10:35:00
31010201,2863,4701542,3,0,0,5,1538,2304432,2024-06-14T10:35:00
31010301,2864,4701543,3,0,0,5,1539,2304433,2024-06-14T10:35:00
31010401,2880,4701544,3,0,0,5,1540,2304434,2024-06-21T10:35:00
31010501,2881,4701545,3,0,0,5,1541,2304435,2024-06-21T10:35:00
31010601,2882,4701546,3,0,0,5,1542,2304436,2024-06-21T10:35:00
31010701,2892,4701547,3,0,0,5,1543,2304437,2024-06-28T10:35:00
31010801,2893,4701548,3,0,0,5,1544,2304438,2024-06-28T10:35:00
31010901,2894,4701549,3,0,0,5,1545,2304439,2024-06-28T10:35:00
31011001,2895,4701550,3,0,0,5,1554,2304440,2024-07-05T10:35:00
31011101,2948,4701551,3,0,0,5,1555,2304441,2024-07-12T10:35:00
31011201,2949,4701552,3,0,0,5,1556,2304442,2024-07-12T10:35:00
31011301,2977,4701564,3,0,0,5,1564,2304443,2024-07-23T10:35:00
31011401,2978,4701565,3,0,0,5,1565,2304444,2024-07-23T10:35:00
31011501,2979,4701566,3,0,0,5,1566,2304445,2024-07-23T10:35:00
31011601,3012,4701567,3,0,0,5,1567,2304446,2024-08-06T10:35:00
31011701,3013,4701568,3,0,0,5,1568,2304447,2024-08-06T10:35:00
31011801,3014,4701569,3,0,0,5,1569,2304448,2024-08-06T10:35:00
31011901,3016,4701570,3,0,0,5,1570,2304449,2024-08-14T10:35:00
31012001,3017,4701571,3,0,0,5,1571,2304450,2024-08-14T10:35:00
31012101,3018,4701572,3,0,0,5,1572,2304451,2024-08-14T10:35:00
31012201,3038,4701573,3,0,0,5,1573,2304452,2024-08-22T10:35:00
31012301,3052,4701574,3,0,0,5,1574,2304453,2024-08-29T10:35:00
31012401,3053,4701575,3,0,0,5,1575,2304454,2024-08-29T10:35:00
31012501,3051,4701576,3,0,0,5,1576,2304455,2024-08-29T10:35:00
31012601,3056,4701577,3,1870,0,5,1577,2304456,2024-09-06T10:35:00
31012701,3057,4701578,3,1870,0,5,1578,2304457,2024-09-06T10:35:00
31012801,3058,4701579,3,0,0,5,1579,2304458,2024-09-06T10:35:00
31012901,3101,4701581,3,0,0,5,1581,2304459,2024-09-13T10:35:00
31013001,3102,4701582,3,0,0,5,1582,2304460,2024-09-13T10:35:00
31013101,3103,4701583,3,0,0,5,1583,2304461,2024-09-13T10:35:00
31013201,3108,4701584,3,0,0,5,1584,2304462,2024-09-20T10:35:00
31013301,3109,4701585,3,0,0,5,1585,2304463,2024-09-27T10:35:00
31013401,3110,4701586,3,0,0,5,1586,2304464,2024-09-27T10:35:00
31013501,3111,4701587,3,0,0,5,1587,2304465,2024-09-27T10:35:00
31013601,3132,4701588,3,0,0,5,1588,2304466,2024-10-04T10:35:00
31013701,3133,4701589,3,0,0,5,1589,2304467,2024-10-11T10:35:00
31013801,3144,4701590,3,0,0,5,1590,2304468,2024-10-11T10:35:00
31013901,3145,4701591,3,0,0,5,1591,2304469,2024-10-11T10:35:00
31014001,3165,4701592,3,0,0,5,1592,2304470,2024-10-18T10:35:00
31014101,3182,4701593,3,0,0,5,1593,2304471,2024-10-25T10:35:00
31014201,3183,4701594,3,0,0,5,1594,2304472,2024-10-25T10:35:00
31014301,3189,4701601,3,1870,0,5,1602,2304473,2024-10-31T10:35:00
31014401,3190,4701602,3,1870,0,5,1603,2304474,2024-10-31T10:35:00
31014501,3221,4701607,3,0,0,5,1606,2304475,2024-11-07T10:35:00
31014601,3222,4701608,3,0,0,5,1607,2304476,2024-11-07T10:35:00
31014701,3223,4701609,3,0,0,5,1608,2304477,2024-11-07T10:35:00
31014801,3258,4701610,3,0,0,5,1609,2304478,2024-11-15T10:35:00
31014901,3259,4701611,3,0,0,5,1610,2304479,2024-11-15T10:35:00
31015001,3260,4701612,3,0,0,5,1611,2304480,2024-11-15T10:35:00
31015101,3274,4701614,3,0,0,5,1613,2304481,2024-11-29T10:35:00
31015201,3275,4701615,3,0,0,5,1614,2304482,2024-11-29T10:35:00
31015301,3276,4701616,3,0,0,5,1615,2304483,2024-11-29T10:35:00
31015401,3290,4701617,3,0,0,5,1616,2304484,2024-12-16T10:35:00
31015501,3291,4701618,3,0,0,5,1617,2304485,2024-12-16T10:35:00
31015601,3292,4701619,3,0,0,5,1618,2304486,2024-12-16T10:35:00
31015701,3315,4701620,3,0,0,5,1619,2304487,2024-12-30T10:35:00
31015801,3316,4701621,3,0,0,5,1620,2304488,2024-12-30T10:35:00
31015901,3317,4701622,3,0,0,5,1621,2304489,2024-12-30T10:35:00
31016001,3324,4701623,3,0,0,5,1622,2304490,2025-01-07T10:35:00
31016101,3337,4701625,3,0,0,5,1624,2304491,2025-01-15T10:35:00
31016201,3338,4701626,3,0,0,5,1625,2304492,2025-01-15T10:35:00
31016301,3339,4701627,3,0,0,5,1626,2304493,2025-01-15T10:35:00
31016401,3352,4701628,3,0,0,5,1627,2304494,2025-01-22T10:35:00
31016501,3363,4701629,3,0,0,5,1628,2304495,2025-01-29T10:35:00
31016601,3364,4701630,3,0,0,5,1629,2304496,2025-01-29T10:35:00
31016701,3375,4701631,3,1870,0,5,1630,2304503,2025-02-04T10:35:00
31016801,3376,4701632,3,1870,0,5,1631,2304504,2025-02-04T10:35:00
31016901,3392,4701634,3,0,0,5,1633,2304497,2025-02-10T10:35:00
31017001,3393,4701635,3,0,0,5,1634,2304498,2025-02-10T10:35:00
31017101,3394,4701636,3,0,0,5,1635,2304499,2025-02-10T10:35:00
31017201,3397,4701637,3,0,0,5,1636,2304500,2025-02-18T10:35:00
31017301,3398,4701638,3,0,0,5,1637,2304501,2025-02-18T10:35:00
31017401,3399,4701639,3,0,0,5,1638,2304502,2025-02-18T10:35:00
31017501,3430,4701640,3,0,0,5,1639,2304506,2025-02-27T10:35:00
31017601,3431,4701641,3,0,0,5,1640,2304507,2025-02-27T10:35:00
31017701,3432,4701642,3,0,0,5,1641,2304508,2025-02-27T10:35:00
31017801,3456,4701647,3,0,0,5,1645,2304509,2025-03-14T10:35:00
31017901,3457,4701648,3,0,0,5,1648,2304510,2025-03-14T10:35:00
31018001,3458,4701649,3,0,0,5,1649,2304511,2025-03-14T10:35:00
31018101,3469,4701657,3,0,0,5,1651,2304512,2025-03-21T10:35:00
31018201,3470,4701656,3,0,0,5,1652,2304513,2025-03-21T10:35:00
31018301,3482,4701658,3,0,0,5,1653,2304514,2025-03-28T10:35:00
31018401,3483,4701659,3,0,0,5,1654,2304515,2025-03-28T10:35:00
31018501,3484,4701660,3,0,0,5,1655,2304516,2025-03-28T10:35:00
31018601,3508,4701661,3,0,0,5,1656,2304517,2025-04-11T10:35:00
31018701,3509,4701662,3,0,0,5,1657,2304518,2025-04-11T10:35:00
31018801,3510,4701663,3,0,0,5,1658,2304519,2025-04-11T10:35:00
31018901,3522,4701664,3,1870,0,5,1659,2304520,2025-04-18T10:35:00
31019001,3523,4701665,3,1870,0,5,1660,2304521,2025-04-18T10:35:00
31019101,3540,4701666,3,0,0,5,1661,2304522,2025-04-24T10:35:00
31019201,3541,4701667,3,0,0,5,1662,2304523,2025-04-24T10:35:00
31019301,3542,4701668,3,0,0,5,1663,2304524,2025-04-30T10:35:00
31019401,3543,4701669,3,0,0,5,1664,2304525,2025-04-30T10:35:00
31019501,3549,4701670,3,0,0,5,1665,2304526,2025-05-15T10:35:00
31019601,3550,4701671,3,0,0,5,1666,2304527,2025-05-15T10:35:00
31019701,3551,4701672,3,0,0,5,1667,2304528,2025-05-15T10:35:00
31019801,3585,4701673,3,0,0,5,1668,2304529,2025-05-22T10:35:00
31019901,3586,4701674,3,0,0,5,1669,2304530,2025-05-22T10:35:00
31020001,3596,4701675,3,0,0,5,1670,2304531,2025-05-30T10:35:00
31020101,3597,4701676,3,0,0,5,1671,2304532,2025-05-30T10:35:00
31020201,3598,4701677,3,0,0,5,1672,2304533,2025-05-30T10:35:00
31020301,3607,4701678,3,0,0,5,1673,2304534,2025-06-05T10:35:00
31020401,3615,4701679,3,0,0,5,1674,2304535,2025-06-13T10:35:00
31020501,3625,4701680,3,0,0,5,1675,2304536,2025-06-13T10:35:00
31020601,3617,4701681,3,0,0,5,1676,2304537,2025-06-13T10:35:00
31020701,3645,4701683,3,0,0,5,1678,2304538,2025-06-27T10:35:00
31020801,3646,4701684,3,0,0,5,1679,2304539,2025-06-27T10:35:00
31020901,3647,4701685,3,0,0,5,1680,2304540,2025-06-27T10:35:00
31021001,3650,4701686,3,0,0,5,1681,2304541,2025-07-04T10:35:00
31021101,3649,4701687,3,0,0,5,1682,2304542,2025-07-04T10:35:00
31021201,3666,4701688,3,0,0,5,1683,2304543,2025-07-11T10:35:00
31021301,3667,4701689,3,0,0,5,1684,2304544,2025-07-11T10:35:00
31021401,3668,4701690,3,0,0,5,1685,2304545,2025-07-11T10:35:00
31021501,3681,4701691,3,0,0,5,1686,2304546,2025-07-25T10:35:00
31021601,3682,4701692,3,0,0,5,1687,2304547,2025-07-25T10:35:00
31021701,3683,4701693,3,0,0,5,1688,2304548,2025-07-25T10:35:00
31021801,3722,4701704,3,1870,0,5,1699,2304549,2025-07-31T10:35:00
31021901,3723,4701705,3,1870,0,5,1700,2304550,2025-07-31T10:35:00
31022001,3736,4701706,3,0,0,5,1701,2304551,2025-08-07T10:35:00
31022101,3737,4701707,3,0,0,5,1702,2304552,2025-08-07T10:35:00
31022201,3738,4701708,3,0,0,5,1703,2304553,2025-08-07T10:35:00
31022301,3746,4701709,3,0,0,5,1704,2304554,2025-08-14T10:35:00
31022401,3747,4701710,3,0,0,5,1705,2304555,2025-08-14T10:35:00
31022501,3748,4701711,3,0,0,5,1706,2304556,2025-08-14T10:35:00
31022601,3780,4701712,3,0,0,5,1707,2304557,2025-08-29T10:35:00
31022701,3781,4701713,3,0,0,5,1708,2304558,2025-08-29T10:35:00
31022801,3782,4701714,3,0,0,5,1709,2304559,2025-08-29T10:35:00
31022901,3796,4701715,3,0,0,5,1710,2304560,2025-09-17T10:35:00
31023001,3797,4701716,3,0,0,5,1711,2304561,2025-09-17T10:35:00
31023101,3798,4701717,3,0,0,5,1712,2304562,2025-09-17T10:35:00
31023201,3813,4701718,3,0,0,5,1713,2304563,2025-09-26T10:35:00
31023301,3814,4701719,3,0,0,5,1714,2304564,2025-09-26T10:35:00
31023401,3815,4701720,3,0,0,5,1715,2304565,2025-09-26T10:35:00
31023501,3844,4701721,3,0,0,5,1716,2304566,2025-10-10T10:35:00
31023601,3845,4701722,3,0,0,5,1717,2304567,2025-10-10T10:35:00
31023701,3852,4701723,3,0,0,5,1718,2304568,2025-10-23T10:35:00
31023801,3853,4701724,3,0,0,5,1719,2304569,2025-10-23T10:35:00
31023901,3885,4701725,3,0,0,5,1722,2304570,2025-10-30T10:35:00
31024001,3886,4701726,3,0,0,5,1723,2304571,2025-10-30T10:35:00
31024101,3893,4701737,3,1870,0,5,1732,2304572,2025-11-05T10:35:00
31024201,3894,4701738,3,1870,0,5,1733,2304573,2025-11-05T10:35:00
31024301,3912,4701739,3,0,0,5,1734,2304574,2025-11-10T10:35:00
31024401,3913,4701740,3,0,0,5,1735,2304575,2025-11-10T10:35:00
31024501,3914,4701741,3,0,0,5,1736,2304576,2025-11-10T10:35:00
31024601,3932,4701742,3,0,0,5,1737,2304577,2025-11-18T10:35:00
31024701,3933,4701743,3,0,0,5,1738,2304578,2025-11-18T10:35:00
31024801,3934,4701744,3,0,0,5,1739,2304579,2025-11-18T10:35:00
31024901,3935,4701745,3,0,0,5,1740,2304580,2025-11-28T10:35:00
31025001,3936,4701746,3,0,0,5,1741,2304581,2025-11-28T10:35:00
31025101,3937,4701747,3,0,0,5,1742,2304582,2025-11-28T10:35:00
31025201,3947,4701748,3,0,0,5,1743,2304583,2025-12-12T10:35:00
31025301,3948,4701749,3,0,0,5,1744,2304584,2025-12-12T10:35:00
31025401,3963,4701750,3,0,0,5,1745,2304585,2025-12-12T10:35:00
31025501,3964,4701753,3,0,0,5,1748,2304586,2025-12-19T10:35:00
31025601,3978,4701754,3,0,0,5,1749,2304587,2025-12-29T10:35:00
31025701,3979,4701755,3,0,0,5,1750,2304588,2025-12-29T10:35:00
31025801,3980,4701756,3,0,0,5,1751,2304589,2025-12-29T10:35:00
31025901,4030,4701761,3,0,0,5,1756,2304590,2026-01-13T10:35:00
31026001,4031,4701762,3,0,0,5,1757,2304591,2026-01-13T10:35:00
31026101,4039,4701769,3,0,0,5,1769,2304592,2026-01-27T10:35:00
31026201,4045,4701770,3,0,0,5,1770,2304593,2026-01-27T10:35:00
31026301,4046,4701771,3,0,0,5,1771,2304594,2026-01-27T10:35:00
31026401,4051,4701772,3,1870,0,5,1772,2304595,2026-02-03T10:35:00
31026501,4052,4701773,3,1870,0,5,1773,2304596,2026-02-03T10:35:00
31026601,4060,4701775,3,0,0,5,1775,2304598,2026-02-10T10:35:00
31026701,4061,4701776,3,0,0,5,1776,2304599,2026-02-10T10:35:00
31026801,4062,4701777,3,0,0,5,1777,2304600,2026-02-10T10:35:00
31026901,4080,4701778,3,0,0,5,1778,2304601,2026-02-17T10:35:00
31027001,4081,4701779,3,0,0,5,1779,2304602,2026-02-17T10:35:00
31027101,4082,4701780,3,0,0,5,1780,2304603,2026-02-17T10:35:00
31027201,4097,4701782,3,0,0,5,1782,2304604,2026-02-27T10:35:00
31027301,4098,4701783,3,0,0,5,1783,2304605,2026-02-27T10:35:00
31027401,4099,4701784,3,0,0,5,1784,2304606,2026-02-27T10:35:00
31027501,4113,4701786,3,0,0,5,1792,2304607,2026-03-13T10:35:00
31027601,4114,4701787,3,0,0,5,1793,2304608,2026-03-13T10:35:00
31027701,4115,4701788,3,0,0,5,1794,2304609,2026-03-13T10:35:00
31027801,4129,4701789,3,0,0,5,1795,2304610,2026-03-27T10:35:00
31027901,4130,4701790,3,0,0,5,1796,2304611,2026-03-27T10:35:00
31028001,4131,4701791,3,0,0,5,1797,2304612,2026-03-27T10:35:00
31028101,4163,4701796,3,0,0,5,1802,2304613,2026-04-10T10:35:00
31028201,4164,4701797,3,0,0,5,1803,2304614,2026-04-10T10:35:00
31028301,4165,4701798,3,0,0,5,1804,2304615,2026-04-10T10:35:00
31028401,4191,4701805,3,0,0,5,1807,2304616,2026-04-24T10:35:00
31028501,4192,4701806,3,0,0,5,1808,2304617,2026-04-24T10:35:00
31028601,4193,4701807,3,0,0,5,1809,2304618,2026-04-24T10:35:00
31028701,4194,4701808,3,0,0,5,1810,2304619,2026-05-01T10:35:00
31028801,4195,4701809,3,0,0,5,1811,2304620,2026-05-01T10:35:00
31028901,4196,4701810,3,0,0,5,1812,2304621,2026-05-01T10:35:00
31029001,4238,4701812,3,0,0,5,1814,2304622,2026-05-15T10:35:00
31029101,4239,4701813,3,0,0,5,1815,2304623,2026-05-15T10:35:00
31029201,4240,4701814,3,0,0,5,1816,2304624,2026-05-15T10:35:00
31029301,4257,4701815,3,0,0,5,1817,2304625,2026-06-01T10:35:00
31029401,4259,4701817,3,0,0,5,1818,2304626,2026-06-01T10:35:00
31029501,4258,4701816,3,0,0,5,1819,2304627,2026-06-01T10:35:00
31029601,4274,4701819,3,0,0,5,1820,2304628,2026-06-16T10:35:00
31029701,4275,4701820,3,0,0,5,1821,2304629,2026-06-16T10:35:00
31029801,4276,4701821,3,0,0,5,1822,2304630,2026-06-16T10:35:00
31029901,4327,4701826,3,0,0,5,1827,2304631,2026-06-29T10:35:00
31030001,4328,4701827,3,0,0,5,1828,2304632,2026-06-29T10:35:00
31030101,4329,4701828,3,0,0,5,1829,2304633,2026-06-29T10:35:00
31030201,4353,4701835,3,0,0,5,1836,2304634,2026-07-14T10:35:00
31030301,4354,4701836,3,0,0,5,1837,2304635,2026-07-14T10:35:00
31030401,4355,4701837,3,0,0,5,1838,2304636,2026-07-14T10:35:00
31030501,4369,4701838,3,0,0,5,1839,2304637,2026-07-22T10:35:00
31030601,4370,4701839,3,0,0,5,1840,2304638,2026-07-22T10:35:00
31030701,4371,4701840,3,0,0,5,1841,2304639,2026-07-22T10:35:00
31030801,4414,4701851,3,0,0,5,1855,2304640,2026-08-06T10:35:00
31030901,4415,4701852,3,0,0,5,1856,2304641,2026-08-06T10:35:00
31031001,4416,4701853,3,0,0,5,1857,2304642,2026-08-06T10:35:00
