id,skill_type,text_name,skill_ai_group_id,resource_id,balloon_priority,state_num,cast_circle_type,range
1,3,9999,6,700110101,0,13,11,1
2,3,1,6,700110101,0,42,11,1
3,3,1,6,700110101,0,42,11,1
4,3,1,6,700110101,0,42,11,1
5,3,1,6,700110101,0,13,11,1
6,3,1,6,700110101,0,41,11,1
7,3,1,6,700110101,0,41,11,1
8,3,1,6,700110101,0,41,11,1
9,3,1,6,700110101,0,41,11,1
10,2,1,6,700110101,0,42,11,1
11,3,1,6,700110101,0,42,11,1
12,3,1,6,700110101,0,42,11,1
15,3,1,101011,700110101,250,13,2,1
16,3,1,101011,700110101,50,41,2,1
17,3,1,101011,700110101,40,42,8,1
18,3,1,101011,700110101,40,43,8,1
23,2,1,6,700110101,50,1,2,1
24,2,1,6,700110101,50,2,2,1
25,2,1,6,700110101,50,3,2,1
26,2,1,6,700110101,50,4,2,1
27,2,1,6,700110101,50,5,2,1
28,2,1,6,700110101,50,6,2,1
29,2,1,6,700110101,50,7,2,1
50,3,1,6,700110101,50,13,2,1
51,3,1,6,700110101,50,13,2,1
52,3,1,6,700110101,50,13,2,1
53,3,1,6,700110101,50,13,2,1
54,3,1,6,700110101,50,13,2,1
55,3,1,6,700110101,50,13,2,1
56,3,1,6,700110101,50,13,2,1
57,3,1,6,700110101,50,13,2,1
58,3,1,6,700110101,50,13,2,1
59,3,1,6,700110103,50,41,2,1
60,3,1,6,700110103,40,42,3,1
61,3,1,6,700110103,40,43,4,1
62,3,1,6,700110103,30,44,5,1
71,3,1,30011111,700110103,30,43,5,1
254,0,1,13,700110101,0,13,0,1
360,3,1,6,700110101,0,13,2,1
361,3,1,6,700110101,0,41,2,1
362,3,1,6,700110101,0,42,2,1
363,3,1,6,700110101,0,43,2,1
364,4,1,6,700110101,0,13,2,1
365,4,1,6,700110101,0,41,2,1
366,4,1,6,700110101,0,42,2,1
367,4,1,6,700110101,0,43,2,1
504,3,1,6,700110101,0,44,2,1
505,3,1,6,700110101,0,45,2,1
539,3,1,6,700110101,0,13,2,1
540,3,1,6,700110101,0,41,2,1
541,3,1,6,700110101,0,42,2,1
542,3,1,6,700110101,0,43,2,1
543,3,1,6,700110101,0,44,2,1
544,3,1,6,700110101,0,45,2,1
545,3,1,6,700110101,0,46,2,1
546,3,1,6,700110101,0,47,2,1
547,3,1,6,700110101,0,48,2,1
548,3,1,6,700110101,0,49,2,1
552,3,1,13,700110101,0,13,2,1
553,3,1,14,700110101,0,41,2,1
554,3,1,15,700110101,0,42,2,1
555,3,1,16,700110101,0,13,2,1
556,3,1,17,700110101,0,41,2,1
557,3,1,18,700110101,0,42,2,1
558,3,1,19,700110101,0,43,2,1
559,3,1,20,700110101,0,44,2,1
560,3,1,21,700110101,0,48,2,1
591,3,1,6,700110101,0,13,2,1
592,3,1,6,700110101,0,41,2,1
593,3,1,6,700110101,0,42,2,1
604,3,1,6,700110101,0,13,2,1
605,3,1,6,700110101,0,41,2,1
606,3,1,6,700110101,0,42,2,1
630,4,1,6,700110101,0,13,2,1
631,4,1,6,700110101,0,41,2,1
632,4,1,6,700110101,0,42,2,1
633,4,1,6,700110101,0,43,2,1
637,4,1,6,700110101,0,13,12,1
638,4,1,6,700110101,0,41,12,1
639,4,1,6,700110101,0,42,12,1
640,4,1,6,700110101,0,43,12,1
641,3,1,7,700110101,0,43,12,1
642,3,1,6,700110101,0,44,12,1
643,3,1,6,700110101,0,44,12,1
644,3,1,6,700110101,0,45,12,1
645,3,1,6,700110101,0,44,12,1
646,3,1,6,700110101,0,45,12,1
647,3,1,6,700110101,0,13,12,1
648,3,1,6,700110101,0,41,12,1
649,3,1,6,700110101,0,42,12,1
650,3,1,6,700110101,0,43,12,1
651,3,1,6,700110101,0,44,12,1
652,3,1,6,700110101,0,13,12,1
653,3,1,6,700110101,0,41,12,1
654,3,1,6,700110101,0,42,12,1
655,3,1,6,700110101,0,43,12,1
656,3,1,6,700110101,0,44,12,1
657,3,1,6,700110101,0,47,12,1
671,3,1,101011,700110101,180,43,8,1
684,6,1,6,700110101,0,201,1,1
685,1,1,6,700110101,0,71,1,1
686,1,1,6,700110101,0,61,1,1
687,1,1110001,101011,700110101,0,11,1,1
688,1,1110001,101011,700110101,0,12,1,1
689,1,1110001,101011,700110101,0,13,1,1
690,1,1110001,101011,700110101,0,21,1,1
691,1,1110001,101011,700110101,0,22,1,1
692,1,1110001,101011,700110101,0,23,1,1
693,1,1110001,101011,700110101,0,31,1,1
694,1,1110001,101011,700110101,0,32,1,1
695,1,1110001,101011,700110101,0,33,1,1
696,1,1110001,101011,700110101,0,41,1,1
697,1,1110001,101011,700110101,0,42,1,1
698,1,1110001,101011,700110101,0,43,1,1
699,1,1110001,101011,700110101,0,51,1,1
700,1,1110001,101011,700110101,0,52,1,1
701,1,1110001,101011,700110101,0,54,1,1
702,1,1110001,101011,700110101,0,61,1,1
703,1,1110001,101011,700110101,0,62,1,1
704,1,1110001,101011,700110101,0,68,1,1
705,1,1110001,101011,700110101,0,71,1,1
706,1,1110001,101011,700110101,0,81,1,1
707,1,1110001,101011,700110101,0,82,1,1
708,1,1110001,101011,700110101,0,83,1,1
709,1,1110001,101011,700110101,0,91,1,1
710,1,1110001,101011,700110101,0,92,1,1
711,1,1110001,101011,700110101,0,93,1,1
712,1,1110001,101011,700110101,0,101,1,1
713,1,1110001,101011,700110101,0,102,1,1
714,1,1110001,101011,700110101,0,103,1,1
715,1,1110001,101011,700110101,0,11,1,1
716,1,1110001,101011,700110101,0,12,1,1
717,1,1110001,101011,700110101,0,11,1,1
718,1,1110001,101011,700110101,0,15,1,1
719,1,1110001,101011,700110101,0,38,1,1
720,1,1110001,101011,700110101,0,66,1,1
721,1,1110001,101011,700110101,0,61,1,1
722,1,1110001,101011,700110101,0,62,1,1
723,1,1110001,101011,700110101,0,68,1,1
724,1,1110001,101011,700110101,0,34,1,1
725,1,1110001,101011,700110101,0,44,1,1
726,1,1110001,101011,700110101,0,54,1,1
727,6,739,101071,700101071,16,7010,1,1
728,0,744,22,700101011,250,13,1,1
729,4,1110001,101011,700110101,0,1801,1,1
730,4,1110001,101011,700110101,0,44,1,1
731,4,1110001,101011,700110101,0,93,1,1
732,4,1110001,101011,700110101,250,13,1,1
800,1,1110001,101011,700105182,250,13,1,1
801,1,1110001,101011,700105182,250,13,1,1
802,1,1110001,101011,700105182,250,13,1,1
803,1,1110001,101011,700105182,250,13,1,1
100001,0,1,100001,700100001,250,13,1,1
100002,0,1,100002,700100002,250,14,1,1
100003,0,1,100003,700100003,250,15,1,1
101011,6,1110002,101011,700101011,10,1010,1,1
101012,1,1110003,101012,700101012,50,21,1,1
101013,1,1110004,101013,700101013,40,71,1,1
101021,6,1110005,101021,700102011,30,1020,7,1
101022,1,1110006,101022,700102012,20,12,7,1
101023,1,1110007,101023,700102013,15,68,7,1
101041,6,1110038,101041,700101041,10,4010,1,1
101042,1,1110039,101042,700101042,50,13,1,1
101043,1,1110040,101043,700101043,50,41,1,1
101051,6,1110056,101051,700101051,10,5010,1,1
101052,1,1110057,101052,700101052,20,28,1,1
101053,1,1110058,101053,700101053,40,92,1,1
101061,6,1110044,101061,700101061,10,6010,1,1
101062,1,1110045,101062,700101062,45,34,1,1
101063,1,1110046,101063,700101063,20,103,1,1
101071,6,1110023,101071,700101071,16,7010,1,1
101072,1,1110024,101072,700101072,50,11,1,1
101073,1,1110025,101073,700101073,17,102,1,1
101081,6,1110119,101081,700101081,10,1080,1,1
101082,1,1110120,101082,700101082,50,61,1,1
101083,1,1110121,101083,700101083,40,31,1,1
101091,6,1110059,101091,700101091,10,9010,1,1
101092,1,1110060,101092,700101092,50,42,1,1
101093,1,1110061,101093,700101093,40,81,1,1
101161,6,1110029,101161,700101161,10,16010,1,1
101162,1,1110030,101162,700101162,45,62,1,1
101163,1,1110031,101163,700101163,40,83,1,1
101171,6,1110014,101171,700101171,45,17010,1,1
101172,1,1110015,101172,700101172,50,51,1,1
101173,1,1110016,101173,700101173,50,41,1,1
101181,6,1110026,101181,700101181,10,18010,1,1
101182,1,1110027,101182,700101182,50,44,1,1
101183,1,1110028,101183,700101183,40,93,1,1
101191,6,1110422,101191,700191011,5,19010,1,1
101192,1,1110423,101192,700191012,30,41,1,1
101193,1,1110424,101193,700191013,25,21,1,1
101201,6,1110062,101201,700101201,16,20010,1,1
101202,1,1110063,101202,700101202,50,11,1,1
101203,1,1110064,101203,700101203,50,54,1,1
101211,6,1110050,101211,700101211,16,21010,1,1
101212,1,1110051,101212,700101212,50,11,1,1
101213,1,1110052,101213,700101213,20,101,1,1
101221,6,1110065,101221,700101221,10,22010,1,1
101222,1,1110066,101222,700101222,50,12,1,1
101223,1,1110067,101223,700101223,40,81,1,1
101331,6,1110089,101331,700101331,10,33010,1,1
101332,1,1110090,101332,700102013,50,68,1,1
101333,1,1110091,101333,700101333,10,13,1,1
101841,6,1110053,101841,700101841,10,84010,1,1
101842,1,1110054,101842,700101842,40,82,1,1
101843,1,1110055,101843,700101843,40,102,1,1
101851,6,1110032,101851,700101851,10,85010,1,1
101852,1,1110033,101852,700101852,40,92,1,1
101853,1,1110034,101853,700101853,15,92,1,1
102011,6,1110008,102011,700101021,10,2010,7,1
102012,1,1110009,102012,700101022,40,71,1,1
102013,1,1110010,102013,700101023,15,28,7,1
102021,6,1110011,102021,700102021,10,2020,1,1
102022,1,1110012,102022,700102022,50,21,1,1
102023,1,1110013,102023,700102023,50,41,1,1
102041,6,1110041,102041,700102041,40,4020,1,1
102042,1,1110042,102042,700102042,20,21,1,1
102043,1,1110043,102043,700102043,20,54,1,1
102061,6,1110047,102061,700102061,50,6020,1,1
102062,1,1110048,102062,700102062,50,66,1,1
102063,1,1110049,102063,700102063,40,81,1,1
102081,6,1110221,102081,700102081,5,8020,1,1
102082,1,1110222,102082,700102082,15,41,1,1
102083,1,1110223,102083,700102083,25,51,1,1
102171,6,1110017,102171,700102171,10,17020,1,1
102172,1,1110018,102172,700102172,50,44,1,1
102173,1,1110019,102173,700102173,50,51,1,1
102181,6,1110122,102181,700102181,10,2180,1,1
102182,1,1110123,102182,700102182,25,51,1,1
102183,1,1110124,102183,700102183,50,11,1,1
102371,6,1110461,102371,700102371,5,37020,1,1
102372,1,1110462,102372,700102372,30,51,1,1
102373,1,1110463,102373,700102373,25,31,1,1
102491,6,1110140,102491,700102491,10,49010,1,1
102492,1,1110141,102492,700102492,20,32,1,1
102493,1,1110142,102493,700102493,35,21,1,1
102851,6,1110035,102851,700102851,10,85020,1,1
102852,1,1110036,102852,700102852,50,41,1,1
102853,1,1110037,102853,700102853,50,21,1,1
102891,6,1110380,102891,700102891,5,89020,1,1
102892,1,1110381,102892,700102892,30,41,1,1
102893,1,1110382,102893,700102893,25,11,1,1
103011,6,1110020,103011,700101031,30,3010,1,1
103012,1,1110021,103012,700101032,50,11,1,1
103013,1,1110022,103013,700101033,40,92,1,1
103061,6,1110116,103061,700103061,10,6030,1,1
103062,1,1110117,103062,700103062,45,33,1,1
103063,1,1110118,103063,700103063,50,81,1,1
103131,6,1110125,103131,700103131,10,3130,1,1
103132,1,1110126,103132,700103132,50,21,1,1
103133,1,1110127,103133,700103133,25,92,1,1
103241,6,1110236,103241,700103241,5,24030,1,1
103242,1,1110237,103242,700103242,15,11,1,1
103243,1,1110238,103243,700103243,10,37,1,1
103831,6,1110074,103831,700103831,10,83030,1,1
103832,1,1110075,103832,700103832,50,23,1,1
103833,1,1110076,103833,700103833,50,41,1,1
103851,6,1110068,103851,700103851,10,85030,1,1
103852,1,1110069,103852,700102062,45,66,1,1
103853,1,1110070,103853,700103853,50,22,1,1
103901,6,1110467,103901,700103901,5,90030,1,1
103902,1,1110468,103902,700103902,30,11,1,1
103903,1,1110469,103903,700103903,25,31,1,1
104031,6,1110080,104031,700104031,10,3040,1,1
104032,1,1110081,104032,700104032,25,101,1,1
104033,1,1110082,104033,700104033,1,101,1,1
104151,6,1110128,104151,700104151,10,4150,1,1
104152,1,1110129,104152,700104152,50,36,1,1
104153,1,1110130,104153,700104153,40,81,1,1
104161,6,1110095,104161,700104161,10,16040,1,1
104162,1,1110096,104162,700104162,50,92,1,1
104163,1,1110097,104163,700104163,10,48,1,1
104181,6,1110071,104181,700104181,40,18040,1,1
104182,1,1110072,104182,700101213,20,102,1,1
104183,1,1110073,104183,700104183,20,101,1,1
104401,6,1110251,104401,700104401,5,40040,1,1
104402,1,1110252,104402,700104402,15,11,1,1
104403,1,1110253,104403,700104403,10,31,1,1
104491,6,1110176,104491,700104491,15,49040,1,1
104492,1,1110177,104492,700104492,10,61,1,1
104493,1,1110178,104493,700104493,45,31,1,1
104851,6,1110113,104851,700104851,10,85040,1,1
104852,1,1110114,104852,700104852,45,102,1,1
104853,1,1110115,104853,700104853,1,101,1,1
105021,6,1110083,105021,700105021,10,2050,1,1
105022,1,1110084,105022,700105022,25,51,1,1
105023,1,1110085,105023,700105023,50,81,1,1
105031,6,1110101,105031,700105031,10,3050,1,1
105032,1,1110102,105032,700105032,40,66,1,1
105033,1,1110103,105033,700105033,30,81,1,1
105071,6,1110107,105071,700105071,10,7050,1,1
105072,1,1110108,105072,700105072,45,34,1,1
105073,1,1110109,105073,700105073,50,12,1,1
105171,6,1110077,105171,700105171,10,17050,1,1
105172,1,1110078,105172,700102173,50,51,1,1
105173,1,1110079,105173,700102013,10,61,1,1
105181,6,1110110,105181,700105181,10,18050,1,1
105182,1,1110111,105182,700105182,45,92,1,1
105183,1,1110112,105183,700105183,50,82,1,1
105851,6,1110113,105851,700104851,10,85050,1,1
105901,6,1110599,105901,700105901,5,90050,1,1
105902,1,1110600,105902,700105902,30,31,1,1
105903,1,1110601,105903,700105903,25,91,1,1
106011,6,1110086,106011,700106011,10,1060,1,1
106012,1,1110087,106012,700106012,50,41,1,1
106013,1,1110088,106013,700106013,10,11,1,1
106021,6,1110104,106021,700106021,16,2060,1,1
106022,1,1110105,106022,700106022,20,101,1,1
106023,1,1110106,106023,700106023,45,31,1,1
106171,6,1110092,106171,700106171,10,17060,1,1
106172,1,1110093,106172,700106172,50,113,1,1
106173,1,1110094,106173,700106173,10,82,1,1
107071,6,1110002,107071,700141011,5,7070,1,1
107072,1,1110003,107072,700141012,30,11,1,1
107073,1,1110004,107073,700141013,25,31,1,1
108191,6,1110164,108191,700108191,15,19080,1,1
108192,1,1110165,108192,700108192,10,41,1,1
108193,1,1110166,108193,700108193,45,34,1,1
109171,6,1110569,109171,700109171,5,17090,1,1
109172,1,1110570,109172,700109172,30,51,1,1
109173,1,1110571,109173,700109173,25,21,1,1
110021,6,1110551,110021,700110021,5,2030,1,1
110022,1,1110552,110022,700110022,30,61,1,1
110023,1,1110553,110023,700110023,25,92,1,1
110100,0,1110001,101011,0,250,13,1,1
111011,6,1110617,111011,700111011,5,1110,1,1
111012,1,1110618,111012,700111012,30,22,1,1
111013,1,1110619,111013,700111013,25,21,1,1
111051,6,1110146,111051,700111051,10,5110,1,1
111052,1,1110147,111052,700111052,50,26,1,1
111053,1,1110148,111053,700111053,30,34,1,1
111171,6,1110590,111171,700111171,5,17110,1,1
111172,1,1110591,111172,700111172,30,61,1,1
111173,1,1110592,111173,700111173,25,31,1,1
112211,6,1110134,112211,700112211,10,21120,1,1
112212,1,1110135,112212,700112212,20,113,1,1
112213,1,1110136,112213,700112213,35,82,1,1
112321,6,1110317,112321,700112321,5,32120,1,1
112322,1,1110318,112322,700112322,30,31,1,1
112323,1,1110319,112323,700112323,25,61,1,1
112491,6,1110434,112491,700112491,5,49120,1,1
112492,1,1110435,112492,700112492,25,61,1,1
112493,1,1110436,112493,700112493,20,31,1,1
113011,6,1110098,113011,700113011,10,1130,1,1
113012,1,1110099,113012,700113012,50,35,1,1
113013,1,1110100,113013,700113013,10,101,1,1
113161,6,1110143,113161,700113161,15,16130,1,1
113162,1,1110144,113162,700113162,10,62,1,1
113163,1,1110145,113163,700113163,45,21,1,1
114831,6,1110152,114831,700114831,10,83140,1,1
114832,1,1110153,114832,700114832,50,51,1,1
114833,1,1110154,114833,700114833,30,61,1,1
114851,6,1110149,114851,700114851,10,85140,1,1
114852,1,1110150,114852,700114852,50,113,1,1
114853,1,1110151,114853,700114853,30,103,1,1
115441,6,1110335,115441,700115441,5,44150,1,1
115442,1,1110336,115442,700115442,30,51,1,1
115443,1,1110337,115443,700115443,25,61,1,1
115491,6,1110674,115491,700115491,5,49150,1,1
115492,1,1110675,115492,700115492,15,21,1,1
115493,1,1110676,115493,700115493,14,31,1,1
115841,6,1110155,115841,700115841,10,84150,1,1
115842,1,1110156,115842,700115842,50,101,1,1
115843,1,1110157,115843,700115843,30,33,1,1
117021,6,1110581,117021,700117021,5,2170,1,1
117022,1,1110582,117022,700117022,24,61,1,1
117023,1,1110583,117023,700117023,23,31,1,1
117071,6,1110137,117071,700117071,10,7170,1,1
117072,1,1110138,117072,700117072,15,31,1,1
117073,1,1110139,117073,700117073,20,101,1,1
117161,6,1110179,117161,700117161,1,16170,1,1
117162,1,1110180,117162,700117162,10,41,1,1
117163,1,1110181,117163,700117163,45,101,1,1
117271,6,1110368,117271,700117271,5,27170,1,1
117272,1,1110369,117272,700117272,30,61,1,1
117273,1,1110370,117273,700117273,25,31,1,1
118041,6,1110173,118041,700118041,10,4180,1,1
118042,1,1110174,118042,700118042,15,66,1,1
118043,1,1110175,118043,700118043,5,27,1,1
119021,6,1110623,119021,700119021,5,2190,1,1
119022,1,1110624,119022,700119022,30,11,1,1
119023,1,1110625,119023,700119023,25,61,1,1
119041,6,1110191,119041,700119041,15,4190,1,1
119042,1,1110192,119042,700119042,25,61,1,1
119043,1,1110193,119043,700119043,30,31,1,1
119061,6,1110185,119061,700119061,15,6190,1,1
119062,1,1110186,119062,700119062,10,66,1,1
119063,1,1110187,119063,700119063,45,31,1,1
119171,6,1110131,119171,700119171,10,17190,1,1
119172,1,1110132,119172,700119172,15,113,1,1
119173,1,1110133,119173,700119173,40,15,1,1
120011,6,1110584,120011,700120011,5,1200,1,1
120012,1,1110585,120012,700120012,30,41,1,1
120013,1,1110586,120013,700120013,25,31,1,1
120021,6,1110665,120021,700120021,5,2200,1,1
120022,1,1110666,120022,700120022,30,51,1,1
120023,1,1110667,120023,700120023,25,31,1,1
120061,6,1110194,120061,700120061,1,6200,1,1
120062,1,1110195,120062,700120062,5,101,1,1
120063,1,1110196,120063,700120063,20,101,1,1
120071,6,1110158,120071,700120071,10,7200,1,1
120072,1,1110159,120072,700120072,50,33,1,1
120073,1,1110160,120073,700120073,40,62,1,1
120171,6,1110671,120171,700120171,5,17200,1,1
120172,1,1110672,120172,700120172,30,51,1,1
120173,1,1110673,120173,700120173,25,61,1,1
121171,6,1110626,121171,700121171,5,17210,1,1
121172,1,1110627,121172,700121172,24,61,1,1
121173,1,1110628,121173,700121173,23,31,1,1
122021,6,1110608,122021,700122021,5,2220,1,1
122022,1,1110609,122022,700122022,30,51,1,1
122023,1,1110610,122023,700122023,25,21,1,1
122181,6,1110206,122181,700122181,8,18220,1,1
122182,1,1110207,122182,700122182,20,51,1,1
122183,1,1110208,122183,700122183,12,35,1,1
123011,6,1110653,123011,700123011,5,1230,1,1
123012,1,1110654,123012,700123012,30,51,1,1
123013,1,1110655,123013,700123013,25,61,1,1
123021,6,1110002,123021,700141011,5,2230,1,1
123022,1,1110003,123022,700141012,30,11,1,1
123023,1,1110004,123023,700141013,25,31,1,1
123061,6,1110257,123061,700123061,5,6230,1,1
123062,1,1110258,123062,700123062,30,41,1,1
123063,1,1110259,123063,700123063,25,31,1,1
123831,6,1110275,123831,700123831,5,83230,1,1
123832,1,1110276,123832,700123832,30,31,1,1
123833,1,1110277,123833,700123833,25,61,1,1
124021,6,1110695,124021,700124021,5,2240,1,1
124022,1,1110696,124022,700124022,30,51,1,1
124023,1,1110697,124023,700124023,25,61,1,1
124161,6,1110233,124161,700124161,5,16240,1,1
124162,1,1110234,124162,700124162,15,41,1,1
124163,1,1110235,124163,700124163,10,61,1,1
124171,6,1110647,124171,700124171,5,17240,1,1
124172,1,1110648,124172,700124173,25,31,1,1
124173,1,1110649,124173,700124172,20,61,1,1
125021,6,1110167,125021,700125021,15,2250,1,1
125022,1,1110168,125022,700125022,10,21,1,1
125023,1,1110169,125023,700125023,45,61,1,1
125171,6,1110683,125171,700125171,5,17250,1,1
125172,1,1110684,125172,700125172,30,31,1,1
125173,1,1110685,125173,700125173,25,61,1,1
126011,6,1110161,126011,700126011,15,1260,1,1
126012,1,1110162,126012,700126012,10,91,1,1
126013,1,1110163,126013,700126013,45,34,1,1
126031,6,1110224,126031,700126031,5,3260,1,1
126032,1,1110225,126032,700126032,15,22,1,1
126033,1,1110226,126033,700126033,10,31,1,1
126321,6,1110500,126321,700126321,5,32260,1,1
126322,1,1110501,126322,700126322,30,41,1,1
126323,1,1110502,126323,700126323,25,31,1,1
127011,6,1110689,127011,700127011,5,1270,1,1
127012,1,1110690,127012,700127012,25,31,1,1
127013,1,1110691,127013,700127013,24,61,1,1
127051,6,1110323,127051,700127051,5,5270,1,1
127052,1,1110324,127052,700127052,25,41,1,1
127053,1,1110325,127053,700127053,30,61,1,1
127161,6,1110281,127161,700127161,5,16270,1,1
127162,1,1110282,127162,700127162,30,61,1,1
127163,1,1110283,127163,700127163,25,61,1,1
127171,6,1110170,127171,700127171,5,17270,1,1
127172,1,1110171,127172,700127172,15,31,1,1
127173,1,1110172,127173,700127173,10,61,1,1
127401,6,1110473,127401,700127401,5,40270,1,1
127402,1,1110474,127402,700127402,30,61,1,1
127403,1,1110475,127403,700127403,25,31,1,1
127851,6,1110242,127851,700127851,5,85270,1,1
127852,1,1110243,127852,700127852,15,61,1,1
127853,1,1110244,127853,700127853,10,51,1,1
128021,6,1110197,128021,700128021,20,2280,1,1
128022,1,1110198,128022,700128022,25,37,1,1
128023,1,1110199,128023,700128023,15,66,1,1
128061,6,1110239,128061,700128061,5,6280,1,1
128062,1,1110240,128062,700128062,15,35,1,1
128063,1,1110241,128063,700128063,10,21,1,1
128071,6,1110218,128071,700128071,20,7280,1,1
128072,1,1110219,128072,700128072,30,35,1,1
128073,1,1110220,128073,700128073,10,113,1,1
128171,6,1110209,128171,700128171,5,17280,1,1
128172,1,1110210,128172,700128172,25,41,1,1
128173,1,1110211,128173,700128173,15,21,1,1
129851,6,1110269,129851,700145171,5,85290,1,1
129852,1,1110270,129852,700145172,30,41,1,1
129853,1,1110271,129853,700145173,25,11,1,1
130021,6,1110215,130021,700130021,15,2300,1,1
130022,1,1110216,130022,700130022,10,61,1,1
130023,1,1110217,130023,700130023,5,51,1,1
130071,6,1110245,130071,700130071,41,7300,1,1
130072,1,1110246,130072,700130072,14,61,1,1
130073,1,1110247,130073,700130073,10,93,1,1
130081,6,1110491,130081,700130081,5,8300,1,1
130082,1,1110492,130082,700130082,25,31,1,1
130083,1,1110493,130083,700130083,20,61,1,1
130171,6,1110188,130171,700130171,15,17300,1,1
130172,1,1110189,130172,700130172,20,41,1,1
130173,1,1110190,130173,700130173,45,31,1,1
130211,6,1110329,130211,700130211,5,21300,1,1
130212,1,1110330,130212,700130212,30,31,1,1
130213,1,1110331,130213,700130213,25,61,1,1
131011,6,1110182,131011,700131011,15,1310,1,1
131012,1,1110183,131012,700131012,10,26,1,1
131013,1,1110184,131013,700131013,45,51,1,1
131171,6,1110203,131171,700131171,25,17310,1,1
131172,1,1110204,131172,700131172,15,111,1,1
131173,1,1110205,131173,700131173,5,61,1,1
131441,6,1110524,131441,700131441,5,44310,1,1
131442,1,1110525,131442,700131442,30,92,1,1
131443,1,1110526,131443,700131443,25,51,1,1
132011,6,1110200,132011,700132011,10,1320,1,1
132012,1,1110201,132012,700132012,30,61,1,1
132013,1,1110202,132013,700132013,15,21,1,1
132051,6,1110359,132051,700132051,5,5320,1,1
132052,1,1110360,132052,700132052,25,11,1,1
132053,1,1110361,132053,700132053,30,31,1,1
132271,6,1110563,132271,700132271,5,27320,1,1
132272,1,1110564,132272,700132272,30,61,1,1
132273,1,1110565,132273,700132273,25,11,1,1
133161,6,1110326,133161,700133161,5,16330,1,1
133162,1,1110327,133162,700133162,30,11,1,1
133163,1,1110328,133163,700133163,25,51,1,1
134071,6,1110263,134071,700134071,5,7340,1,1
134072,1,1110264,134072,700134072,30,66,1,1
134073,1,1110265,134073,700134073,25,83,1,1
135011,6,1110212,135011,700135011,20,1350,1,1
135012,1,1110213,135012,700135012,5,32,1,1
135013,1,1110214,135013,700135013,10,21,1,1
135021,6,1110230,135021,700135021,5,2350,1,1
135022,1,1110231,135022,700135022,20,13,1,1
135023,1,1110232,135023,700135023,45,31,1,1
135181,6,1110284,135181,700135181,5,18350,1,1
135182,1,1110285,135182,700135182,30,26,1,1
135183,1,1110286,135183,700135183,25,31,1,1
135841,6,1110428,135841,700135841,5,84350,1,1
135842,1,1110429,135842,700135842,30,31,1,1
135843,1,1110430,135843,700135843,25,51,1,1
136851,6,1110290,136851,700136851,5,85360,1,1
136852,1,1110291,136852,700136852,30,31,1,1
136853,1,1110292,136853,700136853,25,63,1,1
137041,6,1110311,137041,700137041,5,4370,1,1
137042,1,1110312,137042,700137042,30,101,1,1
137043,1,1110313,137043,700137043,1,101,1,1
137831,6,1110377,137831,700137831,5,83370,1,1
137832,1,1110378,137832,700137832,30,41,1,1
137833,1,1110379,137833,700137833,25,34,1,1
138031,6,1110293,138031,700138031,5,3380,1,1
138032,1,1110294,138032,700138032,30,62,1,1
138033,1,1110295,138033,700138033,25,31,1,1
138061,6,1110305,138061,700138061,5,6380,1,1
138062,1,1110306,138062,700138062,30,11,1,1
138063,1,1110307,138063,700138063,25,31,1,1
138171,6,1110227,138171,700138171,6,17380,1,1
138172,1,1110228,138172,700138172,4,56,1,1
138173,1,1110229,138173,700138173,30,21,1,1
139851,6,1110332,139851,700139851,5,85390,1,1
139852,1,1110333,139852,700139852,25,61,1,1
139853,1,1110334,139853,700139853,24,36,1,1
140831,6,1110416,140831,700140831,5,83400,1,1
140832,1,1110417,140832,700140832,30,41,1,1
140833,1,1110418,140833,700140833,25,31,1,1
141011,6,1110254,141011,700141011,5,1410,1,1
141012,1,1110255,141012,700141012,15,112,1,1
141013,1,1110256,141013,700141013,10,61,1,1
141401,6,1110644,141401,700141401,5,40410,1,1
141402,1,1110645,141402,700141402,24,51,1,1
141403,1,1110646,141403,700141403,23,11,1,1
142051,6,1110455,142051,700142051,5,5420,1,1
142052,1,1110456,142052,700142052,30,91,1,1
142053,1,1110457,142053,700142053,25,31,1,1
142161,6,1110374,142161,700142161,5,16420,1,1
142162,1,1110375,142162,700142162,30,11,1,1
142163,1,1110376,142163,700142163,25,31,1,1
142211,6,1110449,142211,700142211,5,21420,1,1
142212,1,1110450,142212,700142212,30,61,1,1
142213,1,1110451,142213,700142213,25,31,1,1
143011,6,1110260,143011,700143011,5,1430,1,1
143012,1,1110261,143012,700143012,30,51,1,1
143013,1,1110262,143013,700143013,25,31,1,1
144041,6,1110353,144041,700144041,5,4440,1,1
144042,1,1110354,144042,700144042,25,61,1,1
144043,1,1110355,144043,700144043,30,31,1,1
144171,6,1110248,144171,700144171,5,17440,1,1
144172,1,1110249,144172,700144172,15,61,1,1
144173,1,1110250,144173,700144173,10,31,1,1
144841,6,1110575,144841,700144841,5,84440,1,1
144842,1,1110576,144842,700144842,30,51,1,1
144843,1,1110577,144843,700144843,25,31,1,1
145021,6,1110299,145021,700145021,5,2450,1,1
145022,1,1110300,145022,700145022,30,51,1,1
145023,1,1110301,145023,700145023,25,31,1,1
145031,6,1110341,145031,700145031,5,3450,1,1
145032,1,1110342,145032,700145032,30,31,1,1
145033,1,1110343,145033,700145033,25,61,1,1
145071,6,1110314,145071,700145071,5,7450,1,1
145072,1,1110315,145072,700145072,30,51,1,1
145073,1,1110316,145073,700145073,25,61,1,1
145171,6,1110272,145171,700129851,5,17450,1,1
145172,1,1110273,145172,700129852,30,51,1,1
145173,1,1110274,145173,700129853,25,31,1,1
146021,6,1110278,146021,700146021,5,2460,1,1
146022,1,1110279,146022,700146022,30,62,1,1
146023,1,1110280,146023,700146023,25,31,1,1
146061,6,1110350,146061,700146061,5,6460,1,1
146062,1,1110351,146062,700146062,25,41,1,1
146063,1,1110352,146063,700146063,30,51,1,1
146441,6,1110002,146441,700141011,5,44460,1,1
146442,1,1110003,146442,700141012,30,11,1,1
146443,1,1110004,146443,700141013,25,31,1,1
147041,6,1110404,147041,700147041,5,4470,1,1
147042,1,1110405,147042,700147042,30,11,1,1
147043,1,1110406,147043,700147043,25,31,1,1
148051,6,1110506,148051,700148051,5,5480,1,1
148052,1,1110507,148052,700148052,23,11,1,1
148053,1,1110508,148053,700148053,24,31,1,1
149181,6,1110401,149181,700149181,5,18490,1,1
149182,1,1110402,149182,700149182,30,92,1,1
149183,1,1110403,149183,700149183,25,41,1,1
150031,6,1110362,150031,700150031,5,3500,1,1
150032,1,1110363,150032,700150032,30,11,1,1
150033,1,1110364,150033,700150033,25,31,1,1
150061,6,1110386,150061,700150061,5,6500,1,1
150062,1,1110387,150062,700150062,30,91,1,1
150063,1,1110388,150063,700150063,25,101,1,1
151171,6,1110287,151171,700151171,5,17510,1,1
151172,1,1110288,151172,700151172,30,61,1,1
151173,1,1110289,151173,700151173,25,31,1,1
151181,6,1110392,151181,700151181,5,18510,1,1
151182,1,1110393,151182,700151182,30,21,1,1
151183,1,1110394,151183,700151183,25,41,1,1
152031,6,1110398,152031,700152031,5,3520,1,1
152032,1,1110399,152032,700152032,30,61,1,1
152033,1,1110400,152033,700152033,25,31,1,1
152831,6,1110545,152831,700152831,5,83520,1,1
152832,1,1110546,152832,700152832,30,11,1,1
152833,1,1110547,152833,700152833,25,31,1,1
153011,6,1110296,153011,700153011,5,1530,1,1
153012,1,1110297,153012,700153012,30,66,1,1
153013,1,1110298,153013,700153013,25,21,1,1
153021,6,1110308,153021,700153021,5,2530,1,1
153022,1,1110309,153022,700153022,30,36,1,1
153023,1,1110310,153023,700153023,25,41,1,1
153061,6,1110419,153061,700153061,5,6530,1,1
153062,1,1110420,153062,700153062,30,31,1,1
153063,1,1110421,153063,700153063,25,61,1,1
153851,6,1110410,153851,700153851,5,85530,1,1
153852,1,1110411,153852,700153852,30,31,1,1
153853,1,1110412,153853,700153853,25,61,1,1
154041,6,1110452,154041,700154041,5,4540,1,1
154042,1,1110453,154042,700154042,30,21,1,1
154043,1,1110454,154043,700154043,20,61,1,1
154171,6,1110302,154171,700154171,10,17540,1,1
154172,1,1110303,154172,700154172,20,61,1,1
154173,1,1110304,154173,700154173,25,11,1,1
155011,6,1110320,155011,700155011,20,1550,1,1
155012,1,1110321,155012,700155012,19,27,1,1
155013,1,1110322,155013,700155013,24,51,1,1
155161,6,1110494,155161,700155161,5,16550,1,1
155162,1,1110495,155162,700155162,30,51,1,1
155163,1,1110496,155163,700155163,25,92,1,1
157051,6,1110572,157051,700157051,5,5570,1,1
157052,1,1110573,157052,700157052,25,31,1,1
157053,1,1110574,157053,700157053,20,61,1,1
159061,6,1110437,159061,700159061,5,6590,1,1
159062,1,1110438,159062,700159062,30,41,1,1
159063,1,1110439,159063,700159063,25,31,1,1
159181,6,1110470,159181,700159181,5,18590,1,1
159182,1,1110471,159182,700159182,30,11,1,1
159183,1,1110472,159183,700159183,25,31,1,1
159851,6,1110431,159851,700159851,5,85590,1,1
159852,1,1110432,159852,700159852,25,61,1,1
159853,1,1110433,159853,700159853,24,31,1,1
160011,6,1110338,160011,700160011,5,1600,1,1
160012,1,1110339,160012,700160012,30,61,1,1
160013,1,1110340,160013,700160013,25,51,1,1
160831,6,1110611,160831,700160831,5,83600,1,1
160832,1,1110612,160832,700160832,30,61,1,1
160833,1,1110613,160833,700160833,25,91,1,1
161011,6,1110356,161011,700161011,5,1610,1,1
161012,1,1110357,161012,700161012,25,11,1,1
161013,1,1110358,161013,700161013,30,31,1,1
161051,6,1110635,161051,700161051,5,5610,1,1
161052,1,1110636,161052,700161052,30,61,1,1
161053,1,1110637,161053,700161053,25,91,1,1
161161,6,1110560,161161,700161161,5,16610,1,1
161162,1,1110561,161162,700161162,30,61,1,1
161163,1,1110562,161163,700161163,25,21,1,1
161211,6,1110593,161211,700166161,5,21610,1,1
161212,1,1110594,161212,700166162,30,61,1,1
161213,1,1110595,161213,700166163,25,31,1,1
162171,6,1110344,162171,700162171,5,17620,1,1
162172,1,1110345,162172,700162172,30,41,1,1
162173,1,1110346,162173,700162173,25,31,1,1
163021,6,1110347,163021,700163021,5,2630,1,1
163022,1,1110348,163022,700163022,20,11,1,1
163023,1,1110349,163023,700163023,25,61,1,1
163041,6,1110536,163041,700163041,5,4630,1,1
163042,1,1110537,163042,700163042,30,11,1,1
163043,1,1110538,163043,700163043,25,31,1,1
164211,6,1110614,164211,700164211,5,21640,1,1
164212,1,1110615,164212,700164212,25,31,1,1
164213,1,1110616,164213,700164213,20,61,1,1
165071,6,1110425,165071,700165071,5,7650,1,1
165072,1,1110426,165072,700165072,30,41,1,1
165073,1,1110427,165073,700165073,25,31,1,1
167011,6,1110395,167011,700167011,5,1670,1,1
167012,1,1110396,167012,700167012,30,51,1,1
167013,1,1110397,167013,700167013,25,31,1,1
167021,6,1110371,167021,700167021,5,2670,1,1
167022,1,1110372,167022,700167022,30,51,1,1
167023,1,1110373,167023,700167023,25,31,1,1
167031,6,1110503,167031,700167031,5,3670,1,1
167032,1,1110504,167032,700167032,30,11,1,1
167033,1,1110505,167033,700167033,20,31,1,1
167171,6,1110365,167171,700167171,5,17670,1,1
167172,1,1110366,167172,700167172,25,51,1,1
167173,1,1110367,167173,700167173,30,42,1,1
167181,6,1110518,167181,700167181,5,18670,1,1
167182,1,1110519,167182,700167182,30,31,1,1
167183,1,1110520,167183,700167183,25,31,1,1
167851,6,1110485,167851,700167851,5,85670,1,1
167852,1,1110486,167852,700167852,30,61,1,1
167853,1,1110487,167853,700167853,25,31,1,1
168041,6,1110578,168041,700168041,5,4680,1,1
168042,1,1110579,168042,700168042,25,31,1,1
168043,1,1110580,168043,700168043,20,61,1,1
169021,6,1110383,169021,700169021,5,2690,1,1
169022,1,1110384,169022,700169022,30,11,1,1
169023,1,1110385,169023,700169023,25,21,1,1
169211,6,1110650,169211,700169211,5,21690,1,1
169212,1,1110651,169212,700169212,30,61,1,1
169213,1,1110652,169213,700169213,25,91,1,1
170031,6,1110527,170031,700170031,5,3700,1,1
170032,1,1110528,170032,700170032,30,61,1,1
170033,1,1110529,170033,700170033,25,61,1,1
170171,6,1110389,170171,700170171,5,17700,1,1
170172,1,1110390,170172,700170172,30,11,1,1
170173,1,1110391,170173,700170173,25,31,1,1
170851,6,1110512,170851,700170851,5,85700,1,1
170852,1,1110513,170852,700170852,30,11,1,1
170853,1,1110514,170853,700170853,25,31,1,1
171011,6,1110407,171011,700171011,5,1710,1,1
171012,1,1110408,171012,700171012,30,61,1,1
171013,1,1110409,171013,700171013,25,21,1,1
171161,6,1110641,171161,700171161,5,16710,1,1
171162,1,1110642,171162,700171162,25,61,1,1
171163,1,1110643,171163,700171163,24,21,1,1
172181,6,1110566,172181,700172181,5,18720,1,1
172182,1,1110567,172182,700172182,30,61,1,1
172183,1,1110568,172183,700172183,25,31,1,1
173041,6,1110632,173041,700173041,5,4730,1,1
173042,1,1110633,173042,700173042,30,61,1,1
173043,1,1110634,173043,700173043,25,31,1,1
174061,6,1110557,174061,700174061,5,6740,1,1
174062,1,1110558,174062,700174062,30,31,1,1
174063,1,1110559,174063,700174063,25,31,1,1
174171,6,1110413,174171,700174171,5,17740,1,1
174172,1,1110414,174172,700174172,30,21,1,1
174173,1,1110415,174173,700174173,25,51,1,1
175851,6,1110542,175851,700175851,5,85750,1,1
175852,1,1110543,175852,700175852,30,11,1,1
175853,1,1110544,175853,700175853,25,31,1,1
176061,6,1110533,176061,700176061,5,6700,1,1
176062,1,1110534,176062,700176062,30,11,1,1
176063,1,1110535,176063,700176063,25,31,1,1
176071,6,1110488,176071,700176071,5,7760,1,1
176072,1,1110489,176072,700176072,25,31,1,1
176073,1,1110490,176073,700176073,20,61,1,1
177161,6,1110686,177161,700177161,6,16770,1,1
177162,1,1110687,177162,700177162,30,91,1,1
177163,1,1110688,177163,700177163,25,61,1,1
178011,6,1110440,178011,700178011,5,1780,1,1
178012,1,1110441,178012,700178012,30,61,1,1
178013,1,1110442,178013,700178013,25,31,1,1
179041,6,1110680,179041,700179041,6,4790,1,1
179042,1,1110681,179042,700179042,30,31,1,1
179043,1,1110682,179043,700179043,19,61,1,1
179071,6,1110521,179071,700179071,5,7790,1,1
179072,1,1110522,179072,700179072,30,51,1,1
179073,1,1110523,179073,700179073,25,11,1,1
180181,6,1110638,180181,700180181,5,18800,1,1
180182,1,1110639,180182,700180182,30,51,1,1
180183,1,1110640,180183,700180183,25,11,1,1
181061,6,1110596,181061,700181061,5,6810,1,1
181062,1,1110597,181062,700181062,30,41,1,1
181063,1,1110598,181063,700181063,25,21,1,1
181171,6,1110446,181171,700181171,5,17810,1,1
181172,1,1110447,181172,700181172,30,61,1,1
181173,1,1110448,181173,700181173,25,31,1,1
182021,6,1110443,182021,700182021,5,2820,1,1
182022,1,1110444,182022,700182022,30,51,1,1
182023,1,1110445,182023,700182023,25,11,1,1
182031,6,1110605,182031,700182031,25,3820,1,1
182032,1,1110606,182032,700182032,40,61,1,1
182033,1,1110607,182033,700182033,1,101,1,1
184851,6,1110602,184851,700184851,6,85840,1,1
184852,1,1110603,184852,700184852,20,61,1,1
184853,1,1110604,184853,700184853,19,31,1,1
185031,6,1110620,185031,700185031,5,3850,1,1
185032,1,1110621,185032,700185032,25,61,1,1
185033,1,1110622,185033,700185033,20,31,1,1
185171,6,1110464,185171,700185171,5,17850,1,1
185172,1,1110465,185172,700185172,30,21,1,1
185173,1,1110466,185173,700185173,25,31,1,1
186021,6,1110458,186021,700186021,5,2860,1,1
186022,1,1110459,186022,700186022,30,101,1,1
186023,1,1110460,186023,700186023,25,101,1,1
187011,6,1110476,187011,700187011,5,1870,1,1
187012,1,1110477,187012,700187012,30,51,1,1
187013,1,1110478,187013,700187013,25,61,1,1
187851,6,1110629,187851,700187851,5,85870,1,1
187852,1,1110630,187852,700187852,25,61,1,1
187853,1,1110631,187853,700187853,24,21,1,1
188011,6,1110509,188011,700188011,5,1880,1,1
188012,1,1110510,188012,700188012,30,51,1,1
188013,1,1110511,188013,700188013,25,31,1,1
188031,6,1110662,188031,700188031,5,3880,1,1
188032,1,1110663,188032,700188032,24,31,1,1
188033,1,1110664,188033,700188033,23,61,1,1
188071,6,1110587,188071,700188071,5,7880,1,1
188072,1,1110588,188072,700188072,25,61,1,1
188073,1,1110589,188073,700188073,20,31,1,1
189061,6,1110656,189061,700189061,25,6890,1,1
189062,1,1110657,189062,700189062,40,61,1,1
189063,1,1110658,189063,700189063,1,101,1,1
192061,6,1110677,192061,700192061,5,6920,1,1
192062,1,1110678,192062,700192062,25,31,1,1
192063,1,1110679,192063,700192063,20,61,1,1
192171,6,1110482,192171,700192171,5,17920,1,1
192172,1,1110483,192172,700192172,30,31,1,1
192173,1,1110484,192173,700192173,25,61,1,1
193011,6,1110539,193011,700193011,5,1930,1,1
193012,1,1110540,193012,700193012,30,11,1,1
193013,1,1110541,193013,700193013,25,31,1,1
193021,6,1110479,193021,700193021,5,2930,1,1
193022,1,1110480,193022,700193022,30,21,1,1
193023,1,1110481,193023,700193023,25,31,1,1
194021,6,1110497,194021,700194021,5,2940,1,1
194022,1,1110498,194022,700194022,30,51,1,1
194023,1,1110499,194023,700194023,25,21,1,1
194031,6,1110698,194031,700194031,5,3940,1,1
194032,1,1110699,194032,700194032,25,31,1,1
194033,1,1110700,194033,700194033,20,61,1,1
194171,6,1110515,194171,700194171,5,17940,1,1
194172,1,1110516,194172,700194172,30,61,1,1
194173,1,1110517,194173,700194173,25,31,1,1
196011,6,1110548,196011,700196011,5,1960,1,1
196012,1,1110549,196012,700196012,30,51,1,1
196013,1,1110550,196013,700196013,25,31,1,1
196851,6,1110668,196851,700196851,5,85960,1,1
196852,1,1110669,196852,700196852,30,61,1,1
196853,1,1110670,196853,700196853,25,31,1,1
197021,6,1110530,197021,700197021,25,2970,1,1
197022,1,1110531,197022,700197022,40,61,1,1
197023,1,1110532,197023,700197023,1,101,1,1
198071,6,1110659,198071,700198071,5,7980,1,1
198072,1,1110660,198072,700198072,25,61,1,1
198073,1,1110661,198073,700198073,24,31,1,1
198851,6,1110692,198851,700198851,5,85980,1,1
198852,1,1110693,198852,700198852,24,31,1,1
198853,1,1110694,198853,700198853,23,61,1,1
199171,6,1110554,199171,700199171,5,17990,1,1
199172,1,1110555,199172,700199172,30,61,1,1
199173,1,1110556,199173,700199173,25,31,1,1
400101,0,1,101011,700110101,255,13,7,1
400102,0,1,101011,700110101,255,13,7,1
401011,6,1110002,401011,700101011,50,1010,1,1
401012,1,1110003,401012,700101012,50,21,1,1
401013,1,1110004,401013,700101013,40,71,1,1
401014,6,1110002,401014,700101011,50,1010,1,1
401015,6,1110002,101011,700101011,50,1010,1,1
401016,1,1110003,101012,700101012,50,21,1,1
401017,1,1110004,102011,700101013,20,71,1,1
401018,1,1110003,401018,700101012,15,21,1,1
401019,1,1110004,401019,700101013,30,71,1,1
401021,6,1110008,401021,700101021,60,2010,1,1
401022,1,1110009,401022,700101022,50,71,1,1
401023,1,1110010,401023,700101023,40,68,1,1
401024,6,1110005,101021,700102011,30,1020,7,1
401025,1,1110006,101022,700102012,20,12,7,1
401026,1,1110007,101023,700102013,15,68,7,1
401031,6,1110020,401031,700101031,50,3010,1,1
401032,1,1110021,401032,700101032,40,15,1,1
401033,1,1110022,401033,700101033,100,92,1,1
401041,6,1110038,101041,700101041,50,4010,1,1
401042,1,1110039,101042,700101042,50,13,1,1
401043,1,1110040,101043,700101043,50,41,1,1
401044,6,1110038,401044,700101041,50,4010,1,1
401048,1,1110039,401048,700101042,50,13,1,1
401049,1,1110040,401049,700101043,50,41,1,1
401051,6,1110056,101052,700101051,20,5010,1,1
401052,1,1110057,101053,700101052,40,28,1,1
401053,1,1110058,101091,700101053,50,92,1,1
401054,6,1110056,401054,700101051,20,5010,1,1
401058,1,1110057,401058,700101052,40,28,1,1
401059,1,1110058,401059,700101053,50,92,1,1
401061,6,1110044,101061,700101061,50,6010,1,1
401062,1,1110045,101062,700101062,60,34,1,1
401063,1,1110046,101063,700101063,20,103,1,1
401064,6,1110044,401064,700101061,50,6010,1,1
401068,1,1110045,401068,700101062,60,34,1,1
401069,1,1110046,401069,700101063,20,103,1,1
401071,6,1110023,101071,700101071,35,7010,1,1
401072,1,1110024,101072,700101072,50,11,1,1
401073,1,1110025,101073,700101073,17,102,1,1
401074,6,1110023,401074,700101071,50,7010,1,1
401078,1,1110024,401078,700101072,15,11,1,1
401079,1,1110025,401079,700101073,30,102,1,1
401091,6,1110059,101092,700101091,50,9010,1,1
401092,1,1110060,101093,700101092,40,42,1,1
401093,1,1110061,101201,700101093,16,81,1,1
401094,6,1110059,401094,700101091,50,9010,1,1
401098,1,1110060,401098,700101092,40,42,1,1
401099,1,1110061,401099,700101093,16,81,1,1
401161,6,1110029,101162,700101161,45,16010,1,1
401162,1,1110030,101162,700101162,60,62,1,1
401163,1,1110031,101163,700101163,40,83,1,1
401164,6,1110029,401164,700101161,45,16010,1,1
401168,1,1110030,401168,700101162,60,62,1,1
401169,1,1110031,401169,700101163,40,83,1,1
401171,6,1110014,401171,700110101,30,17010,1,1
401172,1,1110015,401172,700110102,50,51,1,1
401173,1,1110001,401173,700110103,40,41,1,1
401174,6,1110014,401174,700101171,50,17010,1,1
401175,6,1110014,101171,700101171,60,17010,1,1
401176,1,1110015,101172,700101172,50,51,1,1
401177,1,1110016,103011,700101173,30,41,1,1
401178,1,1110015,401178,700101172,15,51,1,1
401179,1,1110016,401179,700101173,30,41,1,1
401181,6,1110026,101181,700101181,30,18010,1,1
401182,1,1110027,101183,700101182,40,44,1,1
401183,1,1110028,101161,700101183,30,93,1,1
401184,6,1110026,401184,700101181,30,18010,1,1
401188,1,1110027,401188,700101182,40,44,1,1
401189,1,1110028,401189,700101183,30,93,1,1
401201,6,1110062,101201,700101201,35,20010,1,1
401202,1,1110063,101202,700101202,50,11,1,1
401203,1,1110064,101203,700101203,50,51,1,1
401204,6,1110062,401204,700101201,35,20010,1,1
401208,1,1110063,401208,700101202,50,11,1,1
401209,1,1110064,401209,700101203,50,51,1,1
401211,6,1110050,101211,700101211,16,21010,1,1
401212,1,1110051,101212,700101212,50,11,1,1
401213,1,1110052,101213,700101213,20,101,1,1
401214,6,1110050,401214,700101211,16,21010,1,1
401218,1,1110051,401218,700101212,50,11,1,1
401219,1,1110052,401219,700101213,20,101,1,1
401221,6,1110065,101221,700101221,50,22010,1,1
401222,1,1110066,101222,700101222,50,12,1,1
401223,1,1110067,101223,700101223,40,81,1,1
401224,6,1110065,401224,700101221,50,22010,1,1
401228,1,1110066,401228,700101222,50,12,1,1
401229,1,1110067,401229,700101223,40,81,1,1
401331,6,1110089,101331,700401331,10,33010,1,1
401332,1,1110090,101332,700102013,50,68,1,1
401333,1,1110091,101333,700401333,10,13,1,1
401841,6,1110053,101841,700101841,50,84010,1,1
401842,1,1110054,101843,700101842,40,82,1,1
401843,1,1110055,101051,700101843,20,102,1,1
401844,6,1110053,401844,700101841,50,84010,1,1
401848,1,1110054,401848,700101842,40,82,1,1
401849,1,1110055,401849,700101843,20,102,1,1
402011,6,1110008,102012,700101021,40,2010,7,1
402012,1,1110009,102013,700101022,15,71,1,1
402013,1,1110010,101171,700101023,45,28,7,1
402014,6,1110008,402014,700101021,50,2010,7,1
402018,1,1110009,402018,700101022,15,71,1,1
402019,1,1110010,402019,700101023,45,28,7,1
402021,6,1110011,102021,700102021,10,2020,1,1
402022,1,1110012,102022,700102022,50,21,1,1
402023,1,1110013,102023,700102023,50,41,1,1
402041,6,1110041,102041,700102041,40,4020,1,1
402042,1,1110042,102042,700102042,20,21,1,1
402043,1,1110043,102043,700102043,20,54,1,1
402061,6,1110047,102061,700102061,50,6020,1,1
402062,1,1110048,102062,700102062,50,66,1,1
402063,1,1110049,102063,700102063,40,81,1,1
402171,6,1110017,102171,700102171,10,17020,1,1
402172,1,1110018,102172,700102172,50,44,1,1
402173,1,1110019,102173,700102173,50,51,1,1
402491,6,1110140,102491,700402491,10,49010,1,1
402492,1,1110141,102492,700402492,15,32,1,1
402493,1,1110142,102493,700402493,35,21,1,1
403011,6,1110020,103012,700101031,50,3010,1,1
403012,1,1110021,103013,700101032,40,11,1,1
403013,1,1110022,101071,700101033,16,92,1,1
403014,6,1110020,403014,700101031,50,3010,1,1
403018,1,1110021,403018,700101032,15,11,1,1
403019,1,1110022,403019,700101033,30,92,1,1
404031,6,1110080,404031,700404031,10,3040,1,1
404032,1,1110081,404032,700102173,25,101,1,1
404033,1,1110082,404033,700102013,50,101,1,1
404161,6,1110095,104161,700404161,10,16040,1,1
404162,1,1110096,104162,700404162,50,92,1,1
404163,1,1110097,104163,700404163,10,48,1,1
404181,6,1110071,404181,700404181,40,18040,1,1
404182,1,1110072,404182,700101213,20,102,1,1
404183,1,1110073,404183,700104183,20,101,1,1
405021,6,1110083,405021,700405021,10,2050,1,1
405022,1,1110084,405022,700102173,25,51,1,1
405023,1,1110085,405023,700102013,50,81,1,1
405031,6,1110101,105031,700101011,10,3050,1,1
405032,1,1110102,105032,700101012,40,66,1,1
405033,1,1110103,105033,700101013,30,81,1,1
405171,6,1110077,405171,700405171,10,17050,1,1
405172,1,1110078,405172,700405172,40,92,1,1
405173,1,1110079,405173,700405173,10,15,1,1
406011,6,1110086,106011,700406011,10,1060,1,1
406012,1,1110087,106012,700406012,50,41,1,1
406013,1,1110088,106013,700406013,10,11,1,1
406171,6,1110092,106171,700406171,10,17060,1,1
406172,1,1110093,106172,700406172,50,111,1,1
406173,1,1110094,106173,700406173,10,82,1,1
413011,6,1110098,113011,700413011,10,1130,1,1
413012,1,1110099,113012,700413012,50,35,1,1
413013,1,1110100,113013,700413013,10,101,1,1
414831,1,1110152,102493,700109091,10,91,1,1
414832,1,1110153,102493,700114832,15,51,1,1
414833,1,1110154,102493,700114833,20,61,1,1
414834,1,1110154,102493,700114833,10,61,1,1
415841,1,1110155,102493,700101013,10,71,1,1
415842,1,1110156,102493,700415842,50,1010,1,1
415843,1,1110157,102493,700415843,30,33,1,1
700001,5,1,700001,700700001,250,201,1,1
700011,5,1,700011,700700011,250,101,1,1
700012,5,1,700012,700700012,250,102,1,1
700013,5,1,700013,700700013,250,103,1,1
700021,5,1,700021,700700021,250,104,1,1
700022,5,1,700022,700700022,250,105,1,1
700023,5,1,700023,700700023,250,106,1,1
700031,5,1,700031,700700031,250,107,1,1
700032,5,1,700032,700700032,250,108,1,1
700033,5,1,700033,700700033,250,109,1,1
700041,5,1,700041,700700041,250,110,1,1
700042,5,1,700042,700700042,250,111,1,1
700043,5,1,700043,700700043,250,112,1,1
700051,5,1,700051,700700051,250,110,1,1
700052,5,1,700052,700700052,250,111,1,1
700053,5,1,700053,700700053,250,112,1,1
700054,5,1,700054,700700054,250,112,1,1
30011111,3,1110001,30011111,0,250,13,2,1
30011112,3,1110001,30011112,700110101,250,13,2,1
30011121,3,1130001,30011121,0,50,41,2,1
30011122,3,1130001,30011122,0,50,41,2,1
30011123,3,1130001,30011123,700110101,30,41,2,1
30011131,3,1130002,30011131,0,40,42,3,1
30011132,3,1130002,30011132,700110101,40,42,3,1
30011138,3,1130002,30011131,0,30,42,2,1
30011141,3,1130004,30011141,0,30,43,2,1
30011142,3,1130004,30011142,700110101,30,43,2,1
30011143,3,1130004,30011143,700110101,1,43,5,1
30011211,3,1110001,30011211,0,250,13,2,1
30011221,3,1130001,30011221,0,50,41,2,1
30011231,3,1130002,30011231,0,40,42,3,1
30011238,3,1130002,30011131,0,30,42,4,1
30011241,3,1130004,30011241,0,30,43,2,1
30011311,3,1110001,30011311,0,250,13,2,1
30011321,3,1130001,30011321,0,50,41,2,1
30011331,3,1130002,30011331,0,40,42,3,1
30011338,3,1130002,30011131,0,30,42,2,1
30011341,3,1130004,30011341,0,30,43,2,1
30011711,3,1110001,30011711,0,80,13,2,1
30011721,3,1130001,30011721,0,50,41,2,1
30011731,3,1130002,30011731,0,50,42,2,1
30011741,3,1130004,30011741,0,50,43,2,1
30011911,3,1110001,30011711,0,250,13,2,1
30011921,3,1130001,30011721,0,30,41,2,1
30011931,3,1130002,30011731,0,40,42,2,1
30011941,3,1130004,30011741,0,30,43,2,1
30021111,3,1110001,30021111,0,250,13,2,1
30021121,3,1130001,30021121,0,50,41,2,1
30021131,3,1130002,30021131,0,40,42,3,1
30021138,3,1130002,30011131,0,30,42,4,1
30021141,3,1130004,30021141,0,30,43,2,1
30021211,3,1110001,30021211,700110101,250,13,2,1
30021221,3,1130001,30021221,700110101,50,41,2,1
30021231,3,1130002,30021231,700110101,40,42,3,1
30021238,3,1130002,30011131,0,30,42,2,1
30021241,3,1130004,30021241,700110101,30,43,2,1
30021311,3,1110001,30021311,700110101,250,13,2,1
30021321,3,1130001,30021321,700110101,50,41,2,1
30021331,3,1130002,30021331,700110101,40,42,3,1
30021338,3,1130002,30011131,0,30,42,4,1
30021341,3,1130004,30021341,700110101,30,43,2,1
30021511,3,1110001,30021511,0,250,13,2,1
30021521,3,1130001,30021521,0,30,41,2,1
30021531,3,1130002,30021531,0,40,42,3,1
30021541,3,1130004,30021541,0,30,43,2,1
30021811,3,1110001,30021111,0,250,13,2,1
30021821,3,1130001,30021121,0,30,41,2,1
30021831,3,1130002,30021131,0,40,42,3,1
30021841,3,1130004,30021141,0,30,43,2,1
30031111,3,1110001,30031111,700110101,250,13,2,1
30031112,3,1110001,30031112,700110101,250,13,2,1
30031121,3,1130001,30031121,700110101,50,41,2,1
30031122,3,1130001,30031122,700110101,30,41,2,1
30031131,3,1130002,30031131,700110101,40,42,3,1
30031132,3,1130002,30031132,700110101,40,42,3,1
30031138,3,1130002,30011131,0,30,42,2,1
30031141,3,1130004,30031141,700110101,30,43,2,1
30031142,3,1130004,30031142,700110101,30,43,2,1
30031143,3,1130004,30031143,700110101,1,43,5,1
30031144,3,1130123,30031144,700110101,2,43,3,1
30031211,3,1110001,30031211,700110101,250,13,2,1
30031221,3,1130001,30031221,700110102,50,41,2,1
30031231,3,1130002,30031231,700110102,40,42,3,1
30031238,3,1130002,30011131,0,30,42,4,1
30031241,3,1130004,30031241,700110102,30,43,2,1
30031311,3,1110001,30031311,700110102,250,13,2,1
30031321,3,1130001,30031321,700110102,50,41,2,1
30031331,3,1130002,30031331,700110102,40,42,3,1
30031338,3,1130002,30011131,0,30,42,2,1
30031341,3,1130004,30031341,700110102,30,43,2,1
30031411,3,1110001,30031411,700110102,250,13,2,1
30031421,3,1130001,30031421,700110102,30,41,2,1
30031431,3,1130002,30031431,700110102,40,42,3,1
30031441,3,1130004,30031441,700110102,30,43,2,1
30031511,3,1110001,30031511,700110102,250,13,2,1
30031521,3,1130001,30031521,700110102,30,41,2,1
30031531,3,1130002,30031531,700110102,40,42,3,1
30031541,3,1130004,30031541,700110102,30,43,2,1
30031611,3,1110001,30031611,700110102,250,13,2,1
30031621,3,1130001,30031621,700110102,30,41,2,1
30031631,3,1130002,30031631,700110102,40,42,3,1
30031641,3,1130004,30031641,700110102,30,43,2,1
30031711,3,1110001,30031711,700110102,250,13,2,1
30031721,3,1130001,30031721,700110102,30,41,2,1
30031731,3,1130002,30031731,700110102,40,42,3,1
30031741,3,1130004,30031741,700110102,30,43,2,1
30031811,3,1110001,30031811,700110102,250,13,2,1
30031821,3,1130001,30031821,700110102,30,41,2,1
30031831,3,1130002,30031831,700110102,40,42,3,1
30031841,3,1130004,30031841,700110102,30,43,2,1
30031911,3,1110001,30031911,700110101,250,13,2,1
30031921,3,1130001,30031921,700110101,30,41,2,1
30031931,3,1130002,30031931,700110101,40,42,3,1
30031941,3,1130004,30031941,700110101,30,43,2,1
30041111,3,1110001,30041111,700110102,250,13,2,1
30041112,3,1110001,30041112,700110102,200,13,2,1
30041121,3,1130001,30041121,700110102,50,41,2,1
30041122,3,1130001,30041122,700110102,100,41,2,1
30041131,3,1130002,30041131,700110102,40,42,3,1
30041132,3,1130002,30041132,700110102,120,42,3,1
30041133,3,1130002,30041133,700110102,120,42,4,1
30041138,3,1130002,30011131,0,30,42,4,1
30041141,3,1130004,30041141,700110102,30,43,2,1
30041142,3,1130004,30041142,700110102,140,43,2,1
30041143,3,1130004,30041143,700110102,1,43,4,1
30041211,3,1110001,30041211,700110102,250,13,2,1
30041221,3,1130001,30041221,700110102,50,41,2,1
30041231,3,1130002,30041231,700110102,40,42,3,1
30041238,3,1130002,30011131,0,30,42,2,1
30041241,3,1130004,30041241,700110102,30,43,2,1
30041311,3,1110001,30041311,700110102,250,13,2,1
30041321,3,1130001,30041321,700110102,50,41,2,1
30041331,3,1130002,30041331,700110102,40,42,3,1
30041338,3,1130002,30011131,0,30,42,4,1
30041341,3,1130004,30041341,700110102,30,43,2,1
30041411,3,1110001,30041411,700110102,250,13,2,1
30041421,3,1130001,30041421,700110102,30,41,2,1
30041431,3,1130002,30041431,700110102,40,42,3,1
30041441,3,1130004,30041441,700110102,30,43,2,1
30041511,3,1110001,30041111,700110102,250,13,2,1
30041521,3,1130001,30041121,700110102,30,41,2,1
30041531,3,1130002,30041131,700110102,40,42,3,1
30041541,3,1130004,30041141,700110102,30,43,2,1
30051111,3,1110001,30051111,700110102,250,13,2,1
30051112,3,1110001,30051112,700110102,250,13,2,1
30051121,3,1130001,30051121,700110102,50,41,2,1
30051122,3,1130001,30051122,700110102,30,41,2,1
30051123,3,1130001,30051123,700110102,30,41,3,1
30051124,3,1130001,30051124,700110102,30,41,3,1
30051131,3,1130002,30051131,700110102,40,42,3,1
30051132,3,1130002,30051132,700110102,40,42,4,1
30051133,3,1130002,30051133,700110102,25,42,4,1
30051138,3,1130002,30011131,0,30,42,2,1
30051141,3,1130004,30051141,700110102,30,43,2,1
30051142,3,1130004,30051142,700110102,20,43,3,1
30051211,3,1110001,30051211,700110102,250,13,2,1
30051221,3,1130001,30051221,700110102,50,41,2,1
30051231,3,1130002,30051231,700110102,40,42,3,1
30051238,3,1130002,30011131,0,30,42,4,1
30051241,3,1130004,30051241,700110102,30,43,2,1
30051243,3,1130038,30051243,700110104,30,43,2,1
30051311,3,1110001,30051311,700110103,250,13,2,1
30051321,3,1130001,30051321,700110103,50,41,2,1
30051331,3,1130002,30051331,700110103,40,42,3,1
30051338,3,1130002,30011131,0,30,42,2,1
30051341,3,1130004,30051341,700110103,30,43,2,1
30051421,3,1130001,30051421,700110102,20,41,3,1
30051431,3,1130002,30051431,700110102,15,42,3,1
30051441,3,1130004,30051441,700110102,25,43,3,1
30051611,3,1110001,30051111,700110102,250,13,2,1
30051621,3,1130001,30051121,700110102,30,41,2,1
30051631,3,1130002,30051131,700110102,40,42,3,1
30051641,3,1130004,30051141,700110102,30,43,2,1
30051811,3,1110001,30051111,700110102,250,13,2,1
30051821,3,1130001,30051121,700110102,30,41,2,1
30051831,3,1130002,30051131,700110102,40,42,3,1
30051841,3,1130004,30051141,700110102,30,43,2,1
30061111,3,1110001,30061111,700110103,250,13,2,1
30061121,3,1130001,30061121,700110103,50,41,2,1
30061131,3,1130038,30061131,700110103,40,42,3,1
30061132,3,1130038,30071132,700110103,20,42,3,1
30061138,3,1130002,30011131,0,30,42,4,1
30061141,3,1130003,30061141,700110103,40,43,4,1
30061142,3,1130003,30061142,700110103,30,43,4,1
30061148,3,1130003,30011131,0,30,43,2,1
30061151,3,1130004,30061151,700110103,30,44,2,1
30061161,3,1130009,30061161,700110103,20,45,2,1
30061162,3,1130009,30061162,700110103,20,45,2,1
30061168,3,1130001,30011131,0,30,45,4,1
30061211,3,1110001,30061211,700110103,250,13,2,1
30061221,3,1130001,30061221,700110103,50,41,2,1
30061223,3,1130002,30061223,700110103,30,41,2,1
30061231,3,1130038,30061231,700110103,50,42,3,1
30061232,3,1130038,30071132,700110103,20,42,3,1
30061233,3,1130038,30061233,700110103,50,42,4,1
30061238,3,1130002,30011131,0,30,42,4,1
30061241,3,1130003,30061241,700110104,50,43,4,1
30061242,3,1130003,30061242,700110104,50,43,4,1
30061243,3,1130003,30061243,700110104,50,43,4,1
30061248,3,1130003,30011131,0,30,43,2,1
30061251,3,1130004,30061251,700110104,50,44,2,1
30061261,3,1130009,30061261,700110103,20,45,2,1
30061311,3,1110001,30061311,700110104,250,13,2,1
30061321,3,1130001,30061321,700110104,50,41,2,1
30061331,3,1130038,30061331,700110104,50,42,3,1
30061332,3,1130038,30071132,700110104,20,42,3,1
30061333,3,1130038,30061333,700110104,50,42,4,1
30061338,3,1130002,30011131,0,30,42,4,1
30061341,3,1130003,30061341,700110104,50,43,4,1
30061348,3,1130003,30011131,0,30,45,2,1
30061351,3,1130004,30061351,700110104,50,44,2,1
30061361,3,1130009,30061361,700110103,20,45,2,1
30061411,3,1110001,30061411,700110103,250,13,2,1
30061421,3,1130001,30061421,700110103,30,41,2,1
30061431,3,1130038,30061431,700110103,50,42,3,1
30061441,3,1130003,30061441,700110104,50,43,4,1
30061451,3,1130004,30061451,700110104,50,44,2,1
30061461,3,1130009,30061461,700110103,20,45,2,1
30061511,3,1110001,30061511,700110103,250,13,2,1
30061521,3,1130002,30061521,700110103,30,41,2,1
30061531,3,1130038,30061531,700110103,50,42,3,1
30061541,3,1130003,30061541,700110104,50,43,4,1
30061551,3,1130004,30061551,700110104,50,44,2,1
30061561,3,1130009,30061561,700110103,20,45,2,1
30061611,3,1110001,30061611,700110103,250,13,2,1
30061621,3,1130002,30061621,700110103,30,41,2,1
30061631,3,1130038,30061631,700110103,40,42,3,1
30061641,3,1130003,30061641,700110103,40,43,4,1
30061651,3,1130004,30061651,700110103,30,44,2,1
30061661,3,1130009,30061661,700110103,20,45,2,1
30061711,3,1110001,30061711,700110103,250,13,2,1
30061721,3,1130002,30061721,700110103,30,41,2,1
30061731,3,1130038,30061731,700110103,40,42,3,1
30061741,3,1130003,30061741,700110103,40,43,4,1
30061751,3,1130004,30061751,700110103,30,44,2,1
30061761,3,1130009,30061761,700110103,20,45,2,1
30061811,3,1110001,30061111,700110103,250,13,2,1
30061821,3,1130002,30061121,700110103,30,41,2,1
30061831,3,1130038,30061131,700110103,40,42,3,1
30061841,3,1130003,30061141,700110103,40,43,4,1
30061851,3,1130004,30061151,700110103,30,44,2,1
30061861,3,1130009,30061161,700110103,20,45,2,1
30061911,3,1110001,30061911,700110103,250,13,2,1
30061921,3,1130002,30061921,700110103,30,41,2,1
30061931,3,1130038,30061931,700110103,40,42,3,1
30061941,3,1130003,30061941,700110103,40,43,4,1
30061951,3,1130004,30061951,700110103,30,44,2,1
30061961,3,1130009,30061961,700110103,20,45,2,1
30071111,3,1110001,30071111,700110104,250,13,2,1
30071112,3,1110001,30071112,700110104,200,13,2,1
30071113,3,1110001,30071113,700110104,200,13,2,1
30071121,3,1130001,30071121,700110104,50,41,2,1
30071122,3,1130002,30071122,700110104,100,41,2,1
30071123,3,1130002,30071123,700110104,100,41,2,1
30071124,3,1130002,30071124,700110104,40,41,2,1
30071131,3,1130038,30071131,700110104,50,42,3,1
30071132,3,1130038,30071132,700110104,20,42,3,1
30071133,3,1130038,30071133,700110104,120,42,3,1
30071134,3,1130038,30071134,700110104,120,42,3,1
30071135,3,1130038,30071135,700110104,30,42,3,1
30071138,3,1130002,30011131,0,30,42,4,1
30071139,3,1130038,30071139,700110104,40,42,3,1
30071141,3,1130003,30071141,700110104,50,43,4,1
30071142,3,1130003,30071142,700110104,90,43,4,1
30071143,3,1130003,30071143,700110104,90,43,4,1
30071144,3,1130003,30071144,700110104,30,43,4,1
30071145,3,1130003,30071145,700110104,5,43,4,1
30071146,3,1130003,30071146,700110104,20,43,4,1
30071148,3,1130003,30011131,0,30,45,2,1
30071151,3,1130004,30071151,700110104,50,44,2,1
30071152,3,1130004,30071152,700110104,140,44,2,1
30071153,3,1130004,30071153,700110104,1,44,5,1
30071154,3,1130004,30071154,700110104,140,44,2,1
30071155,3,1130004,30071155,700110104,1,44,5,1
30071156,3,1130004,30071156,700110104,10,44,3,1
30071157,3,1130004,30071157,700110104,10,44,3,1
30071158,3,1130004,30071158,700110104,10,44,3,1
30071159,3,1130004,30071159,700110104,10,44,3,1
30071161,3,1130009,30071161,700110104,20,45,2,1
30071162,3,1130009,30071162,700110104,20,45,2,1
30071163,3,1130009,30071163,700110104,20,45,2,1
30071164,3,1130009,30071164,700110104,20,45,2,1
30071168,3,1130001,30011131,0,30,45,3,1
30071171,3,1130004,30071171,700110104,10,44,3,1
30071172,3,1130004,30071172,700110104,10,44,3,1
30071173,3,1130004,30071173,700110104,10,44,3,1
30071174,3,1130004,30071174,700110104,10,44,3,1
30071211,3,1110001,30071211,700110104,250,13,2,1
30071212,3,1110001,30071212,700110104,200,13,2,1
30071221,3,1130001,30071221,700110104,50,41,2,1
30071222,3,1130002,30071222,700110104,100,41,2,1
30071223,3,1130002,30071223,700110104,5,41,2,1
30071224,3,1130002,30071224,700110104,5,41,2,1
30071225,3,1130002,30071225,700110104,5,41,2,1
30071226,3,1130002,30071226,700110104,5,41,2,1
30071231,3,1130038,30071231,700110104,50,42,3,1
30071232,3,1130038,30071132,700110104,20,42,3,1
30071233,3,1130038,30071233,700110104,120,42,3,1
30071234,3,1130123,30071234,700110104,2,45,3,1
30071235,3,1130002,30071235,700110104,5,41,2,1
30071236,3,1130002,30071236,700110104,5,41,2,1
30071237,3,1130002,30071237,700110104,5,41,2,1
30071238,3,1130002,30011131,0,30,42,4,1
30071239,3,1130002,30071239,700110104,5,41,2,1
30071241,3,1130003,30071241,700110104,50,43,4,1
30071242,3,1130003,30071242,700110104,110,43,4,1
30071243,3,1130003,30071243,700110105,5,41,3,1
30071244,3,1130003,30071244,700110105,5,41,3,1
30071245,3,1130003,30071245,700110105,5,41,3,1
30071246,3,1130003,30071246,700110105,5,41,3,1
30071248,3,1130003,30011131,0,30,45,2,1
30071251,3,1130004,30071251,700110104,50,44,2,1
30071252,3,1130004,30071252,700110104,140,44,2,1
30071253,3,1130004,30071253,700110104,1,44,2,1
30071261,3,1130009,30071261,700110104,20,45,2,1
30071262,3,1130005,30071262,700110104,80,45,2,1
30071311,3,1110001,30071311,700110104,250,13,2,1
30071321,3,1130001,30071321,700110104,50,41,3,1
30071331,3,1130038,30071331,700110104,50,42,4,1
30071332,3,1130038,30071132,700110104,20,42,4,1
30071338,3,1130002,30011131,0,30,42,4,1
30071341,3,1130003,30071341,700110104,50,43,2,1
30071348,3,1130003,30011131,0,30,45,2,1
30071351,3,1130004,30071351,700110104,50,44,2,1
30071361,3,1130009,30071361,700110104,20,45,2,1
30071411,3,1110001,30071411,700110104,250,13,2,1
30071421,3,1130001,30071421,700110104,30,41,2,1
30071431,3,1130038,30071431,700110104,50,42,3,1
30071441,3,1130003,30071441,700110104,50,43,4,1
30071451,3,1130004,30071451,700110104,50,44,2,1
30071461,3,1130009,30071461,700110104,20,45,2,1
30071511,3,1110001,30071511,700110104,250,13,2,1
30071521,3,1130002,30071521,700110104,30,41,2,1
30071531,3,1130038,30071531,700110104,50,42,3,1
30071541,3,1130003,30071541,700110104,50,43,4,1
30071551,3,1130004,30071551,700110104,50,44,2,1
30071561,3,1130005,30071561,700110104,20,45,2,1
30071611,3,1110001,30071611,700110104,250,13,2,1
30071621,3,1130002,30071621,700110104,30,41,2,1
30071631,3,1130038,30071631,700110104,50,42,3,1
30071641,3,1130003,30071641,700110104,50,43,4,1
30071651,3,1130004,30071651,700110104,50,44,2,1
30071661,3,1130005,30071661,700110104,20,45,2,1
30071711,3,1110001,30071111,700110104,250,13,2,1
30071721,3,1130002,30071121,700110104,30,41,2,1
30071731,3,1130038,30071131,700110104,50,42,3,1
30071741,3,1130003,30071141,700110104,50,43,4,1
30071751,3,1130004,30071151,700110104,50,44,2,1
30071761,3,1130009,30071161,700110104,20,45,2,1
30071811,3,1110001,30071811,700110104,250,13,2,1
30071821,3,1130002,30071821,700110104,30,41,2,1
30071831,3,1130038,30071831,700110104,50,42,3,1
30071841,3,1130003,30071841,700110104,50,43,4,1
30071851,3,1130004,30071851,700110104,50,44,2,1
30071861,3,1130009,30071861,700110104,20,45,2,1
30071911,3,1110001,30071911,700110104,250,13,2,1
30071921,3,1130002,30071921,700110104,30,41,2,1
30071931,3,1130038,30071931,700110104,50,42,3,1
30071941,3,1130003,30071941,700110104,50,43,4,1
30071951,3,1130004,30071951,700110104,50,44,2,1
30071961,3,1130009,30071961,700110104,20,45,2,1
30081111,3,1110001,30081111,700110104,250,13,2,1
30081121,3,1130001,30081121,700110104,50,41,2,1
30081122,3,1130002,30081122,700110104,40,41,3,1
30081131,3,1130038,30081131,700110104,50,42,3,1
30081132,3,1130038,30071132,700110104,20,42,3,1
30081133,3,1130038,30081133,700110104,35,42,3,1
30081138,3,1130002,30011131,0,30,42,4,1
30081141,3,1130003,30081141,700110105,50,43,4,1
30081142,3,1130003,30081142,700110105,25,43,4,1
30081148,3,1130003,30011131,0,30,43,2,1
30081151,3,1130004,30081151,700110105,50,44,2,1
30081152,3,1130004,30081152,700110105,30,44,3,1
30081153,3,1130004,30081153,700110105,10,44,3,1
30081154,3,1130004,30081154,700110105,10,44,3,1
30081155,3,1130004,30081155,700110105,10,44,3,1
30081156,3,1130004,30081156,700110105,10,44,3,1
30081161,3,1130009,30081161,700110104,20,45,2,1
30081162,3,1130009,30081162,700110104,20,45,2,1
30081168,3,1130001,30011131,0,30,45,3,1
30081211,3,1110001,30081211,700110105,250,13,2,1
30081221,3,1130001,30081221,700110105,50,41,2,1
30081231,3,1130038,30081231,700110105,50,42,3,1
30081232,3,1130038,30071132,700110105,20,42,3,1
30081233,3,1130038,30081233,700110105,50,42,4,1
30081238,3,1130002,30011131,0,30,42,4,1
30081241,3,1130003,30081241,700110105,50,43,4,1
30081248,3,1130003,30011131,0,30,45,2,1
30081251,3,1130004,30081251,700110105,50,44,2,1
30081261,3,1130009,30081261,700110104,40,45,2,1
30081262,3,1130039,30081262,700110104,80,45,2,1
30081311,3,1110001,30081311,700110105,250,13,2,1
30081321,3,1130001,30081321,700110105,50,41,2,1
30081322,3,1130002,30081322,700110105,5,41,2,1
30081323,3,1130002,30081323,700110105,5,41,2,1
30081324,3,1130002,30081324,700110105,5,41,2,1
30081325,3,1130002,30081325,700110105,5,41,2,1
30081326,3,1130002,30081326,700110105,5,41,2,1
30081327,3,1130002,30081327,700110105,5,41,2,1
30081328,3,1130002,30081328,700110105,5,41,2,1
30081329,3,1130002,30081329,700110105,5,41,2,1
30081331,3,1130038,30081331,700110105,50,42,3,1
30081332,3,1130038,30071132,700110105,20,42,3,1
30081333,3,1130038,30081333,700110105,20,42,3,1
30081334,3,1130038,30081334,700110105,30,42,3,1
30081338,3,1130002,30011131,0,30,42,4,1
30081341,3,1130003,30081341,700110105,50,43,4,1
30081342,3,1130003,30081342,700110105,30,43,4,1
30081348,3,1130003,30011131,0,30,45,2,1
30081351,3,1130004,30081351,700110105,50,44,2,1
30081352,3,1130004,30081352,700110105,30,44,2,1
30081353,3,1130002,30081353,700110105,5,41,2,1
30081354,3,1130002,30081354,700110105,5,41,2,1
30081355,3,1130002,30081355,700110105,5,41,2,1
30081356,3,1130002,30081356,700110105,5,41,2,1
30081357,3,1130002,30081357,700110105,5,41,3,1
30081358,3,1130002,30081358,700110105,5,41,3,1
30081359,3,1130002,30081359,700110105,5,41,3,1
30081361,3,1130009,30081361,700110104,20,45,2,1
30081362,3,1130002,30081362,700110105,5,41,2,1
30081363,3,1130002,30081363,700110105,5,41,2,1
30081364,3,1130002,30081364,700110105,5,41,2,1
30081365,3,1130002,30081365,700110105,5,41,2,1
30081411,3,1110001,30081411,700110105,250,13,2,1
30081421,3,1130002,30081421,700110105,30,41,2,1
30081431,3,1130038,30081431,700110105,50,42,3,1
30081441,3,1130003,30081441,700110105,50,43,4,1
30081451,3,1130004,30081451,700110105,50,44,2,1
30081461,3,1130039,30081461,700110104,20,45,2,1
30081511,3,1110001,30081511,700110105,250,13,2,1
30081521,3,1130002,30081521,700110105,30,41,2,1
30081531,3,1130038,30081531,700110105,50,42,3,1
30081541,3,1130003,30081541,700110105,50,43,4,1
30081551,3,1130004,30081551,700110105,50,44,2,1
30081561,3,1130039,30081561,700110104,20,45,2,1
30081611,3,1110001,30081611,700110105,250,13,2,1
30081621,3,1130002,30081621,700110105,30,41,2,1
30081631,3,1130038,30081631,700110105,50,42,3,1
30081641,3,1130003,30081641,700110105,50,43,4,1
30081651,3,1130004,30081651,700110105,50,44,2,1
30081661,3,1130039,30081661,700110104,20,45,2,1
30081711,3,1110001,30081711,700110105,250,13,2,1
30081721,3,1130002,30081721,700110105,20,41,2,1
30081731,3,1130038,30081731,700110105,30,42,3,1
30081741,3,1130004,30081741,700110105,40,44,3,1
30081751,3,1130003,30081751,700110105,50,43,4,1
30081761,3,1130039,30081761,700110104,1,45,3,1
30091111,3,1110001,30091111,700110105,250,13,4,1
30091112,3,1110001,30091112,700110105,200,13,3,1
30091113,3,1110001,30091113,700110105,200,13,3,1
30091121,3,1130001,30091121,700110105,50,41,3,1
30091122,3,1130001,30091122,700110105,100,41,3,1
30091123,3,1130001,30091123,700110105,100,41,3,1
30091131,3,1130002,30091131,700110105,40,42,4,1
30091132,3,1130002,30091132,700110105,120,42,3,1
30091133,3,1130002,30091133,700110105,120,42,3,1
30091138,3,1130002,30011131,0,30,42,4,1
30091141,3,1130004,30091141,700110105,30,43,3,1
30091142,3,1130004,30091142,700110105,140,43,3,1
30091143,3,1130004,30091143,700110105,1,43,5,1
30091144,3,1130004,30091144,700110105,140,43,3,1
30091145,3,1130004,30091145,700110105,1,43,5,1
30091211,3,1110001,30091211,700110105,250,13,4,1
30091221,3,1130001,30091221,700110105,50,41,3,1
30091231,3,1130002,30091231,700110105,40,42,3,1
30091232,3,1130002,30091232,700110105,30,42,3,1
30091238,3,1130002,30011131,0,30,42,2,1
30091241,3,1130004,30091241,700110105,30,43,3,1
30091311,3,1110001,30091311,700110105,250,13,3,1
30091312,3,1110001,30091312,700110105,200,13,2,1
30091321,3,1130001,30091321,700110105,50,41,3,1
30091322,3,1130001,30091322,700110105,100,41,2,1
30091331,3,1130002,30091331,700110105,40,42,3,1
30091332,3,1130002,30091332,700110105,120,42,3,1
30091338,3,1130002,30011131,0,30,42,4,1
30091341,3,1130004,30091341,700110105,30,43,3,1
30091342,3,1130004,30091342,700110105,140,43,2,1
30091343,3,1130004,30091343,700110105,80,43,4,1
30091511,3,1110001,30091111,700110105,250,13,4,1
30091521,3,1130001,30091121,700110105,30,41,3,1
30091531,3,1130002,30091131,700110105,40,42,4,1
30091541,3,1130004,30091141,700110105,30,43,3,1
30091711,3,1110001,30091711,700110105,250,13,2,1
30091721,3,1130001,30091721,700110105,30,41,3,1
30091722,3,1130001,30091722,700110105,30,41,4,1
30091731,3,1130002,30091731,700110105,40,42,2,1
30091732,3,1130002,30091732,700110105,20,42,4,1
30091733,3,1130002,30091733,700110105,15,42,4,1
30091741,3,1130004,30091741,700110105,30,43,3,1
30091911,3,1110001,30091111,700110105,250,13,3,1
30091921,3,1130001,30091121,700110105,30,41,3,1
30091931,3,1130002,30091131,700110105,40,42,3,1
30091941,3,1130004,30091141,700110105,30,43,3,1
30101111,3,1110001,30101111,700110105,250,13,3,1
30101121,3,1130001,30101121,700110105,50,41,3,1
30101131,3,1130002,30101131,700110106,40,42,3,1
30101138,3,1130002,30011131,0,30,42,2,1
30101141,3,1130004,30101141,700110106,30,43,3,1
30101211,3,1110001,30101211,700110106,250,13,3,1
30101221,3,1130001,30101221,700110106,50,41,3,1
30101231,3,1130002,30101231,700110106,40,42,3,1
30101232,3,1130002,30101232,700110106,30,42,3,1
30101238,3,1130002,30011131,0,30,42,4,1
30101241,3,1130004,30101241,700110106,30,43,3,1
30101242,3,1130004,30101242,700110106,20,43,2,1
30101243,3,1130004,30101243,700110106,2,43,4,1
30101244,3,1130004,30101244,700110106,1,43,4,1
30101311,3,1110001,30101311,700110106,250,13,3,1
30101321,3,1130001,30101321,700110106,50,41,3,1
30101331,3,1130002,30101331,700110106,40,42,3,1
30101338,3,1130002,30011131,0,30,42,2,1
30101341,3,1130004,30101341,700110106,30,43,3,1
30101611,3,1110001,30101111,700110105,250,13,3,1
30101621,3,1130001,30101121,700110105,30,41,3,1
30101631,3,1130002,30101131,700110106,40,42,3,1
30101641,3,1130004,30101141,700110106,30,43,3,1
30101811,3,1110001,30101141,700110105,250,13,3,1
30101821,3,1130001,30101141,700110105,30,41,3,1
30101831,3,1130002,30101141,700110106,40,42,3,1
30101841,3,1130004,30101141,700110106,30,43,3,1
30111111,3,1110001,30111111,700110106,250,13,3,1
30111121,3,1130001,30111121,700110106,50,41,3,1
30111131,3,1130002,30111131,700110106,40,42,3,1
30111132,3,1130002,30111132,700110106,20,42,3,1
30111138,3,1130002,30011131,0,30,42,4,1
30111141,3,1130004,30111141,700110106,30,43,3,1
30111211,3,1110001,30111211,700110107,250,13,3,1
30111221,3,1130001,30111221,700110107,50,41,3,1
30111231,3,1130002,30111231,700110107,40,42,3,1
30111232,3,1130002,30111232,700110107,40,42,4,1
30111238,3,1130002,30011131,0,30,42,2,1
30111241,3,1130004,30111241,700110107,30,43,3,1
30111311,3,1110001,30111311,700110107,250,13,3,1
30111321,3,1130001,30111321,700110107,50,41,3,1
30111331,3,1130002,30111331,700110107,40,42,3,1
30111332,3,1130002,30111332,700110107,20,42,3,1
30111338,3,1130002,30011131,0,30,42,4,1
30111341,3,1130004,30111341,700110107,30,43,3,1
30111343,3,1130038,30111343,700110104,30,43,2,1
30111411,3,1110001,30111411,700110106,250,13,3,1
30111421,3,1130001,30111421,700110106,30,41,3,1
30111431,3,1130002,30111431,700110106,40,42,3,1
30111441,3,1130004,30111441,700110106,30,43,3,1
30111511,3,1110001,30111511,700110106,250,13,3,1
30111521,3,1130001,30111521,700110106,30,41,3,1
30111531,3,1130002,30111531,700110106,40,42,3,1
30111541,3,1130004,30111541,700110106,30,43,3,1
30111611,3,1110001,30111611,700110106,250,13,3,1
30111621,3,1130001,30111621,700110106,30,41,3,1
30111631,3,1130002,30111631,700110106,40,42,3,1
30111641,3,1130004,30111641,700110106,30,43,3,1
30111711,3,1110001,30111111,700110106,250,13,3,1
30111721,3,1130001,30111121,700110106,30,41,3,1
30111731,3,1130002,30111131,700110106,40,42,3,1
30111741,3,1130004,30111141,700110106,30,43,3,1
30111911,3,1110001,30111911,700110106,250,13,3,1
30111921,3,1130001,30111921,700110106,30,41,3,1
30111931,3,1130002,30111931,700110106,40,42,3,1
30111941,3,1130004,30111941,700110106,30,43,3,1
30121111,3,1110001,30121111,700110107,250,13,3,1
30121121,3,1130001,30121121,700110107,50,41,3,1
30121131,3,1130002,30121131,700110107,40,42,3,1
30121138,3,1130002,30011131,0,30,42,2,1
30121141,3,1130004,30121141,700110107,30,43,3,1
30121211,3,1110001,30121211,700110107,250,13,3,1
30121221,3,1130001,30121221,700110108,50,41,3,1
30121231,3,1130002,30121231,700110108,40,42,3,1
30121233,3,1130002,30121233,700110108,40,42,4,1
30121238,3,1130002,30011131,0,30,42,4,1
30121241,3,1130004,30121241,700110108,30,43,3,1
30121311,3,1110001,30121311,700110108,250,13,3,1
30121321,3,1130001,30121321,700110108,50,41,3,1
30121331,3,1130002,30121331,700110108,40,42,3,1
30121338,3,1130002,30011131,0,30,42,2,1
30121341,3,1130004,30121341,700110108,30,43,3,1
30121421,3,1130001,30121421,700110107,20,41,3,1
30121711,3,1110001,30121711,700110107,250,13,3,1
30121721,3,1130001,30121721,700110107,30,41,3,1
30121731,3,1130002,30121731,700110107,40,42,3,1
30121741,3,1130004,30121741,700110107,30,43,3,1
30121811,3,1110001,30121111,700110107,250,13,3,1
30121821,3,1130001,30121121,700110107,30,41,3,1
30121831,3,1130002,30121131,700110107,40,42,3,1
30121841,3,1130004,30121141,700110107,30,43,3,1
30131111,3,1110001,30131111,700110108,250,13,3,1
30131121,3,1130001,30131121,700110108,50,41,3,1
30131131,3,1130002,30131131,700110108,40,42,3,1
30131138,3,1130002,30011131,0,30,42,4,1
30131141,3,1130004,30131141,700110108,30,43,3,1
30131211,3,1110001,30131211,700110108,250,13,3,1
30131221,3,1130001,30131221,700110108,50,41,3,1
30131231,3,1130002,30131231,700110109,40,42,3,1
30131238,3,1130002,30011131,0,30,42,2,1
30131241,3,1130004,30131241,700110109,30,43,3,1
30131311,3,1110001,30131311,700110109,250,13,3,1
30131321,3,1130001,30131321,700110109,50,41,3,1
30131331,3,1130002,30131331,700110109,40,42,3,1
30131332,3,1130002,30131332,700110109,30,42,2,1
30131338,3,1130002,30011131,0,30,42,4,1
30131341,3,1130004,30131341,700110109,30,43,3,1
30131342,3,1130004,30131342,700110109,20,43,2,1
30131343,3,1130004,30131343,700110109,1,43,4,1
30131411,3,1110001,30131411,700110109,250,13,3,1
30131421,3,1130001,30131421,700110109,30,41,3,1
30131431,3,1130002,30131431,700110109,40,42,3,1
30131441,3,1130004,30131441,700110109,30,43,3,1
30141111,3,1110001,30141111,700110109,250,13,3,1
30141121,3,1130001,30141121,700110109,50,41,2,1
30141123,3,1130001,30141123,700110109,1,41,4,1
30141131,3,1130038,30141131,700110109,50,42,3,1
30141132,3,1130038,30141132,700110109,1,42,4,1
30141138,3,1130002,30011131,0,30,42,2,1
30141141,3,1130003,30141141,700110109,50,43,4,1
30141142,3,1130003,30141142,700110109,1,43,4,1
30141143,3,1130003,30141143,700110109,5,43,3,1
30141144,3,1130003,30141144,700110109,5,43,3,1
30141145,3,1130003,30141145,700110109,5,43,3,1
30141146,3,1130003,30141146,700110109,5,43,3,1
30141147,3,1130003,30141147,700110109,40,43,4,1
30141148,3,1130003,30011131,0,30,43,4,1
30141151,3,1130042,30141151,700110109,50,44,3,1
30141161,3,1130009,30141161,700110104,20,45,2,1
30141162,3,1130123,30141162,700110104,3,45,4,1
30141169,3,1130001,30011131,0,30,45,2,1
30141211,3,1110001,30141211,700110109,250,13,4,1
30141221,3,1130001,30141221,700110109,50,41,3,1
30141231,3,1130038,30141231,700110301,50,42,3,1
30141232,3,1130038,30141232,700110301,25,42,3,1
30141233,3,1130038,30141233,700110301,50,42,4,1
30141238,3,1130002,30011131,0,30,42,2,1
30141241,3,1130003,30141241,700110301,50,43,4,1
30141248,3,1130003,30011131,0,30,43,4,1
30141251,3,1130042,30141251,700110301,50,44,3,1
30141252,3,1130042,30141252,700110301,10,44,3,1
30141253,3,1130042,30141253,700110301,10,44,3,1
30141254,3,1130042,30141254,700110301,10,44,3,1
30141255,3,1130042,30141255,700110301,10,44,3,1
30141256,3,1130042,30141256,700110301,10,44,3,1
30141257,3,1130042,30141257,700110301,10,44,3,1
30141258,3,1130042,30141258,700110301,10,44,3,1
30141259,3,1130042,30141259,700110301,10,44,3,1
30141261,3,1130009,30141261,700110104,20,45,2,1
30141311,3,1110001,30141311,700110301,250,13,4,1
30141321,3,1130001,30141321,700110301,50,41,3,1
30141324,3,1130001,30141321,700110301,50,41,11,1
30141331,3,1130038,30141331,700110301,50,42,3,1
30141332,3,1130002,30141332,700110301,40,43,4,1
30141333,3,1130038,30141331,700110301,50,42,3,1
30141334,3,1130038,30141334,700110301,30,42,3,1
30141335,3,1130038,30141335,700110301,30,42,3,1
30141338,3,1130002,30011131,0,30,42,2,1
30141341,3,1130003,30141341,700110301,50,43,4,1
30141342,3,1130003,30141342,700110301,40,43,4,1
30141343,3,1130003,30141341,700110301,50,43,4,1
30141344,3,1130003,30141344,700110301,30,43,4,1
30141348,3,1130003,30011131,0,30,43,4,1
30141351,3,1130009,30141351,700110301,50,44,3,1
30141352,3,1130009,30141351,700110301,50,44,3,1
30141361,3,1130039,30141361,700110104,20,45,2,1
30141362,3,1130039,30141361,700110104,50,45,2,1
30141411,3,1110001,30141411,700110109,250,13,3,1
30141421,3,1130001,30141421,700110109,30,41,2,1
30141431,3,1130038,30141431,700110109,50,42,3,1
30141441,3,1130003,30141441,700110109,50,43,4,1
30141451,3,1130042,30141451,700110109,50,44,3,1
30141461,3,1130009,30141461,700110104,20,45,2,1
30141511,3,1110001,30141511,700110109,250,13,3,1
30141521,3,1130001,30141521,700110109,30,41,2,1
30141531,3,1130038,30141531,700110109,50,42,3,1
30141541,3,1130003,30141541,700110109,50,43,4,1
30141551,3,1130042,30141551,700110109,50,44,3,1
30141561,3,1130009,30141561,700110104,20,45,2,1
30141611,3,1110001,30141611,700110109,250,13,3,1
30141621,3,1130001,30141621,700110109,30,41,2,1
30141631,3,1130038,30141631,700110109,50,42,3,1
30141641,3,1130003,30141641,700110109,50,43,4,1
30141651,3,1130042,30141651,700110109,50,44,3,1
30141661,3,1130009,30141661,700110104,20,45,2,1
30141711,3,1110001,30141711,700110109,250,13,3,1
30141721,3,1130001,30141721,700110109,30,41,2,1
30141731,3,1130038,30141731,700110109,50,42,3,1
30141741,3,1130003,30141741,700110109,50,43,4,1
30141751,3,1130042,30141751,700110109,50,44,3,1
30141761,3,1130009,30141761,700110104,20,45,2,1
30141811,3,1110001,30141811,700110109,250,13,3,1
30141821,3,1130001,30141821,700110109,30,41,2,1
30141831,3,1130038,30141831,700110109,50,42,3,1
30141841,3,1130003,30141841,700110109,50,43,4,1
30141851,3,1130042,30141851,700110109,50,44,3,1
30141861,3,1130009,30141861,700110104,20,45,2,1
30141911,3,1110001,30141911,700110109,250,13,3,1
30141921,3,1130001,30141921,700110109,30,41,2,1
30141931,3,1130038,30141931,700110109,50,42,3,1
30141941,3,1130003,30141941,700110109,50,43,4,1
30141951,3,1130042,30141951,700110109,50,44,3,1
30141961,3,1130009,30141961,700110104,20,45,2,1
30151111,3,1110001,30151111,700110301,250,13,4,1
30151112,3,1110001,30151112,700110301,250,13,4,1
30151113,3,1110001,30151113,700110301,250,13,5,1
30151121,3,1130001,30151121,700110301,50,41,3,1
30151123,3,1130002,30151123,700110301,30,41,2,1
30151124,3,1130002,30151124,700110301,30,41,2,1
30151131,3,1130038,30151131,700110301,50,42,3,1
30151132,3,1130038,30151132,700110301,50,42,3,1
30151133,3,1130038,30151133,700110301,50,42,3,1
30151134,3,1130038,30151134,700110301,30,42,4,1
30151138,3,1130002,30011131,0,30,42,2,1
30151141,3,1130003,30151141,700110301,50,43,4,1
30151142,3,1130003,30151142,700110301,50,43,4,1
30151143,3,1130003,30151143,700110301,50,43,4,1
30151148,3,1130003,30011131,0,30,43,4,1
30151151,3,1130009,30151151,700110301,50,44,3,1
30151152,3,1130042,30151152,700110301,50,44,3,1
30151153,3,1130042,30151153,700110301,1,44,5,1
30151154,3,1130042,30151154,700110301,50,44,3,1
30151155,3,1130042,30151155,700110301,1,44,5,1
30151161,3,1130009,30151161,700110104,20,45,2,1
30151162,3,1130009,30151162,700110104,20,45,2,1
30151163,3,1130009,30151163,700110104,20,45,2,1
30151169,3,1130001,30011131,0,30,45,2,1
30151211,3,1110001,30151211,700110302,250,13,4,1
30151221,3,1130001,30151221,700110302,50,41,3,1
30151231,3,1130038,30151231,700110302,50,42,3,1
30151232,3,1130038,30151232,700110302,25,42,3,1
30151238,3,1130002,30011131,0,30,42,2,1
30151241,3,1130003,30151241,700110302,50,43,4,1
30151242,3,1130003,30151242,700110302,1,43,4,1
30151248,3,1130003,30011131,0,30,43,4,1
30151251,3,1130042,30151251,700110302,50,44,3,1
30151252,3,1130042,30151252,700110302,30,44,4,1
30151261,3,1130009,30151261,700110104,20,45,2,1
30151311,3,1110001,30151311,700110302,250,13,4,1
30151321,3,1130001,30151321,700110302,50,41,3,1
30151331,3,1130038,30151331,700110302,50,42,3,1
30151332,3,1130038,30151332,700110302,40,42,3,1
30151333,3,1130038,30151333,700110302,40,42,3,1
30151338,3,1130002,30011131,0,30,42,2,1
30151341,3,1130003,30151341,700110302,50,43,4,1
30151342,3,1130003,30151342,700110302,50,43,3,1
30151343,3,1130003,30151343,700110302,10,43,3,1
30151348,3,1130003,30011131,0,30,43,4,1
30151351,3,1130042,30151351,700110302,50,44,3,1
30151361,3,1130009,30151361,700110104,40,45,2,1
30151411,3,1110001,30151411,700110302,250,13,3,1
30151421,3,1130002,30151421,700110302,30,41,2,1
30151422,3,1130002,30151422,700110302,30,41,3,1
30151431,3,1130038,30151431,700110302,50,42,3,1
30151432,3,1130038,30151432,700110302,10,42,4,1
30151441,3,1130003,30151441,700110302,50,43,4,1
30151451,3,1130042,30151451,700110302,50,44,2,1
30151452,3,1130042,30151452,700110302,25,41,3,1
30151461,3,1130009,30151461,700110104,20,45,2,1
30151462,3,1130009,30151462,700110104,20,45,3,1
30151511,3,1110001,30151411,700110302,250,13,3,1
30151521,3,1130002,30151421,700110302,30,41,4,1
30151531,3,1130038,30151431,700110302,50,42,3,1
30151541,3,1130003,30151441,700110302,50,43,4,1
30151551,3,1130042,30151451,700110302,50,44,4,1
30151561,3,1130009,30151461,700110104,20,45,2,1
30151611,3,1110001,30151511,700110302,250,13,3,1
30151621,3,1130002,30151521,700110302,30,41,3,1
30151631,3,1130038,30151531,700110302,50,42,3,1
30151641,3,1130003,30151541,700110302,50,43,4,1
30151651,3,1130042,30151551,700110302,50,44,3,1
30151661,3,1130009,30151561,700110104,20,45,2,1
30151711,3,1110001,30151711,700110302,250,13,3,1
30151721,3,1130002,30151721,700110302,30,41,3,1
30151731,3,1130038,30151731,700110302,50,42,3,1
30151741,3,1130003,30151741,700110302,50,43,4,1
30151751,3,1130042,30151751,700110302,50,44,3,1
30151761,3,1130009,30151761,700110104,20,45,2,1
30151811,3,1110001,30151411,700110302,250,13,3,1
30151821,3,1130002,30151421,700110302,30,41,4,1
30151831,3,1130038,30151431,700110302,50,42,3,1
30151841,3,1130003,30151441,700110302,50,43,4,1
30151851,3,1130042,30151451,700110302,50,44,4,1
30151861,3,1130009,30151461,700110104,20,45,2,1
30151911,3,1110001,30151911,700110302,250,13,3,1
30151921,3,1130002,30151921,700110302,30,41,4,1
30151931,3,1130038,30151931,700110302,50,42,3,1
30151941,3,1130003,30151941,700110302,50,43,4,1
30151951,3,1130042,30151951,700110302,50,44,4,1
30151961,3,1130009,30151961,700110104,20,45,2,1
30161111,3,1110001,30161111,700110302,250,13,4,1
30161121,3,1130001,30161121,700110302,50,41,3,1
30161131,3,1130038,30161131,700110303,50,42,3,1
30161138,3,1130002,30011131,0,30,42,2,1
30161141,3,1130003,30161141,700110303,50,43,4,1
30161142,3,1130003,30161142,700110303,50,43,4,1
30161148,3,1130003,30011131,0,30,43,4,1
30161151,3,1130042,30161151,700110303,50,44,3,1
30161161,3,1130005,30161161,700110104,20,45,2,1
30161169,3,1130001,30011131,0,30,45,2,1
30161211,3,1110001,30161211,700110303,250,13,4,1
30161221,3,1130001,30161221,700110303,50,41,3,1
30161231,3,1130038,30161231,700110303,50,42,3,1
30161238,3,1130002,30011131,0,30,42,2,1
30161241,3,1130003,30161241,700110303,50,43,4,1
30161248,3,1130003,30011131,0,30,43,4,1
30161251,3,1130042,30161251,700110303,50,44,3,1
30161261,3,1130005,30161261,700110104,20,45,2,1
30161311,3,1110001,30161311,700110303,250,13,4,1
30161321,3,1130001,30161321,700110303,50,41,3,1
30161323,3,1130001,30161323,700110303,30,41,3,1
30161331,3,1130002,30161331,700110303,50,42,3,1
30161332,3,1130002,30161332,700110301,40,42,4,1
30161333,3,1130002,30161333,700110303,30,42,3,1
30161334,3,1130002,30161334,700110303,30,42,3,1
30161338,3,1130002,30011131,0,30,42,2,1
30161341,3,1130003,30161341,700110303,50,43,4,1
30161342,3,1130003,30161342,700110303,40,43,4,1
30161348,3,1130003,30011131,0,30,43,4,1
30161351,3,1130042,30161351,700110303,50,44,3,1
30161361,3,1130005,30161361,700110104,20,45,2,1
30161421,3,1130001,30161421,700110302,15,41,3,1
30161431,3,1130002,30161431,700110303,40,42,3,1
30161451,3,1130004,30161451,700110303,40,44,3,1
30161611,3,1110001,30161611,700110302,250,13,2,1
30161621,3,1130001,30161621,700110302,30,41,4,1
30161631,3,1130002,30161631,700110303,50,42,3,1
30161641,3,1130003,30161641,700110303,50,43,4,1
30161651,3,1130004,30161651,700110303,50,44,3,1
30161661,3,1130005,30161661,700110104,20,45,2,1
30161711,3,1110001,30161711,700110302,250,13,2,1
30161721,3,1130001,30161721,700110302,20,41,3,1
30161722,3,1130001,30161722,700110302,20,41,3,1
30161731,3,1130002,30161731,700110303,30,42,3,1
30161732,3,1130002,30161732,700110303,30,42,3,1
30161741,3,1130003,30161741,700110303,40,43,3,1
30161751,3,1130004,30161751,700110303,50,44,3,1
30161752,3,1130004,30161752,700110303,20,44,3,1
30161753,3,1130004,30161753,700110303,35,44,3,1
30161761,3,1130005,30161761,700110104,10,45,4,1
30161811,3,1110001,30161811,700110302,250,13,4,1
30161821,3,1130001,30161821,700110302,30,41,4,1
30161831,3,1130002,30161831,700110303,50,42,3,1
30161841,3,1130003,30161841,700110303,50,43,4,1
30161851,3,1130004,30161851,700110303,50,44,3,1
30161861,3,1130005,30161861,700110104,20,45,2,1
30161911,3,1110001,30161611,700110302,250,13,4,1
30161921,3,1130001,30161621,700110302,30,41,4,1
30161931,3,1130002,30161631,700110303,50,42,3,1
30161941,3,1130003,30161641,700110303,50,43,4,1
30161951,3,1130004,30161651,700110303,50,44,3,1
30161961,3,1130005,30161661,700110104,20,45,2,1
30171111,3,1110001,30171111,700110304,250,13,4,1
30171112,3,1110001,30171112,700110304,100,13,4,1
30171121,3,1130005,30171121,700110304,50,41,3,1
30171123,3,1130005,30171123,700110304,30,41,3,1
30171131,3,1130006,30171131,700110304,40,42,3,1
30171132,3,1130006,30171132,700110304,40,42,3,1
30171141,3,1130004,30171141,700110304,40,43,3,1
30171151,3,1130040,30171151,700110304,30,44,3,1
30171211,3,1110001,30171211,700110304,250,13,3,1
30171221,3,1130005,30171221,700110304,50,41,3,1
30171223,3,1130005,30171223,700110304,30,41,3,1
30171231,3,1130006,30171231,700110304,40,42,3,1
30171232,3,1130006,30171232,700110304,1,42,3,1
30171233,3,1130006,30171233,700110304,30,42,3,1
30171241,3,1130004,30171241,700110304,40,43,3,1
30171251,3,1130040,30171251,700110304,30,44,3,1
30171252,3,1130040,30171252,700110304,30,44,4,1
30171311,3,1110001,30171311,700110304,250,13,3,1
30171321,3,1130005,30171321,700110304,50,41,3,1
30171331,3,1130006,30171331,700110305,40,42,3,1
30171332,3,1130006,30171332,700110305,30,42,4,1
30171341,3,1130004,30171341,700110305,40,43,3,1
30171351,3,1130040,30171351,700110305,30,44,3,1
30171511,3,1110001,30171511,700110304,250,13,2,1
30171521,3,1130005,30171521,700110304,30,41,2,1
30171531,3,1130006,30171531,700110304,40,42,3,1
30171541,3,1130004,30171541,700110304,40,43,2,1
30171551,3,1130040,30171551,700110304,30,44,2,1
30171552,3,1130040,30171552,700110304,50,44,2,1
30171811,3,1110001,30171111,700110304,250,13,2,1
30171821,3,1130005,30171121,700110304,30,41,2,1
30171831,3,1130006,30171131,700110304,40,42,3,1
30171841,3,1130004,30171141,700110304,40,43,2,1
30171851,3,1130040,30171151,700110304,30,44,2,1
30181111,3,1110001,30181111,700110305,250,13,3,1
30181121,3,1130005,30181121,700110305,50,41,3,1
30181123,3,1130005,30181123,700110305,30,41,3,1
30181131,3,1130006,30181131,700110305,40,42,3,1
30181132,3,1130006,30181132,700110305,40,42,4,1
30181141,3,1130004,30181141,700110305,40,43,3,1
30181151,3,1130040,30181151,700110305,30,44,3,1
30181211,3,1110001,30181211,700110305,250,13,3,1
30181221,3,1130005,30181221,700110305,50,41,3,1
30181231,3,1130006,30181231,700110305,40,42,3,1
30181232,3,1130006,30181232,700110305,1,42,4,1
30181241,3,1130004,30181241,700110305,40,43,3,1
30181251,3,1130040,30181251,700110305,30,44,3,1
30181311,3,1110001,30181311,700110305,250,13,3,1
30181321,3,1130005,30181321,700110305,50,41,3,1
30181331,3,1130006,30181331,700110305,40,42,3,1
30181332,3,1130006,30181332,700110305,40,42,4,1
30181333,3,1130006,30181333,700110305,30,42,4,1
30181334,3,1130006,30181334,700110305,40,42,3,1
30181341,3,1130004,30181341,700110305,40,43,3,1
30181342,3,1130004,30181342,700110305,1,43,4,1
30181351,3,1130040,30181351,700110305,30,44,3,1
30181411,3,1110001,30181411,700110306,250,13,3,1
30181421,3,1130005,30181421,700110307,30,41,3,1
30181431,3,1130006,30181431,700110308,40,42,3,1
30181441,3,1130004,30181441,700110309,40,43,3,1
30181451,3,1130040,30181451,700110310,30,44,3,1
30181611,3,1110001,30181111,700110305,250,13,4,1
30181621,3,1130005,30181121,700110305,30,41,3,1
30181631,3,1130006,30181131,700110305,40,42,3,1
30181641,3,1130004,30181141,700110305,40,43,3,1
30181651,3,1130040,30181151,700110305,30,44,3,1
30181711,3,1110001,30181151,700110305,250,13,4,1
30181721,3,1130005,30181151,700110305,30,41,3,1
30181731,3,1130006,30181151,700110305,40,42,3,1
30181741,3,1130004,30181151,700110305,40,43,3,1
30181751,3,1130040,30181151,700110305,30,44,3,1
30191111,3,1110001,30191111,700110305,250,13,3,1
30191121,3,1130005,30191121,700110305,50,41,3,1
30191123,3,1130005,30191123,700110305,40,41,4,1
30191131,3,1130006,30191131,700110305,40,42,3,1
30191132,3,1130006,30191132,700110305,40,42,3,1
30191141,3,1130004,30191141,700110305,40,43,3,1
30191151,3,1130040,30191151,700110305,30,44,3,1
30191152,3,1130040,30191152,700110305,30,44,4,1
30191211,3,1110001,30191211,700110305,250,13,3,1
30191221,3,1130005,30191221,700110305,50,41,3,1
30191231,3,1130006,30191231,700110306,40,42,3,1
30191232,3,1130006,30191232,700110306,40,42,4,1
30191241,3,1130004,30191241,700110306,40,43,3,1
30191251,3,1130040,30191251,700110306,30,44,3,1
30191311,3,1110001,30191311,700110306,250,13,3,1
30191321,3,1130005,30191321,700110306,50,41,3,1
30191331,3,1130006,30191331,700110306,40,42,3,1
30191332,3,1130006,30191332,700110306,1,42,4,1
30191333,3,1130006,30191333,700110305,40,42,4,1
30191335,3,1130006,30191335,700110306,40,42,3,1
30191341,3,1130004,30191341,700110306,40,43,3,1
30191351,3,1130040,30191351,700110306,30,44,3,1
30191352,3,1130040,30191352,700110306,1,44,4,1
30191411,3,1110001,30191111,700110305,250,13,3,1
30191421,3,1130005,30191121,700110305,30,41,3,1
30191431,3,1130006,30191131,700110305,40,42,3,1
30191441,3,1130004,30191141,700110305,40,43,3,1
30191451,3,1130040,30191151,700110305,30,44,3,1
30191511,3,1110001,30191111,700110305,250,13,3,1
30191521,3,1130005,30191121,700110305,30,41,3,1
30191531,3,1130006,30191131,700110305,40,42,3,1
30191541,3,1130004,30191141,700110305,40,43,4,1
30191551,3,1130040,30191151,700110305,30,44,3,1
30191611,3,1110001,30191111,700110305,250,13,3,1
30191621,3,1130005,30191121,700110305,30,41,4,1
30191631,3,1130006,30191131,700110305,40,42,3,1
30191641,3,1130004,30191141,700110305,40,43,3,1
30191651,3,1130040,30191151,700110305,30,44,4,1
30191711,3,1110001,30191111,700110305,250,13,3,1
30191721,3,1130005,30191121,700110305,30,41,3,1
30191731,3,1130006,30191131,700110305,40,42,3,1
30191741,3,1130004,30191141,700110305,40,43,4,1
30191751,3,1130040,30191151,700110305,30,44,3,1
30191811,3,1110001,30191151,700110305,250,13,3,1
30191821,3,1130005,30191151,700110305,30,41,3,1
30191831,3,1130006,30191151,700110305,40,42,3,1
30191841,3,1130004,30191151,700110305,40,43,4,1
30191851,3,1130040,30191151,700110305,30,44,3,1
30191911,3,1110001,30191111,700110305,250,13,3,1
30191921,3,1130005,30191121,700110305,30,41,4,1
30191931,3,1130006,30191131,700110305,40,42,3,1
30191941,3,1130004,30191141,700110305,40,43,3,1
30191951,3,1130040,30191151,700110305,30,44,4,1
30201111,3,1110001,30201111,700110306,250,13,3,1
30201112,3,1110001,30201112,700110306,200,13,2,1
30201121,3,1130005,30201121,700110306,50,41,3,1
30201123,3,1130005,30201123,700110306,50,41,4,1
30201124,3,1130005,30201124,700110306,100,41,2,1
30201131,3,1130008,30201131,700110306,50,42,3,1
30201132,3,1130008,30201132,700110306,1,42,4,1
30201133,3,1130038,30201133,700110306,120,42,3,1
30201141,3,1130009,30201141,700110306,50,43,3,1
30201142,3,1130009,30201142,700110306,5,43,3,1
30201143,3,1130009,30201143,700110306,90,43,3,1
30201151,3,1130004,30201151,700110307,50,44,2,1
30201152,3,1130004,30201152,700110307,1,44,4,1
30201153,3,1130004,30201153,700110307,140,44,2,1
30201154,3,1130004,30201154,700110307,1,44,4,1
30201155,3,1130004,30201155,700110307,1,44,4,1
30201161,3,1130006,30201161,700110307,50,46,4,1
30201162,3,1130006,30201162,700110307,60,45,4,1
30201163,3,1130006,30201163,700110307,30,45,4,1
30201171,3,1130040,30201171,700110307,50,45,2,1
30201172,3,1130040,30201172,700110307,80,46,4,1
30201173,3,1130040,30201173,700110307,1,46,4,1
30201211,3,1110001,30201211,700110307,250,13,4,1
30201221,3,1130005,30201221,700110307,50,41,2,1
30201223,3,1130005,30201223,700110306,40,41,2,1
30201231,3,1130008,30201231,700110307,50,42,3,1
30201232,3,1130038,30201232,700110307,19,42,3,1
30201233,3,1130038,30201233,700110307,50,42,4,1
30201241,3,1130009,30201241,700110307,50,43,3,1
30201251,3,1130004,30201251,700110307,50,44,2,1
30201261,3,1130006,30201261,700110307,50,46,4,1
30201271,3,1130040,30201271,700110307,50,45,2,1
30201272,3,1130040,30201272,700110307,40,46,2,1
30201311,3,1110001,30201311,700110307,250,13,2,1
30201321,3,1130005,30201321,700110307,50,41,2,1
30201323,3,1130005,30201323,700110307,40,41,4,1
30201324,3,1130005,30201324,700110307,40,41,4,1
30201325,3,1130005,30201325,700110306,40,41,2,1
30201331,3,1130008,30201331,700110308,50,42,3,1
30201341,3,1130009,30201341,700110308,50,43,3,1
30201351,3,1130004,30201351,700110308,50,44,2,1
30201352,3,1130004,30201352,700110308,1,44,2,1
30201353,3,1130004,30201353,700110308,1,44,2,1
30201354,3,1130004,30201354,700110308,45,44,2,1
30201361,3,1130006,30201361,700110308,45,45,3,1
30201362,3,1130006,30201362,700110308,45,45,4,1
30201363,3,1130006,30201363,700110308,45,45,4,1
30201371,3,1130040,30201371,700110308,50,46,2,1
30201372,3,1130040,30201372,700110308,40,46,4,1
30201373,3,1130040,30201373,700110308,1,46,2,1
30201411,3,1110001,30201411,700110306,250,13,4,1
30201421,3,1130005,30201421,700110306,50,41,3,1
30201431,3,1130038,30201431,700110306,50,42,3,1
30201441,3,1130009,30201441,700110306,50,43,3,1
30201451,3,1130004,30201451,700110307,50,44,2,1
30201461,3,1130006,30201461,700110307,50,45,4,1
30201471,3,1130040,30201471,700110307,50,46,2,1
30201511,3,1110001,30201611,700110306,250,13,4,1
30201521,3,1130005,30201621,700110306,50,41,2,1
30201531,3,1130038,30201631,700110306,50,42,3,1
30201541,3,1130009,30201641,700110306,50,43,3,1
30201551,3,1130004,30201651,700110307,50,44,2,1
30201561,3,1130006,30201661,700110307,50,45,4,1
30201571,3,1130040,30201671,700110307,50,46,2,1
30201611,3,1110001,30201611,700110306,250,13,4,1
30201621,3,1130005,30201621,700110306,50,41,2,1
30201631,3,1130038,30201631,700110306,50,42,3,1
30201641,3,1130009,30201641,700110306,50,43,3,1
30201651,3,1130004,30201651,700110307,50,44,2,1
30201661,3,1130006,30201661,700110307,50,45,4,1
30201671,3,1130040,30201671,700110307,50,46,2,1
30201711,3,1110001,30201711,700110306,250,13,2,1
30201721,3,1130005,30201721,700110306,50,41,4,1
30201731,3,1130038,30201731,700110306,50,42,3,1
30201741,3,1130009,30201741,700110306,50,43,3,1
30201751,3,1130004,30201751,700110307,50,44,2,1
30201761,3,1130006,30201761,700110307,50,45,4,1
30201771,3,1130040,30201771,700110307,50,46,2,1
30201811,3,1110001,30201611,700110306,250,13,2,1
30201821,3,1130005,30201621,700110306,50,41,4,1
30201831,3,1130038,30201631,700110306,50,42,3,1
30201841,3,1130009,30201641,700110306,50,43,3,1
30201851,3,1130004,30201651,700110307,50,44,2,1
30201861,3,1130006,30201661,700110307,50,45,4,1
30201871,3,1130040,30201671,700110307,50,46,2,1
30201911,3,1110001,30201911,700110306,250,13,2,1
30201921,3,1130005,30201921,700110306,50,41,4,1
30201931,3,1130038,30201931,700110306,50,42,3,1
30201941,3,1130009,30201941,700110306,50,43,3,1
30201951,3,1130004,30201951,700110307,50,44,2,1
30201961,3,1130006,30201961,700110307,50,45,4,1
30201971,3,1130040,30201971,700110307,50,46,2,1
30211111,3,1110001,30211111,700110308,250,13,4,1
30211112,3,1110001,30211112,700110308,250,13,3,1
30211113,3,1110001,30211113,700110308,250,13,3,1
30211121,3,1130005,30211121,700110308,50,41,2,1
30211123,3,1130005,30211123,700110308,50,41,4,1
30211124,3,1130005,30211124,700110308,50,41,2,1
30211125,3,1130005,30211125,700110308,50,41,2,1
30211131,3,1130008,30211131,700110308,50,42,3,1
30211132,3,1130008,30211132,700110308,50,42,3,1
30211133,3,1130008,30211133,700110308,50,42,3,1
30211141,3,1130009,30211141,700110308,50,43,3,1
30211142,3,1130009,30211142,700110308,50,43,3,1
30211143,3,1130009,30211143,700110308,50,43,3,1
30211151,3,1130004,30211151,700110308,50,44,2,1
30211152,3,1130004,30211152,700110308,50,44,2,1
30211153,3,1130004,30211153,700110308,50,44,2,1
30211154,3,1130004,30211154,700110308,1,44,5,1
30211155,3,1130004,30211155,700110308,50,44,2,1
30211156,3,1130004,30211156,700110308,1,44,5,1
30211157,3,1130004,30211157,700110308,40,44,2,1
30211161,3,1130006,30211161,700110308,50,45,4,1
30211162,3,1130006,30211162,700110308,50,45,4,1
30211163,3,1130006,30211163,700110308,50,45,4,1
30211171,3,1130040,30211171,700110308,50,46,2,1
30211172,3,1130040,30211172,700110308,50,46,2,1
30211173,3,1130040,30211173,700110308,50,46,2,1
30211211,3,1110001,30211211,700110308,250,13,4,1
30211221,3,1130005,30211221,700110308,50,41,2,1
30211223,3,1130005,30211223,700110306,40,41,2,1
30211231,3,1130008,30211231,700110308,50,42,3,1
30211232,3,1130008,30211232,700110308,40,42,4,1
30211241,3,1130009,30211241,700110308,50,43,3,1
30211242,3,1130009,30211242,700110308,40,43,3,1
30211251,3,1130004,30211251,700110308,50,44,2,1
30211261,3,1130006,30211261,700110308,50,45,4,1
30211262,3,1130008,30211262,700110308,1,45,4,1
30211263,3,1130008,30211263,700110308,1,45,5,1
30211264,3,1130006,30211264,700110308,1,45,6,1
30211265,3,1130006,30211265,700110308,40,45,4,1
30211271,3,1130040,30211271,700110308,50,46,2,1
30211272,3,1130040,30211272,700110308,30,46,4,1
30211311,3,1110001,30211311,700110308,250,13,4,1
30211321,3,1130005,30211321,700110308,30,41,2,1
30211323,3,1130005,30211323,700110306,40,41,2,1
30211331,3,1130008,30211331,700110308,40,42,2,1
30211332,3,1130008,30211332,700110308,40,42,2,1
30211341,3,1130009,30211341,700110308,50,43,3,1
30211342,3,1130009,30211342,700110308,30,43,3,1
30211351,3,1130004,30211351,700110308,35,44,2,1
30211361,3,1130006,30211361,700110308,50,46,4,1
30211362,3,1130006,30211361,700110308,50,45,4,1
30211371,3,1130040,30211371,700110308,40,45,2,1
30211372,3,1130040,30211372,700110308,30,45,4,1
30211373,3,1130040,30211371,700110308,40,46,4,1
30211374,3,1130040,30211372,700110308,30,46,4,1
30211411,3,1110001,30211411,700110308,250,13,2,1
30211421,3,1130005,30211421,700110308,50,41,3,1
30211431,3,1130008,30211431,700110308,50,42,3,1
30211441,3,1130009,30211441,700110308,50,43,3,1
30211451,3,1130004,30211451,700110308,30,44,2,1
30211461,3,1130006,30211461,700110308,20,45,3,1
30211471,3,1130040,30211471,700110308,30,46,2,1
30211511,3,1110001,30211511,700110308,250,13,2,1
30211521,3,1130005,30211521,700110308,50,41,3,1
30211531,3,1130008,30211531,700110308,50,42,3,1
30211541,3,1130009,30211541,700110308,10,43,4,1
30211542,3,1130009,30211542,700110308,9,43,4,1
30211543,3,1130009,30211543,700110308,8,43,4,1
30211551,3,1130004,30211551,700110308,30,44,2,1
30211561,3,1130006,30211561,700110308,20,45,3,1
30211571,3,1130040,30211571,700110308,50,46,3,1
30211572,3,1130040,30211572,700110308,50,46,3,1
30211611,3,1110001,30211611,700110308,250,13,2,1
30211621,3,1130005,30211621,700110308,50,41,3,1
30211631,3,1130008,30211631,700110308,50,42,3,1
30211641,3,1130009,30211641,700110308,50,43,3,1
30211651,3,1130004,30211651,700110308,30,44,2,1
30211661,3,1130006,30211661,700110308,20,45,3,1
30211671,3,1130040,30211671,700110308,30,46,2,1
30211711,3,1110001,30211711,700110308,250,13,2,1
30211721,3,1130005,30211721,700110308,50,41,3,1
30211731,3,1130008,30211731,700110308,50,42,3,1
30211732,3,1130008,30211732,700110308,35,42,3,1
30211741,3,1130009,30211741,700110308,50,43,3,1
30211751,3,1130004,30211751,700110308,30,44,2,1
30211752,3,1130004,30211752,700110308,40,44,2,1
30211761,3,1130006,30211761,700110308,20,45,3,1
30211771,3,1130040,30211771,700110308,30,46,2,1
30211911,3,1110001,30211711,700110308,250,13,2,1
30211921,3,1130005,30211721,700110308,50,41,3,1
30211931,3,1130008,30211731,700110308,50,42,3,1
30211941,3,1130009,30211741,700110308,50,43,3,1
30211942,3,1130009,30211942,700110308,10,43,4,1
30211943,3,1130009,30211943,700110308,10,43,4,1
30211944,3,1130009,30211944,700110308,10,43,4,1
30211951,3,1130004,30211751,700110308,30,44,2,1
30211952,3,1130004,30211952,700110308,9,44,2,1
30211953,3,1130004,30211953,700110308,8,44,2,1
30211954,3,1130004,30211954,700110308,7,44,2,1
30211961,3,1130006,30211761,700110308,20,45,3,1
30211962,3,1130006,30211962,700110308,30,45,6,1
30211963,3,1130006,30211963,700110308,6,45,6,1
30211964,3,1130006,30211964,700110308,6,45,6,1
30211971,3,1130040,30211771,700110308,30,46,2,1
30211972,3,1130040,30211972,700110308,1,46,2,1
30221111,3,1110001,30221111,0,40,13,4,1
30221121,3,1130098,30221121,0,40,41,2,1
30221131,3,1130100,30221131,0,40,42,4,1
30221141,3,1130131,30221141,0,40,43,2,1
30221211,3,1110001,30221211,0,40,13,4,1
30221221,3,1130098,30221221,0,40,41,2,1
30221231,3,1130100,30221231,0,40,42,4,1
30221241,3,1130131,30221241,0,40,43,2,1
30221311,3,1110001,30221311,0,40,13,4,1
30221321,3,1130098,30221321,0,40,41,2,1
30221331,3,1130100,30221331,0,40,42,4,1
30221341,3,1130131,30221341,0,40,43,2,1
30231111,3,1110001,30231111,0,40,13,4,1
30231121,3,1130088,30231121,0,40,41,2,1
30231131,3,1130132,30231131,0,40,42,4,1
30231141,3,1130131,30231141,0,40,43,2,1
30231211,3,1110001,30231211,0,40,13,4,1
30231221,3,1130088,30231221,0,40,41,2,1
30231231,3,1130132,30231231,0,40,42,4,1
30231241,3,1130131,30231241,0,40,43,2,1
30231311,3,1110001,30231311,0,40,13,4,1
30231321,3,1130088,30231321,0,40,41,2,1
30231331,3,1130132,30231331,0,40,42,4,1
30231341,3,1130131,30231341,0,40,43,2,1
30241111,3,1110001,30241111,0,40,13,4,1
30241121,3,1130098,30241121,0,40,41,2,1
30241131,3,1130099,30241131,0,40,42,4,1
30241141,3,1130100,30241141,0,40,43,2,1
30241211,3,1110001,30241211,0,40,13,4,1
30241221,3,1130098,30241221,0,40,41,2,1
30241231,3,1130099,30241231,0,40,42,4,1
30241241,3,1130100,30241241,0,40,43,2,1
30241311,3,1110001,30241311,0,40,13,4,1
30241321,3,1130098,30241321,0,40,41,2,1
30241331,3,1130099,30241331,0,40,42,4,1
30241341,3,1130100,30241341,0,40,43,2,1
30242111,3,1110001,30242111,0,40,13,4,1
30242121,3,1130098,30242121,0,40,41,2,1
30242131,3,1130099,30242131,0,40,42,4,1
30242141,3,1130100,30242141,0,40,43,2,1
30242211,3,1110001,30242211,0,40,13,4,1
30242221,3,1130098,30242221,0,40,41,2,1
30242231,3,1130099,30242231,0,40,42,4,1
30242241,3,1130100,30242241,0,40,43,2,1
30242311,3,1110001,30242311,0,40,13,4,1
30242321,3,1130098,30242321,0,40,41,2,1
30242331,3,1130099,30242331,0,40,42,4,1
30242341,3,1130100,30242341,0,40,43,2,1
30243111,3,1110001,30243111,0,40,13,4,1
30243121,3,1130131,30243121,0,40,41,2,1
30243131,3,1130117,30243131,0,40,42,4,1
30243141,3,1130138,30243141,0,40,43,2,1
30243211,3,1110001,30243211,0,40,13,4,1
30243221,3,1130131,30243221,0,40,41,2,1
30243231,3,1130117,30243231,0,40,42,4,1
30243241,3,1130138,30243241,0,40,43,2,1
30243311,3,1110001,30243311,0,40,13,4,1
30243321,3,1130131,30243321,0,40,41,2,1
30243331,3,1130117,30243331,0,40,42,4,1
30243341,3,1130138,30243341,0,40,43,2,1
30291111,3,1110001,30291111,700110305,250,13,3,1
30291121,3,1130001,30291121,700110302,30,41,3,1
30291122,3,1130001,30291122,700110302,50,41,4,1
30291131,3,1130038,30291131,700110303,40,42,3,1
30291141,3,1130003,30291141,700110303,40,43,4,1
30291142,3,1130003,30291142,700110303,40,43,4,1
30291151,3,1130004,30291151,700110303,40,44,3,1
30291152,3,1130085,30291152,700110303,40,44,4,1
30291153,3,1130085,30291153,700110303,40,44,2,1
30291154,3,1130085,30291154,700110303,40,44,4,1
30291161,3,1130009,30291161,700110104,30,45,2,1
30291171,3,1130009,30291171,700110104,30,46,2,1
30291211,3,1110001,30291211,700110305,250,13,3,1
30291221,3,1130076,30291221,700110302,30,41,3,1
30291231,3,1130082,30291231,700110303,40,42,3,1
30291241,3,1130081,30291241,700110303,40,43,4,1
30291251,3,1130085,30291251,700110303,40,44,3,1
30291252,3,1130085,30291252,700110303,40,44,4,1
30291261,3,1130009,30291261,700110104,30,45,2,1
30291271,3,1130086,30291271,700110104,30,46,2,1
30291311,3,1110001,30291311,700110305,250,13,2,1
30291321,3,1130076,30291321,700110302,30,41,3,1
30291322,3,1130076,30291322,700110302,30,41,3,1
30291331,3,1130082,30291331,700110303,30,42,3,1
30291332,3,1130082,30291332,700110303,30,42,3,1
30291333,3,1130057,30291333,700110303,30,42,5,1
30291341,3,1130081,30291341,700110303,40,43,4,1
30291351,3,1130085,30291351,700110303,40,44,3,1
30291352,3,1130085,30291352,700110303,40,44,3,1
30291353,3,1130085,30291353,700110303,40,44,4,1
30291354,3,1130085,30291354,700110303,40,44,4,1
30291355,3,1130085,30291355,700110303,20,44,4,1
30291361,3,1130009,30291361,700110104,30,45,2,1
30291371,3,1130086,30291371,700110104,30,46,2,1
30291372,3,1130086,30291372,700110104,5,46,4,1
30301111,3,1110001,30301111,700110302,250,13,2,1
30301121,3,1130001,30301121,700110302,30,41,3,1
30301131,3,1130038,30301131,700110303,50,42,3,1
30301141,3,1130003,30301141,700110303,45,43,4,1
30301142,3,1130003,30301142,700110303,45,43,4,1
30301151,3,1130004,30301151,700110303,20,44,3,1
30301161,3,1130009,30301161,700110104,45,45,2,1
30301211,3,1110001,30301211,700110302,250,13,4,1
30301221,3,1130001,30301221,700110302,30,41,4,1
30301231,3,1130038,30301231,700110303,50,42,3,1
30301232,3,1130038,30301232,700110303,30,42,3,1
30301241,3,1130003,30301241,700110303,45,43,4,1
30301251,3,1130004,30301251,700110303,20,44,3,1
30301261,3,1130009,30301261,700110104,45,45,2,1
30301311,3,1110001,30301311,700110302,250,13,3,1
30301312,3,1110001,30301312,700110302,250,13,3,1
30301321,3,1130001,30301321,700110302,30,41,4,1
30301322,3,1130001,30301322,700110302,30,41,4,1
30301331,3,1130038,30301331,700110303,50,42,3,1
30301332,3,1130038,30301332,700110303,50,42,3,1
30301333,3,1130038,30301333,700110303,5,42,6,1
30301334,3,1130038,30301334,700110303,4,42,6,1
30301335,3,1130038,30301335,700110303,3,42,6,1
30301341,3,1130003,30301341,700110303,45,43,4,1
30301342,3,1130003,30301342,700110303,45,43,4,1
30301351,3,1130004,30301351,700110303,20,44,3,1
30301352,3,1130004,30301352,700110303,20,44,3,1
30301361,3,1130009,30301361,700110104,45,45,2,1
30301362,3,1130009,30301362,700110104,45,45,2,1
30311111,3,1110001,30311111,700110306,250,13,2,1
30311121,3,1130076,30311121,700110306,30,41,4,1
30311122,3,1130076,30311122,700110306,40,41,2,1
30311131,3,1130082,30311131,700110306,40,42,3,1
30311141,3,1130081,30311141,700110306,40,43,3,1
30311142,3,1130081,30311142,700110306,40,43,3,1
30311151,3,1130085,30311151,700110307,30,44,2,1
30311152,3,1130085,30311152,700110307,30,44,2,1
30311153,3,1130085,30311153,700110307,45,44,4,1
30311155,3,1130085,30311155,700110307,45,44,4,1
30311161,3,1130009,30311161,700110307,30,45,4,1
30311171,3,1130048,30311171,700110307,30,46,2,1
30311172,3,1130048,30311172,700110307,30,46,2,1
30311211,3,1110001,30311211,700110306,250,13,4,1
30311221,3,1130076,30311221,700110306,30,41,2,1
30311222,3,1130076,30311222,700110306,40,41,4,1
30311223,3,1130076,30311223,700110306,25,42,3,1
30311224,3,1130076,30311224,700110306,50,41,4,1
30311231,3,1130082,30311231,700110306,40,42,3,1
30311232,3,1130082,30311232,700110306,45,42,3,1
30311233,3,1130082,30311233,700110306,40,42,3,1
30311234,3,1130082,30311234,700110306,40,42,4,1
30311241,3,1130081,30311241,700110306,40,43,3,1
30311251,3,1130085,30311251,700110307,30,44,2,1
30311252,3,1130085,30311252,700110307,40,44,2,1
30311253,3,1130085,30311253,700110307,45,44,4,1
30311254,3,1130085,30311254,700110307,30,44,2,1
30311261,3,1130009,30311261,700110307,30,45,4,1
30311271,3,1130048,30311271,700110307,30,46,2,1
30311272,3,1130048,30311272,700110307,1,46,6,1
30311273,3,1130048,30311273,700110307,30,46,2,1
30311274,3,1130048,30311274,700110307,30,46,2,1
30311311,3,1110001,30311311,700110306,250,13,3,1
30311321,3,1130076,30311321,700110306,30,41,3,1
30311322,3,1130076,30311322,700110306,40,41,3,1
30311331,3,1130082,30311331,700110306,40,42,3,1
30311332,3,1130095,30311332,700110306,1,42,5,1
30311333,3,1130095,30311333,700110306,30,42,4,1
30311334,3,1130095,30311334,700110306,30,42,4,1
30311341,3,1130081,30311341,700110306,40,43,3,1
30311343,3,1130095,30311343,700110306,30,42,4,1
30311351,3,1130085,30311351,700110307,30,44,2,1
30311352,3,1130085,30311352,700110307,1,44,4,1
30311353,3,1130085,30311353,700110307,2,44,4,1
30311354,3,1130085,30311354,700110307,45,44,4,1
30311361,3,1130009,30311361,700110307,30,45,4,1
30311362,3,1130009,30311362,700110307,150,45,3,1
30311371,3,1130048,30311371,700110307,30,46,2,1
30311372,3,1130048,30311372,700110307,50,46,2,1
30321111,3,1110001,30321111,700110302,250,13,2,1
30321112,3,1110001,30321112,700110302,200,13,2,1
30321121,3,1130076,30321121,700110302,30,41,3,1
30321122,3,1130076,30321122,700110302,100,41,2,1
30321123,3,1130076,30321123,700110302,40,41,6,1
30321131,3,1130082,30321131,700110303,50,42,3,1
30321132,3,1130082,30321132,700110303,120,42,3,1
30321134,3,1130082,30321134,700110303,30,42,3,1
30321141,3,1130085,30321141,700110303,45,43,4,1
30321142,3,1130085,30321142,700110303,70,43,6,1
30321151,3,1130086,30321151,700110303,20,44,3,1
30321152,3,1130086,30321152,700110303,140,44,2,1
30321161,3,1130009,30321161,700110104,45,45,2,1
30321162,3,1130009,30321162,700110303,110,45,4,1
30321171,3,1130009,30321171,700110104,45,46,2,1
30321172,3,1130005,30321172,700110104,80,46,2,1
30321173,3,1130005,30321173,700110104,30,46,2,1
30321211,3,1110001,30321211,700110302,250,13,4,1
30321221,3,1130076,30321221,700110302,30,41,3,1
30321231,3,1130082,30321231,700110303,50,42,3,1
30321241,3,1130085,30321241,700110303,45,43,4,1
30321242,3,1130085,30321242,700110303,5,43,4,1
30321251,3,1130086,30321251,700110303,20,44,3,1
30321252,3,1130004,30321252,700110303,1,44,4,1
30321261,3,1130009,30321261,700110104,45,45,2,1
30321262,3,1130009,30321262,700110104,60,45,2,1
30321271,3,1130009,30321271,700110104,45,46,2,1
30321311,3,1110001,30321311,700110302,250,13,4,1
30321321,3,1130076,30321321,700110302,30,41,3,1
30321331,3,1130082,30321331,700110303,50,42,3,1
30321341,3,1130085,30321341,700110303,45,43,4,1
30321342,3,1130085,30321342,700110303,30,43,4,1
30321351,3,1130086,30321351,700110303,20,44,3,1
30321361,3,1130009,30321361,700110104,45,45,2,1
30321371,3,1130009,30321371,700110104,45,46,2,1
30331111,3,1110001,30331111,0,250,13,2,1
30331121,3,1130116,30331121,0,100,41,2,1
30331131,3,1130117,30331131,0,50,42,2,1
30331141,3,1130118,30331141,0,90,43,2,1
30331151,3,1130119,30331151,0,80,44,4,1
30341111,3,1110001,30341111,0,250,13,4,1
30341121,3,1130116,30341121,0,50,41,2,1
30341131,3,1130117,30341131,0,40,42,4,1
30341141,3,1130118,30341141,0,40,43,2,1
30341151,3,1130119,30341151,0,80,44,4,1
30351111,3,1130119,30351111,0,250,13,4,1
30351121,3,1130116,30351121,0,50,41,2,1
30351131,3,1130117,30351131,0,40,42,4,1
30351141,3,1130118,30351141,0,40,43,2,1
30351151,3,1130119,30351151,0,80,44,4,1
30361111,3,1110001,30361111,0,40,13,4,1
30361121,3,1130098,30361121,0,40,41,2,1
30361131,3,1130099,30361131,0,40,42,4,1
30361141,3,1130100,30361141,0,40,43,2,1
30361211,3,1110001,30361211,0,40,13,4,1
30361221,3,1130098,30361221,0,40,41,2,1
30361231,3,1130099,30361231,0,40,42,4,1
30361241,3,1130100,30361241,0,40,43,2,1
30361311,3,1110001,30361311,0,40,13,4,1
30361321,3,1130098,30361321,0,40,41,2,1
30361331,3,1130099,30361331,0,40,42,4,1
30361341,3,1130100,30361341,0,40,43,2,1
30371111,3,1110001,30371111,0,40,13,4,1
30371121,3,1130131,30371121,0,40,41,2,1
30371131,3,1130117,30371131,0,40,42,4,1
30371141,3,1130138,30371141,0,40,43,2,1
30371211,3,1110001,30371211,0,40,13,4,1
30371221,3,1130131,30371221,0,40,41,2,1
30371231,3,1130117,30371231,0,40,42,4,1
30371241,3,1130138,30371241,0,40,43,2,1
30371311,3,1110001,30371311,0,40,13,4,1
30371321,3,1130131,30371321,0,40,41,2,1
30371331,3,1130117,30371331,0,40,42,4,1
30371341,3,1130138,30371341,0,40,43,2,1
30381111,3,1110001,30381111,0,40,13,4,1
30381121,3,1130131,30381121,0,40,41,2,1
30381131,3,1130117,30381131,0,40,42,4,1
30381141,3,1130138,30381141,0,40,43,2,1
30381211,3,1110001,30381211,0,40,13,4,1
30381221,3,1130131,30381221,0,40,41,2,1
30381231,3,1130117,30381231,0,40,42,4,1
30381241,3,1130138,30381241,0,40,43,2,1
30381311,3,1110001,30381311,0,40,13,4,1
30381321,3,1130131,30381321,0,40,41,2,1
30381331,3,1130117,30381331,0,40,42,4,1
30381341,3,1130138,30381341,0,40,43,2,1
35011111,3,1110001,35011111,700110308,250,13,2,1
35011112,3,1110001,35011112,700110308,250,13,2,1
35011113,3,1110001,35011113,700110308,250,13,2,1
35011121,3,1130032,35011121,700110308,50,41,4,1
35011122,3,1130032,35011122,700110308,50,41,2,1
35011131,3,1130033,35011131,700110308,40,42,2,1
35011132,3,1130033,35011132,700110308,40,42,3,1
35011133,3,1130033,35011133,700110308,15,42,4,1
35011141,3,1130033,35011141,700110308,40,43,4,1
35011142,3,1130034,35011142,700110308,40,43,9,1
35011143,3,1130042,35011143,700110308,40,44,9,1
35011144,3,1130034,35011144,700110308,20,43,4,1
35011151,3,1130034,35011151,700110309,30,44,2,1
35011152,3,1130136,35011152,700110309,30,44,3,1
35011161,3,1130035,35011161,700110309,40,45,4,1
35011162,3,1130137,35011162,700110309,40,45,3,1
35011163,3,1130037,35011163,700110309,1,46,5,1
35011171,3,1130036,35011171,700110309,40,46,2,1
35011172,3,1130035,35011172,700110309,40,46,9,1
35011173,3,1130036,35011173,700110309,40,46,4,1
35011181,3,1130037,35011181,700110309,1,47,4,1
35011182,3,1130037,35011182,700110309,35,47,4,1
35011191,3,1,35011191,700110309,250,48,2,1
35011192,3,1130037,35011192,700110309,200,48,5,1
35011211,3,1110001,35011211,700110309,50,13,4,1
35011221,3,1130032,35011221,700110309,40,41,2,1
35011231,3,1130033,35011231,700110309,40,42,4,1
35011241,3,1130033,35011241,700110309,30,43,2,1
35011242,3,1130034,35011242,700110309,25,43,4,1
35011251,3,1130034,35011251,700110309,40,44,4,1
35011252,3,1130035,35011252,700110309,10,44,3,1
35011261,3,1130035,35011261,700110309,40,45,2,1
35011271,3,1130036,35011271,700110309,1,46,4,1
35011272,3,1130036,35011272,700110309,20,46,6,1
35011281,3,1130037,35011281,700110309,250,47,2,1
35011282,3,1130037,35011282,700110309,10,47,6,1
35011283,3,1130037,35011283,700110309,50,47,4,1
35011291,3,1,35011291,700110309,50,48,4,1
35011311,3,1110001,35011311,700111101,50,13,2,1
35011321,3,1130032,35011321,700111101,40,41,4,1
35011331,3,1130033,35011331,700111101,40,42,2,1
35011341,3,1130033,35011341,700111101,30,43,4,1
35011351,3,1130034,35011351,700111101,40,44,2,1
35011352,3,1130034,35011352,700111101,40,44,3,1
35011361,3,1130035,35011361,700111101,40,45,4,1
35011362,3,1130035,35011362,700111101,40,45,4,1
35011371,3,1130036,35011371,700111101,1,46,2,1
35011381,3,1130037,35011381,700111101,250,47,4,1
35011391,3,1,35011391,700111101,50,48,2,1
35021111,3,1110001,35021111,700111101,40,13,8,1
35021112,3,1110001,35021112,700111101,240,13,2,1
35021113,3,1110001,35021113,700111101,100,13,8,1
35021121,3,1130018,35021121,700111101,40,41,8,1
35021122,3,1130018,35021122,700111101,80,41,8,1
35021123,3,1130018,35021123,700111101,250,41,8,1
35021124,3,1130018,35021124,700111101,90,41,8,1
35021125,3,1130018,35021125,700111101,90,41,8,1
35021131,3,1130019,35021131,700111101,30,42,8,1
35021132,3,1130019,35021132,700111101,90,42,8,1
35021133,3,1130019,35021133,700111101,30,42,10,1
35021134,3,1130019,35021134,700111101,80,42,8,1
35021135,3,1130019,35021135,700111101,80,42,8,1
35021141,3,1130020,35021141,700111101,40,43,10,1
35021142,3,1130020,35021142,700111101,90,43,10,1
35021143,3,1130020,35021143,700111101,10,43,12,1
35021151,3,1130021,35021151,700111101,40,44,10,1
35021152,3,1130021,35021152,700111101,90,44,10,1
35021153,3,1130021,35021153,700111101,50,44,8,1
35021161,3,1130022,35021161,700111101,40,45,10,1
35021162,3,1130022,35021162,700111101,9,45,8,1
35021171,3,1130023,35021171,700111101,5,46,10,1
35021172,3,1130023,35021172,700111101,100,45,10,1
35021173,3,1130023,35021173,700111101,6,46,10,1
35021181,3,1130024,35021181,700111101,1,47,11,1
35021182,3,1130024,35021182,700111101,2,47,11,1
35021183,3,1130024,35021183,700111101,1,47,11,1
35021191,3,1130025,35021191,700111101,50,48,10,1
35021192,3,1130025,35021192,700111101,1,48,10,1
35021193,3,1130025,35021193,700111101,5,48,10,1
35021211,3,1110001,35021211,700111101,40,13,8,1
35021221,3,1130018,35021221,700111101,40,41,9,1
35021231,3,1130019,35021231,700111101,30,42,9,1
35021241,3,1130020,35021241,700111101,40,43,10,1
35021251,3,1130021,35021251,700111101,40,44,9,1
35021261,3,1130022,35021261,700111101,40,45,9,1
35021271,3,1130023,35021271,700111102,1,46,9,1
35021281,3,1130024,35021281,700111102,250,47,11,1
35021291,3,1130025,35021291,700111102,50,48,8,1
35021311,3,1110001,35021311,700111102,40,13,8,1
35021312,3,1110001,35021312,700111102,250,13,8,1
35021321,3,1130018,35021321,700111102,40,41,9,1
35021322,3,1130018,35021322,700111102,50,41,8,1
35021323,3,1130018,35021323,700111102,50,41,8,1
35021324,3,1130018,35021324,700111102,60,41,8,1
35021325,3,1130018,35021325,700111102,55,41,8,1
35021331,3,1130019,35021331,700111102,30,42,9,1
35021332,3,1130044,35021332,700111102,50,42,8,1
35021333,3,1130044,35021333,700111102,1,42,10,1
35021334,3,1130044,35021334,700111102,1,42,10,1
35021341,3,1130020,35021341,700111102,40,43,10,1
35021342,3,1130020,35021342,700111102,45,43,10,1
35021343,3,1130020,35021343,700111102,45,43,10,1
35021344,3,1130046,35021344,700111102,50,43,4,1
35021345,3,1130046,35021345,700111102,50,43,4,1
35021351,3,1130021,35021351,700111102,40,44,9,1
35021352,3,1130021,35021352,700111102,50,44,8,1
35021353,3,1130021,35021353,700111102,1,44,10,1
35021361,3,1130022,35021361,700111102,40,45,9,1
35021362,3,1130022,35021362,700111102,50,45,8,1
35021371,3,1130023,35021371,700111102,1,46,9,1
35021372,3,1130045,35021372,700111102,50,46,8,1
35021381,3,1130024,35021381,700111102,250,47,11,1
35021382,3,1130046,35021382,700111102,50,47,11,1
35021391,3,1130025,35021391,700111102,50,48,8,1
35021392,3,1130047,35021392,700111102,50,48,8,1
35021511,3,1110001,35021511,700111102,250,13,8,1
35021521,3,1130018,35021521,700111102,60,41,8,1
35021531,3,1130021,35021531,700111102,45,44,8,1
35021551,3,1130020,35021551,700111102,50,43,8,1
35021561,3,1130022,35021561,700111102,50,45,8,1
35021571,3,1130019,35021571,700111102,50,42,8,1
35021611,3,1110001,35021611,700111102,250,13,8,1
35021621,3,1130018,35021621,700111102,60,41,8,1
35021631,3,1130021,35021631,700111102,45,44,8,1
35021651,3,1130020,35021651,700111102,50,43,8,1
35021661,3,1130022,35021661,700111102,50,45,8,1
35021671,3,1130019,35021671,700111102,50,42,8,1
35021711,3,1110001,35021711,700111102,250,13,8,1
35021721,3,1130018,35021721,700111102,60,41,8,1
35021731,3,1130021,35021731,700111102,45,44,8,1
35021751,3,1130020,35021751,700111102,50,43,8,1
35021761,3,1130022,35021761,700111102,50,45,8,1
35021771,3,1130019,35021771,700111102,50,42,8,1
35031111,3,1110001,35031111,700111102,40,13,2,1
35031112,3,1110001,35031112,700111102,250,13,2,1
35031113,3,1110001,35031113,700111102,100,13,2,1
35031121,3,1130026,35031121,700111102,40,41,3,1
35031122,3,1130026,35031122,700111102,40,41,2,1
35031123,3,1130026,35031123,700111102,90,41,2,1
35031124,3,1130026,35031124,700111102,40,41,3,1
35031131,3,1130027,35031131,700111103,30,42,3,1
35031132,3,1130027,35031132,700111103,30,42,4,1
35031133,3,1130027,35031133,700111103,80,42,2,1
35031134,3,1130027,35031134,700111103,28,42,3,1
35031141,3,1130028,35031141,700111103,40,43,3,1
35031142,3,1130028,35031142,700111103,45,43,4,1
35031143,3,1130082,35031143,700111103,45,43,6,1
35031144,3,1130028,35031144,700111103,70,43,2,1
35031145,3,1130028,35031145,700111103,45,43,4,1
35031146,3,1130028,35031146,700111103,45,43,4,1
35031151,3,1130029,35031151,700111103,40,44,3,1
35031152,3,1130029,35031152,700111103,45,44,3,1
35031153,3,1130101,35031153,700111103,1,44,4,1
35031154,3,1130102,35031154,700111103,1,44,4,1
35031155,3,1130029,35031155,700111103,40,44,4,1
35031156,3,1130029,35031156,700111103,9,44,4,1
35031157,3,1130029,35031157,700111103,10,44,4,1
35031158,3,1130029,35031158,700111103,28,44,3,1
35031159,3,1130029,35031159,700111103,5,44,4,1
35031161,3,1130030,35031161,700111103,1,45,3,1
35031162,3,1130030,35031162,700111103,40,45,4,1
35031163,3,1130030,35031163,700111103,15,45,3,1
35031164,3,1130030,35031164,700111103,25,45,4,1
35031171,3,1130031,35031171,700111103,250,46,4,1
35031172,3,1130031,35031172,700111103,40,46,3,1
35031173,3,1130031,35031173,700111103,20,46,6,1
35031174,3,1130031,35031174,700111103,20,46,4,1
35031175,3,1130031,35031175,700111103,1,46,6,1
35031176,3,1130031,35031176,700111103,35,46,4,1
35031182,3,1130095,35031182,700111106,1,47,5,1
35031183,3,1130095,35031183,700111106,1,47,5,1
35031187,3,1130095,35031187,700111103,2,47,5,1
35031221,3,1130026,35031221,700111103,40,41,3,1
35031231,3,1130027,35031231,700111103,30,42,3,1
35031241,3,1130028,35031241,700111103,40,43,3,1
35031251,3,1130029,35031251,700111103,40,44,3,1
35031252,3,1130029,35031252,700111103,1,44,4,1
35031261,3,1130030,35031261,700111103,1,45,3,1
35031271,3,1130031,35031271,700111103,250,46,4,1
35031311,3,1110001,35031311,700111103,250,13,2,1
35031312,3,1110001,35031312,700111102,250,13,2,1
35031321,3,1130026,35031321,700111103,40,41,3,1
35031322,3,1130026,35031322,700111103,40,41,2,1
35031323,3,1130026,35031323,700111103,50,41,3,1
35031331,3,1130027,35031331,700111103,30,42,3,1
35031332,3,1130027,35031332,700111103,50,42,3,1
35031333,3,1130027,35031333,700111103,10,42,4,1
35031341,3,1130028,35031341,700111103,30,43,3,1
35031342,3,1130028,35031342,700111103,1,43,4,1
35031343,3,1130028,35031343,700111103,50,43,3,1
35031344,3,1130028,35031344,700111103,3,43,4,1
35031346,3,1130028,35031346,700111103,10,43,4,1
35031351,3,1130029,35031351,700111103,40,44,3,1
35031352,3,1130029,35031352,700111103,45,44,3,1
35031353,3,1130029,35031353,700111103,1,44,3,1
35031354,3,1130029,35031354,700111103,45,44,3,1
35031361,3,1130030,35031361,700111103,1,45,4,1
35031362,3,1130030,35031362,700111103,45,45,4,1
35031363,3,1130030,35031363,700111103,45,45,6,1
35031371,3,1130031,35031371,700111103,40,46,4,1
35031372,3,1130031,35031372,700111103,5,46,4,1
35031373,3,1130031,35031373,700111103,20,46,4,1
35031381,3,1130095,35031381,700111103,1,47,5,1
35031382,3,1130031,35031382,700111103,5,46,4,1
35041111,3,1110001,35041111,700111103,40,13,2,1
35041112,3,1110001,35041112,700111103,40,13,2,1
35041121,3,1130010,35041121,700111104,30,41,2,1
35041122,3,1130010,35041122,700111104,10,41,3,1
35041123,3,1130010,35041123,700111104,30,41,2,1
35041124,3,1130010,35041124,700111104,30,41,2,1
35041125,3,1130010,35041125,700111104,80,41,3,1
35041126,3,1130010,35041126,700111104,75,41,3,1
35041127,3,1130010,35041127,700111104,70,41,3,1
35041129,3,723,35041129,700111104,50,41,4,1
35041131,3,1130011,35041131,700111104,30,42,2,1
35041132,3,1130012,35041132,700111104,1,42,4,1
35041133,3,1130012,35041133,700111104,30,42,2,1
35041134,3,1130012,35041134,700111104,30,42,4,1
35041135,3,1130012,35041135,700111104,10,42,4,1
35041136,3,1130012,35041136,700111104,25,42,4,1
35041137,3,1130011,35041137,700111104,50,42,4,1
35041139,3,724,35041139,700111104,60,42,2,1
35041141,3,1130013,35041141,700111104,25,43,3,1
35041142,3,1130014,35041142,700111104,1,43,4,1
35041143,3,1130013,35041143,700111104,30,43,3,1
35041144,3,1130013,35041144,700111104,30,43,3,1
35041145,3,1130013,35041145,700111104,30,43,3,1
35041146,3,1130014,35041146,700111104,35,43,2,1
35041147,3,1130013,35041147,700111104,20,43,3,1
35041148,3,725,35041148,700111104,9,43,2,1
35041149,3,725,35041149,700111104,8,43,4,1
35041151,3,1130015,35041151,700111104,30,44,4,1
35041152,3,1130015,35041152,700111104,30,44,3,1
35041153,3,1130015,35041153,700111104,25,44,2,1
35041154,3,1130015,35041154,700111104,28,44,4,1
35041155,3,1130015,35041155,700111105,35,44,4,1
35041156,3,1130015,35041156,700111105,25,44,4,1
35041161,3,1130016,35041161,700111104,40,45,2,1
35041162,3,1130016,35041162,700111104,1,45,4,1
35041163,3,1130016,35041163,700111104,1,45,4,1
35041164,3,1130038,35041164,700111104,1,45,2,1
35041165,3,1130016,35041165,700111104,50,45,2,1
35041166,3,1130017,35041166,700111105,20,46,4,1
35041167,3,1130017,35041167,700111105,30,46,4,1
35041169,3,726,35041169,700111104,40,45,4,1
35041171,3,1130017,35041171,700111104,40,46,4,1
35041172,3,1130017,35041172,700111104,1,46,4,1
35041173,3,1130017,35041173,700111104,1,46,4,1
35041174,3,1130017,35041174,700111104,1,46,4,1
35041175,3,1130017,35041175,700111104,5,46,6,1
35041179,3,727,35041179,700111104,10,46,2,1
35041211,3,1110001,35041211,700111104,40,13,4,1
35041221,3,1130010,35041221,700111104,40,41,2,1
35041231,3,1130011,35041231,700111104,30,42,4,1
35041241,3,1130013,35041241,700111104,40,43,2,1
35041251,3,1130015,35041251,700111105,40,44,4,1
35041261,3,1130016,35041261,700111105,1,45,2,1
35041271,3,1130017,35041271,700111105,250,46,4,1
35041311,3,1110001,35041311,700111105,250,13,2,1
35041321,3,1130010,35041321,700111105,40,41,2,1
35041331,3,1130011,35041331,700111104,30,42,4,1
35041341,3,1130013,35041341,700111105,40,43,3,1
35041351,3,1130015,35041351,700111105,40,44,3,1
35041361,3,1130016,35041361,700111105,1,45,4,1
35041371,3,1130017,35041371,700111105,2,46,4,1
35041372,3,1130017,35041372,700111105,40,46,4,1
35041381,3,1130043,35041381,700111105,1,47,5,1
35041421,3,1130062,35041421,700111105,25,42,3,1
35041431,3,1130064,35041431,700111105,40,44,3,1
35041432,3,1130064,35041432,700111105,25,44,4,1
35041451,3,1130063,35041451,700111105,35,43,3,1
35041461,3,1130066,35041461,700111105,30,48,4,1
35041462,3,1130066,35041462,700111105,40,48,4,1
35041471,3,1130068,35041471,700111105,35,49,4,1
35041481,3,1130071,35041481,700111105,30,46,3,1
35041482,3,1130071,35041482,700111105,50,46,3,1
35041483,3,1130071,35041483,700111105,1,46,3,1
35041484,3,1130071,35041484,700111105,2,46,3,1
35051111,3,1110001,35051111,700111106,40,13,2,1
35051121,3,1110001,35051121,700111106,40,41,4,1
35051122,3,1130054,35051122,0,50,41,2,1
35051131,3,1130054,35051131,700111106,30,42,2,1
35051132,3,1130055,35051132,0,50,42,3,1
35051141,3,1130055,35051141,700111106,40,43,4,1
35051142,3,1130056,35051142,0,70,43,3,1
35051143,3,1130056,35051143,700111106,20,43,3,1
35051151,3,1130056,35051151,700111106,40,44,2,1
35051152,3,1130058,35051152,0,50,45,2,1
35051153,3,1130057,35051153,700111106,50,44,2,1
35051154,3,1130057,35051154,700111106,30,44,4,1
35051161,3,1130057,35051161,700111106,1,45,4,1
35051162,3,1130058,35051162,700111106,1,45,2,1
35051163,3,1130058,35051163,700111106,20,45,3,1
35051171,3,1130058,35051171,700111106,250,46,2,1
35051172,3,1130059,35051172,0,6,46,4,1
35051173,3,1130059,35051173,0,7,46,4,1
35051174,3,1130059,35051174,0,5,46,4,1
35051175,3,1130059,35051175,700111106,5,46,4,1
35051181,3,1130059,35051181,700111106,50,47,4,1
35051211,3,1130060,35051211,700111106,40,13,2,1
35051221,3,1130054,35051221,700111106,40,41,4,1
35051231,3,1130055,35051231,700111106,30,42,2,1
35051241,3,1130056,35051241,700111106,40,43,4,1
35051251,3,1130057,35051251,700111106,40,44,2,1
35051261,3,1130058,35051261,700111106,1,45,4,1
35051271,3,1130059,35051271,700111106,250,46,2,1
35051281,3,1130060,35051281,700111106,50,47,4,1
35051311,3,1110001,35051311,700111106,250,13,3,1
35051312,3,1110001,35051312,700111106,250,13,3,1
35051321,3,1130054,35051321,700111106,30,41,2,1
35051322,3,1130054,35051322,700111106,60,41,2,1
35051331,3,1130055,35051331,700111106,30,42,3,1
35051332,3,1130055,35051332,700111106,30,42,3,1
35051333,3,1130055,35051333,700111106,60,42,3,1
35051341,3,1130056,35051341,700111106,40,43,3,1
35051342,3,1130056,35051342,700111106,60,43,2,1
35051351,3,1130057,35051351,700111106,40,44,4,1
35051352,3,1130057,35051352,700111106,60,44,3,1
35051353,3,1130057,35051353,700111106,60,44,6,1
35051354,3,1130057,35051354,700111106,60,44,6,1
35051355,3,1130057,35051355,700111106,1,44,6,1
35051356,3,1130057,35051356,700111106,1,44,6,1
35051357,3,1130057,35051357,700111106,10,44,6,1
35051358,3,1130057,35051358,700111106,10,44,6,1
35051361,3,1130058,35051361,700111106,3,45,4,1
35051362,3,1130058,35051362,700111106,60,45,3,1
35051363,3,1130058,35051363,700111106,1,45,2,1
35051364,3,1130035,35051364,700111106,2,45,4,1
35051365,3,1130114,35051365,700111106,1,45,4,1
35051366,3,1130058,35051366,700111106,2,45,3,1
35051367,3,1130058,35051367,700111106,1,45,3,1
35051368,3,1130058,35051368,700111106,1,45,3,1
35051369,3,1130058,35051369,700111106,3,45,4,1
35051371,3,1130059,35051371,700111107,40,46,4,1
35051372,3,1130059,35051372,700111107,60,46,4,1
35051373,3,1130123,35051373,700111106,3,45,4,1
35051381,3,1130060,35051381,700111107,1,47,5,1
35051511,3,1110001,35051511,700111106,250,13,5,1
35051512,3,1110001,35051512,700111106,250,13,2,1
35051513,3,1110001,35051513,700111106,250,13,3,1
35051514,3,1110001,35051514,700111106,100,13,2,1
35051521,3,1130054,35051521,700111106,40,41,2,1
35051522,3,1130054,35051522,700111106,30,41,2,1
35051523,3,1130054,35051523,700111106,85,41,2,1
35051531,3,1130055,35051531,700111106,40,42,2,1
35051532,3,1130055,35051532,700111106,40,42,2,1
35051533,3,1130055,35051533,700111106,40,42,2,1
35051541,3,1130056,35051541,700111106,40,43,3,1
35051542,3,1130056,35051542,700111106,40,43,3,1
35051543,3,1130056,35051543,700111106,70,43,3,1
35051551,3,1130057,35051551,700111106,40,44,3,1
35051552,3,1130057,35051552,700111106,5,44,6,1
35051553,3,1130057,35051553,700111106,40,44,3,1
35051554,3,1130057,35051554,700111106,50,44,3,1
35051561,3,1130058,35051561,700111106,40,45,3,1
35051562,3,1130058,35051562,700111106,35,45,3,1
35051563,3,1130058,35051563,700111106,35,45,3,1
35051564,3,1130058,35051564,700111106,31,45,3,1
35051565,3,1130058,35051565,700111106,30,45,4,1
35051571,3,1130059,35051571,700111106,40,46,4,1
35051572,3,1130059,35051572,700111106,40,46,4,1
35051573,3,1130059,35051573,700111106,30,46,4,1
35051574,3,1130059,35051574,700111106,1,46,6,1
35051575,3,1130059,35051575,700111106,5,46,4,1
35051581,3,1130060,35051581,700111106,1,47,5,1
35051582,3,1130060,35051582,700111106,1,47,5,1
35051621,3,1130054,35051621,700111106,30,41,3,1
35051631,3,1130055,35051631,700111106,40,42,3,1
35051632,3,1130055,35051632,700111106,25,42,3,1
35051641,3,1130129,35051641,700111106,50,49,4,1
35051642,3,1130056,35051642,700111106,20,43,5,1
35051651,3,1130057,35051651,700111106,25,44,4,1
35051652,3,1130057,35051652,700111106,40,44,4,1
35051653,3,1130057,35051653,700111106,25,44,4,1
35051654,3,1130057,35051654,700111106,30,44,4,1
35051656,3,1130057,35051656,700111106,35,44,4,1
35051661,3,1130056,35051661,700111106,35,43,4,1
35051671,3,1130130,35051671,700111106,50,47,3,1
35051681,3,1130058,35051681,700111106,55,45,3,1
35051682,3,1130058,35051682,700111106,30,45,2,1
35051691,3,1130129,35051691,700111106,15,49,6,1
35051692,3,1130129,35051692,700111106,20,49,4,1
35051693,3,1130129,35051693,700111106,20,49,4,1
35051694,3,1130129,35051694,700111106,2,49,4,1
35091111,3,1130003,35091111,0,250,13,2,1
35091112,3,1130003,35091112,0,250,13,2,1
35091121,3,1130005,35091121,0,50,41,2,1
35091122,3,1130005,35091122,0,50,41,2,1
35091131,3,1130006,35091131,0,50,42,3,1
35091134,3,1130006,35091134,0,40,42,2,1
35091135,3,1130125,35091135,0,25,42,3,1
35091136,3,1130125,35091136,0,25,42,4,1
35091141,3,1130036,35091141,0,50,43,3,1
35091142,3,1130036,35091142,0,70,43,3,1
35091143,3,1130036,35091143,0,45,43,4,1
35091151,3,1130105,35091151,0,50,44,3,1
35091152,3,1130105,35091152,0,5,44,3,1
35091153,3,1130105,35091153,0,5,44,3,1
35091154,3,1130105,35091154,0,5,44,3,1
35091155,3,1130105,35091155,0,5,44,3,1
35091161,3,1130104,35091161,0,50,45,3,1
35091162,3,1130104,35091162,0,6,45,4,1
35091163,3,1130104,35091163,0,30,45,4,1
35091164,3,1130124,35091164,0,35,45,3,1
35091171,3,1130103,35091171,0,50,46,4,1
35091172,3,1130103,35091172,0,20,46,4,1
35091211,3,1130003,35091211,0,250,13,2,1
35091212,3,1130003,35091212,0,200,13,2,1
35091213,3,1130003,35091213,0,200,13,2,1
35091214,3,1130003,35091214,0,200,13,2,1
35091221,3,1130005,35091221,0,50,41,2,1
35091222,3,1130005,35091222,0,100,41,2,1
35091223,3,1130005,35091223,0,100,41,2,1
35091231,3,1130006,35091231,0,40,42,2,1
35091232,3,1130125,35091232,0,1,42,6,1
35091233,3,1130125,35091233,0,1,42,6,1
35091234,3,1130006,35091234,0,120,42,2,1
35091235,3,1130006,35091235,0,1,42,6,1
35091236,3,1130006,35091236,0,2,42,6,1
35091237,3,1130006,35091237,0,1,42,5,1
35091238,3,1130006,35091238,0,2,42,5,1
35091239,3,1130125,35091239,0,40,42,4,1
35091241,3,1130036,35091241,0,45,43,4,1
35091242,3,1130036,35091242,0,110,43,3,1
35091243,3,1130036,35091243,0,110,43,3,1
35091251,3,1130105,35091251,0,35,44,4,1
35091252,3,1130105,35091252,0,140,44,2,1
35091253,3,1130105,35091253,0,1,44,3,1
35091254,3,1130105,35091254,0,1,44,3,1
35091261,3,1130104,35091261,0,45,45,3,1
35091262,3,1130124,35091262,0,2,45,3,1
35091263,3,1130104,35091263,0,80,45,6,1
35091264,3,1130104,35091264,0,80,45,6,1
35091265,3,1130124,35091265,0,30,45,4,1
35091266,3,1130104,35091266,700111102,2,45,3,1
35091267,3,1130124,35091267,0,50,45,3,1
35091268,3,1130124,35091268,0,75,45,4,1
35091271,3,1130103,35091271,0,40,46,4,1
35091272,3,1130103,35091272,0,1,46,5,1
35091273,3,1130103,35091273,0,90,46,3,1
35091274,3,1130103,35091274,0,90,46,3,1
35091275,3,1130103,35091275,0,40,46,4,1
35091311,3,1130003,35091311,0,250,13,2,1
35091321,3,1130005,35091321,0,50,41,2,1
35091331,3,1130006,35091331,0,40,42,2,1
35091332,3,1130125,35091332,0,2,42,4,1
35091333,3,1130125,35091333,0,2,42,4,1
35091341,3,1130036,35091341,0,45,43,3,1
35091351,3,1130105,35091351,0,35,44,3,1
35091361,3,1130104,35091361,0,45,45,3,1
35091362,3,1130124,35091362,0,2,45,2,1
35091371,3,1130103,35091371,0,40,46,4,1
35091372,3,1130103,35091372,0,1,46,5,1
35091411,3,1130003,35091411,0,250,13,2,1
35091421,3,1130005,35091421,0,50,41,2,1
35091422,3,1130005,35091422,0,100,41,2,1
35091431,3,1130006,35091431,0,50,42,3,1
35091432,3,1130006,35091432,0,130,42,2,1
35091433,3,1130006,35091433,0,45,42,3,1
35091434,3,1130006,35091434,0,30,42,3,1
35091441,3,1130036,35091441,0,50,43,3,1
35091442,3,1130036,35091442,0,150,43,3,1
35091443,3,1130036,35091443,0,40,43,3,1
35091451,3,1130105,35091451,0,50,44,3,1
35091452,3,1130105,35091452,0,200,44,2,1
35091453,3,1130105,35091453,0,40,44,3,1
35091461,3,1130104,35091461,0,50,45,3,1
35091462,3,1130104,35091462,0,20,45,6,1
35091463,3,1130104,35091463,0,15,45,6,1
35091464,3,1130124,35091464,0,30,45,4,1
35091471,3,1130103,35091471,0,50,46,4,1
35091472,3,1130103,35091472,0,10,46,4,1
35091473,3,1130103,35091473,0,30,46,4,1
35091611,3,1110001,35091611,0,100,13,2,1
35091621,3,1130005,35091621,0,90,41,2,1
35091631,3,1130006,35091631,0,80,42,2,1
35091632,3,1130006,35091632,0,80,42,4,1
35091633,3,1130006,35091633,0,40,42,3,1
35091634,3,1130006,35091634,0,35,42,3,1
35091641,3,1130036,35091641,0,75,43,2,1
35091642,3,1130036,35091642,0,75,43,4,1
35091643,3,1130036,35091643,0,50,43,4,1
35091644,3,1130036,35091644,0,40,43,3,1
35091645,3,1130036,35091645,0,50,43,4,1
35091646,3,1130036,35091646,0,50,43,4,1
35091651,3,1130153,35091651,0,60,44,3,1
35091652,3,1130148,35091652,0,55,44,3,1
35091653,3,1130148,35091653,0,6,44,4,1
35091654,3,1130148,35091654,0,8,44,4,1
35091655,3,1130148,35091655,0,1,44,4,1
35091656,3,1130148,35091656,0,1,44,4,1
35091657,3,1130148,35091657,700111105,1,45,6,1
35091658,3,1130148,35091658,0,55,44,4,1
35091659,3,1130148,35091659,0,20,44,3,1
35091661,3,1130149,35091661,0,60,45,3,1
35091662,3,1130149,35091662,0,7,45,4,1
35091663,3,1130149,35091663,0,40,45,4,1
35091671,3,1130150,35091671,0,58,46,3,1
35091672,3,1130150,35091672,0,60,46,3,1
35091673,3,1130150,35091673,0,35,46,4,1
35091674,3,1130150,35091674,0,45,46,4,1
35091681,3,1130151,35091681,0,50,48,6,1
35091682,3,1130151,35091682,0,50,48,6,1
35091683,3,1130151,35091683,0,30,48,4,1
35091684,3,1130151,35091684,0,35,48,4,1
35091685,3,1130151,35091685,0,50,48,4,1
35091691,3,1130152,35091691,0,2,49,5,1
35091692,3,1130152,35091692,0,5,49,4,1
35091693,3,1130152,35091693,0,9,49,4,1
35091694,3,1130152,35091694,700111102,2,49,5,1
35091695,3,1130152,35091695,0,2,49,5,1
35091696,3,1130152,35091696,0,45,49,4,1
35091751,3,1130148,35091751,0,10,44,4,1
35091752,3,1130148,35091752,0,15,44,4,1
35091753,3,1130148,35091753,0,10,44,3,1
35101111,3,1130003,35101111,0,250,13,2,1
35101121,3,1130092,35101121,0,100,41,2,1
35101122,3,1130092,35101122,0,100,41,2,1
35101123,3,1130092,35101123,0,90,41,4,1
35101131,3,1130120,35101131,0,110,42,2,1
35101132,3,1130120,35101132,0,110,42,4,1
35101141,3,1130088,35101141,0,50,43,3,1
35101151,3,1130121,35101151,0,150,44,2,1
35101161,3,1130096,35101161,0,20,45,3,1
35101162,3,1130096,35101162,0,30,45,4,1
35101171,3,1130122,35101171,0,10,46,4,1
35101172,3,1130122,35101172,0,9,46,4,1
35101173,3,1130122,35101173,0,10,46,4,1
35101174,3,1130122,35101174,0,15,46,4,1
35101175,3,1130122,35101175,0,20,46,4,1
35101221,3,1130092,35101221,700110307,30,41,2,1
35101222,3,1130092,35101222,0,110,41,2,1
35101231,3,1130120,35101231,700110307,40,42,2,1
35101232,3,1130120,35101232,0,120,42,3,1
35101233,3,1130125,35101233,700110307,2,42,4,1
35101234,3,1130120,35101234,700110307,10,42,4,1
35101235,3,1130125,35101235,700110307,40,42,4,1
35101241,3,1130088,35101241,0,100,43,3,1
35101242,3,1130088,35101242,700110307,40,43,3,1
35101243,3,1130088,35101243,700110307,40,43,3,1
35101244,3,1130088,35101244,700110307,55,43,3,1
35101252,3,1130121,35101252,700110307,35,44,3,1
35101261,3,1130120,35101261,700110307,3,45,4,1
35101262,3,1130123,35101262,700110309,2,45,4,1
35101263,3,1130120,35101263,700110307,30,45,4,1
35101271,3,1130122,35101271,0,20,46,4,1
35101273,3,1130122,35101273,700110307,40,46,4,1
35101274,3,1130122,35101274,700110307,1,46,4,1
35101321,3,1130092,35101321,0,30,41,2,1
35101331,3,1130120,35101331,0,40,42,2,1
35101332,3,1130125,35101332,0,2,42,4,1
35101341,3,1130088,35101341,0,40,43,3,1
35101351,3,1130121,35101351,0,35,44,3,1
35101352,3,1130127,35101352,0,3,44,3,1
35101361,3,1130120,35101361,0,40,45,4,1
35101371,3,1130122,35101371,0,35,46,4,1
35101372,3,1130126,35101372,0,1,46,6,1
35101373,3,1130126,35101373,0,1,46,6,1
35101411,3,1130003,35101411,0,250,13,2,1
35101421,3,1130092,35101421,0,20,41,2,1
35101431,3,1130120,35101431,0,20,42,2,1
35101432,3,1110268,35101432,0,30,42,4,1
35101433,3,1110268,35101433,0,30,42,4,1
35101441,3,1130088,35101441,0,20,43,3,1
35101443,3,1130088,35101443,0,30,43,3,1
35101451,3,1130121,35101451,0,20,44,2,1
35101452,3,1130121,35101452,0,20,44,2,1
35101461,3,1130096,35101461,0,4,45,6,1
35101471,3,1110266,35101471,0,20,49,4,1
35101472,3,1110266,35101472,0,20,49,4,1
35101473,3,1110266,35101473,0,20,49,4,1
35101474,3,1110266,35101474,0,20,49,4,1
35101476,3,1110266,35101476,0,20,49,5,1
35101477,3,1110266,35101477,0,2,49,4,1
35101481,3,1110267,35101481,0,20,48,4,1
35111111,3,1130005,35111111,700111102,40,13,2,1
35111112,3,1110001,35111112,700111102,100,13,2,1
35111113,3,1110001,35111113,700111102,100,13,2,1
35111121,3,1130005,35111121,700111102,40,41,2,1
35111122,3,1130139,35111122,700111102,80,41,2,1
35111123,3,1130139,35111123,700111102,60,41,2,1
35111131,3,1130098,35111131,700111102,40,42,3,1
35111132,3,1130140,35111132,700111102,60,42,3,1
35111133,3,1130140,35111133,700111102,60,42,3,1
35111141,3,1130036,35111141,700111102,40,43,3,1
35111142,3,1130142,35111142,700111102,40,43,3,1
35111143,3,1130142,35111143,700111102,30,43,3,1
35111144,3,1130142,35111144,700111102,40,43,3,1
35111151,3,1130118,35111151,700111102,40,44,3,1
35111152,3,1130144,35111152,700111102,30,44,3,1
35111153,3,1130144,35111153,700111102,30,44,3,1
35111161,3,1130074,35111161,700111102,40,45,3,1
35111162,3,1130074,35111162,700111102,30,45,3,1
35111163,3,1130145,35111163,700111102,50,45,3,1
35111164,3,1130145,35111164,700111102,50,45,3,1
35111171,3,1130037,35111171,700111102,40,46,4,1
35111172,3,1130037,35111172,700111102,1,46,4,1
35111173,3,1130037,35111173,700111102,5,46,4,1
35111174,3,1130037,35111174,700111102,5,46,4,1
35111175,3,1130147,35111175,700111102,5,46,4,1
35111176,3,1130147,35111176,700111102,10,46,4,1
35111177,3,1130147,35111177,700111102,30,46,6,1
35111178,3,1130147,35111178,700111102,10,46,4,1
35111311,3,1110001,35111311,700111102,100,13,2,1
35111321,3,1130139,35111321,700111102,80,41,2,1
35111322,3,1130139,35111322,700111102,40,41,2,1
35111331,3,1130140,35111331,700111102,70,42,3,1
35111332,3,1130140,35111332,700111102,45,42,3,1
35111341,3,1130142,35111341,700111102,50,43,4,1
35111342,3,1130142,35111342,700111102,35,43,4,1
35111343,3,1130142,35111343,700111102,20,43,4,1
35111351,3,1130144,35111351,700111102,60,44,4,1
35111352,3,1130144,35111352,700111102,30,44,3,1
35111361,3,1130145,35111361,700111102,40,45,4,1
35111362,3,1130145,35111362,700111102,10,45,4,1
35111371,3,1130147,35111371,700111102,5,46,6,1
35111372,3,1130147,35111372,700111102,15,46,6,1
35111373,3,1130147,35111373,0,1,46,5,1
35111411,3,1130158,35111411,700111102,80,41,3,1
35111412,3,1130158,35111412,700111102,80,41,3,1
35111421,3,1130140,35111421,700111102,80,42,2,1
35111422,3,1130140,35111422,700111102,80,42,2,1
35111423,3,1130140,35111423,700111102,35,42,4,1
35111431,3,1130142,35111431,700111102,75,43,2,1
35111432,3,1130142,35111432,700111102,75,43,2,1
35111441,3,1130144,35111441,700111102,60,44,3,1
35111442,3,1130144,35111442,700111102,8,44,4,1
35111443,3,1130144,35111443,700111102,30,44,3,1
35111451,3,1130145,35111451,700111102,60,45,3,1
35111452,3,1130145,35111452,700111102,58,45,4,1
35111453,3,1130145,35111453,700111102,58,45,4,1
35111454,3,1130145,35111454,700111102,58,45,4,1
35111461,3,1130157,35111461,700111102,4,46,6,1
35111471,3,1130154,35111471,700111102,3,47,4,1
35111472,3,1130154,35111472,700111102,3,47,4,1
35111481,3,1130155,35111481,700111102,2,48,6,1
35111482,3,1130155,35111482,700111102,5,48,6,1
35111483,3,1130155,35111483,700111102,50,48,4,1
35111484,3,1130155,35111484,700111102,10,48,3,1
35111491,3,1130156,35111491,700111102,50,49,4,1
35111492,3,1130156,35111492,700111102,40,49,4,1
35111493,3,1130156,35111493,700111102,40,49,4,1
35111494,3,1130156,35111494,700111102,10,49,6,1
35111495,3,1130156,35111495,700111102,1,49,5,1
40271711,1,1110015,40271711,0,100,12,2,1
40271721,1,1110172,40271721,0,110,61,2,1
40271731,1,1,40271731,0,90,111,2,1
40271741,1,1110171,40271741,0,120,31,3,1
40271742,1,1110171,40271742,0,120,31,3,1
40271751,6,1110170,40271751,0,10,1727,4,1
40271752,6,1110170,40271752,0,10,1727,4,1
60011111,3,1110001,60011111,0,80,13,2,1
60011121,3,1130001,60011121,0,50,41,2,1
60011131,3,1130002,60011131,0,50,42,2,1
60011141,3,1130004,60011141,0,50,43,2,1
60011151,3,1130001,60011151,700110101,80,41,2,1
60011161,3,1130001,60011161,700110101,50,41,2,1
60011171,3,1130001,60011171,700110101,50,41,2,1
60011211,3,1110001,60011211,0,80,13,2,1
60011221,3,1130001,60011221,0,50,41,2,1
60011231,3,1130002,60011231,0,50,42,2,1
60011241,3,1130004,60011241,0,50,43,2,1
60011311,3,1110001,60011311,0,80,13,2,1
60011321,3,1130001,60011321,0,50,41,2,1
60011331,3,1130002,60011331,0,50,42,2,1
60011341,3,1130004,60011341,0,50,43,2,1
60021111,3,1110001,60021111,0,80,13,2,1
60021121,3,1130001,60021121,0,50,41,2,1
60021131,3,1130002,60021131,0,50,42,2,1
60021141,3,1130004,60021141,0,50,43,2,1
60021211,3,1110001,60021211,700110101,80,13,2,1
60021221,3,1130001,60021221,700110101,50,41,2,1
60021231,3,1130002,60021231,700110101,50,42,2,1
60021241,3,1130004,60021241,700110101,50,43,2,1
60021311,3,1110001,60021311,700110101,80,13,2,1
60021321,3,1130001,60021321,700110101,50,41,2,1
60021331,3,1130002,60021331,700110101,50,42,2,1
60021341,3,1130004,60021341,700110101,50,43,2,1
60021821,3,1130001,60021821,700110102,25,41,4,1
60021831,3,1130002,60021831,700110102,20,42,3,1
60021841,3,1130004,60021841,0,10,43,3,1
60031111,3,1110001,60031111,700110101,80,13,2,1
60031112,3,1110001,60031112,700110101,80,13,2,1
60031121,3,1130001,60031121,700110101,50,41,2,1
60031122,3,1130001,60031122,700110101,50,41,2,1
60031123,3,1130001,60031123,700110101,40,41,4,1
60031131,3,1130002,60031131,700110101,50,42,2,1
60031132,3,1130002,60031132,700110101,50,42,3,1
60031133,3,1130002,60031133,700110101,25,42,4,1
60031141,3,1130004,60031141,700110101,50,43,2,1
60031142,3,1130004,60031142,700110101,50,43,2,1
60031143,3,1130004,60031143,700110101,35,43,3,1
60031144,3,1130004,60031144,700110101,10,43,3,1
60031145,3,1130004,60031145,700110101,10,43,3,1
60031146,3,1130004,60031146,700110101,10,43,3,1
60031147,3,1130004,60031147,700110101,10,43,3,1
60031211,3,1110001,60031211,700110101,80,13,2,1
60031221,3,1130001,60031221,700110102,50,41,2,1
60031231,3,1130002,60031231,700110102,50,42,2,1
60031241,3,1130004,60031241,700110102,50,43,2,1
60031311,3,1110001,60031311,700110102,80,13,2,1
60031321,3,1130001,60031321,700110102,50,41,2,1
60031331,3,1130002,60031331,700110102,50,42,2,1
60031341,3,1130004,60031341,700110102,50,43,2,1
60041111,3,1110001,60041111,700110102,80,13,2,1
60041121,3,1130001,60041121,700110102,50,41,2,1
60041131,3,1130002,60041131,700110102,50,42,2,1
60041141,3,1130004,60041141,700110102,50,43,2,1
60041211,3,1110001,60041211,700110102,80,13,2,1
60041221,3,1130001,60041221,700110102,50,41,2,1
60041231,3,1130002,60041231,700110102,50,42,2,1
60041241,3,1130004,60041241,700110102,50,43,2,1
60041311,3,1110001,60041311,700110102,80,13,2,1
60041321,3,1130001,60041321,700110102,50,41,2,1
60041331,3,1130002,60041331,700110102,50,42,2,1
60041341,3,1130004,60041341,700110102,50,43,2,1
60051111,3,1110001,60051111,700110102,80,13,2,1
60051121,3,1130001,60051121,700110102,50,41,2,1
60051131,3,1130002,60051131,700110102,50,42,2,1
60051141,3,1130004,60051141,700110102,50,43,2,1
60051211,3,1110001,60051211,700110102,80,13,2,1
60051221,3,1130001,60051221,700110102,50,41,2,1
60051231,3,1130002,60051231,700110102,50,42,2,1
60051241,3,1130004,60051241,700110102,50,43,2,1
60051311,3,1110001,60051311,700110103,80,13,2,1
60051321,3,1130001,60051321,700110103,50,41,2,1
60051331,3,1130002,60051331,700110103,50,42,2,1
60051341,3,1130004,60051341,700110103,50,43,2,1
60051821,3,1130001,60051821,700110102,20,41,3,1
60051831,3,1130002,60051831,700110102,25,42,3,1
60051841,3,1130004,60051841,700110102,30,43,3,1
60051911,3,1110001,60051911,700110102,250,13,2,1
60051921,3,1130001,60051921,700110102,30,41,2,1
60051931,3,1130002,60051931,700110102,40,42,3,1
60051941,3,1130003,60051941,700110104,50,43,4,1
60051951,3,1130004,60051951,700110102,30,43,2,1
60061111,3,1110001,60061111,700110103,90,13,2,1
60061121,3,1130001,60061121,700110103,50,41,2,1
60061131,3,1130040,60061131,700110103,50,42,2,1
60061132,3,1130040,60061132,700110103,50,42,2,1
60061141,3,1130003,60061141,700110103,50,43,2,1
60061142,3,1130003,60061142,700110103,1,43,5,1
60061151,3,1130004,60061151,700110103,50,44,2,1
60061152,3,1130004,60061152,700110103,10,44,4,1
60061161,3,1130039,60061161,700110103,50,45,2,1
60061211,3,1110001,60061211,700110103,90,13,2,1
60061221,3,1130001,60061221,700110103,50,41,2,1
60061231,3,1130040,60061231,700110103,50,42,2,1
60061241,3,1130003,60061241,700110104,50,43,2,1
60061251,3,1130004,60061251,700110104,50,44,2,1
60061252,3,1130004,60061252,700111104,20,44,3,1
60061258,3,1130004,60061258,700110104,1,44,4,1
60061261,3,1130039,60061261,700110103,50,45,2,1
60061268,3,1130039,60061268,700110103,1,45,2,1
60061311,3,1110001,60061311,700110104,90,13,2,1
60061321,3,1130001,60061321,700110104,50,41,2,1
60061331,3,1130040,60061331,700110104,50,42,2,1
60061341,3,1130003,60061341,700110104,50,43,2,1
60061351,3,1130004,60061351,700110104,50,44,2,1
60061352,3,1130039,60061352,700111104,20,45,3,1
60061361,3,1130039,60061361,700110103,50,45,2,1
60061521,3,1130003,60061521,700110104,30,43,4,1
60061531,3,1130004,60061531,700110104,40,44,2,1
60061541,3,1130002,60061541,700110103,45,41,2,1
60061542,3,1130002,60061542,700110103,45,41,2,1
60061551,3,1130038,60061551,700110103,20,42,3,1
60061552,3,1130038,60061552,700110103,25,42,3,1
60061553,3,1130038,60061553,700110103,20,42,3,1
60061554,3,1130038,60061554,700110103,25,42,3,1
60061721,3,1130002,60061721,700110103,30,41,2,1
60061731,3,1130038,60061731,700110103,35,42,3,1
60061741,3,1130003,60061741,700110103,50,43,3,1
60061751,3,1130004,60061751,700110103,45,44,3,1
60061752,3,1130004,60061752,700110103,10,44,3,1
60061761,3,1130009,60061761,700110103,20,45,4,1
60071111,3,1110001,60071111,700110104,90,13,2,1
60071121,3,1130001,60071121,700110104,50,41,2,1
60071131,3,1130040,60071131,700110104,50,42,2,1
60071141,3,1130003,60071141,700110104,50,43,2,1
60071151,3,1130042,60071151,700110104,50,44,2,1
60071161,3,1130005,60071161,700110103,50,45,2,1
60071211,3,1110001,60071211,700110104,90,13,2,1
60071221,3,1130001,60071221,700110104,50,41,2,1
60071231,3,1130040,60071231,700110104,50,42,2,1
60071241,3,1130003,60071241,700110104,50,43,2,1
60071251,3,1130042,60071251,700110104,50,44,2,1
60071252,3,1130004,60071252,700111104,20,44,3,1
60071253,3,1130004,60071253,700111104,20,44,4,1
60071261,3,1130005,60071261,700110103,50,45,2,1
60071311,3,1110001,60071311,700110104,90,13,2,1
60071321,3,1130001,60071321,700110104,50,41,2,1
60071331,3,1130040,60071331,700110104,50,42,2,1
60071332,3,1130038,60071332,700111104,20,43,4,1
60071341,3,1130003,60071341,700110104,50,43,2,1
60071351,3,1130042,60071351,700110104,50,44,2,1
60071361,3,1130005,60071361,700110103,50,45,2,1
60071362,3,1130005,60071362,700110103,15,45,4,1
60071511,3,1110001,60071511,700110104,250,13,2,1
60071521,3,1130002,60071521,700110104,60,41,2,1
60071522,3,1130002,60071522,700110104,50,41,3,1
60071531,3,1130038,60071531,700110104,25,42,3,1
60071541,3,1130003,60071541,700110104,40,43,4,1
60071551,3,1130004,60071551,700110104,35,44,2,1
60071552,3,1130004,60071552,700110104,20,44,2,1
60071911,3,1110001,60071911,700110104,250,13,2,1
60071921,3,1130002,60071921,700110104,30,41,3,1
60071931,3,1130038,60071931,700110104,40,42,4,1
60071941,3,1130003,60071941,700110104,50,43,3,1
60071951,3,1130004,60071951,700110104,10,44,2,1
60071961,3,1130009,60071961,700110104,20,45,2,1
60081111,3,1110001,60081111,700110104,90,13,2,1
60081121,3,1130001,60081121,700110104,50,41,2,1
60081131,3,1130040,60081131,700110104,50,42,2,1
60081141,3,1130003,60081141,700110105,50,43,2,1
60081151,3,1130042,60081151,700110105,50,44,2,1
60081161,3,1130039,60081161,700110103,50,45,2,1
60081211,3,1110001,60081211,700110105,90,13,2,1
60081221,3,1130001,60081221,700110105,50,41,2,1
60081231,3,1130040,60081231,700110105,50,42,2,1
60081241,3,1130003,60081241,700110105,50,43,2,1
60081251,3,1130042,60081251,700110105,50,44,2,1
60081252,3,1130004,60081252,700111104,20,44,3,1
60081261,3,1130039,60081261,700110103,50,45,2,1
60081311,3,1110001,60081311,700110105,90,13,2,1
60081321,3,1130001,60081321,700110105,50,41,2,1
60081322,3,1130002,60081322,700110105,5,41,3,1
60081323,3,1130002,60081323,700110105,5,41,3,1
60081324,3,1130002,60081324,700110105,5,41,3,1
60081325,3,1130002,60081325,700110105,5,41,3,1
60081331,3,1130040,60081331,700110105,50,42,2,1
60081341,3,1130003,60081341,700110105,50,43,2,1
60081351,3,1130042,60081351,700110105,50,44,2,1
60081352,3,1130002,60081352,700110105,5,41,3,1
60081361,3,1130039,60081361,700110103,50,45,2,1
60081421,3,1130002,60081421,700110105,45,41,3,1
60081431,3,1130038,60081431,700110105,30,42,4,1
60081441,3,1130003,60081441,700110105,15,43,3,1
60081451,3,1130004,60081451,700110105,10,44,3,1
60081511,3,1110001,60081511,700110105,250,13,2,1
60081521,3,1130002,60081521,700110105,70,41,2,1
60081531,3,1130038,60081531,700110105,65,42,3,1
60081541,3,1130004,60081541,700110105,60,44,3,1
60081542,3,1130004,60081542,700110105,20,44,3,1
60081543,3,1130004,60081543,700110105,20,44,3,1
60081551,3,1130003,60081551,700110105,50,43,3,1
60091111,3,1110001,60091111,700110105,90,13,2,1
60091121,3,1130001,60091121,700110105,50,41,2,1
60091131,3,1130002,60091131,700110105,50,42,2,1
60091141,3,1130004,60091141,700110105,50,43,2,1
60091211,3,1110001,60091211,700110105,90,13,2,1
60091221,3,1130001,60091221,700110105,50,41,2,1
60091231,3,1130002,60091231,700110105,50,42,2,1
60091241,3,1130004,60091241,700110105,50,43,2,1
60091311,3,1110001,60091311,700110105,90,13,2,1
60091321,3,1130001,60091321,700110105,50,41,2,1
60091331,3,1130002,60091331,700110105,50,42,2,1
60091341,3,1130004,60091341,700110105,50,43,2,1
60101111,3,1110001,60101111,700110105,90,13,2,1
60101121,3,1130001,60101121,700110105,50,41,2,1
60101131,3,1130002,60101131,700110106,50,42,2,1
60101141,3,1130004,60101141,700110106,50,43,2,1
60101211,3,1110001,60101211,700110106,90,13,2,1
60101221,3,1130001,60101221,700110106,50,41,2,1
60101231,3,1130002,60101231,700110106,50,42,2,1
60101241,3,1130004,60101241,700110106,50,43,2,1
60101311,3,1110001,60101311,700110106,90,13,2,1
60101321,3,1130001,60101321,700110106,50,41,2,1
60101331,3,1130002,60101331,700110106,50,42,2,1
60101341,3,1130004,60101341,700110106,50,43,2,1
60111111,3,1110001,60111111,700110106,90,13,2,1
60111112,3,1110001,60111112,700110106,90,13,2,1
60111121,3,1130001,60111121,700110106,50,41,2,1
60111122,3,1130001,60111122,700110106,50,41,2,1
60111123,3,1130001,60111123,700110106,30,41,3,1
60111131,3,1130002,60111131,700110106,50,42,2,1
60111132,3,1130002,60111132,700110106,50,42,2,1
60111141,3,1130004,60111141,700110106,50,43,2,1
60111142,3,1130004,60111142,700110106,50,43,3,1
60111211,3,1110001,60111211,700110107,90,13,2,1
60111221,3,1130001,60111221,700110107,50,41,2,1
60111231,3,1130002,60111231,700110107,50,42,2,1
60111241,3,1130004,60111241,700110107,50,43,2,1
60111311,3,1110001,60111311,700110107,90,13,2,1
60111321,3,1130001,60111321,700110107,50,41,2,1
60111331,3,1130002,60111331,700110107,50,42,2,1
60111341,3,1130004,60111341,700110107,50,43,2,1
60121111,3,1110001,60121111,700110107,90,13,2,1
60121112,3,1110001,60121112,700110107,250,13,3,1
60121121,3,1130001,60121121,700110107,50,41,2,1
60121122,3,1130001,60121122,700110107,70,41,2,1
60121123,3,1130001,60121123,700110107,65,41,3,1
60121131,3,1130002,60121131,700110107,50,42,2,1
60121132,3,1130002,60121132,700110107,60,42,3,1
60121133,3,1130002,60121133,700110107,30,42,3,1
60121141,3,1130004,60121141,700110107,50,43,2,1
60121142,3,1130004,60121142,700110107,25,43,2,1
60121143,3,1130004,60121143,700110107,40,43,3,1
60121211,3,1110001,60121211,700110107,90,13,2,1
60121221,3,1130001,60121221,700110108,50,41,2,1
60121222,3,1130001,60121222,700110108,40,41,2,1
60121231,3,1130002,60121231,700110108,50,42,2,1
60121241,3,1130004,60121241,700110108,50,43,2,1
60121311,3,1110001,60121311,700110108,90,13,2,1
60121321,3,1130001,60121321,700110108,50,41,2,1
60121331,3,1130002,60121331,700110108,50,42,2,1
60121341,3,1130004,60121341,700110108,50,43,2,1
60121911,3,1110001,60121911,700110107,250,13,3,1
60121921,3,1130001,60121921,700110107,30,41,3,1
60121931,3,1130002,60121931,700110107,40,42,3,1
60121932,3,1130002,60121932,700110107,50,42,3,1
60121941,3,1130004,60121941,700110107,20,43,3,1
60131111,3,1110001,60131111,700110108,90,13,2,1
60131112,3,1110001,60131112,700110108,250,13,3,1
60131121,3,1130001,60131121,700110108,50,41,2,1
60131122,3,1130001,60131122,700110108,30,41,2,1
60131123,3,1130001,60131123,700110108,30,41,2,1
60131131,3,1130002,60131131,700110108,50,42,2,1
60131132,3,1130002,60131132,700110108,30,42,3,1
60131133,3,1130002,60131133,700110108,40,42,3,1
60131141,3,1130004,60131141,700110108,50,43,2,1
60131143,3,1130004,60131143,700110108,30,43,2,1
60131144,3,1130004,60131144,700110108,30,43,3,1
60131211,3,1110001,60131211,700110108,90,13,2,1
60131221,3,1130001,60131221,700110108,50,41,2,1
60131222,3,1130001,60131222,700110108,40,41,2,1
60131231,3,1130002,60131231,700110109,50,42,2,1
60131241,3,1130004,60131241,700110109,50,43,2,1
60131311,3,1110001,60131311,700110109,90,13,2,1
60131321,3,1130001,60131321,700110109,50,41,2,1
60131331,3,1130002,60131331,700110109,50,42,2,1
60131341,3,1130004,60131341,700110109,50,43,2,1
60131911,3,1110001,60131911,700110109,250,13,3,1
60131921,3,1130001,60131921,700110109,50,41,3,1
60131922,3,1130001,60131922,700110109,20,41,3,1
60131931,3,1130002,60131931,700110109,40,42,3,1
60131941,3,1130004,60131941,700110109,10,43,3,1
60131951,3,1130038,60131951,700110302,30,42,4,1
60141132,3,1130038,60141132,700110301,1,42,5,1
60141141,3,1130003,60141141,0,40,43,6,1
60141151,3,1130042,60141151,700110109,10,44,4,1
60141152,3,1130042,60141152,700110109,30,44,3,1
60141153,3,1130042,60141153,0,30,44,2,1
60141214,3,1110001,60141214,700110109,250,13,2,1
60141215,3,1110001,60141215,700110109,30,13,2,1
60141216,3,1110001,60141216,700110109,30,13,2,1
60141217,3,1110001,60141217,700110109,250,13,2,1
60141224,3,1130001,60141224,700110109,50,41,3,1
60141225,3,1130002,60141225,700110109,50,41,4,1
60141226,3,1130002,60141226,700110109,50,41,4,1
60141227,3,1130001,60141227,700110109,50,41,3,1
60141234,3,1130038,60141234,700110301,50,42,3,1
60141235,3,1130038,60141235,700110301,80,42,2,1
60141236,3,1130038,60141236,700110301,80,42,2,1
60141237,3,1130038,60141237,700110301,50,42,3,1
60141244,3,1130003,60141244,700110301,50,43,3,1
60141245,3,1130003,60141245,700110301,80,43,2,1
60141246,3,1130003,60141246,700110301,80,43,2,1
60141247,3,1130003,60141247,700110301,50,43,3,1
60141254,3,1130042,60141254,700110301,10,44,3,1
60141255,3,1130042,60141255,700110301,50,44,2,1
60141256,3,1130042,60141256,700110301,50,44,2,1
60141257,3,1130042,60141257,700110301,30,44,2,1
60141261,3,1130039,60141261,700110104,15,45,2,1
60141264,3,1130009,60141264,700110104,1,45,4,1
60141317,3,1110001,60141317,700110301,250,13,2,1
60141327,3,1130001,60141327,700110301,50,41,3,1
60141332,3,1130038,60141332,700110301,11,42,5,1
60141337,3,1130038,60141337,700110301,50,42,3,1
60141347,3,1130003,60141347,700110301,50,43,4,1
60141353,3,1130009,60141353,700110301,10,44,3,1
60141356,3,1130042,60141356,700110301,1,44,4,1
60141357,3,1130042,60141357,700110301,30,44,2,1
60141531,3,1130038,60141531,700110109,30,42,3,1
60141551,3,1130042,60141551,700110109,20,44,2,1
60141552,3,1130042,60141552,700110109,40,44,3,1
60141553,3,1130042,60141553,700110109,30,44,3,1
60141561,3,1130009,60141561,700110104,25,45,2,1
60141721,3,1130001,60141721,700110109,50,41,2,1
60141731,3,1130038,60141731,700110109,40,42,3,1
60141741,3,1130042,60141741,700110109,45,44,3,1
60141751,3,1130003,60141751,700110109,35,43,3,1
60141752,3,1130003,60141752,700110109,35,43,4,1
60141761,3,1130009,60141761,700110104,20,45,3,1
60141831,3,1130038,60141831,700110109,10,42,3,1
60151121,3,1130002,60151121,0,40,43,4,1
60151215,3,1110001,60151215,700110302,250,13,2,1
60151216,3,1110001,60151216,700110302,250,13,2,1
60151217,3,1110001,60151217,700110302,250,13,2,1
60151225,3,1130002,60151225,700110302,50,41,4,1
60151226,3,1130002,60151226,700110302,50,41,4,1
60151227,3,1130001,60151227,700110302,50,41,3,1
60151232,3,1130038,60151232,700110301,11,42,5,1
60151235,3,1130038,60151235,700110302,50,42,2,1
60151236,3,1130038,60151236,700110302,50,42,2,1
60151237,3,1130038,60151237,700110302,50,42,3,1
60151241,3,1130003,60151241,700110302,15,43,5,1
60151245,3,1130003,60151245,700110302,50,43,2,1
60151246,3,1130003,60151246,700110302,50,43,2,1
60151247,3,1130003,60151247,700110302,50,43,3,1
60151252,3,1130042,60151252,700110302,10,44,3,1
60151255,3,1130004,60151255,700110302,30,44,2,1
60151256,3,1130004,60151256,700110302,30,44,2,1
60151257,3,1130042,60151257,700110302,30,44,2,1
60151317,3,1110001,60151317,700110302,250,13,2,1
60151327,3,1130001,60151327,700110302,50,41,3,1
60151337,3,1130038,60151337,700110302,50,42,3,1
60151347,3,1130003,60151347,700110302,50,43,4,1
60151351,3,1130042,60151351,700110302,1,44,4,1
60151357,3,1130042,60151357,700110302,30,44,2,1
60151521,3,1130002,60151521,700110302,30,41,3,1
60151551,3,1130042,60151551,700110302,20,44,4,1
60151731,3,1130038,60151731,700110302,30,42,3,1
60151741,3,1130003,60151741,700110302,40,43,4,1
60151751,3,1130042,60151751,700110302,50,44,3,1
60151752,3,1130042,60151752,700110302,50,44,3,1
60151761,3,1130009,60151761,700110104,20,45,3,1
60151831,3,1130038,60151831,700110302,30,42,4,1
60151841,3,1130003,60151841,700110302,10,43,3,1
60151851,3,1130042,60151851,700110302,10,44,4,1
60151861,3,1130009,60151861,700110302,20,42,3,1
60161121,3,1130001,60161121,700110302,15,41,3,1
60161132,3,1130038,60161132,700110301,11,42,5,1
60161141,3,1130003,60161141,700110303,15,43,5,1
60161151,3,1130004,60161151,700110303,13,44,3,1
60161152,3,1130004,60161152,700110303,10,44,3,1
60161153,3,1130009,60161153,700110301,16,44,3,1
60161161,3,1130005,60161161,700110104,10,45,2,1
60161214,3,1110001,60161214,700110303,250,13,2,1
60161215,3,1110001,60161215,700110303,250,13,2,1
60161216,3,1110001,60161216,700110303,250,13,2,1
60161217,3,1110001,60161217,700110303,250,13,2,1
60161224,3,1130001,60161224,700110303,50,41,3,1
60161225,3,1130001,60161225,700110303,50,41,4,1
60161226,3,1130001,60161226,700110303,50,41,4,1
60161227,3,1130001,60161227,700110303,50,41,3,1
60161228,3,1130001,60161228,700110303,35,41,4,1
60161234,3,1130002,60161234,700110303,50,42,3,1
60161235,3,1130002,60161235,700110303,50,42,2,1
60161236,3,1130002,60161236,700110303,50,42,2,1
60161237,3,1130002,60161237,700110303,50,42,3,1
60161244,3,1130003,60161244,700110303,50,43,3,1
60161245,3,1130003,60161245,700110303,50,43,2,1
60161246,3,1130003,60161246,700110303,50,43,2,1
60161247,3,1130003,60161247,700110303,50,43,3,1
60161248,3,1130003,60161248,700110303,20,43,3,1
60161254,3,1130004,60161254,700110303,10,44,3,1
60161255,3,1130004,60161255,700110303,30,44,2,1
60161256,3,1130004,60161256,700110303,30,44,2,1
60161257,3,1130004,60161257,700110303,30,44,2,1
60161258,3,1130004,60161258,700110303,1,44,4,1
60161264,3,1130005,60161264,700110104,1,45,4,1
60161267,3,1130005,60161267,700110104,20,45,2,1
60161268,3,1130005,60161268,700110104,1,45,2,1
60161317,3,1110001,60161317,700110303,250,13,2,1
60161327,3,1130001,60161327,700110303,50,41,3,1
60161337,3,1130002,60161337,700110303,40,42,3,1
60161347,3,1130003,60161347,700110303,40,43,4,1
60161351,3,1130004,60161351,700110303,1,44,4,1
60161357,3,1130004,60161357,700110303,30,44,2,1
60161511,3,1110001,60161511,700110302,250,13,2,1
60161521,3,1130001,60161521,700110302,60,41,2,1
60161522,3,1130001,60161522,700110302,55,41,3,1
60161531,3,1130004,60161531,700110303,40,44,3,1
60161541,3,1130002,60161541,700110303,30,42,3,1
60161551,3,1130003,60161551,700110303,20,43,3,1
60161561,3,1130004,60161561,700110303,50,44,3,1
60171111,3,1110001,60171111,700110304,90,13,2,1
60171121,3,1130005,60171121,700110304,50,41,2,1
60171131,3,1130006,60171131,700110304,50,42,3,1
60171141,3,1130004,60171141,700110304,50,43,2,1
60171151,3,1130040,60171151,700110304,50,44,3,1
60171211,3,1110001,60171211,700110304,90,13,2,1
60171215,3,1110001,60171215,700110304,90,13,2,1
60171216,3,1110001,60171216,700110304,90,13,2,1
60171221,3,1130005,60171221,700110304,50,41,2,1
60171225,3,1130005,60171225,700110304,50,41,2,1
60171226,3,1130005,60171226,700110304,50,41,2,1
60171231,3,1130006,60171231,700110304,50,42,3,1
60171235,3,1130006,60171235,700110304,50,42,4,1
60171236,3,1130006,60171236,700110304,50,42,4,1
60171241,3,1130004,60171241,700110304,50,43,2,1
60171245,3,1130004,60171245,700110304,50,43,2,1
60171246,3,1130004,60171246,700110304,50,43,2,1
60171251,3,1130040,60171251,700110304,50,44,3,1
60171255,3,1130040,60171255,700110304,50,44,2,1
60171256,3,1130040,60171256,700110304,50,44,2,1
60171311,3,1110001,60171311,700110304,90,13,2,1
60171321,3,1130005,60171321,700110304,50,41,2,1
60171323,3,1130032,60171323,700110304,25,41,4,1
60171331,3,1130006,60171331,700110305,50,42,3,1
60171333,3,1130020,60171333,700110306,20,42,4,1
60171341,3,1130004,60171341,700110305,50,43,2,1
60171351,3,1130040,60171351,700110305,50,44,3,1
60181111,3,1110001,60181111,700110305,90,13,2,1
60181121,3,1130005,60181121,700110305,50,41,2,1
60181131,3,1130006,60181131,700110305,50,42,3,1
60181141,3,1130004,60181141,700110305,50,43,2,1
60181151,3,1130040,60181151,700110305,50,44,3,1
60181211,3,1110001,60181211,700110305,90,13,2,1
60181215,3,1110001,60181215,700110305,90,13,2,1
60181216,3,1110001,60181216,700110305,90,13,2,1
60181221,3,1130005,60181221,700110305,50,41,2,1
60181225,3,1130005,60181225,700110305,50,41,2,1
60181226,3,1130005,60181226,700110305,50,41,2,1
60181231,3,1130006,60181231,700110305,50,42,3,1
60181235,3,1130006,60181235,700110305,50,42,4,1
60181236,3,1130006,60181236,700110305,50,42,4,1
60181241,3,1130004,60181241,700110305,50,43,2,1
60181245,3,1130004,60181245,700110305,50,43,2,1
60181246,3,1130004,60181246,700110305,50,43,2,1
60181251,3,1130040,60181251,700110305,50,44,3,1
60181255,3,1130040,60181255,700110305,50,44,2,1
60181256,3,1130040,60181256,700110305,50,44,2,1
60181311,3,1110001,60181311,700110305,90,13,2,1
60181321,3,1130005,60181321,700110305,50,41,2,1
60181331,3,1130006,60181331,700110305,50,42,3,1
60181341,3,1130004,60181341,700110305,50,43,2,1
60181351,3,1130040,60181351,700110305,50,44,3,1
60191111,3,1110001,60191111,700110305,90,13,2,1
60191121,3,1130005,60191121,700110305,50,41,2,1
60191131,3,1130006,60191131,700110305,50,42,3,1
60191141,3,1130004,60191141,700110305,50,43,2,1
60191151,3,1130040,60191151,700110305,50,44,3,1
60191211,3,1110001,60191211,700110305,50,13,2,1
60191215,3,1110001,60191215,700110305,30,13,2,1
60191216,3,1110001,60191216,700110305,30,13,2,1
60191217,3,1110001,60191217,700110305,250,13,2,1
60191221,3,1130005,60191221,700110305,50,41,2,1
60191225,3,1130005,60191225,700110305,40,41,2,1
60191226,3,1130005,60191226,700110305,40,41,2,1
60191227,3,1130005,60191227,700110305,50,41,3,1
60191231,3,1130006,60191231,700110305,50,42,3,1
60191235,3,1130006,60191235,700110306,80,42,4,1
60191236,3,1130006,60191236,700110306,80,42,4,1
60191237,3,1130006,60191237,700110306,50,42,3,1
60191241,3,1130004,60191241,700110305,50,43,2,1
60191245,3,1130004,60191245,700110306,40,43,2,1
60191246,3,1130004,60191246,700110306,40,43,2,1
60191247,3,1130004,60191247,700110306,50,43,2,1
60191251,3,1130040,60191251,700110305,50,44,3,1
60191255,3,1130040,60191255,700110306,40,44,2,1
60191256,3,1130040,60191256,700110306,40,44,2,1
60191257,3,1130040,60191257,700110306,30,44,2,1
60191311,3,1110001,60191311,700110306,90,13,2,1
60191321,3,1130005,60191321,700110306,50,41,2,1
60191331,3,1130006,60191331,700110306,50,42,3,1
60191332,3,1130006,60191332,700110306,5,42,4,1
60191341,3,1130004,60191341,700110306,50,43,2,1
60191342,3,1130004,60191342,700110306,2,43,4,1
60191351,3,1130040,60191351,700110306,50,44,3,1
60191511,3,1110001,60191511,700110305,250,13,2,1
60191521,3,1130005,60191521,700110305,65,41,2,1
60191522,3,1130005,60191522,700110305,60,41,3,1
60191531,3,1130004,60191531,700110305,50,43,3,1
60191532,3,1130004,60191532,700110305,30,43,2,1
60191541,3,1130006,60191541,700110305,40,42,3,1
60191551,3,1130040,60191551,700110305,20,44,2,1
60191911,3,1110001,60191911,700110305,250,13,2,1
60191921,3,1130005,60191921,700110305,30,41,4,1
60191931,3,1130006,60191931,700110305,40,42,3,1
60191932,3,1130006,60191932,700110305,45,42,3,1
60191941,3,1130004,60191941,700110305,20,43,3,1
60191951,3,1130040,60191951,700110305,35,44,4,1
60201111,3,1110001,60201111,700110306,250,13,3,1
60201121,3,1130005,60201121,700110306,50,41,3,1
60201131,3,1130038,60201131,700110306,50,42,3,1
60201141,3,1130009,60201141,700110306,50,43,3,1
60201151,3,1130004,60201151,700110307,30,44,3,1
60201152,3,1130004,60201152,0,50,44,2,1
60201161,3,1130006,60201161,700110307,1,45,5,1
60201171,3,1130040,60201171,700110307,10,46,4,1
60201181,3,1130006,60201181,700110307,50,45,4,1
60201183,3,1130006,60201183,700110307,50,45,4,1
60201193,3,1130009,60201193,700110306,50,43,3,1
60201211,3,1110001,60201211,700110306,250,13,3,1
60201214,3,1110001,60201214,700110307,250,13,2,1
60201215,3,1110001,60201215,700110307,250,13,2,1
60201216,3,1110001,60201216,700110307,90,13,2,1
60201217,3,1110001,60201217,700110307,250,13,2,1
60201221,3,1130005,60201221,700110306,50,41,3,1
60201224,3,1130005,60201224,700110307,50,41,3,1
60201225,3,1130005,60201225,700110307,50,41,2,1
60201226,3,1130005,60201226,700110307,50,41,2,1
60201227,3,1130005,60201227,700110307,50,41,3,1
60201234,3,1130038,60201234,700110307,50,42,3,1
60201235,3,1130038,60201235,700110307,50,42,2,1
60201236,3,1130038,60201236,700110307,50,42,2,1
60201237,3,1130038,60201237,700110307,50,42,3,1
60201241,3,1130009,60201241,700110306,50,43,3,1
60201244,3,1130009,60201244,700110307,50,43,3,1
60201245,3,1130009,60201245,700110307,50,43,2,1
60201246,3,1130009,60201246,700110307,50,43,2,1
60201247,3,1130009,60201247,700110307,50,43,3,1
60201251,3,1130004,60201251,700110307,50,44,2,1
60201254,3,1130004,60201254,700110307,30,44,3,1
60201255,3,1130004,60201255,700110307,30,44,2,1
60201256,3,1130004,60201256,700110307,50,44,2,1
60201257,3,1130004,60201257,700110307,30,44,2,1
60201261,3,1130006,60201261,700110307,50,45,4,1
60201264,3,1130006,60201264,700110307,20,45,4,1
60201265,3,1130006,60201265,700110307,20,46,4,1
60201266,3,1130006,60201266,700110307,50,46,4,1
60201267,3,1130006,60201267,700110307,20,45,3,1
60201268,3,1130006,60201268,700110307,1,45,5,1
60201271,3,1130040,60201271,700110307,19,46,2,1
60201272,3,1130040,60201272,700110307,15,46,2,1
60201273,3,1130040,60201273,700110307,1,46,3,1
60201274,3,1130040,60201274,700110307,30,46,3,1
60201275,3,1130040,60201275,700110307,30,45,2,1
60201276,3,1130040,60201276,700110307,50,45,2,1
60201277,3,1130040,60201277,700110307,30,46,2,1
60201278,3,1130040,60201278,700110307,1,46,4,1
60201311,3,1110001,60201311,700110306,250,13,3,1
60201317,3,1110001,60201317,700110307,250,13,2,1
60201321,3,1130005,60201321,700110306,50,41,3,1
60201327,3,1130005,60201327,700110307,50,41,4,1
60201331,3,1130038,60201331,700110306,50,42,3,1
60201337,3,1130038,60201337,700110308,50,42,3,1
60201341,3,1130009,60201341,700110306,50,43,3,1
60201347,3,1130009,60201347,700110308,50,43,3,1
60201351,3,1130042,60201351,700110308,1,44,2,1
60201357,3,1130004,60201357,700110308,30,44,2,1
60201361,3,1130006,60201361,700110307,50,45,4,1
60201362,3,1130006,60201362,700110307,1,45,5,1
60201367,3,1130006,60201367,700110308,20,46,3,1
60201371,3,1130040,60201371,700110307,50,46,2,1
60201377,3,1130040,60201377,700110308,30,45,2,1
60201521,3,1130005,30201621,700110306,50,41,3,1
60201531,3,1130038,30201631,700110306,50,42,3,1
60201551,3,1130004,30201651,700110307,50,44,3,1
60201552,3,1130004,60201552,700110307,10,44,2,1
60201561,3,1130006,30201661,700110307,50,45,4,1
60201821,3,1130005,60201821,700110306,40,41,3,1
60201831,3,1130038,60201831,700110306,10,42,4,1
60201851,3,1130004,60201851,700110307,15,44,4,1
60211121,3,1130005,60211121,700110308,20,41,2,1
60211131,3,1130008,60211131,700110308,50,42,3,1
60211141,3,1130009,60211141,700110308,50,43,3,1
60211151,3,1130004,60211151,700110308,10,44,3,1
60211161,3,1130006,60211161,700110308,20,45,4,1
60211171,3,1130040,60211171,700110308,30,46,3,1
60211217,3,1110001,60211217,700110308,250,13,2,1
60211227,3,1130005,60211227,700110308,50,41,3,1
60211237,3,1130008,60211237,700110308,50,42,3,1
60211247,3,1130009,60211247,700110308,50,43,3,1
60211257,3,1130004,60211257,700110308,30,44,2,1
60211267,3,1130006,60211267,700110308,20,45,3,1
60211277,3,1130040,60211277,700110308,30,46,2,1
60211312,3,1130021,60211312,700110308,20,13,4,1
60211314,3,1110001,60211314,700110308,250,13,2,1
60211317,3,1110001,60211317,700110308,250,13,2,1
60211322,3,1130005,60211322,700110308,15,41,3,1
60211324,3,1130005,60211324,700110308,50,41,3,1
60211327,3,1130005,60211327,700110308,50,41,3,1
60211334,3,1130008,60211334,700110308,50,42,3,1
60211337,3,1130008,60211337,700110308,50,42,3,1
60211344,3,1130009,60211344,700110308,50,43,3,1
60211347,3,1130009,60211347,700110308,50,43,3,1
60211351,3,1130004,60211351,700110308,250,44,2,1
60211352,3,1130004,60211352,700110308,30,44,3,1
60211353,3,1130004,60211353,700110308,30,44,4,1
60211354,3,1130004,60211354,700110308,30,44,2,1
60211357,3,1130004,60211357,700110308,30,44,2,1
60211358,3,1130004,60211358,700110308,250,44,6,1
60211362,3,1130006,60211362,700110308,20,45,4,1
60211364,3,1130006,60211364,700110308,20,45,4,1
60211365,3,1130006,60211365,700110308,5,45,4,1
60211367,3,1130006,60211367,700110308,20,45,3,1
60211374,3,1130040,60211374,700110308,30,46,3,1
60211377,3,1130040,60211377,700110308,30,46,2,1
60211711,3,1110001,60211711,700110308,250,13,2,1
60211721,3,1130005,60211721,700110308,20,41,3,1
60211731,3,1130008,60211731,700110308,30,42,3,1
60211732,3,1130008,60211732,700110308,30,42,3,1
60211741,3,1130009,60211741,700110308,40,43,4,1
60211742,3,1130009,60211742,700110308,20,43,4,1
60211751,3,1130004,60211751,700110308,10,44,3,1
60211752,3,1130004,60211752,700110308,50,44,2,1
60211753,3,1130004,60211753,700110308,40,44,3,1
60211754,3,1130004,60211754,700110308,50,44,3,1
60211761,3,1130006,60211761,700110308,35,45,3,1
60211771,3,1130040,60211771,700110308,45,46,4,1
60271111,3,1110001,60271111,700111105,250,13,2,1
60271121,3,1130072,60271121,700111105,50,41,2,1
60271131,3,1130073,60271131,700111105,40,13,2,1
60271141,3,1130073,60271141,700111105,30,13,2,1
60271151,3,1130073,60271151,700111105,10,13,2,1
60291231,3,1130082,60291231,700111105,40,42,2,1
60311261,3,1130006,60311261,700110307,25,45,4,1
60311271,3,1130048,60311271,700110307,20,46,2,1
65011111,3,1110001,65011111,700110308,250,13,3,1
65011121,3,1130032,65011121,700110308,90,41,4,1
65011122,3,1130032,65011122,700110308,45,41,4,1
65011131,3,1130033,65011131,700110308,80,42,4,1
65011141,3,1130034,65011141,700110308,75,43,4,1
65011142,3,1130034,65011142,700110308,40,43,4,1
65011151,3,1130035,65011151,700110309,70,44,3,1
65011411,3,1110001,65011411,700110308,250,13,2,1
65011412,3,1110001,65011412,700110308,255,13,2,1
65011421,3,1130048,65011421,700110308,40,41,3,1
65011422,3,1130048,65011422,700110308,50,41,2,1
65011423,3,1130048,65011423,700110308,30,41,2,1
65011425,3,1130048,65011425,700110308,35,41,4,1
65011431,3,1130049,65011431,700110308,40,42,3,1
65011432,3,1130049,65011432,700110308,60,42,3,1
65011433,3,1130049,65011433,700110308,3,42,6,1
65011434,3,1130049,65011434,700110308,60,42,4,1
65011435,3,1130161,65011435,700110308,2,42,4,1
65011436,3,1130049,65011436,700110308,40,42,4,1
65011441,3,1130050,65011441,700110308,40,43,3,1
65011442,3,1130050,65011442,700110308,10,43,4,1
65011443,3,1130050,65011443,700110308,30,43,4,1
65011451,3,1130051,65011451,700110309,20,44,3,1
65011452,3,1130051,65011452,700110309,1,44,5,1
65011453,3,1130051,65011453,700110309,40,44,2,1
65011454,3,1130115,65011454,700110309,1,44,4,1
65011455,3,1130051,65011455,700110309,2,44,3,1
65011456,3,1130051,65011456,700110309,1,44,2,1
65011457,3,1130159,65011457,700110309,40,44,4,1
65011458,3,1130160,65011458,700110309,3,44,4,1
65011459,3,1130163,65011459,700110309,4,44,4,1
65011461,3,1130052,65011461,700110309,10,48,4,1
65011462,3,1130052,65011462,700110309,10,48,4,1
65011463,3,1130052,65011463,700110309,10,48,4,1
65011464,3,1130052,65011464,700110309,35,48,4,1
65011465,3,1130052,65011465,700110309,25,48,4,1
65011471,3,1130053,65011471,700110309,5,49,6,1
65011472,3,1130053,65011472,700110309,5,49,6,1
65011473,3,1130053,65011473,700110309,10,49,6,1
65011474,3,1130053,65011474,700110309,8,49,6,1
65011475,3,1130053,65011475,700110309,6,49,6,1
65011476,3,1130053,65011476,700110309,5,49,4,1
65011477,3,1130053,65011477,700110309,1,49,4,1
65011511,3,1110001,65011511,700110308,250,13,2,1
65011521,3,1130048,65011521,700110308,40,41,2,1
65011531,3,1130049,65011531,700110308,40,42,3,1
65011541,3,1130050,65011541,700110308,20,43,4,1
65011551,3,1130051,65011551,700110309,40,44,2,1
65011552,3,1130051,65011552,700110308,40,44,4,1
65011571,3,1130053,65011571,700110309,10,49,4,1
65011572,3,1130053,65011572,700110309,1,49,5,1
65011573,3,1130162,65011573,700110309,1,49,5,1
65011751,3,1130051,65011751,700110309,3,44,3,1
65011752,3,1130051,65011752,700110309,2,44,3,1
65011821,3,1130048,65011821,700110308,80,41,3,1
65011822,3,1130048,65011822,700110308,55,41,4,1
65011831,3,1130049,65011831,700110308,40,42,3,1
65011832,3,1130049,65011832,700110308,80,42,3,1
65011833,3,1130049,65011833,700110308,65,42,3,1
65011841,3,1130050,65011841,700110308,45,43,3,1
65011842,3,1130050,65011842,700110308,10,43,3,1
65011843,3,1130050,65011843,700110308,30,43,3,1
65011851,3,1130051,65011851,700110309,10,44,3,1
65011852,3,1130051,65011852,700110309,20,44,3,1
65011853,3,1130051,65011853,700110309,20,44,3,1
65011854,3,1130051,65011854,700110309,45,44,3,1
65011855,3,1130051,65011855,700110309,10,44,3,1
65011861,3,1130052,65011861,700110309,30,48,4,1
65011862,3,1130052,65011862,700110309,10,48,4,1
65011871,3,1130053,65011871,700110309,50,49,4,1
65011872,3,1130053,65011872,700110309,5,49,6,1
65011873,3,1130053,65011873,700110309,20,49,4,1
65011874,3,1130053,65011874,700110309,25,49,4,1
65011875,3,1130053,65011875,700110309,25,49,4,1
65021111,3,1110001,65021111,700111101,250,13,8,1
65021112,3,1110001,65021112,700111102,200,13,8,1
65021121,3,1130018,65021121,700111101,40,41,10,1
65021122,3,1130018,65021122,700111102,100,41,8,1
65021131,3,1130019,65021131,700111101,40,42,9,1
65021132,3,1130018,65021132,700111101,40,41,10,1
65021133,3,1130019,65021133,700111102,160,42,9,1
65021141,3,1130020,65021141,700111101,40,43,9,1
65021142,3,1130020,65021142,700111102,130,43,10,1
65021151,3,1130021,65021151,700111101,40,44,9,1
65021152,3,1130021,65021152,700111102,110,44,8,1
65021161,3,1130022,65021161,700111101,10,45,9,1
65021162,3,1130022,65021162,700111101,10,45,9,1
65021163,3,1130022,65021163,700111102,150,45,8,1
65021171,3,1130023,65021171,700111101,40,46,10,1
65021172,3,1130023,65021172,700111101,10,46,10,1
65021173,3,1130023,65021173,700111101,80,46,12,1
65021181,3,1130024,65021181,700111101,1,47,11,1
65021182,3,1130024,65021182,700111101,9,47,11,1
65021191,3,1130025,65021191,700111101,1,48,9,1
65021192,3,1130025,65021192,700111101,5,48,8,1
65031111,3,1110001,65031111,700111102,250,13,2,1
65031118,3,1110001,65031118,700111102,40,13,2,1
65031119,3,1110001,65031119,700111102,40,13,2,1
65031121,3,1130026,65031121,700111102,90,41,2,1
65031128,3,1130026,65031128,700111102,40,41,2,1
65031129,3,1130026,65031129,700111102,40,41,2,1
65031131,3,1130027,65031131,700111103,80,42,3,1
65031132,3,1130027,65031132,700111103,30,42,3,1
65031133,3,1130027,65031133,700111103,30,42,3,1
65031134,3,1130027,65031134,700111103,40,42,3,1
65031135,3,1130027,65031135,700111103,50,42,4,1
65031138,3,1130027,65031138,700111103,40,42,3,1
65031139,3,1130027,65031139,700111103,40,42,3,1
65031141,3,1130028,65031141,700111103,70,43,3,1
65031143,3,1130028,65031143,700111103,14,43,4,1
65031144,3,1130028,65031144,700111103,9,43,4,1
65031145,3,1130028,65031145,700111103,4,43,4,1
65031148,3,1130028,65031148,700111103,40,43,3,1
65031149,3,1130028,65031149,700111103,40,43,3,1
65031151,3,1130029,65031151,700111104,1,44,4,1
65031152,3,1130029,65031152,700111103,60,44,3,1
65031153,3,1130029,65031153,700111103,10,44,3,1
65031154,3,1130029,65031154,700111103,8,44,3,1
65031155,3,1130029,65031155,700111103,20,44,3,1
65031156,3,1130029,65031156,700111103,2,44,4,1
65031157,3,1130029,65031157,700111103,5,44,5,1
65031158,3,1130029,65031158,700111103,5,44,2,1
65031159,3,1130029,65031159,700111103,40,44,3,1
65031161,3,1130030,65031161,700111103,50,45,4,1
65031162,3,1130030,65031162,700111103,15,45,6,1
65031163,3,1130030,65031163,700111104,2,45,4,1
65031164,3,1130030,65031164,700111103,10,45,6,1
65031165,3,1130030,65031165,700111103,5,45,6,1
65031166,3,1130030,65031166,700111103,5,45,4,1
65031167,3,1130123,65031167,700111103,2,44,4,1
65031168,3,1130030,65031168,700111103,40,45,4,1
65031169,3,1130030,65031169,700111103,40,45,4,1
65031171,3,1130031,60071253,700111103,1,46,4,1
65031172,3,1130031,65031172,700111103,9,46,5,1
65031173,3,1130031,65031173,700111103,40,46,4,1
65031178,3,1130031,65031178,700111103,1,46,6,1
65031179,3,1130031,65031179,700111103,1,46,4,1
65031259,3,1130029,65031259,700111103,40,44,3,1
65031365,3,1130114,65031365,700111106,1,44,4,1
65031411,3,1110001,65031411,700111105,250,13,2,1
65031421,3,1130106,65031421,700111105,100,41,2,1
65031422,3,1130106,65031422,700111105,99,41,2,1
65031423,3,1130106,65031423,700111105,5,41,6,1
65031424,3,1130106,65031424,700111105,40,41,3,1
65031425,3,1130106,65031425,700111105,45,41,3,1
65031431,3,1130107,65031431,700111105,90,42,2,1
65031432,3,1130107,65031432,700111105,30,42,2,1
65031433,3,1130107,65031433,700111105,20,42,3,1
65031434,3,1130107,65031434,700111105,35,42,4,1
65031441,3,1130108,65031441,700111105,40,43,3,1
65031442,3,1130108,65031442,700111105,40,43,3,1
65031443,3,1130108,65031443,700111105,30,43,3,1
65031444,3,1130108,65031444,700111105,40,43,3,1
65031445,3,1130108,65031445,700111105,10,43,4,1
65031446,3,1130108,65031446,700111105,30,43,4,1
65031447,3,1130108,65031447,700111105,50,43,4,1
65031451,3,1130109,65031451,700111105,80,44,2,1
65031452,3,1130109,65031452,700111105,3,44,2,1
65031453,3,1130109,65031453,700111105,11,44,2,1
65031454,3,1130109,65031454,700111105,80,44,2,1
65031455,3,1130109,65031455,700111105,15,44,3,1
65031461,3,1130110,65031461,700111105,89,45,3,1
65031462,3,1130110,65031462,700111105,50,45,3,1
65031471,3,1130111,65031471,700111105,20,46,4,1
65031472,3,1130111,65031472,700111105,20,46,4,1
65031473,3,1130111,65031473,700111105,35,46,4,1
65031481,3,1130112,65031481,700111105,10,48,4,1
65031482,3,1130029,65031482,700111105,5,48,4,1
65031491,3,1130113,65031491,700111105,2,49,6,1
65031492,3,1130113,65031492,700111105,5,49,6,1
65031493,3,1130113,65031493,700111105,6,49,6,1
65031494,3,1130113,65031494,700111105,1,49,5,1
65031495,3,1130113,65031495,700111105,3,49,6,1
65031496,3,1130113,65031496,700111105,45,49,6,1
65031497,3,1130113,65031497,700111105,25,49,6,1
65031511,3,1110001,65031511,700111105,255,13,2,1
65031512,3,1130123,65031512,700110309,2,45,4,1
65031521,3,1130106,65031521,700111104,50,41,3,1
65031531,3,1130107,65031531,700111105,60,42,3,1
65031532,3,1130107,65031532,700111105,30,42,5,1
65031541,3,1130108,65031541,700111105,10,43,2,1
65031542,3,1130108,65031542,700111105,10,43,3,1
65031543,3,1130108,65031543,700111105,12,43,2,1
65031544,3,1130108,65031544,700111105,35,43,4,1
65031551,3,1130109,65031551,700111105,40,44,4,1
65031552,3,1130109,65031552,700111105,40,44,6,1
65031561,3,1130110,65031561,700111105,5,45,6,1
65031562,3,1130110,65031562,700111105,15,45,4,1
65031563,3,1130110,65031563,700111105,10,45,6,1
65031564,3,1130110,65031564,700111105,5,45,6,1
65031571,3,1130111,65031571,700111105,3,46,6,1
65031572,3,1130111,65031572,700111105,1,46,5,1
65031573,3,1130111,65031573,700111105,3,46,6,1
65031581,3,1130112,65031581,700111105,1,48,4,1
65041111,3,1110001,65041111,700111104,250,13,2,1
65041112,3,1110001,65041112,700111104,250,13,2,1
65041113,3,1110001,65041113,700111102,100,13,2,1
65041121,3,1130010,65041121,700111104,50,41,3,1
65041122,3,1130010,65041122,700111104,10,41,3,1
65041123,3,1130010,65041123,700111104,10,41,3,1
65041124,3,1130010,65041124,700111104,10,41,3,1
65041125,3,1130010,65041125,700111104,50,41,2,1
65041126,3,1130010,65041126,700111102,90,41,2,1
65041131,3,1130011,65041131,700111104,50,42,3,1
65041132,3,1130011,65041132,700111104,50,42,4,1
65041133,3,1130012,65041133,700111103,80,42,2,1
65041141,3,1130013,65041141,700111104,50,43,3,1
65041142,3,1130013,65041142,700111104,30,43,4,1
65041143,3,1130013,65041143,700111104,50,43,3,1
65041144,3,1130014,65041144,700111103,70,43,2,1
65041145,3,1130013,65041145,700111104,85,43,3,1
65041151,3,1130015,65041151,700111105,50,44,3,1
65041152,3,1130015,65041152,700111105,50,44,3,1
65041154,3,1130015,65041154,700111103,40,43,2,1
65041161,3,1130016,65041161,700111105,10,45,4,1
65041162,3,1130016,65041162,700111105,10,45,4,1
65041163,3,1130016,65041163,700111104,25,45,3,1
65041164,3,1130016,65041164,700111105,50,45,3,1
65041165,3,1130016,65041165,700111103,9,45,4,1
65041166,3,1130115,65041166,700110309,1,45,4,1
65041167,3,1130123,65041167,700110309,2,45,4,1
65041168,3,1130016,65041168,700111103,10,45,4,1
65041169,3,1130016,65041169,700111103,1,45,4,1
65041171,3,1130017,65041171,700111105,1,46,4,1
65041172,3,1130017,65041172,700111105,50,46,3,1
65041173,3,1130017,65041173,700111106,50,46,4,1
65041174,3,1130017,65041174,700111103,15,46,3,1
65041175,3,1130017,65041175,700111103,20,46,6,1
65041176,3,1130123,65041176,700110309,2,45,4,1
65041177,3,1130123,65041177,700110309,2,45,4,1
65041181,3,1130043,65041181,700111105,1,47,5,1
65041182,3,1130095,65041182,700111103,2,47,5,1
65041211,3,1110001,65041211,700111104,250,13,3,1
65041221,3,1130010,65041221,700111104,50,41,3,1
65041231,3,1130011,65041231,700111104,50,42,3,1
65041241,3,1130013,65041241,700111104,50,43,3,1
65041242,3,1130014,60071253,700111104,1,43,4,1
65041251,3,1130015,65041251,700111105,50,44,3,1
65041261,3,1130016,65041261,700111105,50,45,3,1
65041262,3,1130016,65041262,700111105,10,45,4,1
65041263,3,1130016,65041263,700111105,10,45,4,1
65041264,3,1130016,65041264,700111104,1,45,4,1
65041265,3,1130016,65041265,700111105,2,45,4,1
65041271,3,1130017,65041271,700111105,1,46,4,1
65041272,3,1130017,65041272,700111105,5,46,4,1
65041273,3,1130017,65041273,700111105,4,46,4,1
65041274,3,1130017,65041274,700111105,3,46,4,1
65041311,3,1110001,65041311,700111104,250,13,2,1
65041321,3,1130010,65041321,700111104,30,41,3,1
65041331,3,1130011,65041331,700111104,30,42,4,1
65041341,3,1130013,65041341,700111104,40,43,3,1
65041351,3,1130015,65041351,700111105,40,44,3,1
65041352,3,1130015,65041352,700111105,40,44,3,1
65041353,3,1130015,65041353,700111105,30,44,3,1
65041361,3,1130016,65041361,700111105,1,45,3,1
65041363,3,1130016,65041363,700111105,40,45,4,1
65041371,3,1130017,65041371,700111104,1,46,4,1
65041372,3,1130017,65041372,700111104,30,46,3,1
65041411,3,1110001,65041411,700111105,250,13,2,1
65041412,3,1110001,65041412,700111105,255,13,2,1
65041421,3,1130062,65041421,700111105,40,42,2,1
65041422,3,1130010,65041422,700111104,50,41,3,1
65041431,3,1130064,65041431,700111105,40,44,3,1
65041432,3,1130064,65041432,700111105,40,44,3,1
65041433,3,1130064,65041433,700111105,40,44,3,1
65041441,3,1130071,65041441,700111105,40,45,2,1
65041442,3,1130071,65041442,700111105,1,46,3,1
65041443,3,1130071,65041443,700111105,40,45,2,1
65041444,3,1130071,65041444,700111105,1,45,2,1
65041445,3,1130071,65041445,700111105,40,45,2,1
65041446,3,1130164,65041446,700111105,5,45,2,1
65041447,3,1130071,65041447,700111105,40,45,3,1
65041448,3,1130071,65041448,700111105,20,45,3,1
65041451,3,1130063,65041451,700111105,40,43,3,1
65041452,3,1130063,65041452,700111105,60,43,3,1
65041453,3,1130063,65041453,700111105,40,43,3,1
65041454,3,1130063,65041454,700111105,40,43,3,1
65041461,3,1130066,65041461,700111105,35,48,4,1
65041462,3,1130066,65041462,700111105,5,48,6,1
65041463,3,1130066,65041463,700111105,35,48,4,1
65041464,3,1130066,65041464,700111105,3,48,4,1
65041471,3,1130065,65041471,700111105,1,46,4,1
65041472,3,1130065,65041472,700111105,1,46,4,1
65041473,3,1130065,65041473,700111105,1,46,4,1
65041474,3,1130065,65041474,700111105,10,46,4,1
65041475,3,1130065,65041475,700111105,10,46,6,1
65041476,3,1130065,65041476,700111105,9,46,6,1
65041477,3,1130065,65041477,700111105,8,46,6,1
65041478,3,1130065,65041478,700111105,3,46,4,1
65041479,3,1130065,65041479,700111105,2,46,4,1
65041481,3,1130068,65041481,700111105,1,49,4,1
65041482,3,1130068,65041482,700111105,1,49,4,1
65041483,3,1130068,65041483,700111105,3,49,6,1
65041484,3,1130068,65041484,700111105,1,49,6,1
65041485,3,1130068,65041485,700111105,30,49,3,1
65041491,3,1130070,65041491,700111105,1,49,5,1
65041492,3,1130071,65041492,700111105,1,46,3,1
65041493,3,1130065,65041493,700111105,1,46,4,1
65041601,3,1130068,65041601,700111105,90,49,6,1
65041602,3,1130068,65041602,700111105,30,49,6,1
65041611,3,1110001,65041611,700111105,200,13,2,1
65041612,3,1110001,65041612,700111105,200,13,2,1
65041631,3,1130062,65041631,700111105,100,42,2,1
65041632,3,1130062,65041632,700111105,100,42,3,1
65041641,3,1130063,65041641,700111105,110,43,3,1
65041642,3,1130063,65041642,700111105,110,43,4,1
65041651,3,1130064,65041651,700111105,120,44,2,1
65041652,3,1130064,65041652,700111105,150,44,2,1
65041661,3,1130071,65041661,700111105,140,45,2,1
65041662,3,1130071,65041662,700111105,150,45,4,1
65041663,3,1130071,65041663,700111105,50,45,3,1
65041664,3,1130071,65041664,700111105,50,45,3,1
65041671,3,1130065,65041671,700111105,90,46,2,1
65041672,3,1130065,65041672,700111105,140,46,3,1
65041681,3,1130066,65041681,700111105,2,48,6,1
65041682,3,1130066,65041682,700111105,3,48,6,1
65041683,3,1130066,65041683,700111105,4,48,6,1
65041691,3,1130066,65041691,700111105,80,48,4,1
65041692,3,1130070,65041692,700111105,1,49,5,1
65041694,3,1130066,65041694,700111105,25,48,4,1
65041711,3,1110001,65041711,700111104,250,13,2,1
65041721,3,1130010,65041721,700111104,50,41,2,1
65041731,3,1130011,65041731,700111104,45,42,4,1
65041741,3,1130013,65041741,700111104,45,43,3,1
65041751,3,1130015,65041751,700111105,50,44,3,1
65041761,3,1130016,65041761,700111105,30,45,3,1
65041762,3,1130016,65041762,700111105,1,45,4,1
65041773,3,1130017,65041773,700111106,40,46,4,1
65051111,3,1110001,65051111,700111106,250,13,2,1
65051121,3,1130054,65051121,700111106,80,41,3,1
65051131,3,1130055,65051131,700111106,80,42,3,1
65051141,3,1130056,65051141,700111106,80,43,3,1
65051151,3,1130057,65051151,700111106,10,44,4,1
65051152,3,1130057,65051152,700111106,10,44,4,1
65051153,3,1130057,65051153,700111106,10,44,4,1
65051155,3,1130057,65051155,700111106,5,44,6,1
65051156,3,1130057,65051156,700111106,5,44,6,1
65051157,3,1130057,65051157,700111106,40,44,3,1
65051161,3,1130058,65051161,700111106,20,45,3,1
65051162,3,1130058,65051162,700111106,1,45,4,1
65051163,3,1130058,65051163,700111107,1,45,4,1
65051164,3,1130058,65051164,700111106,30,45,4,1
65051171,3,1130059,65051171,700111106,40,46,4,1
65051172,3,1130059,65051172,700111106,40,46,4,1
65051173,3,1130059,65051173,700111106,40,46,4,1
65051174,3,1130059,65051174,700111106,40,46,4,1
65051175,3,1130059,65051175,700111106,30,46,6,1
65051181,3,1130060,65051181,700111106,1,47,5,1
65051183,3,1130060,65051183,700111107,1,47,5,1
65051211,3,1110001,65051211,700111106,250,13,2,1
65051221,3,1130054,65051221,700111106,80,41,3,1
65051231,3,1130055,65051231,700111106,80,42,3,1
65051232,3,1130055,65051232,700111106,1,42,3,1
65051233,3,1130055,65051233,700111106,1,42,4,1
65051241,3,1130056,65051241,700111106,80,43,3,1
65051251,3,1130057,65051251,700111106,10,44,4,1
65051252,3,1130057,65051252,700111106,30,44,6,1
65051261,3,1130058,65051261,700111106,20,45,3,1
65051262,3,1130058,65051262,700111106,20,45,3,1
65051263,3,1130058,65051263,700111106,5,45,3,1
65051264,3,1130058,65051264,700111106,3,45,2,1
65051265,3,1130058,65051265,700111106,2,45,2,1
65051271,3,1130059,65051271,700111106,40,46,4,1
65051272,3,1130059,65051272,700111106,40,46,4,1
65051273,3,1130059,65051273,700111106,20,46,3,1
65051601,3,1130129,65051601,700111106,50,49,4,1
65051602,3,1130129,65051602,700111106,4,49,6,1
65051603,3,1130129,65051603,700111106,3,49,6,1
65051604,3,1130129,65051604,700111106,6,49,5,1
65051605,3,1130129,65051605,700111106,1,49,5,1
65051606,3,1130129,65051606,700111106,1,49,6,1
65051607,3,1130129,65051607,700111106,15,49,4,1
65051611,3,1110001,65051611,700111106,200,13,2,1
65051612,3,1110001,65051612,700111106,100,13,2,1
65051621,3,1130054,65051621,700111106,100,41,2,1
65051622,3,1130054,65051622,700111106,70,41,3,1
65051631,3,1130055,65051631,700111106,120,42,2,1
65051641,3,1130056,65051641,700111106,150,43,2,1
65051642,3,1130056,65051642,700111106,2,43,3,1
65051643,3,1130056,65051643,700111106,50,43,3,1
65051651,3,1130057,65051651,700111106,20,44,6,1
65051652,3,1130057,65051652,700111106,110,44,3,1
65051653,3,1130057,65051653,700111106,45,44,5,1
65051654,3,1130057,65051654,700111106,40,44,4,1
65051655,3,1130057,65051655,700111106,35,44,5,1
65051656,3,1130057,65051656,700111106,35,44,4,1
65051657,3,1130057,65051657,700111106,10,44,5,1
65051661,3,1130058,65051661,700111106,140,45,2,1
65051662,3,1130058,65051662,700111106,5,45,4,1
65051663,3,1130058,65051663,700111106,25,45,3,1
65051664,3,1130058,65051664,700111106,20,45,4,1
65051665,3,1130058,65051665,700111106,25,45,3,1
65051666,3,1130058,65051666,700111106,25,45,3,1
65051667,3,1130058,65051667,700111106,5,45,3,1
65051681,3,1130130,65051681,700111106,2,47,4,1
65051682,3,1130130,65051682,700111106,30,47,3,1
65051691,3,1130128,65051691,700111106,80,48,2,1
65051692,3,1130128,65051692,700111106,60,48,4,1
65051811,3,1110001,65051811,700110308,255,13,2,1
65051821,3,1130054,65051821,700110308,50,41,2,1
65051831,3,1130055,65051831,700110308,60,42,3,1
65051841,3,1130058,65051841,700110309,40,45,2,1
65051851,3,1130130,65051851,700111106,1,47,4,1
65051852,3,1130130,65051852,700111106,1,47,4,1
65051861,3,1130057,65051861,700110308,10,44,4,1
65051862,3,1130057,65051862,700110308,30,44,3,1
65051871,3,1130128,65051871,700110309,5,48,6,1
65051872,3,1130128,65051872,700110309,20,48,4,1
65051873,3,1130128,65051873,700110309,25,48,4,1
65051881,3,1130129,65051881,700110308,3,49,6,1
65051882,3,1130129,65051882,700110308,1,49,6,1
65051883,3,1130129,65051883,700110308,2,49,6,1
65091111,3,1130003,65091111,700111102,250,13,2,1
65091121,3,1130005,65091121,700111102,50,41,2,1
65091131,3,1130006,65091131,700111102,40,42,3,1
65091142,3,1130036,65091142,700111102,45,43,3,1
65091152,3,1130105,65091152,700111102,35,44,3,1
65091161,3,1130104,65091161,700111102,2,45,3,1
65091162,3,1130104,65091162,700111102,30,45,4,1
65091163,3,1130104,65091163,0,10,45,6,1
65091164,3,1130104,65091164,0,20,45,6,1
65091171,3,1130103,65091171,700111102,40,46,4,1
65091172,3,1130103,65091172,700111102,30,46,4,1
65091173,3,1130103,65091173,700111102,20,46,4,1
65091174,3,1130103,65091174,700111102,2,46,5,1
65091175,3,1130103,65091175,700111102,35,46,4,1
65091631,3,1130006,65091631,0,2,42,5,1
65091632,3,1130006,65091632,0,2,42,5,1
65091651,3,1130148,65091651,0,30,44,4,1
65091652,3,1130148,65091652,0,1,44,4,1
65091661,3,1130153,65091661,0,45,44,3,1
65091662,3,1130153,65091662,0,1,44,3,1
65091681,3,1130151,65091681,0,50,48,6,1
65091682,3,1130151,65091682,0,5,48,6,1
65101111,3,1130003,65101111,0,250,13,2,1
65101121,3,1130092,65101121,0,100,41,2,1
65101131,3,1130120,65101131,0,110,42,2,1
65101132,3,1130120,65101132,700111106,50,42,4,1
65101141,3,1130088,65101141,0,110,43,3,1
65101142,3,1130088,65101142,0,110,43,3,1
65101143,3,1130088,65101143,700111106,60,43,3,1
65101151,3,1130121,65101151,0,150,44,2,1
65101171,3,1130122,65101171,0,20,46,3,1
65101431,3,1130088,65101431,0,30,43,3,1
65101432,3,1130088,65101432,0,20,43,4,1
65101433,3,1130088,65101433,0,15,43,4,1
65101441,3,1130120,65101441,0,35,42,4,1
65101451,3,1130096,65101451,0,10,45,6,1
65101461,3,1110268,65101461,0,50,42,3,1
65101462,3,1110268,65101462,0,20,42,4,1
65101471,3,1130121,65101471,0,20,44,3,1
65101472,3,1130121,65101472,0,35,44,3,1
65101481,3,1110267,65101481,0,2,48,4,1
68101119,3,1110001,101011,700110101,250,13,2,1
68101129,3,1110001,101011,700110101,70,41,3,1
68101139,3,1110001,101011,700110101,50,42,9,1
68101149,3,1110001,101011,700110101,30,43,2,1
68101159,3,1110001,101011,700110101,80,44,10,1
68101167,3,1110001,101011,700110101,17,45,4,1
68101168,3,1110001,101011,700110101,16,45,4,1
68101169,3,1110001,101011,700110101,15,45,4,1
68101179,3,1110001,101011,700110101,250,46,2,1
68101188,3,1110001,101011,700110101,10,47,5,1
68101189,3,1110001,101011,700110101,5,47,5,1
68101199,3,1110001,101011,700110101,250,48,2,1
900000001,2,1,101011,0,1,0,1,1
900000002,2,1,101011,0,1,0,1,1
900000003,2,1,101011,0,1,0,1,1
900000004,2,1,101011,0,1,0,1,1
900000005,2,1,101011,0,1,0,1,1
900000006,2,1,101011,0,1,0,1,1
900000007,2,1,101011,0,1,0,1,1
900000008,2,1,101011,0,1,0,1,1
900000009,2,1,101011,0,1,0,1,1
900000010,2,1,101011,0,1,0,1,1
900000011,2,1,101011,0,1,0,1,1
900000012,2,1,101011,0,1,0,1,1
900000013,2,1,101011,0,1,0,1,1
900000014,2,1,101011,0,1,0,1,1
900000015,2,1,101011,0,1,0,1,1
900000016,2,1,101011,0,1,0,1,1
900000017,2,1,101011,0,1,0,1,1
900000018,2,1,101011,0,1,0,1,1
900000019,2,1,101011,0,1,0,1,1
900000020,2,1,101011,0,1,0,1,1
900000021,2,1,101011,0,1,0,1,1
900000022,2,1,101011,0,1,0,1,1
900000023,2,1,101011,0,1,0,1,1
900000024,2,1,101011,0,1,0,1,1
900000025,2,1,101011,0,1,0,1,1
900000026,2,1,101011,0,1,0,1,1
900000027,2,1,101011,0,1,0,1,1
900000028,2,1,101011,0,1,0,1,1
900000029,2,1,101011,0,1,0,1,1
900000030,2,1,101011,0,1,0,1,1
900000031,2,1,101011,0,1,0,1,1
900000032,2,1,101011,0,1,0,1,1
900000033,2,1,101011,0,1,0,1,1
900000034,2,1,101011,0,1,0,1,1
900000035,2,1,101011,0,1,0,1,1
900000036,2,1,101011,0,1,0,1,1
900000037,2,1,101011,0,1,0,1,1
900000038,2,1,101011,0,1,0,1,1
900000039,2,1,101011,0,1,0,1,1
900000040,2,1,101011,0,1,0,1,1
900000041,2,1,101011,0,1,0,1,1
900000042,2,1,101011,0,1,0,1,1
900000043,2,1,101011,0,1,0,1,1
900000044,2,1,101011,0,1,0,1,1
900000045,2,1,101011,0,1,0,1,1
900000046,2,1,101011,0,1,0,1,1
900000047,2,1,101011,0,1,0,1,1
900000048,2,1,101011,0,1,0,1,1
900000049,2,1,101011,0,1,0,1,1
900000050,2,1,101011,0,1,0,1,1
900000051,2,1,101011,0,1,0,1,1
900000052,2,1,101011,0,1,0,1,1
900000053,2,1,101011,0,1,0,1,1
900000054,2,1,101011,0,1,0,1,1
900000055,2,1,101011,0,1,0,1,1
900000056,2,1,101011,0,1,0,1,1
900000057,2,1,101011,0,1,0,1,1
900000058,2,1,101011,0,1,0,1,1
900000059,2,1,101011,0,1,0,1,1
900000060,2,1,101011,0,1,0,1,1
900000061,2,1,101011,0,1,0,1,1
900000062,2,1,101011,0,1,0,1,1
900000063,2,1,101011,0,1,0,1,1
900000064,2,1,101011,0,1,0,1,1
900000065,2,1,101011,0,1,0,1,1
900000066,2,1,101011,0,1,0,1,1
900000067,2,1,101011,0,1,0,1,1
900000068,2,1,101011,0,1,0,1,1
900000069,2,1,101011,0,1,0,1,1
900000070,2,1,101011,0,1,0,1,1
900000071,2,1,101011,0,1,0,1,1
900000072,2,1,101011,0,1,0,1,1
900000073,2,1,101011,0,1,0,1,1
900000074,2,1,101011,0,1,0,1,1
900000075,2,1,101011,0,1,0,1,1
900000076,2,1,101011,0,1,0,1,1
900000077,2,1,101011,0,1,0,1,1
900000078,2,1,101011,0,1,0,1,1
900000079,2,1,101011,0,1,0,1,1
900000080,2,1,101011,0,1,0,1,1
900000081,2,1,101011,0,1,0,1,1
900000082,2,1,101011,0,1,0,1,1
900000083,2,1,101011,0,1,0,1,1
900000084,2,1,101011,0,1,0,1,1
900000085,2,1,101011,0,1,0,1,1
900000086,2,1,101011,0,1,0,1,1
900000087,2,1,101011,0,1,0,1,1
900000088,2,1,101011,0,1,0,1,1
900000089,2,1,101011,0,1,0,1,1
900000090,2,1,101011,0,1,0,1,1
900000091,2,1,101011,0,1,0,1,1
900000092,2,1,101011,0,1,0,1,1
900000093,2,1,101011,0,1,0,1,1
900000094,2,1,101011,0,1,0,1,1
900000095,2,1,101011,0,1,0,1,1
900000096,2,1,101011,0,1,0,1,1
900000097,2,1,101011,0,1,0,1,1
900000098,2,1,101011,0,1,0,1,1
900000099,2,1,101011,0,1,0,1,1
900000100,2,1,101011,0,1,0,1,1
900000101,2,1,101011,0,1,0,1,1
900000102,2,1,101011,0,1,0,1,1
900000103,2,1,101011,0,1,0,1,1
900000104,2,1,101011,0,1,0,1,1
900000105,2,1,101011,0,1,0,1,1
900000106,2,1,101011,0,1,0,1,1
900000107,2,1,101011,0,1,0,1,1
900000108,2,1,101011,0,1,0,1,1
900000109,2,1,101011,0,1,0,1,1
900000110,2,1,101011,0,1,0,1,1
900000111,2,1,101011,0,1,0,1,1
900000112,2,1,101011,0,1,0,1,1
900000113,2,1,101011,0,1,0,1,1
900000114,2,1,101011,0,1,0,1,1
900000115,2,1,101011,0,1,0,1,1
900000116,2,1,101011,0,1,0,1,1
900000117,2,1,101011,0,1,0,1,1
900000118,2,1,101011,0,1,0,1,1
900000119,2,1,101011,0,1,0,1,1
900000120,2,1,101011,0,1,0,1,1
900000121,2,1,101011,0,1,0,1,1
900000122,2,1,101011,0,1,0,1,1
900000123,2,1,101011,0,1,0,1,1
900000124,2,1,101011,0,1,0,1,1
900000125,2,1,101011,0,1,0,1,1
900000126,2,1,101011,0,1,0,1,1
900000127,2,1,101011,0,1,0,1,1
900000128,2,1,101011,0,1,0,1,1
900000129,2,1,101011,0,1,0,1,1
900000130,2,1,101011,0,1,0,1,1
900000131,2,1,101011,0,1,0,1,1
900000132,2,1,101011,0,1,0,1,1
900000133,2,1,101011,0,1,0,1,1
900000134,2,1,101011,0,1,0,1,1
900000135,2,1,101011,0,1,0,1,1
900000136,2,1,101011,0,1,0,1,1
900000137,2,1,101011,0,1,0,1,1
900000138,2,1,101011,0,1,0,1,1
900000139,2,1,101011,0,1,0,1,1
900000140,2,1,101011,0,1,0,1,1
900000141,2,1,101011,0,1,0,1,1
900000142,2,1,101011,0,1,0,1,1
900000143,2,1,101011,0,1,0,1,1
900000144,2,1,101011,0,1,0,1,1
900000145,2,1,101011,0,1,0,1,1
900000146,2,1,101011,0,1,0,1,1
900000147,2,1,101011,0,1,0,1,1
900000148,2,1,101011,0,1,0,1,1
900000149,2,1,101011,0,1,0,1,1
900000150,2,1,101011,0,1,0,1,1
900000151,2,1,101011,0,1,0,1,1
900000152,2,1,101011,0,1,0,1,1
900000153,2,1,101011,0,1,0,1,1
900000158,2,1,101011,0,1,0,1,1
900000159,2,1,101011,0,1,0,1,1
900000160,2,1,101011,0,1,0,1,1
900000161,2,1,101011,0,1,0,1,1
910000001,2,1,101011,0,1,0,1,1
910000002,2,1,101011,0,1,0,1,1
910000003,2,1,101011,0,1,0,1,1
910000004,2,1,101011,0,1,0,1,1
910000005,2,1,101011,0,1,0,1,1
910000006,2,1,101011,0,1,0,1,1
910000007,2,1,101011,0,1,0,1,1
910000008,2,1,101011,0,1,0,1,1
910000009,2,1,101011,0,1,0,1,1
910000010,2,1,101011,0,1,0,1,1
910000011,2,1,101011,0,1,0,1,1
910000012,2,1,101011,0,1,0,1,1
910000013,2,1,101011,0,1,0,1,1
910000014,2,1,101011,0,1,0,1,1
910000015,2,1,101011,0,1,0,1,1
910000016,2,1,101011,0,1,0,1,1
910000017,2,1,101011,0,1,0,1,1
910000018,2,1,101011,0,1,0,1,1
910000019,2,1,101011,0,1,0,1,1
910000020,2,1,101011,0,1,0,1,1
910000021,2,1,101011,0,1,0,1,1
910000022,2,1,101011,0,1,0,1,1
910000023,2,1,101011,0,1,0,1,1
910000024,2,1,101011,0,1,0,1,1
910000025,2,1,101011,0,1,0,1,1
910000026,2,1,101011,0,1,0,1,1
910000027,2,1,101011,0,1,0,1,1
910000028,2,1,101011,0,1,0,1,1
910000029,2,1,101011,0,1,0,1,1
910000030,2,1,101011,0,1,0,1,1
910000031,2,1,101011,0,1,0,1,1
910000032,2,1,101011,0,1,0,1,1
910000033,2,1,101011,0,1,0,1,1
910000034,2,1,101011,0,1,0,1,1
910000035,2,1,101011,0,1,0,1,1
910000036,2,1,101011,0,1,0,1,1
910000037,2,1,101011,0,1,0,1,1
910000038,2,1,101011,0,1,0,1,1
910000039,2,1,101011,0,1,0,1,1
910000040,2,1,101011,0,1,0,1,1
910000041,2,1,101011,0,1,0,1,1
910000042,2,1,101011,0,1,0,1,1
910000043,2,1,101011,0,1,0,1,1
910000044,2,1,101011,0,1,0,1,1
910000045,2,1,101011,0,1,0,1,1
910000046,2,1,101011,0,1,0,1,1
910000047,2,1,101011,0,1,0,1,1
910000048,2,1,101011,0,1,0,1,1
910000049,2,1,101011,0,1,0,1,1
910000050,2,1,101011,0,1,0,1,1
910000051,2,1,101011,0,1,0,1,1
910000052,2,1,101011,0,1,0,1,1
910000053,2,1,101011,0,1,0,1,1
910000054,2,1,101011,0,1,0,1,1
910000055,2,1,101011,0,1,0,1,1
910000056,2,1,101011,0,1,0,1,1
910000057,2,1,101011,0,1,0,1,1
910000058,2,1,101011,0,1,0,1,1
910000059,2,1,101011,0,1,0,1,1
910000060,2,1,101011,0,1,0,1,1
910000061,2,1,101011,0,1,0,1,1
910000062,2,1,101011,0,1,0,1,1
910000063,2,1,101011,0,1,0,1,1
910000064,2,1,101011,0,1,0,1,1
910000065,2,1,101011,0,1,0,1,1
910000066,2,1,101011,0,1,0,1,1
910000067,2,1,101011,0,1,0,1,1
910000068,2,1,101011,0,1,0,1,1
910000069,2,1,101011,0,1,0,1,1
910000070,2,1,101011,0,1,0,1,1
910000071,2,1,101011,0,1,0,1,1
910000072,2,1,101011,0,1,0,1,1
910000073,2,1,101011,0,1,0,1,1
910000074,2,1,101011,0,1,0,1,1
910000075,2,1,101011,0,1,0,1,1
910000076,2,1,101011,0,1,0,1,1
910000077,2,1,101011,0,1,0,1,1
910000078,2,1,101011,0,1,0,1,1
910000079,2,1,101011,0,1,0,1,1
910000080,2,1,101011,0,1,0,1,1
910000081,2,1,101011,0,1,0,1,1
910000082,2,1,101011,0,1,0,1,1
