id,active_skill_group_id,mp,min_cast_time,max_cast_time,min_cool_time,max_cool_time,initial_min_cool_time,initial_max_cool_time,meta_tag_id_1,meta_tag_id_2,meta_tag_id_3
1,1,0,2,2,2,5,0,0,0,0,0
2,2,0,2,2,2,5,0,0,0,0,0
3,3,0,2,2,2,5,0,0,0,0,0
4,4,0,2,2,2,5,0,0,0,0,0
5,5,0,0.5,1.5,2,5,0,0,0,0,0
6,6,0,0.5,1.5,2,5,0,0,0,0,0
7,7,0,0.5,1.5,2,5,0,0,0,0,0
8,8,0,0.5,1.5,2,5,0,0,0,0,0
9,9,0,0.5,1.5,2,5,0,0,0,0,0
10,10,0,1,1,2,5,0,0,0,0,0
11,11,0,2,2,2,5,0,0,0,0,0
12,12,0,2,2,2,5,0,0,0,0,0
15,15,0,0,0,1.5,3,0,0,0,0,0
16,16,0,0.5,1,1.5,3,0,0,0,0,0
17,17,0,0.5,1,1.5,3,0,0,0,0,0
18,18,0,0.5,1,1.5,3,0,0,0,0,0
23,23,0,0.5,1,1.5,3,0,0,0,0,0
24,24,0,0.5,1,1.5,3,0,0,0,0,0
25,25,0,0.5,1,1.5,3,0,0,0,0,0
26,26,0,0.5,1,1.5,3,0,0,0,0,0
27,27,0,0.5,1,1.5,3,0,0,0,0,0
28,28,0,0.5,1,1.5,3,0,0,0,0,0
29,29,0,0.5,1,1.5,3,0,0,0,0,0
50,50,0,1,1,1.5,3,0,0,0,0,0
51,51,0,1,1,1.5,3,0,0,0,0,0
52,52,0,1,1,1.5,3,0,0,0,0,0
53,52,0,1,1,1.5,3,0,0,0,0,0
54,52,0,1,1,1.5,3,0,0,0,0,0
55,52,0,1,1,1.5,3,0,0,0,0,0
56,52,0,1,1,1.5,3,0,0,0,0,0
57,52,0,1,1,1.5,3,0,0,0,0,0
58,52,0,1,1,1.5,3,0,0,0,0,0
59,59,0,3,3,10,20,0,0,0,0,0
60,60,0,3,3,10,20,0,0,0,0,0
61,61,0,3,3,10,20,0,0,0,0,0
62,62,0,3,3,10,20,0,0,0,0,0
70,254,0,0,0,0,0,0,0,0,0,0
71,71,0,2,2,0,0,0,0,0,0,0
360,360,0,0,0,15,15,0,0,0,0,0
361,361,0,2,2,15,15,0,0,0,0,0
362,362,0,2,2,15,15,0,0,0,0,0
363,363,0,2,2,15,15,0,0,0,0,0
364,364,0,0,0,15,15,0,0,0,0,0
365,365,0,2,2,15,15,0,0,0,0,0
366,366,0,2,2,15,15,0,0,0,0,0
367,367,0,2,2,15,15,0,0,0,0,0
504,504,0,2,2,45,45,0,0,0,0,0
505,505,0,2,2,45,45,0,0,0,0,0
539,539,0,0,0,15,15,0,0,0,0,0
540,540,0,2,2,45,45,0,0,0,0,0
541,541,0,2,2,45,45,0,0,0,0,0
542,542,0,2,2,45,45,0,0,0,0,0
543,543,0,2,2,45,45,0,0,0,0,0
544,544,0,2,2,45,45,0,0,0,0,0
545,545,0,2,2,45,45,0,0,0,0,0
546,546,0,2,2,45,45,0,0,0,0,0
547,547,0,2,2,45,45,0,0,0,0,0
548,548,0,2,2,45,45,0,0,0,0,0
552,552,0,0,0,15,15,0,0,0,0,0
553,553,0,2,2,45,45,0,0,0,0,0
554,554,0,2,2,45,45,0,0,0,0,0
555,555,0,2,2,45,45,0,0,0,0,0
556,556,0,2,2,45,45,0,0,0,0,0
557,557,0,2,2,45,45,0,0,0,0,0
558,558,0,2,2,45,45,0,0,0,0,0
559,559,0,2,2,45,45,0,0,0,0,0
560,560,0,2,2,45,45,0,0,0,0,0
591,591,0,0,0,15,15,0,0,0,0,0
592,592,0,2,2,45,45,0,0,0,0,0
593,593,0,2,2,45,45,0,0,0,0,0
604,604,0,0,0,15,15,0,0,0,0,0
605,605,0,2,2,45,45,0,0,0,0,0
606,606,0,2,2,45,45,0,0,0,0,0
630,630,0,0,0,30,30,0,0,0,0,0
631,631,0,2,2,30,30,0,0,0,0,0
632,632,0,2,2,30,30,0,0,0,0,0
633,633,0,2,2,30,30,0,0,0,0,0
637,637,0,2,2,10,10,0,0,0,0,0
638,638,0,2,2,10,10,0,0,0,0,0
639,639,0,2,2,10,10,0,0,0,0,0
640,640,0,2,2,10,10,0,0,0,0,0
641,641,0,2,2,10,10,0,0,0,0,0
642,642,0,2,2,10,10,0,0,0,0,0
643,643,0,2,2,10,10,0,0,0,0,0
644,644,0,2,2,10,10,0,0,0,0,0
645,645,0,2,2,10,10,0,0,0,0,0
646,646,0,2,2,10,10,0,0,0,0,0
647,647,0,2,2,10,10,0,0,0,0,0
648,648,0,2,2,10,10,0,0,0,0,0
649,649,0,2,2,10,10,0,0,0,0,0
650,650,0,2,2,10,10,0,0,0,0,0
651,651,0,2,2,10,10,0,0,0,0,0
652,652,0,2,2,10,10,0,0,0,0,0
653,653,0,2,2,10,10,0,0,0,0,0
654,654,0,2,2,10,10,0,0,0,0,0
655,655,0,2,2,10,10,0,0,0,0,0
656,656,0,2,2,10,10,0,0,0,0,0
657,657,0,2,2,10,10,0,0,0,0,0
671,671,0,1,2,15,30,0,0,0,0,0
684,684,0,0,3,20,20,0,0,0,0,0
685,685,0,0,2,10,10,0,0,0,0,0
686,686,0,0,2,10,10,0,0,0,0,0
687,687,0,0,2,10,10,0,0,0,0,0
688,688,0,0,2,10,10,0,0,0,0,0
689,689,0,0,2,10,10,0,0,0,0,0
690,690,0,0,2,10,10,0,0,0,0,0
691,691,0,0,2,10,10,0,0,0,0,0
692,692,0,0,2,10,10,0,0,0,0,0
693,693,0,0,2,10,10,0,0,0,0,0
694,694,0,0,2,10,10,0,0,0,0,0
695,695,0,0,2,10,10,0,0,0,0,0
696,696,0,0,2,10,10,0,0,0,0,0
697,697,0,0,2,10,10,0,0,0,0,0
698,698,0,0,2,10,10,0,0,0,0,0
699,699,0,0,2,10,10,0,0,0,0,0
700,700,0,0,2,10,10,0,0,0,0,0
701,701,0,0,2,10,10,0,0,0,0,0
702,702,0,0,2,10,10,0,0,0,0,0
703,703,0,0,2,10,10,0,0,0,0,0
704,704,0,0,2,10,10,0,0,0,0,0
705,705,0,0,2,10,10,0,0,0,0,0
706,706,0,0,2,10,10,0,0,0,0,0
707,707,0,0,2,10,10,0,0,0,0,0
708,708,0,0,2,10,10,0,0,0,0,0
709,709,0,0,2,10,10,0,0,0,0,0
710,710,0,0,2,10,10,0,0,0,0,0
711,711,0,0,2,10,10,0,0,0,0,0
712,712,0,0,2,10,10,0,0,0,0,0
713,713,0,0,2,10,10,0,0,0,0,0
714,714,0,0,2,10,10,0,0,0,0,0
715,715,0,0,2,10,20,0,0,0,0,0
716,716,0,0,2,10,20,0,0,0,0,0
717,717,0,0,2,10,20,0,0,0,0,0
718,718,0,0,2,10,20,0,0,0,0,0
719,719,0,0,2,10,20,0,0,0,0,0
720,720,0,0,2,10,20,0,0,0,0,0
721,721,0,0,2,10,10,0,0,0,0,0
722,722,0,0,2,10,10,0,0,0,0,0
723,723,0,0,2,10,10,0,0,0,0,0
724,724,0,0,2,10,10,0,0,0,0,0
725,725,0,0,2,10,10,0,0,0,0,0
726,726,0,0,2,10,10,0,0,0,0,0
727,727,0,0,3,0,60,0,30,0,0,0
728,728,0,0,2,10,10,0,0,0,0,0
729,729,0,0,2,10,10,0,0,0,0,0
730,730,0,0,2,10,10,0,0,0,0,0
731,731,0,0,2,10,10,0,0,0,0,0
732,732,0,0,0,2,4,0,0,0,0,0
800,800,0,0,0,0,40,0,0,0,0,0
801,801,0,0,0,0,40,0,0,0,0,0
802,802,0,0,0,0,40,0,0,0,0,0
803,803,0,0,0,0,40,0,0,0,0,0
10000101,100001,0,0,0,3.5,3.5,0,0,0,0,0
10000201,100002,0,0,0,3.5,3.5,0,0,0,0,0
10000301,100003,0,0,0,3.5,3.5,0,0,0,0,0
10101101,101011,0,0,2,0,60,0,30,1001,0,0
10101102,101011,0,0,1.93,0,58,0,29,1001,0,0
10101103,101011,0,0,1.87,0,56,0,28,1001,0,0
10101104,101011,0,0,1.8,0,54,0,27,1001,0,0
10101105,101011,0,0,1.73,0,52,0,26,1001,0,0
10101106,101011,0,0,1.67,0,50,0,25,1001,0,0
10101107,101011,0,0,1.6,0,48,0,24,1001,0,0
10101108,101011,0,0,1.53,0,46,0,23,1001,0,0
10101109,101011,0,0,1.47,0,44,0,22,1001,0,0
10101110,101011,0,0,1.4,0,42,0,21,1001,0,0
10101201,101012,0,0,1.5,0,30,0,0,1001,3001,0
10101202,101012,0,0,1.5,0,29,0,0,1001,3001,0
10101203,101012,0,0,1.5,0,28,0,0,1001,3001,0
10101204,101012,0,0,1.5,0,27,0,0,1001,3001,0
10101205,101012,0,0,1.5,0,26,0,0,1001,3001,0
10101206,101012,0,0,1.5,0,25,0,0,1001,3001,0
10101207,101012,0,0,1.5,0,24,0,0,1001,3001,0
10101208,101012,0,0,1.5,0,23,0,0,1001,3001,0
10101209,101012,0,0,1.5,0,22,0,0,1001,3001,0
10101210,101012,0,0,1.5,0,21,0,0,1001,3001,0
10101301,101013,0,0,1.5,0,45,0,0,3001,0,0
10101302,101013,0,0,1.5,0,43.89,0,0,3001,0,0
10101303,101013,0,0,1.5,0,42.78,0,0,3001,0,0
10101304,101013,0,0,1.5,0,41.67,0,0,3001,0,0
10101305,101013,0,0,1.5,0,40.56,0,0,3001,0,0
10101306,101013,0,0,1.5,0,39.44,0,0,3001,0,0
10101307,101013,0,0,1.5,0,38.33,0,0,3001,0,0
10101308,101013,0,0,1.5,0,37.22,0,0,3001,0,0
10101309,101013,0,0,1.5,0,36.11,0,0,3001,0,0
10101310,101013,0,0,1.5,0,35,0,0,3001,0,0
10102101,101021,0,0,2.5,0,60,0,30,3001,0,0
10102102,101021,0,0,2.5,0,59.67,0,29.84,3001,0,0
10102103,101021,0,0,2.5,0,59.33,0,29.67,3001,0,0
10102104,101021,0,0,2.5,0,59,0,29.5,3001,0,0
10102105,101021,0,0,2.5,0,58.67,0,29.34,3001,0,0
10102106,101021,0,0,2.5,0,58.33,0,29.17,3001,0,0
10102107,101021,0,0,2.5,0,58,0,29,3001,0,0
10102108,101021,0,0,2.5,0,57.67,0,28.84,3001,0,0
10102109,101021,0,0,2.5,0,57.33,0,28.67,3001,0,0
10102110,101021,0,0,2.5,0,57,0,28.5,3001,0,0
10102201,101022,0,0,0,0,30,0,0,1001,2003,0
10102202,101022,0,0,0,0,30,0,0,1001,2003,0
10102203,101022,0,0,0,0,30,0,0,1001,2003,0
10102204,101022,0,0,0,0,30,0,0,1001,2003,0
10102205,101022,0,0,0,0,30,0,0,1001,2003,0
10102206,101022,0,0,0,0,30,0,0,1001,2003,0
10102207,101022,0,0,0,0,30,0,0,1001,2003,0
10102208,101022,0,0,0,0,30,0,0,1001,2003,0
10102209,101022,0,0,0,0,30,0,0,1001,2003,0
10102210,101022,0,0,0,0,30,0,0,1001,2003,0
10102301,101023,0,0,2.4,0,30,0,0,1002,0,0
10102302,101023,0,0,2.3,0,29,0,0,1002,0,0
10102303,101023,0,0,2.2,0,28,0,0,1002,0,0
10102304,101023,0,0,2.1,0,27,0,0,1002,0,0
10102305,101023,0,0,2,0,26,0,0,1002,0,0
10102306,101023,0,0,1.9,0,25,0,0,1002,0,0
10102307,101023,0,0,1.8,0,24,0,0,1002,0,0
10102308,101023,0,0,1.7,0,23,0,0,1002,0,0
10102309,101023,0,0,1.6,0,22,0,0,1002,0,0
10102310,101023,0,0,1.5,0,21,0,0,1002,0,0
10104101,101041,0,0,1.5,0,60,0,30,1001,4001,0
10104102,101041,0,0,1.5,0,58.89,0,29.45,1001,4001,0
10104103,101041,0,0,1.5,0,57.78,0,28.89,1001,4001,0
10104104,101041,0,0,1.5,0,56.67,0,28.34,1001,4001,0
10104105,101041,0,0,1.5,0,55.56,0,27.78,1001,4001,0
10104106,101041,0,0,1.5,0,54.44,0,27.22,1001,4001,0
10104107,101041,0,0,1.5,0,53.33,0,26.67,1001,4001,0
10104108,101041,0,0,1.5,0,52.22,0,26.11,1001,4001,0
10104109,101041,0,0,1.5,0,51.11,0,25.56,1001,4001,0
10104110,101041,0,0,1.5,0,50,0,25,1001,4001,0
10104201,101042,0,0,2.4,0,30,0,0,1001,2003,0
10104202,101042,0,0,2.4,0,30,0,0,1001,2003,0
10104203,101042,0,0,2.4,0,30,0,0,1001,2003,0
10104204,101042,0,0,2.4,0,30,0,0,1001,2003,0
10104205,101042,0,0,2.4,0,30,0,0,1001,2003,0
10104206,101042,0,0,2.4,0,30,0,0,1001,2003,0
10104207,101042,0,0,2.4,0,30,0,0,1001,2003,0
10104208,101042,0,0,2.4,0,30,0,0,1001,2003,0
10104209,101042,0,0,2.4,0,30,0,0,1001,2003,0
10104210,101042,0,0,2.4,0,30,0,0,1001,2003,0
10104301,101043,0,0,2.4,0,25,0,0,1001,0,0
10104302,101043,0,0,2.4,0,25,0,0,1001,0,0
10104303,101043,0,0,2.4,0,25,0,0,1001,0,0
10104304,101043,0,0,2.4,0,25,0,0,1001,0,0
10104305,101043,0,0,2.4,0,25,0,0,1001,0,0
10104306,101043,0,0,2.4,0,25,0,0,1001,0,0
10104307,101043,0,0,2.4,0,25,0,0,1001,0,0
10104308,101043,0,0,2.4,0,25,0,0,1001,0,0
10104309,101043,0,0,2.4,0,25,0,0,1001,0,0
10104310,101043,0,0,2.4,0,25,0,0,1001,0,0
10105101,101051,0,0,1,0,50,0,25,1001,0,0
10105102,101051,0,0,1,0,48.33,0,24.17,1001,0,0
10105103,101051,0,0,1,0,46.67,0,23.34,1001,0,0
10105104,101051,0,0,1,0,45,0,22.5,1001,0,0
10105105,101051,0,0,1,0,43.33,0,21.67,1001,0,0
10105106,101051,0,0,1,0,41.67,0,20.84,1001,0,0
10105107,101051,0,0,1,0,40,0,20,1001,0,0
10105108,101051,0,0,1,0,38.33,0,19.17,1001,0,0
10105109,101051,0,0,1,0,36.67,0,18.34,1001,0,0
10105110,101051,0,0,1,0,35,0,17.5,1001,0,0
10105201,101052,0,0,1.5,0,30,0,0,1001,4001,0
10105202,101052,0,0,1.5,0,30,0,0,1001,4001,0
10105203,101052,0,0,1.5,0,30,0,0,1001,4001,0
10105204,101052,0,0,1.5,0,30,0,0,1001,4001,0
10105205,101052,0,0,1.5,0,30,0,0,1001,4001,0
10105206,101052,0,0,1.5,0,30,0,0,1001,4001,0
10105207,101052,0,0,1.5,0,30,0,0,1001,4001,0
10105208,101052,0,0,1.5,0,30,0,0,1001,4001,0
10105209,101052,0,0,1.5,0,30,0,0,1001,4001,0
10105210,101052,0,0,1.5,0,30,0,0,1001,4001,0
10105301,101053,0,0,1.5,0,45,0,0,3001,0,0
10105302,101053,0,0,1.5,0,43.5,0,0,3001,0,0
10105303,101053,0,0,1.5,0,42,0,0,3001,0,0
10105304,101053,0,0,1.5,0,40.5,0,0,3001,0,0
10105305,101053,0,0,1.5,0,39,0,0,3001,0,0
10105306,101053,0,0,1.5,0,37.5,0,0,3001,0,0
10105307,101053,0,0,1.5,0,36,0,0,3001,0,0
10105308,101053,0,0,1.5,0,34.5,0,0,3001,0,0
10105309,101053,0,0,1.5,0,33,0,0,3001,0,0
10105310,101053,0,0,1.5,0,31.5,0,0,3001,0,0
10106101,101061,0,0,1,0,45,0,22.5,1001,0,0
10106102,101061,0,0,1,0,43.5,0,21.75,1001,0,0
10106103,101061,0,0,1,0,42,0,21,1001,0,0
10106104,101061,0,0,1,0,40.5,0,20.25,1001,0,0
10106105,101061,0,0,1,0,39,0,19.5,1001,0,0
10106106,101061,0,0,1,0,37.5,0,18.75,1001,0,0
10106107,101061,0,0,1,0,36,0,18,1001,0,0
10106108,101061,0,0,1,0,34.5,0,17.25,1001,0,0
10106109,101061,0,0,1,0,33,0,16.5,1001,0,0
10106110,101061,0,0,1,0,31.5,0,15.75,1001,0,0
10106201,101062,0,0,1,0,30,0,0,1002,2003,0
10106202,101062,0,0,1,0,29,0,0,1002,2003,0
10106203,101062,0,0,1,0,28,0,0,1002,2003,0
10106204,101062,0,0,1,0,27,0,0,1002,2003,0
10106205,101062,0,0,1,0,26,0,0,1002,2003,0
10106206,101062,0,0,1,0,25,0,0,1002,2003,0
10106207,101062,0,0,1,0,24,0,0,1002,2003,0
10106208,101062,0,0,1,0,23,0,0,1002,2003,0
10106209,101062,0,0,1,0,22,0,0,1002,2003,0
10106210,101062,0,0,1,0,21,0,0,1002,2003,0
10106301,101063,0,0,1,0,20,0,0,5002,5006,0
10106302,101063,0,0,1,0,20,0,0,5002,5006,0
10106303,101063,0,0,1,0,20,0,0,5002,5006,0
10106304,101063,0,0,1,0,20,0,0,5002,5006,0
10106305,101063,0,0,1,0,20,0,0,5002,5006,0
10106306,101063,0,0,1,0,20,0,0,5002,5006,0
10106307,101063,0,0,1,0,20,0,0,5002,5006,0
10106308,101063,0,0,1,0,20,0,0,5002,5006,0
10106309,101063,0,0,1,0,20,0,0,5002,5006,0
10106310,101063,0,0,1,0,20,0,0,5002,5006,0
10107101,101071,0,0,2.4,0,45,0,22.5,5003,0,0
10107102,101071,0,0,2.4,0,43.89,0,21.95,5003,0,0
10107103,101071,0,0,2.4,0,42.78,0,21.39,5003,0,0
10107104,101071,0,0,2.4,0,41.67,0,20.84,5003,0,0
10107105,101071,0,0,2.4,0,40.56,0,20.28,5003,0,0
10107106,101071,0,0,2.4,0,39.44,0,19.72,5003,0,0
10107107,101071,0,0,2.4,0,38.33,0,19.17,5003,0,0
10107108,101071,0,0,2.4,0,37.22,0,18.61,5003,0,0
10107109,101071,0,0,2.4,0,36.11,0,18.06,5003,0,0
10107110,101071,0,0,2.4,0,35,0,17.5,5003,0,0
10107201,101072,0,0,1.5,0,10,0,0,1001,0,0
10107202,101072,0,0,1.44,0,9.67,0,0,1001,0,0
10107203,101072,0,0,1.39,0,9.33,0,0,1001,0,0
10107204,101072,0,0,1.33,0,9,0,0,1001,0,0
10107205,101072,0,0,1.28,0,8.67,0,0,1001,0,0
10107206,101072,0,0,1.22,0,8.33,0,0,1001,0,0
10107207,101072,0,0,1.17,0,8,0,0,1001,0,0
10107208,101072,0,0,1.11,0,7.67,0,0,1001,0,0
10107209,101072,0,0,1.06,0,7.33,0,0,1001,0,0
10107210,101072,0,0,1,0,7,0,0,1001,0,0
10107301,101073,0,0,1.5,0,20,0,0,5002,2017,0
10107302,101073,0,0,1.44,0,20,0,0,5002,2017,0
10107303,101073,0,0,1.39,0,20,0,0,5002,2017,0
10107304,101073,0,0,1.33,0,20,0,0,5002,2017,0
10107305,101073,0,0,1.28,0,20,0,0,5002,2017,0
10107306,101073,0,0,1.22,0,20,0,0,5002,2017,0
10107307,101073,0,0,1.17,0,20,0,0,5002,2017,0
10107308,101073,0,0,1.11,0,20,0,0,5002,2017,0
10107309,101073,0,0,1.06,0,20,0,0,5002,2017,0
10107310,101073,0,0,1,0,20,0,0,5002,2017,0
10108101,101081,0,0,2,0,50,0,25,1001,2003,0
10108102,101081,0,0,2,0,50,0,25,1001,2003,0
10108103,101081,0,0,2,0,50,0,25,1001,2003,0
10108104,101081,0,0,2,0,50,0,25,1001,2003,0
10108105,101081,0,0,2,0,50,0,25,1001,2003,0
10108106,101081,0,0,2,0,50,0,25,1001,2003,0
10108107,101081,0,0,2,0,50,0,25,1001,2003,0
10108108,101081,0,0,2,0,50,0,25,1001,2003,0
10108109,101081,0,0,2,0,50,0,25,1001,2003,0
10108110,101081,0,0,2,0,50,0,25,1001,2003,0
10108201,101082,0,0,1.5,0,40,0,0,1004,0,0
10108202,101082,0,0,1.5,0,40,0,0,1004,0,0
10108203,101082,0,0,1.5,0,40,0,0,1004,0,0
10108204,101082,0,0,1.5,0,40,0,0,1004,0,0
10108205,101082,0,0,1.5,0,40,0,0,1004,0,0
10108206,101082,0,0,1.5,0,40,0,0,1004,0,0
10108207,101082,0,0,1.5,0,40,0,0,1004,0,0
10108208,101082,0,0,1.5,0,40,0,0,1004,0,0
10108209,101082,0,0,1.5,0,40,0,0,1004,0,0
10108210,101082,0,0,1.5,0,40,0,0,1004,0,0
10108301,101083,0,0,1,0,25,0,0,1002,3001,0
10108302,101083,0,0,1,0,25,0,0,1002,3001,0
10108303,101083,0,0,1,0,25,0,0,1002,3001,0
10108304,101083,0,0,1,0,25,0,0,1002,3001,0
10108305,101083,0,0,1,0,25,0,0,1002,3001,0
10108306,101083,0,0,1,0,25,0,0,1002,3001,0
10108307,101083,0,0,1,0,25,0,0,1002,3001,0
10108308,101083,0,0,1,0,25,0,0,1002,3001,0
10108309,101083,0,0,1,0,25,0,0,1002,3001,0
10108310,101083,0,0,1,0,25,0,0,1002,3001,0
10109101,101091,0,0,1,0,40,0,20,1001,4001,0
10109102,101091,0,0,1,0,40,0,20,1001,4001,0
10109103,101091,0,0,1,0,40,0,20,1001,4001,0
10109104,101091,0,0,1,0,40,0,20,1001,4001,0
10109105,101091,0,0,1,0,40,0,20,1001,4001,0
10109106,101091,0,0,1,0,40,0,20,1001,4001,0
10109107,101091,0,0,1,0,40,0,20,1001,4001,0
10109108,101091,0,0,1,0,40,0,20,1001,4001,0
10109109,101091,0,0,1,0,40,0,20,1001,4001,0
10109110,101091,0,0,1,0,40,0,20,1001,4001,0
10109201,101092,0,0,0,0,20,0,0,1001,2003,0
10109202,101092,0,0,0,0,19.33,0,0,1001,2003,0
10109203,101092,0,0,0,0,18.67,0,0,1001,2003,0
10109204,101092,0,0,0,0,18,0,0,1001,2003,0
10109205,101092,0,0,0,0,17.33,0,0,1001,2003,0
10109206,101092,0,0,0,0,16.67,0,0,1001,2003,0
10109207,101092,0,0,0,0,16,0,0,1001,2003,0
10109208,101092,0,0,0,0,15.33,0,0,1001,2003,0
10109209,101092,0,0,0,0,14.67,0,0,1001,2003,0
10109210,101092,0,0,0,0,14,0,0,1001,2003,0
10109301,101093,0,0,1.5,0,30,0,0,3001,0,0
10109302,101093,0,0,1.5,0,29,0,0,3001,0,0
10109303,101093,0,0,1.5,0,28,0,0,3001,0,0
10109304,101093,0,0,1.5,0,27,0,0,3001,0,0
10109305,101093,0,0,1.5,0,26,0,0,3001,0,0
10109306,101093,0,0,1.5,0,25,0,0,3001,0,0
10109307,101093,0,0,1.5,0,24,0,0,3001,0,0
10109308,101093,0,0,1.5,0,23,0,0,3001,0,0
10109309,101093,0,0,1.5,0,22,0,0,3001,0,0
10109310,101093,0,0,1.5,0,21,0,0,3001,0,0
10116101,101161,0,0,1.5,0,60,0,30,4001,0,0
10116102,101161,0,0,1.44,0,58.33,0,29.17,4001,0,0
10116103,101161,0,0,1.39,0,56.67,0,28.34,4001,0,0
10116104,101161,0,0,1.33,0,55,0,27.5,4001,0,0
10116105,101161,0,0,1.28,0,53.33,0,26.67,4001,0,0
10116106,101161,0,0,1.22,0,51.67,0,25.84,4001,0,0
10116107,101161,0,0,1.17,0,50,0,25,4001,0,0
10116108,101161,0,0,1.11,0,48.33,0,24.17,4001,0,0
10116109,101161,0,0,1.06,0,46.67,0,23.34,4001,0,0
10116110,101161,0,0,1,0,45,0,22.5,4001,0,0
10116201,101162,0,0,1,0,20,0,0,1002,2003,0
10116202,101162,0,0,1,0,20,0,0,1002,2003,0
10116203,101162,0,0,1,0,20,0,0,1002,2003,0
10116204,101162,0,0,1,0,20,0,0,1002,2003,0
10116205,101162,0,0,1,0,20,0,0,1002,2003,0
10116206,101162,0,0,1,0,20,0,0,1002,2003,0
10116207,101162,0,0,1,0,20,0,0,1002,2003,0
10116208,101162,0,0,1,0,20,0,0,1002,2003,0
10116209,101162,0,0,1,0,20,0,0,1002,2003,0
10116210,101162,0,0,1,0,20,0,0,1002,2003,0
10116301,101163,0,0,1.5,0,40,0,0,2004,0,0
10116302,101163,0,0,1.44,0,38.89,0,0,2004,0,0
10116303,101163,0,0,1.39,0,37.78,0,0,2004,0,0
10116304,101163,0,0,1.33,0,36.67,0,0,2004,0,0
10116305,101163,0,0,1.28,0,35.56,0,0,2004,0,0
10116306,101163,0,0,1.22,0,34.44,0,0,2004,0,0
10116307,101163,0,0,1.17,0,33.33,0,0,2004,0,0
10116308,101163,0,0,1.11,0,32.22,0,0,2004,0,0
10116309,101163,0,0,1.06,0,31.11,0,0,2004,0,0
10116310,101163,0,0,1,0,30,0,0,2004,0,0
10117101,101171,0,0,2,0,60,0,30,1003,0,0
10117102,101171,0,0,2,0,59.67,0,29.84,1003,0,0
10117103,101171,0,0,2,0,59.33,0,29.67,1003,0,0
10117104,101171,0,0,2,0,59,0,29.5,1003,0,0
10117105,101171,0,0,2,0,58.67,0,29.34,1003,0,0
10117106,101171,0,0,2,0,58.33,0,29.17,1003,0,0
10117107,101171,0,0,2,0,58,0,29,1003,0,0
10117108,101171,0,0,2,0,57.67,0,28.84,1003,0,0
10117109,101171,0,0,2,0,57.33,0,28.67,1003,0,0
10117110,101171,0,0,2,0,57,0,28.5,1003,0,0
10117201,101172,0,0,1.5,0,30,0,0,1001,3001,0
10117202,101172,0,0,1.5,0,30,0,0,1001,3001,0
10117203,101172,0,0,1.5,0,30,0,0,1001,3001,0
10117204,101172,0,0,1.5,0,30,0,0,1001,3001,0
10117205,101172,0,0,1.5,0,30,0,0,1001,3001,0
10117206,101172,0,0,1.5,0,30,0,0,1001,3001,0
10117207,101172,0,0,1.5,0,30,0,0,1001,3001,0
10117208,101172,0,0,1.5,0,30,0,0,1001,3001,0
10117209,101172,0,0,1.5,0,30,0,0,1001,3001,0
10117210,101172,0,0,1.5,0,30,0,0,1001,3001,0
10117301,101173,0,0,3,0,45,0,0,1001,0,0
10117302,101173,0,0,2.89,0,45,0,0,1001,0,0
10117303,101173,0,0,2.78,0,45,0,0,1001,0,0
10117304,101173,0,0,2.67,0,45,0,0,1001,0,0
10117305,101173,0,0,2.56,0,45,0,0,1001,0,0
10117306,101173,0,0,2.44,0,45,0,0,1001,0,0
10117307,101173,0,0,2.33,0,45,0,0,1001,0,0
10117308,101173,0,0,2.22,0,45,0,0,1001,0,0
10117309,101173,0,0,2.11,0,45,0,0,1001,0,0
10117310,101173,0,0,2,0,45,0,0,1001,0,0
10118101,101181,0,0,1.5,0,45,0,22.5,1001,3001,0
10118102,101181,0,0,1.5,0,45,0,22.5,1001,3001,0
10118103,101181,0,0,1.5,0,45,0,22.5,1001,3001,0
10118104,101181,0,0,1.5,0,45,0,22.5,1001,3001,0
10118105,101181,0,0,1.5,0,45,0,22.5,1001,3001,0
10118106,101181,0,0,1.5,0,45,0,22.5,1001,3001,0
10118107,101181,0,0,1.5,0,45,0,22.5,1001,3001,0
10118108,101181,0,0,1.5,0,45,0,22.5,1001,3001,0
10118109,101181,0,0,1.5,0,45,0,22.5,1001,3001,0
10118110,101181,0,0,1.5,0,45,0,22.5,1001,3001,0
10118201,101182,0,0,1.5,0,30,0,0,1001,4001,0
10118202,101182,0,0,1.5,0,29,0,0,1001,4001,0
10118203,101182,0,0,1.5,0,28,0,0,1001,4001,0
10118204,101182,0,0,1.5,0,27,0,0,1001,4001,0
10118205,101182,0,0,1.5,0,26,0,0,1001,4001,0
10118206,101182,0,0,1.5,0,25,0,0,1001,4001,0
10118207,101182,0,0,1.5,0,24,0,0,1001,4001,0
10118208,101182,0,0,1.5,0,23,0,0,1001,4001,0
10118209,101182,0,0,1.5,0,22,0,0,1001,4001,0
10118210,101182,0,0,1.5,0,21,0,0,1001,4001,0
10118301,101183,0,0,2.4,0,60,0,0,2015,0,0
10118302,101183,0,0,2.3,0,58.89,0,0,2015,0,0
10118303,101183,0,0,2.2,0,57.78,0,0,2015,0,0
10118304,101183,0,0,2.1,0,56.67,0,0,2015,0,0
10118305,101183,0,0,2,0,55.56,0,0,2015,0,0
10118306,101183,0,0,1.9,0,54.44,0,0,2015,0,0
10118307,101183,0,0,1.8,0,53.33,0,0,2015,0,0
10118308,101183,0,0,1.7,0,52.22,0,0,2015,0,0
10118309,101183,0,0,1.6,0,51.11,0,0,2015,0,0
10118310,101183,0,0,1.5,0,50,0,0,2015,0,0
10119101,101191,0,0,2,0,60,0,30,1001,1006,0
10119102,101191,0,0,2,0,60,0,30,1001,1006,0
10119103,101191,0,0,2,0,60,0,30,1001,1006,0
10119104,101191,0,0,2,0,60,0,30,1001,1006,0
10119105,101191,0,0,2,0,60,0,30,1001,1006,0
10119106,101191,0,0,2,0,60,0,30,1001,1006,0
10119107,101191,0,0,2,0,60,0,30,1001,1006,0
10119108,101191,0,0,2,0,60,0,30,1001,1006,0
10119109,101191,0,0,2,0,60,0,30,1001,1006,0
10119110,101191,0,0,2,0,60,0,30,1001,1006,0
10119201,101192,0,0,2,0,45,0,0,1001,3001,0
10119202,101192,0,0,2,0,45,0,0,1001,3001,0
10119203,101192,0,0,2,0,45,0,0,1001,3001,0
10119204,101192,0,0,2,0,45,0,0,1001,3001,0
10119205,101192,0,0,2,0,45,0,0,1001,3001,0
10119206,101192,0,0,2,0,45,0,0,1001,3001,0
10119207,101192,0,0,2,0,45,0,0,1001,3001,0
10119208,101192,0,0,2,0,45,0,0,1001,3001,0
10119209,101192,0,0,2,0,45,0,0,1001,3001,0
10119210,101192,0,0,2,0,45,0,0,1001,3001,0
10119301,101193,0,0,0.5,0,30,0,0,1001,2002,3001
10119302,101193,0,0,0.5,0,30,0,0,1001,2002,3001
10119303,101193,0,0,0.5,0,30,0,0,1001,2002,3001
10119304,101193,0,0,0.5,0,30,0,0,1001,2002,3001
10119305,101193,0,0,0.5,0,30,0,0,1001,2002,3001
10119306,101193,0,0,0.5,0,30,0,0,1001,2002,3001
10119307,101193,0,0,0.5,0,30,0,0,1001,2002,3001
10119308,101193,0,0,0.5,0,30,0,0,1001,2002,3001
10119309,101193,0,0,0.5,0,30,0,0,1001,2002,3001
10119310,101193,0,0,0.5,0,30,0,0,1001,2002,3001
10120101,101201,0,0,2,0,50,0,25,1003,0,0
10120102,101201,0,0,2,0,50,0,25,1003,0,0
10120103,101201,0,0,2,0,50,0,25,1003,0,0
10120104,101201,0,0,2,0,50,0,25,1003,0,0
10120105,101201,0,0,2,0,50,0,25,1003,0,0
10120106,101201,0,0,2,0,50,0,25,1003,0,0
10120107,101201,0,0,2,0,50,0,25,1003,0,0
10120108,101201,0,0,2,0,50,0,25,1003,0,0
10120109,101201,0,0,2,0,50,0,25,1003,0,0
10120110,101201,0,0,2,0,50,0,25,1003,0,0
10120201,101202,0,0,0.5,0,25,0,0,1001,0,0
10120202,101202,0,0,0.5,0,25,0,0,1001,0,0
10120203,101202,0,0,0.5,0,25,0,0,1001,0,0
10120204,101202,0,0,0.5,0,25,0,0,1001,0,0
10120205,101202,0,0,0.5,0,25,0,0,1001,0,0
10120206,101202,0,0,0.5,0,25,0,0,1001,0,0
10120207,101202,0,0,0.5,0,25,0,0,1001,0,0
10120208,101202,0,0,0.5,0,25,0,0,1001,0,0
10120209,101202,0,0,0.5,0,25,0,0,1001,0,0
10120210,101202,0,0,0.5,0,25,0,0,1001,0,0
10120301,101203,0,0,1,0,30,0,0,1001,2003,0
10120302,101203,0,0,1,0,30,0,0,1001,2003,0
10120303,101203,0,0,1,0,30,0,0,1001,2003,0
10120304,101203,0,0,1,0,30,0,0,1001,2003,0
10120305,101203,0,0,1,0,30,0,0,1001,2003,0
10120306,101203,0,0,1,0,30,0,0,1001,2003,0
10120307,101203,0,0,1,0,30,0,0,1001,2003,0
10120308,101203,0,0,1,0,30,0,0,1001,2003,0
10120309,101203,0,0,1,0,30,0,0,1001,2003,0
10120310,101203,0,0,1,0,30,0,0,1001,2003,0
10121101,101211,0,0,1.5,0,40,0,20,1001,5006,0
10121102,101211,0,0,1.5,0,40,0,20,1001,5006,0
10121103,101211,0,0,1.5,0,40,0,20,1001,5006,0
10121104,101211,0,0,1.5,0,40,0,20,1001,5006,0
10121105,101211,0,0,1.5,0,40,0,20,1001,5006,0
10121106,101211,0,0,1.5,0,40,0,20,1001,5006,0
10121107,101211,0,0,1.5,0,40,0,20,1001,5006,0
10121108,101211,0,0,1.5,0,40,0,20,1001,5006,0
10121109,101211,0,0,1.5,0,40,0,20,1001,5006,0
10121110,101211,0,0,1.5,0,40,0,20,1001,5006,0
10121201,101212,0,0,1,0,10,0,0,1001,0,0
10121202,101212,0,0,1,0,10,0,0,1001,0,0
10121203,101212,0,0,1,0,10,0,0,1001,0,0
10121204,101212,0,0,1,0,10,0,0,1001,0,0
10121205,101212,0,0,1,0,10,0,0,1001,0,0
10121206,101212,0,0,1,0,10,0,0,1001,0,0
10121207,101212,0,0,1,0,10,0,0,1001,0,0
10121208,101212,0,0,1,0,10,0,0,1001,0,0
10121209,101212,0,0,1,0,10,0,0,1001,0,0
10121210,101212,0,0,1,0,10,0,0,1001,0,0
10121301,101213,0,0,0.5,0,20,0,0,5002,0,0
10121302,101213,0,0,0.5,0,20,0,0,5002,0,0
10121303,101213,0,0,0.5,0,20,0,0,5002,0,0
10121304,101213,0,0,0.5,0,20,0,0,5002,0,0
10121305,101213,0,0,0.5,0,20,0,0,5002,0,0
10121306,101213,0,0,0.5,0,20,0,0,5002,0,0
10121307,101213,0,0,0.5,0,20,0,0,5002,0,0
10121308,101213,0,0,0.5,0,20,0,0,5002,0,0
10121309,101213,0,0,0.5,0,20,0,0,5002,0,0
10121310,101213,0,0,0.5,0,20,0,0,5002,0,0
10122101,101221,0,0,2,0,30,0,15,1001,4001,0
10122102,101221,0,0,2,0,30,0,15,1001,4001,0
10122103,101221,0,0,2,0,30,0,15,1001,4001,0
10122104,101221,0,0,2,0,30,0,15,1001,4001,0
10122105,101221,0,0,2,0,30,0,15,1001,4001,0
10122106,101221,0,0,2,0,30,0,15,1001,4001,0
10122107,101221,0,0,2,0,30,0,15,1001,4001,0
10122108,101221,0,0,2,0,30,0,15,1001,4001,0
10122109,101221,0,0,2,0,30,0,15,1001,4001,0
10122110,101221,0,0,2,0,30,0,15,1001,4001,0
10122201,101222,0,0,1.5,0,30,0,0,1001,2003,0
10122202,101222,0,0,1.5,0,30,0,0,1001,2003,0
10122203,101222,0,0,1.5,0,30,0,0,1001,2003,0
10122204,101222,0,0,1.5,0,30,0,0,1001,2003,0
10122205,101222,0,0,1.5,0,30,0,0,1001,2003,0
10122206,101222,0,0,1.5,0,30,0,0,1001,2003,0
10122207,101222,0,0,1.5,0,30,0,0,1001,2003,0
10122208,101222,0,0,1.5,0,30,0,0,1001,2003,0
10122209,101222,0,0,1.5,0,30,0,0,1001,2003,0
10122210,101222,0,0,1.5,0,30,0,0,1001,2003,0
10122301,101223,0,0,1.5,0,45,0,0,2015,2014,0
10122302,101223,0,0,1.5,0,45,0,0,2015,2014,0
10122303,101223,0,0,1.5,0,45,0,0,2015,2014,0
10122304,101223,0,0,1.5,0,45,0,0,2015,2014,0
10122305,101223,0,0,1.5,0,45,0,0,2015,2014,0
10122306,101223,0,0,1.5,0,45,0,0,2015,2014,0
10122307,101223,0,0,1.5,0,45,0,0,2015,2014,0
10122308,101223,0,0,1.5,0,45,0,0,2015,2014,0
10122309,101223,0,0,1.5,0,45,0,0,2015,2014,0
10122310,101223,0,0,1.5,0,45,0,0,2015,2014,0
10133101,101331,0,0,2,0,50,0,25,1001,0,0
10133102,101331,0,0,2,0,50,0,25,1001,0,0
10133103,101331,0,0,2,0,50,0,25,1001,0,0
10133104,101331,0,0,2,0,50,0,25,1001,0,0
10133105,101331,0,0,2,0,50,0,25,1001,0,0
10133106,101331,0,0,2,0,50,0,25,1001,0,0
10133107,101331,0,0,2,0,50,0,25,1001,0,0
10133108,101331,0,0,2,0,50,0,25,1001,0,0
10133109,101331,0,0,2,0,50,0,25,1001,0,0
10133110,101331,0,0,2,0,50,0,25,1001,0,0
10133201,101332,0,0,1.5,0,40,0,0,1002,0,0
10133202,101332,0,0,1.5,0,40,0,0,1002,0,0
10133203,101332,0,0,1.5,0,40,0,0,1002,0,0
10133204,101332,0,0,1.5,0,40,0,0,1002,0,0
10133205,101332,0,0,1.5,0,40,0,0,1002,0,0
10133206,101332,0,0,1.5,0,40,0,0,1002,0,0
10133207,101332,0,0,1.5,0,40,0,0,1002,0,0
10133208,101332,0,0,1.5,0,40,0,0,1002,0,0
10133209,101332,0,0,1.5,0,40,0,0,1002,0,0
10133210,101332,0,0,1.5,0,40,0,0,1002,0,0
10133301,101333,0,0,2,0,30,0,0,1001,2003,0
10133302,101333,0,0,2,0,30,0,0,1001,2003,0
10133303,101333,0,0,2,0,30,0,0,1001,2003,0
10133304,101333,0,0,2,0,30,0,0,1001,2003,0
10133305,101333,0,0,2,0,30,0,0,1001,2003,0
10133306,101333,0,0,2,0,30,0,0,1001,2003,0
10133307,101333,0,0,2,0,30,0,0,1001,2003,0
10133308,101333,0,0,2,0,30,0,0,1001,2003,0
10133309,101333,0,0,2,0,30,0,0,1001,2003,0
10133310,101333,0,0,2,0,30,0,0,1001,2003,0
10184101,101841,0,0,1,0,40,0,20,1001,2015,0
10184102,101841,0,0,1,0,40,0,20,1001,2015,0
10184103,101841,0,0,1,0,40,0,20,1001,2015,0
10184104,101841,0,0,1,0,40,0,20,1001,2015,0
10184105,101841,0,0,1,0,40,0,20,1001,2015,0
10184106,101841,0,0,1,0,40,0,20,1001,2015,0
10184107,101841,0,0,1,0,40,0,20,1001,2015,0
10184108,101841,0,0,1,0,40,0,20,1001,2015,0
10184109,101841,0,0,1,0,40,0,20,1001,2015,0
10184110,101841,0,0,1,0,40,0,20,1001,2015,0
10184201,101842,0,0,1.5,0,25,0,0,2010,0,0
10184202,101842,0,0,1.44,0,25,0,0,2010,0,0
10184203,101842,0,0,1.39,0,25,0,0,2010,0,0
10184204,101842,0,0,1.33,0,25,0,0,2010,0,0
10184205,101842,0,0,1.28,0,25,0,0,2010,0,0
10184206,101842,0,0,1.22,0,25,0,0,2010,0,0
10184207,101842,0,0,1.17,0,25,0,0,2010,0,0
10184208,101842,0,0,1.11,0,25,0,0,2010,0,0
10184209,101842,0,0,1.06,0,25,0,0,2010,0,0
10184210,101842,0,0,1,0,25,0,0,2010,0,0
10184301,101843,0,0,1.5,0,30,0,0,2008,0,0
10184302,101843,0,0,1.44,0,29,0,0,2008,0,0
10184303,101843,0,0,1.39,0,28,0,0,2008,0,0
10184304,101843,0,0,1.33,0,27,0,0,2008,0,0
10184305,101843,0,0,1.28,0,26,0,0,2008,0,0
10184306,101843,0,0,1.22,0,25,0,0,2008,0,0
10184307,101843,0,0,1.17,0,24,0,0,2008,0,0
10184308,101843,0,0,1.11,0,23,0,0,2008,0,0
10184309,101843,0,0,1.06,0,22,0,0,2008,0,0
10184310,101843,0,0,1,0,21,0,0,2008,0,0
10185101,101851,0,0,1.5,0,45,0,22.5,1001,4001,0
10185102,101851,0,0,1.5,0,43.5,0,21.75,1001,4001,0
10185103,101851,0,0,1.5,0,42,0,21,1001,4001,0
10185104,101851,0,0,1.5,0,40.5,0,20.25,1001,4001,0
10185105,101851,0,0,1.5,0,39,0,19.5,1001,4001,0
10185106,101851,0,0,1.5,0,37.5,0,18.75,1001,4001,0
10185107,101851,0,0,1.5,0,36,0,18,1001,4001,0
10185108,101851,0,0,1.5,0,34.5,0,17.25,1001,4001,0
10185109,101851,0,0,1.5,0,33,0,16.5,1001,4001,0
10185110,101851,0,0,1.5,0,31.5,0,15.75,1001,4001,0
10185201,101852,0,0,1.5,0,45,0,0,3001,0,0
10185202,101852,0,0,1.5,0,43.5,0,0,3001,0,0
10185203,101852,0,0,1.5,0,42,0,0,3001,0,0
10185204,101852,0,0,1.5,0,40.5,0,0,3001,0,0
10185205,101852,0,0,1.5,0,39,0,0,3001,0,0
10185206,101852,0,0,1.5,0,37.5,0,0,3001,0,0
10185207,101852,0,0,1.5,0,36,0,0,3001,0,0
10185208,101852,0,0,1.5,0,34.5,0,0,3001,0,0
10185209,101852,0,0,1.5,0,33,0,0,3001,0,0
10185210,101852,0,0,1.5,0,31.5,0,0,3001,0,0
10185301,101853,0,0,1,0,45,0,0,2006,0,0
10185302,101853,0,0,1,0,44.44,0,0,2006,0,0
10185303,101853,0,0,1,0,43.89,0,0,2006,0,0
10185304,101853,0,0,1,0,43.33,0,0,2006,0,0
10185305,101853,0,0,1,0,42.78,0,0,2006,0,0
10185306,101853,0,0,1,0,42.22,0,0,2006,0,0
10185307,101853,0,0,1,0,41.67,0,0,2006,0,0
10185308,101853,0,0,1,0,41.11,0,0,2006,0,0
10185309,101853,0,0,1,0,40.56,0,0,2006,0,0
10185310,101853,0,0,1,0,40,0,0,2006,0,0
10201101,102011,0,0,1.5,0,60,0,30,1001,0,0
10201102,102011,0,0,1.5,0,60,0,30,1001,0,0
10201103,102011,0,0,1.5,0,60,0,30,1001,0,0
10201104,102011,0,0,1.5,0,60,0,30,1001,0,0
10201105,102011,0,0,1.5,0,60,0,30,1001,0,0
10201106,102011,0,0,1.5,0,60,0,30,1001,0,0
10201107,102011,0,0,1.5,0,60,0,30,1001,0,0
10201108,102011,0,0,1.5,0,60,0,30,1001,0,0
10201109,102011,0,0,1.5,0,60,0,30,1001,0,0
10201110,102011,0,0,1.5,0,60,0,30,1001,0,0
10201201,102012,0,0,1,0,30,0,0,3001,0,0
10201202,102012,0,0,1,0,29.44,0,0,3001,0,0
10201203,102012,0,0,1,0,28.89,0,0,3001,0,0
10201204,102012,0,0,1,0,28.33,0,0,3001,0,0
10201205,102012,0,0,1,0,27.78,0,0,3001,0,0
10201206,102012,0,0,1,0,27.22,0,0,3001,0,0
10201207,102012,0,0,1,0,26.67,0,0,3001,0,0
10201208,102012,0,0,1,0,26.11,0,0,3001,0,0
10201209,102012,0,0,1,0,25.56,0,0,3001,0,0
10201210,102012,0,0,1,0,25,0,0,3001,0,0
10201301,102013,0,0,1.25,0,30,0,0,1001,0,0
10201302,102013,0,0,1.22,0,29,0,0,1001,0,0
10201303,102013,0,0,1.19,0,28,0,0,1001,0,0
10201304,102013,0,0,1.17,0,27,0,0,1001,0,0
10201305,102013,0,0,1.14,0,26,0,0,1001,0,0
10201306,102013,0,0,1.11,0,25,0,0,1001,0,0
10201307,102013,0,0,1.08,0,24,0,0,1001,0,0
10201308,102013,0,0,1.06,0,23,0,0,1001,0,0
10201309,102013,0,0,1.03,0,22,0,0,1001,0,0
10201310,102013,0,0,1,0,21,0,0,1001,0,0
10202101,102021,0,0,1.5,0,60,0,30,1002,0,0
10202102,102021,0,0,1.44,0,58,0,29,1002,0,0
10202103,102021,0,0,1.39,0,56,0,28,1002,0,0
10202104,102021,0,0,1.33,0,54,0,27,1002,0,0
10202105,102021,0,0,1.28,0,52,0,26,1002,0,0
10202106,102021,0,0,1.22,0,50,0,25,1002,0,0
10202107,102021,0,0,1.17,0,48,0,24,1002,0,0
10202108,102021,0,0,1.11,0,46,0,23,1002,0,0
10202109,102021,0,0,1.06,0,44,0,22,1002,0,0
10202110,102021,0,0,1,0,42,0,21,1002,0,0
10202201,102022,0,0,1.5,0,45,0,0,1001,3001,0
10202202,102022,0,0,1.5,0,43.5,0,0,1001,3001,0
10202203,102022,0,0,1.5,0,42,0,0,1001,3001,0
10202204,102022,0,0,1.5,0,40.5,0,0,1001,3001,0
10202205,102022,0,0,1.5,0,39,0,0,1001,3001,0
10202206,102022,0,0,1.5,0,37.5,0,0,1001,3001,0
10202207,102022,0,0,1.5,0,36,0,0,1001,3001,0
10202208,102022,0,0,1.5,0,34.5,0,0,1001,3001,0
10202209,102022,0,0,1.5,0,33,0,0,1001,3001,0
10202210,102022,0,0,1.5,0,31.5,0,0,1001,3001,0
10202301,102023,0,0,1.5,0,30,0,0,1001,0,0
10202302,102023,0,0,1.44,0,30,0,0,1001,0,0
10202303,102023,0,0,1.39,0,30,0,0,1001,0,0
10202304,102023,0,0,1.33,0,30,0,0,1001,0,0
10202305,102023,0,0,1.28,0,30,0,0,1001,0,0
10202306,102023,0,0,1.22,0,30,0,0,1001,0,0
10202307,102023,0,0,1.17,0,30,0,0,1001,0,0
10202308,102023,0,0,1.11,0,30,0,0,1001,0,0
10202309,102023,0,0,1.06,0,30,0,0,1001,0,0
10202310,102023,0,0,1,0,30,0,0,1001,0,0
10204101,102041,0,0,1.5,0,60,0,30,1001,3001,2003
10204102,102041,0,0,1.44,0,58.89,0,29.45,1001,3001,2003
10204103,102041,0,0,1.39,0,57.78,0,28.89,1001,3001,2003
10204104,102041,0,0,1.33,0,56.67,0,28.34,1001,3001,2003
10204105,102041,0,0,1.28,0,55.56,0,27.78,1001,3001,2003
10204106,102041,0,0,1.22,0,54.44,0,27.22,1001,3001,2003
10204107,102041,0,0,1.17,0,53.33,0,26.67,1001,3001,2003
10204108,102041,0,0,1.11,0,52.22,0,26.11,1001,3001,2003
10204109,102041,0,0,1.06,0,51.11,0,25.56,1001,3001,2003
10204110,102041,0,0,1,0,50,0,25,1001,3001,2003
10204201,102042,0,0,1.5,0,30,0,0,1001,2003,0
10204202,102042,0,0,1.44,0,30,0,0,1001,2003,0
10204203,102042,0,0,1.39,0,30,0,0,1001,2003,0
10204204,102042,0,0,1.33,0,30,0,0,1001,2003,0
10204205,102042,0,0,1.28,0,30,0,0,1001,2003,0
10204206,102042,0,0,1.22,0,30,0,0,1001,2003,0
10204207,102042,0,0,1.17,0,30,0,0,1001,2003,0
10204208,102042,0,0,1.11,0,30,0,0,1001,2003,0
10204209,102042,0,0,1.06,0,30,0,0,1001,2003,0
10204210,102042,0,0,1,0,30,0,0,1001,2003,0
10204301,102043,0,0,1,0,45,0,0,1001,2003,0
10204302,102043,0,0,1,0,44.44,0,0,1001,2003,0
10204303,102043,0,0,1,0,43.89,0,0,1001,2003,0
10204304,102043,0,0,1,0,43.33,0,0,1001,2003,0
10204305,102043,0,0,1,0,42.78,0,0,1001,2003,0
10204306,102043,0,0,1,0,42.22,0,0,1001,2003,0
10204307,102043,0,0,1,0,41.67,0,0,1001,2003,0
10204308,102043,0,0,1,0,41.11,0,0,1001,2003,0
10204309,102043,0,0,1,0,40.56,0,0,1001,2003,0
10204310,102043,0,0,1,0,40,0,0,1001,2003,0
10206101,102061,0,0,2.4,0,60,0,30,1001,2003,0
10206102,102061,0,0,2.3,0,58,0,29,1001,2003,0
10206103,102061,0,0,2.2,0,56,0,28,1001,2003,0
10206104,102061,0,0,2.1,0,54,0,27,1001,2003,0
10206105,102061,0,0,2,0,52,0,26,1001,2003,0
10206106,102061,0,0,1.9,0,50,0,25,1001,2003,0
10206107,102061,0,0,1.8,0,48,0,24,1001,2003,0
10206108,102061,0,0,1.7,0,46,0,23,1001,2003,0
10206109,102061,0,0,1.6,0,44,0,22,1001,2003,0
10206110,102061,0,0,1.5,0,42,0,21,1001,2003,0
10206201,102062,0,0,1.5,0,20,0,0,1002,4001,0
10206202,102062,0,0,1.44,0,19.33,0,0,1002,4001,0
10206203,102062,0,0,1.39,0,18.67,0,0,1002,4001,0
10206204,102062,0,0,1.33,0,18,0,0,1002,4001,0
10206205,102062,0,0,1.28,0,17.33,0,0,1002,4001,0
10206206,102062,0,0,1.22,0,16.67,0,0,1002,4001,0
10206207,102062,0,0,1.17,0,16,0,0,1002,4001,0
10206208,102062,0,0,1.11,0,15.33,0,0,1002,4001,0
10206209,102062,0,0,1.06,0,14.67,0,0,1002,4001,0
10206210,102062,0,0,1,0,14,0,0,1002,4001,0
10206301,102063,0,0,1,0,60,0,0,3001,0,0
10206302,102063,0,0,0.97,0,57.78,0,0,3001,0,0
10206303,102063,0,0,0.93,0,55.56,0,0,3001,0,0
10206304,102063,0,0,0.9,0,53.33,0,0,3001,0,0
10206305,102063,0,0,0.87,0,51.11,0,0,3001,0,0
10206306,102063,0,0,0.83,0,48.89,0,0,3001,0,0
10206307,102063,0,0,0.8,0,46.67,0,0,3001,0,0
10206308,102063,0,0,0.77,0,44.44,0,0,3001,0,0
10206309,102063,0,0,0.73,0,42.22,0,0,3001,0,0
10206310,102063,0,0,0.7,0,40,0,0,3001,0,0
10208101,102081,0,0,1.75,0,52.5,0,26.25,1004,1006,2003
10208102,102081,0,0,1.75,0,52.5,0,26.25,1004,1006,2003
10208103,102081,0,0,1.75,0,52.5,0,26.25,1004,1006,2003
10208104,102081,0,0,1.75,0,52.5,0,26.25,1004,1006,2003
10208105,102081,0,0,1.75,0,52.5,0,26.25,1004,1006,2003
10208106,102081,0,0,1.75,0,52.5,0,26.25,1004,1006,2003
10208107,102081,0,0,1.75,0,52.5,0,26.25,1004,1006,2003
10208108,102081,0,0,1.75,0,52.5,0,26.25,1004,1006,2003
10208109,102081,0,0,1.75,0,52.5,0,26.25,1004,1006,2003
10208110,102081,0,0,1.75,0,52.5,0,26.25,1004,1006,2003
10208201,102082,0,0,1,0,30,0,0,1001,1006,2002
10208202,102082,0,0,1,0,30,0,0,1001,1006,2002
10208203,102082,0,0,1,0,30,0,0,1001,1006,2002
10208204,102082,0,0,1,0,30,0,0,1001,1006,2002
10208205,102082,0,0,1,0,30,0,0,1001,1006,2002
10208206,102082,0,0,1,0,30,0,0,1001,1006,2002
10208207,102082,0,0,1,0,30,0,0,1001,1006,2002
10208208,102082,0,0,1,0,30,0,0,1001,1006,2002
10208209,102082,0,0,1,0,30,0,0,1001,1006,2002
10208210,102082,0,0,1,0,30,0,0,1001,1006,2002
10208301,102083,0,0,0.75,0,25,0,0,1003,1006,0
10208302,102083,0,0,0.75,0,25,0,0,1003,1006,0
10208303,102083,0,0,0.75,0,25,0,0,1003,1006,0
10208304,102083,0,0,0.75,0,25,0,0,1003,1006,0
10208305,102083,0,0,0.75,0,25,0,0,1003,1006,0
10208306,102083,0,0,0.75,0,25,0,0,1003,1006,0
10208307,102083,0,0,0.75,0,25,0,0,1003,1006,0
10208308,102083,0,0,0.75,0,25,0,0,1003,1006,0
10208309,102083,0,0,0.75,0,25,0,0,1003,1006,0
10208310,102083,0,0,0.75,0,25,0,0,1003,1006,0
10217101,102171,0,0,1.5,0,60,0,30,1001,0,0
10217102,102171,0,0,1.44,0,58.89,0,29.45,1001,0,0
10217103,102171,0,0,1.39,0,57.78,0,28.89,1001,0,0
10217104,102171,0,0,1.33,0,56.67,0,28.34,1001,0,0
10217105,102171,0,0,1.28,0,55.56,0,27.78,1001,0,0
10217106,102171,0,0,1.22,0,54.44,0,27.22,1001,0,0
10217107,102171,0,0,1.17,0,53.33,0,26.67,1001,0,0
10217108,102171,0,0,1.11,0,52.22,0,26.11,1001,0,0
10217109,102171,0,0,1.06,0,51.11,0,25.56,1001,0,0
10217110,102171,0,0,1,0,50,0,25,1001,0,0
10217201,102172,0,0,1.5,0,45,0,0,1001,2003,0
10217202,102172,0,0,1.5,0,44.44,0,0,1001,2003,0
10217203,102172,0,0,1.5,0,43.89,0,0,1001,2003,0
10217204,102172,0,0,1.5,0,43.33,0,0,1001,2003,0
10217205,102172,0,0,1.5,0,42.78,0,0,1001,2003,0
10217206,102172,0,0,1.5,0,42.22,0,0,1001,2003,0
10217207,102172,0,0,1.5,0,41.67,0,0,1001,2003,0
10217208,102172,0,0,1.5,0,41.11,0,0,1001,2003,0
10217209,102172,0,0,1.5,0,40.56,0,0,1001,2003,0
10217210,102172,0,0,1.5,0,40,0,0,1001,2003,0
10217301,102173,0,0,1.5,0,20,0,0,1001,0,0
10217302,102173,0,0,1.5,0,20,0,0,1001,0,0
10217303,102173,0,0,1.5,0,20,0,0,1001,0,0
10217304,102173,0,0,1.5,0,20,0,0,1001,0,0
10217305,102173,0,0,1.5,0,20,0,0,1001,0,0
10217306,102173,0,0,1.5,0,20,0,0,1001,0,0
10217307,102173,0,0,1.5,0,20,0,0,1001,0,0
10217308,102173,0,0,1.5,0,20,0,0,1001,0,0
10217309,102173,0,0,1.5,0,20,0,0,1001,0,0
10217310,102173,0,0,1.5,0,20,0,0,1001,0,0
10218101,102181,0,0,2,0,55,0,27.5,1001,1006,0
10218102,102181,0,0,2,0,55,0,27.5,1001,1006,0
10218103,102181,0,0,2,0,55,0,27.5,1001,1006,0
10218104,102181,0,0,2,0,55,0,27.5,1001,1006,0
10218105,102181,0,0,2,0,55,0,27.5,1001,1006,0
10218106,102181,0,0,2,0,55,0,27.5,1001,1006,0
10218107,102181,0,0,2,0,55,0,27.5,1001,1006,0
10218108,102181,0,0,2,0,55,0,27.5,1001,1006,0
10218109,102181,0,0,2,0,55,0,27.5,1001,1006,0
10218110,102181,0,0,2,0,55,0,27.5,1001,1006,0
10218201,102182,0,0,1.5,0,35,0,0,1001,0,0
10218202,102182,0,0,1.5,0,35,0,0,1001,0,0
10218203,102182,0,0,1.5,0,35,0,0,1001,0,0
10218204,102182,0,0,1.5,0,35,0,0,1001,0,0
10218205,102182,0,0,1.5,0,35,0,0,1001,0,0
10218206,102182,0,0,1.5,0,35,0,0,1001,0,0
10218207,102182,0,0,1.5,0,35,0,0,1001,0,0
10218208,102182,0,0,1.5,0,35,0,0,1001,0,0
10218209,102182,0,0,1.5,0,35,0,0,1001,0,0
10218210,102182,0,0,1.5,0,35,0,0,1001,0,0
10218301,102183,0,0,1,0,25,0,0,1001,0,0
10218302,102183,0,0,1,0,25,0,0,1001,0,0
10218303,102183,0,0,1,0,25,0,0,1001,0,0
10218304,102183,0,0,1,0,25,0,0,1001,0,0
10218305,102183,0,0,1,0,25,0,0,1001,0,0
10218306,102183,0,0,1,0,25,0,0,1001,0,0
10218307,102183,0,0,1,0,25,0,0,1001,0,0
10218308,102183,0,0,1,0,25,0,0,1001,0,0
10218309,102183,0,0,1,0,25,0,0,1001,0,0
10218310,102183,0,0,1,0,25,0,0,1001,0,0
10237101,102371,0,0,2,0,50,0,25,1001,1006,2009
10237102,102371,0,0,2,0,50,0,25,1001,1006,2009
10237103,102371,0,0,2,0,50,0,25,1001,1006,2009
10237104,102371,0,0,2,0,50,0,25,1001,1006,2009
10237105,102371,0,0,2,0,50,0,25,1001,1006,2009
10237106,102371,0,0,2,0,50,0,25,1001,1006,2009
10237107,102371,0,0,2,0,50,0,25,1001,1006,2009
10237108,102371,0,0,2,0,50,0,25,1001,1006,2009
10237109,102371,0,0,2,0,50,0,25,1001,1006,2009
10237110,102371,0,0,2,0,50,0,25,1001,1006,2009
10237201,102372,0,0,1.5,0,40,0,0,1001,1006,3001
10237202,102372,0,0,1.5,0,40,0,0,1001,1006,3001
10237203,102372,0,0,1.5,0,40,0,0,1001,1006,3001
10237204,102372,0,0,1.5,0,40,0,0,1001,1006,3001
10237205,102372,0,0,1.5,0,40,0,0,1001,1006,3001
10237206,102372,0,0,1.5,0,40,0,0,1001,1006,3001
10237207,102372,0,0,1.5,0,40,0,0,1001,1006,3001
10237208,102372,0,0,1.5,0,40,0,0,1001,1006,3001
10237209,102372,0,0,1.5,0,40,0,0,1001,1006,3001
10237210,102372,0,0,1.5,0,40,0,0,1001,1006,3001
10237301,102373,0,0,1,0,25,0,0,1002,2015,0
10237302,102373,0,0,1,0,25,0,0,1002,2015,0
10237303,102373,0,0,1,0,25,0,0,1002,2015,0
10237304,102373,0,0,1,0,25,0,0,1002,2015,0
10237305,102373,0,0,1,0,25,0,0,1002,2015,0
10237306,102373,0,0,1,0,25,0,0,1002,2015,0
10237307,102373,0,0,1,0,25,0,0,1002,2015,0
10237308,102373,0,0,1,0,25,0,0,1002,2015,0
10237309,102373,0,0,1,0,25,0,0,1002,2015,0
10237310,102373,0,0,1,0,25,0,0,1002,2015,0
10249101,102491,0,0,2,0,40,0,20,1001,0,0
10249102,102491,0,0,2,0,40,0,20,1001,0,0
10249103,102491,0,0,2,0,40,0,20,1001,0,0
10249104,102491,0,0,2,0,40,0,20,1001,0,0
10249105,102491,0,0,2,0,40,0,20,1001,0,0
10249106,102491,0,0,2,0,40,0,20,1001,0,0
10249107,102491,0,0,2,0,40,0,20,1001,0,0
10249108,102491,0,0,2,0,40,0,20,1001,0,0
10249109,102491,0,0,2,0,40,0,20,1001,0,0
10249110,102491,0,0,2,0,40,0,20,1001,0,0
10249201,102492,0,0,0.75,0,35,0,0,1002,2003,0
10249202,102492,0,0,0.75,0,35,0,0,1002,2003,0
10249203,102492,0,0,0.75,0,35,0,0,1002,2003,0
10249204,102492,0,0,0.75,0,35,0,0,1002,2003,0
10249205,102492,0,0,0.75,0,35,0,0,1002,2003,0
10249206,102492,0,0,0.75,0,35,0,0,1002,2003,0
10249207,102492,0,0,0.75,0,35,0,0,1002,2003,0
10249208,102492,0,0,0.75,0,35,0,0,1002,2003,0
10249209,102492,0,0,0.75,0,35,0,0,1002,2003,0
10249210,102492,0,0,0.75,0,35,0,0,1002,2003,0
10249301,102493,0,0,1.5,0,40,0,0,1001,0,0
10249302,102493,0,0,1.5,0,40,0,0,1001,0,0
10249303,102493,0,0,1.5,0,40,0,0,1001,0,0
10249304,102493,0,0,1.5,0,40,0,0,1001,0,0
10249305,102493,0,0,1.5,0,40,0,0,1001,0,0
10249306,102493,0,0,1.5,0,40,0,0,1001,0,0
10249307,102493,0,0,1.5,0,40,0,0,1001,0,0
10249308,102493,0,0,1.5,0,40,0,0,1001,0,0
10249309,102493,0,0,1.5,0,40,0,0,1001,0,0
10249310,102493,0,0,1.5,0,40,0,0,1001,0,0
10285101,102851,0,0,2.4,0,60,0,30,1001,0,0
10285102,102851,0,0,2.4,0,59.67,0,29.84,1001,0,0
10285103,102851,0,0,2.4,0,59.33,0,29.67,1001,0,0
10285104,102851,0,0,2.4,0,59,0,29.5,1001,0,0
10285105,102851,0,0,2.4,0,58.67,0,29.34,1001,0,0
10285106,102851,0,0,2.4,0,58.33,0,29.17,1001,0,0
10285107,102851,0,0,2.4,0,58,0,29,1001,0,0
10285108,102851,0,0,2.4,0,57.67,0,28.84,1001,0,0
10285109,102851,0,0,2.4,0,57.33,0,28.67,1001,0,0
10285110,102851,0,0,2.4,0,57,0,28.5,1001,0,0
10285201,102852,0,0,1.5,0,30,0,0,1001,0,0
10285202,102852,0,0,1.44,0,29,0,0,1001,0,0
10285203,102852,0,0,1.39,0,28,0,0,1001,0,0
10285204,102852,0,0,1.33,0,27,0,0,1001,0,0
10285205,102852,0,0,1.28,0,26,0,0,1001,0,0
10285206,102852,0,0,1.22,0,25,0,0,1001,0,0
10285207,102852,0,0,1.17,0,24,0,0,1001,0,0
10285208,102852,0,0,1.11,0,23,0,0,1001,0,0
10285209,102852,0,0,1.06,0,22,0,0,1001,0,0
10285210,102852,0,0,1,0,21,0,0,1001,0,0
10285301,102853,0,0,1.5,0,20,0,0,1001,0,0
10285302,102853,0,0,1.44,0,19.33,0,0,1001,0,0
10285303,102853,0,0,1.39,0,18.67,0,0,1001,0,0
10285304,102853,0,0,1.33,0,18,0,0,1001,0,0
10285305,102853,0,0,1.28,0,17.33,0,0,1001,0,0
10285306,102853,0,0,1.22,0,16.67,0,0,1001,0,0
10285307,102853,0,0,1.17,0,16,0,0,1001,0,0
10285308,102853,0,0,1.11,0,15.33,0,0,1001,0,0
10285309,102853,0,0,1.06,0,14.67,0,0,1001,0,0
10285310,102853,0,0,1,0,14,0,0,1001,0,0
10289101,102891,0,0,0.5,0,60,0,30,1001,1006,2002
10289102,102891,0,0,0.5,0,60,0,30,1001,1006,2002
10289103,102891,0,0,0.5,0,60,0,30,1001,1006,2002
10289104,102891,0,0,0.5,0,60,0,30,1001,1006,2002
10289105,102891,0,0,0.5,0,60,0,30,1001,1006,2002
10289106,102891,0,0,0.5,0,60,0,30,1001,1006,2002
10289107,102891,0,0,0.5,0,60,0,30,1001,1006,2002
10289108,102891,0,0,0.5,0,60,0,30,1001,1006,2002
10289109,102891,0,0,0.5,0,60,0,30,1001,1006,2002
10289110,102891,0,0,0.5,0,60,0,30,1001,1006,2002
10289201,102892,0,0,0.5,0,30,0,0,1001,3001,0
10289202,102892,0,0,0.5,0,30,0,0,1001,3001,0
10289203,102892,0,0,0.5,0,30,0,0,1001,3001,0
10289204,102892,0,0,0.5,0,30,0,0,1001,3001,0
10289205,102892,0,0,0.5,0,30,0,0,1001,3001,0
10289206,102892,0,0,0.5,0,30,0,0,1001,3001,0
10289207,102892,0,0,0.5,0,30,0,0,1001,3001,0
10289208,102892,0,0,0.5,0,30,0,0,1001,3001,0
10289209,102892,0,0,0.5,0,30,0,0,1001,3001,0
10289210,102892,0,0,0.5,0,30,0,0,1001,3001,0
10289301,102893,0,0,0.5,0,40,0,0,1001,1006,0
10289302,102893,0,0,0.5,0,40,0,0,1001,1006,0
10289303,102893,0,0,0.5,0,40,0,0,1001,1006,0
10289304,102893,0,0,0.5,0,40,0,0,1001,1006,0
10289305,102893,0,0,0.5,0,40,0,0,1001,1006,0
10289306,102893,0,0,0.5,0,40,0,0,1001,1006,0
10289307,102893,0,0,0.5,0,40,0,0,1001,1006,0
10289308,102893,0,0,0.5,0,40,0,0,1001,1006,0
10289309,102893,0,0,0.5,0,40,0,0,1001,1006,0
10289310,102893,0,0,0.5,0,40,0,0,1001,1006,0
10301101,103011,0,0,2,0,50,0,25,2010,0,0
10301102,103011,0,0,2,0,48.89,0,24.45,2010,0,0
10301103,103011,0,0,2,0,47.78,0,23.89,2010,0,0
10301104,103011,0,0,2,0,46.67,0,23.34,2010,0,0
10301105,103011,0,0,2,0,45.56,0,22.78,2010,0,0
10301106,103011,0,0,2,0,44.44,0,22.22,2010,0,0
10301107,103011,0,0,2,0,43.33,0,21.67,2010,0,0
10301108,103011,0,0,2,0,42.22,0,21.11,2010,0,0
10301109,103011,0,0,2,0,41.11,0,20.56,2010,0,0
10301110,103011,0,0,2,0,40,0,20,2010,0,0
10301201,103012,0,0,1.5,0,20,0,0,1001,0,0
10301202,103012,0,0,1.5,0,19.33,0,0,1001,0,0
10301203,103012,0,0,1.5,0,18.67,0,0,1001,0,0
10301204,103012,0,0,1.5,0,18,0,0,1001,0,0
10301205,103012,0,0,1.5,0,17.33,0,0,1001,0,0
10301206,103012,0,0,1.5,0,16.67,0,0,1001,0,0
10301207,103012,0,0,1.5,0,16,0,0,1001,0,0
10301208,103012,0,0,1.5,0,15.33,0,0,1001,0,0
10301209,103012,0,0,1.5,0,14.67,0,0,1001,0,0
10301210,103012,0,0,1.5,0,14,0,0,1001,0,0
10301301,103013,0,0,2.4,0,40,0,0,3001,0,0
10301302,103013,0,0,2.3,0,38.89,0,0,3001,0,0
10301303,103013,0,0,2.2,0,37.78,0,0,3001,0,0
10301304,103013,0,0,2.1,0,36.67,0,0,3001,0,0
10301305,103013,0,0,2,0,35.56,0,0,3001,0,0
10301306,103013,0,0,1.9,0,34.44,0,0,3001,0,0
10301307,103013,0,0,1.8,0,33.33,0,0,3001,0,0
10301308,103013,0,0,1.7,0,32.22,0,0,3001,0,0
10301309,103013,0,0,1.6,0,31.11,0,0,3001,0,0
10301310,103013,0,0,1.5,0,30,0,0,3001,0,0
10306101,103061,0,0,1,0,40,0,20,1001,4001,0
10306102,103061,0,0,1,0,40,0,20,1001,4001,0
10306103,103061,0,0,1,0,40,0,20,1001,4001,0
10306104,103061,0,0,1,0,40,0,20,1001,4001,0
10306105,103061,0,0,1,0,40,0,20,1001,4001,0
10306106,103061,0,0,1,0,40,0,20,1001,4001,0
10306107,103061,0,0,1,0,40,0,20,1001,4001,0
10306108,103061,0,0,1,0,40,0,20,1001,4001,0
10306109,103061,0,0,1,0,40,0,20,1001,4001,0
10306110,103061,0,0,1,0,40,0,20,1001,4001,0
10306201,103062,0,0,1,0,30,0,0,1002,2003,0
10306202,103062,0,0,1,0,30,0,0,1002,2003,0
10306203,103062,0,0,1,0,30,0,0,1002,2003,0
10306204,103062,0,0,1,0,30,0,0,1002,2003,0
10306205,103062,0,0,1,0,30,0,0,1002,2003,0
10306206,103062,0,0,1,0,30,0,0,1002,2003,0
10306207,103062,0,0,1,0,30,0,0,1002,2003,0
10306208,103062,0,0,1,0,30,0,0,1002,2003,0
10306209,103062,0,0,1,0,30,0,0,1002,2003,0
10306210,103062,0,0,1,0,30,0,0,1002,2003,0
10306301,103063,0,0,1,0,30,0,0,3001,0,0
10306302,103063,0,0,1,0,30,0,0,3001,0,0
10306303,103063,0,0,1,0,30,0,0,3001,0,0
10306304,103063,0,0,1,0,30,0,0,3001,0,0
10306305,103063,0,0,1,0,30,0,0,3001,0,0
10306306,103063,0,0,1,0,30,0,0,3001,0,0
10306307,103063,0,0,1,0,30,0,0,3001,0,0
10306308,103063,0,0,1,0,30,0,0,3001,0,0
10306309,103063,0,0,1,0,30,0,0,3001,0,0
10306310,103063,0,0,1,0,30,0,0,3001,0,0
10313101,103131,0,0,1.5,0,40,0,20,1001,3001,0
10313102,103131,0,0,1.5,0,40,0,20,1001,3001,0
10313103,103131,0,0,1.5,0,40,0,20,1001,3001,0
10313104,103131,0,0,1.5,0,40,0,20,1001,3001,0
10313105,103131,0,0,1.5,0,40,0,20,1001,3001,0
10313106,103131,0,0,1.5,0,40,0,20,1001,3001,0
10313107,103131,0,0,1.5,0,40,0,20,1001,3001,0
10313108,103131,0,0,1.5,0,40,0,20,1001,3001,0
10313109,103131,0,0,1.5,0,40,0,20,1001,3001,0
10313110,103131,0,0,1.5,0,40,0,20,1001,3001,0
10313201,103132,0,0,1,0,25,0,0,1001,2010,0
10313202,103132,0,0,1,0,25,0,0,1001,2010,0
10313203,103132,0,0,1,0,25,0,0,1001,2010,0
10313204,103132,0,0,1,0,25,0,0,1001,2010,0
10313205,103132,0,0,1,0,25,0,0,1001,2010,0
10313206,103132,0,0,1,0,25,0,0,1001,2010,0
10313207,103132,0,0,1,0,25,0,0,1001,2010,0
10313208,103132,0,0,1,0,25,0,0,1001,2010,0
10313209,103132,0,0,1,0,25,0,0,1001,2010,0
10313210,103132,0,0,1,0,25,0,0,1001,2010,0
10313301,103133,0,0,1,0,30,0,0,3001,0,0
10313302,103133,0,0,1,0,30,0,0,3001,0,0
10313303,103133,0,0,1,0,30,0,0,3001,0,0
10313304,103133,0,0,1,0,30,0,0,3001,0,0
10313305,103133,0,0,1,0,30,0,0,3001,0,0
10313306,103133,0,0,1,0,30,0,0,3001,0,0
10313307,103133,0,0,1,0,30,0,0,3001,0,0
10313308,103133,0,0,1,0,30,0,0,3001,0,0
10313309,103133,0,0,1,0,30,0,0,3001,0,0
10313310,103133,0,0,1,0,30,0,0,3001,0,0
10324101,103241,0,0,1.5,0,50,0,25,1001,2015,0
10324102,103241,0,0,1.5,0,50,0,25,1001,2015,0
10324103,103241,0,0,1.5,0,50,0,25,1001,2015,0
10324104,103241,0,0,1.5,0,50,0,25,1001,2015,0
10324105,103241,0,0,1.5,0,50,0,25,1001,2015,0
10324106,103241,0,0,1.5,0,50,0,25,1001,2015,0
10324107,103241,0,0,1.5,0,50,0,25,1001,2015,0
10324108,103241,0,0,1.5,0,50,0,25,1001,2015,0
10324109,103241,0,0,1.5,0,50,0,25,1001,2015,0
10324110,103241,0,0,1.5,0,50,0,25,1001,2015,0
10324201,103242,0,0,1,0,35,0,0,1001,3001,0
10324202,103242,0,0,1,0,35,0,0,1001,3001,0
10324203,103242,0,0,1,0,35,0,0,1001,3001,0
10324204,103242,0,0,1,0,35,0,0,1001,3001,0
10324205,103242,0,0,1,0,35,0,0,1001,3001,0
10324206,103242,0,0,1,0,35,0,0,1001,3001,0
10324207,103242,0,0,1,0,35,0,0,1001,3001,0
10324208,103242,0,0,1,0,35,0,0,1001,3001,0
10324209,103242,0,0,1,0,35,0,0,1001,3001,0
10324210,103242,0,0,1,0,35,0,0,1001,3001,0
10324301,103243,0,0,0.5,0,25,0,0,1002,2002,0
10324302,103243,0,0,0.5,0,25,0,0,1002,2002,0
10324303,103243,0,0,0.5,0,25,0,0,1002,2002,0
10324304,103243,0,0,0.5,0,25,0,0,1002,2002,0
10324305,103243,0,0,0.5,0,25,0,0,1002,2002,0
10324306,103243,0,0,0.5,0,25,0,0,1002,2002,0
10324307,103243,0,0,0.5,0,25,0,0,1002,2002,0
10324308,103243,0,0,0.5,0,25,0,0,1002,2002,0
10324309,103243,0,0,0.5,0,25,0,0,1002,2002,0
10324310,103243,0,0,0.5,0,25,0,0,1002,2002,0
10383101,103831,0,0,2,0,55,0,27.5,1001,0,0
10383102,103831,0,0,2,0,55,0,27.5,1001,0,0
10383103,103831,0,0,2,0,55,0,27.5,1001,0,0
10383104,103831,0,0,2,0,55,0,27.5,1001,0,0
10383105,103831,0,0,2,0,55,0,27.5,1001,0,0
10383106,103831,0,0,2,0,55,0,27.5,1001,0,0
10383107,103831,0,0,2,0,55,0,27.5,1001,0,0
10383108,103831,0,0,2,0,55,0,27.5,1001,0,0
10383109,103831,0,0,2,0,55,0,27.5,1001,0,0
10383110,103831,0,0,2,0,55,0,27.5,1001,0,0
10383201,103832,0,0,2,0,30,0,0,1001,2003,0
10383202,103832,0,0,2,0,30,0,0,1001,2003,0
10383203,103832,0,0,2,0,30,0,0,1001,2003,0
10383204,103832,0,0,2,0,30,0,0,1001,2003,0
10383205,103832,0,0,2,0,30,0,0,1001,2003,0
10383206,103832,0,0,2,0,30,0,0,1001,2003,0
10383207,103832,0,0,2,0,30,0,0,1001,2003,0
10383208,103832,0,0,2,0,30,0,0,1001,2003,0
10383209,103832,0,0,2,0,30,0,0,1001,2003,0
10383210,103832,0,0,2,0,30,0,0,1001,2003,0
10383301,103833,0,0,1.5,0,40,0,0,1001,3001,0
10383302,103833,0,0,1.5,0,40,0,0,1001,3001,0
10383303,103833,0,0,1.5,0,40,0,0,1001,3001,0
10383304,103833,0,0,1.5,0,40,0,0,1001,3001,0
10383305,103833,0,0,1.5,0,40,0,0,1001,3001,0
10383306,103833,0,0,1.5,0,40,0,0,1001,3001,0
10383307,103833,0,0,1.5,0,40,0,0,1001,3001,0
10383308,103833,0,0,1.5,0,40,0,0,1001,3001,0
10383309,103833,0,0,1.5,0,40,0,0,1001,3001,0
10383310,103833,0,0,1.5,0,40,0,0,1001,3001,0
10385101,103851,0,0,1.5,0,45,0,22.5,1001,3001,0
10385102,103851,0,0,1.5,0,45,0,22.5,1001,3001,0
10385103,103851,0,0,1.5,0,45,0,22.5,1001,3001,0
10385104,103851,0,0,1.5,0,45,0,22.5,1001,3001,0
10385105,103851,0,0,1.5,0,45,0,22.5,1001,3001,0
10385106,103851,0,0,1.5,0,45,0,22.5,1001,3001,0
10385107,103851,0,0,1.5,0,45,0,22.5,1001,3001,0
10385108,103851,0,0,1.5,0,45,0,22.5,1001,3001,0
10385109,103851,0,0,1.5,0,45,0,22.5,1001,3001,0
10385110,103851,0,0,1.5,0,45,0,22.5,1001,3001,0
10385201,103852,0,0,1.5,0,30,0,0,1002,4001,0
10385202,103852,0,0,1.5,0,30,0,0,1002,4001,0
10385203,103852,0,0,1.5,0,30,0,0,1002,4001,0
10385204,103852,0,0,1.5,0,30,0,0,1002,4001,0
10385205,103852,0,0,1.5,0,30,0,0,1002,4001,0
10385206,103852,0,0,1.5,0,30,0,0,1002,4001,0
10385207,103852,0,0,1.5,0,30,0,0,1002,4001,0
10385208,103852,0,0,1.5,0,30,0,0,1002,4001,0
10385209,103852,0,0,1.5,0,30,0,0,1002,4001,0
10385210,103852,0,0,1.5,0,30,0,0,1002,4001,0
10385301,103853,0,0,0,0,25,0,0,1001,2003,0
10385302,103853,0,0,0,0,25,0,0,1001,2003,0
10385303,103853,0,0,0,0,25,0,0,1001,2003,0
10385304,103853,0,0,0,0,25,0,0,1001,2003,0
10385305,103853,0,0,0,0,25,0,0,1001,2003,0
10385306,103853,0,0,0,0,25,0,0,1001,2003,0
10385307,103853,0,0,0,0,25,0,0,1001,2003,0
10385308,103853,0,0,0,0,25,0,0,1001,2003,0
10385309,103853,0,0,0,0,25,0,0,1001,2003,0
10385310,103853,0,0,0,0,25,0,0,1001,2003,0
10390101,103901,0,0,2,0,50,0,25,1001,2015,2003
10390102,103901,0,0,2,0,50,0,25,1001,2015,2003
10390103,103901,0,0,2,0,50,0,25,1001,2015,2003
10390104,103901,0,0,2,0,50,0,25,1001,2015,2003
10390105,103901,0,0,2,0,50,0,25,1001,2015,2003
10390106,103901,0,0,2,0,50,0,25,1001,2015,2003
10390107,103901,0,0,2,0,50,0,25,1001,2015,2003
10390108,103901,0,0,2,0,50,0,25,1001,2015,2003
10390109,103901,0,0,2,0,50,0,25,1001,2015,2003
10390110,103901,0,0,2,0,50,0,25,1001,2015,2003
10390201,103902,0,0,1.5,0,40,0,0,1001,2003,4001
10390202,103902,0,0,1.5,0,40,0,0,1001,2003,4001
10390203,103902,0,0,1.5,0,40,0,0,1001,2003,4001
10390204,103902,0,0,1.5,0,40,0,0,1001,2003,4001
10390205,103902,0,0,1.5,0,40,0,0,1001,2003,4001
10390206,103902,0,0,1.5,0,40,0,0,1001,2003,4001
10390207,103902,0,0,1.5,0,40,0,0,1001,2003,4001
10390208,103902,0,0,1.5,0,40,0,0,1001,2003,4001
10390209,103902,0,0,1.5,0,40,0,0,1001,2003,4001
10390210,103902,0,0,1.5,0,40,0,0,1001,2003,4001
10390301,103903,0,0,1,0,30,0,0,1002,2002,0
10390302,103903,0,0,1,0,30,0,0,1002,2002,0
10390303,103903,0,0,1,0,30,0,0,1002,2002,0
10390304,103903,0,0,1,0,30,0,0,1002,2002,0
10390305,103903,0,0,1,0,30,0,0,1002,2002,0
10390306,103903,0,0,1,0,30,0,0,1002,2002,0
10390307,103903,0,0,1,0,30,0,0,1002,2002,0
10390308,103903,0,0,1,0,30,0,0,1002,2002,0
10390309,103903,0,0,1,0,30,0,0,1002,2002,0
10390310,103903,0,0,1,0,30,0,0,1002,2002,0
10403101,104031,0,0,1.5,0,45,0,22.5,1001,2010,0
10403102,104031,0,0,1.5,0,45,0,22.5,1001,2010,0
10403103,104031,0,0,1.5,0,45,0,22.5,1001,2010,0
10403104,104031,0,0,1.5,0,45,0,22.5,1001,2010,0
10403105,104031,0,0,1.5,0,45,0,22.5,1001,2010,0
10403106,104031,0,0,1.5,0,45,0,22.5,1001,2010,0
10403107,104031,0,0,1.5,0,45,0,22.5,1001,2010,0
10403108,104031,0,0,1.5,0,45,0,22.5,1001,2010,0
10403109,104031,0,0,1.5,0,45,0,22.5,1001,2010,0
10403110,104031,0,0,1.5,0,45,0,22.5,1001,2010,0
10403201,104032,0,0,1,0,25,0,0,5003,0,0
10403202,104032,0,0,1,0,25,0,0,5003,0,0
10403203,104032,0,0,1,0,25,0,0,5003,0,0
10403204,104032,0,0,1,0,25,0,0,5003,0,0
10403205,104032,0,0,1,0,25,0,0,5003,0,0
10403206,104032,0,0,1,0,25,0,0,5003,0,0
10403207,104032,0,0,1,0,25,0,0,5003,0,0
10403208,104032,0,0,1,0,25,0,0,5003,0,0
10403209,104032,0,0,1,0,25,0,0,5003,0,0
10403210,104032,0,0,1,0,25,0,0,5003,0,0
10403301,104033,0,0,3,0,30,0,0,5004,0,0
10403302,104033,0,0,3,0,30,0,0,5004,0,0
10403303,104033,0,0,3,0,30,0,0,5004,0,0
10403304,104033,0,0,3,0,30,0,0,5004,0,0
10403305,104033,0,0,3,0,30,0,0,5004,0,0
10403306,104033,0,0,3,0,30,0,0,5004,0,0
10403307,104033,0,0,3,0,30,0,0,5004,0,0
10403308,104033,0,0,3,0,30,0,0,5004,0,0
10403309,104033,0,0,3,0,30,0,0,5004,0,0
10403310,104033,0,0,3,0,30,0,0,5004,0,0
10415101,104151,0,0,1.5,0,40,0,20,1001,2003,0
10415102,104151,0,0,1.5,0,40,0,20,1001,2003,0
10415103,104151,0,0,1.5,0,40,0,20,1001,2003,0
10415104,104151,0,0,1.5,0,40,0,20,1001,2003,0
10415105,104151,0,0,1.5,0,40,0,20,1001,2003,0
10415106,104151,0,0,1.5,0,40,0,20,1001,2003,0
10415107,104151,0,0,1.5,0,40,0,20,1001,2003,0
10415108,104151,0,0,1.5,0,40,0,20,1001,2003,0
10415109,104151,0,0,1.5,0,40,0,20,1001,2003,0
10415110,104151,0,0,1.5,0,40,0,20,1001,2003,0
10415201,104152,0,0,1,0,30,0,0,1002,4001,0
10415202,104152,0,0,1,0,30,0,0,1002,4001,0
10415203,104152,0,0,1,0,30,0,0,1002,4001,0
10415204,104152,0,0,1,0,30,0,0,1002,4001,0
10415205,104152,0,0,1,0,30,0,0,1002,4001,0
10415206,104152,0,0,1,0,30,0,0,1002,4001,0
10415207,104152,0,0,1,0,30,0,0,1002,4001,0
10415208,104152,0,0,1,0,30,0,0,1002,4001,0
10415209,104152,0,0,1,0,30,0,0,1002,4001,0
10415210,104152,0,0,1,0,30,0,0,1002,4001,0
10415301,104153,0,0,1,0,25,0,0,3001,0,0
10415302,104153,0,0,1,0,25,0,0,3001,0,0
10415303,104153,0,0,1,0,25,0,0,3001,0,0
10415304,104153,0,0,1,0,25,0,0,3001,0,0
10415305,104153,0,0,1,0,25,0,0,3001,0,0
10415306,104153,0,0,1,0,25,0,0,3001,0,0
10415307,104153,0,0,1,0,25,0,0,3001,0,0
10415308,104153,0,0,1,0,25,0,0,3001,0,0
10415309,104153,0,0,1,0,25,0,0,3001,0,0
10415310,104153,0,0,1,0,25,0,0,3001,0,0
10416101,104161,0,0,1,0,40,0,20,1003,2003,0
10416102,104161,0,0,1,0,40,0,20,1003,2003,0
10416103,104161,0,0,1,0,40,0,20,1003,2003,0
10416104,104161,0,0,1,0,40,0,20,1003,2003,0
10416105,104161,0,0,1,0,40,0,20,1003,2003,0
10416106,104161,0,0,1,0,40,0,20,1003,2003,0
10416107,104161,0,0,1,0,40,0,20,1003,2003,0
10416108,104161,0,0,1,0,40,0,20,1003,2003,0
10416109,104161,0,0,1,0,40,0,20,1003,2003,0
10416110,104161,0,0,1,0,40,0,20,1003,2003,0
10416201,104162,0,0,2,0,70,0,0,2007,0,0
10416202,104162,0,0,2,0,67.78,0,0,2007,0,0
10416203,104162,0,0,2,0,65.56,0,0,2007,0,0
10416204,104162,0,0,2,0,63.33,0,0,2007,0,0
10416205,104162,0,0,2,0,61.11,0,0,2007,0,0
10416206,104162,0,0,2,0,58.89,0,0,2007,0,0
10416207,104162,0,0,2,0,56.67,0,0,2007,0,0
10416208,104162,0,0,2,0,54.44,0,0,2007,0,0
10416209,104162,0,0,2,0,52.22,0,0,2007,0,0
10416210,104162,0,0,2,0,50,0,0,2007,0,0
10416301,104163,0,0,1,0,25,0,0,1001,3001,0
10416302,104163,0,0,1,0,25,0,0,1001,3001,0
10416303,104163,0,0,1,0,25,0,0,1001,3001,0
10416304,104163,0,0,1,0,25,0,0,1001,3001,0
10416305,104163,0,0,1,0,25,0,0,1001,3001,0
10416306,104163,0,0,1,0,25,0,0,1001,3001,0
10416307,104163,0,0,1,0,25,0,0,1001,3001,0
10416308,104163,0,0,1,0,25,0,0,1001,3001,0
10416309,104163,0,0,1,0,25,0,0,1001,3001,0
10416310,104163,0,0,1,0,25,0,0,1001,3001,0
10418101,104181,0,0,1,0,45,0,22.5,1001,3001,2004
10418102,104181,0,0,1,0,45,0,22.5,1001,3001,2004
10418103,104181,0,0,1,0,45,0,22.5,1001,3001,2004
10418104,104181,0,0,1,0,45,0,22.5,1001,3001,2004
10418105,104181,0,0,1,0,45,0,22.5,1001,3001,2004
10418106,104181,0,0,1,0,45,0,22.5,1001,3001,2004
10418107,104181,0,0,1,0,45,0,22.5,1001,3001,2004
10418108,104181,0,0,1,0,45,0,22.5,1001,3001,2004
10418109,104181,0,0,1,0,45,0,22.5,1001,3001,2004
10418110,104181,0,0,1,0,45,0,22.5,1001,3001,2004
10418201,104182,0,0,1.5,0,20,0,0,5002,2017,0
10418202,104182,0,0,1.5,0,20,0,0,5002,2017,0
10418203,104182,0,0,1.5,0,20,0,0,5002,2017,0
10418204,104182,0,0,1.5,0,20,0,0,5002,2017,0
10418205,104182,0,0,1.5,0,20,0,0,5002,2017,0
10418206,104182,0,0,1.5,0,20,0,0,5002,2017,0
10418207,104182,0,0,1.5,0,20,0,0,5002,2017,0
10418208,104182,0,0,1.5,0,20,0,0,5002,2017,0
10418209,104182,0,0,1.5,0,20,0,0,5002,2017,0
10418210,104182,0,0,1.5,0,20,0,0,5002,2017,0
10418301,104183,0,0,1,0,30,0,0,5002,2010,0
10418302,104183,0,0,1,0,30,0,0,5002,2010,0
10418303,104183,0,0,1,0,30,0,0,5002,2010,0
10418304,104183,0,0,1,0,30,0,0,5002,2010,0
10418305,104183,0,0,1,0,30,0,0,5002,2010,0
10418306,104183,0,0,1,0,30,0,0,5002,2010,0
10418307,104183,0,0,1,0,30,0,0,5002,2010,0
10418308,104183,0,0,1,0,30,0,0,5002,2010,0
10418309,104183,0,0,1,0,30,0,0,5002,2010,0
10418310,104183,0,0,1,0,30,0,0,5002,2010,0
10440101,104401,0,0,1.5,0,50,0,25,1001,4001,0
10440102,104401,0,0,1.5,0,50,0,25,1001,4001,0
10440103,104401,0,0,1.5,0,50,0,25,1001,4001,0
10440104,104401,0,0,1.5,0,50,0,25,1001,4001,0
10440105,104401,0,0,1.5,0,50,0,25,1001,4001,0
10440106,104401,0,0,1.5,0,50,0,25,1001,4001,0
10440107,104401,0,0,1.5,0,50,0,25,1001,4001,0
10440108,104401,0,0,1.5,0,50,0,25,1001,4001,0
10440109,104401,0,0,1.5,0,50,0,25,1001,4001,0
10440110,104401,0,0,1.5,0,50,0,25,1001,4001,0
10440201,104402,0,0,0.5,0,45,0,0,1001,3001,0
10440202,104402,0,0,0.5,0,45,0,0,1001,3001,0
10440203,104402,0,0,0.5,0,45,0,0,1001,3001,0
10440204,104402,0,0,0.5,0,45,0,0,1001,3001,0
10440205,104402,0,0,0.5,0,45,0,0,1001,3001,0
10440206,104402,0,0,0.5,0,45,0,0,1001,3001,0
10440207,104402,0,0,0.5,0,45,0,0,1001,3001,0
10440208,104402,0,0,0.5,0,45,0,0,1001,3001,0
10440209,104402,0,0,0.5,0,45,0,0,1001,3001,0
10440210,104402,0,0,0.5,0,45,0,0,1001,3001,0
10440301,104403,0,0,1,0,25,0,0,1002,2002,0
10440302,104403,0,0,1,0,25,0,0,1002,2002,0
10440303,104403,0,0,1,0,25,0,0,1002,2002,0
10440304,104403,0,0,1,0,25,0,0,1002,2002,0
10440305,104403,0,0,1,0,25,0,0,1002,2002,0
10440306,104403,0,0,1,0,25,0,0,1002,2002,0
10440307,104403,0,0,1,0,25,0,0,1002,2002,0
10440308,104403,0,0,1,0,25,0,0,1002,2002,0
10440309,104403,0,0,1,0,25,0,0,1002,2002,0
10440310,104403,0,0,1,0,25,0,0,1002,2002,0
10449101,104491,0,0,1.5,0,50,0,25,1001,1005,0
10449102,104491,0,0,1.5,0,50,0,25,1001,1005,0
10449103,104491,0,0,1.5,0,50,0,25,1001,1005,0
10449104,104491,0,0,1.5,0,50,0,25,1001,1005,0
10449105,104491,0,0,1.5,0,50,0,25,1001,1005,0
10449106,104491,0,0,1.5,0,50,0,25,1001,1005,0
10449107,104491,0,0,1.5,0,50,0,25,1001,1005,0
10449108,104491,0,0,1.5,0,50,0,25,1001,1005,0
10449109,104491,0,0,1.5,0,50,0,25,1001,1005,0
10449110,104491,0,0,1.5,0,50,0,25,1001,1005,0
10449201,104492,0,0,1,0,35,0,0,1002,1006,0
10449202,104492,0,0,1,0,35,0,0,1002,1006,0
10449203,104492,0,0,1,0,35,0,0,1002,1006,0
10449204,104492,0,0,1,0,35,0,0,1002,1006,0
10449205,104492,0,0,1,0,35,0,0,1002,1006,0
10449206,104492,0,0,1,0,35,0,0,1002,1006,0
10449207,104492,0,0,1,0,35,0,0,1002,1006,0
10449208,104492,0,0,1,0,35,0,0,1002,1006,0
10449209,104492,0,0,1,0,35,0,0,1002,1006,0
10449210,104492,0,0,1,0,35,0,0,1002,1006,0
10449301,104493,0,0,0.75,0,20,0,0,1004,0,0
10449302,104493,0,0,0.75,0,20,0,0,1004,0,0
10449303,104493,0,0,0.75,0,20,0,0,1004,0,0
10449304,104493,0,0,0.75,0,20,0,0,1004,0,0
10449305,104493,0,0,0.75,0,20,0,0,1004,0,0
10449306,104493,0,0,0.75,0,20,0,0,1004,0,0
10449307,104493,0,0,0.75,0,20,0,0,1004,0,0
10449308,104493,0,0,0.75,0,20,0,0,1004,0,0
10449309,104493,0,0,0.75,0,20,0,0,1004,0,0
10449310,104493,0,0,0.75,0,20,0,0,1004,0,0
10485101,104851,0,0,2,0,50,0,25,5002,0,0
10485102,104851,0,0,2,0,50,0,25,5002,0,0
10485103,104851,0,0,2,0,50,0,25,5002,0,0
10485104,104851,0,0,2,0,50,0,25,5002,0,0
10485105,104851,0,0,2,0,50,0,25,5002,0,0
10485106,104851,0,0,2,0,50,0,25,5002,0,0
10485107,104851,0,0,2,0,50,0,25,5002,0,0
10485108,104851,0,0,2,0,50,0,25,5002,0,0
10485109,104851,0,0,2,0,50,0,25,5002,0,0
10485110,104851,0,0,2,0,50,0,25,5002,0,0
10485201,104852,0,0,1,0,30,0,0,5003,2017,0
10485202,104852,0,0,1,0,30,0,0,5003,2017,0
10485203,104852,0,0,1,0,30,0,0,5003,2017,0
10485204,104852,0,0,1,0,30,0,0,5003,2017,0
10485205,104852,0,0,1,0,30,0,0,5003,2017,0
10485206,104852,0,0,1,0,30,0,0,5003,2017,0
10485207,104852,0,0,1,0,30,0,0,5003,2017,0
10485208,104852,0,0,1,0,30,0,0,5003,2017,0
10485209,104852,0,0,1,0,30,0,0,5003,2017,0
10485210,104852,0,0,1,0,30,0,0,5003,2017,0
10485301,104853,0,0,3,0,30,0,0,5004,0,0
10485302,104853,0,0,3,0,30,0,0,5004,0,0
10485303,104853,0,0,3,0,30,0,0,5004,0,0
10485304,104853,0,0,3,0,30,0,0,5004,0,0
10485305,104853,0,0,3,0,30,0,0,5004,0,0
10485306,104853,0,0,3,0,30,0,0,5004,0,0
10485307,104853,0,0,3,0,30,0,0,5004,0,0
10485308,104853,0,0,3,0,30,0,0,5004,0,0
10485309,104853,0,0,3,0,30,0,0,5004,0,0
10485310,104853,0,0,3,0,30,0,0,5004,0,0
10502101,105021,0,0,1.5,0,30,0,15,1001,3001,0
10502102,105021,0,0,1.5,0,30,0,15,1001,3001,0
10502103,105021,0,0,1.5,0,30,0,15,1001,3001,0
10502104,105021,0,0,1.5,0,30,0,15,1001,3001,0
10502105,105021,0,0,1.5,0,30,0,15,1001,3001,0
10502106,105021,0,0,1.5,0,30,0,15,1001,3001,0
10502107,105021,0,0,1.5,0,30,0,15,1001,3001,0
10502108,105021,0,0,1.5,0,30,0,15,1001,3001,0
10502109,105021,0,0,1.5,0,30,0,15,1001,3001,0
10502110,105021,0,0,1.5,0,30,0,15,1001,3001,0
10502201,105022,0,0,1,0,25,0,0,1001,2014,0
10502202,105022,0,0,1,0,25,0,0,1001,2014,0
10502203,105022,0,0,1,0,25,0,0,1001,2014,0
10502204,105022,0,0,1,0,25,0,0,1001,2014,0
10502205,105022,0,0,1,0,25,0,0,1001,2014,0
10502206,105022,0,0,1,0,25,0,0,1001,2014,0
10502207,105022,0,0,1,0,25,0,0,1001,2014,0
10502208,105022,0,0,1,0,25,0,0,1001,2014,0
10502209,105022,0,0,1,0,25,0,0,1001,2014,0
10502210,105022,0,0,1,0,25,0,0,1001,2014,0
10502301,105023,0,0,1.5,0,30,0,0,3001,0,0
10502302,105023,0,0,1.5,0,30,0,0,3001,0,0
10502303,105023,0,0,1.5,0,30,0,0,3001,0,0
10502304,105023,0,0,1.5,0,30,0,0,3001,0,0
10502305,105023,0,0,1.5,0,30,0,0,3001,0,0
10502306,105023,0,0,1.5,0,30,0,0,3001,0,0
10502307,105023,0,0,1.5,0,30,0,0,3001,0,0
10502308,105023,0,0,1.5,0,30,0,0,3001,0,0
10502309,105023,0,0,1.5,0,30,0,0,3001,0,0
10502310,105023,0,0,1.5,0,30,0,0,3001,0,0
10503101,105031,0,0,1.5,0,60,0,30,1001,2003,0
10503102,105031,0,0,1.5,0,60,0,30,1001,2003,0
10503103,105031,0,0,1.5,0,60,0,30,1001,2003,0
10503104,105031,0,0,1.5,0,60,0,30,1001,2003,0
10503105,105031,0,0,1.5,0,60,0,30,1001,2003,0
10503106,105031,0,0,1.5,0,60,0,30,1001,2003,0
10503107,105031,0,0,1.5,0,60,0,30,1001,2003,0
10503108,105031,0,0,1.5,0,60,0,30,1001,2003,0
10503109,105031,0,0,1.5,0,60,0,30,1001,2003,0
10503110,105031,0,0,1.5,0,60,0,30,1001,2003,0
10503201,105032,0,0,0.5,0,25,0,0,1002,4001,0
10503202,105032,0,0,0.5,0,25,0,0,1002,4001,0
10503203,105032,0,0,0.5,0,25,0,0,1002,4001,0
10503204,105032,0,0,0.5,0,25,0,0,1002,4001,0
10503205,105032,0,0,0.5,0,25,0,0,1002,4001,0
10503206,105032,0,0,0.5,0,25,0,0,1002,4001,0
10503207,105032,0,0,0.5,0,25,0,0,1002,4001,0
10503208,105032,0,0,0.5,0,25,0,0,1002,4001,0
10503209,105032,0,0,0.5,0,25,0,0,1002,4001,0
10503210,105032,0,0,0.5,0,25,0,0,1002,4001,0
10503301,105033,0,0,1,0,45,0,0,3001,0,0
10503302,105033,0,0,1,0,45,0,0,3001,0,0
10503303,105033,0,0,1,0,45,0,0,3001,0,0
10503304,105033,0,0,1,0,45,0,0,3001,0,0
10503305,105033,0,0,1,0,45,0,0,3001,0,0
10503306,105033,0,0,1,0,45,0,0,3001,0,0
10503307,105033,0,0,1,0,45,0,0,3001,0,0
10503308,105033,0,0,1,0,45,0,0,3001,0,0
10503309,105033,0,0,1,0,45,0,0,3001,0,0
10503310,105033,0,0,1,0,45,0,0,3001,0,0
10507101,105071,0,0,2,0,50,0,25,1001,1006,0
10507102,105071,0,0,2,0,50,0,25,1001,1006,0
10507103,105071,0,0,2,0,50,0,25,1001,1006,0
10507104,105071,0,0,2,0,50,0,25,1001,1006,0
10507105,105071,0,0,2,0,50,0,25,1001,1006,0
10507106,105071,0,0,2,0,50,0,25,1001,1006,0
10507107,105071,0,0,2,0,50,0,25,1001,1006,0
10507108,105071,0,0,2,0,50,0,25,1001,1006,0
10507109,105071,0,0,2,0,50,0,25,1001,1006,0
10507110,105071,0,0,2,0,50,0,25,1001,1006,0
10507201,105072,0,0,1,0,45,0,0,1002,2003,0
10507202,105072,0,0,1,0,45,0,0,1002,2003,0
10507203,105072,0,0,1,0,45,0,0,1002,2003,0
10507204,105072,0,0,1,0,45,0,0,1002,2003,0
10507205,105072,0,0,1,0,45,0,0,1002,2003,0
10507206,105072,0,0,1,0,45,0,0,1002,2003,0
10507207,105072,0,0,1,0,45,0,0,1002,2003,0
10507208,105072,0,0,1,0,45,0,0,1002,2003,0
10507209,105072,0,0,1,0,45,0,0,1002,2003,0
10507210,105072,0,0,1,0,45,0,0,1002,2003,0
10507301,105073,0,0,0.5,0,35,0,0,1001,2003,0
10507302,105073,0,0,0.5,0,35,0,0,1001,2003,0
10507303,105073,0,0,0.5,0,35,0,0,1001,2003,0
10507304,105073,0,0,0.5,0,35,0,0,1001,2003,0
10507305,105073,0,0,0.5,0,35,0,0,1001,2003,0
10507306,105073,0,0,0.5,0,35,0,0,1001,2003,0
10507307,105073,0,0,0.5,0,35,0,0,1001,2003,0
10507308,105073,0,0,0.5,0,35,0,0,1001,2003,0
10507309,105073,0,0,0.5,0,35,0,0,1001,2003,0
10507310,105073,0,0,0.5,0,35,0,0,1001,2003,0
10517101,105171,0,0,2,0,50,0,25,1001,1006,0
10517102,105171,0,0,2,0,50,0,25,1001,1006,0
10517103,105171,0,0,2,0,50,0,25,1001,1006,0
10517104,105171,0,0,2,0,50,0,25,1001,1006,0
10517105,105171,0,0,2,0,50,0,25,1001,1006,0
10517106,105171,0,0,2,0,50,0,25,1001,1006,0
10517107,105171,0,0,2,0,50,0,25,1001,1006,0
10517108,105171,0,0,2,0,50,0,25,1001,1006,0
10517109,105171,0,0,2,0,50,0,25,1001,1006,0
10517110,105171,0,0,2,0,50,0,25,1001,1006,0
10517201,105172,0,0,1,0,25,0,0,1003,0,0
10517202,105172,0,0,1,0,25,0,0,1003,0,0
10517203,105172,0,0,1,0,25,0,0,1003,0,0
10517204,105172,0,0,1,0,25,0,0,1003,0,0
10517205,105172,0,0,1,0,25,0,0,1003,0,0
10517206,105172,0,0,1,0,25,0,0,1003,0,0
10517207,105172,0,0,1,0,25,0,0,1003,0,0
10517208,105172,0,0,1,0,25,0,0,1003,0,0
10517209,105172,0,0,1,0,25,0,0,1003,0,0
10517210,105172,0,0,1,0,25,0,0,1003,0,0
10517301,105173,0,0,1,0,20,0,0,1002,0,0
10517302,105173,0,0,1,0,20,0,0,1002,0,0
10517303,105173,0,0,1,0,20,0,0,1002,0,0
10517304,105173,0,0,1,0,20,0,0,1002,0,0
10517305,105173,0,0,1,0,20,0,0,1002,0,0
10517306,105173,0,0,1,0,20,0,0,1002,0,0
10517307,105173,0,0,1,0,20,0,0,1002,0,0
10517308,105173,0,0,1,0,20,0,0,1002,0,0
10517309,105173,0,0,1,0,20,0,0,1002,0,0
10517310,105173,0,0,1,0,20,0,0,1002,0,0
10518101,105181,0,0,1.5,0,40,0,20,1001,4001,0
10518102,105181,0,0,1.5,0,40,0,20,1001,4001,0
10518103,105181,0,0,1.5,0,40,0,20,1001,4001,0
10518104,105181,0,0,1.5,0,40,0,20,1001,4001,0
10518105,105181,0,0,1.5,0,40,0,20,1001,4001,0
10518106,105181,0,0,1.5,0,40,0,20,1001,4001,0
10518107,105181,0,0,1.5,0,40,0,20,1001,4001,0
10518108,105181,0,0,1.5,0,40,0,20,1001,4001,0
10518109,105181,0,0,1.5,0,40,0,20,1001,4001,0
10518110,105181,0,0,1.5,0,40,0,20,1001,4001,0
10518201,105182,0,0,2,0,70,0,0,2007,0,0
10518202,105182,0,0,2,0,67.78,0,0,2007,0,0
10518203,105182,0,0,2,0,65.56,0,0,2007,0,0
10518204,105182,0,0,2,0,63.33,0,0,2007,0,0
10518205,105182,0,0,2,0,61.11,0,0,2007,0,0
10518206,105182,0,0,2,0,58.89,0,0,2007,0,0
10518207,105182,0,0,2,0,56.67,0,0,2007,0,0
10518208,105182,0,0,2,0,54.44,0,0,2007,0,0
10518209,105182,0,0,2,0,52.22,0,0,2007,0,0
10518210,105182,0,0,2,0,50,0,0,2007,0,0
10518301,105183,0,0,2,0,50,0,0,3001,0,0
10518302,105183,0,0,2,0,50,0,0,3001,0,0
10518303,105183,0,0,2,0,50,0,0,3001,0,0
10518304,105183,0,0,2,0,50,0,0,3001,0,0
10518305,105183,0,0,2,0,50,0,0,3001,0,0
10518306,105183,0,0,2,0,50,0,0,3001,0,0
10518307,105183,0,0,2,0,50,0,0,3001,0,0
10518308,105183,0,0,2,0,50,0,0,3001,0,0
10518309,105183,0,0,2,0,50,0,0,3001,0,0
10518310,105183,0,0,2,0,50,0,0,3001,0,0
10585101,105851,0,0,2,0,50,0,25,5002,0,0
10585102,105851,0,0,2,0,50,0,25,5002,0,0
10585103,105851,0,0,2,0,50,0,25,5002,0,0
10585104,105851,0,0,2,0,50,0,25,5002,0,0
10585105,105851,0,0,2,0,50,0,25,5002,0,0
10585106,105851,0,0,2,0,50,0,25,5002,0,0
10585107,105851,0,0,2,0,50,0,25,5002,0,0
10585108,105851,0,0,2,0,50,0,25,5002,0,0
10585109,105851,0,0,2,0,50,0,25,5002,0,0
10585110,105851,0,0,2,0,50,0,25,5002,0,0
10590101,105901,0,0,2,0,50,0,25,1001,1006,2013
10590102,105901,0,0,2,0,50,0,25,1001,1006,2013
10590103,105901,0,0,2,0,50,0,25,1001,1006,2013
10590104,105901,0,0,2,0,50,0,25,1001,1006,2013
10590105,105901,0,0,2,0,50,0,25,1001,1006,2013
10590106,105901,0,0,2,0,50,0,25,1001,1006,2013
10590107,105901,0,0,2,0,50,0,25,1001,1006,2013
10590108,105901,0,0,2,0,50,0,25,1001,1006,2013
10590109,105901,0,0,2,0,50,0,25,1001,1006,2013
10590110,105901,0,0,2,0,50,0,25,1001,1006,2013
10590201,105902,0,0,1.5,0,35,0,0,1002,4001,3001
10590202,105902,0,0,1.5,0,35,0,0,1002,4001,3001
10590203,105902,0,0,1.5,0,35,0,0,1002,4001,3001
10590204,105902,0,0,1.5,0,35,0,0,1002,4001,3001
10590205,105902,0,0,1.5,0,35,0,0,1002,4001,3001
10590206,105902,0,0,1.5,0,35,0,0,1002,4001,3001
10590207,105902,0,0,1.5,0,35,0,0,1002,4001,3001
10590208,105902,0,0,1.5,0,35,0,0,1002,4001,3001
10590209,105902,0,0,1.5,0,35,0,0,1002,4001,3001
10590210,105902,0,0,1.5,0,35,0,0,1002,4001,3001
10590301,105903,0,0,0.5,0,45,0,0,2010,2015,2014
10590302,105903,0,0,0.5,0,45,0,0,2010,2015,2014
10590303,105903,0,0,0.5,0,45,0,0,2010,2015,2014
10590304,105903,0,0,0.5,0,45,0,0,2010,2015,2014
10590305,105903,0,0,0.5,0,45,0,0,2010,2015,2014
10590306,105903,0,0,0.5,0,45,0,0,2010,2015,2014
10590307,105903,0,0,0.5,0,45,0,0,2010,2015,2014
10590308,105903,0,0,0.5,0,45,0,0,2010,2015,2014
10590309,105903,0,0,0.5,0,45,0,0,2010,2015,2014
10590310,105903,0,0,0.5,0,45,0,0,2010,2015,2014
10601101,106011,0,0,1,0,45,0,22.5,3001,2014,0
10601102,106011,0,0,1,0,45,0,22.5,3001,2014,0
10601103,106011,0,0,1,0,45,0,22.5,3001,2014,0
10601104,106011,0,0,1,0,45,0,22.5,3001,2014,0
10601105,106011,0,0,1,0,45,0,22.5,3001,2014,0
10601106,106011,0,0,1,0,45,0,22.5,3001,2014,0
10601107,106011,0,0,1,0,45,0,22.5,3001,2014,0
10601108,106011,0,0,1,0,45,0,22.5,3001,2014,0
10601109,106011,0,0,1,0,45,0,22.5,3001,2014,0
10601110,106011,0,0,1,0,45,0,22.5,3001,2014,0
10601201,106012,0,0,1.5,0,40,0,0,1001,1006,0
10601202,106012,0,0,1.5,0,40,0,0,1001,1006,0
10601203,106012,0,0,1.5,0,40,0,0,1001,1006,0
10601204,106012,0,0,1.5,0,40,0,0,1001,1006,0
10601205,106012,0,0,1.5,0,40,0,0,1001,1006,0
10601206,106012,0,0,1.5,0,40,0,0,1001,1006,0
10601207,106012,0,0,1.5,0,40,0,0,1001,1006,0
10601208,106012,0,0,1.5,0,40,0,0,1001,1006,0
10601209,106012,0,0,1.5,0,40,0,0,1001,1006,0
10601210,106012,0,0,1.5,0,40,0,0,1001,1006,0
10601301,106013,0,0,0.5,0,20,0,0,1001,2008,0
10601302,106013,0,0,0.5,0,20,0,0,1001,2008,0
10601303,106013,0,0,0.5,0,20,0,0,1001,2008,0
10601304,106013,0,0,0.5,0,20,0,0,1001,2008,0
10601305,106013,0,0,0.5,0,20,0,0,1001,2008,0
10601306,106013,0,0,0.5,0,20,0,0,1001,2008,0
10601307,106013,0,0,0.5,0,20,0,0,1001,2008,0
10601308,106013,0,0,0.5,0,20,0,0,1001,2008,0
10601309,106013,0,0,0.5,0,20,0,0,1001,2008,0
10601310,106013,0,0,0.5,0,20,0,0,1001,2008,0
10602101,106021,0,0,2,0,50,0,25,5003,3001,0
10602102,106021,0,0,2,0,50,0,25,5003,3001,0
10602103,106021,0,0,2,0,50,0,25,5003,3001,0
10602104,106021,0,0,2,0,50,0,25,5003,3001,0
10602105,106021,0,0,2,0,50,0,25,5003,3001,0
10602106,106021,0,0,2,0,50,0,25,5003,3001,0
10602107,106021,0,0,2,0,50,0,25,5003,3001,0
10602108,106021,0,0,2,0,50,0,25,5003,3001,0
10602109,106021,0,0,2,0,50,0,25,5003,3001,0
10602110,106021,0,0,2,0,50,0,25,5003,3001,0
10602201,106022,0,0,2,0,45,0,0,5002,0,0
10602202,106022,0,0,2,0,45,0,0,5002,0,0
10602203,106022,0,0,2,0,45,0,0,5002,0,0
10602204,106022,0,0,2,0,45,0,0,5002,0,0
10602205,106022,0,0,2,0,45,0,0,5002,0,0
10602206,106022,0,0,2,0,45,0,0,5002,0,0
10602207,106022,0,0,2,0,45,0,0,5002,0,0
10602208,106022,0,0,2,0,45,0,0,5002,0,0
10602209,106022,0,0,2,0,45,0,0,5002,0,0
10602210,106022,0,0,2,0,45,0,0,5002,0,0
10602301,106023,0,0,1,0,20,0,0,1002,3001,0
10602302,106023,0,0,1,0,20,0,0,1002,3001,0
10602303,106023,0,0,1,0,20,0,0,1002,3001,0
10602304,106023,0,0,1,0,20,0,0,1002,3001,0
10602305,106023,0,0,1,0,20,0,0,1002,3001,0
10602306,106023,0,0,1,0,20,0,0,1002,3001,0
10602307,106023,0,0,1,0,20,0,0,1002,3001,0
10602308,106023,0,0,1,0,20,0,0,1002,3001,0
10602309,106023,0,0,1,0,20,0,0,1002,3001,0
10602310,106023,0,0,1,0,20,0,0,1002,3001,0
10617101,106171,0,0,2,0,50,0,25,1001,4001,2003
10617102,106171,0,0,2,0,50,0,25,1001,4001,2003
10617103,106171,0,0,2,0,50,0,25,1001,4001,2003
10617104,106171,0,0,2,0,50,0,25,1001,4001,2003
10617105,106171,0,0,2,0,50,0,25,1001,4001,2003
10617106,106171,0,0,2,0,50,0,25,1001,4001,2003
10617107,106171,0,0,2,0,50,0,25,1001,4001,2003
10617108,106171,0,0,2,0,50,0,25,1001,4001,2003
10617109,106171,0,0,2,0,50,0,25,1001,4001,2003
10617110,106171,0,0,2,0,50,0,25,1001,4001,2003
10617201,106172,0,0,1,0,30,0,0,2004,0,0
10617202,106172,0,0,1,0,30,0,0,2004,0,0
10617203,106172,0,0,1,0,30,0,0,2004,0,0
10617204,106172,0,0,1,0,30,0,0,2004,0,0
10617205,106172,0,0,1,0,30,0,0,2004,0,0
10617206,106172,0,0,1,0,30,0,0,2004,0,0
10617207,106172,0,0,1,0,30,0,0,2004,0,0
10617208,106172,0,0,1,0,30,0,0,2004,0,0
10617209,106172,0,0,1,0,30,0,0,2004,0,0
10617210,106172,0,0,1,0,30,0,0,2004,0,0
10617301,106173,0,0,0.5,0,50,0,0,3001,0,0
10617302,106173,0,0,0.5,0,50,0,0,3001,0,0
10617303,106173,0,0,0.5,0,50,0,0,3001,0,0
10617304,106173,0,0,0.5,0,50,0,0,3001,0,0
10617305,106173,0,0,0.5,0,50,0,0,3001,0,0
10617306,106173,0,0,0.5,0,50,0,0,3001,0,0
10617307,106173,0,0,0.5,0,50,0,0,3001,0,0
10617308,106173,0,0,0.5,0,50,0,0,3001,0,0
10617309,106173,0,0,0.5,0,50,0,0,3001,0,0
10617310,106173,0,0,0.5,0,50,0,0,3001,0,0
10707101,107071,0,0,2,0,60,0,30,1001,0,0
10707102,107071,0,0,2,0,60,0,30,1001,0,0
10707103,107071,0,0,2,0,60,0,30,1001,0,0
10707104,107071,0,0,2,0,60,0,30,1001,0,0
10707105,107071,0,0,2,0,60,0,30,1001,0,0
10707106,107071,0,0,2,0,60,0,30,1001,0,0
10707107,107071,0,0,2,0,60,0,30,1001,0,0
10707108,107071,0,0,2,0,60,0,30,1001,0,0
10707109,107071,0,0,2,0,60,0,30,1001,0,0
10707110,107071,0,0,2,0,60,0,30,1001,0,0
10707201,107072,0,0,1.5,0,25,0,0,1001,0,0
10707202,107072,0,0,1.5,0,25,0,0,1001,0,0
10707203,107072,0,0,1.5,0,25,0,0,1001,0,0
10707204,107072,0,0,1.5,0,25,0,0,1001,0,0
10707205,107072,0,0,1.5,0,25,0,0,1001,0,0
10707206,107072,0,0,1.5,0,25,0,0,1001,0,0
10707207,107072,0,0,1.5,0,25,0,0,1001,0,0
10707208,107072,0,0,1.5,0,25,0,0,1001,0,0
10707209,107072,0,0,1.5,0,25,0,0,1001,0,0
10707210,107072,0,0,1.5,0,25,0,0,1001,0,0
10707301,107073,0,0,1,0,25,0,0,1002,0,0
10707302,107073,0,0,1,0,25,0,0,1002,0,0
10707303,107073,0,0,1,0,25,0,0,1002,0,0
10707304,107073,0,0,1,0,25,0,0,1002,0,0
10707305,107073,0,0,1,0,25,0,0,1002,0,0
10707306,107073,0,0,1,0,25,0,0,1002,0,0
10707307,107073,0,0,1,0,25,0,0,1002,0,0
10707308,107073,0,0,1,0,25,0,0,1002,0,0
10707309,107073,0,0,1,0,25,0,0,1002,0,0
10707310,107073,0,0,1,0,25,0,0,1002,0,0
10819101,108191,0,0,1.5,0,50,0,25,1002,1006,0
10819102,108191,0,0,1.5,0,50,0,25,1002,1006,0
10819103,108191,0,0,1.5,0,50,0,25,1002,1006,0
10819104,108191,0,0,1.5,0,50,0,25,1002,1006,0
10819105,108191,0,0,1.5,0,50,0,25,1002,1006,0
10819106,108191,0,0,1.5,0,50,0,25,1002,1006,0
10819107,108191,0,0,1.5,0,50,0,25,1002,1006,0
10819108,108191,0,0,1.5,0,50,0,25,1002,1006,0
10819109,108191,0,0,1.5,0,50,0,25,1002,1006,0
10819110,108191,0,0,1.5,0,50,0,25,1002,1006,0
10819201,108192,0,0,1,0,30,0,0,1001,0,0
10819202,108192,0,0,1,0,30,0,0,1001,0,0
10819203,108192,0,0,1,0,30,0,0,1001,0,0
10819204,108192,0,0,1,0,30,0,0,1001,0,0
10819205,108192,0,0,1,0,30,0,0,1001,0,0
10819206,108192,0,0,1,0,30,0,0,1001,0,0
10819207,108192,0,0,1,0,30,0,0,1001,0,0
10819208,108192,0,0,1,0,30,0,0,1001,0,0
10819209,108192,0,0,1,0,30,0,0,1001,0,0
10819210,108192,0,0,1,0,30,0,0,1001,0,0
10819301,108193,0,0,0.5,0,25,0,0,1002,2003,0
10819302,108193,0,0,0.5,0,25,0,0,1002,2003,0
10819303,108193,0,0,0.5,0,25,0,0,1002,2003,0
10819304,108193,0,0,0.5,0,25,0,0,1002,2003,0
10819305,108193,0,0,0.5,0,25,0,0,1002,2003,0
10819306,108193,0,0,0.5,0,25,0,0,1002,2003,0
10819307,108193,0,0,0.5,0,25,0,0,1002,2003,0
10819308,108193,0,0,0.5,0,25,0,0,1002,2003,0
10819309,108193,0,0,0.5,0,25,0,0,1002,2003,0
10819310,108193,0,0,0.5,0,25,0,0,1002,2003,0
10917101,109171,0,0,2,0,60,0,30,1001,1006,2003
10917102,109171,0,0,2,0,60,0,30,1001,1006,2003
10917103,109171,0,0,2,0,60,0,30,1001,1006,2003
10917104,109171,0,0,2,0,60,0,30,1001,1006,2003
10917105,109171,0,0,2,0,60,0,30,1001,1006,2003
10917106,109171,0,0,2,0,60,0,30,1001,1006,2003
10917107,109171,0,0,2,0,60,0,30,1001,1006,2003
10917108,109171,0,0,2,0,60,0,30,1001,1006,2003
10917109,109171,0,0,2,0,60,0,30,1001,1006,2003
10917110,109171,0,0,2,0,60,0,30,1001,1006,2003
10917201,109172,0,0,1.5,0,45,0,0,1001,1006,4001
10917202,109172,0,0,1.5,0,45,0,0,1001,1006,4001
10917203,109172,0,0,1.5,0,45,0,0,1001,1006,4001
10917204,109172,0,0,1.5,0,45,0,0,1001,1006,4001
10917205,109172,0,0,1.5,0,45,0,0,1001,1006,4001
10917206,109172,0,0,1.5,0,45,0,0,1001,1006,4001
10917207,109172,0,0,1.5,0,45,0,0,1001,1006,4001
10917208,109172,0,0,1.5,0,45,0,0,1001,1006,4001
10917209,109172,0,0,1.5,0,45,0,0,1001,1006,4001
10917210,109172,0,0,1.5,0,45,0,0,1001,1006,4001
10917301,109173,0,0,1,0,25,0,0,1001,1006,3001
10917302,109173,0,0,1,0,25,0,0,1001,1006,3001
10917303,109173,0,0,1,0,25,0,0,1001,1006,3001
10917304,109173,0,0,1,0,25,0,0,1001,1006,3001
10917305,109173,0,0,1,0,25,0,0,1001,1006,3001
10917306,109173,0,0,1,0,25,0,0,1001,1006,3001
10917307,109173,0,0,1,0,25,0,0,1001,1006,3001
10917308,109173,0,0,1,0,25,0,0,1001,1006,3001
10917309,109173,0,0,1,0,25,0,0,1001,1006,3001
10917310,109173,0,0,1,0,25,0,0,1001,1006,3001
11002101,110021,0,0,2,0,50,0,25,1001,1006,2008
11002102,110021,0,0,2,0,50,0,25,1001,1006,2008
11002103,110021,0,0,2,0,50,0,25,1001,1006,2008
11002104,110021,0,0,2,0,50,0,25,1001,1006,2008
11002105,110021,0,0,2,0,50,0,25,1001,1006,2008
11002106,110021,0,0,2,0,50,0,25,1001,1006,2008
11002107,110021,0,0,2,0,50,0,25,1001,1006,2008
11002108,110021,0,0,2,0,50,0,25,1001,1006,2008
11002109,110021,0,0,2,0,50,0,25,1001,1006,2008
11002110,110021,0,0,2,0,50,0,25,1001,1006,2008
11002201,110022,0,0,1.5,0,50,0,0,1002,4001,2010
11002202,110022,0,0,1.5,0,50,0,0,1002,4001,2010
11002203,110022,0,0,1.5,0,50,0,0,1002,4001,2010
11002204,110022,0,0,1.5,0,50,0,0,1002,4001,2010
11002205,110022,0,0,1.5,0,50,0,0,1002,4001,2010
11002206,110022,0,0,1.5,0,50,0,0,1002,4001,2010
11002207,110022,0,0,1.5,0,50,0,0,1002,4001,2010
11002208,110022,0,0,1.5,0,50,0,0,1002,4001,2010
11002209,110022,0,0,1.5,0,50,0,0,1002,4001,2010
11002210,110022,0,0,1.5,0,50,0,0,1002,4001,2010
11002301,110023,0,0,0.5,0,75,0,0,2013,2014,0
11002302,110023,0,0,0.5,0,72,0,0,2013,2014,0
11002303,110023,0,0,0.5,0,69,0,0,2013,2014,0
11002304,110023,0,0,0.5,0,66,0,0,2013,2014,0
11002305,110023,0,0,0.5,0,63,0,0,2013,2014,0
11002306,110023,0,0,0.5,0,61,0,0,2013,2014,0
11002307,110023,0,0,0.5,0,58,0,0,2013,2014,0
11002308,110023,0,0,0.5,0,55,0,0,2013,2014,0
11002309,110023,0,0,0.5,0,52,0,0,2013,2014,0
11002310,110023,0,0,0.5,0,50,0,0,2013,2014,0
11010001,110100,0,0,0,5,5,0,0,0,0,0
11101101,111011,0,0,2,0,60,0,30,1001,1006,3002
11101102,111011,0,0,2,0,60,0,30,1001,1006,3002
11101103,111011,0,0,2,0,60,0,30,1001,1006,3002
11101104,111011,0,0,2,0,60,0,30,1001,1006,3002
11101105,111011,0,0,2,0,60,0,30,1001,1006,3002
11101106,111011,0,0,2,0,60,0,30,1001,1006,3002
11101107,111011,0,0,2,0,60,0,30,1001,1006,3002
11101108,111011,0,0,2,0,60,0,30,1001,1006,3002
11101109,111011,0,0,2,0,60,0,30,1001,1006,3002
11101110,111011,0,0,2,0,60,0,30,1001,1006,3002
11101201,111012,0,0,1.5,0,40,0,0,1001,1006,2009
11101202,111012,0,0,1.5,0,40,0,0,1001,1006,2009
11101203,111012,0,0,1.5,0,40,0,0,1001,1006,2009
11101204,111012,0,0,1.5,0,40,0,0,1001,1006,2009
11101205,111012,0,0,1.5,0,40,0,0,1001,1006,2009
11101206,111012,0,0,1.5,0,40,0,0,1001,1006,2009
11101207,111012,0,0,1.5,0,40,0,0,1001,1006,2009
11101208,111012,0,0,1.5,0,40,0,0,1001,1006,2009
11101209,111012,0,0,1.5,0,40,0,0,1001,1006,2009
11101210,111012,0,0,1.5,0,40,0,0,1001,1006,2009
11101301,111013,0,0,1,0,30,0,0,1001,2018,3001
11101302,111013,0,0,1,0,30,0,0,1001,2018,3001
11101303,111013,0,0,1,0,30,0,0,1001,2018,3001
11101304,111013,0,0,1,0,30,0,0,1001,2018,3001
11101305,111013,0,0,1,0,30,0,0,1001,2018,3001
11101306,111013,0,0,1,0,30,0,0,1001,2018,3001
11101307,111013,0,0,1,0,30,0,0,1001,2018,3001
11101308,111013,0,0,1,0,30,0,0,1001,2018,3001
11101309,111013,0,0,1,0,30,0,0,1001,2018,3001
11101310,111013,0,0,1,0,30,0,0,1001,2018,3001
11105101,111051,0,0,1,0,45,0,22.5,3001,0,0
11105102,111051,0,0,1,0,45,0,22.5,3001,0,0
11105103,111051,0,0,1,0,45,0,22.5,3001,0,0
11105104,111051,0,0,1,0,45,0,22.5,3001,0,0
11105105,111051,0,0,1,0,45,0,22.5,3001,0,0
11105106,111051,0,0,1,0,45,0,22.5,3001,0,0
11105107,111051,0,0,1,0,45,0,22.5,3001,0,0
11105108,111051,0,0,1,0,45,0,22.5,3001,0,0
11105109,111051,0,0,1,0,45,0,22.5,3001,0,0
11105110,111051,0,0,1,0,45,0,22.5,3001,0,0
11105201,111052,0,0,1,0,50,0,0,1001,4001,0
11105202,111052,0,0,1,0,50,0,0,1001,4001,0
11105203,111052,0,0,1,0,50,0,0,1001,4001,0
11105204,111052,0,0,1,0,50,0,0,1001,4001,0
11105205,111052,0,0,1,0,50,0,0,1001,4001,0
11105206,111052,0,0,1,0,50,0,0,1001,4001,0
11105207,111052,0,0,1,0,50,0,0,1001,4001,0
11105208,111052,0,0,1,0,50,0,0,1001,4001,0
11105209,111052,0,0,1,0,50,0,0,1001,4001,0
11105210,111052,0,0,1,0,50,0,0,1001,4001,0
11105301,111053,0,0,1,0,30,0,0,1002,2003,0
11105302,111053,0,0,1,0,30,0,0,1002,2003,0
11105303,111053,0,0,1,0,30,0,0,1002,2003,0
11105304,111053,0,0,1,0,30,0,0,1002,2003,0
11105305,111053,0,0,1,0,30,0,0,1002,2003,0
11105306,111053,0,0,1,0,30,0,0,1002,2003,0
11105307,111053,0,0,1,0,30,0,0,1002,2003,0
11105308,111053,0,0,1,0,30,0,0,1002,2003,0
11105309,111053,0,0,1,0,30,0,0,1002,2003,0
11105310,111053,0,0,1,0,30,0,0,1002,2003,0
11117101,111171,0,0,2,0,60,0,30,1001,1006,4001
11117102,111171,0,0,2,0,60,0,30,1001,1006,4001
11117103,111171,0,0,2,0,60,0,30,1001,1006,4001
11117104,111171,0,0,2,0,60,0,30,1001,1006,4001
11117105,111171,0,0,2,0,60,0,30,1001,1006,4001
11117106,111171,0,0,2,0,60,0,30,1001,1006,4001
11117107,111171,0,0,2,0,60,0,30,1001,1006,4001
11117108,111171,0,0,2,0,60,0,30,1001,1006,4001
11117109,111171,0,0,2,0,60,0,30,1001,1006,4001
11117110,111171,0,0,2,0,60,0,30,1001,1006,4001
11117201,111172,0,0,0.5,0,40,0,0,1004,1006,3001
11117202,111172,0,0,0.5,0,40,0,0,1004,1006,3001
11117203,111172,0,0,0.5,0,40,0,0,1004,1006,3001
11117204,111172,0,0,0.5,0,40,0,0,1004,1006,3001
11117205,111172,0,0,0.5,0,40,0,0,1004,1006,3001
11117206,111172,0,0,0.5,0,40,0,0,1004,1006,3001
11117207,111172,0,0,0.5,0,40,0,0,1004,1006,3001
11117208,111172,0,0,0.5,0,40,0,0,1004,1006,3001
11117209,111172,0,0,0.5,0,40,0,0,1004,1006,3001
11117210,111172,0,0,0.5,0,40,0,0,1004,1006,3001
11117301,111173,0,0,0.5,0,30,0,0,1004,1006,2002
11117302,111173,0,0,0.5,0,30,0,0,1004,1006,2002
11117303,111173,0,0,0.5,0,30,0,0,1004,1006,2002
11117304,111173,0,0,0.5,0,30,0,0,1004,1006,2002
11117305,111173,0,0,0.5,0,30,0,0,1004,1006,2002
11117306,111173,0,0,0.5,0,30,0,0,1004,1006,2002
11117307,111173,0,0,0.5,0,30,0,0,1004,1006,2002
11117308,111173,0,0,0.5,0,30,0,0,1004,1006,2002
11117309,111173,0,0,0.5,0,30,0,0,1004,1006,2002
11117310,111173,0,0,0.5,0,30,0,0,1004,1006,2002
11221101,112211,0,0,1,0,40,0,20,1001,4001,2003
11221102,112211,0,0,1,0,40,0,20,1001,4001,2003
11221103,112211,0,0,1,0,40,0,20,1001,4001,2003
11221104,112211,0,0,1,0,40,0,20,1001,4001,2003
11221105,112211,0,0,1,0,40,0,20,1001,4001,2003
11221106,112211,0,0,1,0,40,0,20,1001,4001,2003
11221107,112211,0,0,1,0,40,0,20,1001,4001,2003
11221108,112211,0,0,1,0,40,0,20,1001,4001,2003
11221109,112211,0,0,1,0,40,0,20,1001,4001,2003
11221110,112211,0,0,1,0,40,0,20,1001,4001,2003
11221201,112212,0,0,2,0,90,0,0,2015,0,0
11221202,112212,0,0,2,0,86.67,0,0,2015,0,0
11221203,112212,0,0,2,0,83.33,0,0,2015,0,0
11221204,112212,0,0,2,0,80,0,0,2015,0,0
11221205,112212,0,0,2,0,76.67,0,0,2015,0,0
11221206,112212,0,0,2,0,73.33,0,0,2015,0,0
11221207,112212,0,0,2,0,70,0,0,2015,0,0
11221208,112212,0,0,2,0,66.67,0,0,2015,0,0
11221209,112212,0,0,2,0,63.33,0,0,2015,0,0
11221210,112212,0,0,2,0,60,0,0,2015,0,0
11221301,112213,0,0,0.5,0,40,0,0,3001,0,0
11221302,112213,0,0,0.5,0,40,0,0,3001,0,0
11221303,112213,0,0,0.5,0,40,0,0,3001,0,0
11221304,112213,0,0,0.5,0,40,0,0,3001,0,0
11221305,112213,0,0,0.5,0,40,0,0,3001,0,0
11221306,112213,0,0,0.5,0,40,0,0,3001,0,0
11221307,112213,0,0,0.5,0,40,0,0,3001,0,0
11221308,112213,0,0,0.5,0,40,0,0,3001,0,0
11221309,112213,0,0,0.5,0,40,0,0,3001,0,0
11221310,112213,0,0,0.5,0,40,0,0,3001,0,0
11232101,112321,0,0,2,0,50,0,25,1001,3002,4001
11232102,112321,0,0,2,0,50,0,25,1001,3002,4001
11232103,112321,0,0,2,0,50,0,25,1001,3002,4001
11232104,112321,0,0,2,0,50,0,25,1001,3002,4001
11232105,112321,0,0,2,0,50,0,25,1001,3002,4001
11232106,112321,0,0,2,0,50,0,25,1001,3002,4001
11232107,112321,0,0,2,0,50,0,25,1001,3002,4001
11232108,112321,0,0,2,0,50,0,25,1001,3002,4001
11232109,112321,0,0,2,0,50,0,25,1001,3002,4001
11232110,112321,0,0,2,0,50,0,25,1001,3002,4001
11232201,112322,0,0,0.5,0,20,0,0,1002,4001,0
11232202,112322,0,0,0.5,0,20,0,0,1002,4001,0
11232203,112322,0,0,0.5,0,20,0,0,1002,4001,0
11232204,112322,0,0,0.5,0,20,0,0,1002,4001,0
11232205,112322,0,0,0.5,0,20,0,0,1002,4001,0
11232206,112322,0,0,0.5,0,20,0,0,1002,4001,0
11232207,112322,0,0,0.5,0,20,0,0,1002,4001,0
11232208,112322,0,0,0.5,0,20,0,0,1002,4001,0
11232209,112322,0,0,0.5,0,20,0,0,1002,4001,0
11232210,112322,0,0,0.5,0,20,0,0,1002,4001,0
11232301,112323,0,0,1.5,0,40,0,0,1002,3001,0
11232302,112323,0,0,1.5,0,40,0,0,1002,3001,0
11232303,112323,0,0,1.5,0,40,0,0,1002,3001,0
11232304,112323,0,0,1.5,0,40,0,0,1002,3001,0
11232305,112323,0,0,1.5,0,40,0,0,1002,3001,0
11232306,112323,0,0,1.5,0,40,0,0,1002,3001,0
11232307,112323,0,0,1.5,0,40,0,0,1002,3001,0
11232308,112323,0,0,1.5,0,40,0,0,1002,3001,0
11232309,112323,0,0,1.5,0,40,0,0,1002,3001,0
11232310,112323,0,0,1.5,0,40,0,0,1002,3001,0
11249101,112491,0,0,2,0,45,0,22.5,1004,1006,3001
11249102,112491,0,0,2,0,45,0,22.5,1004,1006,3001
11249103,112491,0,0,2,0,45,0,22.5,1004,1006,3001
11249104,112491,0,0,2,0,45,0,22.5,1004,1006,3001
11249105,112491,0,0,2,0,45,0,22.5,1004,1006,3001
11249106,112491,0,0,2,0,45,0,22.5,1004,1006,3001
11249107,112491,0,0,2,0,45,0,22.5,1004,1006,3001
11249108,112491,0,0,2,0,45,0,22.5,1004,1006,3001
11249109,112491,0,0,2,0,45,0,22.5,1004,1006,3001
11249110,112491,0,0,2,0,45,0,22.5,1004,1006,3001
11249201,112492,0,0,0.5,0,35,0,0,1002,1006,2015
11249202,112492,0,0,0.5,0,35,0,0,1002,1006,2015
11249203,112492,0,0,0.5,0,35,0,0,1002,1006,2015
11249204,112492,0,0,0.5,0,35,0,0,1002,1006,2015
11249205,112492,0,0,0.5,0,35,0,0,1002,1006,2015
11249206,112492,0,0,0.5,0,35,0,0,1002,1006,2015
11249207,112492,0,0,0.5,0,35,0,0,1002,1006,2015
11249208,112492,0,0,0.5,0,35,0,0,1002,1006,2015
11249209,112492,0,0,0.5,0,35,0,0,1002,1006,2015
11249210,112492,0,0,0.5,0,35,0,0,1002,1006,2015
11249301,112493,0,0,0.75,0,25,0,0,1004,2003,3001
11249302,112493,0,0,0.75,0,25,0,0,1004,2003,3001
11249303,112493,0,0,0.75,0,25,0,0,1004,2003,3001
11249304,112493,0,0,0.75,0,25,0,0,1004,2003,3001
11249305,112493,0,0,0.75,0,25,0,0,1004,2003,3001
11249306,112493,0,0,0.75,0,25,0,0,1004,2003,3001
11249307,112493,0,0,0.75,0,25,0,0,1004,2003,3001
11249308,112493,0,0,0.75,0,25,0,0,1004,2003,3001
11249309,112493,0,0,0.75,0,25,0,0,1004,2003,3001
11249310,112493,0,0,0.75,0,25,0,0,1004,2003,3001
11301101,113011,0,0,2,0,40,0,20,1001,3001,2003
11301102,113011,0,0,2,0,40,0,20,1001,3001,2003
11301103,113011,0,0,2,0,40,0,20,1001,3001,2003
11301104,113011,0,0,2,0,40,0,20,1001,3001,2003
11301105,113011,0,0,2,0,40,0,20,1001,3001,2003
11301106,113011,0,0,2,0,40,0,20,1001,3001,2003
11301107,113011,0,0,2,0,40,0,20,1001,3001,2003
11301108,113011,0,0,2,0,40,0,20,1001,3001,2003
11301109,113011,0,0,2,0,40,0,20,1001,3001,2003
11301110,113011,0,0,2,0,40,0,20,1001,3001,2003
11301201,113012,0,0,1,0,25,0,0,1002,4001,0
11301202,113012,0,0,1,0,25,0,0,1002,4001,0
11301203,113012,0,0,1,0,25,0,0,1002,4001,0
11301204,113012,0,0,1,0,25,0,0,1002,4001,0
11301205,113012,0,0,1,0,25,0,0,1002,4001,0
11301206,113012,0,0,1,0,25,0,0,1002,4001,0
11301207,113012,0,0,1,0,25,0,0,1002,4001,0
11301208,113012,0,0,1,0,25,0,0,1002,4001,0
11301209,113012,0,0,1,0,25,0,0,1002,4001,0
11301210,113012,0,0,1,0,25,0,0,1002,4001,0
11301301,113013,0,0,0.5,0,50,0,0,5001,0,0
11301302,113013,0,0,0.5,0,48.89,0,0,5001,0,0
11301303,113013,0,0,0.5,0,47.78,0,0,5001,0,0
11301304,113013,0,0,0.5,0,46.67,0,0,5001,0,0
11301305,113013,0,0,0.5,0,45.56,0,0,5001,0,0
11301306,113013,0,0,0.5,0,44.44,0,0,5001,0,0
11301307,113013,0,0,0.5,0,43.33,0,0,5001,0,0
11301308,113013,0,0,0.5,0,42.22,0,0,5001,0,0
11301309,113013,0,0,0.5,0,41.11,0,0,5001,0,0
11301310,113013,0,0,0.5,0,40,0,0,5001,0,0
11316101,113161,0,0,2,0,50,0,25,1002,1006,0
11316102,113161,0,0,2,0,50,0,25,1002,1006,0
11316103,113161,0,0,2,0,50,0,25,1002,1006,0
11316104,113161,0,0,2,0,50,0,25,1002,1006,0
11316105,113161,0,0,2,0,50,0,25,1002,1006,0
11316106,113161,0,0,2,0,50,0,25,1002,1006,0
11316107,113161,0,0,2,0,50,0,25,1002,1006,0
11316108,113161,0,0,2,0,50,0,25,1002,1006,0
11316109,113161,0,0,2,0,50,0,25,1002,1006,0
11316110,113161,0,0,2,0,50,0,25,1002,1006,0
11316201,113162,0,0,2,0,30,0,0,1004,2003,0
11316202,113162,0,0,2,0,30,0,0,1004,2003,0
11316203,113162,0,0,2,0,30,0,0,1004,2003,0
11316204,113162,0,0,2,0,30,0,0,1004,2003,0
11316205,113162,0,0,2,0,30,0,0,1004,2003,0
11316206,113162,0,0,2,0,30,0,0,1004,2003,0
11316207,113162,0,0,2,0,30,0,0,1004,2003,0
11316208,113162,0,0,2,0,30,0,0,1004,2003,0
11316209,113162,0,0,2,0,30,0,0,1004,2003,0
11316210,113162,0,0,2,0,30,0,0,1004,2003,0
11316301,113163,0,0,0.75,0,20,0,0,1001,0,0
11316302,113163,0,0,0.75,0,20,0,0,1001,0,0
11316303,113163,0,0,0.75,0,20,0,0,1001,0,0
11316304,113163,0,0,0.75,0,20,0,0,1001,0,0
11316305,113163,0,0,0.75,0,20,0,0,1001,0,0
11316306,113163,0,0,0.75,0,20,0,0,1001,0,0
11316307,113163,0,0,0.75,0,20,0,0,1001,0,0
11316308,113163,0,0,0.75,0,20,0,0,1001,0,0
11316309,113163,0,0,0.75,0,20,0,0,1001,0,0
11316310,113163,0,0,0.75,0,20,0,0,1001,0,0
11483101,114831,0,0,0.5,0,60,0,30,3001,0,0
11483102,114831,0,0,0.5,0,60,0,30,3001,0,0
11483103,114831,0,0,0.5,0,60,0,30,3001,0,0
11483104,114831,0,0,0.5,0,60,0,30,3001,0,0
11483105,114831,0,0,0.5,0,60,0,30,3001,0,0
11483106,114831,0,0,0.5,0,60,0,30,3001,0,0
11483107,114831,0,0,0.5,0,60,0,30,3001,0,0
11483108,114831,0,0,0.5,0,60,0,30,3001,0,0
11483109,114831,0,0,0.5,0,60,0,30,3001,0,0
11483110,114831,0,0,0.5,0,60,0,30,3001,0,0
11483201,114832,0,0,1.5,0,35,0,0,1003,1005,2001
11483202,114832,0,0,1.5,0,35,0,0,1003,1005,2001
11483203,114832,0,0,1.5,0,35,0,0,1003,1005,2001
11483204,114832,0,0,1.5,0,35,0,0,1003,1005,2001
11483205,114832,0,0,1.5,0,35,0,0,1003,1005,2001
11483206,114832,0,0,1.5,0,35,0,0,1003,1005,2001
11483207,114832,0,0,1.5,0,35,0,0,1003,1005,2001
11483208,114832,0,0,1.5,0,35,0,0,1003,1005,2001
11483209,114832,0,0,1.5,0,35,0,0,1003,1005,2001
11483210,114832,0,0,1.5,0,35,0,0,1003,1005,2001
11483301,114833,0,0,1,0,25,0,0,1004,0,0
11483302,114833,0,0,1,0,25,0,0,1004,0,0
11483303,114833,0,0,1,0,25,0,0,1004,0,0
11483304,114833,0,0,1,0,25,0,0,1004,0,0
11483305,114833,0,0,1,0,25,0,0,1004,0,0
11483306,114833,0,0,1,0,25,0,0,1004,0,0
11483307,114833,0,0,1,0,25,0,0,1004,0,0
11483308,114833,0,0,1,0,25,0,0,1004,0,0
11483309,114833,0,0,1,0,25,0,0,1004,0,0
11483310,114833,0,0,1,0,25,0,0,1004,0,0
11485101,114851,0,0,1.5,0,50,0,25,1001,2005,0
11485102,114851,0,0,1.5,0,50,0,25,1001,2005,0
11485103,114851,0,0,1.5,0,50,0,25,1001,2005,0
11485104,114851,0,0,1.5,0,50,0,25,1001,2005,0
11485105,114851,0,0,1.5,0,50,0,25,1001,2005,0
11485106,114851,0,0,1.5,0,50,0,25,1001,2005,0
11485107,114851,0,0,1.5,0,50,0,25,1001,2005,0
11485108,114851,0,0,1.5,0,50,0,25,1001,2005,0
11485109,114851,0,0,1.5,0,50,0,25,1001,2005,0
11485110,114851,0,0,1.5,0,50,0,25,1001,2005,0
11485201,114852,0,0,1,0,30,0,0,2003,0,0
11485202,114852,0,0,1,0,30,0,0,2003,0,0
11485203,114852,0,0,1,0,30,0,0,2003,0,0
11485204,114852,0,0,1,0,30,0,0,2003,0,0
11485205,114852,0,0,1,0,30,0,0,2003,0,0
11485206,114852,0,0,1,0,30,0,0,2003,0,0
11485207,114852,0,0,1,0,30,0,0,2003,0,0
11485208,114852,0,0,1,0,30,0,0,2003,0,0
11485209,114852,0,0,1,0,30,0,0,2003,0,0
11485210,114852,0,0,1,0,30,0,0,2003,0,0
11485301,114853,0,0,2,0,60,0,0,5006,2004,0
11485302,114853,0,0,2,0,60,0,0,5006,2004,0
11485303,114853,0,0,2,0,60,0,0,5006,2004,0
11485304,114853,0,0,2,0,60,0,0,5006,2004,0
11485305,114853,0,0,2,0,60,0,0,5006,2004,0
11485306,114853,0,0,2,0,60,0,0,5006,2004,0
11485307,114853,0,0,2,0,60,0,0,5006,2004,0
11485308,114853,0,0,2,0,60,0,0,5006,2004,0
11485309,114853,0,0,2,0,60,0,0,5006,2004,0
11485310,114853,0,0,2,0,60,0,0,5006,2004,0
11544101,115441,0,0,2,0,45,0,22.5,1002,2010,0
11544102,115441,0,0,2,0,45,0,22.5,1002,2010,0
11544103,115441,0,0,2,0,45,0,22.5,1002,2010,0
11544104,115441,0,0,2,0,45,0,22.5,1002,2010,0
11544105,115441,0,0,2,0,45,0,22.5,1002,2010,0
11544106,115441,0,0,2,0,45,0,22.5,1002,2010,0
11544107,115441,0,0,2,0,45,0,22.5,1002,2010,0
11544108,115441,0,0,2,0,45,0,22.5,1002,2010,0
11544109,115441,0,0,2,0,45,0,22.5,1002,2010,0
11544110,115441,0,0,2,0,45,0,22.5,1002,2010,0
11544201,115442,0,0,1.5,0,40,0,0,1001,4001,0
11544202,115442,0,0,1.5,0,40,0,0,1001,4001,0
11544203,115442,0,0,1.5,0,40,0,0,1001,4001,0
11544204,115442,0,0,1.5,0,40,0,0,1001,4001,0
11544205,115442,0,0,1.5,0,40,0,0,1001,4001,0
11544206,115442,0,0,1.5,0,40,0,0,1001,4001,0
11544207,115442,0,0,1.5,0,40,0,0,1001,4001,0
11544208,115442,0,0,1.5,0,40,0,0,1001,4001,0
11544209,115442,0,0,1.5,0,40,0,0,1001,4001,0
11544210,115442,0,0,1.5,0,40,0,0,1001,4001,0
11544301,115443,0,0,0.5,0,35,0,0,1002,2003,3001
11544302,115443,0,0,0.5,0,35,0,0,1002,2003,3001
11544303,115443,0,0,0.5,0,35,0,0,1002,2003,3001
11544304,115443,0,0,0.5,0,35,0,0,1002,2003,3001
11544305,115443,0,0,0.5,0,35,0,0,1002,2003,3001
11544306,115443,0,0,0.5,0,35,0,0,1002,2003,3001
11544307,115443,0,0,0.5,0,35,0,0,1002,2003,3001
11544308,115443,0,0,0.5,0,35,0,0,1002,2003,3001
11544309,115443,0,0,0.5,0,35,0,0,1002,2003,3001
11544310,115443,0,0,0.5,0,35,0,0,1002,2003,3001
11549101,115491,0,0,2,0,50,0,25,1001,1006,0
11549102,115491,0,0,2,0,50,0,25,1001,1006,0
11549103,115491,0,0,2,0,50,0,25,1001,1006,0
11549104,115491,0,0,2,0,50,0,25,1001,1006,0
11549105,115491,0,0,2,0,50,0,25,1001,1006,0
11549106,115491,0,0,2,0,50,0,25,1001,1006,0
11549107,115491,0,0,2,0,50,0,25,1001,1006,0
11549108,115491,0,0,2,0,50,0,25,1001,1006,0
11549109,115491,0,0,2,0,50,0,25,1001,1006,0
11549110,115491,0,0,2,0,50,0,25,1001,1006,0
11549201,115492,0,0,0.25,0,25,0,0,1001,1006,3002
11549202,115492,0,0,0.25,0,25,0,0,1001,1006,3002
11549203,115492,0,0,0.25,0,25,0,0,1001,1006,3002
11549204,115492,0,0,0.25,0,25,0,0,1001,1006,3002
11549205,115492,0,0,0.25,0,25,0,0,1001,1006,3002
11549206,115492,0,0,0.25,0,25,0,0,1001,1006,3002
11549207,115492,0,0,0.25,0,25,0,0,1001,1006,3002
11549208,115492,0,0,0.25,0,25,0,0,1001,1006,3002
11549209,115492,0,0,0.25,0,25,0,0,1001,1006,3002
11549210,115492,0,0,0.25,0,25,0,0,1001,1006,3002
11549301,115493,0,0,0.1,0,35,0,0,1003,4001,1006
11549302,115493,0,0,0.1,0,35,0,0,1003,4001,1006
11549303,115493,0,0,0.1,0,35,0,0,1003,4001,1006
11549304,115493,0,0,0.1,0,35,0,0,1003,4001,1006
11549305,115493,0,0,0.1,0,35,0,0,1003,4001,1006
11549306,115493,0,0,0.1,0,35,0,0,1003,4001,1006
11549307,115493,0,0,0.1,0,35,0,0,1003,4001,1006
11549308,115493,0,0,0.1,0,35,0,0,1003,4001,1006
11549309,115493,0,0,0.1,0,35,0,0,1003,4001,1006
11549310,115493,0,0,0.1,0,35,0,0,1003,4001,1006
11584101,115841,0,0,1.25,0,50,0,25,3001,2008,0
11584102,115841,0,0,1.25,0,50,0,25,3001,2008,0
11584103,115841,0,0,1.25,0,50,0,25,3001,2008,0
11584104,115841,0,0,1.25,0,50,0,25,3001,2008,0
11584105,115841,0,0,1.25,0,50,0,25,3001,2008,0
11584106,115841,0,0,1.25,0,50,0,25,3001,2008,0
11584107,115841,0,0,1.25,0,50,0,25,3001,2008,0
11584108,115841,0,0,1.25,0,50,0,25,3001,2008,0
11584109,115841,0,0,1.25,0,50,0,25,3001,2008,0
11584110,115841,0,0,1.25,0,50,0,25,3001,2008,0
11584201,115842,0,0,1,0,25,0,0,5003,0,0
11584202,115842,0,0,1,0,25,0,0,5003,0,0
11584203,115842,0,0,1,0,25,0,0,5003,0,0
11584204,115842,0,0,1,0,25,0,0,5003,0,0
11584205,115842,0,0,1,0,25,0,0,5003,0,0
11584206,115842,0,0,1,0,25,0,0,5003,0,0
11584207,115842,0,0,1,0,25,0,0,5003,0,0
11584208,115842,0,0,1,0,25,0,0,5003,0,0
11584209,115842,0,0,1,0,25,0,0,5003,0,0
11584210,115842,0,0,1,0,25,0,0,5003,0,0
11584301,115843,0,0,0.5,0,20,0,0,1002,2003,0
11584302,115843,0,0,0.5,0,20,0,0,1002,2003,0
11584303,115843,0,0,0.5,0,20,0,0,1002,2003,0
11584304,115843,0,0,0.5,0,20,0,0,1002,2003,0
11584305,115843,0,0,0.5,0,20,0,0,1002,2003,0
11584306,115843,0,0,0.5,0,20,0,0,1002,2003,0
11584307,115843,0,0,0.5,0,20,0,0,1002,2003,0
11584308,115843,0,0,0.5,0,20,0,0,1002,2003,0
11584309,115843,0,0,0.5,0,20,0,0,1002,2003,0
11584310,115843,0,0,0.5,0,20,0,0,1002,2003,0
11702101,117021,0,0,2,0,50,0,25,1001,1006,4001
11702102,117021,0,0,2,0,50,0,25,1001,1006,4001
11702103,117021,0,0,2,0,50,0,25,1001,1006,4001
11702104,117021,0,0,2,0,50,0,25,1001,1006,4001
11702105,117021,0,0,2,0,50,0,25,1001,1006,4001
11702106,117021,0,0,2,0,50,0,25,1001,1006,4001
11702107,117021,0,0,2,0,50,0,25,1001,1006,4001
11702108,117021,0,0,2,0,50,0,25,1001,1006,4001
11702109,117021,0,0,2,0,50,0,25,1001,1006,4001
11702110,117021,0,0,2,0,50,0,25,1001,1006,4001
11702201,117022,0,0,0.5,0,40,0,0,1002,1006,3001
11702202,117022,0,0,0.5,0,40,0,0,1002,1006,3001
11702203,117022,0,0,0.5,0,40,0,0,1002,1006,3001
11702204,117022,0,0,0.5,0,40,0,0,1002,1006,3001
11702205,117022,0,0,0.5,0,40,0,0,1002,1006,3001
11702206,117022,0,0,0.5,0,40,0,0,1002,1006,3001
11702207,117022,0,0,0.5,0,40,0,0,1002,1006,3001
11702208,117022,0,0,0.5,0,40,0,0,1002,1006,3001
11702209,117022,0,0,0.5,0,40,0,0,1002,1006,3001
11702210,117022,0,0,0.5,0,40,0,0,1002,1006,3001
11702301,117023,0,0,0.5,0,30,0,0,1002,2018,2002
11702302,117023,0,0,0.5,0,30,0,0,1002,2018,2002
11702303,117023,0,0,0.5,0,30,0,0,1002,2018,2002
11702304,117023,0,0,0.5,0,30,0,0,1002,2018,2002
11702305,117023,0,0,0.5,0,30,0,0,1002,2018,2002
11702306,117023,0,0,0.5,0,30,0,0,1002,2018,2002
11702307,117023,0,0,0.5,0,30,0,0,1002,2018,2002
11702308,117023,0,0,0.5,0,30,0,0,1002,2018,2002
11702309,117023,0,0,0.5,0,30,0,0,1002,2018,2002
11702310,117023,0,0,0.5,0,30,0,0,1002,2018,2002
11707101,117071,0,0,2,0,50,0,25,5003,4001,0
11707102,117071,0,0,2,0,50,0,25,5003,4001,0
11707103,117071,0,0,2,0,50,0,25,5003,4001,0
11707104,117071,0,0,2,0,50,0,25,5003,4001,0
11707105,117071,0,0,2,0,50,0,25,5003,4001,0
11707106,117071,0,0,2,0,50,0,25,5003,4001,0
11707107,117071,0,0,2,0,50,0,25,5003,4001,0
11707108,117071,0,0,2,0,50,0,25,5003,4001,0
11707109,117071,0,0,2,0,50,0,25,5003,4001,0
11707110,117071,0,0,2,0,50,0,25,5003,4001,0
11707201,117072,0,0,1,0,25,0,0,1002,0,0
11707202,117072,0,0,1,0,25,0,0,1002,0,0
11707203,117072,0,0,1,0,25,0,0,1002,0,0
11707204,117072,0,0,1,0,25,0,0,1002,0,0
11707205,117072,0,0,1,0,25,0,0,1002,0,0
11707206,117072,0,0,1,0,25,0,0,1002,0,0
11707207,117072,0,0,1,0,25,0,0,1002,0,0
11707208,117072,0,0,1,0,25,0,0,1002,0,0
11707209,117072,0,0,1,0,25,0,0,1002,0,0
11707210,117072,0,0,1,0,25,0,0,1002,0,0
11707301,117073,0,0,1,0,35,0,0,5003,2017,0
11707302,117073,0,0,1,0,35,0,0,5003,2017,0
11707303,117073,0,0,1,0,35,0,0,5003,2017,0
11707304,117073,0,0,1,0,35,0,0,5003,2017,0
11707305,117073,0,0,1,0,35,0,0,5003,2017,0
11707306,117073,0,0,1,0,35,0,0,5003,2017,0
11707307,117073,0,0,1,0,35,0,0,5003,2017,0
11707308,117073,0,0,1,0,35,0,0,5003,2017,0
11707309,117073,0,0,1,0,35,0,0,5003,2017,0
11707310,117073,0,0,1,0,35,0,0,5003,2017,0
11716101,117161,0,0,1.5,0,90,0,45,5005,0,0
11716102,117161,0,0,1.5,0,90,0,45,5005,0,0
11716103,117161,0,0,1.5,0,90,0,45,5005,0,0
11716104,117161,0,0,1.5,0,90,0,45,5005,0,0
11716105,117161,0,0,1.5,0,90,0,45,5005,0,0
11716106,117161,0,0,1.5,0,90,0,45,5005,0,0
11716107,117161,0,0,1.5,0,90,0,45,5005,0,0
11716108,117161,0,0,1.5,0,90,0,45,5005,0,0
11716109,117161,0,0,1.5,0,90,0,45,5005,0,0
11716110,117161,0,0,1.5,0,90,0,45,5005,0,0
11716201,117162,0,0,1,0,45,0,0,1001,2008,2010
11716202,117162,0,0,1,0,45,0,0,1001,2008,2010
11716203,117162,0,0,1,0,45,0,0,1001,2008,2010
11716204,117162,0,0,1,0,45,0,0,1001,2008,2010
11716205,117162,0,0,1,0,45,0,0,1001,2008,2010
11716206,117162,0,0,1,0,45,0,0,1001,2008,2010
11716207,117162,0,0,1,0,45,0,0,1001,2008,2010
11716208,117162,0,0,1,0,45,0,0,1001,2008,2010
11716209,117162,0,0,1,0,45,0,0,1001,2008,2010
11716210,117162,0,0,1,0,45,0,0,1001,2008,2010
11716301,117163,0,0,0.5,0,15,0,0,5003,0,0
11716302,117163,0,0,0.5,0,15,0,0,5003,0,0
11716303,117163,0,0,0.5,0,15,0,0,5003,0,0
11716304,117163,0,0,0.5,0,15,0,0,5003,0,0
11716305,117163,0,0,0.5,0,15,0,0,5003,0,0
11716306,117163,0,0,0.5,0,15,0,0,5003,0,0
11716307,117163,0,0,0.5,0,15,0,0,5003,0,0
11716308,117163,0,0,0.5,0,15,0,0,5003,0,0
11716309,117163,0,0,0.5,0,15,0,0,5003,0,0
11716310,117163,0,0,0.5,0,15,0,0,5003,0,0
11727101,117271,0,0,2,0,50,0,25,1001,1006,4001
11727102,117271,0,0,2,0,50,0,25,1001,1006,4001
11727103,117271,0,0,2,0,50,0,25,1001,1006,4001
11727104,117271,0,0,2,0,50,0,25,1001,1006,4001
11727105,117271,0,0,2,0,50,0,25,1001,1006,4001
11727106,117271,0,0,2,0,50,0,25,1001,1006,4001
11727107,117271,0,0,2,0,50,0,25,1001,1006,4001
11727108,117271,0,0,2,0,50,0,25,1001,1006,4001
11727109,117271,0,0,2,0,50,0,25,1001,1006,4001
11727110,117271,0,0,2,0,50,0,25,1001,1006,4001
11727201,117272,0,0,0.5,0,20,0,0,1002,3001,2009
11727202,117272,0,0,0.5,0,20,0,0,1002,3001,2009
11727203,117272,0,0,0.5,0,20,0,0,1002,3001,2009
11727204,117272,0,0,0.5,0,20,0,0,1002,3001,2009
11727205,117272,0,0,0.5,0,20,0,0,1002,3001,2009
11727206,117272,0,0,0.5,0,20,0,0,1002,3001,2009
11727207,117272,0,0,0.5,0,20,0,0,1002,3001,2009
11727208,117272,0,0,0.5,0,20,0,0,1002,3001,2009
11727209,117272,0,0,0.5,0,20,0,0,1002,3001,2009
11727210,117272,0,0,0.5,0,20,0,0,1002,3001,2009
11727301,117273,0,0,1,0,25,0,0,1004,1006,0
11727302,117273,0,0,1,0,25,0,0,1004,1006,0
11727303,117273,0,0,1,0,25,0,0,1004,1006,0
11727304,117273,0,0,1,0,25,0,0,1004,1006,0
11727305,117273,0,0,1,0,25,0,0,1004,1006,0
11727306,117273,0,0,1,0,25,0,0,1004,1006,0
11727307,117273,0,0,1,0,25,0,0,1004,1006,0
11727308,117273,0,0,1,0,25,0,0,1004,1006,0
11727309,117273,0,0,1,0,25,0,0,1004,1006,0
11727310,117273,0,0,1,0,25,0,0,1004,1006,0
11804101,118041,0,0,1,0,40,0,20,3001,4001,0
11804102,118041,0,0,1,0,40,0,20,3001,4001,0
11804103,118041,0,0,1,0,40,0,20,3001,4001,0
11804104,118041,0,0,1,0,40,0,20,3001,4001,0
11804105,118041,0,0,1,0,40,0,20,3001,4001,0
11804106,118041,0,0,1,0,40,0,20,3001,4001,0
11804107,118041,0,0,1,0,40,0,20,3001,4001,0
11804108,118041,0,0,1,0,40,0,20,3001,4001,0
11804109,118041,0,0,1,0,40,0,20,3001,4001,0
11804110,118041,0,0,1,0,40,0,20,3001,4001,0
11804201,118042,0,0,1,0,30,0,0,1002,4001,0
11804202,118042,0,0,1,0,30,0,0,1002,4001,0
11804203,118042,0,0,1,0,30,0,0,1002,4001,0
11804204,118042,0,0,1,0,30,0,0,1002,4001,0
11804205,118042,0,0,1,0,30,0,0,1002,4001,0
11804206,118042,0,0,1,0,30,0,0,1002,4001,0
11804207,118042,0,0,1,0,30,0,0,1002,4001,0
11804208,118042,0,0,1,0,30,0,0,1002,4001,0
11804209,118042,0,0,1,0,30,0,0,1002,4001,0
11804210,118042,0,0,1,0,30,0,0,1002,4001,0
11804301,118043,0,0,0.5,0,30,0,0,1001,4003,2003
11804302,118043,0,0,0.5,0,30,0,0,1001,4003,2003
11804303,118043,0,0,0.5,0,30,0,0,1001,4003,2003
11804304,118043,0,0,0.5,0,30,0,0,1001,4003,2003
11804305,118043,0,0,0.5,0,30,0,0,1001,4003,2003
11804306,118043,0,0,0.5,0,30,0,0,1001,4003,2003
11804307,118043,0,0,0.5,0,30,0,0,1001,4003,2003
11804308,118043,0,0,0.5,0,30,0,0,1001,4003,2003
11804309,118043,0,0,0.5,0,30,0,0,1001,4003,2003
11804310,118043,0,0,0.5,0,30,0,0,1001,4003,2003
11902101,119021,0,0,2,0,60,0,30,1001,1006,2008
11902102,119021,0,0,2,0,60,0,30,1001,1006,2008
11902103,119021,0,0,2,0,60,0,30,1001,1006,2008
11902104,119021,0,0,2,0,60,0,30,1001,1006,2008
11902105,119021,0,0,2,0,60,0,30,1001,1006,2008
11902106,119021,0,0,2,0,60,0,30,1001,1006,2008
11902107,119021,0,0,2,0,60,0,30,1001,1006,2008
11902108,119021,0,0,2,0,60,0,30,1001,1006,2008
11902109,119021,0,0,2,0,60,0,30,1001,1006,2008
11902110,119021,0,0,2,0,60,0,30,1001,1006,2008
11902201,119022,0,0,1,0,30,0,0,1001,1006,4001
11902202,119022,0,0,1,0,30,0,0,1001,1006,4001
11902203,119022,0,0,1,0,30,0,0,1001,1006,4001
11902204,119022,0,0,1,0,30,0,0,1001,1006,4001
11902205,119022,0,0,1,0,30,0,0,1001,1006,4001
11902206,119022,0,0,1,0,30,0,0,1001,1006,4001
11902207,119022,0,0,1,0,30,0,0,1001,1006,4001
11902208,119022,0,0,1,0,30,0,0,1001,1006,4001
11902209,119022,0,0,1,0,30,0,0,1001,1006,4001
11902210,119022,0,0,1,0,30,0,0,1001,1006,4001
11902301,119023,0,0,1.5,0,40,0,0,1002,1006,2002
11902302,119023,0,0,1.5,0,40,0,0,1002,1006,2002
11902303,119023,0,0,1.5,0,40,0,0,1002,1006,2002
11902304,119023,0,0,1.5,0,40,0,0,1002,1006,2002
11902305,119023,0,0,1.5,0,40,0,0,1002,1006,2002
11902306,119023,0,0,1.5,0,40,0,0,1002,1006,2002
11902307,119023,0,0,1.5,0,40,0,0,1002,1006,2002
11902308,119023,0,0,1.5,0,40,0,0,1002,1006,2002
11902309,119023,0,0,1.5,0,40,0,0,1002,1006,2002
11902310,119023,0,0,1.5,0,40,0,0,1002,1006,2002
11904101,119041,0,0,1.5,0,45,0,22.5,1003,2003,0
11904102,119041,0,0,1.5,0,45,0,22.5,1003,2003,0
11904103,119041,0,0,1.5,0,45,0,22.5,1003,2003,0
11904104,119041,0,0,1.5,0,45,0,22.5,1003,2003,0
11904105,119041,0,0,1.5,0,45,0,22.5,1003,2003,0
11904106,119041,0,0,1.5,0,45,0,22.5,1003,2003,0
11904107,119041,0,0,1.5,0,45,0,22.5,1003,2003,0
11904108,119041,0,0,1.5,0,45,0,22.5,1003,2003,0
11904109,119041,0,0,1.5,0,45,0,22.5,1003,2003,0
11904110,119041,0,0,1.5,0,45,0,22.5,1003,2003,0
11904201,119042,0,0,1.75,0,40,0,0,1002,1006,0
11904202,119042,0,0,1.75,0,40,0,0,1002,1006,0
11904203,119042,0,0,1.75,0,40,0,0,1002,1006,0
11904204,119042,0,0,1.75,0,40,0,0,1002,1006,0
11904205,119042,0,0,1.75,0,40,0,0,1002,1006,0
11904206,119042,0,0,1.75,0,40,0,0,1002,1006,0
11904207,119042,0,0,1.75,0,40,0,0,1002,1006,0
11904208,119042,0,0,1.75,0,40,0,0,1002,1006,0
11904209,119042,0,0,1.75,0,40,0,0,1002,1006,0
11904210,119042,0,0,1.75,0,40,0,0,1002,1006,0
11904301,119043,0,0,0.5,0,22.5,0,0,1002,0,0
11904302,119043,0,0,0.5,0,22.5,0,0,1002,0,0
11904303,119043,0,0,0.5,0,22.5,0,0,1002,0,0
11904304,119043,0,0,0.5,0,22.5,0,0,1002,0,0
11904305,119043,0,0,0.5,0,22.5,0,0,1002,0,0
11904306,119043,0,0,0.5,0,22.5,0,0,1002,0,0
11904307,119043,0,0,0.5,0,22.5,0,0,1002,0,0
11904308,119043,0,0,0.5,0,22.5,0,0,1002,0,0
11904309,119043,0,0,0.5,0,22.5,0,0,1002,0,0
11904310,119043,0,0,0.5,0,22.5,0,0,1002,0,0
11906101,119061,0,0,1.5,0,60,0,30,3001,0,0
11906102,119061,0,0,1.5,0,60,0,30,3001,0,0
11906103,119061,0,0,1.5,0,60,0,30,3001,0,0
11906104,119061,0,0,1.5,0,60,0,30,3001,0,0
11906105,119061,0,0,1.5,0,60,0,30,3001,0,0
11906106,119061,0,0,1.5,0,60,0,30,3001,0,0
11906107,119061,0,0,1.5,0,60,0,30,3001,0,0
11906108,119061,0,0,1.5,0,60,0,30,3001,0,0
11906109,119061,0,0,1.5,0,60,0,30,3001,0,0
11906110,119061,0,0,1.5,0,60,0,30,3001,0,0
11906201,119062,0,0,1,0,40,0,0,1002,2003,0
11906202,119062,0,0,1,0,40,0,0,1002,2003,0
11906203,119062,0,0,1,0,40,0,0,1002,2003,0
11906204,119062,0,0,1,0,40,0,0,1002,2003,0
11906205,119062,0,0,1,0,40,0,0,1002,2003,0
11906206,119062,0,0,1,0,40,0,0,1002,2003,0
11906207,119062,0,0,1,0,40,0,0,1002,2003,0
11906208,119062,0,0,1,0,40,0,0,1002,2003,0
11906209,119062,0,0,1,0,40,0,0,1002,2003,0
11906210,119062,0,0,1,0,40,0,0,1002,2003,0
11906301,119063,0,0,1,0,35,0,0,1002,3001,0
11906302,119063,0,0,1,0,35,0,0,1002,3001,0
11906303,119063,0,0,1,0,35,0,0,1002,3001,0
11906304,119063,0,0,1,0,35,0,0,1002,3001,0
11906305,119063,0,0,1,0,35,0,0,1002,3001,0
11906306,119063,0,0,1,0,35,0,0,1002,3001,0
11906307,119063,0,0,1,0,35,0,0,1002,3001,0
11906308,119063,0,0,1,0,35,0,0,1002,3001,0
11906309,119063,0,0,1,0,35,0,0,1002,3001,0
11906310,119063,0,0,1,0,35,0,0,1002,3001,0
11917101,119171,0,0,2,0,55,0,27.5,5003,2008,0
11917102,119171,0,0,2,0,55,0,27.5,5003,2008,0
11917103,119171,0,0,2,0,55,0,27.5,5003,2008,0
11917104,119171,0,0,2,0,55,0,27.5,5003,2008,0
11917105,119171,0,0,2,0,55,0,27.5,5003,2008,0
11917106,119171,0,0,2,0,55,0,27.5,5003,2008,0
11917107,119171,0,0,2,0,55,0,27.5,5003,2008,0
11917108,119171,0,0,2,0,55,0,27.5,5003,2008,0
11917109,119171,0,0,2,0,55,0,27.5,5003,2008,0
11917110,119171,0,0,2,0,55,0,27.5,5003,2008,0
11917201,119172,0,0,1,0,75,0,0,2004,0,0
11917202,119172,0,0,1,0,72.22,0,0,2004,0,0
11917203,119172,0,0,1,0,69.44,0,0,2004,0,0
11917204,119172,0,0,1,0,66.67,0,0,2004,0,0
11917205,119172,0,0,1,0,63.89,0,0,2004,0,0
11917206,119172,0,0,1,0,61.11,0,0,2004,0,0
11917207,119172,0,0,1,0,58.33,0,0,2004,0,0
11917208,119172,0,0,1,0,55.56,0,0,2004,0,0
11917209,119172,0,0,1,0,52.78,0,0,2004,0,0
11917210,119172,0,0,1,0,50,0,0,2004,0,0
11917301,119173,0,0,1,0,30,0,0,1001,4001,0
11917302,119173,0,0,1,0,30,0,0,1001,4001,0
11917303,119173,0,0,1,0,30,0,0,1001,4001,0
11917304,119173,0,0,1,0,30,0,0,1001,4001,0
11917305,119173,0,0,1,0,30,0,0,1001,4001,0
11917306,119173,0,0,1,0,30,0,0,1001,4001,0
11917307,119173,0,0,1,0,30,0,0,1001,4001,0
11917308,119173,0,0,1,0,30,0,0,1001,4001,0
11917309,119173,0,0,1,0,30,0,0,1001,4001,0
11917310,119173,0,0,1,0,30,0,0,1001,4001,0
12001101,120011,0,0,2,0,60,0,30,1001,1006,4001
12001102,120011,0,0,2,0,60,0,30,1001,1006,4001
12001103,120011,0,0,2,0,60,0,30,1001,1006,4001
12001104,120011,0,0,2,0,60,0,30,1001,1006,4001
12001105,120011,0,0,2,0,60,0,30,1001,1006,4001
12001106,120011,0,0,2,0,60,0,30,1001,1006,4001
12001107,120011,0,0,2,0,60,0,30,1001,1006,4001
12001108,120011,0,0,2,0,60,0,30,1001,1006,4001
12001109,120011,0,0,2,0,60,0,30,1001,1006,4001
12001110,120011,0,0,2,0,60,0,30,1001,1006,4001
12001201,120012,0,0,1.5,0,40,0,0,1001,1006,2018
12001202,120012,0,0,1.5,0,40,0,0,1001,1006,2018
12001203,120012,0,0,1.5,0,40,0,0,1001,1006,2018
12001204,120012,0,0,1.5,0,40,0,0,1001,1006,2018
12001205,120012,0,0,1.5,0,40,0,0,1001,1006,2018
12001206,120012,0,0,1.5,0,40,0,0,1001,1006,2018
12001207,120012,0,0,1.5,0,40,0,0,1001,1006,2018
12001208,120012,0,0,1.5,0,40,0,0,1001,1006,2018
12001209,120012,0,0,1.5,0,40,0,0,1001,1006,2018
12001210,120012,0,0,1.5,0,40,0,0,1001,1006,2018
12001301,120013,0,0,1,0,25,0,0,1002,1006,4001
12001302,120013,0,0,1,0,25,0,0,1002,1006,4001
12001303,120013,0,0,1,0,25,0,0,1002,1006,4001
12001304,120013,0,0,1,0,25,0,0,1002,1006,4001
12001305,120013,0,0,1,0,25,0,0,1002,1006,4001
12001306,120013,0,0,1,0,25,0,0,1002,1006,4001
12001307,120013,0,0,1,0,25,0,0,1002,1006,4001
12001308,120013,0,0,1,0,25,0,0,1002,1006,4001
12001309,120013,0,0,1,0,25,0,0,1002,1006,4001
12001310,120013,0,0,1,0,25,0,0,1002,1006,4001
12002101,120021,0,0,2,0,60,0,30,1002,1006,4001
12002102,120021,0,0,2,0,60,0,30,1002,1006,4001
12002103,120021,0,0,2,0,60,0,30,1002,1006,4001
12002104,120021,0,0,2,0,60,0,30,1002,1006,4001
12002105,120021,0,0,2,0,60,0,30,1002,1006,4001
12002106,120021,0,0,2,0,60,0,30,1002,1006,4001
12002107,120021,0,0,2,0,60,0,30,1002,1006,4001
12002108,120021,0,0,2,0,60,0,30,1002,1006,4001
12002109,120021,0,0,2,0,60,0,30,1002,1006,4001
12002110,120021,0,0,2,0,60,0,30,1002,1006,4001
12002201,120022,0,0,1.5,0,40,0,0,1001,1006,2009
12002202,120022,0,0,1.5,0,40,0,0,1001,1006,2009
12002203,120022,0,0,1.5,0,40,0,0,1001,1006,2009
12002204,120022,0,0,1.5,0,40,0,0,1001,1006,2009
12002205,120022,0,0,1.5,0,40,0,0,1001,1006,2009
12002206,120022,0,0,1.5,0,40,0,0,1001,1006,2009
12002207,120022,0,0,1.5,0,40,0,0,1001,1006,2009
12002208,120022,0,0,1.5,0,40,0,0,1001,1006,2009
12002209,120022,0,0,1.5,0,40,0,0,1001,1006,2009
12002210,120022,0,0,1.5,0,40,0,0,1001,1006,2009
12002301,120023,0,0,1,0,30,0,0,1002,2003,3001
12002302,120023,0,0,1,0,30,0,0,1002,2003,3001
12002303,120023,0,0,1,0,30,0,0,1002,2003,3001
12002304,120023,0,0,1,0,30,0,0,1002,2003,3001
12002305,120023,0,0,1,0,30,0,0,1002,2003,3001
12002306,120023,0,0,1,0,30,0,0,1002,2003,3001
12002307,120023,0,0,1,0,30,0,0,1002,2003,3001
12002308,120023,0,0,1,0,30,0,0,1002,2003,3001
12002309,120023,0,0,1,0,30,0,0,1002,2003,3001
12002310,120023,0,0,1,0,30,0,0,1002,2003,3001
12006101,120061,0,0,1.5,0,60,0,30,1001,2003,0
12006102,120061,0,0,1.5,0,60,0,30,1001,2003,0
12006103,120061,0,0,1.5,0,60,0,30,1001,2003,0
12006104,120061,0,0,1.5,0,60,0,30,1001,2003,0
12006105,120061,0,0,1.5,0,60,0,30,1001,2003,0
12006106,120061,0,0,1.5,0,60,0,30,1001,2003,0
12006107,120061,0,0,1.5,0,60,0,30,1001,2003,0
12006108,120061,0,0,1.5,0,60,0,30,1001,2003,0
12006109,120061,0,0,1.5,0,60,0,30,1001,2003,0
12006110,120061,0,0,1.5,0,60,0,30,1001,2003,0
12006201,120062,0,0,3,0,45,0,0,5004,0,0
12006202,120062,0,0,1,0,45,0,0,5004,0,0
12006203,120062,0,0,1,0,45,0,0,5004,0,0
12006204,120062,0,0,1,0,45,0,0,5004,0,0
12006205,120062,0,0,1,0,45,0,0,5004,0,0
12006206,120062,0,0,1,0,45,0,0,5004,0,0
12006207,120062,0,0,1,0,45,0,0,5004,0,0
12006208,120062,0,0,1,0,45,0,0,5004,0,0
12006209,120062,0,0,1,0,45,0,0,5004,0,0
12006210,120062,0,0,1,0,45,0,0,5004,0,0
12006301,120063,0,0,1,0,30,0,0,5003,2010,0
12006302,120063,0,0,1,0,30,0,0,5003,2010,0
12006303,120063,0,0,1,0,30,0,0,5003,2010,0
12006304,120063,0,0,1,0,30,0,0,5003,2010,0
12006305,120063,0,0,1,0,30,0,0,5003,2010,0
12006306,120063,0,0,1,0,30,0,0,5003,2010,0
12006307,120063,0,0,1,0,30,0,0,5003,2010,0
12006308,120063,0,0,1,0,30,0,0,5003,2010,0
12006309,120063,0,0,1,0,30,0,0,5003,2010,0
12006310,120063,0,0,1,0,30,0,0,5003,2010,0
12007101,120071,0,0,1,0,45,0,22.5,1001,2015,2014
12007102,120071,0,0,1,0,45,0,22.5,1001,2015,2014
12007103,120071,0,0,1,0,45,0,22.5,1001,2015,2014
12007104,120071,0,0,1,0,45,0,22.5,1001,2015,2014
12007105,120071,0,0,1,0,45,0,22.5,1001,2015,2014
12007106,120071,0,0,1,0,45,0,22.5,1001,2015,2014
12007107,120071,0,0,1,0,45,0,22.5,1001,2015,2014
12007108,120071,0,0,1,0,45,0,22.5,1001,2015,2014
12007109,120071,0,0,1,0,45,0,22.5,1001,2015,2014
12007110,120071,0,0,1,0,45,0,22.5,1001,2015,2014
12007201,120072,0,0,0.5,0,35,0,0,1002,3001,2003
12007202,120072,0,0,0.5,0,35,0,0,1002,3001,2003
12007203,120072,0,0,0.5,0,35,0,0,1002,3001,2003
12007204,120072,0,0,0.5,0,35,0,0,1002,3001,2003
12007205,120072,0,0,0.5,0,35,0,0,1002,3001,2003
12007206,120072,0,0,0.5,0,35,0,0,1002,3001,2003
12007207,120072,0,0,0.5,0,35,0,0,1002,3001,2003
12007208,120072,0,0,0.5,0,35,0,0,1002,3001,2003
12007209,120072,0,0,0.5,0,35,0,0,1002,3001,2003
12007210,120072,0,0,0.5,0,35,0,0,1002,3001,2003
12007301,120073,0,0,1,0,30,0,0,1002,2003,0
12007302,120073,0,0,1,0,30,0,0,1002,2003,0
12007303,120073,0,0,1,0,30,0,0,1002,2003,0
12007304,120073,0,0,1,0,30,0,0,1002,2003,0
12007305,120073,0,0,1,0,30,0,0,1002,2003,0
12007306,120073,0,0,1,0,30,0,0,1002,2003,0
12007307,120073,0,0,1,0,30,0,0,1002,2003,0
12007308,120073,0,0,1,0,30,0,0,1002,2003,0
12007309,120073,0,0,1,0,30,0,0,1002,2003,0
12007310,120073,0,0,1,0,30,0,0,1002,2003,0
12017101,120171,0,0,2,0,60,0,30,1001,1006,2013
12017102,120171,0,0,2,0,60,0,30,1001,1006,2013
12017103,120171,0,0,2,0,60,0,30,1001,1006,2013
12017104,120171,0,0,2,0,60,0,30,1001,1006,2013
12017105,120171,0,0,2,0,60,0,30,1001,1006,2013
12017106,120171,0,0,2,0,60,0,30,1001,1006,2013
12017107,120171,0,0,2,0,60,0,30,1001,1006,2013
12017108,120171,0,0,2,0,60,0,30,1001,1006,2013
12017109,120171,0,0,2,0,60,0,30,1001,1006,2013
12017110,120171,0,0,2,0,60,0,30,1001,1006,2013
12017201,120172,0,0,1.5,0,40,0,0,1001,1006,2009
12017202,120172,0,0,1.5,0,40,0,0,1001,1006,2009
12017203,120172,0,0,1.5,0,40,0,0,1001,1006,2009
12017204,120172,0,0,1.5,0,40,0,0,1001,1006,2009
12017205,120172,0,0,1.5,0,40,0,0,1001,1006,2009
12017206,120172,0,0,1.5,0,40,0,0,1001,1006,2009
12017207,120172,0,0,1.5,0,40,0,0,1001,1006,2009
12017208,120172,0,0,1.5,0,40,0,0,1001,1006,2009
12017209,120172,0,0,1.5,0,40,0,0,1001,1006,2009
12017210,120172,0,0,1.5,0,40,0,0,1001,1006,2009
12017301,120173,0,0,0.25,0,35,0,0,1002,2002,3001
12017302,120173,0,0,0.25,0,35,0,0,1002,2002,3001
12017303,120173,0,0,0.25,0,35,0,0,1002,2002,3001
12017304,120173,0,0,0.25,0,35,0,0,1002,2002,3001
12017305,120173,0,0,0.25,0,35,0,0,1002,2002,3001
12017306,120173,0,0,0.25,0,35,0,0,1002,2002,3001
12017307,120173,0,0,0.25,0,35,0,0,1002,2002,3001
12017308,120173,0,0,0.25,0,35,0,0,1002,2002,3001
12017309,120173,0,0,0.25,0,35,0,0,1002,2002,3001
12017310,120173,0,0,0.25,0,35,0,0,1002,2002,3001
12117101,121171,0,0,2,0,60,0,30,1002,1006,1007
12117102,121171,0,0,2,0,60,0,30,1002,1006,1007
12117103,121171,0,0,2,0,60,0,30,1002,1006,1007
12117104,121171,0,0,2,0,60,0,30,1002,1006,1007
12117105,121171,0,0,2,0,60,0,30,1002,1006,1007
12117106,121171,0,0,2,0,60,0,30,1002,1006,1007
12117107,121171,0,0,2,0,60,0,30,1002,1006,1007
12117108,121171,0,0,2,0,60,0,30,1002,1006,1007
12117109,121171,0,0,2,0,60,0,30,1002,1006,1007
12117110,121171,0,0,2,0,60,0,30,1002,1006,1007
12117201,121172,0,0,1,0,40,0,0,1002,1006,1007
12117202,121172,0,0,1,0,40,0,0,1002,1006,1007
12117203,121172,0,0,1,0,40,0,0,1002,1006,1007
12117204,121172,0,0,1,0,40,0,0,1002,1006,1007
12117205,121172,0,0,1,0,40,0,0,1002,1006,1007
12117206,121172,0,0,1,0,40,0,0,1002,1006,1007
12117207,121172,0,0,1,0,40,0,0,1002,1006,1007
12117208,121172,0,0,1,0,40,0,0,1002,1006,1007
12117209,121172,0,0,1,0,40,0,0,1002,1006,1007
12117210,121172,0,0,1,0,40,0,0,1002,1006,1007
12117301,121173,0,0,0.5,0,25,0,0,1002,1007,4001
12117302,121173,0,0,0.5,0,25,0,0,1002,1007,4001
12117303,121173,0,0,0.5,0,25,0,0,1002,1007,4001
12117304,121173,0,0,0.5,0,25,0,0,1002,1007,4001
12117305,121173,0,0,0.5,0,25,0,0,1002,1007,4001
12117306,121173,0,0,0.5,0,25,0,0,1002,1007,4001
12117307,121173,0,0,0.5,0,25,0,0,1002,1007,4001
12117308,121173,0,0,0.5,0,25,0,0,1002,1007,4001
12117309,121173,0,0,0.5,0,25,0,0,1002,1007,4001
12117310,121173,0,0,0.5,0,25,0,0,1002,1007,4001
12202101,122021,0,0,2,0,60,0,30,1001,1006,3001
12202102,122021,0,0,2,0,60,0,30,1001,1006,3001
12202103,122021,0,0,2,0,60,0,30,1001,1006,3001
12202104,122021,0,0,2,0,60,0,30,1001,1006,3001
12202105,122021,0,0,2,0,60,0,30,1001,1006,3001
12202106,122021,0,0,2,0,60,0,30,1001,1006,3001
12202107,122021,0,0,2,0,60,0,30,1001,1006,3001
12202108,122021,0,0,2,0,60,0,30,1001,1006,3001
12202109,122021,0,0,2,0,60,0,30,1001,1006,3001
12202110,122021,0,0,2,0,60,0,30,1001,1006,3001
12202201,122022,0,0,1.5,0,40,0,0,1001,1006,4001
12202202,122022,0,0,1.5,0,40,0,0,1001,1006,4001
12202203,122022,0,0,1.5,0,40,0,0,1001,1006,4001
12202204,122022,0,0,1.5,0,40,0,0,1001,1006,4001
12202205,122022,0,0,1.5,0,40,0,0,1001,1006,4001
12202206,122022,0,0,1.5,0,40,0,0,1001,1006,4001
12202207,122022,0,0,1.5,0,40,0,0,1001,1006,4001
12202208,122022,0,0,1.5,0,40,0,0,1001,1006,4001
12202209,122022,0,0,1.5,0,40,0,0,1001,1006,4001
12202210,122022,0,0,1.5,0,40,0,0,1001,1006,4001
12202301,122023,0,0,1,0,25,0,0,1001,2002,3001
12202302,122023,0,0,1,0,25,0,0,1001,2002,3001
12202303,122023,0,0,1,0,25,0,0,1001,2002,3001
12202304,122023,0,0,1,0,25,0,0,1001,2002,3001
12202305,122023,0,0,1,0,25,0,0,1001,2002,3001
12202306,122023,0,0,1,0,25,0,0,1001,2002,3001
12202307,122023,0,0,1,0,25,0,0,1001,2002,3001
12202308,122023,0,0,1,0,25,0,0,1001,2002,3001
12202309,122023,0,0,1,0,25,0,0,1001,2002,3001
12202310,122023,0,0,1,0,25,0,0,1001,2002,3001
12218101,122181,0,0,1.5,0,50,0,25,1001,1006,2003
12218102,122181,0,0,1.5,0,50,0,25,1001,1006,2003
12218103,122181,0,0,1.5,0,50,0,25,1001,1006,2003
12218104,122181,0,0,1.5,0,50,0,25,1001,1006,2003
12218105,122181,0,0,1.5,0,50,0,25,1001,1006,2003
12218106,122181,0,0,1.5,0,50,0,25,1001,1006,2003
12218107,122181,0,0,1.5,0,50,0,25,1001,1006,2003
12218108,122181,0,0,1.5,0,50,0,25,1001,1006,2003
12218109,122181,0,0,1.5,0,50,0,25,1001,1006,2003
12218110,122181,0,0,1.5,0,50,0,25,1001,1006,2003
12218201,122182,0,0,1.5,0,35,0,0,1001,0,0
12218202,122182,0,0,1.5,0,35,0,0,1001,0,0
12218203,122182,0,0,1.5,0,35,0,0,1001,0,0
12218204,122182,0,0,1.5,0,35,0,0,1001,0,0
12218205,122182,0,0,1.5,0,35,0,0,1001,0,0
12218206,122182,0,0,1.5,0,35,0,0,1001,0,0
12218207,122182,0,0,1.5,0,35,0,0,1001,0,0
12218208,122182,0,0,1.5,0,35,0,0,1001,0,0
12218209,122182,0,0,1.5,0,35,0,0,1001,0,0
12218210,122182,0,0,1.5,0,35,0,0,1001,0,0
12218301,122183,0,0,0.5,0,35,0,0,1002,4001,0
12218302,122183,0,0,0.5,0,35,0,0,1002,4001,0
12218303,122183,0,0,0.5,0,35,0,0,1002,4001,0
12218304,122183,0,0,0.5,0,35,0,0,1002,4001,0
12218305,122183,0,0,0.5,0,35,0,0,1002,4001,0
12218306,122183,0,0,0.5,0,35,0,0,1002,4001,0
12218307,122183,0,0,0.5,0,35,0,0,1002,4001,0
12218308,122183,0,0,0.5,0,35,0,0,1002,4001,0
12218309,122183,0,0,0.5,0,35,0,0,1002,4001,0
12218310,122183,0,0,0.5,0,35,0,0,1002,4001,0
12301101,123011,0,0,2,0,60,0,30,1001,1006,4001
12301102,123011,0,0,2,0,60,0,30,1001,1006,4001
12301103,123011,0,0,2,0,60,0,30,1001,1006,4001
12301104,123011,0,0,2,0,60,0,30,1001,1006,4001
12301105,123011,0,0,2,0,60,0,30,1001,1006,4001
12301106,123011,0,0,2,0,60,0,30,1001,1006,4001
12301107,123011,0,0,2,0,60,0,30,1001,1006,4001
12301108,123011,0,0,2,0,60,0,30,1001,1006,4001
12301109,123011,0,0,2,0,60,0,30,1001,1006,4001
12301110,123011,0,0,2,0,60,0,30,1001,1006,4001
12301201,123012,0,0,1.5,0,40,0,0,1001,1006,3001
12301202,123012,0,0,1.5,0,40,0,0,1001,1006,3001
12301203,123012,0,0,1.5,0,40,0,0,1001,1006,3001
12301204,123012,0,0,1.5,0,40,0,0,1001,1006,3001
12301205,123012,0,0,1.5,0,40,0,0,1001,1006,3001
12301206,123012,0,0,1.5,0,40,0,0,1001,1006,3001
12301207,123012,0,0,1.5,0,40,0,0,1001,1006,3001
12301208,123012,0,0,1.5,0,40,0,0,1001,1006,3001
12301209,123012,0,0,1.5,0,40,0,0,1001,1006,3001
12301210,123012,0,0,1.5,0,40,0,0,1001,1006,3001
12301301,123013,0,0,1.5,0,40,0,0,1002,1006,2002
12301302,123013,0,0,1.5,0,40,0,0,1002,1006,2002
12301303,123013,0,0,1.5,0,40,0,0,1002,1006,2002
12301304,123013,0,0,1.5,0,40,0,0,1002,1006,2002
12301305,123013,0,0,1.5,0,40,0,0,1002,1006,2002
12301306,123013,0,0,1.5,0,40,0,0,1002,1006,2002
12301307,123013,0,0,1.5,0,40,0,0,1002,1006,2002
12301308,123013,0,0,1.5,0,40,0,0,1002,1006,2002
12301309,123013,0,0,1.5,0,40,0,0,1002,1006,2002
12301310,123013,0,0,1.5,0,40,0,0,1002,1006,2002
12302101,123021,0,0,2,0,60,0,30,1001,0,0
12302102,123021,0,0,2,0,60,0,30,1001,0,0
12302103,123021,0,0,2,0,60,0,30,1001,0,0
12302104,123021,0,0,2,0,60,0,30,1001,0,0
12302105,123021,0,0,2,0,60,0,30,1001,0,0
12302106,123021,0,0,2,0,60,0,30,1001,0,0
12302107,123021,0,0,2,0,60,0,30,1001,0,0
12302108,123021,0,0,2,0,60,0,30,1001,0,0
12302109,123021,0,0,2,0,60,0,30,1001,0,0
12302110,123021,0,0,2,0,60,0,30,1001,0,0
12302201,123022,0,0,1.5,0,25,0,0,1001,0,0
12302202,123022,0,0,1.5,0,25,0,0,1001,0,0
12302203,123022,0,0,1.5,0,25,0,0,1001,0,0
12302204,123022,0,0,1.5,0,25,0,0,1001,0,0
12302205,123022,0,0,1.5,0,25,0,0,1001,0,0
12302206,123022,0,0,1.5,0,25,0,0,1001,0,0
12302207,123022,0,0,1.5,0,25,0,0,1001,0,0
12302208,123022,0,0,1.5,0,25,0,0,1001,0,0
12302209,123022,0,0,1.5,0,25,0,0,1001,0,0
12302210,123022,0,0,1.5,0,25,0,0,1001,0,0
12302301,123023,0,0,1,0,25,0,0,1002,0,0
12302302,123023,0,0,1,0,25,0,0,1002,0,0
12302303,123023,0,0,1,0,25,0,0,1002,0,0
12302304,123023,0,0,1,0,25,0,0,1002,0,0
12302305,123023,0,0,1,0,25,0,0,1002,0,0
12302306,123023,0,0,1,0,25,0,0,1002,0,0
12302307,123023,0,0,1,0,25,0,0,1002,0,0
12302308,123023,0,0,1,0,25,0,0,1002,0,0
12302309,123023,0,0,1,0,25,0,0,1002,0,0
12302310,123023,0,0,1,0,25,0,0,1002,0,0
12306101,123061,0,0,2,0,55,0,27.5,1001,1006,0
12306102,123061,0,0,2,0,55,0,27.5,1001,1006,0
12306103,123061,0,0,2,0,55,0,27.5,1001,1006,0
12306104,123061,0,0,2,0,55,0,27.5,1001,1006,0
12306105,123061,0,0,2,0,55,0,27.5,1001,1006,0
12306106,123061,0,0,2,0,55,0,27.5,1001,1006,0
12306107,123061,0,0,2,0,55,0,27.5,1001,1006,0
12306108,123061,0,0,2,0,55,0,27.5,1001,1006,0
12306109,123061,0,0,2,0,55,0,27.5,1001,1006,0
12306110,123061,0,0,2,0,55,0,27.5,1001,1006,0
12306201,123062,0,0,2,0,40,0,0,1001,1006,0
12306202,123062,0,0,2,0,40,0,0,1001,1006,0
12306203,123062,0,0,2,0,40,0,0,1001,1006,0
12306204,123062,0,0,2,0,40,0,0,1001,1006,0
12306205,123062,0,0,2,0,40,0,0,1001,1006,0
12306206,123062,0,0,2,0,40,0,0,1001,1006,0
12306207,123062,0,0,2,0,40,0,0,1001,1006,0
12306208,123062,0,0,2,0,40,0,0,1001,1006,0
12306209,123062,0,0,2,0,40,0,0,1001,1006,0
12306210,123062,0,0,2,0,40,0,0,1001,1006,0
12306301,123063,0,0,2,0,30,0,0,1002,2009,0
12306302,123063,0,0,2,0,30,0,0,1002,2009,0
12306303,123063,0,0,2,0,30,0,0,1002,2009,0
12306304,123063,0,0,2,0,30,0,0,1002,2009,0
12306305,123063,0,0,2,0,30,0,0,1002,2009,0
12306306,123063,0,0,2,0,30,0,0,1002,2009,0
12306307,123063,0,0,2,0,30,0,0,1002,2009,0
12306308,123063,0,0,2,0,30,0,0,1002,2009,0
12306309,123063,0,0,2,0,30,0,0,1002,2009,0
12306310,123063,0,0,2,0,30,0,0,1002,2009,0
12383101,123831,0,0,2,0,50,0,25,1001,2003,0
12383102,123831,0,0,2,0,50,0,25,1001,2003,0
12383103,123831,0,0,2,0,50,0,25,1001,2003,0
12383104,123831,0,0,2,0,50,0,25,1001,2003,0
12383105,123831,0,0,2,0,50,0,25,1001,2003,0
12383106,123831,0,0,2,0,50,0,25,1001,2003,0
12383107,123831,0,0,2,0,50,0,25,1001,2003,0
12383108,123831,0,0,2,0,50,0,25,1001,2003,0
12383109,123831,0,0,2,0,50,0,25,1001,2003,0
12383110,123831,0,0,2,0,50,0,25,1001,2003,0
12383201,123832,0,0,1.5,0,40,0,0,1002,3001,0
12383202,123832,0,0,1.5,0,40,0,0,1002,3001,0
12383203,123832,0,0,1.5,0,40,0,0,1002,3001,0
12383204,123832,0,0,1.5,0,40,0,0,1002,3001,0
12383205,123832,0,0,1.5,0,40,0,0,1002,3001,0
12383206,123832,0,0,1.5,0,40,0,0,1002,3001,0
12383207,123832,0,0,1.5,0,40,0,0,1002,3001,0
12383208,123832,0,0,1.5,0,40,0,0,1002,3001,0
12383209,123832,0,0,1.5,0,40,0,0,1002,3001,0
12383210,123832,0,0,1.5,0,40,0,0,1002,3001,0
12383301,123833,0,0,1,0,25,0,0,1004,1006,0
12383302,123833,0,0,1,0,25,0,0,1004,1006,0
12383303,123833,0,0,1,0,25,0,0,1004,1006,0
12383304,123833,0,0,1,0,25,0,0,1004,1006,0
12383305,123833,0,0,1,0,25,0,0,1004,1006,0
12383306,123833,0,0,1,0,25,0,0,1004,1006,0
12383307,123833,0,0,1,0,25,0,0,1004,1006,0
12383308,123833,0,0,1,0,25,0,0,1004,1006,0
12383309,123833,0,0,1,0,25,0,0,1004,1006,0
12383310,123833,0,0,1,0,25,0,0,1004,1006,0
12402101,124021,0,0,2,0,60,0,30,1001,1006,2013
12402102,124021,0,0,2,0,60,0,30,1001,1006,2013
12402103,124021,0,0,2,0,60,0,30,1001,1006,2013
12402104,124021,0,0,2,0,60,0,30,1001,1006,2013
12402105,124021,0,0,2,0,60,0,30,1001,1006,2013
12402106,124021,0,0,2,0,60,0,30,1001,1006,2013
12402107,124021,0,0,2,0,60,0,30,1001,1006,2013
12402108,124021,0,0,2,0,60,0,30,1001,1006,2013
12402109,124021,0,0,2,0,60,0,30,1001,1006,2013
12402110,124021,0,0,2,0,60,0,30,1001,1006,2013
12402201,124022,0,0,1,0,30,0,0,1001,1006,2015
12402202,124022,0,0,1,0,30,0,0,1001,1006,2015
12402203,124022,0,0,1,0,30,0,0,1001,1006,2015
12402204,124022,0,0,1,0,30,0,0,1001,1006,2015
12402205,124022,0,0,1,0,30,0,0,1001,1006,2015
12402206,124022,0,0,1,0,30,0,0,1001,1006,2015
12402207,124022,0,0,1,0,30,0,0,1001,1006,2015
12402208,124022,0,0,1,0,30,0,0,1001,1006,2015
12402209,124022,0,0,1,0,30,0,0,1001,1006,2015
12402210,124022,0,0,1,0,30,0,0,1001,1006,2015
12402301,124023,0,0,1.5,0,45,0,0,1002,1006,3001
12402302,124023,0,0,1.5,0,45,0,0,1002,1006,3001
12402303,124023,0,0,1.5,0,45,0,0,1002,1006,3001
12402304,124023,0,0,1.5,0,45,0,0,1002,1006,3001
12402305,124023,0,0,1.5,0,45,0,0,1002,1006,3001
12402306,124023,0,0,1.5,0,45,0,0,1002,1006,3001
12402307,124023,0,0,1.5,0,45,0,0,1002,1006,3001
12402308,124023,0,0,1.5,0,45,0,0,1002,1006,3001
12402309,124023,0,0,1.5,0,45,0,0,1002,1006,3001
12402310,124023,0,0,1.5,0,45,0,0,1002,1006,3001
12416101,124161,0,0,1.5,0,45,0,22.5,1001,1006,0
12416102,124161,0,0,1.5,0,45,0,22.5,1001,1006,0
12416103,124161,0,0,1.5,0,45,0,22.5,1001,1006,0
12416104,124161,0,0,1.5,0,45,0,22.5,1001,1006,0
12416105,124161,0,0,1.5,0,45,0,22.5,1001,1006,0
12416106,124161,0,0,1.5,0,45,0,22.5,1001,1006,0
12416107,124161,0,0,1.5,0,45,0,22.5,1001,1006,0
12416108,124161,0,0,1.5,0,45,0,22.5,1001,1006,0
12416109,124161,0,0,1.5,0,45,0,22.5,1001,1006,0
12416110,124161,0,0,1.5,0,45,0,22.5,1001,1006,0
12416201,124162,0,0,1,0,25,0,0,1001,1006,2002
12416202,124162,0,0,1,0,25,0,0,1001,1006,2002
12416203,124162,0,0,1,0,25,0,0,1001,1006,2002
12416204,124162,0,0,1,0,25,0,0,1001,1006,2002
12416205,124162,0,0,1,0,25,0,0,1001,1006,2002
12416206,124162,0,0,1,0,25,0,0,1001,1006,2002
12416207,124162,0,0,1,0,25,0,0,1001,1006,2002
12416208,124162,0,0,1,0,25,0,0,1001,1006,2002
12416209,124162,0,0,1,0,25,0,0,1001,1006,2002
12416210,124162,0,0,1,0,25,0,0,1001,1006,2002
12416301,124163,0,0,1,0,25,0,0,1003,1006,0
12416302,124163,0,0,1,0,25,0,0,1003,1006,0
12416303,124163,0,0,1,0,25,0,0,1003,1006,0
12416304,124163,0,0,1,0,25,0,0,1003,1006,0
12416305,124163,0,0,1,0,25,0,0,1003,1006,0
12416306,124163,0,0,1,0,25,0,0,1003,1006,0
12416307,124163,0,0,1,0,25,0,0,1003,1006,0
12416308,124163,0,0,1,0,25,0,0,1003,1006,0
12416309,124163,0,0,1,0,25,0,0,1003,1006,0
12416310,124163,0,0,1,0,25,0,0,1003,1006,0
12417101,124171,0,0,2,0,50,0,25,1002,1006,3001
12417102,124171,0,0,2,0,50,0,25,1002,1006,3001
12417103,124171,0,0,2,0,50,0,25,1002,1006,3001
12417104,124171,0,0,2,0,50,0,25,1002,1006,3001
12417105,124171,0,0,2,0,50,0,25,1002,1006,3001
12417106,124171,0,0,2,0,50,0,25,1002,1006,3001
12417107,124171,0,0,2,0,50,0,25,1002,1006,3001
12417108,124171,0,0,2,0,50,0,25,1002,1006,3001
12417109,124171,0,0,2,0,50,0,25,1002,1006,3001
12417110,124171,0,0,2,0,50,0,25,1002,1006,3001
12417201,124172,0,0,0.5,0,20,0,0,1002,1006,2002
12417202,124172,0,0,0.5,0,20,0,0,1002,1006,2002
12417203,124172,0,0,0.5,0,20,0,0,1002,1006,2002
12417204,124172,0,0,0.5,0,20,0,0,1002,1006,2002
12417205,124172,0,0,0.5,0,20,0,0,1002,1006,2002
12417206,124172,0,0,0.5,0,20,0,0,1002,1006,2002
12417207,124172,0,0,0.5,0,20,0,0,1002,1006,2002
12417208,124172,0,0,0.5,0,20,0,0,1002,1006,2002
12417209,124172,0,0,0.5,0,20,0,0,1002,1006,2002
12417210,124172,0,0,0.5,0,20,0,0,1002,1006,2002
12417301,124173,0,0,0.5,0,25,0,0,1002,1006,3001
12417302,124173,0,0,0.5,0,25,0,0,1002,1006,3001
12417303,124173,0,0,0.5,0,25,0,0,1002,1006,3001
12417304,124173,0,0,0.5,0,25,0,0,1002,1006,3001
12417305,124173,0,0,0.5,0,25,0,0,1002,1006,3001
12417306,124173,0,0,0.5,0,25,0,0,1002,1006,3001
12417307,124173,0,0,0.5,0,25,0,0,1002,1006,3001
12417308,124173,0,0,0.5,0,25,0,0,1002,1006,3001
12417309,124173,0,0,0.5,0,25,0,0,1002,1006,3001
12417310,124173,0,0,0.5,0,25,0,0,1002,1006,3001
12502101,125021,0,0,1.5,0,55,0,27.5,1001,2003,0
12502102,125021,0,0,1.5,0,55,0,27.5,1001,2003,0
12502103,125021,0,0,1.5,0,55,0,27.5,1001,2003,0
12502104,125021,0,0,1.5,0,55,0,27.5,1001,2003,0
12502105,125021,0,0,1.5,0,55,0,27.5,1001,2003,0
12502106,125021,0,0,1.5,0,55,0,27.5,1001,2003,0
12502107,125021,0,0,1.5,0,55,0,27.5,1001,2003,0
12502108,125021,0,0,1.5,0,55,0,27.5,1001,2003,0
12502109,125021,0,0,1.5,0,55,0,27.5,1001,2003,0
12502110,125021,0,0,1.5,0,55,0,27.5,1001,2003,0
12502201,125022,0,0,1,0,25,0,0,1001,0,0
12502202,125022,0,0,1,0,25,0,0,1001,0,0
12502203,125022,0,0,1,0,25,0,0,1001,0,0
12502204,125022,0,0,1,0,25,0,0,1001,0,0
12502205,125022,0,0,1,0,25,0,0,1001,0,0
12502206,125022,0,0,1,0,25,0,0,1001,0,0
12502207,125022,0,0,1,0,25,0,0,1001,0,0
12502208,125022,0,0,1,0,25,0,0,1001,0,0
12502209,125022,0,0,1,0,25,0,0,1001,0,0
12502210,125022,0,0,1,0,25,0,0,1001,0,0
12502301,125023,0,0,0.5,0,30,0,0,1002,1006,0
12502302,125023,0,0,0.5,0,30,0,0,1002,1006,0
12502303,125023,0,0,0.5,0,30,0,0,1002,1006,0
12502304,125023,0,0,0.5,0,30,0,0,1002,1006,0
12502305,125023,0,0,0.5,0,30,0,0,1002,1006,0
12502306,125023,0,0,0.5,0,30,0,0,1002,1006,0
12502307,125023,0,0,0.5,0,30,0,0,1002,1006,0
12502308,125023,0,0,0.5,0,30,0,0,1002,1006,0
12502309,125023,0,0,0.5,0,30,0,0,1002,1006,0
12502310,125023,0,0,0.5,0,30,0,0,1002,1006,0
12517101,125171,0,0,2,0,60,0,30,1001,1006,3001
12517102,125171,0,0,2,0,60,0,30,1001,1006,3001
12517103,125171,0,0,2,0,60,0,30,1001,1006,3001
12517104,125171,0,0,2,0,60,0,30,1001,1006,3001
12517105,125171,0,0,2,0,60,0,30,1001,1006,3001
12517106,125171,0,0,2,0,60,0,30,1001,1006,3001
12517107,125171,0,0,2,0,60,0,30,1001,1006,3001
12517108,125171,0,0,2,0,60,0,30,1001,1006,3001
12517109,125171,0,0,2,0,60,0,30,1001,1006,3001
12517110,125171,0,0,2,0,60,0,30,1001,1006,3001
12517201,125172,0,0,1,0,40,0,0,1002,1006,4001
12517202,125172,0,0,1,0,40,0,0,1002,1006,4001
12517203,125172,0,0,1,0,40,0,0,1002,1006,4001
12517204,125172,0,0,1,0,40,0,0,1002,1006,4001
12517205,125172,0,0,1,0,40,0,0,1002,1006,4001
12517206,125172,0,0,1,0,40,0,0,1002,1006,4001
12517207,125172,0,0,1,0,40,0,0,1002,1006,4001
12517208,125172,0,0,1,0,40,0,0,1002,1006,4001
12517209,125172,0,0,1,0,40,0,0,1002,1006,4001
12517210,125172,0,0,1,0,40,0,0,1002,1006,4001
12517301,125173,0,0,0.5,0,30,0,0,1002,1006,3001
12517302,125173,0,0,0.5,0,30,0,0,1002,1006,3001
12517303,125173,0,0,0.5,0,30,0,0,1002,1006,3001
12517304,125173,0,0,0.5,0,30,0,0,1002,1006,3001
12517305,125173,0,0,0.5,0,30,0,0,1002,1006,3001
12517306,125173,0,0,0.5,0,30,0,0,1002,1006,3001
12517307,125173,0,0,0.5,0,30,0,0,1002,1006,3001
12517308,125173,0,0,0.5,0,30,0,0,1002,1006,3001
12517309,125173,0,0,0.5,0,30,0,0,1002,1006,3001
12517310,125173,0,0,0.5,0,30,0,0,1002,1006,3001
12601101,126011,0,0,1.5,0,45,0,22.5,1001,0,0
12601102,126011,0,0,1.5,0,45,0,22.5,1001,0,0
12601103,126011,0,0,1.5,0,45,0,22.5,1001,0,0
12601104,126011,0,0,1.5,0,45,0,22.5,1001,0,0
12601105,126011,0,0,1.5,0,45,0,22.5,1001,0,0
12601106,126011,0,0,1.5,0,45,0,22.5,1001,0,0
12601107,126011,0,0,1.5,0,45,0,22.5,1001,0,0
12601108,126011,0,0,1.5,0,45,0,22.5,1001,0,0
12601109,126011,0,0,1.5,0,45,0,22.5,1001,0,0
12601110,126011,0,0,1.5,0,45,0,22.5,1001,0,0
12601201,126012,0,0,0.5,0,25,0,0,3001,2009,0
12601202,126012,0,0,0.5,0,25,0,0,3001,2009,0
12601203,126012,0,0,0.5,0,25,0,0,3001,2009,0
12601204,126012,0,0,0.5,0,25,0,0,3001,2009,0
12601205,126012,0,0,0.5,0,25,0,0,3001,2009,0
12601206,126012,0,0,0.5,0,25,0,0,3001,2009,0
12601207,126012,0,0,0.5,0,25,0,0,3001,2009,0
12601208,126012,0,0,0.5,0,25,0,0,3001,2009,0
12601209,126012,0,0,0.5,0,25,0,0,3001,2009,0
12601210,126012,0,0,0.5,0,25,0,0,3001,2009,0
12601301,126013,0,0,0.5,0,40,0,0,1002,2003,0
12601302,126013,0,0,0.5,0,40,0,0,1002,2003,0
12601303,126013,0,0,0.5,0,40,0,0,1002,2003,0
12601304,126013,0,0,0.5,0,40,0,0,1002,2003,0
12601305,126013,0,0,0.5,0,40,0,0,1002,2003,0
12601306,126013,0,0,0.5,0,40,0,0,1002,2003,0
12601307,126013,0,0,0.5,0,40,0,0,1002,2003,0
12601308,126013,0,0,0.5,0,40,0,0,1002,2003,0
12601309,126013,0,0,0.5,0,40,0,0,1002,2003,0
12601310,126013,0,0,0.5,0,40,0,0,1002,2003,0
12603101,126031,0,0,1.5,0,50,0,22.5,1002,1006,0
12603102,126031,0,0,1.5,0,50,0,22.5,1002,1006,0
12603103,126031,0,0,1.5,0,50,0,22.5,1002,1006,0
12603104,126031,0,0,1.5,0,50,0,22.5,1002,1006,0
12603105,126031,0,0,1.5,0,50,0,22.5,1002,1006,0
12603106,126031,0,0,1.5,0,50,0,22.5,1002,1006,0
12603107,126031,0,0,1.5,0,50,0,22.5,1002,1006,0
12603108,126031,0,0,1.5,0,50,0,22.5,1002,1006,0
12603109,126031,0,0,1.5,0,50,0,22.5,1002,1006,0
12603110,126031,0,0,1.5,0,50,0,22.5,1002,1006,0
12603201,126032,0,0,1.5,0,40,0,0,1001,2003,0
12603202,126032,0,0,1.5,0,40,0,0,1001,2003,0
12603203,126032,0,0,1.5,0,40,0,0,1001,2003,0
12603204,126032,0,0,1.5,0,40,0,0,1001,2003,0
12603205,126032,0,0,1.5,0,40,0,0,1001,2003,0
12603206,126032,0,0,1.5,0,40,0,0,1001,2003,0
12603207,126032,0,0,1.5,0,40,0,0,1001,2003,0
12603208,126032,0,0,1.5,0,40,0,0,1001,2003,0
12603209,126032,0,0,1.5,0,40,0,0,1001,2003,0
12603210,126032,0,0,1.5,0,40,0,0,1001,2003,0
12603301,126033,0,0,1,0,30,0,0,1002,3001,0
12603302,126033,0,0,1,0,30,0,0,1002,3001,0
12603303,126033,0,0,1,0,30,0,0,1002,3001,0
12603304,126033,0,0,1,0,30,0,0,1002,3001,0
12603305,126033,0,0,1,0,30,0,0,1002,3001,0
12603306,126033,0,0,1,0,30,0,0,1002,3001,0
12603307,126033,0,0,1,0,30,0,0,1002,3001,0
12603308,126033,0,0,1,0,30,0,0,1002,3001,0
12603309,126033,0,0,1,0,30,0,0,1002,3001,0
12603310,126033,0,0,1,0,30,0,0,1002,3001,0
12632101,126321,0,0,2,0,50,0,25,1003,2004,3001
12632102,126321,0,0,2,0,50,0,25,1003,2004,3001
12632103,126321,0,0,2,0,50,0,25,1003,2004,3001
12632104,126321,0,0,2,0,50,0,25,1003,2004,3001
12632105,126321,0,0,2,0,50,0,25,1003,2004,3001
12632106,126321,0,0,2,0,50,0,25,1003,2004,3001
12632107,126321,0,0,2,0,50,0,25,1003,2004,3001
12632108,126321,0,0,2,0,50,0,25,1003,2004,3001
12632109,126321,0,0,2,0,50,0,25,1003,2004,3001
12632110,126321,0,0,2,0,50,0,25,1003,2004,3001
12632201,126322,0,0,0.5,0,40,0,0,1001,2015,1005
12632202,126322,0,0,0.5,0,40,0,0,1001,2015,1005
12632203,126322,0,0,0.5,0,40,0,0,1001,2015,1005
12632204,126322,0,0,0.5,0,40,0,0,1001,2015,1005
12632205,126322,0,0,0.5,0,40,0,0,1001,2015,1005
12632206,126322,0,0,0.5,0,40,0,0,1001,2015,1005
12632207,126322,0,0,0.5,0,40,0,0,1001,2015,1005
12632208,126322,0,0,0.5,0,40,0,0,1001,2015,1005
12632209,126322,0,0,0.5,0,40,0,0,1001,2015,1005
12632210,126322,0,0,0.5,0,40,0,0,1001,2015,1005
12632301,126323,0,0,1,0,30,0,0,1002,4001,2018
12632302,126323,0,0,1,0,30,0,0,1002,4001,2018
12632303,126323,0,0,1,0,30,0,0,1002,4001,2018
12632304,126323,0,0,1,0,30,0,0,1002,4001,2018
12632305,126323,0,0,1,0,30,0,0,1002,4001,2018
12632306,126323,0,0,1,0,30,0,0,1002,4001,2018
12632307,126323,0,0,1,0,30,0,0,1002,4001,2018
12632308,126323,0,0,1,0,30,0,0,1002,4001,2018
12632309,126323,0,0,1,0,30,0,0,1002,4001,2018
12632310,126323,0,0,1,0,30,0,0,1002,4001,2018
12701101,127011,0,0,2,0,60,0,30,1002,1006,3001
12701102,127011,0,0,2,0,60,0,30,1002,1006,3001
12701103,127011,0,0,2,0,60,0,30,1002,1006,3001
12701104,127011,0,0,2,0,60,0,30,1002,1006,3001
12701105,127011,0,0,2,0,60,0,30,1002,1006,3001
12701106,127011,0,0,2,0,60,0,30,1002,1006,3001
12701107,127011,0,0,2,0,60,0,30,1002,1006,3001
12701108,127011,0,0,2,0,60,0,30,1002,1006,3001
12701109,127011,0,0,2,0,60,0,30,1002,1006,3001
12701110,127011,0,0,2,0,60,0,30,1002,1006,3001
12701201,127012,0,0,0.5,0,35,0,0,1002,1006,2009
12701202,127012,0,0,0.5,0,35,0,0,1002,1006,2009
12701203,127012,0,0,0.5,0,35,0,0,1002,1006,2009
12701204,127012,0,0,0.5,0,35,0,0,1002,1006,2009
12701205,127012,0,0,0.5,0,35,0,0,1002,1006,2009
12701206,127012,0,0,0.5,0,35,0,0,1002,1006,2009
12701207,127012,0,0,0.5,0,35,0,0,1002,1006,2009
12701208,127012,0,0,0.5,0,35,0,0,1002,1006,2009
12701209,127012,0,0,0.5,0,35,0,0,1002,1006,2009
12701210,127012,0,0,0.5,0,35,0,0,1002,1006,2009
12701301,127013,0,0,0.5,0,40,0,0,1002,1006,3001
12701302,127013,0,0,0.5,0,40,0,0,1002,1006,3001
12701303,127013,0,0,0.5,0,40,0,0,1002,1006,3001
12701304,127013,0,0,0.5,0,40,0,0,1002,1006,3001
12701305,127013,0,0,0.5,0,40,0,0,1002,1006,3001
12701306,127013,0,0,0.5,0,40,0,0,1002,1006,3001
12701307,127013,0,0,0.5,0,40,0,0,1002,1006,3001
12701308,127013,0,0,0.5,0,40,0,0,1002,1006,3001
12701309,127013,0,0,0.5,0,40,0,0,1002,1006,3001
12701310,127013,0,0,0.5,0,40,0,0,1002,1006,3001
12705101,127051,0,0,2,0,55,0,27.5,1003,1006,3001
12705102,127051,0,0,2,0,55,0,27.5,1003,1006,3001
12705103,127051,0,0,2,0,55,0,27.5,1003,1006,3001
12705104,127051,0,0,2,0,55,0,27.5,1003,1006,3001
12705105,127051,0,0,2,0,55,0,27.5,1003,1006,3001
12705106,127051,0,0,2,0,55,0,27.5,1003,1006,3001
12705107,127051,0,0,2,0,55,0,27.5,1003,1006,3001
12705108,127051,0,0,2,0,55,0,27.5,1003,1006,3001
12705109,127051,0,0,2,0,55,0,27.5,1003,1006,3001
12705110,127051,0,0,2,0,55,0,27.5,1003,1006,3001
12705201,127052,0,0,1,0,25,0,0,1001,1005,1006
12705202,127052,0,0,1,0,25,0,0,1001,1005,1006
12705203,127052,0,0,1,0,25,0,0,1001,1005,1006
12705204,127052,0,0,1,0,25,0,0,1001,1005,1006
12705205,127052,0,0,1,0,25,0,0,1001,1005,1006
12705206,127052,0,0,1,0,25,0,0,1001,1005,1006
12705207,127052,0,0,1,0,25,0,0,1001,1005,1006
12705208,127052,0,0,1,0,25,0,0,1001,1005,1006
12705209,127052,0,0,1,0,25,0,0,1001,1005,1006
12705210,127052,0,0,1,0,25,0,0,1001,1005,1006
12705301,127053,0,0,1.5,0,40,0,0,1002,3002,0
12705302,127053,0,0,1.5,0,40,0,0,1002,3002,0
12705303,127053,0,0,1.5,0,40,0,0,1002,3002,0
12705304,127053,0,0,1.5,0,40,0,0,1002,3002,0
12705305,127053,0,0,1.5,0,40,0,0,1002,3002,0
12705306,127053,0,0,1.5,0,40,0,0,1002,3002,0
12705307,127053,0,0,1.5,0,40,0,0,1002,3002,0
12705308,127053,0,0,1.5,0,40,0,0,1002,3002,0
12705309,127053,0,0,1.5,0,40,0,0,1002,3002,0
12705310,127053,0,0,1.5,0,40,0,0,1002,3002,0
12716101,127161,0,0,1.75,0,55,0,27.5,1001,1006,4001
12716102,127161,0,0,1.75,0,55,0,27.5,1001,1006,4001
12716103,127161,0,0,1.75,0,55,0,27.5,1001,1006,4001
12716104,127161,0,0,1.75,0,55,0,27.5,1001,1006,4001
12716105,127161,0,0,1.75,0,55,0,27.5,1001,1006,4001
12716106,127161,0,0,1.75,0,55,0,27.5,1001,1006,4001
12716107,127161,0,0,1.75,0,55,0,27.5,1001,1006,4001
12716108,127161,0,0,1.75,0,55,0,27.5,1001,1006,4001
12716109,127161,0,0,1.75,0,55,0,27.5,1001,1006,4001
12716110,127161,0,0,1.75,0,55,0,27.5,1001,1006,4001
12716201,127162,0,0,1.5,0,45,0,0,1002,3001,0
12716202,127162,0,0,1.5,0,45,0,0,1002,3001,0
12716203,127162,0,0,1.5,0,45,0,0,1002,3001,0
12716204,127162,0,0,1.5,0,45,0,0,1002,3001,0
12716205,127162,0,0,1.5,0,45,0,0,1002,3001,0
12716206,127162,0,0,1.5,0,45,0,0,1002,3001,0
12716207,127162,0,0,1.5,0,45,0,0,1002,3001,0
12716208,127162,0,0,1.5,0,45,0,0,1002,3001,0
12716209,127162,0,0,1.5,0,45,0,0,1002,3001,0
12716210,127162,0,0,1.5,0,45,0,0,1002,3001,0
12716301,127163,0,0,1.5,0,35,0,0,1002,1006,0
12716302,127163,0,0,1.5,0,35,0,0,1002,1006,0
12716303,127163,0,0,1.5,0,35,0,0,1002,1006,0
12716304,127163,0,0,1.5,0,35,0,0,1002,1006,0
12716305,127163,0,0,1.5,0,35,0,0,1002,1006,0
12716306,127163,0,0,1.5,0,35,0,0,1002,1006,0
12716307,127163,0,0,1.5,0,35,0,0,1002,1006,0
12716308,127163,0,0,1.5,0,35,0,0,1002,1006,0
12716309,127163,0,0,1.5,0,35,0,0,1002,1006,0
12716310,127163,0,0,1.5,0,35,0,0,1002,1006,0
12717101,127171,0,0,1.5,0,50,0,25,1001,3001,0
12717102,127171,0,0,1.5,0,50,0,25,1001,3001,0
12717103,127171,0,0,1.5,0,50,0,25,1001,3001,0
12717104,127171,0,0,1.5,0,50,0,25,1001,3001,0
12717105,127171,0,0,1.5,0,50,0,25,1001,3001,0
12717106,127171,0,0,1.5,0,50,0,25,1001,3001,0
12717107,127171,0,0,1.5,0,50,0,25,1001,3001,0
12717108,127171,0,0,1.5,0,50,0,25,1001,3001,0
12717109,127171,0,0,1.5,0,50,0,25,1001,3001,0
12717110,127171,0,0,1.5,0,50,0,25,1001,3001,0
12717201,127172,0,0,0.5,0,25,0,0,1003,0,0
12717202,127172,0,0,0.5,0,25,0,0,1003,0,0
12717203,127172,0,0,0.5,0,25,0,0,1003,0,0
12717204,127172,0,0,0.5,0,25,0,0,1003,0,0
12717205,127172,0,0,0.5,0,25,0,0,1003,0,0
12717206,127172,0,0,0.5,0,25,0,0,1003,0,0
12717207,127172,0,0,0.5,0,25,0,0,1003,0,0
12717208,127172,0,0,0.5,0,25,0,0,1003,0,0
12717209,127172,0,0,0.5,0,25,0,0,1003,0,0
12717210,127172,0,0,0.5,0,25,0,0,1003,0,0
12717301,127173,0,0,1,0,30,0,0,1002,3001,0
12717302,127173,0,0,1,0,30,0,0,1002,3001,0
12717303,127173,0,0,1,0,30,0,0,1002,3001,0
12717304,127173,0,0,1,0,30,0,0,1002,3001,0
12717305,127173,0,0,1,0,30,0,0,1002,3001,0
12717306,127173,0,0,1,0,30,0,0,1002,3001,0
12717307,127173,0,0,1,0,30,0,0,1002,3001,0
12717308,127173,0,0,1,0,30,0,0,1002,3001,0
12717309,127173,0,0,1,0,30,0,0,1002,3001,0
12717310,127173,0,0,1,0,30,0,0,1002,3001,0
12740101,127401,0,0,2,0,60,0,30,1002,3001,0
12740102,127401,0,0,2,0,60,0,30,1002,3001,0
12740103,127401,0,0,2,0,60,0,30,1002,3001,0
12740104,127401,0,0,2,0,60,0,30,1002,3001,0
12740105,127401,0,0,2,0,60,0,30,1002,3001,0
12740106,127401,0,0,2,0,60,0,30,1002,3001,0
12740107,127401,0,0,2,0,60,0,30,1002,3001,0
12740108,127401,0,0,2,0,60,0,30,1002,3001,0
12740109,127401,0,0,2,0,60,0,30,1002,3001,0
12740110,127401,0,0,2,0,60,0,30,1002,3001,0
12740201,127402,0,0,1.5,0,40,0,0,1002,2015,3002
12740202,127402,0,0,1.5,0,40,0,0,1002,2015,3002
12740203,127402,0,0,1.5,0,40,0,0,1002,2015,3002
12740204,127402,0,0,1.5,0,40,0,0,1002,2015,3002
12740205,127402,0,0,1.5,0,40,0,0,1002,2015,3002
12740206,127402,0,0,1.5,0,40,0,0,1002,2015,3002
12740207,127402,0,0,1.5,0,40,0,0,1002,2015,3002
12740208,127402,0,0,1.5,0,40,0,0,1002,2015,3002
12740209,127402,0,0,1.5,0,40,0,0,1002,2015,3002
12740210,127402,0,0,1.5,0,40,0,0,1002,2015,3002
12740301,127403,0,0,1,0,30,0,0,1002,2002,2003
12740302,127403,0,0,1,0,30,0,0,1002,2002,2003
12740303,127403,0,0,1,0,30,0,0,1002,2002,2003
12740304,127403,0,0,1,0,30,0,0,1002,2002,2003
12740305,127403,0,0,1,0,30,0,0,1002,2002,2003
12740306,127403,0,0,1,0,30,0,0,1002,2002,2003
12740307,127403,0,0,1,0,30,0,0,1002,2002,2003
12740308,127403,0,0,1,0,30,0,0,1002,2002,2003
12740309,127403,0,0,1,0,30,0,0,1002,2002,2003
12740310,127403,0,0,1,0,30,0,0,1002,2002,2003
12785101,127851,0,0,1.5,0,40,0,20,1001,2003,0
12785102,127851,0,0,1.5,0,40,0,20,1001,2003,0
12785103,127851,0,0,1.5,0,40,0,20,1001,2003,0
12785104,127851,0,0,1.5,0,40,0,20,1001,2003,0
12785105,127851,0,0,1.5,0,40,0,20,1001,2003,0
12785106,127851,0,0,1.5,0,40,0,20,1001,2003,0
12785107,127851,0,0,1.5,0,40,0,20,1001,2003,0
12785108,127851,0,0,1.5,0,40,0,20,1001,2003,0
12785109,127851,0,0,1.5,0,40,0,20,1001,2003,0
12785110,127851,0,0,1.5,0,40,0,20,1001,2003,0
12785201,127852,0,0,1,0,30,0,0,1002,2003,0
12785202,127852,0,0,1,0,30,0,0,1002,2003,0
12785203,127852,0,0,1,0,30,0,0,1002,2003,0
12785204,127852,0,0,1,0,30,0,0,1002,2003,0
12785205,127852,0,0,1,0,30,0,0,1002,2003,0
12785206,127852,0,0,1,0,30,0,0,1002,2003,0
12785207,127852,0,0,1,0,30,0,0,1002,2003,0
12785208,127852,0,0,1,0,30,0,0,1002,2003,0
12785209,127852,0,0,1,0,30,0,0,1002,2003,0
12785210,127852,0,0,1,0,30,0,0,1002,2003,0
12785301,127853,0,0,1.5,0,40,0,0,1003,2003,0
12785302,127853,0,0,1.5,0,40,0,0,1003,2003,0
12785303,127853,0,0,1.5,0,40,0,0,1003,2003,0
12785304,127853,0,0,1.5,0,40,0,0,1003,2003,0
12785305,127853,0,0,1.5,0,40,0,0,1003,2003,0
12785306,127853,0,0,1.5,0,40,0,0,1003,2003,0
12785307,127853,0,0,1.5,0,40,0,0,1003,2003,0
12785308,127853,0,0,1.5,0,40,0,0,1003,2003,0
12785309,127853,0,0,1.5,0,40,0,0,1003,2003,0
12785310,127853,0,0,1.5,0,40,0,0,1003,2003,0
12802101,128021,0,0,2,0,50,0,25,1001,3001,0
12802102,128021,0,0,2,0,50,0,25,1001,3001,0
12802103,128021,0,0,2,0,50,0,25,1001,3001,0
12802104,128021,0,0,2,0,50,0,25,1001,3001,0
12802105,128021,0,0,2,0,50,0,25,1001,3001,0
12802106,128021,0,0,2,0,50,0,25,1001,3001,0
12802107,128021,0,0,2,0,50,0,25,1001,3001,0
12802108,128021,0,0,2,0,50,0,25,1001,3001,0
12802109,128021,0,0,2,0,50,0,25,1001,3001,0
12802110,128021,0,0,2,0,50,0,25,1001,3001,0
12802201,128022,0,0,1,0,25,0,0,1002,2003,0
12802202,128022,0,0,1,0,25,0,0,1002,2003,0
12802203,128022,0,0,1,0,25,0,0,1002,2003,0
12802204,128022,0,0,1,0,25,0,0,1002,2003,0
12802205,128022,0,0,1,0,25,0,0,1002,2003,0
12802206,128022,0,0,1,0,25,0,0,1002,2003,0
12802207,128022,0,0,1,0,25,0,0,1002,2003,0
12802208,128022,0,0,1,0,25,0,0,1002,2003,0
12802209,128022,0,0,1,0,25,0,0,1002,2003,0
12802210,128022,0,0,1,0,25,0,0,1002,2003,0
12802301,128023,0,0,1,0,35,0,0,1002,4001,0
12802302,128023,0,0,1,0,35,0,0,1002,4001,0
12802303,128023,0,0,1,0,35,0,0,1002,4001,0
12802304,128023,0,0,1,0,35,0,0,1002,4001,0
12802305,128023,0,0,1,0,35,0,0,1002,4001,0
12802306,128023,0,0,1,0,35,0,0,1002,4001,0
12802307,128023,0,0,1,0,35,0,0,1002,4001,0
12802308,128023,0,0,1,0,35,0,0,1002,4001,0
12802309,128023,0,0,1,0,35,0,0,1002,4001,0
12802310,128023,0,0,1,0,35,0,0,1002,4001,0
12806101,128061,0,0,1.5,0,50,0,25,1001,3001,0
12806102,128061,0,0,1.5,0,50,0,25,1001,3001,0
12806103,128061,0,0,1.5,0,50,0,25,1001,3001,0
12806104,128061,0,0,1.5,0,50,0,25,1001,3001,0
12806105,128061,0,0,1.5,0,50,0,25,1001,3001,0
12806106,128061,0,0,1.5,0,50,0,25,1001,3001,0
12806107,128061,0,0,1.5,0,50,0,25,1001,3001,0
12806108,128061,0,0,1.5,0,50,0,25,1001,3001,0
12806109,128061,0,0,1.5,0,50,0,25,1001,3001,0
12806110,128061,0,0,1.5,0,50,0,25,1001,3001,0
12806201,128062,0,0,1,0,30,0,0,1002,3001,0
12806202,128062,0,0,1,0,30,0,0,1002,3001,0
12806203,128062,0,0,1,0,30,0,0,1002,3001,0
12806204,128062,0,0,1,0,30,0,0,1002,3001,0
12806205,128062,0,0,1,0,30,0,0,1002,3001,0
12806206,128062,0,0,1,0,30,0,0,1002,3001,0
12806207,128062,0,0,1,0,30,0,0,1002,3001,0
12806208,128062,0,0,1,0,30,0,0,1002,3001,0
12806209,128062,0,0,1,0,30,0,0,1002,3001,0
12806210,128062,0,0,1,0,30,0,0,1002,3001,0
12806301,128063,0,0,1,0,30,0,0,1001,2010,0
12806302,128063,0,0,1,0,30,0,0,1001,2010,0
12806303,128063,0,0,1,0,30,0,0,1001,2010,0
12806304,128063,0,0,1,0,30,0,0,1001,2010,0
12806305,128063,0,0,1,0,30,0,0,1001,2010,0
12806306,128063,0,0,1,0,30,0,0,1001,2010,0
12806307,128063,0,0,1,0,30,0,0,1001,2010,0
12806308,128063,0,0,1,0,30,0,0,1001,2010,0
12806309,128063,0,0,1,0,30,0,0,1001,2010,0
12806310,128063,0,0,1,0,30,0,0,1001,2010,0
12807101,128071,0,0,0.75,0,47.5,0,23.75,1001,4001,0
12807102,128071,0,0,0.75,0,47.5,0,23.75,1001,4001,0
12807103,128071,0,0,0.75,0,47.5,0,23.75,1001,4001,0
12807104,128071,0,0,0.75,0,47.5,0,23.75,1001,4001,0
12807105,128071,0,0,0.75,0,47.5,0,23.75,1001,4001,0
12807106,128071,0,0,0.75,0,47.5,0,23.75,1001,4001,0
12807107,128071,0,0,0.75,0,47.5,0,23.75,1001,4001,0
12807108,128071,0,0,0.75,0,47.5,0,23.75,1001,4001,0
12807109,128071,0,0,0.75,0,47.5,0,23.75,1001,4001,0
12807110,128071,0,0,0.75,0,47.5,0,23.75,1001,4001,0
12807201,128072,0,0,1,0,30,0,0,1002,2002,4001
12807202,128072,0,0,1,0,30,0,0,1002,2002,4001
12807203,128072,0,0,1,0,30,0,0,1002,2002,4001
12807204,128072,0,0,1,0,30,0,0,1002,2002,4001
12807205,128072,0,0,1,0,30,0,0,1002,2002,4001
12807206,128072,0,0,1,0,30,0,0,1002,2002,4001
12807207,128072,0,0,1,0,30,0,0,1002,2002,4001
12807208,128072,0,0,1,0,30,0,0,1002,2002,4001
12807209,128072,0,0,1,0,30,0,0,1002,2002,4001
12807210,128072,0,0,1,0,30,0,0,1002,2002,4001
12807301,128073,0,0,0.5,0,45,0,0,3001,2015,0
12807302,128073,0,0,0.5,0,45,0,0,3001,2015,0
12807303,128073,0,0,0.5,0,45,0,0,3001,2015,0
12807304,128073,0,0,0.5,0,45,0,0,3001,2015,0
12807305,128073,0,0,0.5,0,45,0,0,3001,2015,0
12807306,128073,0,0,0.5,0,45,0,0,3001,2015,0
12807307,128073,0,0,0.5,0,45,0,0,3001,2015,0
12807308,128073,0,0,0.5,0,45,0,0,3001,2015,0
12807309,128073,0,0,0.5,0,45,0,0,3001,2015,0
12807310,128073,0,0,0.5,0,45,0,0,3001,2015,0
12817101,128171,0,0,1.75,0,55,0,27.5,1001,0,0
12817102,128171,0,0,1.75,0,55,0,27.5,1001,0,0
12817103,128171,0,0,1.75,0,55,0,27.5,1001,0,0
12817104,128171,0,0,1.75,0,55,0,27.5,1001,0,0
12817105,128171,0,0,1.75,0,55,0,27.5,1001,0,0
12817106,128171,0,0,1.75,0,55,0,27.5,1001,0,0
12817107,128171,0,0,1.75,0,55,0,27.5,1001,0,0
12817108,128171,0,0,1.75,0,55,0,27.5,1001,0,0
12817109,128171,0,0,1.75,0,55,0,27.5,1001,0,0
12817110,128171,0,0,1.75,0,55,0,27.5,1001,0,0
12817201,128172,0,0,1.25,0,40,0,0,1001,1006,0
12817202,128172,0,0,1.25,0,40,0,0,1001,1006,0
12817203,128172,0,0,1.25,0,40,0,0,1001,1006,0
12817204,128172,0,0,1.25,0,40,0,0,1001,1006,0
12817205,128172,0,0,1.25,0,40,0,0,1001,1006,0
12817206,128172,0,0,1.25,0,40,0,0,1001,1006,0
12817207,128172,0,0,1.25,0,40,0,0,1001,1006,0
12817208,128172,0,0,1.25,0,40,0,0,1001,1006,0
12817209,128172,0,0,1.25,0,40,0,0,1001,1006,0
12817210,128172,0,0,1.25,0,40,0,0,1001,1006,0
12817301,128173,0,0,1,0,30,0,0,1003,0,0
12817302,128173,0,0,1,0,30,0,0,1003,0,0
12817303,128173,0,0,1,0,30,0,0,1003,0,0
12817304,128173,0,0,1,0,30,0,0,1003,0,0
12817305,128173,0,0,1,0,30,0,0,1003,0,0
12817306,128173,0,0,1,0,30,0,0,1003,0,0
12817307,128173,0,0,1,0,30,0,0,1003,0,0
12817308,128173,0,0,1,0,30,0,0,1003,0,0
12817309,128173,0,0,1,0,30,0,0,1003,0,0
12817310,128173,0,0,1,0,30,0,0,1003,0,0
12985101,129851,0,0,2,0,50,0,25,1001,1006,0
12985102,129851,0,0,2,0,50,0,25,1001,1006,0
12985103,129851,0,0,2,0,50,0,25,1001,1006,0
12985104,129851,0,0,2,0,50,0,25,1001,1006,0
12985105,129851,0,0,2,0,50,0,25,1001,1006,0
12985106,129851,0,0,2,0,50,0,25,1001,1006,0
12985107,129851,0,0,2,0,50,0,25,1001,1006,0
12985108,129851,0,0,2,0,50,0,25,1001,1006,0
12985109,129851,0,0,2,0,50,0,25,1001,1006,0
12985110,129851,0,0,2,0,50,0,25,1001,1006,0
12985201,129852,0,0,2,0,40,0,0,1003,0,0
12985202,129852,0,0,2,0,40,0,0,1003,0,0
12985203,129852,0,0,2,0,40,0,0,1003,0,0
12985204,129852,0,0,2,0,40,0,0,1003,0,0
12985205,129852,0,0,2,0,40,0,0,1003,0,0
12985206,129852,0,0,2,0,40,0,0,1003,0,0
12985207,129852,0,0,2,0,40,0,0,1003,0,0
12985208,129852,0,0,2,0,40,0,0,1003,0,0
12985209,129852,0,0,2,0,40,0,0,1003,0,0
12985210,129852,0,0,2,0,40,0,0,1003,0,0
12985301,129853,0,0,1,0,35,0,0,1001,4001,0
12985302,129853,0,0,1,0,35,0,0,1001,4001,0
12985303,129853,0,0,1,0,35,0,0,1001,4001,0
12985304,129853,0,0,1,0,35,0,0,1001,4001,0
12985305,129853,0,0,1,0,35,0,0,1001,4001,0
12985306,129853,0,0,1,0,35,0,0,1001,4001,0
12985307,129853,0,0,1,0,35,0,0,1001,4001,0
12985308,129853,0,0,1,0,35,0,0,1001,4001,0
12985309,129853,0,0,1,0,35,0,0,1001,4001,0
12985310,129853,0,0,1,0,35,0,0,1001,4001,0
13002101,130021,0,0,1.5,0,50,0,25,1001,3001,0
13002102,130021,0,0,1.5,0,50,0,25,1001,3001,0
13002103,130021,0,0,1.5,0,50,0,25,1001,3001,0
13002104,130021,0,0,1.5,0,50,0,25,1001,3001,0
13002105,130021,0,0,1.5,0,50,0,25,1001,3001,0
13002106,130021,0,0,1.5,0,50,0,25,1001,3001,0
13002107,130021,0,0,1.5,0,50,0,25,1001,3001,0
13002108,130021,0,0,1.5,0,50,0,25,1001,3001,0
13002109,130021,0,0,1.5,0,50,0,25,1001,3001,0
13002110,130021,0,0,1.5,0,50,0,25,1001,3001,0
13002201,130022,0,0,1,0,30,0,0,1002,3001,0
13002202,130022,0,0,1,0,30,0,0,1002,3001,0
13002203,130022,0,0,1,0,30,0,0,1002,3001,0
13002204,130022,0,0,1,0,30,0,0,1002,3001,0
13002205,130022,0,0,1,0,30,0,0,1002,3001,0
13002206,130022,0,0,1,0,30,0,0,1002,3001,0
13002207,130022,0,0,1,0,30,0,0,1002,3001,0
13002208,130022,0,0,1,0,30,0,0,1002,3001,0
13002209,130022,0,0,1,0,30,0,0,1002,3001,0
13002210,130022,0,0,1,0,30,0,0,1002,3001,0
13002301,130023,0,0,1,0,30,0,0,1001,2008,0
13002302,130023,0,0,1,0,30,0,0,1001,2008,0
13002303,130023,0,0,1,0,30,0,0,1001,2008,0
13002304,130023,0,0,1,0,30,0,0,1001,2008,0
13002305,130023,0,0,1,0,30,0,0,1001,2008,0
13002306,130023,0,0,1,0,30,0,0,1001,2008,0
13002307,130023,0,0,1,0,30,0,0,1001,2008,0
13002308,130023,0,0,1,0,30,0,0,1001,2008,0
13002309,130023,0,0,1,0,30,0,0,1001,2008,0
13002310,130023,0,0,1,0,30,0,0,1001,2008,0
13007101,130071,0,0,1.75,0,50,0,25,1001,1006,0
13007102,130071,0,0,1.75,0,50,0,25,1001,1006,0
13007103,130071,0,0,1.75,0,50,0,25,1001,1006,0
13007104,130071,0,0,1.75,0,50,0,25,1001,1006,0
13007105,130071,0,0,1.75,0,50,0,25,1001,1006,0
13007106,130071,0,0,1.75,0,50,0,25,1001,1006,0
13007107,130071,0,0,1.75,0,50,0,25,1001,1006,0
13007108,130071,0,0,1.75,0,50,0,25,1001,1006,0
13007109,130071,0,0,1.75,0,50,0,25,1001,1006,0
13007110,130071,0,0,1.75,0,50,0,25,1001,1006,0
13007201,130072,0,0,1.25,0,40,0,0,1002,0,0
13007202,130072,0,0,1.25,0,40,0,0,1002,0,0
13007203,130072,0,0,1.25,0,40,0,0,1002,0,0
13007204,130072,0,0,1.25,0,40,0,0,1002,0,0
13007205,130072,0,0,1.25,0,40,0,0,1002,0,0
13007206,130072,0,0,1.25,0,40,0,0,1002,0,0
13007207,130072,0,0,1.25,0,40,0,0,1002,0,0
13007208,130072,0,0,1.25,0,40,0,0,1002,0,0
13007209,130072,0,0,1.25,0,40,0,0,1002,0,0
13007210,130072,0,0,1.25,0,40,0,0,1002,0,0
13007301,130073,0,0,1.5,0,45,0,0,2015,2004,0
13007302,130073,0,0,1.5,0,45,0,0,2015,2004,0
13007303,130073,0,0,1.5,0,45,0,0,2015,2004,0
13007304,130073,0,0,1.5,0,45,0,0,2015,2004,0
13007305,130073,0,0,1.5,0,45,0,0,2015,2004,0
13007306,130073,0,0,1.5,0,45,0,0,2015,2004,0
13007307,130073,0,0,1.5,0,45,0,0,2015,2004,0
13007308,130073,0,0,1.5,0,45,0,0,2015,2004,0
13007309,130073,0,0,1.5,0,45,0,0,2015,2004,0
13007310,130073,0,0,1.5,0,45,0,0,2015,2004,0
13008101,130081,0,0,2,0,60,0,30,1001,1005,1006
13008102,130081,0,0,2,0,60,0,30,1001,1005,1006
13008103,130081,0,0,2,0,60,0,30,1001,1005,1006
13008104,130081,0,0,2,0,60,0,30,1001,1005,1006
13008105,130081,0,0,2,0,60,0,30,1001,1005,1006
13008106,130081,0,0,2,0,60,0,30,1001,1005,1006
13008107,130081,0,0,2,0,60,0,30,1001,1005,1006
13008108,130081,0,0,2,0,60,0,30,1001,1005,1006
13008109,130081,0,0,2,0,60,0,30,1001,1005,1006
13008110,130081,0,0,2,0,60,0,30,1001,1005,1006
13008201,130082,0,0,0.5,0,10,0,0,1002,1005,3001
13008202,130082,0,0,0.5,0,10,0,0,1002,1005,3001
13008203,130082,0,0,0.5,0,10,0,0,1002,1005,3001
13008204,130082,0,0,0.5,0,10,0,0,1002,1005,3001
13008205,130082,0,0,0.5,0,10,0,0,1002,1005,3001
13008206,130082,0,0,0.5,0,10,0,0,1002,1005,3001
13008207,130082,0,0,0.5,0,10,0,0,1002,1005,3001
13008208,130082,0,0,0.5,0,10,0,0,1002,1005,3001
13008209,130082,0,0,0.5,0,10,0,0,1002,1005,3001
13008210,130082,0,0,0.5,0,10,0,0,1002,1005,3001
13008301,130083,0,0,0.5,0,20,0,0,1002,1005,2002
13008302,130083,0,0,0.5,0,20,0,0,1002,1005,2002
13008303,130083,0,0,0.5,0,20,0,0,1002,1005,2002
13008304,130083,0,0,0.5,0,20,0,0,1002,1005,2002
13008305,130083,0,0,0.5,0,20,0,0,1002,1005,2002
13008306,130083,0,0,0.5,0,20,0,0,1002,1005,2002
13008307,130083,0,0,0.5,0,20,0,0,1002,1005,2002
13008308,130083,0,0,0.5,0,20,0,0,1002,1005,2002
13008309,130083,0,0,0.5,0,20,0,0,1002,1005,2002
13008310,130083,0,0,0.5,0,20,0,0,1002,1005,2002
13017101,130171,0,0,1,0,55,0,27.5,1003,1005,0
13017102,130171,0,0,1,0,55,0,27.5,1003,1005,0
13017103,130171,0,0,1,0,55,0,27.5,1003,1005,0
13017104,130171,0,0,1,0,55,0,27.5,1003,1005,0
13017105,130171,0,0,1,0,55,0,27.5,1003,1005,0
13017106,130171,0,0,1,0,55,0,27.5,1003,1005,0
13017107,130171,0,0,1,0,55,0,27.5,1003,1005,0
13017108,130171,0,0,1,0,55,0,27.5,1003,1005,0
13017109,130171,0,0,1,0,55,0,27.5,1003,1005,0
13017110,130171,0,0,1,0,55,0,27.5,1003,1005,0
13017201,130172,0,0,1.5,0,40,0,0,1001,1006,0
13017202,130172,0,0,1.5,0,40,0,0,1001,1006,0
13017203,130172,0,0,1.5,0,40,0,0,1001,1006,0
13017204,130172,0,0,1.5,0,40,0,0,1001,1006,0
13017205,130172,0,0,1.5,0,40,0,0,1001,1006,0
13017206,130172,0,0,1.5,0,40,0,0,1001,1006,0
13017207,130172,0,0,1.5,0,40,0,0,1001,1006,0
13017208,130172,0,0,1.5,0,40,0,0,1001,1006,0
13017209,130172,0,0,1.5,0,40,0,0,1001,1006,0
13017210,130172,0,0,1.5,0,40,0,0,1001,1006,0
13017301,130173,0,0,0.25,0,20,0,0,1003,3001,0
13017302,130173,0,0,0.25,0,20,0,0,1003,3001,0
13017303,130173,0,0,0.25,0,20,0,0,1003,3001,0
13017304,130173,0,0,0.25,0,20,0,0,1003,3001,0
13017305,130173,0,0,0.25,0,20,0,0,1003,3001,0
13017306,130173,0,0,0.25,0,20,0,0,1003,3001,0
13017307,130173,0,0,0.25,0,20,0,0,1003,3001,0
13017308,130173,0,0,0.25,0,20,0,0,1003,3001,0
13017309,130173,0,0,0.25,0,20,0,0,1003,3001,0
13017310,130173,0,0,0.25,0,20,0,0,1003,3001,0
13021101,130211,0,0,1.5,0,40,0,20,1001,4001,1006
13021102,130211,0,0,1.5,0,40,0,20,1001,4001,1006
13021103,130211,0,0,1.5,0,40,0,20,1001,4001,1006
13021104,130211,0,0,1.5,0,40,0,20,1001,4001,1006
13021105,130211,0,0,1.5,0,40,0,20,1001,4001,1006
13021106,130211,0,0,1.5,0,40,0,20,1001,4001,1006
13021107,130211,0,0,1.5,0,40,0,20,1001,4001,1006
13021108,130211,0,0,1.5,0,40,0,20,1001,4001,1006
13021109,130211,0,0,1.5,0,40,0,20,1001,4001,1006
13021110,130211,0,0,1.5,0,40,0,20,1001,4001,1006
13021201,130212,0,0,1.5,0,30,0,0,1002,2002,0
13021202,130212,0,0,1.5,0,30,0,0,1002,2002,0
13021203,130212,0,0,1.5,0,30,0,0,1002,2002,0
13021204,130212,0,0,1.5,0,30,0,0,1002,2002,0
13021205,130212,0,0,1.5,0,30,0,0,1002,2002,0
13021206,130212,0,0,1.5,0,30,0,0,1002,2002,0
13021207,130212,0,0,1.5,0,30,0,0,1002,2002,0
13021208,130212,0,0,1.5,0,30,0,0,1002,2002,0
13021209,130212,0,0,1.5,0,30,0,0,1002,2002,0
13021210,130212,0,0,1.5,0,30,0,0,1002,2002,0
13021301,130213,0,0,1,0,35,0,0,1004,3001,0
13021302,130213,0,0,1,0,35,0,0,1004,3001,0
13021303,130213,0,0,1,0,35,0,0,1004,3001,0
13021304,130213,0,0,1,0,35,0,0,1004,3001,0
13021305,130213,0,0,1,0,35,0,0,1004,3001,0
13021306,130213,0,0,1,0,35,0,0,1004,3001,0
13021307,130213,0,0,1,0,35,0,0,1004,3001,0
13021308,130213,0,0,1,0,35,0,0,1004,3001,0
13021309,130213,0,0,1,0,35,0,0,1004,3001,0
13021310,130213,0,0,1,0,35,0,0,1004,3001,0
13101101,131011,0,0,2,0,55,0,27.5,1001,1006,0
13101102,131011,0,0,2,0,55,0,27.5,1001,1006,0
13101103,131011,0,0,2,0,55,0,27.5,1001,1006,0
13101104,131011,0,0,2,0,55,0,27.5,1001,1006,0
13101105,131011,0,0,2,0,55,0,27.5,1001,1006,0
13101106,131011,0,0,2,0,55,0,27.5,1001,1006,0
13101107,131011,0,0,2,0,55,0,27.5,1001,1006,0
13101108,131011,0,0,2,0,55,0,27.5,1001,1006,0
13101109,131011,0,0,2,0,55,0,27.5,1001,1006,0
13101110,131011,0,0,2,0,55,0,27.5,1001,1006,0
13101201,131012,0,0,1,0,25,0,0,1001,4001,0
13101202,131012,0,0,1,0,25,0,0,1001,4001,0
13101203,131012,0,0,1,0,25,0,0,1001,4001,0
13101204,131012,0,0,1,0,25,0,0,1001,4001,0
13101205,131012,0,0,1,0,25,0,0,1001,4001,0
13101206,131012,0,0,1,0,25,0,0,1001,4001,0
13101207,131012,0,0,1,0,25,0,0,1001,4001,0
13101208,131012,0,0,1,0,25,0,0,1001,4001,0
13101209,131012,0,0,1,0,25,0,0,1001,4001,0
13101210,131012,0,0,1,0,25,0,0,1001,4001,0
13101301,131013,0,0,1.5,0,40,0,0,1003,0,0
13101302,131013,0,0,1.5,0,40,0,0,1003,0,0
13101303,131013,0,0,1.5,0,40,0,0,1003,0,0
13101304,131013,0,0,1.5,0,40,0,0,1003,0,0
13101305,131013,0,0,1.5,0,40,0,0,1003,0,0
13101306,131013,0,0,1.5,0,40,0,0,1003,0,0
13101307,131013,0,0,1.5,0,40,0,0,1003,0,0
13101308,131013,0,0,1.5,0,40,0,0,1003,0,0
13101309,131013,0,0,1.5,0,40,0,0,1003,0,0
13101310,131013,0,0,1.5,0,40,0,0,1003,0,0
13117101,131171,0,0,1.5,0,45,0,22.5,1003,3002,0
13117102,131171,0,0,1.5,0,45,0,22.5,1003,3002,0
13117103,131171,0,0,1.5,0,45,0,22.5,1003,3002,0
13117104,131171,0,0,1.5,0,45,0,22.5,1003,3002,0
13117105,131171,0,0,1.5,0,45,0,22.5,1003,3002,0
13117106,131171,0,0,1.5,0,45,0,22.5,1003,3002,0
13117107,131171,0,0,1.5,0,45,0,22.5,1003,3002,0
13117108,131171,0,0,1.5,0,45,0,22.5,1003,3002,0
13117109,131171,0,0,1.5,0,45,0,22.5,1003,3002,0
13117110,131171,0,0,1.5,0,45,0,22.5,1003,3002,0
13117201,131172,0,0,2,0,50,0,0,3001,2009,0
13117202,131172,0,0,2,0,50,0,0,3001,2009,0
13117203,131172,0,0,2,0,50,0,0,3001,2009,0
13117204,131172,0,0,2,0,50,0,0,3001,2009,0
13117205,131172,0,0,2,0,50,0,0,3001,2009,0
13117206,131172,0,0,2,0,50,0,0,3001,2009,0
13117207,131172,0,0,2,0,50,0,0,3001,2009,0
13117208,131172,0,0,2,0,50,0,0,3001,2009,0
13117209,131172,0,0,2,0,50,0,0,3001,2009,0
13117210,131172,0,0,2,0,50,0,0,3001,2009,0
13117301,131173,0,0,0.75,0,25,0,0,1002,3001,0
13117302,131173,0,0,0.75,0,25,0,0,1002,3001,0
13117303,131173,0,0,0.75,0,25,0,0,1002,3001,0
13117304,131173,0,0,0.75,0,25,0,0,1002,3001,0
13117305,131173,0,0,0.75,0,25,0,0,1002,3001,0
13117306,131173,0,0,0.75,0,25,0,0,1002,3001,0
13117307,131173,0,0,0.75,0,25,0,0,1002,3001,0
13117308,131173,0,0,0.75,0,25,0,0,1002,3001,0
13117309,131173,0,0,0.75,0,25,0,0,1002,3001,0
13117310,131173,0,0,0.75,0,25,0,0,1002,3001,0
13144101,131441,0,0,2,0,50,0,25,1002,4001,0
13144102,131441,0,0,2,0,50,0,25,1002,4001,0
13144103,131441,0,0,2,0,50,0,25,1002,4001,0
13144104,131441,0,0,2,0,50,0,25,1002,4001,0
13144105,131441,0,0,2,0,50,0,25,1002,4001,0
13144106,131441,0,0,2,0,50,0,25,1002,4001,0
13144107,131441,0,0,2,0,50,0,25,1002,4001,0
13144108,131441,0,0,2,0,50,0,25,1002,4001,0
13144109,131441,0,0,2,0,50,0,25,1002,4001,0
13144110,131441,0,0,2,0,50,0,25,1002,4001,0
13144201,131442,0,0,0.5,0,50,0,0,2010,0,0
13144202,131442,0,0,0.5,0,50,0,0,2010,0,0
13144203,131442,0,0,0.5,0,50,0,0,2010,0,0
13144204,131442,0,0,0.5,0,50,0,0,2010,0,0
13144205,131442,0,0,0.5,0,50,0,0,2010,0,0
13144206,131442,0,0,0.5,0,50,0,0,2010,0,0
13144207,131442,0,0,0.5,0,50,0,0,2010,0,0
13144208,131442,0,0,0.5,0,50,0,0,2010,0,0
13144209,131442,0,0,0.5,0,50,0,0,2010,0,0
13144210,131442,0,0,0.5,0,50,0,0,2010,0,0
13144301,131443,0,0,1.5,0,30,0,0,1002,4001,3001
13144302,131443,0,0,1.5,0,30,0,0,1002,4001,3001
13144303,131443,0,0,1.5,0,30,0,0,1002,4001,3001
13144304,131443,0,0,1.5,0,30,0,0,1002,4001,3001
13144305,131443,0,0,1.5,0,30,0,0,1002,4001,3001
13144306,131443,0,0,1.5,0,30,0,0,1002,4001,3001
13144307,131443,0,0,1.5,0,30,0,0,1002,4001,3001
13144308,131443,0,0,1.5,0,30,0,0,1002,4001,3001
13144309,131443,0,0,1.5,0,30,0,0,1002,4001,3001
13144310,131443,0,0,1.5,0,30,0,0,1002,4001,3001
13201101,132011,0,0,2,0,55,0,27.5,1002,0,0
13201102,132011,0,0,2,0,55,0,27.5,1002,0,0
13201103,132011,0,0,2,0,55,0,27.5,1002,0,0
13201104,132011,0,0,2,0,55,0,27.5,1002,0,0
13201105,132011,0,0,2,0,55,0,27.5,1002,0,0
13201106,132011,0,0,2,0,55,0,27.5,1002,0,0
13201107,132011,0,0,2,0,55,0,27.5,1002,0,0
13201108,132011,0,0,2,0,55,0,27.5,1002,0,0
13201109,132011,0,0,2,0,55,0,27.5,1002,0,0
13201110,132011,0,0,2,0,55,0,27.5,1002,0,0
13201201,132012,0,0,1.5,0,40,0,0,1002,2015,0
13201202,132012,0,0,1.5,0,40,0,0,1002,2015,0
13201203,132012,0,0,1.5,0,40,0,0,1002,2015,0
13201204,132012,0,0,1.5,0,40,0,0,1002,2015,0
13201205,132012,0,0,1.5,0,40,0,0,1002,2015,0
13201206,132012,0,0,1.5,0,40,0,0,1002,2015,0
13201207,132012,0,0,1.5,0,40,0,0,1002,2015,0
13201208,132012,0,0,1.5,0,40,0,0,1002,2015,0
13201209,132012,0,0,1.5,0,40,0,0,1002,2015,0
13201210,132012,0,0,1.5,0,40,0,0,1002,2015,0
13201301,132013,0,0,1,0,20,0,0,1001,0,0
13201302,132013,0,0,1,0,20,0,0,1001,0,0
13201303,132013,0,0,1,0,20,0,0,1001,0,0
13201304,132013,0,0,1,0,20,0,0,1001,0,0
13201305,132013,0,0,1,0,20,0,0,1001,0,0
13201306,132013,0,0,1,0,20,0,0,1001,0,0
13201307,132013,0,0,1,0,20,0,0,1001,0,0
13201308,132013,0,0,1,0,20,0,0,1001,0,0
13201309,132013,0,0,1,0,20,0,0,1001,0,0
13201310,132013,0,0,1,0,20,0,0,1001,0,0
13205101,132051,0,0,2,0,45,0,22.5,1001,4001,0
13205102,132051,0,0,2,0,45,0,22.5,1001,4001,0
13205103,132051,0,0,2,0,45,0,22.5,1001,4001,0
13205104,132051,0,0,2,0,45,0,22.5,1001,4001,0
13205105,132051,0,0,2,0,45,0,22.5,1001,4001,0
13205106,132051,0,0,2,0,45,0,22.5,1001,4001,0
13205107,132051,0,0,2,0,45,0,22.5,1001,4001,0
13205108,132051,0,0,2,0,45,0,22.5,1001,4001,0
13205109,132051,0,0,2,0,45,0,22.5,1001,4001,0
13205110,132051,0,0,2,0,45,0,22.5,1001,4001,0
13205201,132052,0,0,1.5,0,40,0,0,1002,2003,0
13205202,132052,0,0,1.5,0,40,0,0,1002,2003,0
13205203,132052,0,0,1.5,0,40,0,0,1002,2003,0
13205204,132052,0,0,1.5,0,40,0,0,1002,2003,0
13205205,132052,0,0,1.5,0,40,0,0,1002,2003,0
13205206,132052,0,0,1.5,0,40,0,0,1002,2003,0
13205207,132052,0,0,1.5,0,40,0,0,1002,2003,0
13205208,132052,0,0,1.5,0,40,0,0,1002,2003,0
13205209,132052,0,0,1.5,0,40,0,0,1002,2003,0
13205210,132052,0,0,1.5,0,40,0,0,1002,2003,0
13205301,132053,0,0,1,0,30,0,0,1002,2002,0
13205302,132053,0,0,1,0,30,0,0,1002,2002,0
13205303,132053,0,0,1,0,30,0,0,1002,2002,0
13205304,132053,0,0,1,0,30,0,0,1002,2002,0
13205305,132053,0,0,1,0,30,0,0,1002,2002,0
13205306,132053,0,0,1,0,30,0,0,1002,2002,0
13205307,132053,0,0,1,0,30,0,0,1002,2002,0
13205308,132053,0,0,1,0,30,0,0,1002,2002,0
13205309,132053,0,0,1,0,30,0,0,1002,2002,0
13205310,132053,0,0,1,0,30,0,0,1002,2002,0
13227101,132271,0,0,2,0,50,0,25,1003,1006,0
13227102,132271,0,0,2,0,50,0,25,1003,1006,0
13227103,132271,0,0,2,0,50,0,25,1003,1006,0
13227104,132271,0,0,2,0,50,0,25,1003,1006,0
13227105,132271,0,0,2,0,50,0,25,1003,1006,0
13227106,132271,0,0,2,0,50,0,25,1003,1006,0
13227107,132271,0,0,2,0,50,0,25,1003,1006,0
13227108,132271,0,0,2,0,50,0,25,1003,1006,0
13227109,132271,0,0,2,0,50,0,25,1003,1006,0
13227110,132271,0,0,2,0,50,0,25,1003,1006,0
13227201,132272,0,0,1.5,0,40,0,0,1002,1006,4001
13227202,132272,0,0,1.5,0,40,0,0,1002,1006,4001
13227203,132272,0,0,1.5,0,40,0,0,1002,1006,4001
13227204,132272,0,0,1.5,0,40,0,0,1002,1006,4001
13227205,132272,0,0,1.5,0,40,0,0,1002,1006,4001
13227206,132272,0,0,1.5,0,40,0,0,1002,1006,4001
13227207,132272,0,0,1.5,0,40,0,0,1002,1006,4001
13227208,132272,0,0,1.5,0,40,0,0,1002,1006,4001
13227209,132272,0,0,1.5,0,40,0,0,1002,1006,4001
13227210,132272,0,0,1.5,0,40,0,0,1002,1006,4001
13227301,132273,0,0,1,0,25,0,0,1001,2018,3002
13227302,132273,0,0,1,0,25,0,0,1001,2018,3002
13227303,132273,0,0,1,0,25,0,0,1001,2018,3002
13227304,132273,0,0,1,0,25,0,0,1001,2018,3002
13227305,132273,0,0,1,0,25,0,0,1001,2018,3002
13227306,132273,0,0,1,0,25,0,0,1001,2018,3002
13227307,132273,0,0,1,0,25,0,0,1001,2018,3002
13227308,132273,0,0,1,0,25,0,0,1001,2018,3002
13227309,132273,0,0,1,0,25,0,0,1001,2018,3002
13227310,132273,0,0,1,0,25,0,0,1001,2018,3002
13316101,133161,0,0,2,0,50,0,25,1001,1006,3001
13316102,133161,0,0,2,0,50,0,25,1001,1006,3001
13316103,133161,0,0,2,0,50,0,25,1001,1006,3001
13316104,133161,0,0,2,0,50,0,25,1001,1006,3001
13316105,133161,0,0,2,0,50,0,25,1001,1006,3001
13316106,133161,0,0,2,0,50,0,25,1001,1006,3001
13316107,133161,0,0,2,0,50,0,25,1001,1006,3001
13316108,133161,0,0,2,0,50,0,25,1001,1006,3001
13316109,133161,0,0,2,0,50,0,25,1001,1006,3001
13316110,133161,0,0,2,0,50,0,25,1001,1006,3001
13316201,133162,0,0,1.5,0,40,0,0,1001,1006,2003
13316202,133162,0,0,1.5,0,40,0,0,1001,1006,2003
13316203,133162,0,0,1.5,0,40,0,0,1001,1006,2003
13316204,133162,0,0,1.5,0,40,0,0,1001,1006,2003
13316205,133162,0,0,1.5,0,40,0,0,1001,1006,2003
13316206,133162,0,0,1.5,0,40,0,0,1001,1006,2003
13316207,133162,0,0,1.5,0,40,0,0,1001,1006,2003
13316208,133162,0,0,1.5,0,40,0,0,1001,1006,2003
13316209,133162,0,0,1.5,0,40,0,0,1001,1006,2003
13316210,133162,0,0,1.5,0,40,0,0,1001,1006,2003
13316301,133163,0,0,1.5,0,35,0,0,1001,2003,0
13316302,133163,0,0,1.5,0,35,0,0,1001,2003,0
13316303,133163,0,0,1.5,0,35,0,0,1001,2003,0
13316304,133163,0,0,1.5,0,35,0,0,1001,2003,0
13316305,133163,0,0,1.5,0,35,0,0,1001,2003,0
13316306,133163,0,0,1.5,0,35,0,0,1001,2003,0
13316307,133163,0,0,1.5,0,35,0,0,1001,2003,0
13316308,133163,0,0,1.5,0,35,0,0,1001,2003,0
13316309,133163,0,0,1.5,0,35,0,0,1001,2003,0
13316310,133163,0,0,1.5,0,35,0,0,1001,2003,0
13407101,134071,0,0,2,0,50,0,25,1002,3002,0
13407102,134071,0,0,2,0,50,0,25,1002,3002,0
13407103,134071,0,0,2,0,50,0,25,1002,3002,0
13407104,134071,0,0,2,0,50,0,25,1002,3002,0
13407105,134071,0,0,2,0,50,0,25,1002,3002,0
13407106,134071,0,0,2,0,50,0,25,1002,3002,0
13407107,134071,0,0,2,0,50,0,25,1002,3002,0
13407108,134071,0,0,2,0,50,0,25,1002,3002,0
13407109,134071,0,0,2,0,50,0,25,1002,3002,0
13407110,134071,0,0,2,0,50,0,25,1002,3002,0
13407201,134072,0,0,1,0,30,0,0,1002,4001,2003
13407202,134072,0,0,1,0,30,0,0,1002,4001,2003
13407203,134072,0,0,1,0,30,0,0,1002,4001,2003
13407204,134072,0,0,1,0,30,0,0,1002,4001,2003
13407205,134072,0,0,1,0,30,0,0,1002,4001,2003
13407206,134072,0,0,1,0,30,0,0,1002,4001,2003
13407207,134072,0,0,1,0,30,0,0,1002,4001,2003
13407208,134072,0,0,1,0,30,0,0,1002,4001,2003
13407209,134072,0,0,1,0,30,0,0,1002,4001,2003
13407210,134072,0,0,1,0,30,0,0,1002,4001,2003
13407301,134073,0,0,1.5,0,45,0,0,3001,2002,0
13407302,134073,0,0,1.5,0,45,0,0,3001,2002,0
13407303,134073,0,0,1.5,0,45,0,0,3001,2002,0
13407304,134073,0,0,1.5,0,45,0,0,3001,2002,0
13407305,134073,0,0,1.5,0,45,0,0,3001,2002,0
13407306,134073,0,0,1.5,0,45,0,0,3001,2002,0
13407307,134073,0,0,1.5,0,45,0,0,3001,2002,0
13407308,134073,0,0,1.5,0,45,0,0,3001,2002,0
13407309,134073,0,0,1.5,0,45,0,0,3001,2002,0
13407310,134073,0,0,1.5,0,45,0,0,3001,2002,0
13501101,135011,0,0,1,0,50,0,22.5,1001,4001,0
13501102,135011,0,0,1,0,50,0,22.5,1001,4001,0
13501103,135011,0,0,1,0,50,0,22.5,1001,4001,0
13501104,135011,0,0,1,0,50,0,22.5,1001,4001,0
13501105,135011,0,0,1,0,50,0,22.5,1001,4001,0
13501106,135011,0,0,1,0,50,0,22.5,1001,4001,0
13501107,135011,0,0,1,0,50,0,22.5,1001,4001,0
13501108,135011,0,0,1,0,50,0,22.5,1001,4001,0
13501109,135011,0,0,1,0,50,0,22.5,1001,4001,0
13501110,135011,0,0,1,0,50,0,22.5,1001,4001,0
13501201,135012,0,0,1,0,35,0,0,1004,2003,0
13501202,135012,0,0,1,0,35,0,0,1004,2003,0
13501203,135012,0,0,1,0,35,0,0,1004,2003,0
13501204,135012,0,0,1,0,35,0,0,1004,2003,0
13501205,135012,0,0,1,0,35,0,0,1004,2003,0
13501206,135012,0,0,1,0,35,0,0,1004,2003,0
13501207,135012,0,0,1,0,35,0,0,1004,2003,0
13501208,135012,0,0,1,0,35,0,0,1004,2003,0
13501209,135012,0,0,1,0,35,0,0,1004,2003,0
13501210,135012,0,0,1,0,35,0,0,1004,2003,0
13501301,135013,0,0,1,0,35,0,0,1001,3001,0
13501302,135013,0,0,1,0,35,0,0,1001,3001,0
13501303,135013,0,0,1,0,35,0,0,1001,3001,0
13501304,135013,0,0,1,0,35,0,0,1001,3001,0
13501305,135013,0,0,1,0,35,0,0,1001,3001,0
13501306,135013,0,0,1,0,35,0,0,1001,3001,0
13501307,135013,0,0,1,0,35,0,0,1001,3001,0
13501308,135013,0,0,1,0,35,0,0,1001,3001,0
13501309,135013,0,0,1,0,35,0,0,1001,3001,0
13501310,135013,0,0,1,0,35,0,0,1001,3001,0
13502101,135021,0,0,1,0,50,0,25,1001,3002,4001
13502102,135021,0,0,1,0,50,0,25,1001,3002,4001
13502103,135021,0,0,1,0,50,0,25,1001,3002,4001
13502104,135021,0,0,1,0,50,0,25,1001,3002,4001
13502105,135021,0,0,1,0,50,0,25,1001,3002,4001
13502106,135021,0,0,1,0,50,0,25,1001,3002,4001
13502107,135021,0,0,1,0,50,0,25,1001,3002,4001
13502108,135021,0,0,1,0,50,0,25,1001,3002,4001
13502109,135021,0,0,1,0,50,0,25,1001,3002,4001
13502110,135021,0,0,1,0,50,0,25,1001,3002,4001
13502201,135022,0,0,0.5,0,40,0,0,1001,4001,2003
13502202,135022,0,0,0.5,0,40,0,0,1001,4001,2003
13502203,135022,0,0,0.5,0,40,0,0,1001,4001,2003
13502204,135022,0,0,0.5,0,40,0,0,1001,4001,2003
13502205,135022,0,0,0.5,0,40,0,0,1001,4001,2003
13502206,135022,0,0,0.5,0,40,0,0,1001,4001,2003
13502207,135022,0,0,0.5,0,40,0,0,1001,4001,2003
13502208,135022,0,0,0.5,0,40,0,0,1001,4001,2003
13502209,135022,0,0,0.5,0,40,0,0,1001,4001,2003
13502210,135022,0,0,0.5,0,40,0,0,1001,4001,2003
13502301,135023,0,0,1,0,25,0,0,1002,3001,0
13502302,135023,0,0,1,0,25,0,0,1002,3001,0
13502303,135023,0,0,1,0,25,0,0,1002,3001,0
13502304,135023,0,0,1,0,25,0,0,1002,3001,0
13502305,135023,0,0,1,0,25,0,0,1002,3001,0
13502306,135023,0,0,1,0,25,0,0,1002,3001,0
13502307,135023,0,0,1,0,25,0,0,1002,3001,0
13502308,135023,0,0,1,0,25,0,0,1002,3001,0
13502309,135023,0,0,1,0,25,0,0,1002,3001,0
13502310,135023,0,0,1,0,25,0,0,1002,3001,0
13518101,135181,0,0,1,0,45,0,22.5,1001,2003,0
13518102,135181,0,0,1,0,45,0,22.5,1001,2003,0
13518103,135181,0,0,1,0,45,0,22.5,1001,2003,0
13518104,135181,0,0,1,0,45,0,22.5,1001,2003,0
13518105,135181,0,0,1,0,45,0,22.5,1001,2003,0
13518106,135181,0,0,1,0,45,0,22.5,1001,2003,0
13518107,135181,0,0,1,0,45,0,22.5,1001,2003,0
13518108,135181,0,0,1,0,45,0,22.5,1001,2003,0
13518109,135181,0,0,1,0,45,0,22.5,1001,2003,0
13518110,135181,0,0,1,0,45,0,22.5,1001,2003,0
13518201,135182,0,0,0.5,0,40,0,0,1001,4001,2002
13518202,135182,0,0,0.5,0,40,0,0,1001,4001,2002
13518203,135182,0,0,0.5,0,40,0,0,1001,4001,2002
13518204,135182,0,0,0.5,0,40,0,0,1001,4001,2002
13518205,135182,0,0,0.5,0,40,0,0,1001,4001,2002
13518206,135182,0,0,0.5,0,40,0,0,1001,4001,2002
13518207,135182,0,0,0.5,0,40,0,0,1001,4001,2002
13518208,135182,0,0,0.5,0,40,0,0,1001,4001,2002
13518209,135182,0,0,0.5,0,40,0,0,1001,4001,2002
13518210,135182,0,0,0.5,0,40,0,0,1001,4001,2002
13518301,135183,0,0,1,0,40,0,0,1002,2009,3001
13518302,135183,0,0,1,0,40,0,0,1002,2009,3001
13518303,135183,0,0,1,0,40,0,0,1002,2009,3001
13518304,135183,0,0,1,0,40,0,0,1002,2009,3001
13518305,135183,0,0,1,0,40,0,0,1002,2009,3001
13518306,135183,0,0,1,0,40,0,0,1002,2009,3001
13518307,135183,0,0,1,0,40,0,0,1002,2009,3001
13518308,135183,0,0,1,0,40,0,0,1002,2009,3001
13518309,135183,0,0,1,0,40,0,0,1002,2009,3001
13518310,135183,0,0,1,0,40,0,0,1002,2009,3001
13584101,135841,0,0,2,0,50,0,25,1004,1006,0
13584102,135841,0,0,2,0,50,0,25,1004,1006,0
13584103,135841,0,0,2,0,50,0,25,1004,1006,0
13584104,135841,0,0,2,0,50,0,25,1004,1006,0
13584105,135841,0,0,2,0,50,0,25,1004,1006,0
13584106,135841,0,0,2,0,50,0,25,1004,1006,0
13584107,135841,0,0,2,0,50,0,25,1004,1006,0
13584108,135841,0,0,2,0,50,0,25,1004,1006,0
13584109,135841,0,0,2,0,50,0,25,1004,1006,0
13584110,135841,0,0,2,0,50,0,25,1004,1006,0
13584201,135842,0,0,0,0,20,0,0,1004,1006,3001
13584202,135842,0,0,0,0,20,0,0,1004,1006,3001
13584203,135842,0,0,0,0,20,0,0,1004,1006,3001
13584204,135842,0,0,0,0,20,0,0,1004,1006,3001
13584205,135842,0,0,0,0,20,0,0,1004,1006,3001
13584206,135842,0,0,0,0,20,0,0,1004,1006,3001
13584207,135842,0,0,0,0,20,0,0,1004,1006,3001
13584208,135842,0,0,0,0,20,0,0,1004,1006,3001
13584209,135842,0,0,0,0,20,0,0,1004,1006,3001
13584210,135842,0,0,0,0,20,0,0,1004,1006,3001
13584301,135843,0,0,1.5,0,40,0,0,1001,2002,2003
13584302,135843,0,0,1.5,0,40,0,0,1001,2002,2003
13584303,135843,0,0,1.5,0,40,0,0,1001,2002,2003
13584304,135843,0,0,1.5,0,40,0,0,1001,2002,2003
13584305,135843,0,0,1.5,0,40,0,0,1001,2002,2003
13584306,135843,0,0,1.5,0,40,0,0,1001,2002,2003
13584307,135843,0,0,1.5,0,40,0,0,1001,2002,2003
13584308,135843,0,0,1.5,0,40,0,0,1001,2002,2003
13584309,135843,0,0,1.5,0,40,0,0,1001,2002,2003
13584310,135843,0,0,1.5,0,40,0,0,1001,2002,2003
13685101,136851,0,0,2,0,45,0,22.5,1001,2015,0
13685102,136851,0,0,2,0,45,0,22.5,1001,2015,0
13685103,136851,0,0,2,0,45,0,22.5,1001,2015,0
13685104,136851,0,0,2,0,45,0,22.5,1001,2015,0
13685105,136851,0,0,2,0,45,0,22.5,1001,2015,0
13685106,136851,0,0,2,0,45,0,22.5,1001,2015,0
13685107,136851,0,0,2,0,45,0,22.5,1001,2015,0
13685108,136851,0,0,2,0,45,0,22.5,1001,2015,0
13685109,136851,0,0,2,0,45,0,22.5,1001,2015,0
13685110,136851,0,0,2,0,45,0,22.5,1001,2015,0
13685201,136852,0,0,1.5,0,45,0,0,1002,2002,3001
13685202,136852,0,0,1.5,0,45,0,0,1002,2002,3001
13685203,136852,0,0,1.5,0,45,0,0,1002,2002,3001
13685204,136852,0,0,1.5,0,45,0,0,1002,2002,3001
13685205,136852,0,0,1.5,0,45,0,0,1002,2002,3001
13685206,136852,0,0,1.5,0,45,0,0,1002,2002,3001
13685207,136852,0,0,1.5,0,45,0,0,1002,2002,3001
13685208,136852,0,0,1.5,0,45,0,0,1002,2002,3001
13685209,136852,0,0,1.5,0,45,0,0,1002,2002,3001
13685210,136852,0,0,1.5,0,45,0,0,1002,2002,3001
13685301,136853,0,0,0.5,0,30,0,0,1002,4003,2003
13685302,136853,0,0,0.5,0,30,0,0,1002,4003,2003
13685303,136853,0,0,0.5,0,30,0,0,1002,4003,2003
13685304,136853,0,0,0.5,0,30,0,0,1002,4003,2003
13685305,136853,0,0,0.5,0,30,0,0,1002,4003,2003
13685306,136853,0,0,0.5,0,30,0,0,1002,4003,2003
13685307,136853,0,0,0.5,0,30,0,0,1002,4003,2003
13685308,136853,0,0,0.5,0,30,0,0,1002,4003,2003
13685309,136853,0,0,0.5,0,30,0,0,1002,4003,2003
13685310,136853,0,0,0.5,0,30,0,0,1002,4003,2003
13704101,137041,0,0,2,0,60,0,30,1004,5006,3003
13704102,137041,0,0,2,0,60,0,30,1004,5006,3003
13704103,137041,0,0,2,0,60,0,30,1004,5006,3003
13704104,137041,0,0,2,0,60,0,30,1004,5006,3003
13704105,137041,0,0,2,0,60,0,30,1004,5006,3003
13704106,137041,0,0,2,0,60,0,30,1004,5006,3003
13704107,137041,0,0,2,0,60,0,30,1004,5006,3003
13704108,137041,0,0,2,0,60,0,30,1004,5006,3003
13704109,137041,0,0,2,0,60,0,30,1004,5006,3003
13704110,137041,0,0,2,0,60,0,30,1004,5006,3003
13704201,137042,0,0,1.5,0,30,0,0,5003,2004,0
13704202,137042,0,0,1.5,0,30,0,0,5003,2004,0
13704203,137042,0,0,1.5,0,30,0,0,5003,2004,0
13704204,137042,0,0,1.5,0,30,0,0,5003,2004,0
13704205,137042,0,0,1.5,0,30,0,0,5003,2004,0
13704206,137042,0,0,1.5,0,30,0,0,5003,2004,0
13704207,137042,0,0,1.5,0,30,0,0,5003,2004,0
13704208,137042,0,0,1.5,0,30,0,0,5003,2004,0
13704209,137042,0,0,1.5,0,30,0,0,5003,2004,0
13704210,137042,0,0,1.5,0,30,0,0,5003,2004,0
13704301,137043,0,0,3,0,60,0,0,5004,0,0
13704302,137043,0,0,3,0,58.333,0,0,5004,0,0
13704303,137043,0,0,3,0,56.667,0,0,5004,0,0
13704304,137043,0,0,3,0,55,0,0,5004,0,0
13704305,137043,0,0,3,0,53.333,0,0,5004,0,0
13704306,137043,0,0,3,0,51.667,0,0,5004,0,0
13704307,137043,0,0,3,0,50,0,0,5004,0,0
13704308,137043,0,0,3,0,48.333,0,0,5004,0,0
13704309,137043,0,0,3,0,46.667,0,0,5004,0,0
13704310,137043,0,0,3,0,45,0,0,5004,0,0
13783101,137831,0,0,2,0,50,0,25,1001,1007,4001
13783102,137831,0,0,2,0,50,0,25,1001,1007,4001
13783103,137831,0,0,2,0,50,0,25,1001,1007,4001
13783104,137831,0,0,2,0,50,0,25,1001,1007,4001
13783105,137831,0,0,2,0,50,0,25,1001,1007,4001
13783106,137831,0,0,2,0,50,0,25,1001,1007,4001
13783107,137831,0,0,2,0,50,0,25,1001,1007,4001
13783108,137831,0,0,2,0,50,0,25,1001,1007,4001
13783109,137831,0,0,2,0,50,0,25,1001,1007,4001
13783110,137831,0,0,2,0,50,0,25,1001,1007,4001
13783201,137832,0,0,1.5,0,45,0,0,1001,1007,3001
13783202,137832,0,0,1.5,0,45,0,0,1001,1007,3001
13783203,137832,0,0,1.5,0,45,0,0,1001,1007,3001
13783204,137832,0,0,1.5,0,45,0,0,1001,1007,3001
13783205,137832,0,0,1.5,0,45,0,0,1001,1007,3001
13783206,137832,0,0,1.5,0,45,0,0,1001,1007,3001
13783207,137832,0,0,1.5,0,45,0,0,1001,1007,3001
13783208,137832,0,0,1.5,0,45,0,0,1001,1007,3001
13783209,137832,0,0,1.5,0,45,0,0,1001,1007,3001
13783210,137832,0,0,1.5,0,45,0,0,1001,1007,3001
13783301,137833,0,0,1.5,0,30,0,0,1002,1007,2003
13783302,137833,0,0,1.5,0,30,0,0,1002,1007,2003
13783303,137833,0,0,1.5,0,30,0,0,1002,1007,2003
13783304,137833,0,0,1.5,0,30,0,0,1002,1007,2003
13783305,137833,0,0,1.5,0,30,0,0,1002,1007,2003
13783306,137833,0,0,1.5,0,30,0,0,1002,1007,2003
13783307,137833,0,0,1.5,0,30,0,0,1002,1007,2003
13783308,137833,0,0,1.5,0,30,0,0,1002,1007,2003
13783309,137833,0,0,1.5,0,30,0,0,1002,1007,2003
13783310,137833,0,0,1.5,0,30,0,0,1002,1007,2003
13803101,138031,0,0,2,0,50,0,25,1001,1006,0
13803102,138031,0,0,2,0,50,0,25,1001,1006,0
13803103,138031,0,0,2,0,50,0,25,1001,1006,0
13803104,138031,0,0,2,0,50,0,25,1001,1006,0
13803105,138031,0,0,2,0,50,0,25,1001,1006,0
13803106,138031,0,0,2,0,50,0,25,1001,1006,0
13803107,138031,0,0,2,0,50,0,25,1001,1006,0
13803108,138031,0,0,2,0,50,0,25,1001,1006,0
13803109,138031,0,0,2,0,50,0,25,1001,1006,0
13803110,138031,0,0,2,0,50,0,25,1001,1006,0
13803201,138032,0,0,1,0,30,0,0,1002,2003,4001
13803202,138032,0,0,1,0,30,0,0,1002,2003,4001
13803203,138032,0,0,1,0,30,0,0,1002,2003,4001
13803204,138032,0,0,1,0,30,0,0,1002,2003,4001
13803205,138032,0,0,1,0,30,0,0,1002,2003,4001
13803206,138032,0,0,1,0,30,0,0,1002,2003,4001
13803207,138032,0,0,1,0,30,0,0,1002,2003,4001
13803208,138032,0,0,1,0,30,0,0,1002,2003,4001
13803209,138032,0,0,1,0,30,0,0,1002,2003,4001
13803210,138032,0,0,1,0,30,0,0,1002,2003,4001
13803301,138033,0,0,1,0,25,0,0,1002,2002,3001
13803302,138033,0,0,1,0,25,0,0,1002,2002,3001
13803303,138033,0,0,1,0,25,0,0,1002,2002,3001
13803304,138033,0,0,1,0,25,0,0,1002,2002,3001
13803305,138033,0,0,1,0,25,0,0,1002,2002,3001
13803306,138033,0,0,1,0,25,0,0,1002,2002,3001
13803307,138033,0,0,1,0,25,0,0,1002,2002,3001
13803308,138033,0,0,1,0,25,0,0,1002,2002,3001
13803309,138033,0,0,1,0,25,0,0,1002,2002,3001
13803310,138033,0,0,1,0,25,0,0,1002,2002,3001
13806101,138061,0,0,2,0,50,0,25,1001,1007,0
13806102,138061,0,0,2,0,50,0,25,1001,1007,0
13806103,138061,0,0,2,0,50,0,25,1001,1007,0
13806104,138061,0,0,2,0,50,0,25,1001,1007,0
13806105,138061,0,0,2,0,50,0,25,1001,1007,0
13806106,138061,0,0,2,0,50,0,25,1001,1007,0
13806107,138061,0,0,2,0,50,0,25,1001,1007,0
13806108,138061,0,0,2,0,50,0,25,1001,1007,0
13806109,138061,0,0,2,0,50,0,25,1001,1007,0
13806110,138061,0,0,2,0,50,0,25,1001,1007,0
13806201,138062,0,0,1,0,35,0,0,1003,1007,3001
13806202,138062,0,0,1,0,35,0,0,1003,1007,3001
13806203,138062,0,0,1,0,35,0,0,1003,1007,3001
13806204,138062,0,0,1,0,35,0,0,1003,1007,3001
13806205,138062,0,0,1,0,35,0,0,1003,1007,3001
13806206,138062,0,0,1,0,35,0,0,1003,1007,3001
13806207,138062,0,0,1,0,35,0,0,1003,1007,3001
13806208,138062,0,0,1,0,35,0,0,1003,1007,3001
13806209,138062,0,0,1,0,35,0,0,1003,1007,3001
13806210,138062,0,0,1,0,35,0,0,1003,1007,3001
13806301,138063,0,0,1.5,0,40,0,0,1002,1005,3001
13806302,138063,0,0,1.5,0,40,0,0,1002,1005,3001
13806303,138063,0,0,1.5,0,40,0,0,1002,1005,3001
13806304,138063,0,0,1.5,0,40,0,0,1002,1005,3001
13806305,138063,0,0,1.5,0,40,0,0,1002,1005,3001
13806306,138063,0,0,1.5,0,40,0,0,1002,1005,3001
13806307,138063,0,0,1.5,0,40,0,0,1002,1005,3001
13806308,138063,0,0,1.5,0,40,0,0,1002,1005,3001
13806309,138063,0,0,1.5,0,40,0,0,1002,1005,3001
13806310,138063,0,0,1.5,0,40,0,0,1002,1005,3001
13817101,138171,0,0,2,0,50,0,25,1001,1006,0
13817102,138171,0,0,2,0,50,0,25,1001,1006,0
13817103,138171,0,0,2,0,50,0,25,1001,1006,0
13817104,138171,0,0,2,0,50,0,25,1001,1006,0
13817105,138171,0,0,2,0,50,0,25,1001,1006,0
13817106,138171,0,0,2,0,50,0,25,1001,1006,0
13817107,138171,0,0,2,0,50,0,25,1001,1006,0
13817108,138171,0,0,2,0,50,0,25,1001,1006,0
13817109,138171,0,0,2,0,50,0,25,1001,1006,0
13817110,138171,0,0,2,0,50,0,25,1001,1006,0
13817201,138172,0,0,1.25,0,45,0,0,1001,3001,4001
13817202,138172,0,0,1.25,0,45,0,0,1001,3001,4001
13817203,138172,0,0,1.25,0,45,0,0,1001,3001,4001
13817204,138172,0,0,1.25,0,45,0,0,1001,3001,4001
13817205,138172,0,0,1.25,0,45,0,0,1001,3001,4001
13817206,138172,0,0,1.25,0,45,0,0,1001,3001,4001
13817207,138172,0,0,1.25,0,45,0,0,1001,3001,4001
13817208,138172,0,0,1.25,0,45,0,0,1001,3001,4001
13817209,138172,0,0,1.25,0,45,0,0,1001,3001,4001
13817210,138172,0,0,1.25,0,45,0,0,1001,3001,4001
13817301,138173,0,0,1,0,30,0,0,1001,1005,0
13817302,138173,0,0,1,0,30,0,0,1001,1005,0
13817303,138173,0,0,1,0,30,0,0,1001,1005,0
13817304,138173,0,0,1,0,30,0,0,1001,1005,0
13817305,138173,0,0,1,0,30,0,0,1001,1005,0
13817306,138173,0,0,1,0,30,0,0,1001,1005,0
13817307,138173,0,0,1,0,30,0,0,1001,1005,0
13817308,138173,0,0,1,0,30,0,0,1001,1005,0
13817309,138173,0,0,1,0,30,0,0,1001,1005,0
13817310,138173,0,0,1,0,30,0,0,1001,1005,0
13985101,139851,0,0,2,0,60,0,30,1001,1005,2003
13985102,139851,0,0,2,0,60,0,30,1001,1005,2003
13985103,139851,0,0,2,0,60,0,30,1001,1005,2003
13985104,139851,0,0,2,0,60,0,30,1001,1005,2003
13985105,139851,0,0,2,0,60,0,30,1001,1005,2003
13985106,139851,0,0,2,0,60,0,30,1001,1005,2003
13985107,139851,0,0,2,0,60,0,30,1001,1005,2003
13985108,139851,0,0,2,0,60,0,30,1001,1005,2003
13985109,139851,0,0,2,0,60,0,30,1001,1005,2003
13985110,139851,0,0,2,0,60,0,30,1001,1005,2003
13985201,139852,0,0,1.5,0,40,0,0,1002,1006,2009
13985202,139852,0,0,1.5,0,40,0,0,1002,1006,2009
13985203,139852,0,0,1.5,0,40,0,0,1002,1006,2009
13985204,139852,0,0,1.5,0,40,0,0,1002,1006,2009
13985205,139852,0,0,1.5,0,40,0,0,1002,1006,2009
13985206,139852,0,0,1.5,0,40,0,0,1002,1006,2009
13985207,139852,0,0,1.5,0,40,0,0,1002,1006,2009
13985208,139852,0,0,1.5,0,40,0,0,1002,1006,2009
13985209,139852,0,0,1.5,0,40,0,0,1002,1006,2009
13985210,139852,0,0,1.5,0,40,0,0,1002,1006,2009
13985301,139853,0,0,1,0,35,0,0,1004,4001,0
13985302,139853,0,0,1,0,35,0,0,1004,4001,0
13985303,139853,0,0,1,0,35,0,0,1004,4001,0
13985304,139853,0,0,1,0,35,0,0,1004,4001,0
13985305,139853,0,0,1,0,35,0,0,1004,4001,0
13985306,139853,0,0,1,0,35,0,0,1004,4001,0
13985307,139853,0,0,1,0,35,0,0,1004,4001,0
13985308,139853,0,0,1,0,35,0,0,1004,4001,0
13985309,139853,0,0,1,0,35,0,0,1004,4001,0
13985310,139853,0,0,1,0,35,0,0,1004,4001,0
14083101,140831,0,0,2,0,60,0,30,1001,1006,2002
14083102,140831,0,0,2,0,60,0,30,1001,1006,2002
14083103,140831,0,0,2,0,60,0,30,1001,1006,2002
14083104,140831,0,0,2,0,60,0,30,1001,1006,2002
14083105,140831,0,0,2,0,60,0,30,1001,1006,2002
14083106,140831,0,0,2,0,60,0,30,1001,1006,2002
14083107,140831,0,0,2,0,60,0,30,1001,1006,2002
14083108,140831,0,0,2,0,60,0,30,1001,1006,2002
14083109,140831,0,0,2,0,60,0,30,1001,1006,2002
14083110,140831,0,0,2,0,60,0,30,1001,1006,2002
14083201,140832,0,0,1.5,0,40,0,0,1001,1007,3001
14083202,140832,0,0,1.5,0,40,0,0,1001,1007,3001
14083203,140832,0,0,1.5,0,40,0,0,1001,1007,3001
14083204,140832,0,0,1.5,0,40,0,0,1001,1007,3001
14083205,140832,0,0,1.5,0,40,0,0,1001,1007,3001
14083206,140832,0,0,1.5,0,40,0,0,1001,1007,3001
14083207,140832,0,0,1.5,0,40,0,0,1001,1007,3001
14083208,140832,0,0,1.5,0,40,0,0,1001,1007,3001
14083209,140832,0,0,1.5,0,40,0,0,1001,1007,3001
14083210,140832,0,0,1.5,0,40,0,0,1001,1007,3001
14083301,140833,0,0,1,0,25,0,0,1002,1007,3001
14083302,140833,0,0,1,0,25,0,0,1002,1007,3001
14083303,140833,0,0,1,0,25,0,0,1002,1007,3001
14083304,140833,0,0,1,0,25,0,0,1002,1007,3001
14083305,140833,0,0,1,0,25,0,0,1002,1007,3001
14083306,140833,0,0,1,0,25,0,0,1002,1007,3001
14083307,140833,0,0,1,0,25,0,0,1002,1007,3001
14083308,140833,0,0,1,0,25,0,0,1002,1007,3001
14083309,140833,0,0,1,0,25,0,0,1002,1007,3001
14083310,140833,0,0,1,0,25,0,0,1002,1007,3001
14101101,141011,0,0,2,0,60,0,30,1001,2003,4001
14101102,141011,0,0,2,0,60,0,30,1001,2003,4001
14101103,141011,0,0,2,0,60,0,30,1001,2003,4001
14101104,141011,0,0,2,0,60,0,30,1001,2003,4001
14101105,141011,0,0,2,0,60,0,30,1001,2003,4001
14101106,141011,0,0,2,0,60,0,30,1001,2003,4001
14101107,141011,0,0,2,0,60,0,30,1001,2003,4001
14101108,141011,0,0,2,0,60,0,30,1001,2003,4001
14101109,141011,0,0,2,0,60,0,30,1001,2003,4001
14101110,141011,0,0,2,0,60,0,30,1001,2003,4001
14101201,141012,0,0,1,0,30,0,0,3001,2010,0
14101202,141012,0,0,1,0,30,0,0,3001,2010,0
14101203,141012,0,0,1,0,30,0,0,3001,2010,0
14101204,141012,0,0,1,0,30,0,0,3001,2010,0
14101205,141012,0,0,1,0,30,0,0,3001,2010,0
14101206,141012,0,0,1,0,30,0,0,3001,2010,0
14101207,141012,0,0,1,0,30,0,0,3001,2010,0
14101208,141012,0,0,1,0,30,0,0,3001,2010,0
14101209,141012,0,0,1,0,30,0,0,3001,2010,0
14101210,141012,0,0,1,0,30,0,0,3001,2010,0
14101301,141013,0,0,1.5,0,30,0,0,1002,3001,0
14101302,141013,0,0,1.5,0,30,0,0,1002,3001,0
14101303,141013,0,0,1.5,0,30,0,0,1002,3001,0
14101304,141013,0,0,1.5,0,30,0,0,1002,3001,0
14101305,141013,0,0,1.5,0,30,0,0,1002,3001,0
14101306,141013,0,0,1.5,0,30,0,0,1002,3001,0
14101307,141013,0,0,1.5,0,30,0,0,1002,3001,0
14101308,141013,0,0,1.5,0,30,0,0,1002,3001,0
14101309,141013,0,0,1.5,0,30,0,0,1002,3001,0
14101310,141013,0,0,1.5,0,30,0,0,1002,3001,0
14140101,141401,0,0,2,0,60,0,30,1001,1006,4001
14140102,141401,0,0,2,0,60,0,30,1001,1006,4001
14140103,141401,0,0,2,0,60,0,30,1001,1006,4001
14140104,141401,0,0,2,0,60,0,30,1001,1006,4001
14140105,141401,0,0,2,0,60,0,30,1001,1006,4001
14140106,141401,0,0,2,0,60,0,30,1001,1006,4001
14140107,141401,0,0,2,0,60,0,30,1001,1006,4001
14140108,141401,0,0,2,0,60,0,30,1001,1006,4001
14140109,141401,0,0,2,0,60,0,30,1001,1006,4001
14140110,141401,0,0,2,0,60,0,30,1001,1006,4001
14140201,141402,0,0,0.5,0,45,0,0,1001,1007,2018
14140202,141402,0,0,0.5,0,45,0,0,1001,1007,2018
14140203,141402,0,0,0.5,0,45,0,0,1001,1007,2018
14140204,141402,0,0,0.5,0,45,0,0,1001,1007,2018
14140205,141402,0,0,0.5,0,45,0,0,1001,1007,2018
14140206,141402,0,0,0.5,0,45,0,0,1001,1007,2018
14140207,141402,0,0,0.5,0,45,0,0,1001,1007,2018
14140208,141402,0,0,0.5,0,45,0,0,1001,1007,2018
14140209,141402,0,0,0.5,0,45,0,0,1001,1007,2018
14140210,141402,0,0,0.5,0,45,0,0,1001,1007,2018
14140301,141403,0,0,0.5,0,30,0,0,1001,1007,3001
14140302,141403,0,0,0.5,0,30,0,0,1001,1007,3001
14140303,141403,0,0,0.5,0,30,0,0,1001,1007,3001
14140304,141403,0,0,0.5,0,30,0,0,1001,1007,3001
14140305,141403,0,0,0.5,0,30,0,0,1001,1007,3001
14140306,141403,0,0,0.5,0,30,0,0,1001,1007,3001
14140307,141403,0,0,0.5,0,30,0,0,1001,1007,3001
14140308,141403,0,0,0.5,0,30,0,0,1001,1007,3001
14140309,141403,0,0,0.5,0,30,0,0,1001,1007,3001
14140310,141403,0,0,0.5,0,30,0,0,1001,1007,3001
14205101,142051,0,0,1.5,0,50,0,25,1002,4001,0
14205102,142051,0,0,1.5,0,50,0,25,1002,4001,0
14205103,142051,0,0,1.5,0,50,0,25,1002,4001,0
14205104,142051,0,0,1.5,0,50,0,25,1002,4001,0
14205105,142051,0,0,1.5,0,50,0,25,1002,4001,0
14205106,142051,0,0,1.5,0,50,0,25,1002,4001,0
14205107,142051,0,0,1.5,0,50,0,25,1002,4001,0
14205108,142051,0,0,1.5,0,50,0,25,1002,4001,0
14205109,142051,0,0,1.5,0,50,0,25,1002,4001,0
14205110,142051,0,0,1.5,0,50,0,25,1002,4001,0
14205201,142052,0,0,1,0,35,0,0,5001,3001,0
14205202,142052,0,0,1,0,35,0,0,5001,3001,0
14205203,142052,0,0,1,0,35,0,0,5001,3001,0
14205204,142052,0,0,1,0,35,0,0,5001,3001,0
14205205,142052,0,0,1,0,35,0,0,5001,3001,0
14205206,142052,0,0,1,0,35,0,0,5001,3001,0
14205207,142052,0,0,1,0,35,0,0,5001,3001,0
14205208,142052,0,0,1,0,35,0,0,5001,3001,0
14205209,142052,0,0,1,0,35,0,0,5001,3001,0
14205210,142052,0,0,1,0,35,0,0,5001,3001,0
14205301,142053,0,0,1,0,40,0,0,1002,2010,0
14205302,142053,0,0,1,0,40,0,0,1002,2010,0
14205303,142053,0,0,1,0,40,0,0,1002,2010,0
14205304,142053,0,0,1,0,40,0,0,1002,2010,0
14205305,142053,0,0,1,0,40,0,0,1002,2010,0
14205306,142053,0,0,1,0,40,0,0,1002,2010,0
14205307,142053,0,0,1,0,40,0,0,1002,2010,0
14205308,142053,0,0,1,0,40,0,0,1002,2010,0
14205309,142053,0,0,1,0,40,0,0,1002,2010,0
14205310,142053,0,0,1,0,40,0,0,1002,2010,0
14216101,142161,0,0,2,0,50,0,30,1001,4001,0
14216102,142161,0,0,2,0,50,0,30,1001,4001,0
14216103,142161,0,0,2,0,50,0,30,1001,4001,0
14216104,142161,0,0,2,0,50,0,30,1001,4001,0
14216105,142161,0,0,2,0,50,0,30,1001,4001,0
14216106,142161,0,0,2,0,50,0,30,1001,4001,0
14216107,142161,0,0,2,0,50,0,30,1001,4001,0
14216108,142161,0,0,2,0,50,0,30,1001,4001,0
14216109,142161,0,0,2,0,50,0,30,1001,4001,0
14216110,142161,0,0,2,0,50,0,30,1001,4001,0
14216201,142162,0,0,1.5,0,40,0,0,1002,3001,0
14216202,142162,0,0,1.5,0,40,0,0,1002,3001,0
14216203,142162,0,0,1.5,0,40,0,0,1002,3001,0
14216204,142162,0,0,1.5,0,40,0,0,1002,3001,0
14216205,142162,0,0,1.5,0,40,0,0,1002,3001,0
14216206,142162,0,0,1.5,0,40,0,0,1002,3001,0
14216207,142162,0,0,1.5,0,40,0,0,1002,3001,0
14216208,142162,0,0,1.5,0,40,0,0,1002,3001,0
14216209,142162,0,0,1.5,0,40,0,0,1002,3001,0
14216210,142162,0,0,1.5,0,40,0,0,1002,3001,0
14216301,142163,0,0,1,0,25,0,0,1002,2002,2003
14216302,142163,0,0,1,0,25,0,0,1002,2002,2003
14216303,142163,0,0,1,0,25,0,0,1002,2002,2003
14216304,142163,0,0,1,0,25,0,0,1002,2002,2003
14216305,142163,0,0,1,0,25,0,0,1002,2002,2003
14216306,142163,0,0,1,0,25,0,0,1002,2002,2003
14216307,142163,0,0,1,0,25,0,0,1002,2002,2003
14216308,142163,0,0,1,0,25,0,0,1002,2002,2003
14216309,142163,0,0,1,0,25,0,0,1002,2002,2003
14216310,142163,0,0,1,0,25,0,0,1002,2002,2003
14221101,142211,0,0,2,0,45,0,22.5,1001,1006,4001
14221102,142211,0,0,2,0,45,0,22.5,1001,1006,4001
14221103,142211,0,0,2,0,45,0,22.5,1001,1006,4001
14221104,142211,0,0,2,0,45,0,22.5,1001,1006,4001
14221105,142211,0,0,2,0,45,0,22.5,1001,1006,4001
14221106,142211,0,0,2,0,45,0,22.5,1001,1006,4001
14221107,142211,0,0,2,0,45,0,22.5,1001,1006,4001
14221108,142211,0,0,2,0,45,0,22.5,1001,1006,4001
14221109,142211,0,0,2,0,45,0,22.5,1001,1006,4001
14221110,142211,0,0,2,0,45,0,22.5,1001,1006,4001
14221201,142212,0,0,1.5,0,45,0,0,1002,3001,1007
14221202,142212,0,0,1.5,0,45,0,0,1002,3001,1007
14221203,142212,0,0,1.5,0,45,0,0,1002,3001,1007
14221204,142212,0,0,1.5,0,45,0,0,1002,3001,1007
14221205,142212,0,0,1.5,0,45,0,0,1002,3001,1007
14221206,142212,0,0,1.5,0,45,0,0,1002,3001,1007
14221207,142212,0,0,1.5,0,45,0,0,1002,3001,1007
14221208,142212,0,0,1.5,0,45,0,0,1002,3001,1007
14221209,142212,0,0,1.5,0,45,0,0,1002,3001,1007
14221210,142212,0,0,1.5,0,45,0,0,1002,3001,1007
14221301,142213,0,0,0.5,0,35,0,0,1002,1007,4001
14221302,142213,0,0,0.5,0,35,0,0,1002,1007,4001
14221303,142213,0,0,0.5,0,35,0,0,1002,1007,4001
14221304,142213,0,0,0.5,0,35,0,0,1002,1007,4001
14221305,142213,0,0,0.5,0,35,0,0,1002,1007,4001
14221306,142213,0,0,0.5,0,35,0,0,1002,1007,4001
14221307,142213,0,0,0.5,0,35,0,0,1002,1007,4001
14221308,142213,0,0,0.5,0,35,0,0,1002,1007,4001
14221309,142213,0,0,0.5,0,35,0,0,1002,1007,4001
14221310,142213,0,0,0.5,0,35,0,0,1002,1007,4001
14301101,143011,0,0,2,0,50,0,25,1001,1007,0
14301102,143011,0,0,2,0,50,0,25,1001,1007,0
14301103,143011,0,0,2,0,50,0,25,1001,1007,0
14301104,143011,0,0,2,0,50,0,25,1001,1007,0
14301105,143011,0,0,2,0,50,0,25,1001,1007,0
14301106,143011,0,0,2,0,50,0,25,1001,1007,0
14301107,143011,0,0,2,0,50,0,25,1001,1007,0
14301108,143011,0,0,2,0,50,0,25,1001,1007,0
14301109,143011,0,0,2,0,50,0,25,1001,1007,0
14301110,143011,0,0,2,0,50,0,25,1001,1007,0
14301201,143012,0,0,1,0,30,0,0,1001,1005,1007
14301202,143012,0,0,1,0,30,0,0,1001,1005,1007
14301203,143012,0,0,1,0,30,0,0,1001,1005,1007
14301204,143012,0,0,1,0,30,0,0,1001,1005,1007
14301205,143012,0,0,1,0,30,0,0,1001,1005,1007
14301206,143012,0,0,1,0,30,0,0,1001,1005,1007
14301207,143012,0,0,1,0,30,0,0,1001,1005,1007
14301208,143012,0,0,1,0,30,0,0,1001,1005,1007
14301209,143012,0,0,1,0,30,0,0,1001,1005,1007
14301210,143012,0,0,1,0,30,0,0,1001,1005,1007
14301301,143013,0,0,1,0,25,0,0,1002,2003,0
14301302,143013,0,0,1,0,25,0,0,1002,2003,0
14301303,143013,0,0,1,0,25,0,0,1002,2003,0
14301304,143013,0,0,1,0,25,0,0,1002,2003,0
14301305,143013,0,0,1,0,25,0,0,1002,2003,0
14301306,143013,0,0,1,0,25,0,0,1002,2003,0
14301307,143013,0,0,1,0,25,0,0,1002,2003,0
14301308,143013,0,0,1,0,25,0,0,1002,2003,0
14301309,143013,0,0,1,0,25,0,0,1002,2003,0
14301310,143013,0,0,1,0,25,0,0,1002,2003,0
14404101,144041,0,0,2,0,60,0,30,1001,0,0
14404102,144041,0,0,2,0,60,0,30,1001,0,0
14404103,144041,0,0,2,0,60,0,30,1001,0,0
14404104,144041,0,0,2,0,60,0,30,1001,0,0
14404105,144041,0,0,2,0,60,0,30,1001,0,0
14404106,144041,0,0,2,0,60,0,30,1001,0,0
14404107,144041,0,0,2,0,60,0,30,1001,0,0
14404108,144041,0,0,2,0,60,0,30,1001,0,0
14404109,144041,0,0,2,0,60,0,30,1001,0,0
14404110,144041,0,0,2,0,60,0,30,1001,0,0
14404201,144042,0,0,1.5,0,40,0,0,1002,3001,0
14404202,144042,0,0,1.5,0,40,0,0,1002,3001,0
14404203,144042,0,0,1.5,0,40,0,0,1002,3001,0
14404204,144042,0,0,1.5,0,40,0,0,1002,3001,0
14404205,144042,0,0,1.5,0,40,0,0,1002,3001,0
14404206,144042,0,0,1.5,0,40,0,0,1002,3001,0
14404207,144042,0,0,1.5,0,40,0,0,1002,3001,0
14404208,144042,0,0,1.5,0,40,0,0,1002,3001,0
14404209,144042,0,0,1.5,0,40,0,0,1002,3001,0
14404210,144042,0,0,1.5,0,40,0,0,1002,3001,0
14404301,144043,0,0,0.5,0,20,0,0,1001,2008,0
14404302,144043,0,0,0.5,0,20,0,0,1001,2008,0
14404303,144043,0,0,0.5,0,20,0,0,1001,2008,0
14404304,144043,0,0,0.5,0,20,0,0,1001,2008,0
14404305,144043,0,0,0.5,0,20,0,0,1001,2008,0
14404306,144043,0,0,0.5,0,20,0,0,1001,2008,0
14404307,144043,0,0,0.5,0,20,0,0,1001,2008,0
14404308,144043,0,0,0.5,0,20,0,0,1001,2008,0
14404309,144043,0,0,0.5,0,20,0,0,1001,2008,0
14404310,144043,0,0,0.5,0,20,0,0,1001,2008,0
14417101,144171,0,0,1.5,0,50,0,25,1001,1006,0
14417102,144171,0,0,1.5,0,50,0,25,1001,1006,0
14417103,144171,0,0,1.5,0,50,0,25,1001,1006,0
14417104,144171,0,0,1.5,0,50,0,25,1001,1006,0
14417105,144171,0,0,1.5,0,50,0,25,1001,1006,0
14417106,144171,0,0,1.5,0,50,0,25,1001,1006,0
14417107,144171,0,0,1.5,0,50,0,25,1001,1006,0
14417108,144171,0,0,1.5,0,50,0,25,1001,1006,0
14417109,144171,0,0,1.5,0,50,0,25,1001,1006,0
14417110,144171,0,0,1.5,0,50,0,25,1001,1006,0
14417201,144172,0,0,1.5,0,40,0,0,1002,2015,0
14417202,144172,0,0,1.5,0,40,0,0,1002,2015,0
14417203,144172,0,0,1.5,0,40,0,0,1002,2015,0
14417204,144172,0,0,1.5,0,40,0,0,1002,2015,0
14417205,144172,0,0,1.5,0,40,0,0,1002,2015,0
14417206,144172,0,0,1.5,0,40,0,0,1002,2015,0
14417207,144172,0,0,1.5,0,40,0,0,1002,2015,0
14417208,144172,0,0,1.5,0,40,0,0,1002,2015,0
14417209,144172,0,0,1.5,0,40,0,0,1002,2015,0
14417210,144172,0,0,1.5,0,40,0,0,1002,2015,0
14417301,144173,0,0,1,0,25,0,0,1004,0,0
14417302,144173,0,0,1,0,25,0,0,1004,0,0
14417303,144173,0,0,1,0,25,0,0,1004,0,0
14417304,144173,0,0,1,0,25,0,0,1004,0,0
14417305,144173,0,0,1,0,25,0,0,1004,0,0
14417306,144173,0,0,1,0,25,0,0,1004,0,0
14417307,144173,0,0,1,0,25,0,0,1004,0,0
14417308,144173,0,0,1,0,25,0,0,1004,0,0
14417309,144173,0,0,1,0,25,0,0,1004,0,0
14417310,144173,0,0,1,0,25,0,0,1004,0,0
14484101,144841,0,0,2,0,60,0,30,1001,1006,2018
14484102,144841,0,0,2,0,60,0,30,1001,1006,2018
14484103,144841,0,0,2,0,60,0,30,1001,1006,2018
14484104,144841,0,0,2,0,60,0,30,1001,1006,2018
14484105,144841,0,0,2,0,60,0,30,1001,1006,2018
14484106,144841,0,0,2,0,60,0,30,1001,1006,2018
14484107,144841,0,0,2,0,60,0,30,1001,1006,2018
14484108,144841,0,0,2,0,60,0,30,1001,1006,2018
14484109,144841,0,0,2,0,60,0,30,1001,1006,2018
14484110,144841,0,0,2,0,60,0,30,1001,1006,2018
14484201,144842,0,0,0.5,0,40,0,0,1001,1006,4001
14484202,144842,0,0,0.5,0,40,0,0,1001,1006,4001
14484203,144842,0,0,0.5,0,40,0,0,1001,1006,4001
14484204,144842,0,0,0.5,0,40,0,0,1001,1006,4001
14484205,144842,0,0,0.5,0,40,0,0,1001,1006,4001
14484206,144842,0,0,0.5,0,40,0,0,1001,1006,4001
14484207,144842,0,0,0.5,0,40,0,0,1001,1006,4001
14484208,144842,0,0,0.5,0,40,0,0,1001,1006,4001
14484209,144842,0,0,0.5,0,40,0,0,1001,1006,4001
14484210,144842,0,0,0.5,0,40,0,0,1001,1006,4001
14484301,144843,0,0,0.5,0,30,0,0,1002,2002,3001
14484302,144843,0,0,0.5,0,30,0,0,1002,2002,3001
14484303,144843,0,0,0.5,0,30,0,0,1002,2002,3001
14484304,144843,0,0,0.5,0,30,0,0,1002,2002,3001
14484305,144843,0,0,0.5,0,30,0,0,1002,2002,3001
14484306,144843,0,0,0.5,0,30,0,0,1002,2002,3001
14484307,144843,0,0,0.5,0,30,0,0,1002,2002,3001
14484308,144843,0,0,0.5,0,30,0,0,1002,2002,3001
14484309,144843,0,0,0.5,0,30,0,0,1002,2002,3001
14484310,144843,0,0,0.5,0,30,0,0,1002,2002,3001
14502101,145021,0,0,2,0,50,0,25,1001,1006,1005
14502102,145021,0,0,2,0,50,0,25,1001,1006,1005
14502103,145021,0,0,2,0,50,0,25,1001,1006,1005
14502104,145021,0,0,2,0,50,0,25,1001,1006,1005
14502105,145021,0,0,2,0,50,0,25,1001,1006,1005
14502106,145021,0,0,2,0,50,0,25,1001,1006,1005
14502107,145021,0,0,2,0,50,0,25,1001,1006,1005
14502108,145021,0,0,2,0,50,0,25,1001,1006,1005
14502109,145021,0,0,2,0,50,0,25,1001,1006,1005
14502110,145021,0,0,2,0,50,0,25,1001,1006,1005
14502201,145022,0,0,1.5,0,30,0,0,1001,4001,1006
14502202,145022,0,0,1.5,0,30,0,0,1001,4001,1006
14502203,145022,0,0,1.5,0,30,0,0,1001,4001,1006
14502204,145022,0,0,1.5,0,30,0,0,1001,4001,1006
14502205,145022,0,0,1.5,0,30,0,0,1001,4001,1006
14502206,145022,0,0,1.5,0,30,0,0,1001,4001,1006
14502207,145022,0,0,1.5,0,30,0,0,1001,4001,1006
14502208,145022,0,0,1.5,0,30,0,0,1001,4001,1006
14502209,145022,0,0,1.5,0,30,0,0,1001,4001,1006
14502210,145022,0,0,1.5,0,30,0,0,1001,4001,1006
14502301,145023,0,0,1,0,30,0,0,1002,2002,1005
14502302,145023,0,0,1,0,30,0,0,1002,2002,1005
14502303,145023,0,0,1,0,30,0,0,1002,2002,1005
14502304,145023,0,0,1,0,30,0,0,1002,2002,1005
14502305,145023,0,0,1,0,30,0,0,1002,2002,1005
14502306,145023,0,0,1,0,30,0,0,1002,2002,1005
14502307,145023,0,0,1,0,30,0,0,1002,2002,1005
14502308,145023,0,0,1,0,30,0,0,1002,2002,1005
14502309,145023,0,0,1,0,30,0,0,1002,2002,1005
14502310,145023,0,0,1,0,30,0,0,1002,2002,1005
14503101,145031,0,0,2,0,50,0,25,1001,4001,0
14503102,145031,0,0,2,0,50,0,25,1001,4001,0
14503103,145031,0,0,2,0,50,0,25,1001,4001,0
14503104,145031,0,0,2,0,50,0,25,1001,4001,0
14503105,145031,0,0,2,0,50,0,25,1001,4001,0
14503106,145031,0,0,2,0,50,0,25,1001,4001,0
14503107,145031,0,0,2,0,50,0,25,1001,4001,0
14503108,145031,0,0,2,0,50,0,25,1001,4001,0
14503109,145031,0,0,2,0,50,0,25,1001,4001,0
14503110,145031,0,0,2,0,50,0,25,1001,4001,0
14503201,145032,0,0,1,0,35,0,0,1002,4001,0
14503202,145032,0,0,1,0,35,0,0,1002,4001,0
14503203,145032,0,0,1,0,35,0,0,1002,4001,0
14503204,145032,0,0,1,0,35,0,0,1002,4001,0
14503205,145032,0,0,1,0,35,0,0,1002,4001,0
14503206,145032,0,0,1,0,35,0,0,1002,4001,0
14503207,145032,0,0,1,0,35,0,0,1002,4001,0
14503208,145032,0,0,1,0,35,0,0,1002,4001,0
14503209,145032,0,0,1,0,35,0,0,1002,4001,0
14503210,145032,0,0,1,0,35,0,0,1002,4001,0
14503301,145033,0,0,1.5,0,35,0,0,1002,2003,0
14503302,145033,0,0,1.5,0,35,0,0,1002,2003,0
14503303,145033,0,0,1.5,0,35,0,0,1002,2003,0
14503304,145033,0,0,1.5,0,35,0,0,1002,2003,0
14503305,145033,0,0,1.5,0,35,0,0,1002,2003,0
14503306,145033,0,0,1.5,0,35,0,0,1002,2003,0
14503307,145033,0,0,1.5,0,35,0,0,1002,2003,0
14503308,145033,0,0,1.5,0,35,0,0,1002,2003,0
14503309,145033,0,0,1.5,0,35,0,0,1002,2003,0
14503310,145033,0,0,1.5,0,35,0,0,1002,2003,0
14507101,145071,0,0,1.5,0,55,0,27.5,1001,3003,0
14507102,145071,0,0,1.5,0,55,0,27.5,1001,3003,0
14507103,145071,0,0,1.5,0,55,0,27.5,1001,3003,0
14507104,145071,0,0,1.5,0,55,0,27.5,1001,3003,0
14507105,145071,0,0,1.5,0,55,0,27.5,1001,3003,0
14507106,145071,0,0,1.5,0,55,0,27.5,1001,3003,0
14507107,145071,0,0,1.5,0,55,0,27.5,1001,3003,0
14507108,145071,0,0,1.5,0,55,0,27.5,1001,3003,0
14507109,145071,0,0,1.5,0,55,0,27.5,1001,3003,0
14507110,145071,0,0,1.5,0,55,0,27.5,1001,3003,0
14507201,145072,0,0,1,0,30,0,0,1001,3001,0
14507202,145072,0,0,1,0,30,0,0,1001,3001,0
14507203,145072,0,0,1,0,30,0,0,1001,3001,0
14507204,145072,0,0,1,0,30,0,0,1001,3001,0
14507205,145072,0,0,1,0,30,0,0,1001,3001,0
14507206,145072,0,0,1,0,30,0,0,1001,3001,0
14507207,145072,0,0,1,0,30,0,0,1001,3001,0
14507208,145072,0,0,1,0,30,0,0,1001,3001,0
14507209,145072,0,0,1,0,30,0,0,1001,3001,0
14507210,145072,0,0,1,0,30,0,0,1001,3001,0
14507301,145073,0,0,0.5,0,40,0,0,1002,2016,0
14507302,145073,0,0,0.5,0,40,0,0,1002,2016,0
14507303,145073,0,0,0.5,0,40,0,0,1002,2016,0
14507304,145073,0,0,0.5,0,40,0,0,1002,2016,0
14507305,145073,0,0,0.5,0,40,0,0,1002,2016,0
14507306,145073,0,0,0.5,0,40,0,0,1002,2016,0
14507307,145073,0,0,0.5,0,40,0,0,1002,2016,0
14507308,145073,0,0,0.5,0,40,0,0,1002,2016,0
14507309,145073,0,0,0.5,0,40,0,0,1002,2016,0
14507310,145073,0,0,0.5,0,40,0,0,1002,2016,0
14517101,145171,0,0,2,0,50,0,25,1001,3001,0
14517102,145171,0,0,2,0,50,0,25,1001,3001,0
14517103,145171,0,0,2,0,50,0,25,1001,3001,0
14517104,145171,0,0,2,0,50,0,25,1001,3001,0
14517105,145171,0,0,2,0,50,0,25,1001,3001,0
14517106,145171,0,0,2,0,50,0,25,1001,3001,0
14517107,145171,0,0,2,0,50,0,25,1001,3001,0
14517108,145171,0,0,2,0,50,0,25,1001,3001,0
14517109,145171,0,0,2,0,50,0,25,1001,3001,0
14517110,145171,0,0,2,0,50,0,25,1001,3001,0
14517201,145172,0,0,1.5,0,35,0,0,1001,1007,0
14517202,145172,0,0,1.5,0,35,0,0,1001,1007,0
14517203,145172,0,0,1.5,0,35,0,0,1001,1007,0
14517204,145172,0,0,1.5,0,35,0,0,1001,1007,0
14517205,145172,0,0,1.5,0,35,0,0,1001,1007,0
14517206,145172,0,0,1.5,0,35,0,0,1001,1007,0
14517207,145172,0,0,1.5,0,35,0,0,1001,1007,0
14517208,145172,0,0,1.5,0,35,0,0,1001,1007,0
14517209,145172,0,0,1.5,0,35,0,0,1001,1007,0
14517210,145172,0,0,1.5,0,35,0,0,1001,1007,0
14517301,145173,0,0,1,0,25,0,0,1002,1007,4001
14517302,145173,0,0,1,0,25,0,0,1002,1007,4001
14517303,145173,0,0,1,0,25,0,0,1002,1007,4001
14517304,145173,0,0,1,0,25,0,0,1002,1007,4001
14517305,145173,0,0,1,0,25,0,0,1002,1007,4001
14517306,145173,0,0,1,0,25,0,0,1002,1007,4001
14517307,145173,0,0,1,0,25,0,0,1002,1007,4001
14517308,145173,0,0,1,0,25,0,0,1002,1007,4001
14517309,145173,0,0,1,0,25,0,0,1002,1007,4001
14517310,145173,0,0,1,0,25,0,0,1002,1007,4001
14602101,146021,0,0,2,0,50,0,25,1001,3001,0
14602102,146021,0,0,2,0,50,0,25,1001,3001,0
14602103,146021,0,0,2,0,50,0,25,1001,3001,0
14602104,146021,0,0,2,0,50,0,25,1001,3001,0
14602105,146021,0,0,2,0,50,0,25,1001,3001,0
14602106,146021,0,0,2,0,50,0,25,1001,3001,0
14602107,146021,0,0,2,0,50,0,25,1001,3001,0
14602108,146021,0,0,2,0,50,0,25,1001,3001,0
14602109,146021,0,0,2,0,50,0,25,1001,3001,0
14602110,146021,0,0,2,0,50,0,25,1001,3001,0
14602201,146022,0,0,1.5,0,40,0,0,1002,2003,0
14602202,146022,0,0,1.5,0,40,0,0,1002,2003,0
14602203,146022,0,0,1.5,0,40,0,0,1002,2003,0
14602204,146022,0,0,1.5,0,40,0,0,1002,2003,0
14602205,146022,0,0,1.5,0,40,0,0,1002,2003,0
14602206,146022,0,0,1.5,0,40,0,0,1002,2003,0
14602207,146022,0,0,1.5,0,40,0,0,1002,2003,0
14602208,146022,0,0,1.5,0,40,0,0,1002,2003,0
14602209,146022,0,0,1.5,0,40,0,0,1002,2003,0
14602210,146022,0,0,1.5,0,40,0,0,1002,2003,0
14602301,146023,0,0,1,0,30,0,0,1002,2002,3001
14602302,146023,0,0,1,0,30,0,0,1002,2002,3001
14602303,146023,0,0,1,0,30,0,0,1002,2002,3001
14602304,146023,0,0,1,0,30,0,0,1002,2002,3001
14602305,146023,0,0,1,0,30,0,0,1002,2002,3001
14602306,146023,0,0,1,0,30,0,0,1002,2002,3001
14602307,146023,0,0,1,0,30,0,0,1002,2002,3001
14602308,146023,0,0,1,0,30,0,0,1002,2002,3001
14602309,146023,0,0,1,0,30,0,0,1002,2002,3001
14602310,146023,0,0,1,0,30,0,0,1002,2002,3001
14606101,146061,0,0,2,0,60,0,30,1001,1006,3001
14606102,146061,0,0,2,0,60,0,30,1001,1006,3001
14606103,146061,0,0,2,0,60,0,30,1001,1006,3001
14606104,146061,0,0,2,0,60,0,30,1001,1006,3001
14606105,146061,0,0,2,0,60,0,30,1001,1006,3001
14606106,146061,0,0,2,0,60,0,30,1001,1006,3001
14606107,146061,0,0,2,0,60,0,30,1001,1006,3001
14606108,146061,0,0,2,0,60,0,30,1001,1006,3001
14606109,146061,0,0,2,0,60,0,30,1001,1006,3001
14606110,146061,0,0,2,0,60,0,30,1001,1006,3001
14606201,146062,0,0,1.5,0,40,0,0,1001,3001,2002
14606202,146062,0,0,1.5,0,40,0,0,1001,3001,2002
14606203,146062,0,0,1.5,0,40,0,0,1001,3001,2002
14606204,146062,0,0,1.5,0,40,0,0,1001,3001,2002
14606205,146062,0,0,1.5,0,40,0,0,1001,3001,2002
14606206,146062,0,0,1.5,0,40,0,0,1001,3001,2002
14606207,146062,0,0,1.5,0,40,0,0,1001,3001,2002
14606208,146062,0,0,1.5,0,40,0,0,1001,3001,2002
14606209,146062,0,0,1.5,0,40,0,0,1001,3001,2002
14606210,146062,0,0,1.5,0,40,0,0,1001,3001,2002
14606301,146063,0,0,1.5,0,20,0,0,1003,3001,0
14606302,146063,0,0,1.5,0,20,0,0,1003,3001,0
14606303,146063,0,0,1.5,0,20,0,0,1003,3001,0
14606304,146063,0,0,1.5,0,20,0,0,1003,3001,0
14606305,146063,0,0,1.5,0,20,0,0,1003,3001,0
14606306,146063,0,0,1.5,0,20,0,0,1003,3001,0
14606307,146063,0,0,1.5,0,20,0,0,1003,3001,0
14606308,146063,0,0,1.5,0,20,0,0,1003,3001,0
14606309,146063,0,0,1.5,0,20,0,0,1003,3001,0
14606310,146063,0,0,1.5,0,20,0,0,1003,3001,0
14644101,146441,0,0,2,0,60,0,30,1001,0,0
14644102,146441,0,0,2,0,60,0,30,1001,0,0
14644103,146441,0,0,2,0,60,0,30,1001,0,0
14644104,146441,0,0,2,0,60,0,30,1001,0,0
14644105,146441,0,0,2,0,60,0,30,1001,0,0
14644106,146441,0,0,2,0,60,0,30,1001,0,0
14644107,146441,0,0,2,0,60,0,30,1001,0,0
14644108,146441,0,0,2,0,60,0,30,1001,0,0
14644109,146441,0,0,2,0,60,0,30,1001,0,0
14644110,146441,0,0,2,0,60,0,30,1001,0,0
14644201,146442,0,0,1.5,0,25,0,0,1001,0,0
14644202,146442,0,0,1.5,0,25,0,0,1001,0,0
14644203,146442,0,0,1.5,0,25,0,0,1001,0,0
14644204,146442,0,0,1.5,0,25,0,0,1001,0,0
14644205,146442,0,0,1.5,0,25,0,0,1001,0,0
14644206,146442,0,0,1.5,0,25,0,0,1001,0,0
14644207,146442,0,0,1.5,0,25,0,0,1001,0,0
14644208,146442,0,0,1.5,0,25,0,0,1001,0,0
14644209,146442,0,0,1.5,0,25,0,0,1001,0,0
14644210,146442,0,0,1.5,0,25,0,0,1001,0,0
14644301,146443,0,0,1,0,25,0,0,1002,0,0
14644302,146443,0,0,1,0,25,0,0,1002,0,0
14644303,146443,0,0,1,0,25,0,0,1002,0,0
14644304,146443,0,0,1,0,25,0,0,1002,0,0
14644305,146443,0,0,1,0,25,0,0,1002,0,0
14644306,146443,0,0,1,0,25,0,0,1002,0,0
14644307,146443,0,0,1,0,25,0,0,1002,0,0
14644308,146443,0,0,1,0,25,0,0,1002,0,0
14644309,146443,0,0,1,0,25,0,0,1002,0,0
14644310,146443,0,0,1,0,25,0,0,1002,0,0
14704101,147041,0,0,2,0,50,0,25,1001,3002,0
14704102,147041,0,0,2,0,50,0,25,1001,3002,0
14704103,147041,0,0,2,0,50,0,25,1001,3002,0
14704104,147041,0,0,2,0,50,0,25,1001,3002,0
14704105,147041,0,0,2,0,50,0,25,1001,3002,0
14704106,147041,0,0,2,0,50,0,25,1001,3002,0
14704107,147041,0,0,2,0,50,0,25,1001,3002,0
14704108,147041,0,0,2,0,50,0,25,1001,3002,0
14704109,147041,0,0,2,0,50,0,25,1001,3002,0
14704110,147041,0,0,2,0,50,0,25,1001,3002,0
14704201,147042,0,0,1.5,0,35,0,0,1001,3001,0
14704202,147042,0,0,1.5,0,35,0,0,1001,3001,0
14704203,147042,0,0,1.5,0,35,0,0,1001,3001,0
14704204,147042,0,0,1.5,0,35,0,0,1001,3001,0
14704205,147042,0,0,1.5,0,35,0,0,1001,3001,0
14704206,147042,0,0,1.5,0,35,0,0,1001,3001,0
14704207,147042,0,0,1.5,0,35,0,0,1001,3001,0
14704208,147042,0,0,1.5,0,35,0,0,1001,3001,0
14704209,147042,0,0,1.5,0,35,0,0,1001,3001,0
14704210,147042,0,0,1.5,0,35,0,0,1001,3001,0
14704301,147043,0,0,1,0,40,0,0,1002,2018,3001
14704302,147043,0,0,1,0,40,0,0,1002,2018,3001
14704303,147043,0,0,1,0,40,0,0,1002,2018,3001
14704304,147043,0,0,1,0,40,0,0,1002,2018,3001
14704305,147043,0,0,1,0,40,0,0,1002,2018,3001
14704306,147043,0,0,1,0,40,0,0,1002,2018,3001
14704307,147043,0,0,1,0,40,0,0,1002,2018,3001
14704308,147043,0,0,1,0,40,0,0,1002,2018,3001
14704309,147043,0,0,1,0,40,0,0,1002,2018,3001
14704310,147043,0,0,1,0,40,0,0,1002,2018,3001
14805101,148051,0,0,2,0,60,0,30,1001,1005,1006
14805102,148051,0,0,2,0,60,0,30,1001,1005,1006
14805103,148051,0,0,2,0,60,0,30,1001,1005,1006
14805104,148051,0,0,2,0,60,0,30,1001,1005,1006
14805105,148051,0,0,2,0,60,0,30,1001,1005,1006
14805106,148051,0,0,2,0,60,0,30,1001,1005,1006
14805107,148051,0,0,2,0,60,0,30,1001,1005,1006
14805108,148051,0,0,2,0,60,0,30,1001,1005,1006
14805109,148051,0,0,2,0,60,0,30,1001,1005,1006
14805110,148051,0,0,2,0,60,0,30,1001,1005,1006
14805201,148052,0,0,1.5,0,40,0,0,1002,1005,3001
14805202,148052,0,0,1.5,0,40,0,0,1002,1005,3001
14805203,148052,0,0,1.5,0,40,0,0,1002,1005,3001
14805204,148052,0,0,1.5,0,40,0,0,1002,1005,3001
14805205,148052,0,0,1.5,0,40,0,0,1002,1005,3001
14805206,148052,0,0,1.5,0,40,0,0,1002,1005,3001
14805207,148052,0,0,1.5,0,40,0,0,1002,1005,3001
14805208,148052,0,0,1.5,0,40,0,0,1002,1005,3001
14805209,148052,0,0,1.5,0,40,0,0,1002,1005,3001
14805210,148052,0,0,1.5,0,40,0,0,1002,1005,3001
14805301,148053,0,0,0.25,0,25,0,0,1002,1005,3001
14805302,148053,0,0,0.25,0,25,0,0,1002,1005,3001
14805303,148053,0,0,0.25,0,25,0,0,1002,1005,3001
14805304,148053,0,0,0.25,0,25,0,0,1002,1005,3001
14805305,148053,0,0,0.25,0,25,0,0,1002,1005,3001
14805306,148053,0,0,0.25,0,25,0,0,1002,1005,3001
14805307,148053,0,0,0.25,0,25,0,0,1002,1005,3001
14805308,148053,0,0,0.25,0,25,0,0,1002,1005,3001
14805309,148053,0,0,0.25,0,25,0,0,1002,1005,3001
14805310,148053,0,0,0.25,0,25,0,0,1002,1005,3001
14918101,149181,0,0,2,0,50,0,25,1001,2016,0
14918102,149181,0,0,2,0,50,0,25,1001,2016,0
14918103,149181,0,0,2,0,50,0,25,1001,2016,0
14918104,149181,0,0,2,0,50,0,25,1001,2016,0
14918105,149181,0,0,2,0,50,0,25,1001,2016,0
14918106,149181,0,0,2,0,50,0,25,1001,2016,0
14918107,149181,0,0,2,0,50,0,25,1001,2016,0
14918108,149181,0,0,2,0,50,0,25,1001,2016,0
14918109,149181,0,0,2,0,50,0,25,1001,2016,0
14918110,149181,0,0,2,0,50,0,25,1001,2016,0
14918201,149182,0,0,0.5,0,70,0,0,2007,2013,0
14918202,149182,0,0,0.5,0,67,0,0,2007,2013,0
14918203,149182,0,0,0.5,0,64,0,0,2007,2013,0
14918204,149182,0,0,0.5,0,61,0,0,2007,2013,0
14918205,149182,0,0,0.5,0,58,0,0,2007,2013,0
14918206,149182,0,0,0.5,0,56,0,0,2007,2013,0
14918207,149182,0,0,0.5,0,53,0,0,2007,2013,0
14918208,149182,0,0,0.5,0,50,0,0,2007,2013,0
14918209,149182,0,0,0.5,0,47,0,0,2007,2013,0
14918210,149182,0,0,0.5,0,45,0,0,2007,2013,0
14918301,149183,0,0,1,0,40,0,0,1001,2010,0
14918302,149183,0,0,1,0,40,0,0,1001,2010,0
14918303,149183,0,0,1,0,40,0,0,1001,2010,0
14918304,149183,0,0,1,0,40,0,0,1001,2010,0
14918305,149183,0,0,1,0,40,0,0,1001,2010,0
14918306,149183,0,0,1,0,40,0,0,1001,2010,0
14918307,149183,0,0,1,0,40,0,0,1001,2010,0
14918308,149183,0,0,1,0,40,0,0,1001,2010,0
14918309,149183,0,0,1,0,40,0,0,1001,2010,0
14918310,149183,0,0,1,0,40,0,0,1001,2010,0
15003101,150031,0,0,2,0,60,0,30,1001,1006,4001
15003102,150031,0,0,2,0,60,0,30,1001,1006,4001
15003103,150031,0,0,2,0,60,0,30,1001,1006,4001
15003104,150031,0,0,2,0,60,0,30,1001,1006,4001
15003105,150031,0,0,2,0,60,0,30,1001,1006,4001
15003106,150031,0,0,2,0,60,0,30,1001,1006,4001
15003107,150031,0,0,2,0,60,0,30,1001,1006,4001
15003108,150031,0,0,2,0,60,0,30,1001,1006,4001
15003109,150031,0,0,2,0,60,0,30,1001,1006,4001
15003110,150031,0,0,2,0,60,0,30,1001,1006,4001
15003201,150032,0,0,0.5,0,35,0,0,1002,1006,4001
15003202,150032,0,0,0.5,0,35,0,0,1002,1006,4001
15003203,150032,0,0,0.5,0,35,0,0,1002,1006,4001
15003204,150032,0,0,0.5,0,35,0,0,1002,1006,4001
15003205,150032,0,0,0.5,0,35,0,0,1002,1006,4001
15003206,150032,0,0,0.5,0,35,0,0,1002,1006,4001
15003207,150032,0,0,0.5,0,35,0,0,1002,1006,4001
15003208,150032,0,0,0.5,0,35,0,0,1002,1006,4001
15003209,150032,0,0,0.5,0,35,0,0,1002,1006,4001
15003210,150032,0,0,0.5,0,35,0,0,1002,1006,4001
15003301,150033,0,0,1,0,25,0,0,1002,1006,0
15003302,150033,0,0,1,0,25,0,0,1002,1006,0
15003303,150033,0,0,1,0,25,0,0,1002,1006,0
15003304,150033,0,0,1,0,25,0,0,1002,1006,0
15003305,150033,0,0,1,0,25,0,0,1002,1006,0
15003306,150033,0,0,1,0,25,0,0,1002,1006,0
15003307,150033,0,0,1,0,25,0,0,1002,1006,0
15003308,150033,0,0,1,0,25,0,0,1002,1006,0
15003309,150033,0,0,1,0,25,0,0,1002,1006,0
15003310,150033,0,0,1,0,25,0,0,1002,1006,0
15006101,150061,0,0,2,0,60,0,30,1001,5006,3003
15006102,150061,0,0,2,0,60,0,30,1001,5006,3003
15006103,150061,0,0,2,0,60,0,30,1001,5006,3003
15006104,150061,0,0,2,0,60,0,30,1001,5006,3003
15006105,150061,0,0,2,0,60,0,30,1001,5006,3003
15006106,150061,0,0,2,0,60,0,30,1001,5006,3003
15006107,150061,0,0,2,0,60,0,30,1001,5006,3003
15006108,150061,0,0,2,0,60,0,30,1001,5006,3003
15006109,150061,0,0,2,0,60,0,30,1001,5006,3003
15006110,150061,0,0,2,0,60,0,30,1001,5006,3003
15006201,150062,0,0,1.5,0,25,0,0,5002,3001,0
15006202,150062,0,0,1.5,0,25,0,0,5002,3001,0
15006203,150062,0,0,1.5,0,25,0,0,5002,3001,0
15006204,150062,0,0,1.5,0,25,0,0,5002,3001,0
15006205,150062,0,0,1.5,0,25,0,0,5002,3001,0
15006206,150062,0,0,1.5,0,25,0,0,5002,3001,0
15006207,150062,0,0,1.5,0,25,0,0,5002,3001,0
15006208,150062,0,0,1.5,0,25,0,0,5002,3001,0
15006209,150062,0,0,1.5,0,25,0,0,5002,3001,0
15006210,150062,0,0,1.5,0,25,0,0,5002,3001,0
15006301,150063,0,0,0.5,0,60,0,0,5005,3001,0
15006302,150063,0,0,0.5,0,58.33,0,0,5005,3001,0
15006303,150063,0,0,0.5,0,56.67,0,0,5005,3001,0
15006304,150063,0,0,0.5,0,55,0,0,5005,3001,0
15006305,150063,0,0,0.5,0,53.33,0,0,5005,3001,0
15006306,150063,0,0,0.5,0,51.67,0,0,5005,3001,0
15006307,150063,0,0,0.5,0,50,0,0,5005,3001,0
15006308,150063,0,0,0.5,0,48.33,0,0,5005,3001,0
15006309,150063,0,0,0.5,0,46.67,0,0,5005,3001,0
15006310,150063,0,0,0.5,0,45,0,0,5005,3001,0
15117101,151171,0,0,2,0,50,0,25,1001,1006,0
15117102,151171,0,0,2,0,50,0,25,1001,1006,0
15117103,151171,0,0,2,0,50,0,25,1001,1006,0
15117104,151171,0,0,2,0,50,0,25,1001,1006,0
15117105,151171,0,0,2,0,50,0,25,1001,1006,0
15117106,151171,0,0,2,0,50,0,25,1001,1006,0
15117107,151171,0,0,2,0,50,0,25,1001,1006,0
15117108,151171,0,0,2,0,50,0,25,1001,1006,0
15117109,151171,0,0,2,0,50,0,25,1001,1006,0
15117110,151171,0,0,2,0,50,0,25,1001,1006,0
15117201,151172,0,0,1.5,0,30,0,0,1002,3001,0
15117202,151172,0,0,1.5,0,30,0,0,1002,3001,0
15117203,151172,0,0,1.5,0,30,0,0,1002,3001,0
15117204,151172,0,0,1.5,0,30,0,0,1002,3001,0
15117205,151172,0,0,1.5,0,30,0,0,1002,3001,0
15117206,151172,0,0,1.5,0,30,0,0,1002,3001,0
15117207,151172,0,0,1.5,0,30,0,0,1002,3001,0
15117208,151172,0,0,1.5,0,30,0,0,1002,3001,0
15117209,151172,0,0,1.5,0,30,0,0,1002,3001,0
15117210,151172,0,0,1.5,0,30,0,0,1002,3001,0
15117301,151173,0,0,0.5,0,45,0,0,1002,1006,2008
15117302,151173,0,0,0.5,0,45,0,0,1002,1006,2008
15117303,151173,0,0,0.5,0,45,0,0,1002,1006,2008
15117304,151173,0,0,0.5,0,45,0,0,1002,1006,2008
15117305,151173,0,0,0.5,0,45,0,0,1002,1006,2008
15117306,151173,0,0,0.5,0,45,0,0,1002,1006,2008
15117307,151173,0,0,0.5,0,45,0,0,1002,1006,2008
15117308,151173,0,0,0.5,0,45,0,0,1002,1006,2008
15117309,151173,0,0,0.5,0,45,0,0,1002,1006,2008
15117310,151173,0,0,0.5,0,45,0,0,1002,1006,2008
15118101,151181,0,0,1,0,50,0,25,1001,1006,2008
15118102,151181,0,0,1,0,50,0,25,1001,1006,2008
15118103,151181,0,0,1,0,50,0,25,1001,1006,2008
15118104,151181,0,0,1,0,50,0,25,1001,1006,2008
15118105,151181,0,0,1,0,50,0,25,1001,1006,2008
15118106,151181,0,0,1,0,50,0,25,1001,1006,2008
15118107,151181,0,0,1,0,50,0,25,1001,1006,2008
15118108,151181,0,0,1,0,50,0,25,1001,1006,2008
15118109,151181,0,0,1,0,50,0,25,1001,1006,2008
15118110,151181,0,0,1,0,50,0,25,1001,1006,2008
15118201,151182,0,0,1,0,30,0,0,3001,1001,2002
15118202,151182,0,0,1,0,30,0,0,3001,1001,2002
15118203,151182,0,0,1,0,30,0,0,3001,1001,2002
15118204,151182,0,0,1,0,30,0,0,3001,1001,2002
15118205,151182,0,0,1,0,30,0,0,3001,1001,2002
15118206,151182,0,0,1,0,30,0,0,3001,1001,2002
15118207,151182,0,0,1,0,30,0,0,3001,1001,2002
15118208,151182,0,0,1,0,30,0,0,3001,1001,2002
15118209,151182,0,0,1,0,30,0,0,3001,1001,2002
15118210,151182,0,0,1,0,30,0,0,3001,1001,2002
15118301,151183,0,0,0.5,0,40,0,0,1001,2016,0
15118302,151183,0,0,0.5,0,40,0,0,1001,2016,0
15118303,151183,0,0,0.5,0,40,0,0,1001,2016,0
15118304,151183,0,0,0.5,0,40,0,0,1001,2016,0
15118305,151183,0,0,0.5,0,40,0,0,1001,2016,0
15118306,151183,0,0,0.5,0,40,0,0,1001,2016,0
15118307,151183,0,0,0.5,0,40,0,0,1001,2016,0
15118308,151183,0,0,0.5,0,40,0,0,1001,2016,0
15118309,151183,0,0,0.5,0,40,0,0,1001,2016,0
15118310,151183,0,0,0.5,0,40,0,0,1001,2016,0
15203101,152031,0,0,2,0,50,0,25,1004,3001,0
15203102,152031,0,0,2,0,50,0,25,1004,3001,0
15203103,152031,0,0,2,0,50,0,25,1004,3001,0
15203104,152031,0,0,2,0,50,0,25,1004,3001,0
15203105,152031,0,0,2,0,50,0,25,1004,3001,0
15203106,152031,0,0,2,0,50,0,25,1004,3001,0
15203107,152031,0,0,2,0,50,0,25,1004,3001,0
15203108,152031,0,0,2,0,50,0,25,1004,3001,0
15203109,152031,0,0,2,0,50,0,25,1004,3001,0
15203110,152031,0,0,2,0,50,0,25,1004,3001,0
15203201,152032,0,0,1.5,0,40,0,0,1002,2003,3001
15203202,152032,0,0,1.5,0,40,0,0,1002,2003,3001
15203203,152032,0,0,1.5,0,40,0,0,1002,2003,3001
15203204,152032,0,0,1.5,0,40,0,0,1002,2003,3001
15203205,152032,0,0,1.5,0,40,0,0,1002,2003,3001
15203206,152032,0,0,1.5,0,40,0,0,1002,2003,3001
15203207,152032,0,0,1.5,0,40,0,0,1002,2003,3001
15203208,152032,0,0,1.5,0,40,0,0,1002,2003,3001
15203209,152032,0,0,1.5,0,40,0,0,1002,2003,3001
15203210,152032,0,0,1.5,0,40,0,0,1002,2003,3001
15203301,152033,0,0,1,0,30,0,0,1004,2002,2003
15203302,152033,0,0,1,0,30,0,0,1004,2002,2003
15203303,152033,0,0,1,0,30,0,0,1004,2002,2003
15203304,152033,0,0,1,0,30,0,0,1004,2002,2003
15203305,152033,0,0,1,0,30,0,0,1004,2002,2003
15203306,152033,0,0,1,0,30,0,0,1004,2002,2003
15203307,152033,0,0,1,0,30,0,0,1004,2002,2003
15203308,152033,0,0,1,0,30,0,0,1004,2002,2003
15203309,152033,0,0,1,0,30,0,0,1004,2002,2003
15203310,152033,0,0,1,0,30,0,0,1004,2002,2003
15283101,152831,0,0,2,0,40,0,20,1001,4001,2003
15283102,152831,0,0,2,0,40,0,20,1001,4001,2003
15283103,152831,0,0,2,0,40,0,20,1001,4001,2003
15283104,152831,0,0,2,0,40,0,20,1001,4001,2003
15283105,152831,0,0,2,0,40,0,20,1001,4001,2003
15283106,152831,0,0,2,0,40,0,20,1001,4001,2003
15283107,152831,0,0,2,0,40,0,20,1001,4001,2003
15283108,152831,0,0,2,0,40,0,20,1001,4001,2003
15283109,152831,0,0,2,0,40,0,20,1001,4001,2003
15283110,152831,0,0,2,0,40,0,20,1001,4001,2003
15283201,152832,0,0,1,0,30,0,0,1001,2015,0
15283202,152832,0,0,1,0,30,0,0,1001,2015,0
15283203,152832,0,0,1,0,30,0,0,1001,2015,0
15283204,152832,0,0,1,0,30,0,0,1001,2015,0
15283205,152832,0,0,1,0,30,0,0,1001,2015,0
15283206,152832,0,0,1,0,30,0,0,1001,2015,0
15283207,152832,0,0,1,0,30,0,0,1001,2015,0
15283208,152832,0,0,1,0,30,0,0,1001,2015,0
15283209,152832,0,0,1,0,30,0,0,1001,2015,0
15283210,152832,0,0,1,0,30,0,0,1001,2015,0
15283301,152833,0,0,0.5,0,30,0,0,1001,2003,3002
15283302,152833,0,0,0.5,0,30,0,0,1001,2003,3002
15283303,152833,0,0,0.5,0,30,0,0,1001,2003,3002
15283304,152833,0,0,0.5,0,30,0,0,1001,2003,3002
15283305,152833,0,0,0.5,0,30,0,0,1001,2003,3002
15283306,152833,0,0,0.5,0,30,0,0,1001,2003,3002
15283307,152833,0,0,0.5,0,30,0,0,1001,2003,3002
15283308,152833,0,0,0.5,0,30,0,0,1001,2003,3002
15283309,152833,0,0,0.5,0,30,0,0,1001,2003,3002
15283310,152833,0,0,0.5,0,30,0,0,1001,2003,3002
15301101,153011,0,0,2,0,50,0,25,1001,4001,0
15301102,153011,0,0,2,0,50,0,25,1001,4001,0
15301103,153011,0,0,2,0,50,0,25,1001,4001,0
15301104,153011,0,0,2,0,50,0,25,1001,4001,0
15301105,153011,0,0,2,0,50,0,25,1001,4001,0
15301106,153011,0,0,2,0,50,0,25,1001,4001,0
15301107,153011,0,0,2,0,50,0,25,1001,4001,0
15301108,153011,0,0,2,0,50,0,25,1001,4001,0
15301109,153011,0,0,2,0,50,0,25,1001,4001,0
15301110,153011,0,0,2,0,50,0,25,1001,4001,0
15301201,153012,0,0,1,0,40,0,0,1002,4001,2015
15301202,153012,0,0,1,0,40,0,0,1002,4001,2015
15301203,153012,0,0,1,0,40,0,0,1002,4001,2015
15301204,153012,0,0,1,0,40,0,0,1002,4001,2015
15301205,153012,0,0,1,0,40,0,0,1002,4001,2015
15301206,153012,0,0,1,0,40,0,0,1002,4001,2015
15301207,153012,0,0,1,0,40,0,0,1002,4001,2015
15301208,153012,0,0,1,0,40,0,0,1002,4001,2015
15301209,153012,0,0,1,0,40,0,0,1002,4001,2015
15301210,153012,0,0,1,0,40,0,0,1002,4001,2015
15301301,153013,0,0,1.5,0,40,0,0,1001,3001,0
15301302,153013,0,0,1.5,0,40,0,0,1001,3001,0
15301303,153013,0,0,1.5,0,40,0,0,1001,3001,0
15301304,153013,0,0,1.5,0,40,0,0,1001,3001,0
15301305,153013,0,0,1.5,0,40,0,0,1001,3001,0
15301306,153013,0,0,1.5,0,40,0,0,1001,3001,0
15301307,153013,0,0,1.5,0,40,0,0,1001,3001,0
15301308,153013,0,0,1.5,0,40,0,0,1001,3001,0
15301309,153013,0,0,1.5,0,40,0,0,1001,3001,0
15301310,153013,0,0,1.5,0,40,0,0,1001,3001,0
15302101,153021,0,0,1.5,0,45,0,22.5,1001,1006,0
15302102,153021,0,0,1.5,0,45,0,22.5,1001,1006,0
15302103,153021,0,0,1.5,0,45,0,22.5,1001,1006,0
15302104,153021,0,0,1.5,0,45,0,22.5,1001,1006,0
15302105,153021,0,0,1.5,0,45,0,22.5,1001,1006,0
15302106,153021,0,0,1.5,0,45,0,22.5,1001,1006,0
15302107,153021,0,0,1.5,0,45,0,22.5,1001,1006,0
15302108,153021,0,0,1.5,0,45,0,22.5,1001,1006,0
15302109,153021,0,0,1.5,0,45,0,22.5,1001,1006,0
15302110,153021,0,0,1.5,0,45,0,22.5,1001,1006,0
15302201,153022,0,0,1,0,25,0,0,1002,1007,4001
15302202,153022,0,0,1,0,25,0,0,1002,1007,4001
15302203,153022,0,0,1,0,25,0,0,1002,1007,4001
15302204,153022,0,0,1,0,25,0,0,1002,1007,4001
15302205,153022,0,0,1,0,25,0,0,1002,1007,4001
15302206,153022,0,0,1,0,25,0,0,1002,1007,4001
15302207,153022,0,0,1,0,25,0,0,1002,1007,4001
15302208,153022,0,0,1,0,25,0,0,1002,1007,4001
15302209,153022,0,0,1,0,25,0,0,1002,1007,4001
15302210,153022,0,0,1,0,25,0,0,1002,1007,4001
15302301,153023,0,0,1.5,0,35,0,0,1001,1007,1005
15302302,153023,0,0,1.5,0,35,0,0,1001,1007,1005
15302303,153023,0,0,1.5,0,35,0,0,1001,1007,1005
15302304,153023,0,0,1.5,0,35,0,0,1001,1007,1005
15302305,153023,0,0,1.5,0,35,0,0,1001,1007,1005
15302306,153023,0,0,1.5,0,35,0,0,1001,1007,1005
15302307,153023,0,0,1.5,0,35,0,0,1001,1007,1005
15302308,153023,0,0,1.5,0,35,0,0,1001,1007,1005
15302309,153023,0,0,1.5,0,35,0,0,1001,1007,1005
15302310,153023,0,0,1.5,0,35,0,0,1001,1007,1005
15306101,153061,0,0,2,0,50,0,25,1001,4001,1005
15306102,153061,0,0,2,0,50,0,25,1001,4001,1005
15306103,153061,0,0,2,0,50,0,25,1001,4001,1005
15306104,153061,0,0,2,0,50,0,25,1001,4001,1005
15306105,153061,0,0,2,0,50,0,25,1001,4001,1005
15306106,153061,0,0,2,0,50,0,25,1001,4001,1005
15306107,153061,0,0,2,0,50,0,25,1001,4001,1005
15306108,153061,0,0,2,0,50,0,25,1001,4001,1005
15306109,153061,0,0,2,0,50,0,25,1001,4001,1005
15306110,153061,0,0,2,0,50,0,25,1001,4001,1005
15306201,153062,0,0,0.5,0,60,0,0,1002,4001,0
15306202,153062,0,0,0.5,0,60,0,0,1002,4001,0
15306203,153062,0,0,0.5,0,60,0,0,1002,4001,0
15306204,153062,0,0,0.5,0,60,0,0,1002,4001,0
15306205,153062,0,0,0.5,0,60,0,0,1002,4001,0
15306206,153062,0,0,0.5,0,60,0,0,1002,4001,0
15306207,153062,0,0,0.5,0,60,0,0,1002,4001,0
15306208,153062,0,0,0.5,0,60,0,0,1002,4001,0
15306209,153062,0,0,0.5,0,60,0,0,1002,4001,0
15306210,153062,0,0,0.5,0,60,0,0,1002,4001,0
15306301,153063,0,0,1.5,0,40,0,0,1002,3002,3001
15306302,153063,0,0,1.5,0,40,0,0,1002,3002,3001
15306303,153063,0,0,1.5,0,40,0,0,1002,3002,3001
15306304,153063,0,0,1.5,0,40,0,0,1002,3002,3001
15306305,153063,0,0,1.5,0,40,0,0,1002,3002,3001
15306306,153063,0,0,1.5,0,40,0,0,1002,3002,3001
15306307,153063,0,0,1.5,0,40,0,0,1002,3002,3001
15306308,153063,0,0,1.5,0,40,0,0,1002,3002,3001
15306309,153063,0,0,1.5,0,40,0,0,1002,3002,3001
15306310,153063,0,0,1.5,0,40,0,0,1002,3002,3001
15385101,153851,0,0,2,0,50,0,25,1001,2010,5001
15385102,153851,0,0,2,0,50,0,25,1001,2010,5001
15385103,153851,0,0,2,0,50,0,25,1001,2010,5001
15385104,153851,0,0,2,0,50,0,25,1001,2010,5001
15385105,153851,0,0,2,0,50,0,25,1001,2010,5001
15385106,153851,0,0,2,0,50,0,25,1001,2010,5001
15385107,153851,0,0,2,0,50,0,25,1001,2010,5001
15385108,153851,0,0,2,0,50,0,25,1001,2010,5001
15385109,153851,0,0,2,0,50,0,25,1001,2010,5001
15385110,153851,0,0,2,0,50,0,25,1001,2010,5001
15385201,153852,0,0,1,0,25,0,0,1002,4001,0
15385202,153852,0,0,1,0,25,0,0,1002,4001,0
15385203,153852,0,0,1,0,25,0,0,1002,4001,0
15385204,153852,0,0,1,0,25,0,0,1002,4001,0
15385205,153852,0,0,1,0,25,0,0,1002,4001,0
15385206,153852,0,0,1,0,25,0,0,1002,4001,0
15385207,153852,0,0,1,0,25,0,0,1002,4001,0
15385208,153852,0,0,1,0,25,0,0,1002,4001,0
15385209,153852,0,0,1,0,25,0,0,1002,4001,0
15385210,153852,0,0,1,0,25,0,0,1002,4001,0
15385301,153853,0,0,1.5,0,40,0,0,1002,3001,2006
15385302,153853,0,0,1.5,0,40,0,0,1002,3001,2006
15385303,153853,0,0,1.5,0,40,0,0,1002,3001,2006
15385304,153853,0,0,1.5,0,40,0,0,1002,3001,2006
15385305,153853,0,0,1.5,0,40,0,0,1002,3001,2006
15385306,153853,0,0,1.5,0,40,0,0,1002,3001,2006
15385307,153853,0,0,1.5,0,40,0,0,1002,3001,2006
15385308,153853,0,0,1.5,0,40,0,0,1002,3001,2006
15385309,153853,0,0,1.5,0,40,0,0,1002,3001,2006
15385310,153853,0,0,1.5,0,40,0,0,1002,3001,2006
15404101,154041,0,0,2,0,50,0,25,1003,1005,1006
15404102,154041,0,0,2,0,50,0,25,1003,1005,1006
15404103,154041,0,0,2,0,50,0,25,1003,1005,1006
15404104,154041,0,0,2,0,50,0,25,1003,1005,1006
15404105,154041,0,0,2,0,50,0,25,1003,1005,1006
15404106,154041,0,0,2,0,50,0,25,1003,1005,1006
15404107,154041,0,0,2,0,50,0,25,1003,1005,1006
15404108,154041,0,0,2,0,50,0,25,1003,1005,1006
15404109,154041,0,0,2,0,50,0,25,1003,1005,1006
15404110,154041,0,0,2,0,50,0,25,1003,1005,1006
15404201,154042,0,0,2,0,40,0,0,1001,1005,4001
15404202,154042,0,0,2,0,40,0,0,1001,1005,4001
15404203,154042,0,0,2,0,40,0,0,1001,1005,4001
15404204,154042,0,0,2,0,40,0,0,1001,1005,4001
15404205,154042,0,0,2,0,40,0,0,1001,1005,4001
15404206,154042,0,0,2,0,40,0,0,1001,1005,4001
15404207,154042,0,0,2,0,40,0,0,1001,1005,4001
15404208,154042,0,0,2,0,40,0,0,1001,1005,4001
15404209,154042,0,0,2,0,40,0,0,1001,1005,4001
15404210,154042,0,0,2,0,40,0,0,1001,1005,4001
15404301,154043,0,0,0.5,0,30,0,0,1002,1005,2002
15404302,154043,0,0,0.5,0,30,0,0,1002,1005,2002
15404303,154043,0,0,0.5,0,30,0,0,1002,1005,2002
15404304,154043,0,0,0.5,0,30,0,0,1002,1005,2002
15404305,154043,0,0,0.5,0,30,0,0,1002,1005,2002
15404306,154043,0,0,0.5,0,30,0,0,1002,1005,2002
15404307,154043,0,0,0.5,0,30,0,0,1002,1005,2002
15404308,154043,0,0,0.5,0,30,0,0,1002,1005,2002
15404309,154043,0,0,0.5,0,30,0,0,1002,1005,2002
15404310,154043,0,0,0.5,0,30,0,0,1002,1005,2002
15417101,154171,0,0,2,0,50,0,25,1001,1006,2003
15417102,154171,0,0,2,0,50,0,25,1001,1006,2003
15417103,154171,0,0,2,0,50,0,25,1001,1006,2003
15417104,154171,0,0,2,0,50,0,25,1001,1006,2003
15417105,154171,0,0,2,0,50,0,25,1001,1006,2003
15417106,154171,0,0,2,0,50,0,25,1001,1006,2003
15417107,154171,0,0,2,0,50,0,25,1001,1006,2003
15417108,154171,0,0,2,0,50,0,25,1001,1006,2003
15417109,154171,0,0,2,0,50,0,25,1001,1006,2003
15417110,154171,0,0,2,0,50,0,25,1001,1006,2003
15417201,154172,0,0,1,0,40,0,0,1002,1001,1006
15417202,154172,0,0,1,0,40,0,0,1002,1001,1006
15417203,154172,0,0,1,0,40,0,0,1002,1001,1006
15417204,154172,0,0,1,0,40,0,0,1002,1001,1006
15417205,154172,0,0,1,0,40,0,0,1002,1001,1006
15417206,154172,0,0,1,0,40,0,0,1002,1001,1006
15417207,154172,0,0,1,0,40,0,0,1002,1001,1006
15417208,154172,0,0,1,0,40,0,0,1002,1001,1006
15417209,154172,0,0,1,0,40,0,0,1002,1001,1006
15417210,154172,0,0,1,0,40,0,0,1002,1001,1006
15417301,154173,0,0,1.5,0,30,0,0,1001,2015,0
15417302,154173,0,0,1.5,0,30,0,0,1001,2015,0
15417303,154173,0,0,1.5,0,30,0,0,1001,2015,0
15417304,154173,0,0,1.5,0,30,0,0,1001,2015,0
15417305,154173,0,0,1.5,0,30,0,0,1001,2015,0
15417306,154173,0,0,1.5,0,30,0,0,1001,2015,0
15417307,154173,0,0,1.5,0,30,0,0,1001,2015,0
15417308,154173,0,0,1.5,0,30,0,0,1001,2015,0
15417309,154173,0,0,1.5,0,30,0,0,1001,2015,0
15417310,154173,0,0,1.5,0,30,0,0,1001,2015,0
15501101,155011,0,0,2,0,45,0,22.5,1002,1006,4001
15501102,155011,0,0,2,0,45,0,22.5,1002,1006,4001
15501103,155011,0,0,2,0,45,0,22.5,1002,1006,4001
15501104,155011,0,0,2,0,45,0,22.5,1002,1006,4001
15501105,155011,0,0,2,0,45,0,22.5,1002,1006,4001
15501106,155011,0,0,2,0,45,0,22.5,1002,1006,4001
15501107,155011,0,0,2,0,45,0,22.5,1002,1006,4001
15501108,155011,0,0,2,0,45,0,22.5,1002,1006,4001
15501109,155011,0,0,2,0,45,0,22.5,1002,1006,4001
15501110,155011,0,0,2,0,45,0,22.5,1002,1006,4001
15501201,155012,0,0,1.5,0,40,0,0,1003,1005,4001
15501202,155012,0,0,1.5,0,40,0,0,1003,1005,4001
15501203,155012,0,0,1.5,0,40,0,0,1003,1005,4001
15501204,155012,0,0,1.5,0,40,0,0,1003,1005,4001
15501205,155012,0,0,1.5,0,40,0,0,1003,1005,4001
15501206,155012,0,0,1.5,0,40,0,0,1003,1005,4001
15501207,155012,0,0,1.5,0,40,0,0,1003,1005,4001
15501208,155012,0,0,1.5,0,40,0,0,1003,1005,4001
15501209,155012,0,0,1.5,0,40,0,0,1003,1005,4001
15501210,155012,0,0,1.5,0,40,0,0,1003,1005,4001
15501301,155013,0,0,1,0,25,0,0,1003,1006,0
15501302,155013,0,0,1,0,25,0,0,1003,1006,0
15501303,155013,0,0,1,0,25,0,0,1003,1006,0
15501304,155013,0,0,1,0,25,0,0,1003,1006,0
15501305,155013,0,0,1,0,25,0,0,1003,1006,0
15501306,155013,0,0,1,0,25,0,0,1003,1006,0
15501307,155013,0,0,1,0,25,0,0,1003,1006,0
15501308,155013,0,0,1,0,25,0,0,1003,1006,0
15501309,155013,0,0,1,0,25,0,0,1003,1006,0
15501310,155013,0,0,1,0,25,0,0,1003,1006,0
15516101,155161,0,0,2,0,40,0,20,1001,4001,5001
15516102,155161,0,0,2,0,40,0,20,1001,4001,5001
15516103,155161,0,0,2,0,40,0,20,1001,4001,5001
15516104,155161,0,0,2,0,40,0,20,1001,4001,5001
15516105,155161,0,0,2,0,40,0,20,1001,4001,5001
15516106,155161,0,0,2,0,40,0,20,1001,4001,5001
15516107,155161,0,0,2,0,40,0,20,1001,4001,5001
15516108,155161,0,0,2,0,40,0,20,1001,4001,5001
15516109,155161,0,0,2,0,40,0,20,1001,4001,5001
15516110,155161,0,0,2,0,40,0,20,1001,4001,5001
15516201,155162,0,0,1.5,0,60,0,0,1001,2013,0
15516202,155162,0,0,1.5,0,58,0,0,1001,2013,0
15516203,155162,0,0,1.5,0,56,0,0,1001,2013,0
15516204,155162,0,0,1.5,0,53,0,0,1001,2013,0
15516205,155162,0,0,1.5,0,50,0,0,1001,2013,0
15516206,155162,0,0,1.5,0,47,0,0,1001,2013,0
15516207,155162,0,0,1.5,0,44,0,0,1001,2013,0
15516208,155162,0,0,1.5,0,41,0,0,1001,2013,0
15516209,155162,0,0,1.5,0,38,0,0,1001,2013,0
15516210,155162,0,0,1.5,0,35,0,0,1001,2013,0
15516301,155163,0,0,0.5,0,20,0,0,3001,3003,0
15516302,155163,0,0,0.5,0,20,0,0,3001,3003,0
15516303,155163,0,0,0.5,0,20,0,0,3001,3003,0
15516304,155163,0,0,0.5,0,20,0,0,3001,3003,0
15516305,155163,0,0,0.5,0,20,0,0,3001,3003,0
15516306,155163,0,0,0.5,0,20,0,0,3001,3003,0
15516307,155163,0,0,0.5,0,20,0,0,3001,3003,0
15516308,155163,0,0,0.5,0,20,0,0,3001,3003,0
15516309,155163,0,0,0.5,0,20,0,0,3001,3003,0
15516310,155163,0,0,0.5,0,20,0,0,3001,3003,0
15705101,157051,0,0,2,0,60,0,30,1001,1006,2003
15705102,157051,0,0,2,0,60,0,30,1001,1006,2003
15705103,157051,0,0,2,0,60,0,30,1001,1006,2003
15705104,157051,0,0,2,0,60,0,30,1001,1006,2003
15705105,157051,0,0,2,0,60,0,30,1001,1006,2003
15705106,157051,0,0,2,0,60,0,30,1001,1006,2003
15705107,157051,0,0,2,0,60,0,30,1001,1006,2003
15705108,157051,0,0,2,0,60,0,30,1001,1006,2003
15705109,157051,0,0,2,0,60,0,30,1001,1006,2003
15705110,157051,0,0,2,0,60,0,30,1001,1006,2003
15705201,157052,0,0,1,0,40,0,0,1002,1006,2015
15705202,157052,0,0,1,0,40,0,0,1002,1006,2015
15705203,157052,0,0,1,0,40,0,0,1002,1006,2015
15705204,157052,0,0,1,0,40,0,0,1002,1006,2015
15705205,157052,0,0,1,0,40,0,0,1002,1006,2015
15705206,157052,0,0,1,0,40,0,0,1002,1006,2015
15705207,157052,0,0,1,0,40,0,0,1002,1006,2015
15705208,157052,0,0,1,0,40,0,0,1002,1006,2015
15705209,157052,0,0,1,0,40,0,0,1002,1006,2015
15705210,157052,0,0,1,0,40,0,0,1002,1006,2015
15705301,157053,0,0,1.5,0,35,0,0,1002,2002,3001
15705302,157053,0,0,1.5,0,35,0,0,1002,2002,3001
15705303,157053,0,0,1.5,0,35,0,0,1002,2002,3001
15705304,157053,0,0,1.5,0,35,0,0,1002,2002,3001
15705305,157053,0,0,1.5,0,35,0,0,1002,2002,3001
15705306,157053,0,0,1.5,0,35,0,0,1002,2002,3001
15705307,157053,0,0,1.5,0,35,0,0,1002,2002,3001
15705308,157053,0,0,1.5,0,35,0,0,1002,2002,3001
15705309,157053,0,0,1.5,0,35,0,0,1002,2002,3001
15705310,157053,0,0,1.5,0,35,0,0,1002,2002,3001
15906101,159061,0,0,2,0,50,0,25,1001,1006,0
15906102,159061,0,0,2,0,50,0,25,1001,1006,0
15906103,159061,0,0,2,0,50,0,25,1001,1006,0
15906104,159061,0,0,2,0,50,0,25,1001,1006,0
15906105,159061,0,0,2,0,50,0,25,1001,1006,0
15906106,159061,0,0,2,0,50,0,25,1001,1006,0
15906107,159061,0,0,2,0,50,0,25,1001,1006,0
15906108,159061,0,0,2,0,50,0,25,1001,1006,0
15906109,159061,0,0,2,0,50,0,25,1001,1006,0
15906110,159061,0,0,2,0,50,0,25,1001,1006,0
15906201,159062,0,0,1.5,0,40,0,0,1001,1006,4001
15906202,159062,0,0,1.5,0,40,0,0,1001,1006,4001
15906203,159062,0,0,1.5,0,40,0,0,1001,1006,4001
15906204,159062,0,0,1.5,0,40,0,0,1001,1006,4001
15906205,159062,0,0,1.5,0,40,0,0,1001,1006,4001
15906206,159062,0,0,1.5,0,40,0,0,1001,1006,4001
15906207,159062,0,0,1.5,0,40,0,0,1001,1006,4001
15906208,159062,0,0,1.5,0,40,0,0,1001,1006,4001
15906209,159062,0,0,1.5,0,40,0,0,1001,1006,4001
15906210,159062,0,0,1.5,0,40,0,0,1001,1006,4001
15906301,159063,0,0,0.5,0,25,0,0,1002,2002,3001
15906302,159063,0,0,0.5,0,25,0,0,1002,2002,3001
15906303,159063,0,0,0.5,0,25,0,0,1002,2002,3001
15906304,159063,0,0,0.5,0,25,0,0,1002,2002,3001
15906305,159063,0,0,0.5,0,25,0,0,1002,2002,3001
15906306,159063,0,0,0.5,0,25,0,0,1002,2002,3001
15906307,159063,0,0,0.5,0,25,0,0,1002,2002,3001
15906308,159063,0,0,0.5,0,25,0,0,1002,2002,3001
15906309,159063,0,0,0.5,0,25,0,0,1002,2002,3001
15906310,159063,0,0,0.5,0,25,0,0,1002,2002,3001
15918101,159181,0,0,2,0,60,0,30,1001,1005,1006
15918102,159181,0,0,2,0,60,0,30,1001,1005,1006
15918103,159181,0,0,2,0,60,0,30,1001,1005,1006
15918104,159181,0,0,2,0,60,0,30,1001,1005,1006
15918105,159181,0,0,2,0,60,0,30,1001,1005,1006
15918106,159181,0,0,2,0,60,0,30,1001,1005,1006
15918107,159181,0,0,2,0,60,0,30,1001,1005,1006
15918108,159181,0,0,2,0,60,0,30,1001,1005,1006
15918109,159181,0,0,2,0,60,0,30,1001,1005,1006
15918110,159181,0,0,2,0,60,0,30,1001,1005,1006
15918201,159182,0,0,1.5,0,50,0,0,1001,1005,4001
15918202,159182,0,0,1.5,0,50,0,0,1001,1005,4001
15918203,159182,0,0,1.5,0,50,0,0,1001,1005,4001
15918204,159182,0,0,1.5,0,50,0,0,1001,1005,4001
15918205,159182,0,0,1.5,0,50,0,0,1001,1005,4001
15918206,159182,0,0,1.5,0,50,0,0,1001,1005,4001
15918207,159182,0,0,1.5,0,50,0,0,1001,1005,4001
15918208,159182,0,0,1.5,0,50,0,0,1001,1005,4001
15918209,159182,0,0,1.5,0,50,0,0,1001,1005,4001
15918210,159182,0,0,1.5,0,50,0,0,1001,1005,4001
15918301,159183,0,0,0.5,0,30,0,0,1002,1005,2002
15918302,159183,0,0,0.5,0,30,0,0,1002,1005,2002
15918303,159183,0,0,0.5,0,30,0,0,1002,1005,2002
15918304,159183,0,0,0.5,0,30,0,0,1002,1005,2002
15918305,159183,0,0,0.5,0,30,0,0,1002,1005,2002
15918306,159183,0,0,0.5,0,30,0,0,1002,1005,2002
15918307,159183,0,0,0.5,0,30,0,0,1002,1005,2002
15918308,159183,0,0,0.5,0,30,0,0,1002,1005,2002
15918309,159183,0,0,0.5,0,30,0,0,1002,1005,2002
15918310,159183,0,0,0.5,0,30,0,0,1002,1005,2002
15985101,159851,0,0,2,0,50,0,25,1001,2003,4001
15985102,159851,0,0,2,0,50,0,25,1001,2003,4001
15985103,159851,0,0,2,0,50,0,25,1001,2003,4001
15985104,159851,0,0,2,0,50,0,25,1001,2003,4001
15985105,159851,0,0,2,0,50,0,25,1001,2003,4001
15985106,159851,0,0,2,0,50,0,25,1001,2003,4001
15985107,159851,0,0,2,0,50,0,25,1001,2003,4001
15985108,159851,0,0,2,0,50,0,25,1001,2003,4001
15985109,159851,0,0,2,0,50,0,25,1001,2003,4001
15985110,159851,0,0,2,0,50,0,25,1001,2003,4001
15985201,159852,0,0,1.5,0,40,0,0,1002,3001,0
15985202,159852,0,0,1.5,0,40,0,0,1002,3001,0
15985203,159852,0,0,1.5,0,40,0,0,1002,3001,0
15985204,159852,0,0,1.5,0,40,0,0,1002,3001,0
15985205,159852,0,0,1.5,0,40,0,0,1002,3001,0
15985206,159852,0,0,1.5,0,40,0,0,1002,3001,0
15985207,159852,0,0,1.5,0,40,0,0,1002,3001,0
15985208,159852,0,0,1.5,0,40,0,0,1002,3001,0
15985209,159852,0,0,1.5,0,40,0,0,1002,3001,0
15985210,159852,0,0,1.5,0,40,0,0,1002,3001,0
15985301,159853,0,0,1,0,25,0,0,1002,2002,3002
15985302,159853,0,0,1,0,25,0,0,1002,2002,3002
15985303,159853,0,0,1,0,25,0,0,1002,2002,3002
15985304,159853,0,0,1,0,25,0,0,1002,2002,3002
15985305,159853,0,0,1,0,25,0,0,1002,2002,3002
15985306,159853,0,0,1,0,25,0,0,1002,2002,3002
15985307,159853,0,0,1,0,25,0,0,1002,2002,3002
15985308,159853,0,0,1,0,25,0,0,1002,2002,3002
15985309,159853,0,0,1,0,25,0,0,1002,2002,3002
15985310,159853,0,0,1,0,25,0,0,1002,2002,3002
16001101,160011,0,0,3,0,60,0,30,1001,1005,0
16001102,160011,0,0,3,0,60,0,30,1001,1005,0
16001103,160011,0,0,3,0,60,0,30,1001,1005,0
16001104,160011,0,0,3,0,60,0,30,1001,1005,0
16001105,160011,0,0,3,0,60,0,30,1001,1005,0
16001106,160011,0,0,3,0,60,0,30,1001,1005,0
16001107,160011,0,0,3,0,60,0,30,1001,1005,0
16001108,160011,0,0,3,0,60,0,30,1001,1005,0
16001109,160011,0,0,3,0,60,0,30,1001,1005,0
16001110,160011,0,0,3,0,60,0,30,1001,1005,0
16001201,160012,0,0,1.5,0,45,0,0,1002,1005,3001
16001202,160012,0,0,1.5,0,45,0,0,1002,1005,3001
16001203,160012,0,0,1.5,0,45,0,0,1002,1005,3001
16001204,160012,0,0,1.5,0,45,0,0,1002,1005,3001
16001205,160012,0,0,1.5,0,45,0,0,1002,1005,3001
16001206,160012,0,0,1.5,0,45,0,0,1002,1005,3001
16001207,160012,0,0,1.5,0,45,0,0,1002,1005,3001
16001208,160012,0,0,1.5,0,45,0,0,1002,1005,3001
16001209,160012,0,0,1.5,0,45,0,0,1002,1005,3001
16001210,160012,0,0,1.5,0,45,0,0,1002,1005,3001
16001301,160013,0,0,1,0,35,0,0,1003,4001,0
16001302,160013,0,0,1,0,35,0,0,1003,4001,0
16001303,160013,0,0,1,0,35,0,0,1003,4001,0
16001304,160013,0,0,1,0,35,0,0,1003,4001,0
16001305,160013,0,0,1,0,35,0,0,1003,4001,0
16001306,160013,0,0,1,0,35,0,0,1003,4001,0
16001307,160013,0,0,1,0,35,0,0,1003,4001,0
16001308,160013,0,0,1,0,35,0,0,1003,4001,0
16001309,160013,0,0,1,0,35,0,0,1003,4001,0
16001310,160013,0,0,1,0,35,0,0,1003,4001,0
16083101,160831,0,0,2,0,50,0,25,1001,1006,3001
16083102,160831,0,0,2,0,50,0,25,1001,1006,3001
16083103,160831,0,0,2,0,50,0,25,1001,1006,3001
16083104,160831,0,0,2,0,50,0,25,1001,1006,3001
16083105,160831,0,0,2,0,50,0,25,1001,1006,3001
16083106,160831,0,0,2,0,50,0,25,1001,1006,3001
16083107,160831,0,0,2,0,50,0,25,1001,1006,3001
16083108,160831,0,0,2,0,50,0,25,1001,1006,3001
16083109,160831,0,0,2,0,50,0,25,1001,1006,3001
16083110,160831,0,0,2,0,50,0,25,1001,1006,3001
16083201,160832,0,0,1,0,45,0,0,1002,2018,2010
16083202,160832,0,0,1,0,45,0,0,1002,2018,2010
16083203,160832,0,0,1,0,45,0,0,1002,2018,2010
16083204,160832,0,0,1,0,45,0,0,1002,2018,2010
16083205,160832,0,0,1,0,45,0,0,1002,2018,2010
16083206,160832,0,0,1,0,45,0,0,1002,2018,2010
16083207,160832,0,0,1,0,45,0,0,1002,2018,2010
16083208,160832,0,0,1,0,45,0,0,1002,2018,2010
16083209,160832,0,0,1,0,45,0,0,1002,2018,2010
16083210,160832,0,0,1,0,45,0,0,1002,2018,2010
16083301,160833,0,0,0.5,0,30,0,0,3001,2004,0
16083302,160833,0,0,0.5,0,30,0,0,3001,2004,0
16083303,160833,0,0,0.5,0,30,0,0,3001,2004,0
16083304,160833,0,0,0.5,0,30,0,0,3001,2004,0
16083305,160833,0,0,0.5,0,30,0,0,3001,2004,0
16083306,160833,0,0,0.5,0,30,0,0,3001,2004,0
16083307,160833,0,0,0.5,0,30,0,0,3001,2004,0
16083308,160833,0,0,0.5,0,30,0,0,3001,2004,0
16083309,160833,0,0,0.5,0,30,0,0,3001,2004,0
16083310,160833,0,0,0.5,0,30,0,0,3001,2004,0
16101101,161011,0,0,2,0,60,0,30,1001,1006,0
16101102,161011,0,0,2,0,60,0,30,1001,1006,0
16101103,161011,0,0,2,0,60,0,30,1001,1006,0
16101104,161011,0,0,2,0,60,0,30,1001,1006,0
16101105,161011,0,0,2,0,60,0,30,1001,1006,0
16101106,161011,0,0,2,0,60,0,30,1001,1006,0
16101107,161011,0,0,2,0,60,0,30,1001,1006,0
16101108,161011,0,0,2,0,60,0,30,1001,1006,0
16101109,161011,0,0,2,0,60,0,30,1001,1006,0
16101110,161011,0,0,2,0,60,0,30,1001,1006,0
16101201,161012,0,0,1.5,0,35,0,0,1001,2002,1006
16101202,161012,0,0,1.5,0,35,0,0,1001,2002,1006
16101203,161012,0,0,1.5,0,35,0,0,1001,2002,1006
16101204,161012,0,0,1.5,0,35,0,0,1001,2002,1006
16101205,161012,0,0,1.5,0,35,0,0,1001,2002,1006
16101206,161012,0,0,1.5,0,35,0,0,1001,2002,1006
16101207,161012,0,0,1.5,0,35,0,0,1001,2002,1006
16101208,161012,0,0,1.5,0,35,0,0,1001,2002,1006
16101209,161012,0,0,1.5,0,35,0,0,1001,2002,1006
16101210,161012,0,0,1.5,0,35,0,0,1001,2002,1006
16101301,161013,0,0,1,0,30,0,0,1002,4001,0
16101302,161013,0,0,1,0,30,0,0,1002,4001,0
16101303,161013,0,0,1,0,30,0,0,1002,4001,0
16101304,161013,0,0,1,0,30,0,0,1002,4001,0
16101305,161013,0,0,1,0,30,0,0,1002,4001,0
16101306,161013,0,0,1,0,30,0,0,1002,4001,0
16101307,161013,0,0,1,0,30,0,0,1002,4001,0
16101308,161013,0,0,1,0,30,0,0,1002,4001,0
16101309,161013,0,0,1,0,30,0,0,1002,4001,0
16101310,161013,0,0,1,0,30,0,0,1002,4001,0
16105101,161051,0,0,2,0,60,0,30,1002,1006,3001
16105102,161051,0,0,2,0,60,0,30,1002,1006,3001
16105103,161051,0,0,2,0,60,0,30,1002,1006,3001
16105104,161051,0,0,2,0,60,0,30,1002,1006,3001
16105105,161051,0,0,2,0,60,0,30,1002,1006,3001
16105106,161051,0,0,2,0,60,0,30,1002,1006,3001
16105107,161051,0,0,2,0,60,0,30,1002,1006,3001
16105108,161051,0,0,2,0,60,0,30,1002,1006,3001
16105109,161051,0,0,2,0,60,0,30,1002,1006,3001
16105110,161051,0,0,2,0,60,0,30,1002,1006,3001
16105201,161052,0,0,1.5,0,45,0,0,1002,4001,2010
16105202,161052,0,0,1.5,0,45,0,0,1002,4001,2010
16105203,161052,0,0,1.5,0,45,0,0,1002,4001,2010
16105204,161052,0,0,1.5,0,45,0,0,1002,4001,2010
16105205,161052,0,0,1.5,0,45,0,0,1002,4001,2010
16105206,161052,0,0,1.5,0,45,0,0,1002,4001,2010
16105207,161052,0,0,1.5,0,45,0,0,1002,4001,2010
16105208,161052,0,0,1.5,0,45,0,0,1002,4001,2010
16105209,161052,0,0,1.5,0,45,0,0,1002,4001,2010
16105210,161052,0,0,1.5,0,45,0,0,1002,4001,2010
16105301,161053,0,0,0.5,0,75,0,0,2013,3001,0
16105302,161053,0,0,0.5,0,72,0,0,2013,3001,0
16105303,161053,0,0,0.5,0,69,0,0,2013,3001,0
16105304,161053,0,0,0.5,0,66,0,0,2013,3001,0
16105305,161053,0,0,0.5,0,63,0,0,2013,3001,0
16105306,161053,0,0,0.5,0,61,0,0,2013,3001,0
16105307,161053,0,0,0.5,0,58,0,0,2013,3001,0
16105308,161053,0,0,0.5,0,55,0,0,2013,3001,0
16105309,161053,0,0,0.5,0,52,0,0,2013,3001,0
16105310,161053,0,0,0.5,0,50,0,0,2013,3001,0
16116101,161161,0,0,2,0,50,0,25,1001,1006,0
16116102,161161,0,0,2,0,50,0,25,1001,1006,0
16116103,161161,0,0,2,0,50,0,25,1001,1006,0
16116104,161161,0,0,2,0,50,0,25,1001,1006,0
16116105,161161,0,0,2,0,50,0,25,1001,1006,0
16116106,161161,0,0,2,0,50,0,25,1001,1006,0
16116107,161161,0,0,2,0,50,0,25,1001,1006,0
16116108,161161,0,0,2,0,50,0,25,1001,1006,0
16116109,161161,0,0,2,0,50,0,25,1001,1006,0
16116110,161161,0,0,2,0,50,0,25,1001,1006,0
16116201,161162,0,0,1.5,0,40,0,0,1002,1006,3001
16116202,161162,0,0,1.5,0,40,0,0,1002,1006,3001
16116203,161162,0,0,1.5,0,40,0,0,1002,1006,3001
16116204,161162,0,0,1.5,0,40,0,0,1002,1006,3001
16116205,161162,0,0,1.5,0,40,0,0,1002,1006,3001
16116206,161162,0,0,1.5,0,40,0,0,1002,1006,3001
16116207,161162,0,0,1.5,0,40,0,0,1002,1006,3001
16116208,161162,0,0,1.5,0,40,0,0,1002,1006,3001
16116209,161162,0,0,1.5,0,40,0,0,1002,1006,3001
16116210,161162,0,0,1.5,0,40,0,0,1002,1006,3001
16116301,161163,0,0,1,0,25,0,0,1001,2018,3001
16116302,161163,0,0,1,0,25,0,0,1001,2018,3001
16116303,161163,0,0,1,0,25,0,0,1001,2018,3001
16116304,161163,0,0,1,0,25,0,0,1001,2018,3001
16116305,161163,0,0,1,0,25,0,0,1001,2018,3001
16116306,161163,0,0,1,0,25,0,0,1001,2018,3001
16116307,161163,0,0,1,0,25,0,0,1001,2018,3001
16116308,161163,0,0,1,0,25,0,0,1001,2018,3001
16116309,161163,0,0,1,0,25,0,0,1001,2018,3001
16116310,161163,0,0,1,0,25,0,0,1001,2018,3001
16121101,161211,0,0,2,0,50,0,25,1001,1006,2015
16121102,161211,0,0,2,0,50,0,25,1001,1006,2015
16121103,161211,0,0,2,0,50,0,25,1001,1006,2015
16121104,161211,0,0,2,0,50,0,25,1001,1006,2015
16121105,161211,0,0,2,0,50,0,25,1001,1006,2015
16121106,161211,0,0,2,0,50,0,25,1001,1006,2015
16121107,161211,0,0,2,0,50,0,25,1001,1006,2015
16121108,161211,0,0,2,0,50,0,25,1001,1006,2015
16121109,161211,0,0,2,0,50,0,25,1001,1006,2015
16121110,161211,0,0,2,0,50,0,25,1001,1006,2015
16121201,161212,0,0,1.5,0,40,0,0,1002,1007,4001
16121202,161212,0,0,1.5,0,40,0,0,1002,1007,4001
16121203,161212,0,0,1.5,0,40,0,0,1002,1007,4001
16121204,161212,0,0,1.5,0,40,0,0,1002,1007,4001
16121205,161212,0,0,1.5,0,40,0,0,1002,1007,4001
16121206,161212,0,0,1.5,0,40,0,0,1002,1007,4001
16121207,161212,0,0,1.5,0,40,0,0,1002,1007,4001
16121208,161212,0,0,1.5,0,40,0,0,1002,1007,4001
16121209,161212,0,0,1.5,0,40,0,0,1002,1007,4001
16121210,161212,0,0,1.5,0,40,0,0,1002,1007,4001
16121301,161213,0,0,0.5,0,25,0,0,1002,1007,3001
16121302,161213,0,0,0.5,0,25,0,0,1002,1007,3001
16121303,161213,0,0,0.5,0,25,0,0,1002,1007,3001
16121304,161213,0,0,0.5,0,25,0,0,1002,1007,3001
16121305,161213,0,0,0.5,0,25,0,0,1002,1007,3001
16121306,161213,0,0,0.5,0,25,0,0,1002,1007,3001
16121307,161213,0,0,0.5,0,25,0,0,1002,1007,3001
16121308,161213,0,0,0.5,0,25,0,0,1002,1007,3001
16121309,161213,0,0,0.5,0,25,0,0,1002,1007,3001
16121310,161213,0,0,0.5,0,25,0,0,1002,1007,3001
16217101,162171,0,0,2,0,50,0,25,1001,1006,0
16217102,162171,0,0,2,0,50,0,25,1001,1006,0
16217103,162171,0,0,2,0,50,0,25,1001,1006,0
16217104,162171,0,0,2,0,50,0,25,1001,1006,0
16217105,162171,0,0,2,0,50,0,25,1001,1006,0
16217106,162171,0,0,2,0,50,0,25,1001,1006,0
16217107,162171,0,0,2,0,50,0,25,1001,1006,0
16217108,162171,0,0,2,0,50,0,25,1001,1006,0
16217109,162171,0,0,2,0,50,0,25,1001,1006,0
16217110,162171,0,0,2,0,50,0,25,1001,1006,0
16217201,162172,0,0,1,0,35,0,0,1001,1007,4001
16217202,162172,0,0,1,0,35,0,0,1001,1007,4001
16217203,162172,0,0,1,0,35,0,0,1001,1007,4001
16217204,162172,0,0,1,0,35,0,0,1001,1007,4001
16217205,162172,0,0,1,0,35,0,0,1001,1007,4001
16217206,162172,0,0,1,0,35,0,0,1001,1007,4001
16217207,162172,0,0,1,0,35,0,0,1001,1007,4001
16217208,162172,0,0,1,0,35,0,0,1001,1007,4001
16217209,162172,0,0,1,0,35,0,0,1001,1007,4001
16217210,162172,0,0,1,0,35,0,0,1001,1007,4001
16217301,162173,0,0,1,0,35,0,0,1001,1007,4001
16217302,162173,0,0,1,0,35,0,0,1001,1007,4001
16217303,162173,0,0,1,0,35,0,0,1001,1007,4001
16217304,162173,0,0,1,0,35,0,0,1001,1007,4001
16217305,162173,0,0,1,0,35,0,0,1001,1007,4001
16217306,162173,0,0,1,0,35,0,0,1001,1007,4001
16217307,162173,0,0,1,0,35,0,0,1001,1007,4001
16217308,162173,0,0,1,0,35,0,0,1001,1007,4001
16217309,162173,0,0,1,0,35,0,0,1001,1007,4001
16217310,162173,0,0,1,0,35,0,0,1001,1007,4001
16302101,163021,0,0,2,0,50,0,25,1001,3001,0
16302102,163021,0,0,2,0,50,0,25,1001,3001,0
16302103,163021,0,0,2,0,50,0,25,1001,3001,0
16302104,163021,0,0,2,0,50,0,25,1001,3001,0
16302105,163021,0,0,2,0,50,0,25,1001,3001,0
16302106,163021,0,0,2,0,50,0,25,1001,3001,0
16302107,163021,0,0,2,0,50,0,25,1001,3001,0
16302108,163021,0,0,2,0,50,0,25,1001,3001,0
16302109,163021,0,0,2,0,50,0,25,1001,3001,0
16302110,163021,0,0,2,0,50,0,25,1001,3001,0
16302201,163022,0,0,1.5,0,40,0,0,1001,2015,2014
16302202,163022,0,0,1.5,0,40,0,0,1001,2015,2014
16302203,163022,0,0,1.5,0,40,0,0,1001,2015,2014
16302204,163022,0,0,1.5,0,40,0,0,1001,2015,2014
16302205,163022,0,0,1.5,0,40,0,0,1001,2015,2014
16302206,163022,0,0,1.5,0,40,0,0,1001,2015,2014
16302207,163022,0,0,1.5,0,40,0,0,1001,2015,2014
16302208,163022,0,0,1.5,0,40,0,0,1001,2015,2014
16302209,163022,0,0,1.5,0,40,0,0,1001,2015,2014
16302210,163022,0,0,1.5,0,40,0,0,1001,2015,2014
16302301,163023,0,0,1.5,0,45,0,0,1002,2003,3002
16302302,163023,0,0,1.5,0,45,0,0,1002,2003,3002
16302303,163023,0,0,1.5,0,45,0,0,1002,2003,3002
16302304,163023,0,0,1.5,0,45,0,0,1002,2003,3002
16302305,163023,0,0,1.5,0,45,0,0,1002,2003,3002
16302306,163023,0,0,1.5,0,45,0,0,1002,2003,3002
16302307,163023,0,0,1.5,0,45,0,0,1002,2003,3002
16302308,163023,0,0,1.5,0,45,0,0,1002,2003,3002
16302309,163023,0,0,1.5,0,45,0,0,1002,2003,3002
16302310,163023,0,0,1.5,0,45,0,0,1002,2003,3002
16304101,163041,0,0,2,0,60,0,30,1001,2015,2014
16304102,163041,0,0,2,0,60,0,30,1001,2015,2014
16304103,163041,0,0,2,0,60,0,30,1001,2015,2014
16304104,163041,0,0,2,0,60,0,30,1001,2015,2014
16304105,163041,0,0,2,0,60,0,30,1001,2015,2014
16304106,163041,0,0,2,0,60,0,30,1001,2015,2014
16304107,163041,0,0,2,0,60,0,30,1001,2015,2014
16304108,163041,0,0,2,0,60,0,30,1001,2015,2014
16304109,163041,0,0,2,0,60,0,30,1001,2015,2014
16304110,163041,0,0,2,0,60,0,30,1001,2015,2014
16304201,163042,0,0,1.5,0,35,0,0,1001,3001,0
16304202,163042,0,0,1.5,0,35,0,0,1001,3001,0
16304203,163042,0,0,1.5,0,35,0,0,1001,3001,0
16304204,163042,0,0,1.5,0,35,0,0,1001,3001,0
16304205,163042,0,0,1.5,0,35,0,0,1001,3001,0
16304206,163042,0,0,1.5,0,35,0,0,1001,3001,0
16304207,163042,0,0,1.5,0,35,0,0,1001,3001,0
16304208,163042,0,0,1.5,0,35,0,0,1001,3001,0
16304209,163042,0,0,1.5,0,35,0,0,1001,3001,0
16304210,163042,0,0,1.5,0,35,0,0,1001,3001,0
16304301,163043,0,0,0.5,0,25,0,0,1002,2003,2004
16304302,163043,0,0,0.5,0,25,0,0,1002,2003,2004
16304303,163043,0,0,0.5,0,25,0,0,1002,2003,2004
16304304,163043,0,0,0.5,0,25,0,0,1002,2003,2004
16304305,163043,0,0,0.5,0,25,0,0,1002,2003,2004
16304306,163043,0,0,0.5,0,25,0,0,1002,2003,2004
16304307,163043,0,0,0.5,0,25,0,0,1002,2003,2004
16304308,163043,0,0,0.5,0,25,0,0,1002,2003,2004
16304309,163043,0,0,0.5,0,25,0,0,1002,2003,2004
16304310,163043,0,0,0.5,0,25,0,0,1002,2003,2004
16421101,164211,0,0,2,0,50,0,25,1002,1006,2014
16421102,164211,0,0,2,0,50,0,25,1002,1006,2014
16421103,164211,0,0,2,0,50,0,25,1002,1006,2014
16421104,164211,0,0,2,0,50,0,25,1002,1006,2014
16421105,164211,0,0,2,0,50,0,25,1002,1006,2014
16421106,164211,0,0,2,0,50,0,25,1002,1006,2014
16421107,164211,0,0,2,0,50,0,25,1002,1006,2014
16421108,164211,0,0,2,0,50,0,25,1002,1006,2014
16421109,164211,0,0,2,0,50,0,25,1002,1006,2014
16421110,164211,0,0,2,0,50,0,25,1002,1006,2014
16421201,164212,0,0,0.5,0,15,0,0,1002,1006,2002
16421202,164212,0,0,0.5,0,15,0,0,1002,1006,2002
16421203,164212,0,0,0.5,0,15,0,0,1002,1006,2002
16421204,164212,0,0,0.5,0,15,0,0,1002,1006,2002
16421205,164212,0,0,0.5,0,15,0,0,1002,1006,2002
16421206,164212,0,0,0.5,0,15,0,0,1002,1006,2002
16421207,164212,0,0,0.5,0,15,0,0,1002,1006,2002
16421208,164212,0,0,0.5,0,15,0,0,1002,1006,2002
16421209,164212,0,0,0.5,0,15,0,0,1002,1006,2002
16421210,164212,0,0,0.5,0,15,0,0,1002,1006,2002
16421301,164213,0,0,0.5,0,20,0,0,1002,1006,3001
16421302,164213,0,0,0.5,0,20,0,0,1002,1006,3001
16421303,164213,0,0,0.5,0,20,0,0,1002,1006,3001
16421304,164213,0,0,0.5,0,20,0,0,1002,1006,3001
16421305,164213,0,0,0.5,0,20,0,0,1002,1006,3001
16421306,164213,0,0,0.5,0,20,0,0,1002,1006,3001
16421307,164213,0,0,0.5,0,20,0,0,1002,1006,3001
16421308,164213,0,0,0.5,0,20,0,0,1002,1006,3001
16421309,164213,0,0,0.5,0,20,0,0,1002,1006,3001
16421310,164213,0,0,0.5,0,20,0,0,1002,1006,3001
16507101,165071,0,0,2,0,60,0,30,1003,1006,3001
16507102,165071,0,0,2,0,60,0,30,1003,1006,3001
16507103,165071,0,0,2,0,60,0,30,1003,1006,3001
16507104,165071,0,0,2,0,60,0,30,1003,1006,3001
16507105,165071,0,0,2,0,60,0,30,1003,1006,3001
16507106,165071,0,0,2,0,60,0,30,1003,1006,3001
16507107,165071,0,0,2,0,60,0,30,1003,1006,3001
16507108,165071,0,0,2,0,60,0,30,1003,1006,3001
16507109,165071,0,0,2,0,60,0,30,1003,1006,3001
16507110,165071,0,0,2,0,60,0,30,1003,1006,3001
16507201,165072,0,0,2,0,60,0,0,1001,1005,3001
16507202,165072,0,0,2,0,60,0,0,1001,1005,3001
16507203,165072,0,0,2,0,60,0,0,1001,1005,3001
16507204,165072,0,0,2,0,60,0,0,1001,1005,3001
16507205,165072,0,0,2,0,60,0,0,1001,1005,3001
16507206,165072,0,0,2,0,60,0,0,1001,1005,3001
16507207,165072,0,0,2,0,60,0,0,1001,1005,3001
16507208,165072,0,0,2,0,60,0,0,1001,1005,3001
16507209,165072,0,0,2,0,60,0,0,1001,1005,3001
16507210,165072,0,0,2,0,60,0,0,1001,1005,3001
16507301,165073,0,0,1,0,25,0,0,1002,1006,3001
16507302,165073,0,0,1,0,25,0,0,1002,1006,3001
16507303,165073,0,0,1,0,25,0,0,1002,1006,3001
16507304,165073,0,0,1,0,25,0,0,1002,1006,3001
16507305,165073,0,0,1,0,25,0,0,1002,1006,3001
16507306,165073,0,0,1,0,25,0,0,1002,1006,3001
16507307,165073,0,0,1,0,25,0,0,1002,1006,3001
16507308,165073,0,0,1,0,25,0,0,1002,1006,3001
16507309,165073,0,0,1,0,25,0,0,1002,1006,3001
16507310,165073,0,0,1,0,25,0,0,1002,1006,3001
16701101,167011,0,0,2,0,60,0,30,1001,1005,1006
16701102,167011,0,0,2,0,60,0,30,1001,1005,1006
16701103,167011,0,0,2,0,60,0,30,1001,1005,1006
16701104,167011,0,0,2,0,60,0,30,1001,1005,1006
16701105,167011,0,0,2,0,60,0,30,1001,1005,1006
16701106,167011,0,0,2,0,60,0,30,1001,1005,1006
16701107,167011,0,0,2,0,60,0,30,1001,1005,1006
16701108,167011,0,0,2,0,60,0,30,1001,1005,1006
16701109,167011,0,0,2,0,60,0,30,1001,1005,1006
16701110,167011,0,0,2,0,60,0,30,1001,1005,1006
16701201,167012,0,0,1.5,0,50,0,0,1001,1005,4001
16701202,167012,0,0,1.5,0,50,0,0,1001,1005,4001
16701203,167012,0,0,1.5,0,50,0,0,1001,1005,4001
16701204,167012,0,0,1.5,0,50,0,0,1001,1005,4001
16701205,167012,0,0,1.5,0,50,0,0,1001,1005,4001
16701206,167012,0,0,1.5,0,50,0,0,1001,1005,4001
16701207,167012,0,0,1.5,0,50,0,0,1001,1005,4001
16701208,167012,0,0,1.5,0,50,0,0,1001,1005,4001
16701209,167012,0,0,1.5,0,50,0,0,1001,1005,4001
16701210,167012,0,0,1.5,0,50,0,0,1001,1005,4001
16701301,167013,0,0,1,0,25,0,0,1002,1005,2002
16701302,167013,0,0,1,0,25,0,0,1002,1005,2002
16701303,167013,0,0,1,0,25,0,0,1002,1005,2002
16701304,167013,0,0,1,0,25,0,0,1002,1005,2002
16701305,167013,0,0,1,0,25,0,0,1002,1005,2002
16701306,167013,0,0,1,0,25,0,0,1002,1005,2002
16701307,167013,0,0,1,0,25,0,0,1002,1005,2002
16701308,167013,0,0,1,0,25,0,0,1002,1005,2002
16701309,167013,0,0,1,0,25,0,0,1002,1005,2002
16701310,167013,0,0,1,0,25,0,0,1002,1005,2002
16702101,167021,0,0,2,0,40,0,20,1001,3001,0
16702102,167021,0,0,2,0,40,0,20,1001,3001,0
16702103,167021,0,0,2,0,40,0,20,1001,3001,0
16702104,167021,0,0,2,0,40,0,20,1001,3001,0
16702105,167021,0,0,2,0,40,0,20,1001,3001,0
16702106,167021,0,0,2,0,40,0,20,1001,3001,0
16702107,167021,0,0,2,0,40,0,20,1001,3001,0
16702108,167021,0,0,2,0,40,0,20,1001,3001,0
16702109,167021,0,0,2,0,40,0,20,1001,3001,0
16702110,167021,0,0,2,0,40,0,20,1001,3001,0
16702201,167022,0,0,0.5,0,40,0,0,1001,4001,0
16702202,167022,0,0,0.5,0,40,0,0,1001,4001,0
16702203,167022,0,0,0.5,0,40,0,0,1001,4001,0
16702204,167022,0,0,0.5,0,40,0,0,1001,4001,0
16702205,167022,0,0,0.5,0,40,0,0,1001,4001,0
16702206,167022,0,0,0.5,0,40,0,0,1001,4001,0
16702207,167022,0,0,0.5,0,40,0,0,1001,4001,0
16702208,167022,0,0,0.5,0,40,0,0,1001,4001,0
16702209,167022,0,0,0.5,0,40,0,0,1001,4001,0
16702210,167022,0,0,0.5,0,40,0,0,1001,4001,0
16702301,167023,0,0,1,0,20,0,0,1002,2002,3002
16702302,167023,0,0,1,0,20,0,0,1002,2002,3002
16702303,167023,0,0,1,0,20,0,0,1002,2002,3002
16702304,167023,0,0,1,0,20,0,0,1002,2002,3002
16702305,167023,0,0,1,0,20,0,0,1002,2002,3002
16702306,167023,0,0,1,0,20,0,0,1002,2002,3002
16702307,167023,0,0,1,0,20,0,0,1002,2002,3002
16702308,167023,0,0,1,0,20,0,0,1002,2002,3002
16702309,167023,0,0,1,0,20,0,0,1002,2002,3002
16702310,167023,0,0,1,0,20,0,0,1002,2002,3002
16703101,167031,0,0,2,0,60,0,30,1003,1005,1006
16703102,167031,0,0,2,0,60,0,30,1003,1005,1006
16703103,167031,0,0,2,0,60,0,30,1003,1005,1006
16703104,167031,0,0,2,0,60,0,30,1003,1005,1006
16703105,167031,0,0,2,0,60,0,30,1003,1005,1006
16703106,167031,0,0,2,0,60,0,30,1003,1005,1006
16703107,167031,0,0,2,0,60,0,30,1003,1005,1006
16703108,167031,0,0,2,0,60,0,30,1003,1005,1006
16703109,167031,0,0,2,0,60,0,30,1003,1005,1006
16703110,167031,0,0,2,0,60,0,30,1003,1005,1006
16703201,167032,0,0,1,0,40,0,0,1002,1005,2002
16703202,167032,0,0,1,0,40,0,0,1002,1005,2002
16703203,167032,0,0,1,0,40,0,0,1002,1005,2002
16703204,167032,0,0,1,0,40,0,0,1002,1005,2002
16703205,167032,0,0,1,0,40,0,0,1002,1005,2002
16703206,167032,0,0,1,0,40,0,0,1002,1005,2002
16703207,167032,0,0,1,0,40,0,0,1002,1005,2002
16703208,167032,0,0,1,0,40,0,0,1002,1005,2002
16703209,167032,0,0,1,0,40,0,0,1002,1005,2002
16703210,167032,0,0,1,0,40,0,0,1002,1005,2002
16703301,167033,0,0,0.5,0,25,0,0,1002,1005,2014
16703302,167033,0,0,0.5,0,25,0,0,1002,1005,2014
16703303,167033,0,0,0.5,0,25,0,0,1002,1005,2014
16703304,167033,0,0,0.5,0,25,0,0,1002,1005,2014
16703305,167033,0,0,0.5,0,25,0,0,1002,1005,2014
16703306,167033,0,0,0.5,0,25,0,0,1002,1005,2014
16703307,167033,0,0,0.5,0,25,0,0,1002,1005,2014
16703308,167033,0,0,0.5,0,25,0,0,1002,1005,2014
16703309,167033,0,0,0.5,0,25,0,0,1002,1005,2014
16703310,167033,0,0,0.5,0,25,0,0,1002,1005,2014
16717101,167171,0,0,2,0,45,0,22.5,1001,1005,3001
16717102,167171,0,0,2,0,45,0,22.5,1001,1005,3001
16717103,167171,0,0,2,0,45,0,22.5,1001,1005,3001
16717104,167171,0,0,2,0,45,0,22.5,1001,1005,3001
16717105,167171,0,0,2,0,45,0,22.5,1001,1005,3001
16717106,167171,0,0,2,0,45,0,22.5,1001,1005,3001
16717107,167171,0,0,2,0,45,0,22.5,1001,1005,3001
16717108,167171,0,0,2,0,45,0,22.5,1001,1005,3001
16717109,167171,0,0,2,0,45,0,22.5,1001,1005,3001
16717110,167171,0,0,2,0,45,0,22.5,1001,1005,3001
16717201,167172,0,0,0.75,0,20,0,0,1001,0,0
16717202,167172,0,0,0.75,0,20,0,0,1001,0,0
16717203,167172,0,0,0.75,0,20,0,0,1001,0,0
16717204,167172,0,0,0.75,0,20,0,0,1001,0,0
16717205,167172,0,0,0.75,0,20,0,0,1001,0,0
16717206,167172,0,0,0.75,0,20,0,0,1001,0,0
16717207,167172,0,0,0.75,0,20,0,0,1001,0,0
16717208,167172,0,0,0.75,0,20,0,0,1001,0,0
16717209,167172,0,0,0.75,0,20,0,0,1001,0,0
16717210,167172,0,0,0.75,0,20,0,0,1001,0,0
16717301,167173,0,0,0.25,0,30,0,0,1001,1006,0
16717302,167173,0,0,0.25,0,30,0,0,1001,1006,0
16717303,167173,0,0,0.25,0,30,0,0,1001,1006,0
16717304,167173,0,0,0.25,0,30,0,0,1001,1006,0
16717305,167173,0,0,0.25,0,30,0,0,1001,1006,0
16717306,167173,0,0,0.25,0,30,0,0,1001,1006,0
16717307,167173,0,0,0.25,0,30,0,0,1001,1006,0
16717308,167173,0,0,0.25,0,30,0,0,1001,1006,0
16717309,167173,0,0,0.25,0,30,0,0,1001,1006,0
16717310,167173,0,0,0.25,0,30,0,0,1001,1006,0
16718101,167181,0,0,2,0,60,0,30,1001,1006,2015
16718102,167181,0,0,2,0,60,0,30,1001,1006,2015
16718103,167181,0,0,2,0,60,0,30,1001,1006,2015
16718104,167181,0,0,2,0,60,0,30,1001,1006,2015
16718105,167181,0,0,2,0,60,0,30,1001,1006,2015
16718106,167181,0,0,2,0,60,0,30,1001,1006,2015
16718107,167181,0,0,2,0,60,0,30,1001,1006,2015
16718108,167181,0,0,2,0,60,0,30,1001,1006,2015
16718109,167181,0,0,2,0,60,0,30,1001,1006,2015
16718110,167181,0,0,2,0,60,0,30,1001,1006,2015
16718201,167182,0,0,1.5,0,40,0,0,1002,1007,4001
16718202,167182,0,0,1.5,0,40,0,0,1002,1007,4001
16718203,167182,0,0,1.5,0,40,0,0,1002,1007,4001
16718204,167182,0,0,1.5,0,40,0,0,1002,1007,4001
16718205,167182,0,0,1.5,0,40,0,0,1002,1007,4001
16718206,167182,0,0,1.5,0,40,0,0,1002,1007,4001
16718207,167182,0,0,1.5,0,40,0,0,1002,1007,4001
16718208,167182,0,0,1.5,0,40,0,0,1002,1007,4001
16718209,167182,0,0,1.5,0,40,0,0,1002,1007,4001
16718210,167182,0,0,1.5,0,40,0,0,1002,1007,4001
16718301,167183,0,0,1,0,25,0,0,1002,1007,3001
16718302,167183,0,0,1,0,25,0,0,1002,1007,3001
16718303,167183,0,0,1,0,25,0,0,1002,1007,3001
16718304,167183,0,0,1,0,25,0,0,1002,1007,3001
16718305,167183,0,0,1,0,25,0,0,1002,1007,3001
16718306,167183,0,0,1,0,25,0,0,1002,1007,3001
16718307,167183,0,0,1,0,25,0,0,1002,1007,3001
16718308,167183,0,0,1,0,25,0,0,1002,1007,3001
16718309,167183,0,0,1,0,25,0,0,1002,1007,3001
16718310,167183,0,0,1,0,25,0,0,1002,1007,3001
16785101,167851,0,0,2,0,60,0,30,1003,1006,1007
16785102,167851,0,0,2,0,60,0,30,1003,1006,1007
16785103,167851,0,0,2,0,60,0,30,1003,1006,1007
16785104,167851,0,0,2,0,60,0,30,1003,1006,1007
16785105,167851,0,0,2,0,60,0,30,1003,1006,1007
16785106,167851,0,0,2,0,60,0,30,1003,1006,1007
16785107,167851,0,0,2,0,60,0,30,1003,1006,1007
16785108,167851,0,0,2,0,60,0,30,1003,1006,1007
16785109,167851,0,0,2,0,60,0,30,1003,1006,1007
16785110,167851,0,0,2,0,60,0,30,1003,1006,1007
16785201,167852,0,0,1.5,0,30,0,0,1002,1007,2014
16785202,167852,0,0,1.5,0,30,0,0,1002,1007,2014
16785203,167852,0,0,1.5,0,30,0,0,1002,1007,2014
16785204,167852,0,0,1.5,0,30,0,0,1002,1007,2014
16785205,167852,0,0,1.5,0,30,0,0,1002,1007,2014
16785206,167852,0,0,1.5,0,30,0,0,1002,1007,2014
16785207,167852,0,0,1.5,0,30,0,0,1002,1007,2014
16785208,167852,0,0,1.5,0,30,0,0,1002,1007,2014
16785209,167852,0,0,1.5,0,30,0,0,1002,1007,2014
16785210,167852,0,0,1.5,0,30,0,0,1002,1007,2014
16785301,167853,0,0,1,0,45,0,0,1002,4001,2009
16785302,167853,0,0,1,0,45,0,0,1002,4001,2009
16785303,167853,0,0,1,0,45,0,0,1002,4001,2009
16785304,167853,0,0,1,0,45,0,0,1002,4001,2009
16785305,167853,0,0,1,0,45,0,0,1002,4001,2009
16785306,167853,0,0,1,0,45,0,0,1002,4001,2009
16785307,167853,0,0,1,0,45,0,0,1002,4001,2009
16785308,167853,0,0,1,0,45,0,0,1002,4001,2009
16785309,167853,0,0,1,0,45,0,0,1002,4001,2009
16785310,167853,0,0,1,0,45,0,0,1002,4001,2009
16804101,168041,0,0,2,0,50,0,25,1002,1006,2015
16804102,168041,0,0,2,0,50,0,25,1002,1006,2015
16804103,168041,0,0,2,0,50,0,25,1002,1006,2015
16804104,168041,0,0,2,0,50,0,25,1002,1006,2015
16804105,168041,0,0,2,0,50,0,25,1002,1006,2015
16804106,168041,0,0,2,0,50,0,25,1002,1006,2015
16804107,168041,0,0,2,0,50,0,25,1002,1006,2015
16804108,168041,0,0,2,0,50,0,25,1002,1006,2015
16804109,168041,0,0,2,0,50,0,25,1002,1006,2015
16804110,168041,0,0,2,0,50,0,25,1002,1006,2015
16804201,168042,0,0,0.5,0,15,0,0,1002,1006,3001
16804202,168042,0,0,0.5,0,15,0,0,1002,1006,3001
16804203,168042,0,0,0.5,0,15,0,0,1002,1006,3001
16804204,168042,0,0,0.5,0,15,0,0,1002,1006,3001
16804205,168042,0,0,0.5,0,15,0,0,1002,1006,3001
16804206,168042,0,0,0.5,0,15,0,0,1002,1006,3001
16804207,168042,0,0,0.5,0,15,0,0,1002,1006,3001
16804208,168042,0,0,0.5,0,15,0,0,1002,1006,3001
16804209,168042,0,0,0.5,0,15,0,0,1002,1006,3001
16804210,168042,0,0,0.5,0,15,0,0,1002,1006,3001
16804301,168043,0,0,1,0,30,0,0,1002,1006,2002
16804302,168043,0,0,1,0,30,0,0,1002,1006,2002
16804303,168043,0,0,1,0,30,0,0,1002,1006,2002
16804304,168043,0,0,1,0,30,0,0,1002,1006,2002
16804305,168043,0,0,1,0,30,0,0,1002,1006,2002
16804306,168043,0,0,1,0,30,0,0,1002,1006,2002
16804307,168043,0,0,1,0,30,0,0,1002,1006,2002
16804308,168043,0,0,1,0,30,0,0,1002,1006,2002
16804309,168043,0,0,1,0,30,0,0,1002,1006,2002
16804310,168043,0,0,1,0,30,0,0,1002,1006,2002
16902101,169021,0,0,2,0,60,0,30,1001,1006,3001
16902102,169021,0,0,2,0,60,0,30,1001,1006,3001
16902103,169021,0,0,2,0,60,0,30,1001,1006,3001
16902104,169021,0,0,2,0,60,0,30,1001,1006,3001
16902105,169021,0,0,2,0,60,0,30,1001,1006,3001
16902106,169021,0,0,2,0,60,0,30,1001,1006,3001
16902107,169021,0,0,2,0,60,0,30,1001,1006,3001
16902108,169021,0,0,2,0,60,0,30,1001,1006,3001
16902109,169021,0,0,2,0,60,0,30,1001,1006,3001
16902110,169021,0,0,2,0,60,0,30,1001,1006,3001
16902201,169022,0,0,1.5,0,40,0,0,1001,3001,4001
16902202,169022,0,0,1.5,0,40,0,0,1001,3001,4001
16902203,169022,0,0,1.5,0,40,0,0,1001,3001,4001
16902204,169022,0,0,1.5,0,40,0,0,1001,3001,4001
16902205,169022,0,0,1.5,0,40,0,0,1001,3001,4001
16902206,169022,0,0,1.5,0,40,0,0,1001,3001,4001
16902207,169022,0,0,1.5,0,40,0,0,1001,3001,4001
16902208,169022,0,0,1.5,0,40,0,0,1001,3001,4001
16902209,169022,0,0,1.5,0,40,0,0,1001,3001,4001
16902210,169022,0,0,1.5,0,40,0,0,1001,3001,4001
16902301,169023,0,0,1,0,25,0,0,1001,1006,2003
16902302,169023,0,0,1,0,25,0,0,1001,1006,2003
16902303,169023,0,0,1,0,25,0,0,1001,1006,2003
16902304,169023,0,0,1,0,25,0,0,1001,1006,2003
16902305,169023,0,0,1,0,25,0,0,1001,1006,2003
16902306,169023,0,0,1,0,25,0,0,1001,1006,2003
16902307,169023,0,0,1,0,25,0,0,1001,1006,2003
16902308,169023,0,0,1,0,25,0,0,1001,1006,2003
16902309,169023,0,0,1,0,25,0,0,1001,1006,2003
16902310,169023,0,0,1,0,25,0,0,1001,1006,2003
16921101,169211,0,0,2,0,60,0,30,1001,1006,2008
16921102,169211,0,0,2,0,60,0,30,1001,1006,2008
16921103,169211,0,0,2,0,60,0,30,1001,1006,2008
16921104,169211,0,0,2,0,60,0,30,1001,1006,2008
16921105,169211,0,0,2,0,60,0,30,1001,1006,2008
16921106,169211,0,0,2,0,60,0,30,1001,1006,2008
16921107,169211,0,0,2,0,60,0,30,1001,1006,2008
16921108,169211,0,0,2,0,60,0,30,1001,1006,2008
16921109,169211,0,0,2,0,60,0,30,1001,1006,2008
16921110,169211,0,0,2,0,60,0,30,1001,1006,2008
16921201,169212,0,0,0.5,0,20,0,0,1002,1006,2003
16921202,169212,0,0,0.5,0,20,0,0,1002,1006,2003
16921203,169212,0,0,0.5,0,20,0,0,1002,1006,2003
16921204,169212,0,0,0.5,0,20,0,0,1002,1006,2003
16921205,169212,0,0,0.5,0,20,0,0,1002,1006,2003
16921206,169212,0,0,0.5,0,20,0,0,1002,1006,2003
16921207,169212,0,0,0.5,0,20,0,0,1002,1006,2003
16921208,169212,0,0,0.5,0,20,0,0,1002,1006,2003
16921209,169212,0,0,0.5,0,20,0,0,1002,1006,2003
16921210,169212,0,0,0.5,0,20,0,0,1002,1006,2003
16921301,169213,0,0,0.5,0,45,0,0,2010,2004,3001
16921302,169213,0,0,0.5,0,45,0,0,2010,2004,3001
16921303,169213,0,0,0.5,0,45,0,0,2010,2004,3001
16921304,169213,0,0,0.5,0,45,0,0,2010,2004,3001
16921305,169213,0,0,0.5,0,45,0,0,2010,2004,3001
16921306,169213,0,0,0.5,0,45,0,0,2010,2004,3001
16921307,169213,0,0,0.5,0,45,0,0,2010,2004,3001
16921308,169213,0,0,0.5,0,45,0,0,2010,2004,3001
16921309,169213,0,0,0.5,0,45,0,0,2010,2004,3001
16921310,169213,0,0,0.5,0,45,0,0,2010,2004,3001
17003101,170031,0,0,2,0,50,0,25,1003,1006,4001
17003102,170031,0,0,2,0,50,0,25,1003,1006,4001
17003103,170031,0,0,2,0,50,0,25,1003,1006,4001
17003104,170031,0,0,2,0,50,0,25,1003,1006,4001
17003105,170031,0,0,2,0,50,0,25,1003,1006,4001
17003106,170031,0,0,2,0,50,0,25,1003,1006,4001
17003107,170031,0,0,2,0,50,0,25,1003,1006,4001
17003108,170031,0,0,2,0,50,0,25,1003,1006,4001
17003109,170031,0,0,2,0,50,0,25,1003,1006,4001
17003110,170031,0,0,2,0,50,0,25,1003,1006,4001
17003201,170032,0,0,1,0,50,0,0,1004,1006,2003
17003202,170032,0,0,1,0,50,0,0,1004,1006,2003
17003203,170032,0,0,1,0,50,0,0,1004,1006,2003
17003204,170032,0,0,1,0,50,0,0,1004,1006,2003
17003205,170032,0,0,1,0,50,0,0,1004,1006,2003
17003206,170032,0,0,1,0,50,0,0,1004,1006,2003
17003207,170032,0,0,1,0,50,0,0,1004,1006,2003
17003208,170032,0,0,1,0,50,0,0,1004,1006,2003
17003209,170032,0,0,1,0,50,0,0,1004,1006,2003
17003210,170032,0,0,1,0,50,0,0,1004,1006,2003
17003301,170033,0,0,1,0,30,0,0,1002,1006,2002
17003302,170033,0,0,1,0,30,0,0,1002,1006,2002
17003303,170033,0,0,1,0,30,0,0,1002,1006,2002
17003304,170033,0,0,1,0,30,0,0,1002,1006,2002
17003305,170033,0,0,1,0,30,0,0,1002,1006,2002
17003306,170033,0,0,1,0,30,0,0,1002,1006,2002
17003307,170033,0,0,1,0,30,0,0,1002,1006,2002
17003308,170033,0,0,1,0,30,0,0,1002,1006,2002
17003309,170033,0,0,1,0,30,0,0,1002,1006,2002
17003310,170033,0,0,1,0,30,0,0,1002,1006,2002
17017101,170171,0,0,1.5,0,60,0,30,1001,4001,1005
17017102,170171,0,0,1.5,0,60,0,30,1001,4001,1005
17017103,170171,0,0,1.5,0,60,0,30,1001,4001,1005
17017104,170171,0,0,1.5,0,60,0,30,1001,4001,1005
17017105,170171,0,0,1.5,0,60,0,30,1001,4001,1005
17017106,170171,0,0,1.5,0,60,0,30,1001,4001,1005
17017107,170171,0,0,1.5,0,60,0,30,1001,4001,1005
17017108,170171,0,0,1.5,0,60,0,30,1001,4001,1005
17017109,170171,0,0,1.5,0,60,0,30,1001,4001,1005
17017110,170171,0,0,1.5,0,60,0,30,1001,4001,1005
17017201,170172,0,0,1.5,0,40,0,0,1001,2015,2009
17017202,170172,0,0,1.5,0,40,0,0,1001,2015,2009
17017203,170172,0,0,1.5,0,40,0,0,1001,2015,2009
17017204,170172,0,0,1.5,0,40,0,0,1001,2015,2009
17017205,170172,0,0,1.5,0,40,0,0,1001,2015,2009
17017206,170172,0,0,1.5,0,40,0,0,1001,2015,2009
17017207,170172,0,0,1.5,0,40,0,0,1001,2015,2009
17017208,170172,0,0,1.5,0,40,0,0,1001,2015,2009
17017209,170172,0,0,1.5,0,40,0,0,1001,2015,2009
17017210,170172,0,0,1.5,0,40,0,0,1001,2015,2009
17017301,170173,0,0,1,0,25,0,0,1002,2002,3001
17017302,170173,0,0,1,0,25,0,0,1002,2002,3001
17017303,170173,0,0,1,0,25,0,0,1002,2002,3001
17017304,170173,0,0,1,0,25,0,0,1002,2002,3001
17017305,170173,0,0,1,0,25,0,0,1002,2002,3001
17017306,170173,0,0,1,0,25,0,0,1002,2002,3001
17017307,170173,0,0,1,0,25,0,0,1002,2002,3001
17017308,170173,0,0,1,0,25,0,0,1002,2002,3001
17017309,170173,0,0,1,0,25,0,0,1002,2002,3001
17017310,170173,0,0,1,0,25,0,0,1002,2002,3001
17085101,170851,0,0,2,0,60,0,30,1001,1006,3001
17085102,170851,0,0,2,0,60,0,30,1001,1006,3001
17085103,170851,0,0,2,0,60,0,30,1001,1006,3001
17085104,170851,0,0,2,0,60,0,30,1001,1006,3001
17085105,170851,0,0,2,0,60,0,30,1001,1006,3001
17085106,170851,0,0,2,0,60,0,30,1001,1006,3001
17085107,170851,0,0,2,0,60,0,30,1001,1006,3001
17085108,170851,0,0,2,0,60,0,30,1001,1006,3001
17085109,170851,0,0,2,0,60,0,30,1001,1006,3001
17085110,170851,0,0,2,0,60,0,30,1001,1006,3001
17085201,170852,0,0,1.5,0,40,0,0,1003,1006,3001
17085202,170852,0,0,1.5,0,40,0,0,1003,1006,3001
17085203,170852,0,0,1.5,0,40,0,0,1003,1006,3001
17085204,170852,0,0,1.5,0,40,0,0,1003,1006,3001
17085205,170852,0,0,1.5,0,40,0,0,1003,1006,3001
17085206,170852,0,0,1.5,0,40,0,0,1003,1006,3001
17085207,170852,0,0,1.5,0,40,0,0,1003,1006,3001
17085208,170852,0,0,1.5,0,40,0,0,1003,1006,3001
17085209,170852,0,0,1.5,0,40,0,0,1003,1006,3001
17085210,170852,0,0,1.5,0,40,0,0,1003,1006,3001
17085301,170853,0,0,1,0,25,0,0,1002,2002,3001
17085302,170853,0,0,1,0,25,0,0,1002,2002,3001
17085303,170853,0,0,1,0,25,0,0,1002,2002,3001
17085304,170853,0,0,1,0,25,0,0,1002,2002,3001
17085305,170853,0,0,1,0,25,0,0,1002,2002,3001
17085306,170853,0,0,1,0,25,0,0,1002,2002,3001
17085307,170853,0,0,1,0,25,0,0,1002,2002,3001
17085308,170853,0,0,1,0,25,0,0,1002,2002,3001
17085309,170853,0,0,1,0,25,0,0,1002,2002,3001
17085310,170853,0,0,1,0,25,0,0,1002,2002,3001
17101101,171011,0,0,2,0,60,0,30,1001,1006,2015
17101102,171011,0,0,2,0,60,0,30,1001,1006,2015
17101103,171011,0,0,2,0,60,0,30,1001,1006,2015
17101104,171011,0,0,2,0,60,0,30,1001,1006,2015
17101105,171011,0,0,2,0,60,0,30,1001,1006,2015
17101106,171011,0,0,2,0,60,0,30,1001,1006,2015
17101107,171011,0,0,2,0,60,0,30,1001,1006,2015
17101108,171011,0,0,2,0,60,0,30,1001,1006,2015
17101109,171011,0,0,2,0,60,0,30,1001,1006,2015
17101110,171011,0,0,2,0,60,0,30,1001,1006,2015
17101201,171012,0,0,2,0,40,0,0,1002,2003,4003
17101202,171012,0,0,2,0,40,0,0,1002,2003,4003
17101203,171012,0,0,2,0,40,0,0,1002,2003,4003
17101204,171012,0,0,2,0,40,0,0,1002,2003,4003
17101205,171012,0,0,2,0,40,0,0,1002,2003,4003
17101206,171012,0,0,2,0,40,0,0,1002,2003,4003
17101207,171012,0,0,2,0,40,0,0,1002,2003,4003
17101208,171012,0,0,2,0,40,0,0,1002,2003,4003
17101209,171012,0,0,2,0,40,0,0,1002,2003,4003
17101210,171012,0,0,2,0,40,0,0,1002,2003,4003
17101301,171013,0,0,1,0,35,0,0,1001,1006,4001
17101302,171013,0,0,1,0,35,0,0,1001,1006,4001
17101303,171013,0,0,1,0,35,0,0,1001,1006,4001
17101304,171013,0,0,1,0,35,0,0,1001,1006,4001
17101305,171013,0,0,1,0,35,0,0,1001,1006,4001
17101306,171013,0,0,1,0,35,0,0,1001,1006,4001
17101307,171013,0,0,1,0,35,0,0,1001,1006,4001
17101308,171013,0,0,1,0,35,0,0,1001,1006,4001
17101309,171013,0,0,1,0,35,0,0,1001,1006,4001
17101310,171013,0,0,1,0,35,0,0,1001,1006,4001
17116101,171161,0,0,2,0,60,0,30,1001,1006,2008
17116102,171161,0,0,2,0,60,0,30,1001,1006,2008
17116103,171161,0,0,2,0,60,0,30,1001,1006,2008
17116104,171161,0,0,2,0,60,0,30,1001,1006,2008
17116105,171161,0,0,2,0,60,0,30,1001,1006,2008
17116106,171161,0,0,2,0,60,0,30,1001,1006,2008
17116107,171161,0,0,2,0,60,0,30,1001,1006,2008
17116108,171161,0,0,2,0,60,0,30,1001,1006,2008
17116109,171161,0,0,2,0,60,0,30,1001,1006,2008
17116110,171161,0,0,2,0,60,0,30,1001,1006,2008
17116201,171162,0,0,0.5,0,45,0,0,1002,1005,2002
17116202,171162,0,0,0.5,0,45,0,0,1002,1005,2002
17116203,171162,0,0,0.5,0,45,0,0,1002,1005,2002
17116204,171162,0,0,0.5,0,45,0,0,1002,1005,2002
17116205,171162,0,0,0.5,0,45,0,0,1002,1005,2002
17116206,171162,0,0,0.5,0,45,0,0,1002,1005,2002
17116207,171162,0,0,0.5,0,45,0,0,1002,1005,2002
17116208,171162,0,0,0.5,0,45,0,0,1002,1005,2002
17116209,171162,0,0,0.5,0,45,0,0,1002,1005,2002
17116210,171162,0,0,0.5,0,45,0,0,1002,1005,2002
17116301,171163,0,0,0.5,0,20,0,0,1001,1006,3001
17116302,171163,0,0,0.5,0,20,0,0,1001,1006,3001
17116303,171163,0,0,0.5,0,20,0,0,1001,1006,3001
17116304,171163,0,0,0.5,0,20,0,0,1001,1006,3001
17116305,171163,0,0,0.5,0,20,0,0,1001,1006,3001
17116306,171163,0,0,0.5,0,20,0,0,1001,1006,3001
17116307,171163,0,0,0.5,0,20,0,0,1001,1006,3001
17116308,171163,0,0,0.5,0,20,0,0,1001,1006,3001
17116309,171163,0,0,0.5,0,20,0,0,1001,1006,3001
17116310,171163,0,0,0.5,0,20,0,0,1001,1006,3001
17218101,172181,0,0,2,0,50,0,25,1001,1006,3002
17218102,172181,0,0,2,0,50,0,25,1001,1006,3002
17218103,172181,0,0,2,0,50,0,25,1001,1006,3002
17218104,172181,0,0,2,0,50,0,25,1001,1006,3002
17218105,172181,0,0,2,0,50,0,25,1001,1006,3002
17218106,172181,0,0,2,0,50,0,25,1001,1006,3002
17218107,172181,0,0,2,0,50,0,25,1001,1006,3002
17218108,172181,0,0,2,0,50,0,25,1001,1006,3002
17218109,172181,0,0,2,0,50,0,25,1001,1006,3002
17218110,172181,0,0,2,0,50,0,25,1001,1006,3002
17218201,172182,0,0,1.5,0,40,0,0,1002,2003,3001
17218202,172182,0,0,1.5,0,40,0,0,1002,2003,3001
17218203,172182,0,0,1.5,0,40,0,0,1002,2003,3001
17218204,172182,0,0,1.5,0,40,0,0,1002,2003,3001
17218205,172182,0,0,1.5,0,40,0,0,1002,2003,3001
17218206,172182,0,0,1.5,0,40,0,0,1002,2003,3001
17218207,172182,0,0,1.5,0,40,0,0,1002,2003,3001
17218208,172182,0,0,1.5,0,40,0,0,1002,2003,3001
17218209,172182,0,0,1.5,0,40,0,0,1002,2003,3001
17218210,172182,0,0,1.5,0,40,0,0,1002,2003,3001
17218301,172183,0,0,1,0,25,0,0,1002,2018,2014
17218302,172183,0,0,1,0,25,0,0,1002,2018,2014
17218303,172183,0,0,1,0,25,0,0,1002,2018,2014
17218304,172183,0,0,1,0,25,0,0,1002,2018,2014
17218305,172183,0,0,1,0,25,0,0,1002,2018,2014
17218306,172183,0,0,1,0,25,0,0,1002,2018,2014
17218307,172183,0,0,1,0,25,0,0,1002,2018,2014
17218308,172183,0,0,1,0,25,0,0,1002,2018,2014
17218309,172183,0,0,1,0,25,0,0,1002,2018,2014
17218310,172183,0,0,1,0,25,0,0,1002,2018,2014
17304101,173041,0,0,2,0,60,0,30,1001,1006,3002
17304102,173041,0,0,2,0,60,0,30,1001,1006,3002
17304103,173041,0,0,2,0,60,0,30,1001,1006,3002
17304104,173041,0,0,2,0,60,0,30,1001,1006,3002
17304105,173041,0,0,2,0,60,0,30,1001,1006,3002
17304106,173041,0,0,2,0,60,0,30,1001,1006,3002
17304107,173041,0,0,2,0,60,0,30,1001,1006,3002
17304108,173041,0,0,2,0,60,0,30,1001,1006,3002
17304109,173041,0,0,2,0,60,0,30,1001,1006,3002
17304110,173041,0,0,2,0,60,0,30,1001,1006,3002
17304201,173042,0,0,1.5,0,40,0,0,1002,1006,4001
17304202,173042,0,0,1.5,0,40,0,0,1002,1006,4001
17304203,173042,0,0,1.5,0,40,0,0,1002,1006,4001
17304204,173042,0,0,1.5,0,40,0,0,1002,1006,4001
17304205,173042,0,0,1.5,0,40,0,0,1002,1006,4001
17304206,173042,0,0,1.5,0,40,0,0,1002,1006,4001
17304207,173042,0,0,1.5,0,40,0,0,1002,1006,4001
17304208,173042,0,0,1.5,0,40,0,0,1002,1006,4001
17304209,173042,0,0,1.5,0,40,0,0,1002,1006,4001
17304210,173042,0,0,1.5,0,40,0,0,1002,1006,4001
17304301,173043,0,0,0.5,0,25,0,0,1002,1006,3001
17304302,173043,0,0,0.5,0,25,0,0,1002,1006,3001
17304303,173043,0,0,0.5,0,25,0,0,1002,1006,3001
17304304,173043,0,0,0.5,0,25,0,0,1002,1006,3001
17304305,173043,0,0,0.5,0,25,0,0,1002,1006,3001
17304306,173043,0,0,0.5,0,25,0,0,1002,1006,3001
17304307,173043,0,0,0.5,0,25,0,0,1002,1006,3001
17304308,173043,0,0,0.5,0,25,0,0,1002,1006,3001
17304309,173043,0,0,0.5,0,25,0,0,1002,1006,3001
17304310,173043,0,0,0.5,0,25,0,0,1002,1006,3001
17406101,174061,0,0,2,0,50,0,25,1002,1006,1007
17406102,174061,0,0,2,0,50,0,25,1002,1006,1007
17406103,174061,0,0,2,0,50,0,25,1002,1006,1007
17406104,174061,0,0,2,0,50,0,25,1002,1006,1007
17406105,174061,0,0,2,0,50,0,25,1002,1006,1007
17406106,174061,0,0,2,0,50,0,25,1002,1006,1007
17406107,174061,0,0,2,0,50,0,25,1002,1006,1007
17406108,174061,0,0,2,0,50,0,25,1002,1006,1007
17406109,174061,0,0,2,0,50,0,25,1002,1006,1007
17406110,174061,0,0,2,0,50,0,25,1002,1006,1007
17406201,174062,0,0,1.5,0,35,0,0,1002,1007,4001
17406202,174062,0,0,1.5,0,35,0,0,1002,1007,4001
17406203,174062,0,0,1.5,0,35,0,0,1002,1007,4001
17406204,174062,0,0,1.5,0,35,0,0,1002,1007,4001
17406205,174062,0,0,1.5,0,35,0,0,1002,1007,4001
17406206,174062,0,0,1.5,0,35,0,0,1002,1007,4001
17406207,174062,0,0,1.5,0,35,0,0,1002,1007,4001
17406208,174062,0,0,1.5,0,35,0,0,1002,1007,4001
17406209,174062,0,0,1.5,0,35,0,0,1002,1007,4001
17406210,174062,0,0,1.5,0,35,0,0,1002,1007,4001
17406301,174063,0,0,1,0,30,0,0,1002,2015,2014
17406302,174063,0,0,1,0,30,0,0,1002,2015,2014
17406303,174063,0,0,1,0,30,0,0,1002,2015,2014
17406304,174063,0,0,1,0,30,0,0,1002,2015,2014
17406305,174063,0,0,1,0,30,0,0,1002,2015,2014
17406306,174063,0,0,1,0,30,0,0,1002,2015,2014
17406307,174063,0,0,1,0,30,0,0,1002,2015,2014
17406308,174063,0,0,1,0,30,0,0,1002,2015,2014
17406309,174063,0,0,1,0,30,0,0,1002,2015,2014
17406310,174063,0,0,1,0,30,0,0,1002,2015,2014
17417101,174171,0,0,2,0,60,0,30,1001,1006,2003
17417102,174171,0,0,2,0,60,0,30,1001,1006,2003
17417103,174171,0,0,2,0,60,0,30,1001,1006,2003
17417104,174171,0,0,2,0,60,0,30,1001,1006,2003
17417105,174171,0,0,2,0,60,0,30,1001,1006,2003
17417106,174171,0,0,2,0,60,0,30,1001,1006,2003
17417107,174171,0,0,2,0,60,0,30,1001,1006,2003
17417108,174171,0,0,2,0,60,0,30,1001,1006,2003
17417109,174171,0,0,2,0,60,0,30,1001,1006,2003
17417110,174171,0,0,2,0,60,0,30,1001,1006,2003
17417201,174172,0,0,2,0,50,0,0,1001,1006,3002
17417202,174172,0,0,2,0,50,0,0,1001,1006,3002
17417203,174172,0,0,2,0,50,0,0,1001,1006,3002
17417204,174172,0,0,2,0,50,0,0,1001,1006,3002
17417205,174172,0,0,2,0,50,0,0,1001,1006,3002
17417206,174172,0,0,2,0,50,0,0,1001,1006,3002
17417207,174172,0,0,2,0,50,0,0,1001,1006,3002
17417208,174172,0,0,2,0,50,0,0,1001,1006,3002
17417209,174172,0,0,2,0,50,0,0,1001,1006,3002
17417210,174172,0,0,2,0,50,0,0,1001,1006,3002
17417301,174173,0,0,1.5,0,40,0,0,1001,4001,0
17417302,174173,0,0,1.5,0,40,0,0,1001,4001,0
17417303,174173,0,0,1.5,0,40,0,0,1001,4001,0
17417304,174173,0,0,1.5,0,40,0,0,1001,4001,0
17417305,174173,0,0,1.5,0,40,0,0,1001,4001,0
17417306,174173,0,0,1.5,0,40,0,0,1001,4001,0
17417307,174173,0,0,1.5,0,40,0,0,1001,4001,0
17417308,174173,0,0,1.5,0,40,0,0,1001,4001,0
17417309,174173,0,0,1.5,0,40,0,0,1001,4001,0
17417310,174173,0,0,1.5,0,40,0,0,1001,4001,0
17585101,175851,0,0,2,0,45,0,22.5,1002,1006,2015
17585102,175851,0,0,2,0,45,0,22.5,1002,1006,2015
17585103,175851,0,0,2,0,45,0,22.5,1002,1006,2015
17585104,175851,0,0,2,0,45,0,22.5,1002,1006,2015
17585105,175851,0,0,2,0,45,0,22.5,1002,1006,2015
17585106,175851,0,0,2,0,45,0,22.5,1002,1006,2015
17585107,175851,0,0,2,0,45,0,22.5,1002,1006,2015
17585108,175851,0,0,2,0,45,0,22.5,1002,1006,2015
17585109,175851,0,0,2,0,45,0,22.5,1002,1006,2015
17585110,175851,0,0,2,0,45,0,22.5,1002,1006,2015
17585201,175852,0,0,0.5,0,20,0,0,1002,1006,3002
17585202,175852,0,0,0.5,0,20,0,0,1002,1006,3002
17585203,175852,0,0,0.5,0,20,0,0,1002,1006,3002
17585204,175852,0,0,0.5,0,20,0,0,1002,1006,3002
17585205,175852,0,0,0.5,0,20,0,0,1002,1006,3002
17585206,175852,0,0,0.5,0,20,0,0,1002,1006,3002
17585207,175852,0,0,0.5,0,20,0,0,1002,1006,3002
17585208,175852,0,0,0.5,0,20,0,0,1002,1006,3002
17585209,175852,0,0,0.5,0,20,0,0,1002,1006,3002
17585210,175852,0,0,0.5,0,20,0,0,1002,1006,3002
17585301,175853,0,0,0.5,0,10,0,0,1002,1006,3001
17585302,175853,0,0,0.5,0,10,0,0,1002,1006,3001
17585303,175853,0,0,0.5,0,10,0,0,1002,1006,3001
17585304,175853,0,0,0.5,0,10,0,0,1002,1006,3001
17585305,175853,0,0,0.5,0,10,0,0,1002,1006,3001
17585306,175853,0,0,0.5,0,10,0,0,1002,1006,3001
17585307,175853,0,0,0.5,0,10,0,0,1002,1006,3001
17585308,175853,0,0,0.5,0,10,0,0,1002,1006,3001
17585309,175853,0,0,0.5,0,10,0,0,1002,1006,3001
17585310,175853,0,0,0.5,0,10,0,0,1002,1006,3001
17606101,176061,0,0,2,0,45,0,22.5,1003,1006,3002
17606102,176061,0,0,2,0,45,0,22.5,1003,1006,3002
17606103,176061,0,0,2,0,45,0,22.5,1003,1006,3002
17606104,176061,0,0,2,0,45,0,22.5,1003,1006,3002
17606105,176061,0,0,2,0,45,0,22.5,1003,1006,3002
17606106,176061,0,0,2,0,45,0,22.5,1003,1006,3002
17606107,176061,0,0,2,0,45,0,22.5,1003,1006,3002
17606108,176061,0,0,2,0,45,0,22.5,1003,1006,3002
17606109,176061,0,0,2,0,45,0,22.5,1003,1006,3002
17606110,176061,0,0,2,0,45,0,22.5,1003,1006,3002
17606201,176062,0,0,1,0,35,0,0,1003,1006,3001
17606202,176062,0,0,1,0,35,0,0,1003,1006,3001
17606203,176062,0,0,1,0,35,0,0,1003,1006,3001
17606204,176062,0,0,1,0,35,0,0,1003,1006,3001
17606205,176062,0,0,1,0,35,0,0,1003,1006,3001
17606206,176062,0,0,1,0,35,0,0,1003,1006,3001
17606207,176062,0,0,1,0,35,0,0,1003,1006,3001
17606208,176062,0,0,1,0,35,0,0,1003,1006,3001
17606209,176062,0,0,1,0,35,0,0,1003,1006,3001
17606210,176062,0,0,1,0,35,0,0,1003,1006,3001
17606301,176063,0,0,0.5,0,25,0,0,1002,2002,3001
17606302,176063,0,0,0.5,0,25,0,0,1002,2002,3001
17606303,176063,0,0,0.5,0,25,0,0,1002,2002,3001
17606304,176063,0,0,0.5,0,25,0,0,1002,2002,3001
17606305,176063,0,0,0.5,0,25,0,0,1002,2002,3001
17606306,176063,0,0,0.5,0,25,0,0,1002,2002,3001
17606307,176063,0,0,0.5,0,25,0,0,1002,2002,3001
17606308,176063,0,0,0.5,0,25,0,0,1002,2002,3001
17606309,176063,0,0,0.5,0,25,0,0,1002,2002,3001
17606310,176063,0,0,0.5,0,25,0,0,1002,2002,3001
17607101,176071,0,0,2,0,60,0,30,1001,1005,2003
17607102,176071,0,0,2,0,60,0,30,1001,1005,2003
17607103,176071,0,0,2,0,60,0,30,1001,1005,2003
17607104,176071,0,0,2,0,60,0,30,1001,1005,2003
17607105,176071,0,0,2,0,60,0,30,1001,1005,2003
17607106,176071,0,0,2,0,60,0,30,1001,1005,2003
17607107,176071,0,0,2,0,60,0,30,1001,1005,2003
17607108,176071,0,0,2,0,60,0,30,1001,1005,2003
17607109,176071,0,0,2,0,60,0,30,1001,1005,2003
17607110,176071,0,0,2,0,60,0,30,1001,1005,2003
17607201,176072,0,0,1.5,0,40,0,0,1002,2015,2002
17607202,176072,0,0,1.5,0,40,0,0,1002,2015,2002
17607203,176072,0,0,1.5,0,40,0,0,1002,2015,2002
17607204,176072,0,0,1.5,0,40,0,0,1002,2015,2002
17607205,176072,0,0,1.5,0,40,0,0,1002,2015,2002
17607206,176072,0,0,1.5,0,40,0,0,1002,2015,2002
17607207,176072,0,0,1.5,0,40,0,0,1002,2015,2002
17607208,176072,0,0,1.5,0,40,0,0,1002,2015,2002
17607209,176072,0,0,1.5,0,40,0,0,1002,2015,2002
17607210,176072,0,0,1.5,0,40,0,0,1002,2015,2002
17607301,176073,0,0,1,0,40,0,0,1002,2003,3002
17607302,176073,0,0,1,0,40,0,0,1002,2003,3002
17607303,176073,0,0,1,0,40,0,0,1002,2003,3002
17607304,176073,0,0,1,0,40,0,0,1002,2003,3002
17607305,176073,0,0,1,0,40,0,0,1002,2003,3002
17607306,176073,0,0,1,0,40,0,0,1002,2003,3002
17607307,176073,0,0,1,0,40,0,0,1002,2003,3002
17607308,176073,0,0,1,0,40,0,0,1002,2003,3002
17607309,176073,0,0,1,0,40,0,0,1002,2003,3002
17607310,176073,0,0,1,0,40,0,0,1002,2003,3002
17716101,177161,0,0,2,0,60,0,30,1001,1006,5004
17716102,177161,0,0,2,0,60,0,30,1001,1006,5004
17716103,177161,0,0,2,0,60,0,30,1001,1006,5004
17716104,177161,0,0,2,0,60,0,30,1001,1006,5004
17716105,177161,0,0,2,0,60,0,30,1001,1006,5004
17716106,177161,0,0,2,0,60,0,30,1001,1006,5004
17716107,177161,0,0,2,0,60,0,30,1001,1006,5004
17716108,177161,0,0,2,0,60,0,30,1001,1006,5004
17716109,177161,0,0,2,0,60,0,30,1001,1006,5004
17716110,177161,0,0,2,0,60,0,30,1001,1006,5004
17716201,177162,0,0,1,0,40,0,0,2015,2004,3001
17716202,177162,0,0,1,0,40,0,0,2015,2004,3001
17716203,177162,0,0,1,0,40,0,0,2015,2004,3001
17716204,177162,0,0,1,0,40,0,0,2015,2004,3001
17716205,177162,0,0,1,0,40,0,0,2015,2004,3001
17716206,177162,0,0,1,0,40,0,0,2015,2004,3001
17716207,177162,0,0,1,0,40,0,0,2015,2004,3001
17716208,177162,0,0,1,0,40,0,0,2015,2004,3001
17716209,177162,0,0,1,0,40,0,0,2015,2004,3001
17716210,177162,0,0,1,0,40,0,0,2015,2004,3001
17716301,177163,0,0,0.5,0,55,0,0,1002,2003,2013
17716302,177163,0,0,0.5,0,55,0,0,1002,2003,2013
17716303,177163,0,0,0.5,0,55,0,0,1002,2003,2013
17716304,177163,0,0,0.5,0,55,0,0,1002,2003,2013
17716305,177163,0,0,0.5,0,55,0,0,1002,2003,2013
17716306,177163,0,0,0.5,0,55,0,0,1002,2003,2013
17716307,177163,0,0,0.5,0,55,0,0,1002,2003,2013
17716308,177163,0,0,0.5,0,55,0,0,1002,2003,2013
17716309,177163,0,0,0.5,0,55,0,0,1002,2003,2013
17716310,177163,0,0,0.5,0,55,0,0,1002,2003,2013
17801101,178011,0,0,2,0,50,0,25,1001,4001,0
17801102,178011,0,0,2,0,50,0,25,1001,4001,0
17801103,178011,0,0,2,0,50,0,25,1001,4001,0
17801104,178011,0,0,2,0,50,0,25,1001,4001,0
17801105,178011,0,0,2,0,50,0,25,1001,4001,0
17801106,178011,0,0,2,0,50,0,25,1001,4001,0
17801107,178011,0,0,2,0,50,0,25,1001,4001,0
17801108,178011,0,0,2,0,50,0,25,1001,4001,0
17801109,178011,0,0,2,0,50,0,25,1001,4001,0
17801110,178011,0,0,2,0,50,0,25,1001,4001,0
17801201,178012,0,0,1.5,0,40,0,0,1002,4001,2004
17801202,178012,0,0,1.5,0,40,0,0,1002,4001,2004
17801203,178012,0,0,1.5,0,40,0,0,1002,4001,2004
17801204,178012,0,0,1.5,0,40,0,0,1002,4001,2004
17801205,178012,0,0,1.5,0,40,0,0,1002,4001,2004
17801206,178012,0,0,1.5,0,40,0,0,1002,4001,2004
17801207,178012,0,0,1.5,0,40,0,0,1002,4001,2004
17801208,178012,0,0,1.5,0,40,0,0,1002,4001,2004
17801209,178012,0,0,1.5,0,40,0,0,1002,4001,2004
17801210,178012,0,0,1.5,0,40,0,0,1002,4001,2004
17801301,178013,0,0,0.5,0,40,0,0,1002,2003,2015
17801302,178013,0,0,0.5,0,40,0,0,1002,2003,2015
17801303,178013,0,0,0.5,0,40,0,0,1002,2003,2015
17801304,178013,0,0,0.5,0,40,0,0,1002,2003,2015
17801305,178013,0,0,0.5,0,40,0,0,1002,2003,2015
17801306,178013,0,0,0.5,0,40,0,0,1002,2003,2015
17801307,178013,0,0,0.5,0,40,0,0,1002,2003,2015
17801308,178013,0,0,0.5,0,40,0,0,1002,2003,2015
17801309,178013,0,0,0.5,0,40,0,0,1002,2003,2015
17801310,178013,0,0,0.5,0,40,0,0,1002,2003,2015
17904101,179041,0,0,2,0,60,0,30,1004,1006,4001
17904102,179041,0,0,2,0,60,0,30,1004,1006,4001
17904103,179041,0,0,2,0,60,0,30,1004,1006,4001
17904104,179041,0,0,2,0,60,0,30,1004,1006,4001
17904105,179041,0,0,2,0,60,0,30,1004,1006,4001
17904106,179041,0,0,2,0,60,0,30,1004,1006,4001
17904107,179041,0,0,2,0,60,0,30,1004,1006,4001
17904108,179041,0,0,2,0,60,0,30,1004,1006,4001
17904109,179041,0,0,2,0,60,0,30,1004,1006,4001
17904110,179041,0,0,2,0,60,0,30,1004,1006,4001
17904201,179042,0,0,1,0,30,0,0,1002,1006,2018
17904202,179042,0,0,1,0,30,0,0,1002,1006,2018
17904203,179042,0,0,1,0,30,0,0,1002,1006,2018
17904204,179042,0,0,1,0,30,0,0,1002,1006,2018
17904205,179042,0,0,1,0,30,0,0,1002,1006,2018
17904206,179042,0,0,1,0,30,0,0,1002,1006,2018
17904207,179042,0,0,1,0,30,0,0,1002,1006,2018
17904208,179042,0,0,1,0,30,0,0,1002,1006,2018
17904209,179042,0,0,1,0,30,0,0,1002,1006,2018
17904210,179042,0,0,1,0,30,0,0,1002,1006,2018
17904301,179043,0,0,0.5,0,45,0,0,1002,2015,2002
17904302,179043,0,0,0.5,0,45,0,0,1002,2015,2002
17904303,179043,0,0,0.5,0,45,0,0,1002,2015,2002
17904304,179043,0,0,0.5,0,45,0,0,1002,2015,2002
17904305,179043,0,0,0.5,0,45,0,0,1002,2015,2002
17904306,179043,0,0,0.5,0,45,0,0,1002,2015,2002
17904307,179043,0,0,0.5,0,45,0,0,1002,2015,2002
17904308,179043,0,0,0.5,0,45,0,0,1002,2015,2002
17904309,179043,0,0,0.5,0,45,0,0,1002,2015,2002
17904310,179043,0,0,0.5,0,45,0,0,1002,2015,2002
17907101,179071,0,0,2,0,50,0,25,1001,1006,3001
17907102,179071,0,0,2,0,50,0,25,1001,1006,3001
17907103,179071,0,0,2,0,50,0,25,1001,1006,3001
17907104,179071,0,0,2,0,50,0,25,1001,1006,3001
17907105,179071,0,0,2,0,50,0,25,1001,1006,3001
17907106,179071,0,0,2,0,50,0,25,1001,1006,3001
17907107,179071,0,0,2,0,50,0,25,1001,1006,3001
17907108,179071,0,0,2,0,50,0,25,1001,1006,3001
17907109,179071,0,0,2,0,50,0,25,1001,1006,3001
17907110,179071,0,0,2,0,50,0,25,1001,1006,3001
17907201,179072,0,0,1.5,0,30,0,0,1001,1006,2009
17907202,179072,0,0,1.5,0,30,0,0,1001,1006,2009
17907203,179072,0,0,1.5,0,30,0,0,1001,1006,2009
17907204,179072,0,0,1.5,0,30,0,0,1001,1006,2009
17907205,179072,0,0,1.5,0,30,0,0,1001,1006,2009
17907206,179072,0,0,1.5,0,30,0,0,1001,1006,2009
17907207,179072,0,0,1.5,0,30,0,0,1001,1006,2009
17907208,179072,0,0,1.5,0,30,0,0,1001,1006,2009
17907209,179072,0,0,1.5,0,30,0,0,1001,1006,2009
17907210,179072,0,0,1.5,0,30,0,0,1001,1006,2009
17907301,179073,0,0,0.5,0,20,0,0,1001,4001,2003
17907302,179073,0,0,0.5,0,20,0,0,1001,4001,2003
17907303,179073,0,0,0.5,0,20,0,0,1001,4001,2003
17907304,179073,0,0,0.5,0,20,0,0,1001,4001,2003
17907305,179073,0,0,0.5,0,20,0,0,1001,4001,2003
17907306,179073,0,0,0.5,0,20,0,0,1001,4001,2003
17907307,179073,0,0,0.5,0,20,0,0,1001,4001,2003
17907308,179073,0,0,0.5,0,20,0,0,1001,4001,2003
17907309,179073,0,0,0.5,0,20,0,0,1001,4001,2003
17907310,179073,0,0,0.5,0,20,0,0,1001,4001,2003
18018101,180181,0,0,2,0,60,0,30,1001,1006,2015
18018102,180181,0,0,2,0,60,0,30,1001,1006,2015
18018103,180181,0,0,2,0,60,0,30,1001,1006,2015
18018104,180181,0,0,2,0,60,0,30,1001,1006,2015
18018105,180181,0,0,2,0,60,0,30,1001,1006,2015
18018106,180181,0,0,2,0,60,0,30,1001,1006,2015
18018107,180181,0,0,2,0,60,0,30,1001,1006,2015
18018108,180181,0,0,2,0,60,0,30,1001,1006,2015
18018109,180181,0,0,2,0,60,0,30,1001,1006,2015
18018110,180181,0,0,2,0,60,0,30,1001,1006,2015
18018201,180182,0,0,1.5,0,40,0,0,1003,1006,4001
18018202,180182,0,0,1.5,0,40,0,0,1003,1006,4001
18018203,180182,0,0,1.5,0,40,0,0,1003,1006,4001
18018204,180182,0,0,1.5,0,40,0,0,1003,1006,4001
18018205,180182,0,0,1.5,0,40,0,0,1003,1006,4001
18018206,180182,0,0,1.5,0,40,0,0,1003,1006,4001
18018207,180182,0,0,1.5,0,40,0,0,1003,1006,4001
18018208,180182,0,0,1.5,0,40,0,0,1003,1006,4001
18018209,180182,0,0,1.5,0,40,0,0,1003,1006,4001
18018210,180182,0,0,1.5,0,40,0,0,1003,1006,4001
18018301,180183,0,0,0.5,0,15,0,0,1003,1005,2002
18018302,180183,0,0,0.5,0,15,0,0,1003,1005,2002
18018303,180183,0,0,0.5,0,15,0,0,1003,1005,2002
18018304,180183,0,0,0.5,0,15,0,0,1003,1005,2002
18018305,180183,0,0,0.5,0,15,0,0,1003,1005,2002
18018306,180183,0,0,0.5,0,15,0,0,1003,1005,2002
18018307,180183,0,0,0.5,0,15,0,0,1003,1005,2002
18018308,180183,0,0,0.5,0,15,0,0,1003,1005,2002
18018309,180183,0,0,0.5,0,15,0,0,1003,1005,2002
18018310,180183,0,0,0.5,0,15,0,0,1003,1005,2002
18106101,181061,0,0,2,0,60,0,30,1001,1006,4001
18106102,181061,0,0,2,0,60,0,30,1001,1006,4001
18106103,181061,0,0,2,0,60,0,30,1001,1006,4001
18106104,181061,0,0,2,0,60,0,30,1001,1006,4001
18106105,181061,0,0,2,0,60,0,30,1001,1006,4001
18106106,181061,0,0,2,0,60,0,30,1001,1006,4001
18106107,181061,0,0,2,0,60,0,30,1001,1006,4001
18106108,181061,0,0,2,0,60,0,30,1001,1006,4001
18106109,181061,0,0,2,0,60,0,30,1001,1006,4001
18106110,181061,0,0,2,0,60,0,30,1001,1006,4001
18106201,181062,0,0,1.5,0,45,0,0,1001,1006,2002
18106202,181062,0,0,1.5,0,45,0,0,1001,1006,2002
18106203,181062,0,0,1.5,0,45,0,0,1001,1006,2002
18106204,181062,0,0,1.5,0,45,0,0,1001,1006,2002
18106205,181062,0,0,1.5,0,45,0,0,1001,1006,2002
18106206,181062,0,0,1.5,0,45,0,0,1001,1006,2002
18106207,181062,0,0,1.5,0,45,0,0,1001,1006,2002
18106208,181062,0,0,1.5,0,45,0,0,1001,1006,2002
18106209,181062,0,0,1.5,0,45,0,0,1001,1006,2002
18106210,181062,0,0,1.5,0,45,0,0,1001,1006,2002
18106301,181063,0,0,1,0,30,0,0,1001,2018,3002
18106302,181063,0,0,1,0,30,0,0,1001,2018,3002
18106303,181063,0,0,1,0,30,0,0,1001,2018,3002
18106304,181063,0,0,1,0,30,0,0,1001,2018,3002
18106305,181063,0,0,1,0,30,0,0,1001,2018,3002
18106306,181063,0,0,1,0,30,0,0,1001,2018,3002
18106307,181063,0,0,1,0,30,0,0,1001,2018,3002
18106308,181063,0,0,1,0,30,0,0,1001,2018,3002
18106309,181063,0,0,1,0,30,0,0,1001,2018,3002
18106310,181063,0,0,1,0,30,0,0,1001,2018,3002
18117101,181171,0,0,2,0,50,0,25,1001,1006,4001
18117102,181171,0,0,2,0,50,0,25,1001,1006,4001
18117103,181171,0,0,2,0,50,0,25,1001,1006,4001
18117104,181171,0,0,2,0,50,0,25,1001,1006,4001
18117105,181171,0,0,2,0,50,0,25,1001,1006,4001
18117106,181171,0,0,2,0,50,0,25,1001,1006,4001
18117107,181171,0,0,2,0,50,0,25,1001,1006,4001
18117108,181171,0,0,2,0,50,0,25,1001,1006,4001
18117109,181171,0,0,2,0,50,0,25,1001,1006,4001
18117110,181171,0,0,2,0,50,0,25,1001,1006,4001
18117201,181172,0,0,1.5,0,30,0,0,1002,1005,3001
18117202,181172,0,0,1.5,0,30,0,0,1002,1005,3001
18117203,181172,0,0,1.5,0,30,0,0,1002,1005,3001
18117204,181172,0,0,1.5,0,30,0,0,1002,1005,3001
18117205,181172,0,0,1.5,0,30,0,0,1002,1005,3001
18117206,181172,0,0,1.5,0,30,0,0,1002,1005,3001
18117207,181172,0,0,1.5,0,30,0,0,1002,1005,3001
18117208,181172,0,0,1.5,0,30,0,0,1002,1005,3001
18117209,181172,0,0,1.5,0,30,0,0,1002,1005,3001
18117210,181172,0,0,1.5,0,30,0,0,1002,1005,3001
18117301,181173,0,0,1,0,30,0,0,1004,3001,2002
18117302,181173,0,0,1,0,30,0,0,1004,3001,2002
18117303,181173,0,0,1,0,30,0,0,1004,3001,2002
18117304,181173,0,0,1,0,30,0,0,1004,3001,2002
18117305,181173,0,0,1,0,30,0,0,1004,3001,2002
18117306,181173,0,0,1,0,30,0,0,1004,3001,2002
18117307,181173,0,0,1,0,30,0,0,1004,3001,2002
18117308,181173,0,0,1,0,30,0,0,1004,3001,2002
18117309,181173,0,0,1,0,30,0,0,1004,3001,2002
18117310,181173,0,0,1,0,30,0,0,1004,3001,2002
18202101,182021,0,0,2,0,60,0,30,1003,1006,0
18202102,182021,0,0,2,0,60,0,30,1003,1006,0
18202103,182021,0,0,2,0,60,0,30,1003,1006,0
18202104,182021,0,0,2,0,60,0,30,1003,1006,0
18202105,182021,0,0,2,0,60,0,30,1003,1006,0
18202106,182021,0,0,2,0,60,0,30,1003,1006,0
18202107,182021,0,0,2,0,60,0,30,1003,1006,0
18202108,182021,0,0,2,0,60,0,30,1003,1006,0
18202109,182021,0,0,2,0,60,0,30,1003,1006,0
18202110,182021,0,0,2,0,60,0,30,1003,1006,0
18202201,182022,0,0,1.5,0,35,0,0,1001,1006,2002
18202202,182022,0,0,1.5,0,35,0,0,1001,1006,2002
18202203,182022,0,0,1.5,0,35,0,0,1001,1006,2002
18202204,182022,0,0,1.5,0,35,0,0,1001,1006,2002
18202205,182022,0,0,1.5,0,35,0,0,1001,1006,2002
18202206,182022,0,0,1.5,0,35,0,0,1001,1006,2002
18202207,182022,0,0,1.5,0,35,0,0,1001,1006,2002
18202208,182022,0,0,1.5,0,35,0,0,1001,1006,2002
18202209,182022,0,0,1.5,0,35,0,0,1001,1006,2002
18202210,182022,0,0,1.5,0,35,0,0,1001,1006,2002
18202301,182023,0,0,1,0,25,0,0,1001,1006,2003
18202302,182023,0,0,1,0,25,0,0,1001,1006,2003
18202303,182023,0,0,1,0,25,0,0,1001,1006,2003
18202304,182023,0,0,1,0,25,0,0,1001,1006,2003
18202305,182023,0,0,1,0,25,0,0,1001,1006,2003
18202306,182023,0,0,1,0,25,0,0,1001,1006,2003
18202307,182023,0,0,1,0,25,0,0,1001,1006,2003
18202308,182023,0,0,1,0,25,0,0,1001,1006,2003
18202309,182023,0,0,1,0,25,0,0,1001,1006,2003
18202310,182023,0,0,1,0,25,0,0,1001,1006,2003
18203101,182031,0,0,2,0,60,0,30,1001,1006,2015
18203102,182031,0,0,2,0,60,0,30,1001,1006,2015
18203103,182031,0,0,2,0,60,0,30,1001,1006,2015
18203104,182031,0,0,2,0,60,0,30,1001,1006,2015
18203105,182031,0,0,2,0,60,0,30,1001,1006,2015
18203106,182031,0,0,2,0,60,0,30,1001,1006,2015
18203107,182031,0,0,2,0,60,0,30,1001,1006,2015
18203108,182031,0,0,2,0,60,0,30,1001,1006,2015
18203109,182031,0,0,2,0,60,0,30,1001,1006,2015
18203110,182031,0,0,2,0,60,0,30,1001,1006,2015
18203201,182032,0,0,1.5,0,40,0,0,1002,1006,5003
18203202,182032,0,0,1.5,0,40,0,0,1002,1006,5003
18203203,182032,0,0,1.5,0,40,0,0,1002,1006,5003
18203204,182032,0,0,1.5,0,40,0,0,1002,1006,5003
18203205,182032,0,0,1.5,0,40,0,0,1002,1006,5003
18203206,182032,0,0,1.5,0,40,0,0,1002,1006,5003
18203207,182032,0,0,1.5,0,40,0,0,1002,1006,5003
18203208,182032,0,0,1.5,0,40,0,0,1002,1006,5003
18203209,182032,0,0,1.5,0,40,0,0,1002,1006,5003
18203210,182032,0,0,1.5,0,40,0,0,1002,1006,5003
18203301,182033,0,0,1.5,0,60,0,0,3001,5004,0
18203302,182033,0,0,1.5,0,58.333,0,0,3001,5004,0
18203303,182033,0,0,1.5,0,56.667,0,0,3001,5004,0
18203304,182033,0,0,1.5,0,55,0,0,3001,5004,0
18203305,182033,0,0,1.5,0,53.333,0,0,3001,5004,0
18203306,182033,0,0,1.5,0,51.667,0,0,3001,5004,0
18203307,182033,0,0,1.5,0,50,0,0,3001,5004,0
18203308,182033,0,0,1.5,0,48.333,0,0,3001,5004,0
18203309,182033,0,0,1.5,0,46.667,0,0,3001,5004,0
18203310,182033,0,0,1.5,0,45,0,0,3001,5004,0
18485101,184851,0,0,2,0,60,0,30,1002,1006,3001
18485102,184851,0,0,2,0,60,0,30,1002,1006,3001
18485103,184851,0,0,2,0,60,0,30,1002,1006,3001
18485104,184851,0,0,2,0,60,0,30,1002,1006,3001
18485105,184851,0,0,2,0,60,0,30,1002,1006,3001
18485106,184851,0,0,2,0,60,0,30,1002,1006,3001
18485107,184851,0,0,2,0,60,0,30,1002,1006,3001
18485108,184851,0,0,2,0,60,0,30,1002,1006,3001
18485109,184851,0,0,2,0,60,0,30,1002,1006,3001
18485110,184851,0,0,2,0,60,0,30,1002,1006,3001
18485201,184852,0,0,1.5,0,40,0,0,1002,1006,2002
18485202,184852,0,0,1.5,0,40,0,0,1002,1006,2002
18485203,184852,0,0,1.5,0,40,0,0,1002,1006,2002
18485204,184852,0,0,1.5,0,40,0,0,1002,1006,2002
18485205,184852,0,0,1.5,0,40,0,0,1002,1006,2002
18485206,184852,0,0,1.5,0,40,0,0,1002,1006,2002
18485207,184852,0,0,1.5,0,40,0,0,1002,1006,2002
18485208,184852,0,0,1.5,0,40,0,0,1002,1006,2002
18485209,184852,0,0,1.5,0,40,0,0,1002,1006,2002
18485210,184852,0,0,1.5,0,40,0,0,1002,1006,2002
18485301,184853,0,0,0.5,0,35,0,0,1002,2015,2003
18485302,184853,0,0,0.5,0,35,0,0,1002,2015,2003
18485303,184853,0,0,0.5,0,35,0,0,1002,2015,2003
18485304,184853,0,0,0.5,0,35,0,0,1002,2015,2003
18485305,184853,0,0,0.5,0,35,0,0,1002,2015,2003
18485306,184853,0,0,0.5,0,35,0,0,1002,2015,2003
18485307,184853,0,0,0.5,0,35,0,0,1002,2015,2003
18485308,184853,0,0,0.5,0,35,0,0,1002,2015,2003
18485309,184853,0,0,0.5,0,35,0,0,1002,2015,2003
18485310,184853,0,0,0.5,0,35,0,0,1002,2015,2003
18503101,185031,0,0,2,0,60,0,30,1001,1006,2004
18503102,185031,0,0,2,0,60,0,30,1001,1006,2004
18503103,185031,0,0,2,0,60,0,30,1001,1006,2004
18503104,185031,0,0,2,0,60,0,30,1001,1006,2004
18503105,185031,0,0,2,0,60,0,30,1001,1006,2004
18503106,185031,0,0,2,0,60,0,30,1001,1006,2004
18503107,185031,0,0,2,0,60,0,30,1001,1006,2004
18503108,185031,0,0,2,0,60,0,30,1001,1006,2004
18503109,185031,0,0,2,0,60,0,30,1001,1006,2004
18503110,185031,0,0,2,0,60,0,30,1001,1006,2004
18503201,185032,0,0,1,0,45,0,0,1002,1006,2015
18503202,185032,0,0,1,0,45,0,0,1002,1006,2015
18503203,185032,0,0,1,0,45,0,0,1002,1006,2015
18503204,185032,0,0,1,0,45,0,0,1002,1006,2015
18503205,185032,0,0,1,0,45,0,0,1002,1006,2015
18503206,185032,0,0,1,0,45,0,0,1002,1006,2015
18503207,185032,0,0,1,0,45,0,0,1002,1006,2015
18503208,185032,0,0,1,0,45,0,0,1002,1006,2015
18503209,185032,0,0,1,0,45,0,0,1002,1006,2015
18503210,185032,0,0,1,0,45,0,0,1002,1006,2015
18503301,185033,0,0,0.5,0,30,0,0,1002,2002,3002
18503302,185033,0,0,0.5,0,30,0,0,1002,2002,3002
18503303,185033,0,0,0.5,0,30,0,0,1002,2002,3002
18503304,185033,0,0,0.5,0,30,0,0,1002,2002,3002
18503305,185033,0,0,0.5,0,30,0,0,1002,2002,3002
18503306,185033,0,0,0.5,0,30,0,0,1002,2002,3002
18503307,185033,0,0,0.5,0,30,0,0,1002,2002,3002
18503308,185033,0,0,0.5,0,30,0,0,1002,2002,3002
18503309,185033,0,0,0.5,0,30,0,0,1002,2002,3002
18503310,185033,0,0,0.5,0,30,0,0,1002,2002,3002
18517101,185171,0,0,2,0,60,0,30,1001,1006,3001
18517102,185171,0,0,2,0,60,0,30,1001,1006,3001
18517103,185171,0,0,2,0,60,0,30,1001,1006,3001
18517104,185171,0,0,2,0,60,0,30,1001,1006,3001
18517105,185171,0,0,2,0,60,0,30,1001,1006,3001
18517106,185171,0,0,2,0,60,0,30,1001,1006,3001
18517107,185171,0,0,2,0,60,0,30,1001,1006,3001
18517108,185171,0,0,2,0,60,0,30,1001,1006,3001
18517109,185171,0,0,2,0,60,0,30,1001,1006,3001
18517110,185171,0,0,2,0,60,0,30,1001,1006,3001
18517201,185172,0,0,1.5,0,50,0,0,1001,1006,3001
18517202,185172,0,0,1.5,0,50,0,0,1001,1006,3001
18517203,185172,0,0,1.5,0,50,0,0,1001,1006,3001
18517204,185172,0,0,1.5,0,50,0,0,1001,1006,3001
18517205,185172,0,0,1.5,0,50,0,0,1001,1006,3001
18517206,185172,0,0,1.5,0,50,0,0,1001,1006,3001
18517207,185172,0,0,1.5,0,50,0,0,1001,1006,3001
18517208,185172,0,0,1.5,0,50,0,0,1001,1006,3001
18517209,185172,0,0,1.5,0,50,0,0,1001,1006,3001
18517210,185172,0,0,1.5,0,50,0,0,1001,1006,3001
18517301,185173,0,0,0.5,0,30,0,0,1002,1006,4001
18517302,185173,0,0,0.5,0,30,0,0,1002,1006,4001
18517303,185173,0,0,0.5,0,30,0,0,1002,1006,4001
18517304,185173,0,0,0.5,0,30,0,0,1002,1006,4001
18517305,185173,0,0,0.5,0,30,0,0,1002,1006,4001
18517306,185173,0,0,0.5,0,30,0,0,1002,1006,4001
18517307,185173,0,0,0.5,0,30,0,0,1002,1006,4001
18517308,185173,0,0,0.5,0,30,0,0,1002,1006,4001
18517309,185173,0,0,0.5,0,30,0,0,1002,1006,4001
18517310,185173,0,0,0.5,0,30,0,0,1002,1006,4001
18602101,186021,0,0,2,0,60,0,30,1003,5006,3003
18602102,186021,0,0,2,0,60,0,30,1003,5006,3003
18602103,186021,0,0,2,0,60,0,30,1003,5006,3003
18602104,186021,0,0,2,0,60,0,30,1003,5006,3003
18602105,186021,0,0,2,0,60,0,30,1003,5006,3003
18602106,186021,0,0,2,0,60,0,30,1003,5006,3003
18602107,186021,0,0,2,0,60,0,30,1003,5006,3003
18602108,186021,0,0,2,0,60,0,30,1003,5006,3003
18602109,186021,0,0,2,0,60,0,30,1003,5006,3003
18602110,186021,0,0,2,0,60,0,30,1003,5006,3003
18602201,186022,0,0,0.5,0,30,0,0,5004,3001,0
18602202,186022,0,0,0.5,0,30,0,0,5004,3001,0
18602203,186022,0,0,0.5,0,30,0,0,5004,3001,0
18602204,186022,0,0,0.5,0,30,0,0,5004,3001,0
18602205,186022,0,0,0.5,0,30,0,0,5004,3001,0
18602206,186022,0,0,0.5,0,30,0,0,5004,3001,0
18602207,186022,0,0,0.5,0,30,0,0,5004,3001,0
18602208,186022,0,0,0.5,0,30,0,0,5004,3001,0
18602209,186022,0,0,0.5,0,30,0,0,5004,3001,0
18602210,186022,0,0,0.5,0,30,0,0,5004,3001,0
18602301,186023,0,0,1.5,0,20,0,0,5002,0,0
18602302,186023,0,0,1.5,0,20,0,0,5002,0,0
18602303,186023,0,0,1.5,0,20,0,0,5002,0,0
18602304,186023,0,0,1.5,0,20,0,0,5002,0,0
18602305,186023,0,0,1.5,0,20,0,0,5002,0,0
18602306,186023,0,0,1.5,0,20,0,0,5002,0,0
18602307,186023,0,0,1.5,0,20,0,0,5002,0,0
18602308,186023,0,0,1.5,0,20,0,0,5002,0,0
18602309,186023,0,0,1.5,0,20,0,0,5002,0,0
18602310,186023,0,0,1.5,0,20,0,0,5002,0,0
18701101,187011,0,0,2,0,60,0,30,1001,1006,2003
18701102,187011,0,0,2,0,60,0,30,1001,1006,2003
18701103,187011,0,0,2,0,60,0,30,1001,1006,2003
18701104,187011,0,0,2,0,60,0,30,1001,1006,2003
18701105,187011,0,0,2,0,60,0,30,1001,1006,2003
18701106,187011,0,0,2,0,60,0,30,1001,1006,2003
18701107,187011,0,0,2,0,60,0,30,1001,1006,2003
18701108,187011,0,0,2,0,60,0,30,1001,1006,2003
18701109,187011,0,0,2,0,60,0,30,1001,1006,2003
18701110,187011,0,0,2,0,60,0,30,1001,1006,2003
18701201,187012,0,0,1.5,0,40,0,0,1001,1006,2003
18701202,187012,0,0,1.5,0,40,0,0,1001,1006,2003
18701203,187012,0,0,1.5,0,40,0,0,1001,1006,2003
18701204,187012,0,0,1.5,0,40,0,0,1001,1006,2003
18701205,187012,0,0,1.5,0,40,0,0,1001,1006,2003
18701206,187012,0,0,1.5,0,40,0,0,1001,1006,2003
18701207,187012,0,0,1.5,0,40,0,0,1001,1006,2003
18701208,187012,0,0,1.5,0,40,0,0,1001,1006,2003
18701209,187012,0,0,1.5,0,40,0,0,1001,1006,2003
18701210,187012,0,0,1.5,0,40,0,0,1001,1006,2003
18701301,187013,0,0,1,0,30,0,0,1004,4001,2009
18701302,187013,0,0,1,0,30,0,0,1004,4001,2009
18701303,187013,0,0,1,0,30,0,0,1004,4001,2009
18701304,187013,0,0,1,0,30,0,0,1004,4001,2009
18701305,187013,0,0,1,0,30,0,0,1004,4001,2009
18701306,187013,0,0,1,0,30,0,0,1004,4001,2009
18701307,187013,0,0,1,0,30,0,0,1004,4001,2009
18701308,187013,0,0,1,0,30,0,0,1004,4001,2009
18701309,187013,0,0,1,0,30,0,0,1004,4001,2009
18701310,187013,0,0,1,0,30,0,0,1004,4001,2009
18785101,187851,0,0,2,0,60,0,30,1002,1006,2018
18785102,187851,0,0,2,0,60,0,30,1002,1006,2018
18785103,187851,0,0,2,0,60,0,30,1002,1006,2018
18785104,187851,0,0,2,0,60,0,30,1002,1006,2018
18785105,187851,0,0,2,0,60,0,30,1002,1006,2018
18785106,187851,0,0,2,0,60,0,30,1002,1006,2018
18785107,187851,0,0,2,0,60,0,30,1002,1006,2018
18785108,187851,0,0,2,0,60,0,30,1002,1006,2018
18785109,187851,0,0,2,0,60,0,30,1002,1006,2018
18785110,187851,0,0,2,0,60,0,30,1002,1006,2018
18785201,187852,0,0,1.5,0,40,0,0,1002,1006,2009
18785202,187852,0,0,1.5,0,40,0,0,1002,1006,2009
18785203,187852,0,0,1.5,0,40,0,0,1002,1006,2009
18785204,187852,0,0,1.5,0,40,0,0,1002,1006,2009
18785205,187852,0,0,1.5,0,40,0,0,1002,1006,2009
18785206,187852,0,0,1.5,0,40,0,0,1002,1006,2009
18785207,187852,0,0,1.5,0,40,0,0,1002,1006,2009
18785208,187852,0,0,1.5,0,40,0,0,1002,1006,2009
18785209,187852,0,0,1.5,0,40,0,0,1002,1006,2009
18785210,187852,0,0,1.5,0,40,0,0,1002,1006,2009
18785301,187853,0,0,1,0,30,0,0,1001,1006,3001
18785302,187853,0,0,1,0,30,0,0,1001,1006,3001
18785303,187853,0,0,1,0,30,0,0,1001,1006,3001
18785304,187853,0,0,1,0,30,0,0,1001,1006,3001
18785305,187853,0,0,1,0,30,0,0,1001,1006,3001
18785306,187853,0,0,1,0,30,0,0,1001,1006,3001
18785307,187853,0,0,1,0,30,0,0,1001,1006,3001
18785308,187853,0,0,1,0,30,0,0,1001,1006,3001
18785309,187853,0,0,1,0,30,0,0,1001,1006,3001
18785310,187853,0,0,1,0,30,0,0,1001,1006,3001
18801101,188011,0,0,2,0,60,0,30,1001,1006,4001
18801102,188011,0,0,2,0,60,0,30,1001,1006,4001
18801103,188011,0,0,2,0,60,0,30,1001,1006,4001
18801104,188011,0,0,2,0,60,0,30,1001,1006,4001
18801105,188011,0,0,2,0,60,0,30,1001,1006,4001
18801106,188011,0,0,2,0,60,0,30,1001,1006,4001
18801107,188011,0,0,2,0,60,0,30,1001,1006,4001
18801108,188011,0,0,2,0,60,0,30,1001,1006,4001
18801109,188011,0,0,2,0,60,0,30,1001,1006,4001
18801110,188011,0,0,2,0,60,0,30,1001,1006,4001
18801201,188012,0,0,1.5,0,40,0,0,1003,1006,3001
18801202,188012,0,0,1.5,0,40,0,0,1003,1006,3001
18801203,188012,0,0,1.5,0,40,0,0,1003,1006,3001
18801204,188012,0,0,1.5,0,40,0,0,1003,1006,3001
18801205,188012,0,0,1.5,0,40,0,0,1003,1006,3001
18801206,188012,0,0,1.5,0,40,0,0,1003,1006,3001
18801207,188012,0,0,1.5,0,40,0,0,1003,1006,3001
18801208,188012,0,0,1.5,0,40,0,0,1003,1006,3001
18801209,188012,0,0,1.5,0,40,0,0,1003,1006,3001
18801210,188012,0,0,1.5,0,40,0,0,1003,1006,3001
18801301,188013,0,0,1,0,30,0,0,1002,2002,4001
18801302,188013,0,0,1,0,30,0,0,1002,2002,4001
18801303,188013,0,0,1,0,30,0,0,1002,2002,4001
18801304,188013,0,0,1,0,30,0,0,1002,2002,4001
18801305,188013,0,0,1,0,30,0,0,1002,2002,4001
18801306,188013,0,0,1,0,30,0,0,1002,2002,4001
18801307,188013,0,0,1,0,30,0,0,1002,2002,4001
18801308,188013,0,0,1,0,30,0,0,1002,2002,4001
18801309,188013,0,0,1,0,30,0,0,1002,2002,4001
18801310,188013,0,0,1,0,30,0,0,1002,2002,4001
18803101,188031,0,0,2,0,60,0,30,1002,1006,2015
18803102,188031,0,0,2,0,60,0,30,1002,1006,2015
18803103,188031,0,0,2,0,60,0,30,1002,1006,2015
18803104,188031,0,0,2,0,60,0,30,1002,1006,2015
18803105,188031,0,0,2,0,60,0,30,1002,1006,2015
18803106,188031,0,0,2,0,60,0,30,1002,1006,2015
18803107,188031,0,0,2,0,60,0,30,1002,1006,2015
18803108,188031,0,0,2,0,60,0,30,1002,1006,2015
18803109,188031,0,0,2,0,60,0,30,1002,1006,2015
18803110,188031,0,0,2,0,60,0,30,1002,1006,2015
18803201,188032,0,0,1,0,25,0,0,1002,1007,2018
18803202,188032,0,0,1,0,25,0,0,1002,1007,2018
18803203,188032,0,0,1,0,25,0,0,1002,1007,2018
18803204,188032,0,0,1,0,25,0,0,1002,1007,2018
18803205,188032,0,0,1,0,25,0,0,1002,1007,2018
18803206,188032,0,0,1,0,25,0,0,1002,1007,2018
18803207,188032,0,0,1,0,25,0,0,1002,1007,2018
18803208,188032,0,0,1,0,25,0,0,1002,1007,2018
18803209,188032,0,0,1,0,25,0,0,1002,1007,2018
18803210,188032,0,0,1,0,25,0,0,1002,1007,2018
18803301,188033,0,0,0.5,0,40,0,0,1002,1007,3001
18803302,188033,0,0,0.5,0,40,0,0,1002,1007,3001
18803303,188033,0,0,0.5,0,40,0,0,1002,1007,3001
18803304,188033,0,0,0.5,0,40,0,0,1002,1007,3001
18803305,188033,0,0,0.5,0,40,0,0,1002,1007,3001
18803306,188033,0,0,0.5,0,40,0,0,1002,1007,3001
18803307,188033,0,0,0.5,0,40,0,0,1002,1007,3001
18803308,188033,0,0,0.5,0,40,0,0,1002,1007,3001
18803309,188033,0,0,0.5,0,40,0,0,1002,1007,3001
18803310,188033,0,0,0.5,0,40,0,0,1002,1007,3001
18807101,188071,0,0,2,0,50,0,25,1001,1006,3001
18807102,188071,0,0,2,0,50,0,25,1001,1006,3001
18807103,188071,0,0,2,0,50,0,25,1001,1006,3001
18807104,188071,0,0,2,0,50,0,25,1001,1006,3001
18807105,188071,0,0,2,0,50,0,25,1001,1006,3001
18807106,188071,0,0,2,0,50,0,25,1001,1006,3001
18807107,188071,0,0,2,0,50,0,25,1001,1006,3001
18807108,188071,0,0,2,0,50,0,25,1001,1006,3001
18807109,188071,0,0,2,0,50,0,25,1001,1006,3001
18807110,188071,0,0,2,0,50,0,25,1001,1006,3001
18807201,188072,0,0,1,0,45,0,0,1002,1006,2003
18807202,188072,0,0,1,0,45,0,0,1002,1006,2003
18807203,188072,0,0,1,0,45,0,0,1002,1006,2003
18807204,188072,0,0,1,0,45,0,0,1002,1006,2003
18807205,188072,0,0,1,0,45,0,0,1002,1006,2003
18807206,188072,0,0,1,0,45,0,0,1002,1006,2003
18807207,188072,0,0,1,0,45,0,0,1002,1006,2003
18807208,188072,0,0,1,0,45,0,0,1002,1006,2003
18807209,188072,0,0,1,0,45,0,0,1002,1006,2003
18807210,188072,0,0,1,0,45,0,0,1002,1006,2003
18807301,188073,0,0,0.5,0,30,0,0,1002,2003,3002
18807302,188073,0,0,0.5,0,30,0,0,1002,2003,3002
18807303,188073,0,0,0.5,0,30,0,0,1002,2003,3002
18807304,188073,0,0,0.5,0,30,0,0,1002,2003,3002
18807305,188073,0,0,0.5,0,30,0,0,1002,2003,3002
18807306,188073,0,0,0.5,0,30,0,0,1002,2003,3002
18807307,188073,0,0,0.5,0,30,0,0,1002,2003,3002
18807308,188073,0,0,0.5,0,30,0,0,1002,2003,3002
18807309,188073,0,0,0.5,0,30,0,0,1002,2003,3002
18807310,188073,0,0,0.5,0,30,0,0,1002,2003,3002
18906101,189061,0,0,2,0,60,0,30,1001,1006,5006
18906102,189061,0,0,2,0,60,0,30,1001,1006,5006
18906103,189061,0,0,2,0,60,0,30,1001,1006,5006
18906104,189061,0,0,2,0,60,0,30,1001,1006,5006
18906105,189061,0,0,2,0,60,0,30,1001,1006,5006
18906106,189061,0,0,2,0,60,0,30,1001,1006,5006
18906107,189061,0,0,2,0,60,0,30,1001,1006,5006
18906108,189061,0,0,2,0,60,0,30,1001,1006,5006
18906109,189061,0,0,2,0,60,0,30,1001,1006,5006
18906110,189061,0,0,2,0,60,0,30,1001,1006,5006
18906201,189062,0,0,1.5,0,40,0,0,1002,2003,5003
18906202,189062,0,0,1.5,0,40,0,0,1002,2003,5003
18906203,189062,0,0,1.5,0,40,0,0,1002,2003,5003
18906204,189062,0,0,1.5,0,40,0,0,1002,2003,5003
18906205,189062,0,0,1.5,0,40,0,0,1002,2003,5003
18906206,189062,0,0,1.5,0,40,0,0,1002,2003,5003
18906207,189062,0,0,1.5,0,40,0,0,1002,2003,5003
18906208,189062,0,0,1.5,0,40,0,0,1002,2003,5003
18906209,189062,0,0,1.5,0,40,0,0,1002,2003,5003
18906210,189062,0,0,1.5,0,40,0,0,1002,2003,5003
18906301,189063,0,0,1.5,0,70,0,0,5005,0,0
18906302,189063,0,0,1.5,0,69,0,0,5005,0,0
18906303,189063,0,0,1.5,0,68,0,0,5005,0,0
18906304,189063,0,0,1.5,0,67,0,0,5005,0,0
18906305,189063,0,0,1.5,0,66,0,0,5005,0,0
18906306,189063,0,0,1.5,0,65,0,0,5005,0,0
18906307,189063,0,0,1.5,0,64,0,0,5005,0,0
18906308,189063,0,0,1.5,0,63,0,0,5005,0,0
18906309,189063,0,0,1.5,0,62,0,0,5005,0,0
18906310,189063,0,0,1.5,0,60,0,0,5005,0,0
19206101,192061,0,0,2,0,45,0,22.5,1002,1006,3001
19206102,192061,0,0,2,0,45,0,22.5,1002,1006,3001
19206103,192061,0,0,2,0,45,0,22.5,1002,1006,3001
19206104,192061,0,0,2,0,45,0,22.5,1002,1006,3001
19206105,192061,0,0,2,0,45,0,22.5,1002,1006,3001
19206106,192061,0,0,2,0,45,0,22.5,1002,1006,3001
19206107,192061,0,0,2,0,45,0,22.5,1002,1006,3001
19206108,192061,0,0,2,0,45,0,22.5,1002,1006,3001
19206109,192061,0,0,2,0,45,0,22.5,1002,1006,3001
19206110,192061,0,0,2,0,45,0,22.5,1002,1006,3001
19206201,192062,0,0,0.5,0,20,0,0,1002,1006,2002
19206202,192062,0,0,0.5,0,20,0,0,1002,1006,2002
19206203,192062,0,0,0.5,0,20,0,0,1002,1006,2002
19206204,192062,0,0,0.5,0,20,0,0,1002,1006,2002
19206205,192062,0,0,0.5,0,20,0,0,1002,1006,2002
19206206,192062,0,0,0.5,0,20,0,0,1002,1006,2002
19206207,192062,0,0,0.5,0,20,0,0,1002,1006,2002
19206208,192062,0,0,0.5,0,20,0,0,1002,1006,2002
19206209,192062,0,0,0.5,0,20,0,0,1002,1006,2002
19206210,192062,0,0,0.5,0,20,0,0,1002,1006,2002
19206301,192063,0,0,0.5,0,25,0,0,1002,1006,3002
19206302,192063,0,0,0.5,0,25,0,0,1002,1006,3002
19206303,192063,0,0,0.5,0,25,0,0,1002,1006,3002
19206304,192063,0,0,0.5,0,25,0,0,1002,1006,3002
19206305,192063,0,0,0.5,0,25,0,0,1002,1006,3002
19206306,192063,0,0,0.5,0,25,0,0,1002,1006,3002
19206307,192063,0,0,0.5,0,25,0,0,1002,1006,3002
19206308,192063,0,0,0.5,0,25,0,0,1002,1006,3002
19206309,192063,0,0,0.5,0,25,0,0,1002,1006,3002
19206310,192063,0,0,0.5,0,25,0,0,1002,1006,3002
19217101,192171,0,0,2,0,60,0,30,1003,1006,4001
19217102,192171,0,0,2,0,60,0,30,1003,1006,4001
19217103,192171,0,0,2,0,60,0,30,1003,1006,4001
19217104,192171,0,0,2,0,60,0,30,1003,1006,4001
19217105,192171,0,0,2,0,60,0,30,1003,1006,4001
19217106,192171,0,0,2,0,60,0,30,1003,1006,4001
19217107,192171,0,0,2,0,60,0,30,1003,1006,4001
19217108,192171,0,0,2,0,60,0,30,1003,1006,4001
19217109,192171,0,0,2,0,60,0,30,1003,1006,4001
19217110,192171,0,0,2,0,60,0,30,1003,1006,4001
19217201,192172,0,0,1.5,0,30,0,0,1004,1006,2002
19217202,192172,0,0,1.5,0,30,0,0,1004,1006,2002
19217203,192172,0,0,1.5,0,30,0,0,1004,1006,2002
19217204,192172,0,0,1.5,0,30,0,0,1004,1006,2002
19217205,192172,0,0,1.5,0,30,0,0,1004,1006,2002
19217206,192172,0,0,1.5,0,30,0,0,1004,1006,2002
19217207,192172,0,0,1.5,0,30,0,0,1004,1006,2002
19217208,192172,0,0,1.5,0,30,0,0,1004,1006,2002
19217209,192172,0,0,1.5,0,30,0,0,1004,1006,2002
19217210,192172,0,0,1.5,0,30,0,0,1004,1006,2002
19217301,192173,0,0,1,0,30,0,0,1002,4001,3001
19217302,192173,0,0,1,0,30,0,0,1002,4001,3001
19217303,192173,0,0,1,0,30,0,0,1002,4001,3001
19217304,192173,0,0,1,0,30,0,0,1002,4001,3001
19217305,192173,0,0,1,0,30,0,0,1002,4001,3001
19217306,192173,0,0,1,0,30,0,0,1002,4001,3001
19217307,192173,0,0,1,0,30,0,0,1002,4001,3001
19217308,192173,0,0,1,0,30,0,0,1002,4001,3001
19217309,192173,0,0,1,0,30,0,0,1002,4001,3001
19217310,192173,0,0,1,0,30,0,0,1002,4001,3001
19301101,193011,0,0,2,0,50,0,25,1001,1006,3002
19301102,193011,0,0,2,0,50,0,25,1001,1006,3002
19301103,193011,0,0,2,0,50,0,25,1001,1006,3002
19301104,193011,0,0,2,0,50,0,25,1001,1006,3002
19301105,193011,0,0,2,0,50,0,25,1001,1006,3002
19301106,193011,0,0,2,0,50,0,25,1001,1006,3002
19301107,193011,0,0,2,0,50,0,25,1001,1006,3002
19301108,193011,0,0,2,0,50,0,25,1001,1006,3002
19301109,193011,0,0,2,0,50,0,25,1001,1006,3002
19301110,193011,0,0,2,0,50,0,25,1001,1006,3002
19301201,193012,0,0,1.5,0,40,0,0,1002,1006,3001
19301202,193012,0,0,1.5,0,40,0,0,1002,1006,3001
19301203,193012,0,0,1.5,0,40,0,0,1002,1006,3001
19301204,193012,0,0,1.5,0,40,0,0,1002,1006,3001
19301205,193012,0,0,1.5,0,40,0,0,1002,1006,3001
19301206,193012,0,0,1.5,0,40,0,0,1002,1006,3001
19301207,193012,0,0,1.5,0,40,0,0,1002,1006,3001
19301208,193012,0,0,1.5,0,40,0,0,1002,1006,3001
19301209,193012,0,0,1.5,0,40,0,0,1002,1006,3001
19301210,193012,0,0,1.5,0,40,0,0,1002,1006,3001
19301301,193013,0,0,1,0,30,0,0,1001,1006,2003
19301302,193013,0,0,1,0,30,0,0,1001,1006,2003
19301303,193013,0,0,1,0,30,0,0,1001,1006,2003
19301304,193013,0,0,1,0,30,0,0,1001,1006,2003
19301305,193013,0,0,1,0,30,0,0,1001,1006,2003
19301306,193013,0,0,1,0,30,0,0,1001,1006,2003
19301307,193013,0,0,1,0,30,0,0,1001,1006,2003
19301308,193013,0,0,1,0,30,0,0,1001,1006,2003
19301309,193013,0,0,1,0,30,0,0,1001,1006,2003
19301310,193013,0,0,1,0,30,0,0,1001,1006,2003
19302101,193021,0,0,2,0,60,0,30,1001,3001,0
19302102,193021,0,0,2,0,60,0,30,1001,3001,0
19302103,193021,0,0,2,0,60,0,30,1001,3001,0
19302104,193021,0,0,2,0,60,0,30,1001,3001,0
19302105,193021,0,0,2,0,60,0,30,1001,3001,0
19302106,193021,0,0,2,0,60,0,30,1001,3001,0
19302107,193021,0,0,2,0,60,0,30,1001,3001,0
19302108,193021,0,0,2,0,60,0,30,1001,3001,0
19302109,193021,0,0,2,0,60,0,30,1001,3001,0
19302110,193021,0,0,2,0,60,0,30,1001,3001,0
19302201,193022,0,0,1.5,0,40,0,0,1001,2002,2015
19302202,193022,0,0,1.5,0,40,0,0,1001,2002,2015
19302203,193022,0,0,1.5,0,40,0,0,1001,2002,2015
19302204,193022,0,0,1.5,0,40,0,0,1001,2002,2015
19302205,193022,0,0,1.5,0,40,0,0,1001,2002,2015
19302206,193022,0,0,1.5,0,40,0,0,1001,2002,2015
19302207,193022,0,0,1.5,0,40,0,0,1001,2002,2015
19302208,193022,0,0,1.5,0,40,0,0,1001,2002,2015
19302209,193022,0,0,1.5,0,40,0,0,1001,2002,2015
19302210,193022,0,0,1.5,0,40,0,0,1001,2002,2015
19302301,193023,0,0,1,0,30,0,0,1002,2003,3002
19302302,193023,0,0,1,0,30,0,0,1002,2003,3002
19302303,193023,0,0,1,0,30,0,0,1002,2003,3002
19302304,193023,0,0,1,0,30,0,0,1002,2003,3002
19302305,193023,0,0,1,0,30,0,0,1002,2003,3002
19302306,193023,0,0,1,0,30,0,0,1002,2003,3002
19302307,193023,0,0,1,0,30,0,0,1002,2003,3002
19302308,193023,0,0,1,0,30,0,0,1002,2003,3002
19302309,193023,0,0,1,0,30,0,0,1002,2003,3002
19302310,193023,0,0,1,0,30,0,0,1002,2003,3002
19402101,194021,0,0,2,0,60,0,30,1001,1006,0
19402102,194021,0,0,2,0,60,0,30,1001,1006,0
19402103,194021,0,0,2,0,60,0,30,1001,1006,0
19402104,194021,0,0,2,0,60,0,30,1001,1006,0
19402105,194021,0,0,2,0,60,0,30,1001,1006,0
19402106,194021,0,0,2,0,60,0,30,1001,1006,0
19402107,194021,0,0,2,0,60,0,30,1001,1006,0
19402108,194021,0,0,2,0,60,0,30,1001,1006,0
19402109,194021,0,0,2,0,60,0,30,1001,1006,0
19402110,194021,0,0,2,0,60,0,30,1001,1006,0
19402201,194022,0,0,1,0,40,0,0,1001,1006,2009
19402202,194022,0,0,1,0,40,0,0,1001,1006,2009
19402203,194022,0,0,1,0,40,0,0,1001,1006,2009
19402204,194022,0,0,1,0,40,0,0,1001,1006,2009
19402205,194022,0,0,1,0,40,0,0,1001,1006,2009
19402206,194022,0,0,1,0,40,0,0,1001,1006,2009
19402207,194022,0,0,1,0,40,0,0,1001,1006,2009
19402208,194022,0,0,1,0,40,0,0,1001,1006,2009
19402209,194022,0,0,1,0,40,0,0,1001,1006,2009
19402210,194022,0,0,1,0,40,0,0,1001,1006,2009
19402301,194023,0,0,1,0,25,0,0,1001,2018,3001
19402302,194023,0,0,1,0,25,0,0,1001,2018,3001
19402303,194023,0,0,1,0,25,0,0,1001,2018,3001
19402304,194023,0,0,1,0,25,0,0,1001,2018,3001
19402305,194023,0,0,1,0,25,0,0,1001,2018,3001
19402306,194023,0,0,1,0,25,0,0,1001,2018,3001
19402307,194023,0,0,1,0,25,0,0,1001,2018,3001
19402308,194023,0,0,1,0,25,0,0,1001,2018,3001
19402309,194023,0,0,1,0,25,0,0,1001,2018,3001
19402310,194023,0,0,1,0,25,0,0,1001,2018,3001
19403101,194031,0,0,2,0,50,0,25,1002,1006,2003
19403102,194031,0,0,2,0,50,0,25,1002,1006,2003
19403103,194031,0,0,2,0,50,0,25,1002,1006,2003
19403104,194031,0,0,2,0,50,0,25,1002,1006,2003
19403105,194031,0,0,2,0,50,0,25,1002,1006,2003
19403106,194031,0,0,2,0,50,0,25,1002,1006,2003
19403107,194031,0,0,2,0,50,0,25,1002,1006,2003
19403108,194031,0,0,2,0,50,0,25,1002,1006,2003
19403109,194031,0,0,2,0,50,0,25,1002,1006,2003
19403110,194031,0,0,2,0,50,0,25,1002,1006,2003
19403201,194032,0,0,0.5,0,15,0,0,1002,1006,2002
19403202,194032,0,0,0.5,0,15,0,0,1002,1006,2002
19403203,194032,0,0,0.5,0,15,0,0,1002,1006,2002
19403204,194032,0,0,0.5,0,15,0,0,1002,1006,2002
19403205,194032,0,0,0.5,0,15,0,0,1002,1006,2002
19403206,194032,0,0,0.5,0,15,0,0,1002,1006,2002
19403207,194032,0,0,0.5,0,15,0,0,1002,1006,2002
19403208,194032,0,0,0.5,0,15,0,0,1002,1006,2002
19403209,194032,0,0,0.5,0,15,0,0,1002,1006,2002
19403210,194032,0,0,0.5,0,15,0,0,1002,1006,2002
19403301,194033,0,0,0.5,0,20,0,0,1002,1006,3001
19403302,194033,0,0,0.5,0,20,0,0,1002,1006,3001
19403303,194033,0,0,0.5,0,20,0,0,1002,1006,3001
19403304,194033,0,0,0.5,0,20,0,0,1002,1006,3001
19403305,194033,0,0,0.5,0,20,0,0,1002,1006,3001
19403306,194033,0,0,0.5,0,20,0,0,1002,1006,3001
19403307,194033,0,0,0.5,0,20,0,0,1002,1006,3001
19403308,194033,0,0,0.5,0,20,0,0,1002,1006,3001
19403309,194033,0,0,0.5,0,20,0,0,1002,1006,3001
19403310,194033,0,0,0.5,0,20,0,0,1002,1006,3001
19417101,194171,0,0,2,0,50,0,25,1001,1006,2003
19417102,194171,0,0,2,0,50,0,25,1001,1006,2003
19417103,194171,0,0,2,0,50,0,25,1001,1006,2003
19417104,194171,0,0,2,0,50,0,25,1001,1006,2003
19417105,194171,0,0,2,0,50,0,25,1001,1006,2003
19417106,194171,0,0,2,0,50,0,25,1001,1006,2003
19417107,194171,0,0,2,0,50,0,25,1001,1006,2003
19417108,194171,0,0,2,0,50,0,25,1001,1006,2003
19417109,194171,0,0,2,0,50,0,25,1001,1006,2003
19417110,194171,0,0,2,0,50,0,25,1001,1006,2003
19417201,194172,0,0,1.5,0,45,0,0,1002,1006,4001
19417202,194172,0,0,1.5,0,45,0,0,1002,1006,4001
19417203,194172,0,0,1.5,0,45,0,0,1002,1006,4001
19417204,194172,0,0,1.5,0,45,0,0,1002,1006,4001
19417205,194172,0,0,1.5,0,45,0,0,1002,1006,4001
19417206,194172,0,0,1.5,0,45,0,0,1002,1006,4001
19417207,194172,0,0,1.5,0,45,0,0,1002,1006,4001
19417208,194172,0,0,1.5,0,45,0,0,1002,1006,4001
19417209,194172,0,0,1.5,0,45,0,0,1002,1006,4001
19417210,194172,0,0,1.5,0,45,0,0,1002,1006,4001
19417301,194173,0,0,1,0,25,0,0,1002,1006,3002
19417302,194173,0,0,1,0,25,0,0,1002,1006,3002
19417303,194173,0,0,1,0,25,0,0,1002,1006,3002
19417304,194173,0,0,1,0,25,0,0,1002,1006,3002
19417305,194173,0,0,1,0,25,0,0,1002,1006,3002
19417306,194173,0,0,1,0,25,0,0,1002,1006,3002
19417307,194173,0,0,1,0,25,0,0,1002,1006,3002
19417308,194173,0,0,1,0,25,0,0,1002,1006,3002
19417309,194173,0,0,1,0,25,0,0,1002,1006,3002
19417310,194173,0,0,1,0,25,0,0,1002,1006,3002
19601101,196011,0,0,2,0,60,0,30,1001,1006,2004
19601102,196011,0,0,2,0,60,0,30,1001,1006,2004
19601103,196011,0,0,2,0,60,0,30,1001,1006,2004
19601104,196011,0,0,2,0,60,0,30,1001,1006,2004
19601105,196011,0,0,2,0,60,0,30,1001,1006,2004
19601106,196011,0,0,2,0,60,0,30,1001,1006,2004
19601107,196011,0,0,2,0,60,0,30,1001,1006,2004
19601108,196011,0,0,2,0,60,0,30,1001,1006,2004
19601109,196011,0,0,2,0,60,0,30,1001,1006,2004
19601110,196011,0,0,2,0,60,0,30,1001,1006,2004
19601201,196012,0,0,1.5,0,40,0,0,1001,1006,3001
19601202,196012,0,0,1.5,0,40,0,0,1001,1006,3001
19601203,196012,0,0,1.5,0,40,0,0,1001,1006,3001
19601204,196012,0,0,1.5,0,40,0,0,1001,1006,3001
19601205,196012,0,0,1.5,0,40,0,0,1001,1006,3001
19601206,196012,0,0,1.5,0,40,0,0,1001,1006,3001
19601207,196012,0,0,1.5,0,40,0,0,1001,1006,3001
19601208,196012,0,0,1.5,0,40,0,0,1001,1006,3001
19601209,196012,0,0,1.5,0,40,0,0,1001,1006,3001
19601210,196012,0,0,1.5,0,40,0,0,1001,1006,3001
19601301,196013,0,0,1,0,30,0,0,1002,1006,2002
19601302,196013,0,0,1,0,30,0,0,1002,1006,2002
19601303,196013,0,0,1,0,30,0,0,1002,1006,2002
19601304,196013,0,0,1,0,30,0,0,1002,1006,2002
19601305,196013,0,0,1,0,30,0,0,1002,1006,2002
19601306,196013,0,0,1,0,30,0,0,1002,1006,2002
19601307,196013,0,0,1,0,30,0,0,1002,1006,2002
19601308,196013,0,0,1,0,30,0,0,1002,1006,2002
19601309,196013,0,0,1,0,30,0,0,1002,1006,2002
19601310,196013,0,0,1,0,30,0,0,1002,1006,2002
19685101,196851,0,0,2,0,60,0,30,1001,1006,2008
19685102,196851,0,0,2,0,60,0,30,1001,1006,2008
19685103,196851,0,0,2,0,60,0,30,1001,1006,2008
19685104,196851,0,0,2,0,60,0,30,1001,1006,2008
19685105,196851,0,0,2,0,60,0,30,1001,1006,2008
19685106,196851,0,0,2,0,60,0,30,1001,1006,2008
19685107,196851,0,0,2,0,60,0,30,1001,1006,2008
19685108,196851,0,0,2,0,60,0,30,1001,1006,2008
19685109,196851,0,0,2,0,60,0,30,1001,1006,2008
19685110,196851,0,0,2,0,60,0,30,1001,1006,2008
19685201,196852,0,0,1.5,0,40,0,0,1002,1006,4001
19685202,196852,0,0,1.5,0,40,0,0,1002,1006,4001
19685203,196852,0,0,1.5,0,40,0,0,1002,1006,4001
19685204,196852,0,0,1.5,0,40,0,0,1002,1006,4001
19685205,196852,0,0,1.5,0,40,0,0,1002,1006,4001
19685206,196852,0,0,1.5,0,40,0,0,1002,1006,4001
19685207,196852,0,0,1.5,0,40,0,0,1002,1006,4001
19685208,196852,0,0,1.5,0,40,0,0,1002,1006,4001
19685209,196852,0,0,1.5,0,40,0,0,1002,1006,4001
19685210,196852,0,0,1.5,0,40,0,0,1002,1006,4001
19685301,196853,0,0,0.5,0,30,0,0,1002,2003,3001
19685302,196853,0,0,0.5,0,30,0,0,1002,2003,3001
19685303,196853,0,0,0.5,0,30,0,0,1002,2003,3001
19685304,196853,0,0,0.5,0,30,0,0,1002,2003,3001
19685305,196853,0,0,0.5,0,30,0,0,1002,2003,3001
19685306,196853,0,0,0.5,0,30,0,0,1002,2003,3001
19685307,196853,0,0,0.5,0,30,0,0,1002,2003,3001
19685308,196853,0,0,0.5,0,30,0,0,1002,2003,3001
19685309,196853,0,0,0.5,0,30,0,0,1002,2003,3001
19685310,196853,0,0,0.5,0,30,0,0,1002,2003,3001
19702101,197021,0,0,2,0,60,0,30,1003,5006,3003
19702102,197021,0,0,2,0,60,0,30,1003,5006,3003
19702103,197021,0,0,2,0,60,0,30,1003,5006,3003
19702104,197021,0,0,2,0,60,0,30,1003,5006,3003
19702105,197021,0,0,2,0,60,0,30,1003,5006,3003
19702106,197021,0,0,2,0,60,0,30,1003,5006,3003
19702107,197021,0,0,2,0,60,0,30,1003,5006,3003
19702108,197021,0,0,2,0,60,0,30,1003,5006,3003
19702109,197021,0,0,2,0,60,0,30,1003,5006,3003
19702110,197021,0,0,2,0,60,0,30,1003,5006,3003
19702201,197022,0,0,1.5,0,40,0,0,1002,5003,2004
19702202,197022,0,0,1.5,0,40,0,0,1002,5003,2004
19702203,197022,0,0,1.5,0,40,0,0,1002,5003,2004
19702204,197022,0,0,1.5,0,40,0,0,1002,5003,2004
19702205,197022,0,0,1.5,0,40,0,0,1002,5003,2004
19702206,197022,0,0,1.5,0,40,0,0,1002,5003,2004
19702207,197022,0,0,1.5,0,40,0,0,1002,5003,2004
19702208,197022,0,0,1.5,0,40,0,0,1002,5003,2004
19702209,197022,0,0,1.5,0,40,0,0,1002,5003,2004
19702210,197022,0,0,1.5,0,40,0,0,1002,5003,2004
19702301,197023,0,0,3,0,60,0,0,5004,5006,0
19702302,197023,0,0,3,0,58.333,0,0,5004,5006,0
19702303,197023,0,0,3,0,56.667,0,0,5004,5006,0
19702304,197023,0,0,3,0,55,0,0,5004,5006,0
19702305,197023,0,0,3,0,53.333,0,0,5004,5006,0
19702306,197023,0,0,3,0,51.667,0,0,5004,5006,0
19702307,197023,0,0,3,0,50,0,0,5004,5006,0
19702308,197023,0,0,3,0,48.333,0,0,5004,5006,0
19702309,197023,0,0,3,0,46.667,0,0,5004,5006,0
19702310,197023,0,0,3,0,45,0,0,5004,5006,0
19807101,198071,0,0,2,0,60,0,30,1002,1006,2018
19807102,198071,0,0,2,0,60,0,30,1002,1006,2018
19807103,198071,0,0,2,0,60,0,30,1002,1006,2018
19807104,198071,0,0,2,0,60,0,30,1002,1006,2018
19807105,198071,0,0,2,0,60,0,30,1002,1006,2018
19807106,198071,0,0,2,0,60,0,30,1002,1006,2018
19807107,198071,0,0,2,0,60,0,30,1002,1006,2018
19807108,198071,0,0,2,0,60,0,30,1002,1006,2018
19807109,198071,0,0,2,0,60,0,30,1002,1006,2018
19807110,198071,0,0,2,0,60,0,30,1002,1006,2018
19807201,198072,0,0,1.5,0,40,0,0,1002,1006,2009
19807202,198072,0,0,1.5,0,40,0,0,1002,1006,2009
19807203,198072,0,0,1.5,0,40,0,0,1002,1006,2009
19807204,198072,0,0,1.5,0,40,0,0,1002,1006,2009
19807205,198072,0,0,1.5,0,40,0,0,1002,1006,2009
19807206,198072,0,0,1.5,0,40,0,0,1002,1006,2009
19807207,198072,0,0,1.5,0,40,0,0,1002,1006,2009
19807208,198072,0,0,1.5,0,40,0,0,1002,1006,2009
19807209,198072,0,0,1.5,0,40,0,0,1002,1006,2009
19807210,198072,0,0,1.5,0,40,0,0,1002,1006,2009
19807301,198073,0,0,1,0,35,0,0,1002,1006,3001
19807302,198073,0,0,1,0,35,0,0,1002,1006,3001
19807303,198073,0,0,1,0,35,0,0,1002,1006,3001
19807304,198073,0,0,1,0,35,0,0,1002,1006,3001
19807305,198073,0,0,1,0,35,0,0,1002,1006,3001
19807306,198073,0,0,1,0,35,0,0,1002,1006,3001
19807307,198073,0,0,1,0,35,0,0,1002,1006,3001
19807308,198073,0,0,1,0,35,0,0,1002,1006,3001
19807309,198073,0,0,1,0,35,0,0,1002,1006,3001
19807310,198073,0,0,1,0,35,0,0,1002,1006,3001
19885101,198851,0,0,2,0,60,0,30,1004,1006,3001
19885102,198851,0,0,2,0,60,0,30,1004,1006,3001
19885103,198851,0,0,2,0,60,0,30,1004,1006,3001
19885104,198851,0,0,2,0,60,0,30,1004,1006,3001
19885105,198851,0,0,2,0,60,0,30,1004,1006,3001
19885106,198851,0,0,2,0,60,0,30,1004,1006,3001
19885107,198851,0,0,2,0,60,0,30,1004,1006,3001
19885108,198851,0,0,2,0,60,0,30,1004,1006,3001
19885109,198851,0,0,2,0,60,0,30,1004,1006,3001
19885110,198851,0,0,2,0,60,0,30,1004,1006,3001
19885201,198852,0,0,0.5,0,20,0,0,1002,1006,2004
19885202,198852,0,0,0.5,0,20,0,0,1002,1006,2004
19885203,198852,0,0,0.5,0,20,0,0,1002,1006,2004
19885204,198852,0,0,0.5,0,20,0,0,1002,1006,2004
19885205,198852,0,0,0.5,0,20,0,0,1002,1006,2004
19885206,198852,0,0,0.5,0,20,0,0,1002,1006,2004
19885207,198852,0,0,0.5,0,20,0,0,1002,1006,2004
19885208,198852,0,0,0.5,0,20,0,0,1002,1006,2004
19885209,198852,0,0,0.5,0,20,0,0,1002,1006,2004
19885210,198852,0,0,0.5,0,20,0,0,1002,1006,2004
19885301,198853,0,0,0.5,0,40,0,0,1002,2002,3001
19885302,198853,0,0,0.5,0,40,0,0,1002,2002,3001
19885303,198853,0,0,0.5,0,40,0,0,1002,2002,3001
19885304,198853,0,0,0.5,0,40,0,0,1002,2002,3001
19885305,198853,0,0,0.5,0,40,0,0,1002,2002,3001
19885306,198853,0,0,0.5,0,40,0,0,1002,2002,3001
19885307,198853,0,0,0.5,0,40,0,0,1002,2002,3001
19885308,198853,0,0,0.5,0,40,0,0,1002,2002,3001
19885309,198853,0,0,0.5,0,40,0,0,1002,2002,3001
19885310,198853,0,0,0.5,0,40,0,0,1002,2002,3001
19917101,199171,0,0,2,0,60,0,25,1003,1006,2003
19917102,199171,0,0,2,0,60,0,25,1003,1006,2003
19917103,199171,0,0,2,0,60,0,25,1003,1006,2003
19917104,199171,0,0,2,0,60,0,25,1003,1006,2003
19917105,199171,0,0,2,0,60,0,25,1003,1006,2003
19917106,199171,0,0,2,0,60,0,25,1003,1006,2003
19917107,199171,0,0,2,0,60,0,25,1003,1006,2003
19917108,199171,0,0,2,0,60,0,25,1003,1006,2003
19917109,199171,0,0,2,0,60,0,25,1003,1006,2003
19917110,199171,0,0,2,0,60,0,25,1003,1006,2003
19917201,199172,0,0,1.5,0,40,0,0,1004,1006,3001
19917202,199172,0,0,1.5,0,40,0,0,1004,1006,3001
19917203,199172,0,0,1.5,0,40,0,0,1004,1006,3001
19917204,199172,0,0,1.5,0,40,0,0,1004,1006,3001
19917205,199172,0,0,1.5,0,40,0,0,1004,1006,3001
19917206,199172,0,0,1.5,0,40,0,0,1004,1006,3001
19917207,199172,0,0,1.5,0,40,0,0,1004,1006,3001
19917208,199172,0,0,1.5,0,40,0,0,1004,1006,3001
19917209,199172,0,0,1.5,0,40,0,0,1004,1006,3001
19917210,199172,0,0,1.5,0,40,0,0,1004,1006,3001
19917301,199173,0,0,1,0,25,0,0,1004,1006,2002
19917302,199173,0,0,1,0,25,0,0,1004,1006,2002
19917303,199173,0,0,1,0,25,0,0,1004,1006,2002
19917304,199173,0,0,1,0,25,0,0,1004,1006,2002
19917305,199173,0,0,1,0,25,0,0,1004,1006,2002
19917306,199173,0,0,1,0,25,0,0,1004,1006,2002
19917307,199173,0,0,1,0,25,0,0,1004,1006,2002
19917308,199173,0,0,1,0,25,0,0,1004,1006,2002
19917309,199173,0,0,1,0,25,0,0,1004,1006,2002
19917310,199173,0,0,1,0,25,0,0,1004,1006,2002
30011111,30011111,0,0,0,2,4,0,0,0,0,0
30011112,30011112,0,0,0,4,4,0,0,0,0,0
30011121,30011121,0,1,2,7.5,15,0,0,0,0,0
30011122,30011122,0,1,2,7.5,15,0,0,0,0,0
30011123,30011123,0,2,2,15,15,0,0,0,0,0
30011131,30011131,0,2,4,12.5,25,7.5,15,0,0,0
30011132,30011132,0,4,4,25,25,5,5,0,0,0
30011138,30011138,0,1.5,3,12.5,25,12.5,25,0,0,0
30011141,30011141,0,1,2,15,30,7.5,15,0,0,0
30011142,30011142,0,2,2,30,30,10,10,0,0,0
30011143,30011143,0,6,6,145,145,145,145,0,0,0
30011211,30011211,0,0,0,2,4,0,0,0,0,0
30011221,30011221,0,1,2,7.5,15,0,0,0,0,0
30011231,30011231,0,2,4,12.5,25,7.5,15,0,0,0
30011238,30011238,0,1.5,3,12.5,25,12.5,25,0,0,0
30011241,30011241,0,1,2,15,30,7.5,15,0,0,0
30011311,30011311,0,0,0,2,4,0,0,0,0,0
30011321,30011321,0,1,2,7.5,15,0,0,0,0,0
30011331,30011331,0,2,4,12.5,25,7.5,15,0,0,0
30011338,30011338,0,1.5,3,12.5,25,12.5,25,0,0,0
30011341,30011341,0,1,2,15,30,7.5,15,0,0,0
30011711,30011711,0,0,0,2,4,0,0,0,0,0
30011721,30011721,0,1,2,7.5,15,0,0,0,0,0
30011731,30011731,0,2.5,5,17.5,35,2.5,5,0,0,0
30011741,30011741,0,1,2,32.5,65,5,10,0,0,0
30011911,30011911,0,0,0,2,4,0,0,0,0,0
30011921,30011921,0,1,2,7.5,15,0,0,0,0,0
30011931,30011931,0,2.5,5,17.5,35,2.5,5,0,0,0
30011941,30011941,0,1,2,32.5,65,5,10,0,0,0
30021111,30021111,0,0,0,2,4,0,0,0,0,0
30021121,30021121,0,1,2,7.5,15,0,0,0,0,0
30021131,30021131,0,2,4,12.5,25,7.5,15,0,0,0
30021138,30021138,0,1.5,3,12.5,25,12.5,25,0,0,0
30021141,30021141,0,1,2,15,30,7.5,15,0,0,0
30021211,30021211,0,0,0,2,4,0,0,0,0,0
30021221,30021221,0,1,2,7.5,15,0,0,0,0,0
30021231,30021231,0,2,4,12.5,25,7.5,15,0,0,0
30021238,30021238,0,1.5,3,12.5,25,12.5,25,0,0,0
30021241,30021241,0,1,2,15,30,7.5,15,0,0,0
30021311,30021311,0,0,0,2,4,0,0,0,0,0
30021321,30021321,0,1,2,7.5,15,0,0,0,0,0
30021331,30021331,0,2,4,12.5,25,7.5,15,0,0,0
30021338,30021338,0,1.5,3,12.5,25,12.5,25,0,0,0
30021341,30021341,0,1,2,15,30,7.5,15,0,0,0
30021511,30021511,0,0,0,2,4,0,0,0,0,0
30021521,30021521,0,1,2,7.5,15,0,0,0,0,0
30021531,30021531,0,2,4,12.5,25,7.5,15,0,0,0
30021541,30021541,0,1,2,15,30,7.5,15,0,0,0
30021811,30021811,0,0,0,2,4,0,0,0,0,0
30021821,30021821,0,1,2,7.5,15,0,0,0,0,0
30021831,30021831,0,2,4,12.5,25,7.5,15,0,0,0
30021841,30021841,0,1,2,15,30,7.5,15,0,0,0
30031111,30031111,0,0,0,2,4,0,0,0,0,0
30031112,30031112,0,0,0,4,4,0,0,0,0,0
30031121,30031121,0,1,2,7.5,15,0,0,0,0,0
30031122,30031122,0,2,2,15,15,0,0,0,0,0
30031131,30031131,0,2,4,12.5,25,7.5,15,0,0,0
30031132,30031132,0,4,4,25,25,5,5,0,0,0
30031138,30031138,0,1.5,3,12.5,25,12.5,25,0,0,0
30031141,30031141,0,1,2,15,30,7.5,15,0,0,0
30031142,30031142,0,2,2,30,30,10,10,0,0,0
30031143,30031143,0,6,6,145,145,145,145,0,0,0
30031144,30031144,0,3,3,40,40,0,0,0,0,0
30031211,30031211,0,0,0,2,4,0,0,0,0,0
30031221,30031221,0,1,2,7.5,15,0,0,0,0,0
30031231,30031231,0,2,4,12.5,25,7.5,15,0,0,0
30031238,30031238,0,1.5,3,12.5,25,12.5,25,0,0,0
30031241,30031241,0,1,2,10,20,7.5,15,0,0,0
30031311,30031311,0,0,0,2,4,0,0,0,0,0
30031321,30031321,0,1,2,7.5,15,0,0,0,0,0
30031331,30031331,0,2,4,12.5,25,7.5,15,0,0,0
30031338,30031338,0,1.5,3,12.5,25,12.5,25,0,0,0
30031341,30031341,0,1,2,15,30,7.5,15,0,0,0
30031411,30031411,0,0,0,4,4,0,0,0,0,0
30031421,30031421,0,2,2,15,15,0,0,0,0,0
30031431,30031431,0,4,4,25,25,15,15,0,0,0
30031441,30031441,0,2,2,30,30,15,15,0,0,0
30031511,30031511,0,0,0,4,4,0,0,0,0,0
30031521,30031521,0,2,2,15,15,0,0,0,0,0
30031531,30031531,0,4,4,25,25,15,15,0,0,0
30031541,30031541,0,2,2,30,30,15,15,0,0,0
30031611,30031611,0,0,0,2,4,0,0,0,0,0
30031621,30031621,0,1,2,7.5,15,0,0,0,0,0
30031631,30031631,0,2,4,12.5,25,7.5,15,0,0,0
30031641,30031641,0,1,2,15,30,7.5,15,0,0,0
30031711,30031711,0,0,0,2,4,0,0,0,0,0
30031721,30031721,0,1,2,7.5,15,0,0,0,0,0
30031731,30031731,0,2,4,12.5,25,7.5,15,0,0,0
30031741,30031741,0,1,2,15,30,7.5,15,0,0,0
30031811,30031811,0,0,0,4,4,0,0,0,0,0
30031821,30031821,0,2,2,15,15,0,0,0,0,0
30031831,30031831,0,4,4,25,25,15,15,0,0,0
30031841,30031841,0,2,2,30,30,15,15,0,0,0
30031911,30031911,0,0,0,4,4,0,0,0,0,0
30031921,30031921,0,2,2,15,15,0,0,0,0,0
30031931,30031931,0,4,4,25,25,15,15,0,0,0
30031941,30031941,0,2,2,30,30,15,15,0,0,0
30041111,30041111,0,0,0,2,4,0,0,0,0,0
30041112,30041112,0,0,0,4,4,0,0,0,0,0
30041121,30041121,0,1,2,7.5,15,0,0,0,0,0
30041122,30041122,0,2,2,15,15,0,0,0,0,0
30041131,30041131,0,2,4,12.5,25,7.5,15,0,0,0
30041132,30041132,0,4,4,25,25,5,5,0,0,0
30041133,30041133,0,4,4,25,25,5,5,0,0,0
30041138,30041138,0,1.5,3,12.5,25,12.5,25,0,0,0
30041141,30041141,0,1,2,15,30,7.5,15,0,0,0
30041142,30041142,0,2,2,30,30,10,10,0,0,0
30041143,30041143,0,6,6,0,0,0,0,0,0,0
30041211,30041211,0,0,0,2,4,0,0,0,0,0
30041221,30041221,0,1,2,7.5,15,0,0,0,0,0
30041231,30041231,0,2,4,12.5,25,7.5,15,0,0,0
30041238,30041238,0,1.5,3,12.5,25,12.5,25,0,0,0
30041241,30041241,0,1,2,15,30,7.5,15,0,0,0
30041311,30041311,0,0,0,2,4,0,0,0,0,0
30041321,30041321,0,1,2,7.5,15,0,0,0,0,0
30041331,30041331,0,2,4,12.5,25,7.5,15,0,0,0
30041338,30041338,0,1.5,3,12.5,25,12.5,25,0,0,0
30041341,30041341,0,1,2,15,30,7.5,15,0,0,0
30041411,30041411,0,0,0,2,4,0,0,0,0,0
30041421,30041421,0,1,2,7.5,15,0,0,0,0,0
30041431,30041431,0,2,4,12.5,25,7.5,15,0,0,0
30041441,30041441,0,1,2,15,30,7.5,15,0,0,0
30041511,30041511,0,0,0,2,4,0,0,0,0,0
30041521,30041521,0,1,2,7.5,15,0,0,0,0,0
30041531,30041531,0,2,4,12.5,25,7.5,15,0,0,0
30041541,30041541,0,1,2,15,30,7.5,15,0,0,0
30051111,30051111,0,0,0,2,4,0,0,0,0,0
30051112,30051112,0,0,0,4,4,0,0,0,0,0
30051121,30051121,0,1,2,7.5,15,0,0,0,0,0
30051122,30051122,0,2,2,15,15,0,0,0,0,0
30051123,30051123,0,2,2,15,15,0,0,0,0,0
30051124,30051124,0,2,2,15,15,0,0,0,0,0
30051131,30051131,0,2,4,12.5,25,7.5,15,0,0,0
30051132,30051132,0,4,4,20,20,15,15,0,0,0
30051133,30051133,0,4,4,20,20,15,15,0,0,0
30051138,30051138,0,1.5,3,12.5,25,12.5,25,0,0,0
30051141,30051141,0,1,2,15,30,7.5,15,0,0,0
30051142,30051142,0,2,2,15,15,15,15,0,0,0
30051211,30051211,0,0,0,2,4,0,0,0,0,0
30051221,30051221,0,1,2,7.5,15,0,0,0,0,0
30051231,30051231,0,2,4,12.5,25,7.5,15,0,0,0
30051238,30051238,0,1.5,3,12.5,25,12.5,25,0,0,0
30051241,30051241,0,1,2,15,30,7.5,15,0,0,0
30051243,30051243,0,1,2,15,30,7.5,15,0,0,0
30051311,30051311,0,0,0,2,4,0,0,0,0,0
30051321,30051321,0,1,2,7.5,15,0,0,0,0,0
30051331,30051331,0,2,4,12.5,25,7.5,15,0,0,0
30051338,30051338,0,1.5,3,12.5,25,12.5,25,0,0,0
30051341,30051341,0,1,2,15,30,7.5,15,0,0,0
30051421,30051421,0,2,2,15,15,0,0,0,0,0
30051431,30051431,0,4,4,25,25,15,15,0,0,0
30051441,30051441,0,2,2,25,25,15,15,0,0,0
30051611,30051611,0,0,0,2,4,0,0,0,0,0
30051621,30051621,0,1,2,7.5,15,0,0,0,0,0
30051631,30051631,0,2,4,12.5,25,7.5,15,0,0,0
30051641,30051641,0,1,2,15,30,7.5,15,0,0,0
30051811,30051811,0,0,0,2,4,0,0,0,0,0
30051821,30051821,0,1,2,7.5,15,0,0,0,0,0
30051831,30051831,0,2,4,12.5,25,7.5,15,0,0,0
30051841,30051841,0,1,2,15,30,7.5,15,0,0,0
30061111,30061111,0,0,0,2,4,0,0,0,0,0
30061121,30061121,0,1,2,7.5,15,0,0,0,0,0
30061131,30061131,0,2,4,12.5,25,7.5,15,0,0,0
30061132,30061132,0,2,4,12.5,25,12.5,25,0,0,0
30061138,30061138,0,1.5,3,12.5,25,12.5,25,0,0,0
30061141,30061141,0,2.5,5,12.5,25,7.5,15,0,0,0
30061142,30061142,0,2.5,5,17.5,35,12.5,25,0,0,0
30061148,30061148,0,1.5,3,12.5,25,12.5,25,0,0,0
30061151,30061151,0,0.5,1,15,30,7.5,15,0,0,0
30061161,30061161,0,1,2,15,30,10,20,0,0,0
30061162,30061162,0,1,2,15,30,10,20,0,0,0
30061168,30061168,0,1.5,3,12.5,25,12.5,25,0,0,0
30061211,30061211,0,0,0,2,4,0,0,0,0,0
30061221,30061221,0,1,2,7.5,15,0,0,0,0,0
30061223,30061223,0,2,2,15,15,0,0,0,0,0
30061231,30061231,0,2,4,12.5,25,7.5,15,0,0,0
30061232,30061232,0,2,4,12.5,25,12.5,25,0,0,0
30061233,30061233,0,4,4,10,10,15,15,0,0,0
30061238,30061238,0,1.5,3,12.5,25,12.5,25,0,0,0
30061241,30061241,0,2.5,5,12.5,25,7.5,15,0,0,0
30061242,30061242,0,1.5,3,15,30,15,30,0,0,0
30061243,30061243,0,3,3,30,30,30,30,0,0,0
30061248,30061248,0,1.5,3,12.5,25,12.5,25,0,0,0
30061251,30061251,0,0.5,1,15,30,7.5,15,0,0,0
30061261,30061261,0,1,2,15,30,10,20,0,0,0
30061311,30061311,0,0,0,2,4,0,0,0,0,0
30061321,30061321,0,1,2,7.5,15,0,0,0,0,0
30061331,30061331,0,2,4,12.5,25,7.5,15,0,0,0
30061332,30061332,0,2,4,12.5,25,12.5,25,0,0,0
30061333,30061333,0,4,4,25,25,15,15,0,0,0
30061338,30061338,0,1.5,3,12.5,25,12.5,25,0,0,0
30061341,30061341,0,2.5,5,20,40,7.5,15,0,0,0
30061348,30061348,0,1.5,3,12.5,25,12.5,25,0,0,0
30061351,30061351,0,0.5,1,15,30,7.5,15,0,0,0
30061361,30061361,0,1,2,15,30,10,20,0,0,0
30061411,30061411,0,0,0,2,4,0,0,0,0,0
30061421,30061421,0,1,2,7.5,15,0,0,0,0,0
30061431,30061431,0,2,4,12.5,25,7.5,15,0,0,0
30061441,30061441,0,2.5,5,12.5,25,7.5,15,0,0,0
30061451,30061451,0,0.5,1,15,30,7.5,15,0,0,0
30061461,30061461,0,1,2,15,30,10,20,0,0,0
30061511,30061511,0,0,0,4,4,0,0,0,0,0
30061521,30061521,0,2,2,15,15,0,0,0,0,0
30061531,30061531,0,4,4,25,25,15,15,0,0,0
30061541,30061541,0,5,5,25,25,15,15,0,0,0
30061551,30061551,0,1,1,30,30,15,15,0,0,0
30061561,30061561,0,2,2,30,30,20,20,0,0,0
30061611,30061611,0,0,0,2,4,0,0,0,0,0
30061621,30061621,0,1,2,7.5,15,0,0,0,0,0
30061631,30061631,0,2,4,12.5,25,7.5,15,0,0,0
30061641,30061641,0,2.5,5,12.5,25,7.5,15,0,0,0
30061651,30061651,0,0.5,1,15,30,7.5,15,0,0,0
30061661,30061661,0,1,2,15,30,10,20,0,0,0
30061711,30061711,0,0,0,4,4,0,0,0,0,0
30061721,30061721,0,2,2,15,15,0,0,0,0,0
30061731,30061731,0,4,4,25,25,15,15,0,0,0
30061741,30061741,0,5,5,25,25,15,15,0,0,0
30061751,30061751,0,1,1,30,30,15,15,0,0,0
30061761,30061761,0,2,2,30,30,20,20,0,0,0
30061811,30061811,0,0,0,2,4,0,0,0,0,0
30061821,30061821,0,1,2,7.5,15,0,0,0,0,0
30061831,30061831,0,2,4,12.5,25,7.5,15,0,0,0
30061841,30061841,0,2.5,5,12.5,25,7.5,15,0,0,0
30061851,30061851,0,0.5,1,15,30,7.5,15,0,0,0
30061861,30061861,0,1,2,15,30,10,20,0,0,0
30061911,30061911,0,0,0,4,4,0,0,0,0,0
30061921,30061921,0,2,2,15,15,0,0,0,0,0
30061931,30061931,0,4,4,25,25,15,15,0,0,0
30061941,30061941,0,5,5,25,25,15,15,0,0,0
30061951,30061951,0,1,1,30,30,15,15,0,0,0
30061961,30061961,0,2,2,30,30,20,20,0,0,0
30071111,30071111,0,0,0,2,4,0,0,0,0,0
30071112,30071112,0,0,0,4,4,0,0,0,0,0
30071113,30071113,0,0,0,4,4,0,0,0,0,0
30071121,30071121,0,1,2,7.5,15,0,0,0,0,0
30071122,30071122,0,2,2,15,15,0,0,0,0,0
30071123,30071123,0,2,2,15,15,0,0,0,0,0
30071124,30071124,0,2,2,15,15,0,0,0,0,0
30071131,30071131,0,2,4,12.5,25,7.5,15,0,0,0
30071132,30071132,0,2.5,5,22.5,45,12.5,25,0,0,0
30071133,30071133,0,4,4,25,25,15,15,0,0,0
30071134,30071134,0,4,4,25,25,15,15,0,0,0
30071135,30071135,0,4,4,25,25,15,15,0,0,0
30071138,30071138,0,1.5,3,12.5,25,12.5,25,0,0,0
30071139,30071139,0,10,10,20,20,15,15,0,0,0
30071141,30071141,0,2.5,5,12.5,25,7.5,15,0,0,0
30071142,30071142,0,4,4,25,25,15,15,0,0,0
30071143,30071143,0,4,4,25,25,15,15,0,0,0
30071144,30071144,0,5,5,25,25,15,15,0,0,0
30071145,30071145,0,4,4,25,25,15,15,0,0,0
30071146,30071146,0,5,5,25,25,15,15,0,0,0
30071148,30071148,0,1.5,3,12.5,25,12.5,25,0,0,0
30071151,30071151,0,0.5,1,15,30,7.5,15,0,0,0
30071152,30071152,0,1,1,30,30,10,10,0,0,0
30071153,30071153,0,6,6,145,145,145,145,0,0,0
30071154,30071154,0,1,1,30,30,10,10,0,0,0
30071155,30071155,0,6,6,145,145,145,145,0,0,0
30071156,30071156,0,1,1,5,5,25,25,0,0,0
30071157,30071157,0,1,1,5,5,25,25,0,0,0
30071158,30071158,0,1,1,5,5,25,25,0,0,0
30071159,30071159,0,1,1,5,5,25,25,0,0,0
30071161,30071161,0,1,2,15,30,10,20,0,0,0
30071162,30071162,0,1,2,15,30,10,20,0,0,0
30071163,30071163,0,5,5,30,30,10,10,0,0,0
30071164,30071164,0,5,5,30,30,10,10,0,0,0
30071168,30071168,0,1.5,3,12.5,25,12.5,25,0,0,0
30071171,30071171,0,1,1,5,5,25,25,0,0,0
30071172,30071172,0,1,1,5,5,25,25,0,0,0
30071173,30071173,0,1,1,5,5,25,25,0,0,0
30071174,30071174,0,1,1,5,5,25,25,0,0,0
30071211,30071211,0,0,0,2,4,0,0,0,0,0
30071212,30071212,0,0,0,4,4,0,0,0,0,0
30071221,30071221,0,1,2,7.5,15,0,0,0,0,0
30071222,30071222,0,2,2,15,15,0,0,0,0,0
30071223,30071223,0,5,5,45,45,0,0,0,0,0
30071224,30071224,0,5,5,45,45,0,0,0,0,0
30071225,30071225,0,5,5,45,45,0,0,0,0,0
30071226,30071226,0,5,5,45,45,0,0,0,0,0
30071231,30071231,0,2,4,12.5,25,7.5,15,0,0,0
30071232,30071232,0,2,4,12.5,25,12.5,25,0,0,0
30071233,30071233,0,4,4,25,25,15,15,0,0,0
30071234,30071234,0,3,3,40,40,0,0,0,0,0
30071235,30071235,0,5,5,45,45,0,0,0,0,0
30071236,30071236,0,5,5,45,45,0,0,0,0,0
30071237,30071237,0,5,5,45,45,0,0,0,0,0
30071238,30071238,0,1.5,3,12.5,25,12.5,25,0,0,0
30071239,30071239,0,5,5,45,45,0,0,0,0,0
30071241,30071241,0,2.5,5,12.5,25,7.5,15,0,0,0
30071242,30071242,0,5,5,25,25,5,5,0,0,0
30071243,30071243,0,5,5,25,25,15,15,0,0,0
30071244,30071244,0,5,5,25,25,15,15,0,0,0
30071245,30071245,0,5,5,25,25,15,15,0,0,0
30071246,30071246,0,5,5,25,25,15,15,0,0,0
30071248,30071248,0,1.5,3,12.5,25,12.5,25,0,0,0
30071251,30071251,0,0.5,1,15,30,7.5,15,0,0,0
30071252,30071252,0,1,1,30,30,10,10,0,0,0
30071253,30071253,0,6,6,0,0,0,0,0,0,0
30071261,30071261,0,1,2,15,30,10,20,0,0,0
30071262,30071262,0,5,5,30,30,10,10,0,0,0
30071311,30071311,0,0,0,2,4,0,0,0,0,0
30071321,30071321,0,2,4,7.5,15,0,0,0,0,0
30071331,30071331,0,2.5,5,12.5,25,7.5,15,0,0,0
30071332,30071332,0,2.5,5,12.5,25,12.5,25,0,0,0
30071338,30071338,0,1.5,3,12.5,25,12.5,25,0,0,0
30071341,30071341,0,1.5,3,12.5,25,7.5,15,0,0,0
30071348,30071348,0,1.5,3,12.5,25,12.5,25,0,0,0
30071351,30071351,0,0.5,1,15,30,7.5,15,0,0,0
30071361,30071361,0,1,2,15,30,10,20,0,0,0
30071411,30071411,0,0,0,2,4,0,0,0,0,0
30071421,30071421,0,1,2,7.5,15,0,0,0,0,0
30071431,30071431,0,2,4,12.5,25,7.5,15,0,0,0
30071441,30071441,0,2.5,5,12.5,25,7.5,15,0,0,0
30071451,30071451,0,0.5,1,15,30,7.5,15,0,0,0
30071461,30071461,0,1,2,15,30,10,20,0,0,0
30071511,30071511,0,0,0,2,4,0,0,0,0,0
30071521,30071521,0,1,2,7.5,15,0,0,0,0,0
30071531,30071531,0,2,4,12.5,25,7.5,15,0,0,0
30071541,30071541,0,2.5,5,12.5,25,7.5,15,0,0,0
30071551,30071551,0,0.5,1,15,30,7.5,15,0,0,0
30071561,30071561,0,1,2,15,30,10,20,0,0,0
30071611,30071611,0,0,0,4,4,0,0,0,0,0
30071621,30071621,0,2,2,15,15,0,0,0,0,0
30071631,30071631,0,4,4,25,25,15,15,0,0,0
30071641,30071641,0,5,5,25,25,15,15,0,0,0
30071651,30071651,0,1,1,30,30,15,15,0,0,0
30071661,30071661,0,2,2,30,30,20,20,0,0,0
30071711,30071711,0,0,0,2,4,0,0,0,0,0
30071721,30071721,0,1,2,7.5,15,0,0,0,0,0
30071731,30071731,0,2,4,12.5,25,7.5,15,0,0,0
30071741,30071741,0,2.5,5,12.5,25,7.5,15,0,0,0
30071751,30071751,0,0.5,1,15,30,7.5,15,0,0,0
30071761,30071761,0,1,2,15,30,10,20,0,0,0
30071811,30071811,0,0,0,4,4,0,0,0,0,0
30071821,30071821,0,2,2,15,15,0,0,0,0,0
30071831,30071831,0,4,4,25,25,15,15,0,0,0
30071841,30071841,0,5,5,25,25,15,15,0,0,0
30071851,30071851,0,1,1,30,30,15,15,0,0,0
30071861,30071861,0,2,2,30,30,20,20,0,0,0
30071911,30071911,0,0,0,4,4,0,0,0,0,0
30071921,30071921,0,2,2,15,15,0,0,0,0,0
30071931,30071931,0,4,4,25,25,15,15,0,0,0
30071941,30071941,0,5,5,25,25,15,15,0,0,0
30071951,30071951,0,1,1,30,30,15,15,0,0,0
30071961,30071961,0,2,2,30,30,20,20,0,0,0
30081111,30081111,0,0,0,2,4,0,0,0,0,0
30081121,30081121,0,1,2,7.5,15,0,0,0,0,0
30081122,30081122,0,2,2,15,15,0,0,0,0,0
30081131,30081131,0,2,4,12.5,25,7.5,15,0,0,0
30081132,30081132,0,2,4,12.5,25,12.5,25,0,0,0
30081133,30081133,0,4,4,20,20,15,15,0,0,0
30081138,30081138,0,1.5,3,12.5,25,12.5,25,0,0,0
30081141,30081141,0,2.5,5,12.5,25,7.5,15,0,0,0
30081142,30081142,0,5,5,5,5,5,5,0,0,0
30081148,30081148,0,1.5,3,12.5,25,12.5,25,0,0,0
30081151,30081151,0,0.5,1,15,30,7.5,15,0,0,0
30081152,30081152,0,1,1,20,20,15,15,0,0,0
30081153,30081153,0,1,1,20,20,15,15,0,0,0
30081154,30081154,0,1,1,20,20,15,15,0,0,0
30081155,30081155,0,1,1,20,20,15,15,0,0,0
30081156,30081156,0,1,1,20,20,15,15,0,0,0
30081161,30081161,0,1,2,15,30,10,20,0,0,0
30081162,30081162,0,1,2,15,30,10,20,0,0,0
30081168,30081168,0,1.5,3,12.5,25,12.5,25,0,0,0
30081211,30081211,0,0,0,2,4,0,0,0,0,0
30081221,30081221,0,1,2,7.5,15,0,0,0,0,0
30081231,30081231,0,2,4,12.5,25,7.5,15,0,0,0
30081232,30081232,0,2,4,12.5,25,12.5,25,0,0,0
30081233,30081233,0,4,4,15,15,15,15,0,0,0
30081238,30081238,0,1.5,3,12.5,25,12.5,25,0,0,0
30081241,30081241,0,2.5,5,12.5,25,7.5,15,0,0,0
30081248,30081248,0,1.5,3,12.5,25,12.5,25,0,0,0
30081251,30081251,0,1.5,3,15,30,7.5,15,0,0,0
30081261,30081261,0,3,6,15,30,10,20,0,0,0
30081262,30081262,0,5,5,30,30,10,10,0,0,0
30081311,30081311,0,0,0,2,4,0,0,0,0,0
30081321,30081321,0,1,2,7.5,15,0,0,0,0,0
30081322,30081322,0,5,5,45,45,0,0,0,0,0
30081323,30081323,0,5,5,45,45,0,0,0,0,0
30081324,30081324,0,5,5,45,45,0,0,0,0,0
30081325,30081325,0,5,5,45,45,0,0,0,0,0
30081326,30081326,0,5,5,45,45,0,0,0,0,0
30081327,30081327,0,5,5,45,45,0,0,0,0,0
30081328,30081328,0,5,5,45,45,0,0,0,0,0
30081329,30081329,0,5,5,45,45,0,0,0,0,0
30081331,30081331,0,2,4,12.5,25,7.5,15,0,0,0
30081332,30081332,0,2,4,12.5,25,12.5,25,0,0,0
30081333,30081333,0,4,4,25,25,15,15,0,0,0
30081334,30081334,0,4,4,25,25,15,15,0,0,0
30081338,30081338,0,1.5,3,12.5,25,12.5,25,0,0,0
30081341,30081341,0,2.5,5,12.5,25,7.5,15,0,0,0
30081342,30081342,0,5,5,25,25,15,15,0,0,0
30081348,30081348,0,1.5,3,12.5,25,12.5,25,0,0,0
30081351,30081351,0,0.5,1,15,30,7.5,15,0,0,0
30081352,30081352,0,1,1,30,30,15,15,0,0,0
30081353,30081353,0,5,5,45,45,0,0,0,0,0
30081354,30081354,0,5,5,45,45,0,0,0,0,0
30081355,30081355,0,5,5,45,45,0,0,0,0,0
30081356,30081356,0,5,5,45,45,0,0,0,0,0
30081357,30081357,0,5,5,45,45,0,0,0,0,0
30081358,30081358,0,5,5,45,45,0,0,0,0,0
30081359,30081359,0,5,5,45,45,0,0,0,0,0
30081361,30081361,0,1,2,15,30,10,20,0,0,0
30081362,30081362,0,5,5,45,45,0,0,0,0,0
30081363,30081363,0,5,5,45,45,0,0,0,0,0
30081364,30081364,0,5,5,45,45,0,0,0,0,0
30081365,30081365,0,5,5,45,45,0,0,0,0,0
30081411,30081411,0,0,0,2,4,0,0,0,0,0
30081421,30081421,0,1,2,7.5,15,0,0,0,0,0
30081431,30081431,0,2,4,12.5,25,7.5,15,0,0,0
30081441,30081441,0,2.5,5,12.5,25,7.5,15,0,0,0
30081451,30081451,0,0.5,1,15,30,7.5,15,0,0,0
30081461,30081461,0,1,2,15,30,10,20,0,0,0
30081511,30081511,0,0,0,2,4,0,0,0,0,0
30081521,30081521,0,1,2,7.5,15,0,0,0,0,0
30081531,30081531,0,2,4,12.5,25,7.5,15,0,0,0
30081541,30081541,0,2.5,5,12.5,25,7.5,15,0,0,0
30081551,30081551,0,0.5,1,15,30,7.5,15,0,0,0
30081561,30081561,0,1,2,15,30,10,20,0,0,0
30081611,30081611,0,0,0,4,4,0,0,0,0,0
30081621,30081621,0,2,2,15,15,0,0,0,0,0
30081631,30081631,0,4,4,25,25,15,15,0,0,0
30081641,30081641,0,5,5,25,25,15,15,0,0,0
30081651,30081651,0,1,1,30,30,15,15,0,0,0
30081661,30081661,0,2,2,30,30,20,20,0,0,0
30081711,30081711,0,0,0,4,4,0,0,0,0,0
30081721,30081721,0,2,2,15,15,0,0,0,0,0
30081731,30081731,0,4,4,25,25,15,15,0,0,0
30081741,30081741,0,1,1,30,30,15,15,0,0,0
30081751,30081751,0,5,5,25,25,15,15,0,0,0
30081761,30081761,0,2,2,30,30,20,20,0,0,0
30091111,30091111,0,0,0,2,4,0,0,0,0,0
30091112,30091112,0,0,0,4,4,0,0,0,0,0
30091113,30091113,0,0,0,4,4,0,0,0,0,0
30091121,30091121,0,2,4,7.5,15,0,0,0,0,0
30091122,30091122,0,2,2,15,15,0,0,0,0,0
30091123,30091123,0,2,2,15,15,0,0,0,0,0
30091131,30091131,0,1.5,3,12.5,25,10,20,0,0,0
30091132,30091132,0,4,4,25,25,5,5,0,0,0
30091133,30091133,0,4,4,25,25,5,5,0,0,0
30091138,30091138,0,1.5,3,12.5,25,12.5,25,0,0,0
30091141,30091141,0,0.5,1,15,30,10,20,0,0,0
30091142,30091142,0,2,2,30,30,10,10,0,0,0
30091143,30091143,0,6,6,145,145,145,145,0,0,0
30091144,30091144,0,2,2,30,30,10,10,0,0,0
30091145,30091145,0,6,6,145,145,145,145,0,0,0
30091211,30091211,0,0,0,2,4,0,0,0,0,0
30091221,30091221,0,1,2,7.5,15,0,0,0,0,0
30091231,30091231,0,2,4,12.5,25,10,20,0,0,0
30091232,30091232,0,4,4,25,25,20,20,0,0,0
30091238,30091238,0,1.5,3,12.5,25,12.5,25,0,0,0
30091241,30091241,0,0.5,1,15,30,10,20,0,0,0
30091311,30091311,0,0,0,2,4,0,0,0,0,0
30091312,30091312,0,0,0,4,4,0,0,0,0,0
30091321,30091321,0,1,2,7.5,15,0,0,0,0,0
30091322,30091322,0,2,2,15,15,0,0,0,0,0
30091331,30091331,0,2,4,12.5,25,10,20,0,0,0
30091332,30091332,0,4,4,25,25,5,5,0,0,0
30091338,30091338,0,1.5,3,12.5,25,12.5,25,0,0,0
30091341,30091341,0,0.5,1,15,30,10,20,0,0,0
30091342,30091342,0,2,2,30,30,10,10,0,0,0
30091343,30091343,0,5,5,30,30,15,15,0,0,0
30091511,30091511,0,0,0,2,4,0,0,0,0,0
30091521,30091521,0,2,4,7.5,15,0,0,0,0,0
30091531,30091531,0,1.5,3,12.5,25,10,20,0,0,0
30091541,30091541,0,0.5,1,15,30,10,20,0,0,0
30091711,30091711,0,0,0,4,4,0,0,0,0,0
30091721,30091721,0,4,4,15,15,0,0,0,0,0
30091722,30091722,0,4,4,15,15,0,0,0,0,0
30091731,30091731,0,3,3,25,25,20,20,0,0,0
30091732,30091732,0,3,3,25,25,20,20,0,0,0
30091733,30091733,0,3,3,25,25,20,20,0,0,0
30091741,30091741,0,1,1,30,30,20,20,0,0,0
30091911,30091911,0,0,0,2,4,0,0,0,0,0
30091921,30091921,0,2,4,7.5,15,0,0,0,0,0
30091931,30091931,0,1.5,3,12.5,25,10,20,0,0,0
30091941,30091941,0,0.5,1,15,30,10,20,0,0,0
30101111,30101111,0,0,0,2,4,0,0,0,0,0
30101121,30101121,0,1,2,7.5,15,0,0,0,0,0
30101131,30101131,0,2,4,12.5,25,10,20,0,0,0
30101138,30101138,0,1.5,3,12.5,25,12.5,25,0,0,0
30101141,30101141,0,0.5,1,15,30,10,20,0,0,0
30101211,30101211,0,0,0,2,4,0,0,0,0,0
30101221,30101221,0,1,2,7.5,15,0,0,0,0,0
30101231,30101231,0,2,4,12.5,25,10,20,0,0,0
30101232,30101232,0,3,3,45,45,0,0,0,0,0
30101238,30101238,0,1.5,3,12.5,25,12.5,25,0,0,0
30101241,30101241,0,0.5,1,15,30,10,20,0,0,0
30101242,30101242,0,1,1,45,45,0,0,0,0,0
30101243,30101243,0,5,5,0,0,0,0,0,0,0
30101244,30101244,0,5,5,0,0,0,0,0,0,0
30101311,30101311,0,0,0,2,4,0,0,0,0,0
30101321,30101321,0,1,2,7.5,15,0,0,0,0,0
30101331,30101331,0,2,4,12.5,25,10,20,0,0,0
30101338,30101338,0,1.5,3,12.5,25,12.5,25,0,0,0
30101341,30101341,0,0.5,1,15,30,10,20,0,0,0
30101611,30101611,0,0,0,2,4,0,0,0,0,0
30101621,30101621,0,1,2,7.5,15,0,0,0,0,0
30101631,30101631,0,2,4,12.5,25,10,20,0,0,0
30101641,30101641,0,0.5,1,15,30,10,20,0,0,0
30101811,30101811,0,0,0,2,4,0,0,0,0,0
30101821,30101821,0,1,2,7.5,15,0,0,0,0,0
30101831,30101831,0,2,4,12.5,25,10,20,0,0,0
30101841,30101841,0,0.5,1,15,30,10,20,0,0,0
30111111,30111111,0,0,0,2,4,0,0,0,0,0
30111121,30111121,0,1,2,7.5,15,0,0,0,0,0
30111131,30111131,0,2,4,12.5,25,10,20,0,0,0
30111132,30111132,0,4,4,25,25,20,20,0,0,0
30111138,30111138,0,1.5,3,12.5,25,12.5,25,0,0,0
30111141,30111141,0,0.5,1,15,30,10,20,0,0,0
30111211,30111211,0,0,0,2,4,0,0,0,0,0
30111221,30111221,0,1,2,7.5,15,0,0,0,0,0
30111231,30111231,0,2,4,12.5,25,10,20,0,0,0
30111232,30111232,0,4,4,15,15,15,15,0,0,0
30111238,30111238,0,1.5,3,12.5,25,12.5,25,0,0,0
30111241,30111241,0,0.5,1,15,30,10,20,0,0,0
30111311,30111311,0,0,0,2,4,0,0,0,0,0
30111321,30111321,0,1,2,7.5,15,0,0,0,0,0
30111331,30111331,0,2,4,12.5,25,10,20,0,0,0
30111332,30111332,0,4,4,25,25,20,20,0,0,0
30111338,30111338,0,1.5,3,12.5,25,12.5,25,0,0,0
30111341,30111341,0,0.5,1,15,30,10,20,0,0,0
30111343,30111343,0,1,2,15,30,7.5,15,0,0,0
30111411,30111411,0,0,0,4,4,0,0,0,0,0
30111421,30111421,0,2,2,15,15,0,0,0,0,0
30111431,30111431,0,4,4,25,25,20,20,0,0,0
30111441,30111441,0,1,1,30,30,20,20,0,0,0
30111511,30111511,0,0,0,2,4,0,0,0,0,0
30111521,30111521,0,1,2,7.5,15,0,0,0,0,0
30111531,30111531,0,2,4,12.5,25,10,20,0,0,0
30111541,30111541,0,0.5,1,15,30,10,20,0,0,0
30111611,30111611,0,0,0,4,4,0,0,0,0,0
30111621,30111621,0,2,2,15,15,0,0,0,0,0
30111631,30111631,0,4,4,25,25,20,20,0,0,0
30111641,30111641,0,1,1,30,30,20,20,0,0,0
30111711,30111711,0,0,0,2,4,0,0,0,0,0
30111721,30111721,0,1,2,7.5,15,0,0,0,0,0
30111731,30111731,0,2,4,12.5,25,10,20,0,0,0
30111741,30111741,0,0.5,1,15,30,10,20,0,0,0
30111911,30111911,0,0,0,4,4,0,0,0,0,0
30111921,30111921,0,2,2,15,15,0,0,0,0,0
30111931,30111931,0,4,4,25,25,20,20,0,0,0
30111941,30111941,0,1,1,30,30,20,20,0,0,0
30121111,30121111,0,0,0,2,4,0,0,0,0,0
30121121,30121121,0,1,2,7.5,15,0,0,0,0,0
30121131,30121131,0,2,4,12.5,25,10,20,0,0,0
30121138,30121138,0,1.5,3,12.5,25,12.5,25,0,0,0
30121141,30121141,0,0.5,1,15,30,10,20,0,0,0
30121211,30121211,0,0,0,2,4,0,0,0,0,0
30121221,30121221,0,1,2,7.5,15,0,0,0,0,0
30121231,30121231,0,2,4,12.5,25,10,20,0,0,0
30121233,30121233,0,4,4,15,15,10,10,0,0,0
30121238,30121238,0,1.5,3,12.5,25,12.5,25,0,0,0
30121241,30121241,0,0.5,1,15,30,10,20,0,0,0
30121311,30121311,0,0,0,2,4,0,0,0,0,0
30121321,30121321,0,1,2,7.5,15,0,0,0,0,0
30121331,30121331,0,2,4,12.5,25,10,20,0,0,0
30121338,30121338,0,1.5,3,12.5,25,12.5,25,0,0,0
30121341,30121341,0,0.5,1,15,30,10,20,0,0,0
30121421,30121421,0,2,2,15,15,10,10,0,0,0
30121711,30121711,0,0,0,2,4,0,0,0,0,0
30121721,30121721,0,1,2,7.5,15,0,0,0,0,0
30121731,30121731,0,2,4,12.5,25,10,20,0,0,0
30121741,30121741,0,0.5,1,15,30,10,20,0,0,0
30121811,30121811,0,0,0,2,4,0,0,0,0,0
30121821,30121821,0,1,2,7.5,15,0,0,0,0,0
30121831,30121831,0,2,4,12.5,25,10,20,0,0,0
30121841,30121841,0,0.5,1,15,30,10,20,0,0,0
30131111,30131111,0,0,0,2,4,0,0,0,0,0
30131121,30131121,0,1,2,7.5,15,0,0,0,0,0
30131131,30131131,0,2,4,12.5,25,10,20,0,0,0
30131138,30131138,0,1.5,3,12.5,25,12.5,25,0,0,0
30131141,30131141,0,0.5,1,15,30,10,20,0,0,0
30131211,30131211,0,0,0,2,4,0,0,0,0,0
30131221,30131221,0,1,2,7.5,15,0,0,0,0,0
30131231,30131231,0,2,4,12.5,25,10,20,0,0,0
30131238,30131238,0,1.5,3,12.5,25,12.5,25,0,0,0
30131241,30131241,0,0.5,1,15,30,10,20,0,0,0
30131311,30131311,0,0,0,2,4,0,0,0,0,0
30131321,30131321,0,1,2,7.5,15,0,0,0,0,0
30131331,30131331,0,2,4,12.5,25,10,20,0,0,0
30131332,30131332,0,1,1,30,30,0,0,0,0,0
30131338,30131338,0,1.5,3,12.5,25,12.5,25,0,0,0
30131341,30131341,0,0.5,1,15,30,10,20,0,0,0
30131342,30131342,0,1,1,60,60,0,0,0,0,0
30131343,30131343,0,5,5,0,0,0,0,0,0,0
30131411,30131411,0,0,0,2,4,0,0,0,0,0
30131421,30131421,0,1,2,7.5,15,0,0,0,0,0
30131431,30131431,0,2,4,12.5,25,10,20,0,0,0
30131441,30131441,0,0.5,1,15,30,10,20,0,0,0
30141111,30141111,0,0,0,2,4,0,0,0,0,0
30141121,30141121,0,1,2,7.5,15,0,0,0,0,0
30141122,30141121,0,1,2,7.5,15,7.5,15,0,0,0
30141123,30141123,0,4,8,30,60,7.5,15,0,0,0
30141131,30141131,0,2,4,12.5,25,12.5,25,0,0,0
30141132,30141132,0,5,10,30,60,12.5,25,0,0,0
30141138,30141138,0,1.5,3,12.5,25,12.5,25,0,0,0
30141141,30141141,0,2.5,5,12.5,25,12.5,25,0,0,0
30141142,30141142,0,5,10,30,60,12.5,25,0,0,0
30141143,30141143,0,5,5,25,25,25,25,0,0,0
30141144,30141144,0,5,5,25,25,25,25,0,0,0
30141145,30141145,0,5,5,25,25,25,25,0,0,0
30141146,30141146,0,5,5,25,25,25,25,0,0,0
30141147,30141147,0,10,10,20,20,15,15,0,0,0
30141148,30141148,0,1.5,3,12.5,25,12.5,25,0,0,0
30141151,30141151,0,0.5,1,15,30,10,20,0,0,0
30141161,30141161,0,1,2,15,30,10,20,0,0,0
30141162,30141162,0,2,2,30,30,20,20,0,0,0
30141169,30141169,0,1.5,3,12.5,25,12.5,25,0,0,0
30141211,30141211,0,0,0,2,4,0,0,0,0,0
30141221,30141221,0,1,2,7.5,15,0,0,0,0,0
30141222,30141221,0,1,2,7.5,15,7.5,15,0,0,0
30141231,30141231,0,2,4,12.5,25,12.5,25,0,0,0
30141232,30141232,0,4,4,25,25,25,25,0,0,0
30141233,30141233,0,4,4,25,25,25,25,0,0,0
30141238,30141238,0,1.5,3,12.5,25,12.5,25,0,0,0
30141241,30141241,0,2.5,5,12.5,25,12.5,25,0,0,0
30141248,30141248,0,1.5,3,12.5,25,12.5,25,0,0,0
30141251,30141251,0,0.5,1,15,30,10,20,0,0,0
30141252,30141252,0,1,1,5,5,25,25,0,0,0
30141253,30141253,0,1,1,5,5,25,25,0,0,0
30141254,30141254,0,1,1,5,5,25,25,0,0,0
30141255,30141255,0,1,1,5,5,25,25,0,0,0
30141256,30141256,0,1,1,5,5,25,25,0,0,0
30141257,30141257,0,1,1,5,5,25,25,0,0,0
30141258,30141258,0,1,1,5,5,25,25,0,0,0
30141259,30141259,0,1,1,5,5,25,25,0,0,0
30141261,30141261,0,1,2,15,30,10,20,0,0,0
30141311,30141311,0,0,0,2,4,0,0,0,0,0
30141321,30141321,0,1,2,7.5,15,0,0,0,0,0
30141322,30141321,0,1,2,7.5,15,7.5,15,0,0,0
30141324,30141324,0,1,2,7.5,15,0,0,0,0,0
30141331,30141331,0,2,4,12.5,25,12.5,25,0,0,0
30141332,30141332,0,4,8,17.5,35,12.5,25,0,0,0
30141333,30141333,0,1.5,3,12.5,25,0,0,0,0,0
30141334,30141334,0,4,4,25,25,25,25,0,0,0
30141335,30141335,0,4,4,25,25,25,25,0,0,0
30141338,30141338,0,1.5,3,12.5,25,12.5,25,0,0,0
30141341,30141341,0,2.5,5,12.5,25,12.5,25,0,0,0
30141342,30141342,0,2.5,5,17.5,35,17.5,35,0,0,0
30141343,30141343,0,1.5,3,7.5,15,0,0,0,0,0
30141344,30141344,0,5,5,25,25,25,25,0,0,0
30141348,30141348,0,1.5,3,12.5,25,12.5,25,0,0,0
30141351,30141351,0,0.5,1,15,30,10,20,0,0,0
30141352,30141352,0,0.5,1,12.5,25,0,0,0,0,0
30141361,30141361,0,1,2,15,30,10,20,0,0,0
30141362,30141362,0,1,2,10,20,0,0,0,0,0
30141411,30141411,0,0,0,2,4,0,0,0,0,0
30141421,30141421,0,1,2,7.5,15,0,0,0,0,0
30141431,30141431,0,2,4,12.5,25,12.5,25,0,0,0
30141441,30141441,0,2.5,5,12.5,25,12.5,25,0,0,0
30141451,30141451,0,0.5,1,15,30,10,20,0,0,0
30141461,30141461,0,1,2,15,30,10,20,0,0,0
30141511,30141511,0,0,0,4,4,0,0,0,0,0
30141521,30141521,0,2,2,15,15,0,0,0,0,0
30141531,30141531,0,4,4,25,25,25,25,0,0,0
30141541,30141541,0,5,5,25,25,25,25,0,0,0
30141551,30141551,0,1,1,30,30,20,20,0,0,0
30141561,30141561,0,2,2,30,30,20,20,0,0,0
30141611,30141611,0,0,0,4,4,0,0,0,0,0
30141621,30141621,0,2,2,15,15,0,0,0,0,0
30141631,30141631,0,4,4,25,25,25,25,0,0,0
30141641,30141641,0,5,5,25,25,25,25,0,0,0
30141651,30141651,0,1,1,30,30,20,20,0,0,0
30141661,30141661,0,2,2,30,30,20,20,0,0,0
30141711,30141711,0,0,0,2,4,0,0,0,0,0
30141721,30141721,0,1,2,7.5,15,0,0,0,0,0
30141731,30141731,0,2,4,12.5,25,12.5,25,0,0,0
30141741,30141741,0,2.5,5,12.5,25,12.5,25,0,0,0
30141751,30141751,0,0.5,1,15,30,10,20,0,0,0
30141761,30141761,0,1,2,15,30,10,20,0,0,0
30141811,30141811,0,0,0,4,4,0,0,0,0,0
30141821,30141821,0,2,2,15,15,0,0,0,0,0
30141831,30141831,0,4,4,25,25,25,25,0,0,0
30141841,30141841,0,5,5,25,25,25,25,0,0,0
30141851,30141851,0,1,1,30,30,20,20,0,0,0
30141861,30141861,0,2,2,30,30,20,20,0,0,0
30141911,30141911,0,0,0,4,4,0,0,0,0,0
30141921,30141921,0,2,2,15,15,0,0,0,0,0
30141931,30141931,0,4,4,25,25,25,25,0,0,0
30141941,30141941,0,5,5,25,25,25,25,0,0,0
30141951,30141951,0,1,1,30,30,20,20,0,0,0
30141961,30141961,0,2,2,30,30,20,20,0,0,0
30151111,30151111,0,0,0,2,4,0,0,0,0,0
30151112,30151112,0,0,0,4,4,0,0,0,0,0
30151113,30151113,0,0,0,4,4,0,0,0,0,0
30151121,30151121,0,1,2,7.5,15,0,0,0,0,0
30151122,30151121,0,1,2,7.5,15,7.5,15,0,0,0
30151123,30151123,0,2,2,15,15,0,0,0,0,0
30151124,30151124,0,2,2,15,15,0,0,0,0,0
30151131,30151131,0,2,4,12.5,25,12.5,25,0,0,0
30151132,30151132,0,4,4,25,25,20,20,0,0,0
30151133,30151133,0,4,4,25,25,20,20,0,0,0
30151134,30151134,0,4,4,25,25,25,25,0,0,0
30151138,30151138,0,1.5,3,12.5,25,12.5,25,0,0,0
30151141,30151141,0,2.5,5,12.5,25,12.5,25,0,0,0
30151142,30151142,0,5,5,25,25,25,25,0,0,0
30151143,30151143,0,5,5,25,25,25,25,0,0,0
30151148,30151148,0,1.5,3,12.5,25,12.5,25,0,0,0
30151151,30151151,0,0.5,1,15,30,10,20,0,0,0
30151152,30151152,0,1,1,30,30,15,15,0,0,0
30151153,30151153,0,6,6,145,145,145,145,0,0,0
30151154,30151154,0,1,1,30,30,15,15,0,0,0
30151155,30151155,0,6,6,145,145,145,145,0,0,0
30151161,30151161,0,1,2,15,30,10,20,0,0,0
30151162,30151162,0,2,2,30,30,20,20,0,0,0
30151163,30151163,0,2,2,30,30,20,20,0,0,0
30151169,30151169,0,1.5,3,12.5,25,12.5,25,0,0,0
30151211,30151211,0,0,0,2,4,0,0,0,0,0
30151221,30151221,0,1,2,7.5,15,0,0,0,0,0
30151222,30151221,0,1,2,7.5,15,7.5,15,0,0,0
30151231,30151231,0,2,4,12.5,25,12.5,25,0,0,0
30151232,30151232,0,4,4,20,20,15,15,0,0,0
30151238,30151238,0,1.5,3,12.5,25,12.5,25,0,0,0
30151241,30151241,0,3,6,20,40,20,40,0,0,0
30151242,30151242,0,4,8,37.5,75,15,30,0,0,0
30151248,30151248,0,1.5,3,12.5,25,12.5,25,0,0,0
30151251,30151251,0,2,4,25,50,25,50,0,0,0
30151252,30151252,0,2,4,20,40,20,40,0,0,0
30151261,30151261,0,1,2,15,30,10,20,0,0,0
30151311,30151311,0,0,0,2,4,0,0,0,0,0
30151321,30151321,0,1,2,7.5,15,0,0,0,0,0
30151322,30151321,0,1,2,7.5,15,7.5,15,0,0,0
30151331,30151331,0,2,4,12.5,25,12.5,25,0,0,0
30151332,30151332,0,2,4,20,40,20,40,0,0,0
30151333,30151333,0,4,4,40,40,40,40,0,0,0
30151338,30151338,0,1.5,3,12.5,25,12.5,25,0,0,0
30151341,30151341,0,2.5,5,22.5,45,22.5,45,0,0,0
30151342,30151342,0,2,4,12.5,25,12.5,25,0,0,0
30151343,30151343,0,4,4,25,25,25,25,0,0,0
30151348,30151348,0,1.5,3,12.5,25,12.5,25,0,0,0
30151351,30151351,0,0.5,1,20,40,20,40,0,0,0
30151361,30151361,0,4,8,22.5,45,22.5,45,0,0,0
30151411,30151411,0,0,0,4,4,0,0,0,0,0
30151421,30151421,0,2,2,15,15,0,0,0,0,0
30151422,30151422,0,2,2,15,15,0,0,0,0,0
30151431,30151431,0,4,4,25,25,25,25,0,0,0
30151432,30151432,0,4,4,25,25,25,25,0,0,0
30151441,30151441,0,5,5,45,45,45,45,0,0,0
30151451,30151451,0,1,1,40,40,40,40,0,0,0
30151452,30151452,0,2,2,25,25,25,25,0,0,0
30151461,30151461,0,8,8,45,45,45,45,0,0,0
30151462,30151462,0,8,8,30,30,30,30,0,0,0
30151511,30151411,0,0,0,2,4,0,0,0,0,0
30151521,30151421,0,1,2,7.5,15,0,0,0,0,0
30151531,30151431,0,2,4,12.5,25,12.5,25,0,0,0
30151541,30151441,0,2.5,5,22.5,45,22.5,45,0,0,0
30151551,30151451,0,0.5,1,20,40,20,40,0,0,0
30151561,30151461,0,4,8,22.5,45,22.5,45,0,0,0
30151611,30151511,0,0,0,4,4,0,0,0,0,0
30151621,30151521,0,2,2,15,15,0,0,0,0,0
30151631,30151531,0,4,4,25,25,25,25,0,0,0
30151641,30151541,0,5,5,45,45,45,45,0,0,0
30151651,30151551,0,1,1,40,40,40,40,0,0,0
30151661,30151561,0,8,8,45,45,45,45,0,0,0
30151711,30151711,0,0,0,4,4,0,0,0,0,0
30151721,30151721,0,2,2,15,15,0,0,0,0,0
30151731,30151731,0,4,4,25,25,25,25,0,0,0
30151741,30151741,0,5,5,45,45,45,45,0,0,0
30151751,30151751,0,1,1,40,40,40,40,0,0,0
30151761,30151761,0,8,8,45,45,45,45,0,0,0
30151811,30151811,0,0,0,2,4,0,0,0,0,0
30151821,30151821,0,1,2,7.5,15,0,0,0,0,0
30151831,30151831,0,2,4,12.5,25,12.5,25,0,0,0
30151841,30151841,0,2.5,5,22.5,45,22.5,45,0,0,0
30151851,30151851,0,0.5,1,20,40,20,40,0,0,0
30151861,30151861,0,4,8,22.5,45,22.5,45,0,0,0
30151911,30151911,0,0,0,4,4,0,0,0,0,0
30151921,30151921,0,2,2,15,15,0,0,0,0,0
30151931,30151931,0,4,4,25,25,25,25,0,0,0
30151941,30151941,0,5,5,45,45,45,45,0,0,0
30151951,30151951,0,1,1,40,40,40,40,0,0,0
30151961,30151961,0,8,8,45,45,45,45,0,0,0
30161111,30161111,0,0,0,2,4,0,0,0,0,0
30161121,30161121,0,1,2,7.5,15,0,0,0,0,0
30161122,30161121,0,1,2,7.5,15,7.5,15,0,0,0
30161131,30161131,0,2,4,12.5,25,12.5,25,0,0,0
30161138,30161138,0,1.5,3,12.5,25,12.5,25,0,0,0
30161141,30161141,0,2.5,5,12.5,25,12.5,25,0,0,0
30161142,30161142,0,5,5,25,25,25,25,0,0,0
30161148,30161148,0,1.5,3,12.5,25,12.5,25,0,0,0
30161151,30161151,0,0.5,1,15,30,10,20,0,0,0
30161161,30161161,0,1,2,15,30,10,20,0,0,0
30161169,30161169,0,1.5,3,12.5,25,12.5,25,0,0,0
30161211,30161211,0,0,0,2,4,0,0,0,0,0
30161221,30161221,0,1,2,7.5,15,0,0,0,0,0
30161222,30161221,0,1,2,7.5,15,7.5,15,0,0,0
30161231,30161231,0,2,4,12.5,25,12.5,25,0,0,0
30161238,30161238,0,1.5,3,12.5,25,12.5,25,0,0,0
30161241,30161241,0,2.5,5,12.5,25,12.5,25,0,0,0
30161248,30161248,0,1.5,3,12.5,25,12.5,25,0,0,0
30161251,30161251,0,0.5,1,15,30,10,20,0,0,0
30161261,30161261,0,1,2,15,30,10,20,0,0,0
30161311,30161311,0,0,0,2,4,0,0,0,0,0
30161321,30161321,0,1,2,7.5,15,0,0,0,0,0
30161322,30161321,0,1,2,7.5,15,7.5,15,0,0,0
30161323,30161323,0,2,2,15,15,0,0,0,0,0
30161331,30161331,0,2,4,12.5,25,12.5,25,0,0,0
30161332,30161332,0,4,8,17.5,35,12.5,25,0,0,0
30161333,30161333,0,4,4,25,25,25,25,0,0,0
30161334,30161334,0,4,4,25,25,25,25,0,0,0
30161338,30161338,0,1.5,3,12.5,25,12.5,25,0,0,0
30161341,30161341,0,2.5,5,12.5,25,12.5,25,0,0,0
30161342,30161342,0,1.5,3,10,20,12.5,25,0,0,0
30161348,30161348,0,1.5,3,12.5,25,12.5,25,0,0,0
30161351,30161351,0,0.5,1,15,30,10,20,0,0,0
30161361,30161361,0,1,2,15,30,10,20,0,0,0
30161421,30161421,0,2,2,15,15,0,0,0,0,0
30161431,30161431,0,4,4,25,25,25,25,0,0,0
30161451,30161451,0,1,1,30,30,20,20,0,0,0
30161611,30161611,0,0,0,2,4,0,0,0,0,0
30161621,30161621,0,1,2,7.5,15,0,0,0,0,0
30161631,30161631,0,2,4,12.5,25,12.5,25,0,0,0
30161641,30161641,0,2.5,5,12.5,25,12.5,25,0,0,0
30161651,30161651,0,0.5,1,15,30,10,20,0,0,0
30161661,30161661,0,1,2,15,30,10,20,0,0,0
30161711,30161711,0,0,0,4,4,0,0,0,0,0
30161721,30161721,0,2,2,15,15,0,0,0,0,0
30161722,30161722,0,2,2,15,15,0,0,0,0,0
30161731,30161731,0,4,4,25,25,25,25,0,0,0
30161732,30161732,0,4,4,25,25,25,25,0,0,0
30161741,30161741,0,5,5,25,25,25,25,0,0,0
30161751,30161751,0,1,1,30,30,20,20,0,0,0
30161752,30161752,0,1,1,5,5,10,10,0,0,0
30161753,30161753,0,1,1,30,30,20,20,0,0,0
30161761,30161761,0,2,2,30,30,20,20,0,0,0
30161811,30161811,0,0,0,4,4,0,0,0,0,0
30161821,30161821,0,2,2,15,15,0,0,0,0,0
30161831,30161831,0,4,4,25,25,25,25,0,0,0
30161841,30161841,0,5,5,25,25,25,25,0,0,0
30161851,30161851,0,1,1,30,30,20,20,0,0,0
30161861,30161861,0,2,2,30,30,20,20,0,0,0
30161911,30161911,0,0,0,2,4,0,0,0,0,0
30161921,30161921,0,1,2,7.5,15,0,0,0,0,0
30161931,30161931,0,2,4,12.5,25,12.5,25,0,0,0
30161941,30161941,0,2.5,5,12.5,25,12.5,25,0,0,0
30161951,30161951,0,0.5,1,15,30,10,20,0,0,0
30161961,30161961,0,1,2,15,30,10,20,0,0,0
30171111,30171111,0,0,0,3,6,1,2,0,0,0
30171112,30171112,0,0,0,6,6,2,2,0,0,0
30171121,30171121,0,1,2,7.5,15,0,0,0,0,0
30171122,30171121,0,1,2,7.5,15,7.5,15,0,0,0
30171123,30171123,0,1,2,7.5,15,0,0,0,0,0
30171131,30171131,0,2,4,12.5,25,12.5,25,0,0,0
30171132,30171132,0,4,4,15,15,5,5,0,0,0
30171141,30171141,0,0.5,1,22.5,45,12.5,25,0,0,0
30171151,30171151,0,0.5,1,20,40,10,20,0,0,0
30171211,30171211,0,0,0,3,6,0,0,0,0,0
30171221,30171221,0,1,2,7.5,15,0,0,0,0,0
30171222,30171221,0,1,2,7.5,15,7.5,15,0,0,0
30171223,30171223,0,1,2,7.5,15,7.5,15,0,0,0
30171231,30171231,0,2,4,12.5,25,12.5,25,0,0,0
30171232,30171232,0,5,10,30,60,12.5,25,0,0,0
30171233,30171233,0,5,10,30,60,12.5,25,0,0,0
30171241,30171241,0,0.5,1,22.5,45,12.5,25,0,0,0
30171251,30171251,0,0.5,1,20,40,10,20,0,0,0
30171252,30171252,0,1,1,40,40,20,20,0,0,0
30171311,30171311,0,0,0,3,6,0,0,0,0,0
30171321,30171321,0,1,2,7.5,15,0,0,0,0,0
30171322,30171321,0,1,2,7.5,15,7.5,15,0,0,0
30171331,30171331,0,2,4,12.5,25,12.5,25,0,0,0
30171332,30171332,0,5,10,22.5,45,20,40,0,0,0
30171341,30171341,0,0.5,1,22.5,45,12.5,25,0,0,0
30171351,30171351,0,0.5,1,20,40,10,20,0,0,0
30171511,30171511,0,0,0,3,6,1,2,0,0,0
30171521,30171521,0,1,2,7.5,15,0,0,0,0,0
30171531,30171531,0,2,4,12.5,25,12.5,25,0,0,0
30171541,30171541,0,0.5,1,22.5,45,12.5,25,0,0,0
30171551,30171551,0,0.5,1,20,40,10,20,0,0,0
30171552,30171552,0,0,0,15,15,4,4,0,0,0
30171811,30171811,0,0,0,3,6,1,2,0,0,0
30171821,30171821,0,1,2,7.5,15,0,0,0,0,0
30171831,30171831,0,2,4,12.5,25,12.5,25,0,0,0
30171841,30171841,0,0.5,1,22.5,45,12.5,25,0,0,0
30171851,30171851,0,0.5,1,20,40,10,20,0,0,0
30181111,30181111,0,0,0,3,6,0,0,0,0,0
30181121,30181121,0,1,2,7.5,15,0,0,0,0,0
30181122,30181121,0,1,2,7.5,15,7.5,15,0,0,0
30181123,30181123,0,1,2,7.5,15,0,0,0,0,0
30181131,30181131,0,2,4,12.5,25,12.5,25,0,0,0
30181132,30181132,0,4,4,15,15,15,15,0,0,0
30181141,30181141,0,0.5,1,22.5,45,12.5,25,0,0,0
30181151,30181151,0,0.5,1,20,40,10,20,0,0,0
30181211,30181211,0,0,0,3,6,0,0,0,0,0
30181221,30181221,0,1,2,7.5,15,0,0,0,0,0
30181222,30181221,0,1,2,7.5,15,7.5,15,0,0,0
30181231,30181231,0,2,4,12.5,25,12.5,25,0,0,0
30181232,30181232,0,5,10,17.5,35,17.5,35,0,0,0
30181241,30181241,0,0.5,1,22.5,45,12.5,25,0,0,0
30181251,30181251,0,0.5,1,20,40,10,20,0,0,0
30181311,30181311,0,0,0,3,6,0,0,0,0,0
30181321,30181321,0,1,2,7.5,15,0,0,0,0,0
30181322,30181321,0,1,2,10,20,10,20,0,0,0
30181331,30181331,0,2,4,15,30,15,30,0,0,0
30181332,30181332,0,2.5,5,22.5,45,22.5,45,0,0,0
30181333,30181333,0,5,10,15,30,15,30,0,0,0
30181334,30181334,0,4,4,20,20,20,20,0,0,0
30181341,30181341,0,2,4,20,40,20,40,0,0,0
30181342,30181342,0,4,8,22.5,45,22.5,45,0,0,0
30181351,30181351,0,0.5,1,20,40,10,20,0,0,0
30181411,30181411,0,0,0,3,6,0,0,0,0,0
30181421,30181421,0,1,2,7.5,15,0,0,0,0,0
30181431,30181431,0,2,4,12.5,25,12.5,25,0,0,0
30181441,30181441,0,0.5,1,22.5,45,12.5,25,0,0,0
30181451,30181451,0,0.5,1,20,40,10,20,0,0,0
30181611,30181611,0,0,0,3,6,0,0,0,0,0
30181621,30181621,0,1,2,7.5,15,0,0,0,0,0
30181631,30181631,0,2,4,12.5,25,12.5,25,0,0,0
30181641,30181641,0,0.5,1,22.5,45,12.5,25,0,0,0
30181651,30181651,0,0.5,1,20,40,10,20,0,0,0
30181711,30181711,0,0,0,3,6,0,0,0,0,0
30181721,30181721,0,1,2,7.5,15,0,0,0,0,0
30181731,30181731,0,2,4,12.5,25,12.5,25,0,0,0
30181741,30181741,0,0.5,1,22.5,45,12.5,25,0,0,0
30181751,30181751,0,0.5,1,20,40,10,20,0,0,0
30191111,30191111,0,0,0,3,6,0,0,0,0,0
30191121,30191121,0,1,2,7.5,15,0,0,0,0,0
30191122,30191121,0,1,2,7.5,15,7.5,15,0,0,0
30191123,30191123,0,3,3,12,12,12,12,0,0,0
30191131,30191131,0,2,4,12.5,25,12.5,25,0,0,0
30191132,30191132,0,2,4,12.5,25,12.5,25,0,0,0
30191141,30191141,0,0.5,1,22.5,45,12.5,25,0,0,0
30191151,30191151,0,0.5,1,20,40,10,20,0,0,0
30191152,30191152,0,5,5,35,35,25,25,0,0,0
30191211,30191211,0,0,0,3,6,0,0,0,0,0
30191221,30191221,0,1,2,7.5,15,0,0,0,0,0
30191222,30191221,0,1,2,7.5,15,7.5,15,0,0,0
30191231,30191231,0,2,4,12.5,25,12.5,25,0,0,0
30191232,30191232,0,4,4,25,25,25,25,0,0,0
30191241,30191241,0,0.5,1,22.5,45,12.5,25,0,0,0
30191251,30191251,0,0.5,1,20,40,10,20,0,0,0
30191311,30191311,0,0,0,3,6,0,0,0,0,0
30191321,30191321,0,1,2,7.5,15,0,0,0,0,0
30191322,30191321,0,1,2,7.5,15,7.5,15,0,0,0
30191331,30191331,0,2,4,12.5,25,12.5,25,0,0,0
30191332,30191332,0,4,8,20,40,20,40,0,0,0
30191333,30191333,0,2.5,5,22.5,45,22.5,45,0,0,0
30191335,30191335,0,4,4,25,25,25,25,0,0,0
30191341,30191341,0,2,4,22.5,45,12.5,25,0,0,0
30191351,30191351,0,2,4,20,40,10,20,0,0,0
30191352,30191352,0,4,8,25,50,25,50,0,0,0
30191411,30191411,0,0,0,6,6,0,0,0,0,0
30191421,30191421,0,2,2,15,15,0,0,0,0,0
30191431,30191431,0,4,4,25,25,25,25,0,0,0
30191441,30191441,0,1,1,45,45,25,25,0,0,0
30191451,30191451,0,1,1,40,40,20,20,0,0,0
30191511,30191511,0,0,0,6,6,0,0,0,0,0
30191521,30191521,0,2,2,15,15,0,0,0,0,0
30191531,30191531,0,4,4,25,25,25,25,0,0,0
30191541,30191541,0,1,1,45,45,25,25,0,0,0
30191551,30191551,0,1,1,40,40,20,20,0,0,0
30191611,30191611,0,0,0,6,6,0,0,0,0,0
30191621,30191621,0,2,2,15,15,0,0,0,0,0
30191631,30191631,0,4,4,25,25,25,25,0,0,0
30191641,30191641,0,1,1,45,45,25,25,0,0,0
30191651,30191651,0,1,1,40,40,20,20,0,0,0
30191711,30191711,0,0,0,3,6,0,0,0,0,0
30191721,30191721,0,1,2,7.5,15,0,0,0,0,0
30191731,30191731,0,2,4,12.5,25,12.5,25,0,0,0
30191741,30191741,0,0.5,1,22.5,45,12.5,25,0,0,0
30191751,30191751,0,0.5,1,20,40,10,20,0,0,0
30191811,30191811,0,0,0,3,6,0,0,0,0,0
30191821,30191821,0,1,2,7.5,15,0,0,0,0,0
30191831,30191831,0,2,4,12.5,25,12.5,25,0,0,0
30191841,30191841,0,0.5,1,22.5,45,12.5,25,0,0,0
30191851,30191851,0,0.5,1,20,40,10,20,0,0,0
30191911,30191911,0,0,0,3,6,0,0,0,0,0
30191921,30191921,0,1,2,7.5,15,0,0,0,0,0
30191931,30191931,0,2,4,12.5,25,12.5,25,0,0,0
30191941,30191941,0,0.5,1,22.5,45,12.5,25,0,0,0
30191951,30191951,0,0.5,1,20,40,10,20,0,0,0
30201111,30201111,0,0,0,3,6,0,0,0,0,0
30201112,30201112,0,0,0,6,6,0,0,0,0,0
30201121,30201121,0,1,2,7.5,15,7.5,15,0,0,0
30201122,30201121,0,1,2,7.5,15,7.5,15,0,0,0
30201123,30201123,0,1,2,7.5,15,7.5,15,0,0,0
30201124,30201124,0,2,2,15,15,0,0,0,0,0
30201131,30201131,0,1.5,3,12.5,25,12.5,25,0,0,0
30201132,30201132,0,5,10,12.5,25,12.5,25,0,0,0
30201133,30201133,0,3,3,25,25,5,5,0,0,0
30201141,30201141,0,2.5,5,15,30,15,30,0,0,0
30201142,30201142,0,6,6,60,60,10,10,0,0,0
30201143,30201143,0,5,5,30,30,10,10,0,0,0
30201151,30201151,0,0.75,1.5,22.5,45,22.5,45,0,0,0
30201152,30201152,0,5,10,15,30,15,30,0,0,0
30201153,30201153,0,2,2,30,30,10,10,0,0,0
30201154,30201154,0,4,4,40,40,15,15,0,0,0
30201155,30201155,0,4,4,40,40,15,15,0,0,0
30201161,30201161,0,2.5,5,20,40,20,40,0,0,0
30201162,30201162,0,3,3,30,30,10,10,0,0,0
30201163,30201163,0,5,5,30,30,45,45,0,0,0
30201171,30201171,0,0.75,1.5,22.5,45,11,22,0,0,0
30201172,30201172,0,5,5,30,30,15,15,0,0,0
30201173,30201173,0,5,5,0,0,0,0,0,0,0
30201211,30201211,0,0,0,3,6,0,0,0,0,0
30201221,30201221,0,1,2,7.5,15,7.5,15,0,0,0
30201222,30201221,0,1,2,7.5,15,7.5,15,0,0,0
30201223,30201223,0,2,2,15,15,0,0,0,0,0
30201231,30201231,0,1.5,3,12.5,25,12.5,25,0,0,0
30201232,30201232,0,1,2,17.5,35,0,0,0,0,0
30201233,30201233,0,2,2,35,35,0,0,0,0,0
30201241,30201241,0,2,4,15,30,15,30,0,0,0
30201251,30201251,0,0.75,1.5,22.5,45,22.5,45,0,0,0
30201261,30201261,0,2.5,5,20,40,20,40,0,0,0
30201271,30201271,0,0.75,1.5,17.5,35,17.5,35,0,0,0
30201272,30201272,0,5,5,20,20,15,15,0,0,0
30201311,30201311,0,0,0,3,6,0,0,0,0,0
30201321,30201321,0,1,2,7.5,15,7.5,15,0,0,0
30201322,30201321,0,1,2,7.5,15,7.5,15,0,0,0
30201323,30201323,0,3,6,22.5,45,22.5,45,0,0,0
30201324,30201324,0,3,6,22.5,45,22.5,45,0,0,0
30201325,30201325,0,2,2,15,15,0,0,0,0,0
30201331,30201331,0,1.5,3,12.5,25,12.5,25,0,0,0
30201341,30201341,0,2,4,15,30,15,30,0,0,0
30201351,30201351,0,0.75,1.5,22.5,45,15,30,0,0,0
30201352,30201352,0,1.5,3,22.5,45,15,30,0,0,0
30201353,30201353,0,1.5,3,22.5,45,15,30,0,0,0
30201354,30201354,0,1.5,1.5,45,45,30,30,0,0,0
30201361,30201361,0,2.5,5,20,40,20,40,0,0,0
30201362,30201362,0,4,8,20,40,20,40,0,0,0
30201363,30201363,0,8,8,40,40,40,40,0,0,0
30201371,30201371,0,0.75,1.5,17.5,35,17.5,35,0,0,0
30201372,30201372,0,3,6,22.5,45,25,50,0,0,0
30201373,30201373,0,6,6,40,40,20,20,0,0,0
30201411,30201411,0,0,0,6,6,0,0,0,0,0
30201421,30201421,0,2,2,15,15,15,15,0,0,0
30201431,30201431,0,3,3,25,25,25,25,0,0,0
30201441,30201441,0,5,5,30,30,30,30,0,0,0
30201451,30201451,0,1.5,1.5,45,45,45,45,0,0,0
30201461,30201461,0,5,5,40,40,40,40,0,0,0
30201471,30201471,0,1.5,1.5,45,45,22,22,0,0,0
30201511,30201511,0,0,0,3,6,0,0,0,0,0
30201521,30201521,0,1,2,7.5,15,7.5,15,0,0,0
30201531,30201531,0,1.5,3,12.5,25,12.5,25,0,0,0
30201541,30201541,0,2.5,5,15,30,15,30,0,0,0
30201551,30201551,0,0.75,1.5,22.5,45,22.5,45,0,0,0
30201561,30201561,0,2.5,5,20,40,20,40,0,0,0
30201571,30201571,0,0.75,1.5,22.5,45,11,22,0,0,0
30201611,30201611,0,0,0,3,6,0,0,0,0,0
30201621,30201621,0,1,2,7.5,15,7.5,15,0,0,0
30201631,30201631,0,1.5,3,12.5,25,12.5,25,0,0,0
30201641,30201641,0,2.5,5,15,30,15,30,0,0,0
30201651,30201651,0,0.75,1.5,22.5,45,22.5,45,0,0,0
30201661,30201661,0,2.5,5,20,40,20,40,0,0,0
30201671,30201671,0,0.75,1.5,22.5,45,11,22,0,0,0
30201711,30201711,0,0,0,6,6,0,0,0,0,0
30201721,30201721,0,2,2,15,15,15,15,0,0,0
30201731,30201731,0,3,3,25,25,25,25,0,0,0
30201741,30201741,0,5,5,30,30,30,30,0,0,0
30201751,30201751,0,1.5,1.5,45,45,45,45,0,0,0
30201761,30201761,0,5,5,40,40,40,40,0,0,0
30201771,30201771,0,1.5,1.5,45,45,22,22,0,0,0
30201811,30201811,0,0,0,3,6,0,0,0,0,0
30201821,30201821,0,1,2,7.5,15,7.5,15,0,0,0
30201831,30201831,0,1.5,3,12.5,25,12.5,25,0,0,0
30201841,30201841,0,2.5,5,15,30,15,30,0,0,0
30201851,30201851,0,0.75,1.5,22.5,45,22.5,45,0,0,0
30201861,30201861,0,2.5,5,20,40,20,40,0,0,0
30201871,30201871,0,0.75,1.5,22.5,45,11,22,0,0,0
30201911,30201911,0,0,0,6,6,0,0,0,0,0
30201921,30201921,0,2,2,15,15,15,15,0,0,0
30201931,30201931,0,3,3,25,25,25,25,0,0,0
30201941,30201941,0,5,5,30,30,30,30,0,0,0
30201951,30201951,0,1.5,1.5,45,45,45,45,0,0,0
30201961,30201961,0,5,5,40,40,40,40,0,0,0
30201971,30201971,0,1.5,1.5,45,45,22,22,0,0,0
30211111,30211111,0,0,0,3,6,0,0,0,0,0
30211112,30211112,0,0,0,6,6,0,0,0,0,0
30211113,30211113,0,0,0,6,6,0,0,0,0,0
30211121,30211121,0,1,2,7.5,15,7.5,15,0,0,0
30211122,30211121,0,1,2,7.5,15,7.5,15,0,0,0
30211123,30211123,0,1,2,7.5,15,7.5,15,0,0,0
30211124,30211124,0,2,2,15,15,15,15,0,0,0
30211125,30211125,0,2,2,15,15,15,15,0,0,0
30211131,30211131,0,1.5,3,12.5,25,12.5,25,0,0,0
30211132,30211132,0,3,3,25,25,25,25,0,0,0
30211133,30211133,0,3,3,25,25,25,25,0,0,0
30211141,30211141,0,2,4,15,30,15,30,0,0,0
30211142,30211142,0,4,4,30,30,30,30,0,0,0
30211143,30211143,0,4,4,30,30,30,30,0,0,0
30211151,30211151,0,0.75,1.5,22.5,45,22.5,45,0,0,0
30211152,30211152,0,1.5,1.5,45,45,45,45,0,0,0
30211153,30211153,0,1.5,1.5,45,45,45,45,0,0,0
30211154,30211154,0,6,6,145,145,145,145,0,0,0
30211155,30211155,0,1.5,1.5,45,45,45,45,0,0,0
30211156,30211156,0,6,6,145,145,145,145,0,0,0
30211157,30211157,0,3,3,20,20,20,20,0,0,0
30211161,30211161,0,2.5,5,20,40,20,40,0,0,0
30211162,30211162,0,5,5,40,40,40,40,0,0,0
30211163,30211163,0,5,5,40,40,40,40,0,0,0
30211171,30211171,0,0.75,1.5,17.5,35,17.5,35,0,0,0
30211172,30211172,0,1.5,1.5,35,35,35,35,0,0,0
30211173,30211173,0,1.5,1.5,35,35,35,35,0,0,0
30211211,30211211,0,0,0,3,6,0,0,0,0,0
30211221,30211221,0,1,2,7.5,15,7.5,15,0,0,0
30211222,30211221,0,1,2,7.5,15,7.5,15,0,0,0
30211223,30211223,0,2,2,15,15,0,0,0,0,0
30211231,30211231,0,1.5,3,12.5,25,12.5,25,0,0,0
30211232,30211232,0,2.5,5,20,40,20,40,0,0,0
30211241,30211241,0,2,4,15,30,15,30,0,0,0
30211242,30211242,0,4,4,30,30,30,30,0,0,0
30211251,30211251,0,0.75,1.5,22.5,45,17.5,35,0,0,0
30211261,30211261,0,2.5,5,22.5,45,22.5,45,0,0,0
30211262,30211262,0,2.5,5,22.5,45,22.5,45,0,0,0
30211263,30211263,0,6,12,0.5,1,0.5,1,0,0,0
30211264,30211264,0,3,6,30,60,30,60,0,0,0
30211265,30211265,0,5,5,45,45,45,45,0,0,0
30211271,30211271,0,0.75,1.5,20,40,20,40,0,0,0
30211272,30211272,0,5,5,30,30,45,45,0,0,0
30211311,30211311,0,0,0,3,6,0,0,0,0,0
30211321,30211321,0,1,2,7.5,15,7.5,15,0,0,0
30211322,30211321,0,1,2,7.5,15,7.5,15,0,0,0
30211323,30211323,0,2,2,15,15,0,0,0,0,0
30211331,30211331,0,1.5,3,12.5,25,12.5,25,0,0,0
30211332,30211332,0,3,3,25,25,25,25,0,0,0
30211341,30211341,0,2,4,20,40,20,40,0,0,0
30211342,30211342,0,4,4,40,40,40,40,0,0,0
30211351,30211351,0,1.5,3,22.5,45,22.5,45,0,0,0
30211361,30211361,0,2.5,5,20,40,20,40,0,0,0
30211362,30211362,0,2.5,5,20,40,20,40,0,0,0
30211371,30211371,0,2,4,20,40,20,40,0,0,0
30211372,30211372,0,3.5,7,17.5,35,17.5,35,0,0,0
30211373,30211373,0,2,4,20,40,20,40,0,0,0
30211374,30211374,0,3.5,7,17.5,35,17.5,35,0,0,0
30211411,30211411,0,0,0,6,6,0,0,0,0,0
30211421,30211421,0,5,5,15,15,0,0,0,0,0
30211431,30211431,0,7,7,35,35,0,0,0,0,0
30211441,30211441,0,7,7,65,65,0,0,0,0,0
30211451,30211451,0,4,4,80,80,30,30,0,0,0
30211461,30211461,0,9,9,55,55,0,0,0,0,0
30211471,30211471,0,7,7,80,80,30,30,0,0,0
30211511,30211511,0,0,0,6,6,0,0,0,0,0
30211521,30211521,0,5,5,15,15,0,0,0,0,0
30211531,30211531,0,7,7,35,35,0,0,0,0,0
30211541,30211541,0,6,6,0,0,0,0,0,0,0
30211542,30211542,0,6,6,0,0,0,0,0,0,0
30211543,30211543,0,6,6,0,0,0,0,0,0,0
30211551,30211551,0,4,4,80,80,30,30,0,0,0
30211561,30211561,0,9,9,55,55,0,0,0,0,0
30211571,30211571,0,4,4,40,40,20,20,0,0,0
30211572,30211572,0,4,4,40,40,20,20,0,0,0
30211611,30211611,0,0,0,6,6,0,0,0,0,0
30211621,30211621,0,5,5,15,15,0,0,0,0,0
30211631,30211631,0,7,7,35,35,0,0,0,0,0
30211641,30211641,0,7,7,65,65,0,0,0,0,0
30211651,30211651,0,4,4,80,80,30,30,0,0,0
30211661,30211661,0,9,9,55,55,0,0,0,0,0
30211671,30211671,0,7,7,80,80,30,30,0,0,0
30211711,30211711,0,0,0,3,6,0,0,0,0,0
30211721,30211721,0,2.5,5,7.5,15,0,0,0,0,0
30211731,30211731,0,3.5,7,17.5,35,0,0,0,0,0
30211732,30211732,0,7,7,25,25,15,15,0,0,0
30211741,30211741,0,3.5,7,32.5,65,0,0,0,0,0
30211751,30211751,0,2,4,40,80,15,30,0,0,0
30211752,30211752,0,4,4,30,30,30,30,0,0,0
30211761,30211761,0,4.5,9,27.5,55,0,0,0,0,0
30211771,30211771,0,3.5,7,40,80,15,30,0,0,0
30211911,30211911,0,0,0,3,6,0,0,0,0,0
30211921,30211921,0,2.5,5,7.5,15,0,0,0,0,0
30211931,30211931,0,3.5,7,17.5,35,0,0,0,0,0
30211941,30211941,0,3.5,7,32.5,65,0,0,0,0,0
30211942,30211942,0,4,4,0,0,0,0,0,0,0
30211943,30211943,0,4,4,0,0,0,0,0,0,0
30211944,30211944,0,4,4,0,0,0,0,0,0,0
30211951,30211951,0,2,4,40,80,15,30,0,0,0
30211952,30211952,0,2,2,0,0,0,0,0,0,0
30211953,30211953,0,2,2,0,0,0,0,0,0,0
30211954,30211954,0,2,2,60,60,0,0,0,0,0
30211961,30211961,0,4.5,9,27.5,55,0,0,0,0,0
30211962,30211962,0,7,7,35,35,0,0,0,0,0
30211963,30211963,0,6,6,30,30,0,0,0,0,0
30211964,30211964,0,6,6,30,30,0,0,0,0,0
30211971,30211971,0,3.5,7,40,80,15,30,0,0,0
30211972,30211972,0,1,1,0,0,0,0,0,0,0
30221111,30221111,0,0,0,2,4,0,0,0,0,0
30221121,30221121,0,1,2,7.5,15,7.5,15,0,0,0
30221131,30221131,0,1,2,10,20,10,20,0,0,0
30221141,30221141,0,1,2,10,20,10,20,0,0,0
30221211,30221211,0,0,0,2,4,0,0,0,0,0
30221221,30221221,0,1,2,7.5,15,7.5,15,0,0,0
30221231,30221231,0,1,2,10,20,10,20,0,0,0
30221241,30221241,0,1,2,10,20,10,20,0,0,0
30221311,30221311,0,0,0,2,4,0,0,0,0,0
30221321,30221321,0,1,2,7.5,15,7.5,15,0,0,0
30221331,30221331,0,1,2,10,20,10,20,0,0,0
30221341,30221341,0,1,2,10,20,10,20,0,0,0
30231111,30231111,0,0,0,2,4,0,0,0,0,0
30231121,30231121,0,1,2,7.5,15,7.5,15,0,0,0
30231131,30231131,0,1,2,7.5,15,7.5,15,0,0,0
30231141,30231141,0,1,2,10,20,10,20,0,0,0
30231211,30231211,0,0,0,2,4,0,0,0,0,0
30231221,30231221,0,1,2,7.5,15,7.5,15,0,0,0
30231231,30231231,0,1,2,7.5,15,7.5,15,0,0,0
30231241,30231241,0,1,2,10,20,10,20,0,0,0
30231311,30231311,0,0,0,4,4,0,0,0,0,0
30231321,30231321,0,2,2,15,15,15,15,0,0,0
30231331,30231331,0,2,2,15,15,15,15,0,0,0
30231341,30231341,0,2,2,20,20,20,20,0,0,0
30241111,30241111,0,0,0,4,4,0,0,0,0,0
30241121,30241121,0,1,2,7.5,15,7.5,15,0,0,0
30241131,30241131,0,1.5,3,12.5,25,12.5,25,0,0,0
30241141,30241141,0,1,2,10,20,10,20,0,0,0
30241211,30241211,0,0,0,2,4,0,0,0,0,0
30241221,30241221,0,1,2,7.5,15,7.5,15,0,0,0
30241231,30241231,0,1.5,3,12.5,25,12.5,25,0,0,0
30241241,30241241,0,1,2,10,20,10,20,0,0,0
30241311,30241311,0,0,0,2,4,0,0,0,0,0
30241321,30241321,0,1,2,7.5,15,7.5,15,0,0,0
30241331,30241331,0,1.5,3,12.5,25,12.5,25,0,0,0
30241341,30241341,0,1,2,10,20,10,20,0,0,0
30242111,30242111,0,0,0,2,4,0,0,0,0,0
30242121,30242121,0,1,2,7.5,15,7.5,15,0,0,0
30242131,30242131,0,1,2,10,20,12.5,25,0,0,0
30242141,30242141,0,1,2,10,20,10,20,0,0,0
30242211,30242211,0,0,0,2,4,0,0,0,0,0
30242221,30242221,0,1,2,7.5,15,7.5,15,0,0,0
30242231,30242231,0,1,2,10,20,10,20,0,0,0
30242241,30242241,0,1,2,10,20,10,20,0,0,0
30242311,30242311,0,0,0,2,4,0,0,0,0,0
30242321,30242321,0,1,2,7.5,15,7.5,15,0,0,0
30242331,30242331,0,1,2,10,20,10,20,0,0,0
30242341,30242341,0,1,2,10,20,10,20,0,0,0
30243111,30243111,0,0,0,4,4,0,0,0,0,0
30243121,30243121,0,2,2,20,20,15,15,0,0,0
30243131,30243131,0,3,3,15,15,25,25,0,0,0
30243141,30243141,0,2,2,20,20,20,20,0,0,0
30243211,30243211,0,0,0,4,4,0,0,0,0,0
30243221,30243221,0,2,2,20,20,15,15,0,0,0
30243231,30243231,0,3,3,15,15,25,25,0,0,0
30243241,30243241,0,2,2,20,20,20,20,0,0,0
30243311,30243311,0,0,0,4,4,0,0,0,0,0
30243321,30243321,0,2,2,20,20,15,15,0,0,0
30243331,30243331,0,3,3,15,15,25,25,0,0,0
30243341,30243341,0,2,2,20,20,20,20,0,0,0
30291111,30291111,0,0,0,3,6,0,0,0,0,0
30291121,30291121,0,1,2,7.5,15,0,0,0,0,0
30291122,30291122,0,2,2,15,15,0,0,0,0,0
30291131,30291131,0,2,4,12.5,25,7.5,15,0,0,0
30291141,30291141,0,2.5,5,15,30,10,20,0,0,0
30291142,30291142,0,5,5,30,30,20,20,0,0,0
30291151,30291151,0,0.5,1,22.5,45,12.5,25,0,0,0
30291152,30291152,0,1,1,45,45,25,25,0,0,0
30291153,30291153,0,1,1,45,45,25,25,0,0,0
30291154,30291154,0,1,1,15,15,15,15,0,0,0
30291161,30291161,0,1.5,3,15,30,15,30,0,0,0
30291171,30291171,0,1.5,3,15,30,15,30,0,0,0
30291211,30291211,0,0,0,3,6,0,0,0,0,0
30291221,30291221,0,1,2,7.5,15,0,0,0,0,0
30291231,30291231,0,2,4,12.5,25,7.5,15,0,0,0
30291241,30291241,0,2.5,5,15,30,10,20,0,0,0
30291251,30291251,0,0.5,1,22.5,45,12.5,25,0,0,0
30291252,30291252,0,3,3,45,45,25,25,0,0,0
30291261,30291261,0,1.5,3,15,30,15,30,0,0,0
30291271,30291271,0,1.5,3,15,30,15,30,0,0,0
30291311,30291311,0,0,0,3,6,0,0,0,0,0
30291321,30291321,0,1,2,7.5,15,0,0,0,0,0
30291322,30291322,0,1,2,7.5,15,0,0,0,0,0
30291331,30291331,0,2,4,12.5,25,7.5,15,0,0,0
30291332,30291332,0,2,4,12.5,25,7.5,15,0,0,0
30291333,30291333,0,2,4,12.5,25,7.5,15,0,0,0
30291341,30291341,0,2.5,5,15,30,10,20,0,0,0
30291351,30291351,0,0.5,1,22.5,45,12.5,25,0,0,0
30291352,30291352,0,0.5,1,22.5,45,12.5,25,0,0,0
30291353,30291353,0,1,1,45,45,25,25,0,0,0
30291354,30291354,0,1,1,45,45,25,25,0,0,0
30291355,30291355,0,4,4,30,30,20,20,0,0,0
30291361,30291361,0,1.5,3,15,30,15,30,0,0,0
30291371,30291371,0,1.5,3,15,30,15,30,0,0,0
30291372,30291372,0,2,2,20,20,20,20,0,0,0
30301111,30301111,0,0,0,2,4,0,0,0,0,0
30301121,30301121,0,1,2,7.5,15,0,0,0,0,0
30301131,30301131,0,2,4,12.5,25,7.5,15,0,0,0
30301141,30301141,0,2.5,5,15,30,10,20,0,0,0
30301142,30301142,0,2.5,5,15,30,10,20,0,0,0
30301151,30301151,0,0.5,1,22.5,45,12.5,25,0,0,0
30301161,30301161,0,1.5,3,15,30,15,30,0,0,0
30301211,30301211,0,0,0,2,4,0,0,0,0,0
30301221,30301221,0,1,2,7.5,15,0,0,0,0,0
30301231,30301231,0,2,4,12.5,25,7.5,15,0,0,0
30301232,30301232,0,4,4,25,25,15,15,0,0,0
30301241,30301241,0,2.5,5,15,30,10,20,0,0,0
30301251,30301251,0,0.5,1,22.5,45,12.5,25,0,0,0
30301261,30301261,0,1.5,3,15,30,15,30,0,0,0
30301311,30301311,0,0,0,2,4,0,0,0,0,0
30301312,30301312,0,0,0,2,4,0,0,0,0,0
30301321,30301321,0,1,2,7.5,15,0,0,0,0,0
30301322,30301322,0,1,2,7.5,15,0,0,0,0,0
30301331,30301331,0,2,4,12.5,25,7.5,15,0,0,0
30301332,30301332,0,2,4,12.5,25,7.5,15,0,0,0
30301333,30301333,0,7,7,0,0,0,0,0,0,0
30301334,30301334,0,7,7,0,0,0,0,0,0,0
30301335,30301335,0,7,7,0,0,0,0,0,0,0
30301341,30301341,0,2.5,5,15,30,10,20,0,0,0
30301342,30301342,0,2.5,5,15,30,10,20,0,0,0
30301351,30301351,0,0.5,1,22.5,45,12.5,25,0,0,0
30301352,30301352,0,0.5,1,22.5,45,12.5,25,0,0,0
30301361,30301361,0,1.5,3,15,30,15,30,0,0,0
30301362,30301362,0,1.5,3,15,30,15,30,0,0,0
30311111,30311111,0,0,0,2,4,0,0,0,0,0
30311121,30311121,0,1,2,7.5,15,7.5,15,0,0,0
30311122,30311122,0,1,2,7.5,15,7.5,15,0,0,0
30311131,30311131,0,1.5,3,12.5,25,12.5,25,0,0,0
30311141,30311141,0,1.5,3,15,30,15,30,0,0,0
30311142,30311142,0,3,3,20,20,20,20,0,0,0
30311151,30311151,0,1.5,3,15,30,15,30,0,0,0
30311152,30311152,0,3,3,30,30,30,30,0,0,0
30311153,30311153,0,3,3,30,30,0,0,0,0,0
30311155,30311155,0,3,3,30,30,0,0,0,0,0
30311161,30311161,0,2,4,17.5,35,17.5,35,0,0,0
30311171,30311171,0,2,4,20,40,20,40,0,0,0
30311172,30311172,0,3,3,25,25,20,20,0,0,0
30311211,30311211,0,0,0,2,4,0,0,0,0,0
30311221,30311221,0,1,2,7.5,15,7.5,15,0,0,0
30311222,30311222,0,1,2,7.5,15,7.5,15,0,0,0
30311223,30311223,0,3,3,15,15,10,10,0,0,0
30311224,30311224,0,2,2,15,15,15,15,0,0,0
30311231,30311231,0,1.5,3,12.5,25,12.5,25,0,0,0
30311232,30311232,0,3,3,25,25,25,25,0,0,0
30311233,30311233,0,3,3,25,25,25,25,0,0,0
30311234,30311234,0,3,3,20,20,20,20,0,0,0
30311241,30311241,0,1.5,3,15,30,15,30,0,0,0
30311251,30311251,0,1.5,3,15,30,15,30,0,0,0
30311252,30311252,0,3,3,30,30,30,30,0,0,0
30311253,30311253,0,3,3,30,30,0,0,0,0,0
30311254,30311254,0,3,3,30,30,30,30,0,0,0
30311261,30311261,0,2,4,17.5,35,17.5,35,0,0,0
30311271,30311271,0,2,4,20,40,20,40,0,0,0
30311272,30311272,0,7,7,0,0,0,0,0,0,0
30311273,30311273,0,4,4,40,40,40,40,0,0,0
30311274,30311274,0,4,4,40,40,40,40,0,0,0
30311311,30311311,0,0,0,2,4,0,0,0,0,0
30311321,30311321,0,1,2,7.5,15,7.5,15,0,0,0
30311322,30311322,0,1,2,7.5,15,7.5,15,0,0,0
30311331,30311331,0,1.5,3,12.5,25,12.5,25,0,0,0
30311332,30311332,0,3,6,0,0,12.5,25,0,0,0
30311333,30311333,0,6,6,0,0,25,25,0,0,0
30311334,30311334,0,6,6,0,0,25,25,0,0,0
30311341,30311341,0,1.5,3,15,30,15,30,0,0,0
30311343,30311343,0,2,2,25,25,15,15,0,0,0
30311351,30311351,0,1.5,3,15,30,15,30,0,0,0
30311352,30311352,0,5,5,0,0,0,0,0,0,0
30311353,30311353,0,5,5,0,0,0,0,0,0,0
30311354,30311354,0,3,3,30,30,0,0,0,0,0
30311361,30311361,0,2,4,17.5,35,17.5,35,0,0,0
30311362,30311362,0,3,3,40,40,10,10,0,0,0
30311371,30311371,0,2,4,20,40,20,40,0,0,0
30311372,30311372,0,1,1,15,15,0,0,0,0,0
30321111,30321111,0,0,0,2,4,0,0,0,0,0
30321112,30321112,0,0,0,4,4,0,0,0,0,0
30321121,30321121,0,1,2,7.5,15,0,0,0,0,0
30321122,30321122,0,2,2,15,15,0,0,0,0,0
30321123,30321123,0,2,2,15,15,0,0,0,0,0
30321131,30321131,0,2,4,12.5,25,7.5,15,0,0,0
30321132,30321132,0,4,4,25,25,5,5,0,0,0
30321134,30321134,0,4,4,25,25,15,15,0,0,0
30321141,30321141,0,2.5,5,15,30,10,20,0,0,0
30321142,30321142,0,5,5,50,50,15,15,0,0,0
30321151,30321151,0,0.5,1,22.5,45,12.5,25,0,0,0
30321152,30321152,0,1,1,45,45,10,10,0,0,0
30321161,30321161,0,1.5,3,15,30,15,30,0,0,0
30321162,30321162,0,5,5,30,30,10,10,0,0,0
30321171,30321171,0,1.5,3,15,30,15,30,0,0,0
30321172,30321172,0,3,3,30,30,20,20,0,0,0
30321173,30321173,0,3,3,30,30,30,30,0,0,0
30321211,30321211,0,0,0,2,4,0,0,0,0,0
30321221,30321221,0,1,2,7.5,15,0,0,0,0,0
30321231,30321231,0,2,4,12.5,25,7.5,15,0,0,0
30321241,30321241,0,2.5,5,15,30,10,20,0,0,0
30321242,30321242,0,6,6,60,60,10,10,0,0,0
30321251,30321251,0,0.5,1,22.5,45,12.5,25,0,0,0
30321252,30321252,0,3,3,0,0,0,0,0,0,0
30321261,30321261,0,1.5,3,15,30,15,30,0,0,0
30321262,30321262,0,3,3,30,30,10,10,0,0,0
30321271,30321271,0,1.5,3,15,30,15,30,0,0,0
30321311,30321311,0,0,0,2,4,0,0,0,0,0
30321321,30321321,0,1,2,7.5,15,0,0,0,0,0
30321331,30321331,0,2,4,12.5,25,7.5,15,0,0,0
30321341,30321341,0,2.5,5,15,30,10,20,0,0,0
30321342,30321342,0,5,5,30,30,45,45,0,0,0
30321351,30321351,0,0.5,1,22.5,45,12.5,25,0,0,0
30321361,30321361,0,1.5,3,15,30,15,30,0,0,0
30321371,30321371,0,1.5,3,15,30,15,30,0,0,0
30331111,30331111,0,0,0,4,4,0,0,0,0,0
30331121,30331121,0,2,2,40,40,0,0,0,0,0
30331131,30331131,0,1,1,15,15,0,0,0,0,0
30331141,30331141,0,2,2,30,30,10,10,0,0,0
30331151,30331151,0,3,3,25,25,10,10,0,0,0
30341111,30341111,0,0,0,2,4,0,0,0,0,0
30341121,30341121,0,1,2,7.5,15,7.5,15,0,0,0
30341131,30341131,0,1,2,10,20,10,20,0,0,0
30341141,30341141,0,1,2,10,20,10,20,0,0,0
30341151,30341151,0,3,3,25,25,10,10,0,0,0
30351111,30351111,0,0,0,2,4,0,0,0,0,0
30351121,30351121,0,1,2,7.5,15,7.5,15,0,0,0
30351131,30351131,0,1,2,10,20,10,20,0,0,0
30351141,30351141,0,1,2,10,20,10,20,0,0,0
30351151,30351151,0,3,3,25,25,10,10,0,0,0
30361111,30361111,0,0,0,4,4,0,0,0,0,0
30361121,30361121,0,2,2,15,15,15,15,0,0,0
30361131,30361131,0,2,2,20,20,25,25,0,0,0
30361141,30361141,0,2,2,20,20,20,20,0,0,0
30361211,30361211,0,0,0,4,4,0,0,0,0,0
30361221,30361221,0,2,2,15,15,15,15,0,0,0
30361231,30361231,0,2,2,20,20,20,20,0,0,0
30361241,30361241,0,2,2,20,20,20,20,0,0,0
30361311,30361311,0,0,0,4,4,0,0,0,0,0
30361321,30361321,0,2,2,15,15,15,15,0,0,0
30361331,30361331,0,2,2,20,20,20,20,0,0,0
30361341,30361341,0,2,2,20,20,20,20,0,0,0
30371111,30371111,0,0,0,4,4,0,0,0,0,0
30371121,30371121,0,2,2,20,20,15,15,0,0,0
30371131,30371131,0,3,3,15,15,25,25,0,0,0
30371141,30371141,0,2,2,20,20,20,20,0,0,0
30371211,30371211,0,0,0,4,4,0,0,0,0,0
30371221,30371221,0,2,2,20,20,15,15,0,0,0
30371231,30371231,0,3,3,15,15,25,25,0,0,0
30371241,30371241,0,2,2,20,20,20,20,0,0,0
30371311,30371311,0,0,0,4,4,0,0,0,0,0
30371321,30371321,0,2,2,20,20,15,15,0,0,0
30371331,30371331,0,3,3,15,15,25,25,0,0,0
30371341,30371341,0,2,2,20,20,20,20,0,0,0
30381111,30381111,0,0,0,4,4,0,0,0,0,0
30381121,30381121,0,2,2,20,20,15,15,0,0,0
30381131,30381131,0,3,3,15,15,25,25,0,0,0
30381141,30381141,0,2,2,20,20,20,20,0,0,0
30381211,30381211,0,0,0,4,4,0,0,0,0,0
30381221,30381221,0,2,2,20,20,15,15,0,0,0
30381231,30381231,0,3,3,15,15,25,25,0,0,0
30381241,30381241,0,2,2,20,20,20,20,0,0,0
30381311,30381311,0,0,0,4,4,0,0,0,0,0
30381321,30381321,0,2,2,20,20,15,15,0,0,0
30381331,30381331,0,3,3,15,15,25,25,0,0,0
30381341,30381341,0,2,2,20,20,20,20,0,0,0
35011111,35011111,0,0,0,4,8,0,0,0,0,0
35011112,35011112,0,0,0,5.5,5.5,0,0,0,0,0
35011113,35011113,0,0,0,5,5,0,0,0,0,0
35011121,35011121,0,1,2,15,30,15,30,0,0,0
35011122,35011122,0,2,2,10,10,5,5,0,0,0
35011131,35011131,0,1,2,15,30,15,30,0,0,0
35011132,35011132,0,3,3,20,20,10,10,0,0,0
35011133,35011133,0,2,2,10,10,10,10,0,0,0
35011141,35011141,0,1,2,15,30,15,30,0,0,0
35011142,35011142,0,2,2,30,30,20,20,0,0,0
35011143,35011143,0,3,3,0,0,0,0,0,0,0
35011144,35011144,0,2,2,15,15,15,15,0,0,0
35011151,35011151,0,0.5,1,12,24,12,24,0,0,0
35011152,35011152,0,2,2,30,30,15,15,0,0,0
35011161,35011161,0,0.5,1,12,24,12,24,0,0,0
35011162,35011162,0,1,1,15,15,15,15,0,0,0
35011163,35011163,0,6,6,0,0,120,120,0,0,0
35011171,35011171,0,0.5,1,12,24,12,24,0,0,0
35011172,35011172,0,3,3,0,0,0,0,0,0,0
35011173,35011173,0,1,1,24,24,24,24,0,0,0
35011181,35011181,0,0.5,1,12,24,12,24,0,0,0
35011182,35011182,0,1,1,24,24,24,24,0,0,0
35011191,35011191,0,0.5,1,12,24,12,24,0,0,0
35011192,35011192,0,6,6,0,0,120,120,0,0,0
35011211,35011211,0,0,0,4,8,0,0,0,0,0
35011221,35011221,0,1,2,7.5,15,7.5,15,0,0,0
35011231,35011231,0,1.5,3,12.5,25,12.5,25,0,0,0
35011241,35011241,0,1.5,3,12.5,25,12.5,25,0,0,0
35011242,35011242,0,3,3,25,25,25,25,0,0,0
35011251,35011251,0,0.5,1,12,24,12,24,0,0,0
35011252,35011252,0,1,1,24,24,24,24,0,0,0
35011261,35011261,0,1.5,3,12.5,25,12.5,25,0,0,0
35011271,35011271,0,1,2,7.5,15,7.5,15,0,0,0
35011272,35011272,0,2,2,15,15,15,15,0,0,0
35011281,35011281,0,1.5,3,12.5,25,12.5,25,0,0,0
35011282,35011282,0,3,3,25,25,25,25,0,0,0
35011283,35011283,0,3,3,25,25,25,25,0,0,0
35011291,35011291,0,0.5,1,12,24,0,0,0,0,0
35011311,35011311,0,0,0,4,8,0,0,0,0,0
35011321,35011321,0,1,2,7.5,15,7.5,15,0,0,0
35011331,35011331,0,1.5,3,12.5,25,12.5,25,0,0,0
35011341,35011341,0,1.5,3,12.5,25,12.5,25,0,0,0
35011351,35011351,0,0,0,3,6,0,0,0,0,0
35011352,35011352,0,1,1,24,24,24,24,0,0,0
35011361,35011361,0,1.5,3,12.5,25,12.5,25,0,0,0
35011362,35011362,0,1,1,24,24,24,24,0,0,0
35011371,35011371,0,1,2,7.5,15,7.5,15,0,0,0
35011381,35011381,0,1,2,7.5,15,7.5,15,0,0,0
35011391,35011391,0,0,0,3,6,0,0,0,0,0
35021111,35021111,0,0,0,4,8,0,0,0,0,0
35021112,35021112,0,0,0,8,8,0,0,0,0,0
35021113,35021113,0,0,0,6,6,3,3,0,0,0
35021121,35021121,0,1,2,7.5,15,7.5,15,0,0,0
35021122,35021122,0,3,3,15,15,0,0,0,0,0
35021123,35021123,0,3,3,15,15,0,0,0,0,0
35021124,35021124,0,2,2,15,15,5,5,0,0,0
35021125,35021125,0,2,2,20,20,5,5,0,0,0
35021131,35021131,0,1.5,3,12.5,25,12.5,25,0,0,0
35021132,35021132,0,3,3,15,15,0,0,0,0,0
35021133,35021133,0,4,8,15,30,15,30,0,0,0
35021134,35021134,0,3,3,25,25,5,5,0,0,0
35021135,35021135,0,3,3,25,25,0,0,0,0,0
35021141,35021141,0,1.5,3,12.5,25,12.5,25,0,0,0
35021142,35021142,0,4,4,20,20,0,0,0,0,0
35021143,35021143,0,5,5,58,58,30,30,0,0,0
35021151,35021151,0,2.5,5,15,30,12.5,25,0,0,0
35021152,35021152,0,4,4,20,20,0,0,0,0,0
35021153,35021153,0,5,5,30,30,0,0,0,0,0
35021161,35021161,0,1,2,10,20,10,20,0,0,0
35021162,35021162,0,2,2,60,60,30,30,0,0,0
35021171,35021171,0,2,4,15,30,15,30,0,0,0
35021172,35021172,0,4,4,6,6,0,0,0,0,0
35021173,35021173,0,4,4,45,45,0,0,0,0,0
35021181,35021181,0,5,10,0,0,0,0,0,0,0
35021182,35021182,0,6,6,6,6,0,0,0,0,0
35021183,35021183,0,10,10,0,0,0,0,0,0,0
35021191,35021191,0,0.5,1,0,0,0,0,0,0,0
35021192,35021192,0,0.5,1,0,0,5,10,0,0,0
35021193,35021193,0,1,1,0,0,0,0,0,0,0
35021211,35021211,0,0,0,4,8,0,0,0,0,0
35021221,35021221,0,1,2,7.5,15,7.5,15,0,0,0
35021231,35021231,0,1.5,3,12.5,25,12.5,25,0,0,0
35021241,35021241,0,1.5,3,12.5,25,12.5,25,0,0,0
35021251,35021251,0,1.5,3,12.5,25,12.5,25,0,0,0
35021261,35021261,0,1,2,10,20,10,20,0,0,0
35021271,35021271,0,2,4,15,30,15,30,0,0,0
35021281,35021281,0,2.5,5,0,0,0,0,0,0,0
35021291,35021291,0,0.5,1,0,0,0,0,0,0,0
35021311,35021311,0,0,0,4,8,0,0,0,0,0
35021312,35021312,0,0,0,4,8,0,0,0,0,0
35021321,35021321,0,1,2,7.5,15,7.5,15,0,0,0
35021322,35021322,0,1,2,7.5,15,7.5,0,0,0,0
35021323,35021323,0,1,2,7.5,15,0,0,0,0,0
35021324,35021324,0,2,2,15,15,0,0,0,0,0
35021325,35021325,0,2,2,15,15,0,0,0,0,0
35021331,35021331,0,1.5,3,12.5,25,12.5,25,0,0,0
35021332,35021332,0,1.5,3,15,30,7.5,0,0,0,0
35021333,35021333,0,3,6,0.5,1,12.5,0,0,0,0
35021334,35021334,0,3,6,0.5,1,0,0,0,0,0
35021341,35021341,0,1.5,3,12.5,25,12.5,25,0,0,0
35021342,35021342,0,2,4,7.5,15,7.5,15,0,0,0
35021343,35021343,0,4,4,15,15,15,15,0,0,0
35021344,35021344,0,5,5,45,45,45,45,0,0,0
35021345,35021345,0,5,5,45,45,45,45,0,0,0
35021351,35021351,0,1.5,3,12.5,25,12.5,25,0,0,0
35021352,35021352,0,1.5,3,7.5,15,7.5,0,0,0,0
35021353,35021353,0,3,6,0.5,1,12.5,0,0,0,0
35021361,35021361,0,1,2,10,20,10,20,0,0,0
35021362,35021362,0,1,2,30,60,7.5,15,0,0,0
35021371,35021371,0,2,4,15,30,15,30,0,0,0
35021372,35021372,0,2,4,12.5,25,7.5,0,0,0,0
35021381,35021381,0,2.5,5,0,0,0,0,0,0,0
35021382,35021382,0,2.5,5,0,0,0,0,0,0,0
35021391,35021391,0,0.5,1,0,0,0,0,0,0,0
35021392,35021392,0,0.5,1,0,0,0,0,0,0,0
35021511,35021511,0,0,0,4,8,0,0,0,0,0
35021521,35021521,0,1,2,7.5,15,0,0,0,0,0
35021531,35021531,0,1.5,3,15,30,0,0,0,0,0
35021551,35021551,0,1.5,3,7.5,15,0,0,0,0,0
35021561,35021561,0,1,2,30,60,7.5,15,0,0,0
35021571,35021571,0,2,4,12.5,25,0,0,0,0,0
35021611,35021611,0,0,0,8,8,0,0,0,0,0
35021621,35021621,0,2,2,15,15,0,0,0,0,0
35021631,35021631,0,3,3,30,30,0,0,0,0,0
35021651,35021651,0,3,3,15,15,0,0,0,0,0
35021661,35021661,0,2,2,60,60,15,15,0,0,0
35021671,35021671,0,4,4,25,25,0,0,0,0,0
35021711,35021711,0,0,0,8,8,0,0,0,0,0
35021721,35021721,0,2,2,15,15,0,0,0,0,0
35021731,35021731,0,3,3,30,30,0,0,0,0,0
35021751,35021751,0,3,3,15,15,0,0,0,0,0
35021761,35021761,0,2,2,60,60,15,15,0,0,0
35021771,35021771,0,4,4,25,25,0,0,0,0,0
35031111,35031111,0,0,0,4,8,0,0,0,0,0
35031112,35031112,0,0,0,4,8,0,0,0,0,0
35031113,35031113,0,0,0,6,6,3,3,0,0,0
35031121,35031121,0,1,2,7.5,15,7.5,15,0,0,0
35031122,35031122,0,1,2,7.5,15,5,10,0,0,0
35031123,35031123,0,2,2,15,15,5,5,0,0,0
35031124,35031124,0,2,2,15,15,5,5,0,0,0
35031131,35031131,0,1.5,3,12.5,25,12.5,25,0,0,0
35031132,35031132,0,2,4,12.5,25,7.5,15,0,0,0
35031133,35031133,0,3,3,40,40,5,5,0,0,0
35031134,35031134,0,3,3,25,25,25,25,0,0,0
35031141,35031141,0,1.5,3,12.5,25,12.5,25,0,0,0
35031142,35031142,0,1.5,3,20,40,10,20,0,0,0
35031143,35031143,0,2.5,5,20,40,10,20,0,0,0
35031144,35031144,0,3,3,30,30,5,5,0,0,0
35031145,35031145,0,3,3,15,15,5,5,0,0,0
35031146,35031146,0,3,3,15,15,5,5,0,0,0
35031151,35031151,0,0,0,22.5,45,7.5,15,0,0,0
35031152,35031152,0,0.5,1,20,40,12.5,25,0,0,0
35031153,35031153,0,0.5,1,0.5,1,0,0,0,0,0
35031154,35031154,0,0.5,1,0.5,1,0,0,0,0,0
35031155,35031155,0,6,6,60,60,30,30,0,0,0
35031156,35031156,0,2,2,0,0,0,0,0,0,0
35031157,35031157,0,2,2,0,0,0,0,0,0,0
35031158,35031158,0,0,0,30,30,15,15,0,0,0
35031159,35031159,0,8,8,1800,1800,15,15,0,0,0
35031161,35031161,0,1.5,3,12.5,25,12.5,25,0,0,0
35031162,35031162,0,1.5,3,17.5,35,20,40,0,0,0
35031163,35031163,0,4,4,35,35,0,0,0,0,0
35031164,35031164,0,3,3,40,40,30,30,0,0,0
35031171,35031171,0,1,2,7.5,15,7.5,15,0,0,0
35031172,35031172,0,1.5,3,20,40,0,0,0,0,0
35031173,35031173,0,5,5,45,45,0,0,0,0,0
35031174,35031174,0,3,3,30,30,15,15,0,0,0
35031175,35031175,0,7,7,0,0,60,60,0,0,0
35031176,35031176,0,5,5,20,20,10,10,0,0,0
35031182,35031182,0,3.5,7,0,0,0,0,0,0,0
35031183,35031183,0,3.5,7,0,0,0,0,0,0,0
35031187,35031187,0,10,10,0,0,0,0,0,0,0
35031221,35031221,0,1,2,7.5,15,7.5,15,0,0,0
35031231,35031231,0,1.5,3,12.5,25,12.5,25,0,0,0
35031241,35031241,0,1.5,3,12.5,25,12.5,25,0,0,0
35031251,35031251,0,0,0,8,16,0,0,0,0,0
35031252,35031252,0,1,1,0,0,0,0,0,0,0
35031261,35031261,0,1.5,3,12.5,25,12.5,25,0,0,0
35031271,35031271,0,1,2,7.5,15,7.5,15,0,0,0
35031311,35031311,0,0,0,4,8,0,0,0,0,0
35031312,35031312,0,0,0,2,4,0,0,0,0,0
35031321,35031321,0,1,2,7.5,15,0,0,0,0,0
35031322,35031322,0,1,2,7.5,15,7.5,15,0,0,0
35031323,35031323,0,1,2,12.5,25,7.5,15,0,0,0
35031331,35031331,0,1.5,3,12.5,25,7.5,15,0,0,0
35031332,35031332,0,1.5,3,12.5,25,7.5,15,0,0,0
35031333,35031333,0,3,3,25,25,15,15,0,0,0
35031341,35031341,0,1.5,3,7.5,15,10,20,0,0,0
35031342,35031342,0,2,4,12.5,25,12.5,25,0,0,0
35031343,35031343,0,1,2,15,30,7.5,15,0,0,0
35031344,35031344,0,4,4,25,25,25,25,0,0,0
35031346,35031346,0,3,3,15,15,20,20,0,0,0
35031351,35031351,0,1,2,15,30,15,30,0,0,0
35031352,35031352,0,1,2,22.5,45,22.5,45,0,0,0
35031353,35031353,0,1,2,15,30,0,0,0,0,0
35031354,35031354,0,2,2,45,45,45,45,0,0,0
35031361,35031361,0,2.5,5,32.5,65,17.5,35,0,0,0
35031362,35031362,0,2,4,22.5,45,12.5,25,0,0,0
35031363,35031363,0,4,4,45,45,25,25,0,0,0
35031371,35031371,0,1,2,12.5,25,7.5,15,0,0,0
35031372,35031372,0,2.5,5,30,60,15,30,0,0,0
35031373,35031373,0,5,5,25,25,25,25,0,0,0
35031381,35031381,0,0.5,7,0,0,0,0,0,0,0
35031382,35031382,0,2.5,5,30,60,15,30,0,0,0
35041111,35041111,0,0,0,4,8,0,0,0,0,0
35041112,35041112,0,0,0,2,4,0,0,0,0,0
35041121,35041121,0,1,2,7.5,15,7.5,15,0,0,0
35041122,35041122,0,1.5,3,10,20,10,20,0,0,0
35041123,35041123,0,1.5,3,10,20,0,0,0,0,0
35041124,35041124,0,3,3,20,20,5,5,0,0,0
35041125,35041125,0,3,3,15,15,0,0,0,0,0
35041126,35041126,0,3,3,15,15,0,0,0,0,0
35041127,35041127,0,3,3,15,15,0,0,0,0,0
35041129,35041129,0,1,2,7.5,15,0,0,0,0,0
35041131,35041131,0,1,2,10,20,10,20,0,0,0
35041132,35041132,0,5,10,60,120,12.5,25,0,0,0
35041133,35041133,0,1.5,3,5,10,0,0,0,0,0
35041134,35041134,0,2.5,5,20,40,12.5,25,0,0,0
35041135,35041135,0,6,6,40,40,20,20,0,0,0
35041136,35041136,0,4,4,30,30,15,15,0,0,0
35041137,35041137,0,4,4,25,25,0,0,0,0,0
35041139,35041139,0,1.5,3,25,50,0,0,0,0,0
35041141,35041141,0,1.5,3,12.5,25,12.5,25,0,0,0
35041142,35041142,0,5,10,60,120,12.5,25,0,0,0
35041143,35041143,0,3,6,17.5,35,7.5,15,0,0,0
35041144,35041144,0,3,6,17.5,35,7.5,15,0,0,0
35041145,35041145,0,3,6,17.5,35,7.5,15,0,0,0
35041146,35041146,0,3,3,20,20,5,5,0,0,0
35041147,35041147,0,4,4,30,30,30,30,0,0,0
35041148,35041148,0,2,4,0,0,0,0,0,0,0
35041149,35041149,0,2,4,0,0,0,0,0,0,0
35041151,35041151,0,1.5,3,17.5,35,17.5,35,0,0,0
35041152,35041152,0,2.5,5,17.5,35,0,0,0,0,0
35041153,35041153,0,3,3,15,15,5,5,0,0,0
35041154,35041154,0,3,3,35,35,35,35,0,0,0
35041155,35041155,0,4,4,20,20,0,0,0,0,0
35041156,35041156,0,4,4,20,20,0,0,0,0,0
35041161,35041161,0,1.5,3,22.5,45,22.5,45,0,0,0
35041162,35041162,0,3.5,7,0,0,0,0,0,0,0
35041163,35041163,0,1.5,3,0,0,0,0,0,0,0
35041164,35041164,0,1,2,22.5,45,10,20,0,0,0
35041165,35041165,0,2,2,40,40,25,25,0,0,0
35041166,35041166,0,6,6,15,15,0,0,0,0,0
35041167,35041167,0,6,6,20,20,0,0,0,0,0
35041169,35041169,0,1,2,20,40,0,0,0,0,0
35041171,35041171,0,2.5,5,20,40,20,40,0,0,0
35041172,35041172,0,6,7,0,0,0,0,0,0,0
35041173,35041173,0,6,7,0,0,0,0,0,0,0
35041174,35041174,0,6,7,0,0,0,0,0,0,0
35041175,35041175,0,6,6,60,60,30,30,0,0,0
35041179,35041179,0,3,6,0,0,0,0,0,0,0
35041211,35041211,0,0,0,4,8,0,0,0,0,0
35041221,35041221,0,1,2,7.5,15,7.5,15,0,0,0
35041231,35041231,0,1,2,7.5,15,7.5,15,0,0,0
35041241,35041241,0,1.5,3,12.5,25,12.5,25,0,0,0
35041251,35041251,0,0.5,2,7.5,15,7.5,15,0,0,0
35041261,35041261,0,0.5,1,12.5,25,0,0,0,0,0
35041271,35041271,0,0.5,3,12.5,25,12.5,25,0,0,0
35041311,35041311,0,0,0,4,8,0,0,0,0,0
35041321,35041321,0,0.5,2,7.5,15,7.5,15,0,0,0
35041331,35041331,0,1,2,15,30,7.5,15,0,0,0
35041341,35041341,0,0.5,3,12.5,25,12.5,25,0,0,0
35041351,35041351,0,0.5,3,7.5,15,7.5,15,0,0,0
35041361,35041361,0,0.5,2,12.5,25,0,0,0,0,0
35041371,35041371,0,0.5,4,17.5,35,12.5,25,0,0,0
35041372,35041372,0,0.5,4,17.5,35,12.5,25,0,0,0
35041381,35041381,0,0.5,7,0,0,0,0,0,0,0
35041421,35041421,0,2,2,15,15,10,10,0,0,0
35041431,35041431,0,3,3,10,10,10,10,0,0,0
35041432,35041432,0,3,3,10,10,10,10,0,0,0
35041451,35041451,0,3,3,15,15,10,10,0,0,0
35041461,35041461,0,6,6,15,15,10,10,0,0,0
35041462,35041462,0,6,6,15,15,10,10,0,0,0
35041471,35041471,0,6,6,10,10,10,10,0,0,0
35041481,35041481,0,3,3,10,10,10,10,0,0,0
35041482,35041482,0,3,3,10,10,10,10,0,0,0
35041483,35041483,0,3,3,10,10,10,10,0,0,0
35041484,35041484,0,3,3,10,10,10,10,0,0,0
35051111,35051111,0,0,0,4,8,0,0,0,0,0
35051121,35051121,0,0.5,1,8,16,0,0,0,0,0
35051122,35051122,0,1,2,7.5,15,0,0,0,0,0
35051131,35051131,0,0.5,1,8,16,0,0,0,0,0
35051132,35051132,0,1,2,10,20,5,10,0,0,0
35051141,35051141,0,0.5,1,8,16,0,0,0,0,0
35051142,35051142,0,2,2,30,30,0,0,0,0,0
35051143,35051143,0,3,3,16,16,0,0,0,0,0
35051151,35051151,0,0.5,1,8,16,0,0,0,0,0
35051152,35051152,0,0.5,1,22.5,45,10,20,0,0,0
35051153,35051153,0,3,3,25,25,0,0,0,0,0
35051154,35051154,0,3,3,16,16,0,0,0,0,0
35051161,35051161,0,0.5,1,8,16,0,0,0,0,0
35051162,35051162,0,1,1,0,0,0,0,0,0,0
35051163,35051163,0,3,3,16,16,0,0,0,0,0
35051171,35051171,0,0.5,1,8,16,0,0,0,0,0
35051172,35051172,0,5,5,0,0,0,0,0,0,0
35051173,35051173,0,5,5,0,0,0,0,0,0,0
35051174,35051174,0,5,5,0,0,0,0,0,0,0
35051175,35051175,0,5,5,30,30,0,0,0,0,0
35051181,35051181,0,0.5,1,8,16,0,0,0,0,0
35051211,35051211,0,0,0,4,8,0,0,0,0,0
35051221,35051221,0,1,2,7.5,15,7.5,15,0,0,0
35051231,35051231,0,1.5,3,12.5,25,12.5,25,0,0,0
35051241,35051241,0,1.5,3,12.5,25,12.5,25,0,0,0
35051251,35051251,0,1.5,3,12.5,25,12.5,25,0,0,0
35051261,35051261,0,0.5,1,8,16,0,0,0,0,0
35051271,35051271,0,1.5,3,12.5,25,12.5,25,0,0,0
35051281,35051281,0,0.5,1,8,16,0,0,0,0,0
35051311,35051311,0,0,0,4,8,0,0,0,0,0
35051312,35051312,0,0,0,4,8,0,0,0,0,0
35051321,35051321,0,1,2,7.5,15,0,0,0,0,0
35051322,35051322,0,0.5,1,7.5,15,0,0,0,0,0
35051331,35051331,0,1.5,3,10,20,7.5,15,0,0,0
35051332,35051332,0,1.5,3,10,20,7.5,15,0,0,0
35051333,35051333,0,1,2,12.5,25,7.5,15,0,0,0
35051341,35051341,0,1.5,3,12.5,25,10,20,0,0,0
35051342,35051342,0,1,2,15,30,10,20,0,0,0
35051351,35051351,0,1.5,3,12.5,25,12.5,25,0,0,0
35051352,35051352,0,1,2,17.5,35,12.5,25,0,0,0
35051353,35051353,0,2,4,7.5,15,12.5,25,0,0,0
35051354,35051354,0,2,4,7.5,15,12.5,25,0,0,0
35051355,35051355,0,4,4,15,15,25,25,0,0,0
35051356,35051356,0,4,4,15,15,25,25,0,0,0
35051357,35051357,0,4,4,15,15,25,25,0,0,0
35051358,35051358,0,4,4,15,15,25,25,0,0,0
35051361,35051361,0,2.5,5,20,40,15,30,0,0,0
35051362,35051362,0,0.5,1,22.5,45,0,0,0,0,0
35051363,35051363,0,1.5,3,8,16,15,30,0,0,0
35051364,35051364,0,3,6,22.5,45,17.5,35,0,0,0
35051365,35051365,0,1,2,1,2,0,0,0,0,0
35051366,35051366,0,1,2,8,16,0,0,0,0,0
35051367,35051367,0,1,2,8,16,0,0,0,0,0
35051368,35051368,0,1,2,8,16,0,0,0,0,0
35051369,35051369,0,5,5,40,40,30,30,0,0,0
35051371,35051371,0,1.5,3,15,30,20,40,0,0,0
35051372,35051372,0,2,4,12.5,25,12.5,25,0,0,0
35051373,35051373,0,1,1,45,45,0,0,0,0,0
35051381,35051381,0,2.5,5,0.5,1,1,1,0,0,0
35051511,35051511,0,0,0,4,8,0,0,0,0,0
35051512,35051512,0,0,0,6,6,0,0,0,0,0
35051513,35051513,0,0,0,5.2,5.2,0,0,0,0,0
35051514,35051514,0,0,0,6,6,0,0,0,0,0
35051521,35051521,0,1,2,7.5,15,7.5,15,0,0,0
35051522,35051522,0,2,2,14,14,14,14,0,0,0
35051523,35051523,0,2,2,15,15,5,5,0,0,0
35051531,35051531,0,1.5,3,12.5,25,12.5,25,0,0,0
35051532,35051532,0,3,3,19,19,19,19,0,0,0
35051533,35051533,0,3,3,25,25,10,10,0,0,0
35051541,35051541,0,1.5,3,12.5,25,12.5,25,0,0,0
35051542,35051542,0,3,3,23,23,23,23,0,0,0
35051543,35051543,0,3,3,20,20,15,15,0,0,0
35051551,35051551,0,1.5,3,12.5,25,12.5,25,0,0,0
35051552,35051552,0,5,5,60,60,0,0,0,0,0
35051553,35051553,0,3,3,28,28,28,28,0,0,0
35051554,35051554,0,3,3,30,30,20,20,0,0,0
35051561,35051561,0,0.5,1,8,16,0,0,0,0,0
35051562,35051562,0,1,1,15,15,0,0,0,0,0
35051563,35051563,0,3,3,45,45,0,0,0,0,0
35051564,35051564,0,1,1,40,40,0,0,0,0,0
35051565,35051565,0,3,3,40,40,0,0,0,0,0
35051571,35051571,0,1.5,3,12.5,25,12.5,25,0,0,0
35051572,35051572,0,3,6,90,180,15,30,0,0,0
35051573,35051573,0,3,3,38,38,30,30,0,0,0
35051574,35051574,0,6,6,180,180,30,30,0,0,0
35051575,35051575,0,3,3,25,25,30,30,0,0,0
35051581,35051581,0,0.5,1,8,16,0,0,0,0,0
35051582,35051582,0,6,6,0,0,120,120,0,0,0
35051621,35051621,0,2,2,15,15,10,10,0,0,0
35051631,35051631,0,3,3,30,30,10,10,0,0,0
35051632,35051632,0,3,3,15,15,10,10,0,0,0
35051641,35051641,0,12,12,8,8,8,8,0,0,0
35051642,35051642,0,4,4,8,8,10,10,0,0,0
35051651,35051651,0,3,3,25,25,0,0,0,0,0
35051652,35051652,0,3,3,25,25,0,0,0,0,0
35051653,35051653,0,3,3,25,25,0,0,0,0,0
35051654,35051654,0,7,7,8,8,8,8,0,0,0
35051656,35051656,0,3,3,25,25,0,0,0,0,0
35051661,35051661,0,4,4,25,25,10,10,0,0,0
35051671,35051671,0,5,5,0,0,0,0,0,0,0
35051681,35051681,0,2,2,30,30,10,10,0,0,0
35051682,35051682,0,2,2,30,30,10,10,0,0,0
35051691,35051691,0,0,0,0,0,0,0,0,0,0
35051692,35051692,0,5,5,8,8,0,0,0,0,0
35051693,35051693,0,0,0,0,0,0,0,0,0,0
35051694,35051694,0,0,0,0,0,0,0,0,0,0
35091111,35091111,0,0,0,4,8,0,0,0,0,0
35091112,35091112,0,0,0,8,8,0,0,0,0,0
35091121,35091121,0,1,2,7.5,15,0,0,0,0,0
35091122,35091122,0,2,2,15,15,0,0,0,0,0
35091131,35091131,0,1,2,10,20,5,10,0,0,0
35091134,35091134,0,2,2,20,20,10,10,0,0,0
35091135,35091135,0,5,5,20,20,15,15,0,0,0
35091136,35091136,0,5,5,20,20,15,15,0,0,0
35091141,35091141,0,1.5,3,10,20,7.5,15,0,0,0
35091142,35091142,0,1,1,30,30,0,0,0,0,0
35091143,35091143,0,3,3,20,20,15,15,0,0,0
35091151,35091151,0,0.5,1,22.5,45,10,20,0,0,0
35091152,35091152,0,1,1,45,45,20,20,0,0,0
35091153,35091153,0,1,1,45,45,20,20,0,0,0
35091154,35091154,0,1,1,45,45,20,20,0,0,0
35091155,35091155,0,1,1,45,45,20,20,0,0,0
35091161,35091161,0,1.5,3,15,30,12.5,25,0,0,0
35091162,35091162,0,5,5,0,0,0,0,0,0,0
35091163,35091163,0,3,3,30,30,25,25,0,0,0
35091164,35091164,0,3,3,20,20,10,10,0,0,0
35091171,35091171,0,1.5,3,20,40,12.5,25,0,0,0
35091172,35091172,0,3,3,20,20,25,25,0,0,0
35091211,35091211,0,0,0,8,8,0,0,0,0,0
35091212,35091212,0,0,0,6,6,0,0,0,0,0
35091213,35091213,0,0,0,6,6,0,0,0,0,0
35091214,35091214,0,0,0,5,5,0,0,0,0,0
35091221,35091221,0,2,2,15,15,0,0,0,0,0
35091222,35091222,0,2,2,15,15,0,0,0,0,0
35091223,35091223,0,2,2,15,15,0,0,0,0,0
35091231,35091231,0,2,2,20,20,10,10,0,0,0
35091232,35091232,0,5,5,180,180,10,10,0,0,0
35091233,35091233,0,5,5,20,20,10,10,0,0,0
35091234,35091234,0,2,2,20,20,5,5,0,0,0
35091235,35091235,0,7,7,0,0,60,60,0,0,0
35091236,35091236,0,0,0,0,0,60,60,0,0,0
35091237,35091237,0,7,7,0,0,60,60,0,0,0
35091238,35091238,0,0,0,0,0,60,60,0,0,0
35091239,35091239,0,5,5,20,20,10,10,0,0,0
35091241,35091241,0,3,3,20,20,15,15,0,0,0
35091242,35091242,0,3,3,30,30,10,10,0,0,0
35091243,35091243,0,3,3,30,30,10,10,0,0,0
35091251,35091251,0,1,1,45,45,20,20,0,0,0
35091252,35091252,0,2,2,40,40,10,10,0,0,0
35091253,35091253,0,5,5,40,40,30,30,0,0,0
35091254,35091254,0,4,4,0,0,0,0,0,0,0
35091261,35091261,0,3,3,30,30,25,25,0,0,0
35091262,35091262,0,3,3,30,30,35,35,0,0,0
35091263,35091263,0,4,4,45,45,20,20,0,0,0
35091264,35091264,0,4,4,45,45,20,20,0,0,0
35091265,35091265,0,4,4,25,25,10,10,0,0,0
35091266,35091266,0,3,3,30,30,25,25,0,0,0
35091267,35091267,0,4,4,30,30,20,20,0,0,0
35091268,35091268,0,4,4,20,20,20,20,0,0,0
35091271,35091271,0,3,3,40,40,25,25,0,0,0
35091272,35091272,0,6,6,1,1,1,1,0,0,0
35091273,35091273,0,2,2,25,25,15,15,0,0,0
35091274,35091274,0,2,2,25,25,15,15,0,0,0
35091275,35091275,0,3,3,40,40,25,25,0,0,0
35091311,35091311,0,0,0,8,8,0,0,0,0,0
35091321,35091321,0,0.5,0.5,15,15,0,0,0,0,0
35091331,35091331,0,2,2,25,25,7,7,0,0,0
35091332,35091332,0,4,4,180,180,10,10,0,0,0
35091333,35091333,0,5,5,20,20,10,10,0,0,0
35091341,35091341,0,1,1,20,20,15,15,0,0,0
35091351,35091351,0,1,1,45,45,20,20,0,0,0
35091361,35091361,0,2,2,30,30,25,25,0,0,0
35091362,35091362,0,1,1,20,20,3,3,0,0,0
35091371,35091371,0,3,3,40,40,25,25,0,0,0
35091372,35091372,0,4,4,1,1,1,1,0,0,0
35091411,35091411,0,0,0,8,8,0,0,0,0,0
35091421,35091421,0,2,2,15,15,0,0,0,0,0
35091422,35091422,0,2,2,15,15,0,0,0,0,0
35091431,35091431,0,2,2,20,20,10,10,0,0,0
35091432,35091432,0,2,2,20,20,5,5,0,0,0
35091433,35091433,0,2,2,20,20,10,10,0,0,0
35091434,35091434,0,2,2,20,20,5,5,0,0,0
35091441,35091441,0,3,3,20,20,15,15,0,0,0
35091442,35091442,0,3,3,30,30,10,10,0,0,0
35091443,35091443,0,3,3,20,20,15,15,0,0,0
35091451,35091451,0,1,1,45,45,20,20,0,0,0
35091452,35091452,0,1,1,45,45,15,15,0,0,0
35091453,35091453,0,1,1,30,30,15,15,0,0,0
35091461,35091461,0,3,3,30,30,25,25,0,0,0
35091462,35091462,0,5,5,0,0,0,0,0,0,0
35091463,35091463,0,5,5,0,0,0,0,0,0,0
35091464,35091464,0,4,4,25,25,25,25,0,0,0
35091471,35091471,0,3,3,40,40,25,25,0,0,0
35091472,35091472,0,4,4,0,0,0,0,0,0,0
35091473,35091473,0,3,3,30,30,20,20,0,0,0
35091611,35091611,0,0,0,8,8,0,0,0,0,0
35091621,35091621,0,2,2,15,15,0,0,0,0,0
35091631,35091631,0,2,2,20,20,10,10,0,0,0
35091632,35091632,0,2,2,20,20,10,10,0,0,0
35091633,35091633,0,2,2,20,20,10,10,0,0,0
35091634,35091634,0,2,2,20,20,10,10,0,0,0
35091641,35091641,0,3,3,20,20,15,15,0,0,0
35091642,35091642,0,3,3,20,20,15,15,0,0,0
35091643,35091643,0,3,3,20,20,15,15,0,0,0
35091644,35091683,0,3,3,20,20,15,15,0,0,0
35091645,35091645,0,3,3,20,20,15,15,0,0,0
35091646,35091646,0,3,3,20,20,10,10,0,0,0
35091651,35091651,0,1,1,45,45,20,20,0,0,0
35091652,35091652,0,1,1,60,60,30,30,0,0,0
35091653,35091653,0,6,6,1800,1800,0,0,0,0,0
35091654,35091654,0,6,6,1800,1800,0,0,0,0,0
35091655,35091655,0,1,1,0,0,0,0,0,0,0
35091656,35091656,0,1,1,0,0,0,0,0,0,0
35091657,35091657,0,2,2,15,15,0,0,0,0,0
35091658,35091658,0,1,1,40,40,30,30,0,0,0
35091659,35091659,0,1,1,40,40,30,30,0,0,0
35091661,35091661,0,3,3,30,30,25,25,0,0,0
35091662,35091662,0,5,5,1800,1800,0,0,0,0,0
35091663,35091663,0,3,3,15,15,10,10,0,0,0
35091671,35091671,0,3,3,18,18,10,10,0,0,0
35091672,35091672,0,3,3,18,18,10,10,0,0,0
35091673,35091673,0,3,3,30,30,20,20,0,0,0
35091674,35091674,0,3,3,15,15,10,10,0,0,0
35091681,35091681,0,3,3,30,30,25,25,0,0,0
35091682,35091682,0,3,3,30,30,25,25,0,0,0
35091683,35091683,0,3,3,30,30,25,25,0,0,0
35091684,35091684,0,3,3,15,15,10,10,0,0,0
35091685,35091685,0,3,3,15,15,10,10,0,0,0
35091691,35091691,0,10,10,0,0,0,0,0,0,0
35091692,35091692,0,5,5,1800,1800,0,0,0,0,0
35091693,35091693,0,5,5,1800,1800,0,0,0,0,0
35091694,35091694,0,10,10,0,0,0,0,0,0,0
35091695,35091695,0,0.25,0.25,0,0,0,0,0,0,0
35091696,35091696,0,5,5,20,20,10,10,0,0,0
35091751,35091751,0,1,1,40,40,30,30,0,0,0
35091752,35091752,0,1,1,40,40,30,30,0,0,0
35091753,35091753,0,1,1,40,40,30,30,0,0,0
35101111,35101111,0,0,0,8,8,0,0,0,0,0
35101121,35101121,0,2,2,15,15,0,0,0,0,0
35101122,35101122,0,2,2,15,15,0,0,0,0,0
35101123,35101123,0,2,2,20,20,0,0,0,0,0
35101131,35101131,0,3,3,20,20,10,10,0,0,0
35101132,35101132,0,3,3,20,20,10,10,0,0,0
35101141,35101141,0,3,3,20,20,15,15,0,0,0
35101151,35101151,0,2,2,45,45,10,10,0,0,0
35101161,35101161,0,5,5,30,30,0,0,0,0,0
35101162,35101162,0,5,5,25,25,10,10,0,0,0
35101171,35101171,0,6,6,0,0,0,0,0,0,0
35101172,35101172,0,6,6,0,0,0,0,0,0,0
35101173,35101173,0,6,6,1800,1800,0,0,0,0,0
35101174,35101174,0,6,6,1800,1800,0,0,0,0,0
35101175,35101175,0,6,6,1800,1800,0,0,0,0,0
35101221,35101221,0,2,2,15,15,10,10,0,0,0
35101222,35101222,0,2,2,15,15,0,0,0,0,0
35101231,35101231,0,3,3,20,20,20,20,0,0,0
35101232,35101232,0,3,3,20,20,10,10,0,0,0
35101233,35101233,0,3,3,40,40,35,35,0,0,0
35101234,35101234,0,3,3,20,20,20,20,0,0,0
35101235,35101235,0,3,3,5,5,0,0,0,0,0
35101241,35101241,0,3,3,30,30,15,15,0,0,0
35101242,35101242,0,3,3,30,30,20,20,0,0,0
35101243,35101243,0,3,3,30,30,20,20,0,0,0
35101244,35101244,0,3,3,30,30,20,20,0,0,0
35101252,35101252,0,3,3,30,30,10,10,0,0,0
35101261,35101261,0,3,3,30,30,20,20,0,0,0
35101262,35101262,0,3,3,40,40,0,0,0,0,0
35101263,35101263,0,3,3,30,30,20,20,0,0,0
35101271,35101271,0,4,4,30,30,0,0,0,0,0
35101273,35101273,0,5,5,30,30,30,30,0,0,0
35101274,35101274,0,5,5,0,0,0,0,0,0,0
35101321,35101321,0,2,2,15,15,10,10,0,0,0
35101331,35101331,0,3,3,20,20,20,20,0,0,0
35101332,35101332,0,3,3,40,40,35,35,0,0,0
35101341,35101341,0,3,3,30,30,20,20,0,0,0
35101351,35101351,0,3,3,30,30,10,10,0,0,0
35101352,35101352,0,3,3,50,50,43,43,0,0,0
35101361,35101361,0,3,3,30,30,20,20,0,0,0
35101371,35101371,0,5,5,30,30,30,30,0,0,0
35101372,35101372,0,5,5,60,60,55,55,0,0,0
35101373,35101373,0,5,5,60,60,55,55,0,0,0
35101411,35101411,0,0,0,8,8,0,0,0,0,0
35101421,35101421,0,2,2,15,15,0,0,0,0,0
35101431,35101431,0,5,5,30,30,30,30,0,0,0
35101432,35101432,0,6,6,60,60,60,60,0,0,0
35101433,35101433,0,6,6,30,30,30,30,0,0,0
35101441,35101441,0,3,3,30,30,15,15,0,0,0
35101443,35101443,0,3,3,30,30,15,15,0,0,0
35101451,35101451,0,2,2,30,30,15,15,0,0,0
35101452,35101452,0,2,2,30,30,15,15,0,0,0
35101461,35101461,0,5,5,30,30,30,30,0,0,0
35101471,35101471,0,8,8,0,0,10,10,0,0,0
35101472,35101472,0,8,8,0,0,10,10,0,0,0
35101473,35101473,0,8,8,0,0,10,10,0,0,0
35101474,35101474,0,8,8,0,0,10,10,0,0,0
35101476,35101476,0,6,6,0,0,30,30,0,0,0
35101477,35101477,0,8,8,3600,3600,10,10,0,0,0
35101481,35101481,0,6,6,45,45,30,30,0,0,0
35111111,35111111,0,0,0,5,5,0,0,0,0,0
35111112,35111112,0,0,0,5,5,0,0,0,0,0
35111113,35111113,0,0,0,5,5,0,0,0,0,0
35111121,35111121,0,5,5,15,15,0,0,0,0,0
35111122,35111122,0,3,3,10,10,0,0,0,0,0
35111123,35111123,0,5,5,15,15,5,5,0,0,0
35111131,35111131,0,2,2,10,10,5,5,0,0,0
35111132,35111132,0,3,3,15,15,5,5,0,0,0
35111133,35111133,0,2,2,10,10,10,10,0,0,0
35111141,35111141,0,5,5,20,20,15,15,0,0,0
35111142,35111142,0,4,4,25,25,15,15,0,0,0
35111143,35111143,0,3,3,20,20,15,15,0,0,0
35111144,35111144,0,5,5,25,25,15,15,0,0,0
35111151,35111151,0,1,1,30,30,0,0,0,0,0
35111152,35111152,0,1,1,30,30,0,0,0,0,0
35111153,35111153,0,1,1,30,30,0,0,0,0,0
35111161,35111161,0,4,4,20,20,10,10,0,0,0
35111162,35111162,0,4,4,20,20,10,10,0,0,0
35111163,35111163,0,4,4,40,40,30,30,0,0,0
35111164,35111164,0,4,4,30,30,20,20,0,0,0
35111171,35111171,0,5,5,40,40,25,25,0,0,0
35111172,35111172,0,5,5,0,0,0,0,0,0,0
35111173,35111173,0,7,7,3600,3600,0,0,0,0,0
35111174,35111174,0,7,7,3600,3600,0,0,0,0,0
35111175,35111175,0,5,5,1800,1800,25,25,0,0,0
35111176,35111176,0,5,5,1800,1800,25,25,0,0,0
35111177,35111177,0,5,5,40,40,30,30,0,0,0
35111178,35111178,0,5,5,30,30,25,25,0,0,0
35111311,35111311,0,0,0,5,5,0,0,0,0,0
35111321,35111321,0,2,2,10,10,0,0,0,0,0
35111322,35111322,0,2,2,10,10,0,0,0,0,0
35111331,35111331,0,3,3,15,15,5,5,0,0,0
35111332,35111332,0,3,3,15,15,5,5,0,0,0
35111341,35111341,0,4,4,30,30,10,10,0,0,0
35111342,35111342,0,4,4,30,30,10,10,0,0,0
35111343,35111343,0,6,6,0,0,25,25,0,0,0
35111351,35111351,0,1,1,30,30,0,0,0,0,0
35111352,35111352,0,1,1,30,30,0,0,0,0,0
35111361,35111361,0,4,4,30,30,15,15,0,0,0
35111362,35111362,0,6,6,0,0,25,25,0,0,0
35111371,35111371,0,5,5,0,0,15,15,0,0,0
35111372,35111372,0,5,5,0,0,25,25,0,0,0
35111373,35111373,0,3,3,0,0,0,0,0,0,0
35111411,35111411,0,3,3,10,10,0,0,0,0,0
35111412,35111412,0,3,3,10,10,0,0,0,0,0
35111421,35111421,0,3,3,30,30,5,5,0,0,0
35111422,35111422,0,3,3,30,30,5,5,0,0,0
35111423,35111423,0,3,3,20,20,20,20,0,0,0
35111431,35111431,0,3,3,30,30,10,10,0,0,0
35111432,35111432,0,3,3,30,30,10,10,0,0,0
35111441,35111441,0,3,3,40,40,25,25,0,0,0
35111442,35111442,0,6,6,1800,1800,0,0,0,0,0
35111443,35111443,0,3,3,25,25,25,25,0,0,0
35111451,35111451,0,3,3,45,45,15,15,0,0,0
35111452,35111452,0,3,3,30,30,30,30,0,0,0
35111453,35111453,0,3,3,30,30,30,30,0,0,0
35111454,35111454,0,3,3,30,30,30,30,0,0,0
35111461,35111461,0,5,5,60,60,50,50,0,0,0
35111471,35111471,0,3,3,0,0,0,0,0,0,0
35111472,35111472,0,3,3,0,0,0,0,0,0,0
35111481,35111481,0,3,3,30,30,30,30,0,0,0
35111482,35111482,0,3,3,30,30,30,30,0,0,0
35111483,35111483,0,3,3,30,30,30,30,0,0,0
35111484,35111484,0,5,5,40,40,30,30,0,0,0
35111491,35111491,0,5,5,30,30,30,30,0,0,0
35111492,35111492,0,5,5,30,30,30,30,0,0,0
35111493,35111493,0,5,5,30,30,30,30,0,0,0
35111494,35111494,0,5,5,30,30,30,30,0,0,0
35111495,35111495,0,3,3,30,30,30,30,0,0,0
40010110,400101,0,0,0,2,4,0,0,0,0,0
40010111,400102,0,0,0,2,4,0,0,0,0,0
40101101,401011,0,0,2,0,20,0,0,0,0,0
40101201,401012,0,0,2,0,10,0,0,0,0,0
40101301,401013,0,0,2,0,10,0,0,0,0,0
40101402,401014,0,0,2,0,30,0,25,0,0,0
40101501,401015,0,0,2,0,60,0,30,0,0,0
40101502,401015,0,0,2.8,0,14,0,7,0,0,0
40101601,401016,0,0,2,0,30,0,0,0,0,0
40101602,401016,0,0,3,0,7,0,0,0,0,0
40101701,401017,0,0,2,0,45,0,0,0,0,0
40101702,401017,0,0,3,0,35,0,0,0,0,0
40101802,401018,0,0,2,0,15,0,2,0,0,0
40101902,401019,0,0,2,0,22.5,0,0,0,0,0
40102101,401021,0,0,3,0,20,0,0,0,0,0
40102201,401022,0,0,2,0,10,0,0,0,0,0
40102301,401023,0,0,2,0,10,0,0,0,0,0
40102401,401024,0,0,5,0,20,0,10,0,0,0
40102501,401025,0,0,2,0,10,0,0,0,0,0
40102601,401026,0,0,3,0,10,0,0,0,0,0
40103101,401031,0,0,3,0,20,0,0,0,0,0
40103201,401032,0,0,2,0,10,0,0,0,0,0
40103301,401033,0,0,2,0,10,0,0,0,0,0
40104101,401041,0,0,1.5,0,60,0,30,0,0,0
40104102,401041,0,0,3,0,30,0,15,0,0,0
40104201,401042,0,0,2.4,0,30,0,0,0,0,0
40104202,401042,0,0,2.4,0,6,0,0,0,0,0
40104301,401043,0,0,2,0,30,0,0,0,0,0
40104302,401043,0,0,2.4,0,5,0,0,0,0,0
40104402,401044,0,0,2,0,30,0,25,0,0,0
40104802,401048,0,0,2,0,10,0,2,0,0,0
40104902,401049,0,0,2,0,15,0,2,0,0,0
40105101,401051,0,0,1,0,50,0,25,0,0,0
40105102,401051,0,0,2,0,15,0,7.5,0,0,0
40105201,401052,0,0,2,0,45,0,0,0,0,0
40105202,401052,0,0,3,0,5,0,0,0,0,0
40105301,401053,0,0,2,0,45,0,0,0,0,0
40105302,401053,0,0,3,0,6,0,0,0,0,0
40105402,401054,0,0,1,0,25,0,25,0,0,0
40105403,401054,0,0,1,0,25,0,25,0,0,0
40105802,401058,0,0,2,0,22.5,0,2,0,0,0
40105803,401058,0,0,1.5,0,22.5,0,2,0,0,0
40105902,401059,0,0,2,0,22.5,0,2,0,0,0
40105903,401059,0,0,1.5,0,22.5,0,2,0,0,0
40106101,401061,0,0,1,0,45,0,22.5,0,0,0
40106102,401061,0,0,2,0,15,0,7.5,0,0,0
40106201,401062,0,0,1,0,30,0,0,0,0,0
40106202,401062,0,0,4,0,21,0,0,0,0,0
40106301,401063,0,0,1,0,60,0,0,0,0,0
40106302,401063,0,0,2,0,20,0,0,0,0,0
40106402,401064,0,0,1,0,22.5,0,22.5,0,0,0
40106802,401068,0,0,1,0,15,0,2,0,0,0
40106902,401069,0,0,1,0,30,0,2,0,0,0
40107101,401071,0,0,2,0,60,0,30,0,0,0
40107201,401072,0,0,2,0,10,0,0,0,0,0
40107301,401073,0,0,2,0,45,0,0,0,0,0
40107402,401074,0,0,3,0,40,0,30,0,0,0
40107802,401078,0,0,2,0,5,0,2,0,0,0
40107902,401079,0,0,2,0,25,0,2,0,0,0
40109101,401091,0,0,1,0,60,0,30,0,0,0
40109201,401092,0,0,0,0,20,0,0,0,0,0
40109301,401093,0,0,2,0,30,0,0,0,0,0
40109402,401094,0,0,1,0,30,0,30,0,0,0
40109802,401098,0,0,0,0,10,0,2,0,0,0
40109902,401099,0,0,2,0,15,0,2,0,0,0
40116101,401161,0,0,1.5,0,60,0,30,0,0,0
40116102,401161,0,0,4,0,9,0,4.5,0,0,0
40116201,401162,0,0,1.5,0,30,0,0,0,0,0
40116202,401162,0,0,2,0,4,0,0,0,0,0
40116301,401163,0,0,1.5,0,45,0,0,0,0,0
40116302,401163,0,0,2,0,30,0,0,0,0,0
40116402,401164,0,0,2,0,30,0,30,0,0,0
40116802,401168,0,0,0,0,15,0,2,0,0,0
40116902,401169,0,0,2,0,22.5,0,2,0,0,0
40117101,401171,0,0,2,0,60,0,30,0,0,0
40117201,401172,0,0,2,0,30,0,0,0,0,0
40117301,401173,0,0,4,0,45,0,0,0,0,0
40117402,401174,0,0,2,0,30,0,25,0,0,0
40117501,401175,0,0,2,0,60,0,30,0,0,0
40117502,401175,0,0,4,0,12,0,6,0,0,0
40117601,401176,0,0,2,0,30,0,0,0,0,0
40117602,401176,0,0,1.5,0,6,0,0,0,0,0
40117701,401177,0,0,3,0,45,0,0,0,0,0
40117702,401177,0,0,2,0,9,0,0,0,0,0
40117802,401178,0,0,2,0,15,0,2,0,0,0
40117902,401179,0,0,3,0,22.5,0,2,0,0,0
40118101,401181,0,0,2,0,30,0,15,0,0,0
40118102,401181,0,0,3,0,25,0,12.5,0,0,0
40118201,401182,0,0,2,0,30,0,0,0,0,0
40118202,401182,0,0,3,0,7,0,0,0,0,0
40118301,401183,0,0,2,0,60,0,0,0,0,0
40118302,401183,0,0,3,0,50,0,0,0,0,0
40118402,401184,0,0,2,0,15,0,15,0,0,0
40118802,401188,0,0,2,0,15,0,2,0,0,0
40118902,401189,0,0,2,0,30,0,2,0,0,0
40120101,401201,0,0,2,0,60,0,30,0,0,0
40120201,401202,0,0,2,0,20,0,0,0,0,0
40120301,401203,0,0,2,0,60,0,0,0,0,0
40120402,401204,0,0,2,0,30,0,25,0,0,0
40120802,401208,0,0,2,0,10,0,2,0,0,0
40120902,401209,0,0,2,0,30,0,2,0,0,0
40121101,401211,0,0,2,0,30,0,15,0,0,0
40121201,401212,0,0,2,0,10,0,0,0,0,0
40121301,401213,0,0,1,0,30,0,0,0,0,0
40121402,401214,0,0,2,0,15,0,15,0,0,0
40121802,401218,0,0,2,0,5,0,2,0,0,0
40121902,401219,0,0,1,0,15,0,2,0,0,0
40122101,401221,0,0,2,0,60,0,30,0,0,0
40122201,401222,0,0,2,0,45,0,0,0,0,0
40122301,401223,0,0,2,0,60,0,0,0,0,0
40122402,401224,0,0,2,0,30,0,30,0,0,0
40122802,401228,0,0,2,0,22.5,0,2,0,0,0
40122902,401229,0,0,2,0,30,0,2,0,0,0
40133101,401331,0,0,2,0,50,0,25,0,0,0
40133201,401332,0,0,1.5,0,40,0,0,0,0,0
40133301,401333,0,0,2,0,30,0,0,0,0,0
40184101,401841,0,0,2,0,60,0,30,0,0,0
40184201,401842,0,0,2,0,45,0,0,0,0,0
40184301,401843,0,0,2,0,30,0,0,0,0,0
40184402,401844,0,0,2,0,30,0,30,0,0,0
40184802,401848,0,0,2,0,22.5,0,2,0,0,0
40184902,401849,0,0,2,0,15,0,2,0,0,0
40201101,402011,0,0,2,0,60,0,30,0,0,0
40201102,402011,0,0,3,0,20,0,10,0,0,0
40201201,402012,0,0,1,0,30,0,0,0,0,0
40201202,402012,0,0,2,0,25,0,0,0,0,0
40201301,402013,0,0,1,0,30,0,0,0,0,0
40201302,402013,0,0,2,0,7,0,0,0,0,0
40201402,402014,0,0,2,0,30,0,30,0,0,0
40201802,402018,0,0,1,0,15,0,2,0,0,0
40201902,402019,0,0,1,0,15,0,2,0,0,0
40202101,402021,0,0,3,0,20,0,10,0,0,0
40202201,402022,0,0,3,0,15,0,0,0,0,0
40202301,402023,0,0,3,0,10,0,0,0,0,0
40204101,402041,0,0,3,0,60,0,30,0,0,0
40204201,402042,0,0,3,0,10,0,0,0,0,0
40204301,402043,0,0,2,0,15,0,0,0,0,0
40206101,402061,0,0,4.8,0,12,0,6,0,0,0
40206201,402062,0,0,3,0,4,0,0,0,0,0
40206301,402063,0,0,2,0,60,0,0,0,0,0
40217101,402171,0,0,3,0,12,0,6,0,0,0
40217201,402172,0,0,3,0,9,0,0,0,0,0
40217301,402173,0,0,1.5,0,4,0,0,0,0,0
40249105,402491,0,0,2,0,20,0,20,0,0,0
40249205,402492,0,0,0.75,0,15,0,0,0,0,0
40249305,402493,0,0,1.5,0,20,0,0,0,0,0
40271711,40271711,0,1,1,15,15,0,0,0,0,0
40271721,40271721,0,2,2,20,20,0,0,0,0,0
40271731,40271731,0,1,1,30,30,0,0,0,0,0
40271741,40271741,0,4,4,40,40,10,10,0,0,0
40271742,40271742,0,4,4,40,40,10,10,0,0,0
40271751,40271751,0,6,6,0,0,0,0,0,0,0
40271752,40271752,0,6,6,0,0,0,0,0,0,0
40301101,403011,0,0,3,0,60,0,30,0,0,0
40301102,403011,0,0,4,0,40,0,20,0,0,0
40301103,403011,0,0,3,0,60,0,30,0,0,0
40301201,403012,0,0,2,0,10,0,0,0,0,0
40301202,403012,0,0,3,0,5,0,0,0,0,0
40301301,403013,0,0,2,0,40,0,0,0,0,0
40301302,403013,0,0,3,0,30,0,0,0,0,0
40301402,403014,0,0,3,0,95,0,30,0,0,0
40301802,403018,0,0,2,0,10,0,2,0,0,0
40301902,403019,0,0,2,0,30,0,2,0,0,0
40403101,404031,0,0,1.5,0,45,0,22.5,0,0,0
40403201,404032,0,0,1,0,25,0,0,0,0,0
40403301,404033,0,0,3,0,30,0,0,0,0,0
40416101,404161,0,0,1,0,40,0,20,0,0,0
40416201,404162,0,0,2,0,70,0,0,0,0,0
40416301,404163,0,0,1,0,25,0,0,0,0,0
40418101,404181,0,0,1,0,45,0,22.5,0,0,0
40418102,404181,0,0,2,0,25,0,12.5,0,0,0
40418201,404182,0,0,1.5,0,20,0,0,0,0,0
40418202,404182,0,0,3,0,10,0,0,0,0,0
40418301,404183,0,0,1,0,30,0,0,0,0,0
40418302,404183,0,0,2,0,15,0,0,0,0,0
40502101,405021,0,0,1.5,0,30,0,15,0,0,0
40502201,405022,0,0,1,0,25,0,0,0,0,0
40502301,405023,0,0,1.5,0,30,0,0,0,0,0
40503101,405031,0,0,1.5,0,60,0,30,0,0,0
40503201,405032,0,0,0.5,0,25,0,0,0,0,0
40503301,405033,0,0,1,0,45,0,0,0,0,0
40517101,405171,0,0,2,0,50,0,25,0,0,0
40517201,405172,0,0,1,0,25,0,0,0,0,0
40517301,405173,0,0,1,0,20,0,0,0,0,0
40601101,406011,0,0,1,0,45,0,22.5,0,0,0
40601201,406012,0,0,1.5,0,40,0,0,0,0,0
40601301,406013,0,0,0.5,0,20,0,0,0,0,0
40617101,406171,0,0,2,0,50,0,25,0,0,0
40617201,406172,0,0,1,0,30,0,0,0,0,0
40617301,406173,0,0,0.5,0,50,0,0,0,0,0
41301101,413011,0,0,2,0,40,0,20,0,0,0
41301201,413012,0,0,1,0,25,0,0,0,0,0
41301301,413013,0,0,0.5,0,50,0,0,0,0,0
41483101,414831,0,0,0.5,0,60,0,30,0,0,0
41483201,414832,0,0,1.5,0,35,0,0,0,0,0
41483301,414833,0,0,1,0,25,0,0,0,0,0
41483401,414834,0,0,0.5,0,30,0,0,0,0,0
41584101,415841,0,0,1.25,0,50,0,25,0,0,0
41584201,415842,0,0,1,0,25,0,0,0,0,0
41584301,415843,0,0,0.5,0,20,0,0,0,0,0
60011111,60011111,0,0,0,2,4,0,0,0,0,0
60011121,60011121,0,1,2,7.5,15,0,0,0,0,0
60011131,60011131,0,2.5,5,17.5,35,2.5,5,0,0,0
60011141,60011141,0,1,2,32.5,65,5,10,0,0,0
60011151,60011151,0,2,2,10,10,0,0,0,0,0
60011161,60011161,0,2,2,10,10,0,0,0,0,0
60011171,60011171,0,2,2,10,10,0,0,0,0,0
60011211,60011211,0,0,0,2,4,0,0,0,0,0
60011221,60011221,0,1,2,7.5,15,0,0,0,0,0
60011231,60011231,0,2.5,5,17.5,35,2.5,5,0,0,0
60011241,60011241,0,1,2,32.5,65,5,10,0,0,0
60011311,60011311,0,0,0,2,4,0,0,0,0,0
60011321,60011321,0,1,2,7.5,15,0,0,0,0,0
60011331,60011331,0,2.5,5,17.5,35,2.5,5,0,0,0
60011341,60011341,0,1,2,32.5,65,5,10,0,0,0
60021111,60021111,0,0,0,2,4,0,0,0,0,0
60021121,60021121,0,1,2,7.5,15,0,0,0,0,0
60021131,60021131,0,2.5,5,17.5,35,0,0,0,0,0
60021141,60021141,0,1,2,32.5,65,5,10,0,0,0
60021211,60021211,0,0,0,2,4,0,0,0,0,0
60021221,60021221,0,1,2,7.5,15,0,0,0,0,0
60021231,60021231,0,2.5,5,17.5,35,0,0,0,0,0
60021241,60021241,0,1,2,32.5,65,5,10,0,0,0
60021311,60021311,0,0,0,2,4,0,0,0,0,0
60021321,60021321,0,1,2,7.5,15,0,0,0,0,0
60021331,60021331,0,2.5,5,17.5,35,0,0,0,0,0
60021341,60021341,0,1,2,32.5,65,5,10,0,0,0
60021821,60021821,0,2,2,15,15,0,0,0,0,0
60021831,60021831,0,4,4,25,25,15,15,0,0,0
60021841,60021841,0,2,2,30,30,15,15,0,0,0
60031111,60031111,0,0,0,2,4,0,0,0,0,0
60031112,60031112,0,0,0,2,4,0,0,0,0,0
60031121,60031121,0,1,2,7.5,15,0,0,0,0,0
60031122,60031122,0,1,2,7.5,15,0,0,0,0,0
60031123,60031123,0,2,2,15,15,0,0,0,0,0
60031131,60031131,0,2.5,5,17.5,35,2.5,5,0,0,0
60031132,60031132,0,2.5,5,30,60,0,0,0,0,0
60031133,60031133,0,5,5,5,5,0,0,0,0,0
60031141,60031141,0,1,2,32.5,65,5,10,0,0,0
60031142,60031142,0,1,2,10,20,5,10,0,0,0
60031143,60031143,0,2,2,20,20,10,10,0,0,0
60031144,60031144,0,2,2,20,20,10,10,0,0,0
60031145,60031145,0,2,2,20,20,10,10,0,0,0
60031146,60031146,0,2,2,20,20,10,10,0,0,0
60031147,60031147,0,2,2,20,20,10,10,0,0,0
60031211,60031211,0,0,0,2,4,0,0,0,0,0
60031221,60031221,0,1,2,7.5,15,0,0,0,0,0
60031231,60031231,0,2.5,5,17.5,35,2.5,5,0,0,0
60031241,60031241,0,1,2,32.5,65,5,10,0,0,0
60031311,60031311,0,0,0,2,4,0,0,0,0,0
60031321,60031321,0,1,2,7.5,15,0,0,0,0,0
60031331,60031331,0,2.5,5,17.5,35,2.5,5,0,0,0
60031341,60031341,0,1,2,32.5,65,5,10,0,0,0
60041111,60041111,0,0,0,2,4,0,0,0,0,0
60041121,60041121,0,1,2,7.5,15,0,0,0,0,0
60041131,60041131,0,2.5,5,17.5,35,0,0,0,0,0
60041141,60041141,0,1,2,32.5,65,5,10,0,0,0
60041211,60041211,0,0,0,2,4,0,0,0,0,0
60041221,60041221,0,1,2,7.5,15,0,0,0,0,0
60041231,60041231,0,2.5,5,17.5,35,0,0,0,0,0
60041241,60041241,0,1,2,32.5,65,5,10,0,0,0
60041311,60041311,0,0,0,2,4,0,0,0,0,0
60041321,60041321,0,1,2,7.5,15,0,0,0,0,0
60041331,60041331,0,2.5,5,17.5,35,0,0,0,0,0
60041341,60041341,0,1,2,32.5,65,5,10,0,0,0
60051111,60051111,0,0,0,2,4,0,0,0,0,0
60051121,60051121,0,1,2,7.5,15,0,0,0,0,0
60051131,60051131,0,2.5,5,17.5,35,2.5,5,0,0,0
60051141,60051141,0,1,2,32.5,65,5,10,0,0,0
60051211,60051211,0,0,0,2,4,0,0,0,0,0
60051221,60051221,0,1,2,7.5,15,0,0,0,0,0
60051231,60051231,0,2.5,5,17.5,35,2.5,5,0,0,0
60051241,60051241,0,1,2,32.5,65,5,10,0,0,0
60051311,60051311,0,0,0,2,4,0,0,0,0,0
60051321,60051321,0,1,2,7.5,15,0,0,0,0,0
60051331,60051331,0,2.5,5,17.5,35,2.5,5,0,0,0
60051341,60051341,0,1,2,32.5,65,5,10,0,0,0
60051821,60051821,0,2,2,15,15,0,0,0,0,0
60051831,60051831,0,4,4,25,25,15,15,0,0,0
60051841,60051841,0,2,2,30,30,15,15,0,0,0
60051911,60051911,0,0,0,4,4,0,0,0,0,0
60051921,60051921,0,2,2,10,10,0,0,0,0,0
60051931,60051931,0,4,4,15,15,15,15,0,0,0
60051941,60051941,0,5,5,20,20,15,15,0,0,0
60051951,60051951,0,2,2,25,25,15,15,0,0,0
60061111,60061111,0,0,0,2,4,0,0,0,0,0
60061121,60061121,0,1,2,7.5,15,0,0,0,0,0
60061131,60061131,0,2.5,5,17.5,35,0,0,0,0,0
60061132,60061132,0,1,2,0,0,0,0,0,0,0
60061141,60061141,0,2.5,5,22.5,45,5,10,0,0,0
60061142,60061142,0,2.5,5,0,0,0,0,0,0,0
60061151,60061151,0,1,2,32.5,65,5,10,0,0,0
60061152,60061152,0,0.5,1,15,30,0,0,0,0,0
60061161,60061161,0,1,2,7.5,15,0,0,0,0,0
60061211,60061211,0,0,0,2,4,0,0,0,0,0
60061221,60061221,0,1,2,7.5,15,0,0,0,0,0
60061231,60061231,0,2.5,5,17.5,35,0,0,0,0,0
60061241,60061241,0,2.5,5,22.5,45,5,10,0,0,0
60061251,60061251,0,1,2,32.5,65,5,10,0,0,0
60061252,60061252,0,1.5,3,27.5,55,0,0,0,0,0
60061258,60061258,0,1.5,3,0,0,0,0,0,0,0
60061261,60061261,0,1,2,7.5,15,0,0,0,0,0
60061268,60061268,0,1.5,3,0,0,0,0,0,0,0
60061311,60061311,0,0,0,2,4,0,0,0,0,0
60061321,60061321,0,1,2,7.5,15,0,0,0,0,0
60061331,60061331,0,2.5,5,17.5,35,0,0,0,0,0
60061341,60061341,0,2.5,5,22.5,45,5,10,0,0,0
60061351,60061351,0,1,2,32.5,65,5,10,0,0,0
60061352,60061352,0,1.5,3,7.5,15,0,0,0,0,0
60061361,60061361,0,1,2,7.5,15,0,0,0,0,0
60061521,60061521,0,5,5,25,25,15,15,0,0,0
60061531,60061531,0,1,1,30,30,15,15,0,0,0
60061541,60061541,0,2,2,15,15,0,0,0,0,0
60061542,60061542,0,2,2,15,15,0,0,0,0,0
60061551,60061551,0,4,4,25,25,15,15,0,0,0
60061552,60061552,0,4,4,25,25,15,15,0,0,0
60061553,60061553,0,4,4,15,15,15,15,0,0,0
60061554,60061554,0,4,4,15,15,15,15,0,0,0
60061721,60061721,0,2,2,15,15,0,0,0,0,0
60061731,60061731,0,4,4,15,15,15,15,0,0,0
60061741,60061741,0,5,5,20,20,10,10,0,0,0
60061751,60061751,0,1,1,20,20,15,15,0,0,0
60061752,60061752,0,1,1,15,15,10,10,0,0,0
60061761,60061761,0,2,2,20,20,15,15,0,0,0
60071111,60071111,0,0,0,2,4,0,0,0,0,0
60071121,60071121,0,1,2,7.5,15,0,0,0,0,0
60071131,60071131,0,2.5,5,17.5,35,0,0,0,0,0
60071141,60071141,0,2.5,5,22.5,45,5,10,0,0,0
60071151,60071151,0,1,2,32.5,65,5,10,0,0,0
60071161,60071161,0,1,2,7.5,15,0,0,0,0,0
60071211,60071211,0,0,0,2,4,0,0,0,0,0
60071221,60071221,0,1,2,7.5,15,0,0,0,0,0
60071231,60071231,0,2.5,5,17.5,35,0,0,0,0,0
60071241,60071241,0,2.5,5,22.5,45,5,10,0,0,0
60071251,60071251,0,1,2,32.5,65,5,10,0,0,0
60071252,60071252,0,1.5,3,27.5,55,0,0,0,0,0
60071253,60071253,0,1.5,3,27.5,55,0,0,0,0,0
60071261,60071261,0,1,2,7.5,15,0,0,0,0,0
60071311,60071311,0,0,0,2,4,0,0,0,0,0
60071321,60071321,0,1,2,7.5,15,0,0,0,0,0
60071331,60071331,0,2.5,5,17.5,35,0,0,0,0,0
60071332,60071332,0,6,3,5,10,0,0,0,0,0
60071341,60071341,0,2.5,5,22.5,45,5,10,0,0,0
60071351,60071351,0,1,2,32.5,65,5,10,0,0,0
60071361,60071361,0,1,2,7.5,15,0,0,0,0,0
60071362,60071362,0,1.5,3,15,30,0,0,0,0,0
60071511,60071511,0,0,0,4,4,0,0,0,0,0
60071521,60071521,0,2,2,15,15,0,0,0,0,0
60071522,60071522,0,2,2,15,15,0,0,0,0,0
60071531,60071531,0,4,4,20,20,15,15,0,0,0
60071541,60071541,0,5,5,20,20,15,15,0,0,0
60071551,60071551,0,1,1,20,20,15,15,0,0,0
60071552,60071552,0,1,1,20,20,15,15,0,0,0
60071911,60071911,0,0,0,4,4,0,0,0,0,0
60071921,60071921,0,2,2,10,10,0,0,0,0,0
60071931,60071931,0,4,4,15,15,15,15,0,0,0
60071941,60071941,0,5,5,20,20,15,15,0,0,0
60071951,60071951,0,1,1,20,20,15,15,0,0,0
60071961,60071961,0,2,2,25,25,15,15,0,0,0
60081111,60081111,0,0,0,2,4,0,0,0,0,0
60081121,60081121,0,1,2,7.5,15,0,0,0,0,0
60081131,60081131,0,2.5,5,17.5,35,0,0,0,0,0
60081141,60081141,0,2.5,5,22.5,45,5,10,0,0,0
60081151,60081151,0,1,2,32.5,65,5,10,0,0,0
60081161,60081161,0,1,2,7.5,15,0,0,0,0,0
60081211,60081211,0,0,0,2,4,0,0,0,0,0
60081221,60081221,0,1,2,7.5,15,0,0,0,0,0
60081231,60081231,0,2.5,5,17.5,35,0,0,0,0,0
60081241,60081241,0,2.5,5,22.5,45,5,10,0,0,0
60081251,60081251,0,1,2,32.5,65,5,10,0,0,0
60081252,60081252,0,1.5,3,27.5,55,0,0,0,0,0
60081261,60081261,0,1,2,7.5,15,0,0,0,0,0
60081311,60081311,0,0,0,2,4,0,0,0,0,0
60081321,60081321,0,1,2,7.5,15,0,0,0,0,0
60081322,60081322,0,5,5,45,45,0,0,0,0,0
60081323,60081323,0,5,5,45,45,0,0,0,0,0
60081324,60081324,0,5,5,45,45,0,0,0,0,0
60081325,60081325,0,5,5,45,45,0,0,0,0,0
60081331,60081331,0,2.5,5,17.5,35,0,0,0,0,0
60081341,60081341,0,2.5,5,22.5,45,5,10,0,0,0
60081351,60081351,0,1,2,32.5,65,5,10,0,0,0
60081352,60081352,0,5,5,45,45,0,0,0,0,0
60081361,60081361,0,1,2,7.5,15,0,0,0,0,0
60081421,60081421,0,2,2,15,15,0,0,0,0,0
60081431,60081431,0,4,4,20,20,15,15,0,0,0
60081441,60081441,0,5,5,20,20,15,15,0,0,0
60081451,60081451,0,1,1,10,10,10,10,0,0,0
60081511,60081511,0,0,0,4,4,0,0,0,0,0
60081521,60081521,0,2,2,15,15,0,0,0,0,0
60081531,60081531,0,4,4,25,25,15,15,0,0,0
60081541,60081541,0,1,1,20,20,15,15,0,0,0
60081542,60081542,0,1,1,20,20,15,15,0,0,0
60081543,60081543,0,1,1,20,20,15,15,0,0,0
60081551,60081551,0,5,5,25,25,15,15,0,0,0
60091111,60091111,0,0,0,2,4,0,0,0,0,0
60091121,60091121,0,1,2,7.5,15,0,0,0,0,0
60091131,60091131,0,2.5,5,17.5,35,0,0,0,0,0
60091141,60091141,0,1,2,35,70,5,10,0,0,0
60091211,60091211,0,0,0,2,4,0,0,0,0,0
60091221,60091221,0,1,2,7.5,15,0,0,0,0,0
60091231,60091231,0,2.5,5,17.5,35,0,0,0,0,0
60091241,60091241,0,1,2,35,70,5,10,0,0,0
60091311,60091311,0,0,0,2,4,0,0,0,0,0
60091321,60091321,0,1,2,7.5,15,0,0,0,0,0
60091331,60091331,0,2.5,5,17.5,35,0,0,0,0,0
60091341,60091341,0,1,2,35,70,5,10,0,0,0
60101111,60101111,0,0,0,2,4,0,0,0,0,0
60101121,60101121,0,1,2,7.5,15,0,0,0,0,0
60101131,60101131,0,2.5,5,17.5,35,0,0,0,0,0
60101141,60101141,0,1,2,35,70,5,10,0,0,0
60101211,60101211,0,0,0,2,4,0,0,0,0,0
60101221,60101221,0,1,2,7.5,15,0,0,0,0,0
60101231,60101231,0,2.5,5,17.5,35,0,0,0,0,0
60101241,60101241,0,1,2,35,70,5,10,0,0,0
60101311,60101311,0,0,0,2,4,0,0,0,0,0
60101321,60101321,0,1,2,7.5,15,0,0,0,0,0
60101331,60101331,0,2.5,5,17.5,35,0,0,0,0,0
60101341,60101341,0,1,2,35,70,5,10,0,0,0
60111111,60111111,0,0,0,2,4,0,0,0,0,0
60111112,60111112,0,0,0,2,4,0,0,0,0,0
60111121,60111121,0,1,2,7.5,15,0,0,0,0,0
60111122,60111122,0,1,2,7.5,15,0,0,0,0,0
60111123,60111123,0,2,2,15,15,0,0,0,0,0
60111131,60111131,0,2.5,5,17.5,35,0,0,0,0,0
60111132,60111132,0,1,2,10,20,0,0,0,0,0
60111141,60111141,0,1,2,35,70,5,10,0,0,0
60111142,60111142,0,2.5,5,30,60,0,0,0,0,0
60111211,60111211,0,0,0,2,4,0,0,0,0,0
60111221,60111221,0,1,2,7.5,15,0,0,0,0,0
60111231,60111231,0,2.5,5,17.5,35,0,0,0,0,0
60111241,60111241,0,1,2,35,70,5,10,0,0,0
60111311,60111311,0,0,0,2,4,0,0,0,0,0
60111321,60111321,0,1,2,7.5,15,0,0,0,0,0
60111331,60111331,0,2.5,5,17.5,35,0,0,0,0,0
60111341,60111341,0,1,2,35,70,5,10,0,0,0
60121111,60121111,0,0,0,2,4,0,0,0,0,0
60121112,60121112,0,0,0,4,4,0,0,0,0,0
60121121,60121121,0,1,2,7.5,15,0,0,0,0,0
60121122,60121122,0,2,2,15,15,0,0,0,0,0
60121123,60121123,0,2,2,15,15,0,0,0,0,0
60121131,60121131,0,2.5,5,17.5,35,0,0,0,0,0
60121132,60121132,0,4,4,25,25,20,20,0,0,0
60121133,60121133,0,4,4,25,25,20,20,0,0,0
60121141,60121141,0,1,2,35,70,5,10,0,0,0
60121142,60121142,0,1,1,20,20,20,20,0,0,0
60121143,60121143,0,1,1,20,20,20,20,0,0,0
60121211,60121211,0,0,0,2,4,0,0,0,0,0
60121221,60121221,0,1,2,7.5,15,0,0,0,0,0
60121222,60121222,0,1.5,3,7.5,15,0,0,0,0,0
60121231,60121231,0,2.5,5,17.5,35,0,0,0,0,0
60121241,60121241,0,1,2,35,70,5,10,0,0,0
60121311,60121311,0,0,0,2,4,0,0,0,0,0
60121321,60121321,0,1,2,7.5,15,0,0,0,0,0
60121331,60121331,0,2.5,5,17.5,35,0,0,0,0,0
60121341,60121341,0,1,2,35,70,5,10,0,0,0
60121911,60121911,0,0,0,4,4,0,0,0,0,0
60121921,60121921,0,2,2,10,10,0,0,0,0,0
60121931,60121931,0,4,4,15,15,20,20,0,0,0
60121932,60121932,0,4,4,25,25,20,20,0,0,0
60121941,60121941,0,1,1,20,20,20,20,0,0,0
60131111,60131111,0,0,0,2,4,0,0,0,0,0
60131112,60131112,0,0,0,4,4,0,0,0,0,0
60131121,60131121,0,1,2,7.5,15,0,0,0,0,0
60131122,60131122,0,2,2,15,15,0,0,0,0,0
60131123,60131123,0,2,2,15,15,0,0,0,0,0
60131131,60131131,0,2.5,5,17.5,35,0,0,0,0,0
60131132,60131132,0,4,4,25,25,20,20,0,0,0
60131133,60131133,0,4,4,25,25,20,20,0,0,0
60131141,60131141,0,1,2,35,70,5,10,0,0,0
60131143,60131143,0,1,1,20,20,20,20,0,0,0
60131144,60131144,0,1,1,20,20,20,20,0,0,0
60131211,60131211,0,0,0,2,4,0,0,0,0,0
60131221,60131221,0,1,2,7.5,15,0,0,0,0,0
60131222,60131222,0,1.5,3,7.5,15,0,0,0,0,0
60131231,60131231,0,2.5,5,17.5,35,0,0,0,0,0
60131241,60131241,0,1,2,35,70,5,10,0,0,0
60131311,60131311,0,0,0,2,4,0,0,0,0,0
60131321,60131321,0,1,2,7.5,15,0,0,0,0,0
60131331,60131331,0,2.5,5,17.5,35,0,0,0,0,0
60131341,60131341,0,1,2,35,70,5,10,0,0,0
60131911,60131911,0,0,0,4,4,0,0,0,0,0
60131921,60131921,0,2,2,10,10,0,0,0,0,0
60131922,60131922,0,2,2,15,15,0,0,0,0,0
60131931,60131931,0,4,4,15,15,15,15,0,0,0
60131941,60131941,0,1,1,20,20,15,15,0,0,0
60131951,60131951,0,4,4,25,25,15,15,0,0,0
60141132,60141132,0,2.5,5,0,0,0,0,0,0,0
60141141,60141141,0,4,4,45,45,45,45,0,0,0
60141151,60141151,0,3.5,7,45,90,0,0,0,0,0
60141152,60141152,0,0.5,1,30,60,0,0,0,0,0
60141153,60141153,0,2,2,30,30,30,30,0,0,0
60141214,60141214,0,0,0,2,4,0,0,0,0,0
60141215,60141215,0,0,0,4,8,0,0,0,0,0
60141216,60141216,0,0,0,4,8,0,0,0,0,0
60141217,60141217,0,0,0,2,4,0,0,0,0,0
60141224,60141224,0,1.5,3,7.5,15,0,0,0,0,0
60141225,60141225,0,2,4,5,10,0,0,0,0,0
60141226,60141226,0,2,4,5,10,0,0,0,0,0
60141227,60141227,0,2,4,7.5,15,0,0,0,0,0
60141234,60141234,0,2,4,12.5,25,2.5,5,0,0,0
60141235,60141235,0,3.5,7,37.5,75,0,0,0,0,0
60141236,60141236,0,3.5,7,37.5,75,0,0,0,0,0
60141237,60141237,0,2.5,5,7.5,15,0,0,0,0,0
60141244,60141244,0,2,4,12.5,25,2.5,5,0,0,0
60141245,60141245,0,2.5,5,27.5,55,0,0,0,0,0
60141246,60141246,0,2.5,5,27.5,55,0,0,0,0,0
60141247,60141247,0,3.5,7,12.5,25,0,0,0,0,0
60141254,60141254,0,2,4,27.5,55,0,0,0,0,0
60141255,60141255,0,2.5,5,32.5,65,10,20,0,0,0
60141256,60141256,0,2.5,5,32.5,65,10,20,0,0,0
60141257,60141257,0,2,4,40,80,15,30,0,0,0
60141261,60141261,0,1.5,3,15,30,0,0,0,0,0
60141264,60141264,0,2.5,5,15,30,0,0,0,0,0
60141317,60141317,0,0,0,2,4,0,0,0,0,0
60141327,60141327,0,2,4,5,10,0,0,0,0,0
60141332,60141332,0,2.5,5,0,0,0,0,0,0,0
60141337,60141337,0,2.5,5,22.5,45,0,0,0,0,0
60141347,60141347,0,3.5,7,32.5,65,0,0,0,0,0
60141353,60141353,0,0.5,1,0,0,0,0,0,0,0
60141356,60141356,0,2,4,40,80,0,0,0,0,0
60141357,60141357,0,2,4,40,80,15,30,0,0,0
60141531,60141531,0,4,4,25,25,25,25,0,0,0
60141551,60141551,0,10,10,30,30,20,20,0,0,0
60141552,60141552,0,1,1,30,30,15,15,0,0,0
60141553,60141553,0,10,10,30,30,20,20,0,0,0
60141561,60141561,0,2,2,30,30,20,20,0,0,0
60141721,60141721,0,2,2,15,15,0,0,0,0,0
60141731,60141731,0,4,4,20,20,20,20,0,0,0
60141741,60141741,0,1,1,20,20,15,15,0,0,0
60141751,60141751,0,5,5,20,20,15,15,0,0,0
60141752,60141752,0,5,5,20,20,15,15,0,0,0
60141761,60141761,0,2,2,20,20,15,15,0,0,0
60141831,60141831,0,4,4,25,25,25,25,0,0,0
60151121,60151121,0,4,4,30,30,30,30,0,0,0
60151215,60151215,0,0,0,4,8,0,0,0,0,0
60151216,60151216,0,0,0,4,8,0,0,0,0,0
60151217,60151217,0,0,0,2,4,0,0,0,0,0
60151225,60151225,0,2,4,5,10,0,0,0,0,0
60151226,60151226,0,2,4,5,10,0,0,0,0,0
60151227,60151227,0,2,4,7.5,15,0,0,0,0,0
60151232,60151232,0,2.5,5,0,0,0,0,0,0,0
60151235,60151235,0,3.5,7,37.5,75,0,0,0,0,0
60151236,60151236,0,3.5,7,37.5,75,0,0,0,0,0
60151237,60151237,0,2.5,5,7.5,15,0,0,0,0,0
60151241,60151241,0,2.5,5,0,0,0,0,0,0,0
60151245,60151245,0,2.5,5,27.5,55,0,0,0,0,0
60151246,60151246,0,2.5,5,27.5,55,0,0,0,0,0
60151247,60151247,0,3.5,7,12.5,25,0,0,0,0,0
60151252,60151252,0,0,0,0,0,0,0,0,0,0
60151255,60151255,0,2.5,5,32.5,65,10,20,0,0,0
60151256,60151256,0,2.5,5,32.5,65,10,20,0,0,0
60151257,60151257,0,2,4,40,80,15,30,0,0,0
60151317,60151317,0,0,0,2,4,0,0,0,0,0
60151327,60151327,0,2,4,5,10,0,0,0,0,0
60151337,60151337,0,3.5,7,22.5,45,0,0,0,0,0
60151347,60151347,0,3.5,7,32.5,65,0,0,0,0,0
60151351,60151351,0,4,8,40,80,0,0,0,0,0
60151357,60151357,0,2,4,40,80,15,30,0,0,0
60151521,60151521,0,2,2,15,15,0,0,0,0,0
60151551,60151551,0,1,1,40,40,40,40,0,0,0
60151731,60151731,0,4,4,25,25,25,25,0,0,0
60151741,60151741,0,5,5,45,45,45,45,0,0,0
60151751,60151751,0,1,1,40,40,40,40,0,0,0
60151752,60151752,0,1,1,40,40,40,40,0,0,0
60151761,60151761,0,8,8,45,45,45,45,0,0,0
60151831,60151831,0,4,4,25,25,25,25,0,0,0
60151841,60151841,0,5,5,15,15,15,15,0,0,0
60151851,60151851,0,1,1,15,15,15,15,0,0,0
60151861,60151861,0,8,8,15,15,15,15,0,0,0
60161121,60161121,0,1,2,15,30,0,0,0,0,0
60161132,60161132,0,2.5,5,0,0,0,0,0,0,0
60161141,60161141,0,2.5,5,0,0,0,0,0,0,0
60161151,60161151,0,0.5,1,15,30,10,20,0,0,0
60161152,60161152,0,0,0,0,0,0,0,0,0,0
60161153,60161153,0,0.5,1,0,0,0,0,0,0,0
60161161,60161161,0,1,2,15,30,10,20,0,0,0
60161214,60161214,0,0,0,2,4,0,0,0,0,0
60161215,60161215,0,0,0,4,8,0,0,0,0,0
60161216,60161216,0,0,0,4,8,0,0,0,0,0
60161217,60161217,0,0,0,2,4,0,0,0,0,0
60161224,60161224,0,1.5,3,7.5,15,0,0,0,0,0
60161225,60161225,0,2,4,5,10,0,0,0,0,0
60161226,60161226,0,2,4,5,10,0,0,0,0,0
60161227,60161227,0,2,4,7.5,15,0,0,0,0,0
60161228,60161228,0,4,4,15,15,0,0,0,0,0
60161234,60161234,0,2,4,12.5,25,2.5,5,0,0,0
60161235,60161235,0,3.5,7,37.5,75,0,0,0,0,0
60161236,60161236,0,3.5,7,37.5,75,0,0,0,0,0
60161237,60161237,0,2.5,5,7.5,15,0,0,0,0,0
60161244,60161244,0,2,4,12.5,25,2.5,5,0,0,0
60161245,60161245,0,2.5,5,27.5,55,0,0,0,0,0
60161246,60161246,0,2.5,5,27.5,55,0,0,0,0,0
60161247,60161247,0,3.5,7,12.5,25,0,0,0,0,0
60161248,60161248,0,7,7,25,25,0,0,0,0,0
60161254,60161254,0,2,4,27.5,55,0,0,0,0,0
60161255,60161255,0,2.5,5,32.5,65,10,20,0,0,0
60161256,60161256,0,2.5,5,32.5,65,10,20,0,0,0
60161257,60161257,0,2,4,40,80,15,30,0,0,0
60161258,60161258,0,1.5,3,0,0,0,0,0,0,0
60161264,60161264,0,2.5,5,15,30,0,0,0,0,0
60161267,60161267,0,1,2,15,30,10,20,0,0,0
60161268,60161268,0,1.5,3,0,0,0,0,0,0,0
60161317,60161317,0,0,0,2,4,0,0,0,0,0
60161327,60161327,0,2,4,7.5,15,0,0,0,0,0
60161337,60161337,0,2.5,5,7.5,15,0,0,0,0,0
60161347,60161347,0,3.5,7,32.5,65,0,0,0,0,0
60161351,60161351,0,4,8,40,80,0,0,0,0,0
60161357,60161357,0,2,4,40,80,15,30,0,0,0
60161511,60161511,0,0,0,4,4,0,0,0,0,0
60161521,60161521,0,2,2,15,15,0,0,0,0,0
60161522,60161522,0,2,2,15,15,15,15,0,0,0
60161531,60161531,0,1,1,30,30,20,20,0,0,0
60161541,60161541,0,4,4,25,25,25,25,0,0,0
60161551,60161551,0,5,5,25,25,25,25,0,0,0
60161561,60161561,0,1,1,20,20,20,20,0,0,0
60171111,60171111,0,0,0,3,6,0,0,0,0,0
60171116,30171211,0,0,0,4,8,0,0,0,0,0
60171121,60171121,0,2,4,7.5,15,0,0,0,0,0
60171126,30171221,0,1.5,3,7.5,15,7.5,15,0,0,0
60171131,60171131,0,3.5,7,12.5,25,0,0,0,0,0
60171136,30171231,0,4,8,17.5,35,12.5,25,0,0,0
60171141,60171141,0,2,4,37.5,75,5,10,0,0,0
60171146,30171241,0,2.5,5,22.5,45,0,0,0,0,0
60171151,60171151,0,3.5,7,20,40,5,10,0,0,0
60171156,30171251,0,2.5,5,10,20,10,20,0,0,0
60171211,60171211,0,0,0,3,6,0,0,0,0,0
60171215,60171215,0,0,0,4,8,0,0,0,0,0
60171216,60171216,0,0,0,4,8,0,0,0,0,0
60171221,60171221,0,2,4,7.5,15,0,0,0,0,0
60171225,60171225,0,2.5,5,5,10,0,0,0,0,0
60171226,60171226,0,2.5,5,5,10,0,0,0,0,0
60171231,60171231,0,3.5,7,12.5,25,0,0,0,0,0
60171235,60171235,0,4,8,37.5,75,0,0,0,0,0
60171236,60171236,0,4,8,37.5,75,0,0,0,0,0
60171241,60171241,0,2,4,37.5,75,5,10,0,0,0
60171245,60171245,0,3,6,27.5,55,0,0,0,0,0
60171246,60171246,0,3,6,27.5,55,0,0,0,0,0
60171251,60171251,0,3.5,7,20,40,5,10,0,0,0
60171255,60171255,0,3,6,32.5,65,10,20,0,0,0
60171256,60171256,0,3,6,32.5,65,10,20,0,0,0
60171311,60171311,0,0,0,3,6,0,0,0,0,0
60171321,60171321,0,2,4,7.5,15,0,0,0,0,0
60171323,60171323,0,3,6,10,20,0,0,0,0,0
60171331,60171331,0,3.5,7,12.5,25,0,0,0,0,0
60171333,60171333,0,2.5,5,15,30,0,0,0,0,0
60171341,60171341,0,2,4,37.5,75,5,10,0,0,0
60171351,60171351,0,3.5,7,20,40,5,10,0,0,0
60181111,60181111,0,0,0,3,6,0,0,0,0,0
60181121,60181121,0,2,4,7.5,15,0,0,0,0,0
60181131,60181131,0,3.5,7,12.5,25,0,0,0,0,0
60181141,60181141,0,2,4,37.5,75,5,10,0,0,0
60181151,60181151,0,3.5,7,20,40,5,10,0,0,0
60181211,60181211,0,0,0,3,6,0,0,0,0,0
60181215,60181215,0,0,0,4,8,0,0,0,0,0
60181216,60181216,0,0,0,4,8,0,0,0,0,0
60181221,60181221,0,2,4,7.5,15,0,0,0,0,0
60181225,60181225,0,2.5,5,5,10,0,0,0,0,0
60181226,60181226,0,2.5,5,5,10,0,0,0,0,0
60181231,60181231,0,3.5,7,12.5,25,0,0,0,0,0
60181235,60181235,0,4,8,17.5,35,0,0,0,0,0
60181236,60181236,0,4,8,17.5,35,0,0,0,0,0
60181241,60181241,0,2,4,37.5,75,5,10,0,0,0
60181245,60181245,0,3,6,27.5,55,0,0,0,0,0
60181246,60181246,0,3,6,27.5,55,0,0,0,0,0
60181251,60181251,0,3.5,7,20,40,5,10,0,0,0
60181255,60181255,0,3,6,32.5,65,10,20,0,0,0
60181256,60181256,0,3,6,32.5,65,10,20,0,0,0
60181311,60181311,0,0,0,3,6,0,0,0,0,0
60181321,60181321,0,2,4,7.5,15,0,0,0,0,0
60181331,60181331,0,3.5,7,12.5,25,0,0,0,0,0
60181341,60181341,0,2,4,37.5,75,5,10,0,0,0
60181351,60181351,0,3.5,7,20,40,5,10,0,0,0
60191111,60191111,0,0,0,3,6,0,0,0,0,0
60191121,60191121,0,2,4,7.5,15,0,0,0,0,0
60191131,60191131,0,3.5,7,12.5,25,0,0,0,0,0
60191141,60191141,0,2,4,37.5,75,5,10,0,0,0
60191151,60191151,0,3.5,7,20,40,5,10,0,0,0
60191211,60191211,0,0,0,3,6,0,0,0,0,0
60191215,60191215,0,0,0,4,8,0,0,0,0,0
60191216,60191216,0,0,0,4,8,0,0,0,0,0
60191217,60191217,0,0,0,3,6,0,0,0,0,0
60191221,60191221,0,2,4,7.5,15,0,0,0,0,0
60191225,60191225,0,2.5,5,5,10,0,0,0,0,0
60191226,60191226,0,2.5,5,5,10,0,0,0,0,0
60191227,60191227,0,2.5,5,7.5,15,0,0,0,0,0
60191231,60191231,0,3.5,7,12.5,25,0,0,0,0,0
60191235,60191235,0,4,8,17.5,35,0,0,0,0,0
60191236,60191236,0,4,8,17.5,35,0,0,0,0,0
60191237,60191237,0,3.5,7,7.5,15,0,0,0,0,0
60191241,60191241,0,2,4,37.5,75,5,10,0,0,0
60191245,60191245,0,3,6,27.5,55,0,0,0,0,0
60191246,60191246,0,3,6,27.5,55,0,0,0,0,0
60191247,60191247,0,2.5,5,12.5,25,15,30,0,0,0
60191251,60191251,0,3.5,7,20,40,5,10,0,0,0
60191255,60191255,0,3,6,32.5,65,10,20,0,0,0
60191256,60191256,0,3,6,32.5,65,10,20,0,0,0
60191257,60191257,0,3.5,7,40,80,15,30,0,0,0
60191311,60191311,0,0,0,3,6,0,0,0,0,0
60191321,60191321,0,2,4,7.5,15,0,0,0,0,0
60191331,60191331,0,3.5,7,12.5,25,0,0,0,0,0
60191332,60191332,0,4,4,45,45,0,0,0,0,0
60191341,60191341,0,2,4,37.5,75,5,10,0,0,0
60191342,60191342,0,2,2,0,0,0,0,0,0,0
60191351,60191351,0,3.5,7,20,40,5,10,0,0,0
60191511,60191511,0,0,0,6,6,0,0,0,0,0
60191521,60191521,0,2,2,15,15,0,0,0,0,0
60191522,60191522,0,2,2,15,15,0,0,0,0,0
60191531,60191531,0,1,1,20,20,25,25,0,0,0
60191532,60191532,0,1,1,25,25,25,25,0,0,0
60191541,60191541,0,4,4,25,25,25,25,0,0,0
60191551,60191551,0,1,1,25,25,20,20,0,0,0
60191911,60191911,0,0,0,4,4,0,0,0,0,0
60191921,60191921,0,2,2,10,10,0,0,0,0,0
60191931,60191931,0,4,4,15,15,15,15,0,0,0
60191932,60191932,0,4,4,20,20,15,15,0,0,0
60191941,60191941,0,1,1,25,25,15,15,0,0,0
60191951,60191951,0,1,1,30,30,20,20,0,0,0
60201111,60201111,0,0,0,3,6,0,0,0,0,0
60201121,60201121,0,1,2,7.5,15,7.5,15,0,0,0
60201131,60201131,0,1.5,3,12.5,25,12.5,25,0,0,0
60201141,60201141,0,2.5,5,15,30,15,30,0,0,0
60201151,60201151,0,0.5,1,30,60,0,0,0,0,0
60201152,60201152,0,1.5,1.5,20,20,10,10,0,0,0
60201161,60201161,0,2.5,5,0,0,0,0,0,0,0
60201171,60201171,0,3.5,7,45,90,0,0,0,0,0
60201181,60201181,0,2.5,5,20,40,20,40,0,0,0
60201183,60201183,0,2.5,5,20,40,0,0,0,0,0
60201193,60201193,0,2.5,5,15,30,0,0,0,0,0
60201211,60201211,0,0,0,3,6,0,0,0,0,0
60201214,60201214,0,0,0,3,6,0,0,0,0,0
60201215,60201215,0,0,0,4,8,0,0,0,0,0
60201216,60201216,0,0,0,4,8,0,0,0,0,0
60201217,60201217,0,0,0,3,6,0,0,0,0,0
60201221,60201221,0,1,2,7.5,15,7.5,15,0,0,0
60201224,60201224,0,1.5,3,7.5,15,0,0,0,0,0
60201225,60201225,0,2.5,5,7.5,15,0,0,0,0,0
60201226,60201226,0,2.5,5,5,10,0,0,0,0,0
60201227,60201227,0,2.5,5,7.5,15,0,0,0,0,0
60201234,60201234,0,2.5,5,12.5,25,0,0,0,0,0
60201235,60201235,0,3.5,7,17.5,35,0,0,0,0,0
60201236,60201236,0,4,8,22.5,45,0,0,0,0,0
60201237,60201237,0,3.5,7,17.5,35,0,0,0,0,0
60201241,60201241,0,2.5,5,15,30,15,30,0,0,0
60201244,60201244,0,2.5,5,17.5,35,0,0,0,0,0
60201245,60201245,0,3.5,7,22.5,45,0,0,0,0,0
60201246,60201246,0,4,8,22.5,45,0,0,0,0,0
60201247,60201247,0,3.5,7,22.5,45,0,0,0,0,0
60201251,60201251,0,0.75,1.5,22.5,45,22.5,45,0,0,0
60201254,60201254,0,1.5,3,27.5,55,0,0,0,0,0
60201255,60201255,0,2,4,40,80,0,0,0,0,0
60201256,60201256,0,3,6,27.5,55,0,0,0,0,0
60201257,60201257,0,2,4,40,80,15,30,0,0,0
60201261,60201261,0,2.5,5,20,40,20,40,0,0,0
60201264,60201264,0,2.5,5,27.5,55,0,0,0,0,0
60201265,60201265,0,4.5,9,27.5,55,0,0,0,0,0
60201266,60201266,0,4,8,17.5,35,0,0,0,0,0
60201267,60201267,0,4.5,9,27.5,55,75,150,0,0,0
60201268,60201268,0,10,10,0,0,0,0,0,0,0
60201271,60201271,0,2,4,17.5,35,17.5,35,0,0,0
60201272,60201272,0,2.5,5,20,40,15,30,0,0,0
60201273,60201273,0,5,5,40,40,30,30,0,0,0
60201274,60201274,0,2.5,5,27.5,55,0,0,0,0,0
60201275,60201275,0,3.5,7,27.5,55,15,30,0,0,0
60201276,60201276,0,3,6,32.5,65,15,30,0,0,0
60201277,60201277,0,3.5,7,27.5,55,15,30,0,0,0
60201278,60201278,0,5,5,40,40,30,30,0,0,0
60201311,60201311,0,0,0,3,6,0,0,0,0,0
60201317,60201317,0,0,0,4,8,0,0,0,0,0
60201321,60201321,0,1,2,7.5,15,7.5,15,0,0,0
60201327,60201327,0,2.5,5,7.5,15,0,0,0,0,0
60201331,60201331,0,1.5,3,12.5,25,12.5,25,0,0,0
60201337,60201337,0,3.5,7,17.5,35,0,0,0,0,0
60201341,60201341,0,2.5,5,15,30,15,30,0,0,0
60201347,60201347,0,3.5,7,22.5,45,0,0,0,0,0
60201351,60201351,0,5,10,40,80,0,0,0,0,0
60201357,60201357,0,2,4,40,80,15,30,0,0,0
60201361,60201361,0,2.5,5,20,40,20,40,0,0,0
60201362,60201362,0,5,5,0,0,0,0,0,0,0
60201367,60201367,0,4.5,9,27.5,55,0,0,0,0,0
60201371,60201371,0,0.75,1.5,22.5,45,11,22,0,0,0
60201377,60201377,0,3.5,7,27.5,55,15,30,0,0,0
60201521,60201521,0,2,2,15,15,15,15,0,0,0
60201531,60201531,0,3,3,25,25,25,25,0,0,0
60201551,60201551,0,1.5,1.5,30,30,30,30,0,0,0
60201552,60201552,0,1.5,1.5,45,45,45,45,0,0,0
60201561,60201561,0,5,5,40,40,40,40,0,0,0
60201821,60201821,0,2,2,15,15,15,15,0,0,0
60201831,60201831,0,3,3,25,25,25,25,0,0,0
60201851,60201851,0,1.5,1.5,15,15,15,15,0,0,0
60211121,60211121,0,1,2,20,40,0,0,0,0,0
60211131,60211131,0,1.5,3,12.5,25,12.5,25,0,0,0
60211141,60211141,0,2,4,15,30,15,30,0,0,0
60211151,60211151,0,1.5,1.5,25,25,25,25,0,0,0
60211161,60211161,0,2.5,5,20,40,0,0,0,0,0
60211171,60211171,0,1.5,1.5,30,30,30,30,0,0,0
60211217,60211217,0,0,0,3,6,0,0,0,0,0
60211227,60211227,0,2.5,5,7.5,15,0,0,0,0,0
60211237,60211237,0,3.5,7,17.5,35,0,0,0,0,0
60211247,60211247,0,3.5,7,32.5,65,0,0,0,0,0
60211257,60211257,0,2,4,40,80,15,30,0,0,0
60211267,60211267,0,4.5,9,27.5,55,0,0,0,0,0
60211277,60211277,0,3.5,7,40,80,15,30,0,0,0
60211312,60211312,0,0,0,7.5,15,0,0,0,0,0
60211314,60211314,0,0,0,3,6,0,0,0,0,0
60211317,60211317,0,0,0,3,6,0,0,0,0,0
60211322,60211322,0,2.5,5,22.5,45,0,0,0,0,0
60211324,60211324,0,1.5,3,7.5,15,0,0,0,0,0
60211327,60211327,0,2.5,5,7.5,15,0,0,0,0,0
60211334,60211334,0,2.5,5,17.5,35,0,0,0,0,0
60211337,60211337,0,3.5,7,17.5,35,0,0,0,0,0
60211344,60211344,0,2.5,5,22.5,45,0,0,0,0,0
60211347,60211347,0,3.5,7,22.5,45,0,0,0,0,0
60211351,60211351,0,5,10,0,0,90,180,0,0,0
60211352,60211352,0,1,2,0,0,15,30,0,0,0
60211353,60211353,0,1,2,0,0,15,30,0,0,0
60211354,60211354,0,1.5,3,27.5,55,0,0,0,0,0
60211357,60211357,0,2,4,40,80,15,30,0,0,0
60211358,60211358,0,2.5,5,0,0,0,0,0,0,0
60211362,60211362,0,2.5,5,15,30,0,0,0,0,0
60211364,60211364,0,2.5,5,27.5,55,0,0,0,0,0
60211365,60211365,0,5,5,30,30,0,0,0,0,0
60211367,60211367,0,4.5,9,27.5,55,0,0,0,0,0
60211374,60211374,0,2.5,5,27.5,55,0,0,0,0,0
60211377,60211377,0,3.5,7,40,80,15,30,0,0,0
60211711,60211711,0,0,0,6,6,0,0,0,0,0
60211721,60211721,0,5,5,15,15,0,0,0,0,0
60211731,60211731,0,7,7,35,35,15,15,0,0,0
60211732,60211732,0,7,7,20,20,15,15,0,0,0
60211741,60211741,0,7,7,45,45,25,25,0,0,0
60211742,60211742,0,7,7,45,45,25,25,0,0,0
60211751,60211751,0,4,4,45,45,30,30,0,0,0
60211752,60211752,0,4,4,30,30,30,30,0,0,0
60211753,60211753,0,4,4,45,25,25,25,0,0,0
60211754,60211754,0,4,4,30,20,20,20,0,0,0
60211761,60211761,0,9,9,45,45,25,25,0,0,0
60211771,60211771,0,4,4,30,30,30,30,0,0,0
60271111,60271111,0,0,0,2,4,0,0,0,0,0
60271121,60271121,0,1,2,7.5,15,0,0,0,0,0
60271131,60271131,0,0,0,10,20,0,0,0,0,0
60271141,60271141,0,0,0,10,20,0,0,0,0,0
60271151,60271151,0,0,0,20,40,0,0,0,0,0
60291231,60291231,0,2,2,15,15,15,15,0,0,0
60311261,60311261,0,2,4,15,30,0,0,0,0,0
60311271,60311271,0,2,4,30,60,0,0,0,0,0
65011111,65011111,0,0,0,4,8,0,0,0,0,0
65011121,65011121,0,0.75,1.5,7.5,15,0,0,0,0,0
65011122,65011122,0,1,2,10,20,0,0,0,0,0
65011131,65011131,0,1,2,10,20,5,10,0,0,0
65011141,65011141,0,1.5,3,12.5,25,7.5,15,0,0,0
65011142,65011142,0,1.5,3,12.5,25,7.5,15,0,0,0
65011151,65011151,0,0.5,1,15,30,7.5,15,0,0,0
65011411,65011411,0,0,0,2,4,0,0,0,0,0
65011412,65011412,0,0,0,4,4,0,0,0,0,0
65011421,65011421,0,1.5,3,6,12,6,12,0,0,0
65011422,65011422,0,1,1,10,10,5,5,0,0,0
65011423,65011423,0,1,1,15,15,5,5,0,0,0
65011425,65011425,0,4,4,25,25,25,25,0,0,0
65011431,65011431,0,2,4,7.5,15,6,12,0,0,0
65011432,65011432,0,2,2,15,15,5,5,0,0,0
65011433,65011433,0,6,6,0,0,0,0,0,0,0
65011434,65011434,0,3,3,15,15,10,10,0,0,0
65011435,65011435,0,0,0,0,0,0,0,0,0,0
65011436,65011436,0,4,4,20,20,15,15,0,0,0
65011441,65011441,0,2,4,12.5,25,0,0,0,0,0
65011442,65011442,0,2,2,30,30,5,5,0,0,0
65011443,65011443,0,3,3,25,25,5,5,0,0,0
65011451,65011451,0,1.5,3,25,50,0,0,0,0,0
65011452,65011452,0,2.5,5,0,0,0,0,0,0,0
65011453,65011453,0,1,1,30,30,0,0,0,0,0
65011454,65011454,0,1,2,1,2,0,0,0,0,0
65011455,65011455,0,2,2,0,0,0,0,0,0,0
65011456,65011456,0,6,6,30,30,10,10,0,0,0
65011457,65011457,0,5,5,30,30,30,30,0,0,0
65011458,65011458,0,5,0,3,3,0,0,0,0,0
65011459,65011459,0,5,5,5,5,30,30,0,0,0
65011461,65011461,0,2.5,5,0,0,0,0,0,0,0
65011462,65011462,0,2.5,5,0,0,0,0,0,0,0
65011463,65011463,0,2.5,5,0,0,0,0,0,0,0
65011464,65011464,0,4,4,30,30,0,0,0,0,0
65011465,65011465,0,4,4,20,20,0,0,0,0,0
65011471,65011471,0,3,6,27.5,55,0,0,0,0,0
65011472,65011472,0,3,3,30,30,10,10,0,0,0
65011473,65011473,0,7,7,0,0,0,0,0,0,0
65011474,65011474,0,7,7,0,0,0,0,0,0,0
65011475,65011475,0,7,7,0,0,0,0,0,0,0
65011476,65011476,0,5,5,1800,1800,10,10,0,0,0
65011477,65011477,0,4,4,6,6,0,0,0,0,0
65011511,65011511,0,0,0,4,4,0,0,0,0,0
65011521,65011521,0,1,1,10,10,10,10,0,0,0
65011531,65011531,0,2,2,15,15,10,10,0,0,0
65011541,65011541,0,2,2,30,30,20,20,0,0,0
65011551,65011551,0,1,1,30,30,0,0,0,0,0
65011552,65011552,0,3,3,0,0,0,0,0,0,0
65011571,65011571,0,6,6,35,35,30,30,0,0,0
65011572,65011572,0,6,6,0,0,30,30,0,0,0
65011573,65011573,0,6,6,0,0,30,30,0,0,0
65011751,65011751,0,2,0,0,0,0,0,0,0,0
65011752,65011752,0,0,0,0,0,0,0,0,0,0
65011821,65011821,0,3,3,12,12,0,0,0,0,0
65011822,65011822,0,3,3,12,12,0,0,0,0,0
65011831,65011831,0,4,4,15,15,0,0,0,0,0
65011832,65011832,0,4,4,15,15,0,0,0,0,0
65011833,65011833,0,4,4,15,15,0,0,0,0,0
65011841,65011841,0,4,4,25,25,0,0,0,0,0
65011842,65011842,0,4,4,25,25,0,0,0,0,0
65011843,65011843,0,4,4,25,25,0,0,0,0,0
65011851,65011851,0,3,3,25,25,0,0,0,0,0
65011852,65011852,0,3,3,30,30,0,0,0,0,0
65011853,65011853,0,3,3,30,30,0,0,0,0,0
65011854,65011854,0,3,3,30,30,0,0,0,0,0
65011855,65011855,0,3,3,25,25,0,0,0,0,0
65011861,65011861,0,5,5,0,0,0,0,0,0,0
65011862,65011862,0,5,5,0,0,0,0,0,0,0
65011871,65011871,0,6,6,25,25,0,0,0,0,0
65011872,65011872,0,7,7,0,0,0,0,0,0,0
65011873,65011873,0,6,6,25,25,0,0,0,0,0
65011874,65011874,0,6,6,25,25,0,0,0,0,0
65011875,65011875,0,6,6,25,25,0,0,0,0,0
65021111,65021111,0,0,0,2,4,1.5,3,0,0,0
65021112,65021112,0,0,0,8,8,0,0,0,0,0
65021121,65021121,0,2.5,5,7.5,15,0,0,0,0,0
65021122,65021122,0,2,2,15,15,5,5,0,0,0
65021131,65021131,0,4,8,22.5,45,1.5,3,0,0,0
65021132,65021132,0,2.5,5,7.5,15,0,0,0,0,0
65021133,65021133,0,4,4,35,35,5,5,0,0,0
65021141,65021141,0,4,8,12.5,25,0,0,0,0,0
65021142,65021142,0,4,4,30,30,5,5,0,0,0
65021151,65021151,0,4,8,12.5,25,1.5,3,0,0,0
65021152,65021152,0,3,3,20,20,5,5,0,0,0
65021161,65021161,0,1.5,3,10,20,0,0,0,0,0
65021162,65021162,0,1.5,3,10,20,0,0,0,0,0
65021163,65021163,0,2,2,60,60,15,15,0,0,0
65021171,65021171,0,4,8,22.5,45,0,0,0,0,0
65021172,65021172,0,4,8,22.5,45,0,0,0,0,0
65021173,65021173,0,6,6,60,60,15,15,0,0,0
65021181,65021181,0,5,10,0,0,0,0,0,0,0
65021182,65021182,0,5,10,0,0,0,0,0,0,0
65021191,65021191,0,1,2,0,0,0,0,0,0,0
65021192,65021192,0,2,2,0,0,0,0,0,0,0
65031111,65031111,0,0,0,4,8,0,0,0,0,0
65031118,65031118,0,0,0,5.5,5.5,0,0,0,0,0
65031119,65031119,0,0,0,4,8,0,0,0,0,0
65031121,65031121,0,1,2,7.5,15,0,0,0,0,0
65031128,65031128,0,2,2,10,10,0,0,0,0,0
65031129,65031129,0,2.5,5,7.5,15,0,0,0,0,0
65031131,65031131,0,1,2,12.5,25,0,0,0,0,0
65031132,65031132,0,3,3,45,45,0,0,0,0,0
65031133,65031133,0,3,3,45,45,0,0,0,0,0
65031134,65031134,0,3,3,45,45,0,0,0,0,0
65031135,65031135,0,3,3,20,20,20,20,0,0,0
65031138,65031138,0,4,4,15,15,10,10,0,0,0
65031139,65031139,0,4,8,12.5,25,0,0,0,0,0
65031141,65031141,0,1.25,2.5,15,30,0,0,0,0,0
65031143,65031143,0,9,9,600,600,0,0,0,0,0
65031144,65031144,0,9,9,600,600,0,0,0,0,0
65031145,65031145,0,9,9,600,600,0,0,0,0,0
65031148,65031148,0,5,5,25,25,20,20,0,0,0
65031149,65031149,0,4,8,42.5,85,0,0,0,0,0
65031151,65031151,0,1.5,3,15,30,0,0,0,0,0
65031152,65031152,0,0.5,1,40,80,0,0,0,0,0
65031153,65031153,0,0.5,1,35,70,0,0,0,0,0
65031154,65031154,0,1,2,30,60,0,0,0,0,0
65031155,65031155,0,4,4,35,35,0,0,0,0,0
65031156,65031156,0,3,3,0,0,0,0,0,0,0
65031157,65031157,0,6,6,0,0,120,120,0,0,0
65031158,65031158,0,6,6,0,0,0,0,0,0,0
65031159,65031159,0,2.5,5,40,80,0,0,0,0,0
65031161,65031161,0,1.5,3,25,50,30,60,0,0,0
65031162,65031162,0,5,5,600,600,0,0,0,0,0
65031163,65031163,0,1.5,3,2.5,5,0,0,0,0,0
65031164,65031164,0,5,5,600,600,0,0,0,0,0
65031165,65031165,0,5,5,600,600,0,0,0,0,0
65031166,65031166,0,5,5,600,600,0,0,0,0,0
65031167,65031167,0,3,3,15,15,0,0,0,0,0
65031168,65031168,0,6,6,55,55,55,55,0,0,0
65031169,65031169,0,5,10,40,80,30,60,0,0,0
65031171,65031171,0,3.5,7,15,30,0,0,0,0,0
65031172,65031172,0,3.5,7,0,0,0,0,0,0,0
65031173,65031173,0,2.5,5,45,90,0,0,0,0,0
65031178,65031178,0,7,7,0,0,0,0,0,0,0
65031179,65031179,0,6,12,45,90,0,0,0,0,0
65031259,65031259,0,4,4,35,35,25,25,0,0,0
65031365,65031365,0,2,2,2,2,0,0,0,0,0
65031411,65031411,0,0,0,4,8,0,0,0,0,0
65031421,65031421,0,2,2,15,15,20,20,0,0,0
65031422,65031422,0,2,2,15,15,0,0,0,0,0
65031423,65031423,0,2,2,15,15,0,0,0,0,0
65031424,65031424,0,2,2,15,15,20,20,0,0,0
65031425,65031425,0,2,2,15,15,20,20,0,0,0
65031431,65031431,0,3,3,30,30,20,20,0,0,0
65031432,65031432,0,3,3,30,30,0,0,0,0,0
65031433,65031433,0,3,3,10,10,15,15,0,0,0
65031434,65031434,0,3,3,15,15,20,20,0,0,0
65031441,65031441,0,4,4,40,40,0,0,0,0,0
65031442,65031442,0,4,4,40,40,0,0,0,0,0
65031443,65031443,0,4,4,25,25,20,20,0,0,0
65031444,65031444,0,4,4,40,40,0,0,0,0,0
65031445,65031445,0,4,4,25,25,20,20,0,0,0
65031446,65031446,0,4,4,20,20,10,10,0,0,0
65031447,65031447,0,4,4,15,15,8,8,0,0,0
65031451,65031451,0,2,2,50,50,20,20,0,0,0
65031452,65031452,0,2,2,50,50,0,0,0,0,0
65031453,65031453,0,2,2,50,50,0,0,0,0,0
65031454,65031454,0,2,2,50,50,20,20,0,0,0
65031455,65031455,0,2,2,30,30,20,20,0,0,0
65031461,65031461,0,3,3,30,30,0,0,0,0,0
65031462,65031462,0,3,3,30,30,0,0,0,0,0
65031471,65031471,0,8,8,60,60,0,0,0,0,0
65031472,65031472,0,8,8,40,40,0,0,0,0,0
65031473,65031473,0,5,5,15,15,5,5,0,0,0
65031481,65031481,0,2,2,15,15,0,0,0,0,0
65031482,65031482,0,3,3,20,20,16,16,0,0,0
65031491,65031491,0,8,8,0,0,0,0,0,0,0
65031492,65031492,0,8,8,0,0,0,0,0,0,0
65031493,65031493,0,8,8,0,0,0,0,0,0,0
65031494,65031494,0,8,8,0,0,0,0,0,0,0
65031495,65031495,0,8,8,30,30,0,0,0,0,0
65031496,65031496,0,8,8,10,10,10,10,0,0,0
65031497,65031497,0,8,8,30,30,30,0,0,0,0
65031511,65031511,0,0,0,4,4,0,0,0,0,0
65031512,65031512,0,3,3,40,40,0,0,0,0,0
65031521,65031521,0,1,1,10,10,5,5,0,0,0
65031531,65031531,0,2,2,15,15,5,5,0,0,0
65031532,65031532,0,4,4,30,30,10,10,0,0,0
65031541,65031541,0,2,2,30,30,10,10,0,0,0
65031542,65031542,0,2,2,30,30,10,10,0,0,0
65031543,65031543,0,2,2,30,30,10,10,0,0,0
65031544,65031544,0,2,2,20,20,10,10,0,0,0
65031551,65031551,0,2,2,30,30,5,5,0,0,0
65031552,65031552,0,6,6,0,0,0,0,0,0,0
65031561,65031561,0,4,4,35,35,20,20,0,0,0
65031562,65031562,0,4,4,40,40,20,20,0,0,0
65031563,65031563,0,4,4,35,35,20,20,0,0,0
65031564,65031564,0,4,4,35,35,20,20,0,0,0
65031571,65031571,0,5,5,0,0,10,10,0,0,0
65031572,65031572,0,10,10,0,0,1,1,0,0,0
65031573,65031573,0,5,5,0,0,10,10,0,0,0
65031581,65031581,0,2,2,0,0,0,0,0,0,0
65041111,65041111,0,0,0,4,8,0,0,0,0,0
65041112,65041112,0,0,0,4,8,0,0,0,0,0
65041113,65041113,0,0,0,6,6,3,3,0,0,0
65041121,65041121,0,1.5,3,7.5,15,0,0,0,0,0
65041122,65041122,0,1.5,3,7.5,15,0,0,0,0,0
65041123,65041123,0,1.5,3,7.5,15,0,0,0,0,0
65041124,65041124,0,1.5,3,7.5,15,0,0,0,0,0
65041125,65041125,0,1,2,7.5,15,5,10,0,0,0
65041126,65041126,0,2,2,15,15,5,5,0,0,0
65041131,65041131,0,2,4,12.5,25,0,0,0,0,0
65041132,65041132,0,2,4,12.5,25,7.5,15,0,0,0
65041133,65041133,0,3,3,40,40,5,5,0,0,0
65041141,65041141,0,3,6,15,30,0,0,0,0,0
65041142,65041142,0,3,6,17.5,35,7.5,15,0,0,0
65041143,65041143,0,1,2,20,40,10,20,0,0,0
65041144,65041144,0,3,3,30,30,5,5,0,0,0
65041145,65041145,0,6,6,30,30,0,0,0,0,0
65041151,65041151,0,0.5,4,12.5,25,0,0,0,0,0
65041152,65041152,0,0.5,2,12.5,25,12.5,25,0,0,0
65041154,65041154,0,3,3,30,30,5,5,0,0,0
65041161,65041161,0,0.5,5,0,0,0,0,0,0,0
65041162,65041162,0,0.5,5,0,0,0,0,0,0,0
65041163,65041163,0,1.5,3,0,0,0,0,0,0,0
65041164,65041164,0,0.5,2,20,40,10,20,0,0,0
65041165,65041165,0,2,2,0,0,0,0,0,0,0
65041166,65041166,0,2,2,2,2,0,0,0,0,0
65041167,65041167,0,3,3,40,40,0,0,0,0,0
65041168,65041168,0,2,2,0,0,0,0,0,0,0
65041169,65041169,0,1,1,0,0,0,0,0,0,0
65041171,65041171,0,0.5,6,0,0,0,0,0,0,0
65041172,65041172,0,0.5,4,27.5,55,0,0,0,0,0
65041173,65041173,0,2,4,15,30,12.5,25,0,0,0
65041174,65041174,0,4,4,35,35,0,0,0,0,0
65041175,65041175,0,5,5,60,60,0,0,0,0,0
65041176,65041176,0,3,3,40,40,0,0,0,0,0
65041177,65041177,0,3,3,40,40,0,0,0,0,0
65041181,65041181,0,0.5,10,0,0,0,0,0,0,0
65041182,65041182,0,10,10,0,0,0,0,0,0,0
65041211,65041211,0,0,0,4,8,0,0,0,0,0
65041221,65041221,0,2.5,5,7.5,15,0,0,0,0,0
65041231,65041231,0,4,8,22.5,45,0,0,0,0,0
65041241,65041241,0,4,8,10,20,0,0,0,0,0
65041242,65041242,0,3.5,7,15,30,12.5,25,0,0,0
65041251,65041251,0,0.5,5,7.5,15,0,0,0,0,0
65041261,65041261,0,0.5,5,40,80,0,0,0,0,0
65041262,65041262,0,0.5,10,40,80,0,0,0,0,0
65041263,65041263,0,0.5,10,45,90,0,0,0,0,0
65041264,65041264,0,6,3,25,50,0,0,0,0,0
65041265,65041265,0,3,3,0,0,0,0,0,0,0
65041271,65041271,0,0.5,10,27.5,55,0,0,0,0,0
65041272,65041272,0,5,5,0,0,0,0,0,0,0
65041273,65041273,0,5,5,0,0,0,0,0,0,0
65041274,65041274,0,5,5,0,0,0,0,0,0,0
65041311,65041311,0,0,0,3,6,0,0,0,0,0
65041321,65041321,0,1,2,7.5,15,7.5,15,0,0,0
65041331,65041331,0,1.5,3,12.5,25,7.5,15,0,0,0
65041341,65041341,0,1.5,3,12.5,25,12.5,25,0,0,0
65041351,65041351,0,0.5,3,20,40,7.5,15,0,0,0
65041352,65041352,0,3,3,40,40,15,15,0,0,0
65041353,65041353,0,3,3,25,25,15,15,0,0,0
65041361,65041361,0,0.5,2,22.5,45,0,0,0,0,0
65041363,65041363,0,2,2,45,45,0,0,0,0,0
65041371,65041371,0,3,6,20,40,22.5,45,0,0,0
65041372,65041372,0,2.5,5,30,60,10,20,0,0,0
65041411,65041411,0,0,0,2,4,0,0,0,0,0
65041412,65041412,0,0,0,4,4,0,0,0,0,0
65041421,65041421,0,0.5,2,7.5,15,7.5,15,0,0,0
65041422,65041422,0,1,1,10,10,5,5,0,0,0
65041431,65041431,0,0.5,3,10,20,7.5,15,0,0,0
65041432,65041432,0,3,3,20,20,15,15,0,0,0
65041433,65041433,0,3,3,20,20,15,15,0,0,0
65041441,65041441,0,0.5,1,25,50,25,50,0,0,0
65041442,65041442,0,0.5,3,0,0,12.5,25,0,0,0
65041443,65041443,0,1,1,30,30,0,0,0,0,0
65041444,65041444,0,1,1,60,60,0,0,0,0,0
65041445,65041445,0,4,4,40,40,30,30,0,0,0
65041446,65041446,0,4,4,45,45,45,45,0,0,0
65041447,65041447,0,1,1,30,30,30,30,0,0,0
65041448,65041448,0,1,1,30,30,30,30,0,0,0
65041451,65041451,0,0.5,3,15,30,12.5,25,0,0,0
65041452,65041452,0,2,2,15,15,5,5,0,0,0
65041453,65041453,0,3,3,30,30,20,20,0,0,0
65041454,65041454,0,3,3,30,30,25,25,0,0,0
65041461,65041461,0,0.5,6,22.5,45,15,30,0,0,0
65041462,65041462,0,3,3,30,30,10,10,0,0,0
65041463,65041463,0,6,6,30,30,30,30,0,0,0
65041464,65041464,0,6,6,30,30,30,30,0,0,0
65041471,65041471,0,0.5,6,0,0,12.5,25,0,0,0
65041472,65041472,0,0.5,6,0,0,12.5,25,0,0,0
65041473,65041473,0,0.5,6,0,0,12.5,25,0,0,0
65041474,65041474,0,2,2,30,30,5,5,0,0,0
65041475,65041475,0,6,6,0,0,0,0,0,0,0
65041476,65041476,0,6,6,0,0,0,0,0,0,0
65041477,65041477,0,6,6,0,0,0,0,0,0,0
65041478,65041478,0,6,6,20,20,25,25,0,0,0
65041479,65041479,0,6,6,0,0,25,25,0,0,0
65041481,65041481,0,0.5,6,0,0,12.5,25,0,0,0
65041482,65041482,0,0.5,6,0,0,12.5,25,0,0,0
65041483,65041483,0,6,6,0,0,0,0,0,0,0
65041484,65041484,0,6,6,0,0,0,0,0,0,0
65041485,65041485,0,6,6,30,30,25,25,0,0,0
65041491,65041491,0,0.5,7,0.5,1,12.5,25,0,0,0
65041492,65041492,0,3,3,0,0,25,25,0,0,0
65041493,65041493,0,6,6,0,0,25,25,0,0,0
65041601,65041601,0,6,6,50,50,25,25,0,0,0
65041602,65041602,0,6,6,10,10,25,25,0,0,0
65041611,65041611,0,0,0,6,6,0,0,0,0,0
65041612,65041612,0,0,0,6,6,0,0,0,0,0
65041631,65041631,0,2,2,15,15,0,0,0,0,0
65041632,65041632,0,2,2,20,20,0,0,0,0,0
65041641,65041641,0,4,4,25,25,10,10,0,0,0
65041642,65041642,0,4,4,25,25,10,10,0,0,0
65041651,65041651,0,3,3,20,20,5,5,0,0,0
65041652,65041652,0,3,3,20,20,5,5,0,0,0
65041661,65041661,0,2,2,40,40,15,15,0,0,0
65041662,65041662,0,3,3,60,60,10,10,0,0,0
65041663,65041663,0,3,3,40,40,15,15,0,0,0
65041664,65041664,0,2,2,40,40,15,15,0,0,0
65041671,65041671,0,2,2,25,25,15,15,0,0,0
65041672,65041672,0,2,2,20,20,5,5,0,0,0
65041681,65041681,0,6,6,0,0,0,0,0,0,0
65041682,65041682,0,6,6,0,0,0,0,0,0,0
65041683,65041683,0,6,6,0,0,0,0,0,0,0
65041691,65041691,0,4,4,45,45,12,12,0,0,0
65041692,65041692,0,10,10,0,0,0,0,0,0,0
65041694,65041694,0,4,4,15,15,12,12,0,0,0
65041711,65041711,0,0,0,4,8,0,0,0,0,0
65041721,65041721,0,1,2,7.5,15,5,10,0,0,0
65041731,65041731,0,2,4,12.5,25,7.5,15,0,0,0
65041741,65041741,0,1,2,20,40,10,20,0,0,0
65041751,65041751,0,0.5,2,12.5,25,12.5,25,0,0,0
65041761,65041761,0,0.5,2,20,40,10,20,0,0,0
65041762,65041762,0,0.5,2,20,40,0,0,0,0,0
65041773,65041773,0,2,4,20,40,12.5,25,0,0,0
65051111,65051111,0,0,0,2,4,0,0,0,0,0
65051121,65051121,0,2.5,5,12.5,25,5,10,0,0,0
65051131,65051131,0,1.5,3,7.5,15,5,10,0,0,0
65051141,65051141,0,1.5,3,17.5,35,5,10,0,0,0
65051151,65051151,0,2.5,5,0,0,0,0,0,0,0
65051152,65051152,0,2.5,5,0,0,0,0,0,0,0
65051153,65051153,0,2.5,5,0,0,0,0,0,0,0
65051155,65051155,0,5,5,1,1,25,25,0,0,0
65051156,65051156,0,5,5,1,1,25,25,0,0,0
65051157,65051157,0,3,3,25,25,0,0,0,0,0
65051161,65051161,0,2,4,27.5,55,5,10,0,0,0
65051162,65051162,0,1,2,22.5,45,0,0,0,0,0
65051163,65051163,0,1,2,22.5,45,0,0,0,0,0
65051164,65051164,0,2,2,45,45,30,30,0,0,0
65051171,65051171,0,2.5,5,0,0,0,0,0,0,0
65051172,65051172,0,2.5,5,0,0,0,0,0,0,0
65051173,65051173,0,2.5,5,0,0,0,0,0,0,0
65051174,65051174,0,2.5,5,0,0,0,0,0,0,0
65051175,65051175,0,3,3,30,30,30,30,0,0,0
65051181,65051181,0,1.5,3,0,0,0,0,0,0,0
65051183,65051183,0,5,5,1,1,1,1,0,0,0
65051211,65051211,0,0,0,2,4,0,0,0,0,0
65051221,65051221,0,2.5,5,5,10,0,0,0,0,0
65051231,65051231,0,1.5,3,12.5,25,5,10,0,0,0
65051232,65051232,0,1.5,3,30,60,5,10,0,0,0
65051233,65051233,0,8,8,0,0,0,0,0,0,0
65051241,65051241,0,1.5,3,17.5,35,5,10,0,0,0
65051251,65051251,0,2.5,5,0,0,0,0,0,0,0
65051252,65051252,0,5,5,50,50,0,0,0,0,0
65051261,65051261,0,2,4,27.5,55,5,10,0,0,0
65051262,65051262,0,2,4,27.5,55,5,10,0,0,0
65051263,65051263,0,2.5,5,45,90,5,10,0,0,0
65051264,65051264,0,1,1,0,0,0,0,0,0,0
65051265,65051265,0,2,2,0,0,0,0,0,0,0
65051271,65051271,0,2.5,5,0,0,0,0,0,0,0
65051272,65051272,0,2.5,5,0,0,0,0,0,0,0
65051273,65051273,0,3,3,20,20,0,0,0,0,0
65051601,65051601,0,6,6,40,40,0,0,0,0,0
65051602,65051602,0,12,12,0,0,0,0,0,0,0
65051603,65051603,0,0,0,0,0,0,0,0,0,0
65051604,65051604,0,10,10,0,0,0,0,0,0,0
65051605,65051605,0,10,10,0,0,0,0,0,0,0
65051606,65051606,0,12,12,15,15,15,0,0,0,0
65051607,65051607,0,12,12,15,15,15,0,0,0,0
65051611,65051611,0,0,0,4,4,0,0,0,0,0
65051612,65051612,0,0,0,4,4,0,0,0,0,0
65051621,65051621,0,2,2,15,15,10,10,0,0,0
65051622,65051622,0,2,2,15,15,10,10,0,0,0
65051631,65051631,0,3,3,30,30,10,10,0,0,0
65051641,65051641,0,4,4,25,25,10,10,0,0,0
65051642,65051642,0,4,4,25,25,10,10,0,0,0
65051643,65051643,0,4,4,25,25,10,10,0,0,0
65051651,65051651,0,5,5,0,0,0,0,0,0,0
65051652,65051652,0,3,3,25,25,0,0,0,0,0
65051653,65051653,0,7,7,20,20,15,15,0,0,0
65051654,65051654,0,7,7,20,20,15,15,0,0,0
65051655,65051655,0,7,7,20,20,15,15,0,0,0
65051656,65051656,0,7,7,20,20,15,15,0,0,0
65051657,65051657,0,7,7,20,20,15,15,0,0,0
65051661,65051661,0,2,2,40,40,10,10,0,0,0
65051662,65051662,0,3,3,0,0,0,0,0,0,0
65051663,65051663,0,2,2,25,25,10,10,0,0,0
65051664,65051664,0,2,2,25,25,10,10,0,0,0
65051665,65051665,0,2,2,25,25,10,10,0,0,0
65051666,65051666,0,2,2,25,25,10,10,0,0,0
65051667,65051667,0,2,2,20,10,10,10,0,0,0
65051681,65051681,0,5,5,0,0,0,0,0,0,0
65051682,65051682,0,5,5,15,15,15,15,0,0,0
65051691,65051691,0,2,2,10,10,0,0,0,0,0
65051692,65051692,0,7,7,10,10,0,0,0,0,0
65051811,65051811,0,0,0,4,4,0,0,0,0,0
65051821,65051821,0,1,1,10,10,5,5,0,0,0
65051831,65051831,0,2,2,15,15,5,5,0,0,0
65051841,65051841,0,1,1,30,30,5,5,0,0,0
65051851,65051851,0,2,2,0,0,0,0,0,0,0
65051852,65051852,0,2,2,0,0,0,0,0,0,0
65051861,65051861,0,2,2,30,30,10,10,0,0,0
65051862,65051862,0,4,4,25,25,10,10,0,0,0
65051871,65051871,0,4,4,35,35,20,20,0,0,0
65051872,65051872,0,4,4,35,35,20,20,0,0,0
65051873,65051873,0,4,4,10,10,10,10,0,0,0
65051881,65051881,0,5,5,0,0,10,10,0,0,0
65051882,65051882,0,3,3,2,2,0,0,0,0,0
65051883,65051883,0,3,3,2,2,0,0,0,0,0
65091111,65091111,0,0,0,8,8,0,0,0,0,0
65091121,65091121,0,2,2,15,15,0,0,0,0,0
65091131,65091131,0,2,2,20,20,10,10,0,0,0
65091142,65091142,0,3,3,20,20,15,15,0,0,0
65091152,65091152,0,1,1,30,30,20,20,0,0,0
65091161,65091161,0,4,4,30,30,35,35,0,0,0
65091162,65091162,0,4,4,30,30,35,35,0,0,0
65091163,65091163,0,5,5,0,0,0,0,0,0,0
65091164,65091164,0,5,5,0,0,0,0,0,0,0
65091171,65091171,0,3,3,40,40,25,25,0,0,0
65091172,65091172,0,4,4,35,35,25,25,0,0,0
65091173,65091173,0,3,3,45,45,30,30,0,0,0
65091174,65091174,0,3,3,45,45,30,30,0,0,0
65091175,65091175,0,5,5,30,30,20,20,0,0,0
65091631,65091631,0,5,5,180,180,10,10,0,0,0
65091632,65091632,0,5,5,20,20,10,10,0,0,0
65091651,65091651,0,1,1,40,40,40,40,0,0,0
65091652,65091652,0,1,1,0,0,0,0,0,0,0
65091661,65091661,0,1,1,20,20,10,10,0,0,0
65091662,65091662,0,1,1,20,20,10,10,0,0,0
65091681,65091681,0,3,3,30,30,15,15,0,0,0
65091682,65091682,0,3,3,30,30,15,15,0,0,0
65101111,65101111,0,0,0,8,8,0,0,0,0,0
65101121,65101121,0,2,2,15,15,0,0,0,0,0
65101131,65101131,0,3,3,20,20,10,10,0,0,0
65101132,65101132,0,3,3,20,20,10,10,0,0,0
65101141,65101141,0,3,3,30,30,15,15,0,0,0
65101142,65101142,0,3,3,30,30,5,5,0,0,0
65101143,65101143,0,3,3,30,30,0,0,0,0,0
65101151,65101151,0,2,2,45,45,10,10,0,0,0
65101171,65101171,0,6,6,1800,1800,10,10,0,0,0
65101431,65101431,0,3,3,20,20,15,15,0,0,0
65101432,65101432,0,3,3,20,20,15,15,0,0,0
65101433,65101433,0,3,3,20,20,15,15,0,0,0
65101441,65101441,0,5,5,20,20,20,20,0,0,0
65101451,65101451,0,5,5,10,10,10,10,0,0,0
65101461,65101461,0,6,6,20,20,20,20,0,0,0
65101462,65101462,0,6,6,20,20,30,30,0,0,0
65101471,65101471,0,2,2,20,20,15,15,0,0,0
65101472,65101472,0,2,2,20,20,15,15,0,0,0
65101481,65101481,0,6,6,25,25,25,25,0,0,0
68101119,68101119,0,0,0,3.5,7,0,0,0,0,0
68101129,68101129,0,1,2,7.5,15,0,0,0,0,0
68101139,68101139,0,2.5,5,17.5,35,0,0,0,0,0
68101149,68101149,0,1,2,22.5,45,0,0,0,0,0
68101159,68101159,0,1.5,3,12.5,25,0,0,0,0,0
68101167,68101167,0,3,6,0,0,0,0,0,0,0
68101168,68101168,0,3,6,0,0,0,0,0,0,0
68101169,68101169,0,3,6,0,0,0,0,0,0,0
68101179,68101179,0,1,2,5,10,0,0,0,0,0
68101188,68101188,0,2.5,5,0,0,0,0,0,0,0
68101189,68101189,0,2.5,5,0,0,0,0,0,0,0
68101199,68101199,0,1,2,5,10,0,0,0,0,0
70000101,700001,0,0,0,0,0,0,0,0,0,0
70000102,700001,0,0,0,0,0,0,0,0,0,0
70000103,700001,0,0,0,0,0,0,0,0,0,0
70000104,700001,0,0,0,0,0,0,0,0,0,0
70000105,700001,0,0,0,0,0,0,0,0,0,0
70000106,700001,0,0,0,0,0,0,0,0,0,0
70000107,700001,0,0,0,0,0,0,0,0,0,0
70000108,700001,0,0,0,0,0,0,0,0,0,0
70000109,700001,0,0,0,0,0,0,0,0,0,0
70000110,700001,0,0,0,0,0,0,0,0,0,0
70001101,700011,0,0,0,0,0,0,0,0,0,0
70001102,700011,0,0,0,0,0,0,0,0,0,0
70001103,700011,0,0,0,0,0,0,0,0,0,0
70001104,700011,0,0,0,0,0,0,0,0,0,0
70001105,700011,0,0,0,0,0,0,0,0,0,0
70001106,700011,0,0,0,0,0,0,0,0,0,0
70001107,700011,0,0,0,0,0,0,0,0,0,0
70001108,700011,0,0,0,0,0,0,0,0,0,0
70001109,700011,0,0,0,0,0,0,0,0,0,0
70001110,700011,0,0,0,0,0,0,0,0,0,0
70001201,700012,0,0,0,0,0,0,0,0,0,0
70001202,700012,0,0,0,0,0,0,0,0,0,0
70001203,700012,0,0,0,0,0,0,0,0,0,0
70001204,700012,0,0,0,0,0,0,0,0,0,0
70001205,700012,0,0,0,0,0,0,0,0,0,0
70001206,700012,0,0,0,0,0,0,0,0,0,0
70001207,700012,0,0,0,0,0,0,0,0,0,0
70001208,700012,0,0,0,0,0,0,0,0,0,0
70001209,700012,0,0,0,0,0,0,0,0,0,0
70001210,700012,0,0,0,0,0,0,0,0,0,0
70001301,700013,0,0,0,0,0,0,0,0,0,0
70001302,700013,0,0,0,0,0,0,0,0,0,0
70001303,700013,0,0,0,0,0,0,0,0,0,0
70001304,700013,0,0,0,0,0,0,0,0,0,0
70001305,700013,0,0,0,0,0,0,0,0,0,0
70001306,700013,0,0,0,0,0,0,0,0,0,0
70001307,700013,0,0,0,0,0,0,0,0,0,0
70001308,700013,0,0,0,0,0,0,0,0,0,0
70001309,700013,0,0,0,0,0,0,0,0,0,0
70001310,700013,0,0,0,0,0,0,0,0,0,0
70002101,700021,0,0,0,0,0,0,0,0,0,0
70002102,700021,0,0,0,0,0,0,0,0,0,0
70002103,700021,0,0,0,0,0,0,0,0,0,0
70002104,700021,0,0,0,0,0,0,0,0,0,0
70002105,700021,0,0,0,0,0,0,0,0,0,0
70002106,700021,0,0,0,0,0,0,0,0,0,0
70002107,700021,0,0,0,0,0,0,0,0,0,0
70002108,700021,0,0,0,0,0,0,0,0,0,0
70002109,700021,0,0,0,0,0,0,0,0,0,0
70002110,700021,0,0,0,0,0,0,0,0,0,0
70002201,700022,0,0,0,0,0,0,0,0,0,0
70002202,700022,0,0,0,0,0,0,0,0,0,0
70002203,700022,0,0,0,0,0,0,0,0,0,0
70002204,700022,0,0,0,0,0,0,0,0,0,0
70002205,700022,0,0,0,0,0,0,0,0,0,0
70002206,700022,0,0,0,0,0,0,0,0,0,0
70002207,700022,0,0,0,0,0,0,0,0,0,0
70002208,700022,0,0,0,0,0,0,0,0,0,0
70002209,700022,0,0,0,0,0,0,0,0,0,0
70002210,700022,0,0,0,0,0,0,0,0,0,0
70002301,700023,0,0,0,0,0,0,0,0,0,0
70002302,700023,0,0,0,0,0,0,0,0,0,0
70002303,700023,0,0,0,0,0,0,0,0,0,0
70002304,700023,0,0,0,0,0,0,0,0,0,0
70002305,700023,0,0,0,0,0,0,0,0,0,0
70002306,700023,0,0,0,0,0,0,0,0,0,0
70002307,700023,0,0,0,0,0,0,0,0,0,0
70002308,700023,0,0,0,0,0,0,0,0,0,0
70002309,700023,0,0,0,0,0,0,0,0,0,0
70002310,700023,0,0,0,0,0,0,0,0,0,0
70003101,700031,0,0,0,0,0,0,0,0,0,0
70003102,700031,0,0,0,0,0,0,0,0,0,0
70003103,700031,0,0,0,0,0,0,0,0,0,0
70003104,700031,0,0,0,0,0,0,0,0,0,0
70003105,700031,0,0,0,0,0,0,0,0,0,0
70003106,700031,0,0,0,0,0,0,0,0,0,0
70003107,700031,0,0,0,0,0,0,0,0,0,0
70003108,700031,0,0,0,0,0,0,0,0,0,0
70003109,700031,0,0,0,0,0,0,0,0,0,0
70003110,700031,0,0,0,0,0,0,0,0,0,0
70003201,700032,0,0,0,0,0,0,0,0,0,0
70003202,700032,0,0,0,0,0,0,0,0,0,0
70003203,700032,0,0,0,0,0,0,0,0,0,0
70003204,700032,0,0,0,0,0,0,0,0,0,0
70003205,700032,0,0,0,0,0,0,0,0,0,0
70003206,700032,0,0,0,0,0,0,0,0,0,0
70003207,700032,0,0,0,0,0,0,0,0,0,0
70003208,700032,0,0,0,0,0,0,0,0,0,0
70003209,700032,0,0,0,0,0,0,0,0,0,0
70003210,700032,0,0,0,0,0,0,0,0,0,0
70003301,700033,0,0,0,0,0,0,0,0,0,0
70003302,700033,0,0,0,0,0,0,0,0,0,0
70003303,700033,0,0,0,0,0,0,0,0,0,0
70003304,700033,0,0,0,0,0,0,0,0,0,0
70003305,700033,0,0,0,0,0,0,0,0,0,0
70003306,700033,0,0,0,0,0,0,0,0,0,0
70003307,700033,0,0,0,0,0,0,0,0,0,0
70003308,700033,0,0,0,0,0,0,0,0,0,0
70003309,700033,0,0,0,0,0,0,0,0,0,0
70003310,700033,0,0,0,0,0,0,0,0,0,0
70004101,700041,0,0,0,0,0,0,0,0,0,0
70004102,700041,0,0,0,0,0,0,0,0,0,0
70004103,700041,0,0,0,0,0,0,0,0,0,0
70004104,700041,0,0,0,0,0,0,0,0,0,0
70004105,700041,0,0,0,0,0,0,0,0,0,0
70004106,700041,0,0,0,0,0,0,0,0,0,0
70004107,700041,0,0,0,0,0,0,0,0,0,0
70004108,700041,0,0,0,0,0,0,0,0,0,0
70004109,700041,0,0,0,0,0,0,0,0,0,0
70004110,700041,0,0,0,0,0,0,0,0,0,0
70004201,700042,0,0,0,0,0,0,0,0,0,0
70004202,700042,0,0,0,0,0,0,0,0,0,0
70004203,700042,0,0,0,0,0,0,0,0,0,0
70004204,700042,0,0,0,0,0,0,0,0,0,0
70004205,700042,0,0,0,0,0,0,0,0,0,0
70004206,700042,0,0,0,0,0,0,0,0,0,0
70004207,700042,0,0,0,0,0,0,0,0,0,0
70004208,700042,0,0,0,0,0,0,0,0,0,0
70004209,700042,0,0,0,0,0,0,0,0,0,0
70004210,700042,0,0,0,0,0,0,0,0,0,0
70004301,700043,0,0,0,0,0,0,0,0,0,0
70004302,700043,0,0,0,0,0,0,0,0,0,0
70004303,700043,0,0,0,0,0,0,0,0,0,0
70004304,700043,0,0,0,0,0,0,0,0,0,0
70004305,700043,0,0,0,0,0,0,0,0,0,0
70004306,700043,0,0,0,0,0,0,0,0,0,0
70004307,700043,0,0,0,0,0,0,0,0,0,0
70004308,700043,0,0,0,0,0,0,0,0,0,0
70004309,700043,0,0,0,0,0,0,0,0,0,0
70004310,700043,0,0,0,0,0,0,0,0,0,0
70005101,700051,0,0,0,0,0,0,0,0,0,0
70005102,700051,0,0,0,0,0,0,0,0,0,0
70005103,700051,0,0,0,0,0,0,0,0,0,0
70005104,700051,0,0,0,0,0,0,0,0,0,0
70005105,700051,0,0,0,0,0,0,0,0,0,0
70005106,700051,0,0,0,0,0,0,0,0,0,0
70005107,700051,0,0,0,0,0,0,0,0,0,0
70005108,700051,0,0,0,0,0,0,0,0,0,0
70005109,700051,0,0,0,0,0,0,0,0,0,0
70005110,700051,0,0,0,0,0,0,0,0,0,0
70005201,700052,0,0,0,0,0,0,0,0,0,0
70005202,700052,0,0,0,0,0,0,0,0,0,0
70005203,700052,0,0,0,0,0,0,0,0,0,0
70005204,700052,0,0,0,0,0,0,0,0,0,0
70005205,700052,0,0,0,0,0,0,0,0,0,0
70005206,700052,0,0,0,0,0,0,0,0,0,0
70005207,700052,0,0,0,0,0,0,0,0,0,0
70005208,700052,0,0,0,0,0,0,0,0,0,0
70005209,700052,0,0,0,0,0,0,0,0,0,0
70005210,700052,0,0,0,0,0,0,0,0,0,0
70005301,700053,0,0,0,0,0,0,0,0,0,0
70005302,700053,0,0,0,0,0,0,0,0,0,0
70005303,700053,0,0,0,0,0,0,0,0,0,0
70005304,700053,0,0,0,0,0,0,0,0,0,0
70005305,700053,0,0,0,0,0,0,0,0,0,0
70005306,700053,0,0,0,0,0,0,0,0,0,0
70005307,700053,0,0,0,0,0,0,0,0,0,0
70005308,700053,0,0,0,0,0,0,0,0,0,0
70005309,700053,0,0,0,0,0,0,0,0,0,0
70005310,700053,0,0,0,0,0,0,0,0,0,0
70005401,700054,0,0,0,0,0,0,0,0,0,0
900000001,900000001,0,0,0,0,0,0,0,0,0,0
900000002,900000002,0,0,0,0,0,0,0,0,0,0
900000003,900000003,0,0,0,0,0,0,0,0,0,0
900000004,900000004,0,0,0,0,0,0,0,0,0,0
900000005,900000005,0,0,0,0,0,0,0,0,0,0
900000006,900000006,0,0,0,0,0,0,0,0,0,0
900000007,900000007,0,0,0,0,0,0,0,0,0,0
900000008,900000008,0,0,0,0,0,0,0,0,0,0
900000009,900000009,0,0,0,0,0,0,0,0,0,0
900000010,900000010,0,0,0,0,0,0,0,0,0,0
900000011,900000011,0,0,0,0,0,0,0,0,0,0
900000012,900000012,0,0,0,0,0,0,0,0,0,0
900000013,900000013,0,0,0,0,0,0,0,0,0,0
900000014,900000014,0,0,0,0,0,0,0,0,0,0
900000015,900000015,0,0,0,0,0,0,0,0,0,0
900000016,900000016,0,0,0,0,0,0,0,0,0,0
900000017,900000017,0,0,0,0,0,0,0,0,0,0
900000018,900000018,0,0,0,0,0,0,0,0,0,0
900000019,900000019,0,0,0,0,0,0,0,0,0,0
900000020,900000020,0,0,0,0,0,0,0,0,0,0
900000021,900000021,0,0,0,0,0,0,0,0,0,0
900000022,900000022,0,0,0,0,0,0,0,0,0,0
900000023,900000023,0,0,0,0,0,0,0,0,0,0
900000024,900000024,0,0,0,0,0,0,0,0,0,0
900000025,900000025,0,0,0,0,0,0,0,0,0,0
900000026,900000026,0,0,0,0,0,0,0,0,0,0
900000027,900000027,0,0,0,0,0,0,0,0,0,0
900000028,900000028,0,0,0,0,0,0,0,0,0,0
900000029,900000029,0,0,0,0,0,0,0,0,0,0
900000030,900000030,0,0,0,0,0,0,0,0,0,0
900000031,900000031,0,0,0,0,0,0,0,0,0,0
900000032,900000032,0,0,0,0,0,0,0,0,0,0
900000033,900000033,0,0,0,0,0,0,0,0,0,0
900000034,900000034,0,0,0,0,0,0,0,0,0,0
900000035,900000035,0,0,0,0,0,0,0,0,0,0
900000036,900000036,0,0,0,0,0,0,0,0,0,0
900000037,900000037,0,0,0,0,0,0,0,0,0,0
900000038,900000038,0,0,0,0,0,0,0,0,0,0
900000039,900000039,0,0,0,0,0,0,0,0,0,0
900000040,900000040,0,0,0,0,0,0,0,0,0,0
900000041,900000041,0,0,0,0,0,0,0,0,0,0
900000042,900000042,0,0,0,0,0,0,0,0,0,0
900000043,900000043,0,0,0,0,0,0,0,0,0,0
900000044,900000044,0,0,0,0,0,0,0,0,0,0
900000045,900000045,0,0,0,0,0,0,0,0,0,0
900000046,900000046,0,0,0,0,0,0,0,0,0,0
900000047,900000047,0,0,0,0,0,0,0,0,0,0
900000048,900000048,0,0,0,0,0,0,0,0,0,0
900000049,900000049,0,0,0,0,0,0,0,0,0,0
900000050,900000050,0,0,0,0,0,0,0,0,0,0
900000051,900000051,0,0,0,0,0,0,0,0,0,0
900000052,900000052,0,0,0,0,0,0,0,0,0,0
900000053,900000053,0,0,0,0,0,0,0,0,0,0
900000054,900000054,0,0,0,0,0,0,0,0,0,0
900000055,900000055,0,0,0,0,0,0,0,0,0,0
900000056,900000056,0,0,0,0,0,0,0,0,0,0
900000057,900000057,0,0,0,0,0,0,0,0,0,0
900000058,900000058,0,0,0,0,0,0,0,0,0,0
900000059,900000059,0,0,0,0,0,0,0,0,0,0
900000060,900000060,0,0,0,0,0,0,0,0,0,0
900000061,900000061,0,0,0,0,0,0,0,0,0,0
900000062,900000062,0,0,0,0,0,0,0,0,0,0
900000063,900000063,0,0,0,0,0,0,0,0,0,0
900000064,900000064,0,0,0,0,0,0,0,0,0,0
900000065,900000065,0,0,0,0,0,0,0,0,0,0
900000066,900000066,0,0,0,0,0,0,0,0,0,0
900000067,900000067,0,0,0,0,0,0,0,0,0,0
900000068,900000068,0,0,0,0,0,0,0,0,0,0
900000069,900000069,0,0,0,0,0,0,0,0,0,0
900000070,900000070,0,0,0,0,0,0,0,0,0,0
900000071,900000071,0,0,0,0,0,0,0,0,0,0
900000072,900000072,0,0,0,0,0,0,0,0,0,0
900000073,900000073,0,0,0,0,0,0,0,0,0,0
900000074,900000074,0,0,0,0,0,0,0,0,0,0
900000075,900000075,0,0,0,0,0,0,0,0,0,0
900000076,900000076,0,0,0,0,0,0,0,0,0,0
900000077,900000077,0,0,0,0,0,0,0,0,0,0
900000078,900000078,0,0,0,0,0,0,0,0,0,0
900000079,900000079,0,0,0,0,0,0,0,0,0,0
900000080,900000080,0,0,0,0,0,0,0,0,0,0
900000081,900000081,0,0,0,0,0,0,0,0,0,0
900000082,900000082,0,0,0,0,0,0,0,0,0,0
900000083,900000083,0,0,0,0,0,0,0,0,0,0
900000084,900000084,0,0,0,0,0,0,0,0,0,0
900000085,900000085,0,0,0,0,0,0,0,0,0,0
900000086,900000086,0,0,0,0,0,0,0,0,0,0
900000087,900000087,0,0,0,0,0,0,0,0,0,0
900000088,900000088,0,0,0,0,0,0,0,0,0,0
900000089,900000089,0,0,0,0,0,0,0,0,0,0
900000090,900000090,0,0,0,0,0,0,0,0,0,0
900000091,900000091,0,0,0,0,0,0,0,0,0,0
900000092,900000092,0,0,0,0,0,0,0,0,0,0
900000093,900000093,0,0,0,0,0,0,0,0,0,0
900000094,900000094,0,0,0,0,0,0,0,0,0,0
900000095,900000095,0,0,0,0,0,0,0,0,0,0
900000096,900000096,0,0,0,0,0,0,0,0,0,0
900000097,900000097,0,0,0,0,0,0,0,0,0,0
900000098,900000098,0,0,0,0,0,0,0,0,0,0
900000099,900000099,0,0,0,0,0,0,0,0,0,0
900000100,900000100,0,0,0,0,0,0,0,0,0,0
900000101,900000101,0,0,0,0,0,0,0,0,0,0
900000102,900000102,0,0,0,0,0,0,0,0,0,0
900000103,900000103,0,0,0,0,0,0,0,0,0,0
900000104,900000104,0,0,0,0,0,0,0,0,0,0
900000105,900000105,0,0,0,0,0,0,0,0,0,0
900000106,900000106,0,0,0,0,0,0,0,0,0,0
900000107,900000107,0,0,0,0,0,0,0,0,0,0
900000108,900000108,0,0,0,0,0,0,0,0,0,0
900000109,900000109,0,0,0,0,0,0,0,0,0,0
900000110,900000110,0,0,0,0,0,0,0,0,0,0
900000111,900000111,0,0,0,0,0,0,0,0,0,0
900000112,900000112,0,0,0,0,0,0,0,0,0,0
900000113,900000113,0,0,0,0,0,0,0,0,0,0
900000114,900000114,0,0,0,0,0,0,0,0,0,0
900000115,900000115,0,0,0,0,0,0,0,0,0,0
900000116,900000116,0,0,0,0,0,0,0,0,0,0
900000117,900000117,0,0,0,0,0,0,0,0,0,0
900000118,900000118,0,0,0,0,0,0,0,0,0,0
900000119,900000119,0,0,0,0,0,0,0,0,0,0
900000120,900000120,0,0,0,0,0,0,0,0,0,0
900000121,900000121,0,0,0,0,0,0,0,0,0,0
900000122,900000122,0,0,0,0,0,0,0,0,0,0
900000123,900000123,0,0,0,0,0,0,0,0,0,0
900000124,900000124,0,0,0,0,0,0,0,0,0,0
900000125,900000125,0,0,0,0,0,0,0,0,0,0
900000126,900000126,0,0,0,0,0,0,0,0,0,0
900000127,900000127,0,0,0,0,0,0,0,0,0,0
900000128,900000128,0,0,0,0,0,0,0,0,0,0
900000129,900000129,0,0,0,0,0,0,0,0,0,0
900000130,900000130,0,0,0,0,0,0,0,0,0,0
900000131,900000131,0,0,0,0,0,0,0,0,0,0
900000132,900000132,0,0,0,0,0,0,0,0,0,0
900000133,900000133,0,0,0,0,0,0,0,0,0,0
900000134,900000134,0,0,0,0,0,0,0,0,0,0
900000135,900000135,0,0,0,0,0,0,0,0,0,0
900000136,900000136,0,0,0,0,0,0,0,0,0,0
900000137,900000137,0,0,0,0,0,0,0,0,0,0
900000138,900000138,0,0,0,0,0,0,0,0,0,0
900000139,900000139,0,0,0,0,0,0,0,0,0,0
900000140,900000140,0,0,0,0,0,0,0,0,0,0
900000141,900000141,0,0,0,0,0,0,0,0,0,0
900000142,900000142,0,0,0,0,0,0,0,0,0,0
900000143,900000143,0,0,0,0,0,0,0,0,0,0
900000144,900000144,0,0,0,0,0,0,0,0,0,0
900000145,900000145,0,0,0,0,0,0,0,0,0,0
900000146,900000146,0,0,0,0,0,0,0,0,0,0
900000147,900000147,0,0,0,0,0,0,0,0,0,0
900000148,900000148,0,0,0,0,0,0,0,0,0,0
900000149,900000149,0,0,0,0,0,0,0,0,0,0
900000150,900000150,0,0,0,0,0,0,0,0,0,0
900000151,900000151,0,0,0,0,0,0,0,0,0,0
900000152,900000152,0,0,0,0,0,0,0,0,0,0
900000153,900000153,0,0,0,0,0,0,0,0,0,0
900000158,900000158,0,0,0,0,0,0,0,0,0,0
900000159,900000159,0,0,0,0,0,0,0,0,0,0
900000160,900000160,0,0,0,0,0,0,0,0,0,0
900000161,900000161,0,0,0,0,0,0,0,0,0,0
910000001,910000001,0,0,0,0,0,0,0,0,0,0
910000002,910000002,0,0,0,0,0,0,0,0,0,0
910000003,910000003,0,0,0,0,0,0,0,0,0,0
910000004,910000004,0,0,0,0,0,0,0,0,0,0
910000005,910000005,0,0,0,0,0,0,0,0,0,0
910000006,910000006,0,0,0,0,0,0,0,0,0,0
910000007,910000007,0,0,0,0,0,0,0,0,0,0
910000008,910000008,0,0,0,0,0,0,0,0,0,0
910000009,910000009,0,0,0,0,0,0,0,0,0,0
910000010,910000010,0,0,0,0,0,0,0,0,0,0
910000011,910000011,0,0,0,0,0,0,0,0,0,0
910000012,910000012,0,0,0,0,0,0,0,0,0,0
910000013,910000013,0,0,0,0,0,0,0,0,0,0
910000014,910000014,0,0,0,0,0,0,0,0,0,0
910000015,910000015,0,0,0,0,0,0,0,0,0,0
910000016,910000016,0,0,0,0,0,0,0,0,0,0
910000017,910000017,0,0,0,0,0,0,0,0,0,0
910000018,910000018,0,0,0,0,0,0,0,0,0,0
910000019,910000019,0,0,0,0,0,0,0,0,0,0
910000020,910000020,0,0,0,0,0,0,0,0,0,0
910000021,910000021,0,0,0,0,0,0,0,0,0,0
910000022,910000022,0,0,0,0,0,0,0,0,0,0
910000023,910000023,0,0,0,0,0,0,0,0,0,0
910000024,910000024,0,0,0,0,0,0,0,0,0,0
910000025,910000025,0,0,0,0,0,0,0,0,0,0
910000026,910000026,0,0,0,0,0,0,0,0,0,0
910000027,910000027,0,0,0,0,0,0,0,0,0,0
910000028,910000028,0,0,0,0,0,0,0,0,0,0
910000029,910000029,0,0,0,0,0,0,0,0,0,0
910000030,910000030,0,0,0,0,0,0,0,0,0,0
910000031,910000031,0,0,0,0,0,0,0,0,0,0
910000032,910000032,0,0,0,0,0,0,0,0,0,0
910000033,910000033,0,0,0,0,0,0,0,0,0,0
910000034,910000034,0,0,0,0,0,0,0,0,0,0
910000035,910000035,0,0,0,0,0,0,0,0,0,0
910000036,910000036,0,0,0,0,0,0,0,0,0,0
910000037,910000037,0,0,0,0,0,0,0,0,0,0
910000038,910000038,0,0,0,0,0,0,0,0,0,0
910000039,910000039,0,0,0,0,0,0,0,0,0,0
910000040,910000040,0,0,0,0,0,0,0,0,0,0
910000041,910000041,0,0,0,0,0,0,0,0,0,0
910000042,910000042,0,0,0,0,0,0,0,0,0,0
910000043,910000043,0,0,0,0,0,0,0,0,0,0
910000044,910000044,0,0,0,0,0,0,0,0,0,0
910000045,910000045,0,0,0,0,0,0,0,0,0,0
910000046,910000046,0,0,0,0,0,0,0,0,0,0
910000047,910000047,0,0,0,0,0,0,0,0,0,0
910000048,910000048,0,0,0,0,0,0,0,0,0,0
910000049,910000049,0,0,0,0,0,0,0,0,0,0
910000050,910000050,0,0,0,0,0,0,0,0,0,0
910000051,910000051,0,0,0,0,0,0,0,0,0,0
910000052,910000052,0,0,0,0,0,0,0,0,0,0
910000053,910000053,0,0,0,0,0,0,0,0,0,0
910000054,910000054,0,0,0,0,0,0,0,0,0,0
910000055,910000055,0,0,0,0,0,0,0,0,0,0
910000056,910000056,0,0,0,0,0,0,0,0,0,0
910000057,910000057,0,0,0,0,0,0,0,0,0,0
910000058,910000058,0,0,0,0,0,0,0,0,0,0
910000059,910000059,0,0,0,0,0,0,0,0,0,0
910000060,910000060,0,0,0,0,0,0,0,0,0,0
910000061,910000061,0,0,0,0,0,0,0,0,0,0
910000062,910000062,0,0,0,0,0,0,0,0,0,0
910000063,910000063,0,0,0,0,0,0,0,0,0,0
910000064,910000064,0,0,0,0,0,0,0,0,0,0
910000065,910000065,0,0,0,0,0,0,0,0,0,0
910000066,910000066,0,0,0,0,0,0,0,0,0,0
910000067,910000067,0,0,0,0,0,0,0,0,0,0
910000068,910000068,0,0,0,0,0,0,0,0,0,0
910000069,910000069,0,0,0,0,0,0,0,0,0,0
910000070,910000070,0,0,0,0,0,0,0,0,0,0
910000071,910000071,0,0,0,0,0,0,0,0,0,0
910000072,910000072,0,0,0,0,0,0,0,0,0,0
910000073,910000073,0,0,0,0,0,0,0,0,0,0
910000074,910000074,0,0,0,0,0,0,0,0,0,0
910000075,910000075,0,0,0,0,0,0,0,0,0,0
910000076,910000076,0,0,0,0,0,0,0,0,0,0
910000077,910000077,0,0,0,0,0,0,0,0,0,0
910000078,910000078,0,0,0,0,0,0,0,0,0,0
910000079,910000079,0,0,0,0,0,0,0,0,0,0
910000080,910000080,0,0,0,0,0,0,0,0,0,0
910000081,910000081,0,0,0,0,0,0,0,0,0,0
910000082,910000082,0,0,0,0,0,0,0,0,0,0
