id,text_name,text_description,resource_id,effect_target,source_type,source_main,source_sub1,source_sub2,group_id,op_type,op_value,effect_time,max_effect_time,limit_job_lv,date_display_flag,open_date,close_date
10001,16100007,16110006,791300005,3,1,101,6,0,1,2,0.2,60,5940,0,1,2021-10-01T00:00:00,2100-01-01T00:00:00
10002,16100007,16110006,791300005,3,1,502,6,0,1,2,0.2,60,5940,0,1,2021-10-01T00:00:00,2100-01-01T00:00:00
10003,16100007,16110006,791300005,3,1,503,6,0,1,2,0.2,60,5940,0,1,2021-10-01T00:00:00,2100-01-01T00:00:00
10004,16100007,16110006,791300005,3,1,504,6,0,1,2,0.2,60,5940,0,1,2021-10-01T00:00:00,2100-01-01T00:00:00
10005,16100007,16110006,791300005,3,1,505,6,0,1,2,0.2,60,5940,0,1,2021-10-01T00:00:00,2100-01-01T00:00:00
10006,16100007,16110006,791300005,3,1,506,6,0,1,2,0.2,60,5940,0,1,2021-10-01T00:00:00,2100-01-01T00:00:00
10007,16100007,16110006,791300005,3,1,508,6,0,1,2,0.2,60,5940,0,1,2021-10-01T00:00:00,2100-01-01T00:00:00
10008,16100007,16110006,791300005,3,1,509,6,0,1,2,0.2,60,5940,0,1,2021-10-01T00:00:00,2100-01-01T00:00:00
10009,16100007,16110006,791300005,3,1,510,6,0,1,2,0.2,60,5940,0,1,2021-10-01T00:00:00,2100-01-01T00:00:00
10010,16100007,16110006,791300005,3,1,511,6,0,1,2,0.2,60,5940,0,1,2021-10-01T00:00:00,2100-01-01T00:00:00
10011,16100007,16110006,791300005,3,1,512,6,0,1,2,0.2,60,5940,0,1,2021-10-01T00:00:00,2100-01-01T00:00:00
10012,16100007,16110006,791300005,3,1,513,6,0,1,2,0.2,60,5940,0,1,2021-10-01T00:00:00,2100-01-01T00:00:00
10013,16100007,16110006,791300005,3,1,514,6,0,1,2,0.2,60,5940,0,1,2021-10-01T00:00:00,2100-01-01T00:00:00
10014,16100007,16110006,791300005,3,1,515,6,0,1,2,0.2,60,5940,0,1,2021-10-01T00:00:00,2100-01-01T00:00:00
10015,16100007,16110006,791300005,3,1,518,6,0,1,2,0.2,60,5940,0,1,2021-10-01T00:00:00,2100-01-01T00:00:00
10016,16100007,16110006,791300005,3,1,519,6,0,1,2,0.2,60,5940,0,1,2021-10-01T00:00:00,2100-01-01T00:00:00
10017,16100007,16110006,791300005,3,1,520,6,0,1,2,0.2,60,5940,0,1,2021-10-01T00:00:00,2100-01-01T00:00:00
10018,16100008,16110007,791300003,3,1,101,5,3,1,2,0.2,60,5940,0,1,2021-10-01T00:00:00,2100-01-01T00:00:00
10019,16100008,16110007,791300003,3,1,502,5,3,1,2,0.2,60,5940,0,1,2021-10-01T00:00:00,2100-01-01T00:00:00
10020,16100008,16110007,791300003,3,1,503,5,3,1,2,0.2,60,5940,0,1,2021-10-01T00:00:00,2100-01-01T00:00:00
10021,16100008,16110007,791300003,3,1,504,5,3,1,2,0.2,60,5940,0,1,2021-10-01T00:00:00,2100-01-01T00:00:00
10022,16100008,16110007,791300003,3,1,505,5,3,1,2,0.2,60,5940,0,1,2021-10-01T00:00:00,2100-01-01T00:00:00
10023,16100008,16110007,791300003,3,1,506,5,3,1,2,0.2,60,5940,0,1,2021-10-01T00:00:00,2100-01-01T00:00:00
10024,16100008,16110007,791300003,3,1,508,5,3,1,2,0.2,60,5940,0,1,2021-10-01T00:00:00,2100-01-01T00:00:00
10025,16100008,16110007,791300003,3,1,509,5,3,1,2,0.2,60,5940,0,1,2021-10-01T00:00:00,2100-01-01T00:00:00
10026,16100008,16110007,791300003,3,1,510,5,3,1,2,0.2,60,5940,0,1,2021-10-01T00:00:00,2100-01-01T00:00:00
10027,16100008,16110007,791300003,3,1,511,5,3,1,2,0.2,60,5940,0,1,2021-10-01T00:00:00,2100-01-01T00:00:00
10028,16100008,16110007,791300003,3,1,512,5,3,1,2,0.2,60,5940,0,1,2021-10-01T00:00:00,2100-01-01T00:00:00
10029,16100008,16110007,791300003,3,1,513,5,3,1,2,0.2,60,5940,0,1,2021-10-01T00:00:00,2100-01-01T00:00:00
10030,16100008,16110007,791300003,3,1,514,5,3,1,2,0.2,60,5940,0,1,2021-10-01T00:00:00,2100-01-01T00:00:00
10031,16100008,16110007,791300003,3,1,515,5,3,1,2,0.2,60,5940,0,1,2021-10-01T00:00:00,2100-01-01T00:00:00
10032,16100008,16110007,791300003,3,1,518,5,3,1,2,0.2,60,5940,0,1,2021-10-01T00:00:00,2100-01-01T00:00:00
10033,16100008,16110007,791300003,3,1,519,5,3,1,2,0.2,60,5940,0,1,2021-10-01T00:00:00,2100-01-01T00:00:00
10034,16100008,16110007,791300003,3,1,520,5,3,1,2,0.2,60,5940,0,1,2021-10-01T00:00:00,2100-01-01T00:00:00
10035,16100009,16110008,791300001,3,1,101,2,0,1,2,0.2,60,5940,0,1,2021-10-01T00:00:00,2100-01-01T00:00:00
10036,16100009,16110008,791300001,3,1,502,2,0,1,2,0.2,60,5940,0,1,2021-10-01T00:00:00,2100-01-01T00:00:00
10037,16100009,16110008,791300001,3,1,503,2,0,1,2,0.2,60,5940,0,1,2021-10-01T00:00:00,2100-01-01T00:00:00
10038,16100009,16110008,791300001,3,1,504,2,0,1,2,0.2,60,5940,0,1,2021-10-01T00:00:00,2100-01-01T00:00:00
10039,16100009,16110008,791300001,3,1,505,2,0,1,2,0.2,60,5940,0,1,2021-10-01T00:00:00,2100-01-01T00:00:00
10040,16100009,16110008,791300001,3,1,506,2,0,1,2,0.2,60,5940,0,1,2021-10-01T00:00:00,2100-01-01T00:00:00
10041,16100009,16110008,791300001,3,1,508,2,0,1,2,0.2,60,5940,0,1,2021-10-01T00:00:00,2100-01-01T00:00:00
10042,16100009,16110008,791300001,3,1,509,2,0,1,2,0.2,60,5940,0,1,2021-10-01T00:00:00,2100-01-01T00:00:00
10043,16100009,16110008,791300001,3,1,510,2,0,1,2,0.2,60,5940,0,1,2021-10-01T00:00:00,2100-01-01T00:00:00
10044,16100009,16110008,791300001,3,1,511,2,0,1,2,0.2,60,5940,0,1,2021-10-01T00:00:00,2100-01-01T00:00:00
10045,16100009,16110008,791300001,3,1,512,2,0,1,2,0.2,60,5940,0,1,2021-10-01T00:00:00,2100-01-01T00:00:00
10046,16100009,16110008,791300001,3,1,513,2,0,1,2,0.2,60,5940,0,1,2021-10-01T00:00:00,2100-01-01T00:00:00
10047,16100009,16110008,791300001,3,1,514,2,0,1,2,0.2,60,5940,0,1,2021-10-01T00:00:00,2100-01-01T00:00:00
10048,16100009,16110008,791300001,3,1,515,2,0,1,2,0.2,60,5940,0,1,2021-10-01T00:00:00,2100-01-01T00:00:00
10049,16100009,16110008,791300001,3,1,518,2,0,1,2,0.2,60,5940,0,1,2021-10-01T00:00:00,2100-01-01T00:00:00
10050,16100009,16110008,791300001,3,1,519,2,0,1,2,0.2,60,5940,0,1,2021-10-01T00:00:00,2100-01-01T00:00:00
10051,16100009,16110008,791300001,3,1,520,2,0,1,2,0.2,60,5940,0,1,2021-10-01T00:00:00,2100-01-01T00:00:00
10052,16100010,16110009,791300004,3,1,101,5,1,1,2,0.2,60,5940,0,1,2021-10-01T00:00:00,2100-01-01T00:00:00
10053,16100010,16110009,791300004,3,1,502,5,1,1,2,0.2,60,5940,0,1,2021-10-01T00:00:00,2100-01-01T00:00:00
10054,16100010,16110009,791300004,3,1,503,5,1,1,2,0.2,60,5940,0,1,2021-10-01T00:00:00,2100-01-01T00:00:00
10055,16100010,16110009,791300004,3,1,504,5,1,1,2,0.2,60,5940,0,1,2021-10-01T00:00:00,2100-01-01T00:00:00
10056,16100010,16110009,791300004,3,1,505,5,1,1,2,0.2,60,5940,0,1,2021-10-01T00:00:00,2100-01-01T00:00:00
10057,16100010,16110009,791300004,3,1,506,5,1,1,2,0.2,60,5940,0,1,2021-10-01T00:00:00,2100-01-01T00:00:00
10058,16100010,16110009,791300004,3,1,508,5,1,1,2,0.2,60,5940,0,1,2021-10-01T00:00:00,2100-01-01T00:00:00
10059,16100010,16110009,791300004,3,1,509,5,1,1,2,0.2,60,5940,0,1,2021-10-01T00:00:00,2100-01-01T00:00:00
10060,16100010,16110009,791300004,3,1,510,5,1,1,2,0.2,60,5940,0,1,2021-10-01T00:00:00,2100-01-01T00:00:00
10061,16100010,16110009,791300004,3,1,511,5,1,1,2,0.2,60,5940,0,1,2021-10-01T00:00:00,2100-01-01T00:00:00
10062,16100010,16110009,791300004,3,1,512,5,1,1,2,0.2,60,5940,0,1,2021-10-01T00:00:00,2100-01-01T00:00:00
10063,16100010,16110009,791300004,3,1,513,5,1,1,2,0.2,60,5940,0,1,2021-10-01T00:00:00,2100-01-01T00:00:00
10064,16100010,16110009,791300004,3,1,514,5,1,1,2,0.2,60,5940,0,1,2021-10-01T00:00:00,2100-01-01T00:00:00
10065,16100010,16110009,791300004,3,1,515,5,1,1,2,0.2,60,5940,0,1,2021-10-01T00:00:00,2100-01-01T00:00:00
10066,16100010,16110009,791300004,3,1,518,5,1,1,2,0.2,60,5940,0,1,2021-10-01T00:00:00,2100-01-01T00:00:00
10067,16100010,16110009,791300004,3,1,519,5,1,1,2,0.2,60,5940,0,1,2021-10-01T00:00:00,2100-01-01T00:00:00
10068,16100010,16110009,791300004,3,1,520,5,1,1,2,0.2,60,5940,0,1,2021-10-01T00:00:00,2100-01-01T00:00:00
10069,16100010,16110009,791300004,3,1,101,5,2,1,2,0.2,60,5940,0,1,2021-10-01T00:00:00,2100-01-01T00:00:00
10070,16100010,16110009,791300004,3,1,502,5,2,1,2,0.2,60,5940,0,1,2021-10-01T00:00:00,2100-01-01T00:00:00
10071,16100010,16110009,791300004,3,1,503,5,2,1,2,0.2,60,5940,0,1,2021-10-01T00:00:00,2100-01-01T00:00:00
10072,16100010,16110009,791300004,3,1,504,5,2,1,2,0.2,60,5940,0,1,2021-10-01T00:00:00,2100-01-01T00:00:00
10073,16100010,16110009,791300004,3,1,505,5,2,1,2,0.2,60,5940,0,1,2021-10-01T00:00:00,2100-01-01T00:00:00
10074,16100010,16110009,791300004,3,1,506,5,2,1,2,0.2,60,5940,0,1,2021-10-01T00:00:00,2100-01-01T00:00:00
10075,16100010,16110009,791300004,3,1,508,5,2,1,2,0.2,60,5940,0,1,2021-10-01T00:00:00,2100-01-01T00:00:00
10076,16100010,16110009,791300004,3,1,509,5,2,1,2,0.2,60,5940,0,1,2021-10-01T00:00:00,2100-01-01T00:00:00
10077,16100010,16110009,791300004,3,1,510,5,2,1,2,0.2,60,5940,0,1,2021-10-01T00:00:00,2100-01-01T00:00:00
10078,16100010,16110009,791300004,3,1,511,5,2,1,2,0.2,60,5940,0,1,2021-10-01T00:00:00,2100-01-01T00:00:00
10079,16100010,16110009,791300004,3,1,512,5,2,1,2,0.2,60,5940,0,1,2021-10-01T00:00:00,2100-01-01T00:00:00
10080,16100010,16110009,791300004,3,1,513,5,2,1,2,0.2,60,5940,0,1,2021-10-01T00:00:00,2100-01-01T00:00:00
10081,16100010,16110009,791300004,3,1,514,5,2,1,2,0.2,60,5940,0,1,2021-10-01T00:00:00,2100-01-01T00:00:00
10082,16100010,16110009,791300004,3,1,515,5,2,1,2,0.2,60,5940,0,1,2021-10-01T00:00:00,2100-01-01T00:00:00
10083,16100010,16110009,791300004,3,1,518,5,2,1,2,0.2,60,5940,0,1,2021-10-01T00:00:00,2100-01-01T00:00:00
10084,16100010,16110009,791300004,3,1,519,5,2,1,2,0.2,60,5940,0,1,2021-10-01T00:00:00,2100-01-01T00:00:00
10085,16100010,16110009,791300004,3,1,520,5,2,1,2,0.2,60,5940,0,1,2021-10-01T00:00:00,2100-01-01T00:00:00
10086,16100011,16110010,791300002,3,1,101,1,0,1,2,0.2,60,5940,0,1,2021-10-01T00:00:00,2100-01-01T00:00:00
10087,16100011,16110010,791300002,3,1,502,1,0,1,2,0.2,60,5940,0,1,2021-10-01T00:00:00,2100-01-01T00:00:00
10088,16100011,16110010,791300002,3,1,503,1,0,1,2,0.2,60,5940,0,1,2021-10-01T00:00:00,2100-01-01T00:00:00
10089,16100011,16110010,791300002,3,1,504,1,0,1,2,0.2,60,5940,0,1,2021-10-01T00:00:00,2100-01-01T00:00:00
10090,16100011,16110010,791300002,3,1,505,1,0,1,2,0.2,60,5940,0,1,2021-10-01T00:00:00,2100-01-01T00:00:00
10091,16100011,16110010,791300002,3,1,506,1,0,1,2,0.2,60,5940,0,1,2021-10-01T00:00:00,2100-01-01T00:00:00
10092,16100011,16110010,791300002,3,1,508,1,0,1,2,0.2,60,5940,0,1,2021-10-01T00:00:00,2100-01-01T00:00:00
10093,16100011,16110010,791300002,3,1,509,1,0,1,2,0.2,60,5940,0,1,2021-10-01T00:00:00,2100-01-01T00:00:00
10094,16100011,16110010,791300002,3,1,510,1,0,1,2,0.2,60,5940,0,1,2021-10-01T00:00:00,2100-01-01T00:00:00
10095,16100011,16110010,791300002,3,1,511,1,0,1,2,0.2,60,5940,0,1,2021-10-01T00:00:00,2100-01-01T00:00:00
10096,16100011,16110010,791300002,3,1,512,1,0,1,2,0.2,60,5940,0,1,2021-10-01T00:00:00,2100-01-01T00:00:00
10097,16100011,16110010,791300002,3,1,513,1,0,1,2,0.2,60,5940,0,1,2021-10-01T00:00:00,2100-01-01T00:00:00
10098,16100011,16110010,791300002,3,1,514,1,0,1,2,0.2,60,5940,0,1,2021-10-01T00:00:00,2100-01-01T00:00:00
10099,16100011,16110010,791300002,3,1,515,1,0,1,2,0.2,60,5940,0,1,2021-10-01T00:00:00,2100-01-01T00:00:00
10100,16100011,16110010,791300002,3,1,518,1,0,1,2,0.2,60,5940,0,1,2021-10-01T00:00:00,2100-01-01T00:00:00
10101,16100011,16110010,791300002,3,1,519,1,0,1,2,0.2,60,5940,0,1,2021-10-01T00:00:00,2100-01-01T00:00:00
10102,16100011,16110010,791300002,3,1,520,1,0,1,2,0.2,60,5940,0,1,2021-10-01T00:00:00,2100-01-01T00:00:00
10103,16100012,16110006,791300005,1,1,101,6,0,1,2,0.2,60,5940,0,1,2021-10-01T00:00:00,2100-01-01T00:00:00
10104,16100012,16110006,791300005,1,1,502,6,0,1,2,0.2,60,5940,0,1,2021-10-01T00:00:00,2100-01-01T00:00:00
10105,16100012,16110006,791300005,1,1,503,6,0,1,2,0.2,60,5940,0,1,2021-10-01T00:00:00,2100-01-01T00:00:00
10106,16100012,16110006,791300005,1,1,504,6,0,1,2,0.2,60,5940,0,1,2021-10-01T00:00:00,2100-01-01T00:00:00
10107,16100012,16110006,791300005,1,1,505,6,0,1,2,0.2,60,5940,0,1,2021-10-01T00:00:00,2100-01-01T00:00:00
10108,16100012,16110006,791300005,1,1,506,6,0,1,2,0.2,60,5940,0,1,2021-10-01T00:00:00,2100-01-01T00:00:00
10109,16100012,16110006,791300005,1,1,508,6,0,1,2,0.2,60,5940,0,1,2021-10-01T00:00:00,2100-01-01T00:00:00
10110,16100012,16110006,791300005,1,1,509,6,0,1,2,0.2,60,5940,0,1,2021-10-01T00:00:00,2100-01-01T00:00:00
10111,16100012,16110006,791300005,1,1,510,6,0,1,2,0.2,60,5940,0,1,2021-10-01T00:00:00,2100-01-01T00:00:00
10112,16100012,16110006,791300005,1,1,511,6,0,1,2,0.2,60,5940,0,1,2021-10-01T00:00:00,2100-01-01T00:00:00
10113,16100012,16110006,791300005,1,1,512,6,0,1,2,0.2,60,5940,0,1,2021-10-01T00:00:00,2100-01-01T00:00:00
10114,16100012,16110006,791300005,1,1,513,6,0,1,2,0.2,60,5940,0,1,2021-10-01T00:00:00,2100-01-01T00:00:00
10115,16100012,16110006,791300005,1,1,514,6,0,1,2,0.2,60,5940,0,1,2021-10-01T00:00:00,2100-01-01T00:00:00
10116,16100012,16110006,791300005,1,1,515,6,0,1,2,0.2,60,5940,0,1,2021-10-01T00:00:00,2100-01-01T00:00:00
10117,16100012,16110006,791300005,1,1,518,6,0,1,2,0.2,60,5940,0,1,2021-10-01T00:00:00,2100-01-01T00:00:00
10118,16100012,16110006,791300005,1,1,519,6,0,1,2,0.2,60,5940,0,1,2021-10-01T00:00:00,2100-01-01T00:00:00
10119,16100012,16110006,791300005,1,1,520,6,0,1,2,0.2,60,5940,0,1,2021-10-01T00:00:00,2100-01-01T00:00:00
10120,16100013,16110007,791300003,1,1,101,5,3,1,2,0.2,60,5940,0,1,2021-10-01T00:00:00,2100-01-01T00:00:00
10121,16100013,16110007,791300003,1,1,502,5,3,1,2,0.2,60,5940,0,1,2021-10-01T00:00:00,2100-01-01T00:00:00
10122,16100013,16110007,791300003,1,1,503,5,3,1,2,0.2,60,5940,0,1,2021-10-01T00:00:00,2100-01-01T00:00:00
10123,16100013,16110007,791300003,1,1,504,5,3,1,2,0.2,60,5940,0,1,2021-10-01T00:00:00,2100-01-01T00:00:00
10124,16100013,16110007,791300003,1,1,505,5,3,1,2,0.2,60,5940,0,1,2021-10-01T00:00:00,2100-01-01T00:00:00
10125,16100013,16110007,791300003,1,1,506,5,3,1,2,0.2,60,5940,0,1,2021-10-01T00:00:00,2100-01-01T00:00:00
10126,16100013,16110007,791300003,1,1,508,5,3,1,2,0.2,60,5940,0,1,2021-10-01T00:00:00,2100-01-01T00:00:00
10127,16100013,16110007,791300003,1,1,509,5,3,1,2,0.2,60,5940,0,1,2021-10-01T00:00:00,2100-01-01T00:00:00
10128,16100013,16110007,791300003,1,1,510,5,3,1,2,0.2,60,5940,0,1,2021-10-01T00:00:00,2100-01-01T00:00:00
10129,16100013,16110007,791300003,1,1,511,5,3,1,2,0.2,60,5940,0,1,2021-10-01T00:00:00,2100-01-01T00:00:00
10130,16100013,16110007,791300003,1,1,512,5,3,1,2,0.2,60,5940,0,1,2021-10-01T00:00:00,2100-01-01T00:00:00
10131,16100013,16110007,791300003,1,1,513,5,3,1,2,0.2,60,5940,0,1,2021-10-01T00:00:00,2100-01-01T00:00:00
10132,16100013,16110007,791300003,1,1,514,5,3,1,2,0.2,60,5940,0,1,2021-10-01T00:00:00,2100-01-01T00:00:00
10133,16100013,16110007,791300003,1,1,515,5,3,1,2,0.2,60,5940,0,1,2021-10-01T00:00:00,2100-01-01T00:00:00
10134,16100013,16110007,791300003,1,1,518,5,3,1,2,0.2,60,5940,0,1,2021-10-01T00:00:00,2100-01-01T00:00:00
10135,16100013,16110007,791300003,1,1,519,5,3,1,2,0.2,60,5940,0,1,2021-10-01T00:00:00,2100-01-01T00:00:00
10136,16100013,16110007,791300003,1,1,520,5,3,1,2,0.2,60,5940,0,1,2021-10-01T00:00:00,2100-01-01T00:00:00
10137,16100014,16110008,791300001,1,1,101,2,0,1,2,0.2,60,5940,0,1,2021-10-01T00:00:00,2100-01-01T00:00:00
10138,16100014,16110008,791300001,1,1,502,2,0,1,2,0.2,60,5940,0,1,2021-10-01T00:00:00,2100-01-01T00:00:00
10139,16100014,16110008,791300001,1,1,503,2,0,1,2,0.2,60,5940,0,1,2021-10-01T00:00:00,2100-01-01T00:00:00
10140,16100014,16110008,791300001,1,1,504,2,0,1,2,0.2,60,5940,0,1,2021-10-01T00:00:00,2100-01-01T00:00:00
10141,16100014,16110008,791300001,1,1,505,2,0,1,2,0.2,60,5940,0,1,2021-10-01T00:00:00,2100-01-01T00:00:00
10142,16100014,16110008,791300001,1,1,506,2,0,1,2,0.2,60,5940,0,1,2021-10-01T00:00:00,2100-01-01T00:00:00
10143,16100014,16110008,791300001,1,1,508,2,0,1,2,0.2,60,5940,0,1,2021-10-01T00:00:00,2100-01-01T00:00:00
10144,16100014,16110008,791300001,1,1,509,2,0,1,2,0.2,60,5940,0,1,2021-10-01T00:00:00,2100-01-01T00:00:00
10145,16100014,16110008,791300001,1,1,510,2,0,1,2,0.2,60,5940,0,1,2021-10-01T00:00:00,2100-01-01T00:00:00
10146,16100014,16110008,791300001,1,1,511,2,0,1,2,0.2,60,5940,0,1,2021-10-01T00:00:00,2100-01-01T00:00:00
10147,16100014,16110008,791300001,1,1,512,2,0,1,2,0.2,60,5940,0,1,2021-10-01T00:00:00,2100-01-01T00:00:00
10148,16100014,16110008,791300001,1,1,513,2,0,1,2,0.2,60,5940,0,1,2021-10-01T00:00:00,2100-01-01T00:00:00
10149,16100014,16110008,791300001,1,1,514,2,0,1,2,0.2,60,5940,0,1,2021-10-01T00:00:00,2100-01-01T00:00:00
10150,16100014,16110008,791300001,1,1,515,2,0,1,2,0.2,60,5940,0,1,2021-10-01T00:00:00,2100-01-01T00:00:00
10151,16100014,16110008,791300001,1,1,518,2,0,1,2,0.2,60,5940,0,1,2021-10-01T00:00:00,2100-01-01T00:00:00
10152,16100014,16110008,791300001,1,1,519,2,0,1,2,0.2,60,5940,0,1,2021-10-01T00:00:00,2100-01-01T00:00:00
10153,16100014,16110008,791300001,1,1,520,2,0,1,2,0.2,60,5940,0,1,2021-10-01T00:00:00,2100-01-01T00:00:00
10154,16100015,16110009,791300004,1,1,101,5,1,1,2,0.2,60,5940,0,1,2021-10-01T00:00:00,2100-01-01T00:00:00
10155,16100015,16110009,791300004,1,1,502,5,1,1,2,0.2,60,5940,0,1,2021-10-01T00:00:00,2100-01-01T00:00:00
10156,16100015,16110009,791300004,1,1,503,5,1,1,2,0.2,60,5940,0,1,2021-10-01T00:00:00,2100-01-01T00:00:00
10157,16100015,16110009,791300004,1,1,504,5,1,1,2,0.2,60,5940,0,1,2021-10-01T00:00:00,2100-01-01T00:00:00
10158,16100015,16110009,791300004,1,1,505,5,1,1,2,0.2,60,5940,0,1,2021-10-01T00:00:00,2100-01-01T00:00:00
10159,16100015,16110009,791300004,1,1,506,5,1,1,2,0.2,60,5940,0,1,2021-10-01T00:00:00,2100-01-01T00:00:00
10160,16100015,16110009,791300004,1,1,508,5,1,1,2,0.2,60,5940,0,1,2021-10-01T00:00:00,2100-01-01T00:00:00
10161,16100015,16110009,791300004,1,1,509,5,1,1,2,0.2,60,5940,0,1,2021-10-01T00:00:00,2100-01-01T00:00:00
10162,16100015,16110009,791300004,1,1,510,5,1,1,2,0.2,60,5940,0,1,2021-10-01T00:00:00,2100-01-01T00:00:00
10163,16100015,16110009,791300004,1,1,511,5,1,1,2,0.2,60,5940,0,1,2021-10-01T00:00:00,2100-01-01T00:00:00
10164,16100015,16110009,791300004,1,1,512,5,1,1,2,0.2,60,5940,0,1,2021-10-01T00:00:00,2100-01-01T00:00:00
10165,16100015,16110009,791300004,1,1,513,5,1,1,2,0.2,60,5940,0,1,2021-10-01T00:00:00,2100-01-01T00:00:00
10166,16100015,16110009,791300004,1,1,514,5,1,1,2,0.2,60,5940,0,1,2021-10-01T00:00:00,2100-01-01T00:00:00
10167,16100015,16110009,791300004,1,1,515,5,1,1,2,0.2,60,5940,0,1,2021-10-01T00:00:00,2100-01-01T00:00:00
10168,16100015,16110009,791300004,1,1,518,5,1,1,2,0.2,60,5940,0,1,2021-10-01T00:00:00,2100-01-01T00:00:00
10169,16100015,16110009,791300004,1,1,519,5,1,1,2,0.2,60,5940,0,1,2021-10-01T00:00:00,2100-01-01T00:00:00
10170,16100015,16110009,791300004,1,1,520,5,1,1,2,0.2,60,5940,0,1,2021-10-01T00:00:00,2100-01-01T00:00:00
10171,16100015,16110009,791300004,1,1,101,5,2,1,2,0.2,60,5940,0,1,2021-10-01T00:00:00,2100-01-01T00:00:00
10172,16100015,16110009,791300004,1,1,502,5,2,1,2,0.2,60,5940,0,1,2021-10-01T00:00:00,2100-01-01T00:00:00
10173,16100015,16110009,791300004,1,1,503,5,2,1,2,0.2,60,5940,0,1,2021-10-01T00:00:00,2100-01-01T00:00:00
10174,16100015,16110009,791300004,1,1,504,5,2,1,2,0.2,60,5940,0,1,2021-10-01T00:00:00,2100-01-01T00:00:00
10175,16100015,16110009,791300004,1,1,505,5,2,1,2,0.2,60,5940,0,1,2021-10-01T00:00:00,2100-01-01T00:00:00
10176,16100015,16110009,791300004,1,1,506,5,2,1,2,0.2,60,5940,0,1,2021-10-01T00:00:00,2100-01-01T00:00:00
10177,16100015,16110009,791300004,1,1,508,5,2,1,2,0.2,60,5940,0,1,2021-10-01T00:00:00,2100-01-01T00:00:00
10178,16100015,16110009,791300004,1,1,509,5,2,1,2,0.2,60,5940,0,1,2021-10-01T00:00:00,2100-01-01T00:00:00
10179,16100015,16110009,791300004,1,1,510,5,2,1,2,0.2,60,5940,0,1,2021-10-01T00:00:00,2100-01-01T00:00:00
10180,16100015,16110009,791300004,1,1,511,5,2,1,2,0.2,60,5940,0,1,2021-10-01T00:00:00,2100-01-01T00:00:00
10181,16100015,16110009,791300004,1,1,512,5,2,1,2,0.2,60,5940,0,1,2021-10-01T00:00:00,2100-01-01T00:00:00
10182,16100015,16110009,791300004,1,1,513,5,2,1,2,0.2,60,5940,0,1,2021-10-01T00:00:00,2100-01-01T00:00:00
10183,16100015,16110009,791300004,1,1,514,5,2,1,2,0.2,60,5940,0,1,2021-10-01T00:00:00,2100-01-01T00:00:00
10184,16100015,16110009,791300004,1,1,515,5,2,1,2,0.2,60,5940,0,1,2021-10-01T00:00:00,2100-01-01T00:00:00
10185,16100015,16110009,791300004,1,1,518,5,2,1,2,0.2,60,5940,0,1,2021-10-01T00:00:00,2100-01-01T00:00:00
10186,16100015,16110009,791300004,1,1,519,5,2,1,2,0.2,60,5940,0,1,2021-10-01T00:00:00,2100-01-01T00:00:00
10187,16100015,16110009,791300004,1,1,520,5,2,1,2,0.2,60,5940,0,1,2021-10-01T00:00:00,2100-01-01T00:00:00
10188,16100016,16110010,791300002,1,1,101,1,0,1,2,0.2,60,5940,0,1,2021-10-01T00:00:00,2100-01-01T00:00:00
10189,16100016,16110010,791300002,1,1,502,1,0,1,2,0.2,60,5940,0,1,2021-10-01T00:00:00,2100-01-01T00:00:00
10190,16100016,16110010,791300002,1,1,503,1,0,1,2,0.2,60,5940,0,1,2021-10-01T00:00:00,2100-01-01T00:00:00
10191,16100016,16110010,791300002,1,1,504,1,0,1,2,0.2,60,5940,0,1,2021-10-01T00:00:00,2100-01-01T00:00:00
10192,16100016,16110010,791300002,1,1,505,1,0,1,2,0.2,60,5940,0,1,2021-10-01T00:00:00,2100-01-01T00:00:00
10193,16100016,16110010,791300002,1,1,506,1,0,1,2,0.2,60,5940,0,1,2021-10-01T00:00:00,2100-01-01T00:00:00
10194,16100016,16110010,791300002,1,1,508,1,0,1,2,0.2,60,5940,0,1,2021-10-01T00:00:00,2100-01-01T00:00:00
10195,16100016,16110010,791300002,1,1,509,1,0,1,2,0.2,60,5940,0,1,2021-10-01T00:00:00,2100-01-01T00:00:00
10196,16100016,16110010,791300002,1,1,510,1,0,1,2,0.2,60,5940,0,1,2021-10-01T00:00:00,2100-01-01T00:00:00
10197,16100016,16110010,791300002,1,1,511,1,0,1,2,0.2,60,5940,0,1,2021-10-01T00:00:00,2100-01-01T00:00:00
10198,16100016,16110010,791300002,1,1,512,1,0,1,2,0.2,60,5940,0,1,2021-10-01T00:00:00,2100-01-01T00:00:00
10199,16100016,16110010,791300002,1,1,513,1,0,1,2,0.2,60,5940,0,1,2021-10-01T00:00:00,2100-01-01T00:00:00
10200,16100016,16110010,791300002,1,1,514,1,0,1,2,0.2,60,5940,0,1,2021-10-01T00:00:00,2100-01-01T00:00:00
10201,16100016,16110010,791300002,1,1,515,1,0,1,2,0.2,60,5940,0,1,2021-10-01T00:00:00,2100-01-01T00:00:00
10202,16100016,16110010,791300002,1,1,518,1,0,1,2,0.2,60,5940,0,1,2021-10-01T00:00:00,2100-01-01T00:00:00
10203,16100016,16110010,791300002,1,1,519,1,0,1,2,0.2,60,5940,0,1,2021-10-01T00:00:00,2100-01-01T00:00:00
10204,16100016,16110010,791300002,1,1,520,1,0,1,2,0.2,60,5940,0,1,2021-10-01T00:00:00,2100-01-01T00:00:00
10205,16100017,16110011,791300011,1,3,400100010,0,0,1,2,0,60,5940,0,1,2020-07-09T10:35:00,2120-07-09T10:35:00
10206,16100017,16110011,791300011,1,3,400100030,0,0,1,2,0,60,5940,0,1,2020-07-09T10:35:00,2120-07-09T10:35:00
10207,16100018,16110012,791300012,1,3,400100040,0,0,1,2,0,60,5940,0,1,2020-07-16T10:35:00,2120-07-09T10:35:00
10208,16100019,16110013,791300013,1,3,400100060,0,0,1,2,0,60,5940,0,1,2020-07-16T10:35:00,2120-07-09T10:35:00
10209,16100020,16110014,791300014,1,3,400100080,0,0,1,2,0,60,5940,0,1,2020-07-16T10:35:00,2120-07-09T10:35:00
10210,16100020,16110014,791300014,1,3,400100090,0,0,1,2,0,60,5940,0,1,2020-07-16T10:35:00,2120-07-09T10:35:00
10211,16100020,16110014,791300014,1,3,400100100,0,0,1,2,0,60,5940,0,1,2020-07-16T10:35:00,2120-07-09T10:35:00
10212,16100020,16110014,791300014,1,3,400100110,0,0,1,2,0,60,5940,0,1,2020-07-16T10:35:00,2120-07-09T10:35:00
10213,16100055,16110015,791300001,1,1,101,2,0,50,2,0.3,40320,161280,0,1,2021-10-01T00:00:00,2100-01-01T00:00:00
10214,16100055,16110015,791300001,1,1,502,2,0,50,2,0.3,40320,161280,0,1,2021-10-01T00:00:00,2100-01-01T00:00:00
10215,16100055,16110015,791300001,1,1,503,2,0,50,2,0.3,40320,161280,0,1,2021-10-01T00:00:00,2100-01-01T00:00:00
10216,16100055,16110015,791300001,1,1,504,2,0,50,2,0.3,40320,161280,0,1,2021-10-01T00:00:00,2100-01-01T00:00:00
10217,16100055,16110015,791300001,1,1,505,2,0,50,2,0.3,40320,161280,0,1,2021-10-01T00:00:00,2100-01-01T00:00:00
10218,16100055,16110015,791300001,1,1,506,2,0,50,2,0.3,40320,161280,0,1,2021-10-01T00:00:00,2100-01-01T00:00:00
10219,16100055,16110015,791300001,1,1,508,2,0,50,2,0.3,40320,161280,0,1,2021-10-01T00:00:00,2100-01-01T00:00:00
10220,16100055,16110015,791300001,1,1,509,2,0,50,2,0.3,40320,161280,0,1,2021-10-01T00:00:00,2100-01-01T00:00:00
10221,16100055,16110015,791300001,1,1,510,2,0,50,2,0.3,40320,161280,0,1,2021-10-01T00:00:00,2100-01-01T00:00:00
10222,16100055,16110015,791300001,1,1,511,2,0,50,2,0.3,40320,161280,0,1,2021-10-01T00:00:00,2100-01-01T00:00:00
10223,16100055,16110015,791300001,1,1,512,2,0,50,2,0.3,40320,161280,0,1,2021-10-01T00:00:00,2100-01-01T00:00:00
10224,16100055,16110015,791300001,1,1,513,2,0,50,2,0.3,40320,161280,0,1,2021-10-01T00:00:00,2100-01-01T00:00:00
10225,16100055,16110015,791300001,1,1,514,2,0,50,2,0.3,40320,161280,0,1,2021-10-01T00:00:00,2100-01-01T00:00:00
10226,16100055,16110015,791300001,1,1,515,2,0,50,2,0.3,40320,161280,0,1,2021-10-01T00:00:00,2100-01-01T00:00:00
10227,16100055,16110015,791300001,1,1,518,2,0,50,2,0.3,40320,161280,0,1,2021-10-01T00:00:00,2100-01-01T00:00:00
10228,16100055,16110015,791300001,1,1,519,2,0,50,2,0.3,40320,161280,0,1,2021-10-01T00:00:00,2100-01-01T00:00:00
10229,16100055,16110015,791300001,1,1,520,2,0,50,2,0.3,40320,161280,0,1,2021-10-01T00:00:00,2100-01-01T00:00:00
10230,16100056,16110016,791300002,1,1,101,1,0,50,2,0.25,40320,161280,0,1,2021-10-01T00:00:00,2100-01-01T00:00:00
10231,16100056,16110016,791300002,1,1,502,1,0,50,2,0.25,40320,161280,0,1,2021-10-01T00:00:00,2100-01-01T00:00:00
10232,16100056,16110016,791300002,1,1,503,1,0,50,2,0.25,40320,161280,0,1,2021-10-01T00:00:00,2100-01-01T00:00:00
10233,16100056,16110016,791300002,1,1,504,1,0,50,2,0.25,40320,161280,0,1,2021-10-01T00:00:00,2100-01-01T00:00:00
10234,16100056,16110016,791300002,1,1,505,1,0,50,2,0.25,40320,161280,0,1,2021-10-01T00:00:00,2100-01-01T00:00:00
10235,16100056,16110016,791300002,1,1,506,1,0,50,2,0.25,40320,161280,0,1,2021-10-01T00:00:00,2100-01-01T00:00:00
10236,16100056,16110016,791300002,1,1,508,1,0,50,2,0.25,40320,161280,0,1,2021-10-01T00:00:00,2100-01-01T00:00:00
10237,16100056,16110016,791300002,1,1,509,1,0,50,2,0.25,40320,161280,0,1,2021-10-01T00:00:00,2100-01-01T00:00:00
10238,16100056,16110016,791300002,1,1,510,1,0,50,2,0.25,40320,161280,0,1,2021-10-01T00:00:00,2100-01-01T00:00:00
10239,16100056,16110016,791300002,1,1,511,1,0,50,2,0.25,40320,161280,0,1,2021-10-01T00:00:00,2100-01-01T00:00:00
10240,16100056,16110016,791300002,1,1,512,1,0,50,2,0.25,40320,161280,0,1,2021-10-01T00:00:00,2100-01-01T00:00:00
10241,16100056,16110016,791300002,1,1,513,1,0,50,2,0.25,40320,161280,0,1,2021-10-01T00:00:00,2100-01-01T00:00:00
10242,16100056,16110016,791300002,1,1,514,1,0,50,2,0.25,40320,161280,0,1,2021-10-01T00:00:00,2100-01-01T00:00:00
10243,16100056,16110016,791300002,1,1,515,1,0,50,2,0.25,40320,161280,0,1,2021-10-01T00:00:00,2100-01-01T00:00:00
10244,16100056,16110016,791300002,1,1,518,1,0,50,2,0.25,40320,161280,0,1,2021-10-01T00:00:00,2100-01-01T00:00:00
10245,16100056,16110016,791300002,1,1,519,1,0,50,2,0.25,40320,161280,0,1,2021-10-01T00:00:00,2100-01-01T00:00:00
10246,16100056,16110016,791300002,1,1,520,1,0,50,2,0.25,40320,161280,0,1,2021-10-01T00:00:00,2100-01-01T00:00:00
10247,16100021,16110008,791300001,1,1,101,2,0,2,2,0.2,60,5940,0,1,2021-10-01T00:00:00,2100-01-01T00:00:00
10248,16100021,16110008,791300001,1,1,502,2,0,2,2,0.2,60,5940,0,1,2021-10-01T00:00:00,2100-01-01T00:00:00
10249,16100021,16110008,791300001,1,1,503,2,0,2,2,0.2,60,5940,0,1,2021-10-01T00:00:00,2100-01-01T00:00:00
10250,16100021,16110008,791300001,1,1,504,2,0,2,2,0.2,60,5940,0,1,2021-10-01T00:00:00,2100-01-01T00:00:00
10251,16100021,16110008,791300001,1,1,505,2,0,2,2,0.2,60,5940,0,1,2021-10-01T00:00:00,2100-01-01T00:00:00
10252,16100021,16110008,791300001,1,1,506,2,0,2,2,0.2,60,5940,0,1,2021-10-01T00:00:00,2100-01-01T00:00:00
10253,16100021,16110008,791300001,1,1,508,2,0,2,2,0.2,60,5940,0,1,2021-10-01T00:00:00,2100-01-01T00:00:00
10254,16100021,16110008,791300001,1,1,509,2,0,2,2,0.2,60,5940,0,1,2021-10-01T00:00:00,2100-01-01T00:00:00
10255,16100021,16110008,791300001,1,1,510,2,0,2,2,0.2,60,5940,0,1,2021-10-01T00:00:00,2100-01-01T00:00:00
10256,16100021,16110008,791300001,1,1,511,2,0,2,2,0.2,60,5940,0,1,2021-10-01T00:00:00,2100-01-01T00:00:00
10257,16100021,16110008,791300001,1,1,512,2,0,2,2,0.2,60,5940,0,1,2021-10-01T00:00:00,2100-01-01T00:00:00
10258,16100021,16110008,791300001,1,1,513,2,0,2,2,0.2,60,5940,0,1,2021-10-01T00:00:00,2100-01-01T00:00:00
10259,16100021,16110008,791300001,1,1,514,2,0,2,2,0.2,60,5940,0,1,2021-10-01T00:00:00,2100-01-01T00:00:00
10260,16100021,16110008,791300001,1,1,515,2,0,2,2,0.2,60,5940,0,1,2021-10-01T00:00:00,2100-01-01T00:00:00
10261,16100021,16110008,791300001,1,1,518,2,0,2,2,0.2,60,5940,0,1,2021-10-01T00:00:00,2100-01-01T00:00:00
10262,16100021,16110008,791300001,1,1,519,2,0,2,2,0.2,60,5940,0,1,2021-10-01T00:00:00,2100-01-01T00:00:00
10263,16100021,16110008,791300001,1,1,520,2,0,2,2,0.2,60,5940,0,1,2021-10-01T00:00:00,2100-01-01T00:00:00
10264,16100022,16110017,791300001,1,1,101,2,0,3,2,0.4,60,5940,0,1,2021-10-01T00:00:00,2100-01-01T00:00:00
10265,16100022,16110017,791300001,1,1,502,2,0,3,2,0.4,60,5940,0,1,2021-10-01T00:00:00,2100-01-01T00:00:00
10266,16100022,16110017,791300001,1,1,503,2,0,3,2,0.4,60,5940,0,1,2021-10-01T00:00:00,2100-01-01T00:00:00
10267,16100022,16110017,791300001,1,1,504,2,0,3,2,0.4,60,5940,0,1,2021-10-01T00:00:00,2100-01-01T00:00:00
10268,16100022,16110017,791300001,1,1,505,2,0,3,2,0.4,60,5940,0,1,2021-10-01T00:00:00,2100-01-01T00:00:00
10269,16100022,16110017,791300001,1,1,506,2,0,3,2,0.4,60,5940,0,1,2021-10-01T00:00:00,2100-01-01T00:00:00
10270,16100022,16110017,791300001,1,1,508,2,0,3,2,0.4,60,5940,0,1,2021-10-01T00:00:00,2100-01-01T00:00:00
10271,16100022,16110017,791300001,1,1,509,2,0,3,2,0.4,60,5940,0,1,2021-10-01T00:00:00,2100-01-01T00:00:00
10272,16100022,16110017,791300001,1,1,510,2,0,3,2,0.4,60,5940,0,1,2021-10-01T00:00:00,2100-01-01T00:00:00
10273,16100022,16110017,791300001,1,1,511,2,0,3,2,0.4,60,5940,0,1,2021-10-01T00:00:00,2100-01-01T00:00:00
10274,16100022,16110017,791300001,1,1,512,2,0,3,2,0.4,60,5940,0,1,2021-10-01T00:00:00,2100-01-01T00:00:00
10275,16100022,16110017,791300001,1,1,513,2,0,3,2,0.4,60,5940,0,1,2021-10-01T00:00:00,2100-01-01T00:00:00
10276,16100022,16110017,791300001,1,1,514,2,0,3,2,0.4,60,5940,0,1,2021-10-01T00:00:00,2100-01-01T00:00:00
10277,16100022,16110017,791300001,1,1,515,2,0,3,2,0.4,60,5940,0,1,2021-10-01T00:00:00,2100-01-01T00:00:00
10278,16100022,16110017,791300001,1,1,518,2,0,3,2,0.4,60,5940,0,1,2021-10-01T00:00:00,2100-01-01T00:00:00
10279,16100022,16110017,791300001,1,1,519,2,0,3,2,0.4,60,5940,0,1,2021-10-01T00:00:00,2100-01-01T00:00:00
10280,16100022,16110017,791300001,1,1,520,2,0,3,2,0.4,60,5940,0,1,2021-10-01T00:00:00,2100-01-01T00:00:00
10281,16100023,16110018,791300001,1,1,101,2,0,4,2,0.6,60,5940,0,1,2021-10-01T00:00:00,2100-01-01T00:00:00
10282,16100023,16110018,791300001,1,1,502,2,0,4,2,0.6,60,5940,0,1,2021-10-01T00:00:00,2100-01-01T00:00:00
10283,16100023,16110018,791300001,1,1,503,2,0,4,2,0.6,60,5940,0,1,2021-10-01T00:00:00,2100-01-01T00:00:00
10284,16100023,16110018,791300001,1,1,504,2,0,4,2,0.6,60,5940,0,1,2021-10-01T00:00:00,2100-01-01T00:00:00
10285,16100023,16110018,791300001,1,1,505,2,0,4,2,0.6,60,5940,0,1,2021-10-01T00:00:00,2100-01-01T00:00:00
10286,16100023,16110018,791300001,1,1,506,2,0,4,2,0.6,60,5940,0,1,2021-10-01T00:00:00,2100-01-01T00:00:00
10287,16100023,16110018,791300001,1,1,508,2,0,4,2,0.6,60,5940,0,1,2021-10-01T00:00:00,2100-01-01T00:00:00
10288,16100023,16110018,791300001,1,1,509,2,0,4,2,0.6,60,5940,0,1,2021-10-01T00:00:00,2100-01-01T00:00:00
10289,16100023,16110018,791300001,1,1,510,2,0,4,2,0.6,60,5940,0,1,2021-10-01T00:00:00,2100-01-01T00:00:00
10290,16100023,16110018,791300001,1,1,511,2,0,4,2,0.6,60,5940,0,1,2021-10-01T00:00:00,2100-01-01T00:00:00
10291,16100023,16110018,791300001,1,1,512,2,0,4,2,0.6,60,5940,0,1,2021-10-01T00:00:00,2100-01-01T00:00:00
10292,16100023,16110018,791300001,1,1,513,2,0,4,2,0.6,60,5940,0,1,2021-10-01T00:00:00,2100-01-01T00:00:00
10293,16100023,16110018,791300001,1,1,514,2,0,4,2,0.6,60,5940,0,1,2021-10-01T00:00:00,2100-01-01T00:00:00
10294,16100023,16110018,791300001,1,1,515,2,0,4,2,0.6,60,5940,0,1,2021-10-01T00:00:00,2100-01-01T00:00:00
10295,16100023,16110018,791300001,1,1,518,2,0,4,2,0.6,60,5940,0,1,2021-10-01T00:00:00,2100-01-01T00:00:00
10296,16100023,16110018,791300001,1,1,519,2,0,4,2,0.6,60,5940,0,1,2021-10-01T00:00:00,2100-01-01T00:00:00
10297,16100023,16110018,791300001,1,1,520,2,0,4,2,0.6,60,5940,0,1,2021-10-01T00:00:00,2100-01-01T00:00:00
10298,16100024,16110019,791300001,1,1,101,2,0,5,2,0.8,60,5940,0,1,2021-10-01T00:00:00,2100-01-01T00:00:00
10299,16100024,16110019,791300001,1,1,502,2,0,5,2,0.8,60,5940,0,1,2021-10-01T00:00:00,2100-01-01T00:00:00
10300,16100024,16110019,791300001,1,1,503,2,0,5,2,0.8,60,5940,0,1,2021-10-01T00:00:00,2100-01-01T00:00:00
10301,16100024,16110019,791300001,1,1,504,2,0,5,2,0.8,60,5940,0,1,2021-10-01T00:00:00,2100-01-01T00:00:00
10302,16100024,16110019,791300001,1,1,505,2,0,5,2,0.8,60,5940,0,1,2021-10-01T00:00:00,2100-01-01T00:00:00
10303,16100024,16110019,791300001,1,1,506,2,0,5,2,0.8,60,5940,0,1,2021-10-01T00:00:00,2100-01-01T00:00:00
10304,16100024,16110019,791300001,1,1,508,2,0,5,2,0.8,60,5940,0,1,2021-10-01T00:00:00,2100-01-01T00:00:00
10305,16100024,16110019,791300001,1,1,509,2,0,5,2,0.8,60,5940,0,1,2021-10-01T00:00:00,2100-01-01T00:00:00
10306,16100024,16110019,791300001,1,1,510,2,0,5,2,0.8,60,5940,0,1,2021-10-01T00:00:00,2100-01-01T00:00:00
10307,16100024,16110019,791300001,1,1,511,2,0,5,2,0.8,60,5940,0,1,2021-10-01T00:00:00,2100-01-01T00:00:00
10308,16100024,16110019,791300001,1,1,512,2,0,5,2,0.8,60,5940,0,1,2021-10-01T00:00:00,2100-01-01T00:00:00
10309,16100024,16110019,791300001,1,1,513,2,0,5,2,0.8,60,5940,0,1,2021-10-01T00:00:00,2100-01-01T00:00:00
10310,16100024,16110019,791300001,1,1,514,2,0,5,2,0.8,60,5940,0,1,2021-10-01T00:00:00,2100-01-01T00:00:00
10311,16100024,16110019,791300001,1,1,515,2,0,5,2,0.8,60,5940,0,1,2021-10-01T00:00:00,2100-01-01T00:00:00
10312,16100024,16110019,791300001,1,1,518,2,0,5,2,0.8,60,5940,0,1,2021-10-01T00:00:00,2100-01-01T00:00:00
10313,16100024,16110019,791300001,1,1,519,2,0,5,2,0.8,60,5940,0,1,2021-10-01T00:00:00,2100-01-01T00:00:00
10314,16100024,16110019,791300001,1,1,520,2,0,5,2,0.8,60,5940,0,1,2021-10-01T00:00:00,2100-01-01T00:00:00
10344,16100002,16110002,791300006,1,2,250,0,0,1,2,0.1,30,1440,0,1,2022-03-10T10:30:00,2100-01-01T00:00:00
10345,16100003,16110003,791300007,1,2,250,0,0,2,2,0.05,30,1440,0,1,2022-03-10T10:30:00,2100-01-01T00:00:00
10346,16100004,16110004,791300008,1,2,250,0,0,3,2,0.07,30,1440,0,1,2022-03-10T10:30:00,2100-01-01T00:00:00
10347,16100006,16110004,791300009,1,2,250,0,0,4,2,0.07,30,1440,0,1,2022-03-10T10:30:00,2100-01-01T00:00:00
10348,16100005,16110005,791300010,3,2,251,0,0,10,2,1,30,1440,0,1,2022-03-10T10:30:00,2100-01-01T00:00:00
10352,16100016,16110035,791300002,1,1,101,1,0,1,2,0.3,60,5940,0,1,2022-04-08T10:35:00,2100-01-01T00:00:00
10353,16100016,16110035,791300002,1,1,502,1,0,1,2,0.3,60,5940,0,1,2022-04-08T10:35:00,2100-01-01T00:00:00
10354,16100016,16110035,791300002,1,1,503,1,0,1,2,0.3,60,5940,0,1,2022-04-08T10:35:00,2100-01-01T00:00:00
10355,16100016,16110035,791300002,1,1,504,1,0,1,2,0.3,60,5940,0,1,2022-04-08T10:35:00,2100-01-01T00:00:00
10356,16100016,16110035,791300002,1,1,505,1,0,1,2,0.3,60,5940,0,1,2022-04-08T10:35:00,2100-01-01T00:00:00
10357,16100016,16110035,791300002,1,1,506,1,0,1,2,0.3,60,5940,0,1,2022-04-08T10:35:00,2100-01-01T00:00:00
10358,16100016,16110035,791300002,1,1,508,1,0,1,2,0.3,60,5940,0,1,2022-04-08T10:35:00,2100-01-01T00:00:00
10359,16100016,16110035,791300002,1,1,509,1,0,1,2,0.3,60,5940,0,1,2022-04-08T10:35:00,2100-01-01T00:00:00
10360,16100016,16110035,791300002,1,1,510,1,0,1,2,0.3,60,5940,0,1,2022-04-08T10:35:00,2100-01-01T00:00:00
10361,16100016,16110035,791300002,1,1,511,1,0,1,2,0.3,60,5940,0,1,2022-04-08T10:35:00,2100-01-01T00:00:00
10362,16100016,16110035,791300002,1,1,512,1,0,1,2,0.3,60,5940,0,1,2022-04-08T10:35:00,2100-01-01T00:00:00
10363,16100016,16110035,791300002,1,1,513,1,0,1,2,0.3,60,5940,0,1,2022-04-08T10:35:00,2100-01-01T00:00:00
10364,16100016,16110035,791300002,1,1,514,1,0,1,2,0.3,60,5940,0,1,2022-04-08T10:35:00,2100-01-01T00:00:00
10365,16100016,16110035,791300002,1,1,515,1,0,1,2,0.3,60,5940,0,1,2022-04-08T10:35:00,2100-01-01T00:00:00
10366,16100016,16110035,791300002,1,1,518,1,0,1,2,0.3,60,5940,0,1,2022-04-08T10:35:00,2100-01-01T00:00:00
10367,16100016,16110035,791300002,1,1,519,1,0,1,2,0.3,60,5940,0,1,2022-04-08T10:35:00,2100-01-01T00:00:00
10368,16100016,16110035,791300002,1,1,520,1,0,1,2,0.3,60,5940,0,1,2022-04-08T10:35:00,2100-01-01T00:00:00
10447,16100016,6511785,791300002,1,1,101,1,0,6,2,0.3,30,5940,0,1,2022-10-13T10:35:00,2100-01-01T00:00:00
10448,16100016,6511785,791300002,1,1,502,1,0,6,2,0.3,30,5940,0,1,2022-10-13T10:35:00,2100-01-01T00:00:00
10449,16100016,6511785,791300002,1,1,503,1,0,6,2,0.3,30,5940,0,1,2022-10-13T10:35:00,2100-01-01T00:00:00
10450,16100016,6511785,791300002,1,1,504,1,0,6,2,0.3,30,5940,0,1,2022-10-13T10:35:00,2100-01-01T00:00:00
10451,16100016,6511785,791300002,1,1,505,1,0,6,2,0.3,30,5940,0,1,2022-10-13T10:35:00,2100-01-01T00:00:00
10452,16100016,6511785,791300002,1,1,506,1,0,6,2,0.3,30,5940,0,1,2022-10-13T10:35:00,2100-01-01T00:00:00
10453,16100016,6511785,791300002,1,1,508,1,0,6,2,0.3,30,5940,0,1,2022-10-13T10:35:00,2100-01-01T00:00:00
10454,16100016,6511785,791300002,1,1,509,1,0,6,2,0.3,30,5940,0,1,2022-10-13T10:35:00,2100-01-01T00:00:00
10455,16100016,6511785,791300002,1,1,510,1,0,6,2,0.3,30,5940,0,1,2022-10-13T10:35:00,2100-01-01T00:00:00
10456,16100016,6511785,791300002,1,1,511,1,0,6,2,0.3,30,5940,0,1,2022-10-13T10:35:00,2100-01-01T00:00:00
10457,16100016,6511785,791300002,1,1,512,1,0,6,2,0.3,30,5940,0,1,2022-10-13T10:35:00,2100-01-01T00:00:00
10458,16100016,6511785,791300002,1,1,513,1,0,6,2,0.3,30,5940,0,1,2022-10-13T10:35:00,2100-01-01T00:00:00
10459,16100016,6511785,791300002,1,1,514,1,0,6,2,0.3,30,5940,0,1,2022-10-13T10:35:00,2100-01-01T00:00:00
10460,16100016,6511785,791300002,1,1,515,1,0,6,2,0.3,30,5940,0,1,2022-10-13T10:35:00,2100-01-01T00:00:00
10461,16100016,6511785,791300002,1,1,518,1,0,6,2,0.3,30,5940,0,1,2022-10-13T10:35:00,2100-01-01T00:00:00
10462,16100016,6511785,791300002,1,1,519,1,0,6,2,0.3,30,5940,0,1,2022-10-13T10:35:00,2100-01-01T00:00:00
10463,16100016,6511785,791300002,1,1,520,1,0,6,2,0.3,30,5940,0,1,2022-10-13T10:35:00,2100-01-01T00:00:00
10468,16100016,16110052,791300002,1,1,101,1,0,6,2,0.5,30,5940,0,1,2022-11-08T10:35:00,2022-12-31T10:29:59
10469,16100016,16110052,791300002,1,1,502,1,0,6,2,0.5,30,5940,0,1,2022-11-08T10:35:00,2022-12-31T10:29:59
10470,16100016,16110052,791300002,1,1,503,1,0,6,2,0.5,30,5940,0,1,2022-11-08T10:35:00,2022-12-31T10:29:59
10471,16100016,16110052,791300002,1,1,504,1,0,6,2,0.5,30,5940,0,1,2022-11-08T10:35:00,2022-12-31T10:29:59
10472,16100016,16110052,791300002,1,1,505,1,0,6,2,0.5,30,5940,0,1,2022-11-08T10:35:00,2022-12-31T10:29:59
10473,16100016,16110052,791300002,1,1,506,1,0,6,2,0.5,30,5940,0,1,2022-11-08T10:35:00,2022-12-31T10:29:59
10474,16100016,16110052,791300002,1,1,508,1,0,6,2,0.5,30,5940,0,1,2022-11-08T10:35:00,2022-12-31T10:29:59
10475,16100016,16110052,791300002,1,1,509,1,0,6,2,0.5,30,5940,0,1,2022-11-08T10:35:00,2022-12-31T10:29:59
10476,16100016,16110052,791300002,1,1,510,1,0,6,2,0.5,30,5940,0,1,2022-11-08T10:35:00,2022-12-31T10:29:59
10477,16100016,16110052,791300002,1,1,511,1,0,6,2,0.5,30,5940,0,1,2022-11-08T10:35:00,2022-12-31T10:29:59
10478,16100016,16110052,791300002,1,1,512,1,0,6,2,0.5,30,5940,0,1,2022-11-08T10:35:00,2022-12-31T10:29:59
10479,16100016,16110052,791300002,1,1,513,1,0,6,2,0.5,30,5940,0,1,2022-11-08T10:35:00,2022-12-31T10:29:59
10480,16100016,16110052,791300002,1,1,514,1,0,6,2,0.5,30,5940,0,1,2022-11-08T10:35:00,2022-12-31T10:29:59
10481,16100016,16110052,791300002,1,1,515,1,0,6,2,0.5,30,5940,0,1,2022-11-08T10:35:00,2022-12-31T10:29:59
10482,16100016,16110052,791300002,1,1,518,1,0,6,2,0.5,30,5940,0,1,2022-11-08T10:35:00,2022-12-31T10:29:59
10483,16100016,16110052,791300002,1,1,519,1,0,6,2,0.5,30,5940,0,1,2022-11-08T10:35:00,2022-12-31T10:29:59
10484,16100016,16110052,791300002,1,1,520,1,0,6,2,0.5,30,5940,0,1,2022-11-08T10:35:00,2022-12-31T10:29:59
10515,16100053,16110060,791300002,1,1,101,1,0,7,2,0.5,60,5940,0,1,2022-01-31T10:35:00,2100-01-01T00:00:00
10516,16100053,16110060,791300002,1,1,502,1,0,7,2,0.5,60,5940,0,1,2022-01-31T10:35:00,2100-01-01T00:00:00
10517,16100053,16110060,791300002,1,1,503,1,0,7,2,0.5,60,5940,0,1,2022-01-31T10:35:00,2100-01-01T00:00:00
10518,16100053,16110060,791300002,1,1,504,1,0,7,2,0.5,60,5940,0,1,2022-01-31T10:35:00,2100-01-01T00:00:00
10519,16100053,16110060,791300002,1,1,505,1,0,7,2,0.5,60,5940,0,1,2022-01-31T10:35:00,2100-01-01T00:00:00
10520,16100053,16110060,791300002,1,1,506,1,0,7,2,0.5,60,5940,0,1,2022-01-31T10:35:00,2100-01-01T00:00:00
10521,16100053,16110060,791300002,1,1,508,1,0,7,2,0.5,60,5940,0,1,2022-01-31T10:35:00,2100-01-01T00:00:00
10522,16100053,16110060,791300002,1,1,509,1,0,7,2,0.5,60,5940,0,1,2022-01-31T10:35:00,2100-01-01T00:00:00
10523,16100053,16110060,791300002,1,1,510,1,0,7,2,0.5,60,5940,0,1,2022-01-31T10:35:00,2100-01-01T00:00:00
10524,16100053,16110060,791300002,1,1,511,1,0,7,2,0.5,60,5940,0,1,2022-01-31T10:35:00,2100-01-01T00:00:00
10525,16100053,16110060,791300002,1,1,512,1,0,7,2,0.5,60,5940,0,1,2022-01-31T10:35:00,2100-01-01T00:00:00
10526,16100053,16110060,791300002,1,1,513,1,0,7,2,0.5,60,5940,0,1,2022-01-31T10:35:00,2100-01-01T00:00:00
10527,16100053,16110060,791300002,1,1,514,1,0,7,2,0.5,60,5940,0,1,2022-01-31T10:35:00,2100-01-01T00:00:00
10528,16100053,16110060,791300002,1,1,515,1,0,7,2,0.5,60,5940,0,1,2022-01-31T10:35:00,2100-01-01T00:00:00
10529,16100053,16110060,791300002,1,1,518,1,0,7,2,0.5,60,5940,0,1,2022-01-31T10:35:00,2100-01-01T00:00:00
10530,16100053,16110060,791300002,1,1,519,1,0,7,2,0.5,60,5940,0,1,2022-01-31T10:35:00,2100-01-01T00:00:00
10531,16100053,16110060,791300002,1,1,520,1,0,7,2,0.5,60,5940,0,1,2022-01-31T10:35:00,2100-01-01T00:00:00
10537,16100052,16110035,791300002,1,1,101,1,0,8,2,0.3,60,5940,0,1,2022-01-31T10:35:00,2100-01-01T00:00:00
10538,16100052,16110035,791300002,1,1,502,1,0,8,2,0.3,60,5940,0,1,2022-01-31T10:35:00,2100-01-01T00:00:00
10539,16100052,16110035,791300002,1,1,503,1,0,8,2,0.3,60,5940,0,1,2022-01-31T10:35:00,2100-01-01T00:00:00
10540,16100052,16110035,791300002,1,1,504,1,0,8,2,0.3,60,5940,0,1,2022-01-31T10:35:00,2100-01-01T00:00:00
10541,16100052,16110035,791300002,1,1,505,1,0,8,2,0.3,60,5940,0,1,2022-01-31T10:35:00,2100-01-01T00:00:00
10542,16100052,16110035,791300002,1,1,506,1,0,8,2,0.3,60,5940,0,1,2022-01-31T10:35:00,2100-01-01T00:00:00
10543,16100052,16110035,791300002,1,1,508,1,0,8,2,0.3,60,5940,0,1,2022-01-31T10:35:00,2100-01-01T00:00:00
10544,16100052,16110035,791300002,1,1,509,1,0,8,2,0.3,60,5940,0,1,2022-01-31T10:35:00,2100-01-01T00:00:00
10545,16100052,16110035,791300002,1,1,510,1,0,8,2,0.3,60,5940,0,1,2022-01-31T10:35:00,2100-01-01T00:00:00
10546,16100052,16110035,791300002,1,1,511,1,0,8,2,0.3,60,5940,0,1,2022-01-31T10:35:00,2100-01-01T00:00:00
10547,16100052,16110035,791300002,1,1,512,1,0,8,2,0.3,60,5940,0,1,2022-01-31T10:35:00,2100-01-01T00:00:00
10548,16100052,16110035,791300002,1,1,513,1,0,8,2,0.3,60,5940,0,1,2022-01-31T10:35:00,2100-01-01T00:00:00
10549,16100052,16110035,791300002,1,1,514,1,0,8,2,0.3,60,5940,0,1,2022-01-31T10:35:00,2100-01-01T00:00:00
10550,16100052,16110035,791300002,1,1,515,1,0,8,2,0.3,60,5940,0,1,2022-01-31T10:35:00,2100-01-01T00:00:00
10551,16100052,16110035,791300002,1,1,518,1,0,8,2,0.3,60,5940,0,1,2022-01-31T10:35:00,2100-01-01T00:00:00
10552,16100052,16110035,791300002,1,1,519,1,0,8,2,0.3,60,5940,0,1,2022-01-31T10:35:00,2100-01-01T00:00:00
10553,16100052,16110035,791300002,1,1,520,1,0,8,2,0.3,60,5940,0,1,2022-01-31T10:35:00,2100-01-01T00:00:00
10618,16100071,16110060,791300002,1,1,101,1,0,20,2,0.5,60,5940,0,1,2023-08-05T10:30:00,2100-01-01T00:00:00
10619,16100071,16110060,791300002,1,1,502,1,0,20,2,0.5,60,5940,0,1,2023-08-05T10:30:00,2100-01-01T00:00:00
10620,16100071,16110060,791300002,1,1,503,1,0,20,2,0.5,60,5940,0,1,2023-08-05T10:30:00,2100-01-01T00:00:00
10621,16100071,16110060,791300002,1,1,504,1,0,20,2,0.5,60,5940,0,1,2023-08-05T10:30:00,2100-01-01T00:00:00
10622,16100071,16110060,791300002,1,1,505,1,0,20,2,0.5,60,5940,0,1,2023-08-05T10:30:00,2100-01-01T00:00:00
10623,16100071,16110060,791300002,1,1,506,1,0,20,2,0.5,60,5940,0,1,2023-08-05T10:30:00,2100-01-01T00:00:00
10624,16100071,16110060,791300002,1,1,508,1,0,20,2,0.5,60,5940,0,1,2023-08-05T10:30:00,2100-01-01T00:00:00
10625,16100071,16110060,791300002,1,1,509,1,0,20,2,0.5,60,5940,0,1,2023-08-05T10:30:00,2100-01-01T00:00:00
10626,16100071,16110060,791300002,1,1,510,1,0,20,2,0.5,60,5940,0,1,2023-08-05T10:30:00,2100-01-01T00:00:00
10627,16100071,16110060,791300002,1,1,511,1,0,20,2,0.5,60,5940,0,1,2023-08-05T10:30:00,2100-01-01T00:00:00
10628,16100071,16110060,791300002,1,1,512,1,0,20,2,0.5,60,5940,0,1,2023-08-05T10:30:00,2100-01-01T00:00:00
10629,16100071,16110060,791300002,1,1,513,1,0,20,2,0.5,60,5940,0,1,2023-08-05T10:30:00,2100-01-01T00:00:00
10630,16100071,16110060,791300002,1,1,514,1,0,20,2,0.5,60,5940,0,1,2023-08-05T10:30:00,2100-01-01T00:00:00
10631,16100071,16110060,791300002,1,1,515,1,0,20,2,0.5,60,5940,0,1,2023-08-05T10:30:00,2100-01-01T00:00:00
10632,16100071,16110060,791300002,1,1,518,1,0,20,2,0.5,60,5940,0,1,2023-08-05T10:30:00,2100-01-01T00:00:00
10633,16100071,16110060,791300002,1,1,519,1,0,20,2,0.5,60,5940,0,1,2023-08-05T10:30:00,2100-01-01T00:00:00
10634,16100071,16110060,791300002,1,1,520,1,0,20,2,0.5,60,5940,0,1,2023-08-05T10:30:00,2100-01-01T00:00:00
10657,16100079,16110035,791300002,1,1,101,1,0,9,2,0.3,30,5940,0,1,2023-08-31T10:35:00,2100-01-01T00:00:00
10658,16100079,16110035,791300002,1,1,502,1,0,9,2,0.3,30,5940,0,1,2023-08-31T10:35:00,2100-01-01T00:00:00
10659,16100079,16110035,791300002,1,1,503,1,0,9,2,0.3,30,5940,0,1,2023-08-31T10:35:00,2100-01-01T00:00:00
10660,16100079,16110035,791300002,1,1,504,1,0,9,2,0.3,30,5940,0,1,2023-08-31T10:35:00,2100-01-01T00:00:00
10661,16100079,16110035,791300002,1,1,505,1,0,9,2,0.3,30,5940,0,1,2023-08-31T10:35:00,2100-01-01T00:00:00
10662,16100079,16110035,791300002,1,1,506,1,0,9,2,0.3,30,5940,0,1,2023-08-31T10:35:00,2100-01-01T00:00:00
10663,16100079,16110035,791300002,1,1,508,1,0,9,2,0.3,30,5940,0,1,2023-08-31T10:35:00,2100-01-01T00:00:00
10664,16100079,16110035,791300002,1,1,509,1,0,9,2,0.3,30,5940,0,1,2023-08-31T10:35:00,2100-01-01T00:00:00
10665,16100079,16110035,791300002,1,1,510,1,0,9,2,0.3,30,5940,0,1,2023-08-31T10:35:00,2100-01-01T00:00:00
10666,16100079,16110035,791300002,1,1,511,1,0,9,2,0.3,30,5940,0,1,2023-08-31T10:35:00,2100-01-01T00:00:00
10667,16100079,16110035,791300002,1,1,512,1,0,9,2,0.3,30,5940,0,1,2023-08-31T10:35:00,2100-01-01T00:00:00
10668,16100079,16110035,791300002,1,1,513,1,0,9,2,0.3,30,5940,0,1,2023-08-31T10:35:00,2100-01-01T00:00:00
10669,16100079,16110035,791300002,1,1,514,1,0,9,2,0.3,30,5940,0,1,2023-08-31T10:35:00,2100-01-01T00:00:00
10670,16100079,16110035,791300002,1,1,515,1,0,9,2,0.3,30,5940,0,1,2023-08-31T10:35:00,2100-01-01T00:00:00
10671,16100079,16110035,791300002,1,1,518,1,0,9,2,0.3,30,5940,0,1,2023-08-31T10:35:00,2100-01-01T00:00:00
10672,16100079,16110035,791300002,1,1,519,1,0,9,2,0.3,30,5940,0,1,2023-08-31T10:35:00,2100-01-01T00:00:00
10673,16100079,16110035,791300002,1,1,520,1,0,9,2,0.3,30,5940,0,1,2023-08-31T10:35:00,2100-01-01T00:00:00
10686,16100065,16110069,791300003,2,1,101,5,3,1,2,1,0,0,0,1,2023-10-06T10:35:00,2023-10-18T10:29:59
10687,16100065,16110069,791300003,2,1,512,5,3,1,2,1,0,0,0,1,2023-10-06T10:35:00,2023-10-18T10:29:59
10688,16100065,16110069,791300003,2,1,519,5,3,1,2,1,0,0,0,1,2023-10-06T10:35:00,2023-10-18T10:29:59
10695,16100086,16110072,791300002,1,1,101,1,0,21,2,0.75,30,5940,0,1,2023-10-24T10:35:00,2100-01-01T00:00:00
10696,16100086,16110072,791300002,1,1,502,1,0,21,2,0.75,30,5940,0,1,2023-10-24T10:35:00,2100-01-01T00:00:00
10697,16100086,16110072,791300002,1,1,503,1,0,21,2,0.75,30,5940,0,1,2023-10-24T10:35:00,2100-01-01T00:00:00
10698,16100086,16110072,791300002,1,1,504,1,0,21,2,0.75,30,5940,0,1,2023-10-24T10:35:00,2100-01-01T00:00:00
10699,16100086,16110072,791300002,1,1,505,1,0,21,2,0.75,30,5940,0,1,2023-10-24T10:35:00,2100-01-01T00:00:00
10700,16100086,16110072,791300002,1,1,506,1,0,21,2,0.75,30,5940,0,1,2023-10-24T10:35:00,2100-01-01T00:00:00
10701,16100086,16110072,791300002,1,1,508,1,0,21,2,0.75,30,5940,0,1,2023-10-24T10:35:00,2100-01-01T00:00:00
10702,16100086,16110072,791300002,1,1,509,1,0,21,2,0.75,30,5940,0,1,2023-10-24T10:35:00,2100-01-01T00:00:00
10703,16100086,16110072,791300002,1,1,510,1,0,21,2,0.75,30,5940,0,1,2023-10-24T10:35:00,2100-01-01T00:00:00
10704,16100086,16110072,791300002,1,1,511,1,0,21,2,0.75,30,5940,0,1,2023-10-24T10:35:00,2100-01-01T00:00:00
10705,16100086,16110072,791300002,1,1,512,1,0,21,2,0.75,30,5940,0,1,2023-10-24T10:35:00,2100-01-01T00:00:00
10706,16100086,16110072,791300002,1,1,513,1,0,21,2,0.75,30,5940,0,1,2023-10-24T10:35:00,2100-01-01T00:00:00
10707,16100086,16110072,791300002,1,1,514,1,0,21,2,0.75,30,5940,0,1,2023-10-24T10:35:00,2100-01-01T00:00:00
10708,16100086,16110072,791300002,1,1,515,1,0,21,2,0.75,30,5940,0,1,2023-10-24T10:35:00,2100-01-01T00:00:00
10709,16100086,16110072,791300002,1,1,518,1,0,21,2,0.75,30,5940,0,1,2023-10-24T10:35:00,2100-01-01T00:00:00
10710,16100086,16110072,791300002,1,1,519,1,0,21,2,0.75,30,5940,0,1,2023-10-24T10:35:00,2100-01-01T00:00:00
10711,16100086,16110072,791300002,1,1,520,1,0,21,2,0.75,30,5940,0,1,2023-10-24T10:35:00,2100-01-01T00:00:00
10732,16100095,16110073,791300002,2,1,101,1,0,19,2,2,0,0,340,1,2023-12-22T10:35:00,2024-01-12T10:29:59
10733,16100095,16110073,791300002,2,1,512,1,0,19,2,2,0,0,340,1,2023-12-22T10:35:00,2024-01-12T10:29:59
10734,16100095,16110073,791300002,2,1,519,1,0,19,2,2,0,0,340,1,2023-12-22T10:35:00,2024-01-12T10:29:59
10773,16100111,16110072,791300002,1,1,101,1,0,22,2,0.75,30,5940,0,1,2024-03-08T10:35:00,2100-01-01T00:00:00
10774,16100111,16110072,791300002,1,1,502,1,0,22,2,0.75,30,5940,0,1,2024-03-08T10:35:00,2100-01-01T00:00:00
10775,16100111,16110072,791300002,1,1,503,1,0,22,2,0.75,30,5940,0,1,2024-03-08T10:35:00,2100-01-01T00:00:00
10776,16100111,16110072,791300002,1,1,504,1,0,22,2,0.75,30,5940,0,1,2024-03-08T10:35:00,2100-01-01T00:00:00
10777,16100111,16110072,791300002,1,1,505,1,0,22,2,0.75,30,5940,0,1,2024-03-08T10:35:00,2100-01-01T00:00:00
10778,16100111,16110072,791300002,1,1,506,1,0,22,2,0.75,30,5940,0,1,2024-03-08T10:35:00,2100-01-01T00:00:00
10779,16100111,16110072,791300002,1,1,508,1,0,22,2,0.75,30,5940,0,1,2024-03-08T10:35:00,2100-01-01T00:00:00
10780,16100111,16110072,791300002,1,1,509,1,0,22,2,0.75,30,5940,0,1,2024-03-08T10:35:00,2100-01-01T00:00:00
10781,16100111,16110072,791300002,1,1,510,1,0,22,2,0.75,30,5940,0,1,2024-03-08T10:35:00,2100-01-01T00:00:00
10782,16100111,16110072,791300002,1,1,511,1,0,22,2,0.75,30,5940,0,1,2024-03-08T10:35:00,2100-01-01T00:00:00
10783,16100111,16110072,791300002,1,1,512,1,0,22,2,0.75,30,5940,0,1,2024-03-08T10:35:00,2100-01-01T00:00:00
10784,16100111,16110072,791300002,1,1,513,1,0,22,2,0.75,30,5940,0,1,2024-03-08T10:35:00,2100-01-01T00:00:00
10785,16100111,16110072,791300002,1,1,514,1,0,22,2,0.75,30,5940,0,1,2024-03-08T10:35:00,2100-01-01T00:00:00
10786,16100111,16110072,791300002,1,1,515,1,0,22,2,0.75,30,5940,0,1,2024-03-08T10:35:00,2100-01-01T00:00:00
10787,16100111,16110072,791300002,1,1,518,1,0,22,2,0.75,30,5940,0,1,2024-03-08T10:35:00,2100-01-01T00:00:00
10788,16100111,16110072,791300002,1,1,519,1,0,22,2,0.75,30,5940,0,1,2024-03-08T10:35:00,2100-01-01T00:00:00
10789,16100111,16110072,791300002,1,1,520,1,0,22,2,0.75,30,5940,0,1,2024-03-08T10:35:00,2100-01-01T00:00:00
10965,16100158,16110095,791300002,1,1,101,1,0,12,2,0.3,60,5940,0,1,2025-07-04T10:35:00,2100-01-01T00:00:00
10966,16100158,16110095,791300002,1,1,502,1,0,12,2,0.3,60,5940,0,1,2025-07-04T10:35:00,2100-01-01T00:00:00
10967,16100158,16110095,791300002,1,1,503,1,0,12,2,0.3,60,5940,0,1,2025-07-04T10:35:00,2100-01-01T00:00:00
10968,16100158,16110095,791300002,1,1,504,1,0,12,2,0.3,60,5940,0,1,2025-07-04T10:35:00,2100-01-01T00:00:00
10969,16100158,16110095,791300002,1,1,505,1,0,12,2,0.3,60,5940,0,1,2025-07-04T10:35:00,2100-01-01T00:00:00
10970,16100158,16110095,791300002,1,1,506,1,0,12,2,0.3,60,5940,0,1,2025-07-04T10:35:00,2100-01-01T00:00:00
10971,16100158,16110095,791300002,1,1,508,1,0,12,2,0.3,60,5940,0,1,2025-07-04T10:35:00,2100-01-01T00:00:00
10972,16100158,16110095,791300002,1,1,509,1,0,12,2,0.3,60,5940,0,1,2025-07-04T10:35:00,2100-01-01T00:00:00
10973,16100158,16110095,791300002,1,1,510,1,0,12,2,0.3,60,5940,0,1,2025-07-04T10:35:00,2100-01-01T00:00:00
10974,16100158,16110095,791300002,1,1,511,1,0,12,2,0.3,60,5940,0,1,2025-07-04T10:35:00,2100-01-01T00:00:00
10975,16100158,16110095,791300002,1,1,512,1,0,12,2,0.3,60,5940,0,1,2025-07-04T10:35:00,2100-01-01T00:00:00
10976,16100158,16110095,791300002,1,1,513,1,0,12,2,0.3,60,5940,0,1,2025-07-04T10:35:00,2100-01-01T00:00:00
10977,16100158,16110095,791300002,1,1,514,1,0,12,2,0.3,60,5940,0,1,2025-07-04T10:35:00,2100-01-01T00:00:00
10978,16100158,16110095,791300002,1,1,515,1,0,12,2,0.3,60,5940,0,1,2025-07-04T10:35:00,2100-01-01T00:00:00
10979,16100158,16110095,791300002,1,1,518,1,0,12,2,0.3,60,5940,0,1,2025-07-04T10:35:00,2100-01-01T00:00:00
10980,16100158,16110095,791300002,1,1,519,1,0,12,2,0.3,60,5940,0,1,2025-07-04T10:35:00,2100-01-01T00:00:00
10981,16100158,16110095,791300002,1,1,520,1,0,12,2,0.3,60,5940,0,1,2025-07-04T10:35:00,2100-01-01T00:00:00
11015,16100169,16110099,791300002,1,1,101,1,0,12,2,0.3,30,5940,0,1,2025-09-12T10:35:00,2100-01-01T00:00:00
11016,16100169,16110099,791300002,1,1,502,1,0,12,2,0.3,30,5940,0,1,2025-09-12T10:35:00,2100-01-01T00:00:00
11017,16100169,16110099,791300002,1,1,503,1,0,12,2,0.3,30,5940,0,1,2025-09-12T10:35:00,2100-01-01T00:00:00
11018,16100169,16110099,791300002,1,1,504,1,0,12,2,0.3,30,5940,0,1,2025-09-12T10:35:00,2100-01-01T00:00:00
11019,16100169,16110099,791300002,1,1,505,1,0,12,2,0.3,30,5940,0,1,2025-09-12T10:35:00,2100-01-01T00:00:00
11020,16100169,16110099,791300002,1,1,506,1,0,12,2,0.3,30,5940,0,1,2025-09-12T10:35:00,2100-01-01T00:00:00
11021,16100169,16110099,791300002,1,1,508,1,0,12,2,0.3,30,5940,0,1,2025-09-12T10:35:00,2100-01-01T00:00:00
11022,16100169,16110099,791300002,1,1,509,1,0,12,2,0.3,30,5940,0,1,2025-09-12T10:35:00,2100-01-01T00:00:00
11023,16100169,16110099,791300002,1,1,510,1,0,12,2,0.3,30,5940,0,1,2025-09-12T10:35:00,2100-01-01T00:00:00
11024,16100169,16110099,791300002,1,1,511,1,0,12,2,0.3,30,5940,0,1,2025-09-12T10:35:00,2100-01-01T00:00:00
11025,16100169,16110099,791300002,1,1,512,1,0,12,2,0.3,30,5940,0,1,2025-09-12T10:35:00,2100-01-01T00:00:00
11026,16100169,16110099,791300002,1,1,513,1,0,12,2,0.3,30,5940,0,1,2025-09-12T10:35:00,2100-01-01T00:00:00
11027,16100169,16110099,791300002,1,1,514,1,0,12,2,0.3,30,5940,0,1,2025-09-12T10:35:00,2100-01-01T00:00:00
11028,16100169,16110099,791300002,1,1,515,1,0,12,2,0.3,30,5940,0,1,2025-09-12T10:35:00,2100-01-01T00:00:00
11029,16100169,16110099,791300002,1,1,518,1,0,12,2,0.3,30,5940,0,1,2025-09-12T10:35:00,2100-01-01T00:00:00
11030,16100169,16110099,791300002,1,1,519,1,0,12,2,0.3,30,5940,0,1,2025-09-12T10:35:00,2100-01-01T00:00:00
11031,16100169,16110099,791300002,1,1,520,1,0,12,2,0.3,30,5940,0,1,2025-09-12T10:35:00,2100-01-01T00:00:00
11048,16100174,16110072,791300002,1,1,101,1,0,12,2,0.75,60,5940,0,1,2025-10-23T10:35:00,2100-01-01T00:00:00
11049,16100174,16110072,791300002,1,1,502,1,0,12,2,0.75,60,5940,0,1,2025-10-23T10:35:00,2100-01-01T00:00:00
11050,16100174,16110072,791300002,1,1,503,1,0,12,2,0.75,60,5940,0,1,2025-10-23T10:35:00,2100-01-01T00:00:00
11051,16100174,16110072,791300002,1,1,504,1,0,12,2,0.75,60,5940,0,1,2025-10-23T10:35:00,2100-01-01T00:00:00
11052,16100174,16110072,791300002,1,1,505,1,0,12,2,0.75,60,5940,0,1,2025-10-23T10:35:00,2100-01-01T00:00:00
11053,16100174,16110072,791300002,1,1,506,1,0,12,2,0.75,60,5940,0,1,2025-10-23T10:35:00,2100-01-01T00:00:00
11054,16100174,16110072,791300002,1,1,508,1,0,12,2,0.75,60,5940,0,1,2025-10-23T10:35:00,2100-01-01T00:00:00
11055,16100174,16110072,791300002,1,1,509,1,0,12,2,0.75,60,5940,0,1,2025-10-23T10:35:00,2100-01-01T00:00:00
11056,16100174,16110072,791300002,1,1,510,1,0,12,2,0.75,60,5940,0,1,2025-10-23T10:35:00,2100-01-01T00:00:00
11057,16100174,16110072,791300002,1,1,511,1,0,12,2,0.75,60,5940,0,1,2025-10-23T10:35:00,2100-01-01T00:00:00
11058,16100174,16110072,791300002,1,1,512,1,0,12,2,0.75,60,5940,0,1,2025-10-23T10:35:00,2100-01-01T00:00:00
11059,16100174,16110072,791300002,1,1,513,1,0,12,2,0.75,60,5940,0,1,2025-10-23T10:35:00,2100-01-01T00:00:00
11060,16100174,16110072,791300002,1,1,514,1,0,12,2,0.75,60,5940,0,1,2025-10-23T10:35:00,2100-01-01T00:00:00
11061,16100174,16110072,791300002,1,1,515,1,0,12,2,0.75,60,5940,0,1,2025-10-23T10:35:00,2100-01-01T00:00:00
11062,16100174,16110072,791300002,1,1,518,1,0,12,2,0.75,60,5940,0,1,2025-10-23T10:35:00,2100-01-01T00:00:00
11063,16100174,16110072,791300002,1,1,519,1,0,12,2,0.75,60,5940,0,1,2025-10-23T10:35:00,2100-01-01T00:00:00
11064,16100174,16110072,791300002,1,1,520,1,0,12,2,0.75,60,5940,0,1,2025-10-23T10:35:00,2100-01-01T00:00:00
20321,16100025,16110020,791300015,2,2,100,0,0,1,2,-0.5,0,0,0,1,2050-01-01T00:00:00,2100-01-01T00:00:00
20322,16100026,16110021,791300015,2,2,110,0,0,1,2,-0.5,0,0,0,1,2050-01-01T00:00:00,2100-01-01T00:00:00
20323,16100027,16110022,791300015,2,2,120,0,0,1,2,-0.5,0,0,0,1,2050-01-01T00:00:00,2100-01-01T00:00:00
20324,16100028,16110023,791300015,2,2,130,0,0,1,2,-0.5,0,0,0,1,2050-01-01T00:00:00,2100-01-01T00:00:00
20325,16100029,16110024,791300015,2,2,140,0,0,1,2,-0.5,0,0,0,1,2050-01-01T00:00:00,2100-01-01T00:00:00
20327,16100030,16110025,791300016,2,2,160,0,0,1,2,1,0,0,0,1,2050-01-01T00:00:00,2100-01-01T00:00:00
20328,16100031,16110026,791300016,2,2,161,0,0,1,2,1,0,0,0,1,2050-01-01T00:00:00,2100-01-01T00:00:00
20329,16100032,16110027,791300017,2,2,170,0,0,1,2,-0.5,0,0,0,1,2050-01-01T00:00:00,2100-01-01T00:00:00
20330,16100033,16110028,791300018,2,2,171,0,0,1,2,1,0,0,0,1,2050-01-01T00:00:00,2100-01-01T00:00:00
20331,16100034,16110029,791300024,2,2,180,0,0,1,2,1,0,0,0,1,2050-01-01T00:00:00,2100-01-01T00:00:00
20332,16100035,16110030,791300019,2,2,190,0,0,1,2,1,0,0,0,1,2050-01-01T00:00:00,2100-01-01T00:00:00
20333,16100035,16110030,791300019,2,2,191,0,0,1,2,1,0,0,0,1,2050-01-01T00:00:00,2100-01-01T00:00:00
20334,16100036,16110031,791300020,2,2,200,0,1,1,2,1,0,0,0,1,2050-01-01T00:00:00,2119-01-20T00:00:00
20335,16100036,16110031,791300020,2,2,201,0,1,1,2,1,0,0,0,1,2050-01-01T00:00:00,2119-01-20T00:00:00
20336,16100036,16110031,791300020,2,2,210,0,1,1,2,1,0,0,0,1,2050-01-01T00:00:00,2119-01-20T00:00:00
20337,16100036,16110031,791300020,2,2,211,0,1,1,2,1,0,0,0,1,2050-01-01T00:00:00,2119-01-20T00:00:00
20338,16100036,16110031,791300020,2,2,220,0,1,1,2,1,0,0,0,1,2050-01-01T00:00:00,2119-01-20T00:00:00
20339,16100037,16110032,791300021,2,2,230,0,0,1,2,1,0,0,0,1,2050-01-01T00:00:00,2119-01-21T00:00:00
20340,16100037,16110032,791300021,2,2,231,0,0,1,2,1,0,0,0,1,2050-01-01T00:00:00,2119-01-21T00:00:00
20341,7210001,7210001,791300024,2,2,240,0,0,1,2,1,0,0,0,1,2050-01-01T00:00:00,2119-01-22T00:00:00
20342,7210001,7210001,791300024,2,2,241,0,0,1,2,1,0,0,0,1,2050-01-01T00:00:00,2119-01-22T00:00:00
20343,7210001,7210001,791300017,2,2,260,0,0,1,2,-0.5,0,0,0,1,2122-01-01T00:00:00,2133-01-22T00:00:00
20350,16100038,16110033,791300020,2,2,211,0,0,1,2,1,0,0,0,1,2022-02-11T00:00:00,2022-03-10T10:29:59
20351,16100039,16110034,791300025,2,2,260,0,0,1,2,-0.5,0,0,0,1,2022-02-11T00:00:00,2022-03-10T10:29:59
20369,16100025,16110020,791300015,2,2,100,0,0,1,2,-0.5,0,0,0,1,2022-04-28T10:35:00,2022-05-12T10:29:59
20370,16100026,16110021,791300015,2,2,110,0,0,1,2,-0.5,0,0,0,1,2022-04-28T10:35:00,2022-05-12T10:29:59
20371,16100027,16110022,791300015,2,2,120,0,0,1,2,-0.5,0,0,0,1,2022-04-28T10:35:00,2022-05-12T10:29:59
20372,16100036,16110037,791300020,2,2,211,0,0,1,2,1,0,0,0,1,2022-05-12T10:35:00,2022-05-25T03:59:59
20373,16100036,16110037,791300020,2,2,201,0,0,1,2,1,0,0,0,1,2022-05-12T10:35:00,2022-05-25T03:59:59
20374,16100039,16110034,791300025,2,2,260,0,0,1,2,-0.5,0,0,0,1,2022-05-12T10:35:00,2022-05-25T03:59:59
20375,16100040,16110036,791300002,2,1,101,1,0,10,2,1,0,0,100,1,2022-05-12T10:35:00,2022-05-25T03:59:59
20376,16100040,16110036,791300002,2,1,512,1,0,10,2,1,0,0,100,1,2022-05-12T10:35:00,2022-05-25T03:59:59
20377,16100040,16110036,791300002,2,1,519,1,0,10,2,1,0,0,100,1,2022-05-12T10:35:00,2022-05-25T03:59:59
20378,16100041,16110038,791300003,2,1,519,5,3,15,2,0.5,0,0,0,1,2022-07-07T10:35:00,2022-07-15T10:29:59
20379,16100025,16110020,791300015,2,2,100,0,0,1,2,-0.5,0,0,0,1,2022-07-22T10:35:00,2022-08-11T10:29:59
20380,16100026,16110021,791300015,2,2,110,0,0,1,2,-0.5,0,0,0,1,2022-07-22T10:35:00,2022-08-11T10:29:59
20381,16100027,16110022,791300015,2,2,120,0,0,1,2,-0.5,0,0,0,1,2022-07-22T10:35:00,2022-08-11T10:29:59
20382,16100042,16110039,791300015,2,2,121,0,0,1,2,-0.5,0,0,0,1,2022-07-22T10:35:00,2022-08-11T10:29:59
20383,16100029,16110040,791300015,2,2,140,0,0,1,2,-0.5,0,0,0,1,2022-07-22T10:35:00,2022-08-11T10:29:59
20384,16100043,16110041,791300001,2,2,301,0,0,1,2,1,0,0,0,1,2022-08-11T10:35:00,2022-08-21T10:29:59
20385,16100044,16110042,791300004,2,2,302,0,0,1,2,1,0,0,0,1,2022-08-11T10:35:00,2022-08-21T10:29:59
20386,16100045,16110043,791300004,2,2,303,0,0,1,2,1,0,0,0,1,2022-08-11T10:35:00,2022-08-21T10:29:59
20387,16100037,16110044,791300021,2,2,231,0,0,1,2,1,0,0,0,1,2022-08-11T10:35:00,2022-08-31T23:59:59
20388,16100037,16110049,791300021,2,2,230,0,0,1,2,1,0,0,0,1,2022-08-11T10:35:00,2022-08-31T23:59:59
20389,16100016,16110045,791300002,2,1,101,1,0,10,2,1,0,0,140,1,2022-08-11T10:35:00,2022-08-31T23:59:59
20390,16100016,16110045,791300002,2,1,512,1,0,10,2,1,0,0,140,1,2022-08-11T10:35:00,2022-08-31T23:59:59
20391,16100016,16110045,791300002,2,1,519,1,0,10,2,1,0,0,140,1,2022-08-11T10:35:00,2022-08-31T23:59:59
20392,16100016,16110048,791300002,2,1,101,1,0,15,2,1,0,0,100,1,2022-08-11T10:35:00,2022-08-31T23:59:59
20393,16100016,16110048,791300002,2,1,512,1,0,15,2,1,0,0,100,1,2022-08-11T10:35:00,2022-08-31T23:59:59
20394,16100016,16110048,791300002,2,1,519,1,0,15,2,1,0,0,100,1,2022-08-11T10:35:00,2022-08-31T23:59:59
20395,16100047,16110046,791300004,2,2,300,0,0,1,2,1,0,0,0,1,2022-08-21T10:35:00,2022-08-31T23:59:59
20396,16100048,16110047,791300004,2,2,304,0,0,1,2,1,0,0,0,1,2022-08-21T10:35:00,2022-08-31T23:59:59
20397,16100045,16110043,791300004,2,2,303,0,0,1,2,1,0,0,0,1,2022-09-03T04:00:00,2022-09-05T03:59:59
20398,16100045,16110043,791300004,2,2,303,0,0,1,2,1,0,0,0,1,2022-09-10T04:00:00,2022-09-12T03:59:59
20399,16100045,16110043,791300004,2,2,303,0,0,1,2,1,0,0,0,1,2022-09-17T04:00:00,2022-09-20T03:59:59
20400,16100045,16110043,791300004,2,2,303,0,0,1,2,1,0,0,0,1,2022-09-23T04:00:00,2022-09-26T03:59:59
20401,16100039,16110034,791300025,2,2,260,0,0,1,2,-0.5,0,0,0,1,2022-09-16T10:35:00,2022-09-28T10:29:59
20402,16100036,16110037,791300020,2,2,211,0,0,1,2,1,0,0,0,1,2022-09-16T10:35:00,2022-09-28T10:29:59
20403,16100036,16110037,791300020,2,2,201,0,0,1,2,1,0,0,0,1,2022-09-16T10:35:00,2022-09-28T10:29:59
20404,16100016,16110045,791300002,2,1,101,1,0,10,2,1,0,0,140,1,2022-09-16T10:35:00,2022-09-28T10:29:59
20405,16100016,16110045,791300002,2,1,512,1,0,10,2,1,0,0,140,1,2022-09-16T10:35:00,2022-09-28T10:29:59
20406,16100016,16110045,791300002,2,1,519,1,0,10,2,1,0,0,140,1,2022-09-16T10:35:00,2022-09-28T10:29:59
20407,16100016,16110048,791300002,2,1,101,1,0,15,2,1,0,0,100,1,2022-09-16T10:35:00,2022-09-28T10:29:59
20408,16100016,16110048,791300002,2,1,512,1,0,15,2,1,0,0,100,1,2022-09-16T10:35:00,2022-09-28T10:29:59
20409,16100016,16110048,791300002,2,1,519,1,0,15,2,1,0,0,100,1,2022-09-16T10:35:00,2022-09-28T10:29:59
20410,16100025,16110020,791300015,2,2,100,0,0,1,2,-0.5,0,0,0,1,2022-09-16T10:35:00,2022-09-22T10:29:59
20411,16100027,16110022,791300015,2,2,120,0,0,1,2,-0.5,0,0,0,1,2022-09-16T10:35:00,2022-09-22T10:29:59
20412,16100026,16110021,791300015,2,2,110,0,0,1,2,-0.5,0,0,0,1,2022-09-22T10:35:00,2022-09-28T10:29:59
20413,16100049,16110050,791300015,2,2,122,0,0,1,2,-0.5,0,0,0,1,2022-09-22T10:35:00,2022-09-28T10:29:59
20414,16100016,16110045,791300002,2,1,101,1,0,10,2,1,0,0,140,1,2022-10-01T04:00:00,2022-10-03T03:59:59
20415,16100016,16110045,791300002,2,1,512,1,0,10,2,1,0,0,140,1,2022-10-01T04:00:00,2022-10-03T03:59:59
20416,16100016,16110045,791300002,2,1,519,1,0,10,2,1,0,0,140,1,2022-10-01T04:00:00,2022-10-03T03:59:59
20417,16100016,16110045,791300002,2,1,101,1,0,10,2,1,0,0,140,1,2022-10-08T04:00:00,2022-10-11T03:59:59
20418,16100016,16110045,791300002,2,1,512,1,0,10,2,1,0,0,140,1,2022-10-08T04:00:00,2022-10-11T03:59:59
20419,16100016,16110045,791300002,2,1,519,1,0,10,2,1,0,0,140,1,2022-10-08T04:00:00,2022-10-11T03:59:59
20420,16100016,16110045,791300002,2,1,101,1,0,10,2,1,0,0,140,1,2022-10-15T04:00:00,2022-10-17T03:59:59
20421,16100016,16110045,791300002,2,1,512,1,0,10,2,1,0,0,140,1,2022-10-15T04:00:00,2022-10-17T03:59:59
20422,16100016,16110045,791300002,2,1,519,1,0,10,2,1,0,0,140,1,2022-10-15T04:00:00,2022-10-17T03:59:59
20423,16100016,16110045,791300002,2,1,101,1,0,10,2,1,0,0,140,1,2022-10-22T04:00:00,2022-10-24T03:59:59
20424,16100016,16110045,791300002,2,1,512,1,0,10,2,1,0,0,140,1,2022-10-22T04:00:00,2022-10-24T03:59:59
20425,16100016,16110045,791300002,2,1,519,1,0,10,2,1,0,0,140,1,2022-10-22T04:00:00,2022-10-24T03:59:59
20426,16100016,16110045,791300002,2,1,101,1,0,10,2,1,0,0,140,1,2022-10-29T04:00:00,2022-10-31T03:59:59
20427,16100016,16110045,791300002,2,1,512,1,0,10,2,1,0,0,140,1,2022-10-29T04:00:00,2022-10-31T03:59:59
20428,16100016,16110045,791300002,2,1,519,1,0,10,2,1,0,0,140,1,2022-10-29T04:00:00,2022-10-31T03:59:59
20429,16100016,16110051,791300002,2,1,101,1,0,15,2,2,0,0,100,0,2022-10-07T10:35:00,2023-01-31T10:29:59
20430,16100016,16110051,791300002,2,1,512,1,0,15,2,2,0,0,100,0,2022-10-07T10:35:00,2023-01-31T10:29:59
20431,16100016,16110051,791300002,2,1,519,1,0,15,2,2,0,0,100,0,2022-10-07T10:35:00,2023-01-31T10:29:59
20432,16100016,16110048,791300002,2,1,101,1,0,15,2,1,0,0,100,1,2022-10-01T04:00:00,2022-10-03T03:59:59
20433,16100016,16110048,791300002,2,1,512,1,0,15,2,1,0,0,100,1,2022-10-01T04:00:00,2022-10-03T03:59:59
20434,16100016,16110048,791300002,2,1,519,1,0,15,2,1,0,0,100,1,2022-10-01T04:00:00,2022-10-03T03:59:59
20435,16100016,16110048,791300002,2,1,101,1,0,15,2,1,0,0,100,1,2022-10-08T04:00:00,2022-10-11T03:59:59
20436,16100016,16110048,791300002,2,1,512,1,0,15,2,1,0,0,100,1,2022-10-08T04:00:00,2022-10-11T03:59:59
20437,16100016,16110048,791300002,2,1,519,1,0,15,2,1,0,0,100,1,2022-10-08T04:00:00,2022-10-11T03:59:59
20438,16100016,16110048,791300002,2,1,101,1,0,15,2,1,0,0,100,1,2022-10-15T04:00:00,2022-10-17T03:59:59
20439,16100016,16110048,791300002,2,1,512,1,0,15,2,1,0,0,100,1,2022-10-15T04:00:00,2022-10-17T03:59:59
20440,16100016,16110048,791300002,2,1,519,1,0,15,2,1,0,0,100,1,2022-10-15T04:00:00,2022-10-17T03:59:59
20441,16100016,16110048,791300002,2,1,101,1,0,15,2,1,0,0,100,1,2022-10-22T04:00:00,2022-10-24T03:59:59
20442,16100016,16110048,791300002,2,1,512,1,0,15,2,1,0,0,100,1,2022-10-22T04:00:00,2022-10-24T03:59:59
20443,16100016,16110048,791300002,2,1,519,1,0,15,2,1,0,0,100,1,2022-10-22T04:00:00,2022-10-24T03:59:59
20444,16100016,16110048,791300002,2,1,101,1,0,15,2,1,0,0,100,1,2022-10-29T04:00:00,2022-10-31T03:59:59
20445,16100016,16110048,791300002,2,1,512,1,0,15,2,1,0,0,100,1,2022-10-29T04:00:00,2022-10-31T03:59:59
20446,16100016,16110048,791300002,2,1,519,1,0,15,2,1,0,0,100,1,2022-10-29T04:00:00,2022-10-31T03:59:59
20464,16100045,16110043,791300004,2,2,303,0,0,1,2,1,0,0,0,1,2022-11-12T04:00:00,2022-11-14T03:59:59
20465,16100045,16110043,791300004,2,2,303,0,0,1,2,1,0,0,0,1,2022-11-19T04:00:00,2022-11-21T03:59:59
20466,16100045,16110043,791300004,2,2,303,0,0,1,2,1,0,0,0,1,2022-11-23T04:00:00,2022-11-24T03:59:59
20467,16100045,16110043,791300004,2,2,303,0,0,1,2,1,0,0,0,1,2022-11-26T04:00:00,2022-11-28T03:59:59
20485,16100029,16110024,791300015,2,2,140,0,0,1,2,-0.5,0,0,0,1,2022-11-15T10:35:00,2022-11-22T10:29:59
20486,16100026,16110021,791300015,2,2,110,0,0,1,2,-0.5,0,0,0,1,2022-11-15T10:35:00,2022-11-22T10:29:59
20487,16100016,16110053,791300002,2,1,101,1,0,10,2,1,0,0,160,1,2022-11-15T10:30:00,2022-11-30T23:59:59
20488,16100016,16110053,791300002,2,1,512,1,0,10,2,1,0,0,160,1,2022-11-15T10:30:00,2022-11-30T23:59:59
20489,16100016,16110053,791300002,2,1,519,1,0,10,2,1,0,0,160,1,2022-11-15T10:30:00,2022-11-30T23:59:59
20490,16100025,16110020,791300015,2,2,100,0,0,1,2,-0.5,0,0,0,1,2022-11-15T10:30:00,2022-11-22T10:29:59
20491,16100027,16110022,791300015,2,2,120,0,0,1,2,-0.5,0,0,0,1,2022-11-15T10:30:00,2022-11-22T10:29:59
20492,16100029,16110024,791300015,2,2,140,0,0,1,2,-0.5,0,0,0,1,2022-11-22T10:30:00,2022-11-30T23:59:59
20493,16100026,16110021,791300015,2,2,110,0,0,1,2,-0.5,0,0,0,1,2022-11-22T10:30:00,2022-11-30T23:59:59
20494,16100045,16110043,791300004,2,2,303,0,0,1,2,1,0,0,0,1,2022-12-03T04:00:00,2022-12-05T03:59:59
20495,16100045,16110043,791300004,2,2,303,0,0,1,2,1,0,0,0,1,2022-12-10T04:00:00,2022-12-12T03:59:59
20496,16100045,16110043,791300004,2,2,303,0,0,1,2,1,0,0,0,1,2022-12-17T04:00:00,2022-12-19T03:59:59
20497,16100045,16110043,791300004,2,2,303,0,0,1,2,1,0,0,0,1,2022-12-24T04:00:00,2022-12-26T03:59:59
20498,16100039,16110034,791300025,2,2,260,0,0,1,2,-0.5,0,0,0,1,2022-12-07T10:35:00,2022-12-15T10:29:59
20499,16100016,16110054,791300002,2,1,101,1,0,10,2,2,0,0,180,1,2022-12-23T10:35:00,2022-12-31T10:29:59
20500,16100016,16110054,791300002,2,1,512,1,0,10,2,2,0,0,180,1,2022-12-23T10:35:00,2022-12-31T10:29:59
20501,16100016,16110054,791300002,2,1,519,1,0,10,2,2,0,0,180,1,2022-12-23T10:35:00,2022-12-31T10:29:59
20502,16100025,16110020,791300015,2,2,100,0,0,1,2,-0.5,0,0,0,1,2023-01-01T00:00:00,2023-01-08T23:59:59
20503,16100027,16110022,791300015,2,2,120,0,0,1,2,-0.5,0,0,0,1,2023-01-01T00:00:00,2023-01-08T23:59:59
20504,16100029,16110024,791300015,2,2,140,0,0,1,2,-0.5,0,0,0,1,2023-01-09T00:00:00,2023-01-17T10:29:59
20505,16100026,16110021,791300015,2,2,110,0,0,1,2,-0.5,0,0,0,1,2023-01-09T00:00:00,2023-01-17T10:29:59
20506,16100045,16110043,791300004,2,2,303,0,0,1,2,1,0,0,0,1,2022-12-31T04:00:00,2023-01-04T03:59:59
20507,16100045,16110043,791300004,2,2,303,0,0,1,2,1,0,0,0,1,2023-01-07T04:00:00,2023-01-10T03:59:59
20508,16100045,16110043,791300004,2,2,303,0,0,1,2,1,0,0,0,1,2023-01-14T04:00:00,2023-01-16T03:59:59
20509,16100045,16110043,791300004,2,2,303,0,0,1,2,1,0,0,0,1,2023-01-21T04:00:00,2023-01-23T03:59:59
20510,16100045,16110043,791300004,2,2,303,0,0,1,2,1,0,0,0,1,2023-01-28T04:00:00,2023-01-30T03:59:59
20512,16100054,16110061,791300002,2,1,101,1,0,11,2,1,0,0,180,1,2023-02-04T10:35:00,2023-02-28T10:29:59
20513,16100054,16110061,791300002,2,1,512,1,0,11,2,1,0,0,180,1,2023-02-04T10:35:00,2023-02-28T10:29:59
20514,16100054,16110061,791300002,2,1,519,1,0,11,2,1,0,0,180,1,2023-02-04T10:35:00,2023-02-28T10:29:59
20532,16100045,16110043,791300004,2,2,303,0,0,1,2,1,0,0,0,1,2023-02-04T04:00:00,2023-02-06T03:59:59
20533,16100045,16110043,791300004,2,2,303,0,0,1,2,1,0,0,0,1,2023-02-11T04:00:00,2023-02-13T03:59:59
20534,16100045,16110043,791300004,2,2,303,0,0,1,2,1,0,0,0,1,2023-02-18T04:00:00,2023-02-20T03:59:59
20535,16100045,16110043,791300004,2,2,303,0,0,1,2,1,0,0,0,1,2023-02-23T04:00:00,2023-02-24T03:59:59
20536,16100045,16110043,791300004,2,2,303,0,0,1,2,1,0,0,0,1,2023-02-25T04:00:00,2023-02-27T03:59:59
20557,16100025,16110020,791300015,2,2,100,0,0,1,2,-0.5,0,0,0,1,2023-02-10T10:35:00,2023-02-19T10:29:59
20558,16100026,16110021,791300015,2,2,110,0,0,1,2,-0.5,0,0,0,1,2023-02-10T10:35:00,2023-02-19T10:29:59
20559,16100027,16110022,791300015,2,2,120,0,0,1,2,-0.5,0,0,0,1,2023-02-10T10:35:00,2023-02-19T10:29:59
20560,16100029,16110024,791300015,2,2,140,0,0,1,2,-0.5,0,0,0,1,2023-02-10T10:35:00,2023-02-19T10:29:59
20561,16100047,16110046,791300004,2,2,300,0,0,1,2,1,0,0,0,1,2023-02-17T10:35:00,2023-02-28T03:59:59
20562,16100043,16110041,791300001,2,2,301,0,0,1,2,1,0,0,0,1,2023-02-17T10:35:00,2023-02-28T03:59:59
20563,16100044,16110042,791300004,2,2,302,0,0,1,2,1,0,0,0,1,2023-02-17T10:35:00,2023-02-28T03:59:59
20564,16100037,16110062,791300021,2,2,231,0,0,1,2,1,0,0,0,1,2023-02-17T10:35:00,2023-02-28T03:59:59
20565,16100037,16110062,791300021,2,2,230,0,0,1,2,1,0,0,0,1,2023-02-17T10:35:00,2023-02-28T03:59:59
20566,16100039,16110034,791300025,2,2,260,0,0,1,2,-0.5,0,0,0,1,2023-02-17T10:35:00,2023-02-28T03:59:59
20567,16100042,16110039,791300015,2,2,121,0,0,1,2,-0.5,0,0,0,1,2023-02-17T10:35:00,2023-02-28T03:59:59
20568,16100045,16110043,791300004,2,2,303,0,0,1,2,1,0,0,0,1,2023-03-04T04:00:00,2023-03-06T03:59:59
20569,16100045,16110043,791300004,2,2,303,0,0,1,2,1,0,0,0,1,2023-03-11T04:00:00,2023-03-13T03:59:59
20570,16100045,16110043,791300004,2,2,303,0,0,1,2,1,0,0,0,1,2023-03-18T04:00:00,2023-03-20T03:59:59
20571,16100045,16110043,791300004,2,2,303,0,0,1,2,1,0,0,0,1,2023-03-21T04:00:00,2023-03-22T03:59:59
20572,16100045,16110043,791300004,2,2,303,0,0,1,2,1,0,0,0,1,2023-03-25T04:00:00,2023-03-27T03:59:59
20573,16100045,16110043,791300004,2,2,303,0,0,1,2,1,0,0,0,1,2023-04-01T04:00:00,2023-04-03T03:59:59
20574,16100045,16110043,791300004,2,2,303,0,0,1,2,1,0,0,0,1,2023-04-08T04:00:00,2023-04-10T03:59:59
20575,16100045,16110043,791300004,2,2,303,0,0,1,2,1,0,0,0,1,2023-04-15T04:00:00,2023-04-17T03:59:59
20576,16100045,16110043,791300004,2,2,303,0,0,1,2,1,0,0,0,1,2023-04-22T04:00:00,2023-04-24T03:59:59
20577,16100057,16110020,791300015,2,2,100,0,0,1,2,-0.5,0,0,0,1,2023-04-20T10:35:00,2023-05-19T03:59:59
20578,16100058,16110021,791300015,2,2,110,0,0,1,2,-0.5,0,0,0,1,2023-04-20T10:35:00,2023-05-19T03:59:59
20579,16100059,16110022,791300015,2,2,120,0,0,1,2,-0.5,0,0,0,1,2023-04-20T10:35:00,2023-05-19T03:59:59
20580,16100060,16110024,791300015,2,2,140,0,0,1,2,-0.5,0,0,0,1,2023-04-20T10:35:00,2023-05-19T03:59:59
20581,16100061,16110063,791300002,2,1,101,1,0,16,2,1,0,0,220,1,2023-04-20T10:35:00,2023-05-19T03:59:59
20582,16100061,16110063,791300002,2,1,512,1,0,16,2,1,0,0,220,1,2023-04-20T10:35:00,2023-05-19T03:59:59
20583,16100061,16110063,791300002,2,1,519,1,0,16,2,1,0,0,220,1,2023-04-20T10:35:00,2023-05-19T03:59:59
20584,16100062,16110064,791300003,2,1,519,5,3,3,2,0.5,0,0,0,1,2023-04-20T10:35:00,2023-05-19T03:59:59
20585,16100063,16110043,791300004,2,2,303,0,0,1,2,1,0,0,0,1,2023-04-28T04:00:00,2023-05-08T03:59:59
20586,16100045,16110043,791300004,2,2,303,0,0,1,2,1,0,0,0,1,2023-05-13T04:00:00,2023-05-15T03:59:59
20587,16100045,16110043,791300004,2,2,303,0,0,1,2,1,0,0,0,1,2023-05-20T04:00:00,2023-05-22T03:59:59
20588,16100045,16110043,791300004,2,2,303,0,0,1,2,1,0,0,0,1,2023-05-27T04:00:00,2023-05-29T03:59:59
20589,16100039,16110034,791300025,2,2,260,0,0,1,2,-0.5,0,0,0,1,2023-05-10T10:35:00,2023-05-31T10:29:59
20590,16100036,16110037,791300020,2,2,211,0,0,1,2,1,0,0,0,1,2023-05-10T10:35:00,2023-05-31T10:29:59
20591,16100036,16110037,791300020,2,2,201,0,0,1,2,1,0,0,0,1,2023-05-10T10:35:00,2023-05-31T10:29:59
20592,16100045,16110043,791300004,2,2,303,0,0,1,2,1,0,0,0,1,2023-06-03T04:00:00,2023-06-05T03:59:59
20593,16100045,16110043,791300004,2,2,303,0,0,1,2,1,0,0,0,1,2023-06-10T04:00:00,2023-06-12T03:59:59
20594,16100045,16110043,791300004,2,2,303,0,0,1,2,1,0,0,0,1,2023-06-17T04:00:00,2023-06-19T03:59:59
20595,16100045,16110043,791300004,2,2,303,0,0,1,2,1,0,0,0,1,2023-06-24T04:00:00,2023-06-26T03:59:59
20596,16100039,16110034,791300025,2,2,260,0,0,1,2,-0.5,0,0,0,1,2023-06-07T10:35:00,2023-06-15T23:59:59
20597,16100064,16110065,791300002,2,1,101,1,0,17,2,2,0,0,260,1,2023-06-30T10:35:00,2023-07-07T10:29:59
20598,16100064,16110065,791300002,2,1,512,1,0,17,2,2,0,0,260,1,2023-06-30T10:35:00,2023-07-07T10:29:59
20599,16100064,16110065,791300002,2,1,519,1,0,17,2,2,0,0,260,1,2023-06-30T10:35:00,2023-07-07T10:29:59
20600,16100045,16110043,791300004,2,2,303,0,0,1,2,1,0,0,0,1,2023-07-01T04:00:00,2023-07-03T03:59:59
20601,16100045,16110043,791300004,2,2,303,0,0,1,2,1,0,0,0,1,2023-07-08T04:00:00,2023-07-10T03:59:59
20602,16100045,16110043,791300004,2,2,303,0,0,1,2,1,0,0,0,1,2023-07-15T04:00:00,2023-07-18T03:59:59
20603,16100045,16110043,791300004,2,2,303,0,0,1,2,1,0,0,0,1,2023-07-22T04:00:00,2023-07-24T03:59:59
20604,16100045,16110043,791300004,2,2,303,0,0,1,2,1,0,0,0,1,2023-07-29T04:00:00,2023-07-31T03:59:59
20608,16100065,16110066,791300003,2,1,519,5,3,4,2,1,0,0,0,1,2023-07-07T10:35:00,2023-07-20T10:29:59
20612,16100067,16110068,791300002,2,1,101,1,0,19,2,1,0,0,260,1,2023-07-26T10:35:00,2023-08-31T10:29:59
20613,16100067,16110068,791300002,2,1,512,1,0,19,2,1,0,0,260,1,2023-07-26T10:35:00,2023-08-31T10:29:59
20614,16100067,16110068,791300002,2,1,519,1,0,19,2,1,0,0,260,1,2023-07-26T10:35:00,2023-08-31T10:29:59
20615,16100068,16110064,791300003,2,1,519,5,3,4,2,0.5,0,0,0,1,2023-07-26T10:35:00,2023-08-31T10:29:59
20616,16100069,16110020,791300015,2,2,100,0,0,1,2,-0.5,0,0,0,1,2023-07-26T10:35:00,2023-08-10T10:29:59
20617,16100070,16110022,791300015,2,2,120,0,0,1,2,-0.5,0,0,0,1,2023-07-26T10:35:00,2023-08-10T10:29:59
20635,16100045,16110043,791300004,2,2,303,0,0,1,2,1,0,0,0,1,2023-08-01T04:00:00,2023-08-03T03:59:59
20636,16100045,16110043,791300004,2,2,303,0,0,1,2,1,0,0,0,1,2023-08-05T04:00:00,2023-08-07T03:59:59
20637,16100045,16110043,791300004,2,2,303,0,0,1,2,1,0,0,0,1,2023-08-08T04:00:00,2023-08-10T03:59:59
20638,16100045,16110043,791300004,2,2,303,0,0,1,2,1,0,0,0,1,2023-08-11T04:00:00,2023-08-14T03:59:59
20639,16100045,16110043,791300004,2,2,303,0,0,1,2,1,0,0,0,1,2023-08-15T04:00:00,2023-08-17T03:59:59
20640,16100045,16110043,791300004,2,2,303,0,0,1,2,1,0,0,0,1,2023-08-19T04:00:00,2023-08-21T03:59:59
20641,16100045,16110043,791300004,2,2,303,0,0,1,2,1,0,0,0,1,2023-08-22T04:00:00,2023-08-24T03:59:59
20642,16100045,16110043,791300004,2,2,303,0,0,1,2,1,0,0,0,1,2023-08-26T04:00:00,2023-08-28T03:59:59
20643,16100045,16110043,791300004,2,2,303,0,0,1,2,1,0,0,0,1,2023-08-29T04:00:00,2023-08-31T03:59:59
20644,16100072,16110020,791300015,2,2,100,0,0,1,2,-0.5,0,0,0,1,2023-08-10T10:35:00,2023-08-18T03:59:59
20645,16100073,16110022,791300015,2,2,120,0,0,1,2,-0.5,0,0,0,1,2023-08-10T10:35:00,2023-08-18T03:59:59
20646,16100074,16110039,791300015,2,2,121,0,0,1,2,-0.5,0,0,0,1,2023-08-10T10:35:00,2023-08-18T03:59:59
20647,16100075,16110021,791300015,2,2,110,0,0,1,2,-0.5,0,0,0,1,2023-08-18T10:35:00,2023-08-31T03:59:59
20648,16100076,16110024,791300015,2,2,140,0,0,1,2,-0.5,0,0,0,1,2023-08-18T10:35:00,2023-08-31T03:59:59
20649,16100077,16110034,791300025,2,2,260,0,0,1,2,-0.5,0,0,0,1,2023-08-18T10:35:00,2023-08-31T03:59:59
20650,16100078,16110037,791300020,2,2,211,0,0,1,2,1,0,0,0,1,2023-08-24T10:35:00,2023-09-07T10:29:59
20651,16100078,16110037,791300020,2,2,201,0,0,1,2,1,0,0,0,1,2023-08-24T10:35:00,2023-09-07T10:29:59
20652,16100045,16110043,791300004,2,2,303,0,0,1,2,1,0,0,0,1,2023-09-02T04:00:00,2023-09-04T03:59:59
20653,16100045,16110043,791300004,2,2,303,0,0,1,2,1,0,0,0,1,2023-09-09T04:00:00,2023-09-11T03:59:59
20654,16100045,16110043,791300004,2,2,303,0,0,1,2,1,0,0,0,1,2023-09-16T04:00:00,2023-09-19T03:59:59
20655,16100045,16110043,791300004,2,2,303,0,0,1,2,1,0,0,0,1,2023-09-23T04:00:00,2023-09-25T03:59:59
20656,16100045,16110043,791300004,2,2,303,0,0,1,2,1,0,0,0,1,2023-09-30T04:00:00,2023-10-02T03:59:59
20674,16100080,16110068,791300002,2,1,101,1,0,19,2,1,0,0,260,1,2023-09-15T10:35:00,2023-09-27T10:29:59
20675,16100080,16110068,791300002,2,1,512,1,0,19,2,1,0,0,260,1,2023-09-15T10:35:00,2023-09-27T10:29:59
20676,16100080,16110068,791300002,2,1,519,1,0,19,2,1,0,0,260,1,2023-09-15T10:35:00,2023-09-27T10:29:59
20677,16100081,16110020,791300015,2,2,100,0,0,1,2,-0.5,0,0,0,1,2023-09-15T10:35:00,2023-09-27T10:29:59
20678,16100082,16110022,791300015,2,2,120,0,0,1,2,-0.5,0,0,0,1,2023-09-15T10:35:00,2023-09-27T10:29:59
20679,16100083,16110046,791300004,2,2,300,0,0,1,2,1,0,0,0,1,2023-09-15T10:35:00,2023-09-27T10:29:59
20680,16100084,16110041,791300001,2,2,301,0,0,1,2,1,0,0,0,1,2023-09-15T10:35:00,2023-09-27T10:29:59
20681,16100085,16110043,791300004,2,2,303,0,0,1,2,1,0,0,0,1,2023-09-19T04:00:00,2023-09-23T03:59:59
20682,16100045,16110043,791300004,2,2,303,0,0,1,2,1,0,0,0,1,2023-10-07T04:00:00,2023-10-10T03:59:59
20683,16100045,16110043,791300004,2,2,303,0,0,1,2,1,0,0,0,1,2023-10-14T04:00:00,2023-10-16T03:59:59
20684,16100045,16110043,791300004,2,2,303,0,0,1,2,1,0,0,0,1,2023-10-21T04:00:00,2023-10-23T03:59:59
20685,16100045,16110043,791300004,2,2,303,0,0,1,2,1,0,0,0,1,2023-10-28T04:00:00,2023-10-30T03:59:59
20712,16100087,16110071,791300002,2,1,101,1,0,19,2,1,0,0,300,1,2023-10-30T10:35:00,2023-11-08T10:29:59
20713,16100087,16110071,791300002,2,1,512,1,0,19,2,1,0,0,300,1,2023-10-30T10:35:00,2023-11-08T10:29:59
20714,16100087,16110071,791300002,2,1,519,1,0,19,2,1,0,0,300,1,2023-10-30T10:35:00,2023-11-08T10:29:59
20715,16100088,16110064,791300003,2,1,519,5,3,4,2,0.5,0,0,0,1,2023-10-30T10:35:00,2023-11-08T10:29:59
20716,16100045,16110043,791300004,2,2,303,0,0,1,2,1,0,0,0,1,2023-10-30T10:35:00,2023-11-03T03:59:59
20717,16100045,16110043,791300004,2,2,303,0,0,1,2,1,0,0,0,1,2023-11-03T04:00:00,2023-11-06T03:59:59
20718,16100045,16110043,791300004,2,2,303,0,0,1,2,1,0,0,0,1,2023-11-11T04:00:00,2023-11-13T03:59:59
20719,16100045,16110043,791300004,2,2,303,0,0,1,2,1,0,0,0,1,2023-11-18T04:00:00,2023-11-20T03:59:59
20720,16100045,16110043,791300004,2,2,303,0,0,1,2,1,0,0,0,1,2023-11-23T04:00:00,2023-11-24T03:59:59
20721,16100045,16110043,791300004,2,2,303,0,0,1,2,1,0,0,0,1,2023-11-25T04:00:00,2023-11-27T03:59:59
20722,16100089,16110020,791300015,2,2,100,0,0,1,2,-0.5,0,0,0,1,2023-11-07T10:35:00,2023-11-16T10:29:59
20723,16100090,16110022,791300015,2,2,120,0,0,1,2,-0.5,0,0,0,1,2023-11-07T10:35:00,2023-11-16T10:29:59
20724,16100091,16110039,791300015,2,2,121,0,0,1,2,-0.5,0,0,0,1,2023-11-07T10:35:00,2023-11-16T10:29:59
20725,16100092,16110021,791300015,2,2,110,0,0,1,2,-0.5,0,0,0,1,2023-11-16T10:35:00,2023-11-30T10:29:59
20726,16100093,16110024,791300015,2,2,140,0,0,1,2,-0.5,0,0,0,1,2023-11-16T10:35:00,2023-11-30T10:29:59
20727,16100094,16110034,791300025,2,2,260,0,0,1,2,-0.5,0,0,0,1,2023-11-16T10:35:00,2023-11-30T10:29:59
20728,16100045,16110043,791300004,2,2,303,0,0,1,2,1,0,0,0,1,2023-12-02T04:00:00,2023-12-04T03:59:59
20729,16100045,16110043,791300004,2,2,303,0,0,1,2,1,0,0,0,1,2023-12-09T04:00:00,2023-12-11T03:59:59
20730,16100045,16110043,791300004,2,2,303,0,0,1,2,1,0,0,0,1,2023-12-16T04:00:00,2023-12-18T03:59:59
20731,16100045,16110043,791300004,2,2,303,0,0,1,2,1,0,0,0,1,2023-12-23T04:00:00,2023-12-25T03:59:59
20735,16100045,16110043,791300004,2,2,303,0,0,1,2,1,0,0,0,1,2023-12-29T04:00:00,2024-01-09T03:59:59
20736,16100096,16110020,791300015,2,2,100,0,0,1,2,-0.5,0,0,0,1,2024-01-01T00:00:00,2024-01-12T10:29:59
20737,16100097,16110022,791300015,2,2,120,0,0,1,2,-0.5,0,0,0,1,2024-01-01T00:00:00,2024-01-12T10:29:59
20738,16100098,16110021,791300015,2,2,110,0,0,1,2,-0.5,0,0,0,1,2024-01-01T00:00:00,2024-01-12T10:29:59
20739,16100099,16110024,791300015,2,2,140,0,0,1,2,-0.5,0,0,0,1,2024-01-01T00:00:00,2024-01-12T10:29:59
20740,16100100,16110039,791300015,2,2,121,0,0,1,2,-0.5,0,0,0,1,2024-01-01T00:00:00,2024-01-12T10:29:59
20741,16100101,16110066,791300003,2,1,519,5,3,4,2,1,0,0,0,1,2024-01-01T00:00:00,2024-01-12T10:29:59
20742,16100045,16110043,791300004,2,2,303,0,0,1,2,1,0,0,0,1,2024-01-13T04:00:00,2024-01-15T03:59:59
20743,16100045,16110043,791300004,2,2,303,0,0,1,2,1,0,0,0,1,2024-01-20T04:00:00,2024-01-22T03:59:59
20744,16100045,16110043,791300004,2,2,303,0,0,1,2,1,0,0,0,1,2024-01-27T04:00:00,2024-01-29T03:59:59
20755,16100088,16110066,791300003,2,1,519,5,3,4,2,1,0,0,0,1,2024-01-31T10:35:00,2024-02-29T10:29:59
20756,16100045,16110043,791300004,2,2,303,0,0,1,2,1,0,0,0,1,2024-02-03T04:00:00,2024-02-05T03:59:59
20757,16100045,16110043,791300004,2,2,303,0,0,1,2,1,0,0,0,1,2024-02-10T04:00:00,2024-02-13T03:59:59
20758,16100045,16110043,791300004,2,2,303,0,0,1,2,1,0,0,0,1,2024-02-17T04:00:00,2024-02-19T03:59:59
20759,16100045,16110043,791300004,2,2,303,0,0,1,2,1,0,0,0,1,2024-02-23T04:00:00,2024-02-26T03:59:59
20760,16100104,16110020,791300015,2,2,100,0,0,1,2,-0.5,0,0,0,1,2024-02-08T10:35:00,2024-02-29T10:29:59
20761,16100105,16110022,791300015,2,2,120,0,0,1,2,-0.5,0,0,0,1,2024-02-08T10:35:00,2024-02-29T10:29:59
20762,16100106,16110021,791300015,2,2,110,0,0,1,2,-0.5,0,0,0,1,2024-02-08T10:35:00,2024-02-29T10:29:59
20763,16100107,16110024,791300015,2,2,140,0,0,1,2,-0.5,0,0,0,1,2024-02-08T10:35:00,2024-02-29T10:29:59
20764,16100108,16110039,791300015,2,2,121,0,0,1,2,-0.5,0,0,0,1,2024-02-08T10:35:00,2024-02-29T10:29:59
20765,16100109,16110078,791300015,2,2,123,0,0,1,2,-0.5,0,0,0,1,2024-02-08T10:35:00,2024-02-29T10:29:59
20766,16100045,16110043,791300004,2,2,303,0,0,1,2,1,0,0,0,1,2024-03-02T04:00:00,2024-03-04T03:59:59
20767,16100045,16110043,791300004,2,2,303,0,0,1,2,1,0,0,0,1,2024-03-09T04:00:00,2024-03-11T03:59:59
20768,16100045,16110043,791300004,2,2,303,0,0,1,2,1,0,0,0,1,2024-03-16T04:00:00,2024-03-18T03:59:59
20769,16100045,16110043,791300004,2,2,303,0,0,1,2,1,0,0,0,1,2024-03-20T04:00:00,2024-03-21T03:59:59
20770,16100045,16110043,791300004,2,2,303,0,0,1,2,1,0,0,0,1,2024-03-23T04:00:00,2024-03-25T03:59:59
20771,16100045,16110043,791300004,2,2,303,0,0,1,2,1,0,0,0,1,2024-03-31T04:00:00,2024-04-01T03:59:59
20790,16100112,16110080,791300004,2,2,304,0,0,1,2,2,0,0,0,1,2024-03-22T10:35:00,2024-04-05T10:29:59
20794,16100045,16110043,791300004,2,2,303,0,0,1,2,1,0,0,0,1,2024-04-06T04:00:00,2024-04-08T03:59:59
20795,16100045,16110043,791300004,2,2,303,0,0,1,2,1,0,0,0,1,2024-04-13T04:00:00,2024-04-15T03:59:59
20796,16100045,16110043,791300004,2,2,303,0,0,1,2,1,0,0,0,1,2024-04-20T04:00:00,2024-04-22T03:59:59
20797,16100045,16110043,791300004,2,2,303,0,0,1,2,1,0,0,0,1,2024-04-27T04:00:00,2024-05-07T03:59:59
20798,16100045,16110043,791300004,2,2,303,0,0,1,2,1,0,0,0,1,2024-03-30T04:00:00,2024-03-31T03:59:59
20805,16100114,16110084,791300002,2,1,101,1,0,19,2,1,0,0,420,1,2024-04-25T10:35:00,2024-04-30T10:29:59
20806,16100114,16110084,791300002,2,1,512,1,0,19,2,1,0,0,420,1,2024-04-25T10:35:00,2024-04-30T10:29:59
20807,16100114,16110084,791300002,2,1,519,1,0,19,2,1,0,0,420,1,2024-04-25T10:35:00,2024-04-30T10:29:59
20808,16100115,16110020,791300015,2,2,100,0,0,1,2,-0.5,0,0,0,1,2024-04-30T10:35:00,2024-05-16T10:29:59
20809,16100116,16110021,791300015,2,2,110,0,0,1,2,-0.5,0,0,0,1,2024-04-30T10:35:00,2024-05-16T10:29:59
20810,16100117,16110022,791300015,2,2,120,0,0,1,2,-0.5,0,0,0,1,2024-04-30T10:35:00,2024-05-16T10:29:59
20811,16100118,16110024,791300015,2,2,140,0,0,1,2,-0.5,0,0,0,1,2024-04-30T10:35:00,2024-05-16T10:29:59
20812,16100119,16110085,791300015,2,2,121,0,0,1,2,-0.5,0,0,0,1,2024-04-30T10:35:00,2024-05-16T10:29:59
20813,16100120,16110078,791300015,2,2,123,0,0,1,2,-0.5,0,0,0,1,2024-04-30T10:35:00,2024-05-16T10:29:59
20814,16100045,16110043,791300004,2,2,303,0,0,1,2,1,0,0,0,1,2024-05-11T04:00:00,2024-05-13T03:59:59
20815,16100045,16110043,791300004,2,2,303,0,0,1,2,1,0,0,0,1,2024-05-18T04:00:00,2024-05-20T03:59:59
20816,16100045,16110043,791300004,2,2,303,0,0,1,2,1,0,0,0,1,2024-05-25T04:00:00,2024-05-27T03:59:59
20817,16100045,16110043,791300004,2,2,303,0,0,1,2,1,0,0,0,1,2024-06-01T04:00:00,2024-06-03T03:59:59
20818,16100045,16110043,791300004,2,2,303,0,0,1,2,1,0,0,0,1,2024-06-08T04:00:00,2024-06-10T03:59:59
20819,16100045,16110043,791300004,2,2,303,0,0,1,2,1,0,0,0,1,2024-06-15T04:00:00,2024-06-17T03:59:59
20820,16100045,16110043,791300004,2,2,303,0,0,1,2,1,0,0,0,1,2024-06-22T04:00:00,2024-06-24T03:59:59
20821,16100045,16110043,791300004,2,2,303,0,0,1,2,1,0,0,0,1,2024-06-29T04:00:00,2024-07-01T03:59:59
20822,16100045,16110043,791300004,2,2,303,0,0,1,2,1,0,0,0,1,2024-07-06T04:00:00,2024-07-08T03:59:59
20823,16100045,16110043,791300004,2,2,303,0,0,1,2,1,0,0,0,1,2024-07-13T04:00:00,2024-07-16T03:59:59
20824,16100045,16110043,791300004,2,2,303,0,0,1,2,1,0,0,0,1,2024-07-20T04:00:00,2024-07-22T03:59:59
20825,16100045,16110043,791300004,2,2,303,0,0,1,2,1,0,0,0,1,2024-07-27T04:00:00,2024-07-29T03:59:59
20832,16100121,16110087,791300002,2,1,101,1,0,19,2,1,0,0,460,1,2024-07-30T10:35:00,2024-08-06T10:29:59
20833,16100121,16110087,791300002,2,1,512,1,0,19,2,1,0,0,460,1,2024-07-30T10:35:00,2024-08-06T10:29:59
20834,16100121,16110087,791300002,2,1,519,1,0,19,2,1,0,0,460,1,2024-07-30T10:35:00,2024-08-06T10:29:59
20835,16100045,16110043,791300004,2,2,303,0,0,1,2,1,0,0,0,1,2024-08-03T04:00:00,2024-08-05T03:59:59
20836,16100045,16110043,791300004,2,2,303,0,0,1,2,1,0,0,0,1,2024-08-10T04:00:00,2024-08-13T03:59:59
20837,16100045,16110043,791300004,2,2,303,0,0,1,2,1,0,0,0,1,2024-08-17T04:00:00,2024-08-19T03:59:59
20838,16100045,16110043,791300004,2,2,303,0,0,1,2,1,0,0,0,1,2024-08-24T04:00:00,2024-08-26T03:59:59
20839,16100045,16110043,791300004,2,2,303,0,0,1,2,1,0,0,0,1,2024-08-31T04:00:00,2024-09-02T03:59:59
20840,16100122,16110020,791300015,2,2,100,0,0,1,2,-0.5,0,0,0,1,2024-08-06T10:35:00,2024-08-25T10:29:59
20841,16100123,16110021,791300015,2,2,110,0,0,1,2,-0.5,0,0,0,1,2024-08-06T10:35:00,2024-08-25T10:29:59
20842,16100124,16110022,791300015,2,2,120,0,0,1,2,-0.5,0,0,0,1,2024-08-06T10:35:00,2024-08-25T10:29:59
20843,16100125,16110024,791300015,2,2,140,0,0,1,2,-0.5,0,0,0,1,2024-08-06T10:35:00,2024-08-25T10:29:59
20844,16100126,16110085,791300015,2,2,121,0,0,1,2,-0.5,0,0,0,1,2024-08-06T10:35:00,2024-08-25T10:29:59
20845,16100127,16110078,791300015,2,2,123,0,0,1,2,-0.5,0,0,0,1,2024-08-06T10:35:00,2024-08-25T10:29:59
20846,16100045,16110043,791300004,2,2,303,0,0,1,2,1,0,0,0,1,2024-09-07T04:00:00,2024-09-09T03:59:59
20847,16100045,16110043,791300004,2,2,303,0,0,1,2,1,0,0,0,1,2024-09-14T04:00:00,2024-09-24T03:59:59
20848,16100045,16110043,791300004,2,2,303,0,0,1,2,1,0,0,0,1,2024-09-28T04:00:00,2024-09-30T03:59:59
20849,16100080,16110084,791300002,2,1,101,1,0,19,2,1,0,0,420,1,2024-09-13T10:35:00,2024-09-23T10:29:59
20850,16100080,16110084,791300002,2,1,512,1,0,19,2,1,0,0,420,1,2024-09-13T10:35:00,2024-09-23T10:29:59
20851,16100080,16110084,791300002,2,1,519,1,0,19,2,1,0,0,420,1,2024-09-13T10:35:00,2024-09-23T10:29:59
20852,16100081,16110020,791300015,2,2,100,0,0,1,2,-0.5,0,0,0,1,2024-09-13T10:35:00,2024-09-23T10:29:59
20853,16100082,16110022,791300015,2,2,120,0,0,1,2,-0.5,0,0,0,1,2024-09-13T10:35:00,2024-09-23T10:29:59
20854,16100083,16110046,791300004,2,2,300,0,0,1,2,1,0,0,0,1,2024-09-13T10:35:00,2024-09-23T10:29:59
20855,16100084,16110041,791300001,2,2,301,0,0,1,2,1,0,0,0,1,2024-09-13T10:35:00,2024-09-23T10:29:59
20856,16100045,16110043,791300004,2,2,303,0,0,1,2,1,0,0,0,1,2024-10-05T04:00:00,2024-10-07T03:59:59
20857,16100045,16110043,791300004,2,2,303,0,0,1,2,1,0,0,0,1,2024-10-12T04:00:00,2024-10-15T03:59:59
20858,16100045,16110043,791300004,2,2,303,0,0,1,2,1,0,0,0,1,2024-10-18T04:00:00,2024-10-28T03:59:59
20864,16100045,16110043,791300004,2,2,303,0,0,1,2,1,0,0,0,1,2024-11-16T04:00:00,2024-11-18T03:59:59
20865,16100045,16110043,791300004,2,2,303,0,0,1,2,1,0,0,0,1,2024-11-23T04:00:00,2024-11-25T03:59:59
20866,16100045,16110043,791300004,2,2,303,0,0,1,2,1,0,0,0,1,2024-11-30T04:00:00,2024-12-02T03:59:59
20867,16100129,16110087,791300002,2,1,101,1,0,19,2,1,0,0,460,1,2024-10-31T10:35:00,2024-11-07T10:29:59
20868,16100129,16110087,791300002,2,1,512,1,0,19,2,1,0,0,460,1,2024-10-31T10:35:00,2024-11-07T10:29:59
20869,16100129,16110087,791300002,2,1,519,1,0,19,2,1,0,0,460,1,2024-10-31T10:35:00,2024-11-07T10:29:59
20876,16100045,16110043,791300004,2,2,303,0,0,1,2,1,0,0,0,1,2024-11-02T04:00:00,2024-11-11T03:59:59
20877,16100130,16110020,791300015,2,2,100,0,0,1,2,-0.5,0,0,0,1,2024-11-07T10:35:00,2024-11-29T10:29:59
20878,16100131,16110021,791300015,2,2,110,0,0,1,2,-0.5,0,0,0,1,2024-11-07T10:35:00,2024-11-29T10:29:59
20879,16100132,16110022,791300015,2,2,120,0,0,1,2,-0.5,0,0,0,1,2024-11-07T10:35:00,2024-11-29T10:29:59
20880,16100133,16110024,791300015,2,2,140,0,0,1,2,-0.5,0,0,0,1,2024-11-07T10:35:00,2024-11-29T10:29:59
20881,16100134,16110085,791300015,2,2,121,0,0,1,2,-0.5,0,0,0,1,2024-11-07T10:35:00,2024-11-29T10:29:59
20882,16100135,16110078,791300015,2,2,123,0,0,1,2,-0.5,0,0,0,1,2024-11-07T10:35:00,2024-11-29T10:29:59
20883,16100136,16110034,791300025,2,2,260,0,0,1,2,-0.5,0,0,0,1,2024-11-15T10:35:00,2024-11-29T10:29:59
20884,16100045,16110043,791300004,2,2,303,0,0,1,2,1,0,0,0,1,2024-12-07T04:00:00,2024-12-09T03:59:59
20885,16100045,16110043,791300004,2,2,303,0,0,1,2,1,0,0,0,1,2024-12-14T04:00:00,2024-12-16T03:59:59
20886,16100045,16110043,791300004,2,2,303,0,0,1,2,1,0,0,0,1,2024-12-21T04:00:00,2024-12-23T03:59:59
20887,16100045,16110043,791300004,2,2,303,0,0,1,2,1,0,0,0,1,2024-12-28T04:00:00,2025-01-06T03:59:59
20892,16100137,16110020,791300015,2,2,100,0,0,1,2,-0.5,0,0,0,1,2025-01-01T00:00:00,2025-01-15T10:29:59
20893,16100138,16110022,791300015,2,2,120,0,0,1,2,-0.5,0,0,0,1,2025-01-01T00:00:00,2025-01-15T10:29:59
20894,16100139,16110021,791300015,2,2,110,0,0,1,2,-0.5,0,0,0,1,2025-01-01T00:00:00,2025-01-15T10:29:59
20895,16100140,16110024,791300015,2,2,140,0,0,1,2,-0.5,0,0,0,1,2025-01-01T00:00:00,2025-01-15T10:29:59
20896,16100141,16110039,791300015,2,2,121,0,0,1,2,-0.5,0,0,0,1,2025-01-01T00:00:00,2025-01-15T10:29:59
20897,16100101,16110066,791300003,2,1,519,5,3,4,2,1,0,0,0,1,2025-01-01T00:00:00,2025-01-15T10:29:59
20898,16100039,16110034,791300025,2,2,260,0,0,1,2,-0.5,0,0,0,1,2024-12-16T10:35:00,2024-12-24T10:29:59
20899,16100045,16110043,791300004,2,2,303,0,0,1,2,1,0,0,0,1,2025-01-11T04:00:00,2025-01-14T03:59:59
20900,16100045,16110043,791300004,2,2,303,0,0,1,2,1,0,0,0,1,2025-01-18T04:00:00,2025-01-20T03:59:59
20901,16100045,16110043,791300004,2,2,303,0,0,1,2,1,0,0,0,1,2025-01-25T04:00:00,2025-01-27T03:59:59
20902,16100142,16110088,791300002,2,1,101,1,0,19,2,1,0,0,500,1,2025-02-04T10:35:00,2025-02-10T10:29:59
20903,16100142,16110088,791300002,2,1,512,1,0,19,2,1,0,0,500,1,2025-02-04T10:35:00,2025-02-10T10:29:59
20904,16100142,16110088,791300002,2,1,519,1,0,19,2,1,0,0,500,1,2025-02-04T10:35:00,2025-02-10T10:29:59
20905,16100045,16110043,791300004,2,2,303,0,0,1,2,1,0,0,0,1,2025-02-08T04:00:00,2025-02-17T03:59:59
20906,16100045,16110043,791300004,2,2,303,0,0,1,2,1,0,0,0,1,2025-02-01T04:00:00,2025-02-03T03:59:59
20907,16100045,16110043,791300004,2,2,303,0,0,1,2,1,0,0,0,1,2025-02-22T04:00:00,2025-02-25T03:59:59
20908,16100143,16110020,791300015,2,2,100,0,0,1,2,-0.5,0,0,0,1,2025-02-10T10:35:00,2025-03-02T10:29:59
20909,16100144,16110021,791300015,2,2,110,0,0,1,2,-0.5,0,0,0,1,2025-02-10T10:35:00,2025-03-02T10:29:59
20910,16100145,16110022,791300015,2,2,120,0,0,1,2,-0.5,0,0,0,1,2025-02-10T10:35:00,2025-03-02T10:29:59
20911,16100146,16110024,791300015,2,2,140,0,0,1,2,-0.5,0,0,0,1,2025-02-10T10:35:00,2025-03-02T10:29:59
20912,16100147,16110085,791300015,2,2,121,0,0,1,2,-0.5,0,0,0,1,2025-02-10T10:35:00,2025-03-02T10:29:59
20913,16100148,16110078,791300015,2,2,123,0,0,1,2,-0.5,0,0,0,1,2025-02-10T10:35:00,2025-03-02T10:29:59
20914,16100149,16110034,791300025,2,2,260,0,0,1,2,-0.5,0,0,0,1,2025-02-18T10:35:00,2025-03-02T10:29:59
20915,16100045,16110043,791300004,2,2,303,0,0,1,2,1,0,0,0,1,2025-03-01T04:00:00,2025-03-03T03:59:59
20916,16100045,16110043,791300004,2,2,303,0,0,1,2,1,0,0,0,1,2025-03-08T04:00:00,2025-03-10T03:59:59
20917,16100045,16110043,791300004,2,2,303,0,0,1,2,1,0,0,0,1,2025-03-20T04:00:00,2025-03-21T03:59:59
20918,16100045,16110043,791300004,2,2,303,0,0,1,2,1,0,0,0,1,2025-03-22T04:00:00,2025-03-24T03:59:59
20919,16100045,16110043,791300004,2,2,303,0,0,1,2,1,0,0,0,1,2025-03-29T04:00:00,2025-03-31T03:59:59
20926,16100112,16110080,791300004,2,2,304,0,0,1,2,2,0,0,0,1,2025-03-14T10:35:00,2025-03-28T10:29:59
20927,16100045,16110043,791300004,2,2,303,0,0,1,2,1,0,0,0,1,2025-03-15T04:00:00,2025-03-18T03:59:59
20930,16100045,16110043,791300004,2,2,303,0,0,1,2,1,0,0,0,1,2025-04-05T04:00:00,2025-04-07T03:59:59
20931,16100045,16110043,791300004,2,2,303,0,0,1,2,1,0,0,0,1,2025-04-12T04:00:00,2025-04-14T03:59:59
20932,16100045,16110043,791300004,2,2,303,0,0,1,2,1,0,0,0,1,2025-04-19T04:00:00,2025-04-21T03:59:59
20933,16100045,16110043,791300004,2,2,303,0,0,1,2,1,0,0,0,1,2025-04-26T04:00:00,2025-05-12T03:59:59
20937,16100150,16110088,791300002,2,1,101,1,0,19,2,1,0,0,500,1,2025-04-18T10:35:00,2025-05-15T10:29:59
20938,16100150,16110088,791300002,2,1,512,1,0,19,2,1,0,0,500,1,2025-04-18T10:35:00,2025-05-15T10:29:59
20939,16100150,16110088,791300002,2,1,519,1,0,19,2,1,0,0,500,1,2025-04-18T10:35:00,2025-05-15T10:29:59
20940,16100115,16110020,791300015,2,2,100,0,0,1,2,-0.5,0,0,0,1,2025-04-24T10:35:00,2025-05-15T10:29:59
20941,16100116,16110021,791300015,2,2,110,0,0,1,2,-0.5,0,0,0,1,2025-04-24T10:35:00,2025-05-15T10:29:59
20942,16100117,16110022,791300015,2,2,120,0,0,1,2,-0.5,0,0,0,1,2025-04-24T10:35:00,2025-05-15T10:29:59
20943,16100118,16110024,791300015,2,2,140,0,0,1,2,-0.5,0,0,0,1,2025-04-24T10:35:00,2025-05-15T10:29:59
20944,16100119,16110085,791300015,2,2,121,0,0,1,2,-0.5,0,0,0,1,2025-04-24T10:35:00,2025-05-15T10:29:59
20945,16100120,16110078,791300015,2,2,123,0,0,1,2,-0.5,0,0,0,1,2025-04-24T10:35:00,2025-05-15T10:29:59
20947,16100152,16110046,791300004,2,2,300,0,0,1,2,1,0,0,0,1,2025-04-30T10:35:00,2025-05-15T10:29:59
20948,16100153,16110041,791300001,2,2,301,0,0,1,2,1,0,0,0,1,2025-04-30T10:35:00,2025-05-15T10:29:59
20949,16100154,16110042,791300004,2,2,302,0,0,1,2,1,0,0,0,1,2025-04-30T10:35:00,2025-05-15T10:29:59
20950,16100155,16110044,791300021,2,2,231,0,0,1,2,1,0,0,0,1,2025-04-30T10:35:00,2025-05-15T10:29:59
20951,16100155,16110049,791300021,2,2,230,0,0,1,2,1,0,0,0,1,2025-04-30T10:35:00,2025-05-15T10:29:59
20952,16100045,16110043,791300004,2,2,303,0,0,1,2,1,0,0,0,1,2025-05-17T04:00:00,2025-05-19T03:59:59
20953,16100045,16110043,791300004,2,2,303,0,0,1,2,1,0,0,0,1,2025-05-24T04:00:00,2025-05-26T03:59:59
20954,16100045,16110043,791300004,2,2,303,0,0,1,2,1,0,0,0,1,2025-05-31T04:00:00,2025-06-02T03:59:59
20955,16100157,16110034,791300025,2,2,260,0,0,1,2,-0.5,0,0,0,1,2025-05-08T10:35:00,2025-05-22T10:29:59
20957,16100045,16110043,791300004,2,2,303,0,0,1,2,1,0,0,0,1,2025-06-07T04:00:00,2025-06-09T03:59:59
20958,16100045,16110043,791300004,2,2,303,0,0,1,2,1,0,0,0,1,2025-06-14T04:00:00,2025-06-16T03:59:59
20959,16100045,16110043,791300004,2,2,303,0,0,1,2,1,0,0,0,1,2025-06-21T04:00:00,2025-06-23T03:59:59
20960,16100045,16110043,791300004,2,2,303,0,0,1,2,1,0,0,0,1,2025-06-28T04:00:00,2025-06-30T03:59:59
20961,16100045,16110043,791300004,2,2,303,0,0,1,2,1,0,0,0,1,2025-07-05T04:00:00,2025-07-07T03:59:59
20962,16100045,16110043,791300004,2,2,303,0,0,1,2,1,0,0,0,1,2025-07-12T04:00:00,2025-07-14T03:59:59
20963,16100045,16110043,791300004,2,2,303,0,0,1,2,1,0,0,0,1,2025-07-19T04:00:00,2025-07-22T03:59:59
20964,16100045,16110043,791300004,2,2,303,0,0,1,2,1,0,0,0,1,2025-07-26T04:00:00,2025-07-28T03:59:59
20988,16100159,16110098,791300002,2,1,101,1,0,19,2,1,0,0,580,1,2025-07-31T10:35:00,2025-08-07T10:29:59
20989,16100159,16110098,791300002,2,1,512,1,0,19,2,1,0,0,580,1,2025-07-31T10:35:00,2025-08-07T10:29:59
20990,16100159,16110098,791300002,2,1,519,1,0,19,2,1,0,0,580,1,2025-07-31T10:35:00,2025-08-07T10:29:59
20991,16100045,16110043,791300004,2,2,303,0,0,1,2,1,0,0,0,1,2025-08-02T04:00:00,2025-08-04T03:59:59
20992,16100045,16110043,791300004,2,2,303,0,0,1,2,1,0,0,0,1,2025-08-09T04:00:00,2025-08-12T03:59:59
20993,16100045,16110043,791300004,2,2,303,0,0,1,2,1,0,0,0,1,2025-08-16T04:00:00,2025-08-18T03:59:59
20994,16100045,16110043,791300004,2,2,303,0,0,1,2,1,0,0,0,1,2025-08-23T04:00:00,2025-08-25T03:59:59
20995,16100045,16110043,791300004,2,2,303,0,0,1,2,1,0,0,0,1,2025-08-30T04:00:00,2025-09-01T03:59:59
20996,16100160,16110020,791300015,2,2,100,0,0,1,2,-0.5,0,0,0,1,2025-08-07T10:35:00,2025-08-27T10:29:59
20997,16100161,16110021,791300015,2,2,110,0,0,1,2,-0.5,0,0,0,1,2025-08-07T10:35:00,2025-08-27T10:29:59
20998,16100162,16110022,791300015,2,2,120,0,0,1,2,-0.5,0,0,0,1,2025-08-07T10:35:00,2025-08-27T10:29:59
20999,16100163,16110024,791300015,2,2,140,0,0,1,2,-0.5,0,0,0,1,2025-08-07T10:35:00,2025-08-27T10:29:59
21000,16100164,16110085,791300015,2,2,121,0,0,1,2,-0.5,0,0,0,1,2025-08-07T10:35:00,2025-08-27T10:29:59
21001,16100165,16110078,791300015,2,2,123,0,0,1,2,-0.5,0,0,0,1,2025-08-07T10:35:00,2025-08-27T10:29:59
21003,16100167,16110034,791300025,2,2,260,0,0,1,2,-0.5,0,0,0,1,2025-08-14T10:35:00,2025-08-27T10:29:59
21005,16100045,16110043,791300004,2,2,303,0,0,1,2,1,0,0,0,1,2025-09-06T04:00:00,2025-09-08T03:59:59
21006,16100045,16110043,791300004,2,2,303,0,0,1,2,1,0,0,0,1,2025-09-27T04:00:00,2025-09-29T03:59:59
21007,16100080,16110097,791300002,2,1,101,1,0,19,2,1,0,0,540,1,2025-09-12T10:35:00,2025-09-26T10:29:59
21008,16100080,16110097,791300002,2,1,512,1,0,19,2,1,0,0,540,1,2025-09-12T10:35:00,2025-09-26T10:29:59
21009,16100080,16110097,791300002,2,1,519,1,0,19,2,1,0,0,540,1,2025-09-12T10:35:00,2025-09-26T10:29:59
21010,16100081,16110020,791300015,2,2,100,0,0,1,2,-0.5,0,0,0,1,2025-09-12T10:35:00,2025-09-26T10:29:59
21011,16100082,16110022,791300015,2,2,120,0,0,1,2,-0.5,0,0,0,1,2025-09-12T10:35:00,2025-09-26T10:29:59
21012,16100083,16110046,791300004,2,2,300,0,0,1,2,1,0,0,0,1,2025-09-12T10:35:00,2025-09-26T10:29:59
21013,16100084,16110041,791300001,2,2,301,0,0,1,2,1,0,0,0,1,2025-09-12T10:35:00,2025-09-26T10:29:59
21014,16100085,16110043,791300004,2,2,303,0,0,1,2,1,0,0,0,1,2025-09-13T04:00:00,2025-09-24T03:59:59
21032,16100045,16110043,791300004,2,2,303,0,0,1,2,1,0,0,0,1,2025-10-04T04:00:00,2025-10-06T03:59:59
21033,16100045,16110043,791300004,2,2,303,0,0,1,2,1,0,0,0,1,2025-10-11T04:00:00,2025-10-14T03:59:59
21034,16100045,16110043,791300004,2,2,303,0,0,1,2,1,0,0,0,1,2025-10-18T04:00:00,2025-10-20T03:59:59
21035,16100045,16110043,791300004,2,2,303,0,0,1,2,1,0,0,0,1,2025-10-25T04:00:00,2025-10-27T03:59:59
21036,16100170,16110098,791300002,2,1,101,1,0,26,2,1,0,0,580,1,2025-10-17T10:35:00,2025-10-23T10:29:59
21037,16100170,16110098,791300002,2,1,512,1,0,26,2,1,0,0,580,1,2025-10-17T10:35:00,2025-10-23T10:29:59
21038,16100170,16110098,791300002,2,1,519,1,0,26,2,1,0,0,580,1,2025-10-17T10:35:00,2025-10-23T10:29:59
21039,16100171,16110102,791300002,2,1,101,1,0,27,2,2,0,0,540,1,2025-10-17T10:35:00,2025-10-23T10:29:59
21040,16100171,16110102,791300002,2,1,512,1,0,27,2,2,0,0,540,1,2025-10-17T10:35:00,2025-10-23T10:29:59
21041,16100171,16110102,791300002,2,1,519,1,0,27,2,2,0,0,540,1,2025-10-17T10:35:00,2025-10-23T10:29:59
21042,16100172,16110092,791300002,2,1,101,1,0,28,2,2,0,0,500,1,2025-10-17T10:35:00,2025-10-23T10:29:59
21043,16100172,16110092,791300002,2,1,512,1,0,28,2,2,0,0,500,1,2025-10-17T10:35:00,2025-10-23T10:29:59
21044,16100172,16110092,791300002,2,1,519,1,0,28,2,2,0,0,500,1,2025-10-17T10:35:00,2025-10-23T10:29:59
21045,16100173,16110100,791300002,2,1,101,1,0,29,2,5,0,0,400,1,2025-10-17T10:35:00,2025-10-23T10:29:59
21046,16100173,16110100,791300002,2,1,512,1,0,29,2,5,0,0,400,1,2025-10-17T10:35:00,2025-10-23T10:29:59
21047,16100173,16110100,791300002,2,1,519,1,0,29,2,5,0,0,400,1,2025-10-17T10:35:00,2025-10-23T10:29:59
21071,16100175,16110046,791300004,2,2,300,0,0,1,2,1,0,0,0,1,2025-11-05T10:35:00,2025-11-10T10:29:59
21072,16100176,16110041,791300001,2,2,301,0,0,1,2,1,0,0,0,1,2025-11-05T10:35:00,2025-11-10T10:29:59
21073,16100045,16110043,791300004,2,2,303,0,0,1,2,1,0,0,0,1,2025-11-01T04:00:00,2025-11-04T03:59:59
21074,16100045,16110043,791300004,2,2,303,0,0,1,2,1,0,0,0,1,2025-11-08T04:00:00,2025-11-10T03:59:59
21075,16100045,16110043,791300004,2,2,303,0,0,1,2,1,0,0,0,1,2025-11-15T04:00:00,2025-11-17T03:59:59
21076,16100045,16110043,791300004,2,2,303,0,0,1,2,1,0,0,0,1,2025-11-22T04:00:00,2025-11-25T03:59:59
21077,16100045,16110043,791300004,2,2,303,0,0,1,2,1,0,0,0,1,2025-11-29T04:00:00,2025-12-01T03:59:59
21078,16100177,16110020,791300015,2,2,100,0,0,1,2,-0.5,0,0,0,1,2025-11-10T10:35:00,2025-11-28T10:29:59
21079,16100178,16110021,791300015,2,2,110,0,0,1,2,-0.5,0,0,0,1,2025-11-10T10:35:00,2025-11-28T10:29:59
21080,16100179,16110022,791300015,2,2,120,0,0,1,2,-0.5,0,0,0,1,2025-11-10T10:35:00,2025-11-28T10:29:59
21081,16100180,16110024,791300015,2,2,140,0,0,1,2,-0.5,0,0,0,1,2025-11-10T10:35:00,2025-11-28T10:29:59
21082,16100181,16110085,791300015,2,2,121,0,0,1,2,-0.5,0,0,0,1,2025-11-10T10:35:00,2025-11-28T10:29:59
21083,16100182,16110078,791300015,2,2,123,0,0,1,2,-0.5,0,0,0,1,2025-11-10T10:35:00,2025-11-28T10:29:59
21084,16100183,16110034,791300025,2,2,260,0,0,1,2,-0.5,0,0,0,1,2025-11-18T10:35:00,2025-12-02T10:29:59
21085,16100184,16110105,791300002,2,1,101,1,0,30,2,1,0,0,620,1,2025-11-28T10:35:00,2025-12-05T10:29:59
21086,16100184,16110105,791300002,2,1,512,1,0,30,2,1,0,0,620,1,2025-11-28T10:35:00,2025-12-05T10:29:59
21087,16100184,16110105,791300002,2,1,519,1,0,30,2,1,0,0,620,1,2025-11-28T10:35:00,2025-12-05T10:29:59
21088,16100045,16110043,791300004,2,2,303,0,0,1,2,1,0,0,0,1,2025-12-06T04:00:00,2025-12-08T03:59:59
21089,16100045,16110043,791300004,2,2,303,0,0,1,2,1,0,0,0,1,2025-12-13T04:00:00,2025-12-15T03:59:59
21090,16100045,16110043,791300004,2,2,303,0,0,1,2,1,0,0,0,1,2025-12-20T04:00:00,2025-12-22T03:59:59
21091,16100045,16110043,791300004,2,2,303,0,0,1,2,1,0,0,0,1,2025-12-27T04:00:00,2025-12-29T03:59:59
21092,16100045,16110043,791300004,2,2,303,0,0,1,2,1,0,0,0,1,2025-12-29T10:35:00,2026-01-13T03:59:59
21093,16100045,16110043,791300004,2,2,303,0,0,1,2,1,0,0,0,1,2026-01-17T04:00:00,2026-01-19T03:59:59
21094,16100045,16110043,791300004,2,2,303,0,0,1,2,1,0,0,0,1,2026-01-24T04:00:00,2026-01-26T03:59:59
21095,16100045,16110043,791300004,2,2,303,0,0,1,2,1,0,0,0,1,2026-01-31T04:00:00,2026-02-02T03:59:59
21096,16100185,16110066,791300003,2,1,519,5,3,4,2,1,0,0,0,1,2026-01-06T10:35:00,2026-01-13T10:29:59
21097,16100186,16110105,791300002,2,1,101,1,0,30,2,1,0,0,620,1,2026-01-06T10:35:00,2026-01-13T10:29:59
21098,16100186,16110105,791300002,2,1,512,1,0,30,2,1,0,0,620,1,2026-01-06T10:35:00,2026-01-13T10:29:59
21099,16100186,16110105,791300002,2,1,519,1,0,30,2,1,0,0,620,1,2026-01-06T10:35:00,2026-01-13T10:29:59
21106,16100045,16110043,791300004,2,2,303,0,0,1,2,1,0,0,0,1,2026-02-07T04:00:00,2026-02-09T03:59:59
21107,16100045,16110043,791300004,2,2,303,0,0,1,2,1,0,0,0,1,2026-02-14T04:00:00,2026-02-16T03:59:59
21108,16100045,16110043,791300004,2,2,303,0,0,1,2,1,0,0,0,1,2026-02-21T04:00:00,2026-02-24T03:59:59
21109,16100045,16110043,791300004,2,2,303,0,0,1,2,1,0,0,0,1,2026-02-28T04:00:00,2026-03-02T03:59:59
21110,16100175,16110046,791300004,2,2,300,0,0,1,2,1,0,0,0,1,2026-02-03T10:35:00,2026-02-10T10:29:59
21111,16100176,16110041,791300001,2,2,301,0,0,1,2,1,0,0,0,1,2026-02-03T10:35:00,2026-02-10T10:29:59
21112,16100045,16110043,791300004,2,2,303,0,0,1,2,1,0,0,0,1,2026-02-11T04:00:00,2026-02-12T03:59:59
21113,16100187,16110020,791300015,2,2,100,0,0,1,2,-0.5,0,0,0,1,2026-02-10T10:35:00,2026-02-27T10:29:59
21114,16100188,16110021,791300015,2,2,110,0,0,1,2,-0.5,0,0,0,1,2026-02-10T10:35:00,2026-02-27T10:29:59
21115,16100189,16110022,791300015,2,2,120,0,0,1,2,-0.5,0,0,0,1,2026-02-10T10:35:00,2026-02-27T10:29:59
21116,16100190,16110024,791300015,2,2,140,0,0,1,2,-0.5,0,0,0,1,2026-02-10T10:35:00,2026-02-27T10:29:59
21117,16100191,16110085,791300015,2,2,121,0,0,1,2,-0.5,0,0,0,1,2026-02-10T10:35:00,2026-02-27T10:29:59
21118,16100192,16110078,791300015,2,2,123,0,0,1,2,-0.5,0,0,0,1,2026-02-10T10:35:00,2026-02-27T10:29:59
21119,16100193,16110034,791300025,2,2,260,0,0,1,2,-0.5,0,0,0,1,2026-02-17T10:35:00,2026-02-27T10:29:59
21120,16100045,16110043,791300004,2,2,303,0,0,1,2,1,0,0,0,1,2026-03-07T04:00:00,2026-03-09T03:59:59
21121,16100045,16110043,791300004,2,2,303,0,0,1,2,1,0,0,0,1,2026-03-14T04:00:00,2026-03-16T03:59:59
21122,16100045,16110043,791300004,2,2,303,0,0,1,2,1,0,0,0,1,2026-03-20T04:00:00,2026-03-23T03:59:59
21123,16100045,16110043,791300004,2,2,303,0,0,1,2,1,0,0,0,1,2026-03-28T04:00:00,2026-03-30T03:59:59
21124,16100194,16110107,791300002,2,1,101,1,0,30,2,1,0,0,660,1,2026-02-27T10:35:00,2026-03-06T10:29:59
21125,16100194,16110107,791300002,2,1,512,1,0,30,2,1,0,0,660,1,2026-02-27T10:35:00,2026-03-06T10:29:59
21126,16100194,16110107,791300002,2,1,519,1,0,30,2,1,0,0,660,1,2026-02-27T10:35:00,2026-03-06T10:29:59
21127,16100045,16110043,791300004,2,2,303,0,0,1,2,1,0,0,0,1,2026-04-04T04:00:00,2026-04-06T03:59:59
21128,16100045,16110043,791300004,2,2,303,0,0,1,2,1,0,0,0,1,2026-04-11T04:00:00,2026-04-13T03:59:59
21129,16100045,16110043,791300004,2,2,303,0,0,1,2,1,0,0,0,1,2026-04-18T04:00:00,2026-04-20T03:59:59
21130,16100045,16110043,791300004,2,2,303,0,0,1,2,1,0,0,0,1,2026-04-25T04:00:00,2026-05-07T03:59:59
21131,16100185,16110066,791300003,2,1,519,5,3,4,2,1,0,0,0,1,2026-04-03T10:35:00,2026-04-10T10:29:59
21132,16100186,16110107,791300002,2,1,101,1,0,31,2,1,0,0,660,1,2026-04-03T10:35:00,2026-04-10T10:29:59
21133,16100186,16110107,791300002,2,1,512,1,0,31,2,1,0,0,660,1,2026-04-03T10:35:00,2026-04-10T10:29:59
21134,16100186,16110107,791300002,2,1,519,1,0,31,2,1,0,0,660,1,2026-04-03T10:35:00,2026-04-10T10:29:59
21141,16100175,16110046,791300004,2,2,300,0,0,1,2,1,0,0,0,1,2026-04-17T10:35:00,2026-04-24T10:29:59
21142,16100176,16110041,791300001,2,2,301,0,0,1,2,1,0,0,0,1,2026-04-17T10:35:00,2026-04-24T10:29:59
21143,16100045,16110043,791300004,2,2,303,0,0,1,2,1,0,0,0,1,2026-05-09T04:00:00,2026-05-11T03:59:59
21144,16100045,16110043,791300004,2,2,303,0,0,1,2,1,0,0,0,1,2026-05-16T04:00:00,2026-05-18T03:59:59
21145,16100045,16110043,791300004,2,2,303,0,0,1,2,1,0,0,0,1,2026-05-23T04:00:00,2026-05-25T03:59:59
21146,16100045,16110043,791300004,2,2,303,0,0,1,2,1,0,0,0,1,2026-05-30T04:00:00,2026-06-01T03:59:59
21147,16100115,16110020,791300015,2,2,100,0,0,1,2,-0.5,0,0,0,1,2026-04-24T10:35:00,2026-05-15T10:29:59
21148,16100116,16110021,791300015,2,2,110,0,0,1,2,-0.5,0,0,0,1,2026-04-24T10:35:00,2026-05-15T10:29:59
21149,16100117,16110022,791300015,2,2,120,0,0,1,2,-0.5,0,0,0,1,2026-04-24T10:35:00,2026-05-15T10:29:59
21150,16100118,16110024,791300015,2,2,140,0,0,1,2,-0.5,0,0,0,1,2026-04-24T10:35:00,2026-05-15T10:29:59
21151,16100119,16110085,791300015,2,2,121,0,0,1,2,-0.5,0,0,0,1,2026-04-24T10:35:00,2026-05-15T10:29:59
21152,16100120,16110078,791300015,2,2,123,0,0,1,2,-0.5,0,0,0,1,2026-04-24T10:35:00,2026-05-15T10:29:59
21153,16100196,16110034,791300025,2,2,260,0,0,1,2,-0.5,0,0,0,1,2026-05-01T10:35:00,2026-05-15T10:29:59
21154,16100045,16110043,791300004,2,2,303,0,0,1,2,1,0,0,0,1,2026-06-06T04:00:00,2026-06-08T03:59:59
21155,16100045,16110043,791300004,2,2,303,0,0,1,2,1,0,0,0,1,2026-06-13T04:00:00,2026-06-15T03:59:59
21156,16100045,16110043,791300004,2,2,303,0,0,1,2,1,0,0,0,1,2026-06-20T04:00:00,2026-06-22T03:59:59
21157,16100045,16110043,791300004,2,2,303,0,0,1,2,1,0,0,0,1,2026-06-27T04:00:00,2026-06-29T03:59:59
21162,16100197,16110109,791300002,2,1,101,1,0,31,2,1,0,0,700,1,2026-05-15T10:35:00,2026-05-22T10:29:59
21163,16100197,16110109,791300002,2,1,512,1,0,31,2,1,0,0,700,1,2026-05-15T10:35:00,2026-05-22T10:29:59
21164,16100197,16110109,791300002,2,1,519,1,0,31,2,1,0,0,700,1,2026-05-15T10:35:00,2026-05-22T10:29:59
21174,16100198,16110109,791300002,2,1,101,1,0,26,2,1,0,0,700,1,2026-06-22T10:35:00,2026-06-29T10:29:59
21175,16100198,16110109,791300002,2,1,512,1,0,26,2,1,0,0,700,1,2026-06-22T10:35:00,2026-06-29T10:29:59
21176,16100198,16110109,791300002,2,1,519,1,0,26,2,1,0,0,700,1,2026-06-22T10:35:00,2026-06-29T10:29:59
21177,16100199,16110110,791300002,2,1,101,1,0,27,2,2,0,0,660,1,2026-06-22T10:35:00,2026-06-29T10:29:59
21178,16100199,16110110,791300002,2,1,512,1,0,27,2,2,0,0,660,1,2026-06-22T10:35:00,2026-06-29T10:29:59
21179,16100199,16110110,791300002,2,1,519,1,0,27,2,2,0,0,660,1,2026-06-22T10:35:00,2026-06-29T10:29:59
21180,16100200,16110111,791300002,2,1,101,1,0,28,2,2,0,0,620,1,2026-06-22T10:35:00,2026-06-29T10:29:59
21181,16100200,16110111,791300002,2,1,512,1,0,28,2,2,0,0,620,1,2026-06-22T10:35:00,2026-06-29T10:29:59
21182,16100200,16110111,791300002,2,1,519,1,0,28,2,2,0,0,620,1,2026-06-22T10:35:00,2026-06-29T10:29:59
21183,16100201,16110112,791300002,2,1,101,1,0,29,2,5,0,0,580,1,2026-06-22T10:35:00,2026-06-29T10:29:59
21184,16100201,16110112,791300002,2,1,512,1,0,29,2,5,0,0,580,1,2026-06-22T10:35:00,2026-06-29T10:29:59
21185,16100201,16110112,791300002,2,1,519,1,0,29,2,5,0,0,580,1,2026-06-22T10:35:00,2026-06-29T10:29:59
21186,16100045,16110043,791300004,2,2,303,0,0,1,2,1,0,0,0,1,2026-07-04T04:00:00,2026-07-06T03:59:59
21189,16100045,16110043,791300004,2,2,303,0,0,1,2,1,0,0,0,1,2026-07-25T04:00:00,2026-07-27T03:59:59
21190,16100175,16110046,791300004,2,2,300,0,0,1,2,1,0,0,0,1,2026-07-07T10:35:00,2026-07-14T10:29:59
21191,16100176,16110041,791300001,2,2,301,0,0,1,2,1,0,0,0,1,2026-07-07T10:35:00,2026-07-14T10:29:59
21192,16100045,16110043,791300004,2,2,303,0,0,1,2,1,0,0,0,1,2026-07-08T04:00:00,2026-07-22T03:59:59
21193,16100202,16110020,791300015,2,2,100,0,0,1,2,-0.5,0,0,0,1,2026-07-14T10:35:00,2026-08-06T10:29:59
21194,16100203,16110021,791300015,2,2,110,0,0,1,2,-0.5,0,0,0,1,2026-07-14T10:35:00,2026-08-06T10:29:59
21195,16100204,16110022,791300015,2,2,120,0,0,1,2,-0.5,0,0,0,1,2026-07-14T10:35:00,2026-08-06T10:29:59
21196,16100205,16110024,791300015,2,2,140,0,0,1,2,-0.5,0,0,0,1,2026-07-14T10:35:00,2026-08-06T10:29:59
21197,16100206,16110085,791300015,2,2,121,0,0,1,2,-0.5,0,0,0,1,2026-07-14T10:35:00,2026-08-06T10:29:59
21198,16100207,16110078,791300015,2,2,123,0,0,1,2,-0.5,0,0,0,1,2026-07-14T10:35:00,2026-08-06T10:29:59
21199,16100208,16110034,791300025,2,2,260,0,0,1,2,-0.5,0,0,0,1,2026-07-22T10:35:00,2026-08-06T10:29:59
21200,16100045,16110043,791300004,2,2,303,0,0,1,2,1,0,0,0,1,2026-08-01T04:00:00,2026-08-03T03:59:59
21201,16100045,16110043,791300004,2,2,303,0,0,1,2,1,0,0,0,1,2026-08-08T04:00:00,2026-08-10T03:59:59
21202,16100045,16110043,791300004,2,2,303,0,0,1,2,1,0,0,0,1,2026-08-11T04:00:00,2026-08-12T03:59:59
21203,16100045,16110043,791300004,2,2,303,0,0,1,2,1,0,0,0,1,2026-08-15T04:00:00,2026-08-17T03:59:59
21204,16100045,16110043,791300004,2,2,303,0,0,1,2,1,0,0,0,1,2026-08-22T04:00:00,2026-08-24T03:59:59
21205,16100045,16110043,791300004,2,2,303,0,0,1,2,1,0,0,0,1,2026-08-28T04:00:00,2026-09-30T03:59:59
21206,16100209,16110115,791300002,2,1,101,1,0,31,2,1,0,0,780,1,2026-08-06T10:35:00,2026-08-13T10:29:59
21207,16100209,16110115,791300002,2,1,512,1,0,31,2,1,0,0,780,1,2026-08-06T10:35:00,2026-08-13T10:29:59
21208,16100209,16110115,791300002,2,1,519,1,0,31,2,1,0,0,780,1,2026-08-06T10:35:00,2026-08-13T10:29:59
21215,16100210,16110118,791300002,2,1,101,1,0,31,2,5,0,0,780,1,2026-08-28T10:35:00,2026-09-28T10:35:00
21216,16100210,16110118,791300002,2,1,512,1,0,31,2,5,0,0,780,1,2026-08-28T10:35:00,2026-09-28T10:35:00
21217,16100210,16110118,791300002,2,1,519,1,0,31,2,5,0,0,780,1,2026-08-28T10:35:00,2026-09-28T10:35:00
21218,16100211,16110020,791300015,2,2,100,0,0,1,2,-0.5,0,0,0,1,2026-08-28T10:35:00,2026-09-28T10:35:00
21219,16100212,16110021,791300015,2,2,110,0,0,1,2,-0.5,0,0,0,1,2026-08-28T10:35:00,2026-09-28T10:35:00
21220,16100213,16110022,791300015,2,2,120,0,0,1,2,-0.5,0,0,0,1,2026-08-28T10:35:00,2026-09-28T10:35:00
21221,16100214,16110024,791300015,2,2,140,0,0,1,2,-0.5,0,0,0,1,2026-08-28T10:35:00,2026-09-28T10:35:00
21222,16100215,16110085,791300015,2,2,121,0,0,1,2,-0.5,0,0,0,1,2026-08-28T10:35:00,2026-09-28T10:35:00
21223,16100216,16110078,791300015,2,2,123,0,0,1,2,-0.5,0,0,0,1,2026-08-28T10:35:00,2026-09-28T10:35:00
30554,16100016,16110054,791300002,2,1,101,1,0,15,2,2,0,0,180,0,2023-01-31T10:35:00,2023-07-07T10:29:59
30555,16100016,16110054,791300002,2,1,512,1,0,15,2,2,0,0,180,0,2023-01-31T10:35:00,2023-07-07T10:29:59
30556,16100016,16110054,791300002,2,1,519,1,0,15,2,2,0,0,180,0,2023-01-31T10:35:00,2023-07-07T10:29:59
30605,16100066,16110067,791300002,2,1,101,1,0,17,2,3,0,0,220,0,2023-07-07T10:35:00,2023-10-06T10:29:59
30606,16100066,16110067,791300002,2,1,512,1,0,17,2,3,0,0,220,0,2023-07-07T10:35:00,2023-10-06T10:29:59
30607,16100066,16110067,791300002,2,1,519,1,0,17,2,3,0,0,220,0,2023-07-07T10:35:00,2023-10-06T10:29:59
30609,16100066,16110068,791300002,2,1,101,1,0,18,2,1,0,0,260,0,2023-07-07T10:35:00,2023-10-06T10:29:59
30610,16100066,16110068,791300002,2,1,512,1,0,18,2,1,0,0,260,0,2023-07-07T10:35:00,2023-10-06T10:29:59
30611,16100066,16110068,791300002,2,1,519,1,0,18,2,1,0,0,260,0,2023-07-07T10:35:00,2023-10-06T10:29:59
30689,16100066,16110070,791300002,2,1,101,1,0,17,2,3,0,0,260,0,2023-10-06T10:35:00,2024-01-12T10:29:59
30690,16100066,16110070,791300002,2,1,512,1,0,17,2,3,0,0,260,0,2023-10-06T10:35:00,2024-01-12T10:29:59
30691,16100066,16110070,791300002,2,1,519,1,0,17,2,3,0,0,260,0,2023-10-06T10:35:00,2024-01-12T10:29:59
30692,16100066,16110071,791300002,2,1,101,1,0,18,2,1,0,0,300,0,2023-10-06T10:35:00,2024-01-12T10:29:59
30693,16100066,16110071,791300002,2,1,512,1,0,18,2,1,0,0,300,0,2023-10-06T10:35:00,2024-01-12T10:29:59
30694,16100066,16110071,791300002,2,1,519,1,0,18,2,1,0,0,300,0,2023-10-06T10:35:00,2024-01-12T10:29:59
30745,16100066,16110075,791300002,2,1,101,1,0,17,2,3,0,0,300,0,2024-01-12T10:35:00,2024-04-12T10:29:59
30746,16100066,16110075,791300002,2,1,512,1,0,17,2,3,0,0,300,0,2024-01-12T10:35:00,2024-04-12T10:29:59
30747,16100066,16110075,791300002,2,1,519,1,0,17,2,3,0,0,300,0,2024-01-12T10:35:00,2024-04-12T10:29:59
30748,16100066,16110076,791300002,2,1,101,1,0,18,2,1,0,0,340,0,2024-01-12T10:35:00,2024-04-12T10:29:59
30749,16100066,16110076,791300002,2,1,512,1,0,18,2,1,0,0,340,0,2024-01-12T10:35:00,2024-04-12T10:29:59
30750,16100066,16110076,791300002,2,1,519,1,0,18,2,1,0,0,340,0,2024-01-12T10:35:00,2024-04-12T10:29:59
30752,16100103,16110077,791300002,2,1,101,1,0,18,2,1,0,0,380,1,2024-01-31T10:35:00,2024-02-29T10:29:59
30753,16100103,16110077,791300002,2,1,512,1,0,18,2,1,0,0,380,1,2024-01-31T10:35:00,2024-02-29T10:29:59
30754,16100103,16110077,791300002,2,1,519,1,0,18,2,1,0,0,380,1,2024-01-31T10:35:00,2024-02-29T10:29:59
30791,16100113,16110081,791300002,2,1,101,1,0,18,2,2,0,0,380,1,2024-03-30T10:35:00,2024-04-12T10:29:59
30792,16100113,16110081,791300002,2,1,512,1,0,18,2,2,0,0,380,1,2024-03-30T10:35:00,2024-04-12T10:29:59
30793,16100113,16110081,791300002,2,1,519,1,0,18,2,2,0,0,380,1,2024-03-30T10:35:00,2024-04-12T10:29:59
30799,16100066,16110082,791300002,2,1,101,1,0,17,2,3,0,0,340,0,2024-04-12T10:35:00,2024-07-12T10:29:59
30800,16100066,16110082,791300002,2,1,512,1,0,17,2,3,0,0,340,0,2024-04-12T10:35:00,2024-07-12T10:29:59
30801,16100066,16110082,791300002,2,1,519,1,0,17,2,3,0,0,340,0,2024-04-12T10:35:00,2024-07-12T10:29:59
30802,16100066,16110077,791300002,2,1,101,1,0,18,2,1,0,0,380,0,2024-04-12T10:35:00,2024-07-12T10:29:59
30803,16100066,16110077,791300002,2,1,512,1,0,18,2,1,0,0,380,0,2024-04-12T10:35:00,2024-07-12T10:29:59
30804,16100066,16110077,791300002,2,1,519,1,0,18,2,1,0,0,380,0,2024-04-12T10:35:00,2024-07-12T10:29:59
30826,16100066,16110086,791300002,2,1,101,1,0,17,2,3,0,0,380,0,2024-07-12T10:35:00,2024-11-07T10:29:59
30827,16100066,16110086,791300002,2,1,512,1,0,17,2,3,0,0,380,0,2024-07-12T10:35:00,2024-11-07T10:29:59
30828,16100066,16110086,791300002,2,1,519,1,0,17,2,3,0,0,380,0,2024-07-12T10:35:00,2024-11-07T10:29:59
30829,16100066,16110084,791300002,2,1,101,1,0,18,2,1,0,0,420,0,2024-07-12T10:35:00,2024-11-07T10:29:59
30830,16100066,16110084,791300002,2,1,512,1,0,18,2,1,0,0,420,0,2024-07-12T10:35:00,2024-11-07T10:29:59
30831,16100066,16110084,791300002,2,1,519,1,0,18,2,1,0,0,420,0,2024-07-12T10:35:00,2024-11-07T10:29:59
30870,16100066,16110089,791300002,2,1,101,1,0,17,2,3,0,0,420,0,2024-11-07T10:35:00,2025-03-06T10:29:59
30871,16100066,16110089,791300002,2,1,512,1,0,17,2,3,0,0,420,0,2024-11-07T10:35:00,2025-03-06T10:29:59
30872,16100066,16110089,791300002,2,1,519,1,0,17,2,3,0,0,420,0,2024-11-07T10:35:00,2025-03-06T10:29:59
30873,16100066,16110087,791300002,2,1,101,1,0,18,2,1,0,0,460,0,2024-11-07T10:35:00,2025-03-06T10:29:59
30874,16100066,16110087,791300002,2,1,512,1,0,18,2,1,0,0,460,0,2024-11-07T10:35:00,2025-03-06T10:29:59
30875,16100066,16110087,791300002,2,1,519,1,0,18,2,1,0,0,460,0,2024-11-07T10:35:00,2025-03-06T10:29:59
30888,16100095,16110090,791300002,2,1,101,1,0,18,2,2,0,0,460,0,2024-12-24T10:35:00,2025-01-15T10:29:59
30889,16100095,16110090,791300002,2,1,512,1,0,18,2,2,0,0,460,0,2024-12-24T10:35:00,2025-01-15T10:29:59
30890,16100095,16110090,791300002,2,1,519,1,0,18,2,2,0,0,460,0,2024-12-24T10:35:00,2025-01-15T10:29:59
30920,16100066,16110091,791300002,2,1,101,1,0,17,2,3,0,0,460,0,2025-03-06T10:35:00,2025-07-25T10:29:59
30921,16100066,16110091,791300002,2,1,512,1,0,17,2,3,0,0,460,0,2025-03-06T10:35:00,2025-07-25T10:29:59
30922,16100066,16110091,791300002,2,1,519,1,0,17,2,3,0,0,460,0,2025-03-06T10:35:00,2025-07-25T10:29:59
30923,16100066,16110088,791300002,2,1,101,1,0,18,2,1,0,0,500,0,2025-03-06T10:35:00,2025-07-25T10:29:59
30924,16100066,16110088,791300002,2,1,512,1,0,18,2,1,0,0,500,0,2025-03-06T10:35:00,2025-07-25T10:29:59
30925,16100066,16110088,791300002,2,1,519,1,0,18,2,1,0,0,500,0,2025-03-06T10:35:00,2025-07-25T10:29:59
30934,16100113,16110092,791300002,2,1,101,1,0,18,2,2,0,0,500,0,2025-04-04T10:35:00,2025-04-18T10:29:59
30935,16100113,16110092,791300002,2,1,512,1,0,18,2,2,0,0,500,0,2025-04-04T10:35:00,2025-04-18T10:29:59
30936,16100113,16110092,791300002,2,1,519,1,0,18,2,2,0,0,500,0,2025-04-04T10:35:00,2025-04-18T10:29:59
30982,16100066,16110096,791300002,2,1,101,1,0,17,2,3,0,0,500,0,2025-07-25T10:35:00,2025-10-23T10:29:59
30983,16100066,16110096,791300002,2,1,512,1,0,17,2,3,0,0,500,0,2025-07-25T10:35:00,2025-10-23T10:29:59
30984,16100066,16110096,791300002,2,1,519,1,0,17,2,3,0,0,500,0,2025-07-25T10:35:00,2025-10-23T10:29:59
30985,16100066,16110097,791300002,2,1,101,1,0,18,2,1,0,0,540,0,2025-07-25T10:35:00,2025-10-23T10:29:59
30986,16100066,16110097,791300002,2,1,512,1,0,18,2,1,0,0,540,0,2025-07-25T10:35:00,2025-10-23T10:29:59
30987,16100066,16110097,791300002,2,1,519,1,0,18,2,1,0,0,540,0,2025-07-25T10:35:00,2025-10-23T10:29:59
31065,16100066,16110104,791300002,2,1,101,1,0,17,2,3,0,0,540,0,2025-10-23T10:35:00,2026-01-13T10:29:59
31066,16100066,16110104,791300002,2,1,512,1,0,17,2,3,0,0,540,0,2025-10-23T10:35:00,2026-01-13T10:29:59
31067,16100066,16110104,791300002,2,1,519,1,0,17,2,3,0,0,540,0,2025-10-23T10:35:00,2026-01-13T10:29:59
31068,16100066,16110098,791300002,2,1,101,1,0,18,2,1,0,0,580,0,2025-10-23T10:35:00,2026-01-13T10:29:59
31069,16100066,16110098,791300002,2,1,512,1,0,18,2,1,0,0,580,0,2025-10-23T10:35:00,2026-01-13T10:29:59
31070,16100066,16110098,791300002,2,1,519,1,0,18,2,1,0,0,580,0,2025-10-23T10:35:00,2026-01-13T10:29:59
31100,16100066,16110106,791300002,2,1,101,1,0,17,2,3,0,0,580,0,2026-01-13T10:35:00,2026-04-10T10:29:59
31101,16100066,16110106,791300002,2,1,512,1,0,17,2,3,0,0,580,0,2026-01-13T10:35:00,2026-04-10T10:29:59
31102,16100066,16110106,791300002,2,1,519,1,0,17,2,3,0,0,580,0,2026-01-13T10:35:00,2026-04-10T10:29:59
31103,16100066,16110105,791300002,2,1,101,1,0,18,2,1,0,0,620,0,2026-01-13T10:35:00,2026-04-10T10:29:59
31104,16100066,16110105,791300002,2,1,512,1,0,18,2,1,0,0,620,0,2026-01-13T10:35:00,2026-04-10T10:29:59
31105,16100066,16110105,791300002,2,1,519,1,0,18,2,1,0,0,620,0,2026-01-13T10:35:00,2026-04-10T10:29:59
31135,16100066,16110108,791300002,2,1,101,1,0,17,2,3,0,0,620,0,2026-04-10T10:35:00,2026-06-29T10:29:59
31136,16100066,16110108,791300002,2,1,512,1,0,17,2,3,0,0,620,0,2026-04-10T10:35:00,2026-06-29T10:29:59
31137,16100066,16110108,791300002,2,1,519,1,0,17,2,3,0,0,620,0,2026-04-10T10:35:00,2026-06-29T10:29:59
31138,16100066,16110107,791300002,2,1,101,1,0,18,2,1,0,0,660,0,2026-04-10T10:35:00,2026-06-29T10:29:59
31139,16100066,16110107,791300002,2,1,512,1,0,18,2,1,0,0,660,0,2026-04-10T10:35:00,2026-06-29T10:29:59
31140,16100066,16110107,791300002,2,1,519,1,0,18,2,1,0,0,660,0,2026-04-10T10:35:00,2026-06-29T10:29:59
31165,16100066,16110113,791300002,2,1,101,1,0,17,2,3,0,0,660,0,2026-06-29T10:35:00,2026-08-06T10:29:59
31166,16100066,16110113,791300002,2,1,512,1,0,17,2,3,0,0,660,0,2026-06-29T10:35:00,2026-08-06T10:29:59
31167,16100066,16110113,791300002,2,1,519,1,0,17,2,3,0,0,660,0,2026-06-29T10:35:00,2026-08-06T10:29:59
31168,16100066,16110109,791300002,2,1,101,1,0,18,2,1,0,0,700,0,2026-06-29T10:35:00,2026-08-06T10:29:59
31169,16100066,16110109,791300002,2,1,512,1,0,18,2,1,0,0,700,0,2026-06-29T10:35:00,2026-08-06T10:29:59
31170,16100066,16110109,791300002,2,1,519,1,0,18,2,1,0,0,700,0,2026-06-29T10:35:00,2026-08-06T10:29:59
31209,16100066,16110116,791300002,2,1,101,1,0,17,2,3,0,0,700,0,2026-08-06T10:35:00,2100-01-01T00:00:00
31210,16100066,16110116,791300002,2,1,512,1,0,17,2,3,0,0,700,0,2026-08-06T10:35:00,2100-01-01T00:00:00
31211,16100066,16110116,791300002,2,1,519,1,0,17,2,3,0,0,700,0,2026-08-06T10:35:00,2100-01-01T00:00:00
31212,16100066,16110117,791300002,2,1,101,1,0,18,2,1,0,0,740,0,2026-08-06T10:35:00,2100-01-01T00:00:00
31213,16100066,16110117,791300002,2,1,512,1,0,18,2,1,0,0,740,0,2026-08-06T10:35:00,2100-01-01T00:00:00
31214,16100066,16110117,791300002,2,1,519,1,0,18,2,1,0,0,740,0,2026-08-06T10:35:00,2100-01-01T00:00:00
