equipment_id,limit,area_id,seq,passive_skill_id_1,passive_skill_id_2,open_date,close_date
1001120,0,5661,0,455661023,0,2025-12-29T10:35:00,2026-01-07T23:59:59
1001120,1,5661,0,455661022,0,2025-12-29T10:35:00,2026-01-07T23:59:59
1001120,2,5661,0,455661022,0,2025-12-29T10:35:00,2026-01-07T23:59:59
1001120,3,5661,0,455661021,0,2025-12-29T10:35:00,2026-01-07T23:59:59
1001120,4,5661,0,455661020,0,2025-12-29T10:35:00,2026-01-07T23:59:59
1001120,5,5661,0,455661020,0,2025-12-29T10:35:00,2026-01-07T23:59:59
1001120,6,5661,0,455661019,0,2025-12-29T10:35:00,2026-01-07T23:59:59
1001120,7,5661,0,455661019,0,2025-12-29T10:35:00,2026-01-07T23:59:59
1001120,8,5661,0,455661018,0,2025-12-29T10:35:00,2026-01-07T23:59:59
1001120,9,5661,0,455661018,0,2025-12-29T10:35:00,2026-01-07T23:59:59
1001120,10,5661,0,455661017,0,2025-12-29T10:35:00,2026-01-07T23:59:59
1001140,0,5661,0,455661015,0,2025-12-29T10:35:00,2026-01-07T23:59:59
1001140,1,5661,0,455661014,0,2025-12-29T10:35:00,2026-01-07T23:59:59
1001140,2,5661,0,455661014,0,2025-12-29T10:35:00,2026-01-07T23:59:59
1001140,3,5661,0,455661013,0,2025-12-29T10:35:00,2026-01-07T23:59:59
1001140,4,5661,0,455661012,0,2025-12-29T10:35:00,2026-01-07T23:59:59
1001140,5,5661,0,455661012,0,2025-12-29T10:35:00,2026-01-07T23:59:59
1001140,6,5661,0,455661011,0,2025-12-29T10:35:00,2026-01-07T23:59:59
1001140,7,5661,0,455661011,0,2025-12-29T10:35:00,2026-01-07T23:59:59
1001140,8,5661,0,455661010,0,2025-12-29T10:35:00,2026-01-07T23:59:59
1001140,9,5661,0,455661010,0,2025-12-29T10:35:00,2026-01-07T23:59:59
1001140,10,5661,0,455661009,0,2025-12-29T10:35:00,2026-01-07T23:59:59
1001190,0,5661,0,455661015,0,2025-12-29T10:35:00,2026-01-07T23:59:59
1001190,1,5661,0,455661014,0,2025-12-29T10:35:00,2026-01-07T23:59:59
1001190,2,5661,0,455661014,0,2025-12-29T10:35:00,2026-01-07T23:59:59
1001190,3,5661,0,455661013,0,2025-12-29T10:35:00,2026-01-07T23:59:59
1001190,4,5661,0,455661012,0,2025-12-29T10:35:00,2026-01-07T23:59:59
1001190,5,5661,0,455661012,0,2025-12-29T10:35:00,2026-01-07T23:59:59
1001190,6,5661,0,455661011,0,2025-12-29T10:35:00,2026-01-07T23:59:59
1001190,7,5661,0,455661011,0,2025-12-29T10:35:00,2026-01-07T23:59:59
1001190,8,5661,0,455661010,0,2025-12-29T10:35:00,2026-01-07T23:59:59
1001190,9,5661,0,455661010,0,2025-12-29T10:35:00,2026-01-07T23:59:59
1001190,10,5661,0,455661009,0,2025-12-29T10:35:00,2026-01-07T23:59:59
1001220,0,5661,0,455661016,0,2025-12-29T10:35:00,2026-01-07T23:59:59
1001220,1,5661,0,455661015,0,2025-12-29T10:35:00,2026-01-07T23:59:59
1001220,2,5661,0,455661015,0,2025-12-29T10:35:00,2026-01-07T23:59:59
1001220,3,5661,0,455661014,0,2025-12-29T10:35:00,2026-01-07T23:59:59
1001220,4,5661,0,455661013,0,2025-12-29T10:35:00,2026-01-07T23:59:59
1001220,5,5661,0,455661013,0,2025-12-29T10:35:00,2026-01-07T23:59:59
1001220,6,5661,0,455661012,0,2025-12-29T10:35:00,2026-01-07T23:59:59
1001220,7,5661,0,455661012,0,2025-12-29T10:35:00,2026-01-07T23:59:59
1001220,8,5661,0,455661011,0,2025-12-29T10:35:00,2026-01-07T23:59:59
1001220,9,5661,0,455661011,0,2025-12-29T10:35:00,2026-01-07T23:59:59
1001220,10,5661,0,455661010,0,2025-12-29T10:35:00,2026-01-07T23:59:59
1001230,0,5661,0,455661013,0,2025-12-29T10:35:00,2026-01-07T23:59:59
1001230,0,5701,0,455701016,0,2026-06-22T10:35:00,2026-07-01T23:59:59
1001230,1,5661,0,455661012,0,2025-12-29T10:35:00,2026-01-07T23:59:59
1001230,1,5701,0,455701015,0,2026-06-22T10:35:00,2026-07-01T23:59:59
1001230,2,5661,0,455661012,0,2025-12-29T10:35:00,2026-01-07T23:59:59
1001230,2,5701,0,455701015,0,2026-06-22T10:35:00,2026-07-01T23:59:59
1001230,3,5661,0,455661010,0,2025-12-29T10:35:00,2026-01-07T23:59:59
1001230,3,5701,0,455701014,0,2026-06-22T10:35:00,2026-07-01T23:59:59
1001230,4,5661,0,455661008,0,2025-12-29T10:35:00,2026-01-07T23:59:59
1001230,4,5701,0,455701013,0,2026-06-22T10:35:00,2026-07-01T23:59:59
1001230,5,5661,0,455661008,0,2025-12-29T10:35:00,2026-01-07T23:59:59
1001230,5,5701,0,455701013,0,2026-06-22T10:35:00,2026-07-01T23:59:59
1001230,6,5661,0,455661006,0,2025-12-29T10:35:00,2026-01-07T23:59:59
1001230,6,5701,0,455701012,0,2026-06-22T10:35:00,2026-07-01T23:59:59
1001230,7,5661,0,455661006,0,2025-12-29T10:35:00,2026-01-07T23:59:59
1001230,7,5701,0,455701012,0,2026-06-22T10:35:00,2026-07-01T23:59:59
1001230,8,5661,0,455661004,0,2025-12-29T10:35:00,2026-01-07T23:59:59
1001230,8,5701,0,455701011,0,2026-06-22T10:35:00,2026-07-01T23:59:59
1001230,9,5661,0,455661004,0,2025-12-29T10:35:00,2026-01-07T23:59:59
1001230,9,5701,0,455701011,0,2026-06-22T10:35:00,2026-07-01T23:59:59
1001230,10,5661,0,455661003,0,2025-12-29T10:35:00,2026-01-07T23:59:59
1001230,10,5701,0,455701010,0,2026-06-22T10:35:00,2026-07-01T23:59:59
1001240,0,5661,0,455661016,0,2025-12-29T10:35:00,2026-01-07T23:59:59
1001240,0,5681,0,455681015,0,2026-03-27T10:35:00,2026-04-05T23:59:59
1001240,0,5701,0,455701016,0,2026-06-22T10:35:00,2026-07-01T23:59:59
1001240,1,5661,0,455661015,0,2025-12-29T10:35:00,2026-01-07T23:59:59
1001240,1,5681,0,455681014,0,2026-03-27T10:35:00,2026-04-05T23:59:59
1001240,1,5701,0,455701015,0,2026-06-22T10:35:00,2026-07-01T23:59:59
1001240,2,5661,0,455661015,0,2025-12-29T10:35:00,2026-01-07T23:59:59
1001240,2,5681,0,455681014,0,2026-03-27T10:35:00,2026-04-05T23:59:59
1001240,2,5701,0,455701015,0,2026-06-22T10:35:00,2026-07-01T23:59:59
1001240,3,5661,0,455661014,0,2025-12-29T10:35:00,2026-01-07T23:59:59
1001240,3,5681,0,455681013,0,2026-03-27T10:35:00,2026-04-05T23:59:59
1001240,3,5701,0,455701014,0,2026-06-22T10:35:00,2026-07-01T23:59:59
1001240,4,5661,0,455661013,0,2025-12-29T10:35:00,2026-01-07T23:59:59
1001240,4,5681,0,455681012,0,2026-03-27T10:35:00,2026-04-05T23:59:59
1001240,4,5701,0,455701013,0,2026-06-22T10:35:00,2026-07-01T23:59:59
1001240,5,5661,0,455661013,0,2025-12-29T10:35:00,2026-01-07T23:59:59
1001240,5,5681,0,455681012,0,2026-03-27T10:35:00,2026-04-05T23:59:59
1001240,5,5701,0,455701013,0,2026-06-22T10:35:00,2026-07-01T23:59:59
1001240,6,5661,0,455661012,0,2025-12-29T10:35:00,2026-01-07T23:59:59
1001240,6,5681,0,455681011,0,2026-03-27T10:35:00,2026-04-05T23:59:59
1001240,6,5701,0,455701012,0,2026-06-22T10:35:00,2026-07-01T23:59:59
1001240,7,5661,0,455661012,0,2025-12-29T10:35:00,2026-01-07T23:59:59
1001240,7,5681,0,455681011,0,2026-03-27T10:35:00,2026-04-05T23:59:59
1001240,7,5701,0,455701012,0,2026-06-22T10:35:00,2026-07-01T23:59:59
1001240,8,5661,0,455661011,0,2025-12-29T10:35:00,2026-01-07T23:59:59
1001240,8,5681,0,455681010,0,2026-03-27T10:35:00,2026-04-05T23:59:59
1001240,8,5701,0,455701011,0,2026-06-22T10:35:00,2026-07-01T23:59:59
1001240,9,5661,0,455661011,0,2025-12-29T10:35:00,2026-01-07T23:59:59
1001240,9,5681,0,455681010,0,2026-03-27T10:35:00,2026-04-05T23:59:59
1001240,9,5701,0,455701011,0,2026-06-22T10:35:00,2026-07-01T23:59:59
1001240,10,5661,0,455661010,0,2025-12-29T10:35:00,2026-01-07T23:59:59
1001240,10,5681,0,455681009,0,2026-03-27T10:35:00,2026-04-05T23:59:59
1001240,10,5701,0,455701010,0,2026-06-22T10:35:00,2026-07-01T23:59:59
1001250,0,5651,0,455651008,455651017,2025-11-10T10:35:00,2025-12-01T10:29:59
1001250,0,5661,0,455661015,0,2025-12-29T10:35:00,2026-01-07T23:59:59
1001250,1,5651,0,455651009,455651018,2025-11-10T10:35:00,2025-12-01T10:29:59
1001250,1,5661,0,455661014,0,2025-12-29T10:35:00,2026-01-07T23:59:59
1001250,2,5651,0,455651009,455651018,2025-11-10T10:35:00,2025-12-01T10:29:59
1001250,2,5661,0,455661014,0,2025-12-29T10:35:00,2026-01-07T23:59:59
1001250,3,5651,0,455651010,455651019,2025-11-10T10:35:00,2025-12-01T10:29:59
1001250,3,5661,0,455661013,0,2025-12-29T10:35:00,2026-01-07T23:59:59
1001250,4,5651,0,455651011,455651020,2025-11-10T10:35:00,2025-12-01T10:29:59
1001250,4,5661,0,455661012,0,2025-12-29T10:35:00,2026-01-07T23:59:59
1001250,5,5651,0,455651011,455651020,2025-11-10T10:35:00,2025-12-01T10:29:59
1001250,5,5661,0,455661012,0,2025-12-29T10:35:00,2026-01-07T23:59:59
1001250,6,5651,0,455651012,455651021,2025-11-10T10:35:00,2025-12-01T10:29:59
1001250,6,5661,0,455661011,0,2025-12-29T10:35:00,2026-01-07T23:59:59
1001250,7,5651,0,455651012,455651021,2025-11-10T10:35:00,2025-12-01T10:29:59
1001250,7,5661,0,455661011,0,2025-12-29T10:35:00,2026-01-07T23:59:59
1001250,8,5651,0,455651012,455651021,2025-11-10T10:35:00,2025-12-01T10:29:59
1001250,8,5661,0,455661010,0,2025-12-29T10:35:00,2026-01-07T23:59:59
1001250,9,5651,0,455651012,455651021,2025-11-10T10:35:00,2025-12-01T10:29:59
1001250,9,5661,0,455661010,0,2025-12-29T10:35:00,2026-01-07T23:59:59
1001250,10,5651,0,455651012,455651021,2025-11-10T10:35:00,2025-12-01T10:29:59
1001250,10,5661,0,455661009,0,2025-12-29T10:35:00,2026-01-07T23:59:59
1001260,0,5671,0,455671006,455671014,2026-02-10T10:35:00,2026-02-27T10:29:59
1001260,0,5681,0,455681016,0,2026-03-27T10:35:00,2026-04-05T23:59:59
1001260,0,5701,0,455701013,0,2026-06-22T10:35:00,2026-07-01T23:59:59
1001260,1,5671,0,455671007,455671015,2026-02-10T10:35:00,2026-02-27T10:29:59
1001260,1,5681,0,455681015,0,2026-03-27T10:35:00,2026-04-05T23:59:59
1001260,1,5701,0,455701012,0,2026-06-22T10:35:00,2026-07-01T23:59:59
1001260,2,5671,0,455671007,455671015,2026-02-10T10:35:00,2026-02-27T10:29:59
1001260,2,5681,0,455681015,0,2026-03-27T10:35:00,2026-04-05T23:59:59
1001260,2,5701,0,455701012,0,2026-06-22T10:35:00,2026-07-01T23:59:59
1001260,3,5671,0,455671008,455671016,2026-02-10T10:35:00,2026-02-27T10:29:59
1001260,3,5681,0,455681014,0,2026-03-27T10:35:00,2026-04-05T23:59:59
1001260,3,5701,0,455701010,0,2026-06-22T10:35:00,2026-07-01T23:59:59
1001260,4,5671,0,455671009,455671017,2026-02-10T10:35:00,2026-02-27T10:29:59
1001260,4,5681,0,455681013,0,2026-03-27T10:35:00,2026-04-05T23:59:59
1001260,4,5701,0,455701008,0,2026-06-22T10:35:00,2026-07-01T23:59:59
1001260,5,5671,0,455671009,455671017,2026-02-10T10:35:00,2026-02-27T10:29:59
1001260,5,5681,0,455681013,0,2026-03-27T10:35:00,2026-04-05T23:59:59
1001260,5,5701,0,455701008,0,2026-06-22T10:35:00,2026-07-01T23:59:59
1001260,6,5671,0,455671010,455671018,2026-02-10T10:35:00,2026-02-27T10:29:59
1001260,6,5681,0,455681012,0,2026-03-27T10:35:00,2026-04-05T23:59:59
1001260,6,5701,0,455701006,0,2026-06-22T10:35:00,2026-07-01T23:59:59
1001260,7,5671,0,455671010,455671018,2026-02-10T10:35:00,2026-02-27T10:29:59
1001260,7,5681,0,455681012,0,2026-03-27T10:35:00,2026-04-05T23:59:59
1001260,7,5701,0,455701006,0,2026-06-22T10:35:00,2026-07-01T23:59:59
1001260,8,5671,0,455671010,455671018,2026-02-10T10:35:00,2026-02-27T10:29:59
1001260,8,5681,0,455681011,0,2026-03-27T10:35:00,2026-04-05T23:59:59
1001260,8,5701,0,455701004,0,2026-06-22T10:35:00,2026-07-01T23:59:59
1001260,9,5671,0,455671010,455671018,2026-02-10T10:35:00,2026-02-27T10:29:59
1001260,9,5681,0,455681011,0,2026-03-27T10:35:00,2026-04-05T23:59:59
1001260,9,5701,0,455701004,0,2026-06-22T10:35:00,2026-07-01T23:59:59
1001260,10,5671,0,455671010,455671018,2026-02-10T10:35:00,2026-02-27T10:29:59
1001260,10,5681,0,455681010,0,2026-03-27T10:35:00,2026-04-05T23:59:59
1001260,10,5701,0,455701003,0,2026-06-22T10:35:00,2026-07-01T23:59:59
1001270,0,5691,0,455691008,455691017,2026-04-24T10:35:00,2026-05-15T10:29:59
1001270,0,5701,0,455701015,0,2026-06-22T10:35:00,2026-07-01T23:59:59
1001270,1,5691,0,455691009,455691018,2026-04-24T10:35:00,2026-05-15T10:29:59
1001270,1,5701,0,455701014,0,2026-06-22T10:35:00,2026-07-01T23:59:59
1001270,2,5691,0,455691009,455691018,2026-04-24T10:35:00,2026-05-15T10:29:59
1001270,2,5701,0,455701014,0,2026-06-22T10:35:00,2026-07-01T23:59:59
1001270,3,5691,0,455691010,455691019,2026-04-24T10:35:00,2026-05-15T10:29:59
1001270,3,5701,0,455701013,0,2026-06-22T10:35:00,2026-07-01T23:59:59
1001270,4,5691,0,455691011,455691020,2026-04-24T10:35:00,2026-05-15T10:29:59
1001270,4,5701,0,455701012,0,2026-06-22T10:35:00,2026-07-01T23:59:59
1001270,5,5691,0,455691011,455691020,2026-04-24T10:35:00,2026-05-15T10:29:59
1001270,5,5701,0,455701012,0,2026-06-22T10:35:00,2026-07-01T23:59:59
1001270,6,5691,0,455691012,455691021,2026-04-24T10:35:00,2026-05-15T10:29:59
1001270,6,5701,0,455701011,0,2026-06-22T10:35:00,2026-07-01T23:59:59
1001270,7,5691,0,455691012,455691021,2026-04-24T10:35:00,2026-05-15T10:29:59
1001270,7,5701,0,455701011,0,2026-06-22T10:35:00,2026-07-01T23:59:59
1001270,8,5691,0,455691012,455691021,2026-04-24T10:35:00,2026-05-15T10:29:59
1001270,8,5701,0,455701010,0,2026-06-22T10:35:00,2026-07-01T23:59:59
1001270,9,5691,0,455691012,455691021,2026-04-24T10:35:00,2026-05-15T10:29:59
1001270,9,5701,0,455701010,0,2026-06-22T10:35:00,2026-07-01T23:59:59
1001270,10,5691,0,455691012,455691021,2026-04-24T10:35:00,2026-05-15T10:29:59
1001270,10,5701,0,455701009,0,2026-06-22T10:35:00,2026-07-01T23:59:59
1001280,0,5711,0,455711008,455711017,2026-07-22T10:35:00,2026-08-06T10:29:59
1001280,1,5711,0,455711009,455711018,2026-07-22T10:35:00,2026-08-06T10:29:59
1001280,2,5711,0,455711009,455711018,2026-07-22T10:35:00,2026-08-06T10:29:59
1001280,3,5711,0,455711010,455711019,2026-07-22T10:35:00,2026-08-06T10:29:59
1001280,4,5711,0,455711011,455711020,2026-07-22T10:35:00,2026-08-06T10:29:59
1001280,5,5711,0,455711011,455711020,2026-07-22T10:35:00,2026-08-06T10:29:59
1001280,6,5711,0,455711012,455711021,2026-07-22T10:35:00,2026-08-06T10:29:59
1001280,7,5711,0,455711012,455711021,2026-07-22T10:35:00,2026-08-06T10:29:59
1001280,8,5711,0,455711012,455711021,2026-07-22T10:35:00,2026-08-06T10:29:59
1001280,9,5711,0,455711012,455711021,2026-07-22T10:35:00,2026-08-06T10:29:59
1001280,10,5711,0,455711012,455711021,2026-07-22T10:35:00,2026-08-06T10:29:59
1002210,0,5651,0,455651022,455651014,2025-11-10T10:35:00,2025-12-01T10:29:59
1002210,0,5681,0,455681031,0,2026-03-27T10:35:00,2026-04-05T23:59:59
1002210,0,5701,0,455701036,0,2026-06-22T10:35:00,2026-07-01T23:59:59
1002210,1,5651,0,455651023,455651015,2025-11-10T10:35:00,2025-12-01T10:29:59
1002210,1,5681,0,455681030,0,2026-03-27T10:35:00,2026-04-05T23:59:59
1002210,1,5701,0,455701025,0,2026-06-22T10:35:00,2026-07-01T23:59:59
1002210,2,5651,0,455651023,455651015,2025-11-10T10:35:00,2025-12-01T10:29:59
1002210,2,5681,0,455681030,0,2026-03-27T10:35:00,2026-04-05T23:59:59
1002210,2,5701,0,455701025,0,2026-06-22T10:35:00,2026-07-01T23:59:59
1002210,3,5651,0,455651024,455651016,2025-11-10T10:35:00,2025-12-01T10:29:59
1002210,3,5681,0,455681029,0,2026-03-27T10:35:00,2026-04-05T23:59:59
1002210,3,5701,0,455701026,0,2026-06-22T10:35:00,2026-07-01T23:59:59
1002210,4,5651,0,455651025,455651017,2025-11-10T10:35:00,2025-12-01T10:29:59
1002210,4,5681,0,455681028,0,2026-03-27T10:35:00,2026-04-05T23:59:59
1002210,4,5701,0,455701027,0,2026-06-22T10:35:00,2026-07-01T23:59:59
1002210,5,5651,0,455651025,455651017,2025-11-10T10:35:00,2025-12-01T10:29:59
1002210,5,5681,0,455681028,0,2026-03-27T10:35:00,2026-04-05T23:59:59
1002210,5,5701,0,455701027,0,2026-06-22T10:35:00,2026-07-01T23:59:59
1002210,6,5651,0,455651026,455651018,2025-11-10T10:35:00,2025-12-01T10:29:59
1002210,6,5681,0,455681027,0,2026-03-27T10:35:00,2026-04-05T23:59:59
1002210,6,5701,0,455701028,0,2026-06-22T10:35:00,2026-07-01T23:59:59
1002210,7,5651,0,455651026,455651018,2025-11-10T10:35:00,2025-12-01T10:29:59
1002210,7,5681,0,455681027,0,2026-03-27T10:35:00,2026-04-05T23:59:59
1002210,7,5701,0,455701028,0,2026-06-22T10:35:00,2026-07-01T23:59:59
1002210,8,5651,0,455651026,455651018,2025-11-10T10:35:00,2025-12-01T10:29:59
1002210,8,5681,0,455681026,0,2026-03-27T10:35:00,2026-04-05T23:59:59
1002210,8,5701,0,455701029,0,2026-06-22T10:35:00,2026-07-01T23:59:59
1002210,9,5651,0,455651026,455651018,2025-11-10T10:35:00,2025-12-01T10:29:59
1002210,9,5681,0,455681026,0,2026-03-27T10:35:00,2026-04-05T23:59:59
1002210,9,5701,0,455701029,0,2026-06-22T10:35:00,2026-07-01T23:59:59
1002210,10,5651,0,455651026,455651018,2025-11-10T10:35:00,2025-12-01T10:29:59
1002210,10,5681,0,455681025,0,2026-03-27T10:35:00,2026-04-05T23:59:59
1002210,10,5701,0,455701030,0,2026-06-22T10:35:00,2026-07-01T23:59:59
1002220,0,5661,0,455661024,0,2025-12-29T10:35:00,2026-01-07T23:59:59
1002220,0,5691,0,455691022,455691014,2026-04-24T10:35:00,2026-05-15T10:29:59
1002220,1,5661,0,455661023,0,2025-12-29T10:35:00,2026-01-07T23:59:59
1002220,1,5691,0,455691023,455691015,2026-04-24T10:35:00,2026-05-15T10:29:59
1002220,2,5661,0,455661023,0,2025-12-29T10:35:00,2026-01-07T23:59:59
1002220,2,5691,0,455691023,455691015,2026-04-24T10:35:00,2026-05-15T10:29:59
1002220,3,5661,0,455661022,0,2025-12-29T10:35:00,2026-01-07T23:59:59
1002220,3,5691,0,455691024,455691016,2026-04-24T10:35:00,2026-05-15T10:29:59
1002220,4,5661,0,455661021,0,2025-12-29T10:35:00,2026-01-07T23:59:59
1002220,4,5691,0,455691025,455691017,2026-04-24T10:35:00,2026-05-15T10:29:59
1002220,5,5661,0,455661021,0,2025-12-29T10:35:00,2026-01-07T23:59:59
1002220,5,5691,0,455691025,455691017,2026-04-24T10:35:00,2026-05-15T10:29:59
1002220,6,5661,0,455661020,0,2025-12-29T10:35:00,2026-01-07T23:59:59
1002220,6,5691,0,455691026,455691018,2026-04-24T10:35:00,2026-05-15T10:29:59
1002220,7,5661,0,455661020,0,2025-12-29T10:35:00,2026-01-07T23:59:59
1002220,7,5691,0,455691026,455691018,2026-04-24T10:35:00,2026-05-15T10:29:59
1002220,8,5661,0,455661019,0,2025-12-29T10:35:00,2026-01-07T23:59:59
1002220,8,5691,0,455691026,455691018,2026-04-24T10:35:00,2026-05-15T10:29:59
1002220,9,5661,0,455661019,0,2025-12-29T10:35:00,2026-01-07T23:59:59
1002220,9,5691,0,455691026,455691018,2026-04-24T10:35:00,2026-05-15T10:29:59
1002220,10,5661,0,455661018,0,2025-12-29T10:35:00,2026-01-07T23:59:59
1002220,10,5691,0,455691026,455691018,2026-04-24T10:35:00,2026-05-15T10:29:59
1002230,0,5661,0,455661013,0,2025-12-29T10:35:00,2026-01-07T23:59:59
1002230,1,5661,0,455661012,0,2025-12-29T10:35:00,2026-01-07T23:59:59
1002230,2,5661,0,455661012,0,2025-12-29T10:35:00,2026-01-07T23:59:59
1002230,3,5661,0,455661010,0,2025-12-29T10:35:00,2026-01-07T23:59:59
1002230,4,5661,0,455661008,0,2025-12-29T10:35:00,2026-01-07T23:59:59
1002230,5,5661,0,455661008,0,2025-12-29T10:35:00,2026-01-07T23:59:59
1002230,6,5661,0,455661006,0,2025-12-29T10:35:00,2026-01-07T23:59:59
1002230,7,5661,0,455661006,0,2025-12-29T10:35:00,2026-01-07T23:59:59
1002230,8,5661,0,455661004,0,2025-12-29T10:35:00,2026-01-07T23:59:59
1002230,9,5661,0,455661004,0,2025-12-29T10:35:00,2026-01-07T23:59:59
1002230,10,5661,0,455661003,0,2025-12-29T10:35:00,2026-01-07T23:59:59
1002240,0,5661,0,455661010,0,2025-12-29T10:35:00,2026-01-07T23:59:59
1002240,0,5681,0,455681015,0,2026-03-27T10:35:00,2026-04-05T23:59:59
1002240,1,5661,0,455661009,0,2025-12-29T10:35:00,2026-01-07T23:59:59
1002240,1,5681,0,455681014,0,2026-03-27T10:35:00,2026-04-05T23:59:59
1002240,2,5661,0,455661009,0,2025-12-29T10:35:00,2026-01-07T23:59:59
1002240,2,5681,0,455681014,0,2026-03-27T10:35:00,2026-04-05T23:59:59
1002240,3,5661,0,455661007,0,2025-12-29T10:35:00,2026-01-07T23:59:59
1002240,3,5681,0,455681013,0,2026-03-27T10:35:00,2026-04-05T23:59:59
1002240,4,5661,0,455661005,0,2025-12-29T10:35:00,2026-01-07T23:59:59
1002240,4,5681,0,455681012,0,2026-03-27T10:35:00,2026-04-05T23:59:59
1002240,5,5661,0,455661005,0,2025-12-29T10:35:00,2026-01-07T23:59:59
1002240,5,5681,0,455681012,0,2026-03-27T10:35:00,2026-04-05T23:59:59
1002240,6,5661,0,455661003,0,2025-12-29T10:35:00,2026-01-07T23:59:59
1002240,6,5681,0,455681011,0,2026-03-27T10:35:00,2026-04-05T23:59:59
1002240,7,5661,0,455661003,0,2025-12-29T10:35:00,2026-01-07T23:59:59
1002240,7,5681,0,455681011,0,2026-03-27T10:35:00,2026-04-05T23:59:59
1002240,8,5661,0,455661002,0,2025-12-29T10:35:00,2026-01-07T23:59:59
1002240,8,5681,0,455681010,0,2026-03-27T10:35:00,2026-04-05T23:59:59
1002240,9,5661,0,455661002,0,2025-12-29T10:35:00,2026-01-07T23:59:59
1002240,9,5681,0,455681010,0,2026-03-27T10:35:00,2026-04-05T23:59:59
1002240,10,5661,0,455661001,0,2025-12-29T10:35:00,2026-01-07T23:59:59
1002240,10,5681,0,455681009,0,2026-03-27T10:35:00,2026-04-05T23:59:59
1002250,0,5671,0,455671008,455671017,2026-02-10T10:35:00,2026-02-27T10:29:59
1002250,0,5681,0,455681015,0,2026-03-27T10:35:00,2026-04-05T23:59:59
1002250,1,5671,0,455671009,455671018,2026-02-10T10:35:00,2026-02-27T10:29:59
1002250,1,5681,0,455681014,0,2026-03-27T10:35:00,2026-04-05T23:59:59
1002250,2,5671,0,455671009,455671018,2026-02-10T10:35:00,2026-02-27T10:29:59
1002250,2,5681,0,455681014,0,2026-03-27T10:35:00,2026-04-05T23:59:59
1002250,3,5671,0,455671010,455671019,2026-02-10T10:35:00,2026-02-27T10:29:59
1002250,3,5681,0,455681013,0,2026-03-27T10:35:00,2026-04-05T23:59:59
1002250,4,5671,0,455671011,455671020,2026-02-10T10:35:00,2026-02-27T10:29:59
1002250,4,5681,0,455681012,0,2026-03-27T10:35:00,2026-04-05T23:59:59
1002250,5,5671,0,455671011,455671020,2026-02-10T10:35:00,2026-02-27T10:29:59
1002250,5,5681,0,455681012,0,2026-03-27T10:35:00,2026-04-05T23:59:59
1002250,6,5671,0,455671012,455671021,2026-02-10T10:35:00,2026-02-27T10:29:59
1002250,6,5681,0,455681011,0,2026-03-27T10:35:00,2026-04-05T23:59:59
1002250,7,5671,0,455671012,455671021,2026-02-10T10:35:00,2026-02-27T10:29:59
1002250,7,5681,0,455681011,0,2026-03-27T10:35:00,2026-04-05T23:59:59
1002250,8,5671,0,455671012,455671021,2026-02-10T10:35:00,2026-02-27T10:29:59
1002250,8,5681,0,455681010,0,2026-03-27T10:35:00,2026-04-05T23:59:59
1002250,9,5671,0,455671012,455671021,2026-02-10T10:35:00,2026-02-27T10:29:59
1002250,9,5681,0,455681010,0,2026-03-27T10:35:00,2026-04-05T23:59:59
1002250,10,5671,0,455671012,455671021,2026-02-10T10:35:00,2026-02-27T10:29:59
1002250,10,5681,0,455681009,0,2026-03-27T10:35:00,2026-04-05T23:59:59
1002270,0,5701,0,455701015,0,2026-06-22T10:35:00,2026-07-01T23:59:59
1002270,1,5701,0,455701014,0,2026-06-22T10:35:00,2026-07-01T23:59:59
1002270,2,5701,0,455701014,0,2026-06-22T10:35:00,2026-07-01T23:59:59
1002270,3,5701,0,455701013,0,2026-06-22T10:35:00,2026-07-01T23:59:59
1002270,4,5701,0,455701012,0,2026-06-22T10:35:00,2026-07-01T23:59:59
1002270,5,5701,0,455701012,0,2026-06-22T10:35:00,2026-07-01T23:59:59
1002270,6,5701,0,455701011,0,2026-06-22T10:35:00,2026-07-01T23:59:59
1002270,7,5701,0,455701011,0,2026-06-22T10:35:00,2026-07-01T23:59:59
1002270,8,5701,0,455701010,0,2026-06-22T10:35:00,2026-07-01T23:59:59
1002270,9,5701,0,455701010,0,2026-06-22T10:35:00,2026-07-01T23:59:59
1002270,10,5701,0,455701009,0,2026-06-22T10:35:00,2026-07-01T23:59:59
1003100,0,5681,0,455681016,0,2026-03-27T10:35:00,2026-04-05T23:59:59
1003100,1,5681,0,455681015,0,2026-03-27T10:35:00,2026-04-05T23:59:59
1003100,2,5681,0,455681015,0,2026-03-27T10:35:00,2026-04-05T23:59:59
1003100,3,5681,0,455681014,0,2026-03-27T10:35:00,2026-04-05T23:59:59
1003100,4,5681,0,455681013,0,2026-03-27T10:35:00,2026-04-05T23:59:59
1003100,5,5681,0,455681013,0,2026-03-27T10:35:00,2026-04-05T23:59:59
1003100,6,5681,0,455681012,0,2026-03-27T10:35:00,2026-04-05T23:59:59
1003100,7,5681,0,455681012,0,2026-03-27T10:35:00,2026-04-05T23:59:59
1003100,8,5681,0,455681011,0,2026-03-27T10:35:00,2026-04-05T23:59:59
1003100,9,5681,0,455681011,0,2026-03-27T10:35:00,2026-04-05T23:59:59
1003100,10,5681,0,455681010,0,2026-03-27T10:35:00,2026-04-05T23:59:59
1003110,0,5681,0,455681013,0,2026-03-27T10:35:00,2026-04-05T23:59:59
1003110,0,5701,0,455701016,0,2026-06-22T10:35:00,2026-07-01T23:59:59
1003110,1,5681,0,455681012,0,2026-03-27T10:35:00,2026-04-05T23:59:59
1003110,1,5701,0,455701015,0,2026-06-22T10:35:00,2026-07-01T23:59:59
1003110,2,5681,0,455681012,0,2026-03-27T10:35:00,2026-04-05T23:59:59
1003110,2,5701,0,455701015,0,2026-06-22T10:35:00,2026-07-01T23:59:59
1003110,3,5681,0,455681010,0,2026-03-27T10:35:00,2026-04-05T23:59:59
1003110,3,5701,0,455701014,0,2026-06-22T10:35:00,2026-07-01T23:59:59
1003110,4,5681,0,455681008,0,2026-03-27T10:35:00,2026-04-05T23:59:59
1003110,4,5701,0,455701013,0,2026-06-22T10:35:00,2026-07-01T23:59:59
1003110,5,5681,0,455681008,0,2026-03-27T10:35:00,2026-04-05T23:59:59
1003110,5,5701,0,455701013,0,2026-06-22T10:35:00,2026-07-01T23:59:59
1003110,6,5681,0,455681006,0,2026-03-27T10:35:00,2026-04-05T23:59:59
1003110,6,5701,0,455701012,0,2026-06-22T10:35:00,2026-07-01T23:59:59
1003110,7,5681,0,455681006,0,2026-03-27T10:35:00,2026-04-05T23:59:59
1003110,7,5701,0,455701012,0,2026-06-22T10:35:00,2026-07-01T23:59:59
1003110,8,5681,0,455681004,0,2026-03-27T10:35:00,2026-04-05T23:59:59
1003110,8,5701,0,455701011,0,2026-06-22T10:35:00,2026-07-01T23:59:59
1003110,9,5681,0,455681004,0,2026-03-27T10:35:00,2026-04-05T23:59:59
1003110,9,5701,0,455701011,0,2026-06-22T10:35:00,2026-07-01T23:59:59
1003110,10,5681,0,455681003,0,2026-03-27T10:35:00,2026-04-05T23:59:59
1003110,10,5701,0,455701010,0,2026-06-22T10:35:00,2026-07-01T23:59:59
1003120,0,5661,0,455661033,0,2025-12-29T10:35:00,2026-01-07T23:59:59
1003120,0,5691,0,455691036,455691014,2026-04-24T10:35:00,2026-05-15T10:29:59
1003120,1,5661,0,455661032,0,2025-12-29T10:35:00,2026-01-07T23:59:59
1003120,1,5691,0,455691037,455691015,2026-04-24T10:35:00,2026-05-15T10:29:59
1003120,2,5661,0,455661032,0,2025-12-29T10:35:00,2026-01-07T23:59:59
1003120,2,5691,0,455691037,455691015,2026-04-24T10:35:00,2026-05-15T10:29:59
1003120,3,5661,0,455661030,0,2025-12-29T10:35:00,2026-01-07T23:59:59
1003120,3,5691,0,455691038,455691016,2026-04-24T10:35:00,2026-05-15T10:29:59
1003120,4,5661,0,455661028,0,2025-12-29T10:35:00,2026-01-07T23:59:59
1003120,4,5691,0,455691039,455691017,2026-04-24T10:35:00,2026-05-15T10:29:59
1003120,5,5661,0,455661028,0,2025-12-29T10:35:00,2026-01-07T23:59:59
1003120,5,5691,0,455691039,455691017,2026-04-24T10:35:00,2026-05-15T10:29:59
1003120,6,5661,0,455661027,0,2025-12-29T10:35:00,2026-01-07T23:59:59
1003120,6,5691,0,455691040,455691018,2026-04-24T10:35:00,2026-05-15T10:29:59
1003120,7,5661,0,455661027,0,2025-12-29T10:35:00,2026-01-07T23:59:59
1003120,7,5691,0,455691040,455691018,2026-04-24T10:35:00,2026-05-15T10:29:59
1003120,8,5661,0,455661026,0,2025-12-29T10:35:00,2026-01-07T23:59:59
1003120,8,5691,0,455691040,455691018,2026-04-24T10:35:00,2026-05-15T10:29:59
1003120,9,5661,0,455661026,0,2025-12-29T10:35:00,2026-01-07T23:59:59
1003120,9,5691,0,455691040,455691018,2026-04-24T10:35:00,2026-05-15T10:29:59
1003120,10,5661,0,455661025,0,2025-12-29T10:35:00,2026-01-07T23:59:59
1003120,10,5691,0,455691040,455691018,2026-04-24T10:35:00,2026-05-15T10:29:59
1003130,0,5671,0,455671008,455671017,2026-02-10T10:35:00,2026-02-27T10:29:59
1003130,0,5681,0,455681015,0,2026-03-27T10:35:00,2026-04-05T23:59:59
1003130,0,5711,0,455711006,455711014,2026-07-14T10:35:00,2026-08-06T10:29:59
1003130,1,5671,0,455671009,455671018,2026-02-10T10:35:00,2026-02-27T10:29:59
1003130,1,5681,0,455681014,0,2026-03-27T10:35:00,2026-04-05T23:59:59
1003130,1,5711,0,455711007,455711015,2026-07-14T10:35:00,2026-08-06T10:29:59
1003130,2,5671,0,455671009,455671018,2026-02-10T10:35:00,2026-02-27T10:29:59
1003130,2,5681,0,455681014,0,2026-03-27T10:35:00,2026-04-05T23:59:59
1003130,2,5711,0,455711007,455711015,2026-07-14T10:35:00,2026-08-06T10:29:59
1003130,3,5671,0,455671010,455671019,2026-02-10T10:35:00,2026-02-27T10:29:59
1003130,3,5681,0,455681013,0,2026-03-27T10:35:00,2026-04-05T23:59:59
1003130,3,5711,0,455711008,455711016,2026-07-14T10:35:00,2026-08-06T10:29:59
1003130,4,5671,0,455671011,455671020,2026-02-10T10:35:00,2026-02-27T10:29:59
1003130,4,5681,0,455681012,0,2026-03-27T10:35:00,2026-04-05T23:59:59
1003130,4,5711,0,455711009,455711017,2026-07-14T10:35:00,2026-08-06T10:29:59
1003130,5,5671,0,455671011,455671020,2026-02-10T10:35:00,2026-02-27T10:29:59
1003130,5,5681,0,455681012,0,2026-03-27T10:35:00,2026-04-05T23:59:59
1003130,5,5711,0,455711009,455711017,2026-07-14T10:35:00,2026-08-06T10:29:59
1003130,6,5671,0,455671012,455671021,2026-02-10T10:35:00,2026-02-27T10:29:59
1003130,6,5681,0,455681011,0,2026-03-27T10:35:00,2026-04-05T23:59:59
1003130,6,5711,0,455711010,455711018,2026-07-14T10:35:00,2026-08-06T10:29:59
1003130,7,5671,0,455671012,455671021,2026-02-10T10:35:00,2026-02-27T10:29:59
1003130,7,5681,0,455681011,0,2026-03-27T10:35:00,2026-04-05T23:59:59
1003130,7,5711,0,455711010,455711018,2026-07-14T10:35:00,2026-08-06T10:29:59
1003130,8,5671,0,455671012,455671021,2026-02-10T10:35:00,2026-02-27T10:29:59
1003130,8,5681,0,455681010,0,2026-03-27T10:35:00,2026-04-05T23:59:59
1003130,8,5711,0,455711010,455711018,2026-07-14T10:35:00,2026-08-06T10:29:59
1003130,9,5671,0,455671012,455671021,2026-02-10T10:35:00,2026-02-27T10:29:59
1003130,9,5681,0,455681010,0,2026-03-27T10:35:00,2026-04-05T23:59:59
1003130,9,5711,0,455711010,455711018,2026-07-14T10:35:00,2026-08-06T10:29:59
1003130,10,5671,0,455671012,455671021,2026-02-10T10:35:00,2026-02-27T10:29:59
1003130,10,5681,0,455681009,0,2026-03-27T10:35:00,2026-04-05T23:59:59
1003130,10,5711,0,455711010,455711018,2026-07-14T10:35:00,2026-08-06T10:29:59
1003140,0,5691,0,455691008,455691017,2026-05-01T10:35:00,2026-05-15T10:29:59
1003140,0,5701,0,455701015,0,2026-06-22T10:35:00,2026-07-01T23:59:59
1003140,1,5691,0,455691009,455691018,2026-05-01T10:35:00,2026-05-15T10:29:59
1003140,1,5701,0,455701014,0,2026-06-22T10:35:00,2026-07-01T23:59:59
1003140,2,5691,0,455691009,455691018,2026-05-01T10:35:00,2026-05-15T10:29:59
1003140,2,5701,0,455701014,0,2026-06-22T10:35:00,2026-07-01T23:59:59
1003140,3,5691,0,455691010,455691019,2026-05-01T10:35:00,2026-05-15T10:29:59
1003140,3,5701,0,455701013,0,2026-06-22T10:35:00,2026-07-01T23:59:59
1003140,4,5691,0,455691011,455691020,2026-05-01T10:35:00,2026-05-15T10:29:59
1003140,4,5701,0,455701012,0,2026-06-22T10:35:00,2026-07-01T23:59:59
1003140,5,5691,0,455691011,455691020,2026-05-01T10:35:00,2026-05-15T10:29:59
1003140,5,5701,0,455701012,0,2026-06-22T10:35:00,2026-07-01T23:59:59
1003140,6,5691,0,455691012,455691021,2026-05-01T10:35:00,2026-05-15T10:29:59
1003140,6,5701,0,455701011,0,2026-06-22T10:35:00,2026-07-01T23:59:59
1003140,7,5691,0,455691012,455691021,2026-05-01T10:35:00,2026-05-15T10:29:59
1003140,7,5701,0,455701011,0,2026-06-22T10:35:00,2026-07-01T23:59:59
1003140,8,5691,0,455691012,455691021,2026-05-01T10:35:00,2026-05-15T10:29:59
1003140,8,5701,0,455701010,0,2026-06-22T10:35:00,2026-07-01T23:59:59
1003140,9,5691,0,455691012,455691021,2026-05-01T10:35:00,2026-05-15T10:29:59
1003140,9,5701,0,455701010,0,2026-06-22T10:35:00,2026-07-01T23:59:59
1003140,10,5691,0,455691012,455691021,2026-05-01T10:35:00,2026-05-15T10:29:59
1003140,10,5701,0,455701009,0,2026-06-22T10:35:00,2026-07-01T23:59:59
1004100,0,5661,0,455661015,0,2025-12-29T10:35:00,2026-01-07T23:59:59
1004100,0,5681,0,455681016,0,2026-03-27T10:35:00,2026-04-05T23:59:59
1004100,1,5661,0,455661014,0,2025-12-29T10:35:00,2026-01-07T23:59:59
1004100,1,5681,0,455681015,0,2026-03-27T10:35:00,2026-04-05T23:59:59
1004100,2,5661,0,455661014,0,2025-12-29T10:35:00,2026-01-07T23:59:59
1004100,2,5681,0,455681015,0,2026-03-27T10:35:00,2026-04-05T23:59:59
1004100,3,5661,0,455661013,0,2025-12-29T10:35:00,2026-01-07T23:59:59
1004100,3,5681,0,455681014,0,2026-03-27T10:35:00,2026-04-05T23:59:59
1004100,4,5661,0,455661012,0,2025-12-29T10:35:00,2026-01-07T23:59:59
1004100,4,5681,0,455681013,0,2026-03-27T10:35:00,2026-04-05T23:59:59
1004100,5,5661,0,455661012,0,2025-12-29T10:35:00,2026-01-07T23:59:59
1004100,5,5681,0,455681013,0,2026-03-27T10:35:00,2026-04-05T23:59:59
1004100,6,5661,0,455661011,0,2025-12-29T10:35:00,2026-01-07T23:59:59
1004100,6,5681,0,455681012,0,2026-03-27T10:35:00,2026-04-05T23:59:59
1004100,7,5661,0,455661011,0,2025-12-29T10:35:00,2026-01-07T23:59:59
1004100,7,5681,0,455681012,0,2026-03-27T10:35:00,2026-04-05T23:59:59
1004100,8,5661,0,455661010,0,2025-12-29T10:35:00,2026-01-07T23:59:59
1004100,8,5681,0,455681011,0,2026-03-27T10:35:00,2026-04-05T23:59:59
1004100,9,5661,0,455661010,0,2025-12-29T10:35:00,2026-01-07T23:59:59
1004100,9,5681,0,455681011,0,2026-03-27T10:35:00,2026-04-05T23:59:59
1004100,10,5661,0,455661009,0,2025-12-29T10:35:00,2026-01-07T23:59:59
1004100,10,5681,0,455681010,0,2026-03-27T10:35:00,2026-04-05T23:59:59
1004110,0,5651,0,455651006,455651014,2025-11-10T10:35:00,2025-12-01T10:29:59
1004110,0,5681,0,455681016,0,2026-03-27T10:35:00,2026-04-05T23:59:59
1004110,1,5651,0,455651007,455651015,2025-11-10T10:35:00,2025-12-01T10:29:59
1004110,1,5681,0,455681015,0,2026-03-27T10:35:00,2026-04-05T23:59:59
1004110,2,5651,0,455651007,455651015,2025-11-10T10:35:00,2025-12-01T10:29:59
1004110,2,5681,0,455681015,0,2026-03-27T10:35:00,2026-04-05T23:59:59
1004110,3,5651,0,455651008,455651016,2025-11-10T10:35:00,2025-12-01T10:29:59
1004110,3,5681,0,455681014,0,2026-03-27T10:35:00,2026-04-05T23:59:59
1004110,4,5651,0,455651009,455651017,2025-11-10T10:35:00,2025-12-01T10:29:59
1004110,4,5681,0,455681013,0,2026-03-27T10:35:00,2026-04-05T23:59:59
1004110,5,5651,0,455651009,455651017,2025-11-10T10:35:00,2025-12-01T10:29:59
1004110,5,5681,0,455681013,0,2026-03-27T10:35:00,2026-04-05T23:59:59
1004110,6,5651,0,455651010,455651018,2025-11-10T10:35:00,2025-12-01T10:29:59
1004110,6,5681,0,455681012,0,2026-03-27T10:35:00,2026-04-05T23:59:59
1004110,7,5651,0,455651010,455651018,2025-11-10T10:35:00,2025-12-01T10:29:59
1004110,7,5681,0,455681012,0,2026-03-27T10:35:00,2026-04-05T23:59:59
1004110,8,5651,0,455651010,455651018,2025-11-10T10:35:00,2025-12-01T10:29:59
1004110,8,5681,0,455681011,0,2026-03-27T10:35:00,2026-04-05T23:59:59
1004110,9,5651,0,455651010,455651018,2025-11-10T10:35:00,2025-12-01T10:29:59
1004110,9,5681,0,455681011,0,2026-03-27T10:35:00,2026-04-05T23:59:59
1004110,10,5651,0,455651010,455651018,2025-11-10T10:35:00,2025-12-01T10:29:59
1004110,10,5681,0,455681010,0,2026-03-27T10:35:00,2026-04-05T23:59:59
1004120,0,5681,0,455681016,0,2026-03-27T10:35:00,2026-04-05T23:59:59
1004120,0,5701,0,455701016,0,2026-06-22T10:35:00,2026-07-01T23:59:59
1004120,1,5681,0,455681015,0,2026-03-27T10:35:00,2026-04-05T23:59:59
1004120,1,5701,0,455701015,0,2026-06-22T10:35:00,2026-07-01T23:59:59
1004120,2,5681,0,455681015,0,2026-03-27T10:35:00,2026-04-05T23:59:59
1004120,2,5701,0,455701015,0,2026-06-22T10:35:00,2026-07-01T23:59:59
1004120,3,5681,0,455681014,0,2026-03-27T10:35:00,2026-04-05T23:59:59
1004120,3,5701,0,455701014,0,2026-06-22T10:35:00,2026-07-01T23:59:59
1004120,4,5681,0,455681013,0,2026-03-27T10:35:00,2026-04-05T23:59:59
1004120,4,5701,0,455701013,0,2026-06-22T10:35:00,2026-07-01T23:59:59
1004120,5,5681,0,455681013,0,2026-03-27T10:35:00,2026-04-05T23:59:59
1004120,5,5701,0,455701013,0,2026-06-22T10:35:00,2026-07-01T23:59:59
1004120,6,5681,0,455681012,0,2026-03-27T10:35:00,2026-04-05T23:59:59
1004120,6,5701,0,455701012,0,2026-06-22T10:35:00,2026-07-01T23:59:59
1004120,7,5681,0,455681012,0,2026-03-27T10:35:00,2026-04-05T23:59:59
1004120,7,5701,0,455701012,0,2026-06-22T10:35:00,2026-07-01T23:59:59
1004120,8,5681,0,455681011,0,2026-03-27T10:35:00,2026-04-05T23:59:59
1004120,8,5701,0,455701011,0,2026-06-22T10:35:00,2026-07-01T23:59:59
1004120,9,5681,0,455681011,0,2026-03-27T10:35:00,2026-04-05T23:59:59
1004120,9,5701,0,455701011,0,2026-06-22T10:35:00,2026-07-01T23:59:59
1004120,10,5681,0,455681010,0,2026-03-27T10:35:00,2026-04-05T23:59:59
1004120,10,5701,0,455701010,0,2026-06-22T10:35:00,2026-07-01T23:59:59
1005050,0,5671,0,455671022,455671014,2026-02-10T10:35:00,2026-02-27T10:29:59
1005050,1,5671,0,455671023,455671015,2026-02-10T10:35:00,2026-02-27T10:29:59
1005050,2,5671,0,455671023,455671015,2026-02-10T10:35:00,2026-02-27T10:29:59
1005050,3,5671,0,455671024,455671016,2026-02-10T10:35:00,2026-02-27T10:29:59
1005050,4,5671,0,455671025,455671017,2026-02-10T10:35:00,2026-02-27T10:29:59
1005050,5,5671,0,455671025,455671017,2026-02-10T10:35:00,2026-02-27T10:29:59
1005050,6,5671,0,455671026,455671018,2026-02-10T10:35:00,2026-02-27T10:29:59
1005050,7,5671,0,455671026,455671018,2026-02-10T10:35:00,2026-02-27T10:29:59
1005050,8,5671,0,455671026,455671018,2026-02-10T10:35:00,2026-02-27T10:29:59
1005050,9,5671,0,455671026,455671018,2026-02-10T10:35:00,2026-02-27T10:29:59
1005050,10,5671,0,455671026,455671018,2026-02-10T10:35:00,2026-02-27T10:29:59
1005080,0,5681,0,455681023,0,2026-03-27T10:35:00,2026-04-05T23:59:59
1005080,0,5701,0,455701024,0,2026-06-22T10:35:00,2026-07-01T23:59:59
1005080,0,5711,0,455711022,455711014,2026-07-14T10:35:00,2026-08-06T10:29:59
1005080,1,5681,0,455681022,0,2026-03-27T10:35:00,2026-04-05T23:59:59
1005080,1,5701,0,455701023,0,2026-06-22T10:35:00,2026-07-01T23:59:59
1005080,1,5711,0,455711023,455711015,2026-07-14T10:35:00,2026-08-06T10:29:59
1005080,2,5681,0,455681022,0,2026-03-27T10:35:00,2026-04-05T23:59:59
1005080,2,5701,0,455701023,0,2026-06-22T10:35:00,2026-07-01T23:59:59
1005080,2,5711,0,455711023,455711015,2026-07-14T10:35:00,2026-08-06T10:29:59
1005080,3,5681,0,455681021,0,2026-03-27T10:35:00,2026-04-05T23:59:59
1005080,3,5701,0,455701022,0,2026-06-22T10:35:00,2026-07-01T23:59:59
1005080,3,5711,0,455711024,455711016,2026-07-14T10:35:00,2026-08-06T10:29:59
1005080,4,5681,0,455681020,0,2026-03-27T10:35:00,2026-04-05T23:59:59
1005080,4,5701,0,455701021,0,2026-06-22T10:35:00,2026-07-01T23:59:59
1005080,4,5711,0,455711025,455711017,2026-07-14T10:35:00,2026-08-06T10:29:59
1005080,5,5681,0,455681020,0,2026-03-27T10:35:00,2026-04-05T23:59:59
1005080,5,5701,0,455701021,0,2026-06-22T10:35:00,2026-07-01T23:59:59
1005080,5,5711,0,455711025,455711017,2026-07-14T10:35:00,2026-08-06T10:29:59
1005080,6,5681,0,455681019,0,2026-03-27T10:35:00,2026-04-05T23:59:59
1005080,6,5701,0,455701020,0,2026-06-22T10:35:00,2026-07-01T23:59:59
1005080,6,5711,0,455711026,455711018,2026-07-14T10:35:00,2026-08-06T10:29:59
1005080,7,5681,0,455681019,0,2026-03-27T10:35:00,2026-04-05T23:59:59
1005080,7,5701,0,455701020,0,2026-06-22T10:35:00,2026-07-01T23:59:59
1005080,7,5711,0,455711026,455711018,2026-07-14T10:35:00,2026-08-06T10:29:59
1005080,8,5681,0,455681018,0,2026-03-27T10:35:00,2026-04-05T23:59:59
1005080,8,5701,0,455701019,0,2026-06-22T10:35:00,2026-07-01T23:59:59
1005080,8,5711,0,455711026,455711018,2026-07-14T10:35:00,2026-08-06T10:29:59
1005080,9,5681,0,455681018,0,2026-03-27T10:35:00,2026-04-05T23:59:59
1005080,9,5701,0,455701019,0,2026-06-22T10:35:00,2026-07-01T23:59:59
1005080,9,5711,0,455711026,455711018,2026-07-14T10:35:00,2026-08-06T10:29:59
1005080,10,5681,0,455681017,0,2026-03-27T10:35:00,2026-04-05T23:59:59
1005080,10,5701,0,455701018,0,2026-06-22T10:35:00,2026-07-01T23:59:59
1005080,10,5711,0,455711026,455711018,2026-07-14T10:35:00,2026-08-06T10:29:59
1006130,0,5661,0,455661015,0,2025-12-29T10:35:00,2026-01-07T23:59:59
1006130,0,5671,0,455671006,455671014,2026-02-10T10:35:00,2026-02-27T10:29:59
1006130,0,5681,0,455681016,0,2026-03-27T10:35:00,2026-04-05T23:59:59
1006130,0,5701,0,455701016,0,2026-06-22T10:35:00,2026-07-01T23:59:59
1006130,1,5661,0,455661014,0,2025-12-29T10:35:00,2026-01-07T23:59:59
1006130,1,5671,0,455671007,455671015,2026-02-10T10:35:00,2026-02-27T10:29:59
1006130,1,5681,0,455681015,0,2026-03-27T10:35:00,2026-04-05T23:59:59
1006130,1,5701,0,455701015,0,2026-06-22T10:35:00,2026-07-01T23:59:59
1006130,2,5661,0,455661014,0,2025-12-29T10:35:00,2026-01-07T23:59:59
1006130,2,5671,0,455671007,455671015,2026-02-10T10:35:00,2026-02-27T10:29:59
1006130,2,5681,0,455681015,0,2026-03-27T10:35:00,2026-04-05T23:59:59
1006130,2,5701,0,455701015,0,2026-06-22T10:35:00,2026-07-01T23:59:59
1006130,3,5661,0,455661013,0,2025-12-29T10:35:00,2026-01-07T23:59:59
1006130,3,5671,0,455671008,455671016,2026-02-10T10:35:00,2026-02-27T10:29:59
1006130,3,5681,0,455681014,0,2026-03-27T10:35:00,2026-04-05T23:59:59
1006130,3,5701,0,455701014,0,2026-06-22T10:35:00,2026-07-01T23:59:59
1006130,4,5661,0,455661012,0,2025-12-29T10:35:00,2026-01-07T23:59:59
1006130,4,5671,0,455671009,455671017,2026-02-10T10:35:00,2026-02-27T10:29:59
1006130,4,5681,0,455681013,0,2026-03-27T10:35:00,2026-04-05T23:59:59
1006130,4,5701,0,455701013,0,2026-06-22T10:35:00,2026-07-01T23:59:59
1006130,5,5661,0,455661012,0,2025-12-29T10:35:00,2026-01-07T23:59:59
1006130,5,5671,0,455671009,455671017,2026-02-10T10:35:00,2026-02-27T10:29:59
1006130,5,5681,0,455681013,0,2026-03-27T10:35:00,2026-04-05T23:59:59
1006130,5,5701,0,455701013,0,2026-06-22T10:35:00,2026-07-01T23:59:59
1006130,6,5661,0,455661011,0,2025-12-29T10:35:00,2026-01-07T23:59:59
1006130,6,5671,0,455671010,455671018,2026-02-10T10:35:00,2026-02-27T10:29:59
1006130,6,5681,0,455681012,0,2026-03-27T10:35:00,2026-04-05T23:59:59
1006130,6,5701,0,455701012,0,2026-06-22T10:35:00,2026-07-01T23:59:59
1006130,7,5661,0,455661011,0,2025-12-29T10:35:00,2026-01-07T23:59:59
1006130,7,5671,0,455671010,455671018,2026-02-10T10:35:00,2026-02-27T10:29:59
1006130,7,5681,0,455681012,0,2026-03-27T10:35:00,2026-04-05T23:59:59
1006130,7,5701,0,455701012,0,2026-06-22T10:35:00,2026-07-01T23:59:59
1006130,8,5661,0,455661010,0,2025-12-29T10:35:00,2026-01-07T23:59:59
1006130,8,5671,0,455671010,455671018,2026-02-10T10:35:00,2026-02-27T10:29:59
1006130,8,5681,0,455681011,0,2026-03-27T10:35:00,2026-04-05T23:59:59
1006130,8,5701,0,455701011,0,2026-06-22T10:35:00,2026-07-01T23:59:59
1006130,9,5661,0,455661010,0,2025-12-29T10:35:00,2026-01-07T23:59:59
1006130,9,5671,0,455671010,455671018,2026-02-10T10:35:00,2026-02-27T10:29:59
1006130,9,5681,0,455681011,0,2026-03-27T10:35:00,2026-04-05T23:59:59
1006130,9,5701,0,455701011,0,2026-06-22T10:35:00,2026-07-01T23:59:59
1006130,10,5661,0,455661009,0,2025-12-29T10:35:00,2026-01-07T23:59:59
1006130,10,5671,0,455671010,455671018,2026-02-10T10:35:00,2026-02-27T10:29:59
1006130,10,5681,0,455681010,0,2026-03-27T10:35:00,2026-04-05T23:59:59
1006130,10,5701,0,455701010,0,2026-06-22T10:35:00,2026-07-01T23:59:59
1006150,0,5661,0,455661013,0,2025-12-29T10:35:00,2026-01-07T23:59:59
1006150,0,5681,0,455681016,0,2026-03-27T10:35:00,2026-04-05T23:59:59
1006150,0,5701,0,455701013,0,2026-06-22T10:35:00,2026-07-01T23:59:59
1006150,1,5661,0,455661012,0,2025-12-29T10:35:00,2026-01-07T23:59:59
1006150,1,5681,0,455681015,0,2026-03-27T10:35:00,2026-04-05T23:59:59
1006150,1,5701,0,455701012,0,2026-06-22T10:35:00,2026-07-01T23:59:59
1006150,2,5661,0,455661012,0,2025-12-29T10:35:00,2026-01-07T23:59:59
1006150,2,5681,0,455681015,0,2026-03-27T10:35:00,2026-04-05T23:59:59
1006150,2,5701,0,455701012,0,2026-06-22T10:35:00,2026-07-01T23:59:59
1006150,3,5661,0,455661010,0,2025-12-29T10:35:00,2026-01-07T23:59:59
1006150,3,5681,0,455681014,0,2026-03-27T10:35:00,2026-04-05T23:59:59
1006150,3,5701,0,455701010,0,2026-06-22T10:35:00,2026-07-01T23:59:59
1006150,4,5661,0,455661008,0,2025-12-29T10:35:00,2026-01-07T23:59:59
1006150,4,5681,0,455681013,0,2026-03-27T10:35:00,2026-04-05T23:59:59
1006150,4,5701,0,455701008,0,2026-06-22T10:35:00,2026-07-01T23:59:59
1006150,5,5661,0,455661008,0,2025-12-29T10:35:00,2026-01-07T23:59:59
1006150,5,5681,0,455681013,0,2026-03-27T10:35:00,2026-04-05T23:59:59
1006150,5,5701,0,455701008,0,2026-06-22T10:35:00,2026-07-01T23:59:59
1006150,6,5661,0,455661006,0,2025-12-29T10:35:00,2026-01-07T23:59:59
1006150,6,5681,0,455681012,0,2026-03-27T10:35:00,2026-04-05T23:59:59
1006150,6,5701,0,455701006,0,2026-06-22T10:35:00,2026-07-01T23:59:59
1006150,7,5661,0,455661006,0,2025-12-29T10:35:00,2026-01-07T23:59:59
1006150,7,5681,0,455681012,0,2026-03-27T10:35:00,2026-04-05T23:59:59
1006150,7,5701,0,455701006,0,2026-06-22T10:35:00,2026-07-01T23:59:59
1006150,8,5661,0,455661004,0,2025-12-29T10:35:00,2026-01-07T23:59:59
1006150,8,5681,0,455681011,0,2026-03-27T10:35:00,2026-04-05T23:59:59
1006150,8,5701,0,455701004,0,2026-06-22T10:35:00,2026-07-01T23:59:59
1006150,9,5661,0,455661004,0,2025-12-29T10:35:00,2026-01-07T23:59:59
1006150,9,5681,0,455681011,0,2026-03-27T10:35:00,2026-04-05T23:59:59
1006150,9,5701,0,455701004,0,2026-06-22T10:35:00,2026-07-01T23:59:59
1006150,10,5661,0,455661003,0,2025-12-29T10:35:00,2026-01-07T23:59:59
1006150,10,5681,0,455681010,0,2026-03-27T10:35:00,2026-04-05T23:59:59
1006150,10,5701,0,455701003,0,2026-06-22T10:35:00,2026-07-01T23:59:59
1006160,0,5691,0,455691038,455691017,2026-04-24T10:35:00,2026-05-15T10:29:59
1006160,0,5701,0,455701025,0,2026-06-22T10:35:00,2026-07-01T23:59:59
1006160,1,5691,0,455691039,455691018,2026-04-24T10:35:00,2026-05-15T10:29:59
1006160,1,5701,0,455701026,0,2026-06-22T10:35:00,2026-07-01T23:59:59
1006160,2,5691,0,455691039,455691018,2026-04-24T10:35:00,2026-05-15T10:29:59
1006160,2,5701,0,455701026,0,2026-06-22T10:35:00,2026-07-01T23:59:59
1006160,3,5691,0,455691040,455691019,2026-04-24T10:35:00,2026-05-15T10:29:59
1006160,3,5701,0,455701027,0,2026-06-22T10:35:00,2026-07-01T23:59:59
1006160,4,5691,0,455691041,455691020,2026-04-24T10:35:00,2026-05-15T10:29:59
1006160,4,5701,0,455701028,0,2026-06-22T10:35:00,2026-07-01T23:59:59
1006160,5,5691,0,455691041,455691020,2026-04-24T10:35:00,2026-05-15T10:29:59
1006160,5,5701,0,455701028,0,2026-06-22T10:35:00,2026-07-01T23:59:59
1006160,6,5691,0,455691042,455691021,2026-04-24T10:35:00,2026-05-15T10:29:59
1006160,6,5701,0,455701029,0,2026-06-22T10:35:00,2026-07-01T23:59:59
1006160,7,5691,0,455691042,455691021,2026-04-24T10:35:00,2026-05-15T10:29:59
1006160,7,5701,0,455701029,0,2026-06-22T10:35:00,2026-07-01T23:59:59
1006160,8,5691,0,455691042,455691021,2026-04-24T10:35:00,2026-05-15T10:29:59
1006160,8,5701,0,455701030,0,2026-06-22T10:35:00,2026-07-01T23:59:59
1006160,9,5691,0,455691042,455691021,2026-04-24T10:35:00,2026-05-15T10:29:59
1006160,9,5701,0,455701030,0,2026-06-22T10:35:00,2026-07-01T23:59:59
1006160,10,5691,0,455691042,455691021,2026-04-24T10:35:00,2026-05-15T10:29:59
1006160,10,5701,0,455701031,0,2026-06-22T10:35:00,2026-07-01T23:59:59
1007120,0,5651,0,455651008,455651017,2025-11-10T10:35:00,2025-12-01T10:29:59
1007120,0,5661,0,455661013,0,2025-12-29T10:35:00,2026-01-07T23:59:59
1007120,1,5651,0,455651009,455651018,2025-11-10T10:35:00,2025-12-01T10:29:59
1007120,1,5661,0,455661012,0,2025-12-29T10:35:00,2026-01-07T23:59:59
1007120,2,5651,0,455651009,455651018,2025-11-10T10:35:00,2025-12-01T10:29:59
1007120,2,5661,0,455661012,0,2025-12-29T10:35:00,2026-01-07T23:59:59
1007120,3,5651,0,455651010,455651019,2025-11-10T10:35:00,2025-12-01T10:29:59
1007120,3,5661,0,455661010,0,2025-12-29T10:35:00,2026-01-07T23:59:59
1007120,4,5651,0,455651011,455651020,2025-11-10T10:35:00,2025-12-01T10:29:59
1007120,4,5661,0,455661008,0,2025-12-29T10:35:00,2026-01-07T23:59:59
1007120,5,5651,0,455651011,455651020,2025-11-10T10:35:00,2025-12-01T10:29:59
1007120,5,5661,0,455661008,0,2025-12-29T10:35:00,2026-01-07T23:59:59
1007120,6,5651,0,455651012,455651021,2025-11-10T10:35:00,2025-12-01T10:29:59
1007120,6,5661,0,455661006,0,2025-12-29T10:35:00,2026-01-07T23:59:59
1007120,7,5651,0,455651012,455651021,2025-11-10T10:35:00,2025-12-01T10:29:59
1007120,7,5661,0,455661006,0,2025-12-29T10:35:00,2026-01-07T23:59:59
1007120,8,5651,0,455651012,455651021,2025-11-10T10:35:00,2025-12-01T10:29:59
1007120,8,5661,0,455661004,0,2025-12-29T10:35:00,2026-01-07T23:59:59
1007120,9,5651,0,455651012,455651021,2025-11-10T10:35:00,2025-12-01T10:29:59
1007120,9,5661,0,455661004,0,2025-12-29T10:35:00,2026-01-07T23:59:59
1007120,10,5651,0,455651012,455651021,2025-11-10T10:35:00,2025-12-01T10:29:59
1007120,10,5661,0,455661003,0,2025-12-29T10:35:00,2026-01-07T23:59:59
1007130,0,5691,0,455691008,455691017,2026-05-01T10:35:00,2026-05-15T10:29:59
1007130,0,5701,0,455701015,0,2026-06-22T10:35:00,2026-07-01T23:59:59
1007130,1,5691,0,455691009,455691018,2026-05-01T10:35:00,2026-05-15T10:29:59
1007130,1,5701,0,455701014,0,2026-06-22T10:35:00,2026-07-01T23:59:59
1007130,2,5691,0,455691009,455691018,2026-05-01T10:35:00,2026-05-15T10:29:59
1007130,2,5701,0,455701014,0,2026-06-22T10:35:00,2026-07-01T23:59:59
1007130,3,5691,0,455691010,455691019,2026-05-01T10:35:00,2026-05-15T10:29:59
1007130,3,5701,0,455701013,0,2026-06-22T10:35:00,2026-07-01T23:59:59
1007130,4,5691,0,455691011,455691020,2026-05-01T10:35:00,2026-05-15T10:29:59
1007130,4,5701,0,455701012,0,2026-06-22T10:35:00,2026-07-01T23:59:59
1007130,5,5691,0,455691011,455691020,2026-05-01T10:35:00,2026-05-15T10:29:59
1007130,5,5701,0,455701012,0,2026-06-22T10:35:00,2026-07-01T23:59:59
1007130,6,5691,0,455691012,455691021,2026-05-01T10:35:00,2026-05-15T10:29:59
1007130,6,5701,0,455701011,0,2026-06-22T10:35:00,2026-07-01T23:59:59
1007130,7,5691,0,455691012,455691021,2026-05-01T10:35:00,2026-05-15T10:29:59
1007130,7,5701,0,455701011,0,2026-06-22T10:35:00,2026-07-01T23:59:59
1007130,8,5691,0,455691012,455691021,2026-05-01T10:35:00,2026-05-15T10:29:59
1007130,8,5701,0,455701010,0,2026-06-22T10:35:00,2026-07-01T23:59:59
1007130,9,5691,0,455691012,455691021,2026-05-01T10:35:00,2026-05-15T10:29:59
1007130,9,5701,0,455701010,0,2026-06-22T10:35:00,2026-07-01T23:59:59
1007130,10,5691,0,455691012,455691021,2026-05-01T10:35:00,2026-05-15T10:29:59
1007130,10,5701,0,455701009,0,2026-06-22T10:35:00,2026-07-01T23:59:59
1016050,0,5661,0,455661013,0,2025-12-29T10:35:00,2026-01-07T23:59:59
1016050,1,5661,0,455661012,0,2025-12-29T10:35:00,2026-01-07T23:59:59
1016050,2,5661,0,455661012,0,2025-12-29T10:35:00,2026-01-07T23:59:59
1016050,3,5661,0,455661010,0,2025-12-29T10:35:00,2026-01-07T23:59:59
1016050,4,5661,0,455661008,0,2025-12-29T10:35:00,2026-01-07T23:59:59
1016050,5,5661,0,455661008,0,2025-12-29T10:35:00,2026-01-07T23:59:59
1016050,6,5661,0,455661006,0,2025-12-29T10:35:00,2026-01-07T23:59:59
1016050,7,5661,0,455661006,0,2025-12-29T10:35:00,2026-01-07T23:59:59
1016050,8,5661,0,455661004,0,2025-12-29T10:35:00,2026-01-07T23:59:59
1016050,9,5661,0,455661004,0,2025-12-29T10:35:00,2026-01-07T23:59:59
1016050,10,5661,0,455661003,0,2025-12-29T10:35:00,2026-01-07T23:59:59
1016100,0,5651,0,455651006,455651014,2025-11-10T10:35:00,2025-12-01T10:29:59
1016100,1,5651,0,455651007,455651015,2025-11-10T10:35:00,2025-12-01T10:29:59
1016100,2,5651,0,455651007,455651015,2025-11-10T10:35:00,2025-12-01T10:29:59
1016100,3,5651,0,455651008,455651016,2025-11-10T10:35:00,2025-12-01T10:29:59
1016100,4,5651,0,455651009,455651017,2025-11-10T10:35:00,2025-12-01T10:29:59
1016100,5,5651,0,455651009,455651017,2025-11-10T10:35:00,2025-12-01T10:29:59
1016100,6,5651,0,455651010,455651018,2025-11-10T10:35:00,2025-12-01T10:29:59
1016100,7,5651,0,455651010,455651018,2025-11-10T10:35:00,2025-12-01T10:29:59
1016100,8,5651,0,455651010,455651018,2025-11-10T10:35:00,2025-12-01T10:29:59
1016100,9,5651,0,455651010,455651018,2025-11-10T10:35:00,2025-12-01T10:29:59
1016100,10,5651,0,455651010,455651018,2025-11-10T10:35:00,2025-12-01T10:29:59
1016110,0,5681,0,455681010,0,2026-03-27T10:35:00,2026-04-05T23:59:59
1016110,0,5701,0,455701015,0,2026-06-22T10:35:00,2026-07-01T23:59:59
1016110,1,5681,0,455681009,0,2026-03-27T10:35:00,2026-04-05T23:59:59
1016110,1,5701,0,455701014,0,2026-06-22T10:35:00,2026-07-01T23:59:59
1016110,2,5681,0,455681009,0,2026-03-27T10:35:00,2026-04-05T23:59:59
1016110,2,5701,0,455701014,0,2026-06-22T10:35:00,2026-07-01T23:59:59
1016110,3,5681,0,455681007,0,2026-03-27T10:35:00,2026-04-05T23:59:59
1016110,3,5701,0,455701013,0,2026-06-22T10:35:00,2026-07-01T23:59:59
1016110,4,5681,0,455681005,0,2026-03-27T10:35:00,2026-04-05T23:59:59
1016110,4,5701,0,455701012,0,2026-06-22T10:35:00,2026-07-01T23:59:59
1016110,5,5681,0,455681005,0,2026-03-27T10:35:00,2026-04-05T23:59:59
1016110,5,5701,0,455701012,0,2026-06-22T10:35:00,2026-07-01T23:59:59
1016110,6,5681,0,455681003,0,2026-03-27T10:35:00,2026-04-05T23:59:59
1016110,6,5701,0,455701011,0,2026-06-22T10:35:00,2026-07-01T23:59:59
1016110,7,5681,0,455681003,0,2026-03-27T10:35:00,2026-04-05T23:59:59
1016110,7,5701,0,455701011,0,2026-06-22T10:35:00,2026-07-01T23:59:59
1016110,8,5681,0,455681002,0,2026-03-27T10:35:00,2026-04-05T23:59:59
1016110,8,5701,0,455701010,0,2026-06-22T10:35:00,2026-07-01T23:59:59
1016110,9,5681,0,455681002,0,2026-03-27T10:35:00,2026-04-05T23:59:59
1016110,9,5701,0,455701010,0,2026-06-22T10:35:00,2026-07-01T23:59:59
1016110,10,5681,0,455681001,0,2026-03-27T10:35:00,2026-04-05T23:59:59
1016110,10,5701,0,455701009,0,2026-06-22T10:35:00,2026-07-01T23:59:59
1016120,0,5711,0,455711024,455711017,2026-07-14T10:35:00,2026-08-06T10:29:59
1016120,1,5711,0,455711025,455711018,2026-07-14T10:35:00,2026-08-06T10:29:59
1016120,2,5711,0,455711025,455711018,2026-07-14T10:35:00,2026-08-06T10:29:59
1016120,3,5711,0,455711026,455711019,2026-07-14T10:35:00,2026-08-06T10:29:59
1016120,4,5711,0,455711027,455711020,2026-07-14T10:35:00,2026-08-06T10:29:59
1016120,5,5711,0,455711027,455711020,2026-07-14T10:35:00,2026-08-06T10:29:59
1016120,6,5711,0,455711028,455711021,2026-07-14T10:35:00,2026-08-06T10:29:59
1016120,7,5711,0,455711028,455711021,2026-07-14T10:35:00,2026-08-06T10:29:59
1016120,8,5711,0,455711028,455711021,2026-07-14T10:35:00,2026-08-06T10:29:59
1016120,9,5711,0,455711028,455711021,2026-07-14T10:35:00,2026-08-06T10:29:59
1016120,10,5711,0,455711028,455711021,2026-07-14T10:35:00,2026-08-06T10:29:59
1017240,0,5681,0,455681016,0,2026-03-27T10:35:00,2026-04-05T23:59:59
1017240,1,5681,0,455681015,0,2026-03-27T10:35:00,2026-04-05T23:59:59
1017240,2,5681,0,455681015,0,2026-03-27T10:35:00,2026-04-05T23:59:59
1017240,3,5681,0,455681014,0,2026-03-27T10:35:00,2026-04-05T23:59:59
1017240,4,5681,0,455681013,0,2026-03-27T10:35:00,2026-04-05T23:59:59
1017240,5,5681,0,455681013,0,2026-03-27T10:35:00,2026-04-05T23:59:59
1017240,6,5681,0,455681012,0,2026-03-27T10:35:00,2026-04-05T23:59:59
1017240,7,5681,0,455681012,0,2026-03-27T10:35:00,2026-04-05T23:59:59
1017240,8,5681,0,455681011,0,2026-03-27T10:35:00,2026-04-05T23:59:59
1017240,9,5681,0,455681011,0,2026-03-27T10:35:00,2026-04-05T23:59:59
1017240,10,5681,0,455681010,0,2026-03-27T10:35:00,2026-04-05T23:59:59
1017250,0,5661,0,455661016,0,2025-12-29T10:35:00,2026-01-07T23:59:59
1017250,0,5681,0,455681015,0,2026-03-27T10:35:00,2026-04-05T23:59:59
1017250,1,5661,0,455661015,0,2025-12-29T10:35:00,2026-01-07T23:59:59
1017250,1,5681,0,455681014,0,2026-03-27T10:35:00,2026-04-05T23:59:59
1017250,2,5661,0,455661015,0,2025-12-29T10:35:00,2026-01-07T23:59:59
1017250,2,5681,0,455681014,0,2026-03-27T10:35:00,2026-04-05T23:59:59
1017250,3,5661,0,455661014,0,2025-12-29T10:35:00,2026-01-07T23:59:59
1017250,3,5681,0,455681013,0,2026-03-27T10:35:00,2026-04-05T23:59:59
1017250,4,5661,0,455661013,0,2025-12-29T10:35:00,2026-01-07T23:59:59
1017250,4,5681,0,455681012,0,2026-03-27T10:35:00,2026-04-05T23:59:59
1017250,5,5661,0,455661013,0,2025-12-29T10:35:00,2026-01-07T23:59:59
1017250,5,5681,0,455681012,0,2026-03-27T10:35:00,2026-04-05T23:59:59
1017250,6,5661,0,455661012,0,2025-12-29T10:35:00,2026-01-07T23:59:59
1017250,6,5681,0,455681011,0,2026-03-27T10:35:00,2026-04-05T23:59:59
1017250,7,5661,0,455661012,0,2025-12-29T10:35:00,2026-01-07T23:59:59
1017250,7,5681,0,455681011,0,2026-03-27T10:35:00,2026-04-05T23:59:59
1017250,8,5661,0,455661011,0,2025-12-29T10:35:00,2026-01-07T23:59:59
1017250,8,5681,0,455681010,0,2026-03-27T10:35:00,2026-04-05T23:59:59
1017250,9,5661,0,455661011,0,2025-12-29T10:35:00,2026-01-07T23:59:59
1017250,9,5681,0,455681010,0,2026-03-27T10:35:00,2026-04-05T23:59:59
1017250,10,5661,0,455661010,0,2025-12-29T10:35:00,2026-01-07T23:59:59
1017250,10,5681,0,455681009,0,2026-03-27T10:35:00,2026-04-05T23:59:59
1017260,0,5651,0,455651008,455651017,2025-11-18T10:35:00,2025-12-01T10:29:59
1017260,0,5661,0,455661016,0,2025-12-29T10:35:00,2026-01-07T23:59:59
1017260,1,5651,0,455651009,455651018,2025-11-18T10:35:00,2025-12-01T10:29:59
1017260,1,5661,0,455661015,0,2025-12-29T10:35:00,2026-01-07T23:59:59
1017260,2,5651,0,455651009,455651018,2025-11-18T10:35:00,2025-12-01T10:29:59
1017260,2,5661,0,455661015,0,2025-12-29T10:35:00,2026-01-07T23:59:59
1017260,3,5651,0,455651010,455651019,2025-11-18T10:35:00,2025-12-01T10:29:59
1017260,3,5661,0,455661014,0,2025-12-29T10:35:00,2026-01-07T23:59:59
1017260,4,5651,0,455651011,455651020,2025-11-18T10:35:00,2025-12-01T10:29:59
1017260,4,5661,0,455661013,0,2025-12-29T10:35:00,2026-01-07T23:59:59
1017260,5,5651,0,455651011,455651020,2025-11-18T10:35:00,2025-12-01T10:29:59
1017260,5,5661,0,455661013,0,2025-12-29T10:35:00,2026-01-07T23:59:59
1017260,6,5651,0,455651012,455651021,2025-11-18T10:35:00,2025-12-01T10:29:59
1017260,6,5661,0,455661012,0,2025-12-29T10:35:00,2026-01-07T23:59:59
1017260,7,5651,0,455651012,455651021,2025-11-18T10:35:00,2025-12-01T10:29:59
1017260,7,5661,0,455661012,0,2025-12-29T10:35:00,2026-01-07T23:59:59
1017260,8,5651,0,455651012,455651021,2025-11-18T10:35:00,2025-12-01T10:29:59
1017260,8,5661,0,455661011,0,2025-12-29T10:35:00,2026-01-07T23:59:59
1017260,9,5651,0,455651012,455651021,2025-11-18T10:35:00,2025-12-01T10:29:59
1017260,9,5661,0,455661011,0,2025-12-29T10:35:00,2026-01-07T23:59:59
1017260,10,5651,0,455651012,455651021,2025-11-18T10:35:00,2025-12-01T10:29:59
1017260,10,5661,0,455661010,0,2025-12-29T10:35:00,2026-01-07T23:59:59
1017270,0,5671,0,455671008,455671017,2026-02-17T10:35:00,2026-02-27T10:29:59
1017270,1,5671,0,455671009,455671018,2026-02-17T10:35:00,2026-02-27T10:29:59
1017270,2,5671,0,455671009,455671018,2026-02-17T10:35:00,2026-02-27T10:29:59
1017270,3,5671,0,455671010,455671019,2026-02-17T10:35:00,2026-02-27T10:29:59
1017270,4,5671,0,455671011,455671020,2026-02-17T10:35:00,2026-02-27T10:29:59
1017270,5,5671,0,455671011,455671020,2026-02-17T10:35:00,2026-02-27T10:29:59
1017270,6,5671,0,455671012,455671021,2026-02-17T10:35:00,2026-02-27T10:29:59
1017270,7,5671,0,455671012,455671021,2026-02-17T10:35:00,2026-02-27T10:29:59
1017270,8,5671,0,455671012,455671021,2026-02-17T10:35:00,2026-02-27T10:29:59
1017270,9,5671,0,455671012,455671021,2026-02-17T10:35:00,2026-02-27T10:29:59
1017270,10,5671,0,455671012,455671021,2026-02-17T10:35:00,2026-02-27T10:29:59
1017280,0,5701,0,455701016,0,2026-06-22T10:35:00,2026-07-01T23:59:59
1017280,1,5701,0,455701015,0,2026-06-22T10:35:00,2026-07-01T23:59:59
1017280,2,5701,0,455701015,0,2026-06-22T10:35:00,2026-07-01T23:59:59
1017280,3,5701,0,455701014,0,2026-06-22T10:35:00,2026-07-01T23:59:59
1017280,4,5701,0,455701013,0,2026-06-22T10:35:00,2026-07-01T23:59:59
1017280,5,5701,0,455701013,0,2026-06-22T10:35:00,2026-07-01T23:59:59
1017280,6,5701,0,455701012,0,2026-06-22T10:35:00,2026-07-01T23:59:59
1017280,7,5701,0,455701012,0,2026-06-22T10:35:00,2026-07-01T23:59:59
1017280,8,5701,0,455701011,0,2026-06-22T10:35:00,2026-07-01T23:59:59
1017280,9,5701,0,455701011,0,2026-06-22T10:35:00,2026-07-01T23:59:59
1017280,10,5701,0,455701010,0,2026-06-22T10:35:00,2026-07-01T23:59:59
1017290,0,5701,0,455701010,0,2026-06-22T10:35:00,2026-07-01T23:59:59
1017290,1,5701,0,455701009,0,2026-06-22T10:35:00,2026-07-01T23:59:59
1017290,2,5701,0,455701009,0,2026-06-22T10:35:00,2026-07-01T23:59:59
1017290,3,5701,0,455701007,0,2026-06-22T10:35:00,2026-07-01T23:59:59
1017290,4,5701,0,455701005,0,2026-06-22T10:35:00,2026-07-01T23:59:59
1017290,5,5701,0,455701005,0,2026-06-22T10:35:00,2026-07-01T23:59:59
1017290,6,5701,0,455701003,0,2026-06-22T10:35:00,2026-07-01T23:59:59
1017290,7,5701,0,455701003,0,2026-06-22T10:35:00,2026-07-01T23:59:59
1017290,8,5701,0,455701002,0,2026-06-22T10:35:00,2026-07-01T23:59:59
1017290,9,5701,0,455701002,0,2026-06-22T10:35:00,2026-07-01T23:59:59
1017290,10,5701,0,455701001,0,2026-06-22T10:35:00,2026-07-01T23:59:59
1017300,0,5711,0,455711008,455711017,2026-07-14T10:35:00,2026-08-06T10:29:59
1017300,1,5711,0,455711009,455711018,2026-07-14T10:35:00,2026-08-06T10:29:59
1017300,2,5711,0,455711009,455711018,2026-07-14T10:35:00,2026-08-06T10:29:59
1017300,3,5711,0,455711010,455711019,2026-07-14T10:35:00,2026-08-06T10:29:59
1017300,4,5711,0,455711011,455711020,2026-07-14T10:35:00,2026-08-06T10:29:59
1017300,5,5711,0,455711011,455711020,2026-07-14T10:35:00,2026-08-06T10:29:59
1017300,6,5711,0,455711012,455711021,2026-07-14T10:35:00,2026-08-06T10:29:59
1017300,7,5711,0,455711012,455711021,2026-07-14T10:35:00,2026-08-06T10:29:59
1017300,8,5711,0,455711012,455711021,2026-07-14T10:35:00,2026-08-06T10:29:59
1017300,9,5711,0,455711012,455711021,2026-07-14T10:35:00,2026-08-06T10:29:59
1017300,10,5711,0,455711012,455711021,2026-07-14T10:35:00,2026-08-06T10:29:59
1018080,0,5701,0,455701013,0,2026-06-22T10:35:00,2026-07-01T23:59:59
1018080,1,5701,0,455701012,0,2026-06-22T10:35:00,2026-07-01T23:59:59
1018080,2,5701,0,455701012,0,2026-06-22T10:35:00,2026-07-01T23:59:59
1018080,3,5701,0,455701010,0,2026-06-22T10:35:00,2026-07-01T23:59:59
1018080,4,5701,0,455701008,0,2026-06-22T10:35:00,2026-07-01T23:59:59
1018080,5,5701,0,455701008,0,2026-06-22T10:35:00,2026-07-01T23:59:59
1018080,6,5701,0,455701006,0,2026-06-22T10:35:00,2026-07-01T23:59:59
1018080,7,5701,0,455701006,0,2026-06-22T10:35:00,2026-07-01T23:59:59
1018080,8,5701,0,455701004,0,2026-06-22T10:35:00,2026-07-01T23:59:59
1018080,9,5701,0,455701004,0,2026-06-22T10:35:00,2026-07-01T23:59:59
1018080,10,5701,0,455701003,0,2026-06-22T10:35:00,2026-07-01T23:59:59
1018100,0,5651,0,455651006,455651014,2025-11-10T10:35:00,2025-12-01T10:29:59
1018100,0,5701,0,455701016,0,2026-06-22T10:35:00,2026-07-01T23:59:59
1018100,1,5651,0,455651007,455651015,2025-11-10T10:35:00,2025-12-01T10:29:59
1018100,1,5701,0,455701015,0,2026-06-22T10:35:00,2026-07-01T23:59:59
1018100,2,5651,0,455651007,455651015,2025-11-10T10:35:00,2025-12-01T10:29:59
1018100,2,5701,0,455701015,0,2026-06-22T10:35:00,2026-07-01T23:59:59
1018100,3,5651,0,455651008,455651016,2025-11-10T10:35:00,2025-12-01T10:29:59
1018100,3,5701,0,455701014,0,2026-06-22T10:35:00,2026-07-01T23:59:59
1018100,4,5651,0,455651009,455651017,2025-11-10T10:35:00,2025-12-01T10:29:59
1018100,4,5701,0,455701013,0,2026-06-22T10:35:00,2026-07-01T23:59:59
1018100,5,5651,0,455651009,455651017,2025-11-10T10:35:00,2025-12-01T10:29:59
1018100,5,5701,0,455701013,0,2026-06-22T10:35:00,2026-07-01T23:59:59
1018100,6,5651,0,455651010,455651018,2025-11-10T10:35:00,2025-12-01T10:29:59
1018100,6,5701,0,455701012,0,2026-06-22T10:35:00,2026-07-01T23:59:59
1018100,7,5651,0,455651010,455651018,2025-11-10T10:35:00,2025-12-01T10:29:59
1018100,7,5701,0,455701012,0,2026-06-22T10:35:00,2026-07-01T23:59:59
1018100,8,5651,0,455651010,455651018,2025-11-10T10:35:00,2025-12-01T10:29:59
1018100,8,5701,0,455701011,0,2026-06-22T10:35:00,2026-07-01T23:59:59
1018100,9,5651,0,455651010,455651018,2025-11-10T10:35:00,2025-12-01T10:29:59
1018100,9,5701,0,455701011,0,2026-06-22T10:35:00,2026-07-01T23:59:59
1018100,10,5651,0,455651010,455651018,2025-11-10T10:35:00,2025-12-01T10:29:59
1018100,10,5701,0,455701010,0,2026-06-22T10:35:00,2026-07-01T23:59:59
1018110,0,5681,0,455681013,0,2026-03-27T10:35:00,2026-04-05T23:59:59
1018110,0,5701,0,455701015,0,2026-06-22T10:35:00,2026-07-01T23:59:59
1018110,0,5711,0,455711006,455711014,2026-07-14T10:35:00,2026-08-06T10:29:59
1018110,1,5681,0,455681012,0,2026-03-27T10:35:00,2026-04-05T23:59:59
1018110,1,5701,0,455701014,0,2026-06-22T10:35:00,2026-07-01T23:59:59
1018110,1,5711,0,455711007,455711015,2026-07-14T10:35:00,2026-08-06T10:29:59
1018110,2,5681,0,455681012,0,2026-03-27T10:35:00,2026-04-05T23:59:59
1018110,2,5701,0,455701014,0,2026-06-22T10:35:00,2026-07-01T23:59:59
1018110,2,5711,0,455711007,455711015,2026-07-14T10:35:00,2026-08-06T10:29:59
1018110,3,5681,0,455681010,0,2026-03-27T10:35:00,2026-04-05T23:59:59
1018110,3,5701,0,455701013,0,2026-06-22T10:35:00,2026-07-01T23:59:59
1018110,3,5711,0,455711008,455711016,2026-07-14T10:35:00,2026-08-06T10:29:59
1018110,4,5681,0,455681008,0,2026-03-27T10:35:00,2026-04-05T23:59:59
1018110,4,5701,0,455701012,0,2026-06-22T10:35:00,2026-07-01T23:59:59
1018110,4,5711,0,455711009,455711017,2026-07-14T10:35:00,2026-08-06T10:29:59
1018110,5,5681,0,455681008,0,2026-03-27T10:35:00,2026-04-05T23:59:59
1018110,5,5701,0,455701012,0,2026-06-22T10:35:00,2026-07-01T23:59:59
1018110,5,5711,0,455711009,455711017,2026-07-14T10:35:00,2026-08-06T10:29:59
1018110,6,5681,0,455681006,0,2026-03-27T10:35:00,2026-04-05T23:59:59
1018110,6,5701,0,455701011,0,2026-06-22T10:35:00,2026-07-01T23:59:59
1018110,6,5711,0,455711010,455711018,2026-07-14T10:35:00,2026-08-06T10:29:59
1018110,7,5681,0,455681006,0,2026-03-27T10:35:00,2026-04-05T23:59:59
1018110,7,5701,0,455701011,0,2026-06-22T10:35:00,2026-07-01T23:59:59
1018110,7,5711,0,455711010,455711018,2026-07-14T10:35:00,2026-08-06T10:29:59
1018110,8,5681,0,455681004,0,2026-03-27T10:35:00,2026-04-05T23:59:59
1018110,8,5701,0,455701010,0,2026-06-22T10:35:00,2026-07-01T23:59:59
1018110,8,5711,0,455711010,455711018,2026-07-14T10:35:00,2026-08-06T10:29:59
1018110,9,5681,0,455681004,0,2026-03-27T10:35:00,2026-04-05T23:59:59
1018110,9,5701,0,455701010,0,2026-06-22T10:35:00,2026-07-01T23:59:59
1018110,9,5711,0,455711010,455711018,2026-07-14T10:35:00,2026-08-06T10:29:59
1018110,10,5681,0,455681003,0,2026-03-27T10:35:00,2026-04-05T23:59:59
1018110,10,5701,0,455701009,0,2026-06-22T10:35:00,2026-07-01T23:59:59
1018110,10,5711,0,455711010,455711018,2026-07-14T10:35:00,2026-08-06T10:29:59
1021050,0,5651,0,455651008,455651017,2025-11-18T10:35:00,2025-12-01T10:29:59
1021050,0,5661,0,455661016,0,2025-12-29T10:35:00,2026-01-07T23:59:59
1021050,1,5651,0,455651009,455651018,2025-11-18T10:35:00,2025-12-01T10:29:59
1021050,1,5661,0,455661015,0,2025-12-29T10:35:00,2026-01-07T23:59:59
1021050,2,5651,0,455651009,455651018,2025-11-18T10:35:00,2025-12-01T10:29:59
1021050,2,5661,0,455661015,0,2025-12-29T10:35:00,2026-01-07T23:59:59
1021050,3,5651,0,455651010,455651019,2025-11-18T10:35:00,2025-12-01T10:29:59
1021050,3,5661,0,455661014,0,2025-12-29T10:35:00,2026-01-07T23:59:59
1021050,4,5651,0,455651011,455651020,2025-11-18T10:35:00,2025-12-01T10:29:59
1021050,4,5661,0,455661013,0,2025-12-29T10:35:00,2026-01-07T23:59:59
1021050,5,5651,0,455651011,455651020,2025-11-18T10:35:00,2025-12-01T10:29:59
1021050,5,5661,0,455661013,0,2025-12-29T10:35:00,2026-01-07T23:59:59
1021050,6,5651,0,455651012,455651021,2025-11-18T10:35:00,2025-12-01T10:29:59
1021050,6,5661,0,455661012,0,2025-12-29T10:35:00,2026-01-07T23:59:59
1021050,7,5651,0,455651012,455651021,2025-11-18T10:35:00,2025-12-01T10:29:59
1021050,7,5661,0,455661012,0,2025-12-29T10:35:00,2026-01-07T23:59:59
1021050,8,5651,0,455651012,455651021,2025-11-18T10:35:00,2025-12-01T10:29:59
1021050,8,5661,0,455661011,0,2025-12-29T10:35:00,2026-01-07T23:59:59
1021050,9,5651,0,455651012,455651021,2025-11-18T10:35:00,2025-12-01T10:29:59
1021050,9,5661,0,455661011,0,2025-12-29T10:35:00,2026-01-07T23:59:59
1021050,10,5651,0,455651012,455651021,2025-11-18T10:35:00,2025-12-01T10:29:59
1021050,10,5661,0,455661010,0,2025-12-29T10:35:00,2026-01-07T23:59:59
1021060,0,5681,0,455681015,0,2026-03-27T10:35:00,2026-04-05T23:59:59
1021060,0,5691,0,455691006,455691014,2026-04-24T10:35:00,2026-05-15T10:29:59
1021060,0,5701,0,455701016,0,2026-06-22T10:35:00,2026-07-01T23:59:59
1021060,1,5681,0,455681014,0,2026-03-27T10:35:00,2026-04-05T23:59:59
1021060,1,5691,0,455691007,455691015,2026-04-24T10:35:00,2026-05-15T10:29:59
1021060,1,5701,0,455701015,0,2026-06-22T10:35:00,2026-07-01T23:59:59
1021060,2,5681,0,455681014,0,2026-03-27T10:35:00,2026-04-05T23:59:59
1021060,2,5691,0,455691007,455691015,2026-04-24T10:35:00,2026-05-15T10:29:59
1021060,2,5701,0,455701015,0,2026-06-22T10:35:00,2026-07-01T23:59:59
1021060,3,5681,0,455681013,0,2026-03-27T10:35:00,2026-04-05T23:59:59
1021060,3,5691,0,455691008,455691016,2026-04-24T10:35:00,2026-05-15T10:29:59
1021060,3,5701,0,455701014,0,2026-06-22T10:35:00,2026-07-01T23:59:59
1021060,4,5681,0,455681012,0,2026-03-27T10:35:00,2026-04-05T23:59:59
1021060,4,5691,0,455691009,455691017,2026-04-24T10:35:00,2026-05-15T10:29:59
1021060,4,5701,0,455701013,0,2026-06-22T10:35:00,2026-07-01T23:59:59
1021060,5,5681,0,455681012,0,2026-03-27T10:35:00,2026-04-05T23:59:59
1021060,5,5691,0,455691009,455691017,2026-04-24T10:35:00,2026-05-15T10:29:59
1021060,5,5701,0,455701013,0,2026-06-22T10:35:00,2026-07-01T23:59:59
1021060,6,5681,0,455681011,0,2026-03-27T10:35:00,2026-04-05T23:59:59
1021060,6,5691,0,455691010,455691018,2026-04-24T10:35:00,2026-05-15T10:29:59
1021060,6,5701,0,455701012,0,2026-06-22T10:35:00,2026-07-01T23:59:59
1021060,7,5681,0,455681011,0,2026-03-27T10:35:00,2026-04-05T23:59:59
1021060,7,5691,0,455691010,455691018,2026-04-24T10:35:00,2026-05-15T10:29:59
1021060,7,5701,0,455701012,0,2026-06-22T10:35:00,2026-07-01T23:59:59
1021060,8,5681,0,455681010,0,2026-03-27T10:35:00,2026-04-05T23:59:59
1021060,8,5691,0,455691010,455691018,2026-04-24T10:35:00,2026-05-15T10:29:59
1021060,8,5701,0,455701011,0,2026-06-22T10:35:00,2026-07-01T23:59:59
1021060,9,5681,0,455681010,0,2026-03-27T10:35:00,2026-04-05T23:59:59
1021060,9,5691,0,455691010,455691018,2026-04-24T10:35:00,2026-05-15T10:29:59
1021060,9,5701,0,455701011,0,2026-06-22T10:35:00,2026-07-01T23:59:59
1021060,10,5681,0,455681009,0,2026-03-27T10:35:00,2026-04-05T23:59:59
1021060,10,5691,0,455691010,455691018,2026-04-24T10:35:00,2026-05-15T10:29:59
1021060,10,5701,0,455701010,0,2026-06-22T10:35:00,2026-07-01T23:59:59
1021070,0,5701,0,455701021,0,2026-06-22T10:35:00,2026-07-01T23:59:59
1021070,1,5701,0,455701020,0,2026-06-22T10:35:00,2026-07-01T23:59:59
1021070,2,5701,0,455701020,0,2026-06-22T10:35:00,2026-07-01T23:59:59
1021070,3,5701,0,455701018,0,2026-06-22T10:35:00,2026-07-01T23:59:59
1021070,4,5701,0,455701032,0,2026-06-22T10:35:00,2026-07-01T23:59:59
1021070,5,5701,0,455701032,0,2026-06-22T10:35:00,2026-07-01T23:59:59
1021070,6,5701,0,455701033,0,2026-06-22T10:35:00,2026-07-01T23:59:59
1021070,7,5701,0,455701033,0,2026-06-22T10:35:00,2026-07-01T23:59:59
1021070,8,5701,0,455701034,0,2026-06-22T10:35:00,2026-07-01T23:59:59
1021070,9,5701,0,455701034,0,2026-06-22T10:35:00,2026-07-01T23:59:59
1021070,10,5701,0,455701035,0,2026-06-22T10:35:00,2026-07-01T23:59:59
1024010,0,5661,0,455661013,0,2025-12-29T10:35:00,2026-01-07T23:59:59
1024010,1,5661,0,455661012,0,2025-12-29T10:35:00,2026-01-07T23:59:59
1024010,2,5661,0,455661012,0,2025-12-29T10:35:00,2026-01-07T23:59:59
1024010,3,5661,0,455661010,0,2025-12-29T10:35:00,2026-01-07T23:59:59
1024010,4,5661,0,455661008,0,2025-12-29T10:35:00,2026-01-07T23:59:59
1024010,5,5661,0,455661008,0,2025-12-29T10:35:00,2026-01-07T23:59:59
1024010,6,5661,0,455661006,0,2025-12-29T10:35:00,2026-01-07T23:59:59
1024010,7,5661,0,455661006,0,2025-12-29T10:35:00,2026-01-07T23:59:59
1024010,8,5661,0,455661004,0,2025-12-29T10:35:00,2026-01-07T23:59:59
1024010,9,5661,0,455661004,0,2025-12-29T10:35:00,2026-01-07T23:59:59
1024010,10,5661,0,455661003,0,2025-12-29T10:35:00,2026-01-07T23:59:59
1027020,0,5661,0,455661015,0,2025-12-29T10:35:00,2026-01-07T23:59:59
1027020,1,5661,0,455661014,0,2025-12-29T10:35:00,2026-01-07T23:59:59
1027020,2,5661,0,455661014,0,2025-12-29T10:35:00,2026-01-07T23:59:59
1027020,3,5661,0,455661013,0,2025-12-29T10:35:00,2026-01-07T23:59:59
1027020,4,5661,0,455661012,0,2025-12-29T10:35:00,2026-01-07T23:59:59
1027020,5,5661,0,455661012,0,2025-12-29T10:35:00,2026-01-07T23:59:59
1027020,6,5661,0,455661011,0,2025-12-29T10:35:00,2026-01-07T23:59:59
1027020,7,5661,0,455661011,0,2025-12-29T10:35:00,2026-01-07T23:59:59
1027020,8,5661,0,455661010,0,2025-12-29T10:35:00,2026-01-07T23:59:59
1027020,9,5661,0,455661010,0,2025-12-29T10:35:00,2026-01-07T23:59:59
1027020,10,5661,0,455661009,0,2025-12-29T10:35:00,2026-01-07T23:59:59
1032020,0,5681,0,455681015,0,2026-03-27T10:35:00,2026-04-05T23:59:59
1032020,1,5681,0,455681014,0,2026-03-27T10:35:00,2026-04-05T23:59:59
1032020,2,5681,0,455681014,0,2026-03-27T10:35:00,2026-04-05T23:59:59
1032020,3,5681,0,455681013,0,2026-03-27T10:35:00,2026-04-05T23:59:59
1032020,4,5681,0,455681012,0,2026-03-27T10:35:00,2026-04-05T23:59:59
1032020,5,5681,0,455681012,0,2026-03-27T10:35:00,2026-04-05T23:59:59
1032020,6,5681,0,455681011,0,2026-03-27T10:35:00,2026-04-05T23:59:59
1032020,7,5681,0,455681011,0,2026-03-27T10:35:00,2026-04-05T23:59:59
1032020,8,5681,0,455681010,0,2026-03-27T10:35:00,2026-04-05T23:59:59
1032020,9,5681,0,455681010,0,2026-03-27T10:35:00,2026-04-05T23:59:59
1032020,10,5681,0,455681009,0,2026-03-27T10:35:00,2026-04-05T23:59:59
1040030,0,5681,0,455681010,0,2026-03-27T10:35:00,2026-04-05T23:59:59
1040030,1,5681,0,455681009,0,2026-03-27T10:35:00,2026-04-05T23:59:59
1040030,2,5681,0,455681009,0,2026-03-27T10:35:00,2026-04-05T23:59:59
1040030,3,5681,0,455681007,0,2026-03-27T10:35:00,2026-04-05T23:59:59
1040030,4,5681,0,455681005,0,2026-03-27T10:35:00,2026-04-05T23:59:59
1040030,5,5681,0,455681005,0,2026-03-27T10:35:00,2026-04-05T23:59:59
1040030,6,5681,0,455681003,0,2026-03-27T10:35:00,2026-04-05T23:59:59
1040030,7,5681,0,455681003,0,2026-03-27T10:35:00,2026-04-05T23:59:59
1040030,8,5681,0,455681002,0,2026-03-27T10:35:00,2026-04-05T23:59:59
1040030,9,5681,0,455681002,0,2026-03-27T10:35:00,2026-04-05T23:59:59
1040030,10,5681,0,455681001,0,2026-03-27T10:35:00,2026-04-05T23:59:59
1044020,0,5661,0,455661024,0,2025-12-29T10:35:00,2026-01-07T23:59:59
1044020,1,5661,0,455661023,0,2025-12-29T10:35:00,2026-01-07T23:59:59
1044020,2,5661,0,455661023,0,2025-12-29T10:35:00,2026-01-07T23:59:59
1044020,3,5661,0,455661022,0,2025-12-29T10:35:00,2026-01-07T23:59:59
1044020,4,5661,0,455661021,0,2025-12-29T10:35:00,2026-01-07T23:59:59
1044020,5,5661,0,455661021,0,2025-12-29T10:35:00,2026-01-07T23:59:59
1044020,6,5661,0,455661020,0,2025-12-29T10:35:00,2026-01-07T23:59:59
1044020,7,5661,0,455661020,0,2025-12-29T10:35:00,2026-01-07T23:59:59
1044020,8,5661,0,455661019,0,2025-12-29T10:35:00,2026-01-07T23:59:59
1044020,9,5661,0,455661019,0,2025-12-29T10:35:00,2026-01-07T23:59:59
1044020,10,5661,0,455661018,0,2025-12-29T10:35:00,2026-01-07T23:59:59
1049040,0,5681,0,455681015,0,2026-03-27T10:35:00,2026-04-05T23:59:59
1049040,1,5681,0,455681014,0,2026-03-27T10:35:00,2026-04-05T23:59:59
1049040,2,5681,0,455681014,0,2026-03-27T10:35:00,2026-04-05T23:59:59
1049040,3,5681,0,455681013,0,2026-03-27T10:35:00,2026-04-05T23:59:59
1049040,4,5681,0,455681012,0,2026-03-27T10:35:00,2026-04-05T23:59:59
1049040,5,5681,0,455681012,0,2026-03-27T10:35:00,2026-04-05T23:59:59
1049040,6,5681,0,455681011,0,2026-03-27T10:35:00,2026-04-05T23:59:59
1049040,7,5681,0,455681011,0,2026-03-27T10:35:00,2026-04-05T23:59:59
1049040,8,5681,0,455681010,0,2026-03-27T10:35:00,2026-04-05T23:59:59
1049040,9,5681,0,455681010,0,2026-03-27T10:35:00,2026-04-05T23:59:59
1049040,10,5681,0,455681009,0,2026-03-27T10:35:00,2026-04-05T23:59:59
1083070,0,5661,0,455661018,0,2025-12-29T10:35:00,2026-01-07T23:59:59
1083070,0,5671,0,455671022,455671014,2026-02-10T10:35:00,2026-02-27T10:29:59
1083070,0,5681,0,455681024,0,2026-03-27T10:35:00,2026-04-05T23:59:59
1083070,0,5701,0,455701024,0,2026-06-22T10:35:00,2026-07-01T23:59:59
1083070,1,5661,0,455661017,0,2025-12-29T10:35:00,2026-01-07T23:59:59
1083070,1,5671,0,455671023,455671015,2026-02-10T10:35:00,2026-02-27T10:29:59
1083070,1,5681,0,455681023,0,2026-03-27T10:35:00,2026-04-05T23:59:59
1083070,1,5701,0,455701023,0,2026-06-22T10:35:00,2026-07-01T23:59:59
1083070,2,5661,0,455661017,0,2025-12-29T10:35:00,2026-01-07T23:59:59
1083070,2,5671,0,455671023,455671015,2026-02-10T10:35:00,2026-02-27T10:29:59
1083070,2,5681,0,455681023,0,2026-03-27T10:35:00,2026-04-05T23:59:59
1083070,2,5701,0,455701023,0,2026-06-22T10:35:00,2026-07-01T23:59:59
1083070,3,5661,0,455661040,0,2025-12-29T10:35:00,2026-01-07T23:59:59
1083070,3,5671,0,455671024,455671016,2026-02-10T10:35:00,2026-02-27T10:29:59
1083070,3,5681,0,455681022,0,2026-03-27T10:35:00,2026-04-05T23:59:59
1083070,3,5701,0,455701022,0,2026-06-22T10:35:00,2026-07-01T23:59:59
1083070,4,5661,0,455661039,0,2025-12-29T10:35:00,2026-01-07T23:59:59
1083070,4,5671,0,455671025,455671017,2026-02-10T10:35:00,2026-02-27T10:29:59
1083070,4,5681,0,455681021,0,2026-03-27T10:35:00,2026-04-05T23:59:59
1083070,4,5701,0,455701021,0,2026-06-22T10:35:00,2026-07-01T23:59:59
1083070,5,5661,0,455661039,0,2025-12-29T10:35:00,2026-01-07T23:59:59
1083070,5,5671,0,455671025,455671017,2026-02-10T10:35:00,2026-02-27T10:29:59
1083070,5,5681,0,455681021,0,2026-03-27T10:35:00,2026-04-05T23:59:59
1083070,5,5701,0,455701021,0,2026-06-22T10:35:00,2026-07-01T23:59:59
1083070,6,5661,0,455661038,0,2025-12-29T10:35:00,2026-01-07T23:59:59
1083070,6,5671,0,455671026,455671018,2026-02-10T10:35:00,2026-02-27T10:29:59
1083070,6,5681,0,455681020,0,2026-03-27T10:35:00,2026-04-05T23:59:59
1083070,6,5701,0,455701020,0,2026-06-22T10:35:00,2026-07-01T23:59:59
1083070,7,5661,0,455661038,0,2025-12-29T10:35:00,2026-01-07T23:59:59
1083070,7,5671,0,455671026,455671018,2026-02-10T10:35:00,2026-02-27T10:29:59
1083070,7,5681,0,455681020,0,2026-03-27T10:35:00,2026-04-05T23:59:59
1083070,7,5701,0,455701020,0,2026-06-22T10:35:00,2026-07-01T23:59:59
1083070,8,5661,0,455661037,0,2025-12-29T10:35:00,2026-01-07T23:59:59
1083070,8,5671,0,455671026,455671018,2026-02-10T10:35:00,2026-02-27T10:29:59
1083070,8,5681,0,455681019,0,2026-03-27T10:35:00,2026-04-05T23:59:59
1083070,8,5701,0,455701019,0,2026-06-22T10:35:00,2026-07-01T23:59:59
1083070,9,5661,0,455661037,0,2025-12-29T10:35:00,2026-01-07T23:59:59
1083070,9,5671,0,455671026,455671018,2026-02-10T10:35:00,2026-02-27T10:29:59
1083070,9,5681,0,455681019,0,2026-03-27T10:35:00,2026-04-05T23:59:59
1083070,9,5701,0,455701019,0,2026-06-22T10:35:00,2026-07-01T23:59:59
1083070,10,5661,0,455661036,0,2025-12-29T10:35:00,2026-01-07T23:59:59
1083070,10,5671,0,455671026,455671018,2026-02-10T10:35:00,2026-02-27T10:29:59
1083070,10,5681,0,455681018,0,2026-03-27T10:35:00,2026-04-05T23:59:59
1083070,10,5701,0,455701018,0,2026-06-22T10:35:00,2026-07-01T23:59:59
1084040,0,5661,0,455661015,0,2025-12-29T10:35:00,2026-01-07T23:59:59
1084040,0,5701,0,455701016,0,2026-06-22T10:35:00,2026-07-01T23:59:59
1084040,1,5661,0,455661014,0,2025-12-29T10:35:00,2026-01-07T23:59:59
1084040,1,5701,0,455701015,0,2026-06-22T10:35:00,2026-07-01T23:59:59
1084040,2,5661,0,455661014,0,2025-12-29T10:35:00,2026-01-07T23:59:59
1084040,2,5701,0,455701015,0,2026-06-22T10:35:00,2026-07-01T23:59:59
1084040,3,5661,0,455661013,0,2025-12-29T10:35:00,2026-01-07T23:59:59
1084040,3,5701,0,455701014,0,2026-06-22T10:35:00,2026-07-01T23:59:59
1084040,4,5661,0,455661012,0,2025-12-29T10:35:00,2026-01-07T23:59:59
1084040,4,5701,0,455701013,0,2026-06-22T10:35:00,2026-07-01T23:59:59
1084040,5,5661,0,455661012,0,2025-12-29T10:35:00,2026-01-07T23:59:59
1084040,5,5701,0,455701013,0,2026-06-22T10:35:00,2026-07-01T23:59:59
1084040,6,5661,0,455661011,0,2025-12-29T10:35:00,2026-01-07T23:59:59
1084040,6,5701,0,455701012,0,2026-06-22T10:35:00,2026-07-01T23:59:59
1084040,7,5661,0,455661011,0,2025-12-29T10:35:00,2026-01-07T23:59:59
1084040,7,5701,0,455701012,0,2026-06-22T10:35:00,2026-07-01T23:59:59
1084040,8,5661,0,455661010,0,2025-12-29T10:35:00,2026-01-07T23:59:59
1084040,8,5701,0,455701011,0,2026-06-22T10:35:00,2026-07-01T23:59:59
1084040,9,5661,0,455661010,0,2025-12-29T10:35:00,2026-01-07T23:59:59
1084040,9,5701,0,455701011,0,2026-06-22T10:35:00,2026-07-01T23:59:59
1084040,10,5661,0,455661009,0,2025-12-29T10:35:00,2026-01-07T23:59:59
1084040,10,5701,0,455701010,0,2026-06-22T10:35:00,2026-07-01T23:59:59
1085140,0,5661,0,455661015,0,2025-12-29T10:35:00,2026-01-07T23:59:59
1085140,1,5661,0,455661014,0,2025-12-29T10:35:00,2026-01-07T23:59:59
1085140,2,5661,0,455661014,0,2025-12-29T10:35:00,2026-01-07T23:59:59
1085140,3,5661,0,455661013,0,2025-12-29T10:35:00,2026-01-07T23:59:59
1085140,4,5661,0,455661012,0,2025-12-29T10:35:00,2026-01-07T23:59:59
1085140,5,5661,0,455661012,0,2025-12-29T10:35:00,2026-01-07T23:59:59
1085140,6,5661,0,455661011,0,2025-12-29T10:35:00,2026-01-07T23:59:59
1085140,7,5661,0,455661011,0,2025-12-29T10:35:00,2026-01-07T23:59:59
1085140,8,5661,0,455661010,0,2025-12-29T10:35:00,2026-01-07T23:59:59
1085140,9,5661,0,455661010,0,2025-12-29T10:35:00,2026-01-07T23:59:59
1085140,10,5661,0,455661009,0,2025-12-29T10:35:00,2026-01-07T23:59:59
1085150,0,5681,0,455681016,0,2026-03-27T10:35:00,2026-04-05T23:59:59
1085150,1,5681,0,455681015,0,2026-03-27T10:35:00,2026-04-05T23:59:59
1085150,2,5681,0,455681015,0,2026-03-27T10:35:00,2026-04-05T23:59:59
1085150,3,5681,0,455681014,0,2026-03-27T10:35:00,2026-04-05T23:59:59
1085150,4,5681,0,455681013,0,2026-03-27T10:35:00,2026-04-05T23:59:59
1085150,5,5681,0,455681013,0,2026-03-27T10:35:00,2026-04-05T23:59:59
1085150,6,5681,0,455681012,0,2026-03-27T10:35:00,2026-04-05T23:59:59
1085150,7,5681,0,455681012,0,2026-03-27T10:35:00,2026-04-05T23:59:59
1085150,8,5681,0,455681011,0,2026-03-27T10:35:00,2026-04-05T23:59:59
1085150,9,5681,0,455681011,0,2026-03-27T10:35:00,2026-04-05T23:59:59
1085150,10,5681,0,455681010,0,2026-03-27T10:35:00,2026-04-05T23:59:59
1085160,0,5671,0,455671008,455671017,2026-02-17T10:35:00,2026-02-27T10:29:59
1085160,0,5681,0,455681016,0,2026-03-27T10:35:00,2026-04-05T23:59:59
1085160,1,5671,0,455671009,455671018,2026-02-17T10:35:00,2026-02-27T10:29:59
1085160,1,5681,0,455681015,0,2026-03-27T10:35:00,2026-04-05T23:59:59
1085160,2,5671,0,455671009,455671018,2026-02-17T10:35:00,2026-02-27T10:29:59
1085160,2,5681,0,455681015,0,2026-03-27T10:35:00,2026-04-05T23:59:59
1085160,3,5671,0,455671010,455671019,2026-02-17T10:35:00,2026-02-27T10:29:59
1085160,3,5681,0,455681014,0,2026-03-27T10:35:00,2026-04-05T23:59:59
1085160,4,5671,0,455671011,455671020,2026-02-17T10:35:00,2026-02-27T10:29:59
1085160,4,5681,0,455681013,0,2026-03-27T10:35:00,2026-04-05T23:59:59
1085160,5,5671,0,455671011,455671020,2026-02-17T10:35:00,2026-02-27T10:29:59
1085160,5,5681,0,455681013,0,2026-03-27T10:35:00,2026-04-05T23:59:59
1085160,6,5671,0,455671012,455671021,2026-02-17T10:35:00,2026-02-27T10:29:59
1085160,6,5681,0,455681012,0,2026-03-27T10:35:00,2026-04-05T23:59:59
1085160,7,5671,0,455671012,455671021,2026-02-17T10:35:00,2026-02-27T10:29:59
1085160,7,5681,0,455681012,0,2026-03-27T10:35:00,2026-04-05T23:59:59
1085160,8,5671,0,455671012,455671021,2026-02-17T10:35:00,2026-02-27T10:29:59
1085160,8,5681,0,455681011,0,2026-03-27T10:35:00,2026-04-05T23:59:59
1085160,9,5671,0,455671012,455671021,2026-02-17T10:35:00,2026-02-27T10:29:59
1085160,9,5681,0,455681011,0,2026-03-27T10:35:00,2026-04-05T23:59:59
1085160,10,5671,0,455671012,455671021,2026-02-17T10:35:00,2026-02-27T10:29:59
1085160,10,5681,0,455681010,0,2026-03-27T10:35:00,2026-04-05T23:59:59
1085170,0,5701,0,455701015,0,2026-06-22T10:35:00,2026-07-01T23:59:59
1085170,0,5711,0,455711006,455711014,2026-07-14T10:35:00,2026-08-06T10:29:59
1085170,1,5701,0,455701014,0,2026-06-22T10:35:00,2026-07-01T23:59:59
1085170,1,5711,0,455711007,455711015,2026-07-14T10:35:00,2026-08-06T10:29:59
1085170,2,5701,0,455701014,0,2026-06-22T10:35:00,2026-07-01T23:59:59
1085170,2,5711,0,455711007,455711015,2026-07-14T10:35:00,2026-08-06T10:29:59
1085170,3,5701,0,455701013,0,2026-06-22T10:35:00,2026-07-01T23:59:59
1085170,3,5711,0,455711008,455711016,2026-07-14T10:35:00,2026-08-06T10:29:59
1085170,4,5701,0,455701012,0,2026-06-22T10:35:00,2026-07-01T23:59:59
1085170,4,5711,0,455711009,455711017,2026-07-14T10:35:00,2026-08-06T10:29:59
1085170,5,5701,0,455701012,0,2026-06-22T10:35:00,2026-07-01T23:59:59
1085170,5,5711,0,455711009,455711017,2026-07-14T10:35:00,2026-08-06T10:29:59
1085170,6,5701,0,455701011,0,2026-06-22T10:35:00,2026-07-01T23:59:59
1085170,6,5711,0,455711010,455711018,2026-07-14T10:35:00,2026-08-06T10:29:59
1085170,7,5701,0,455701011,0,2026-06-22T10:35:00,2026-07-01T23:59:59
1085170,7,5711,0,455711010,455711018,2026-07-14T10:35:00,2026-08-06T10:29:59
1085170,8,5701,0,455701010,0,2026-06-22T10:35:00,2026-07-01T23:59:59
1085170,8,5711,0,455711010,455711018,2026-07-14T10:35:00,2026-08-06T10:29:59
1085170,9,5701,0,455701010,0,2026-06-22T10:35:00,2026-07-01T23:59:59
1085170,9,5711,0,455711010,455711018,2026-07-14T10:35:00,2026-08-06T10:29:59
1085170,10,5701,0,455701009,0,2026-06-22T10:35:00,2026-07-01T23:59:59
1085170,10,5711,0,455711010,455711018,2026-07-14T10:35:00,2026-08-06T10:29:59
1085180,0,5711,0,455711008,455711017,2026-07-22T10:35:00,2026-08-06T10:29:59
1085180,1,5711,0,455711009,455711018,2026-07-22T10:35:00,2026-08-06T10:29:59
1085180,2,5711,0,455711009,455711018,2026-07-22T10:35:00,2026-08-06T10:29:59
1085180,3,5711,0,455711010,455711019,2026-07-22T10:35:00,2026-08-06T10:29:59
1085180,4,5711,0,455711011,455711020,2026-07-22T10:35:00,2026-08-06T10:29:59
1085180,5,5711,0,455711011,455711020,2026-07-22T10:35:00,2026-08-06T10:29:59
1085180,6,5711,0,455711012,455711021,2026-07-22T10:35:00,2026-08-06T10:29:59
1085180,7,5711,0,455711012,455711021,2026-07-22T10:35:00,2026-08-06T10:29:59
1085180,8,5711,0,455711012,455711021,2026-07-22T10:35:00,2026-08-06T10:29:59
1085180,9,5711,0,455711012,455711021,2026-07-22T10:35:00,2026-08-06T10:29:59
1085180,10,5711,0,455711012,455711021,2026-07-22T10:35:00,2026-08-06T10:29:59
1090020,0,5661,0,455661023,0,2025-12-29T10:35:00,2026-01-07T23:59:59
1090020,0,5681,0,455681024,0,2026-03-27T10:35:00,2026-04-05T23:59:59
1090020,0,5691,0,455691022,455691014,2026-04-24T10:35:00,2026-05-15T10:29:59
1090020,1,5661,0,455661022,0,2025-12-29T10:35:00,2026-01-07T23:59:59
1090020,1,5681,0,455681023,0,2026-03-27T10:35:00,2026-04-05T23:59:59
1090020,1,5691,0,455691023,455691015,2026-04-24T10:35:00,2026-05-15T10:29:59
1090020,2,5661,0,455661022,0,2025-12-29T10:35:00,2026-01-07T23:59:59
1090020,2,5681,0,455681023,0,2026-03-27T10:35:00,2026-04-05T23:59:59
1090020,2,5691,0,455691023,455691015,2026-04-24T10:35:00,2026-05-15T10:29:59
1090020,3,5661,0,455661021,0,2025-12-29T10:35:00,2026-01-07T23:59:59
1090020,3,5681,0,455681022,0,2026-03-27T10:35:00,2026-04-05T23:59:59
1090020,3,5691,0,455691024,455691016,2026-04-24T10:35:00,2026-05-15T10:29:59
1090020,4,5661,0,455661020,0,2025-12-29T10:35:00,2026-01-07T23:59:59
1090020,4,5681,0,455681021,0,2026-03-27T10:35:00,2026-04-05T23:59:59
1090020,4,5691,0,455691025,455691017,2026-04-24T10:35:00,2026-05-15T10:29:59
1090020,5,5661,0,455661020,0,2025-12-29T10:35:00,2026-01-07T23:59:59
1090020,5,5681,0,455681021,0,2026-03-27T10:35:00,2026-04-05T23:59:59
1090020,5,5691,0,455691025,455691017,2026-04-24T10:35:00,2026-05-15T10:29:59
1090020,6,5661,0,455661019,0,2025-12-29T10:35:00,2026-01-07T23:59:59
1090020,6,5681,0,455681020,0,2026-03-27T10:35:00,2026-04-05T23:59:59
1090020,6,5691,0,455691026,455691018,2026-04-24T10:35:00,2026-05-15T10:29:59
1090020,7,5661,0,455661019,0,2025-12-29T10:35:00,2026-01-07T23:59:59
1090020,7,5681,0,455681020,0,2026-03-27T10:35:00,2026-04-05T23:59:59
1090020,7,5691,0,455691026,455691018,2026-04-24T10:35:00,2026-05-15T10:29:59
1090020,8,5661,0,455661018,0,2025-12-29T10:35:00,2026-01-07T23:59:59
1090020,8,5681,0,455681019,0,2026-03-27T10:35:00,2026-04-05T23:59:59
1090020,8,5691,0,455691026,455691018,2026-04-24T10:35:00,2026-05-15T10:29:59
1090020,9,5661,0,455661018,0,2025-12-29T10:35:00,2026-01-07T23:59:59
1090020,9,5681,0,455681019,0,2026-03-27T10:35:00,2026-04-05T23:59:59
1090020,9,5691,0,455691026,455691018,2026-04-24T10:35:00,2026-05-15T10:29:59
1090020,10,5661,0,455661017,0,2025-12-29T10:35:00,2026-01-07T23:59:59
1090020,10,5681,0,455681018,0,2026-03-27T10:35:00,2026-04-05T23:59:59
1090020,10,5691,0,455691026,455691018,2026-04-24T10:35:00,2026-05-15T10:29:59
2001050,0,5651,0,455651031,455651029,2025-11-10T10:35:00,2025-12-01T10:29:59
2001050,0,5661,0,455661035,0,2025-12-29T10:35:00,2026-01-07T23:59:59
2001050,0,5681,0,455681031,0,2026-03-27T10:35:00,2026-04-05T23:59:59
2001050,0,5701,0,455701036,0,2026-06-22T10:35:00,2026-07-01T23:59:59
2001050,1,5651,0,455651032,455651030,2025-11-10T10:35:00,2025-12-01T10:29:59
2001050,1,5661,0,455661034,0,2025-12-29T10:35:00,2026-01-07T23:59:59
2001050,1,5681,0,455681030,0,2026-03-27T10:35:00,2026-04-05T23:59:59
2001050,1,5701,0,455701025,0,2026-06-22T10:35:00,2026-07-01T23:59:59
2001050,2,5651,0,455651032,455651030,2025-11-10T10:35:00,2025-12-01T10:29:59
2001050,2,5661,0,455661034,0,2025-12-29T10:35:00,2026-01-07T23:59:59
2001050,2,5681,0,455681030,0,2026-03-27T10:35:00,2026-04-05T23:59:59
2001050,2,5701,0,455701025,0,2026-06-22T10:35:00,2026-07-01T23:59:59
2001050,3,5651,0,455651033,455651013,2025-11-10T10:35:00,2025-12-01T10:29:59
2001050,3,5661,0,455661033,0,2025-12-29T10:35:00,2026-01-07T23:59:59
2001050,3,5681,0,455681029,0,2026-03-27T10:35:00,2026-04-05T23:59:59
2001050,3,5701,0,455701026,0,2026-06-22T10:35:00,2026-07-01T23:59:59
2001050,4,5651,0,455651033,455651014,2025-11-10T10:35:00,2025-12-01T10:29:59
2001050,4,5661,0,455661032,0,2025-12-29T10:35:00,2026-01-07T23:59:59
2001050,4,5681,0,455681028,0,2026-03-27T10:35:00,2026-04-05T23:59:59
2001050,4,5701,0,455701027,0,2026-06-22T10:35:00,2026-07-01T23:59:59
2001050,5,5651,0,455651034,455651014,2025-11-10T10:35:00,2025-12-01T10:29:59
2001050,5,5661,0,455661032,0,2025-12-29T10:35:00,2026-01-07T23:59:59
2001050,5,5681,0,455681028,0,2026-03-27T10:35:00,2026-04-05T23:59:59
2001050,5,5701,0,455701027,0,2026-06-22T10:35:00,2026-07-01T23:59:59
2001050,6,5651,0,455651035,455651015,2025-11-10T10:35:00,2025-12-01T10:29:59
2001050,6,5661,0,455661031,0,2025-12-29T10:35:00,2026-01-07T23:59:59
2001050,6,5681,0,455681027,0,2026-03-27T10:35:00,2026-04-05T23:59:59
2001050,6,5701,0,455701028,0,2026-06-22T10:35:00,2026-07-01T23:59:59
2001050,7,5651,0,455651035,455651015,2025-11-10T10:35:00,2025-12-01T10:29:59
2001050,7,5661,0,455661031,0,2025-12-29T10:35:00,2026-01-07T23:59:59
2001050,7,5681,0,455681027,0,2026-03-27T10:35:00,2026-04-05T23:59:59
2001050,7,5701,0,455701028,0,2026-06-22T10:35:00,2026-07-01T23:59:59
2001050,8,5651,0,455651035,455651015,2025-11-10T10:35:00,2025-12-01T10:29:59
2001050,8,5661,0,455661030,0,2025-12-29T10:35:00,2026-01-07T23:59:59
2001050,8,5681,0,455681026,0,2026-03-27T10:35:00,2026-04-05T23:59:59
2001050,8,5701,0,455701029,0,2026-06-22T10:35:00,2026-07-01T23:59:59
2001050,9,5651,0,455651035,455651015,2025-11-10T10:35:00,2025-12-01T10:29:59
2001050,9,5661,0,455661030,0,2025-12-29T10:35:00,2026-01-07T23:59:59
2001050,9,5681,0,455681026,0,2026-03-27T10:35:00,2026-04-05T23:59:59
2001050,9,5701,0,455701029,0,2026-06-22T10:35:00,2026-07-01T23:59:59
2001050,10,5651,0,455651035,455651015,2025-11-10T10:35:00,2025-12-01T10:29:59
2001050,10,5661,0,455661029,0,2025-12-29T10:35:00,2026-01-07T23:59:59
2001050,10,5681,0,455681025,0,2026-03-27T10:35:00,2026-04-05T23:59:59
2001050,10,5701,0,455701030,0,2026-06-22T10:35:00,2026-07-01T23:59:59
2001060,0,5651,0,455651001,455651029,2025-11-10T10:35:00,2025-12-01T10:29:59
2001060,0,5661,0,455661013,0,2025-12-29T10:35:00,2026-01-07T23:59:59
2001060,0,5681,0,455681016,0,2026-03-27T10:35:00,2026-04-05T23:59:59
2001060,1,5651,0,455651002,455651030,2025-11-10T10:35:00,2025-12-01T10:29:59
2001060,1,5661,0,455661012,0,2025-12-29T10:35:00,2026-01-07T23:59:59
2001060,1,5681,0,455681015,0,2026-03-27T10:35:00,2026-04-05T23:59:59
2001060,2,5651,0,455651002,455651030,2025-11-10T10:35:00,2025-12-01T10:29:59
2001060,2,5661,0,455661012,0,2025-12-29T10:35:00,2026-01-07T23:59:59
2001060,2,5681,0,455681015,0,2026-03-27T10:35:00,2026-04-05T23:59:59
2001060,3,5651,0,455651003,455651013,2025-11-10T10:35:00,2025-12-01T10:29:59
2001060,3,5661,0,455661010,0,2025-12-29T10:35:00,2026-01-07T23:59:59
2001060,3,5681,0,455681014,0,2026-03-27T10:35:00,2026-04-05T23:59:59
2001060,4,5651,0,455651003,455651014,2025-11-10T10:35:00,2025-12-01T10:29:59
2001060,4,5661,0,455661008,0,2025-12-29T10:35:00,2026-01-07T23:59:59
2001060,4,5681,0,455681013,0,2026-03-27T10:35:00,2026-04-05T23:59:59
2001060,5,5651,0,455651004,455651014,2025-11-10T10:35:00,2025-12-01T10:29:59
2001060,5,5661,0,455661008,0,2025-12-29T10:35:00,2026-01-07T23:59:59
2001060,5,5681,0,455681013,0,2026-03-27T10:35:00,2026-04-05T23:59:59
2001060,6,5651,0,455651005,455651015,2025-11-10T10:35:00,2025-12-01T10:29:59
2001060,6,5661,0,455661006,0,2025-12-29T10:35:00,2026-01-07T23:59:59
2001060,6,5681,0,455681012,0,2026-03-27T10:35:00,2026-04-05T23:59:59
2001060,7,5651,0,455651005,455651015,2025-11-10T10:35:00,2025-12-01T10:29:59
2001060,7,5661,0,455661006,0,2025-12-29T10:35:00,2026-01-07T23:59:59
2001060,7,5681,0,455681012,0,2026-03-27T10:35:00,2026-04-05T23:59:59
2001060,8,5651,0,455651005,455651015,2025-11-10T10:35:00,2025-12-01T10:29:59
2001060,8,5661,0,455661004,0,2025-12-29T10:35:00,2026-01-07T23:59:59
2001060,8,5681,0,455681011,0,2026-03-27T10:35:00,2026-04-05T23:59:59
2001060,9,5651,0,455651005,455651015,2025-11-10T10:35:00,2025-12-01T10:29:59
2001060,9,5661,0,455661004,0,2025-12-29T10:35:00,2026-01-07T23:59:59
2001060,9,5681,0,455681011,0,2026-03-27T10:35:00,2026-04-05T23:59:59
2001060,10,5651,0,455651005,455651015,2025-11-10T10:35:00,2025-12-01T10:29:59
2001060,10,5661,0,455661003,0,2025-12-29T10:35:00,2026-01-07T23:59:59
2001060,10,5681,0,455681010,0,2026-03-27T10:35:00,2026-04-05T23:59:59
2001070,0,5671,0,455671001,455671013,2026-02-10T10:35:00,2026-02-27T10:29:59
2001070,0,5681,0,455681015,0,2026-03-27T10:35:00,2026-04-05T23:59:59
2001070,1,5671,0,455671002,455671014,2026-02-10T10:35:00,2026-02-27T10:29:59
2001070,1,5681,0,455681014,0,2026-03-27T10:35:00,2026-04-05T23:59:59
2001070,2,5671,0,455671002,455671014,2026-02-10T10:35:00,2026-02-27T10:29:59
2001070,2,5681,0,455681014,0,2026-03-27T10:35:00,2026-04-05T23:59:59
2001070,3,5671,0,455671003,455671015,2026-02-10T10:35:00,2026-02-27T10:29:59
2001070,3,5681,0,455681013,0,2026-03-27T10:35:00,2026-04-05T23:59:59
2001070,4,5671,0,455671003,455671016,2026-02-10T10:35:00,2026-02-27T10:29:59
2001070,4,5681,0,455681012,0,2026-03-27T10:35:00,2026-04-05T23:59:59
2001070,5,5671,0,455671004,455671016,2026-02-10T10:35:00,2026-02-27T10:29:59
2001070,5,5681,0,455681012,0,2026-03-27T10:35:00,2026-04-05T23:59:59
2001070,6,5671,0,455671005,455671017,2026-02-10T10:35:00,2026-02-27T10:29:59
2001070,6,5681,0,455681011,0,2026-03-27T10:35:00,2026-04-05T23:59:59
2001070,7,5671,0,455671005,455671017,2026-02-10T10:35:00,2026-02-27T10:29:59
2001070,7,5681,0,455681011,0,2026-03-27T10:35:00,2026-04-05T23:59:59
2001070,8,5671,0,455671005,455671018,2026-02-10T10:35:00,2026-02-27T10:29:59
2001070,8,5681,0,455681010,0,2026-03-27T10:35:00,2026-04-05T23:59:59
2001070,9,5671,0,455671005,455671019,2026-02-10T10:35:00,2026-02-27T10:29:59
2001070,9,5681,0,455681010,0,2026-03-27T10:35:00,2026-04-05T23:59:59
2001070,10,5671,0,455671005,455671019,2026-02-10T10:35:00,2026-02-27T10:29:59
2001070,10,5681,0,455681009,0,2026-03-27T10:35:00,2026-04-05T23:59:59
2002030,0,5661,0,455661013,0,2025-12-29T10:35:00,2026-01-07T23:59:59
2002030,1,5661,0,455661012,0,2025-12-29T10:35:00,2026-01-07T23:59:59
2002030,2,5661,0,455661012,0,2025-12-29T10:35:00,2026-01-07T23:59:59
2002030,3,5661,0,455661010,0,2025-12-29T10:35:00,2026-01-07T23:59:59
2002030,4,5661,0,455661008,0,2025-12-29T10:35:00,2026-01-07T23:59:59
2002030,5,5661,0,455661008,0,2025-12-29T10:35:00,2026-01-07T23:59:59
2002030,6,5661,0,455661006,0,2025-12-29T10:35:00,2026-01-07T23:59:59
2002030,7,5661,0,455661006,0,2025-12-29T10:35:00,2026-01-07T23:59:59
2002030,8,5661,0,455661004,0,2025-12-29T10:35:00,2026-01-07T23:59:59
2002030,9,5661,0,455661004,0,2025-12-29T10:35:00,2026-01-07T23:59:59
2002030,10,5661,0,455661003,0,2025-12-29T10:35:00,2026-01-07T23:59:59
2002040,0,5711,0,455711001,455711013,2026-07-22T10:35:00,2026-08-06T10:29:59
2002040,1,5711,0,455711002,455711014,2026-07-22T10:35:00,2026-08-06T10:29:59
2002040,2,5711,0,455711002,455711014,2026-07-22T10:35:00,2026-08-06T10:29:59
2002040,3,5711,0,455711003,455711015,2026-07-22T10:35:00,2026-08-06T10:29:59
2002040,4,5711,0,455711003,455711016,2026-07-22T10:35:00,2026-08-06T10:29:59
2002040,5,5711,0,455711004,455711016,2026-07-22T10:35:00,2026-08-06T10:29:59
2002040,6,5711,0,455711005,455711017,2026-07-22T10:35:00,2026-08-06T10:29:59
2002040,7,5711,0,455711005,455711017,2026-07-22T10:35:00,2026-08-06T10:29:59
2002040,8,5711,0,455711005,455711017,2026-07-22T10:35:00,2026-08-06T10:29:59
2002040,9,5711,0,455711005,455711017,2026-07-22T10:35:00,2026-08-06T10:29:59
2002040,10,5711,0,455711005,455711017,2026-07-22T10:35:00,2026-08-06T10:29:59
2003090,0,5661,0,455661016,0,2025-12-29T10:35:00,2026-01-07T23:59:59
2003090,1,5661,0,455661015,0,2025-12-29T10:35:00,2026-01-07T23:59:59
2003090,2,5661,0,455661015,0,2025-12-29T10:35:00,2026-01-07T23:59:59
2003090,3,5661,0,455661014,0,2025-12-29T10:35:00,2026-01-07T23:59:59
2003090,4,5661,0,455661013,0,2025-12-29T10:35:00,2026-01-07T23:59:59
2003090,5,5661,0,455661013,0,2025-12-29T10:35:00,2026-01-07T23:59:59
2003090,6,5661,0,455661012,0,2025-12-29T10:35:00,2026-01-07T23:59:59
2003090,7,5661,0,455661012,0,2025-12-29T10:35:00,2026-01-07T23:59:59
2003090,8,5661,0,455661011,0,2025-12-29T10:35:00,2026-01-07T23:59:59
2003090,9,5661,0,455661011,0,2025-12-29T10:35:00,2026-01-07T23:59:59
2003090,10,5661,0,455661010,0,2025-12-29T10:35:00,2026-01-07T23:59:59
2003100,0,5651,0,455651001,455651013,2025-11-10T10:35:00,2025-12-01T10:29:59
2003100,0,5661,0,455661015,0,2025-12-29T10:35:00,2026-01-07T23:59:59
2003100,0,5681,0,455681016,0,2026-03-27T10:35:00,2026-04-05T23:59:59
2003100,0,5691,0,455691001,455691029,2026-04-24T10:35:00,2026-05-15T10:29:59
2003100,1,5651,0,455651002,455651014,2025-11-10T10:35:00,2025-12-01T10:29:59
2003100,1,5661,0,455661014,0,2025-12-29T10:35:00,2026-01-07T23:59:59
2003100,1,5681,0,455681015,0,2026-03-27T10:35:00,2026-04-05T23:59:59
2003100,1,5691,0,455691002,455691030,2026-04-24T10:35:00,2026-05-15T10:29:59
2003100,2,5651,0,455651002,455651014,2025-11-10T10:35:00,2025-12-01T10:29:59
2003100,2,5661,0,455661014,0,2025-12-29T10:35:00,2026-01-07T23:59:59
2003100,2,5681,0,455681015,0,2026-03-27T10:35:00,2026-04-05T23:59:59
2003100,2,5691,0,455691002,455691030,2026-04-24T10:35:00,2026-05-15T10:29:59
2003100,3,5651,0,455651003,455651015,2025-11-10T10:35:00,2025-12-01T10:29:59
2003100,3,5661,0,455661013,0,2025-12-29T10:35:00,2026-01-07T23:59:59
2003100,3,5681,0,455681014,0,2026-03-27T10:35:00,2026-04-05T23:59:59
2003100,3,5691,0,455691003,455691013,2026-04-24T10:35:00,2026-05-15T10:29:59
2003100,4,5651,0,455651003,455651016,2025-11-10T10:35:00,2025-12-01T10:29:59
2003100,4,5661,0,455661012,0,2025-12-29T10:35:00,2026-01-07T23:59:59
2003100,4,5681,0,455681013,0,2026-03-27T10:35:00,2026-04-05T23:59:59
2003100,4,5691,0,455691003,455691014,2026-04-24T10:35:00,2026-05-15T10:29:59
2003100,5,5651,0,455651004,455651016,2025-11-10T10:35:00,2025-12-01T10:29:59
2003100,5,5661,0,455661012,0,2025-12-29T10:35:00,2026-01-07T23:59:59
2003100,5,5681,0,455681013,0,2026-03-27T10:35:00,2026-04-05T23:59:59
2003100,5,5691,0,455691004,455691014,2026-04-24T10:35:00,2026-05-15T10:29:59
2003100,6,5651,0,455651005,455651017,2025-11-10T10:35:00,2025-12-01T10:29:59
2003100,6,5661,0,455661011,0,2025-12-29T10:35:00,2026-01-07T23:59:59
2003100,6,5681,0,455681012,0,2026-03-27T10:35:00,2026-04-05T23:59:59
2003100,6,5691,0,455691005,455691015,2026-04-24T10:35:00,2026-05-15T10:29:59
2003100,7,5651,0,455651005,455651017,2025-11-10T10:35:00,2025-12-01T10:29:59
2003100,7,5661,0,455661011,0,2025-12-29T10:35:00,2026-01-07T23:59:59
2003100,7,5681,0,455681012,0,2026-03-27T10:35:00,2026-04-05T23:59:59
2003100,7,5691,0,455691005,455691015,2026-04-24T10:35:00,2026-05-15T10:29:59
2003100,8,5651,0,455651005,455651017,2025-11-10T10:35:00,2025-12-01T10:29:59
2003100,8,5661,0,455661010,0,2025-12-29T10:35:00,2026-01-07T23:59:59
2003100,8,5681,0,455681011,0,2026-03-27T10:35:00,2026-04-05T23:59:59
2003100,8,5691,0,455691005,455691015,2026-04-24T10:35:00,2026-05-15T10:29:59
2003100,9,5651,0,455651005,455651017,2025-11-10T10:35:00,2025-12-01T10:29:59
2003100,9,5661,0,455661010,0,2025-12-29T10:35:00,2026-01-07T23:59:59
2003100,9,5681,0,455681011,0,2026-03-27T10:35:00,2026-04-05T23:59:59
2003100,9,5691,0,455691005,455691015,2026-04-24T10:35:00,2026-05-15T10:29:59
2003100,10,5651,0,455651005,455651017,2025-11-10T10:35:00,2025-12-01T10:29:59
2003100,10,5661,0,455661009,0,2025-12-29T10:35:00,2026-01-07T23:59:59
2003100,10,5681,0,455681010,0,2026-03-27T10:35:00,2026-04-05T23:59:59
2003100,10,5691,0,455691005,455691015,2026-04-24T10:35:00,2026-05-15T10:29:59
2003110,0,5701,0,455701015,0,2026-06-22T10:35:00,2026-07-01T23:59:59
2003110,1,5701,0,455701014,0,2026-06-22T10:35:00,2026-07-01T23:59:59
2003110,2,5701,0,455701014,0,2026-06-22T10:35:00,2026-07-01T23:59:59
2003110,3,5701,0,455701013,0,2026-06-22T10:35:00,2026-07-01T23:59:59
2003110,4,5701,0,455701012,0,2026-06-22T10:35:00,2026-07-01T23:59:59
2003110,5,5701,0,455701012,0,2026-06-22T10:35:00,2026-07-01T23:59:59
2003110,6,5701,0,455701011,0,2026-06-22T10:35:00,2026-07-01T23:59:59
2003110,7,5701,0,455701011,0,2026-06-22T10:35:00,2026-07-01T23:59:59
2003110,8,5701,0,455701010,0,2026-06-22T10:35:00,2026-07-01T23:59:59
2003110,9,5701,0,455701010,0,2026-06-22T10:35:00,2026-07-01T23:59:59
2003110,10,5701,0,455701009,0,2026-06-22T10:35:00,2026-07-01T23:59:59
2004050,0,5661,0,455661016,0,2025-12-29T10:35:00,2026-01-07T23:59:59
2004050,0,5681,0,455681015,0,2026-03-27T10:35:00,2026-04-05T23:59:59
2004050,0,5701,0,455701016,0,2026-06-22T10:35:00,2026-07-01T23:59:59
2004050,1,5661,0,455661015,0,2025-12-29T10:35:00,2026-01-07T23:59:59
2004050,1,5681,0,455681014,0,2026-03-27T10:35:00,2026-04-05T23:59:59
2004050,1,5701,0,455701015,0,2026-06-22T10:35:00,2026-07-01T23:59:59
2004050,2,5661,0,455661015,0,2025-12-29T10:35:00,2026-01-07T23:59:59
2004050,2,5681,0,455681014,0,2026-03-27T10:35:00,2026-04-05T23:59:59
2004050,2,5701,0,455701015,0,2026-06-22T10:35:00,2026-07-01T23:59:59
2004050,3,5661,0,455661014,0,2025-12-29T10:35:00,2026-01-07T23:59:59
2004050,3,5681,0,455681013,0,2026-03-27T10:35:00,2026-04-05T23:59:59
2004050,3,5701,0,455701014,0,2026-06-22T10:35:00,2026-07-01T23:59:59
2004050,4,5661,0,455661013,0,2025-12-29T10:35:00,2026-01-07T23:59:59
2004050,4,5681,0,455681012,0,2026-03-27T10:35:00,2026-04-05T23:59:59
2004050,4,5701,0,455701013,0,2026-06-22T10:35:00,2026-07-01T23:59:59
2004050,5,5661,0,455661013,0,2025-12-29T10:35:00,2026-01-07T23:59:59
2004050,5,5681,0,455681012,0,2026-03-27T10:35:00,2026-04-05T23:59:59
2004050,5,5701,0,455701013,0,2026-06-22T10:35:00,2026-07-01T23:59:59
2004050,6,5661,0,455661012,0,2025-12-29T10:35:00,2026-01-07T23:59:59
2004050,6,5681,0,455681011,0,2026-03-27T10:35:00,2026-04-05T23:59:59
2004050,6,5701,0,455701012,0,2026-06-22T10:35:00,2026-07-01T23:59:59
2004050,7,5661,0,455661012,0,2025-12-29T10:35:00,2026-01-07T23:59:59
2004050,7,5681,0,455681011,0,2026-03-27T10:35:00,2026-04-05T23:59:59
2004050,7,5701,0,455701012,0,2026-06-22T10:35:00,2026-07-01T23:59:59
2004050,8,5661,0,455661011,0,2025-12-29T10:35:00,2026-01-07T23:59:59
2004050,8,5681,0,455681010,0,2026-03-27T10:35:00,2026-04-05T23:59:59
2004050,8,5701,0,455701011,0,2026-06-22T10:35:00,2026-07-01T23:59:59
2004050,9,5661,0,455661011,0,2025-12-29T10:35:00,2026-01-07T23:59:59
2004050,9,5681,0,455681010,0,2026-03-27T10:35:00,2026-04-05T23:59:59
2004050,9,5701,0,455701011,0,2026-06-22T10:35:00,2026-07-01T23:59:59
2004050,10,5661,0,455661010,0,2025-12-29T10:35:00,2026-01-07T23:59:59
2004050,10,5681,0,455681009,0,2026-03-27T10:35:00,2026-04-05T23:59:59
2004050,10,5701,0,455701010,0,2026-06-22T10:35:00,2026-07-01T23:59:59
2004060,0,5691,0,455691001,455691013,2026-04-24T10:35:00,2026-05-15T10:29:59
2004060,0,5701,0,455701015,0,2026-06-22T10:35:00,2026-07-01T23:59:59
2004060,1,5691,0,455691002,455691014,2026-04-24T10:35:00,2026-05-15T10:29:59
2004060,1,5701,0,455701014,0,2026-06-22T10:35:00,2026-07-01T23:59:59
2004060,2,5691,0,455691002,455691014,2026-04-24T10:35:00,2026-05-15T10:29:59
2004060,2,5701,0,455701014,0,2026-06-22T10:35:00,2026-07-01T23:59:59
2004060,3,5691,0,455691003,455691015,2026-04-24T10:35:00,2026-05-15T10:29:59
2004060,3,5701,0,455701013,0,2026-06-22T10:35:00,2026-07-01T23:59:59
2004060,4,5691,0,455691003,455691016,2026-04-24T10:35:00,2026-05-15T10:29:59
2004060,4,5701,0,455701012,0,2026-06-22T10:35:00,2026-07-01T23:59:59
2004060,5,5691,0,455691004,455691016,2026-04-24T10:35:00,2026-05-15T10:29:59
2004060,5,5701,0,455701012,0,2026-06-22T10:35:00,2026-07-01T23:59:59
2004060,6,5691,0,455691005,455691017,2026-04-24T10:35:00,2026-05-15T10:29:59
2004060,6,5701,0,455701011,0,2026-06-22T10:35:00,2026-07-01T23:59:59
2004060,7,5691,0,455691005,455691017,2026-04-24T10:35:00,2026-05-15T10:29:59
2004060,7,5701,0,455701011,0,2026-06-22T10:35:00,2026-07-01T23:59:59
2004060,8,5691,0,455691005,455691018,2026-04-24T10:35:00,2026-05-15T10:29:59
2004060,8,5701,0,455701010,0,2026-06-22T10:35:00,2026-07-01T23:59:59
2004060,9,5691,0,455691005,455691019,2026-04-24T10:35:00,2026-05-15T10:29:59
2004060,9,5701,0,455701010,0,2026-06-22T10:35:00,2026-07-01T23:59:59
2004060,10,5691,0,455691005,455691019,2026-04-24T10:35:00,2026-05-15T10:29:59
2004060,10,5701,0,455701009,0,2026-06-22T10:35:00,2026-07-01T23:59:59
2005020,0,5661,0,455661015,0,2025-12-29T10:35:00,2026-01-07T23:59:59
2005020,0,5671,0,455671001,455671029,2026-02-10T10:35:00,2026-02-27T10:29:59
2005020,1,5661,0,455661014,0,2025-12-29T10:35:00,2026-01-07T23:59:59
2005020,1,5671,0,455671002,455671030,2026-02-10T10:35:00,2026-02-27T10:29:59
2005020,2,5661,0,455661014,0,2025-12-29T10:35:00,2026-01-07T23:59:59
2005020,2,5671,0,455671002,455671030,2026-02-10T10:35:00,2026-02-27T10:29:59
2005020,3,5661,0,455661013,0,2025-12-29T10:35:00,2026-01-07T23:59:59
2005020,3,5671,0,455671003,455671013,2026-02-10T10:35:00,2026-02-27T10:29:59
2005020,4,5661,0,455661012,0,2025-12-29T10:35:00,2026-01-07T23:59:59
2005020,4,5671,0,455671003,455671014,2026-02-10T10:35:00,2026-02-27T10:29:59
2005020,5,5661,0,455661012,0,2025-12-29T10:35:00,2026-01-07T23:59:59
2005020,5,5671,0,455671004,455671014,2026-02-10T10:35:00,2026-02-27T10:29:59
2005020,6,5661,0,455661011,0,2025-12-29T10:35:00,2026-01-07T23:59:59
2005020,6,5671,0,455671005,455671015,2026-02-10T10:35:00,2026-02-27T10:29:59
2005020,7,5661,0,455661011,0,2025-12-29T10:35:00,2026-01-07T23:59:59
2005020,7,5671,0,455671005,455671015,2026-02-10T10:35:00,2026-02-27T10:29:59
2005020,8,5661,0,455661010,0,2025-12-29T10:35:00,2026-01-07T23:59:59
2005020,8,5671,0,455671005,455671015,2026-02-10T10:35:00,2026-02-27T10:29:59
2005020,9,5661,0,455661010,0,2025-12-29T10:35:00,2026-01-07T23:59:59
2005020,9,5671,0,455671005,455671015,2026-02-10T10:35:00,2026-02-27T10:29:59
2005020,10,5661,0,455661009,0,2025-12-29T10:35:00,2026-01-07T23:59:59
2005020,10,5671,0,455671005,455671015,2026-02-10T10:35:00,2026-02-27T10:29:59
2006050,0,5681,0,455681023,0,2026-03-27T10:35:00,2026-04-05T23:59:59
2006050,0,5701,0,455701024,0,2026-06-22T10:35:00,2026-07-01T23:59:59
2006050,0,5711,0,455711031,455711029,2026-07-14T10:35:00,2026-08-06T10:29:59
2006050,1,5681,0,455681022,0,2026-03-27T10:35:00,2026-04-05T23:59:59
2006050,1,5701,0,455701023,0,2026-06-22T10:35:00,2026-07-01T23:59:59
2006050,1,5711,0,455711032,455711030,2026-07-14T10:35:00,2026-08-06T10:29:59
2006050,2,5681,0,455681022,0,2026-03-27T10:35:00,2026-04-05T23:59:59
2006050,2,5701,0,455701023,0,2026-06-22T10:35:00,2026-07-01T23:59:59
2006050,2,5711,0,455711032,455711030,2026-07-14T10:35:00,2026-08-06T10:29:59
2006050,3,5681,0,455681021,0,2026-03-27T10:35:00,2026-04-05T23:59:59
2006050,3,5701,0,455701022,0,2026-06-22T10:35:00,2026-07-01T23:59:59
2006050,3,5711,0,455711033,455711013,2026-07-14T10:35:00,2026-08-06T10:29:59
2006050,4,5681,0,455681020,0,2026-03-27T10:35:00,2026-04-05T23:59:59
2006050,4,5701,0,455701021,0,2026-06-22T10:35:00,2026-07-01T23:59:59
2006050,4,5711,0,455711033,455711014,2026-07-14T10:35:00,2026-08-06T10:29:59
2006050,5,5681,0,455681020,0,2026-03-27T10:35:00,2026-04-05T23:59:59
2006050,5,5701,0,455701021,0,2026-06-22T10:35:00,2026-07-01T23:59:59
2006050,5,5711,0,455711034,455711014,2026-07-14T10:35:00,2026-08-06T10:29:59
2006050,6,5681,0,455681019,0,2026-03-27T10:35:00,2026-04-05T23:59:59
2006050,6,5701,0,455701020,0,2026-06-22T10:35:00,2026-07-01T23:59:59
2006050,6,5711,0,455711035,455711015,2026-07-14T10:35:00,2026-08-06T10:29:59
2006050,7,5681,0,455681019,0,2026-03-27T10:35:00,2026-04-05T23:59:59
2006050,7,5701,0,455701020,0,2026-06-22T10:35:00,2026-07-01T23:59:59
2006050,7,5711,0,455711035,455711015,2026-07-14T10:35:00,2026-08-06T10:29:59
2006050,8,5681,0,455681018,0,2026-03-27T10:35:00,2026-04-05T23:59:59
2006050,8,5701,0,455701019,0,2026-06-22T10:35:00,2026-07-01T23:59:59
2006050,8,5711,0,455711035,455711015,2026-07-14T10:35:00,2026-08-06T10:29:59
2006050,9,5681,0,455681018,0,2026-03-27T10:35:00,2026-04-05T23:59:59
2006050,9,5701,0,455701019,0,2026-06-22T10:35:00,2026-07-01T23:59:59
2006050,9,5711,0,455711035,455711015,2026-07-14T10:35:00,2026-08-06T10:29:59
2006050,10,5681,0,455681017,0,2026-03-27T10:35:00,2026-04-05T23:59:59
2006050,10,5701,0,455701018,0,2026-06-22T10:35:00,2026-07-01T23:59:59
2006050,10,5711,0,455711035,455711015,2026-07-14T10:35:00,2026-08-06T10:29:59
2007080,0,5661,0,455661013,0,2025-12-29T10:35:00,2026-01-07T23:59:59
2007080,0,5701,0,455701016,0,2026-06-22T10:35:00,2026-07-01T23:59:59
2007080,1,5661,0,455661012,0,2025-12-29T10:35:00,2026-01-07T23:59:59
2007080,1,5701,0,455701015,0,2026-06-22T10:35:00,2026-07-01T23:59:59
2007080,2,5661,0,455661012,0,2025-12-29T10:35:00,2026-01-07T23:59:59
2007080,2,5701,0,455701015,0,2026-06-22T10:35:00,2026-07-01T23:59:59
2007080,3,5661,0,455661010,0,2025-12-29T10:35:00,2026-01-07T23:59:59
2007080,3,5701,0,455701014,0,2026-06-22T10:35:00,2026-07-01T23:59:59
2007080,4,5661,0,455661008,0,2025-12-29T10:35:00,2026-01-07T23:59:59
2007080,4,5701,0,455701013,0,2026-06-22T10:35:00,2026-07-01T23:59:59
2007080,5,5661,0,455661008,0,2025-12-29T10:35:00,2026-01-07T23:59:59
2007080,5,5701,0,455701013,0,2026-06-22T10:35:00,2026-07-01T23:59:59
2007080,6,5661,0,455661006,0,2025-12-29T10:35:00,2026-01-07T23:59:59
2007080,6,5701,0,455701012,0,2026-06-22T10:35:00,2026-07-01T23:59:59
2007080,7,5661,0,455661006,0,2025-12-29T10:35:00,2026-01-07T23:59:59
2007080,7,5701,0,455701012,0,2026-06-22T10:35:00,2026-07-01T23:59:59
2007080,8,5661,0,455661004,0,2025-12-29T10:35:00,2026-01-07T23:59:59
2007080,8,5701,0,455701011,0,2026-06-22T10:35:00,2026-07-01T23:59:59
2007080,9,5661,0,455661004,0,2025-12-29T10:35:00,2026-01-07T23:59:59
2007080,9,5701,0,455701011,0,2026-06-22T10:35:00,2026-07-01T23:59:59
2007080,10,5661,0,455661003,0,2025-12-29T10:35:00,2026-01-07T23:59:59
2007080,10,5701,0,455701010,0,2026-06-22T10:35:00,2026-07-01T23:59:59
2007100,0,5661,0,455661010,0,2025-12-29T10:35:00,2026-01-07T23:59:59
2007100,0,5681,0,455681015,0,2026-03-27T10:35:00,2026-04-05T23:59:59
2007100,1,5661,0,455661009,0,2025-12-29T10:35:00,2026-01-07T23:59:59
2007100,1,5681,0,455681014,0,2026-03-27T10:35:00,2026-04-05T23:59:59
2007100,2,5661,0,455661009,0,2025-12-29T10:35:00,2026-01-07T23:59:59
2007100,2,5681,0,455681014,0,2026-03-27T10:35:00,2026-04-05T23:59:59
2007100,3,5661,0,455661007,0,2025-12-29T10:35:00,2026-01-07T23:59:59
2007100,3,5681,0,455681013,0,2026-03-27T10:35:00,2026-04-05T23:59:59
2007100,4,5661,0,455661005,0,2025-12-29T10:35:00,2026-01-07T23:59:59
2007100,4,5681,0,455681012,0,2026-03-27T10:35:00,2026-04-05T23:59:59
2007100,5,5661,0,455661005,0,2025-12-29T10:35:00,2026-01-07T23:59:59
2007100,5,5681,0,455681012,0,2026-03-27T10:35:00,2026-04-05T23:59:59
2007100,6,5661,0,455661003,0,2025-12-29T10:35:00,2026-01-07T23:59:59
2007100,6,5681,0,455681011,0,2026-03-27T10:35:00,2026-04-05T23:59:59
2007100,7,5661,0,455661003,0,2025-12-29T10:35:00,2026-01-07T23:59:59
2007100,7,5681,0,455681011,0,2026-03-27T10:35:00,2026-04-05T23:59:59
2007100,8,5661,0,455661002,0,2025-12-29T10:35:00,2026-01-07T23:59:59
2007100,8,5681,0,455681010,0,2026-03-27T10:35:00,2026-04-05T23:59:59
2007100,9,5661,0,455661002,0,2025-12-29T10:35:00,2026-01-07T23:59:59
2007100,9,5681,0,455681010,0,2026-03-27T10:35:00,2026-04-05T23:59:59
2007100,10,5661,0,455661001,0,2025-12-29T10:35:00,2026-01-07T23:59:59
2007100,10,5681,0,455681009,0,2026-03-27T10:35:00,2026-04-05T23:59:59
2007110,0,5671,0,455671001,455671013,2026-02-17T10:35:00,2026-02-27T10:29:59
2007110,0,5681,0,455681016,0,2026-03-27T10:35:00,2026-04-05T23:59:59
2007110,1,5671,0,455671002,455671014,2026-02-17T10:35:00,2026-02-27T10:29:59
2007110,1,5681,0,455681015,0,2026-03-27T10:35:00,2026-04-05T23:59:59
2007110,2,5671,0,455671002,455671014,2026-02-17T10:35:00,2026-02-27T10:29:59
2007110,2,5681,0,455681015,0,2026-03-27T10:35:00,2026-04-05T23:59:59
2007110,3,5671,0,455671003,455671015,2026-02-17T10:35:00,2026-02-27T10:29:59
2007110,3,5681,0,455681014,0,2026-03-27T10:35:00,2026-04-05T23:59:59
2007110,4,5671,0,455671003,455671016,2026-02-17T10:35:00,2026-02-27T10:29:59
2007110,4,5681,0,455681013,0,2026-03-27T10:35:00,2026-04-05T23:59:59
2007110,5,5671,0,455671004,455671016,2026-02-17T10:35:00,2026-02-27T10:29:59
2007110,5,5681,0,455681013,0,2026-03-27T10:35:00,2026-04-05T23:59:59
2007110,6,5671,0,455671005,455671017,2026-02-17T10:35:00,2026-02-27T10:29:59
2007110,6,5681,0,455681012,0,2026-03-27T10:35:00,2026-04-05T23:59:59
2007110,7,5671,0,455671005,455671017,2026-02-17T10:35:00,2026-02-27T10:29:59
2007110,7,5681,0,455681012,0,2026-03-27T10:35:00,2026-04-05T23:59:59
2007110,8,5671,0,455671005,455671017,2026-02-17T10:35:00,2026-02-27T10:29:59
2007110,8,5681,0,455681011,0,2026-03-27T10:35:00,2026-04-05T23:59:59
2007110,9,5671,0,455671005,455671017,2026-02-17T10:35:00,2026-02-27T10:29:59
2007110,9,5681,0,455681011,0,2026-03-27T10:35:00,2026-04-05T23:59:59
2007110,10,5671,0,455671005,455671017,2026-02-17T10:35:00,2026-02-27T10:29:59
2007110,10,5681,0,455681010,0,2026-03-27T10:35:00,2026-04-05T23:59:59
2008030,0,5691,0,455691001,455691013,2026-05-01T10:35:00,2026-05-15T10:29:59
2008030,0,5701,0,455701015,0,2026-06-22T10:35:00,2026-07-01T23:59:59
2008030,1,5691,0,455691002,455691014,2026-05-01T10:35:00,2026-05-15T10:29:59
2008030,1,5701,0,455701014,0,2026-06-22T10:35:00,2026-07-01T23:59:59
2008030,2,5691,0,455691002,455691014,2026-05-01T10:35:00,2026-05-15T10:29:59
2008030,2,5701,0,455701014,0,2026-06-22T10:35:00,2026-07-01T23:59:59
2008030,3,5691,0,455691003,455691015,2026-05-01T10:35:00,2026-05-15T10:29:59
2008030,3,5701,0,455701013,0,2026-06-22T10:35:00,2026-07-01T23:59:59
2008030,4,5691,0,455691003,455691016,2026-05-01T10:35:00,2026-05-15T10:29:59
2008030,4,5701,0,455701012,0,2026-06-22T10:35:00,2026-07-01T23:59:59
2008030,5,5691,0,455691004,455691016,2026-05-01T10:35:00,2026-05-15T10:29:59
2008030,5,5701,0,455701012,0,2026-06-22T10:35:00,2026-07-01T23:59:59
2008030,6,5691,0,455691005,455691017,2026-05-01T10:35:00,2026-05-15T10:29:59
2008030,6,5701,0,455701011,0,2026-06-22T10:35:00,2026-07-01T23:59:59
2008030,7,5691,0,455691005,455691017,2026-05-01T10:35:00,2026-05-15T10:29:59
2008030,7,5701,0,455701011,0,2026-06-22T10:35:00,2026-07-01T23:59:59
2008030,8,5691,0,455691005,455691017,2026-05-01T10:35:00,2026-05-15T10:29:59
2008030,8,5701,0,455701010,0,2026-06-22T10:35:00,2026-07-01T23:59:59
2008030,9,5691,0,455691005,455691017,2026-05-01T10:35:00,2026-05-15T10:29:59
2008030,9,5701,0,455701010,0,2026-06-22T10:35:00,2026-07-01T23:59:59
2008030,10,5691,0,455691005,455691017,2026-05-01T10:35:00,2026-05-15T10:29:59
2008030,10,5701,0,455701009,0,2026-06-22T10:35:00,2026-07-01T23:59:59
2012040,0,5681,0,455681015,0,2026-03-27T10:35:00,2026-04-05T23:59:59
2012040,0,5701,0,455701013,0,2026-06-22T10:35:00,2026-07-01T23:59:59
2012040,1,5681,0,455681014,0,2026-03-27T10:35:00,2026-04-05T23:59:59
2012040,1,5701,0,455701012,0,2026-06-22T10:35:00,2026-07-01T23:59:59
2012040,2,5681,0,455681014,0,2026-03-27T10:35:00,2026-04-05T23:59:59
2012040,2,5701,0,455701012,0,2026-06-22T10:35:00,2026-07-01T23:59:59
2012040,3,5681,0,455681013,0,2026-03-27T10:35:00,2026-04-05T23:59:59
2012040,3,5701,0,455701010,0,2026-06-22T10:35:00,2026-07-01T23:59:59
2012040,4,5681,0,455681012,0,2026-03-27T10:35:00,2026-04-05T23:59:59
2012040,4,5701,0,455701008,0,2026-06-22T10:35:00,2026-07-01T23:59:59
2012040,5,5681,0,455681012,0,2026-03-27T10:35:00,2026-04-05T23:59:59
2012040,5,5701,0,455701008,0,2026-06-22T10:35:00,2026-07-01T23:59:59
2012040,6,5681,0,455681011,0,2026-03-27T10:35:00,2026-04-05T23:59:59
2012040,6,5701,0,455701006,0,2026-06-22T10:35:00,2026-07-01T23:59:59
2012040,7,5681,0,455681011,0,2026-03-27T10:35:00,2026-04-05T23:59:59
2012040,7,5701,0,455701006,0,2026-06-22T10:35:00,2026-07-01T23:59:59
2012040,8,5681,0,455681010,0,2026-03-27T10:35:00,2026-04-05T23:59:59
2012040,8,5701,0,455701004,0,2026-06-22T10:35:00,2026-07-01T23:59:59
2012040,9,5681,0,455681010,0,2026-03-27T10:35:00,2026-04-05T23:59:59
2012040,9,5701,0,455701004,0,2026-06-22T10:35:00,2026-07-01T23:59:59
2012040,10,5681,0,455681009,0,2026-03-27T10:35:00,2026-04-05T23:59:59
2012040,10,5701,0,455701003,0,2026-06-22T10:35:00,2026-07-01T23:59:59
2012050,0,5661,0,455661016,0,2025-12-29T10:35:00,2026-01-07T23:59:59
2012050,0,5691,0,455691001,455691029,2026-04-24T10:35:00,2026-05-15T10:29:59
2012050,1,5661,0,455661015,0,2025-12-29T10:35:00,2026-01-07T23:59:59
2012050,1,5691,0,455691002,455691030,2026-04-24T10:35:00,2026-05-15T10:29:59
2012050,2,5661,0,455661015,0,2025-12-29T10:35:00,2026-01-07T23:59:59
2012050,2,5691,0,455691002,455691030,2026-04-24T10:35:00,2026-05-15T10:29:59
2012050,3,5661,0,455661014,0,2025-12-29T10:35:00,2026-01-07T23:59:59
2012050,3,5691,0,455691003,455691013,2026-04-24T10:35:00,2026-05-15T10:29:59
2012050,4,5661,0,455661013,0,2025-12-29T10:35:00,2026-01-07T23:59:59
2012050,4,5691,0,455691003,455691014,2026-04-24T10:35:00,2026-05-15T10:29:59
2012050,5,5661,0,455661013,0,2025-12-29T10:35:00,2026-01-07T23:59:59
2012050,5,5691,0,455691004,455691014,2026-04-24T10:35:00,2026-05-15T10:29:59
2012050,6,5661,0,455661012,0,2025-12-29T10:35:00,2026-01-07T23:59:59
2012050,6,5691,0,455691005,455691015,2026-04-24T10:35:00,2026-05-15T10:29:59
2012050,7,5661,0,455661012,0,2025-12-29T10:35:00,2026-01-07T23:59:59
2012050,7,5691,0,455691005,455691015,2026-04-24T10:35:00,2026-05-15T10:29:59
2012050,8,5661,0,455661011,0,2025-12-29T10:35:00,2026-01-07T23:59:59
2012050,8,5691,0,455691005,455691015,2026-04-24T10:35:00,2026-05-15T10:29:59
2012050,9,5661,0,455661011,0,2025-12-29T10:35:00,2026-01-07T23:59:59
2012050,9,5691,0,455691005,455691015,2026-04-24T10:35:00,2026-05-15T10:29:59
2012050,10,5661,0,455661010,0,2025-12-29T10:35:00,2026-01-07T23:59:59
2012050,10,5691,0,455691005,455691015,2026-04-24T10:35:00,2026-05-15T10:29:59
2012060,0,5681,0,455681013,0,2026-03-27T10:35:00,2026-04-05T23:59:59
2012060,0,5701,0,455701015,0,2026-06-22T10:35:00,2026-07-01T23:59:59
2012060,0,5711,0,455711001,455711029,2026-07-14T10:35:00,2026-08-06T10:29:59
2012060,1,5681,0,455681012,0,2026-03-27T10:35:00,2026-04-05T23:59:59
2012060,1,5701,0,455701014,0,2026-06-22T10:35:00,2026-07-01T23:59:59
2012060,1,5711,0,455711002,455711030,2026-07-14T10:35:00,2026-08-06T10:29:59
2012060,2,5681,0,455681012,0,2026-03-27T10:35:00,2026-04-05T23:59:59
2012060,2,5701,0,455701014,0,2026-06-22T10:35:00,2026-07-01T23:59:59
2012060,2,5711,0,455711002,455711030,2026-07-14T10:35:00,2026-08-06T10:29:59
2012060,3,5681,0,455681010,0,2026-03-27T10:35:00,2026-04-05T23:59:59
2012060,3,5701,0,455701013,0,2026-06-22T10:35:00,2026-07-01T23:59:59
2012060,3,5711,0,455711003,455711013,2026-07-14T10:35:00,2026-08-06T10:29:59
2012060,4,5681,0,455681008,0,2026-03-27T10:35:00,2026-04-05T23:59:59
2012060,4,5701,0,455701012,0,2026-06-22T10:35:00,2026-07-01T23:59:59
2012060,4,5711,0,455711003,455711014,2026-07-14T10:35:00,2026-08-06T10:29:59
2012060,5,5681,0,455681008,0,2026-03-27T10:35:00,2026-04-05T23:59:59
2012060,5,5701,0,455701012,0,2026-06-22T10:35:00,2026-07-01T23:59:59
2012060,5,5711,0,455711004,455711014,2026-07-14T10:35:00,2026-08-06T10:29:59
2012060,6,5681,0,455681006,0,2026-03-27T10:35:00,2026-04-05T23:59:59
2012060,6,5701,0,455701011,0,2026-06-22T10:35:00,2026-07-01T23:59:59
2012060,6,5711,0,455711005,455711015,2026-07-14T10:35:00,2026-08-06T10:29:59
2012060,7,5681,0,455681006,0,2026-03-27T10:35:00,2026-04-05T23:59:59
2012060,7,5701,0,455701011,0,2026-06-22T10:35:00,2026-07-01T23:59:59
2012060,7,5711,0,455711005,455711015,2026-07-14T10:35:00,2026-08-06T10:29:59
2012060,8,5681,0,455681004,0,2026-03-27T10:35:00,2026-04-05T23:59:59
2012060,8,5701,0,455701010,0,2026-06-22T10:35:00,2026-07-01T23:59:59
2012060,8,5711,0,455711005,455711015,2026-07-14T10:35:00,2026-08-06T10:29:59
2012060,9,5681,0,455681004,0,2026-03-27T10:35:00,2026-04-05T23:59:59
2012060,9,5701,0,455701010,0,2026-06-22T10:35:00,2026-07-01T23:59:59
2012060,9,5711,0,455711005,455711015,2026-07-14T10:35:00,2026-08-06T10:29:59
2012060,10,5681,0,455681003,0,2026-03-27T10:35:00,2026-04-05T23:59:59
2012060,10,5701,0,455701009,0,2026-06-22T10:35:00,2026-07-01T23:59:59
2012060,10,5711,0,455711005,455711015,2026-07-14T10:35:00,2026-08-06T10:29:59
2013030,0,5661,0,455661013,0,2025-12-29T10:35:00,2026-01-07T23:59:59
2013030,1,5661,0,455661012,0,2025-12-29T10:35:00,2026-01-07T23:59:59
2013030,2,5661,0,455661012,0,2025-12-29T10:35:00,2026-01-07T23:59:59
2013030,3,5661,0,455661010,0,2025-12-29T10:35:00,2026-01-07T23:59:59
2013030,4,5661,0,455661008,0,2025-12-29T10:35:00,2026-01-07T23:59:59
2013030,5,5661,0,455661008,0,2025-12-29T10:35:00,2026-01-07T23:59:59
2013030,6,5661,0,455661006,0,2025-12-29T10:35:00,2026-01-07T23:59:59
2013030,7,5661,0,455661006,0,2025-12-29T10:35:00,2026-01-07T23:59:59
2013030,8,5661,0,455661004,0,2025-12-29T10:35:00,2026-01-07T23:59:59
2013030,9,5661,0,455661004,0,2025-12-29T10:35:00,2026-01-07T23:59:59
2013030,10,5661,0,455661003,0,2025-12-29T10:35:00,2026-01-07T23:59:59
2015020,0,5671,0,455671031,455671029,2026-02-10T10:35:00,2026-02-27T10:29:59
2015020,1,5671,0,455671032,455671030,2026-02-10T10:35:00,2026-02-27T10:29:59
2015020,2,5671,0,455671032,455671030,2026-02-10T10:35:00,2026-02-27T10:29:59
2015020,3,5671,0,455671033,455671013,2026-02-10T10:35:00,2026-02-27T10:29:59
2015020,4,5671,0,455671033,455671014,2026-02-10T10:35:00,2026-02-27T10:29:59
2015020,5,5671,0,455671034,455671014,2026-02-10T10:35:00,2026-02-27T10:29:59
2015020,6,5671,0,455671035,455671015,2026-02-10T10:35:00,2026-02-27T10:29:59
2015020,7,5671,0,455671035,455671015,2026-02-10T10:35:00,2026-02-27T10:29:59
2015020,8,5671,0,455671035,455671015,2026-02-10T10:35:00,2026-02-27T10:29:59
2015020,9,5671,0,455671035,455671015,2026-02-10T10:35:00,2026-02-27T10:29:59
2015020,10,5671,0,455671035,455671015,2026-02-10T10:35:00,2026-02-27T10:29:59
2016060,0,5651,0,455651001,455651013,2025-11-18T10:35:00,2025-12-01T10:29:59
2016060,0,5661,0,455661016,0,2025-12-29T10:35:00,2026-01-07T23:59:59
2016060,1,5651,0,455651002,455651014,2025-11-18T10:35:00,2025-12-01T10:29:59
2016060,1,5661,0,455661015,0,2025-12-29T10:35:00,2026-01-07T23:59:59
2016060,2,5651,0,455651002,455651014,2025-11-18T10:35:00,2025-12-01T10:29:59
2016060,2,5661,0,455661015,0,2025-12-29T10:35:00,2026-01-07T23:59:59
2016060,3,5651,0,455651003,455651015,2025-11-18T10:35:00,2025-12-01T10:29:59
2016060,3,5661,0,455661014,0,2025-12-29T10:35:00,2026-01-07T23:59:59
2016060,4,5651,0,455651003,455651016,2025-11-18T10:35:00,2025-12-01T10:29:59
2016060,4,5661,0,455661013,0,2025-12-29T10:35:00,2026-01-07T23:59:59
2016060,5,5651,0,455651004,455651016,2025-11-18T10:35:00,2025-12-01T10:29:59
2016060,5,5661,0,455661013,0,2025-12-29T10:35:00,2026-01-07T23:59:59
2016060,6,5651,0,455651005,455651017,2025-11-18T10:35:00,2025-12-01T10:29:59
2016060,6,5661,0,455661012,0,2025-12-29T10:35:00,2026-01-07T23:59:59
2016060,7,5651,0,455651005,455651017,2025-11-18T10:35:00,2025-12-01T10:29:59
2016060,7,5661,0,455661012,0,2025-12-29T10:35:00,2026-01-07T23:59:59
2016060,8,5651,0,455651005,455651017,2025-11-18T10:35:00,2025-12-01T10:29:59
2016060,8,5661,0,455661011,0,2025-12-29T10:35:00,2026-01-07T23:59:59
2016060,9,5651,0,455651005,455651017,2025-11-18T10:35:00,2025-12-01T10:29:59
2016060,9,5661,0,455661011,0,2025-12-29T10:35:00,2026-01-07T23:59:59
2016060,10,5651,0,455651005,455651017,2025-11-18T10:35:00,2025-12-01T10:29:59
2016060,10,5661,0,455661010,0,2025-12-29T10:35:00,2026-01-07T23:59:59
2017030,0,5681,0,455681015,0,2026-03-27T10:35:00,2026-04-05T23:59:59
2017030,1,5681,0,455681014,0,2026-03-27T10:35:00,2026-04-05T23:59:59
2017030,2,5681,0,455681014,0,2026-03-27T10:35:00,2026-04-05T23:59:59
2017030,3,5681,0,455681013,0,2026-03-27T10:35:00,2026-04-05T23:59:59
2017030,4,5681,0,455681012,0,2026-03-27T10:35:00,2026-04-05T23:59:59
2017030,5,5681,0,455681012,0,2026-03-27T10:35:00,2026-04-05T23:59:59
2017030,6,5681,0,455681011,0,2026-03-27T10:35:00,2026-04-05T23:59:59
2017030,7,5681,0,455681011,0,2026-03-27T10:35:00,2026-04-05T23:59:59
2017030,8,5681,0,455681010,0,2026-03-27T10:35:00,2026-04-05T23:59:59
2017030,9,5681,0,455681010,0,2026-03-27T10:35:00,2026-04-05T23:59:59
2017030,10,5681,0,455681009,0,2026-03-27T10:35:00,2026-04-05T23:59:59
2018070,0,5711,0,455711001,455711013,2026-07-14T10:35:00,2026-08-06T10:29:59
2018070,1,5711,0,455711002,455711014,2026-07-14T10:35:00,2026-08-06T10:29:59
2018070,2,5711,0,455711002,455711014,2026-07-14T10:35:00,2026-08-06T10:29:59
2018070,3,5711,0,455711003,455711015,2026-07-14T10:35:00,2026-08-06T10:29:59
2018070,4,5711,0,455711003,455711016,2026-07-14T10:35:00,2026-08-06T10:29:59
2018070,5,5711,0,455711004,455711016,2026-07-14T10:35:00,2026-08-06T10:29:59
2018070,6,5711,0,455711005,455711017,2026-07-14T10:35:00,2026-08-06T10:29:59
2018070,7,5711,0,455711005,455711017,2026-07-14T10:35:00,2026-08-06T10:29:59
2018070,8,5711,0,455711005,455711018,2026-07-14T10:35:00,2026-08-06T10:29:59
2018070,9,5711,0,455711005,455711019,2026-07-14T10:35:00,2026-08-06T10:29:59
2018070,10,5711,0,455711005,455711019,2026-07-14T10:35:00,2026-08-06T10:29:59
2019030,0,5661,0,455661013,0,2025-12-29T10:35:00,2026-01-07T23:59:59
2019030,1,5661,0,455661012,0,2025-12-29T10:35:00,2026-01-07T23:59:59
2019030,2,5661,0,455661012,0,2025-12-29T10:35:00,2026-01-07T23:59:59
2019030,3,5661,0,455661010,0,2025-12-29T10:35:00,2026-01-07T23:59:59
2019030,4,5661,0,455661008,0,2025-12-29T10:35:00,2026-01-07T23:59:59
2019030,5,5661,0,455661008,0,2025-12-29T10:35:00,2026-01-07T23:59:59
2019030,6,5661,0,455661006,0,2025-12-29T10:35:00,2026-01-07T23:59:59
2019030,7,5661,0,455661006,0,2025-12-29T10:35:00,2026-01-07T23:59:59
2019030,8,5661,0,455661004,0,2025-12-29T10:35:00,2026-01-07T23:59:59
2019030,9,5661,0,455661004,0,2025-12-29T10:35:00,2026-01-07T23:59:59
2019030,10,5661,0,455661003,0,2025-12-29T10:35:00,2026-01-07T23:59:59
2020010,0,5701,0,455701021,0,2026-06-22T10:35:00,2026-07-01T23:59:59
2020010,1,5701,0,455701020,0,2026-06-22T10:35:00,2026-07-01T23:59:59
2020010,2,5701,0,455701020,0,2026-06-22T10:35:00,2026-07-01T23:59:59
2020010,3,5701,0,455701018,0,2026-06-22T10:35:00,2026-07-01T23:59:59
2020010,4,5701,0,455701032,0,2026-06-22T10:35:00,2026-07-01T23:59:59
2020010,5,5701,0,455701032,0,2026-06-22T10:35:00,2026-07-01T23:59:59
2020010,6,5701,0,455701033,0,2026-06-22T10:35:00,2026-07-01T23:59:59
2020010,7,5701,0,455701033,0,2026-06-22T10:35:00,2026-07-01T23:59:59
2020010,8,5701,0,455701034,0,2026-06-22T10:35:00,2026-07-01T23:59:59
2020010,9,5701,0,455701034,0,2026-06-22T10:35:00,2026-07-01T23:59:59
2020010,10,5701,0,455701035,0,2026-06-22T10:35:00,2026-07-01T23:59:59
2024020,0,5651,0,455651001,455651029,2025-11-10T10:35:00,2025-12-01T10:29:59
2024020,0,5701,0,455701016,0,2026-06-22T10:35:00,2026-07-01T23:59:59
2024020,1,5651,0,455651002,455651030,2025-11-10T10:35:00,2025-12-01T10:29:59
2024020,1,5701,0,455701015,0,2026-06-22T10:35:00,2026-07-01T23:59:59
2024020,2,5651,0,455651002,455651030,2025-11-10T10:35:00,2025-12-01T10:29:59
2024020,2,5701,0,455701015,0,2026-06-22T10:35:00,2026-07-01T23:59:59
2024020,3,5651,0,455651003,455651013,2025-11-10T10:35:00,2025-12-01T10:29:59
2024020,3,5701,0,455701014,0,2026-06-22T10:35:00,2026-07-01T23:59:59
2024020,4,5651,0,455651003,455651014,2025-11-10T10:35:00,2025-12-01T10:29:59
2024020,4,5701,0,455701013,0,2026-06-22T10:35:00,2026-07-01T23:59:59
2024020,5,5651,0,455651004,455651014,2025-11-10T10:35:00,2025-12-01T10:29:59
2024020,5,5701,0,455701013,0,2026-06-22T10:35:00,2026-07-01T23:59:59
2024020,6,5651,0,455651005,455651015,2025-11-10T10:35:00,2025-12-01T10:29:59
2024020,6,5701,0,455701012,0,2026-06-22T10:35:00,2026-07-01T23:59:59
2024020,7,5651,0,455651005,455651015,2025-11-10T10:35:00,2025-12-01T10:29:59
2024020,7,5701,0,455701012,0,2026-06-22T10:35:00,2026-07-01T23:59:59
2024020,8,5651,0,455651005,455651015,2025-11-10T10:35:00,2025-12-01T10:29:59
2024020,8,5701,0,455701011,0,2026-06-22T10:35:00,2026-07-01T23:59:59
2024020,9,5651,0,455651005,455651015,2025-11-10T10:35:00,2025-12-01T10:29:59
2024020,9,5701,0,455701011,0,2026-06-22T10:35:00,2026-07-01T23:59:59
2024020,10,5651,0,455651005,455651015,2025-11-10T10:35:00,2025-12-01T10:29:59
2024020,10,5701,0,455701010,0,2026-06-22T10:35:00,2026-07-01T23:59:59
2027030,0,5661,0,455661016,0,2025-12-29T10:35:00,2026-01-07T23:59:59
2027030,0,5681,0,455681015,0,2026-03-27T10:35:00,2026-04-05T23:59:59
2027030,0,5701,0,455701016,0,2026-06-22T10:35:00,2026-07-01T23:59:59
2027030,1,5661,0,455661015,0,2025-12-29T10:35:00,2026-01-07T23:59:59
2027030,1,5681,0,455681014,0,2026-03-27T10:35:00,2026-04-05T23:59:59
2027030,1,5701,0,455701015,0,2026-06-22T10:35:00,2026-07-01T23:59:59
2027030,2,5661,0,455661015,0,2025-12-29T10:35:00,2026-01-07T23:59:59
2027030,2,5681,0,455681014,0,2026-03-27T10:35:00,2026-04-05T23:59:59
2027030,2,5701,0,455701015,0,2026-06-22T10:35:00,2026-07-01T23:59:59
2027030,3,5661,0,455661014,0,2025-12-29T10:35:00,2026-01-07T23:59:59
2027030,3,5681,0,455681013,0,2026-03-27T10:35:00,2026-04-05T23:59:59
2027030,3,5701,0,455701014,0,2026-06-22T10:35:00,2026-07-01T23:59:59
2027030,4,5661,0,455661013,0,2025-12-29T10:35:00,2026-01-07T23:59:59
2027030,4,5681,0,455681012,0,2026-03-27T10:35:00,2026-04-05T23:59:59
2027030,4,5701,0,455701013,0,2026-06-22T10:35:00,2026-07-01T23:59:59
2027030,5,5661,0,455661013,0,2025-12-29T10:35:00,2026-01-07T23:59:59
2027030,5,5681,0,455681012,0,2026-03-27T10:35:00,2026-04-05T23:59:59
2027030,5,5701,0,455701013,0,2026-06-22T10:35:00,2026-07-01T23:59:59
2027030,6,5661,0,455661012,0,2025-12-29T10:35:00,2026-01-07T23:59:59
2027030,6,5681,0,455681011,0,2026-03-27T10:35:00,2026-04-05T23:59:59
2027030,6,5701,0,455701012,0,2026-06-22T10:35:00,2026-07-01T23:59:59
2027030,7,5661,0,455661012,0,2025-12-29T10:35:00,2026-01-07T23:59:59
2027030,7,5681,0,455681011,0,2026-03-27T10:35:00,2026-04-05T23:59:59
2027030,7,5701,0,455701012,0,2026-06-22T10:35:00,2026-07-01T23:59:59
2027030,8,5661,0,455661011,0,2025-12-29T10:35:00,2026-01-07T23:59:59
2027030,8,5681,0,455681010,0,2026-03-27T10:35:00,2026-04-05T23:59:59
2027030,8,5701,0,455701011,0,2026-06-22T10:35:00,2026-07-01T23:59:59
2027030,9,5661,0,455661011,0,2025-12-29T10:35:00,2026-01-07T23:59:59
2027030,9,5681,0,455681010,0,2026-03-27T10:35:00,2026-04-05T23:59:59
2027030,9,5701,0,455701011,0,2026-06-22T10:35:00,2026-07-01T23:59:59
2027030,10,5661,0,455661010,0,2025-12-29T10:35:00,2026-01-07T23:59:59
2027030,10,5681,0,455681009,0,2026-03-27T10:35:00,2026-04-05T23:59:59
2027030,10,5701,0,455701010,0,2026-06-22T10:35:00,2026-07-01T23:59:59
2027040,0,5681,0,455681015,0,2026-03-27T10:35:00,2026-04-05T23:59:59
2027040,0,5691,0,455691001,455691029,2026-04-24T10:35:00,2026-05-15T10:29:59
2027040,0,5701,0,455701016,0,2026-06-22T10:35:00,2026-07-01T23:59:59
2027040,1,5681,0,455681014,0,2026-03-27T10:35:00,2026-04-05T23:59:59
2027040,1,5691,0,455691002,455691030,2026-04-24T10:35:00,2026-05-15T10:29:59
2027040,1,5701,0,455701015,0,2026-06-22T10:35:00,2026-07-01T23:59:59
2027040,2,5681,0,455681014,0,2026-03-27T10:35:00,2026-04-05T23:59:59
2027040,2,5691,0,455691002,455691030,2026-04-24T10:35:00,2026-05-15T10:29:59
2027040,2,5701,0,455701015,0,2026-06-22T10:35:00,2026-07-01T23:59:59
2027040,3,5681,0,455681013,0,2026-03-27T10:35:00,2026-04-05T23:59:59
2027040,3,5691,0,455691003,455691013,2026-04-24T10:35:00,2026-05-15T10:29:59
2027040,3,5701,0,455701014,0,2026-06-22T10:35:00,2026-07-01T23:59:59
2027040,4,5681,0,455681012,0,2026-03-27T10:35:00,2026-04-05T23:59:59
2027040,4,5691,0,455691003,455691014,2026-04-24T10:35:00,2026-05-15T10:29:59
2027040,4,5701,0,455701013,0,2026-06-22T10:35:00,2026-07-01T23:59:59
2027040,5,5681,0,455681012,0,2026-03-27T10:35:00,2026-04-05T23:59:59
2027040,5,5691,0,455691004,455691014,2026-04-24T10:35:00,2026-05-15T10:29:59
2027040,5,5701,0,455701013,0,2026-06-22T10:35:00,2026-07-01T23:59:59
2027040,6,5681,0,455681011,0,2026-03-27T10:35:00,2026-04-05T23:59:59
2027040,6,5691,0,455691005,455691015,2026-04-24T10:35:00,2026-05-15T10:29:59
2027040,6,5701,0,455701012,0,2026-06-22T10:35:00,2026-07-01T23:59:59
2027040,7,5681,0,455681011,0,2026-03-27T10:35:00,2026-04-05T23:59:59
2027040,7,5691,0,455691005,455691015,2026-04-24T10:35:00,2026-05-15T10:29:59
2027040,7,5701,0,455701012,0,2026-06-22T10:35:00,2026-07-01T23:59:59
2027040,8,5681,0,455681010,0,2026-03-27T10:35:00,2026-04-05T23:59:59
2027040,8,5691,0,455691005,455691015,2026-04-24T10:35:00,2026-05-15T10:29:59
2027040,8,5701,0,455701011,0,2026-06-22T10:35:00,2026-07-01T23:59:59
2027040,9,5681,0,455681010,0,2026-03-27T10:35:00,2026-04-05T23:59:59
2027040,9,5691,0,455691005,455691015,2026-04-24T10:35:00,2026-05-15T10:29:59
2027040,9,5701,0,455701011,0,2026-06-22T10:35:00,2026-07-01T23:59:59
2027040,10,5681,0,455681009,0,2026-03-27T10:35:00,2026-04-05T23:59:59
2027040,10,5691,0,455691005,455691015,2026-04-24T10:35:00,2026-05-15T10:29:59
2027040,10,5701,0,455701010,0,2026-06-22T10:35:00,2026-07-01T23:59:59
2027050,0,5701,0,455701010,0,2026-06-22T10:35:00,2026-07-01T23:59:59
2027050,1,5701,0,455701009,0,2026-06-22T10:35:00,2026-07-01T23:59:59
2027050,2,5701,0,455701009,0,2026-06-22T10:35:00,2026-07-01T23:59:59
2027050,3,5701,0,455701007,0,2026-06-22T10:35:00,2026-07-01T23:59:59
2027050,4,5701,0,455701005,0,2026-06-22T10:35:00,2026-07-01T23:59:59
2027050,5,5701,0,455701005,0,2026-06-22T10:35:00,2026-07-01T23:59:59
2027050,6,5701,0,455701003,0,2026-06-22T10:35:00,2026-07-01T23:59:59
2027050,7,5701,0,455701003,0,2026-06-22T10:35:00,2026-07-01T23:59:59
2027050,8,5701,0,455701002,0,2026-06-22T10:35:00,2026-07-01T23:59:59
2027050,9,5701,0,455701002,0,2026-06-22T10:35:00,2026-07-01T23:59:59
2027050,10,5701,0,455701001,0,2026-06-22T10:35:00,2026-07-01T23:59:59
2032040,0,5661,0,455661015,0,2025-12-29T10:35:00,2026-01-07T23:59:59
2032040,1,5661,0,455661014,0,2025-12-29T10:35:00,2026-01-07T23:59:59
2032040,2,5661,0,455661014,0,2025-12-29T10:35:00,2026-01-07T23:59:59
2032040,3,5661,0,455661013,0,2025-12-29T10:35:00,2026-01-07T23:59:59
2032040,4,5661,0,455661012,0,2025-12-29T10:35:00,2026-01-07T23:59:59
2032040,5,5661,0,455661012,0,2025-12-29T10:35:00,2026-01-07T23:59:59
2032040,6,5661,0,455661011,0,2025-12-29T10:35:00,2026-01-07T23:59:59
2032040,7,5661,0,455661011,0,2025-12-29T10:35:00,2026-01-07T23:59:59
2032040,8,5661,0,455661010,0,2025-12-29T10:35:00,2026-01-07T23:59:59
2032040,9,5661,0,455661010,0,2025-12-29T10:35:00,2026-01-07T23:59:59
2032040,10,5661,0,455661009,0,2025-12-29T10:35:00,2026-01-07T23:59:59
2032050,0,5681,0,455681010,0,2026-03-27T10:35:00,2026-04-05T23:59:59
2032050,0,5701,0,455701015,0,2026-06-22T10:35:00,2026-07-01T23:59:59
2032050,1,5681,0,455681009,0,2026-03-27T10:35:00,2026-04-05T23:59:59
2032050,1,5701,0,455701014,0,2026-06-22T10:35:00,2026-07-01T23:59:59
2032050,2,5681,0,455681009,0,2026-03-27T10:35:00,2026-04-05T23:59:59
2032050,2,5701,0,455701014,0,2026-06-22T10:35:00,2026-07-01T23:59:59
2032050,3,5681,0,455681007,0,2026-03-27T10:35:00,2026-04-05T23:59:59
2032050,3,5701,0,455701013,0,2026-06-22T10:35:00,2026-07-01T23:59:59
2032050,4,5681,0,455681005,0,2026-03-27T10:35:00,2026-04-05T23:59:59
2032050,4,5701,0,455701012,0,2026-06-22T10:35:00,2026-07-01T23:59:59
2032050,5,5681,0,455681005,0,2026-03-27T10:35:00,2026-04-05T23:59:59
2032050,5,5701,0,455701012,0,2026-06-22T10:35:00,2026-07-01T23:59:59
2032050,6,5681,0,455681003,0,2026-03-27T10:35:00,2026-04-05T23:59:59
2032050,6,5701,0,455701011,0,2026-06-22T10:35:00,2026-07-01T23:59:59
2032050,7,5681,0,455681003,0,2026-03-27T10:35:00,2026-04-05T23:59:59
2032050,7,5701,0,455701011,0,2026-06-22T10:35:00,2026-07-01T23:59:59
2032050,8,5681,0,455681002,0,2026-03-27T10:35:00,2026-04-05T23:59:59
2032050,8,5701,0,455701010,0,2026-06-22T10:35:00,2026-07-01T23:59:59
2032050,9,5681,0,455681002,0,2026-03-27T10:35:00,2026-04-05T23:59:59
2032050,9,5701,0,455701010,0,2026-06-22T10:35:00,2026-07-01T23:59:59
2032050,10,5681,0,455681001,0,2026-03-27T10:35:00,2026-04-05T23:59:59
2032050,10,5701,0,455701009,0,2026-06-22T10:35:00,2026-07-01T23:59:59
2033010,0,5651,0,455651001,455651029,2025-11-10T10:35:00,2025-12-01T10:29:59
2033010,1,5651,0,455651002,455651030,2025-11-10T10:35:00,2025-12-01T10:29:59
2033010,2,5651,0,455651002,455651030,2025-11-10T10:35:00,2025-12-01T10:29:59
2033010,3,5651,0,455651003,455651013,2025-11-10T10:35:00,2025-12-01T10:29:59
2033010,4,5651,0,455651003,455651014,2025-11-10T10:35:00,2025-12-01T10:29:59
2033010,5,5651,0,455651004,455651014,2025-11-10T10:35:00,2025-12-01T10:29:59
2033010,6,5651,0,455651005,455651015,2025-11-10T10:35:00,2025-12-01T10:29:59
2033010,7,5651,0,455651005,455651015,2025-11-10T10:35:00,2025-12-01T10:29:59
2033010,8,5651,0,455651005,455651015,2025-11-10T10:35:00,2025-12-01T10:29:59
2033010,9,5651,0,455651005,455651015,2025-11-10T10:35:00,2025-12-01T10:29:59
2033010,10,5651,0,455651005,455651015,2025-11-10T10:35:00,2025-12-01T10:29:59
2040040,0,5661,0,455661024,0,2025-12-29T10:35:00,2026-01-07T23:59:59
2040040,1,5661,0,455661023,0,2025-12-29T10:35:00,2026-01-07T23:59:59
2040040,2,5661,0,455661023,0,2025-12-29T10:35:00,2026-01-07T23:59:59
2040040,3,5661,0,455661022,0,2025-12-29T10:35:00,2026-01-07T23:59:59
2040040,4,5661,0,455661021,0,2025-12-29T10:35:00,2026-01-07T23:59:59
2040040,5,5661,0,455661021,0,2025-12-29T10:35:00,2026-01-07T23:59:59
2040040,6,5661,0,455661020,0,2025-12-29T10:35:00,2026-01-07T23:59:59
2040040,7,5661,0,455661020,0,2025-12-29T10:35:00,2026-01-07T23:59:59
2040040,8,5661,0,455661019,0,2025-12-29T10:35:00,2026-01-07T23:59:59
2040040,9,5661,0,455661019,0,2025-12-29T10:35:00,2026-01-07T23:59:59
2040040,10,5661,0,455661018,0,2025-12-29T10:35:00,2026-01-07T23:59:59
2042020,0,5661,0,455661023,0,2025-12-29T10:35:00,2026-01-07T23:59:59
2042020,0,5681,0,455681024,0,2026-03-27T10:35:00,2026-04-05T23:59:59
2042020,0,5691,0,455691031,455691029,2026-04-24T10:35:00,2026-05-15T10:29:59
2042020,1,5661,0,455661022,0,2025-12-29T10:35:00,2026-01-07T23:59:59
2042020,1,5681,0,455681023,0,2026-03-27T10:35:00,2026-04-05T23:59:59
2042020,1,5691,0,455691032,455691030,2026-04-24T10:35:00,2026-05-15T10:29:59
2042020,2,5661,0,455661022,0,2025-12-29T10:35:00,2026-01-07T23:59:59
2042020,2,5681,0,455681023,0,2026-03-27T10:35:00,2026-04-05T23:59:59
2042020,2,5691,0,455691032,455691030,2026-04-24T10:35:00,2026-05-15T10:29:59
2042020,3,5661,0,455661021,0,2025-12-29T10:35:00,2026-01-07T23:59:59
2042020,3,5681,0,455681022,0,2026-03-27T10:35:00,2026-04-05T23:59:59
2042020,3,5691,0,455691033,455691013,2026-04-24T10:35:00,2026-05-15T10:29:59
2042020,4,5661,0,455661020,0,2025-12-29T10:35:00,2026-01-07T23:59:59
2042020,4,5681,0,455681021,0,2026-03-27T10:35:00,2026-04-05T23:59:59
2042020,4,5691,0,455691033,455691014,2026-04-24T10:35:00,2026-05-15T10:29:59
2042020,5,5661,0,455661020,0,2025-12-29T10:35:00,2026-01-07T23:59:59
2042020,5,5681,0,455681021,0,2026-03-27T10:35:00,2026-04-05T23:59:59
2042020,5,5691,0,455691034,455691014,2026-04-24T10:35:00,2026-05-15T10:29:59
2042020,6,5661,0,455661019,0,2025-12-29T10:35:00,2026-01-07T23:59:59
2042020,6,5681,0,455681020,0,2026-03-27T10:35:00,2026-04-05T23:59:59
2042020,6,5691,0,455691035,455691015,2026-04-24T10:35:00,2026-05-15T10:29:59
2042020,7,5661,0,455661019,0,2025-12-29T10:35:00,2026-01-07T23:59:59
2042020,7,5681,0,455681020,0,2026-03-27T10:35:00,2026-04-05T23:59:59
2042020,7,5691,0,455691035,455691015,2026-04-24T10:35:00,2026-05-15T10:29:59
2042020,8,5661,0,455661018,0,2025-12-29T10:35:00,2026-01-07T23:59:59
2042020,8,5681,0,455681019,0,2026-03-27T10:35:00,2026-04-05T23:59:59
2042020,8,5691,0,455691035,455691015,2026-04-24T10:35:00,2026-05-15T10:29:59
2042020,9,5661,0,455661018,0,2025-12-29T10:35:00,2026-01-07T23:59:59
2042020,9,5681,0,455681019,0,2026-03-27T10:35:00,2026-04-05T23:59:59
2042020,9,5691,0,455691035,455691015,2026-04-24T10:35:00,2026-05-15T10:29:59
2042020,10,5661,0,455661017,0,2025-12-29T10:35:00,2026-01-07T23:59:59
2042020,10,5681,0,455681018,0,2026-03-27T10:35:00,2026-04-05T23:59:59
2042020,10,5691,0,455691035,455691015,2026-04-24T10:35:00,2026-05-15T10:29:59
2044070,0,5651,0,455651001,455651029,2025-11-10T10:35:00,2025-12-01T10:29:59
2044070,1,5651,0,455651002,455651030,2025-11-10T10:35:00,2025-12-01T10:29:59
2044070,2,5651,0,455651002,455651030,2025-11-10T10:35:00,2025-12-01T10:29:59
2044070,3,5651,0,455651003,455651013,2025-11-10T10:35:00,2025-12-01T10:29:59
2044070,4,5651,0,455651003,455651014,2025-11-10T10:35:00,2025-12-01T10:29:59
2044070,5,5651,0,455651004,455651014,2025-11-10T10:35:00,2025-12-01T10:29:59
2044070,6,5651,0,455651005,455651015,2025-11-10T10:35:00,2025-12-01T10:29:59
2044070,7,5651,0,455651005,455651015,2025-11-10T10:35:00,2025-12-01T10:29:59
2044070,8,5651,0,455651005,455651015,2025-11-10T10:35:00,2025-12-01T10:29:59
2044070,9,5651,0,455651005,455651015,2025-11-10T10:35:00,2025-12-01T10:29:59
2044070,10,5651,0,455651005,455651015,2025-11-10T10:35:00,2025-12-01T10:29:59
2044080,0,5681,0,455681013,0,2026-03-27T10:35:00,2026-04-05T23:59:59
2044080,0,5701,0,455701015,0,2026-06-22T10:35:00,2026-07-01T23:59:59
2044080,1,5681,0,455681012,0,2026-03-27T10:35:00,2026-04-05T23:59:59
2044080,1,5701,0,455701014,0,2026-06-22T10:35:00,2026-07-01T23:59:59
2044080,2,5681,0,455681012,0,2026-03-27T10:35:00,2026-04-05T23:59:59
2044080,2,5701,0,455701014,0,2026-06-22T10:35:00,2026-07-01T23:59:59
2044080,3,5681,0,455681010,0,2026-03-27T10:35:00,2026-04-05T23:59:59
2044080,3,5701,0,455701013,0,2026-06-22T10:35:00,2026-07-01T23:59:59
2044080,4,5681,0,455681008,0,2026-03-27T10:35:00,2026-04-05T23:59:59
2044080,4,5701,0,455701012,0,2026-06-22T10:35:00,2026-07-01T23:59:59
2044080,5,5681,0,455681008,0,2026-03-27T10:35:00,2026-04-05T23:59:59
2044080,5,5701,0,455701012,0,2026-06-22T10:35:00,2026-07-01T23:59:59
2044080,6,5681,0,455681006,0,2026-03-27T10:35:00,2026-04-05T23:59:59
2044080,6,5701,0,455701011,0,2026-06-22T10:35:00,2026-07-01T23:59:59
2044080,7,5681,0,455681006,0,2026-03-27T10:35:00,2026-04-05T23:59:59
2044080,7,5701,0,455701011,0,2026-06-22T10:35:00,2026-07-01T23:59:59
2044080,8,5681,0,455681004,0,2026-03-27T10:35:00,2026-04-05T23:59:59
2044080,8,5701,0,455701010,0,2026-06-22T10:35:00,2026-07-01T23:59:59
2044080,9,5681,0,455681004,0,2026-03-27T10:35:00,2026-04-05T23:59:59
2044080,9,5701,0,455701010,0,2026-06-22T10:35:00,2026-07-01T23:59:59
2044080,10,5681,0,455681003,0,2026-03-27T10:35:00,2026-04-05T23:59:59
2044080,10,5701,0,455701009,0,2026-06-22T10:35:00,2026-07-01T23:59:59
2051010,0,5701,0,455701016,0,2026-06-22T10:35:00,2026-07-01T23:59:59
2051010,0,5711,0,455711001,455711029,2026-07-14T10:35:00,2026-08-06T10:29:59
2051010,1,5701,0,455701015,0,2026-06-22T10:35:00,2026-07-01T23:59:59
2051010,1,5711,0,455711002,455711030,2026-07-14T10:35:00,2026-08-06T10:29:59
2051010,2,5701,0,455701015,0,2026-06-22T10:35:00,2026-07-01T23:59:59
2051010,2,5711,0,455711002,455711030,2026-07-14T10:35:00,2026-08-06T10:29:59
2051010,3,5701,0,455701014,0,2026-06-22T10:35:00,2026-07-01T23:59:59
2051010,3,5711,0,455711003,455711013,2026-07-14T10:35:00,2026-08-06T10:29:59
2051010,4,5701,0,455701013,0,2026-06-22T10:35:00,2026-07-01T23:59:59
2051010,4,5711,0,455711003,455711014,2026-07-14T10:35:00,2026-08-06T10:29:59
2051010,5,5701,0,455701013,0,2026-06-22T10:35:00,2026-07-01T23:59:59
2051010,5,5711,0,455711004,455711014,2026-07-14T10:35:00,2026-08-06T10:29:59
2051010,6,5701,0,455701012,0,2026-06-22T10:35:00,2026-07-01T23:59:59
2051010,6,5711,0,455711005,455711015,2026-07-14T10:35:00,2026-08-06T10:29:59
2051010,7,5701,0,455701012,0,2026-06-22T10:35:00,2026-07-01T23:59:59
2051010,7,5711,0,455711005,455711015,2026-07-14T10:35:00,2026-08-06T10:29:59
2051010,8,5701,0,455701011,0,2026-06-22T10:35:00,2026-07-01T23:59:59
2051010,8,5711,0,455711005,455711015,2026-07-14T10:35:00,2026-08-06T10:29:59
2051010,9,5701,0,455701011,0,2026-06-22T10:35:00,2026-07-01T23:59:59
2051010,9,5711,0,455711005,455711015,2026-07-14T10:35:00,2026-08-06T10:29:59
2051010,10,5701,0,455701010,0,2026-06-22T10:35:00,2026-07-01T23:59:59
2051010,10,5711,0,455711005,455711015,2026-07-14T10:35:00,2026-08-06T10:29:59
2064010,0,5671,0,455671001,455671029,2026-02-10T10:35:00,2026-02-27T10:29:59
2064010,0,5681,0,455681016,0,2026-03-27T10:35:00,2026-04-05T23:59:59
2064010,0,5701,0,455701013,0,2026-06-22T10:35:00,2026-07-01T23:59:59
2064010,1,5671,0,455671002,455671030,2026-02-10T10:35:00,2026-02-27T10:29:59
2064010,1,5681,0,455681015,0,2026-03-27T10:35:00,2026-04-05T23:59:59
2064010,1,5701,0,455701012,0,2026-06-22T10:35:00,2026-07-01T23:59:59
2064010,2,5671,0,455671002,455671030,2026-02-10T10:35:00,2026-02-27T10:29:59
2064010,2,5681,0,455681015,0,2026-03-27T10:35:00,2026-04-05T23:59:59
2064010,2,5701,0,455701012,0,2026-06-22T10:35:00,2026-07-01T23:59:59
2064010,3,5671,0,455671003,455671013,2026-02-10T10:35:00,2026-02-27T10:29:59
2064010,3,5681,0,455681014,0,2026-03-27T10:35:00,2026-04-05T23:59:59
2064010,3,5701,0,455701010,0,2026-06-22T10:35:00,2026-07-01T23:59:59
2064010,4,5671,0,455671003,455671014,2026-02-10T10:35:00,2026-02-27T10:29:59
2064010,4,5681,0,455681013,0,2026-03-27T10:35:00,2026-04-05T23:59:59
2064010,4,5701,0,455701008,0,2026-06-22T10:35:00,2026-07-01T23:59:59
2064010,5,5671,0,455671004,455671014,2026-02-10T10:35:00,2026-02-27T10:29:59
2064010,5,5681,0,455681013,0,2026-03-27T10:35:00,2026-04-05T23:59:59
2064010,5,5701,0,455701008,0,2026-06-22T10:35:00,2026-07-01T23:59:59
2064010,6,5671,0,455671005,455671015,2026-02-10T10:35:00,2026-02-27T10:29:59
2064010,6,5681,0,455681012,0,2026-03-27T10:35:00,2026-04-05T23:59:59
2064010,6,5701,0,455701006,0,2026-06-22T10:35:00,2026-07-01T23:59:59
2064010,7,5671,0,455671005,455671015,2026-02-10T10:35:00,2026-02-27T10:29:59
2064010,7,5681,0,455681012,0,2026-03-27T10:35:00,2026-04-05T23:59:59
2064010,7,5701,0,455701006,0,2026-06-22T10:35:00,2026-07-01T23:59:59
2064010,8,5671,0,455671005,455671015,2026-02-10T10:35:00,2026-02-27T10:29:59
2064010,8,5681,0,455681011,0,2026-03-27T10:35:00,2026-04-05T23:59:59
2064010,8,5701,0,455701004,0,2026-06-22T10:35:00,2026-07-01T23:59:59
2064010,9,5671,0,455671005,455671015,2026-02-10T10:35:00,2026-02-27T10:29:59
2064010,9,5681,0,455681011,0,2026-03-27T10:35:00,2026-04-05T23:59:59
2064010,9,5701,0,455701004,0,2026-06-22T10:35:00,2026-07-01T23:59:59
2064010,10,5671,0,455671005,455671015,2026-02-10T10:35:00,2026-02-27T10:29:59
2064010,10,5681,0,455681010,0,2026-03-27T10:35:00,2026-04-05T23:59:59
2064010,10,5701,0,455701003,0,2026-06-22T10:35:00,2026-07-01T23:59:59
2082050,0,5681,0,455681016,0,2026-03-27T10:35:00,2026-04-05T23:59:59
2082050,1,5681,0,455681015,0,2026-03-27T10:35:00,2026-04-05T23:59:59
2082050,2,5681,0,455681015,0,2026-03-27T10:35:00,2026-04-05T23:59:59
2082050,3,5681,0,455681014,0,2026-03-27T10:35:00,2026-04-05T23:59:59
2082050,4,5681,0,455681013,0,2026-03-27T10:35:00,2026-04-05T23:59:59
2082050,5,5681,0,455681013,0,2026-03-27T10:35:00,2026-04-05T23:59:59
2082050,6,5681,0,455681012,0,2026-03-27T10:35:00,2026-04-05T23:59:59
2082050,7,5681,0,455681012,0,2026-03-27T10:35:00,2026-04-05T23:59:59
2082050,8,5681,0,455681011,0,2026-03-27T10:35:00,2026-04-05T23:59:59
2082050,9,5681,0,455681011,0,2026-03-27T10:35:00,2026-04-05T23:59:59
2082050,10,5681,0,455681010,0,2026-03-27T10:35:00,2026-04-05T23:59:59
2085030,0,5661,0,455661015,0,2025-12-29T10:35:00,2026-01-07T23:59:59
2085030,0,5701,0,455701016,0,2026-06-22T10:35:00,2026-07-01T23:59:59
2085030,1,5661,0,455661014,0,2025-12-29T10:35:00,2026-01-07T23:59:59
2085030,1,5701,0,455701015,0,2026-06-22T10:35:00,2026-07-01T23:59:59
2085030,2,5661,0,455661014,0,2025-12-29T10:35:00,2026-01-07T23:59:59
2085030,2,5701,0,455701015,0,2026-06-22T10:35:00,2026-07-01T23:59:59
2085030,3,5661,0,455661013,0,2025-12-29T10:35:00,2026-01-07T23:59:59
2085030,3,5701,0,455701014,0,2026-06-22T10:35:00,2026-07-01T23:59:59
2085030,4,5661,0,455661012,0,2025-12-29T10:35:00,2026-01-07T23:59:59
2085030,4,5701,0,455701013,0,2026-06-22T10:35:00,2026-07-01T23:59:59
2085030,5,5661,0,455661012,0,2025-12-29T10:35:00,2026-01-07T23:59:59
2085030,5,5701,0,455701013,0,2026-06-22T10:35:00,2026-07-01T23:59:59
2085030,6,5661,0,455661011,0,2025-12-29T10:35:00,2026-01-07T23:59:59
2085030,6,5701,0,455701012,0,2026-06-22T10:35:00,2026-07-01T23:59:59
2085030,7,5661,0,455661011,0,2025-12-29T10:35:00,2026-01-07T23:59:59
2085030,7,5701,0,455701012,0,2026-06-22T10:35:00,2026-07-01T23:59:59
2085030,8,5661,0,455661010,0,2025-12-29T10:35:00,2026-01-07T23:59:59
2085030,8,5701,0,455701011,0,2026-06-22T10:35:00,2026-07-01T23:59:59
2085030,9,5661,0,455661010,0,2025-12-29T10:35:00,2026-01-07T23:59:59
2085030,9,5701,0,455701011,0,2026-06-22T10:35:00,2026-07-01T23:59:59
2085030,10,5661,0,455661009,0,2025-12-29T10:35:00,2026-01-07T23:59:59
2085030,10,5701,0,455701010,0,2026-06-22T10:35:00,2026-07-01T23:59:59
2086050,0,5671,0,455671001,455671029,2026-02-10T10:35:00,2026-02-27T10:29:59
2086050,1,5671,0,455671002,455671030,2026-02-10T10:35:00,2026-02-27T10:29:59
2086050,2,5671,0,455671002,455671030,2026-02-10T10:35:00,2026-02-27T10:29:59
2086050,3,5671,0,455671003,455671013,2026-02-10T10:35:00,2026-02-27T10:29:59
2086050,4,5671,0,455671003,455671014,2026-02-10T10:35:00,2026-02-27T10:29:59
2086050,5,5671,0,455671004,455671014,2026-02-10T10:35:00,2026-02-27T10:29:59
2086050,6,5671,0,455671005,455671015,2026-02-10T10:35:00,2026-02-27T10:29:59
2086050,7,5671,0,455671005,455671015,2026-02-10T10:35:00,2026-02-27T10:29:59
2086050,8,5671,0,455671005,455671015,2026-02-10T10:35:00,2026-02-27T10:29:59
2086050,9,5671,0,455671005,455671015,2026-02-10T10:35:00,2026-02-27T10:29:59
2086050,10,5671,0,455671005,455671015,2026-02-10T10:35:00,2026-02-27T10:29:59
2086060,0,5661,0,455661015,0,2025-12-29T10:35:00,2026-01-07T23:59:59
2086060,0,5681,0,455681016,0,2026-03-27T10:35:00,2026-04-05T23:59:59
2086060,1,5661,0,455661014,0,2025-12-29T10:35:00,2026-01-07T23:59:59
2086060,1,5681,0,455681015,0,2026-03-27T10:35:00,2026-04-05T23:59:59
2086060,2,5661,0,455661014,0,2025-12-29T10:35:00,2026-01-07T23:59:59
2086060,2,5681,0,455681015,0,2026-03-27T10:35:00,2026-04-05T23:59:59
2086060,3,5661,0,455661013,0,2025-12-29T10:35:00,2026-01-07T23:59:59
2086060,3,5681,0,455681014,0,2026-03-27T10:35:00,2026-04-05T23:59:59
2086060,4,5661,0,455661012,0,2025-12-29T10:35:00,2026-01-07T23:59:59
2086060,4,5681,0,455681013,0,2026-03-27T10:35:00,2026-04-05T23:59:59
2086060,5,5661,0,455661012,0,2025-12-29T10:35:00,2026-01-07T23:59:59
2086060,5,5681,0,455681013,0,2026-03-27T10:35:00,2026-04-05T23:59:59
2086060,6,5661,0,455661011,0,2025-12-29T10:35:00,2026-01-07T23:59:59
2086060,6,5681,0,455681012,0,2026-03-27T10:35:00,2026-04-05T23:59:59
2086060,7,5661,0,455661011,0,2025-12-29T10:35:00,2026-01-07T23:59:59
2086060,7,5681,0,455681012,0,2026-03-27T10:35:00,2026-04-05T23:59:59
2086060,8,5661,0,455661010,0,2025-12-29T10:35:00,2026-01-07T23:59:59
2086060,8,5681,0,455681011,0,2026-03-27T10:35:00,2026-04-05T23:59:59
2086060,9,5661,0,455661010,0,2025-12-29T10:35:00,2026-01-07T23:59:59
2086060,9,5681,0,455681011,0,2026-03-27T10:35:00,2026-04-05T23:59:59
2086060,10,5661,0,455661009,0,2025-12-29T10:35:00,2026-01-07T23:59:59
2086060,10,5681,0,455681010,0,2026-03-27T10:35:00,2026-04-05T23:59:59
2086080,0,5701,0,455701015,0,2026-06-22T10:35:00,2026-07-01T23:59:59
2086080,0,5711,0,455711001,455711029,2026-07-14T10:35:00,2026-08-06T10:29:59
2086080,1,5701,0,455701014,0,2026-06-22T10:35:00,2026-07-01T23:59:59
2086080,1,5711,0,455711002,455711030,2026-07-14T10:35:00,2026-08-06T10:29:59
2086080,2,5701,0,455701014,0,2026-06-22T10:35:00,2026-07-01T23:59:59
2086080,2,5711,0,455711002,455711030,2026-07-14T10:35:00,2026-08-06T10:29:59
2086080,3,5701,0,455701013,0,2026-06-22T10:35:00,2026-07-01T23:59:59
2086080,3,5711,0,455711003,455711013,2026-07-14T10:35:00,2026-08-06T10:29:59
2086080,4,5701,0,455701012,0,2026-06-22T10:35:00,2026-07-01T23:59:59
2086080,4,5711,0,455711003,455711014,2026-07-14T10:35:00,2026-08-06T10:29:59
2086080,5,5701,0,455701012,0,2026-06-22T10:35:00,2026-07-01T23:59:59
2086080,5,5711,0,455711004,455711014,2026-07-14T10:35:00,2026-08-06T10:29:59
2086080,6,5701,0,455701011,0,2026-06-22T10:35:00,2026-07-01T23:59:59
2086080,6,5711,0,455711005,455711015,2026-07-14T10:35:00,2026-08-06T10:29:59
2086080,7,5701,0,455701011,0,2026-06-22T10:35:00,2026-07-01T23:59:59
2086080,7,5711,0,455711005,455711015,2026-07-14T10:35:00,2026-08-06T10:29:59
2086080,8,5701,0,455701010,0,2026-06-22T10:35:00,2026-07-01T23:59:59
2086080,8,5711,0,455711005,455711015,2026-07-14T10:35:00,2026-08-06T10:29:59
2086080,9,5701,0,455701010,0,2026-06-22T10:35:00,2026-07-01T23:59:59
2086080,9,5711,0,455711005,455711015,2026-07-14T10:35:00,2026-08-06T10:29:59
2086080,10,5701,0,455701009,0,2026-06-22T10:35:00,2026-07-01T23:59:59
2086080,10,5711,0,455711005,455711015,2026-07-14T10:35:00,2026-08-06T10:29:59
2101010,0,5671,0,455671031,455671029,2026-02-10T10:35:00,2026-02-27T10:29:59
2101010,0,5681,0,455681024,0,2026-03-27T10:35:00,2026-04-05T23:59:59
2101010,0,5701,0,455701024,0,2026-06-22T10:35:00,2026-07-01T23:59:59
2101010,1,5671,0,455671032,455671030,2026-02-10T10:35:00,2026-02-27T10:29:59
2101010,1,5681,0,455681023,0,2026-03-27T10:35:00,2026-04-05T23:59:59
2101010,1,5701,0,455701023,0,2026-06-22T10:35:00,2026-07-01T23:59:59
2101010,2,5671,0,455671032,455671030,2026-02-10T10:35:00,2026-02-27T10:29:59
2101010,2,5681,0,455681023,0,2026-03-27T10:35:00,2026-04-05T23:59:59
2101010,2,5701,0,455701023,0,2026-06-22T10:35:00,2026-07-01T23:59:59
2101010,3,5671,0,455671033,455671013,2026-02-10T10:35:00,2026-02-27T10:29:59
2101010,3,5681,0,455681022,0,2026-03-27T10:35:00,2026-04-05T23:59:59
2101010,3,5701,0,455701022,0,2026-06-22T10:35:00,2026-07-01T23:59:59
2101010,4,5671,0,455671033,455671014,2026-02-10T10:35:00,2026-02-27T10:29:59
2101010,4,5681,0,455681021,0,2026-03-27T10:35:00,2026-04-05T23:59:59
2101010,4,5701,0,455701021,0,2026-06-22T10:35:00,2026-07-01T23:59:59
2101010,5,5671,0,455671034,455671014,2026-02-10T10:35:00,2026-02-27T10:29:59
2101010,5,5681,0,455681021,0,2026-03-27T10:35:00,2026-04-05T23:59:59
2101010,5,5701,0,455701021,0,2026-06-22T10:35:00,2026-07-01T23:59:59
2101010,6,5671,0,455671035,455671015,2026-02-10T10:35:00,2026-02-27T10:29:59
2101010,6,5681,0,455681020,0,2026-03-27T10:35:00,2026-04-05T23:59:59
2101010,6,5701,0,455701020,0,2026-06-22T10:35:00,2026-07-01T23:59:59
2101010,7,5671,0,455671035,455671015,2026-02-10T10:35:00,2026-02-27T10:29:59
2101010,7,5681,0,455681020,0,2026-03-27T10:35:00,2026-04-05T23:59:59
2101010,7,5701,0,455701020,0,2026-06-22T10:35:00,2026-07-01T23:59:59
2101010,8,5671,0,455671035,455671015,2026-02-10T10:35:00,2026-02-27T10:29:59
2101010,8,5681,0,455681019,0,2026-03-27T10:35:00,2026-04-05T23:59:59
2101010,8,5701,0,455701019,0,2026-06-22T10:35:00,2026-07-01T23:59:59
2101010,9,5671,0,455671035,455671015,2026-02-10T10:35:00,2026-02-27T10:29:59
2101010,9,5681,0,455681019,0,2026-03-27T10:35:00,2026-04-05T23:59:59
2101010,9,5701,0,455701019,0,2026-06-22T10:35:00,2026-07-01T23:59:59
2101010,10,5671,0,455671035,455671015,2026-02-10T10:35:00,2026-02-27T10:29:59
2101010,10,5681,0,455681018,0,2026-03-27T10:35:00,2026-04-05T23:59:59
2101010,10,5701,0,455701018,0,2026-06-22T10:35:00,2026-07-01T23:59:59
2108010,0,5661,0,455661013,0,2025-12-29T10:35:00,2026-01-07T23:59:59
2108010,0,5681,0,455681016,0,2026-03-27T10:35:00,2026-04-05T23:59:59
2108010,0,5701,0,455701016,0,2026-06-22T10:35:00,2026-07-01T23:59:59
2108010,1,5661,0,455661012,0,2025-12-29T10:35:00,2026-01-07T23:59:59
2108010,1,5681,0,455681015,0,2026-03-27T10:35:00,2026-04-05T23:59:59
2108010,1,5701,0,455701015,0,2026-06-22T10:35:00,2026-07-01T23:59:59
2108010,2,5661,0,455661012,0,2025-12-29T10:35:00,2026-01-07T23:59:59
2108010,2,5681,0,455681015,0,2026-03-27T10:35:00,2026-04-05T23:59:59
2108010,2,5701,0,455701015,0,2026-06-22T10:35:00,2026-07-01T23:59:59
2108010,3,5661,0,455661010,0,2025-12-29T10:35:00,2026-01-07T23:59:59
2108010,3,5681,0,455681014,0,2026-03-27T10:35:00,2026-04-05T23:59:59
2108010,3,5701,0,455701014,0,2026-06-22T10:35:00,2026-07-01T23:59:59
2108010,4,5661,0,455661008,0,2025-12-29T10:35:00,2026-01-07T23:59:59
2108010,4,5681,0,455681013,0,2026-03-27T10:35:00,2026-04-05T23:59:59
2108010,4,5701,0,455701013,0,2026-06-22T10:35:00,2026-07-01T23:59:59
2108010,5,5661,0,455661008,0,2025-12-29T10:35:00,2026-01-07T23:59:59
2108010,5,5681,0,455681013,0,2026-03-27T10:35:00,2026-04-05T23:59:59
2108010,5,5701,0,455701013,0,2026-06-22T10:35:00,2026-07-01T23:59:59
2108010,6,5661,0,455661006,0,2025-12-29T10:35:00,2026-01-07T23:59:59
2108010,6,5681,0,455681012,0,2026-03-27T10:35:00,2026-04-05T23:59:59
2108010,6,5701,0,455701012,0,2026-06-22T10:35:00,2026-07-01T23:59:59
2108010,7,5661,0,455661006,0,2025-12-29T10:35:00,2026-01-07T23:59:59
2108010,7,5681,0,455681012,0,2026-03-27T10:35:00,2026-04-05T23:59:59
2108010,7,5701,0,455701012,0,2026-06-22T10:35:00,2026-07-01T23:59:59
2108010,8,5661,0,455661004,0,2025-12-29T10:35:00,2026-01-07T23:59:59
2108010,8,5681,0,455681011,0,2026-03-27T10:35:00,2026-04-05T23:59:59
2108010,8,5701,0,455701011,0,2026-06-22T10:35:00,2026-07-01T23:59:59
2108010,9,5661,0,455661004,0,2025-12-29T10:35:00,2026-01-07T23:59:59
2108010,9,5681,0,455681011,0,2026-03-27T10:35:00,2026-04-05T23:59:59
2108010,9,5701,0,455701011,0,2026-06-22T10:35:00,2026-07-01T23:59:59
2108010,10,5661,0,455661003,0,2025-12-29T10:35:00,2026-01-07T23:59:59
2108010,10,5681,0,455681010,0,2026-03-27T10:35:00,2026-04-05T23:59:59
2108010,10,5701,0,455701010,0,2026-06-22T10:35:00,2026-07-01T23:59:59
