equipment_id,rarity,limit_break,passive_skill_id_1,passive_skill_id_2,passive_skill_id_3
1001010,5,0,2010010,0,0
1001010,6,0,2010010,0,0
1001010,6,1,2010012,0,0
1001010,6,2,2010012,0,0
1001010,6,3,2010014,0,0
1001010,6,4,2010014,0,0
1001010,6,5,2010016,0,0
1001010,7,5,2010016,0,0
1001010,7,6,2010016,0,0
1001010,7,7,2010016,0,0
1001010,7,8,2010016,0,0
1001010,7,9,2010016,0,0
1001010,7,10,2010016,0,0
1001020,5,0,2010020,0,0
1001020,6,0,2010020,0,0
1001020,6,1,2010022,0,0
1001020,6,2,2010022,0,0
1001020,6,3,2010024,0,0
1001020,6,4,2010024,0,0
1001020,6,5,2010026,0,0
1001020,7,5,2010026,0,0
1001020,7,6,2010026,0,0
1001020,7,7,2010026,0,0
1001020,7,8,2010026,0,0
1001020,7,9,2010026,0,0
1001020,7,10,2010026,0,0
1001050,5,0,2010340,0,0
1001050,6,0,2010340,0,0
1001050,6,1,2010342,0,0
1001050,6,2,2010342,0,0
1001050,6,3,2010344,0,0
1001050,6,4,2010344,0,0
1001050,6,5,2010346,0,0
1001050,7,5,2010346,0,0
1001050,7,6,2010346,0,0
1001050,7,7,2010346,0,0
1001050,7,8,2010346,0,0
1001050,7,9,2010346,0,0
1001050,7,10,2010346,0,0
1001060,5,0,2010370,0,0
1001060,6,0,2010370,0,0
1001060,6,1,2010372,0,0
1001060,6,2,2010372,0,0
1001060,6,3,2010374,0,0
1001060,6,4,2010374,0,0
1001060,6,5,2010376,0,0
1001060,7,5,2010376,0,0
1001060,7,6,2010376,0,0
1001060,7,7,2010376,0,0
1001060,7,8,2010376,0,0
1001060,7,9,2010376,0,0
1001060,7,10,2010376,0,0
1001070,5,0,2010440,0,0
1001070,6,0,2010440,0,0
1001070,6,1,2010442,0,0
1001070,6,2,2010442,0,0
1001070,6,3,2010444,0,0
1001070,6,4,2010444,0,0
1001070,6,5,2010446,0,0
1001070,7,5,2010446,0,0
1001070,7,6,2010446,0,0
1001070,7,7,2010446,0,0
1001070,7,8,2010446,0,0
1001070,7,9,2010446,0,0
1001070,7,10,2010446,0,0
1001080,5,0,2010580,0,0
1001080,6,0,2010580,0,0
1001080,6,1,2010582,0,0
1001080,6,2,2010582,0,0
1001080,6,3,2010584,0,0
1001080,6,4,2010584,0,0
1001080,6,5,2010586,0,0
1001080,7,5,2010586,0,0
1001080,7,6,2010586,0,0
1001080,7,7,2010586,0,0
1001080,7,8,2010586,0,0
1001080,7,9,2010586,0,0
1001080,7,10,2010586,0,0
1001090,5,0,2010660,0,0
1001090,6,0,2010660,0,0
1001090,6,1,2010662,0,0
1001090,6,2,2010662,0,0
1001090,6,3,2010664,0,0
1001090,6,4,2010664,0,0
1001090,6,5,2010666,0,0
1001090,7,5,2010666,0,0
1001090,7,6,2010666,0,0
1001090,7,7,2010666,0,0
1001090,7,8,2010666,0,0
1001090,7,9,2010666,0,0
1001090,7,10,2010666,0,0
1001100,5,0,2010710,0,0
1001100,6,0,2010710,0,0
1001100,6,1,2010712,0,0
1001100,6,2,2010712,0,0
1001100,6,3,2010714,0,0
1001100,6,4,2010714,0,0
1001100,6,5,2010716,0,0
1001100,7,5,2010716,0,0
1001100,7,6,2010716,0,0
1001100,7,7,2010716,0,0
1001100,7,8,2010716,0,0
1001100,7,9,2010716,0,0
1001100,7,10,2010716,0,0
1001110,5,0,2010750,0,0
1001110,6,0,2010750,0,0
1001110,6,1,2010752,0,0
1001110,6,2,2010752,0,0
1001110,6,3,2010754,0,0
1001110,6,4,2010754,0,0
1001110,6,5,2010756,0,0
1001110,7,5,2010756,0,0
1001110,7,6,2010756,0,0
1001110,7,7,2010756,0,0
1001110,7,8,2010756,0,0
1001110,7,9,2010756,0,0
1001110,7,10,2010756,0,0
1001120,5,0,2010890,0,0
1001120,6,0,2010890,0,0
1001120,6,1,2010892,0,0
1001120,6,2,2010892,0,0
1001120,6,3,2010894,0,0
1001120,6,4,2010894,0,0
1001120,6,5,2010896,0,0
1001120,7,5,2010896,0,0
1001120,7,6,2010896,0,0
1001120,7,7,2010896,0,0
1001120,7,8,2010896,0,0
1001120,7,9,2010896,0,0
1001120,7,10,2010896,0,0
1001130,5,0,2010910,0,0
1001130,6,0,2010910,0,0
1001130,6,1,2010912,0,0
1001130,6,2,2010912,0,0
1001130,6,3,2010914,0,0
1001130,6,4,2010914,0,0
1001130,6,5,2010916,0,0
1001130,7,5,2010916,0,0
1001130,7,6,2010916,0,0
1001130,7,7,2010916,0,0
1001130,7,8,2010916,0,0
1001130,7,9,2010916,0,0
1001130,7,10,2010916,0,0
1001140,5,0,2011030,0,0
1001140,6,0,2011030,0,0
1001140,6,1,2011032,0,0
1001140,6,2,2011032,0,0
1001140,6,3,2011034,0,0
1001140,6,4,2011034,0,0
1001140,6,5,2011036,0,0
1001140,7,5,2011036,0,0
1001140,7,6,2011036,0,0
1001140,7,7,2011036,0,0
1001140,7,8,2011036,0,0
1001140,7,9,2011036,0,0
1001140,7,10,2011036,0,0
1001150,5,0,2011100,0,0
1001150,6,0,2011100,0,0
1001150,6,1,2011102,0,0
1001150,6,2,2011102,0,0
1001150,6,3,2011104,0,0
1001150,6,4,2011104,0,0
1001150,6,5,2011106,0,0
1001150,7,5,2011106,0,0
1001150,7,6,2011106,0,0
1001150,7,7,2011106,0,0
1001150,7,8,2011106,0,0
1001150,7,9,2011106,0,0
1001150,7,10,2011106,0,0
1001160,5,0,2011160,0,0
1001160,6,0,2011160,0,0
1001160,6,1,2011162,0,0
1001160,6,2,2011162,0,0
1001160,6,3,2011164,0,0
1001160,6,4,2011164,0,0
1001160,6,5,2011166,0,0
1001160,7,5,2011166,0,0
1001160,7,6,2011166,0,0
1001160,7,7,2011166,0,0
1001160,7,8,2011166,0,0
1001160,7,9,2011166,0,0
1001160,7,10,2011166,0,0
1001170,5,0,2011220,0,0
1001170,6,0,2011220,0,0
1001170,6,1,2011222,0,0
1001170,6,2,2011222,0,0
1001170,6,3,2011224,0,0
1001170,6,4,2011224,0,0
1001170,6,5,2011226,0,0
1001170,7,5,2011226,0,0
1001170,7,6,2011226,0,0
1001170,7,7,2011226,0,0
1001170,7,8,2011226,0,0
1001170,7,9,2011226,0,0
1001170,7,10,2011226,0,0
1001180,5,0,2011350,0,0
1001180,6,0,2011350,0,0
1001180,6,1,2011352,0,0
1001180,6,2,2011352,0,0
1001180,6,3,2011354,0,0
1001180,6,4,2011354,0,0
1001180,6,5,2011356,0,0
1001180,7,5,2011354,0,0
1001180,7,6,2011354,0,0
1001180,7,7,2011354,0,0
1001180,7,8,2011354,0,0
1001180,7,9,2011354,0,0
1001180,7,10,2011354,0,0
1001190,5,0,2011390,0,0
1001190,6,0,2011390,0,0
1001190,6,1,2011392,0,0
1001190,6,2,2011392,0,0
1001190,6,3,2011394,0,0
1001190,6,4,2011394,0,0
1001190,6,5,2011396,0,0
1001190,7,5,2011396,0,0
1001190,7,6,2011396,0,0
1001190,7,7,2011396,0,0
1001190,7,8,2011396,0,0
1001190,7,9,2011396,0,0
1001190,7,10,2011396,0,0
1001200,5,0,2011490,0,0
1001200,6,0,2011490,0,0
1001200,6,1,2011492,0,0
1001200,6,2,2011492,0,0
1001200,6,3,2011494,0,0
1001200,6,4,2011494,0,0
1001200,6,5,2011496,0,0
1001200,7,5,2011496,0,0
1001200,7,6,2011496,0,0
1001200,7,7,2011496,0,0
1001200,7,8,2011496,0,0
1001200,7,9,2011496,0,0
1001200,7,10,2011496,0,0
1001210,5,0,2011610,0,0
1001210,6,0,2011610,2011611,0
1001210,6,1,2011612,2011611,0
1001210,6,2,2011612,2011613,0
1001210,6,3,2011614,2011613,0
1001210,6,4,2011614,2011615,0
1001210,6,5,2011616,2011615,0
1001210,7,5,2011616,2011615,0
1001210,7,6,2011616,2011615,0
1001210,7,7,2011616,2011615,0
1001210,7,8,2011616,2011615,0
1001210,7,9,2011616,2011615,0
1001210,7,10,2011616,2011615,0
1001220,5,0,2011720,0,0
1001220,6,0,2011720,2011721,0
1001220,6,1,2011722,2011721,0
1001220,6,2,2011722,2011723,0
1001220,6,3,2011724,2011723,0
1001220,6,4,2011724,2011725,0
1001220,6,5,2011726,2011725,0
1001220,7,5,2011726,2011725,0
1001220,7,6,2011726,2011725,0
1001220,7,7,2011726,2011725,0
1001220,7,8,2011726,2011725,0
1001220,7,9,2011726,2011725,0
1001220,7,10,2011726,2011725,0
1001230,5,0,2011820,0,0
1001230,6,0,2011820,0,0
1001230,6,1,2011822,0,0
1001230,6,2,2011822,0,0
1001230,6,3,2011824,0,0
1001230,6,4,2011824,0,0
1001230,6,5,2011826,0,0
1001230,7,5,2011826,0,0
1001230,7,6,2011826,0,0
1001230,7,7,2011826,0,0
1001230,7,8,2011826,0,0
1001230,7,9,2011826,0,0
1001230,7,10,2011826,0,0
1001240,5,0,2011850,0,0
1001240,6,0,2011850,2011851,0
1001240,6,1,2011852,2011851,0
1001240,6,2,2011852,2011853,0
1001240,6,3,2011854,2011853,0
1001240,6,4,2011854,2011855,0
1001240,6,5,2011856,2011855,0
1001240,7,5,2011856,2011855,0
1001240,7,6,2011856,2011855,0
1001240,7,7,2011856,2011855,0
1001240,7,8,2011856,2011855,0
1001240,7,9,2011856,2011855,0
1001240,7,10,2011856,2011855,0
1001250,5,0,2011970,0,0
1001250,6,0,2011970,2011971,0
1001250,6,1,2011972,2011971,0
1001250,6,2,2011972,2011973,0
1001250,6,3,2011974,2011973,0
1001250,6,4,2011974,2011975,0
1001250,6,5,2011976,2011975,0
1001250,7,5,2011976,2011975,0
1001250,7,6,2011976,2011975,0
1001250,7,7,2011976,2011975,0
1001250,7,8,2011976,2011975,0
1001250,7,9,2011976,2011975,0
1001250,7,10,2011976,2011975,0
1001260,5,0,2012080,0,0
1001260,6,0,2012080,0,0
1001260,6,1,2012082,0,0
1001260,6,2,2012082,0,0
1001260,6,3,2012084,0,0
1001260,6,4,2012084,0,0
1001260,6,5,2012086,0,0
1001260,7,5,2012086,0,0
1001260,7,6,2012086,0,0
1001260,7,7,2012086,0,0
1001260,7,8,2012086,0,0
1001260,7,9,2012086,0,0
1001260,7,10,2012086,0,0
1001270,5,0,2012200,0,0
1001270,6,0,2012200,2012201,0
1001270,6,1,2012202,2012201,0
1001270,6,2,2012202,2012203,0
1001270,6,3,2012204,2012203,0
1001270,6,4,2012204,2012205,0
1001270,6,5,2012206,2012205,0
1001270,7,5,2012206,2012205,0
1001270,7,6,2012206,2012205,0
1001270,7,7,2012206,2012205,0
1001270,7,8,2012206,2012205,0
1001270,7,9,2012206,2012205,0
1001270,7,10,2012206,2012205,0
1001280,5,0,2012320,0,0
1001280,6,0,2012320,2012321,0
1001280,6,1,2012322,2012321,0
1001280,6,2,2012322,2012323,0
1001280,6,3,2012324,2012323,0
1001280,6,4,2012324,2012325,0
1001280,6,5,2012326,2012325,0
1001280,7,5,2012326,2012325,0
1001280,7,6,2012326,2012325,0
1001280,7,7,2012326,2012325,0
1001280,7,8,2012326,2012325,0
1001280,7,9,2012326,2012325,0
1001280,7,10,2012326,2012325,0
1001990,5,0,2010010,0,0
1001990,6,0,2010010,0,0
1001990,6,1,2010012,0,0
1001990,6,2,2010012,0,0
1001990,6,3,2010014,0,0
1001990,6,4,2010014,0,0
1001990,6,5,2010016,0,0
1002010,5,0,2010040,0,0
1002010,6,0,2010040,0,0
1002010,6,1,2010042,0,0
1002010,6,2,2010042,0,0
1002010,6,3,2010044,0,0
1002010,6,4,2010044,0,0
1002010,6,5,2010046,0,0
1002010,7,5,2010046,0,0
1002010,7,6,2010046,0,0
1002010,7,7,2010046,0,0
1002010,7,8,2010046,0,0
1002010,7,9,2010046,0,0
1002010,7,10,2010046,0,0
1002020,5,0,2010050,0,0
1002020,6,0,2010050,0,0
1002020,6,1,2010052,0,0
1002020,6,2,2010052,0,0
1002020,6,3,2010054,0,0
1002020,6,4,2010054,0,0
1002020,6,5,2010056,0,0
1002020,7,5,2010056,0,0
1002020,7,6,2010056,0,0
1002020,7,7,2010056,0,0
1002020,7,8,2010056,0,0
1002020,7,9,2010056,0,0
1002020,7,10,2010056,0,0
1002040,5,0,2010330,0,0
1002040,6,0,2010330,0,0
1002040,6,1,2010332,0,0
1002040,6,2,2010332,0,0
1002040,6,3,2010334,0,0
1002040,6,4,2010334,0,0
1002040,6,5,2010336,0,0
1002040,7,5,2010336,0,0
1002040,7,6,2010336,0,0
1002040,7,7,2010336,0,0
1002040,7,8,2010336,0,0
1002040,7,9,2010336,0,0
1002040,7,10,2010336,0,0
1002050,5,0,2010390,0,0
1002050,6,0,2010390,0,0
1002050,6,1,2010392,0,0
1002050,6,2,2010392,0,0
1002050,6,3,2010394,0,0
1002050,6,4,2010394,0,0
1002050,6,5,2010396,0,0
1002050,7,5,2010396,0,0
1002050,7,6,2010396,0,0
1002050,7,7,2010396,0,0
1002050,7,8,2010396,0,0
1002050,7,9,2010396,0,0
1002050,7,10,2010396,0,0
1002060,5,0,2010450,0,0
1002060,6,0,2010450,0,0
1002060,6,1,2010452,0,0
1002060,6,2,2010452,0,0
1002060,6,3,2010454,0,0
1002060,6,4,2010454,0,0
1002060,6,5,2010456,0,0
1002060,7,5,2010456,0,0
1002060,7,6,2010456,0,0
1002060,7,7,2010456,0,0
1002060,7,8,2010456,0,0
1002060,7,9,2010456,0,0
1002060,7,10,2010456,0,0
1002070,5,0,2010600,0,0
1002070,6,0,2010600,0,0
1002070,6,1,2010602,0,0
1002070,6,2,2010602,0,0
1002070,6,3,2010604,0,0
1002070,6,4,2010604,0,0
1002070,6,5,2010606,0,0
1002070,7,5,2010606,0,0
1002070,7,6,2010606,0,0
1002070,7,7,2010606,0,0
1002070,7,8,2010606,0,0
1002070,7,9,2010606,0,0
1002070,7,10,2010606,0,0
1002080,5,0,2010700,0,0
1002080,6,0,2010700,0,0
1002080,6,1,2010702,0,0
1002080,6,2,2010702,0,0
1002080,6,3,2010704,0,0
1002080,6,4,2010704,0,0
1002080,6,5,2010706,0,0
1002080,7,5,2010706,0,0
1002080,7,6,2010706,0,0
1002080,7,7,2010706,0,0
1002080,7,8,2010706,0,0
1002080,7,9,2010706,0,0
1002080,7,10,2010706,0,0
1002090,5,0,2010760,0,0
1002090,6,0,2010760,0,0
1002090,6,1,2010762,0,0
1002090,6,2,2010762,0,0
1002090,6,3,2010764,0,0
1002090,6,4,2010764,0,0
1002090,6,5,2010766,0,0
1002090,7,5,2010766,0,0
1002090,7,6,2010766,0,0
1002090,7,7,2010766,0,0
1002090,7,8,2010766,0,0
1002090,7,9,2010766,0,0
1002090,7,10,2010766,0,0
1002100,5,0,2010810,0,0
1002100,6,0,2010810,0,0
1002100,6,1,2010812,0,0
1002100,6,2,2010812,0,0
1002100,6,3,2010814,0,0
1002100,6,4,2010814,0,0
1002100,6,5,2010816,0,0
1002100,7,5,2010816,0,0
1002100,7,6,2010816,0,0
1002100,7,7,2010816,0,0
1002100,7,8,2010816,0,0
1002100,7,9,2010816,0,0
1002100,7,10,2010816,0,0
1002110,5,0,2010960,0,0
1002110,6,0,2010960,0,0
1002110,6,1,2010962,0,0
1002110,6,2,2010962,0,0
1002110,6,3,2010964,0,0
1002110,6,4,2010964,0,0
1002110,6,5,2010966,0,0
1002110,7,5,2010966,0,0
1002110,7,6,2010966,0,0
1002110,7,7,2010966,0,0
1002110,7,8,2010966,0,0
1002110,7,9,2010966,0,0
1002110,7,10,2010966,0,0
1002120,5,0,2010950,0,0
1002120,6,0,2010950,0,0
1002120,6,1,2010952,0,0
1002120,6,2,2010952,0,0
1002120,6,3,2010954,0,0
1002120,6,4,2010954,0,0
1002120,6,5,2010956,0,0
1002120,7,5,2010956,0,0
1002120,7,6,2010956,0,0
1002120,7,7,2010956,0,0
1002120,7,8,2010956,0,0
1002120,7,9,2010956,0,0
1002120,7,10,2010956,0,0
1002130,5,0,2011060,0,0
1002130,6,0,2011060,0,0
1002130,6,1,2011062,0,0
1002130,6,2,2011062,0,0
1002130,6,3,2011064,0,0
1002130,6,4,2011064,0,0
1002130,6,5,2011066,0,0
1002130,7,5,2011066,0,0
1002130,7,6,2011066,0,0
1002130,7,7,2011066,0,0
1002130,7,8,2011066,0,0
1002130,7,9,2011066,0,0
1002130,7,10,2011066,0,0
1002140,5,0,2011190,0,0
1002140,6,0,2011190,0,0
1002140,6,1,2011192,0,0
1002140,6,2,2011192,0,0
1002140,6,3,2011194,0,0
1002140,6,4,2011194,0,0
1002140,6,5,2011196,0,0
1002140,7,5,2011196,0,0
1002140,7,6,2011196,0,0
1002140,7,7,2011196,0,0
1002140,7,8,2011196,0,0
1002140,7,9,2011196,0,0
1002140,7,10,2011196,0,0
1002150,5,0,2011270,0,0
1002150,6,0,2011270,0,0
1002150,6,1,2011272,0,0
1002150,6,2,2011272,0,0
1002150,6,3,2011274,0,0
1002150,6,4,2011274,0,0
1002150,6,5,2011276,0,0
1002150,7,5,2011276,0,0
1002150,7,6,2011276,0,0
1002150,7,7,2011276,0,0
1002150,7,8,2011276,0,0
1002150,7,9,2011276,0,0
1002150,7,10,2011276,0,0
1002160,5,0,2011310,0,0
1002160,6,0,2011310,0,0
1002160,6,1,2011312,0,0
1002160,6,2,2011312,0,0
1002160,6,3,2011314,0,0
1002160,6,4,2011314,0,0
1002160,6,5,2011316,0,0
1002160,7,5,2011316,0,0
1002160,7,6,2011316,0,0
1002160,7,7,2011316,0,0
1002160,7,8,2011316,0,0
1002160,7,9,2011316,0,0
1002160,7,10,2011316,0,0
1002170,5,0,2011500,0,0
1002170,6,0,2011500,0,0
1002170,6,1,2011502,0,0
1002170,6,2,2011502,0,0
1002170,6,3,2011504,0,0
1002170,6,4,2011504,0,0
1002170,6,5,2011506,0,0
1002170,7,5,2011506,0,0
1002170,7,6,2011506,0,0
1002170,7,7,2011506,0,0
1002170,7,8,2011506,0,0
1002170,7,9,2011506,0,0
1002170,7,10,2011506,0,0
1002180,5,0,2011550,0,0
1002180,6,0,2011550,0,0
1002180,6,1,2011552,0,0
1002180,6,2,2011552,0,0
1002180,6,3,2011554,0,0
1002180,6,4,2011554,0,0
1002180,6,5,2011556,0,0
1002180,7,5,2011556,0,0
1002180,7,6,2011556,0,0
1002180,7,7,2011556,0,0
1002180,7,8,2011556,0,0
1002180,7,9,2011556,0,0
1002180,7,10,2011556,0,0
1002190,5,0,2011620,0,0
1002190,6,0,2011620,2011621,0
1002190,6,1,2011622,2011621,0
1002190,6,2,2011622,2011623,0
1002190,6,3,2011624,2011623,0
1002190,6,4,2011624,2011625,0
1002190,6,5,2011626,2011625,0
1002190,7,5,2011626,2011625,0
1002190,7,6,2011626,2011625,0
1002190,7,7,2011626,2011625,0
1002190,7,8,2011626,2011625,0
1002190,7,9,2011626,2011625,0
1002190,7,10,2011626,2011625,0
1002200,5,0,2011680,0,0
1002200,6,0,2011680,0,0
1002200,6,1,2011682,0,0
1002200,6,2,2011682,0,0
1002200,6,3,2011684,0,0
1002200,6,4,2011684,0,0
1002200,6,5,2011686,0,0
1002200,7,5,2011686,0,0
1002200,7,6,2011686,0,0
1002200,7,7,2011686,0,0
1002200,7,8,2011686,0,0
1002200,7,9,2011686,0,0
1002200,7,10,2011686,0,0
1002210,5,0,2011790,0,0
1002210,6,0,2011790,0,0
1002210,6,1,2011792,0,0
1002210,6,2,2011792,0,0
1002210,6,3,2011794,0,0
1002210,6,4,2011794,0,0
1002210,6,5,2011796,0,0
1002210,7,5,2011796,0,0
1002210,7,6,2011796,0,0
1002210,7,7,2011796,0,0
1002210,7,8,2011796,0,0
1002210,7,9,2011796,0,0
1002210,7,10,2011796,0,0
1002220,5,0,2011860,0,0
1002220,6,0,2011860,2011861,0
1002220,6,1,2011862,2011861,0
1002220,6,2,2011862,2011863,0
1002220,6,3,2011864,2011863,0
1002220,6,4,2011864,2011865,0
1002220,6,5,2011866,2011865,0
1002220,7,5,2011866,2011865,0
1002220,7,6,2011866,2011865,0
1002220,7,7,2011866,2011865,0
1002220,7,8,2011866,2011865,0
1002220,7,9,2011866,2011865,0
1002220,7,10,2011866,2011865,0
1002230,5,0,2011960,0,0
1002230,6,0,2011960,0,0
1002230,6,1,2011962,0,0
1002230,6,2,2011962,0,0
1002230,6,3,2011964,0,0
1002230,6,4,2011964,0,0
1002230,6,5,2011966,0,0
1002230,7,5,2011966,0,0
1002230,7,6,2011966,0,0
1002230,7,7,2011966,0,0
1002230,7,8,2011966,0,0
1002230,7,9,2011966,0,0
1002230,7,10,2011966,0,0
1002240,5,0,2012050,0,0
1002240,6,0,2012050,0,0
1002240,6,1,2012052,0,0
1002240,6,2,2012052,0,0
1002240,6,3,2012054,0,0
1002240,6,4,2012054,0,0
1002240,6,5,2012056,0,0
1002240,7,5,2012056,0,0
1002240,7,6,2012056,0,0
1002240,7,7,2012056,0,0
1002240,7,8,2012056,0,0
1002240,7,9,2012056,0,0
1002240,7,10,2012056,0,0
1002250,5,0,2012090,0,0
1002250,6,0,2012090,2012091,0
1002250,6,1,2012092,2012091,0
1002250,6,2,2012092,2012093,0
1002250,6,3,2012094,2012093,0
1002250,6,4,2012094,2012095,0
1002250,6,5,2012096,2012095,0
1002250,7,5,2012096,2012095,0
1002250,7,6,2012096,2012095,0
1002250,7,7,2012096,2012095,0
1002250,7,8,2012096,2012095,0
1002250,7,9,2012096,2012095,0
1002250,7,10,2012096,2012095,0
1002270,5,0,2012240,0,0
1002270,6,0,2012240,0,0
1002270,6,1,2012242,0,0
1002270,6,2,2012242,0,0
1002270,6,3,2012244,0,0
1002270,6,4,2012244,0,0
1002270,6,5,2012246,0,0
1002270,7,5,2012246,0,0
1002270,7,6,2012246,0,0
1002270,7,7,2012246,0,0
1002270,7,8,2012246,0,0
1002270,7,9,2012246,0,0
1002270,7,10,2012246,0,0
1002280,5,0,2012340,0,0
1002280,6,0,2012340,2012341,0
1002280,6,1,2012342,2012341,0
1002280,6,2,2012342,2012343,0
1002280,6,3,2012344,2012343,0
1002280,6,4,2012344,2012345,0
1002280,6,5,2012346,2012345,0
1002280,7,5,2012346,2012345,0
1002280,7,6,2012346,2012345,0
1002280,7,7,2012346,2012345,0
1002280,7,8,2012346,2012345,0
1002280,7,9,2012346,2012345,0
1002280,7,10,2012346,2012345,0
1003010,5,0,2010100,0,0
1003010,6,0,2010100,0,0
1003010,6,1,2010102,0,0
1003010,6,2,2010102,0,0
1003010,6,3,2010104,0,0
1003010,6,4,2010104,0,0
1003010,6,5,2010106,0,0
1003010,7,5,2010106,0,0
1003010,7,6,2010106,0,0
1003010,7,7,2010106,0,0
1003010,7,8,2010106,0,0
1003010,7,9,2010106,0,0
1003010,7,10,2010106,0,0
1003020,5,0,2010320,0,0
1003020,6,0,2010320,0,0
1003020,6,1,2010322,0,0
1003020,6,2,2010322,0,0
1003020,6,3,2010324,0,0
1003020,6,4,2010324,0,0
1003020,6,5,2010326,0,0
1003020,7,5,2010326,0,0
1003020,7,6,2010326,0,0
1003020,7,7,2010326,0,0
1003020,7,8,2010326,0,0
1003020,7,9,2010326,0,0
1003020,7,10,2010326,0,0
1003030,5,0,2010380,0,0
1003030,6,0,2010380,0,0
1003030,6,1,2010382,0,0
1003030,6,2,2010382,0,0
1003030,6,3,2010384,0,0
1003030,6,4,2010384,0,0
1003030,6,5,2010386,0,0
1003030,7,5,2010386,0,0
1003030,7,6,2010386,0,0
1003030,7,7,2010386,0,0
1003030,7,8,2010386,0,0
1003030,7,9,2010386,0,0
1003030,7,10,2010386,0,0
1003040,5,0,2010460,0,0
1003040,6,0,2010460,0,0
1003040,6,1,2010462,0,0
1003040,6,2,2010462,0,0
1003040,6,3,2010464,0,0
1003040,6,4,2010464,0,0
1003040,6,5,2010466,0,0
1003040,7,5,2010466,0,0
1003040,7,6,2010466,0,0
1003040,7,7,2010466,0,0
1003040,7,8,2010466,0,0
1003040,7,9,2010466,0,0
1003040,7,10,2010466,0,0
1003050,5,0,2010790,0,0
1003050,6,0,2010790,0,0
1003050,6,1,2010792,0,0
1003050,6,2,2010792,0,0
1003050,6,3,2010794,0,0
1003050,6,4,2010794,0,0
1003050,6,5,2010796,0,0
1003050,7,5,2010796,0,0
1003050,7,6,2010796,0,0
1003050,7,7,2010796,0,0
1003050,7,8,2010796,0,0
1003050,7,9,2010796,0,0
1003050,7,10,2010796,0,0
1003060,5,0,2011020,0,0
1003060,6,0,2011020,0,0
1003060,6,1,2011022,0,0
1003060,6,2,2011022,0,0
1003060,6,3,2011024,0,0
1003060,6,4,2011024,0,0
1003060,6,5,2011026,0,0
1003060,7,5,2011026,0,0
1003060,7,6,2011026,0,0
1003060,7,7,2011026,0,0
1003060,7,8,2011026,0,0
1003060,7,9,2011026,0,0
1003060,7,10,2011026,0,0
1003070,5,0,2011170,0,0
1003070,6,0,2011170,0,0
1003070,6,1,2011172,0,0
1003070,6,2,2011172,0,0
1003070,6,3,2011174,0,0
1003070,6,4,2011174,0,0
1003070,6,5,2011176,0,0
1003070,7,5,2011176,0,0
1003070,7,6,2011176,0,0
1003070,7,7,2011176,0,0
1003070,7,8,2011176,0,0
1003070,7,9,2011176,0,0
1003070,7,10,2011176,0,0
1003080,5,0,2011240,0,0
1003080,6,0,2011240,0,0
1003080,6,1,2011242,0,0
1003080,6,2,2011242,0,0
1003080,6,3,2011244,0,0
1003080,6,4,2011244,0,0
1003080,6,5,2011246,0,0
1003080,7,5,2011246,0,0
1003080,7,6,2011246,0,0
1003080,7,7,2011246,0,0
1003080,7,8,2011246,0,0
1003080,7,9,2011246,0,0
1003080,7,10,2011246,0,0
1003090,5,0,2011360,0,0
1003090,6,0,2011360,0,0
1003090,6,1,2011362,0,0
1003090,6,2,2011362,0,0
1003090,6,3,2011364,0,0
1003090,6,4,2011364,0,0
1003090,6,5,2011366,0,0
1003090,7,5,2011366,0,0
1003090,7,6,2011366,0,0
1003090,7,7,2011366,0,0
1003090,7,8,2011366,0,0
1003090,7,9,2011366,0,0
1003090,7,10,2011366,0,0
1003100,5,0,2011700,0,0
1003100,6,0,2011700,0,0
1003100,6,1,2011702,0,0
1003100,6,2,2011702,0,0
1003100,6,3,2011704,0,0
1003100,6,4,2011704,0,0
1003100,6,5,2011706,0,0
1003100,7,5,2011706,0,0
1003100,7,6,2011706,0,0
1003100,7,7,2011706,0,0
1003100,7,8,2011706,0,0
1003100,7,9,2011706,0,0
1003100,7,10,2011706,0,0
1003110,5,0,2011780,0,0
1003110,6,0,2011780,0,0
1003110,6,1,2011782,0,0
1003110,6,2,2011782,0,0
1003110,6,3,2011784,0,0
1003110,6,4,2011784,0,0
1003110,6,5,2011786,0,0
1003110,7,5,2011786,0,0
1003110,7,6,2011786,0,0
1003110,7,7,2011786,0,0
1003110,7,8,2011786,0,0
1003110,7,9,2011786,0,0
1003110,7,10,2011786,0,0
1003120,5,0,2012040,0,0
1003120,6,0,2012040,0,0
1003120,6,1,2012042,0,0
1003120,6,2,2012042,0,0
1003120,6,3,2012044,0,0
1003120,6,4,2012044,0,0
1003120,6,5,2012046,0,0
1003120,7,5,2012046,0,0
1003120,7,6,2012046,0,0
1003120,7,7,2012046,0,0
1003120,7,8,2012046,0,0
1003120,7,9,2012046,0,0
1003120,7,10,2012046,0,0
1003130,5,0,2012100,0,0
1003130,6,0,2012100,2012101,0
1003130,6,1,2012102,2012101,0
1003130,6,2,2012102,2012103,0
1003130,6,3,2012104,2012103,0
1003130,6,4,2012104,2012105,0
1003130,6,5,2012106,2012105,0
1003130,7,5,2012106,2012105,0
1003130,7,6,2012106,2012105,0
1003130,7,7,2012106,2012105,0
1003130,7,8,2012106,2012105,0
1003130,7,9,2012106,2012105,0
1003130,7,10,2012106,2012105,0
1003140,5,0,2012230,0,0
1003140,6,0,2012230,2012231,0
1003140,6,1,2012232,2012231,0
1003140,6,2,2012232,2012233,0
1003140,6,3,2012234,2012233,0
1003140,6,4,2012234,2012235,0
1003140,6,5,2012236,2012235,0
1003140,7,5,2012236,2012235,0
1003140,7,6,2012236,2012235,0
1003140,7,7,2012236,2012235,0
1003140,7,8,2012236,2012235,0
1003140,7,9,2012236,2012235,0
1003140,7,10,2012236,2012235,0
1003150,5,0,2012350,0,0
1003150,6,0,2012350,2012351,0
1003150,6,1,2012352,2012351,0
1003150,6,2,2012352,2012353,0
1003150,6,3,2012354,2012353,0
1003150,6,4,2012354,2012355,0
1003150,6,5,2012356,2012355,0
1003150,7,5,2012356,2012355,0
1003150,7,6,2012356,2012355,0
1003150,7,7,2012356,2012355,0
1003150,7,8,2012356,2012355,0
1003150,7,9,2012356,2012355,0
1003150,7,10,2012356,2012355,0
1004010,5,0,2010170,0,0
1004010,6,0,2010170,0,0
1004010,6,1,2010172,0,0
1004010,6,2,2010172,0,0
1004010,6,3,2010174,0,0
1004010,6,4,2010174,0,0
1004010,6,5,2010176,0,0
1004010,7,5,2010176,0,0
1004010,7,6,2010176,0,0
1004010,7,7,2010176,0,0
1004010,7,8,2010176,0,0
1004010,7,9,2010176,0,0
1004010,7,10,2010176,0,0
1004020,5,0,2010180,0,0
1004020,6,0,2010180,0,0
1004020,6,1,2010182,0,0
1004020,6,2,2010182,0,0
1004020,6,3,2010184,0,0
1004020,6,4,2010184,0,0
1004020,6,5,2010186,0,0
1004020,7,5,2010186,0,0
1004020,7,6,2010186,0,0
1004020,7,7,2010186,0,0
1004020,7,8,2010186,0,0
1004020,7,9,2010186,0,0
1004020,7,10,2010186,0,0
1004030,5,0,2010470,0,0
1004030,6,0,2010470,0,0
1004030,6,1,2010472,0,0
1004030,6,2,2010472,0,0
1004030,6,3,2010474,0,0
1004030,6,4,2010474,0,0
1004030,6,5,2010476,0,0
1004030,7,5,2010476,0,0
1004030,7,6,2010476,0,0
1004030,7,7,2010476,0,0
1004030,7,8,2010476,0,0
1004030,7,9,2010476,0,0
1004030,7,10,2010476,0,0
1004040,5,0,2010620,0,0
1004040,6,0,2010620,0,0
1004040,6,1,2010622,0,0
1004040,6,2,2010622,0,0
1004040,6,3,2010624,0,0
1004040,6,4,2010624,0,0
1004040,6,5,2010626,0,0
1004040,7,5,2010626,0,0
1004040,7,6,2010626,0,0
1004040,7,7,2010626,0,0
1004040,7,8,2010626,0,0
1004040,7,9,2010626,0,0
1004040,7,10,2010626,0,0
1004050,5,0,2010680,0,0
1004050,6,0,2010680,0,0
1004050,6,1,2010682,0,0
1004050,6,2,2010682,0,0
1004050,6,3,2010684,0,0
1004050,6,4,2010684,0,0
1004050,6,5,2010686,0,0
1004050,7,5,2010686,0,0
1004050,7,6,2010686,0,0
1004050,7,7,2010686,0,0
1004050,7,8,2010686,0,0
1004050,7,9,2010686,0,0
1004050,7,10,2010686,0,0
1004060,5,0,2011070,0,0
1004060,6,0,2011070,0,0
1004060,6,1,2011072,0,0
1004060,6,2,2011072,0,0
1004060,6,3,2011074,0,0
1004060,6,4,2011074,0,0
1004060,6,5,2011076,0,0
1004060,7,5,2011076,0,0
1004060,7,6,2011076,0,0
1004060,7,7,2011076,0,0
1004060,7,8,2011076,0,0
1004060,7,9,2011076,0,0
1004060,7,10,2011076,0,0
1004070,5,0,2011210,0,0
1004070,6,0,2011210,0,0
1004070,6,1,2011212,0,0
1004070,6,2,2011212,0,0
1004070,6,3,2011214,0,0
1004070,6,4,2011214,0,0
1004070,6,5,2011216,0,0
1004070,7,5,2011216,0,0
1004070,7,6,2011216,0,0
1004070,7,7,2011216,0,0
1004070,7,8,2011216,0,0
1004070,7,9,2011216,0,0
1004070,7,10,2011216,0,0
1004080,5,0,2011380,0,0
1004080,6,0,2011380,0,0
1004080,6,1,2011382,0,0
1004080,6,2,2011382,0,0
1004080,6,3,2011384,0,0
1004080,6,4,2011384,0,0
1004080,6,5,2011386,0,0
1004080,7,5,2011386,0,0
1004080,7,6,2011386,0,0
1004080,7,7,2011386,0,0
1004080,7,8,2011386,0,0
1004080,7,9,2011386,0,0
1004080,7,10,2011386,0,0
1004090,5,0,2011530,0,0
1004090,6,0,2011530,0,0
1004090,6,1,2011532,0,0
1004090,6,2,2011532,0,0
1004090,6,3,2011534,0,0
1004090,6,4,2011534,0,0
1004090,6,5,2011536,0,0
1004090,7,5,2011536,0,0
1004090,7,6,2011536,0,0
1004090,7,7,2011536,0,0
1004090,7,8,2011536,0,0
1004090,7,9,2011536,0,0
1004090,7,10,2011536,0,0
1004100,5,0,2011810,0,0
1004100,6,0,2011810,0,0
1004100,6,1,2011812,0,0
1004100,6,2,2011812,0,0
1004100,6,3,2011814,0,0
1004100,6,4,2011814,0,0
1004100,6,5,2011816,0,0
1004100,7,5,2011816,0,0
1004100,7,6,2011816,0,0
1004100,7,7,2011816,0,0
1004100,7,8,2011816,0,0
1004100,7,9,2011816,0,0
1004100,7,10,2011816,0,0
1004110,5,0,2011950,0,0
1004110,6,0,2011950,0,0
1004110,6,1,2011952,0,0
1004110,6,2,2011952,0,0
1004110,6,3,2011954,0,0
1004110,6,4,2011954,0,0
1004110,6,5,2011956,0,0
1004110,7,5,2011956,0,0
1004110,7,6,2011956,0,0
1004110,7,7,2011956,0,0
1004110,7,8,2011956,0,0
1004110,7,9,2011956,0,0
1004110,7,10,2011956,0,0
1004120,5,0,2012130,0,0
1004120,6,0,2012130,0,0
1004120,6,1,2012132,0,0
1004120,6,2,2012132,0,0
1004120,6,3,2012134,0,0
1004120,6,4,2012134,0,0
1004120,6,5,2012136,0,0
1004120,7,5,2012136,0,0
1004120,7,6,2012136,0,0
1004120,7,7,2012136,0,0
1004120,7,8,2012136,0,0
1004120,7,9,2012136,0,0
1004120,7,10,2012136,0,0
1004130,5,0,2012290,0,0
1004130,6,0,2012290,0,0
1004130,6,1,2012292,0,0
1004130,6,2,2012292,0,0
1004130,6,3,2012294,0,0
1004130,6,4,2012294,0,0
1004130,6,5,2012296,0,0
1004130,7,5,2012296,0,0
1004130,7,6,2012296,0,0
1004130,7,7,2012296,0,0
1004130,7,8,2012296,0,0
1004130,7,9,2012296,0,0
1004130,7,10,2012296,0,0
1005010,5,0,2010240,0,0
1005010,6,0,2010240,0,0
1005010,6,1,2010242,0,0
1005010,6,2,2010242,0,0
1005010,6,3,2010244,0,0
1005010,6,4,2010244,0,0
1005010,6,5,2010246,0,0
1005010,7,5,2010246,0,0
1005010,7,6,2010246,0,0
1005010,7,7,2010246,0,0
1005010,7,8,2010246,0,0
1005010,7,9,2010246,0,0
1005010,7,10,2010246,0,0
1005020,5,0,2010530,0,0
1005020,6,0,2010530,0,0
1005020,6,1,2010532,0,0
1005020,6,2,2010532,0,0
1005020,6,3,2010534,0,0
1005020,6,4,2010534,0,0
1005020,6,5,2010536,0,0
1005020,7,5,2010536,0,0
1005020,7,6,2010536,0,0
1005020,7,7,2010536,0,0
1005020,7,8,2010536,0,0
1005020,7,9,2010536,0,0
1005020,7,10,2010536,0,0
1005030,5,0,2011110,0,0
1005030,6,0,2011110,0,0
1005030,6,1,2011112,0,0
1005030,6,2,2011112,0,0
1005030,6,3,2011114,0,0
1005030,6,4,2011114,0,0
1005030,6,5,2011116,0,0
1005030,7,5,2011116,0,0
1005030,7,6,2011116,0,0
1005030,7,7,2011116,0,0
1005030,7,8,2011116,0,0
1005030,7,9,2011116,0,0
1005030,7,10,2011116,0,0
1005040,5,0,2011230,0,0
1005040,6,0,2011230,0,0
1005040,6,1,2011232,0,0
1005040,6,2,2011232,0,0
1005040,6,3,2011234,0,0
1005040,6,4,2011234,0,0
1005040,6,5,2011236,0,0
1005040,7,5,2011236,0,0
1005040,7,6,2011236,0,0
1005040,7,7,2011236,0,0
1005040,7,8,2011236,0,0
1005040,7,9,2011236,0,0
1005040,7,10,2011236,0,0
1005050,5,0,2011540,0,0
1005050,6,0,2011540,0,0
1005050,6,1,2011542,0,0
1005050,6,2,2011542,0,0
1005050,6,3,2011544,0,0
1005050,6,4,2011544,0,0
1005050,6,5,2011546,0,0
1005050,7,5,2011546,0,0
1005050,7,6,2011546,0,0
1005050,7,7,2011546,0,0
1005050,7,8,2011546,0,0
1005050,7,9,2011546,0,0
1005050,7,10,2011546,0,0
1005060,5,0,2011710,0,0
1005060,6,0,2011710,0,0
1005060,6,1,2011712,0,0
1005060,6,2,2011712,0,0
1005060,6,3,2011714,0,0
1005060,6,4,2011714,0,0
1005060,6,5,2011716,0,0
1005060,7,5,2011716,0,0
1005060,7,6,2011716,0,0
1005060,7,7,2011716,0,0
1005060,7,8,2011716,0,0
1005060,7,9,2011716,0,0
1005060,7,10,2011716,0,0
1005070,5,0,2011930,0,0
1005070,6,0,2011930,0,0
1005070,6,1,2011932,0,0
1005070,6,2,2011932,0,0
1005070,6,3,2011934,0,0
1005070,6,4,2011934,0,0
1005070,6,5,2011936,0,0
1005070,7,5,2011936,0,0
1005070,7,6,2011936,0,0
1005070,7,7,2011936,0,0
1005070,7,8,2011936,0,0
1005070,7,9,2011936,0,0
1005070,7,10,2011936,0,0
1005080,5,0,2012140,0,0
1005080,6,0,2012140,0,0
1005080,6,1,2012142,0,0
1005080,6,2,2012142,0,0
1005080,6,3,2012144,0,0
1005080,6,4,2012144,0,0
1005080,6,5,2012146,0,0
1005080,7,5,2012146,0,0
1005080,7,6,2012146,0,0
1005080,7,7,2012146,0,0
1005080,7,8,2012146,0,0
1005080,7,9,2012146,0,0
1005080,7,10,2012146,0,0
1006010,5,0,2010190,0,0
1006010,6,0,2010190,0,0
1006010,6,1,2010192,0,0
1006010,6,2,2010192,0,0
1006010,6,3,2010194,0,0
1006010,6,4,2010194,0,0
1006010,6,5,2010196,0,0
1006010,7,5,2010196,0,0
1006010,7,6,2010196,0,0
1006010,7,7,2010196,0,0
1006010,7,8,2010196,0,0
1006010,7,9,2010196,0,0
1006010,7,10,2010196,0,0
1006020,5,0,2010200,0,0
1006020,6,0,2010200,0,0
1006020,6,1,2010202,0,0
1006020,6,2,2010202,0,0
1006020,6,3,2010204,0,0
1006020,6,4,2010204,0,0
1006020,6,5,2010206,0,0
1006020,7,5,2010206,0,0
1006020,7,6,2010206,0,0
1006020,7,7,2010206,0,0
1006020,7,8,2010206,0,0
1006020,7,9,2010206,0,0
1006020,7,10,2010206,0,0
1006030,5,0,2010430,0,0
1006030,6,0,2010430,0,0
1006030,6,1,2010432,0,0
1006030,6,2,2010432,0,0
1006030,6,3,2010434,0,0
1006030,6,4,2010434,0,0
1006030,6,5,2010436,0,0
1006030,7,5,2010436,0,0
1006030,7,6,2010436,0,0
1006030,7,7,2010436,0,0
1006030,7,8,2010436,0,0
1006030,7,9,2010436,0,0
1006030,7,10,2010436,0,0
1006040,5,0,2010650,0,0
1006040,6,0,2010650,0,0
1006040,6,1,2010652,0,0
1006040,6,2,2010652,0,0
1006040,6,3,2010654,0,0
1006040,6,4,2010654,0,0
1006040,6,5,2010656,0,0
1006040,7,5,2010656,0,0
1006040,7,6,2010656,0,0
1006040,7,7,2010656,0,0
1006040,7,8,2010656,0,0
1006040,7,9,2010656,0,0
1006040,7,10,2010656,0,0
1006050,5,0,2010690,0,0
1006050,6,0,2010690,0,0
1006050,6,1,2010692,0,0
1006050,6,2,2010692,0,0
1006050,6,3,2010694,0,0
1006050,6,4,2010694,0,0
1006050,6,5,2010696,0,0
1006050,7,5,2010696,0,0
1006050,7,6,2010696,0,0
1006050,7,7,2010696,0,0
1006050,7,8,2010696,0,0
1006050,7,9,2010696,0,0
1006050,7,10,2010696,0,0
1006060,5,0,2010840,0,0
1006060,6,0,2010840,0,0
1006060,6,1,2010842,0,0
1006060,6,2,2010842,0,0
1006060,6,3,2010844,0,0
1006060,6,4,2010844,0,0
1006060,6,5,2010846,0,0
1006060,7,5,2010846,0,0
1006060,7,6,2010846,0,0
1006060,7,7,2010846,0,0
1006060,7,8,2010846,0,0
1006060,7,9,2010846,0,0
1006060,7,10,2010846,0,0
1006070,5,0,2010900,0,0
1006070,6,0,2010900,0,0
1006070,6,1,2010902,0,0
1006070,6,2,2010902,0,0
1006070,6,3,2010904,0,0
1006070,6,4,2010904,0,0
1006070,6,5,2010906,0,0
1006070,7,5,2010906,0,0
1006070,7,6,2010906,0,0
1006070,7,7,2010906,0,0
1006070,7,8,2010906,0,0
1006070,7,9,2010906,0,0
1006070,7,10,2010906,0,0
1006080,5,0,2011050,0,0
1006080,6,0,2011050,0,0
1006080,6,1,2011052,0,0
1006080,6,2,2011052,0,0
1006080,6,3,2011054,0,0
1006080,6,4,2011054,0,0
1006080,6,5,2011056,0,0
1006080,7,5,2011056,0,0
1006080,7,6,2011056,0,0
1006080,7,7,2011056,0,0
1006080,7,8,2011056,0,0
1006080,7,9,2011056,0,0
1006080,7,10,2011056,0,0
1006090,5,0,2011200,0,0
1006090,6,0,2011200,0,0
1006090,6,1,2011202,0,0
1006090,6,2,2011202,0,0
1006090,6,3,2011204,0,0
1006090,6,4,2011204,0,0
1006090,6,5,2011206,0,0
1006090,7,5,2011206,0,0
1006090,7,6,2011206,0,0
1006090,7,7,2011206,0,0
1006090,7,8,2011206,0,0
1006090,7,9,2011206,0,0
1006090,7,10,2011206,0,0
1006100,5,0,2011320,0,0
1006100,6,0,2011320,0,0
1006100,6,1,2011322,0,0
1006100,6,2,2011322,0,0
1006100,6,3,2011324,0,0
1006100,6,4,2011324,0,0
1006100,6,5,2011326,0,0
1006100,7,5,2011326,0,0
1006100,7,6,2011326,0,0
1006100,7,7,2011326,0,0
1006100,7,8,2011326,0,0
1006100,7,9,2011326,0,0
1006100,7,10,2011326,0,0
1006110,5,0,2011430,0,0
1006110,6,0,2011430,0,0
1006110,6,1,2011432,0,0
1006110,6,2,2011432,0,0
1006110,6,3,2011434,0,0
1006110,6,4,2011434,0,0
1006110,6,5,2011436,0,0
1006110,7,5,2011436,0,0
1006110,7,6,2011436,0,0
1006110,7,7,2011436,0,0
1006110,7,8,2011436,0,0
1006110,7,9,2011436,0,0
1006110,7,10,2011436,0,0
1006120,5,0,2011480,0,0
1006120,6,0,2011480,0,0
1006120,6,1,2011482,0,0
1006120,6,2,2011482,0,0
1006120,6,3,2011484,0,0
1006120,6,4,2011484,0,0
1006120,6,5,2011486,0,0
1006120,7,5,2011486,0,0
1006120,7,6,2011486,0,0
1006120,7,7,2011486,0,0
1006120,7,8,2011486,0,0
1006120,7,9,2011486,0,0
1006120,7,10,2011486,0,0
1006130,5,0,2011800,0,0
1006130,6,0,2011800,0,0
1006130,6,1,2011802,0,0
1006130,6,2,2011802,0,0
1006130,6,3,2011804,0,0
1006130,6,4,2011804,0,0
1006130,6,5,2011806,0,0
1006130,7,5,2011806,0,0
1006130,7,6,2011806,0,0
1006130,7,7,2011806,0,0
1006130,7,8,2011806,0,0
1006130,7,9,2011806,0,0
1006130,7,10,2011806,0,0
1006140,5,0,2011880,0,0
1006140,6,0,2011880,2011881,0
1006140,6,1,2011882,2011881,0
1006140,6,2,2011882,2011883,0
1006140,6,3,2011884,2011883,0
1006140,6,4,2011884,2011885,0
1006140,6,5,2011886,2011885,0
1006140,7,5,2011886,2011885,0
1006140,7,6,2011886,2011885,0
1006140,7,7,2011886,2011885,0
1006140,7,8,2011886,2011885,0
1006140,7,9,2011886,2011885,0
1006140,7,10,2011886,2011885,0
1006150,5,0,2012010,0,0
1006150,6,0,2012010,0,0
1006150,6,1,2012012,0,0
1006150,6,2,2012012,0,0
1006150,6,3,2012014,0,0
1006150,6,4,2012014,0,0
1006150,6,5,2012016,0,0
1006150,7,5,2012016,0,0
1006150,7,6,2012016,0,0
1006150,7,7,2012016,0,0
1006150,7,8,2012016,0,0
1006150,7,9,2012016,0,0
1006150,7,10,2012016,0,0
1006160,5,0,2012210,0,0
1006160,6,0,2012210,2012211,0
1006160,6,1,2012212,2012211,0
1006160,6,2,2012212,2012213,0
1006160,6,3,2012214,2012213,0
1006160,6,4,2012214,2012215,0
1006160,6,5,2012216,2012215,0
1006160,7,5,2012216,2012215,0
1006160,7,6,2012216,2012215,0
1006160,7,7,2012216,2012215,0
1006160,7,8,2012216,2012215,0
1006160,7,9,2012216,2012215,0
1006160,7,10,2012216,2012215,0
1006170,5,0,2012280,0,0
1006170,6,0,2012280,0,0
1006170,6,1,2012282,0,0
1006170,6,2,2012282,0,0
1006170,6,3,2012284,0,0
1006170,6,4,2012284,0,0
1006170,6,5,2012286,0,0
1006170,7,5,2012286,0,0
1006170,7,6,2012286,0,0
1006170,7,7,2012286,0,0
1006170,7,8,2012286,0,0
1006170,7,9,2012286,0,0
1006170,7,10,2012286,0,0
1007010,5,0,2010110,0,0
1007010,6,0,2010110,0,0
1007010,6,1,2010112,0,0
1007010,6,2,2010112,0,0
1007010,6,3,2010114,0,0
1007010,6,4,2010114,0,0
1007010,6,5,2010116,0,0
1007010,7,5,2010116,0,0
1007010,7,6,2010116,0,0
1007010,7,7,2010116,0,0
1007010,7,8,2010116,0,0
1007010,7,9,2010116,0,0
1007010,7,10,2010116,0,0
1007020,5,0,2010400,0,0
1007020,6,0,2010400,0,0
1007020,6,1,2010402,0,0
1007020,6,2,2010402,0,0
1007020,6,3,2010404,0,0
1007020,6,4,2010404,0,0
1007020,6,5,2010406,0,0
1007020,7,5,2010406,0,0
1007020,7,6,2010406,0,0
1007020,7,7,2010406,0,0
1007020,7,8,2010406,0,0
1007020,7,9,2010406,0,0
1007020,7,10,2010406,0,0
1007030,5,0,2010500,0,0
1007030,6,0,2010500,0,0
1007030,6,1,2010502,0,0
1007030,6,2,2010502,0,0
1007030,6,3,2010504,0,0
1007030,6,4,2010504,0,0
1007030,6,5,2010506,0,0
1007030,7,5,2010506,0,0
1007030,7,6,2010506,0,0
1007030,7,7,2010506,0,0
1007030,7,8,2010506,0,0
1007030,7,9,2010506,0,0
1007030,7,10,2010506,0,0
1007040,5,0,2010570,0,0
1007040,6,0,2010570,0,0
1007040,6,1,2010572,0,0
1007040,6,2,2010572,0,0
1007040,6,3,2010574,0,0
1007040,6,4,2010574,0,0
1007040,6,5,2010576,0,0
1007040,7,5,2010576,0,0
1007040,7,6,2010576,0,0
1007040,7,7,2010576,0,0
1007040,7,8,2010576,0,0
1007040,7,9,2010576,0,0
1007040,7,10,2010576,0,0
1007050,5,0,2010770,0,0
1007050,6,0,2010770,0,0
1007050,6,1,2010772,0,0
1007050,6,2,2010772,0,0
1007050,6,3,2010774,0,0
1007050,6,4,2010774,0,0
1007050,6,5,2010776,0,0
1007050,7,5,2010776,0,0
1007050,7,6,2010776,0,0
1007050,7,7,2010776,0,0
1007050,7,8,2010776,0,0
1007050,7,9,2010776,0,0
1007050,7,10,2010776,0,0
1007060,5,0,2010860,0,0
1007060,6,0,2010860,0,0
1007060,6,1,2010862,0,0
1007060,6,2,2010862,0,0
1007060,6,3,2010864,0,0
1007060,6,4,2010864,0,0
1007060,6,5,2010866,0,0
1007060,7,5,2010866,0,0
1007060,7,6,2010866,0,0
1007060,7,7,2010866,0,0
1007060,7,8,2010866,0,0
1007060,7,9,2010866,0,0
1007060,7,10,2010866,0,0
1007070,5,0,2010920,0,0
1007070,6,0,2010920,0,0
1007070,6,1,2010922,0,0
1007070,6,2,2010922,0,0
1007070,6,3,2010924,0,0
1007070,6,4,2010924,0,0
1007070,6,5,2010926,0,0
1007070,7,5,2010926,0,0
1007070,7,6,2010926,0,0
1007070,7,7,2010926,0,0
1007070,7,8,2010926,0,0
1007070,7,9,2010926,0,0
1007070,7,10,2010926,0,0
1007080,5,0,2011080,0,0
1007080,6,0,2011080,0,0
1007080,6,1,2011082,0,0
1007080,6,2,2011082,0,0
1007080,6,3,2011084,0,0
1007080,6,4,2011084,0,0
1007080,6,5,2011086,0,0
1007080,7,5,2011086,0,0
1007080,7,6,2011086,0,0
1007080,7,7,2011086,0,0
1007080,7,8,2011086,0,0
1007080,7,9,2011086,0,0
1007080,7,10,2011086,0,0
1007090,5,0,2011440,0,0
1007090,6,0,2011440,0,0
1007090,6,1,2011442,0,0
1007090,6,2,2011442,0,0
1007090,6,3,2011444,0,0
1007090,6,4,2011444,0,0
1007090,6,5,2011446,0,0
1007090,7,5,2011446,0,0
1007090,7,6,2011446,0,0
1007090,7,7,2011446,0,0
1007090,7,8,2011446,0,0
1007090,7,9,2011446,0,0
1007090,7,10,2011446,0,0
1007100,5,0,2011650,0,0
1007100,6,0,2011650,0,0
1007100,6,1,2011652,0,0
1007100,6,2,2011652,0,0
1007100,6,3,2011654,0,0
1007100,6,4,2011654,0,0
1007100,6,5,2011656,0,0
1007100,7,5,2011656,0,0
1007100,7,6,2011656,0,0
1007100,7,7,2011656,0,0
1007100,7,8,2011656,0,0
1007100,7,9,2011656,0,0
1007100,7,10,2011656,0,0
1007110,5,0,2011760,0,0
1007110,6,0,2011760,0,0
1007110,6,1,2011762,0,0
1007110,6,2,2011762,0,0
1007110,6,3,2011764,0,0
1007110,6,4,2011764,0,0
1007110,6,5,2011766,0,0
1007110,7,5,2011766,0,0
1007110,7,6,2011766,0,0
1007110,7,7,2011766,0,0
1007110,7,8,2011766,0,0
1007110,7,9,2011766,0,0
1007110,7,10,2011766,0,0
1007120,5,0,2011980,0,0
1007120,6,0,2011980,2011981,0
1007120,6,1,2011982,2011981,0
1007120,6,2,2011982,2011983,0
1007120,6,3,2011984,2011983,0
1007120,6,4,2011984,2011985,0
1007120,6,5,2011986,2011985,0
1007120,7,5,2011986,2011985,0
1007120,7,6,2011986,2011985,0
1007120,7,7,2011986,2011985,0
1007120,7,8,2011986,2011985,0
1007120,7,9,2011986,2011985,0
1007120,7,10,2011986,2011985,0
1007130,5,0,2012220,0,0
1007130,6,0,2012220,2012221,0
1007130,6,1,2012222,2012221,0
1007130,6,2,2012222,2012223,0
1007130,6,3,2012224,2012223,0
1007130,6,4,2012224,2012225,0
1007130,6,5,2012226,2012225,0
1007130,7,5,2012226,2012225,0
1007130,7,6,2012226,2012225,0
1007130,7,7,2012226,2012225,0
1007130,7,8,2012226,2012225,0
1007130,7,9,2012226,2012225,0
1007130,7,10,2012226,2012225,0
1008010,5,0,2010780,0,0
1008010,6,0,2010780,0,0
1008010,6,1,2010782,0,0
1008010,6,2,2010782,0,0
1008010,6,3,2010784,0,0
1008010,6,4,2010784,0,0
1008010,6,5,2010786,0,0
1008010,7,5,2010786,0,0
1008010,7,6,2010786,0,0
1008010,7,7,2010786,0,0
1008010,7,8,2010786,0,0
1008010,7,9,2010786,0,0
1008010,7,10,2010786,0,0
1008020,5,0,2011660,0,0
1008020,6,0,2011660,0,0
1008020,6,1,2011662,0,0
1008020,6,2,2011662,0,0
1008020,6,3,2011664,0,0
1008020,6,4,2011664,0,0
1008020,6,5,2011666,0,0
1008020,7,5,2011666,0,0
1008020,7,6,2011666,0,0
1008020,7,7,2011666,0,0
1008020,7,8,2011666,0,0
1008020,7,9,2011666,0,0
1008020,7,10,2011666,0,0
1009010,5,0,2010270,0,0
1009010,6,0,2010270,0,0
1009010,6,1,2010272,0,0
1009010,6,2,2010272,0,0
1009010,6,3,2010274,0,0
1009010,6,4,2010274,0,0
1009010,6,5,2010276,0,0
1009010,7,5,2010276,0,0
1009010,7,6,2010276,0,0
1009010,7,7,2010276,0,0
1009010,7,8,2010276,0,0
1009010,7,9,2010276,0,0
1009010,7,10,2010276,0,0
1016010,5,0,2010140,0,0
1016010,6,0,2010140,0,0
1016010,6,1,2010142,0,0
1016010,6,2,2010142,0,0
1016010,6,3,2010144,0,0
1016010,6,4,2010144,0,0
1016010,6,5,2010146,0,0
1016010,7,5,2010146,0,0
1016010,7,6,2010146,0,0
1016010,7,7,2010146,0,0
1016010,7,8,2010146,0,0
1016010,7,9,2010146,0,0
1016010,7,10,2010146,0,0
1016020,5,0,2010350,0,0
1016020,6,0,2010350,0,0
1016020,6,1,2010352,0,0
1016020,6,2,2010352,0,0
1016020,6,3,2010354,0,0
1016020,6,4,2010354,0,0
1016020,6,5,2010356,0,0
1016020,7,5,2010356,0,0
1016020,7,6,2010356,0,0
1016020,7,7,2010356,0,0
1016020,7,8,2010356,0,0
1016020,7,9,2010356,0,0
1016020,7,10,2010356,0,0
1016030,5,0,2010520,0,0
1016030,6,0,2010520,0,0
1016030,6,1,2010522,0,0
1016030,6,2,2010522,0,0
1016030,6,3,2010524,0,0
1016030,6,4,2010524,0,0
1016030,6,5,2010526,0,0
1016030,7,5,2010526,0,0
1016030,7,6,2010526,0,0
1016030,7,7,2010526,0,0
1016030,7,8,2010526,0,0
1016030,7,9,2010526,0,0
1016030,7,10,2010526,0,0
1016040,5,0,2010640,0,0
1016040,6,0,2010640,0,0
1016040,6,1,2010642,0,0
1016040,6,2,2010642,0,0
1016040,6,3,2010644,0,0
1016040,6,4,2010644,0,0
1016040,6,5,2010646,0,0
1016040,7,5,2010646,0,0
1016040,7,6,2010646,0,0
1016040,7,7,2010646,0,0
1016040,7,8,2010646,0,0
1016040,7,9,2010646,0,0
1016040,7,10,2010646,0,0
1016050,5,0,2010820,0,0
1016050,6,0,2010820,0,0
1016050,6,1,2010822,0,0
1016050,6,2,2010822,0,0
1016050,6,3,2010824,0,0
1016050,6,4,2010824,0,0
1016050,6,5,2010826,0,0
1016050,7,5,2010826,0,0
1016050,7,6,2010826,0,0
1016050,7,7,2010826,0,0
1016050,7,8,2010826,0,0
1016050,7,9,2010826,0,0
1016050,7,10,2010826,0,0
1016060,5,0,2010980,0,0
1016060,6,0,2010980,0,0
1016060,6,1,2010982,0,0
1016060,6,2,2010982,0,0
1016060,6,3,2010984,0,0
1016060,6,4,2010984,0,0
1016060,6,5,2010986,0,0
1016060,7,5,2010986,0,0
1016060,7,6,2010986,0,0
1016060,7,7,2010986,0,0
1016060,7,8,2010986,0,0
1016060,7,9,2010986,0,0
1016060,7,10,2010986,0,0
1016070,5,0,2011120,0,0
1016070,6,0,2011120,0,0
1016070,6,1,2011122,0,0
1016070,6,2,2011122,0,0
1016070,6,3,2011124,0,0
1016070,6,4,2011124,0,0
1016070,6,5,2011126,0,0
1016070,7,5,2011126,0,0
1016070,7,6,2011126,0,0
1016070,7,7,2011126,0,0
1016070,7,8,2011126,0,0
1016070,7,9,2011126,0,0
1016070,7,10,2011126,0,0
1016080,5,0,2011280,0,0
1016080,6,0,2011280,0,0
1016080,6,1,2011282,0,0
1016080,6,2,2011282,0,0
1016080,6,3,2011284,0,0
1016080,6,4,2011284,0,0
1016080,6,5,2011286,0,0
1016080,7,5,2011286,0,0
1016080,7,6,2011286,0,0
1016080,7,7,2011286,0,0
1016080,7,8,2011286,0,0
1016080,7,9,2011286,0,0
1016080,7,10,2011286,0,0
1016090,5,0,2011670,0,0
1016090,6,0,2011670,0,0
1016090,6,1,2011672,0,0
1016090,6,2,2011672,0,0
1016090,6,3,2011674,0,0
1016090,6,4,2011674,0,0
1016090,6,5,2011676,0,0
1016090,7,5,2011676,0,0
1016090,7,6,2011676,0,0
1016090,7,7,2011676,0,0
1016090,7,8,2011676,0,0
1016090,7,9,2011676,0,0
1016090,7,10,2011676,0,0
1016100,5,0,2011890,0,0
1016100,6,0,2011890,0,0
1016100,6,1,2011892,0,0
1016100,6,2,2011892,0,0
1016100,6,3,2011894,0,0
1016100,6,4,2011894,0,0
1016100,6,5,2011896,0,0
1016100,7,5,2011896,0,0
1016100,7,6,2011896,0,0
1016100,7,7,2011896,0,0
1016100,7,8,2011896,0,0
1016100,7,9,2011896,0,0
1016100,7,10,2011896,0,0
1016110,5,0,2012160,0,0
1016110,6,0,2012160,0,0
1016110,6,1,2012162,0,0
1016110,6,2,2012162,0,0
1016110,6,3,2012164,0,0
1016110,6,4,2012164,0,0
1016110,6,5,2012166,0,0
1016110,7,5,2012166,0,0
1016110,7,6,2012166,0,0
1016110,7,7,2012166,0,0
1016110,7,8,2012166,0,0
1016110,7,9,2012166,0,0
1016110,7,10,2012166,0,0
1016120,5,0,2012310,0,0
1016120,6,0,2012310,2012311,0
1016120,6,1,2012312,2012311,0
1016120,6,2,2012312,2012313,0
1016120,6,3,2012314,2012313,0
1016120,6,4,2012314,2012315,0
1016120,6,5,2012316,2012315,0
1016120,7,5,2012316,2012315,0
1016120,7,6,2012316,2012315,0
1016120,7,7,2012316,2012315,0
1016120,7,8,2012316,2012315,0
1016120,7,9,2012316,2012315,0
1016120,7,10,2012316,2012315,0
1017010,5,0,2010070,0,0
1017010,6,0,2010070,0,0
1017010,6,1,2010072,0,0
1017010,6,2,2010072,0,0
1017010,6,3,2010074,0,0
1017010,6,4,2010074,0,0
1017010,6,5,2010076,0,0
1017010,7,5,2010076,0,0
1017010,7,6,2010076,0,0
1017010,7,7,2010076,0,0
1017010,7,8,2010076,0,0
1017010,7,9,2010076,0,0
1017010,7,10,2010076,0,0
1017020,5,0,2010080,0,0
1017020,6,0,2010080,0,0
1017020,6,1,2010082,0,0
1017020,6,2,2010082,0,0
1017020,6,3,2010084,0,0
1017020,6,4,2010084,0,0
1017020,6,5,2010086,0,0
1017020,7,5,2010086,0,0
1017020,7,6,2010086,0,0
1017020,7,7,2010086,0,0
1017020,7,8,2010086,0,0
1017020,7,9,2010086,0,0
1017020,7,10,2010086,0,0
1017040,5,0,2010310,0,0
1017040,6,0,2010310,0,0
1017040,6,1,2010312,0,0
1017040,6,2,2010312,0,0
1017040,6,3,2010314,0,0
1017040,6,4,2010314,0,0
1017040,6,5,2010316,0,0
1017040,7,5,2010316,0,0
1017040,7,6,2010316,0,0
1017040,7,7,2010316,0,0
1017040,7,8,2010316,0,0
1017040,7,9,2010316,0,0
1017040,7,10,2010316,0,0
1017050,5,0,2010360,0,0
1017050,6,0,2010360,0,0
1017050,6,1,2010362,0,0
1017050,6,2,2010362,0,0
1017050,6,3,2010364,0,0
1017050,6,4,2010364,0,0
1017050,6,5,2010366,0,0
1017050,7,5,2010366,0,0
1017050,7,6,2010366,0,0
1017050,7,7,2010366,0,0
1017050,7,8,2010366,0,0
1017050,7,9,2010366,0,0
1017050,7,10,2010366,0,0
1017060,5,0,2010480,0,0
1017060,6,0,2010480,0,0
1017060,6,1,2010482,0,0
1017060,6,2,2010482,0,0
1017060,6,3,2010484,0,0
1017060,6,4,2010484,0,0
1017060,6,5,2010486,0,0
1017060,7,5,2010486,0,0
1017060,7,6,2010486,0,0
1017060,7,7,2010486,0,0
1017060,7,8,2010486,0,0
1017060,7,9,2010486,0,0
1017060,7,10,2010486,0,0
1017070,5,0,2010610,0,0
1017070,6,0,2010610,0,0
1017070,6,1,2010612,0,0
1017070,6,2,2010612,0,0
1017070,6,3,2010614,0,0
1017070,6,4,2010614,0,0
1017070,6,5,2010616,0,0
1017070,7,5,2010616,0,0
1017070,7,6,2010616,0,0
1017070,7,7,2010616,0,0
1017070,7,8,2010616,0,0
1017070,7,9,2010616,0,0
1017070,7,10,2010616,0,0
1017080,5,0,2010670,0,0
1017080,6,0,2010670,0,0
1017080,6,1,2010672,0,0
1017080,6,2,2010672,0,0
1017080,6,3,2010674,0,0
1017080,6,4,2010674,0,0
1017080,6,5,2010676,0,0
1017080,7,5,2010676,0,0
1017080,7,6,2010676,0,0
1017080,7,7,2010676,0,0
1017080,7,8,2010676,0,0
1017080,7,9,2010676,0,0
1017080,7,10,2010676,0,0
1017090,5,0,2010720,0,0
1017090,6,0,2010720,0,0
1017090,6,1,2010722,0,0
1017090,6,2,2010722,0,0
1017090,6,3,2010724,0,0
1017090,6,4,2010724,0,0
1017090,6,5,2010726,0,0
1017090,7,5,2010726,0,0
1017090,7,6,2010726,0,0
1017090,7,7,2010726,0,0
1017090,7,8,2010726,0,0
1017090,7,9,2010726,0,0
1017090,7,10,2010726,0,0
1017100,5,0,2010740,0,0
1017100,6,0,2010740,0,0
1017100,6,1,2010742,0,0
1017100,6,2,2010742,0,0
1017100,6,3,2010744,0,0
1017100,6,4,2010744,0,0
1017100,6,5,2010746,0,0
1017100,7,5,2010746,0,0
1017100,7,6,2010746,0,0
1017100,7,7,2010746,0,0
1017100,7,8,2010746,0,0
1017100,7,9,2010746,0,0
1017100,7,10,2010746,0,0
1017110,5,0,2010800,0,0
1017110,6,0,2010800,0,0
1017110,6,1,2010802,0,0
1017110,6,2,2010802,0,0
1017110,6,3,2010804,0,0
1017110,6,4,2010804,0,0
1017110,6,5,2010806,0,0
1017110,7,5,2010806,0,0
1017110,7,6,2010806,0,0
1017110,7,7,2010806,0,0
1017110,7,8,2010806,0,0
1017110,7,9,2010806,0,0
1017110,7,10,2010806,0,0
1017120,5,0,2010870,0,0
1017120,6,0,2010870,0,0
1017120,6,1,2010872,0,0
1017120,6,2,2010872,0,0
1017120,6,3,2010874,0,0
1017120,6,4,2010874,0,0
1017120,6,5,2010876,0,0
1017120,7,5,2010876,0,0
1017120,7,6,2010876,0,0
1017120,7,7,2010876,0,0
1017120,7,8,2010876,0,0
1017120,7,9,2010876,0,0
1017120,7,10,2010876,0,0
1017130,5,0,2010940,0,0
1017130,6,0,2010940,0,0
1017130,6,1,2010942,0,0
1017130,6,2,2010942,0,0
1017130,6,3,2010944,0,0
1017130,6,4,2010944,0,0
1017130,6,5,2010946,0,0
1017130,7,5,2010946,0,0
1017130,7,6,2010946,0,0
1017130,7,7,2010946,0,0
1017130,7,8,2010946,0,0
1017130,7,9,2010946,0,0
1017130,7,10,2010946,0,0
1017140,5,0,2011000,0,0
1017140,6,0,2011000,0,0
1017140,6,1,2011002,0,0
1017140,6,2,2011002,0,0
1017140,6,3,2011004,0,0
1017140,6,4,2011004,0,0
1017140,6,5,2011006,0,0
1017140,7,5,2011006,0,0
1017140,7,6,2011006,0,0
1017140,7,7,2011006,0,0
1017140,7,8,2011006,0,0
1017140,7,9,2011006,0,0
1017140,7,10,2011006,0,0
1017150,5,0,2011040,0,0
1017150,6,0,2011040,0,0
1017150,6,1,2011042,0,0
1017150,6,2,2011042,0,0
1017150,6,3,2011044,0,0
1017150,6,4,2011044,0,0
1017150,6,5,2011046,0,0
1017150,7,5,2011046,0,0
1017150,7,6,2011046,0,0
1017150,7,7,2011046,0,0
1017150,7,8,2011046,0,0
1017150,7,9,2011046,0,0
1017150,7,10,2011046,0,0
1017160,5,0,2011180,0,0
1017160,6,0,2011180,0,0
1017160,6,1,2011182,0,0
1017160,6,2,2011182,0,0
1017160,6,3,2011184,0,0
1017160,6,4,2011184,0,0
1017160,6,5,2011186,0,0
1017160,7,5,2011186,0,0
1017160,7,6,2011186,0,0
1017160,7,7,2011186,0,0
1017160,7,8,2011186,0,0
1017160,7,9,2011186,0,0
1017160,7,10,2011186,0,0
1017170,5,0,2011250,0,0
1017170,6,0,2011250,0,0
1017170,6,1,2011252,0,0
1017170,6,2,2011252,0,0
1017170,6,3,2011254,0,0
1017170,6,4,2011254,0,0
1017170,6,5,2011256,0,0
1017170,7,5,2011256,0,0
1017170,7,6,2011256,0,0
1017170,7,7,2011256,0,0
1017170,7,8,2011256,0,0
1017170,7,9,2011256,0,0
1017170,7,10,2011256,0,0
1017180,5,0,2011330,0,0
1017180,6,0,2011330,0,0
1017180,6,1,2011332,0,0
1017180,6,2,2011332,0,0
1017180,6,3,2011334,0,0
1017180,6,4,2011334,0,0
1017180,6,5,2011336,0,0
1017180,7,5,2011336,0,0
1017180,7,6,2011336,0,0
1017180,7,7,2011336,0,0
1017180,7,8,2011336,0,0
1017180,7,9,2011336,0,0
1017180,7,10,2011336,0,0
1017190,5,0,2011410,0,0
1017190,6,0,2011410,0,0
1017190,6,1,2011412,0,0
1017190,6,2,2011412,0,0
1017190,6,3,2011414,0,0
1017190,6,4,2011414,0,0
1017190,6,5,2011416,0,0
1017190,7,5,2011416,0,0
1017190,7,6,2011416,0,0
1017190,7,7,2011416,0,0
1017190,7,8,2011416,0,0
1017190,7,9,2011416,0,0
1017190,7,10,2011416,0,0
1017200,5,0,2011510,0,0
1017200,6,0,2011510,0,0
1017200,6,1,2011512,0,0
1017200,6,2,2011512,0,0
1017200,6,3,2011514,0,0
1017200,6,4,2011514,0,0
1017200,6,5,2011516,0,0
1017200,7,5,2011516,0,0
1017200,7,6,2011516,0,0
1017200,7,7,2011516,0,0
1017200,7,8,2011516,0,0
1017200,7,9,2011516,0,0
1017200,7,10,2011516,0,0
1017210,5,0,2011570,0,0
1017210,6,0,2011570,0,0
1017210,6,1,2011572,0,0
1017210,6,2,2011572,0,0
1017210,6,3,2011574,0,0
1017210,6,4,2011574,0,0
1017210,6,5,2011576,0,0
1017210,7,5,2011576,0,0
1017210,7,6,2011576,0,0
1017210,7,7,2011576,0,0
1017210,7,8,2011576,0,0
1017210,7,9,2011576,0,0
1017210,7,10,2011576,0,0
1017220,5,0,2011630,0,0
1017220,6,0,2011630,2011631,0
1017220,6,1,2011632,2011631,0
1017220,6,2,2011632,2011633,0
1017220,6,3,2011634,2011633,0
1017220,6,4,2011634,2011635,0
1017220,6,5,2011636,2011635,0
1017220,7,5,2011636,2011635,0
1017220,7,6,2011636,2011635,0
1017220,7,7,2011636,2011635,0
1017220,7,8,2011636,2011635,0
1017220,7,9,2011636,2011635,0
1017220,7,10,2011636,2011635,0
1017230,5,0,2011740,0,0
1017230,6,0,2011740,0,0
1017230,6,1,2011742,0,0
1017230,6,2,2011742,0,0
1017230,6,3,2011744,0,0
1017230,6,4,2011744,0,0
1017230,6,5,2011746,0,0
1017230,7,5,2011746,0,0
1017230,7,6,2011746,0,0
1017230,7,7,2011746,0,0
1017230,7,8,2011746,0,0
1017230,7,9,2011746,0,0
1017230,7,10,2011746,0,0
1017240,5,0,2011870,0,0
1017240,6,0,2011870,2011871,0
1017240,6,1,2011872,2011871,0
1017240,6,2,2011872,2011873,0
1017240,6,3,2011874,2011873,0
1017240,6,4,2011874,2011875,0
1017240,6,5,2011876,2011875,0
1017240,7,5,2011876,2011875,0
1017240,7,6,2011876,2011875,0
1017240,7,7,2011876,2011875,0
1017240,7,8,2011876,2011875,0
1017240,7,9,2011876,2011875,0
1017240,7,10,2011876,2011875,0
1017250,5,0,2011920,0,0
1017250,6,0,2011920,0,0
1017250,6,1,2011922,0,0
1017250,6,2,2011922,0,0
1017250,6,3,2011924,0,0
1017250,6,4,2011924,0,0
1017250,6,5,2011926,0,0
1017250,7,5,2011926,0,0
1017250,7,6,2011926,0,0
1017250,7,7,2011926,0,0
1017250,7,8,2011926,0,0
1017250,7,9,2011926,0,0
1017250,7,10,2011926,0,0
1017260,5,0,2011990,0,0
1017260,6,0,2011990,2011991,0
1017260,6,1,2011992,2011991,0
1017260,6,2,2011992,2011993,0
1017260,6,3,2011994,2011993,0
1017260,6,4,2011994,2011995,0
1017260,6,5,2011996,2011995,0
1017260,7,5,2011996,2011995,0
1017260,7,6,2011996,2011995,0
1017260,7,7,2011996,2011995,0
1017260,7,8,2011996,2011995,0
1017260,7,9,2011996,2011995,0
1017260,7,10,2011996,2011995,0
1017270,5,0,2012110,0,0
1017270,6,0,2012110,2012111,0
1017270,6,1,2012112,2012111,0
1017270,6,2,2012112,2012113,0
1017270,6,3,2012114,2012113,0
1017270,6,4,2012114,2012115,0
1017270,6,5,2012116,2012115,0
1017270,7,5,2012116,2012115,0
1017270,7,6,2012116,2012115,0
1017270,7,7,2012116,2012115,0
1017270,7,8,2012116,2012115,0
1017270,7,9,2012116,2012115,0
1017270,7,10,2012116,2012115,0
1017280,5,0,2012180,0,0
1017280,6,0,2012180,0,0
1017280,6,1,2012182,0,0
1017280,6,2,2012182,0,0
1017280,6,3,2012184,0,0
1017280,6,4,2012184,0,0
1017280,6,5,2012186,0,0
1017280,7,5,2012186,0,0
1017280,7,6,2012186,0,0
1017280,7,7,2012186,0,0
1017280,7,8,2012186,0,0
1017280,7,9,2012186,0,0
1017280,7,10,2012186,0,0
1017290,5,0,2012270,0,0
1017290,6,0,2012270,0,0
1017290,6,1,2012272,0,0
1017290,6,2,2012272,0,0
1017290,6,3,2012274,0,0
1017290,6,4,2012274,0,0
1017290,6,5,2012276,0,0
1017290,7,5,2012276,0,0
1017290,7,6,2012276,0,0
1017290,7,7,2012276,0,0
1017290,7,8,2012276,0,0
1017290,7,9,2012276,0,0
1017290,7,10,2012276,0,0
1017300,5,0,2012300,0,0
1017300,6,0,2012300,2012301,0
1017300,6,1,2012302,2012301,0
1017300,6,2,2012302,2012303,0
1017300,6,3,2012304,2012303,0
1017300,6,4,2012304,2012305,0
1017300,6,5,2012306,2012305,0
1017300,7,5,2012306,2012305,0
1017300,7,6,2012306,2012305,0
1017300,7,7,2012306,2012305,0
1017300,7,8,2012306,2012305,0
1017300,7,9,2012306,2012305,0
1017300,7,10,2012306,2012305,0
1018010,5,0,2010120,0,0
1018010,6,0,2010120,0,0
1018010,6,1,2010122,0,0
1018010,6,2,2010122,0,0
1018010,6,3,2010124,0,0
1018010,6,4,2010124,0,0
1018010,6,5,2010126,0,0
1018010,7,5,2010126,0,0
1018010,7,6,2010126,0,0
1018010,7,7,2010126,0,0
1018010,7,8,2010126,0,0
1018010,7,9,2010126,0,0
1018010,7,10,2010126,0,0
1018020,5,0,2010130,0,0
1018020,6,0,2010130,0,0
1018020,6,1,2010132,0,0
1018020,6,2,2010132,0,0
1018020,6,3,2010134,0,0
1018020,6,4,2010134,0,0
1018020,6,5,2010136,0,0
1018020,7,5,2010136,0,0
1018020,7,6,2010136,0,0
1018020,7,7,2010136,0,0
1018020,7,8,2010136,0,0
1018020,7,9,2010136,0,0
1018020,7,10,2010136,0,0
1018030,5,0,2010410,0,0
1018030,6,0,2010410,0,0
1018030,6,1,2010412,0,0
1018030,6,2,2010412,0,0
1018030,6,3,2010414,0,0
1018030,6,4,2010414,0,0
1018030,6,5,2010416,0,0
1018030,7,5,2010416,0,0
1018030,7,6,2010416,0,0
1018030,7,7,2010416,0,0
1018030,7,8,2010416,0,0
1018030,7,9,2010416,0,0
1018030,7,10,2010416,0,0
1018040,5,0,2010730,0,0
1018040,6,0,2010730,0,0
1018040,6,1,2010732,0,0
1018040,6,2,2010732,0,0
1018040,6,3,2010734,0,0
1018040,6,4,2010734,0,0
1018040,6,5,2010736,0,0
1018040,7,5,2010736,0,0
1018040,7,6,2010736,0,0
1018040,7,7,2010736,0,0
1018040,7,8,2010736,0,0
1018040,7,9,2010736,0,0
1018040,7,10,2010736,0,0
1018050,5,0,2010990,0,0
1018050,6,0,2010990,0,0
1018050,6,1,2010992,0,0
1018050,6,2,2010992,0,0
1018050,6,3,2010994,0,0
1018050,6,4,2010994,0,0
1018050,6,5,2010996,0,0
1018050,7,5,2010996,0,0
1018050,7,6,2010996,0,0
1018050,7,7,2010996,0,0
1018050,7,8,2010996,0,0
1018050,7,9,2010996,0,0
1018050,7,10,2010996,0,0
1018060,5,0,2011340,0,0
1018060,6,0,2011340,0,0
1018060,6,1,2011342,0,0
1018060,6,2,2011342,0,0
1018060,6,3,2011344,0,0
1018060,6,4,2011344,0,0
1018060,6,5,2011346,0,0
1018060,7,5,2011346,0,0
1018060,7,6,2011346,0,0
1018060,7,7,2011346,0,0
1018060,7,8,2011346,0,0
1018060,7,9,2011346,0,0
1018060,7,10,2011346,0,0
1018070,5,0,2011370,0,0
1018070,6,0,2011370,0,0
1018070,6,1,2011372,0,0
1018070,6,2,2011372,0,0
1018070,6,3,2011374,0,0
1018070,6,4,2011374,0,0
1018070,6,5,2011376,0,0
1018070,7,5,2011376,0,0
1018070,7,6,2011376,0,0
1018070,7,7,2011376,0,0
1018070,7,8,2011376,0,0
1018070,7,9,2011376,0,0
1018070,7,10,2011376,0,0
1018080,5,0,2011590,0,0
1018080,6,0,2011590,0,0
1018080,6,1,2011592,0,0
1018080,6,2,2011592,0,0
1018080,6,3,2011594,0,0
1018080,6,4,2011594,0,0
1018080,6,5,2011596,0,0
1018080,7,5,2011596,0,0
1018080,7,6,2011596,0,0
1018080,7,7,2011596,0,0
1018080,7,8,2011596,0,0
1018080,7,9,2011596,0,0
1018080,7,10,2011596,0,0
1018090,5,0,2011750,0,0
1018090,6,0,2011750,0,0
1018090,6,1,2011752,0,0
1018090,6,2,2011752,0,0
1018090,6,3,2011754,0,0
1018090,6,4,2011754,0,0
1018090,6,5,2011756,0,0
1018090,7,5,2011756,0,0
1018090,7,6,2011756,0,0
1018090,7,7,2011756,0,0
1018090,7,8,2011756,0,0
1018090,7,9,2011756,0,0
1018090,7,10,2011756,0,0
1018100,5,0,2011910,0,0
1018100,6,0,2011910,0,0
1018100,6,1,2011912,0,0
1018100,6,2,2011912,0,0
1018100,6,3,2011914,0,0
1018100,6,4,2011914,0,0
1018100,6,5,2011916,0,0
1018100,7,5,2011916,0,0
1018100,7,6,2011916,0,0
1018100,7,7,2011916,0,0
1018100,7,8,2011916,0,0
1018100,7,9,2011916,0,0
1018100,7,10,2011916,0,0
1018110,5,0,2012150,0,0
1018110,6,0,2012150,0,0
1018110,6,1,2012152,0,0
1018110,6,2,2012152,0,0
1018110,6,3,2012154,0,0
1018110,6,4,2012154,0,0
1018110,6,5,2012156,0,0
1018110,7,5,2012156,0,0
1018110,7,6,2012156,0,0
1018110,7,7,2012156,0,0
1018110,7,8,2012156,0,0
1018110,7,9,2012156,0,0
1018110,7,10,2012156,0,0
1019010,5,0,2010250,0,0
1019010,6,0,2010250,0,0
1019010,6,1,2010252,0,0
1019010,6,2,2010252,0,0
1019010,6,3,2010254,0,0
1019010,6,4,2010254,0,0
1019010,6,5,2010256,0,0
1019010,7,5,2010256,0,0
1019010,7,6,2010256,0,0
1019010,7,7,2010256,0,0
1019010,7,8,2010256,0,0
1019010,7,9,2010256,0,0
1019010,7,10,2010256,0,0
1019020,5,0,2010590,0,0
1019020,6,0,2010590,0,0
1019020,6,1,2010592,0,0
1019020,6,2,2010592,0,0
1019020,6,3,2010594,0,0
1019020,6,4,2010594,0,0
1019020,6,5,2010596,0,0
1019020,7,5,2010596,0,0
1019020,7,6,2010596,0,0
1019020,7,7,2010596,0,0
1019020,7,8,2010596,0,0
1019020,7,9,2010596,0,0
1019020,7,10,2010596,0,0
1020010,5,0,2010280,0,0
1020010,6,0,2010280,0,0
1020010,6,1,2010282,0,0
1020010,6,2,2010282,0,0
1020010,6,3,2010284,0,0
1020010,6,4,2010284,0,0
1020010,6,5,2010286,0,0
1020010,7,5,2010286,0,0
1020010,7,6,2010286,0,0
1020010,7,7,2010286,0,0
1020010,7,8,2010286,0,0
1020010,7,9,2010286,0,0
1020010,7,10,2010286,0,0
1021010,5,0,2010220,0,0
1021010,6,0,2010220,0,0
1021010,6,1,2010222,0,0
1021010,6,2,2010222,0,0
1021010,6,3,2010224,0,0
1021010,6,4,2010224,0,0
1021010,6,5,2010226,0,0
1021010,7,5,2010226,0,0
1021010,7,6,2010226,0,0
1021010,7,7,2010226,0,0
1021010,7,8,2010226,0,0
1021010,7,9,2010226,0,0
1021010,7,10,2010226,0,0
1021020,5,0,2010490,0,0
1021020,6,0,2010490,0,0
1021020,6,1,2010492,0,0
1021020,6,2,2010492,0,0
1021020,6,3,2010494,0,0
1021020,6,4,2010494,0,0
1021020,6,5,2010496,0,0
1021020,7,5,2010496,0,0
1021020,7,6,2010496,0,0
1021020,7,7,2010496,0,0
1021020,7,8,2010496,0,0
1021020,7,9,2010496,0,0
1021020,7,10,2010496,0,0
1021030,5,0,2011130,0,0
1021030,6,0,2011130,0,0
1021030,6,1,2011132,0,0
1021030,6,2,2011132,0,0
1021030,6,3,2011134,0,0
1021030,6,4,2011134,0,0
1021030,6,5,2011136,0,0
1021030,7,5,2011136,0,0
1021030,7,6,2011136,0,0
1021030,7,7,2011136,0,0
1021030,7,8,2011136,0,0
1021030,7,9,2011136,0,0
1021030,7,10,2011136,0,0
1021040,5,0,2011520,0,0
1021040,6,0,2011520,0,0
1021040,6,1,2011522,0,0
1021040,6,2,2011522,0,0
1021040,6,3,2011524,0,0
1021040,6,4,2011524,0,0
1021040,6,5,2011526,0,0
1021040,7,5,2011526,0,0
1021040,7,6,2011526,0,0
1021040,7,7,2011526,0,0
1021040,7,8,2011526,0,0
1021040,7,9,2011526,0,0
1021040,7,10,2011526,0,0
1021050,5,0,2012000,0,0
1021050,6,0,2012000,2012001,0
1021050,6,1,2012002,2012001,0
1021050,6,2,2012002,2012003,0
1021050,6,3,2012004,2012003,0
1021050,6,4,2012004,2012005,0
1021050,6,5,2012006,2012005,0
1021050,7,5,2012006,2012005,0
1021050,7,6,2012006,2012005,0
1021050,7,7,2012006,2012005,0
1021050,7,8,2012006,2012005,0
1021050,7,9,2012006,2012005,0
1021050,7,10,2012006,2012005,0
1021060,5,0,2012070,0,0
1021060,6,0,2012070,0,0
1021060,6,1,2012072,0,0
1021060,6,2,2012072,0,0
1021060,6,3,2012074,0,0
1021060,6,4,2012074,0,0
1021060,6,5,2012076,0,0
1021060,7,5,2012076,0,0
1021060,7,6,2012076,0,0
1021060,7,7,2012076,0,0
1021060,7,8,2012076,0,0
1021060,7,9,2012076,0,0
1021060,7,10,2012076,0,0
1021070,5,0,2012190,0,0
1021070,6,0,2012190,0,0
1021070,6,1,2012192,0,0
1021070,6,2,2012192,0,0
1021070,6,3,2012194,0,0
1021070,6,4,2012194,0,0
1021070,6,5,2012196,0,0
1021070,7,5,2012196,0,0
1021070,7,6,2012196,0,0
1021070,7,7,2012196,0,0
1021070,7,8,2012196,0,0
1021070,7,9,2012196,0,0
1021070,7,10,2012196,0,0
1022010,5,0,2010290,0,0
1022010,6,0,2010290,0,0
1022010,6,1,2010292,0,0
1022010,6,2,2010292,0,0
1022010,6,3,2010294,0,0
1022010,6,4,2010294,0,0
1022010,6,5,2010296,0,0
1022010,7,5,2010296,0,0
1022010,7,6,2010296,0,0
1022010,7,7,2010296,0,0
1022010,7,8,2010296,0,0
1022010,7,9,2010296,0,0
1022010,7,10,2010296,0,0
1024010,5,0,2010830,0,0
1024010,6,0,2010830,0,0
1024010,6,1,2010832,0,0
1024010,6,2,2010832,0,0
1024010,6,3,2010834,0,0
1024010,6,4,2010834,0,0
1024010,6,5,2010836,0,0
1024010,7,5,2010836,0,0
1024010,7,6,2010836,0,0
1024010,7,7,2010836,0,0
1024010,7,8,2010836,0,0
1024010,7,9,2010836,0,0
1024010,7,10,2010836,0,0
1027010,5,0,2011260,0,0
1027010,6,0,2011260,0,0
1027010,6,1,2011262,0,0
1027010,6,2,2011262,0,0
1027010,6,3,2011264,0,0
1027010,6,4,2011264,0,0
1027010,6,5,2011266,0,0
1027010,7,5,2011266,0,0
1027010,7,6,2011266,0,0
1027010,7,7,2011266,0,0
1027010,7,8,2011266,0,0
1027010,7,9,2011266,0,0
1027010,7,10,2011266,0,0
1027020,5,0,2011900,0,0
1027020,6,0,2011900,0,0
1027020,6,1,2011902,0,0
1027020,6,2,2011902,0,0
1027020,6,3,2011904,0,0
1027020,6,4,2011904,0,0
1027020,6,5,2011906,0,0
1027020,7,5,2011906,0,0
1027020,7,6,2011906,0,0
1027020,7,7,2011906,0,0
1027020,7,8,2011906,0,0
1027020,7,9,2011906,0,0
1027020,7,10,2011906,0,0
1032010,5,0,2011090,0,0
1032010,6,0,2011090,0,0
1032010,6,1,2011092,0,0
1032010,6,2,2011092,0,0
1032010,6,3,2011094,0,0
1032010,6,4,2011094,0,0
1032010,6,5,2011096,0,0
1032010,7,5,2011096,0,0
1032010,7,6,2011096,0,0
1032010,7,7,2011096,0,0
1032010,7,8,2011096,0,0
1032010,7,9,2011096,0,0
1032010,7,10,2011096,0,0
1032020,5,0,2011690,0,0
1032020,6,0,2011690,0,0
1032020,6,1,2011692,0,0
1032020,6,2,2011692,0,0
1032020,6,3,2011694,0,0
1032020,6,4,2011694,0,0
1032020,6,5,2011696,0,0
1032020,7,5,2011696,0,0
1032020,7,6,2011696,0,0
1032020,7,7,2011696,0,0
1032020,7,8,2011696,0,0
1032020,7,9,2011696,0,0
1032020,7,10,2011696,0,0
1033010,5,0,2010260,0,0
1033010,6,0,2010260,0,0
1033010,6,1,2010262,0,0
1033010,6,2,2010262,0,0
1033010,6,3,2010264,0,0
1033010,6,4,2010264,0,0
1033010,6,5,2010266,0,0
1033010,7,5,2010266,0,0
1033010,7,6,2010266,0,0
1033010,7,7,2010266,0,0
1033010,7,8,2010266,0,0
1033010,7,9,2010266,0,0
1033010,7,10,2010266,0,0
1037010,5,0,2011560,0,0
1037010,6,0,2011560,0,0
1037010,6,1,2011562,0,0
1037010,6,2,2011562,0,0
1037010,6,3,2011564,0,0
1037010,6,4,2011564,0,0
1037010,6,5,2011566,0,0
1037010,7,5,2011566,0,0
1037010,7,6,2011566,0,0
1037010,7,7,2011566,0,0
1037010,7,8,2011566,0,0
1037010,7,9,2011566,0,0
1037010,7,10,2011566,0,0
1040010,5,0,2010880,0,0
1040010,6,0,2010880,0,0
1040010,6,1,2010882,0,0
1040010,6,2,2010882,0,0
1040010,6,3,2010884,0,0
1040010,6,4,2010884,0,0
1040010,6,5,2010886,0,0
1040010,7,5,2010886,0,0
1040010,7,6,2010886,0,0
1040010,7,7,2010886,0,0
1040010,7,8,2010886,0,0
1040010,7,9,2010886,0,0
1040010,7,10,2010886,0,0
1040020,5,0,2011600,0,0
1040020,6,0,2011600,0,0
1040020,6,1,2011602,0,0
1040020,6,2,2011602,0,0
1040020,6,3,2011604,0,0
1040020,6,4,2011604,0,0
1040020,6,5,2011606,0,0
1040020,7,5,2011606,0,0
1040020,7,6,2011606,0,0
1040020,7,7,2011606,0,0
1040020,7,8,2011606,0,0
1040020,7,9,2011606,0,0
1040020,7,10,2011606,0,0
1040030,5,0,2012170,0,0
1040030,6,0,2012170,0,0
1040030,6,1,2012172,0,0
1040030,6,2,2012172,0,0
1040030,6,3,2012174,0,0
1040030,6,4,2012174,0,0
1040030,6,5,2012176,0,0
1040030,7,5,2012176,0,0
1040030,7,6,2012176,0,0
1040030,7,7,2012176,0,0
1040030,7,8,2012176,0,0
1040030,7,9,2012176,0,0
1040030,7,10,2012176,0,0
1044010,5,0,2011150,0,0
1044010,6,0,2011150,0,0
1044010,6,1,2011152,0,0
1044010,6,2,2011152,0,0
1044010,6,3,2011154,0,0
1044010,6,4,2011154,0,0
1044010,6,5,2011156,0,0
1044010,7,5,2011156,0,0
1044010,7,6,2011156,0,0
1044010,7,7,2011156,0,0
1044010,7,8,2011156,0,0
1044010,7,9,2011156,0,0
1044010,7,10,2011156,0,0
1044020,5,0,2011770,0,0
1044020,6,0,2011770,0,0
1044020,6,1,2011772,0,0
1044020,6,2,2011772,0,0
1044020,6,3,2011774,0,0
1044020,6,4,2011774,0,0
1044020,6,5,2011776,0,0
1044020,7,5,2011776,0,0
1044020,7,6,2011776,0,0
1044020,7,7,2011776,0,0
1044020,7,8,2011776,0,0
1044020,7,9,2011776,0,0
1044020,7,10,2011776,0,0
1049020,5,0,2010510,0,0
1049020,6,0,2010510,0,0
1049020,6,1,2010512,0,0
1049020,6,2,2010512,0,0
1049020,6,3,2010514,0,0
1049020,6,4,2010514,0,0
1049020,6,5,2010516,0,0
1049020,7,5,2010516,0,0
1049020,7,6,2010516,0,0
1049020,7,7,2010516,0,0
1049020,7,8,2010516,0,0
1049020,7,9,2010516,0,0
1049020,7,10,2010516,0,0
1049030,5,0,2010630,0,0
1049030,6,0,2010630,0,0
1049030,6,1,2010632,0,0
1049030,6,2,2010632,0,0
1049030,6,3,2010634,0,0
1049030,6,4,2010634,0,0
1049030,6,5,2010636,0,0
1049030,7,5,2010636,0,0
1049030,7,6,2010636,0,0
1049030,7,7,2010636,0,0
1049030,7,8,2010636,0,0
1049030,7,9,2010636,0,0
1049030,7,10,2010636,0,0
1049040,5,0,2011470,0,0
1049040,6,0,2011470,0,0
1049040,6,1,2011472,0,0
1049040,6,2,2011472,0,0
1049040,6,3,2011474,0,0
1049040,6,4,2011474,0,0
1049040,6,5,2011476,0,0
1049040,7,5,2011476,0,0
1049040,7,6,2011476,0,0
1049040,7,7,2011476,0,0
1049040,7,8,2011476,0,0
1049040,7,9,2011476,0,0
1049040,7,10,2011476,0,0
1049050,5,0,2012260,0,0
1049050,6,0,2012260,0,0
1049050,6,1,2012262,0,0
1049050,6,2,2012262,0,0
1049050,6,3,2012264,0,0
1049050,6,4,2012264,0,0
1049050,6,5,2012266,0,0
1049050,7,5,2012266,0,0
1049050,7,6,2012266,0,0
1049050,7,7,2012266,0,0
1049050,7,8,2012266,0,0
1049050,7,9,2012266,0,0
1049050,7,10,2012266,0,0
1083010,5,0,2010210,0,0
1083010,6,0,2010210,0,0
1083010,6,1,2010212,0,0
1083010,6,2,2010212,0,0
1083010,6,3,2010214,0,0
1083010,6,4,2010214,0,0
1083010,6,5,2010216,0,0
1083010,7,5,2010216,0,0
1083010,7,6,2010216,0,0
1083010,7,7,2010216,0,0
1083010,7,8,2010216,0,0
1083010,7,9,2010216,0,0
1083010,7,10,2010216,0,0
1083020,5,0,2010550,0,0
1083020,6,0,2010550,0,0
1083020,6,1,2010552,0,0
1083020,6,2,2010552,0,0
1083020,6,3,2010554,0,0
1083020,6,4,2010554,0,0
1083020,6,5,2010556,0,0
1083020,7,5,2010556,0,0
1083020,7,6,2010556,0,0
1083020,7,7,2010556,0,0
1083020,7,8,2010556,0,0
1083020,7,9,2010556,0,0
1083020,7,10,2010556,0,0
1083030,5,0,2010970,0,0
1083030,6,0,2010970,0,0
1083030,6,1,2010972,0,0
1083030,6,2,2010972,0,0
1083030,6,3,2010974,0,0
1083030,6,4,2010974,0,0
1083030,6,5,2010976,0,0
1083030,7,5,2010976,0,0
1083030,7,6,2010976,0,0
1083030,7,7,2010976,0,0
1083030,7,8,2010976,0,0
1083030,7,9,2010976,0,0
1083030,7,10,2010976,0,0
1083040,5,0,2011290,0,0
1083040,6,0,2011290,0,0
1083040,6,1,2011292,0,0
1083040,6,2,2011292,0,0
1083040,6,3,2011294,0,0
1083040,6,4,2011294,0,0
1083040,6,5,2011296,0,0
1083040,7,5,2011296,0,0
1083040,7,6,2011296,0,0
1083040,7,7,2011296,0,0
1083040,7,8,2011296,0,0
1083040,7,9,2011296,0,0
1083040,7,10,2011296,0,0
1083050,5,0,2011420,0,0
1083050,6,0,2011420,0,0
1083050,6,1,2011422,0,0
1083050,6,2,2011422,0,0
1083050,6,3,2011424,0,0
1083050,6,4,2011424,0,0
1083050,6,5,2011426,0,0
1083050,7,5,2011426,0,0
1083050,7,6,2011426,0,0
1083050,7,7,2011426,0,0
1083050,7,8,2011426,0,0
1083050,7,9,2011426,0,0
1083050,7,10,2011426,0,0
1083060,5,0,2011840,0,0
1083060,6,0,2011840,0,0
1083060,6,1,2011842,0,0
1083060,6,2,2011842,0,0
1083060,6,3,2011844,0,0
1083060,6,4,2011844,0,0
1083060,6,5,2011846,0,0
1083060,7,5,2011846,0,0
1083060,7,6,2011846,0,0
1083060,7,7,2011846,0,0
1083060,7,8,2011846,0,0
1083060,7,9,2011846,0,0
1083060,7,10,2011846,0,0
1083070,5,0,2012060,0,0
1083070,6,0,2012060,0,0
1083070,6,1,2012062,0,0
1083070,6,2,2012062,0,0
1083070,6,3,2012064,0,0
1083070,6,4,2012064,0,0
1083070,6,5,2012066,0,0
1083070,7,5,2012066,0,0
1083070,7,6,2012066,0,0
1083070,7,7,2012066,0,0
1083070,7,8,2012066,0,0
1083070,7,9,2012066,0,0
1083070,7,10,2012066,0,0
1084010,5,0,2010230,0,0
1084010,6,0,2010230,0,0
1084010,6,1,2010232,0,0
1084010,6,2,2010232,0,0
1084010,6,3,2010234,0,0
1084010,6,4,2010234,0,0
1084010,6,5,2010236,0,0
1084010,7,5,2010236,0,0
1084010,7,6,2010236,0,0
1084010,7,7,2010236,0,0
1084010,7,8,2010236,0,0
1084010,7,9,2010236,0,0
1084010,7,10,2010236,0,0
1084020,5,0,2010560,0,0
1084020,6,0,2010560,0,0
1084020,6,1,2010562,0,0
1084020,6,2,2010562,0,0
1084020,6,3,2010564,0,0
1084020,6,4,2010564,0,0
1084020,6,5,2010566,0,0
1084020,7,5,2010566,0,0
1084020,7,6,2010566,0,0
1084020,7,7,2010566,0,0
1084020,7,8,2010566,0,0
1084020,7,9,2010566,0,0
1084020,7,10,2010566,0,0
1084030,5,0,2011450,0,0
1084030,6,0,2011450,0,0
1084030,6,1,2011452,0,0
1084030,6,2,2011452,0,0
1084030,6,3,2011454,0,0
1084030,6,4,2011454,0,0
1084030,6,5,2011456,0,0
1084030,7,5,2011456,0,0
1084030,7,6,2011456,0,0
1084030,7,7,2011456,0,0
1084030,7,8,2011456,0,0
1084030,7,9,2011456,0,0
1084030,7,10,2011456,0,0
1084040,5,0,2011940,0,0
1084040,6,0,2011940,0,0
1084040,6,1,2011942,0,0
1084040,6,2,2011942,0,0
1084040,6,3,2011944,0,0
1084040,6,4,2011944,0,0
1084040,6,5,2011946,0,0
1084040,7,5,2011946,0,0
1084040,7,6,2011946,0,0
1084040,7,7,2011946,0,0
1084040,7,8,2011946,0,0
1084040,7,9,2011946,0,0
1084040,7,10,2011946,0,0
1085010,5,0,2010150,0,0
1085010,6,0,2010150,0,0
1085010,6,1,2010152,0,0
1085010,6,2,2010152,0,0
1085010,6,3,2010154,0,0
1085010,6,4,2010154,0,0
1085010,6,5,2010156,0,0
1085010,7,5,2010156,0,0
1085010,7,6,2010156,0,0
1085010,7,7,2010156,0,0
1085010,7,8,2010156,0,0
1085010,7,9,2010156,0,0
1085010,7,10,2010156,0,0
1085020,5,0,2010160,0,0
1085020,6,0,2010160,0,0
1085020,6,1,2010162,0,0
1085020,6,2,2010162,0,0
1085020,6,3,2010164,0,0
1085020,6,4,2010164,0,0
1085020,6,5,2010166,0,0
1085020,7,5,2010166,0,0
1085020,7,6,2010166,0,0
1085020,7,7,2010166,0,0
1085020,7,8,2010166,0,0
1085020,7,9,2010166,0,0
1085020,7,10,2010166,0,0
1085030,5,0,2010300,0,0
1085030,6,0,2010300,0,0
1085030,6,1,2010302,0,0
1085030,6,2,2010302,0,0
1085030,6,3,2010304,0,0
1085030,6,4,2010304,0,0
1085030,6,5,2010306,0,0
1085030,7,5,2010306,0,0
1085030,7,6,2010306,0,0
1085030,7,7,2010306,0,0
1085030,7,8,2010306,0,0
1085030,7,9,2010306,0,0
1085030,7,10,2010306,0,0
1085040,5,0,2010420,0,0
1085040,6,0,2010420,0,0
1085040,6,1,2010422,0,0
1085040,6,2,2010422,0,0
1085040,6,3,2010424,0,0
1085040,6,4,2010424,0,0
1085040,6,5,2010426,0,0
1085040,7,5,2010426,0,0
1085040,7,6,2010426,0,0
1085040,7,7,2010426,0,0
1085040,7,8,2010426,0,0
1085040,7,9,2010426,0,0
1085040,7,10,2010426,0,0
1085050,5,0,2010540,0,0
1085050,6,0,2010540,0,0
1085050,6,1,2010542,0,0
1085050,6,2,2010542,0,0
1085050,6,3,2010544,0,0
1085050,6,4,2010544,0,0
1085050,6,5,2010546,0,0
1085050,7,5,2010546,0,0
1085050,7,6,2010546,0,0
1085050,7,7,2010546,0,0
1085050,7,8,2010546,0,0
1085050,7,9,2010546,0,0
1085050,7,10,2010546,0,0
1085060,5,0,2010850,0,0
1085060,6,0,2010850,0,0
1085060,6,1,2010852,0,0
1085060,6,2,2010852,0,0
1085060,6,3,2010854,0,0
1085060,6,4,2010854,0,0
1085060,6,5,2010856,0,0
1085060,7,5,2010856,0,0
1085060,7,6,2010856,0,0
1085060,7,7,2010856,0,0
1085060,7,8,2010856,0,0
1085060,7,9,2010856,0,0
1085060,7,10,2010856,0,0
1085070,5,0,2010930,0,0
1085070,6,0,2010930,0,0
1085070,6,1,2010932,0,0
1085070,6,2,2010932,0,0
1085070,6,3,2010934,0,0
1085070,6,4,2010934,0,0
1085070,6,5,2010936,0,0
1085070,7,5,2010936,0,0
1085070,7,6,2010936,0,0
1085070,7,7,2010936,0,0
1085070,7,8,2010936,0,0
1085070,7,9,2010936,0,0
1085070,7,10,2010936,0,0
1085080,5,0,2011010,0,0
1085080,6,0,2011010,0,0
1085080,6,1,2011012,0,0
1085080,6,2,2011012,0,0
1085080,6,3,2011014,0,0
1085080,6,4,2011014,0,0
1085080,6,5,2011016,0,0
1085080,7,5,2011016,0,0
1085080,7,6,2011016,0,0
1085080,7,7,2011016,0,0
1085080,7,8,2011016,0,0
1085080,7,9,2011016,0,0
1085080,7,10,2011016,0,0
1085090,5,0,2011140,0,0
1085090,6,0,2011140,0,0
1085090,6,1,2011142,0,0
1085090,6,2,2011142,0,0
1085090,6,3,2011144,0,0
1085090,6,4,2011144,0,0
1085090,6,5,2011146,0,0
1085090,7,5,2011146,0,0
1085090,7,6,2011146,0,0
1085090,7,7,2011146,0,0
1085090,7,8,2011146,0,0
1085090,7,9,2011146,0,0
1085090,7,10,2011146,0,0
1085100,5,0,2011400,0,0
1085100,6,0,2011400,0,0
1085100,6,1,2011402,0,0
1085100,6,2,2011402,0,0
1085100,6,3,2011404,0,0
1085100,6,4,2011404,0,0
1085100,6,5,2011406,0,0
1085100,7,5,2011406,0,0
1085100,7,6,2011406,0,0
1085100,7,7,2011406,0,0
1085100,7,8,2011406,0,0
1085100,7,9,2011406,0,0
1085100,7,10,2011406,0,0
1085110,5,0,2011460,0,0
1085110,6,0,2011460,0,0
1085110,6,1,2011462,0,0
1085110,6,2,2011462,0,0
1085110,6,3,2011464,0,0
1085110,6,4,2011464,0,0
1085110,6,5,2011466,0,0
1085110,7,5,2011466,0,0
1085110,7,6,2011466,0,0
1085110,7,7,2011466,0,0
1085110,7,8,2011466,0,0
1085110,7,9,2011466,0,0
1085110,7,10,2011466,0,0
1085120,5,0,2011640,0,0
1085120,6,0,2011640,2011641,0
1085120,6,1,2011642,2011641,0
1085120,6,2,2011642,2011643,0
1085120,6,3,2011644,2011643,0
1085120,6,4,2011644,2011645,0
1085120,6,5,2011646,2011645,0
1085120,7,5,2011646,2011645,0
1085120,7,6,2011646,2011645,0
1085120,7,7,2011646,2011645,0
1085120,7,8,2011646,2011645,0
1085120,7,9,2011646,2011645,0
1085120,7,10,2011646,2011645,0
1085130,5,0,2011730,0,0
1085130,6,0,2011730,2011731,0
1085130,6,1,2011732,2011731,0
1085130,6,2,2011732,2011733,0
1085130,6,3,2011734,2011733,0
1085130,6,4,2011734,2011735,0
1085130,6,5,2011736,2011735,0
1085130,7,5,2011736,2011735,0
1085130,7,6,2011736,2011735,0
1085130,7,7,2011736,2011735,0
1085130,7,8,2011736,2011735,0
1085130,7,9,2011736,2011735,0
1085130,7,10,2011736,2011735,0
1085140,5,0,2011830,0,0
1085140,6,0,2011830,0,0
1085140,6,1,2011832,0,0
1085140,6,2,2011832,0,0
1085140,6,3,2011834,0,0
1085140,6,4,2011834,0,0
1085140,6,5,2011836,0,0
1085140,7,5,2011836,0,0
1085140,7,6,2011836,0,0
1085140,7,7,2011836,0,0
1085140,7,8,2011836,0,0
1085140,7,9,2011836,0,0
1085140,7,10,2011836,0,0
1085150,5,0,2012030,0,0
1085150,6,0,2012030,0,0
1085150,6,1,2012032,0,0
1085150,6,2,2012032,0,0
1085150,6,3,2012034,0,0
1085150,6,4,2012034,0,0
1085150,6,5,2012036,0,0
1085150,7,5,2012036,0,0
1085150,7,6,2012036,0,0
1085150,7,7,2012036,0,0
1085150,7,8,2012036,0,0
1085150,7,9,2012036,0,0
1085150,7,10,2012036,0,0
1085160,5,0,2012120,0,0
1085160,6,0,2012120,2012121,0
1085160,6,1,2012122,2012121,0
1085160,6,2,2012122,2012123,0
1085160,6,3,2012124,2012123,0
1085160,6,4,2012124,2012125,0
1085160,6,5,2012126,2012125,0
1085160,7,5,2012126,2012125,0
1085160,7,6,2012126,2012125,0
1085160,7,7,2012126,2012125,0
1085160,7,8,2012126,2012125,0
1085160,7,9,2012126,2012125,0
1085160,7,10,2012126,2012125,0
1085170,5,0,2012250,0,0
1085170,6,0,2012250,0,0
1085170,6,1,2012252,0,0
1085170,6,2,2012252,0,0
1085170,6,3,2012254,0,0
1085170,6,4,2012254,0,0
1085170,6,5,2012256,0,0
1085170,7,5,2012256,0,0
1085170,7,6,2012256,0,0
1085170,7,7,2012256,0,0
1085170,7,8,2012256,0,0
1085170,7,9,2012256,0,0
1085170,7,10,2012256,0,0
1085180,5,0,2012330,0,0
1085180,6,0,2012330,2012331,0
1085180,6,1,2012332,2012331,0
1085180,6,2,2012332,2012333,0
1085180,6,3,2012334,2012333,0
1085180,6,4,2012334,2012335,0
1085180,6,5,2012336,2012335,0
1085180,7,5,2012336,2012335,0
1085180,7,6,2012336,2012335,0
1085180,7,7,2012336,2012335,0
1085180,7,8,2012336,2012335,0
1085180,7,9,2012336,2012335,0
1085180,7,10,2012336,2012335,0
1089010,5,0,2011300,0,0
1089010,6,0,2011300,0,0
1089010,6,1,2011302,0,0
1089010,6,2,2011302,0,0
1089010,6,3,2011304,0,0
1089010,6,4,2011304,0,0
1089010,6,5,2011306,0,0
1089010,7,5,2011306,0,0
1089010,7,6,2011306,0,0
1089010,7,7,2011306,0,0
1089010,7,8,2011306,0,0
1089010,7,9,2011306,0,0
1089010,7,10,2011306,0,0
1090010,5,0,2011580,0,0
1090010,6,0,2011580,0,0
1090010,6,1,2011582,0,0
1090010,6,2,2011582,0,0
1090010,6,3,2011584,0,0
1090010,6,4,2011584,0,0
1090010,6,5,2011586,0,0
1090010,7,5,2011586,0,0
1090010,7,6,2011586,0,0
1090010,7,7,2011586,0,0
1090010,7,8,2011586,0,0
1090010,7,9,2011586,0,0
1090010,7,10,2011586,0,0
1090020,5,0,2012020,0,0
1090020,6,0,2012020,0,0
1090020,6,1,2012022,0,0
1090020,6,2,2012022,0,0
1090020,6,3,2012024,0,0
1090020,6,4,2012024,0,0
1090020,6,5,2012026,0,0
1090020,7,5,2012026,0,0
1090020,7,6,2012026,0,0
1090020,7,7,2012026,0,0
1090020,7,8,2012026,0,0
1090020,7,9,2012026,0,0
1090020,7,10,2012026,0,0
2001010,5,0,2020140,0,0
2001010,6,0,2020140,2020141,0
2001010,6,1,2020142,2020141,0
2001010,6,2,2020142,2020143,0
2001010,6,3,2020144,2020143,0
2001010,6,4,2020144,2020145,0
2001010,6,5,2020146,2020145,0
2001010,7,5,2020146,2020145,0
2001010,7,6,2020146,2020145,0
2001010,7,7,2020146,2020145,0
2001010,7,8,2020146,2020145,0
2001010,7,9,2020146,2020145,0
2001010,7,10,2020146,2020145,0
2001020,5,0,2020340,0,0
2001020,6,0,2020340,2020341,0
2001020,6,1,2020342,2020341,0
2001020,6,2,2020342,2020343,0
2001020,6,3,2020344,2020343,0
2001020,6,4,2020344,2020345,0
2001020,6,5,2020346,2020345,0
2001020,7,5,2020346,2020345,0
2001020,7,6,2020346,2020345,0
2001020,7,7,2020346,2020345,0
2001020,7,8,2020346,2020345,0
2001020,7,9,2020346,2020345,0
2001020,7,10,2020346,2020345,0
2001030,5,0,2020560,0,0
2001030,6,0,2020560,2020561,0
2001030,6,1,2020562,2020561,0
2001030,6,2,2020562,2020563,0
2001030,6,3,2020564,2020563,0
2001030,6,4,2020564,2020565,0
2001030,6,5,2020566,2020565,0
2001030,7,5,2020566,2020565,0
2001030,7,6,2020566,2020565,0
2001030,7,7,2020566,2020565,0
2001030,7,8,2020566,2020565,0
2001030,7,9,2020566,2020565,0
2001030,7,10,2020566,2020565,0
2001040,5,0,2021000,0,0
2001040,6,0,2021000,2021001,0
2001040,6,1,2021002,2021001,0
2001040,6,2,2021002,2021003,0
2001040,6,3,2021004,2021003,0
2001040,6,4,2021004,2021005,0
2001040,6,5,2021006,2021005,0
2001040,7,5,2021006,2021005,0
2001040,7,6,2021006,2021005,0
2001040,7,7,2021006,2021005,0
2001040,7,8,2021006,2021005,0
2001040,7,9,2021006,2021005,0
2001040,7,10,2021006,2021005,0
2001050,5,0,2021390,0,0
2001050,6,0,2021390,2021391,0
2001050,6,1,2021392,2021391,0
2001050,6,2,2021392,2021393,0
2001050,6,3,2021394,2021393,0
2001050,6,4,2021394,2021395,0
2001050,6,5,2021396,2021395,0
2001050,7,5,2021396,2021395,0
2001050,7,6,2021396,2021395,0
2001050,7,7,2021396,2021395,0
2001050,7,8,2021396,2021395,0
2001050,7,9,2021396,2021395,0
2001050,7,10,2021396,2021395,0
2001060,5,0,2021510,0,0
2001060,6,0,2021510,2021511,0
2001060,6,1,2021512,2021511,0
2001060,6,2,2021512,2021513,0
2001060,6,3,2021514,2021513,0
2001060,6,4,2021514,2021515,0
2001060,6,5,2021516,2021515,0
2001060,7,5,2021516,2021515,0
2001060,7,6,2021516,2021515,0
2001060,7,7,2021516,2021515,0
2001060,7,8,2021516,2021515,0
2001060,7,9,2021516,2021515,0
2001060,7,10,2021516,2021515,0
2001070,5,0,2021610,0,0
2001070,6,0,2021610,2021611,2021617
2001070,6,1,2021612,2021611,2021617
2001070,6,2,2021612,2021613,2021618
2001070,6,3,2021614,2021613,2021618
2001070,6,4,2021614,2021615,2021619
2001070,6,5,2021616,2021615,2021619
2001070,7,5,2021616,2021615,2021619
2001070,7,6,2021616,2021615,2021619
2001070,7,7,2021616,2021615,2021619
2001070,7,8,2021616,2021615,2021619
2001070,7,9,2021616,2021615,2021619
2001070,7,10,2021616,2021615,2021619
2001090,5,0,2021780,0,0
2001090,6,0,2021780,2021781,2021787
2001090,6,1,2021782,2021781,2021787
2001090,6,2,2021782,2021783,2021788
2001090,6,3,2021784,2021783,2021788
2001090,6,4,2021784,2021785,2021789
2001090,6,5,2021786,2021785,2021789
2001090,7,5,2021786,2021785,2021789
2001090,7,6,2021786,2021785,2021789
2001090,7,7,2021786,2021785,2021789
2001090,7,8,2021786,2021785,2021789
2001090,7,9,2021786,2021785,2021789
2001090,7,10,2021786,2021785,2021789
2002010,5,0,2020680,0,0
2002010,6,0,2020680,2020681,0
2002010,6,1,2020682,2020681,0
2002010,6,2,2020682,2020683,0
2002010,6,3,2020684,2020683,0
2002010,6,4,2020684,2020685,0
2002010,6,5,2020686,2020685,0
2002010,7,5,2020686,2020685,0
2002010,7,6,2020686,2020685,0
2002010,7,7,2020686,2020685,0
2002010,7,8,2020686,2020685,0
2002010,7,9,2020686,2020685,0
2002010,7,10,2020686,2020685,0
2002020,5,0,2021070,0,0
2002020,6,0,2021070,2021071,0
2002020,6,1,2021072,2021071,0
2002020,6,2,2021072,2021073,0
2002020,6,3,2021074,2021073,0
2002020,6,4,2021074,2021075,0
2002020,6,5,2021076,2021075,0
2002020,7,5,2021076,2021075,0
2002020,7,6,2021076,2021075,0
2002020,7,7,2021076,2021075,0
2002020,7,8,2021076,2021075,0
2002020,7,9,2021076,2021075,0
2002020,7,10,2021076,2021075,0
2002030,5,0,2021250,0,0
2002030,6,0,2021250,2021251,0
2002030,6,1,2021252,2021251,0
2002030,6,2,2021252,2021253,0
2002030,6,3,2021254,2021253,0
2002030,6,4,2021254,2021255,0
2002030,6,5,2021256,2021255,0
2002030,7,5,2021256,2021255,0
2002030,7,6,2021256,2021255,0
2002030,7,7,2021256,2021255,0
2002030,7,8,2021256,2021255,0
2002030,7,9,2021256,2021255,0
2002030,7,10,2021256,2021255,0
2002040,5,0,2021770,0,0
2002040,6,0,2021770,2021771,2021777
2002040,6,1,2021772,2021771,2021777
2002040,6,2,2021772,2021773,2021778
2002040,6,3,2021774,2021773,2021778
2002040,6,4,2021774,2021775,2021779
2002040,6,5,2021776,2021775,2021779
2002040,7,5,2021776,2021775,2021779
2002040,7,6,2021776,2021775,2021779
2002040,7,7,2021776,2021775,2021779
2002040,7,8,2021776,2021775,2021779
2002040,7,9,2021776,2021775,2021779
2002040,7,10,2021776,2021775,2021779
2003010,5,0,2020010,0,0
2003010,6,0,2020010,2020011,0
2003010,6,1,2020012,2020011,0
2003010,6,2,2020012,2020013,0
2003010,6,3,2020014,2020013,0
2003010,6,4,2020014,2020015,0
2003010,6,5,2020016,2020015,0
2003010,7,5,2020016,2020015,0
2003010,7,6,2020016,2020015,0
2003010,7,7,2020016,2020015,0
2003010,7,8,2020016,2020015,0
2003010,7,9,2020016,2020015,0
2003010,7,10,2020016,2020015,0
2003030,5,0,2020400,0,0
2003030,6,0,2020400,2020401,0
2003030,6,1,2020402,2020401,0
2003030,6,2,2020402,2020403,0
2003030,6,3,2020404,2020403,0
2003030,6,4,2020404,2020405,0
2003030,6,5,2020406,2020405,0
2003030,7,5,2020406,2020405,0
2003030,7,6,2020406,2020405,0
2003030,7,7,2020406,2020405,0
2003030,7,8,2020406,2020405,0
2003030,7,9,2020406,2020405,0
2003030,7,10,2020406,2020405,0
2003040,5,0,2020500,0,0
2003040,6,0,2020500,2020501,0
2003040,6,1,2020502,2020501,0
2003040,6,2,2020502,2020503,0
2003040,6,3,2020504,2020503,0
2003040,6,4,2020504,2020505,0
2003040,6,5,2020506,2020505,0
2003040,7,5,2020506,2020505,0
2003040,7,6,2020506,2020505,0
2003040,7,7,2020506,2020505,0
2003040,7,8,2020506,2020505,0
2003040,7,9,2020506,2020505,0
2003040,7,10,2020506,2020505,0
2003050,5,0,2020540,0,0
2003050,6,0,2020540,2020541,0
2003050,6,1,2020542,2020541,0
2003050,6,2,2020542,2020543,0
2003050,6,3,2020544,2020543,0
2003050,6,4,2020544,2020545,0
2003050,6,5,2020546,2020545,0
2003050,7,5,2020546,2020545,0
2003050,7,6,2020546,2020545,0
2003050,7,7,2020546,2020545,0
2003050,7,8,2020546,2020545,0
2003050,7,9,2020546,2020545,0
2003050,7,10,2020546,2020545,0
2003060,5,0,2021090,0,0
2003060,6,0,2021090,2021091,0
2003060,6,1,2021092,2021091,0
2003060,6,2,2021092,2021093,0
2003060,6,3,2021094,2021093,0
2003060,6,4,2021094,2021095,0
2003060,6,5,2021096,2021095,0
2003060,7,5,2021096,2021095,0
2003060,7,6,2021096,2021095,0
2003060,7,7,2021096,2021095,0
2003060,7,8,2021096,2021095,0
2003060,7,9,2021096,2021095,0
2003060,7,10,2021096,2021095,0
2003070,5,0,2021210,0,0
2003070,6,0,2021210,2021211,0
2003070,6,1,2021212,2021211,0
2003070,6,2,2021212,2021213,0
2003070,6,3,2021214,2021213,0
2003070,6,4,2021214,2021215,0
2003070,6,5,2021216,2021215,0
2003070,7,5,2021216,2021215,0
2003070,7,6,2021216,2021215,0
2003070,7,7,2021216,2021215,0
2003070,7,8,2021216,2021215,0
2003070,7,9,2021216,2021215,0
2003070,7,10,2021216,2021215,0
2003080,5,0,2021260,0,0
2003080,6,0,2021260,2021261,2021267
2003080,6,1,2021262,2021261,2021267
2003080,6,2,2021262,2021263,2021268
2003080,6,3,2021264,2021263,2021268
2003080,6,4,2021264,2021265,2021269
2003080,6,5,2021266,2021265,2021269
2003080,7,5,2021266,2021265,2021269
2003080,7,6,2021266,2021265,2021269
2003080,7,7,2021266,2021265,2021269
2003080,7,8,2021266,2021265,2021269
2003080,7,9,2021266,2021265,2021269
2003080,7,10,2021266,2021265,2021269
2003090,5,0,2021330,0,0
2003090,6,0,2021330,2021331,2021337
2003090,6,1,2021332,2021331,2021337
2003090,6,2,2021332,2021333,2021338
2003090,6,3,2021334,2021333,2021338
2003090,6,4,2021334,2021335,2021339
2003090,6,5,2021336,2021335,2021339
2003090,7,5,2021336,2021335,2021339
2003090,7,6,2021336,2021335,2021339
2003090,7,7,2021336,2021335,2021339
2003090,7,8,2021336,2021335,2021339
2003090,7,9,2021336,2021335,2021339
2003090,7,10,2021336,2021335,2021339
2003100,5,0,2021530,0,0
2003100,6,0,2021530,2021531,2021537
2003100,6,1,2021532,2021531,2021537
2003100,6,2,2021532,2021533,2021538
2003100,6,3,2021534,2021533,2021538
2003100,6,4,2021534,2021535,2021539
2003100,6,5,2021536,2021535,2021539
2003100,7,5,2021536,2021535,2021539
2003100,7,6,2021536,2021535,2021539
2003100,7,7,2021536,2021535,2021539
2003100,7,8,2021536,2021535,2021539
2003100,7,9,2021536,2021535,2021539
2003100,7,10,2021536,2021535,2021539
2003110,5,0,2021700,0,0
2003110,6,0,2021700,2021701,0
2003110,6,1,2021702,2021701,0
2003110,6,2,2021702,2021703,0
2003110,6,3,2021704,2021703,0
2003110,6,4,2021704,2021705,0
2003110,6,5,2021706,2021705,0
2003110,7,5,2021706,2021705,0
2003110,7,6,2021706,2021705,0
2003110,7,7,2021706,2021705,0
2003110,7,8,2021706,2021705,0
2003110,7,9,2021706,2021705,0
2003110,7,10,2021706,2021705,0
2004010,5,0,2020240,0,0
2004010,6,0,2020240,2020241,0
2004010,6,1,2020242,2020241,0
2004010,6,2,2020242,2020243,0
2004010,6,3,2020244,2020243,0
2004010,6,4,2020244,2020245,0
2004010,6,5,2020246,2020245,0
2004010,7,5,2020246,2020245,0
2004010,7,6,2020246,2020245,0
2004010,7,7,2020246,2020245,0
2004010,7,8,2020246,2020245,0
2004010,7,9,2020246,2020245,0
2004010,7,10,2020246,2020245,0
2004020,5,0,2020290,0,0
2004020,6,0,2020290,2020291,0
2004020,6,1,2020292,2020291,0
2004020,6,2,2020292,2020293,0
2004020,6,3,2020294,2020293,0
2004020,6,4,2020294,2020295,0
2004020,6,5,2020296,2020295,0
2004020,7,5,2020296,2020295,0
2004020,7,6,2020296,2020295,0
2004020,7,7,2020296,2020295,0
2004020,7,8,2020296,2020295,0
2004020,7,9,2020296,2020295,0
2004020,7,10,2020296,2020295,0
2004030,5,0,2020740,0,0
2004030,6,0,2020740,2020741,0
2004030,6,1,2020742,2020741,0
2004030,6,2,2020742,2020743,0
2004030,6,3,2020744,2020743,0
2004030,6,4,2020744,2020745,0
2004030,6,5,2020746,2020745,0
2004030,7,5,2020746,2020745,0
2004030,7,6,2020746,2020745,0
2004030,7,7,2020746,2020745,0
2004030,7,8,2020746,2020745,0
2004030,7,9,2020746,2020745,0
2004030,7,10,2020746,2020745,0
2004040,5,0,2021370,0,0
2004040,6,0,2021370,2021371,0
2004040,6,1,2021372,2021371,0
2004040,6,2,2021372,2021373,0
2004040,6,3,2021374,2021373,0
2004040,6,4,2021374,2021375,0
2004040,6,5,2021376,2021375,0
2004040,7,5,2021376,2021375,0
2004040,7,6,2021376,2021375,0
2004040,7,7,2021376,2021375,0
2004040,7,8,2021376,2021375,0
2004040,7,9,2021376,2021375,0
2004040,7,10,2021376,2021375,0
2004050,5,0,2021440,0,0
2004050,6,0,2021440,2021441,2021447
2004050,6,1,2021442,2021441,2021447
2004050,6,2,2021442,2021443,2021448
2004050,6,3,2021444,2021443,2021448
2004050,6,4,2021444,2021445,2021449
2004050,6,5,2021446,2021445,2021449
2004050,7,5,2021446,2021445,2021449
2004050,7,6,2021446,2021445,2021449
2004050,7,7,2021446,2021445,2021449
2004050,7,8,2021446,2021445,2021449
2004050,7,9,2021446,2021445,2021449
2004050,7,10,2021446,2021445,2021449
2004060,5,0,2021680,0,0
2004060,6,0,2021680,2021681,2021687
2004060,6,1,2021682,2021681,2021687
2004060,6,2,2021682,2021683,2021688
2004060,6,3,2021684,2021683,2021688
2004060,6,4,2021684,2021685,2021689
2004060,6,5,2021686,2021685,2021689
2004060,7,5,2021686,2021685,2021689
2004060,7,6,2021686,2021685,2021689
2004060,7,7,2021686,2021685,2021689
2004060,7,8,2021686,2021685,2021689
2004060,7,9,2021686,2021685,2021689
2004060,7,10,2021686,2021685,2021689
2005010,5,0,2020260,0,0
2005010,6,0,2020260,2020261,0
2005010,6,1,2020262,2020261,0
2005010,6,2,2020262,2020263,0
2005010,6,3,2020264,2020263,0
2005010,6,4,2020264,2020265,0
2005010,6,5,2020266,2020265,0
2005010,7,5,2020266,2020265,0
2005010,7,6,2020266,2020265,0
2005010,7,7,2020266,2020265,0
2005010,7,8,2020266,2020265,0
2005010,7,9,2020266,2020265,0
2005010,7,10,2020266,2020265,0
2005020,5,0,2021400,0,0
2005020,6,0,2021400,2021401,0
2005020,6,1,2021402,2021401,0
2005020,6,2,2021402,2021403,0
2005020,6,3,2021404,2021403,0
2005020,6,4,2021404,2021405,0
2005020,6,5,2021406,2021405,0
2005020,7,5,2021406,2021405,0
2005020,7,6,2021406,2021405,0
2005020,7,7,2021406,2021405,0
2005020,7,8,2021406,2021405,0
2005020,7,9,2021406,2021405,0
2005020,7,10,2021406,2021405,0
2005030,5,0,2021750,0,0
2005030,6,0,2021750,2021751,0
2005030,6,1,2021752,2021751,0
2005030,6,2,2021752,2021753,0
2005030,6,3,2021754,2021753,0
2005030,6,4,2021754,2021755,0
2005030,6,5,2021756,2021755,0
2005030,7,5,2021756,2021755,0
2005030,7,6,2021756,2021755,0
2005030,7,7,2021756,2021755,0
2005030,7,8,2021756,2021755,0
2005030,7,9,2021756,2021755,0
2005030,7,10,2021756,2021755,0
2006010,5,0,2020390,0,0
2006010,6,0,2020390,2020391,0
2006010,6,1,2020392,2020391,0
2006010,6,2,2020392,2020393,0
2006010,6,3,2020394,2020393,0
2006010,6,4,2020394,2020395,0
2006010,6,5,2020396,2020395,0
2006010,7,5,2020396,2020395,0
2006010,7,6,2020396,2020395,0
2006010,7,7,2020396,2020395,0
2006010,7,8,2020396,2020395,0
2006010,7,9,2020396,2020395,0
2006010,7,10,2020396,2020395,0
2006020,5,0,2020750,0,0
2006020,6,0,2020750,2020751,0
2006020,6,1,2020752,2020751,0
2006020,6,2,2020752,2020753,0
2006020,6,3,2020754,2020753,0
2006020,6,4,2020754,2020755,0
2006020,6,5,2020756,2020755,0
2006020,7,5,2020756,2020755,0
2006020,7,6,2020756,2020755,0
2006020,7,7,2020756,2020755,0
2006020,7,8,2020756,2020755,0
2006020,7,9,2020756,2020755,0
2006020,7,10,2020756,2020755,0
2006030,5,0,2020880,0,0
2006030,6,0,2020880,2020881,0
2006030,6,1,2020882,2020881,0
2006030,6,2,2020882,2020883,0
2006030,6,3,2020884,2020883,0
2006030,6,4,2020884,2020885,0
2006030,6,5,2020886,2020885,0
2006030,7,5,2020886,2020885,0
2006030,7,6,2020886,2020885,0
2006030,7,7,2020886,2020885,0
2006030,7,8,2020886,2020885,0
2006030,7,9,2020886,2020885,0
2006030,7,10,2020886,2020885,0
2006040,5,0,2021200,0,0
2006040,6,0,2021200,2021201,0
2006040,6,1,2021202,2021201,0
2006040,6,2,2021202,2021203,0
2006040,6,3,2021204,2021203,0
2006040,6,4,2021204,2021205,0
2006040,6,5,2021206,2021205,0
2006040,7,5,2021206,2021205,0
2006040,7,6,2021206,2021205,0
2006040,7,7,2021206,2021205,0
2006040,7,8,2021206,2021205,0
2006040,7,9,2021206,2021205,0
2006040,7,10,2021206,2021205,0
2006050,5,0,2021630,0,0
2006050,6,0,2021630,2021631,0
2006050,6,1,2021632,2021631,0
2006050,6,2,2021632,2021633,0
2006050,6,3,2021634,2021633,0
2006050,6,4,2021634,2021635,0
2006050,6,5,2021636,2021635,0
2006050,7,5,2021636,2021635,0
2006050,7,6,2021636,2021635,0
2006050,7,7,2021636,2021635,0
2006050,7,8,2021636,2021635,0
2006050,7,9,2021636,2021635,0
2006050,7,10,2021636,2021635,0
2007020,5,0,2020230,0,0
2007020,6,0,2020230,2020231,0
2007020,6,1,2020232,2020231,0
2007020,6,2,2020232,2020233,0
2007020,6,3,2020234,2020233,0
2007020,6,4,2020234,2020235,0
2007020,6,5,2020236,2020235,0
2007020,7,5,2020236,2020235,0
2007020,7,6,2020236,2020235,0
2007020,7,7,2020236,2020235,0
2007020,7,8,2020236,2020235,0
2007020,7,9,2020236,2020235,0
2007020,7,10,2020236,2020235,0
2007030,5,0,2020470,0,0
2007030,6,0,2020470,2020471,0
2007030,6,1,2020472,2020471,0
2007030,6,2,2020472,2020473,0
2007030,6,3,2020474,2020473,0
2007030,6,4,2020474,2020475,0
2007030,6,5,2020476,2020475,0
2007030,7,5,2020476,2020475,0
2007030,7,6,2020476,2020475,0
2007030,7,7,2020476,2020475,0
2007030,7,8,2020476,2020475,0
2007030,7,9,2020476,2020475,0
2007030,7,10,2020476,2020475,0
2007040,5,0,2020790,0,0
2007040,6,0,2020790,2020791,0
2007040,6,1,2020792,2020791,0
2007040,6,2,2020792,2020793,0
2007040,6,3,2020794,2020793,0
2007040,6,4,2020794,2020795,0
2007040,6,5,2020796,2020795,0
2007040,7,5,2020796,2020795,0
2007040,7,6,2020796,2020795,0
2007040,7,7,2020796,2020795,0
2007040,7,8,2020796,2020795,0
2007040,7,9,2020796,2020795,0
2007040,7,10,2020796,2020795,0
2007050,5,0,2020930,0,0
2007050,6,0,2020930,2020931,0
2007050,6,1,2020932,2020931,0
2007050,6,2,2020932,2020933,0
2007050,6,3,2020934,2020933,0
2007050,6,4,2020934,2020935,0
2007050,6,5,2020936,2020935,0
2007050,7,5,2020936,2020935,0
2007050,7,6,2020936,2020935,0
2007050,7,7,2020936,2020935,0
2007050,7,8,2020936,2020935,0
2007050,7,9,2020936,2020935,0
2007050,7,10,2020936,2020935,0
2007060,5,0,2021010,0,0
2007060,6,0,2021010,2021011,0
2007060,6,1,2021012,2021011,0
2007060,6,2,2021012,2021013,0
2007060,6,3,2021014,2021013,0
2007060,6,4,2021014,2021015,0
2007060,6,5,2021016,2021015,0
2007060,7,5,2021016,2021015,0
2007060,7,6,2021016,2021015,0
2007060,7,7,2021016,2021015,0
2007060,7,8,2021016,2021015,0
2007060,7,9,2021016,2021015,0
2007060,7,10,2021016,2021015,0
2007070,5,0,2021180,0,0
2007070,6,0,2021180,2021181,0
2007070,6,1,2021182,2021181,0
2007070,6,2,2021182,2021183,0
2007070,6,3,2021184,2021183,0
2007070,6,4,2021184,2021185,0
2007070,6,5,2021186,2021185,0
2007070,7,5,2021186,2021185,0
2007070,7,6,2021186,2021185,0
2007070,7,7,2021186,2021185,0
2007070,7,8,2021186,2021185,0
2007070,7,9,2021186,2021185,0
2007070,7,10,2021186,2021185,0
2007080,5,0,2021410,0,0
2007080,6,0,2021410,2021411,0
2007080,6,1,2021412,2021411,0
2007080,6,2,2021412,2021413,0
2007080,6,3,2021414,2021413,0
2007080,6,4,2021414,2021415,0
2007080,6,5,2021416,2021415,0
2007080,7,5,2021416,2021415,0
2007080,7,6,2021416,2021415,0
2007080,7,7,2021416,2021415,0
2007080,7,8,2021416,2021415,0
2007080,7,9,2021416,2021415,0
2007080,7,10,2021416,2021415,0
2007090,5,0,2021450,0,0
2007090,6,0,2021450,2021451,2021457
2007090,6,1,2021452,2021451,2021457
2007090,6,2,2021452,2021453,2021458
2007090,6,3,2021454,2021453,2021458
2007090,6,4,2021454,2021455,2021459
2007090,6,5,2021456,2021455,2021459
2007090,7,5,2021456,2021455,2021459
2007090,7,6,2021456,2021455,2021459
2007090,7,7,2021456,2021455,2021459
2007090,7,8,2021456,2021455,2021459
2007090,7,9,2021456,2021455,2021459
2007090,7,10,2021456,2021455,2021459
2007100,5,0,2021570,0,0
2007100,6,0,2021570,2021571,0
2007100,6,1,2021572,2021571,0
2007100,6,2,2021572,2021573,0
2007100,6,3,2021574,2021573,0
2007100,6,4,2021574,2021575,0
2007100,6,5,2021576,2021575,0
2007100,7,5,2021576,2021575,0
2007100,7,6,2021576,2021575,0
2007100,7,7,2021576,2021575,0
2007100,7,8,2021576,2021575,0
2007100,7,9,2021576,2021575,0
2007100,7,10,2021576,2021575,0
2007110,5,0,2021620,0,0
2007110,6,0,2021620,2021621,2021627
2007110,6,1,2021622,2021621,2021627
2007110,6,2,2021622,2021623,2021628
2007110,6,3,2021624,2021623,2021628
2007110,6,4,2021624,2021625,2021629
2007110,6,5,2021626,2021625,2021629
2007110,7,5,2021626,2021625,2021629
2007110,7,6,2021626,2021625,2021629
2007110,7,7,2021626,2021625,2021629
2007110,7,8,2021626,2021625,2021629
2007110,7,9,2021626,2021625,2021629
2007110,7,10,2021626,2021625,2021629
2008010,5,0,2020040,0,0
2008010,6,0,2020040,2020041,0
2008010,6,1,2020042,2020041,0
2008010,6,2,2020042,2020043,0
2008010,6,3,2020044,2020043,0
2008010,6,4,2020044,2020045,0
2008010,6,5,2020046,2020045,0
2008010,7,5,2020046,2020045,0
2008010,7,6,2020046,2020045,0
2008010,7,7,2020046,2020045,0
2008010,7,8,2020046,2020045,0
2008010,7,9,2020046,2020045,0
2008010,7,10,2020046,2020045,0
2008020,5,0,2021120,0,0
2008020,6,0,2021120,2021121,0
2008020,6,1,2021122,2021121,0
2008020,6,2,2021122,2021123,0
2008020,6,3,2021124,2021123,0
2008020,6,4,2021124,2021125,0
2008020,6,5,2021126,2021125,0
2008020,7,5,2021126,2021125,0
2008020,7,6,2021126,2021125,0
2008020,7,7,2021126,2021125,0
2008020,7,8,2021126,2021125,0
2008020,7,9,2021126,2021125,0
2008020,7,10,2021126,2021125,0
2008030,5,0,2021690,0,0
2008030,6,0,2021690,2021691,2021697
2008030,6,1,2021692,2021691,2021697
2008030,6,2,2021692,2021693,2021698
2008030,6,3,2021694,2021693,2021698
2008030,6,4,2021694,2021695,2021699
2008030,6,5,2021696,2021695,2021699
2008030,7,5,2021696,2021695,2021699
2008030,7,6,2021696,2021695,2021699
2008030,7,7,2021696,2021695,2021699
2008030,7,8,2021696,2021695,2021699
2008030,7,9,2021696,2021695,2021699
2008030,7,10,2021696,2021695,2021699
2009010,5,0,2020250,0,0
2009010,6,0,2020250,2020251,0
2009010,6,1,2020252,2020251,0
2009010,6,2,2020252,2020253,0
2009010,6,3,2020254,2020253,0
2009010,6,4,2020254,2020255,0
2009010,6,5,2020256,2020255,0
2009010,7,5,2020256,2020255,0
2009010,7,6,2020256,2020255,0
2009010,7,7,2020256,2020255,0
2009010,7,8,2020256,2020255,0
2009010,7,9,2020256,2020255,0
2009010,7,10,2020256,2020255,0
2012010,5,0,2020460,0,0
2012010,6,0,2020460,2020461,0
2012010,6,1,2020462,2020461,0
2012010,6,2,2020462,2020463,0
2012010,6,3,2020464,2020463,0
2012010,6,4,2020464,2020465,0
2012010,6,5,2020466,2020465,0
2012010,7,5,2020466,2020465,0
2012010,7,6,2020466,2020465,0
2012010,7,7,2020466,2020465,0
2012010,7,8,2020466,2020465,0
2012010,7,9,2020466,2020465,0
2012010,7,10,2020466,2020465,0
2012020,5,0,2020770,0,0
2012020,6,0,2020770,2020771,0
2012020,6,1,2020772,2020771,0
2012020,6,2,2020772,2020773,0
2012020,6,3,2020774,2020773,0
2012020,6,4,2020774,2020775,0
2012020,6,5,2020776,2020777,0
2012020,7,5,2020776,2020777,0
2012020,7,6,2020776,2020777,0
2012020,7,7,2020776,2020777,0
2012020,7,8,2020776,2020777,0
2012020,7,9,2020776,2020777,0
2012020,7,10,2020776,2020777,0
2012030,5,0,2020860,0,0
2012030,6,0,2020860,2020861,0
2012030,6,1,2020862,2020861,0
2012030,6,2,2020862,2020863,0
2012030,6,3,2020864,2020863,0
2012030,6,4,2020864,2020865,0
2012030,6,5,2020866,2020865,0
2012030,7,5,2020866,2020865,0
2012030,7,6,2020866,2020865,0
2012030,7,7,2020866,2020865,0
2012030,7,8,2020866,2020865,0
2012030,7,9,2020866,2020865,0
2012030,7,10,2020866,2020865,0
2012040,5,0,2021230,0,0
2012040,6,0,2021230,2021231,0
2012040,6,1,2021232,2021231,0
2012040,6,2,2021232,2021233,0
2012040,6,3,2021234,2021233,0
2012040,6,4,2021234,2021235,0
2012040,6,5,2021236,2021235,0
2012040,7,5,2021236,2021235,0
2012040,7,6,2021236,2021235,0
2012040,7,7,2021236,2021235,0
2012040,7,8,2021236,2021235,0
2012040,7,9,2021236,2021235,0
2012040,7,10,2021236,2021235,0
2012050,5,0,2021490,0,0
2012050,6,0,2021490,2021491,0
2012050,6,1,2021492,2021491,0
2012050,6,2,2021492,2021493,0
2012050,6,3,2021494,2021493,0
2012050,6,4,2021494,2021495,0
2012050,6,5,2021496,2021495,0
2012050,7,5,2021496,2021495,0
2012050,7,6,2021496,2021495,0
2012050,7,7,2021496,2021495,0
2012050,7,8,2021496,2021495,0
2012050,7,9,2021496,2021495,0
2012050,7,10,2021496,2021495,0
2012060,5,0,2021650,0,0
2012060,6,0,2021650,2021651,0
2012060,6,1,2021652,2021651,0
2012060,6,2,2021652,2021653,0
2012060,6,3,2021654,2021653,0
2012060,6,4,2021654,2021655,0
2012060,6,5,2021656,2021655,0
2012060,7,5,2021656,2021655,0
2012060,7,6,2021656,2021655,0
2012060,7,7,2021656,2021655,0
2012060,7,8,2021656,2021655,0
2012060,7,9,2021656,2021655,0
2012060,7,10,2021656,2021655,0
2013010,5,0,2020780,0,0
2013010,6,0,2020780,2020781,0
2013010,6,1,2020782,2020781,0
2013010,6,2,2020782,2020783,0
2013010,6,3,2020784,2020783,0
2013010,6,4,2020784,2020785,0
2013010,6,5,2020786,2020785,0
2013010,7,5,2020786,2020785,0
2013010,7,6,2020786,2020785,0
2013010,7,7,2020786,2020785,0
2013010,7,8,2020786,2020785,0
2013010,7,9,2020786,2020785,0
2013010,7,10,2020786,2020785,0
2013020,5,0,2021050,0,0
2013020,6,0,2021050,2021051,0
2013020,6,1,2021052,2021051,0
2013020,6,2,2021052,2021053,0
2013020,6,3,2021054,2021053,0
2013020,6,4,2021054,2021055,0
2013020,6,5,2021056,2021055,0
2013020,7,5,2021056,2021055,0
2013020,7,6,2021056,2021055,0
2013020,7,7,2021056,2021055,0
2013020,7,8,2021056,2021055,0
2013020,7,9,2021056,2021055,0
2013020,7,10,2021056,2021055,0
2013030,5,0,2021520,0,0
2013030,6,0,2021520,2021521,0
2013030,6,1,2021522,2021521,0
2013030,6,2,2021522,2021523,0
2013030,6,3,2021524,2021523,0
2013030,6,4,2021524,2021525,0
2013030,6,5,2021526,2021525,0
2013030,7,5,2021526,2021525,0
2013030,7,6,2021526,2021525,0
2013030,7,7,2021526,2021525,0
2013030,7,8,2021526,2021525,0
2013030,7,9,2021526,2021525,0
2013030,7,10,2021526,2021525,0
2015010,5,0,2020070,0,0
2015010,6,0,2020070,2020071,0
2015010,6,1,2020072,2020071,0
2015010,6,2,2020072,2020073,0
2015010,6,3,2020074,2020073,0
2015010,6,4,2020074,2020075,0
2015010,6,5,2020076,2020075,0
2015010,7,5,2020076,2020075,0
2015010,7,6,2020076,2020075,0
2015010,7,7,2020076,2020075,0
2015010,7,8,2020076,2020075,0
2015010,7,9,2020076,2020075,0
2015010,7,10,2020076,2020075,0
2015020,5,0,2021240,0,0
2015020,6,0,2021240,2021241,0
2015020,6,1,2021242,2021241,0
2015020,6,2,2021242,2021243,0
2015020,6,3,2021244,2021243,0
2015020,6,4,2021244,2021245,0
2015020,6,5,2021246,2021245,0
2015020,7,5,2021246,2021245,0
2015020,7,6,2021246,2021245,0
2015020,7,7,2021246,2021245,0
2015020,7,8,2021246,2021245,0
2015020,7,9,2021246,2021245,0
2015020,7,10,2021246,2021245,0
2016020,5,0,2020550,0,0
2016020,6,0,2020550,2020551,0
2016020,6,1,2020552,2020551,0
2016020,6,2,2020552,2020553,0
2016020,6,3,2020554,2020553,0
2016020,6,4,2020554,2020555,0
2016020,6,5,2020556,2020555,0
2016020,7,5,2020556,2020555,0
2016020,7,6,2020556,2020555,0
2016020,7,7,2020556,2020555,0
2016020,7,8,2020556,2020555,0
2016020,7,9,2020556,2020555,0
2016020,7,10,2020556,2020555,0
2016030,5,0,2020590,0,0
2016030,6,0,2020590,2020591,0
2016030,6,1,2020592,2020591,0
2016030,6,2,2020592,2020593,0
2016030,6,3,2020594,2020593,0
2016030,6,4,2020594,2020595,0
2016030,6,5,2020596,2020595,0
2016030,7,5,2020596,2020595,0
2016030,7,6,2020596,2020595,0
2016030,7,7,2020596,2020595,0
2016030,7,8,2020596,2020595,0
2016030,7,9,2020596,2020595,0
2016030,7,10,2020596,2020595,0
2016040,5,0,2021110,0,0
2016040,6,0,2021110,2021111,0
2016040,6,1,2021112,2021111,0
2016040,6,2,2021112,2021113,0
2016040,6,3,2021114,2021113,0
2016040,6,4,2021114,2021115,0
2016040,6,5,2021116,2021115,0
2016040,7,5,2021116,2021115,0
2016040,7,6,2021116,2021115,0
2016040,7,7,2021116,2021115,0
2016040,7,8,2021116,2021115,0
2016040,7,9,2021116,2021115,0
2016040,7,10,2021116,2021115,0
2016050,5,0,2021190,0,0
2016050,6,0,2021190,2021191,0
2016050,6,1,2021192,2021191,0
2016050,6,2,2021192,2021193,0
2016050,6,3,2021194,2021193,0
2016050,6,4,2021194,2021195,0
2016050,6,5,2021196,2021195,0
2016050,7,5,2021196,2021195,0
2016050,7,6,2021196,2021195,0
2016050,7,7,2021196,2021195,0
2016050,7,8,2021196,2021195,0
2016050,7,9,2021196,2021195,0
2016050,7,10,2021196,2021195,0
2016060,5,0,2021540,0,0
2016060,6,0,2021540,2021541,2021547
2016060,6,1,2021542,2021541,2021547
2016060,6,2,2021542,2021543,2021548
2016060,6,3,2021544,2021543,2021548
2016060,6,4,2021544,2021545,2021549
2016060,6,5,2021546,2021545,2021549
2016060,7,5,2021546,2021545,2021549
2016060,7,6,2021546,2021545,2021549
2016060,7,7,2021546,2021545,2021549
2016060,7,8,2021546,2021545,2021549
2016060,7,9,2021546,2021545,2021549
2016060,7,10,2021546,2021545,2021549
2017010,5,0,2020150,0,0
2017010,6,0,2020150,2020151,0
2017010,6,1,2020152,2020151,0
2017010,6,2,2020152,2020153,0
2017010,6,3,2020154,2020153,0
2017010,6,4,2020154,2020155,0
2017010,6,5,2020156,2020155,0
2017010,7,5,2020156,2020155,0
2017010,7,6,2020156,2020155,0
2017010,7,7,2020156,2020155,0
2017010,7,8,2020156,2020155,0
2017010,7,9,2020156,2020155,0
2017010,7,10,2020156,2020155,0
2017020,5,0,2020310,0,0
2017020,6,0,2020310,2020311,0
2017020,6,1,2020312,2020311,0
2017020,6,2,2020312,2020313,0
2017020,6,3,2020314,2020313,0
2017020,6,4,2020314,2020315,0
2017020,6,5,2020316,2020315,0
2017020,7,5,2020316,2020315,0
2017020,7,6,2020316,2020315,0
2017020,7,7,2020316,2020315,0
2017020,7,8,2020316,2020315,0
2017020,7,9,2020316,2020315,0
2017020,7,10,2020316,2020315,0
2017030,5,0,2020900,0,0
2017030,6,0,2020900,2020901,0
2017030,6,1,2020902,2020901,0
2017030,6,2,2020902,2020903,0
2017030,6,3,2020904,2020903,0
2017030,6,4,2020904,2020905,0
2017030,6,5,2020906,2020905,0
2017030,7,5,2020906,2020905,0
2017030,7,6,2020906,2020905,0
2017030,7,7,2020906,2020905,0
2017030,7,8,2020906,2020905,0
2017030,7,9,2020906,2020905,0
2017030,7,10,2020906,2020905,0
2017040,5,0,2021160,0,0
2017040,6,0,2021160,2021161,0
2017040,6,1,2021162,2021161,0
2017040,6,2,2021162,2021163,0
2017040,6,3,2021164,2021163,0
2017040,6,4,2021164,2021165,0
2017040,6,5,2021166,2021165,0
2017040,7,5,2021166,2021165,0
2017040,7,6,2021166,2021165,0
2017040,7,7,2021166,2021165,0
2017040,7,8,2021166,2021165,0
2017040,7,9,2021166,2021165,0
2017040,7,10,2021166,2021165,0
2018010,5,0,2020350,0,0
2018010,6,0,2020350,2020351,0
2018010,6,1,2020352,2020351,0
2018010,6,2,2020352,2020353,0
2018010,6,3,2020354,2020353,0
2018010,6,4,2020354,2020355,0
2018010,6,5,2020356,2020355,0
2018010,7,5,2020356,2020355,0
2018010,7,6,2020356,2020355,0
2018010,7,7,2020356,2020355,0
2018010,7,8,2020356,2020355,0
2018010,7,9,2020356,2020355,0
2018010,7,10,2020356,2020355,0
2018020,5,0,2020660,0,0
2018020,6,0,2020660,2020661,0
2018020,6,1,2020662,2020661,0
2018020,6,2,2020662,2020663,0
2018020,6,3,2020664,2020663,0
2018020,6,4,2020664,2020665,0
2018020,6,5,2020666,2020665,0
2018020,7,5,2020666,2020665,0
2018020,7,6,2020666,2020665,0
2018020,7,7,2020666,2020665,0
2018020,7,8,2020666,2020665,0
2018020,7,9,2020666,2020665,0
2018020,7,10,2020666,2020665,0
2018030,5,0,2020850,0,0
2018030,6,0,2020850,2020851,0
2018030,6,1,2020852,2020851,0
2018030,6,2,2020852,2020853,0
2018030,6,3,2020854,2020853,0
2018030,6,4,2020854,2020855,0
2018030,6,5,2020856,2020855,0
2018030,7,5,2020856,2020855,0
2018030,7,6,2020856,2020855,0
2018030,7,7,2020856,2020855,0
2018030,7,8,2020856,2020855,0
2018030,7,9,2020856,2020855,0
2018030,7,10,2020856,2020855,0
2018040,5,0,2020890,0,0
2018040,6,0,2020890,2020891,0
2018040,6,1,2020892,2020891,0
2018040,6,2,2020892,2020893,0
2018040,6,3,2020894,2020893,0
2018040,6,4,2020894,2020895,0
2018040,6,5,2020896,2020895,0
2018040,7,5,2020896,2020895,0
2018040,7,6,2020896,2020895,0
2018040,7,7,2020896,2020895,0
2018040,7,8,2020896,2020895,0
2018040,7,9,2020896,2020895,0
2018040,7,10,2020896,2020895,0
2018050,5,0,2020940,0,0
2018050,6,0,2020940,2020941,0
2018050,6,1,2020942,2020941,0
2018050,6,2,2020942,2020943,0
2018050,6,3,2020944,2020943,0
2018050,6,4,2020944,2020945,0
2018050,6,5,2020946,2020945,0
2018050,7,5,2020946,2020945,0
2018050,7,6,2020946,2020945,0
2018050,7,7,2020946,2020945,0
2018050,7,8,2020946,2020945,0
2018050,7,9,2020946,2020945,0
2018050,7,10,2020946,2020945,0
2018060,5,0,2021270,0,0
2018060,6,0,2021270,2021271,2021277
2018060,6,1,2021272,2021271,2021277
2018060,6,2,2021272,2021273,2021278
2018060,6,3,2021274,2021273,2021278
2018060,6,4,2021274,2021275,2021279
2018060,6,5,2021276,2021275,2021279
2018060,7,5,2021276,2021275,2021279
2018060,7,6,2021276,2021275,2021279
2018060,7,7,2021276,2021275,2021279
2018060,7,8,2021276,2021275,2021279
2018060,7,9,2021276,2021275,2021279
2018060,7,10,2021276,2021275,2021279
2018070,5,0,2021760,0,0
2018070,6,0,2021760,2021761,2021767
2018070,6,1,2021762,2021761,2021767
2018070,6,2,2021762,2021763,2021768
2018070,6,3,2021764,2021763,2021768
2018070,6,4,2021764,2021765,2021769
2018070,6,5,2021766,2021765,2021769
2018070,7,5,2021766,2021765,2021769
2018070,7,6,2021766,2021765,2021769
2018070,7,7,2021766,2021765,2021769
2018070,7,8,2021766,2021765,2021769
2018070,7,9,2021766,2021765,2021769
2018070,7,10,2021766,2021765,2021769
2019010,5,0,2020640,0,0
2019010,6,0,2020640,2020641,0
2019010,6,1,2020642,2020641,0
2019010,6,2,2020642,2020643,0
2019010,6,3,2020644,2020643,0
2019010,6,4,2020644,2020645,0
2019010,6,5,2020646,2020645,0
2019010,7,5,2020646,2020645,0
2019010,7,6,2020646,2020645,0
2019010,7,7,2020646,2020645,0
2019010,7,8,2020646,2020645,0
2019010,7,9,2020646,2020645,0
2019010,7,10,2020646,2020645,0
2019020,5,0,2020990,0,0
2019020,6,0,2020990,2020991,0
2019020,6,1,2020992,2020991,0
2019020,6,2,2020992,2020993,0
2019020,6,3,2020994,2020993,0
2019020,6,4,2020994,2020995,0
2019020,6,5,2020996,2020995,0
2019020,7,5,2020996,2020995,0
2019020,7,6,2020996,2020995,0
2019020,7,7,2020996,2020995,0
2019020,7,8,2020996,2020995,0
2019020,7,9,2020996,2020995,0
2019020,7,10,2020996,2020995,0
2019030,5,0,2021300,0,0
2019030,6,0,2021300,2021301,0
2019030,6,1,2021302,2021301,0
2019030,6,2,2021302,2021303,0
2019030,6,3,2021304,2021303,0
2019030,6,4,2021304,2021305,0
2019030,6,5,2021306,2021305,0
2019030,7,5,2021306,2021305,0
2019030,7,6,2021306,2021305,0
2019030,7,7,2021306,2021305,0
2019030,7,8,2021306,2021305,0
2019030,7,9,2021306,2021305,0
2019030,7,10,2021306,2021305,0
2020010,5,0,2021670,0,0
2020010,6,0,2021670,2021671,0
2020010,6,1,2021672,2021671,0
2020010,6,2,2021672,2021673,0
2020010,6,3,2021674,2021673,0
2020010,6,4,2021674,2021675,0
2020010,6,5,2021676,2021675,0
2020010,7,5,2021676,2021675,0
2020010,7,6,2021676,2021675,0
2020010,7,7,2021676,2021675,0
2020010,7,8,2021676,2021675,0
2020010,7,9,2021676,2021675,0
2020010,7,10,2021676,2021675,0
2021010,5,0,2020280,0,0
2021010,6,0,2020280,2020281,0
2021010,6,1,2020282,2020281,0
2021010,6,2,2020282,2020283,0
2021010,6,3,2020284,2020283,0
2021010,6,4,2020284,2020285,0
2021010,6,5,2020286,2020285,0
2021010,7,5,2020286,2020285,0
2021010,7,6,2020286,2020285,0
2021010,7,7,2020286,2020285,0
2021010,7,8,2020286,2020285,0
2021010,7,9,2020286,2020285,0
2021010,7,10,2020286,2020285,0
2021020,5,0,2020530,0,0
2021020,6,0,2020530,2020531,0
2021020,6,1,2020532,2020531,0
2021020,6,2,2020532,2020533,0
2021020,6,3,2020534,2020533,0
2021020,6,4,2020534,2020535,0
2021020,6,5,2020536,2020535,0
2021020,7,5,2020536,2020535,0
2021020,7,6,2020536,2020535,0
2021020,7,7,2020536,2020535,0
2021020,7,8,2020536,2020535,0
2021020,7,9,2020536,2020535,0
2021020,7,10,2020536,2020535,0
2021030,5,0,2020650,0,0
2021030,6,0,2020650,2020651,0
2021030,6,1,2020652,2020651,0
2021030,6,2,2020652,2020653,0
2021030,6,3,2020654,2020653,0
2021030,6,4,2020654,2020655,0
2021030,6,5,2020656,2020655,0
2021030,7,5,2020656,2020655,0
2021030,7,6,2020656,2020655,0
2021030,7,7,2020656,2020655,0
2021030,7,8,2020656,2020655,0
2021030,7,9,2020656,2020655,0
2021030,7,10,2020656,2020655,0
2021040,5,0,2020700,0,0
2021040,6,0,2020700,2020701,0
2021040,6,1,2020702,2020701,0
2021040,6,2,2020702,2020703,0
2021040,6,3,2020704,2020703,0
2021040,6,4,2020704,2020705,0
2021040,6,5,2020706,2020705,0
2021040,7,5,2020706,2020705,0
2021040,7,6,2020706,2020705,0
2021040,7,7,2020706,2020705,0
2021040,7,8,2020706,2020705,0
2021040,7,9,2020706,2020705,0
2021040,7,10,2020706,2020705,0
2021050,5,0,2020830,0,0
2021050,6,0,2020830,2020831,0
2021050,6,1,2020832,2020831,0
2021050,6,2,2020832,2020833,0
2021050,6,3,2020834,2020833,0
2021050,6,4,2020834,2020835,0
2021050,6,5,2020836,2020835,0
2021050,7,5,2020836,2020835,0
2021050,7,6,2020836,2020835,0
2021050,7,7,2020836,2020835,0
2021050,7,8,2020836,2020835,0
2021050,7,9,2020836,2020835,0
2021050,7,10,2020836,2020835,0
2021060,5,0,2021290,0,0
2021060,6,0,2021290,2021291,0
2021060,6,1,2021292,2021291,0
2021060,6,2,2021292,2021293,0
2021060,6,3,2021294,2021293,0
2021060,6,4,2021294,2021295,0
2021060,6,5,2021296,2021295,0
2021060,7,5,2021296,2021295,0
2021060,7,6,2021296,2021295,0
2021060,7,7,2021296,2021295,0
2021060,7,8,2021296,2021295,0
2021060,7,9,2021296,2021295,0
2021060,7,10,2021296,2021295,0
2023010,5,0,2020100,0,0
2023010,6,0,2020100,2020101,0
2023010,6,1,2020102,2020101,0
2023010,6,2,2020102,2020103,0
2023010,6,3,2020104,2020103,0
2023010,6,4,2020104,2020105,0
2023010,6,5,2020106,2020105,0
2023010,7,5,2020106,2020105,0
2023010,7,6,2020106,2020105,0
2023010,7,7,2020106,2020105,0
2023010,7,8,2020106,2020105,0
2023010,7,9,2020106,2020105,0
2023010,7,10,2020106,2020105,0
2024010,5,0,2020300,0,0
2024010,6,0,2020300,2020301,0
2024010,6,1,2020302,2020301,0
2024010,6,2,2020302,2020303,0
2024010,6,3,2020304,2020303,0
2024010,6,4,2020304,2020305,0
2024010,6,5,2020306,2020305,0
2024010,7,5,2020306,2020305,0
2024010,7,6,2020306,2020305,0
2024010,7,7,2020306,2020305,0
2024010,7,8,2020306,2020305,0
2024010,7,9,2020306,2020305,0
2024010,7,10,2020306,2020305,0
2024020,5,0,2021470,0,0
2024020,6,0,2021470,2021471,0
2024020,6,1,2021472,2021471,0
2024020,6,2,2021472,2021473,0
2024020,6,3,2021474,2021473,0
2024020,6,4,2021474,2021475,0
2024020,6,5,2021476,2021475,0
2024020,7,5,2021476,2021475,0
2024020,7,6,2021476,2021475,0
2024020,7,7,2021476,2021475,0
2024020,7,8,2021476,2021475,0
2024020,7,9,2021476,2021475,0
2024020,7,10,2021476,2021475,0
2027010,5,0,2020360,0,0
2027010,6,0,2020360,2020361,0
2027010,6,1,2020362,2020361,0
2027010,6,2,2020362,2020363,0
2027010,6,3,2020364,2020363,0
2027010,6,4,2020364,2020365,0
2027010,6,5,2020366,2020365,0
2027010,7,5,2020366,2020365,0
2027010,7,6,2020366,2020365,0
2027010,7,7,2020366,2020365,0
2027010,7,8,2020366,2020365,0
2027010,7,9,2020366,2020365,0
2027010,7,10,2020366,2020365,0
2027020,5,0,2020620,0,0
2027020,6,0,2020620,2020621,0
2027020,6,1,2020622,2020621,0
2027020,6,2,2020622,2020623,0
2027020,6,3,2020624,2020623,0
2027020,6,4,2020624,2020625,0
2027020,6,5,2020626,2020625,0
2027020,7,5,2020626,2020625,0
2027020,7,6,2020626,2020625,0
2027020,7,7,2020626,2020625,0
2027020,7,8,2020626,2020625,0
2027020,7,9,2020626,2020625,0
2027020,7,10,2020626,2020625,0
2027030,5,0,2021310,0,0
2027030,6,0,2021310,2021311,0
2027030,6,1,2021312,2021311,0
2027030,6,2,2021312,2021313,0
2027030,6,3,2021314,2021313,0
2027030,6,4,2021314,2021315,0
2027030,6,5,2021316,2021315,0
2027030,7,5,2021316,2021315,0
2027030,7,6,2021316,2021315,0
2027030,7,7,2021316,2021315,0
2027030,7,8,2021316,2021315,0
2027030,7,9,2021316,2021315,0
2027030,7,10,2021316,2021315,0
2027040,5,0,2021580,0,0
2027040,6,0,2021580,2021581,0
2027040,6,1,2021582,2021581,0
2027040,6,2,2021582,2021583,0
2027040,6,3,2021584,2021583,0
2027040,6,4,2021584,2021585,0
2027040,6,5,2021586,2021585,0
2027040,7,5,2021586,2021585,0
2027040,7,6,2021586,2021585,0
2027040,7,7,2021586,2021585,0
2027040,7,8,2021586,2021585,0
2027040,7,9,2021586,2021585,0
2027040,7,10,2021586,2021585,0
2027050,5,0,2021740,0,0
2027050,6,0,2021740,2021741,0
2027050,6,1,2021742,2021741,0
2027050,6,2,2021742,2021743,0
2027050,6,3,2021744,2021743,0
2027050,6,4,2021744,2021745,0
2027050,6,5,2021746,2021745,0
2027050,7,5,2021746,2021745,0
2027050,7,6,2021746,2021745,0
2027050,7,7,2021746,2021745,0
2027050,7,8,2021746,2021745,0
2027050,7,9,2021746,2021745,0
2027050,7,10,2021746,2021745,0
2032010,5,0,2020210,0,0
2032010,6,0,2020210,2020211,0
2032010,6,1,2020212,2020211,0
2032010,6,2,2020212,2020213,0
2032010,6,3,2020214,2020213,0
2032010,6,4,2020214,2020215,0
2032010,6,5,2020216,2020215,0
2032010,7,5,2020216,2020215,0
2032010,7,6,2020216,2020215,0
2032010,7,7,2020216,2020215,0
2032010,7,8,2020216,2020215,0
2032010,7,9,2020216,2020215,0
2032010,7,10,2020216,2020215,0
2032020,5,0,2020420,0,0
2032020,6,0,2020420,2020421,0
2032020,6,1,2020422,2020421,0
2032020,6,2,2020422,2020423,0
2032020,6,3,2020424,2020423,0
2032020,6,4,2020424,2020425,0
2032020,6,5,2020426,2020425,0
2032020,7,5,2020426,2020425,0
2032020,7,6,2020426,2020425,0
2032020,7,7,2020426,2020425,0
2032020,7,8,2020426,2020425,0
2032020,7,9,2020426,2020425,0
2032020,7,10,2020426,2020425,0
2032030,5,0,2020920,0,0
2032030,6,0,2020920,2020921,0
2032030,6,1,2020922,2020921,0
2032030,6,2,2020922,2020923,0
2032030,6,3,2020924,2020923,0
2032030,6,4,2020924,2020925,0
2032030,6,5,2020926,2020925,0
2032030,7,5,2020926,2020925,0
2032030,7,6,2020926,2020925,0
2032030,7,7,2020926,2020925,0
2032030,7,8,2020926,2020925,0
2032030,7,9,2020926,2020925,0
2032030,7,10,2020926,2020925,0
2032040,5,0,2021480,0,0
2032040,6,0,2021480,2021481,0
2032040,6,1,2021482,2021481,0
2032040,6,2,2021482,2021483,0
2032040,6,3,2021484,2021483,0
2032040,6,4,2021484,2021485,0
2032040,6,5,2021486,2021485,0
2032040,7,5,2021486,2021485,0
2032040,7,6,2021486,2021485,0
2032040,7,7,2021486,2021485,0
2032040,7,8,2021486,2021485,0
2032040,7,9,2021486,2021485,0
2032040,7,10,2021486,2021485,0
2032050,5,0,2021660,0,0
2032050,6,0,2021660,2021661,0
2032050,6,1,2021662,2021661,0
2032050,6,2,2021662,2021663,0
2032050,6,3,2021664,2021663,0
2032050,6,4,2021664,2021665,0
2032050,6,5,2021666,2021665,0
2032050,7,5,2021666,2021665,0
2032050,7,6,2021666,2021665,0
2032050,7,7,2021666,2021665,0
2032050,7,8,2021666,2021665,0
2032050,7,9,2021666,2021665,0
2032050,7,10,2021666,2021665,0
2033010,5,0,2021460,0,0
2033010,6,0,2021460,2021461,0
2033010,6,1,2021462,2021461,0
2033010,6,2,2021462,2021463,0
2033010,6,3,2021464,2021463,0
2033010,6,4,2021464,2021465,0
2033010,6,5,2021466,2021465,0
2033010,7,5,2021466,2021465,0
2033010,7,6,2021466,2021465,0
2033010,7,7,2021466,2021465,0
2033010,7,8,2021466,2021465,0
2033010,7,9,2021466,2021465,0
2033010,7,10,2021466,2021465,0
2034010,5,0,2020060,0,0
2034010,6,0,2020060,2020061,0
2034010,6,1,2020062,2020061,0
2034010,6,2,2020062,2020063,0
2034010,6,3,2020064,2020063,0
2034010,6,4,2020064,2020065,0
2034010,6,5,2020066,2020065,0
2034010,7,5,2020066,2020065,0
2034010,7,6,2020066,2020065,0
2034010,7,7,2020066,2020065,0
2034010,7,8,2020066,2020065,0
2034010,7,9,2020066,2020065,0
2034010,7,10,2020066,2020065,0
2034020,5,0,2020370,0,0
2034020,6,0,2020370,2020371,0
2034020,6,1,2020372,2020371,0
2034020,6,2,2020372,2020373,0
2034020,6,3,2020374,2020373,0
2034020,6,4,2020374,2020375,0
2034020,6,5,2020376,2020375,0
2034020,7,5,2020376,2020375,0
2034020,7,6,2020376,2020375,0
2034020,7,7,2020376,2020375,0
2034020,7,8,2020376,2020375,0
2034020,7,9,2020376,2020375,0
2034020,7,10,2020376,2020375,0
2034030,5,0,2021130,0,0
2034030,6,0,2021130,2021131,0
2034030,6,1,2021132,2021131,0
2034030,6,2,2021132,2021133,0
2034030,6,3,2021134,2021133,0
2034030,6,4,2021134,2021135,0
2034030,6,5,2021136,2021135,0
2034030,7,5,2021136,2021135,0
2034030,7,6,2021136,2021135,0
2034030,7,7,2021136,2021135,0
2034030,7,8,2021136,2021135,0
2034030,7,9,2021136,2021135,0
2034030,7,10,2021136,2021135,0
2037010,5,0,2020030,0,0
2037010,6,0,2020030,2020031,0
2037010,6,1,2020032,2020031,0
2037010,6,2,2020032,2020033,0
2037010,6,3,2020034,2020033,0
2037010,6,4,2020034,2020035,0
2037010,6,5,2020036,2020035,0
2037010,7,5,2020036,2020035,0
2037010,7,6,2020036,2020035,0
2037010,7,7,2020036,2020035,0
2037010,7,8,2020036,2020035,0
2037010,7,9,2020036,2020035,0
2037010,7,10,2020036,2020035,0
2039010,5,0,2020020,0,0
2039010,6,0,2020020,2020021,0
2039010,6,1,2020022,2020021,0
2039010,6,2,2020022,2020023,0
2039010,6,3,2020024,2020023,0
2039010,6,4,2020024,2020025,0
2039010,6,5,2020026,2020025,0
2039010,7,5,2020026,2020025,0
2039010,7,6,2020026,2020025,0
2039010,7,7,2020026,2020025,0
2039010,7,8,2020026,2020025,0
2039010,7,9,2020026,2020025,0
2039010,7,10,2020026,2020025,0
2040010,5,0,2020080,0,0
2040010,6,0,2020080,2020081,0
2040010,6,1,2020082,2020081,0
2040010,6,2,2020082,2020083,0
2040010,6,3,2020084,2020083,0
2040010,6,4,2020084,2020085,0
2040010,6,5,2020086,2020085,0
2040010,7,5,2020086,2020085,0
2040010,7,6,2020086,2020085,0
2040010,7,7,2020086,2020085,0
2040010,7,8,2020086,2020085,0
2040010,7,9,2020086,2020085,0
2040010,7,10,2020086,2020085,0
2040020,5,0,2020380,0,0
2040020,6,0,2020380,2020381,0
2040020,6,1,2020382,2020381,0
2040020,6,2,2020382,2020383,0
2040020,6,3,2020384,2020383,0
2040020,6,4,2020384,2020385,0
2040020,6,5,2020386,2020385,0
2040020,7,5,2020386,2020385,0
2040020,7,6,2020386,2020385,0
2040020,7,7,2020386,2020385,0
2040020,7,8,2020386,2020385,0
2040020,7,9,2020386,2020385,0
2040020,7,10,2020386,2020385,0
2040030,5,0,2020450,0,0
2040030,6,0,2020450,2020451,0
2040030,6,1,2020452,2020451,0
2040030,6,2,2020452,2020453,0
2040030,6,3,2020454,2020453,0
2040030,6,4,2020454,2020455,0
2040030,6,5,2020456,2020455,0
2040030,7,5,2020456,2020455,0
2040030,7,6,2020456,2020455,0
2040030,7,7,2020456,2020455,0
2040030,7,8,2020456,2020455,0
2040030,7,9,2020456,2020455,0
2040030,7,10,2020456,2020455,0
2040040,5,0,2021380,0,0
2040040,6,0,2021380,2021381,0
2040040,6,1,2021382,2021381,0
2040040,6,2,2021382,2021383,0
2040040,6,3,2021384,2021383,0
2040040,6,4,2021384,2021385,0
2040040,6,5,2021386,2021385,0
2040040,7,5,2021386,2021385,0
2040040,7,6,2021386,2021385,0
2040040,7,7,2021386,2021385,0
2040040,7,8,2021386,2021385,0
2040040,7,9,2021386,2021385,0
2040040,7,10,2021386,2021385,0
2041010,5,0,2020120,0,0
2041010,6,0,2020120,2020121,0
2041010,6,1,2020122,2020121,0
2041010,6,2,2020122,2020123,0
2041010,6,3,2020124,2020123,0
2041010,6,4,2020124,2020125,0
2041010,6,5,2020126,2020125,0
2041010,7,5,2020126,2020125,0
2041010,7,6,2020126,2020125,0
2041010,7,7,2020126,2020125,0
2041010,7,8,2020126,2020125,0
2041010,7,9,2020126,2020125,0
2041010,7,10,2020126,2020125,0
2042010,5,0,2020480,0,0
2042010,6,0,2020480,2020481,0
2042010,6,1,2020482,2020481,0
2042010,6,2,2020482,2020483,0
2042010,6,3,2020484,2020483,0
2042010,6,4,2020484,2020485,0
2042010,6,5,2020486,2020485,0
2042010,7,5,2020486,2020485,0
2042010,7,6,2020486,2020485,0
2042010,7,7,2020486,2020485,0
2042010,7,8,2020486,2020485,0
2042010,7,9,2020486,2020485,0
2042010,7,10,2020486,2020485,0
2042020,5,0,2021550,0,0
2042020,6,0,2021550,2021551,0
2042020,6,1,2021552,2021551,0
2042020,6,2,2021552,2021553,0
2042020,6,3,2021554,2021553,0
2042020,6,4,2021554,2021555,0
2042020,6,5,2021556,2021555,0
2042020,7,5,2021556,2021555,0
2042020,7,6,2021556,2021555,0
2042020,7,7,2021556,2021555,0
2042020,7,8,2021556,2021555,0
2042020,7,9,2021556,2021555,0
2042020,7,10,2021556,2021555,0
2043010,5,0,2020130,0,0
2043010,6,0,2020130,2020131,0
2043010,6,1,2020132,2020131,0
2043010,6,2,2020132,2020133,0
2043010,6,3,2020134,2020133,0
2043010,6,4,2020134,2020135,0
2043010,6,5,2020136,2020135,0
2043010,7,5,2020136,2020135,0
2043010,7,6,2020136,2020135,0
2043010,7,7,2020136,2020135,0
2043010,7,8,2020136,2020135,0
2043010,7,9,2020136,2020135,0
2043010,7,10,2020136,2020135,0
2044010,5,0,2020270,0,0
2044010,6,0,2020270,2020271,0
2044010,6,1,2020272,2020271,0
2044010,6,2,2020272,2020273,0
2044010,6,3,2020274,2020273,0
2044010,6,4,2020274,2020275,0
2044010,6,5,2020276,2020275,0
2044010,7,5,2020276,2020275,0
2044010,7,6,2020276,2020275,0
2044010,7,7,2020276,2020275,0
2044010,7,8,2020276,2020275,0
2044010,7,9,2020276,2020275,0
2044010,7,10,2020276,2020275,0
2044020,5,0,2020490,0,0
2044020,6,0,2020490,2020491,0
2044020,6,1,2020492,2020491,0
2044020,6,2,2020492,2020493,0
2044020,6,3,2020494,2020493,0
2044020,6,4,2020494,2020495,0
2044020,6,5,2020496,2020495,0
2044020,7,5,2020496,2020495,0
2044020,7,6,2020496,2020495,0
2044020,7,7,2020496,2020495,0
2044020,7,8,2020496,2020495,0
2044020,7,9,2020496,2020495,0
2044020,7,10,2020496,2020495,0
2044030,5,0,2020610,0,0
2044030,6,0,2020610,2020611,0
2044030,6,1,2020612,2020611,0
2044030,6,2,2020612,2020613,0
2044030,6,3,2020614,2020613,0
2044030,6,4,2020614,2020615,0
2044030,6,5,2020616,2020615,0
2044030,7,5,2020616,2020615,0
2044030,7,6,2020616,2020615,0
2044030,7,7,2020616,2020615,0
2044030,7,8,2020616,2020615,0
2044030,7,9,2020616,2020615,0
2044030,7,10,2020616,2020615,0
2044040,5,0,2020670,0,0
2044040,6,0,2020670,2020671,0
2044040,6,1,2020672,2020671,0
2044040,6,2,2020672,2020673,0
2044040,6,3,2020674,2020673,0
2044040,6,4,2020674,2020675,0
2044040,6,5,2020676,2020675,0
2044040,7,5,2020676,2020675,0
2044040,7,6,2020676,2020675,0
2044040,7,7,2020676,2020675,0
2044040,7,8,2020676,2020675,0
2044040,7,9,2020676,2020675,0
2044040,7,10,2020676,2020675,0
2044050,5,0,2020840,0,0
2044050,6,0,2020840,2020841,0
2044050,6,1,2020842,2020841,0
2044050,6,2,2020842,2020843,0
2044050,6,3,2020844,2020843,0
2044050,6,4,2020844,2020845,0
2044050,6,5,2020846,2020845,0
2044050,7,5,2020846,2020845,0
2044050,7,6,2020846,2020845,0
2044050,7,7,2020846,2020845,0
2044050,7,8,2020846,2020845,0
2044050,7,9,2020846,2020845,0
2044050,7,10,2020846,2020845,0
2044060,5,0,2021080,0,0
2044060,6,0,2021080,2021081,0
2044060,6,1,2021082,2021081,0
2044060,6,2,2021082,2021083,0
2044060,6,3,2021084,2021083,0
2044060,6,4,2021084,2021085,0
2044060,6,5,2021086,2021085,0
2044060,7,5,2021086,2021085,0
2044060,7,6,2021086,2021085,0
2044060,7,7,2021086,2021085,0
2044060,7,8,2021086,2021085,0
2044060,7,9,2021086,2021085,0
2044060,7,10,2021086,2021085,0
2044070,5,0,2021340,0,0
2044070,6,0,2021340,2021341,2021347
2044070,6,1,2021342,2021341,2021347
2044070,6,2,2021342,2021343,2021348
2044070,6,3,2021344,2021343,2021348
2044070,6,4,2021344,2021345,2021349
2044070,6,5,2021346,2021345,2021349
2044070,7,5,2021346,2021345,2021349
2044070,7,6,2021346,2021345,2021349
2044070,7,7,2021346,2021345,2021349
2044070,7,8,2021346,2021345,2021349
2044070,7,9,2021346,2021345,2021349
2044070,7,10,2021346,2021345,2021349
2044080,5,0,2021640,0,0
2044080,6,0,2021640,2021641,0
2044080,6,1,2021642,2021641,0
2044080,6,2,2021642,2021643,0
2044080,6,3,2021644,2021643,0
2044080,6,4,2021644,2021645,0
2044080,6,5,2021646,2021645,0
2044080,7,5,2021646,2021645,0
2044080,7,6,2021646,2021645,0
2044080,7,7,2021646,2021645,0
2044080,7,8,2021646,2021645,0
2044080,7,9,2021646,2021645,0
2044080,7,10,2021646,2021645,0
2049010,5,0,2020630,0,0
2049010,6,0,2020630,2020631,0
2049010,6,1,2020632,2020631,0
2049010,6,2,2020632,2020633,0
2049010,6,3,2020634,2020633,0
2049010,6,4,2020634,2020635,0
2049010,6,5,2020636,2020635,0
2049010,7,5,2020636,2020635,0
2049010,7,6,2020636,2020635,0
2049010,7,7,2020636,2020635,0
2049010,7,8,2020636,2020635,0
2049010,7,9,2020636,2020635,0
2049010,7,10,2020636,2020635,0
2050010,5,0,2021150,0,0
2050010,6,0,2021150,2021151,0
2050010,6,1,2021152,2021151,0
2050010,6,2,2021152,2021153,0
2050010,6,3,2021154,2021153,0
2050010,6,4,2021154,2021155,0
2050010,6,5,2021156,2021155,0
2050010,7,5,2021156,2021155,0
2050010,7,6,2021156,2021155,0
2050010,7,7,2021156,2021155,0
2050010,7,8,2021156,2021155,0
2050010,7,9,2021156,2021155,0
2050010,7,10,2021156,2021155,0
2051010,5,0,2021710,0,0
2051010,6,0,2021710,2021711,0
2051010,6,1,2021712,2021711,0
2051010,6,2,2021712,2021713,0
2051010,6,3,2021714,2021713,0
2051010,6,4,2021714,2021715,0
2051010,6,5,2021716,2021715,0
2051010,7,5,2021716,2021715,0
2051010,7,6,2021716,2021715,0
2051010,7,7,2021716,2021715,0
2051010,7,8,2021716,2021715,0
2051010,7,9,2021716,2021715,0
2051010,7,10,2021716,2021715,0
2059010,5,0,2020690,0,0
2059010,6,0,2020690,2020691,0
2059010,6,1,2020692,2020691,0
2059010,6,2,2020692,2020693,0
2059010,6,3,2020694,2020693,0
2059010,6,4,2020694,2020695,0
2059010,6,5,2020696,2020695,0
2059010,7,5,2020696,2020695,0
2059010,7,6,2020696,2020695,0
2059010,7,7,2020696,2020695,0
2059010,7,8,2020696,2020695,0
2059010,7,9,2020696,2020695,0
2059010,7,10,2020696,2020695,0
2059020,5,0,2020870,0,0
2059020,6,0,2020870,2020871,0
2059020,6,1,2020872,2020871,0
2059020,6,2,2020872,2020873,0
2059020,6,3,2020874,2020873,0
2059020,6,4,2020874,2020875,0
2059020,6,5,2020876,2020875,0
2059020,7,5,2020876,2020875,0
2059020,7,6,2020876,2020875,0
2059020,7,7,2020876,2020875,0
2059020,7,8,2020876,2020875,0
2059020,7,9,2020876,2020875,0
2059020,7,10,2020876,2020875,0
2064010,5,0,2021600,0,0
2064010,6,0,2021600,2021601,0
2064010,6,1,2021602,2021601,0
2064010,6,2,2021602,2021603,0
2064010,6,3,2021604,2021603,0
2064010,6,4,2021604,2021605,0
2064010,6,5,2021606,2021605,0
2064010,7,5,2021606,2021605,0
2064010,7,6,2021606,2021605,0
2064010,7,7,2021606,2021605,0
2064010,7,8,2021606,2021605,0
2064010,7,9,2021606,2021605,0
2064010,7,10,2021606,2021605,0
2082010,5,0,2020190,0,0
2082010,6,0,2020190,2020191,0
2082010,6,1,2020192,2020191,0
2082010,6,2,2020192,2020193,0
2082010,6,3,2020194,2020193,0
2082010,6,4,2020194,2020195,0
2082010,6,5,2020196,2020195,0
2082010,7,5,2020196,2020195,0
2082010,7,6,2020196,2020195,0
2082010,7,7,2020196,2020195,0
2082010,7,8,2020196,2020195,0
2082010,7,9,2020196,2020195,0
2082010,7,10,2020196,2020195,0
2082020,5,0,2020570,0,0
2082020,6,0,2020570,2020571,0
2082020,6,1,2020572,2020571,0
2082020,6,2,2020572,2020573,0
2082020,6,3,2020574,2020573,0
2082020,6,4,2020574,2020575,0
2082020,6,5,2020576,2020575,0
2082020,7,5,2020576,2020575,0
2082020,7,6,2020576,2020575,0
2082020,7,7,2020576,2020575,0
2082020,7,8,2020576,2020575,0
2082020,7,9,2020576,2020575,0
2082020,7,10,2020576,2020575,0
2082030,5,0,2020820,0,0
2082030,6,0,2020820,2020821,0
2082030,6,1,2020822,2020821,0
2082030,6,2,2020822,2020823,0
2082030,6,3,2020824,2020823,0
2082030,6,4,2020824,2020825,0
2082030,6,5,2020826,2020827,0
2082030,7,5,2020826,2020827,0
2082030,7,6,2020826,2020827,0
2082030,7,7,2020826,2020827,0
2082030,7,8,2020826,2020827,0
2082030,7,9,2020826,2020827,0
2082030,7,10,2020826,2020827,0
2082040,5,0,2021350,0,0
2082040,6,0,2021350,2021351,0
2082040,6,1,2021352,2021351,0
2082040,6,2,2021352,2021353,0
2082040,6,3,2021354,2021353,0
2082040,6,4,2021354,2021355,0
2082040,6,5,2021356,2021355,0
2082040,7,5,2021356,2021355,0
2082040,7,6,2021356,2021355,0
2082040,7,7,2021356,2021355,0
2082040,7,8,2021356,2021355,0
2082040,7,9,2021356,2021355,0
2082040,7,10,2021356,2021355,0
2082050,5,0,2021560,0,0
2082050,6,0,2021560,2021561,0
2082050,6,1,2021562,2021561,0
2082050,6,2,2021562,2021563,0
2082050,6,3,2021564,2021563,0
2082050,6,4,2021564,2021565,0
2082050,6,5,2021566,2021565,0
2082050,7,5,2021566,2021565,0
2082050,7,6,2021566,2021565,0
2082050,7,7,2021566,2021565,0
2082050,7,8,2021566,2021565,0
2082050,7,9,2021566,2021565,0
2082050,7,10,2021566,2021565,0
2083010,5,0,2020110,0,0
2083010,6,0,2020110,2020111,0
2083010,6,1,2020112,2020111,0
2083010,6,2,2020112,2020113,0
2083010,6,3,2020114,2020113,0
2083010,6,4,2020114,2020115,0
2083010,6,5,2020116,2020115,0
2083010,7,5,2020116,2020115,0
2083010,7,6,2020116,2020115,0
2083010,7,7,2020116,2020115,0
2083010,7,8,2020116,2020115,0
2083010,7,9,2020116,2020115,0
2083010,7,10,2020116,2020115,0
2083020,5,0,2020320,0,0
2083020,6,0,2020320,2020321,0
2083020,6,1,2020322,2020321,0
2083020,6,2,2020322,2020323,0
2083020,6,3,2020324,2020323,0
2083020,6,4,2020324,2020325,0
2083020,6,5,2020326,2020325,0
2083020,7,5,2020326,2020325,0
2083020,7,6,2020326,2020325,0
2083020,7,7,2020326,2020325,0
2083020,7,8,2020326,2020325,0
2083020,7,9,2020326,2020325,0
2083020,7,10,2020326,2020325,0
2083040,5,0,2020950,0,0
2083040,6,0,2020950,2020951,0
2083040,6,1,2020952,2020951,0
2083040,6,2,2020952,2020953,0
2083040,6,3,2020954,2020953,0
2083040,6,4,2020954,2020955,0
2083040,6,5,2020956,2020955,0
2083040,7,5,2020956,2020955,0
2083040,7,6,2020956,2020955,0
2083040,7,7,2020956,2020955,0
2083040,7,8,2020956,2020955,0
2083040,7,9,2020956,2020955,0
2083040,7,10,2020956,2020955,0
2083050,5,0,2021140,0,0
2083050,6,0,2021140,2021141,0
2083050,6,1,2021142,2021141,0
2083050,6,2,2021142,2021143,0
2083050,6,3,2021144,2021143,0
2083050,6,4,2021144,2021145,0
2083050,6,5,2021146,2021145,0
2083050,7,5,2021146,2021145,0
2083050,7,6,2021146,2021145,0
2083050,7,7,2021146,2021145,0
2083050,7,8,2021146,2021145,0
2083050,7,9,2021146,2021145,0
2083050,7,10,2021146,2021145,0
2083060,5,0,2021280,0,0
2083060,6,0,2021280,2021281,0
2083060,6,1,2021282,2021281,0
2083060,6,2,2021282,2021283,0
2083060,6,3,2021284,2021283,0
2083060,6,4,2021284,2021285,0
2083060,6,5,2021286,2021285,0
2083060,7,5,2021286,2021285,0
2083060,7,6,2021286,2021285,0
2083060,7,7,2021286,2021285,0
2083060,7,8,2021286,2021285,0
2083060,7,9,2021286,2021285,0
2083060,7,10,2021286,2021285,0
2084020,5,0,2020200,0,0
2084020,6,0,2020200,2020201,0
2084020,6,1,2020202,2020201,0
2084020,6,2,2020202,2020203,0
2084020,6,3,2020204,2020203,0
2084020,6,4,2020204,2020205,0
2084020,6,5,2020206,2020205,0
2084020,7,5,2020206,2020205,0
2084020,7,6,2020206,2020205,0
2084020,7,7,2020206,2020205,0
2084020,7,8,2020206,2020205,0
2084020,7,9,2020206,2020205,0
2084020,7,10,2020206,2020205,0
2084030,5,0,2020330,0,0
2084030,6,0,2020330,2020331,0
2084030,6,1,2020332,2020331,0
2084030,6,2,2020332,2020333,0
2084030,6,3,2020334,2020333,0
2084030,6,4,2020334,2020335,0
2084030,6,5,2020336,2020335,0
2084030,7,5,2020336,2020335,0
2084030,7,6,2020336,2020335,0
2084030,7,7,2020336,2020335,0
2084030,7,8,2020336,2020335,0
2084030,7,9,2020336,2020335,0
2084030,7,10,2020336,2020335,0
2084040,5,0,2020980,0,0
2084040,6,0,2020980,2020981,0
2084040,6,1,2020982,2020981,0
2084040,6,2,2020982,2020983,0
2084040,6,3,2020984,2020983,0
2084040,6,4,2020984,2020985,0
2084040,6,5,2020986,2020985,0
2084040,7,5,2020986,2020985,0
2084040,7,6,2020986,2020985,0
2084040,7,7,2020986,2020985,0
2084040,7,8,2020986,2020985,0
2084040,7,9,2020986,2020985,0
2084040,7,10,2020986,2020985,0
2085010,5,0,2020600,0,0
2085010,6,0,2020600,2020601,0
2085010,6,1,2020602,2020601,0
2085010,6,2,2020602,2020603,0
2085010,6,3,2020604,2020603,0
2085010,6,4,2020604,2020605,0
2085010,6,5,2020606,2020605,0
2085010,7,5,2020606,2020605,0
2085010,7,6,2020606,2020605,0
2085010,7,7,2020606,2020605,0
2085010,7,8,2020606,2020605,0
2085010,7,9,2020606,2020605,0
2085010,7,10,2020606,2020605,0
2085020,5,0,2020970,0,0
2085020,6,0,2020970,2020971,0
2085020,6,1,2020972,2020971,0
2085020,6,2,2020972,2020973,0
2085020,6,3,2020974,2020973,0
2085020,6,4,2020974,2020975,0
2085020,6,5,2020976,2020975,0
2085020,7,5,2020976,2020975,0
2085020,7,6,2020976,2020975,0
2085020,7,7,2020976,2020975,0
2085020,7,8,2020976,2020975,0
2085020,7,9,2020976,2020975,0
2085020,7,10,2020976,2020975,0
2085030,5,0,2021500,0,0
2085030,6,0,2021500,2021501,0
2085030,6,1,2021502,2021501,0
2085030,6,2,2021502,2021503,0
2085030,6,3,2021504,2021503,0
2085030,6,4,2021504,2021505,0
2085030,6,5,2021506,2021505,0
2085030,7,5,2021506,2021505,0
2085030,7,6,2021506,2021505,0
2085030,7,7,2021506,2021505,0
2085030,7,8,2021506,2021505,0
2085030,7,9,2021506,2021505,0
2085030,7,10,2021506,2021505,0
2086010,5,0,2020580,0,0
2086010,6,0,2020580,2020581,0
2086010,6,1,2020582,2020581,0
2086010,6,2,2020582,2020583,0
2086010,6,3,2020584,2020583,0
2086010,6,4,2020584,2020585,0
2086010,6,5,2020586,2020585,0
2086010,7,5,2020586,2020585,0
2086010,7,6,2020586,2020585,0
2086010,7,7,2020586,2020585,0
2086010,7,8,2020586,2020585,0
2086010,7,9,2020586,2020585,0
2086010,7,10,2020586,2020585,0
2086020,5,0,2020710,0,0
2086020,6,0,2020710,2020711,0
2086020,6,1,2020712,2020711,0
2086020,6,2,2020712,2020713,0
2086020,6,3,2020714,2020713,0
2086020,6,4,2020714,2020715,0
2086020,6,5,2020716,2020715,0
2086020,7,5,2020716,2020715,0
2086020,7,6,2020716,2020715,0
2086020,7,7,2020716,2020715,0
2086020,7,8,2020716,2020715,0
2086020,7,9,2020716,2020715,0
2086020,7,10,2020716,2020715,0
2086030,5,0,2021020,0,0
2086030,6,0,2021020,2021021,0
2086030,6,1,2021022,2021021,0
2086030,6,2,2021022,2021023,0
2086030,6,3,2021024,2021023,0
2086030,6,4,2021024,2021025,0
2086030,6,5,2021026,2021025,0
2086030,7,5,2021026,2021025,0
2086030,7,6,2021026,2021025,0
2086030,7,7,2021026,2021025,0
2086030,7,8,2021026,2021025,0
2086030,7,9,2021026,2021025,0
2086030,7,10,2021026,2021025,0
2086040,5,0,2021100,0,0
2086040,6,0,2021100,2021101,0
2086040,6,1,2021102,2021101,0
2086040,6,2,2021102,2021103,0
2086040,6,3,2021104,2021103,0
2086040,6,4,2021104,2021105,0
2086040,6,5,2021106,2021105,0
2086040,7,5,2021106,2021105,0
2086040,7,6,2021106,2021105,0
2086040,7,7,2021106,2021105,0
2086040,7,8,2021106,2021105,0
2086040,7,9,2021106,2021105,0
2086040,7,10,2021106,2021105,0
2086050,5,0,2021360,0,0
2086050,6,0,2021360,2021361,0
2086050,6,1,2021362,2021361,0
2086050,6,2,2021362,2021363,0
2086050,6,3,2021364,2021363,0
2086050,6,4,2021364,2021365,0
2086050,6,5,2021366,2021365,0
2086050,7,5,2021366,2021365,0
2086050,7,6,2021366,2021365,0
2086050,7,7,2021366,2021365,0
2086050,7,8,2021366,2021365,0
2086050,7,9,2021366,2021365,0
2086050,7,10,2021366,2021365,0
2086060,5,0,2021430,0,0
2086060,6,0,2021430,2021431,0
2086060,6,1,2021432,2021431,0
2086060,6,2,2021432,2021433,0
2086060,6,3,2021434,2021433,0
2086060,6,4,2021434,2021435,0
2086060,6,5,2021436,2021435,0
2086060,7,5,2021436,2021435,0
2086060,7,6,2021436,2021435,0
2086060,7,7,2021436,2021435,0
2086060,7,8,2021436,2021435,0
2086060,7,9,2021436,2021435,0
2086060,7,10,2021436,2021435,0
2086080,5,0,2021720,0,0
2086080,6,0,2021720,2021721,0
2086080,6,1,2021722,2021721,0
2086080,6,2,2021722,2021723,0
2086080,6,3,2021724,2021723,0
2086080,6,4,2021724,2021725,0
2086080,6,5,2021726,2021725,0
2086080,7,5,2021726,2021725,0
2086080,7,6,2021726,2021725,0
2086080,7,7,2021726,2021725,0
2086080,7,8,2021726,2021725,0
2086080,7,9,2021726,2021725,0
2086080,7,10,2021726,2021725,0
2087010,5,0,2020520,0,0
2087010,6,0,2020520,2020521,0
2087010,6,1,2020522,2020521,0
2087010,6,2,2020522,2020523,0
2087010,6,3,2020524,2020523,0
2087010,6,4,2020524,2020525,0
2087010,6,5,2020526,2020525,0
2087010,7,5,2020526,2020525,0
2087010,7,6,2020526,2020525,0
2087010,7,7,2020526,2020525,0
2087010,7,8,2020526,2020525,0
2087010,7,9,2020526,2020525,0
2087010,7,10,2020526,2020525,0
2087020,5,0,2021030,0,0
2087020,6,0,2021030,2021031,0
2087020,6,1,2021032,2021031,0
2087020,6,2,2021032,2021033,0
2087020,6,3,2021034,2021033,0
2087020,6,4,2021034,2021035,0
2087020,6,5,2021036,2021035,0
2087020,7,5,2021036,2021035,0
2087020,7,6,2021036,2021035,0
2087020,7,7,2021036,2021035,0
2087020,7,8,2021036,2021035,0
2087020,7,9,2021036,2021035,0
2087020,7,10,2021036,2021035,0
2089010,5,0,2020510,0,0
2089010,6,0,2020510,2020511,0
2089010,6,1,2020512,2020511,0
2089010,6,2,2020512,2020513,0
2089010,6,3,2020514,2020513,0
2089010,6,4,2020514,2020515,0
2089010,6,5,2020516,2020515,0
2089010,7,5,2020516,2020515,0
2089010,7,6,2020516,2020515,0
2089010,7,7,2020516,2020515,0
2089010,7,8,2020516,2020515,0
2089010,7,9,2020516,2020515,0
2089010,7,10,2020516,2020515,0
2089020,5,0,2021220,0,0
2089020,6,0,2021220,2021221,0
2089020,6,1,2021222,2021221,0
2089020,6,2,2021222,2021223,0
2089020,6,3,2021224,2021223,0
2089020,6,4,2021224,2021225,0
2089020,6,5,2021226,2021225,0
2089020,7,5,2021226,2021225,0
2089020,7,6,2021226,2021225,0
2089020,7,7,2021226,2021225,0
2089020,7,8,2021226,2021225,0
2089020,7,9,2021226,2021225,0
2089020,7,10,2021226,2021225,0
2090010,5,0,2020720,0,0
2090010,6,0,2020720,2020721,0
2090010,6,1,2020722,2020721,0
2090010,6,2,2020722,2020723,0
2090010,6,3,2020724,2020723,0
2090010,6,4,2020724,2020725,0
2090010,6,5,2020726,2020725,0
2090010,7,5,2020726,2020725,0
2090010,7,6,2020726,2020725,0
2090010,7,7,2020726,2020725,0
2090010,7,8,2020726,2020725,0
2090010,7,9,2020726,2020725,0
2090010,7,10,2020726,2020725,0
2090020,5,0,2021040,0,0
2090020,6,0,2021040,2021041,0
2090020,6,1,2021042,2021041,0
2090020,6,2,2021042,2021043,0
2090020,6,3,2021044,2021043,0
2090020,6,4,2021044,2021045,0
2090020,6,5,2021046,2021045,0
2090020,7,5,2021046,2021045,0
2090020,7,6,2021046,2021045,0
2090020,7,7,2021046,2021045,0
2090020,7,8,2021046,2021045,0
2090020,7,9,2021046,2021045,0
2090020,7,10,2021046,2021045,0
2094010,5,0,2020910,0,0
2094010,6,0,2020910,2020911,0
2094010,6,1,2020912,2020911,0
2094010,6,2,2020912,2020913,0
2094010,6,3,2020914,2020913,0
2094010,6,4,2020914,2020915,0
2094010,6,5,2020916,2020915,0
2094010,7,5,2020916,2020915,0
2094010,7,6,2020916,2020915,0
2094010,7,7,2020916,2020915,0
2094010,7,8,2020916,2020915,0
2094010,7,9,2020916,2020915,0
2094010,7,10,2020916,2020915,0
2100010,5,0,2021420,0,0
2100010,6,0,2021420,2021421,0
2100010,6,1,2021422,2021421,0
2100010,6,2,2021422,2021423,0
2100010,6,3,2021424,2021423,0
2100010,6,4,2021424,2021425,0
2100010,6,5,2021426,2021425,0
2100010,7,5,2021426,2021425,0
2100010,7,6,2021426,2021425,0
2100010,7,7,2021426,2021425,0
2100010,7,8,2021426,2021425,0
2100010,7,9,2021426,2021425,0
2100010,7,10,2021426,2021425,0
2101010,5,0,2021590,0,0
2101010,6,0,2021590,2021591,0
2101010,6,1,2021592,2021591,0
2101010,6,2,2021592,2021593,0
2101010,6,3,2021594,2021593,0
2101010,6,4,2021594,2021595,0
2101010,6,5,2021596,2021595,0
2101010,7,5,2021596,2021595,0
2101010,7,6,2021596,2021595,0
2101010,7,7,2021596,2021595,0
2101010,7,8,2021596,2021595,0
2101010,7,9,2021596,2021595,0
2101010,7,10,2021596,2021595,0
2108010,5,0,2021320,0,0
2108010,6,0,2021320,2021321,0
2108010,6,1,2021322,2021321,0
2108010,6,2,2021322,2021323,0
2108010,6,3,2021324,2021323,0
2108010,6,4,2021324,2021325,0
2108010,6,5,2021326,2021325,0
2108010,7,5,2021326,2021325,0
2108010,7,6,2021326,2021325,0
2108010,7,7,2021326,2021325,0
2108010,7,8,2021326,2021325,0
2108010,7,9,2021326,2021325,0
2108010,7,10,2021326,2021325,0
2109010,5,0,2020430,0,0
2109010,6,0,2020430,2020431,0
2109010,6,1,2020432,2020431,0
2109010,6,2,2020432,2020433,0
2109010,6,3,2020434,2020433,0
2109010,6,4,2020434,2020435,0
2109010,6,5,2020436,2020435,0
2109010,7,5,2020436,2020435,0
2109010,7,6,2020436,2020435,0
2109010,7,7,2020436,2020435,0
2109010,7,8,2020436,2020435,0
2109010,7,9,2020436,2020435,0
2109010,7,10,2020436,2020435,0
2109020,5,0,2020960,0,0
2109020,6,0,2020960,2020961,0
2109020,6,1,2020962,2020961,0
2109020,6,2,2020962,2020963,0
2109020,6,3,2020964,2020963,0
2109020,6,4,2020964,2020965,0
2109020,6,5,2020966,2020965,0
2109020,7,5,2020966,2020965,0
2109020,7,6,2020966,2020965,0
2109020,7,7,2020966,2020965,0
2109020,7,8,2020966,2020965,0
2109020,7,9,2020966,2020965,0
2109020,7,10,2020966,2020965,0
2109030,5,0,2021730,0,0
2109030,6,0,2021730,2021731,0
2109030,6,1,2021732,2021731,0
2109030,6,2,2021732,2021733,0
2109030,6,3,2021734,2021733,0
2109030,6,4,2021734,2021735,0
2109030,6,5,2021736,2021735,0
2109030,7,5,2021736,2021735,0
2109030,7,6,2021736,2021735,0
2109030,7,7,2021736,2021735,0
2109030,7,8,2021736,2021735,0
2109030,7,9,2021736,2021735,0
2109030,7,10,2021736,2021735,0
2110010,5,0,2020440,0,0
2110010,6,0,2020440,2020441,0
2110010,6,1,2020442,2020441,0
2110010,6,2,2020442,2020443,0
2110010,6,3,2020444,2020443,0
2110010,6,4,2020444,2020445,0
2110010,6,5,2020446,2020445,0
2110010,7,5,2020446,2020445,0
2110010,7,6,2020446,2020445,0
2110010,7,7,2020446,2020445,0
2110010,7,8,2020446,2020445,0
2110010,7,9,2020446,2020445,0
2110010,7,10,2020446,2020445,0
2110020,5,0,2021060,0,0
2110020,6,0,2021060,2021061,0
2110020,6,1,2021062,2021061,0
2110020,6,2,2021062,2021063,0
2110020,6,3,2021064,2021063,0
2110020,6,4,2021064,2021065,0
2110020,6,5,2021066,2021065,0
2110020,7,5,2021066,2021065,0
2110020,7,6,2021066,2021065,0
2110020,7,7,2021066,2021065,0
2110020,7,8,2021066,2021065,0
2110020,7,9,2021066,2021065,0
2110020,7,10,2021066,2021065,0
2111010,5,0,2020730,0,0
2111010,6,0,2020730,2020731,0
2111010,6,1,2020732,2020731,0
2111010,6,2,2020732,2020733,0
2111010,6,3,2020734,2020733,0
2111010,6,4,2020734,2020735,0
2111010,6,5,2020736,2020735,0
2111010,7,5,2020736,2020735,0
2111010,7,6,2020736,2020735,0
2111010,7,7,2020736,2020735,0
2111010,7,8,2020736,2020735,0
2111010,7,9,2020736,2020735,0
2111010,7,10,2020736,2020735,0
2111020,5,0,2021170,0,0
2111020,6,0,2021170,2021171,0
2111020,6,1,2021172,2021171,0
2111020,6,2,2021172,2021173,0
2111020,6,3,2021174,2021173,0
2111020,6,4,2021174,2021175,0
2111020,6,5,2021176,2021175,0
2111020,7,5,2021176,2021175,0
2111020,7,6,2021176,2021175,0
2111020,7,7,2021176,2021175,0
2111020,7,8,2021176,2021175,0
2111020,7,9,2021176,2021175,0
2111020,7,10,2021176,2021175,0
2112010,5,0,2020050,0,0
2112010,6,0,2020050,2020051,0
2112010,6,1,2020052,2020051,0
2112010,6,2,2020052,2020053,0
2112010,6,3,2020054,2020053,0
2112010,6,4,2020054,2020055,0
2112010,6,5,2020056,2020055,0
2112010,7,5,2020056,2020055,0
2112010,7,6,2020056,2020055,0
2112010,7,7,2020056,2020055,0
2112010,7,8,2020056,2020055,0
2112010,7,9,2020056,2020055,0
2112010,7,10,2020056,2020055,0
2112020,5,0,2020410,0,0
2112020,6,0,2020410,2020411,0
2112020,6,1,2020412,2020411,0
2112020,6,2,2020412,2020413,0
2112020,6,3,2020414,2020413,0
2112020,6,4,2020414,2020415,0
2112020,6,5,2020416,2020415,0
2112020,7,5,2020416,2020415,0
2112020,7,6,2020416,2020415,0
2112020,7,7,2020416,2020415,0
2112020,7,8,2020416,2020415,0
2112020,7,9,2020416,2020415,0
2112020,7,10,2020416,2020415,0
2112030,5,0,2020760,0,0
2112030,6,0,2020760,2020761,0
2112030,6,1,2020762,2020761,0
2112030,6,2,2020762,2020763,0
2112030,6,3,2020764,2020763,0
2112030,6,4,2020764,2020765,0
2112030,6,5,2020766,2020765,0
2112030,7,5,2020766,2020765,0
2112030,7,6,2020766,2020765,0
2112030,7,7,2020766,2020765,0
2112030,7,8,2020766,2020765,0
2112030,7,9,2020766,2020765,0
2112030,7,10,2020766,2020765,0
2113010,5,0,2020090,0,0
2113010,6,0,2020090,2020091,0
2113010,6,1,2020092,2020091,0
2113010,6,2,2020092,2020093,0
2113010,6,3,2020094,2020093,0
2113010,6,4,2020094,2020095,0
2113010,6,5,2020096,2020095,0
2113010,7,5,2020096,2020095,0
2113010,7,6,2020096,2020095,0
2113010,7,7,2020096,2020095,0
2113010,7,8,2020096,2020095,0
2113010,7,9,2020096,2020095,0
2113010,7,10,2020096,2020095,0
2121010,5,0,2020810,0,0
2121010,6,0,2020810,2020811,0
2121010,6,1,2020812,2020811,0
2121010,6,2,2020812,2020813,0
2121010,6,3,2020814,2020813,0
2121010,6,4,2020814,2020815,0
2121010,6,5,2020816,2020815,0
2121010,7,5,2020816,2020815,0
2121010,7,6,2020816,2020815,0
2121010,7,7,2020816,2020815,0
2121010,7,8,2020816,2020815,0
2121010,7,9,2020816,2020815,0
2121010,7,10,2020816,2020815,0
6000001,5,0,2060010,0,0
6000001,6,0,2060010,2060011,0
6000001,6,1,2060012,2060011,0
6000001,6,2,2060012,2060013,0
6000001,6,3,2060014,2060013,0
6000001,6,4,2060014,2060015,0
6000001,6,5,2060016,2060015,0
6000002,5,0,2060020,0,0
6000002,6,0,2060020,2060021,0
6000002,6,1,2060022,2060021,0
6000002,6,2,2060022,2060023,0
6000002,6,3,2060024,2060023,0
6000002,6,4,2060024,2060025,0
6000002,6,5,2060026,2060025,0
6000003,5,0,2060030,0,0
6000003,6,0,2060030,2060031,0
6000003,6,1,2060032,2060031,0
6000003,6,2,2060032,2060033,0
6000003,6,3,2060034,2060033,0
6000003,6,4,2060034,2060035,0
6000003,6,5,2060036,2060035,0
6000005,5,0,2060050,0,0
6000005,6,0,2060050,2060051,0
6000005,6,1,2060052,2060051,0
6000005,6,2,2060052,2060053,0
6000005,6,3,2060054,2060053,0
6000005,6,4,2060054,2060055,0
6000005,6,5,2060056,2060055,0
6000006,5,0,2060060,0,0
6000006,6,0,2060060,2060061,0
6000006,6,1,2060062,2060061,0
6000006,6,2,2060062,2060063,0
6000006,6,3,2060064,2060063,0
6000006,6,4,2060064,2060065,0
6000006,6,5,2060066,2060065,0
6000007,5,0,2060070,0,0
6000007,6,0,2060070,2060071,0
6000007,6,1,2060072,2060071,0
6000007,6,2,2060072,2060073,0
6000007,6,3,2060074,2060073,0
6000007,6,4,2060074,2060075,0
6000007,6,5,2060076,2060075,0
6000008,5,0,2060080,0,0
6000008,6,0,2060080,2060081,0
6000008,6,1,2060082,2060081,0
6000008,6,2,2060082,2060083,0
6000008,6,3,2060084,2060083,0
6000008,6,4,2060084,2060085,0
6000008,6,5,2060086,2060085,0
6000009,5,0,2060090,0,0
6000009,6,0,2060090,2060091,0
6000009,6,1,2060092,2060091,0
6000009,6,2,2060092,2060093,0
6000009,6,3,2060094,2060093,0
6000009,6,4,2060094,2060095,0
6000009,6,5,2060096,2060095,0
6000010,5,0,2060100,0,0
6000010,6,0,2060100,2060101,0
6000010,6,1,2060102,2060101,0
6000010,6,2,2060102,2060103,0
6000010,6,3,2060104,2060103,0
6000010,6,4,2060104,2060105,0
6000010,6,5,2060106,2060105,0
6000011,5,0,2060110,0,0
6000011,6,0,2060110,2060111,0
6000011,6,1,2060112,2060111,0
6000011,6,2,2060112,2060113,0
6000011,6,3,2060114,2060113,0
6000011,6,4,2060114,2060115,0
6000011,6,5,2060116,2060115,0
6000013,5,0,2060130,0,0
6000013,6,0,2060130,2060131,0
6000013,6,1,2060132,2060131,0
6000013,6,2,2060132,2060133,0
6000013,6,3,2060134,2060133,0
6000013,6,4,2060134,2060135,0
6000013,6,5,2060136,2060135,0
6000014,5,0,2060140,0,0
6000014,6,0,2060140,2060141,0
6000014,6,1,2060142,2060141,0
6000014,6,2,2060142,2060143,0
6000014,6,3,2060144,2060143,0
6000014,6,4,2060144,2060145,0
6000014,6,5,2060146,2060145,0
6000015,5,0,2060150,0,0
6000015,6,0,2060150,2060151,0
6000015,6,1,2060152,2060151,0
6000015,6,2,2060152,2060153,0
6000015,6,3,2060154,2060153,0
6000015,6,4,2060154,2060155,0
6000015,6,5,2060156,2060155,0
6000016,5,0,2060160,0,0
6000016,6,0,2060160,2060161,0
6000016,6,1,2060162,2060163,0
6000016,6,2,2060162,2060164,0
6000016,6,3,2060165,2060166,0
6000016,6,4,2060165,2060167,0
6000016,6,5,2060169,2060168,0
6000017,5,0,2060190,0,0
6000017,6,0,2060190,2060191,0
6000017,6,1,2060192,2060193,0
6000017,6,2,2060192,2060194,0
6000017,6,3,2060195,2060196,0
6000017,6,4,2060195,2060197,0
6000017,6,5,2060199,2060198,0
6000018,5,0,2060150,0,0
6000018,6,0,2060150,2060151,0
6000018,6,1,2060152,2060151,0
6000018,6,2,2060152,2060153,0
6000018,6,3,2060154,2060153,0
6000018,6,4,2060154,2060155,0
6000018,6,5,2060156,2060155,0
6000019,5,0,2060150,0,0
6000019,6,0,2060150,2060151,0
6000019,6,1,2060152,2060151,0
6000019,6,2,2060152,2060153,0
6000019,6,3,2060154,2060153,0
6000019,6,4,2060154,2060155,0
6000019,6,5,2060156,2060155,0
6000020,5,0,2060170,0,0
6000020,6,0,2060170,2060171,0
6000020,6,1,2060172,2060171,0
6000020,6,2,2060172,2060173,0
6000020,6,3,2060174,2060173,0
6000020,6,4,2060174,2060175,0
6000020,6,5,2060176,2060175,0
6000021,5,0,2060180,0,0
6000021,6,0,2060180,2060181,0
6000021,6,1,2060182,2060181,0
6000021,6,2,2060182,2060183,0
6000021,6,3,2060184,2060183,0
6000021,6,4,2060184,2060185,0
6000021,6,5,2060186,2060185,0
6000022,5,0,2060200,0,0
6000022,6,0,2060200,2060201,0
6000022,6,1,2060202,2060203,0
6000022,6,2,2060202,2060204,0
6000022,6,3,2060205,2060206,0
6000022,6,4,2060205,2060207,0
6000022,6,5,2060209,2060208,0
6000023,5,0,2060210,0,0
6000023,6,0,2060210,2060211,0
6000023,6,1,2060212,2060213,0
6000023,6,2,2060212,2060214,0
6000023,6,3,2060215,2060216,0
6000023,6,4,2060215,2060217,0
6000023,6,5,2060219,2060218,0
6000024,5,0,2060220,0,0
6000024,6,0,2060220,2060221,0
6000024,6,1,2060222,2060221,0
6000024,6,2,2060222,2060223,0
6000024,6,3,2060224,2060223,0
6000024,6,4,2060224,2060225,0
6000024,6,5,2060226,2060225,0
6000025,5,0,2060230,0,0
6000025,6,0,2060230,2060231,0
6000025,6,1,2060232,2060231,0
6000025,6,2,2060234,2060233,0
6000025,6,3,2060235,2060233,0
6000025,6,4,2060237,2060236,0
6000025,6,5,2060238,2060236,0
6000026,5,0,2060250,0,0
6000026,6,0,2060250,2060251,0
6000026,6,1,2060252,2060253,0
6000026,6,2,2060254,2060255,0
6000026,6,3,2060256,2060257,0
6000026,6,4,2060258,2060259,0
6000026,6,5,20602510,20602511,0
6000027,5,0,2060260,0,0
6000027,6,0,2060260,2060261,0
6000027,6,1,2060262,2060263,0
6000027,6,2,2060262,2060264,0
6000027,6,3,2060265,2060266,0
6000027,6,4,2060265,2060267,0
6000027,6,5,2060268,2060269,0
6000028,5,0,2060270,0,0
6000028,6,0,2060270,2060271,0
6000028,6,1,2060272,2060273,0
6000028,6,2,2060274,2060275,0
6000028,6,3,2060277,2060276,0
6000028,6,4,2060279,2060278,0
6000028,6,5,2060279,20602710,0
6000029,5,0,2060280,0,0
6000029,6,0,2060280,2060281,0
6000029,6,1,2060282,2060283,0
6000029,6,2,2060284,2060285,0
6000029,6,3,2060286,2060287,0
6000029,6,4,2060288,2060289,0
6000029,6,5,20602810,20602811,0
6000030,5,0,2060290,0,0
6000030,6,0,2060290,2060291,0
6000030,6,1,2060292,2060293,0
6000030,6,2,2060294,2060295,0
6000030,6,3,2060296,2060297,0
6000030,6,4,2060298,2060299,0
6000030,6,5,20602910,20602911,0
6000031,5,0,2060300,0,0
6000031,6,0,2060300,2060301,0
6000031,6,1,2060302,2060303,0
6000031,6,2,2060304,2060305,0
6000031,6,3,2060306,2060307,0
6000031,6,4,2060308,2060309,0
6000031,6,5,20603010,20603011,0
6000032,5,0,2060310,0,0
6000032,6,0,2060310,2060311,0
6000032,6,1,2060312,2060313,0
6000032,6,2,2060314,2060315,0
6000032,6,3,2060316,2060317,0
6000032,6,4,2060318,2060319,0
6000032,6,5,20603110,20603111,0
6000033,5,0,2060320,0,0
6000033,6,0,2060320,2060321,0
6000033,6,1,2060322,2060323,0
6000033,6,2,2060324,2060325,0
6000033,6,3,2060326,2060327,0
6000033,6,4,2060328,2060329,0
6000033,6,5,20603210,20603211,0
6000034,5,0,2060330,0,0
6000034,6,0,2060330,2060331,0
6000034,6,1,2060332,2060333,0
6000034,6,2,2060334,2060335,0
6000034,6,3,2060336,2060337,0
6000034,6,4,2060338,2060339,0
6000034,6,5,20603310,20603311,0
6000035,5,0,2060340,0,0
6000035,6,0,2060340,2060341,0
6000035,6,1,2060342,2060343,0
6000035,6,2,2060344,2060345,0
6000035,6,3,2060346,2060347,0
6000035,6,4,2060348,2060349,0
6000035,6,5,20603410,20603411,0
6000036,5,0,2060350,0,0
6000036,6,0,2060350,2060351,0
6000036,6,1,2060352,2060351,0
6000036,6,2,2060352,2060353,0
6000036,6,3,2060354,2060353,0
6000036,6,4,2060354,2060355,0
6000036,6,5,2060356,2060357,0
6000037,5,0,2060360,0,0
6000037,6,0,2060360,2060361,0
6000037,6,1,2060362,2060363,0
6000037,6,2,2060364,2060365,0
6000037,6,3,2060366,2060367,0
6000037,6,4,2060368,2060369,0
6000037,6,5,20603610,20603611,0
6000038,5,0,2060370,0,0
6000038,6,0,2060370,2060371,0
6000038,6,1,2060372,2060373,0
6000038,6,2,2060374,2060375,0
6000038,6,3,2060376,2060377,0
6000038,6,4,2060378,2060379,0
6000038,6,5,20603710,20603711,0
6000039,5,0,2060380,0,0
6000039,6,0,2060380,2060381,0
6000039,6,1,2060382,2060383,0
6000039,6,2,2060384,2060385,0
6000039,6,3,2060386,2060387,0
6000039,6,4,2060388,2060389,0
6000039,6,5,20603810,20603811,0
6000040,5,0,2060390,0,0
6000040,6,0,2060390,2060391,0
6000040,6,1,2060392,2060393,0
6000040,6,2,2060394,2060395,0
6000040,6,3,2060396,2060397,0
6000040,6,4,2060398,2060399,0
6000040,6,5,20603910,20603911,0
6000041,5,0,2060400,0,0
6000041,6,0,2060400,2060401,0
6000041,6,1,2060402,2060403,0
6000041,6,2,2060404,2060405,0
6000041,6,3,2060406,2060407,0
6000041,6,4,2060408,2060409,0
6000041,6,5,20604010,20604011,0
6000042,5,0,2060410,0,0
6000042,6,0,2060410,2060411,0
6000042,6,1,2060412,2060413,0
6000042,6,2,2060414,2060415,0
6000042,6,3,2060416,2060417,0
6000042,6,4,2060418,2060419,0
6000042,6,5,20604110,20604111,0
6000043,5,0,2060420,0,0
6000043,6,0,2060420,2060421,0
6000043,6,1,2060422,2060423,0
6000043,6,2,2060424,2060425,0
6000043,6,3,2060426,2060427,0
6000043,6,4,2060428,2060429,0
6000043,6,5,20604210,20604211,0
6000044,5,0,2060430,0,0
6000044,6,0,2060430,2060431,0
6000044,6,1,2060432,2060433,0
6000044,6,2,2060434,2060435,0
6000044,6,3,2060436,2060437,0
6000044,6,4,2060438,2060439,0
6000044,6,5,20604310,20604311,0
6000045,5,0,2060440,0,0
6000045,6,0,2060440,2060441,0
6000045,6,1,2060442,2060443,0
6000045,6,2,2060444,2060445,0
6000045,6,3,2060446,2060447,0
6000045,6,4,2060448,2060449,0
6000045,6,5,20604410,20604411,0
6000046,5,0,2060450,0,0
6000046,6,0,2060450,2060451,0
6000046,6,1,2060452,2060453,0
6000046,6,2,2060454,2060455,0
6000046,6,3,2060456,2060457,0
6000046,6,4,2060458,2060459,0
6000046,6,5,20604510,20604511,0
6000047,5,0,2060460,0,0
6000047,6,0,2060460,2060461,0
6000047,6,1,2060462,2060463,0
6000047,6,2,2060464,2060465,0
6000047,6,3,2060466,2060467,0
6000047,6,4,2060468,2060469,0
6000047,6,5,20604610,20604611,0
6000048,5,0,2060470,0,0
6000048,6,0,2060470,2060471,0
6000048,6,1,2060472,2060473,0
6000048,6,2,2060474,2060475,0
6000048,6,3,2060476,2060477,0
6000048,6,4,2060478,2060479,0
6000048,6,5,20604710,20604711,0
6000049,5,0,2060480,0,0
6000049,6,0,2060480,2060481,0
6000049,6,1,2060482,2060483,0
6000049,6,2,2060484,2060485,0
6000049,6,3,2060486,2060487,0
6000049,6,4,2060488,2060489,0
6000049,6,5,20604810,20604811,0
6000050,5,0,2060490,0,0
6000050,6,0,2060490,2060491,0
6000050,6,1,2060492,2060493,0
6000050,6,2,2060494,2060495,0
6000050,6,3,2060496,2060497,0
6000050,6,4,2060498,2060499,0
6000050,6,5,20604910,20604911,0
6000051,5,0,2060500,0,0
6000051,6,0,2060500,2060501,0
6000051,6,1,2060502,2060503,0
6000051,6,2,2060504,2060505,0
6000051,6,3,2060506,2060507,0
6000051,6,4,2060508,2060509,0
6000051,6,5,20605010,20605011,0
6000052,5,0,2060510,0,0
6000052,6,0,2060510,2060511,0
6000052,6,1,2060512,2060513,0
6000052,6,2,2060514,2060515,0
6000052,6,3,2060516,2060517,0
6000052,6,4,2060518,2060519,0
6000052,6,5,20605110,20605111,0
6000053,5,0,2060520,0,0
6000053,6,0,2060520,2060521,0
6000053,6,1,2060522,2060523,0
6000053,6,2,2060524,2060525,0
6000053,6,3,2060526,2060527,0
6000053,6,4,2060528,2060529,0
6000053,6,5,20605210,20605211,0
6000054,5,0,2060530,0,0
6000054,6,0,2060530,2060531,0
6000054,6,1,2060532,2060533,0
6000054,6,2,2060534,2060535,0
6000054,6,3,2060536,2060537,0
6000054,6,4,2060538,2060539,0
6000054,6,5,20605310,20605311,0
6000055,5,0,2060540,0,0
6000055,6,0,2060540,2060541,0
6000055,6,1,2060542,2060543,0
6000055,6,2,2060544,2060545,0
6000055,6,3,2060546,2060547,0
6000055,6,4,2060548,2060549,0
6000055,6,5,20605410,20605411,0
6000056,5,0,2060550,0,0
6000056,6,0,2060550,2060551,0
6000056,6,1,2060552,2060553,0
6000056,6,2,2060554,2060555,0
6000056,6,3,2060556,2060557,0
6000056,6,4,2060558,2060559,0
6000056,6,5,20605510,20605511,0
6000057,5,0,2060560,0,0
6000057,6,0,2060560,2060561,0
6000057,6,1,2060562,2060563,0
6000057,6,2,2060564,2060565,0
6000057,6,3,2060566,2060567,0
6000057,6,4,2060568,2060569,0
6000057,6,5,20605610,20605611,0
6000058,5,0,2060570,0,0
6000058,6,0,2060570,2060571,20605712
6000058,6,1,2060572,2060573,20605712
6000058,6,2,2060574,2060575,20605713
6000058,6,3,2060576,2060577,20605713
6000058,6,4,2060578,2060579,20605714
6000058,6,5,20605710,20605711,20605714
6000059,5,0,2060580,0,0
6000059,6,0,2060580,2060581,0
6000059,6,1,2060582,2060583,0
6000059,6,2,2060584,2060585,0
6000059,6,3,2060586,2060587,0
6000059,6,4,2060588,2060589,0
6000059,6,5,20605810,20605811,0
6000060,5,0,2060590,0,0
6000060,6,0,2060590,2060591,0
6000060,6,1,2060592,2060593,0
6000060,6,2,2060594,2060595,0
6000060,6,3,2060596,2060597,0
6000060,6,4,2060598,2060599,0
6000060,6,5,20605910,20605911,0
6000061,5,0,2060600,0,0
6000061,6,0,2060600,2060601,0
6000061,6,1,2060602,2060603,0
6000061,6,2,2060604,2060605,0
6000061,6,3,2060606,2060607,0
6000061,6,4,2060608,2060609,0
6000061,6,5,20606010,20606011,0
6000062,5,0,2060610,0,0
6000062,6,0,2060610,2060611,20606112
6000062,6,1,2060612,2060613,20606112
6000062,6,2,2060614,2060615,20606113
6000062,6,3,2060616,2060617,20606113
6000062,6,4,2060618,2060619,20606114
6000062,6,5,20606110,20606111,20606114
6000063,5,0,2060620,0,0
6000063,6,0,2060620,2060621,20606212
6000063,6,1,2060622,2060623,20606212
6000063,6,2,2060624,2060625,20606213
6000063,6,3,2060626,2060627,20606213
6000063,6,4,2060628,2060629,20606214
6000063,6,5,20606210,20606211,20606214
6000064,5,0,2060630,0,0
6000064,6,0,2060630,2060631,0
6000064,6,1,2060632,2060633,0
6000064,6,2,2060634,2060635,0
6000064,6,3,2060636,2060637,0
6000064,6,4,2060638,2060639,0
6000064,6,5,20606310,20606311,0
6000065,5,0,2060640,0,0
6000065,6,0,2060640,2060641,20606412
6000065,6,1,2060642,2060643,20606412
6000065,6,2,2060644,2060645,20606413
6000065,6,3,2060646,2060647,20606413
6000065,6,4,2060648,2060649,20606414
6000065,6,5,20606410,20606411,20606414
7000001,5,0,2070010,0,0
7000001,6,0,2070010,2070011,0
7000001,6,1,2070012,2070011,0
7000001,6,2,2070012,2070013,0
7000001,6,3,2070014,2070013,0
7000001,6,4,2070014,2070015,0
7000001,6,5,2070016,2070015,0
7000002,5,0,2070020,0,0
7000002,6,0,2070020,2070021,0
7000002,6,1,2070022,2070021,0
7000002,6,2,2070022,2070023,0
7000002,6,3,2070024,2070023,0
7000002,6,4,2070024,2070025,0
7000002,6,5,2070026,2070025,0
7000003,5,0,2070030,0,0
7000003,6,0,2070030,2070031,0
7000003,6,1,2070032,2070033,0
7000003,6,2,2070032,2070034,0
7000003,6,3,2070035,2070036,0
7000003,6,4,2070035,2070037,0
7000003,6,5,2070038,2070039,0
7000004,5,0,2070040,0,0
7000004,6,0,2070040,2070041,0
7000004,6,1,2070042,2070043,0
7000004,6,2,2070042,2070044,0
7000004,6,3,2070045,2070046,0
7000004,6,4,2070045,2070047,0
7000004,6,5,2070048,2070049,0
7000005,5,0,2070050,0,0
7000005,6,0,2070050,2070051,0
7000005,6,1,2070052,2070051,0
7000005,6,2,2070052,2070053,0
7000005,6,3,2070054,2070053,0
7000005,6,4,2070054,2070055,0
7000005,6,5,2070056,2070055,0
7000006,5,0,2070060,0,0
7000006,6,0,2070060,2070061,0
7000006,6,1,2070062,2070061,0
7000006,6,2,2070062,2070063,0
7000006,6,3,2070064,2070063,0
7000006,6,4,2070064,2070065,0
7000006,6,5,2070066,2070065,0
7000007,5,0,2070070,0,0
7000007,6,0,2070070,2070071,0
7000007,6,1,2070072,2070073,0
7000007,6,2,2070074,2070075,0
7000007,6,3,2070076,2070077,0
7000007,6,4,2070078,2070079,0
7000007,6,5,20700710,20700711,0
7000008,5,0,2070080,0,0
7000008,6,0,2070080,2070081,0
7000008,6,1,2070082,2070081,0
7000008,6,2,2070082,2070083,0
7000008,6,3,2070084,2070083,0
7000008,6,4,2070084,2070085,0
7000008,6,5,2070086,2070085,0
7000009,5,0,2070090,0,0
7000009,6,0,2070090,2070091,0
7000009,6,1,2070092,2070091,0
7000009,6,2,2070092,2070093,0
7000009,6,3,2070094,2070093,0
7000009,6,4,2070094,2070095,0
7000009,6,5,2070096,2070095,0
7000010,5,0,2070100,0,0
7000010,6,0,2070100,2070101,0
7000010,6,1,2070102,2070101,0
7000010,6,2,2070102,2070103,0
7000010,6,3,2070104,2070103,0
7000010,6,4,2070104,2070105,0
7000010,6,5,2070106,2070105,0
7000011,5,0,2070110,0,0
7000011,6,0,2070110,2070111,0
7000011,6,1,2070112,2070111,0
7000011,6,2,2070112,2070113,0
7000011,6,3,2070114,2070113,0
7000011,6,4,2070114,2070115,0
7000011,6,5,2070116,2070115,0
7000012,5,0,2070120,0,0
7000012,6,0,2070120,2070121,0
7000012,6,1,2070122,2070123,0
7000012,6,2,2070124,2070125,0
7000012,6,3,2070126,2070127,0
7000012,6,4,2070128,2070129,0
7000012,6,5,20701210,20701211,0
7000013,5,0,2070130,0,0
7000013,6,0,2070130,2070131,0
7000013,6,1,2070132,2070131,0
7000013,6,2,2070132,2070133,0
7000013,6,3,2070134,2070133,0
7000013,6,4,2070134,2070135,0
7000013,6,5,2070136,2070135,0
7000014,5,0,2070140,0,0
7000014,6,0,2070140,2070141,0
7000014,6,1,2070142,2070141,0
7000014,6,2,2070142,2070143,0
7000014,6,3,2070144,2070143,0
7000014,6,4,2070144,2070145,0
7000014,6,5,2070146,2070145,0
7000015,5,0,2070160,0,0
7000015,6,0,2070160,2070161,0
7000015,6,1,2070162,2070163,0
7000015,6,2,2070162,2070164,0
7000015,6,3,2070165,2070166,0
7000015,6,4,2070165,2070167,0
7000015,6,5,2070168,2070169,0
7000016,5,0,2070180,0,0
7000016,6,0,2070180,2070181,0
7000016,6,1,2070182,2070183,0
7000016,6,2,2070184,2070185,0
7000016,6,3,2070186,2070187,0
7000016,6,4,2070188,2070189,0
7000016,6,5,20701810,20701811,0
7000017,5,0,2070150,0,0
7000017,6,0,2070150,2070151,0
7000017,6,1,2070152,2070153,0
7000017,6,2,2070152,2070154,0
7000017,6,3,2070155,2070156,0
7000017,6,4,2070155,2070157,0
7000017,6,5,2070158,2070159,0
7000018,5,0,2070170,0,0
7000018,6,0,2070170,2070171,0
7000018,6,1,2070172,2070171,0
7000018,6,2,2070172,2070173,0
7000018,6,3,2070174,2070173,0
7000018,6,4,2070174,2070175,0
7000018,6,5,2070176,2070175,0
7000019,5,0,2070190,0,0
7000019,6,0,2070190,2070191,0
7000019,6,1,2070192,2070191,0
7000019,6,2,2070192,2070193,0
7000019,6,3,2070194,2070193,0
7000019,6,4,2070194,2070195,0
7000019,6,5,2070196,2070195,0
7000020,5,0,2070200,0,0
7000020,6,0,2070200,2070201,0
7000020,6,1,2070202,2070201,0
7000020,6,2,2070202,2070203,0
7000020,6,3,2070204,2070203,0
7000020,6,4,2070204,2070205,0
7000020,6,5,2070206,2070205,0
7000021,5,0,2070210,0,0
7000021,6,0,2070210,2070211,0
7000021,6,1,2070212,2070213,0
7000021,6,2,2070212,2070214,0
7000021,6,3,2070215,2070216,0
7000021,6,4,2070215,2070217,0
7000021,6,5,2070218,2070219,0
7000022,5,0,2070220,0,0
7000022,6,0,2070220,2070221,0
7000022,6,1,2070222,2070221,0
7000022,6,2,2070222,2070223,0
7000022,6,3,2070224,2070223,0
7000022,6,4,2070224,2070225,0
7000022,6,5,2070226,2070225,0
7000023,5,0,2070230,0,0
7000023,6,0,2070230,2070231,0
7000023,6,1,2070232,2070233,0
7000023,6,2,2070234,2070235,0
7000023,6,3,2070236,2070237,0
7000023,6,4,2070238,2070239,0
7000023,6,5,20702310,20702311,0
7000024,5,0,2070240,0,0
7000024,6,0,2070240,2070241,0
7000024,6,1,2070242,2070241,0
7000024,6,2,2070244,2070243,0
7000024,6,3,2070245,2070243,0
7000024,6,4,2070247,2070246,0
7000024,6,5,2070248,2070246,0
7000025,5,0,2070260,0,0
7000025,6,0,2070260,2070261,0
7000025,6,1,2070262,2070261,0
7000025,6,2,2070262,2070263,0
7000025,6,3,2070264,2070263,0
7000025,6,4,2070264,2070265,0
7000025,6,5,2070266,2070265,0
7000026,5,0,2070270,0,0
7000026,6,0,2070270,2070271,0
7000026,6,1,2070272,2070273,0
7000026,6,2,2070272,2070274,0
7000026,6,3,2070275,2070276,0
7000026,6,4,2070275,2070277,0
7000026,6,5,2070278,2070279,0
7000027,5,0,2070280,0,0
7000027,6,0,2070280,2070281,0
7000027,6,1,2070282,2070283,0
7000027,6,2,2070284,2070285,0
7000027,6,3,2070286,2070287,0
7000027,6,4,2070288,2070289,0
7000027,6,5,20702810,20702811,0
7000028,5,0,2070290,0,0
7000028,6,0,2070290,2070291,0
7000028,6,1,2070292,2070291,0
7000028,6,2,2070292,2070293,0
7000028,6,3,2070294,2070293,0
7000028,6,4,2070294,2070295,0
7000028,6,5,2070296,2070297,0
7000029,5,0,2070300,0,0
7000029,6,0,2070300,2070301,0
7000029,6,1,2070300,2070302,0
7000029,6,2,2070303,2070304,0
7000029,6,3,2070303,2070305,0
7000029,6,4,2070306,2070307,0
7000029,6,5,2070306,2070308,0
7000030,5,0,2070310,0,0
7000030,6,0,2070310,2070311,0
7000030,6,1,2070312,2070311,0
7000030,6,2,2070312,2070313,0
7000030,6,3,2070314,2070313,0
7000030,6,4,2070314,2070315,0
7000030,6,5,2070316,2070315,0
7000031,5,0,2070320,0,0
7000031,6,0,2070320,2070321,0
7000031,6,1,2070322,2070323,0
7000031,6,2,2070324,2070325,0
7000031,6,3,2070326,2070327,0
7000031,6,4,2070328,2070329,0
7000031,6,5,20703210,20703211,0
7000032,5,0,2070330,0,0
7000032,6,0,2070330,2070331,0
7000032,6,1,2070330,2070332,0
7000032,6,2,2070333,2070334,0
7000032,6,3,2070333,2070335,0
7000032,6,4,2070336,2070337,0
7000032,6,5,2070336,2070338,0
7000033,5,0,2070340,0,0
7000033,6,0,2070340,2070341,0
7000033,6,1,2070342,2070341,0
7000033,6,2,2070342,2070343,0
7000033,6,3,2070344,2070343,0
7000033,6,4,2070344,2070345,0
7000033,6,5,2070346,2070347,0
7000034,5,0,2070350,0,0
7000034,6,0,2070350,2070351,0
7000034,6,1,2070350,2070352,0
7000034,6,2,2070353,2070354,0
7000034,6,3,2070353,2070355,0
7000034,6,4,2070356,2070357,0
7000034,6,5,2070356,2070358,0
7000035,5,0,2070360,0,0
7000035,6,0,2070360,2070361,0
7000035,6,1,2070362,2070361,0
7000035,6,2,2070362,2070363,0
7000035,6,3,2070364,2070363,0
7000035,6,4,2070364,2070365,0
7000035,6,5,2070366,2070367,0
7000036,5,0,2070370,0,0
7000036,6,0,2070370,2070371,0
7000036,6,1,2070370,2070372,0
7000036,6,2,2070373,2070374,0
7000036,6,3,2070373,2070375,0
7000036,6,4,2070376,2070377,0
7000036,6,5,2070376,2070378,0
7000037,5,0,2070380,0,0
7000037,6,0,2070380,2070381,0
7000037,6,1,2070382,2070383,0
7000037,6,2,2070384,2070385,0
7000037,6,3,2070386,2070387,0
7000037,6,4,2070388,2070389,0
7000037,6,5,20703810,20703811,0
7000038,5,0,2070390,0,0
7000038,6,0,2070390,2070391,0
7000038,6,1,2070392,2070393,0
7000038,6,2,2070394,2070395,0
7000038,6,3,2070396,2070397,0
7000038,6,4,2070398,2070399,0
7000038,6,5,20703910,20703911,0
7000039,5,0,2070400,0,0
7000039,6,0,2070400,2070401,0
7000039,6,1,2070400,2070402,0
7000039,6,2,2070403,2070404,0
7000039,6,3,2070403,2070405,0
7000039,6,4,2070406,2070407,0
7000039,6,5,2070406,2070408,0
7000040,5,0,2070410,0,0
7000040,6,0,2070410,2070411,0
7000040,6,1,2070412,2070413,0
7000040,6,2,2070414,2070415,0
7000040,6,3,2070416,2070417,0
7000040,6,4,2070418,2070419,0
7000040,6,5,20704110,20704111,0
7000041,5,0,2070420,0,0
7000041,6,0,2070420,2070421,0
7000041,6,1,2070422,2070423,0
7000041,6,2,2070424,2070425,0
7000041,6,3,2070426,2070427,0
7000041,6,4,2070428,2070429,0
7000041,6,5,20704210,20704211,0
7000042,5,0,2070430,0,0
7000042,6,0,2070430,2070431,0
7000042,6,1,2070430,2070432,0
7000042,6,2,2070433,2070434,0
7000042,6,3,2070433,2070435,0
7000042,6,4,2070436,2070437,0
7000042,6,5,2070436,2070438,0
7000043,5,0,2070440,0,0
7000043,6,0,2070440,2070441,0
7000043,6,1,2070442,2070443,0
7000043,6,2,2070442,2070444,0
7000043,6,3,2070445,2070446,0
7000043,6,4,2070445,2070447,0
7000043,6,5,2070448,2070449,0
7000044,5,0,2070450,0,0
7000044,6,0,2070450,2070451,0
7000044,6,1,2070450,2070452,0
7000044,6,2,2070453,2070454,0
7000044,6,3,2070453,2070455,0
7000044,6,4,2070456,2070457,0
7000044,6,5,2070456,2070458,0
7000045,5,0,2070460,0,0
7000045,6,0,2070460,2070461,0
7000045,6,1,2070462,2070463,0
7000045,6,2,2070464,2070465,0
7000045,6,3,2070466,2070467,0
7000045,6,4,2070468,2070469,0
7000045,6,5,20704610,20704611,0
7000046,5,0,2070470,0,0
7000046,6,0,2070470,2070471,0
7000046,6,1,2070472,2070473,0
7000046,6,2,2070472,2070474,0
7000046,6,3,2070475,2070476,0
7000046,6,4,2070475,2070477,0
7000046,6,5,2070478,2070479,0
7000047,5,0,2070480,0,0
7000047,6,0,2070480,2070481,0
7000047,6,1,2070480,2070482,0
7000047,6,2,2070483,2070484,0
7000047,6,3,2070483,2070485,0
7000047,6,4,2070486,2070487,0
7000047,6,5,2070486,2070488,0
7000048,5,0,2070490,0,0
7000048,6,0,2070490,2070491,0
7000048,6,1,2070492,2070493,0
7000048,6,2,2070494,2070495,0
7000048,6,3,2070496,2070497,0
7000048,6,4,2070498,2070499,0
7000048,6,5,20704910,20704911,0
7000049,5,0,2070500,0,0
7000049,6,0,2070500,2070501,0
7000049,6,1,2070500,2070502,0
7000049,6,2,2070503,2070504,0
7000049,6,3,2070503,2070505,0
7000049,6,4,2070506,2070507,0
7000049,6,5,2070506,2070508,0
7000050,5,0,2070510,0,0
7000050,6,0,2070510,2070511,0
7000050,6,1,2070512,2070513,0
7000050,6,2,2070512,2070514,0
7000050,6,3,2070515,2070516,0
7000050,6,4,2070515,2070517,0
7000050,6,5,2070518,2070519,0
7000051,5,0,2070520,0,0
7000051,6,0,2070520,2070521,0
7000051,6,1,2070522,2070523,0
7000051,6,2,2070522,2070524,0
7000051,6,3,2070525,2070526,0
7000051,6,4,2070525,2070527,0
7000051,6,5,2070528,2070529,0
7000052,5,0,2070530,0,0
7000052,6,0,2070530,2070531,0
7000052,6,1,2070530,2070532,0
7000052,6,2,2070533,2070534,0
7000052,6,3,2070533,2070535,0
7000052,6,4,2070536,2070537,0
7000052,6,5,2070536,2070538,0
7000053,5,0,2070540,0,0
7000053,6,0,2070540,2070541,0
7000053,6,1,2070542,2070543,0
7000053,6,2,2070542,2070544,0
7000053,6,3,2070545,2070546,0
7000053,6,4,2070545,2070547,0
7000053,6,5,2070548,2070549,0
7000054,5,0,2070550,0,0
7000054,6,0,2070550,2070551,0
7000054,6,1,2070552,2070553,0
7000054,6,2,2070552,2070554,0
7000054,6,3,2070555,2070556,0
7000054,6,4,2070555,2070557,0
7000054,6,5,2070558,2070559,0
7000055,5,0,2070560,0,0
7000055,6,0,2070560,2070561,0
7000055,6,1,2070560,2070562,0
7000055,6,2,2070563,2070564,0
7000055,6,3,2070563,2070565,0
7000055,6,4,2070566,2070567,0
7000055,6,5,2070566,2070568,0
7000056,5,0,2070570,0,0
7000056,6,0,2070570,2070571,0
7000056,6,1,2070572,2070573,0
7000056,6,2,2070572,2070574,0
7000056,6,3,2070575,2070576,0
7000056,6,4,2070575,2070577,0
7000056,6,5,2070578,2070579,0
7000057,5,0,2070580,0,0
7000057,6,0,2070580,2070581,20705810
7000057,6,1,2070582,2070583,20705810
7000057,6,2,2070582,2070584,20705811
7000057,6,3,2070585,2070586,20705811
7000057,6,4,2070585,2070587,20705812
7000057,6,5,2070588,2070589,20705812
7000058,5,0,2070590,0,0
7000058,6,0,2070590,2070591,0
7000058,6,1,2070590,2070592,0
7000058,6,2,2070593,2070594,0
7000058,6,3,2070593,2070595,0
7000058,6,4,2070596,2070597,0
7000058,6,5,2070596,2070598,0
7000059,5,0,2070600,0,0
7000059,6,0,2070600,2070601,20706010
7000059,6,1,2070602,2070603,20706010
7000059,6,2,2070602,2070604,20706011
7000059,6,3,2070605,2070606,20706011
7000059,6,4,2070605,2070607,20706012
7000059,6,5,2070608,2070609,20706012
7000060,5,0,2070610,0,0
7000060,6,0,2070610,2070611,20706110
7000060,6,1,2070612,2070613,20706110
7000060,6,2,2070612,2070614,20706111
7000060,6,3,2070615,2070616,20706111
7000060,6,4,2070615,2070617,20706112
7000060,6,5,2070618,2070619,20706112
7000061,5,0,2070620,0,0
7000061,6,0,2070620,2070621,0
7000061,6,1,2070620,2070622,0
7000061,6,2,2070623,2070624,0
7000061,6,3,2070623,2070625,0
7000061,6,4,2070626,2070627,0
7000061,6,5,2070626,2070628,0
91005670,1,0,1000,0,0
91005680,1,0,1000,0,0
91005690,1,0,1000,0,0
91005700,1,0,1000,0,0
91005710,1,0,1000,0,0
91005720,1,0,1000,0,0
91005730,1,0,1000,0,0
91005740,1,0,1000,0,0
91005750,1,0,1000,0,0
91005760,1,0,1000,0,0
91005770,1,0,1000,0,0
91005780,1,0,1000,0,0
91005790,1,0,1000,0,0
91005800,1,0,1000,0,0
91005810,1,0,1000,0,0
91005820,1,0,1000,0,0
91005830,1,0,1000,0,0
91005840,1,0,1000,0,0
91005850,1,0,1000,0,0
91005860,1,0,1000,0,0
91005870,1,0,1000,0,0
91005880,1,0,1000,0,0
91006180,1,0,1000,0,0
91007330,1,0,1000,0,0
91007730,1,0,1000,0,0
91008350,1,0,1001,0,0
91008360,1,0,1001,0,0
91008370,1,0,1001,0,0
91008380,1,0,1001,0,0
91008390,1,0,1001,0,0
91008400,1,0,1001,0,0
91008410,1,0,1001,0,0
91008420,1,0,1001,0,0
91008430,1,0,1001,0,0
91008440,1,0,1001,0,0
91008450,1,0,1001,0,0
91008460,1,0,1001,0,0
91008470,1,0,1001,0,0
91008480,1,0,1001,0,0
91008490,1,0,1001,0,0
91008500,1,0,1001,0,0
91008510,1,0,1001,0,0
91008520,1,0,1001,0,0
91008530,1,0,1001,0,0
91008540,1,0,1001,0,0
91008550,1,0,1001,0,0
91008560,1,0,1001,0,0
91008570,1,0,1001,0,0
91008580,1,0,1001,0,0
91008590,1,0,1001,0,0
91008670,1,0,1001,0,0
91008680,1,0,1001,0,0
91008690,1,0,1001,0,0
91008700,1,0,1001,0,0
91008710,1,0,1001,0,0
91008720,1,0,1001,0,0
91008730,1,0,1001,0,0
91008740,1,0,1001,0,0
91008750,1,0,1001,0,0
91008760,1,0,1001,0,0
91008770,1,0,1001,0,0
91008780,1,0,1001,0,0
91008790,1,0,1001,0,0
91008800,1,0,1001,0,0
91008810,1,0,1001,0,0
91008820,1,0,1001,0,0
91008830,1,0,1001,0,0
91008840,1,0,1001,0,0
91008850,1,0,1001,0,0
91008860,1,0,1001,0,0
91008870,1,0,1001,0,0
91008880,1,0,1001,0,0
91008890,1,0,1001,0,0
91008900,1,0,1001,0,0
91008910,1,0,1001,0,0
91009250,1,0,1002,0,0
91009540,1,0,1001,0,0
91009550,1,0,1001,0,0
91009560,1,0,1001,0,0
91009570,1,0,1001,0,0
91009580,1,0,1001,0,0
91009590,1,0,1001,0,0
91009600,1,0,1001,0,0
91009610,1,0,1001,0,0
91009620,1,0,1001,0,0
91009630,1,0,1001,0,0
91009640,1,0,1001,0,0
91009650,1,0,1001,0,0
91009660,1,0,1001,0,0
91009670,1,0,1001,0,0
91009680,1,0,1001,0,0
91009690,1,0,1001,0,0
91009700,1,0,1001,0,0
91009710,1,0,1001,0,0
91009720,1,0,1001,0,0
91009730,1,0,1001,0,0
91009740,1,0,1001,0,0
91009750,1,0,1001,0,0
91009760,1,0,1001,0,0
91009770,1,0,1001,0,0
91009780,1,0,1001,0,0
91010020,1,0,1001,0,0
91010030,1,0,1001,0,0
91010040,1,0,1001,0,0
91010050,1,0,1001,0,0
91010060,1,0,1001,0,0
91010070,1,0,1001,0,0
91010080,1,0,1001,0,0
91010090,1,0,1001,0,0
91010100,1,0,1001,0,0
91010110,1,0,1001,0,0
91010120,1,0,1001,0,0
91010130,1,0,1001,0,0
91010140,1,0,1001,0,0
91010150,1,0,1001,0,0
91010160,1,0,1001,0,0
91010170,1,0,1001,0,0
91010180,1,0,1001,0,0
91010190,1,0,1001,0,0
91010200,1,0,1001,0,0
91010210,1,0,1001,0,0
91010220,1,0,1001,0,0
91010230,1,0,1001,0,0
91010240,1,0,1001,0,0
91010250,1,0,1001,0,0
91010260,1,0,1001,0,0
91010530,1,0,1000,0,0
91010670,1,0,1001,0,0
91010680,1,0,1001,0,0
91010690,1,0,1001,0,0
91010700,1,0,1001,0,0
91011170,1,0,1001,0,0
91011180,1,0,1001,0,0
91011190,1,0,1001,0,0
91011200,1,0,1001,0,0
91011210,1,0,1001,0,0
91011220,1,0,1001,0,0
91011230,1,0,1001,0,0
91011240,1,0,1001,0,0
91011250,1,0,1001,0,0
91011260,1,0,1001,0,0
91011270,1,0,1001,0,0
91011280,1,0,1001,0,0
91011290,1,0,1001,0,0
91011300,1,0,1001,0,0
91011310,1,0,1001,0,0
91011320,1,0,1001,0,0
91011330,1,0,1001,0,0
91011340,1,0,1001,0,0
91011350,1,0,1001,0,0
91011360,1,0,1001,0,0
91011370,1,0,1001,0,0
91011380,1,0,1001,0,0
91011390,1,0,1001,0,0
91011400,1,0,1001,0,0
91011410,1,0,1001,0,0
91011420,1,0,1001,0,0
91012090,1,0,1002,0,0
91012490,1,0,1001,0,0
91012500,1,0,1001,0,0
91012510,1,0,1001,0,0
91012520,1,0,1001,0,0
91012530,1,0,1001,0,0
91012540,1,0,1001,0,0
91012550,1,0,1001,0,0
91012560,1,0,1001,0,0
91012570,1,0,1001,0,0
91012580,1,0,1001,0,0
91012590,1,0,1001,0,0
91012600,1,0,1001,0,0
91012610,1,0,1001,0,0
91012620,1,0,1001,0,0
91012630,1,0,1001,0,0
91012640,1,0,1001,0,0
91012650,1,0,1001,0,0
91012660,1,0,1001,0,0
91012670,1,0,1001,0,0
91012680,1,0,1001,0,0
91012690,1,0,1001,0,0
91012700,1,0,1001,0,0
91012710,1,0,1001,0,0
91012720,1,0,1001,0,0
91012730,1,0,1001,0,0
91012740,1,0,1001,0,0
91013320,1,0,1002,0,0
91013760,1,0,1004,0,0
91013770,1,0,1004,0,0
91013780,1,0,1004,0,0
91013790,1,0,1004,0,0
91013800,1,0,1004,0,0
91013810,1,0,1004,0,0
91013820,1,0,1004,0,0
91013830,1,0,1004,0,0
91013840,1,0,1004,0,0
91013850,1,0,1004,0,0
91013860,1,0,1004,0,0
91013870,1,0,1004,0,0
91013880,1,0,1004,0,0
91013890,1,0,1004,0,0
91013900,1,0,1004,0,0
91013910,1,0,1004,0,0
91013920,1,0,1004,0,0
91013930,1,0,1004,0,0
91013940,1,0,1004,0,0
91013950,1,0,1004,0,0
91013960,1,0,1004,0,0
91013970,1,0,1004,0,0
91013980,1,0,1004,0,0
91013990,1,0,1004,0,0
91014000,1,0,1004,0,0
91014010,1,0,1004,0,0
91014020,1,0,1004,0,0
91014030,1,0,1004,0,0
91014040,1,0,1004,0,0
91014050,1,0,1004,0,0
91014060,1,0,1004,0,0
91014070,1,0,1004,0,0
91014080,1,0,1004,0,0
91014090,1,0,1004,0,0
91014100,1,0,1004,0,0
91014110,1,0,1004,0,0
91014120,1,0,1004,0,0
91014130,1,0,1004,0,0
91014140,1,0,1004,0,0
91014150,1,0,1004,0,0
91014160,1,0,1004,0,0
91014170,1,0,1004,0,0
91014180,1,0,1004,0,0
91014190,1,0,1004,0,0
91014200,1,0,1004,0,0
91014210,1,0,1004,0,0
91014220,1,0,1004,0,0
91014230,1,0,1004,0,0
91014240,1,0,1004,0,0
91014250,1,0,1004,0,0
91014260,1,0,1004,0,0
91014270,1,0,1004,0,0
91014810,1,0,1001,0,0
91014820,1,0,1001,0,0
91014830,1,0,1001,0,0
91014840,1,0,1001,0,0
91014850,1,0,1001,0,0
91014860,1,0,1001,0,0
91014870,1,0,1001,0,0
91014880,1,0,1001,0,0
91014890,1,0,1001,0,0
91014900,1,0,1001,0,0
91014910,1,0,1001,0,0
91014920,1,0,1001,0,0
91014930,1,0,1001,0,0
91014940,1,0,1001,0,0
91014950,1,0,1001,0,0
91014960,1,0,1001,0,0
91014970,1,0,1001,0,0
91014980,1,0,1001,0,0
91014990,1,0,1001,0,0
91015000,1,0,1001,0,0
91015010,1,0,1001,0,0
91015020,1,0,1001,0,0
91015030,1,0,1001,0,0
91015040,1,0,1001,0,0
91015050,1,0,1001,0,0
91015060,1,0,1001,0,0
100000350,1,0,1003,0,0
100000370,1,0,1003,0,0
110000290,1,0,1003,0,0
