id,text_name,text_description,text_label,rarity,max_stack,max_possession_quantity,type,sub_category,sub_category2,sub_category3,rank,value,sell_price,can_use,resource_id,effect_resource_id,bg_rgb,reward_group_id,event_id
1001,6500122,6510122,0,1,9999,0,1,1,0,0,1,1,0,1,711000028,0,000000,3801001,0
1002,6500123,6510123,0,2,9999,0,1,1,0,0,1,1,0,1,711000028,0,000000,3801002,0
1003,6500124,6510124,0,3,9999,0,1,1,0,0,1,1,0,1,711000029,0,000000,3801003,0
1004,6500125,6510125,0,4,9999,0,1,1,0,0,1,1,0,1,711000030,0,000000,3801004,0
1005,6500126,6510126,0,5,9999,0,1,1,0,0,1,1,0,1,711000031,0,000000,3801005,0
1006,6500127,6510127,0,6,9999,0,1,1,0,0,1,1,0,1,711000032,0,000000,3801006,0
1007,6500128,6510128,0,1,9999,0,1,1,0,0,1,1,0,1,711000034,0,000000,3801007,0
1008,6500129,6510129,0,2,9999,0,1,1,0,0,1,1,0,1,711000034,0,000000,3801008,0
1009,6500130,6510130,0,3,9999,0,1,1,0,0,1,1,0,1,711000035,0,000000,3801009,0
1010,6500131,6510131,0,4,9999,0,1,1,0,0,1,1,0,1,711000036,0,000000,3801010,0
1011,6500132,6510132,0,5,9999,0,1,1,0,0,1,1,0,1,711000037,0,000000,3801011,0
1012,6500133,6510133,0,6,9999,0,1,1,0,0,1,1,0,1,711000038,0,000000,3801012,0
1013,6500134,6510134,0,1,9999,0,1,1,0,0,1,1,0,1,711000073,0,000000,3801013,0
1014,6500135,6510135,0,2,9999,0,1,1,0,0,1,1,0,1,711000073,0,000000,3801014,0
1015,6500136,6510136,0,3,9999,0,1,1,0,0,1,1,0,1,711000074,0,000000,3801015,0
1016,6500137,6510137,0,4,9999,0,1,1,0,0,1,1,0,1,711000075,0,000000,3801016,0
1017,6500138,6510138,0,5,9999,0,1,1,0,0,1,1,0,1,711000076,0,000000,3801017,0
1018,6500139,6510139,0,6,9999,0,1,1,0,0,1,1,0,1,711000077,0,000000,3801018,0
1019,6501858,6511058,0,1,9999,0,1,1,0,0,1,1,0,1,711000079,0,000000,3801019,0
1020,6501859,6511059,0,2,9999,0,1,1,0,0,1,1,0,1,711000079,0,000000,3801020,0
1021,6501860,6511060,0,3,9999,0,1,1,0,0,1,1,0,1,711000080,0,000000,3801021,0
1022,6501861,6511061,0,4,9999,0,1,1,0,0,1,1,0,1,711000081,0,000000,3801022,0
1023,6501862,6511062,0,5,9999,0,1,1,0,0,1,1,0,1,711000082,0,000000,3801023,0
1024,6501863,6511063,0,6,9999,0,1,1,0,0,1,1,0,1,711000083,0,000000,3801024,0
1025,6501941,6511169,0,1,9999,0,1,1,0,0,1,1,0,1,711000040,0,000000,3801049,0
1026,6501942,6511170,0,2,9999,0,1,1,0,0,1,1,0,1,711000040,0,000000,3801050,0
1027,6501943,6511171,0,3,9999,0,1,1,0,0,1,1,0,1,711000041,0,000000,3801051,0
1028,6501944,6511172,0,4,9999,0,1,1,0,0,1,1,0,1,711000042,0,000000,3801052,0
1029,6501945,6511173,0,5,9999,0,1,1,0,0,1,1,0,1,711000043,0,000000,3801053,0
1030,6501946,6511174,0,6,9999,0,1,1,0,0,1,1,0,1,711000044,0,000000,3801054,0
1031,6501932,6511160,0,4,9999,0,1,1,0,0,6,1,0,1,711000030,0,000000,3801055,0
1032,6501933,6511161,0,5,9999,0,1,1,0,0,6,1,0,1,711000031,0,000000,3801056,0
1034,6501935,6511163,0,4,9999,0,1,1,0,0,6,1,0,1,711000036,0,000000,3801058,0
1035,6501936,6511164,0,5,9999,0,1,1,0,0,6,1,0,1,711000037,0,000000,3801059,0
1044,6500070,6510070,0,1,9999,0,1,1,0,0,1,1,0,1,711000048,0,000000,3801028,0
1045,6500071,6510071,0,2,9999,0,1,1,0,0,1,1,0,1,711000048,0,000000,3801029,0
1046,6500072,6510072,0,3,9999,0,1,1,0,0,1,1,0,1,711000049,0,000000,3801030,0
1047,6500073,6510073,0,4,9999,0,1,1,0,0,1,1,0,1,711000050,0,000000,3801031,0
1048,6500074,6510074,0,5,9999,0,1,1,0,0,1,1,0,1,711000051,0,000000,3801032,0
1049,6504459,6513097,0,6,9999,0,1,1,0,0,1,1,0,1,711000052,0,000000,3801033,0
1050,6500076,6510076,0,0,9999,0,1,1,0,0,1,1,0,1,711000059,0,000000,3801034,0
1051,6500077,6510077,0,0,9999,0,1,1,0,0,1,1,0,1,711000060,0,000000,3801035,0
1052,6500078,6510078,0,0,9999,0,1,1,0,0,1,1,0,1,711000061,0,000000,3801036,0
1053,6500079,6510079,0,0,9999,0,1,1,0,0,1,1,0,1,711000062,0,000000,3801037,0
1061,6500227,6510227,0,0,9999,0,1,1,0,0,1,1,0,1,711000014,0,000000,3802006,0
1062,6502346,6511446,0,0,9999,0,1,1,0,0,1,1,0,1,740500113,0,000000,3802074,0
1063,6502368,6511481,0,0,9999,0,1,1,0,0,1,1,0,1,711000096,0,000000,3801075,0
1064,6502369,6511482,0,0,9999,0,1,1,0,0,1,1,0,1,711000097,0,000000,3801076,0
1065,6502370,6511483,0,0,9999,0,1,1,0,0,1,1,0,1,711000098,0,000000,3801077,0
1066,6502371,6511484,0,0,9999,0,1,1,0,0,1,1,0,1,711000099,0,000000,3801078,0
1067,6502391,6511496,0,0,9999,0,1,1,0,0,1,1,0,1,711000100,0,000000,3801079,0
1068,6502392,6511497,0,0,9999,0,1,1,0,0,1,1,0,1,711000101,0,000000,3801080,0
1069,6502393,6511498,0,0,9999,0,1,1,0,0,1,1,0,1,711000102,0,000000,3801081,0
1070,6502394,6511499,0,0,9999,0,1,1,0,0,1,1,0,1,711000103,0,000000,3801082,0
1071,6502537,6511632,0,6,9999,0,1,1,0,0,1,1,0,1,711000110,0,000000,3801083,0
1072,6502543,6511638,0,1,9999,0,1,1,0,0,1,1,0,1,711000059,0,000000,3802095,0
1073,6502544,6511638,0,2,9999,0,1,1,0,0,1,1,0,1,711000059,0,000000,3802096,0
1074,6502545,6511638,0,3,9999,0,1,1,0,0,1,1,0,1,711000059,0,000000,3802097,0
1075,6502568,6511656,0,1,9999,0,1,1,0,0,1,1,0,1,711000064,0,000000,3802098,0
1076,6502569,6511656,0,2,9999,0,1,1,0,0,1,1,0,1,711000064,0,000000,3802099,0
1077,6502570,6511656,0,3,9999,0,1,1,0,0,1,1,0,1,711000064,0,000000,3802100,0
1078,6502675,6511737,0,0,9999,0,1,1,0,0,1,1,0,1,711000054,0,000000,3802114,0
1079,6502676,6511738,0,1,9999,0,1,1,0,0,1,1,0,1,711000118,0,000000,3802115,0
1080,6502861,6511920,0,0,9999,0,1,1,0,0,1,1,0,1,711000129,0,000000,3801098,0
1081,6502862,6511921,0,0,9999,0,1,1,0,0,1,1,0,1,711000130,0,000000,3801099,0
1082,6502863,6511922,0,0,9999,0,1,1,0,0,1,1,0,1,711000130,0,000000,3801100,0
1083,6502864,6511923,0,0,9999,0,1,1,0,0,1,1,0,1,711000130,0,000000,3801101,0
1084,6503199,6512140,0,0,9999,0,1,1,0,0,1,1,0,1,711000100,0,000000,3801104,0
1085,6503200,6512141,0,0,9999,0,1,1,0,0,1,1,0,1,711000101,0,000000,3801105,0
1086,6503201,6512142,0,0,9999,0,1,1,0,0,1,1,0,1,711000102,0,000000,3801106,0
1087,6503202,6512143,0,0,9999,0,1,1,0,0,1,1,0,1,711000103,0,000000,3801107,0
1088,6503275,6510229,0,0,9999,0,1,1,0,0,1,1,0,1,711000144,0,000000,3801110,0
1089,6503276,6510229,0,0,9999,0,1,1,0,0,1,1,0,1,711000144,0,000000,3801111,0
1090,6503277,6512209,0,0,9999,0,1,1,0,0,1,1,0,1,711000149,0,000000,3801112,0
1091,6503294,6512228,0,0,9999,0,1,1,0,0,1,1,0,1,711000065,0,000000,3801113,0
1092,6503310,6512247,0,0,9999,0,1,1,0,0,1,1,0,1,711000152,0,000000,3801114,0
1093,6503332,6512268,0,6,9999,0,1,1,0,0,1,1,0,1,711000088,0,000000,3801115,0
1094,6503352,6512285,0,6,9999,0,1,1,0,0,1,1,0,1,711000088,0,000000,3801116,0
1095,6503535,6510229,0,0,9999,0,1,1,0,0,1,1,0,1,711000144,0,000000,3801119,0
1096,6503536,6510229,0,0,9999,0,1,1,0,0,1,1,0,1,711000144,0,000000,3801120,0
1097,6503591,6512449,0,6,9999,0,1,1,0,0,1,1,0,1,711000088,0,000000,3801121,0
1098,6503613,6511384,0,0,9999,0,1,1,0,0,1,1,0,1,711000024,0,000000,3801122,0
1099,6503790,6512601,0,0,9999,0,1,1,0,0,1,1,0,1,711000024,0,000000,3801134,0
1100,6503791,6512602,0,0,9999,0,1,1,0,0,1,1,0,1,711000024,0,000000,3801135,0
1101,6503792,6512603,0,0,9999,0,1,1,0,0,1,1,0,1,711000024,0,000000,3801136,0
1102,6503793,6512604,0,0,9999,0,1,1,0,0,1,1,0,1,711000024,0,000000,3801137,0
1103,6503794,6512605,0,0,9999,0,1,1,0,0,1,1,0,1,711000024,0,000000,3801138,0
1104,6503795,6512606,0,0,9999,0,1,1,0,0,1,1,0,1,711000024,0,000000,3801139,0
1105,6503796,6512607,0,0,9999,0,1,1,0,0,1,1,0,1,711000024,0,000000,3801140,0
1106,6503867,6512668,0,0,9999,0,1,1,0,0,1,1,0,1,711000024,0,000000,3801141,0
1107,6503868,6512669,0,0,9999,0,1,1,0,0,1,1,0,1,711000024,0,000000,3801142,0
1108,6503869,6512670,0,0,9999,0,1,1,0,0,1,1,0,1,711000024,0,000000,3801143,0
1109,6503870,6512671,0,0,9999,0,1,1,0,0,1,1,0,1,711000024,0,000000,3801144,0
1110,6503871,6512672,0,0,9999,0,1,1,0,0,1,1,0,1,711000024,0,000000,3801145,0
1111,6503872,6512673,0,0,9999,0,1,1,0,0,1,1,0,1,711000024,0,000000,3801146,0
1112,6503873,6512674,0,0,9999,0,1,1,0,0,1,1,0,1,711000024,0,000000,3801147,0
1113,6503878,6512678,0,6,9999,0,1,1,0,0,1,1,0,1,711000088,0,000000,3801148,0
1114,6503977,6512724,0,6,9999,0,1,1,0,0,1,1,0,1,711000032,0,000000,3801151,0
1115,6503978,6512725,0,6,9999,0,1,1,0,0,1,1,0,1,711000032,0,000000,3801152,0
1116,6503979,6512726,0,6,9999,0,1,1,0,0,1,1,0,1,711000032,0,000000,3801153,0
1124,6504071,6510229,0,0,9999,0,1,1,0,0,1,1,0,1,711000144,0,000000,3801161,0
1125,6504072,6510229,0,0,9999,0,1,1,0,0,1,1,0,1,711000144,0,000000,3801162,0
1126,6504148,6512862,0,6,9999,0,1,1,0,0,1,1,0,1,711000088,0,000000,3801165,0
1134,6504338,6512988,0,6,9999,0,1,1,0,0,1,1,0,1,711000088,0,000000,3801171,0
1136,6504409,6510229,0,0,9999,0,1,1,0,0,1,1,0,1,711000144,0,000000,3801175,0
1137,6504410,6510229,0,0,9999,0,1,1,0,0,1,1,0,1,711000144,0,000000,3801176,0
1138,6504413,6513060,0,6,9999,0,1,1,0,0,1,1,0,1,711000032,0,000000,3801177,0
1139,6504414,6513061,0,6,9999,0,1,1,0,0,1,1,0,1,711000038,0,000000,3801178,0
1140,6504718,6510229,0,0,9999,0,1,1,0,0,1,1,0,1,711000144,0,000000,3801181,0
1141,6504719,6510229,0,0,9999,0,1,1,0,0,1,1,0,1,711000144,0,000000,3801182,0
1142,6504792,6510229,0,0,9999,0,1,1,0,0,1,1,0,1,711000144,0,000000,3801183,0
1143,6504793,6510229,0,0,9999,0,1,1,0,0,1,1,0,1,711000144,0,000000,3801184,0
1144,6505047,6510229,0,0,9999,0,1,1,0,0,1,1,0,1,711000144,0,000000,3801192,0
1145,6505048,6510229,0,0,9999,0,1,1,0,0,1,1,0,1,711000144,0,000000,3801193,0
1146,6505053,6513505,0,6,9999,0,1,1,0,0,1,1,0,1,711000088,0,000000,3801194,0
1147,6505479,6510229,0,0,9999,0,1,1,0,0,1,1,0,1,711000144,0,000000,3801199,0
1148,6505480,6510229,0,0,9999,0,1,1,0,0,1,1,0,1,711000144,0,000000,3801200,0
1149,6505604,6513840,0,6,9999,0,1,1,0,0,1,1,0,1,710001105,0,000000,3801201,0
1150,6505696,6510229,0,0,9999,0,1,1,0,0,1,1,0,1,711000144,0,000000,3801204,0
1151,6505697,6510229,0,0,9999,0,1,1,0,0,1,1,0,1,711000144,0,000000,3801205,0
1152,6505990,6510229,0,0,9999,0,1,1,0,0,1,1,0,1,711000144,0,000000,3801215,0
1153,6505991,6510229,0,0,9999,0,1,1,0,0,1,1,0,1,711000144,0,000000,3801216,0
1154,6503613,6511384,0,0,9999,0,1,1,0,0,1,1,0,1,711000024,0,000000,3801217,0
1200,6500501,6510501,0,0,9999,0,1,1,0,0,1,1,0,1,711000069,0,000000,3802001,0
1201,6500502,6511316,0,0,9999,0,1,1,0,0,1,1,0,1,711000069,0,000000,3802002,0
1202,6500503,6511316,0,0,9999,0,1,1,0,0,1,1,0,1,711000069,0,000000,3802003,0
1203,6500504,6511535,0,0,9999,0,1,1,0,0,1,1,0,1,711000069,0,000000,3802004,0
1204,6500505,6513131,0,0,9999,0,1,1,0,0,1,1,0,1,711000069,0,000000,3802005,0
1206,6500507,6511257,0,0,9999,0,1,1,0,0,1,1,0,1,711000021,0,000000,3802024,0
1207,6500508,6511258,0,0,9999,0,1,1,0,0,1,1,0,1,711000021,0,000000,3802025,0
1208,6500509,6511259,0,0,9999,0,1,1,0,0,1,1,0,1,711000021,0,000000,3802026,0
1224,6500525,6510239,0,0,9999,0,1,1,0,0,1,1,0,1,712000021,0,000000,3802007,0
1225,6500526,6510239,0,0,9999,0,1,1,0,0,1,1,0,1,712000021,0,000000,3802008,0
1226,6500527,6510239,0,0,9999,0,1,1,0,0,1,1,0,1,712000021,0,000000,3802009,0
1227,6500528,6510239,0,0,9999,0,1,1,0,0,1,1,0,1,712000021,0,000000,3802010,0
1228,6500529,6510239,0,0,9999,0,1,1,0,0,1,1,0,1,712000021,0,000000,3802011,0
1229,6500530,6510239,0,0,9999,0,1,1,0,0,1,1,0,1,712000021,0,000000,3802012,0
1230,6500531,6510239,0,0,9999,0,1,1,0,0,1,1,0,1,712000021,0,000000,3802013,0
1231,6500532,6510239,0,0,9999,0,1,1,0,0,1,1,0,1,712000021,0,000000,3802014,0
1232,6500533,6510239,0,0,9999,0,1,1,0,0,1,1,0,1,712000021,0,000000,3802015,0
1233,6500534,6510239,0,0,9999,0,1,1,0,0,1,1,0,1,712000021,0,000000,3802016,0
1234,6500535,6510239,0,0,9999,0,1,1,0,0,1,1,0,1,712000021,0,000000,3802017,0
1235,6500536,6510239,0,0,9999,0,1,1,0,0,1,1,0,1,712000021,0,000000,3802018,0
1236,6500537,6510239,0,0,9999,0,1,1,0,0,1,1,0,1,712000021,0,000000,3802019,0
1237,6500538,6510239,0,0,9999,0,1,1,0,0,1,1,0,1,711000016,0,000000,3802020,0
1238,6500539,6510239,0,0,9999,0,1,1,0,0,1,1,0,1,711000016,0,000000,3802021,0
1239,6500540,6510540,0,0,9999,0,1,1,0,0,1,1,0,1,711000070,0,000000,3801042,0
1240,6500541,6510541,0,0,9999,0,1,1,0,0,1,1,0,1,711000070,0,000000,3801043,0
1241,6500542,6510542,0,0,9999,0,1,1,0,0,1,1,0,1,711000070,0,000000,3801044,0
1242,6500543,6510543,0,0,9999,0,1,1,0,0,1,1,0,1,711000070,0,000000,3801045,0
1243,6500544,6510544,0,0,9999,0,1,1,0,0,1,1,0,1,711000070,0,000000,3801046,0
1244,6500545,6510545,0,0,9999,0,1,1,0,0,1,1,0,1,711000070,0,000000,3801047,0
1251,6500239,6510239,0,0,9999,0,1,1,0,0,1,1,0,1,711000024,0,000000,3802034,0
1256,6500624,6510624,0,0,9999,0,1,1,0,0,1,1,0,1,711000070,0,000000,3801048,0
1259,6501870,6510229,0,0,9999,0,1,2,0,0,1,1,0,1,711000019,0,000000,3802022,0
1260,6501871,6510229,0,0,9999,0,1,2,0,0,1,1,0,1,711000019,0,000000,3802001,0
1261,6501872,6510229,0,0,9999,0,1,2,0,0,1,1,0,1,711000019,0,000000,3802001,0
1262,6501873,6510229,0,0,9999,0,1,2,0,0,1,1,0,1,711000019,0,000000,3802023,0
1263,6501874,6510229,0,0,9999,0,1,2,0,0,1,1,0,1,711000019,0,000000,3802001,0
1264,6501875,6510229,0,0,9999,0,1,2,0,0,1,1,0,1,711000019,0,000000,3802001,0
1265,6501854,6511054,0,0,9999,0,1,1,0,0,1,1,0,1,711000064,0,000000,3801040,0
1266,6501855,6511055,0,0,9999,0,1,1,0,0,1,1,0,1,711000063,0,000000,3801039,0
1267,6501882,6510507,0,0,9999,0,1,1,0,0,1,1,0,1,711000027,0,000000,3801025,0
1268,6501883,6510508,0,0,9999,0,1,1,0,0,1,1,0,1,711000033,0,000000,3801026,0
1269,6501884,6510509,0,0,9999,0,1,1,0,0,1,1,0,1,711000039,0,000000,3801027,0
1270,6501885,6510229,0,0,9999,0,1,1,0,0,1,1,0,1,711000019,0,000000,3802027,0
1271,6501886,6510229,0,0,9999,0,1,1,0,0,1,1,0,1,711000019,0,000000,3802028,0
1272,6501887,6510229,0,0,9999,0,1,1,0,0,1,1,0,1,711000019,0,000000,3802029,0
1273,6501888,6510229,0,0,9999,0,1,1,0,0,1,1,0,1,711000019,0,000000,3802030,0
1276,6501905,6511252,0,0,9999,0,1,2,0,0,1,1,0,1,711000066,0,000000,3802035,0
1277,6501906,6511252,0,0,9999,0,1,2,0,0,1,1,0,1,711000066,0,000000,3802036,0
1278,6501907,6511252,0,0,9999,0,1,2,0,0,1,1,0,1,711000066,0,000000,3802037,0
1279,6501908,6511252,0,0,9999,0,1,2,0,0,1,1,0,1,711000066,0,000000,3802038,0
1280,6501909,6511252,0,0,9999,0,1,2,0,0,1,1,0,1,711000066,0,000000,3802039,0
1281,6501910,6511252,0,0,9999,0,1,2,0,0,1,1,0,1,711000066,0,000000,3802040,0
1282,6501911,6511252,0,0,9999,0,1,2,0,0,1,1,0,1,711000067,0,000000,3802041,0
1283,6501912,6511252,0,0,9999,0,1,2,0,0,1,1,0,1,711000067,0,000000,3802042,0
1284,6501913,6511252,0,0,9999,0,1,2,0,0,1,1,0,1,711000067,0,000000,3802043,0
1285,6501914,6511252,0,0,9999,0,1,2,0,0,1,1,0,1,711000067,0,000000,3802044,0
1286,6501915,6511252,0,0,9999,0,1,2,0,0,1,1,0,1,711000067,0,000000,3802045,0
1287,6502061,6511281,0,0,9999,0,1,2,0,0,1,1,0,1,711000024,0,000000,3802046,0
1288,6502066,6511263,6511141,1,9999,0,1,1,0,0,1,1,0,1,711000045,0,000000,3802047,0
1289,6502067,6511264,6511142,1,9999,0,1,1,0,0,1,1,0,1,711000046,0,000000,3802048,0
1290,6502068,6511265,6511141,2,9999,0,1,1,0,0,1,1,0,1,711000045,0,000000,3802049,0
1291,6502069,6511266,6511142,2,9999,0,1,1,0,0,1,1,0,1,711000046,0,000000,3802050,0
1292,6502070,6511267,6511141,3,9999,0,1,1,0,0,1,1,0,1,711000045,0,000000,3802051,0
1293,6502071,6511268,6511142,3,9999,0,1,1,0,0,1,1,0,1,711000046,0,000000,3802052,0
1294,6502072,6511269,6511141,4,9999,0,1,1,0,0,1,1,0,1,711000045,0,000000,3802053,0
1295,6502073,6511270,6511142,4,9999,0,1,1,0,0,1,1,0,1,711000046,0,000000,3802054,0
1300,6502078,6511275,6511141,0,9999,0,1,1,0,0,1,1,0,1,711000061,0,000000,3802059,0
1301,6502079,6511276,6511142,0,9999,0,1,1,0,0,1,1,0,1,711000061,0,000000,3802060,0
1302,6502080,6511277,6511141,0,9999,0,1,1,0,0,1,1,0,1,711000059,0,000000,3802061,0
1303,6502081,6511278,6511142,0,9999,0,1,1,0,0,1,1,0,1,711000059,0,000000,3802062,0
1304,6502062,6511260,0,0,9999,0,1,2,0,0,1,1,0,1,711000056,0,000000,4201004,0
1305,6502124,6511322,0,0,9999,0,1,1,0,0,1,1,0,1,711000070,0,000000,3801061,0
1306,6502125,6511323,0,0,9999,0,1,1,0,0,1,1,0,1,711000070,0,000000,3801062,0
1307,6502126,6511324,0,0,9999,0,1,1,0,0,1,1,0,1,711000070,0,000000,3801063,0
1308,6502127,6511325,0,0,9999,0,1,1,0,0,1,1,0,1,711000070,0,000000,3801064,0
1309,6502128,6511326,0,0,9999,0,1,1,0,0,1,1,0,1,711000070,0,000000,3801065,0
1310,6502220,6511366,0,0,9999,0,1,1,0,0,1,1,0,1,711000070,0,000000,3801066,0
1311,6502221,6511367,0,0,9999,0,1,1,0,0,1,1,0,1,711000070,0,000000,3801067,0
1312,6502222,6511368,0,0,9999,0,1,1,0,0,1,1,0,1,711000070,0,000000,3801068,0
1313,6502223,6511369,0,0,9999,0,1,1,0,0,1,1,0,1,711000070,0,000000,3801069,0
1314,6502224,6511370,0,0,9999,0,1,1,0,0,1,1,0,1,711000070,0,000000,3801070,0
1315,6502225,6511384,0,0,9999,0,1,1,0,0,1,1,0,1,711000013,0,000000,3802063,0
1316,6502226,6511383,0,0,9999,0,1,1,0,0,1,1,0,1,711000013,0,000000,3802064,0
1317,6502227,6511385,0,0,9999,0,1,2,0,0,1,1,0,1,711000024,0,000000,3802065,0
1318,6502228,6511371,0,0,9999,0,1,1,0,0,1,1,0,1,711000015,0,000000,3802066,0
1319,6502229,6511372,0,0,9999,0,1,1,0,0,1,1,0,1,711000015,0,000000,3802067,0
1320,6502316,6511412,0,0,9999,0,1,1,0,0,1,1,0,1,711000070,0,000000,3801071,0
1321,6502317,6511413,0,0,9999,0,1,1,0,0,1,1,0,1,711000070,0,000000,3801072,0
1322,6502318,6511414,0,0,9999,0,1,1,0,0,1,1,0,1,711000070,0,000000,3801073,0
1323,6502319,6511415,0,0,9999,0,1,1,0,0,1,1,0,1,711000070,0,000000,3801074,0
1324,6502333,6511432,0,1,9999,0,1,1,0,0,1,1,0,1,711000089,0,000000,3802068,0
1325,6502340,6511434,0,2,9999,0,1,1,0,0,1,1,0,1,711000089,0,000000,3802069,0
1326,6502341,6511435,0,3,9999,0,1,1,0,0,1,1,0,1,711000089,0,000000,3802070,0
1327,6502342,6511436,0,4,9999,0,1,1,0,0,1,1,0,1,711000089,0,000000,3802071,0
1328,6502343,6511437,0,5,9999,0,1,1,0,0,1,1,0,1,711000089,0,000000,3802072,0
1329,6502344,6511438,0,6,9999,0,1,1,0,0,1,1,0,1,711000089,0,000000,3802073,0
1330,6502348,6511448,0,0,9999,0,1,1,0,0,1,1,0,1,711000089,0,000000,3802075,0
1331,6502349,6510229,0,0,9999,0,1,2,0,0,1,1,0,1,711000017,0,000000,3802076,0
1332,6502373,6510229,0,0,9999,0,1,2,0,0,1,1,0,1,711000018,0,000000,3802077,0
1333,6502374,6510229,0,0,9999,0,1,2,0,0,1,1,0,1,711000018,0,000000,3802078,0
1334,6502375,6510229,0,0,9999,0,1,2,0,0,1,1,0,1,711000018,0,000000,3802079,0
1335,6502379,6511448,0,0,9999,0,1,1,0,0,1,1,0,1,711000089,0,000000,3802080,0
1336,6502380,6511489,0,0,9999,0,1,1,0,0,1,1,0,1,711000089,0,000000,3802081,0
1337,6502389,6511495,0,0,9999,0,1,1,0,0,1,1,0,1,711000089,0,000000,3802082,0
1338,6502390,6510229,0,0,9999,0,1,2,0,0,1,1,0,1,711000019,0,000000,3802083,0
1339,6502419,6511524,0,0,9999,0,1,1,0,0,1,1,0,1,711000024,0,000000,3802084,0
1340,6502423,6511530,0,0,9999,0,1,2,0,0,1,1,0,1,711000015,0,000000,3802085,0
1341,6502444,6510229,0,0,9999,0,1,2,0,0,1,1,0,1,711000018,0,000000,3802086,0
1342,6502445,6510229,0,0,9999,0,1,2,0,0,1,1,0,1,711000018,0,000000,3802087,0
1343,6502446,6510229,0,0,9999,0,1,2,0,0,1,1,0,1,711000018,0,000000,3802088,0
1344,6502450,6511557,0,1,9999,0,1,1,0,0,1,1,0,1,711000089,0,000000,3902053,0
1345,6502451,6511558,0,2,9999,0,1,1,0,0,1,1,0,1,711000089,0,000000,3902054,0
1346,6502452,6511559,0,3,9999,0,1,1,0,0,1,1,0,1,711000089,0,000000,3902055,0
1347,6502453,6511560,0,4,9999,0,1,1,0,0,1,1,0,1,711000089,0,000000,3902056,0
1348,6502454,6511561,0,5,9999,0,1,1,0,0,1,1,0,1,711000089,0,000000,3902057,0
1349,6502455,6511562,0,6,9999,0,1,1,0,0,1,1,0,1,711000089,0,000000,3902058,0
1350,6502456,6511384,0,0,9999,0,1,1,0,0,1,1,0,1,711000013,0,000000,3802089,0
1351,6502457,6511383,0,0,9999,0,1,1,0,0,1,1,0,1,711000013,0,000000,3802090,0
1352,6502458,6511385,0,0,9999,0,1,2,0,0,1,1,0,1,711000024,0,000000,3802091,0
1353,6502482,6510229,0,0,9999,0,1,2,0,0,1,1,0,1,711000017,0,000000,3802092,0
1354,6502517,6510229,0,0,9999,0,1,1,0,0,1,1,0,1,711000019,0,000000,3802093,0
1355,6502589,6511384,0,0,9999,0,1,1,0,0,1,1,0,1,711000112,0,000000,3802094,0
1356,6502575,6511651,0,1,9999,0,1,1,0,0,1,1,0,1,711000114,0,000000,3802101,0
1357,6502576,6511652,0,2,9999,0,1,1,0,0,1,1,0,1,711000114,0,000000,3802102,0
1358,6502577,6511653,0,3,9999,0,1,1,0,0,1,1,0,1,711000114,0,000000,3802103,0
1359,6502590,6511665,0,0,9999,0,1,1,0,0,1,1,0,1,711000070,0,000000,3801084,0
1360,6502591,6511666,0,0,9999,0,1,1,0,0,1,1,0,1,711000070,0,000000,3801085,0
1361,6502604,6511384,0,0,9999,0,1,1,0,0,1,1,0,1,711000115,0,000000,3802104,0
1362,6503789,6512600,0,0,9999,0,1,1,0,0,1,1,0,1,711000070,0,000000,3801086,0
1363,6502625,6511384,0,0,9999,0,1,1,0,0,1,1,0,1,711000115,0,000000,3802105,0
1364,6502626,6511698,0,0,9999,0,1,1,0,0,1,1,0,1,711000070,0,000000,3802106,0
1365,6502651,6511384,0,0,9999,0,1,1,0,0,1,1,0,1,711000123,0,000000,3802108,0
1366,6502652,6511384,0,0,9999,0,1,1,0,0,1,1,0,1,711000123,0,000000,3802107,0
1367,6502653,6511725,0,0,9999,0,1,1,0,0,1,1,0,1,711000015,0,000000,3802109,0
1368,6502654,6511726,0,0,9999,0,1,1,0,0,1,1,0,1,711000015,0,000000,3802110,0
1369,6502663,6511384,0,0,9999,0,1,1,0,0,1,1,0,1,710000074,0,000000,3802111,0
1370,6502664,6511383,0,0,9999,0,1,1,0,0,1,1,0,1,711000013,0,000000,3802112,0
1371,6502665,6511385,0,0,9999,0,1,2,0,0,1,1,0,1,711000024,0,000000,3802113,0
1372,6502716,6510229,0,0,9999,0,1,2,0,0,1,1,0,1,711000019,0,000000,3802116,0
1373,6502720,6511384,0,0,9999,0,1,1,0,0,1,1,0,1,711000125,0,000000,3802117,0
1374,6502751,6511809,0,0,9999,0,1,1,0,0,1,1,0,1,711000011,0,000000,3802118,0
1375,6502773,6511845,0,0,9999,0,1,1,0,0,1,1,0,1,711000070,0,000000,3801092,0
1376,6502774,6511846,0,0,9999,0,1,1,0,0,1,1,0,1,711000070,0,000000,3801093,0
1377,6502775,6511847,0,0,9999,0,1,1,0,0,1,1,0,1,711000070,0,000000,3801094,0
1378,6502776,6511848,0,0,9999,0,1,1,0,0,1,1,0,1,711000070,0,000000,3801095,0
1379,6502777,6511849,0,0,9999,0,1,1,0,0,1,1,0,1,711000070,0,000000,3801096,0
1380,6502778,6511850,0,0,9999,0,1,1,0,0,1,1,0,1,711000070,0,000000,3801087,0
1381,6502779,6511851,0,0,9999,0,1,1,0,0,1,1,0,1,711000070,0,000000,3801088,0
1382,6502780,6511852,0,0,9999,0,1,1,0,0,1,1,0,1,711000070,0,000000,3801089,0
1383,6502781,6511853,0,0,9999,0,1,1,0,0,1,1,0,1,711000070,0,000000,3801090,0
1384,6502782,6511854,0,0,9999,0,1,1,0,0,1,1,0,1,711000070,0,000000,3801091,0
1385,6502792,6511384,0,0,9999,0,1,1,0,0,1,1,0,1,711000126,0,000000,3802119,0
1386,6502857,6510229,0,0,9999,0,1,2,0,0,1,1,0,1,711000018,0,000000,3802121,0
1387,6502858,6510229,0,0,9999,0,1,2,0,0,1,1,0,1,711000018,0,000000,3802122,0
1388,6503443,6510229,0,0,9999,0,1,2,0,0,1,1,0,1,711000018,0,000000,3802166,0
1389,6502865,6511384,0,0,9999,0,1,1,0,0,1,1,0,1,710000074,0,000000,3802123,0
1390,6502866,6511383,0,0,9999,0,1,1,0,0,1,1,0,1,711000013,0,000000,3802124,0
1391,6502867,6511385,0,0,9999,0,1,2,0,0,1,1,0,1,711000024,0,000000,3802125,0
1392,6502972,6511384,0,0,9999,0,1,1,0,0,1,1,0,1,711000127,0,000000,3802126,0
1393,6502967,6511971,0,0,9999,0,1,1,0,0,1,1,0,1,711000070,0,000000,3801102,0
1394,6502968,6511972,0,0,9999,0,1,1,0,0,1,1,0,1,711000070,0,000000,3801103,0
1395,6502978,6511980,0,0,9999,0,1,1,0,0,1,1,0,1,711000109,0,000000,3802127,0
1396,6502981,6511384,0,0,9999,0,1,1,0,0,1,1,0,1,711000128,0,000000,3802128,0
1397,6502989,6511698,0,0,9999,0,1,1,0,0,1,1,0,1,711000070,0,000000,3802129,0
1398,6502990,6510229,0,0,9999,0,1,2,0,0,1,1,0,1,711000019,0,000000,3802130,0
1399,6502994,6511384,0,0,9999,0,1,1,0,0,1,1,0,1,710000074,0,000000,3802131,0
1400,6503005,6510229,0,0,9999,0,1,2,0,0,1,1,0,1,711000017,0,000000,3802132,0
1401,6503053,6511698,0,0,9999,0,1,2,0,0,1,1,0,1,711000017,0,000000,3802133,0
1402,6503054,6510229,0,0,9999,0,1,2,0,0,1,1,0,1,711000017,0,000000,3802134,0
1403,6503080,6511384,0,0,9999,0,1,1,0,0,1,1,0,1,710000213,0,000000,3802135,0
1404,6503100,6511385,0,0,9999,0,1,2,0,0,1,1,0,1,711000024,0,000000,3802136,0
1405,6503101,6511384,0,0,9999,0,1,1,0,0,1,1,0,1,710000074,0,000000,3802137,0
1406,6503102,6512100,0,0,9999,0,1,1,0,0,1,1,0,1,711000013,0,000000,3802138,0
1407,6503103,6512101,0,0,9999,0,1,1,0,0,1,1,0,1,711000024,0,000000,3802139,0
1408,6503140,6510229,0,0,9999,0,1,2,0,0,1,1,0,1,711000017,0,000000,3802140,0
1409,6503141,6510229,0,0,9999,0,1,2,0,0,1,1,0,1,711000017,0,000000,3802141,0
1410,6503224,6512165,0,0,9999,0,1,1,0,0,1,1,0,1,711000070,0,000000,3801108,0
1411,6503225,6512166,0,0,9999,0,1,1,0,0,1,1,0,1,711000070,0,000000,3801109,0
1412,6503233,6511384,0,0,9999,0,1,1,0,0,1,1,0,1,711000024,0,000000,3802142,0
1413,6503241,6512180,0,0,9999,0,1,1,0,0,1,1,0,1,711000109,0,000000,3802143,0
1414,6503281,6512213,0,0,9999,0,1,1,0,0,1,1,0,1,711000024,0,000000,3802144,0
1415,6501885,6510229,0,0,9999,0,1,1,0,0,1,1,0,1,711000019,0,000000,3802145,0
1416,6501886,6510229,0,0,9999,0,1,1,0,0,1,1,0,1,711000019,0,000000,3802146,0
1417,6501887,6510229,0,0,9999,0,1,1,0,0,1,1,0,1,711000019,0,000000,3802147,0
1418,6501888,6510229,0,0,9999,0,1,1,0,0,1,1,0,1,711000019,0,000000,3802148,0
1419,6502517,6510229,0,0,9999,0,1,1,0,0,1,1,0,1,711000019,0,000000,3802149,0
1420,6501870,6510229,0,0,9999,0,1,2,0,0,1,1,0,1,711000019,0,000000,3802150,0
1421,6501873,6510229,0,0,9999,0,1,2,0,0,1,1,0,1,711000019,0,000000,3802151,0
1422,6502390,6510229,0,0,9999,0,1,2,0,0,1,1,0,1,711000019,0,000000,3802152,0
1423,6502716,6510229,0,0,9999,0,1,2,0,0,1,1,0,1,711000019,0,000000,3802153,0
1424,6503295,6511698,0,0,9999,0,1,1,0,0,1,1,0,1,711000070,0,000000,3802154,0
1425,6503296,6510229,0,0,9999,0,1,2,0,0,1,1,0,1,711000019,0,000000,3802155,0
1426,6503304,6511384,0,0,9999,0,1,1,0,0,1,1,0,1,711000009,0,000000,3802156,0
1427,6503318,6512254,0,0,9999,0,1,1,0,0,1,1,0,1,711000153,0,000000,3802157,0
1428,6503333,6511385,0,0,9999,0,1,2,0,0,1,1,0,1,711000024,0,000000,3802158,0
1429,6503334,6511384,0,0,9999,0,1,1,0,0,1,1,0,1,710000074,0,000000,3802159,0
1430,6503335,6511383,0,0,9999,0,1,1,0,0,1,1,0,1,711000013,0,000000,3802160,0
1431,6503336,6512270,0,0,9999,0,1,1,0,0,1,1,0,1,711000147,0,000000,3802161,0
1432,6503364,6510229,0,0,9999,0,1,1,0,0,1,1,0,1,711000019,0,000000,3802162,0
1433,6503375,6511384,0,0,9999,0,1,1,0,0,1,1,0,1,711000123,0,000000,3802164,0
1434,6503374,6511384,0,0,9999,0,1,1,0,0,1,1,0,1,711000123,0,000000,3802163,0
1435,6503376,6512180,0,0,9999,0,1,1,0,0,1,1,0,1,711000109,0,000000,3802165,0
1436,6503441,6512317,0,0,9999,0,1,1,0,0,1,1,0,1,711000070,0,000000,3801117,0
1437,6503442,6512318,0,0,9999,0,1,1,0,0,1,1,0,1,711000070,0,000000,3801118,0
1438,6503444,6511384,0,0,9999,0,1,1,0,0,1,1,0,1,710000355,0,000000,3802167,0
1439,6503508,6511698,0,0,9999,0,1,2,0,0,1,1,0,1,711000070,0,000000,3802168,0
1440,6503509,6510229,0,0,9999,0,1,2,0,0,1,1,0,1,711000019,0,000000,3802169,0
1441,6503490,6510229,0,0,9999,0,1,2,0,0,1,1,0,1,711000017,0,000000,3802170,0
1442,6503515,6510229,0,0,9999,0,1,2,0,0,1,1,0,1,711000018,0,000000,3802171,0
1443,6503516,6510229,0,0,9999,0,1,2,0,0,1,1,0,1,711000018,0,000000,3802172,0
1444,6504267,6510229,0,0,9999,0,1,2,0,0,1,1,0,1,711000018,0,000000,3802246,0
1445,6503514,6511384,0,0,9999,0,1,1,0,0,1,1,0,1,711000009,0,000000,3802173,0
1446,6503541,6511385,0,0,9999,0,1,2,0,0,1,1,0,1,711000024,0,000000,3802174,0
1447,6503542,6511384,0,0,9999,0,1,1,0,0,1,1,0,1,710000074,0,000000,3802175,0
1448,6503543,6511383,0,0,9999,0,1,1,0,0,1,1,0,1,711000013,0,000000,3802176,0
1449,6503556,6510229,0,0,9999,0,1,2,0,0,1,1,0,1,711000019,0,000000,3802177,0
1450,6503565,6510229,0,0,9999,0,1,1,0,0,1,1,0,1,711000123,0,000000,3802179,0
1451,6503566,6510229,0,0,9999,0,1,1,0,0,1,1,0,1,711000123,0,000000,3802178,0
1452,6503571,6512430,0,0,9999,0,1,1,0,0,1,1,0,1,711000015,0,000000,3802180,0
1453,6503572,6512431,0,0,9999,0,1,1,0,0,1,1,0,1,711000015,0,000000,3802181,0
1454,6503583,6510229,0,0,9999,0,1,2,0,0,1,1,0,1,711000017,0,000000,3802182,0
1455,6503595,6512180,0,0,9999,0,1,1,0,0,1,1,0,1,711000109,0,000000,3802183,0
1456,6503666,6512473,0,0,9999,0,1,1,0,0,1,1,0,1,711000070,0,000000,3801123,0
1457,6503667,6512474,0,0,9999,0,1,1,0,0,1,1,0,1,711000070,0,000000,3801124,0
1458,6503700,6511384,0,0,9999,0,1,1,0,0,1,1,0,1,711000125,0,000000,3802184,0
1459,6503711,6510229,0,0,9999,0,1,2,0,0,1,1,0,1,711000018,0,000000,3802185,0
1460,6503712,6510229,0,0,9999,0,1,2,0,0,1,1,0,1,711000018,0,000000,3802186,0
1461,6503748,6510229,0,0,9999,0,1,2,0,0,1,1,0,1,711000018,0,000000,3802187,0
1462,6503746,6510229,0,0,9999,0,1,2,0,0,1,1,0,1,711000019,0,000000,3802188,0
1463,6503753,6511384,0,0,9999,0,1,1,0,0,1,1,0,1,711000009,0,000000,3802189,0
1464,6503755,6512568,0,1,9999,0,1,1,0,0,1,1,0,1,711000094,0,000000,3802190,0
1465,6503756,6512569,0,2,9999,0,1,1,0,0,1,1,0,1,711000094,0,000000,3802191,0
1466,6503757,6512570,0,3,9999,0,1,1,0,0,1,1,0,1,711000094,0,000000,3802192,0
1467,6503758,6512571,0,4,9999,0,1,1,0,0,1,1,0,1,711000094,0,000000,3802193,0
1468,6503767,6510229,0,0,9999,0,1,2,0,0,1,1,0,1,711000017,0,000000,3802194,0
1469,6503780,6512589,0,0,9999,0,1,1,0,0,1,1,0,1,711000070,0,000000,3801125,0
1470,6503781,6512590,0,0,9999,0,1,1,0,0,1,1,0,1,711000070,0,000000,3801126,0
1471,6503782,6512591,0,0,9999,0,1,1,0,0,1,1,0,1,711000070,0,000000,3801127,0
1472,6503783,6512592,0,0,9999,0,1,1,0,0,1,1,0,1,711000070,0,000000,3801128,0
1473,6503784,6512593,0,0,9999,0,1,1,0,0,1,1,0,1,711000070,0,000000,3801129,0
1474,6503785,6512594,0,0,9999,0,1,1,0,0,1,1,0,1,711000070,0,000000,3801130,0
1475,6503786,6512595,0,0,9999,0,1,1,0,0,1,1,0,1,711000070,0,000000,3801131,0
1476,6503787,6512596,0,0,9999,0,1,1,0,0,1,1,0,1,711000070,0,000000,3801132,0
1477,6503788,6512597,0,0,9999,0,1,1,0,0,1,1,0,1,711000070,0,000000,3801133,0
1478,6503798,6511384,0,0,9999,0,1,1,0,0,1,1,0,1,710000074,0,000000,3802195,0
1479,6503797,6511383,0,0,9999,0,1,1,0,0,1,1,0,1,711000013,0,000000,3802196,0
1480,6503799,6511385,0,0,9999,0,1,2,0,0,1,1,0,1,711000024,0,000000,3802197,0
1481,6503801,6510229,0,0,9999,0,1,1,0,0,1,1,0,1,711000019,0,000000,3802198,0
1482,6503812,6512618,0,0,9999,0,1,1,0,0,1,1,0,1,711000024,0,000000,3802199,0
1483,6503822,6511384,0,0,9999,0,1,1,0,0,1,1,0,1,711000109,0,000000,3802200,0
1484,6503823,6510229,0,0,9999,0,1,2,0,0,1,1,0,1,711000018,0,000000,3802201,0
1485,6503824,6510229,0,0,9999,0,1,2,0,0,1,1,0,1,711000017,0,000000,3802202,0
1486,6502978,6511980,0,0,9999,0,1,1,0,0,1,1,0,1,711000109,0,000000,3802203,0
1487,6503835,6511384,0,0,9999,0,1,1,0,0,1,1,0,1,711000024,0,000000,3802204,0
1488,6503853,6510229,0,0,9999,0,1,1,0,0,1,1,0,1,711000019,0,000000,3802205,0
1489,6503865,6512667,0,0,9999,0,1,1,0,0,1,1,0,1,711000024,0,000000,3802206,0
1490,6502989,6511698,0,0,9999,0,1,2,0,0,1,1,0,1,711000018,0,000000,3802207,0
1491,6502990,6510229,0,0,9999,0,1,2,0,0,1,1,0,1,711000019,0,000000,3802208,0
1492,6503855,6511384,0,0,9999,0,1,1,0,0,1,1,0,1,710000464,0,000000,3802209,0
1493,6503859,6510229,0,0,9999,0,1,1,0,0,1,1,0,1,711000109,0,000000,3802210,0
1494,6503935,6512683,0,0,9999,0,1,1,0,0,1,1,0,1,711000070,0,000000,3801149,0
1495,6503936,6512684,0,0,9999,0,1,1,0,0,1,1,0,1,711000070,0,000000,3801150,0
1496,6503951,6510229,0,0,9999,0,1,2,0,0,1,1,0,1,711000019,0,000000,3802211,0
1497,6503971,6510229,0,0,9999,0,1,2,0,0,1,1,0,1,711000024,0,000000,3802212,0
1498,6503972,6511698,0,0,9999,0,1,2,0,0,1,1,0,1,711000018,0,000000,3802213,0
1499,6503973,6510229,0,0,9999,0,1,2,0,0,1,1,0,1,711000019,0,000000,3802214,0
1500,6503994,6511384,0,0,9999,0,1,1,0,0,1,1,0,1,710000483,0,000000,3802215,0
1501,6503999,6511384,0,0,9999,0,1,1,0,0,1,1,0,1,710000074,0,000000,3802216,0
1502,6504000,6511383,0,0,9999,0,1,1,0,0,1,1,0,1,711000013,0,000000,3802217,0
1503,6504001,6511385,0,0,9999,0,1,2,0,0,1,1,0,1,711000024,0,000000,3802218,0
1504,6504002,6510229,0,0,9999,0,1,1,0,0,1,1,0,1,711000123,0,000000,3802219,0
1505,6504003,6510229,0,0,9999,0,1,1,0,0,1,1,0,1,711000123,0,000000,3802220,0
1506,6504018,6510229,0,0,9999,0,1,1,0,0,1,1,0,1,711000019,0,000000,3802221,0
1507,6504019,6510229,0,0,9999,0,1,1,0,0,1,1,0,1,711000019,0,000000,3802222,0
1508,6504020,6512778,0,5,9999,0,1,1,0,0,1,1,0,1,711000094,0,000000,3802223,0
1509,6504030,6511384,0,0,9999,0,1,1,0,0,1,1,0,1,710000071,0,000000,3802224,0
1510,6504054,6510229,0,0,9999,0,1,2,0,0,1,1,0,1,711000017,0,000000,3802225,0
1511,6504070,6510229,0,0,9999,0,1,1,0,0,1,1,0,1,711000019,0,000000,3802226,0
1512,6504074,6511384,0,0,9999,0,1,1,0,0,1,1,0,1,711000024,0,000000,3802227,0
1513,6504146,6512860,0,0,9999,0,1,1,0,0,1,1,0,1,711000070,0,000000,3801163,0
1514,6504147,6512861,0,0,9999,0,1,1,0,0,1,1,0,1,711000070,0,000000,3801164,0
1515,6503295,6511698,0,0,9999,0,1,2,0,0,1,1,0,1,711000018,0,000000,3802228,0
1516,6503296,6510229,0,0,9999,0,1,2,0,0,1,1,0,1,711000019,0,000000,3802229,0
1517,6504168,6510229,0,0,9999,0,1,1,0,0,1,1,0,1,711000109,0,000000,3802230,0
1518,6504175,6511384,0,0,9999,0,1,1,0,0,1,1,0,1,711000009,0,000000,3802231,0
1519,6504189,6510229,0,0,9999,0,1,2,0,0,1,1,0,1,711000018,0,000000,3802232,0
1520,6504190,6510229,0,0,9999,0,1,2,0,0,1,1,0,1,711000018,0,000000,3802233,0
1521,6504191,6510229,0,0,9999,0,1,2,0,0,1,1,0,1,711000018,0,000000,3802234,0
1522,6504192,6510229,0,0,9999,0,1,2,0,0,1,1,0,1,711000018,0,000000,3802235,0
1523,6504204,6510229,0,0,9999,0,1,2,0,0,1,1,0,1,711000017,0,000000,3802236,0
1524,6504225,6510229,0,0,9999,0,1,2,0,0,1,1,0,1,711000019,0,000000,3802237,0
1525,6504227,6511384,0,0,9999,0,1,1,0,0,1,1,0,1,710000074,0,000000,3802238,0
1526,6504228,6511383,0,0,9999,0,1,1,0,0,1,1,0,1,711000013,0,000000,3802239,0
1527,6504229,6511385,0,0,9999,0,1,2,0,0,1,1,0,1,711000024,0,000000,3802240,0
1529,6504243,6510229,0,0,9999,0,1,2,0,0,1,1,0,1,711000017,0,000000,3802242,0
1530,6504261,6510229,0,0,9999,0,1,1,0,0,1,1,0,1,711000123,0,000000,3802243,0
1531,6504262,6510229,0,0,9999,0,1,1,0,0,1,1,0,1,711000123,0,000000,3802244,0
1532,6504263,6512969,0,0,9999,0,1,1,0,0,1,1,0,1,711000015,0,000000,3802245,0
1533,6504332,6512983,0,0,9999,0,1,1,0,0,1,1,0,1,711000070,0,000000,3801166,0
1534,6504333,6512984,0,0,9999,0,1,1,0,0,1,1,0,1,711000070,0,000000,3801167,0
1535,6504334,6512985,0,0,9999,0,1,1,0,0,1,1,0,1,711000070,0,000000,3801168,0
1536,6504335,6512986,0,0,9999,0,1,1,0,0,1,1,0,1,711000070,0,000000,3801169,0
1537,6504336,6512987,0,0,9999,0,1,1,0,0,1,1,0,1,711000070,0,000000,3801170,0
1538,6504339,6512989,0,0,9999,0,1,1,0,0,1,1,0,1,711000070,0,000000,3801172,0
1539,6504340,6512990,0,0,9999,0,1,1,0,0,1,1,0,1,711000070,0,000000,3801173,0
1540,6504343,6510229,0,0,9999,0,1,1,0,0,1,1,0,1,711000109,0,000000,3802247,0
1541,6504354,6513002,0,0,9999,0,1,1,0,0,1,1,0,1,711000015,0,000000,3802248,0
1542,6504452,6513093,0,0,9999,0,1,1,0,0,1,1,0,1,711000015,0,000000,3802259,0
1543,6504370,6511698,0,0,9999,0,1,2,0,0,1,1,0,1,711000018,0,000000,3802249,0
1544,6504371,6510229,0,0,9999,0,1,2,0,0,1,1,0,1,711000019,0,000000,3802250,0
1545,6504396,6511384,0,0,9999,0,1,1,0,0,1,1,0,1,710000647,0,000000,3802251,0
1546,6504404,6510229,0,0,9999,0,1,2,0,0,1,1,0,1,711000017,0,000000,3802252,0
1547,6504416,6511383,0,0,9999,0,1,1,0,0,1,1,0,1,711000013,0,000000,3802254,0
1548,6504417,6511385,0,0,9999,0,1,2,0,0,1,1,0,1,711000024,0,000000,3802255,0
1549,6504415,6511384,0,0,9999,0,1,1,0,0,1,1,0,1,710000074,0,000000,3802253,0
1550,6504425,6510229,0,0,9999,0,1,2,0,0,1,1,0,1,711000017,0,000000,3802256,0
1551,6504453,6510229,0,0,9999,0,1,1,0,0,1,1,0,1,711000019,0,000000,3802257,0
1552,6504454,6510229,0,0,9999,0,1,1,0,0,1,1,0,1,711000019,0,000000,3802258,0
1553,6504464,6510229,0,0,9999,0,1,2,0,0,1,1,0,1,711000018,0,000000,3802260,0
1554,6504547,6510229,0,0,9999,0,1,1,0,0,1,1,0,1,711000109,0,000000,3802261,0
1555,6503972,6511698,0,0,9999,0,1,2,0,0,1,1,0,1,711000018,0,000000,3802262,0
1556,6503973,6511384,0,0,9999,0,1,2,0,0,1,1,0,1,711000019,0,000000,3802263,0
1557,6504629,6513159,0,0,9999,0,1,1,0,0,1,1,0,1,711000070,0,000000,3801179,0
1558,6504630,6513160,0,0,9999,0,1,1,0,0,1,1,0,1,711000070,0,000000,3801180,0
1559,6504631,6511384,0,0,9999,0,1,1,0,0,1,1,0,1,710000720,0,000000,3802264,0
1560,6504632,6510229,0,0,9999,0,1,2,0,0,1,1,0,1,711000018,0,000000,3802265,0
1561,6504633,6510229,0,0,9999,0,1,2,0,0,1,1,0,1,711000018,0,000000,3802266,0
1562,6504634,6510229,0,0,9999,0,1,2,0,0,1,1,0,1,711000018,0,000000,3802267,0
1563,6504638,6510229,0,0,9999,0,1,2,0,0,1,1,0,1,711000017,0,000000,3802268,0
1564,6504663,6513192,0,0,9999,0,1,1,0,0,1,1,0,1,711000015,0,000000,3802269,0
1565,6504675,6511384,0,0,9999,0,1,1,0,0,1,1,0,1,710000074,0,000000,3802270,0
1566,6504676,6511383,0,0,9999,0,1,1,0,0,1,1,0,1,711000013,0,000000,3802271,0
1567,6504677,6511385,0,0,9999,0,1,2,0,0,1,1,0,1,711000024,0,000000,3802272,0
1568,6504682,6510229,0,0,9999,0,1,2,0,0,1,1,0,1,711000017,0,000000,3802273,0
1569,6504705,6513229,0,0,9999,0,1,1,0,0,1,1,0,1,711000024,0,000000,3802274,0
1570,6504710,6511384,0,0,9999,0,1,1,0,0,1,1,0,1,711000109,0,000000,3802275,0
1571,6504751,6512667,0,0,9999,0,1,1,0,0,1,1,0,1,711000024,0,000000,3802282,0
1572,6503855,6511384,0,0,9999,0,1,1,0,0,1,1,0,1,710000769,0,000000,3802280,0
1573,6504713,6510229,0,0,9999,0,1,2,0,0,1,1,0,1,711000018,0,000000,3802276,0
1574,6504743,6511980,0,0,9999,0,1,1,0,0,1,1,0,1,711000109,0,000000,3802277,0
1575,6502989,6511698,0,0,9999,0,1,2,0,0,1,1,0,1,711000018,0,000000,3802278,0
1576,6502990,6510229,0,0,9999,0,1,2,0,0,1,1,0,1,711000019,0,000000,3802279,0
1577,6504758,6513274,0,0,9999,0,1,1,0,0,1,1,0,1,710000787,0,000000,3802281,0
1578,6504753,6513270,0,0,9999,0,1,1,0,0,1,1,0,1,711000015,0,000000,3802283,0
1579,6503972,6511698,0,0,9999,0,1,2,0,0,1,1,0,1,711000018,0,000000,3802284,0
1580,6503973,6511384,0,0,9999,0,1,2,0,0,1,1,0,1,711000019,0,000000,3802285,0
1581,6504786,6510229,0,0,9999,0,1,1,0,0,1,1,0,1,711000109,0,000000,3802286,0
1582,6504802,6511384,0,0,9999,0,1,1,0,0,1,1,0,1,710000826,0,000000,3802287,0
1583,6504632,6510229,0,0,9999,0,1,2,0,0,1,1,0,1,711000018,0,000000,3802288,0
1584,6504633,6510229,0,0,9999,0,1,2,0,0,1,1,0,1,711000018,0,000000,3802289,0
1585,6504634,6510229,0,0,9999,0,1,2,0,0,1,1,0,1,711000018,0,000000,3802290,0
1586,6504838,6511384,0,0,9999,0,1,1,0,0,1,1,0,1,710000074,0,000000,3802291,0
1587,6504839,6511383,0,0,9999,0,1,1,0,0,1,1,0,1,711000013,0,000000,3802292,0
1588,6504840,6511385,0,0,9999,0,1,2,0,0,1,1,0,1,711000024,0,000000,3802293,0
1589,6504908,6513371,0,0,9999,0,1,1,0,0,1,1,0,1,711000070,0,000000,3801185,0
1590,6504909,6513372,0,0,9999,0,1,1,0,0,1,1,0,1,711000070,0,000000,3801186,0
1591,6504935,6510229,0,0,9999,0,1,2,0,0,1,1,0,1,711000017,0,000000,3802294,0
1592,6504946,6510229,0,0,9999,0,1,1,0,0,1,1,0,1,711000109,0,000000,3802295,0
1593,6504948,6510229,0,0,9999,0,1,2,0,0,1,1,0,1,711000018,0,000000,3802296,0
1594,6504074,6511384,0,0,9999,0,1,1,0,0,1,1,0,1,711000024,0,000000,3802297,0
1595,6504962,6513419,0,0,9999,0,1,1,0,0,1,1,0,1,711000070,0,000000,3801187,0
1596,6504963,6513420,0,0,9999,0,1,1,0,0,1,1,0,1,711000070,0,000000,3801188,0
1597,6504964,6513421,0,0,9999,0,1,1,0,0,1,1,0,1,711000070,0,000000,3801189,0
1598,6504965,6513422,0,0,9999,0,1,1,0,0,1,1,0,1,711000070,0,000000,3801190,0
1599,6504966,6513423,0,0,9999,0,1,1,0,0,1,1,0,1,711000070,0,000000,3801191,0
1600,6503295,6511698,0,0,9999,0,1,2,0,0,1,1,0,1,711000018,0,000000,3802298,0
1601,6503296,6510229,0,0,9999,0,1,2,0,0,1,1,0,1,711000019,0,000000,3802299,0
1602,6504175,6511384,0,0,9999,0,1,1,0,0,1,1,0,1,711000009,0,000000,3802300,0
1603,6505044,6510229,0,0,9999,0,1,2,0,0,1,1,0,1,711000018,0,000000,3802301,0
1604,6505050,6511384,0,0,9999,0,1,1,0,0,1,1,0,1,710000074,0,000000,3802302,0
1605,6505051,6511383,0,0,9999,0,1,1,0,0,1,1,0,1,711000013,0,000000,3802303,0
1606,6505052,6511385,0,0,9999,0,1,2,0,0,1,1,0,1,711000024,0,000000,3802304,0
1607,6503865,6512667,0,0,9999,0,1,1,0,0,1,1,0,1,711000024,0,000000,3802305,0
1608,6505068,6510229,0,0,9999,0,1,2,0,0,1,1,0,1,711000017,0,000000,3802306,0
1609,6505098,6510229,0,0,9999,0,1,2,0,0,1,1,0,1,711000020,0,000000,3802307,0
1610,6505099,6510229,0,0,9999,0,1,2,0,0,1,1,0,1,711000020,0,000000,3802308,0
1611,6505100,6510229,0,0,9999,0,1,2,0,0,1,1,0,1,711000020,0,000000,3802309,0
1612,6505101,6510229,0,0,9999,0,1,2,0,0,1,1,0,1,711000020,0,000000,3802310,0
1613,6505116,6513558,0,0,9999,0,1,1,0,0,1,1,0,1,711000015,0,000000,3802311,0
1614,6505117,6510229,0,0,9999,0,1,2,0,0,1,1,0,1,711000020,0,000000,3802312,0
1615,6505118,6510229,0,0,9999,0,1,2,0,0,1,1,0,1,711000020,0,000000,3802313,0
1616,6505134,6510229,0,0,9999,0,1,2,0,0,1,1,0,1,711000017,0,000000,3802314,0
1617,6505137,6510229,0,0,9999,0,1,1,0,0,1,1,0,1,711000109,0,000000,3802315,0
1618,6505211,6513594,0,0,9999,0,1,1,0,0,1,1,0,1,711000070,0,000000,3801195,0
1619,6505212,6513595,0,0,9999,0,1,1,0,0,1,1,0,1,711000070,0,000000,3801196,0
1620,6505214,6511698,0,0,9999,0,1,2,0,0,1,1,0,1,711000018,0,000000,3802316,0
1621,6505215,6510229,0,0,9999,0,1,2,0,0,1,1,0,1,711000019,0,000000,3802317,0
1622,6505227,6510229,0,0,9999,0,1,2,0,0,1,1,0,1,711000020,0,000000,3802318,0
1623,6505228,6510229,0,0,9999,0,1,2,0,0,1,1,0,1,711000020,0,000000,3802319,0
1624,6505233,6511384,0,0,9999,0,1,1,0,0,1,1,0,1,710000983,0,000000,3802320,0
1625,6505273,6510229,0,0,9999,0,1,2,0,0,1,1,0,1,711000020,0,000000,3802321,0
1626,6505274,6510229,0,0,9999,0,1,2,0,0,1,1,0,1,711000020,0,000000,3802322,0
1627,6505275,6511384,0,0,9999,0,1,1,0,0,1,1,0,1,710000074,0,000000,3802323,0
1628,6505276,6511383,0,0,9999,0,1,1,0,0,1,1,0,1,711000013,0,000000,3802324,0
1629,6505277,6511385,0,0,9999,0,1,2,0,0,1,1,0,1,711000024,0,000000,3802325,0
1630,6505297,6510229,0,0,9999,0,1,1,0,0,1,1,0,1,711000123,0,000000,3802326,0
1631,6505298,6510229,0,0,9999,0,1,1,0,0,1,1,0,1,711000123,0,000000,3802327,0
1632,6505299,6513671,0,0,9999,0,1,1,0,0,1,1,0,1,711000015,0,000000,3802328,0
1633,6505314,6510229,0,0,9999,0,1,2,0,0,1,1,0,1,711000018,0,000000,3802329,0
1634,6505315,6510229,0,0,9999,0,1,2,0,0,1,1,0,1,711000018,0,000000,3802330,0
1635,6505325,6510229,0,0,9999,0,1,2,0,0,1,1,0,1,711000018,0,000000,3802331,0
1636,6505324,6510229,0,0,9999,0,1,2,0,0,1,1,0,1,711000017,0,000000,3802332,0
1637,6505404,6510229,0,0,9999,0,1,2,0,0,1,1,0,1,711000018,0,000000,3802333,0
1638,6505405,6510229,0,0,9999,0,1,2,0,0,1,1,0,1,711000018,0,000000,3802334,0
1639,6505406,6510229,0,0,9999,0,1,1,0,0,1,1,0,1,711000109,0,000000,3802335,0
1640,6505431,6513740,0,0,9999,0,1,1,0,0,1,1,0,1,711000070,0,000000,3801197,0
1641,6505432,6513741,0,0,9999,0,1,1,0,0,1,1,0,1,711000070,0,000000,3801198,0
1642,6505435,6510229,0,0,9999,0,1,1,0,0,1,1,0,1,711000123,0,000000,3802336,0
1643,6505436,6510229,0,0,9999,0,1,1,0,0,1,1,0,1,711000123,0,000000,3802337,0
1644,6505437,6513743,0,0,9999,0,1,1,0,0,1,1,0,1,711000015,0,000000,3802338,0
1645,6503972,6511698,0,0,9999,0,1,2,0,0,1,1,0,1,711000018,0,000000,3802339,0
1646,6503973,6510229,0,0,9999,0,1,2,0,0,1,1,0,1,711000019,0,000000,3802340,0
1647,6505457,6511384,0,0,9999,0,1,1,0,0,1,1,0,1,710001065,0,000000,3802341,0
1648,6505458,6513766,0,0,9999,0,1,1,0,0,1,1,0,1,711000024,0,000000,3802342,0
1649,6505475,6511384,0,0,9999,0,1,1,0,0,1,1,0,1,710000074,0,000000,3802343,0
1650,6505476,6511383,0,0,9999,0,1,1,0,0,1,1,0,1,711000013,0,000000,3802344,0
1651,6505477,6511385,0,0,9999,0,1,2,0,0,1,1,0,1,711000024,0,000000,3802345,0
1652,6505485,6510229,0,0,9999,0,1,2,0,0,1,1,0,1,711000017,0,000000,3802346,0
1653,6505486,6510229,0,0,9999,0,1,2,0,0,1,1,0,1,711000017,0,000000,3802347,0
1654,6505495,6510229,0,0,9999,0,1,2,0,0,1,1,0,1,711000020,0,000000,3802348,0
1655,6505496,6510229,0,0,9999,0,1,2,0,0,1,1,0,1,711000020,0,000000,3802349,0
1656,6503865,6512667,0,0,9999,0,1,1,0,0,1,1,0,1,711000024,0,000000,3802350,0
1657,6505586,6511384,0,0,9999,0,1,1,0,0,1,1,0,1,711000109,0,000000,3802351,0
1658,6505589,6510229,0,0,9999,0,1,1,0,0,1,1,0,1,711000024,0,000000,3802352,0
1659,6505590,6511980,0,0,9999,0,1,1,0,0,1,1,0,1,711000109,0,000000,3802353,0
1660,6502989,6511698,0,0,9999,0,1,2,0,0,1,1,0,1,711000018,0,000000,3802354,0
1661,6502990,6510229,0,0,9999,0,1,2,0,0,1,1,0,1,711000019,0,000000,3802355,0
1662,6505600,6510229,0,0,9999,0,1,1,0,0,1,1,0,1,711000109,0,000000,3802356,0
1663,6505601,6510229,0,0,9999,0,1,2,0,0,1,1,0,1,711000017,0,000000,3802357,0
1664,6505624,6513858,0,0,9999,0,1,1,0,0,1,1,0,1,711000070,0,000000,3801202,0
1665,6505625,6513859,0,0,9999,0,1,1,0,0,1,1,0,1,711000070,0,000000,3801203,0
1666,6505646,6510229,0,0,9999,0,1,2,0,0,1,1,0,1,711000017,0,000000,3802358,0
1667,6505647,6510229,0,0,9999,0,1,2,0,0,1,1,0,1,711000017,0,000000,3802359,0
1668,6505654,6510229,0,0,9999,0,1,2,0,0,1,1,0,1,711000020,0,000000,3802360,0
1669,6505655,6510229,0,0,9999,0,1,2,0,0,1,1,0,1,711000020,0,000000,3802361,0
1670,6503972,6511698,0,0,9999,0,1,2,0,0,1,1,0,1,711000018,0,000000,3802362,0
1671,6503973,6510229,0,0,9999,0,1,2,0,0,1,1,0,1,711000019,0,000000,3802363,0
1672,6505675,6511384,0,0,9999,0,1,1,0,0,1,1,0,1,710001129,0,000000,3802364,0
1673,6505678,6513912,0,0,9999,0,1,1,0,0,1,1,0,1,711000015,0,000000,3802365,0
1674,6505687,6511384,0,0,9999,0,1,1,0,0,1,1,0,1,710000074,0,000000,3802366,0
1675,6505688,6511383,0,0,9999,0,1,1,0,0,1,1,0,1,711000013,0,000000,3802367,0
1676,6505689,6511385,0,0,9999,0,1,2,0,0,1,1,0,1,711000024,0,000000,3802368,0
1677,6505690,6510229,0,0,9999,0,1,2,0,0,1,1,0,1,711000018,0,000000,3802369,0
1678,6505775,6513956,0,0,9999,0,1,1,0,0,1,1,0,1,711000015,0,000000,3802370,0
1679,6505784,6510229,0,0,9999,0,1,2,0,0,1,1,0,1,711000017,0,000000,3802371,0
1680,6505800,6510229,0,0,9999,0,1,1,0,0,1,1,0,1,711000109,0,000000,3802372,0
1681,6505810,6513988,0,0,9999,0,1,1,0,0,1,1,0,1,711000070,0,000000,3801206,0
1682,6505811,6513989,0,0,9999,0,1,1,0,0,1,1,0,1,711000070,0,000000,3801207,0
1683,6505812,6513990,0,0,9999,0,1,1,0,0,1,1,0,1,711000070,0,000000,3801208,0
1684,6505813,6513991,0,0,9999,0,1,1,0,0,1,1,0,1,711000070,0,000000,3801209,0
1685,6505814,6513992,0,0,9999,0,1,1,0,0,1,1,0,1,711000070,0,000000,3801210,0
1686,6505818,6513995,0,0,9999,0,1,1,0,0,1,1,0,1,711000070,0,000000,3801211,0
1687,6505819,6513996,0,0,9999,0,1,1,0,0,1,1,0,1,711000070,0,000000,3801212,0
1688,6503295,6511698,0,0,9999,0,1,2,0,0,1,1,0,1,711000018,0,000000,3802373,0
1689,6503296,6510229,0,0,9999,0,1,2,0,0,1,1,0,1,711000019,0,000000,3802374,0
1690,6505835,6510229,0,0,9999,0,1,2,0,0,1,1,0,1,711000017,0,000000,3802375,0
1691,6505851,6511384,0,0,9999,0,1,1,0,0,1,1,0,1,710001171,0,000000,3802376,0
1692,6505855,6510229,0,0,9999,0,1,2,0,0,1,1,0,1,711000018,0,000000,3802377,0
1693,6505857,6514040,0,0,9999,0,1,1,0,0,1,1,0,1,711000015,0,000000,3802378,0
1694,6505858,6511384,0,0,9999,0,1,1,0,0,1,1,0,1,710000074,0,000000,3802379,0
1695,6505859,6511383,0,0,9999,0,1,1,0,0,1,1,0,1,711000013,0,000000,3802380,0
1696,6505860,6511385,0,0,9999,0,1,2,0,0,1,1,0,1,711000024,0,000000,3802381,0
1697,6505882,6510229,0,0,9999,0,1,2,0,0,1,1,0,1,711000018,0,000000,3802382,0
1698,6505883,6510229,0,0,9999,0,1,2,0,0,1,1,0,1,711000018,0,000000,3802383,0
1699,6505884,6510229,0,0,9999,0,1,2,0,0,1,1,0,1,711000017,0,000000,3802384,0
1700,6505888,6510229,0,0,9999,0,1,2,0,0,1,1,0,1,711000018,0,000000,3802385,0
1701,6505896,6514070,0,0,9999,0,1,1,0,0,1,1,0,1,711000015,0,000000,3802386,0
1702,6505897,6510229,0,0,9999,0,1,2,0,0,1,1,0,1,711000018,0,000000,3802387,0
1703,6505899,6510229,0,0,9999,0,1,2,0,0,1,1,0,1,711000017,0,000000,3802388,0
1704,6505921,6510229,0,0,9999,0,1,1,0,0,1,1,0,1,711000109,0,000000,3802389,0
1705,6505922,6514093,0,0,9999,0,1,1,0,0,1,1,0,1,711000070,0,000000,3801213,0
1706,6505923,6514094,0,0,9999,0,1,1,0,0,1,1,0,1,711000070,0,000000,3801214,0
1707,6505214,6511698,0,0,9999,0,1,2,0,0,1,1,0,1,711000018,0,000000,3802390,0
1708,6505215,6510229,0,0,9999,0,1,2,0,0,1,1,0,1,711000019,0,000000,3802391,0
1709,6505997,6510229,0,0,9999,0,1,2,0,0,1,1,0,1,711000017,0,000000,3802392,0
1710,6506000,6511384,0,0,9999,0,1,1,0,0,1,1,0,1,710001208,0,000000,3802393,0
1711,6506027,6510229,0,0,9999,0,1,2,0,0,1,1,0,1,711000017,0,000000,3802397,0
1713,6506096,6514160,0,0,9999,0,1,1,0,0,1,1,0,1,711000070,0,000000,3801218,0
1714,6506097,6514161,0,0,9999,0,1,1,0,0,1,1,0,1,711000070,0,000000,3801219,0
2001,6500158,6510158,0,1,9999,0,2,0,0,0,1,1,0,1,711000028,0,000000,3901001,0
2002,6500159,6510159,0,2,9999,0,2,0,0,0,2,1,0,1,711000028,0,000000,3901002,0
2003,6500160,6510160,0,3,9999,0,2,0,0,0,3,1,0,1,711000029,0,000000,3901003,0
2004,6500161,6510161,0,4,9999,0,2,0,0,0,4,1,0,1,711000030,0,000000,3901004,0
2005,6500162,6510162,0,5,9999,0,2,0,0,0,5,1,0,1,711000031,0,000000,3901005,0
2006,6500163,6510163,0,6,9999,0,2,0,0,0,6,1,0,1,711000032,0,000000,3901006,0
2007,6500164,6510164,0,1,9999,0,2,0,0,0,1,1,0,1,711000034,0,000000,3901007,0
2008,6500165,6510165,0,2,9999,0,2,0,0,0,2,1,0,1,711000034,0,000000,3901008,0
2009,6500166,6510166,0,3,9999,0,2,0,0,0,3,1,0,1,711000035,0,000000,3901009,0
2010,6500167,6510167,0,4,9999,0,2,0,0,0,4,1,0,1,711000036,0,000000,3901010,0
2011,6500168,6510168,0,5,9999,0,2,0,0,0,5,1,0,1,711000037,0,000000,3901011,0
2012,6500169,6510169,0,6,9999,0,2,0,0,0,6,1,0,1,711000038,0,000000,3901012,0
2013,6500170,6510170,0,1,9999,0,2,0,0,0,1,1,0,1,711000073,0,000000,3901013,0
2014,6500171,6510171,0,2,9999,0,2,0,0,0,2,1,0,1,711000073,0,000000,3901014,0
2015,6500172,6510172,0,3,9999,0,2,0,0,0,3,1,0,1,711000074,0,000000,3901015,0
2016,6500173,6510173,0,4,9999,0,2,0,0,0,4,1,0,1,711000075,0,000000,3901016,0
2017,6500174,6510174,0,5,9999,0,2,0,0,0,5,1,0,1,711000076,0,000000,3901017,0
2018,6500175,6510175,0,6,9999,0,2,0,0,0,6,1,0,1,711000077,0,000000,3901018,0
2019,6501864,6511064,0,1,9999,0,2,0,0,0,1,1,0,1,711000079,0,000000,3901019,0
2020,6501865,6511065,0,2,9999,0,2,0,0,0,2,1,0,1,711000079,0,000000,3901020,0
2021,6501866,6511066,0,3,9999,0,2,0,0,0,3,1,0,1,711000080,0,000000,3901021,0
2022,6501867,6511067,0,4,9999,0,2,0,0,0,4,1,0,1,711000081,0,000000,3901022,0
2023,6501868,6511068,0,5,9999,0,2,0,0,0,5,1,0,1,711000082,0,000000,3901023,0
2024,6501869,6511069,0,6,9999,0,2,0,0,0,6,1,0,1,711000083,0,000000,3901024,0
2025,6501947,6511175,0,1,9999,0,2,0,0,0,1,1,0,1,711000040,0,000000,3901038,0
2026,6501948,6511176,0,2,9999,0,2,0,0,0,2,1,0,1,711000040,0,000000,3901039,0
2027,6501949,6511177,0,3,9999,0,2,0,0,0,3,1,0,1,711000041,0,000000,3901040,0
2028,6501950,6511178,0,4,9999,0,2,0,0,0,4,1,0,1,711000042,0,000000,3901041,0
2029,6501951,6511179,0,5,9999,0,2,0,0,0,5,1,0,1,711000043,0,000000,3901042,0
2030,6501952,6511180,0,6,9999,0,2,0,0,0,6,1,0,1,711000044,0,000000,3901043,0
2031,6501926,6511154,0,4,9999,0,2,0,0,0,6,1,0,1,711000030,0,000000,3901044,0
2032,6501928,6511156,0,5,9999,0,2,0,0,0,6,1,0,1,711000031,0,000000,3901045,0
2034,6501927,6511155,0,4,9999,0,2,0,0,0,6,1,0,1,711000036,0,000000,3901047,0
2035,6501929,6511157,0,5,9999,0,2,0,0,0,6,1,0,1,711000037,0,000000,3901048,0
2044,6500086,6510086,0,1,9999,0,2,0,0,0,1,1,0,1,711000048,0,000000,3901025,0
2045,6500087,6510087,0,2,9999,0,2,0,0,0,2,1,0,1,711000048,0,000000,3901026,0
2046,6500088,6510088,0,3,9999,0,2,0,0,0,3,1,0,1,711000049,0,000000,3901027,0
2047,6500089,6510089,0,4,9999,0,2,0,0,0,4,1,0,1,711000050,0,000000,3901028,0
2048,6500090,6510090,0,5,9999,0,2,0,0,0,5,1,0,1,711000051,0,000000,3901029,0
2050,6500092,6510092,0,0,9999,0,2,0,0,0,0,1,0,1,711000059,0,000000,3901031,0
2051,6500093,6510093,0,0,9999,0,2,0,0,0,0,1,0,1,711000060,0,000000,3901032,0
2052,6500094,6510094,0,0,9999,0,2,0,0,0,0,1,0,1,711000061,0,000000,3901033,0
2053,6500095,6510095,0,0,9999,0,2,0,0,0,0,1,0,1,711000062,0,000000,3901034,0
2054,6501856,6511056,0,0,9999,0,2,0,0,0,0,1,0,1,711000064,0,000000,3901037,0
2055,6501857,6511057,0,0,9999,0,2,0,0,0,0,1,0,1,711000063,0,000000,3901036,0
2056,6502205,6511353,0,4,9999,0,2,0,0,0,4,1,0,1,711000086,0,000000,3901050,0
2057,6502206,6511354,0,5,9999,0,2,0,0,0,5,1,0,1,711000087,0,000000,3901051,0
2059,6502210,6511361,0,4,9999,0,2,0,0,0,4,1,0,1,711000086,0,000000,3901053,0
2060,6501926,6511365,0,4,9999,0,2,0,0,0,4,1,0,1,711000030,0,000000,3902019,0
2061,6502205,6511445,0,4,9999,0,2,0,0,0,4,1,0,1,711000086,0,000000,3902033,0
2062,6502367,6511480,0,4,9999,0,2,0,0,0,4,1,0,1,711000086,0,000000,3902034,0
2063,6502205,6511490,0,4,9999,0,2,0,0,0,4,1,0,1,711000086,0,000000,3902035,0
2064,6502459,6511563,0,0,9999,0,2,0,0,0,4,1,0,1,711000108,0,000000,3902059,0
2065,6502469,6511574,0,6,9999,0,2,0,0,0,6,1,0,1,711000088,0,000000,3902061,0
2066,6502205,6511617,0,4,9999,0,2,0,0,0,4,1,0,1,711000086,0,000000,3902069,0
2067,6502538,6511633,0,6,9999,0,2,0,0,0,6,1,0,1,711000111,0,000000,3901054,0
2068,6502207,6511654,0,6,9999,0,2,0,0,0,5,1,0,1,711000088,0,000000,3902073,0
2069,6502579,6511657,0,0,9999,0,2,0,0,0,0,1,0,1,711000024,0,000000,3902074,0
2070,6502205,6511697,0,4,9999,0,2,0,0,0,4,1,0,1,711000086,0,000000,3902082,0
2071,6502205,6511716,0,4,9999,0,2,0,0,0,4,1,0,1,711000086,0,000000,3902086,0
2072,6502677,6511739,0,0,9999,0,2,0,0,0,0,1,0,1,711000054,0,000000,3901055,0
2073,6502678,6511740,0,1,9999,0,2,0,0,0,1,1,0,1,711000053,0,000000,3901056,0
2074,6502682,6511744,0,0,9999,0,2,0,0,0,0,1,0,1,711000108,0,000000,3902090,0
2075,6502721,6511779,0,6,9999,0,2,0,0,0,0,1,0,1,711000088,0,000000,3902097,0
2076,6502752,6511810,0,0,9999,0,2,0,0,0,0,1,0,1,711000070,0,000000,3902101,0
2078,6502764,6511574,0,6,9999,0,2,0,0,0,6,1,0,1,711000088,0,000000,3902102,0
2079,6502793,6511841,0,6,9999,0,2,0,0,0,6,1,0,1,711000088,0,000000,3902107,0
2080,6502794,6511842,0,6,9999,0,2,0,0,0,6,1,0,1,711000088,0,000000,3902108,0
2081,6502795,6510175,0,6,9999,0,2,0,0,0,6,1,0,1,711000077,0,000000,3902109,0
2082,6502796,6511844,0,0,9999,0,2,0,0,0,0,1,0,1,711000024,0,000000,3902110,0
2083,6502797,6511843,0,6,9999,0,2,0,0,0,0,1,0,1,711000088,0,000000,3902111,0
2084,6502832,6511889,0,0,9999,0,2,0,0,0,0,1,0,1,711000108,0,000000,3902115,0
2085,6511893,6510229,0,0,9999,0,1,2,0,0,0,1,0,1,711000017,0,000000,3802120,0
2086,6502847,6511908,0,0,9999,0,2,0,0,0,0,1,0,1,711000108,0,000000,3902118,0
2087,6502971,6511979,0,6,9999,0,2,0,0,0,6,1,0,1,711000088,0,000000,3902125,0
2088,6502207,6511995,0,6,9999,0,2,0,0,0,6,1,0,1,711000088,0,000000,3902126,0
2089,6502995,6511985,0,6,9999,0,2,0,0,0,6,1,0,1,711000088,0,000000,3902127,0
2090,6503002,6512002,0,0,9999,0,2,0,0,0,0,1,0,1,711000023,0,000000,3902131,0
2091,6503009,6512006,0,6,9999,0,2,0,0,0,1,1,0,1,711000088,0,000000,3902133,0
2092,6503010,6512007,0,0,9999,0,1,1,0,0,0,1,0,1,711000109,0,000000,3902132,0
2093,6502469,6512030,0,6,9999,0,2,0,0,0,6,1,0,1,711000088,0,000000,3902137,0
2094,6502796,6511844,0,0,9999,0,2,0,0,0,0,1,0,1,711000024,0,000000,3902138,0
2095,6503038,6512031,0,6,9999,0,2,0,0,0,6,1,0,1,711000088,0,000000,3902139,0
2096,6503039,6512032,0,6,9999,0,2,0,0,0,0,1,0,1,711000088,0,000000,3902140,0
2097,6503040,6512033,0,6,9999,0,2,0,0,0,0,1,0,1,711000077,0,000000,3902141,0
2098,6502764,6512034,0,6,9999,0,2,0,0,0,0,1,0,1,711000088,0,000000,3902142,0
2099,6503037,6511844,0,0,9999,0,2,0,0,0,0,1,0,1,714200342,0,000000,3902147,0
2100,6502797,6512053,0,6,9999,0,2,0,0,0,0,1,0,1,711000088,0,FFD700,3902148,0
2101,6502995,6512077,0,6,9999,0,2,0,0,0,0,1,0,1,711000088,0,000000,3902153,0
2102,6503119,6512108,0,6,9999,0,2,0,0,0,0,1,0,1,711000088,0,000000,3902161,0
2103,6503278,6512210,0,0,9999,0,2,0,0,0,0,1,0,1,711000146,0,000000,3901057,0
2104,6502797,6512214,0,6,9999,0,2,0,0,0,0,1,0,1,711000088,0,FFD700,3902172,0
2105,6502469,6512215,0,6,9999,0,2,0,0,0,6,1,0,1,711000088,0,000000,3902173,0
2106,6502764,6512215,0,6,9999,0,2,0,0,0,6,1,0,1,711000088,0,000000,3902174,0
2107,6503038,6512217,0,6,9999,0,2,0,0,0,6,1,0,1,711000088,0,000000,3902175,0
2108,6503039,6512218,0,6,9999,0,2,0,0,0,6,1,0,1,711000088,0,000000,3902176,0
2109,6502207,6512235,0,6,9999,0,2,0,0,0,6,1,0,1,711000088,0,000000,3902178,0
2110,6502995,6512236,0,6,9999,0,2,0,0,0,6,1,0,1,711000088,0,000000,3902179,0
2111,6503302,6512237,0,6,9999,0,2,0,0,0,6,1,0,1,711000044,0,000000,3902180,0
2112,6503303,6512238,0,0,9999,0,2,0,0,0,0,1,0,1,711000147,0,000000,3902185,0
2113,6503306,6512243,0,0,9999,0,2,0,0,0,0,1,0,1,711000145,0,000000,3902186,0
2115,6502721,6512269,0,6,9999,0,2,0,0,0,0,1,0,1,711000088,0,FFD700,3902190,0
2116,6503369,6512300,0,0,9999,0,2,0,0,0,0,1,0,1,711000108,0,000000,3902199,0
2117,6503371,6512302,0,2,9999,0,2,0,0,0,2,1,0,1,711000053,0,000000,3901058,0
2118,6502995,6512303,0,6,9999,0,2,0,0,0,6,1,0,1,711000088,0,000000,3902200,0
2119,6502207,6512384,0,6,9999,0,2,0,0,0,6,1,0,1,711000088,0,000000,3902212,0
2120,6503507,6512385,0,6,9999,0,2,0,0,0,6,1,0,1,711000088,0,000000,3902213,0
2121,6503302,6512386,0,6,9999,0,2,0,0,0,6,1,0,1,711000044,0,000000,3902214,0
2122,6503539,6512407,0,0,9999,0,2,0,0,0,4,1,0,1,711000158,0,000000,3902222,0
2123,6503585,6512442,0,0,9999,0,2,0,0,0,0,1,0,1,711000024,0,000000,3902229,0
2124,6504045,6512443,0,0,9999,0,2,0,0,0,0,1,0,1,711000024,0,000000,3902230,0
2125,6503592,6512450,0,0,9999,0,2,0,0,0,4,1,0,1,711000158,0,000000,3902231,0
2126,6503684,6512490,0,6,9999,0,2,0,0,0,6,1,0,1,711000088,0,000000,3902238,0
2127,6502469,6512516,0,6,9999,0,2,0,0,0,6,1,0,1,711000088,0,000000,3902243,0
2128,6502764,6512517,0,6,9999,0,2,0,0,0,6,1,0,1,711000088,0,000000,3902244,0
2129,6503715,6512518,0,6,9999,0,2,0,0,0,6,1,0,1,711000088,0,000000,3902245,0
2130,6503716,6512519,0,6,9999,0,2,0,0,0,6,1,0,1,711000088,0,000000,3902246,0
2131,6502796,6511844,0,0,9999,0,2,0,0,0,0,1,0,1,711000024,0,000000,3902247,0
2132,6503717,6512520,0,6,9999,0,2,0,0,0,6,1,0,1,711000088,0,000000,3902248,0
2133,6503721,6512522,0,0,9999,0,2,0,0,0,0,1,0,1,711000158,0,000000,3902252,0
2134,6503730,6512532,0,0,9999,0,2,0,0,0,0,1,0,1,711000088,0,FFD700,3901059,0
2135,6503731,6512533,0,0,9999,0,2,0,0,0,0,1,0,1,711000088,0,FFD700,3901060,0
2136,6503732,6512534,0,0,9999,0,2,0,0,0,0,1,0,1,711000088,0,FFD700,3901061,0
2137,6503684,6512560,0,6,9999,0,2,0,0,0,6,1,0,1,711000088,0,000000,3902254,0
2138,6503752,6512561,0,6,9999,0,2,0,0,0,6,1,0,1,711000088,0,000000,3902255,0
2139,6503760,6512566,0,0,9999,0,2,0,0,0,0,1,0,1,711000062,0,000000,3901062,0
2140,6503754,6512567,0,4,9999,0,2,0,0,0,4,1,0,1,711000086,0,000000,3902260,0
2141,6503759,6512572,0,0,9999,0,2,0,0,0,0,1,0,1,711000150,0,000000,3902261,0
2142,6503800,6512608,0,6,9999,0,2,0,0,0,6,1,0,1,711000088,0,000000,3902265,0
2143,6503804,6512611,0,6,9999,0,2,0,0,0,6,1,0,1,711000088,0,000000,3902269,0
2144,6503810,6512616,0,0,9999,0,2,0,0,0,0,1,0,1,711000088,0,FFD700,3901063,0
2145,6503854,6512657,0,6,9999,0,2,0,0,0,6,1,0,1,711000009,0,000000,3902276,0
2146,6503684,6512697,0,6,9999,0,2,0,0,0,6,1,0,1,711000088,0,000000,3901064,0
2147,6503974,6512718,0,6,9999,0,2,0,0,0,6,1,0,1,711000088,0,000000,3901065,0
2148,6503730,6512721,0,0,9999,0,2,0,0,0,0,1,0,1,711000088,0,FFD700,3901066,0
2149,6503731,6512722,0,0,9999,0,2,0,0,0,0,1,0,1,711000088,0,FFD700,3901067,0
2150,6503732,6512723,0,0,9999,0,2,0,0,0,0,1,0,1,711000088,0,FFD700,3901068,0
2151,6503752,6512738,0,6,9999,0,2,0,0,0,6,1,0,1,711000088,0,000000,3901069,0
2152,6504150,6512868,0,6,9999,0,2,0,0,0,6,1,0,1,711000088,0,000000,3901070,0
2153,6503730,6512865,0,0,9999,0,2,0,0,0,0,1,0,1,711000088,0,FFD700,3901071,0
2154,6503731,6512866,0,0,9999,0,2,0,0,0,0,1,0,1,711000088,0,FFD700,3901072,0
2155,6503732,6512867,0,0,9999,0,2,0,0,0,0,1,0,1,711000088,0,FFD700,3901073,0
2156,6504173,6511844,0,0,9999,0,2,0,0,0,0,1,0,1,711000138,0,000000,3902311,0
2159,6504150,6513021,0,6,9999,0,2,0,0,0,6,1,0,1,711000088,0,000000,3901074,0
2160,6503730,6513018,0,0,9999,0,2,0,0,0,0,1,0,1,711000088,0,FFD700,3901075,0
2161,6503731,6513019,0,0,9999,0,2,0,0,0,0,1,0,1,711000088,0,FFD700,3901076,0
2162,6503732,6513020,0,0,9999,0,2,0,0,0,0,1,0,1,711000088,0,FFD700,3901077,0
2163,6504372,6511844,0,0,9999,0,2,0,0,0,0,1,0,1,711000138,0,000000,3902341,0
2164,6503684,6513056,0,6,9999,0,2,0,0,0,6,1,0,1,711000088,0,000000,3901078,0
2165,6503752,6513057,0,6,9999,0,2,0,0,0,6,1,0,1,711000088,0,000000,3901079,0
2166,6504411,6513058,0,0,9999,0,2,0,0,0,0,1,0,1,711000158,0,000000,3902349,0
2167,6504449,6512443,0,0,9999,0,2,0,0,0,0,1,0,1,711000024,0,000000,3902354,0
2168,6504450,6512442,0,0,9999,0,2,0,0,0,0,1,0,1,711000024,0,000000,3902355,0
2169,6503730,6513138,0,0,9999,0,2,0,0,0,0,1,0,1,711000088,0,FFD700,3901080,0
2170,6503731,6513139,0,0,9999,0,2,0,0,0,0,1,0,1,711000088,0,FFD700,3901081,0
2171,6503732,6513140,0,0,9999,0,2,0,0,0,0,1,0,1,711000088,0,FFD700,3901082,0
2172,6504372,6513144,0,0,9999,0,2,0,0,0,0,1,0,1,711000138,0,000000,3902370,0
2173,6504625,6513152,0,6,9999,0,2,0,0,0,6,1,0,1,711000088,0,000000,3902379,0
2174,6503684,6513190,0,6,9999,0,2,0,0,0,6,1,0,1,711000088,0,000000,3901083,0
2175,6503752,6513191,0,6,9999,0,2,0,0,0,6,1,0,1,711000088,0,000000,3901084,0
2176,6504734,6513252,0,6,9999,0,2,0,0,0,6,1,0,1,711000088,0,000000,3901085,0
2177,6504735,6513253,0,6,9999,0,2,0,0,0,6,1,0,1,711000088,0,000000,3901086,0
2178,6504742,6513261,0,6,9999,0,2,0,0,0,6,1,0,1,711000032,0,000000,3901087,0
2179,6504752,6513269,0,6,9999,0,2,0,0,0,6,1,0,1,711000009,0,000000,3902394,0
2180,6504776,6513292,0,0,9999,0,2,0,0,0,0,1,0,1,711000138,0,000000,3902402,0
2181,6503730,6513301,0,6,9999,0,2,0,0,0,0,1,0,1,711000088,0,FFD700,3901088,0
2182,6503731,6513302,0,6,9999,0,2,0,0,0,0,1,0,1,711000088,0,FFD700,3901089,0
2183,6503732,6513303,0,6,9999,0,2,0,0,0,0,1,0,1,711000088,0,FFD700,3901090,0
2184,6504803,6513317,0,6,9999,0,2,0,0,0,0,1,0,1,711000088,0,000000,3901091,0
2185,6504734,6513318,0,6,9999,0,2,0,0,0,6,1,0,1,711000088,0,000000,3901092,0
2186,6504735,6513319,0,6,9999,0,2,0,0,0,6,1,0,1,711000088,0,000000,3901093,0
2187,6503684,6513354,0,6,9999,0,2,0,0,0,6,1,0,1,711000088,0,000000,3901094,0
2188,6503752,6513355,0,6,9999,0,2,0,0,0,6,1,0,1,711000088,0,000000,3901095,0
2189,6504734,6513434,0,6,9999,0,2,0,0,0,6,1,0,1,711000088,0,000000,3901096,0
2190,6504735,6513435,0,6,9999,0,2,0,0,0,6,1,0,1,711000088,0,000000,3901097,0
2191,6503684,6513436,0,6,9999,0,2,0,0,0,6,1,0,1,711000088,0,000000,3901098,0
2192,6503752,6513437,0,6,9999,0,2,0,0,0,6,1,0,1,711000088,0,000000,3901099,0
2193,6503730,6513438,0,6,9999,0,2,0,0,0,0,1,0,1,711000088,0,FFD700,3901100,0
2194,6503731,6513439,0,6,9999,0,2,0,0,0,0,1,0,1,711000088,0,FFD700,3901101,0
2195,6503732,6513440,0,6,9999,0,2,0,0,0,0,1,0,1,711000088,0,FFD700,3901102,0
2196,6504981,6511844,0,0,9999,0,2,0,0,0,0,1,0,1,711000138,0,000000,3902431,0
2197,6505019,6513480,0,6,9999,0,2,0,0,0,0,1,0,1,710000897,0,000000,3901103,0
2198,6505121,6513559,0,6,9999,0,2,0,0,0,0,1,0,1,711000088,0,000000,3901104,0
2199,6504150,6513596,0,6,9999,0,2,0,0,0,6,1,0,1,711000088,0,000000,3901105,0
2200,6504734,6513598,0,6,9999,0,2,0,0,0,6,1,0,1,711000088,0,000000,3901106,0
2201,6504735,6513599,0,6,9999,0,2,0,0,0,6,1,0,1,711000088,0,000000,3901107,0
2202,6503730,6513600,0,6,9999,0,2,0,0,0,0,1,0,1,711000088,0,FFD700,3901108,0
2203,6503731,6513601,0,6,9999,0,2,0,0,0,0,1,0,1,711000088,0,FFD700,3901109,0
2204,6503732,6513602,0,6,9999,0,2,0,0,0,0,1,0,1,711000088,0,FFD700,3901110,0
2205,6505270,6513652,0,6,9999,0,2,0,0,0,0,1,0,1,710001018,0,FFD700,3901111,0
2206,6503684,6513653,0,6,9999,0,2,0,0,0,6,1,0,1,711000088,0,000000,3901112,0
2207,6503752,6513654,0,6,9999,0,2,0,0,0,6,1,0,1,711000088,0,000000,3901113,0
2208,6505309,6512443,0,0,9999,0,2,0,0,0,0,1,0,1,711000024,0,000000,3902461,0
2209,6505310,6512442,0,0,9999,0,2,0,0,0,0,1,0,1,711000024,0,000000,3902462,0
2210,6504734,6513750,0,6,9999,0,2,0,0,0,6,1,0,1,711000088,0,000000,3901117,0
2211,6504735,6513751,0,6,9999,0,2,0,0,0,6,1,0,1,711000088,0,000000,3901118,0
2212,6505450,6511844,0,0,9999,0,2,0,0,0,0,1,0,1,711000138,0,000000,3902479,0
2213,6504150,6513762,0,6,9999,0,2,0,0,0,6,1,0,1,711000088,0,000000,3901119,0
2214,6505471,6513778,0,6,9999,0,2,0,0,0,0,1,0,1,710001066,0,FFD700,3901120,0
2215,6503865,6511657,0,0,9999,0,2,0,0,0,0,1,0,1,711000024,0,000000,3902491,0
2216,6505661,6511844,0,0,9999,0,2,0,0,0,0,1,0,1,711000138,0,000000,3902505,0
2217,6502160,6511331,0,0,9999,0,2,0,0,0,0,1,0,1,710000073,0,000000,3902017,0
2218,6502175,6511349,0,0,9999,0,2,0,0,0,0,1,0,1,710000077,0,000000,3902018,0
2219,6502231,6511382,0,0,9999,0,2,0,0,0,0,1,0,1,711000024,0,000000,3902020,0
2220,6502250,6511403,0,0,9999,0,2,0,0,0,0,1,0,1,711000024,0,000000,3902021,0
2221,6502251,6511404,0,0,9999,0,2,0,0,0,0,1,0,1,711000024,0,000000,3902022,0
2222,6502252,6511405,0,0,9999,0,2,0,0,0,0,1,0,1,711000024,0,000000,3902023,0
2223,6502323,6511422,0,0,9999,0,2,0,0,0,0,1,0,1,711000024,0,000000,3902024,0
2224,6502324,6511423,0,0,9999,0,2,0,0,0,0,1,0,1,711000024,0,000000,3902025,0
2225,6502325,6511424,0,0,9999,0,2,0,0,0,0,1,0,1,711000024,0,000000,3902026,0
2226,6502334,6511433,0,1,9999,0,2,0,0,0,0,1,0,1,711000089,0,000000,3902027,0
2227,6502335,6511439,0,2,9999,0,2,0,0,0,0,1,0,1,711000089,0,000000,3902028,0
2228,6502336,6511440,0,3,9999,0,2,0,0,0,0,1,0,1,711000089,0,000000,3902029,0
2229,6502337,6511441,0,4,9999,0,2,0,0,0,0,1,0,1,711000089,0,000000,3902030,0
2230,6502338,6511442,0,5,9999,0,2,0,0,0,0,1,0,1,711000089,0,000000,3902031,0
2231,6502339,6511443,0,6,9999,0,2,0,0,0,0,1,0,1,711000089,0,000000,3902032,0
2232,6502382,6511491,0,0,9999,0,2,0,0,0,0,1,0,1,711000024,0,000000,3902036,0
2233,6502383,6511492,0,0,9999,0,2,0,0,0,0,1,0,1,711000024,0,000000,3902037,0
2234,6502384,6511493,0,0,9999,0,2,0,0,0,0,1,0,1,711000024,0,000000,3902038,0
2235,6502385,6511494,0,0,9999,0,2,0,0,0,0,1,0,1,711000024,0,000000,3902039,0
2236,6502405,6511510,0,0,9999,0,2,0,0,0,0,1,0,1,711000024,0,000000,3902040,0
2237,6502406,6511511,0,0,9999,0,2,0,0,0,0,1,0,1,711000024,0,000000,3902041,0
2238,6502407,6511512,0,0,9999,0,2,0,0,0,0,1,0,1,711000024,0,000000,3902042,0
2239,6502408,6511513,0,0,9999,0,2,0,0,0,0,1,0,1,711000024,0,000000,3902043,0
2240,6502435,6511546,0,1,9999,0,2,0,0,0,0,1,0,1,711000089,0,000000,3902044,0
2241,6502436,6511547,0,2,9999,0,2,0,0,0,0,1,0,1,711000089,0,000000,3902045,0
2242,6502437,6511548,0,3,9999,0,2,0,0,0,0,1,0,1,711000089,0,000000,3902046,0
2243,6502438,6511549,0,4,9999,0,2,0,0,0,0,1,0,1,711000089,0,000000,3902047,0
2244,6502439,6511550,0,5,9999,0,2,0,0,0,0,1,0,1,711000089,0,000000,3902048,0
2245,6502440,6511551,0,6,9999,0,2,0,0,0,0,1,0,1,711000089,0,000000,3902049,0
2246,6502441,6511552,0,0,9999,0,2,0,0,0,0,1,0,1,711000024,0,000000,3902050,0
2247,6502442,6511553,0,0,9999,0,2,0,0,0,0,1,0,1,711000024,0,000000,3902051,0
2248,6502443,6511554,0,0,9999,0,2,0,0,0,0,1,0,1,711000024,0,000000,3902052,0
2249,6502460,6511564,0,0,9999,0,2,0,0,0,0,1,0,1,711000024,0,000000,3902060,0
2250,6502470,6511577,0,0,9999,0,2,0,0,0,0,1,0,1,711000024,0,000000,3902062,0
2251,6502483,6511585,0,0,9999,0,2,0,0,0,0,1,0,1,711000024,0,000000,3902063,0
2252,6502484,6511586,0,0,9999,0,2,0,0,0,0,1,0,1,711000024,0,000000,3902064,0
2253,6502485,6511587,0,0,9999,0,2,0,0,0,0,1,0,1,711000024,0,000000,3902065,0
2254,6502489,6511608,0,0,9999,0,2,0,0,0,0,1,0,1,711000024,0,000000,3902066,0
2255,6502490,6511609,0,0,9999,0,2,0,0,0,0,1,0,1,711000024,0,000000,3902067,0
2256,6502491,6511610,0,0,9999,0,2,0,0,0,0,1,0,1,711000024,0,000000,3902068,0
2257,6502534,6511641,0,0,9999,0,2,0,0,0,0,1,0,1,711000024,0,000000,3902070,0
2258,6502535,6511642,0,0,9999,0,2,0,0,0,0,1,0,1,711000024,0,000000,3902071,0
2259,6502536,6511643,0,0,9999,0,2,0,0,0,0,1,0,1,711000024,0,000000,3902072,0
2260,6502605,6511679,0,0,9999,0,2,0,0,0,0,1,0,1,711000024,0,000000,3902075,0
2261,6502606,6511680,0,0,9999,0,2,0,0,0,0,1,0,1,711000024,0,000000,3902076,0
2262,6502607,6511681,0,0,9999,0,2,0,0,0,0,1,0,1,711000024,0,000000,3902077,0
2263,6502608,6511910,0,0,9999,0,2,0,0,0,0,1,0,1,711000024,0,000000,3902078,0
2264,6502611,6511685,0,0,9999,0,2,0,0,0,0,1,0,1,711000024,0,000000,3902079,0
2265,6502612,6511686,0,0,9999,0,2,0,0,0,0,1,0,1,711000024,0,000000,3902080,0
2266,6502613,6511687,0,0,9999,0,2,0,0,0,0,1,0,1,711000024,0,000000,3902081,0
2267,6502627,6511682,0,0,9999,0,2,0,0,0,0,1,0,1,711000024,0,000000,3902083,0
2268,6502629,6511702,0,0,9999,0,2,0,0,0,0,1,0,1,711000116,0,000000,3902084,0
2269,6502630,6511703,0,0,9999,0,2,0,0,0,0,1,0,1,711000117,0,000000,3902085,0
2270,6502645,6511719,0,0,9999,0,2,0,0,0,0,1,0,1,711000024,0,000000,3902087,0
2271,6502646,6511720,0,0,9999,0,2,0,0,0,0,1,0,1,711000024,0,000000,3902088,0
2272,6502647,6511721,0,0,9999,0,2,0,0,0,0,1,0,1,711000024,0,000000,3902089,0
2273,6502687,6511748,0,0,9999,0,2,0,0,0,0,1,0,1,711000024,0,000000,3902091,0
2274,6502688,6511749,0,0,9999,0,2,0,0,0,0,1,0,1,711000024,0,000000,3902092,0
2275,6502689,6511750,0,0,9999,0,2,0,0,0,0,1,0,1,711000024,0,000000,3902093,0
2276,6502717,6511776,0,0,9999,0,2,0,0,0,0,1,0,1,711000024,0,000000,3902094,0
2277,6502718,6511777,0,0,9999,0,2,0,0,0,0,1,0,1,711000024,0,000000,3902095,0
2278,6502719,6511778,0,0,9999,0,2,0,0,0,0,1,0,1,711000024,0,000000,3902096,0
2279,6502732,6511790,0,0,9999,0,2,0,0,0,0,1,0,1,711000024,0,000000,3902098,0
2280,6502733,6511791,0,0,9999,0,2,0,0,0,0,1,0,1,711000024,0,000000,3902099,0
2281,6502734,6511792,0,0,9999,0,2,0,0,0,0,1,0,1,711000024,0,000000,3902100,0
2282,6502765,6511821,0,0,9999,0,2,0,0,0,0,1,0,1,711000024,0,000000,3902103,0
2283,6502766,6511822,0,0,9999,0,2,0,0,0,0,1,0,1,711000024,0,000000,3902104,0
2284,6502767,6511823,0,0,9999,0,2,0,0,0,0,1,0,1,711000024,0,000000,3902105,0
2285,6502791,6511840,0,0,9999,0,2,0,0,0,0,1,0,1,711000025,0,000000,3902106,0
2286,6502803,6511860,0,0,9999,0,2,0,0,0,0,1,0,1,711000024,0,000000,3902112,0
2287,6502804,6511861,0,0,9999,0,2,0,0,0,0,1,0,1,711000024,0,000000,3902113,0
2288,6502805,6511862,0,0,9999,0,2,0,0,0,0,1,0,1,711000024,0,000000,3902114,0
2289,6502833,6511892,0,0,9999,0,2,0,0,0,0,1,0,1,711000024,0,000000,3902116,0
2290,6502834,6511894,0,0,9999,0,2,0,0,0,0,1,0,1,711000086,0,000000,3902117,0
2291,6502843,6511904,0,0,9999,0,2,0,0,0,0,1,0,1,711000024,0,000000,3902119,0
2292,6502844,6511905,0,0,9999,0,2,0,0,0,0,1,0,1,711000024,0,000000,3902120,0
2293,6502845,6511906,0,0,9999,0,2,0,0,0,0,1,0,1,711000024,0,000000,3902121,0
2294,6502908,6511964,0,0,9999,0,2,0,0,0,0,1,0,1,711000024,0,000000,3902122,0
2295,6502909,6511965,0,0,9999,0,2,0,0,0,0,1,0,1,711000024,0,000000,3902123,0
2296,6502910,6511966,0,0,9999,0,2,0,0,0,0,1,0,1,711000024,0,000000,3902124,0
2297,6502991,6511986,0,0,9999,0,2,0,0,0,0,1,0,1,711000024,0,000000,3902128,0
2298,6502992,6511987,0,0,9999,0,2,0,0,0,0,1,0,1,711000024,0,000000,3902129,0
2299,6502993,6511988,0,0,9999,0,2,0,0,0,0,1,0,1,711000024,0,000000,3902130,0
2300,6503011,6512008,0,0,9999,0,2,0,0,0,0,1,0,1,711000024,0,000000,3902134,0
2301,6503012,6512009,0,0,9999,0,2,0,0,0,0,1,0,1,711000024,0,000000,3902135,0
2302,6503013,6512010,0,0,9999,0,2,0,0,0,0,1,0,1,711000024,0,000000,3902136,0
2303,6502470,6512035,0,0,9999,0,2,0,0,0,0,1,0,1,711000024,0,000000,3902143,0
2304,6503034,6512038,0,0,9999,0,2,0,0,0,0,1,0,1,711000024,0,000000,3902144,0
2305,6503035,6512039,0,0,9999,0,2,0,0,0,0,1,0,1,711000024,0,000000,3902145,0
2306,6503036,6512040,0,0,9999,0,2,0,0,0,0,1,0,1,711000024,0,000000,3902146,0
2307,6503074,6512073,0,0,9999,0,2,0,0,0,0,1,0,1,711000024,0,000000,3902149,0
2308,6503075,6512074,0,0,9999,0,2,0,0,0,0,1,0,1,711000024,0,000000,3902150,0
2309,6503076,6512075,0,0,9999,0,2,0,0,0,0,1,0,1,711000024,0,000000,3902151,0
2310,6503077,6512076,0,0,9999,0,2,0,0,0,0,1,0,1,711000024,0,000000,3902152,0
2311,6502833,6512078,0,0,9999,0,2,0,0,0,0,1,0,1,711000024,0,000000,3902154,0
2312,6503094,6512094,0,0,9999,0,2,0,0,0,0,1,0,1,711000024,0,000000,3902155,0
2313,6503095,6512095,0,0,9999,0,2,0,0,0,0,1,0,1,711000024,0,000000,3902156,0
2314,6503096,6512096,0,0,9999,0,2,0,0,0,0,1,0,1,711000024,0,000000,3902157,0
2315,6503104,6512103,0,0,9999,0,2,0,0,0,0,1,0,1,711000024,0,000000,3902158,0
2316,6503105,6512104,0,0,9999,0,2,0,0,0,0,1,0,1,711000024,0,000000,3902159,0
2317,6503106,6512105,0,0,9999,0,2,0,0,0,0,1,0,1,711000024,0,000000,3902160,0
2318,6503144,6512137,0,0,9999,0,2,0,0,0,0,1,0,1,711000024,0,000000,3902162,0
2319,6503145,6512138,0,0,9999,0,2,0,0,0,0,1,0,1,711000024,0,000000,3902163,0
2320,6503146,6512139,0,0,9999,0,2,0,0,0,0,1,0,1,711000024,0,000000,3902164,0
2321,6503230,6512170,0,0,9999,0,2,0,0,0,0,1,0,1,711000024,0,000000,3902165,0
2322,6503231,6512171,0,0,9999,0,2,0,0,0,0,1,0,1,711000024,0,000000,3902166,0
2323,6503232,6512172,0,0,9999,0,2,0,0,0,0,1,0,1,711000024,0,000000,3902167,0
2324,6503255,6512194,0,0,9999,0,2,0,0,0,0,1,0,1,711000024,0,000000,3902169,0
2325,6503256,6512195,0,0,9999,0,2,0,0,0,0,1,0,1,711000024,0,000000,3902170,0
2326,6503257,6512196,0,0,9999,0,2,0,0,0,0,1,0,1,711000024,0,000000,3902171,0
2327,6502834,6512181,0,0,9999,0,2,0,0,0,0,1,0,1,711000086,0,000000,3902168,0
2328,6502470,6512219,0,0,9999,0,2,0,0,0,0,1,0,1,711000024,0,000000,3902177,0
2329,6502833,6512229,0,0,9999,0,2,0,0,0,0,1,0,1,711000024,0,000000,3902181,0
2330,6503297,6512230,0,0,9999,0,2,0,0,0,0,1,0,1,711000024,0,000000,3902182,0
2331,6503298,6512231,0,0,9999,0,2,0,0,0,0,1,0,1,711000024,0,000000,3902183,0
2332,6503299,6512232,0,0,9999,0,2,0,0,0,0,1,0,1,711000024,0,000000,3902184,0
2333,6503315,6512251,0,0,9999,0,2,0,0,0,0,1,0,1,711000024,0,000000,3902187,0
2334,6503316,6512252,0,0,9999,0,2,0,0,0,0,1,0,1,711000024,0,000000,3902188,0
2335,6503317,6512253,0,0,9999,0,2,0,0,0,0,1,0,1,711000024,0,000000,3902189,0
2336,6503339,6512275,0,0,9999,0,2,0,0,0,0,1,0,1,711000024,0,000000,3902191,0
2337,6503340,6512276,0,0,9999,0,2,0,0,0,0,1,0,1,711000024,0,000000,3902192,0
2338,6503341,6512277,0,0,9999,0,2,0,0,0,0,1,0,1,711000024,0,000000,3902193,0
2339,6503354,6512287,0,0,9999,0,2,0,0,0,0,1,0,1,711000024,0,000000,3902194,0
2340,6503355,6512288,0,0,9999,0,2,0,0,0,0,1,0,1,711000024,0,000000,3902195,0
2341,6503356,6512289,0,0,9999,0,2,0,0,0,0,1,0,1,711000024,0,000000,3902196,0
2342,6503362,6512294,0,0,9999,0,2,0,0,0,0,1,0,1,711000157,0,000000,3902197,0
2343,6503363,6512295,0,0,9999,0,2,0,0,0,0,1,0,1,711000088,0,FFD700,3902198,0
2344,6503377,6512306,0,0,9999,0,2,0,0,0,0,1,0,1,711000024,0,000000,3902201,0
2345,6503378,6512307,0,0,9999,0,2,0,0,0,0,1,0,1,711000024,0,000000,3902202,0
2346,6503379,6512308,0,0,9999,0,2,0,0,0,0,1,0,1,711000024,0,000000,3902203,0
2347,6503450,6512324,0,0,9999,0,2,0,0,0,0,1,0,1,711000024,0,000000,3902205,0
2348,6503451,6512325,0,0,9999,0,2,0,0,0,0,1,0,1,711000024,0,000000,3902206,0
2349,6503452,6512326,0,0,9999,0,2,0,0,0,0,1,0,1,711000024,0,000000,3902207,0
2350,6503469,6512341,0,0,9999,0,2,0,0,0,0,1,0,1,711000024,0,000000,3902204,0
2351,6503473,6512345,0,0,9999,0,2,0,0,0,0,1,0,1,711000088,0,FFD700,3902208,0
2352,6503476,6512348,0,0,9999,0,2,0,0,0,0,1,0,1,711000024,0,000000,3902209,0
2353,6503477,6512349,0,0,9999,0,2,0,0,0,0,1,0,1,711000024,0,000000,3902210,0
2354,6503478,6512350,0,0,9999,0,2,0,0,0,0,1,0,1,711000024,0,000000,3902211,0
2355,6502833,6512380,0,0,9999,0,2,0,0,0,0,1,0,1,711000024,0,000000,3902215,0
2356,6503504,6512381,0,0,9999,0,2,0,0,0,0,1,0,1,711000024,0,000000,3902216,0
2357,6503505,6512382,0,0,9999,0,2,0,0,0,0,1,0,1,711000024,0,000000,3902217,0
2358,6503506,6512383,0,0,9999,0,2,0,0,0,0,1,0,1,711000024,0,000000,3902218,0
2359,6503530,6512401,0,0,9999,0,2,0,0,0,0,1,0,1,711000024,0,000000,3902219,0
2360,6503531,6512402,0,0,9999,0,2,0,0,0,0,1,0,1,711000024,0,000000,3902220,0
2361,6503532,6512403,0,0,9999,0,2,0,0,0,0,1,0,1,711000024,0,000000,3902221,0
2362,6503547,6512411,0,0,9999,0,2,0,0,0,0,1,0,1,711000024,0,000000,3902223,0
2363,6503548,6512412,0,0,9999,0,2,0,0,0,0,1,0,1,711000024,0,000000,3902224,0
2364,6503549,6512413,0,0,9999,0,2,0,0,0,0,1,0,1,711000024,0,000000,3902225,0
2365,6503578,6512436,0,0,9999,0,2,0,0,0,0,1,0,1,711000024,0,000000,3902226,0
2366,6503579,6512437,0,0,9999,0,2,0,0,0,0,1,0,1,711000024,0,000000,3902227,0
2367,6503580,6512438,0,0,9999,0,2,0,0,0,0,1,0,1,711000024,0,000000,3902228,0
2368,6503600,6512456,0,0,9999,0,2,0,0,0,0,1,0,1,711000024,0,000000,3902232,0
2369,6503601,6512457,0,0,9999,0,2,0,0,0,0,1,0,1,711000024,0,000000,3902233,0
2370,6503602,6512458,0,0,9999,0,2,0,0,0,0,1,0,1,711000024,0,000000,3902234,0
2371,6503680,6512486,0,0,9999,0,2,0,0,0,0,1,0,1,711000024,0,000000,3902235,0
2372,6503681,6512487,0,0,9999,0,2,0,0,0,0,1,0,1,711000024,0,000000,3902236,0
2373,6503682,6512488,0,0,9999,0,2,0,0,0,0,1,0,1,711000024,0,000000,3902237,0
2374,6503686,6512494,0,0,9999,0,2,0,0,0,0,1,0,1,711000024,0,000000,3902239,0
2375,6503701,6512507,0,0,9999,0,2,0,0,0,0,1,0,1,711000024,0,000000,3902240,0
2376,6503702,6512508,0,0,9999,0,2,0,0,0,0,1,0,1,711000024,0,000000,3902241,0
2377,6503703,6512509,0,0,9999,0,2,0,0,0,0,1,0,1,711000024,0,000000,3902242,0
2378,6503722,6512523,0,0,9999,0,2,0,0,0,0,1,0,1,711000024,0,000000,3902249,0
2379,6503723,6512524,0,0,9999,0,2,0,0,0,0,1,0,1,711000024,0,000000,3902250,0
2380,6503724,6512525,0,0,9999,0,2,0,0,0,0,1,0,1,711000024,0,000000,3902251,0
2381,6503725,6512527,0,0,9999,0,2,0,0,0,0,1,0,1,711000024,0,000000,3902253,0
2382,6503749,6512562,0,0,9999,0,2,0,0,0,0,1,0,1,711000024,0,000000,3902256,0
2383,6503750,6512563,0,0,9999,0,2,0,0,0,0,1,0,1,711000024,0,000000,3902257,0
2384,6503751,6512564,0,0,9999,0,2,0,0,0,0,1,0,1,711000024,0,000000,3902258,0
2385,6502833,6512565,0,0,9999,0,2,0,0,0,0,1,0,1,711000024,0,000000,3902259,0
2386,6503774,6512583,0,0,9999,0,2,0,0,0,0,1,0,1,711000024,0,000000,3902262,0
2387,6503775,6512584,0,0,9999,0,2,0,0,0,0,1,0,1,711000024,0,000000,3902263,0
2388,6503776,6512585,0,0,9999,0,2,0,0,0,0,1,0,1,711000024,0,000000,3902264,0
2389,6503805,6512613,0,0,9999,0,2,0,0,0,0,1,0,1,711000024,0,000000,3902266,0
2390,6503806,6512614,0,0,9999,0,2,0,0,0,0,1,0,1,711000024,0,000000,3902267,0
2391,6503807,6512615,0,0,9999,0,2,0,0,0,0,1,0,1,711000024,0,000000,3902268,0
2392,6503811,6512617,0,0,9999,0,2,0,0,0,0,1,0,1,711000024,0,000000,3902270,0
2393,6503813,6512620,0,0,9999,0,2,0,0,0,0,1,0,1,711000024,0,000000,3902271,0
2394,6503819,6512626,0,0,9999,0,2,0,0,0,0,1,0,1,711000024,0,000000,3902272,0
2395,6503820,6512627,0,0,9999,0,2,0,0,0,0,1,0,1,711000024,0,000000,3902273,0
2396,6503821,6512628,0,0,9999,0,2,0,0,0,0,1,0,1,711000024,0,000000,3902274,0
2397,6503848,6512653,0,0,9999,0,2,0,0,0,0,1,0,1,711000024,0,000000,3902275,0
2398,6503856,6512658,0,0,9999,0,2,0,0,0,0,1,0,1,711000024,0,000000,3902277,0
2399,6503857,6512659,0,0,9999,0,2,0,0,0,0,1,0,1,711000024,0,000000,3902278,0
2400,6503858,6512660,0,0,9999,0,2,0,0,0,0,1,0,1,711000024,0,000000,3902279,0
2401,6503937,6512685,0,0,9999,0,2,0,0,0,0,1,0,1,711000024,0,000000,3902280,0
2402,6503938,6512686,0,0,9999,0,2,0,0,0,0,1,0,1,711000024,0,000000,3902281,0
2403,6503939,6512687,0,0,9999,0,2,0,0,0,0,1,0,1,711000024,0,000000,3902282,0
2404,6503965,6512712,0,0,9999,0,2,0,0,0,0,1,0,1,711000024,0,000000,3902283,0
2405,6503966,6512713,0,0,9999,0,2,0,0,0,0,1,0,1,711000024,0,000000,3902284,0
2406,6503967,6512714,0,0,9999,0,2,0,0,0,0,1,0,1,711000024,0,000000,3902285,0
2407,6503975,6512719,0,0,9999,0,2,0,0,0,0,1,0,1,711000024,0,000000,3902286,0
2408,6503976,6512720,0,0,9999,0,2,0,0,0,0,1,0,1,711000024,0,000000,3902287,0
2409,6502470,6512727,0,0,9999,0,2,0,0,0,0,1,0,1,711000024,0,000000,3902288,0
2410,6503985,6512732,0,0,9999,0,2,0,0,0,0,1,0,1,711000024,0,000000,3902289,0
2411,6503986,6512733,0,0,9999,0,2,0,0,0,0,1,0,1,711000024,0,000000,3902290,0
2412,6503987,6512734,0,0,9999,0,2,0,0,0,0,1,0,1,711000024,0,000000,3902291,0
2413,6503988,6512735,0,0,9999,0,2,0,0,0,0,1,0,1,711000024,0,000000,3902292,0
2414,6503989,6512736,0,0,9999,0,2,0,0,0,0,1,0,1,711000024,0,000000,3902293,0
2415,6503990,6512737,0,0,9999,0,2,0,0,0,0,1,0,1,711000024,0,000000,3902294,0
2416,6502833,6512743,0,0,9999,0,2,0,0,0,0,1,0,1,711000024,0,000000,3902295,0
2417,6504024,6512782,0,0,9999,0,2,0,0,0,0,1,0,1,711000024,0,000000,3902296,0
2418,6504025,6512783,0,0,9999,0,2,0,0,0,0,1,0,1,711000024,0,000000,3902297,0
2419,6504026,6512784,0,0,9999,0,2,0,0,0,0,1,0,1,711000024,0,000000,3902298,0
2420,6504038,6512794,0,0,9999,0,2,0,0,0,0,1,0,1,711000024,0,000000,3902299,0
2421,6504051,6512805,0,0,9999,0,2,0,0,0,0,1,0,1,711000024,0,000000,3902300,0
2422,6504046,6512798,0,0,9999,0,2,0,0,0,0,1,0,1,711000024,0,000000,3902301,0
2423,6504047,6512799,0,0,9999,0,2,0,0,0,0,1,0,1,711000024,0,000000,3902302,0
2424,6504048,6512800,0,0,9999,0,2,0,0,0,0,1,0,1,711000024,0,000000,3902303,0
2425,6504061,6512813,0,0,9999,0,2,0,0,0,0,1,0,1,711000024,0,000000,3902304,0
2426,6504062,6512814,0,0,9999,0,2,0,0,0,0,1,0,1,711000024,0,000000,3902305,0
2427,6504063,6512815,0,0,9999,0,2,0,0,0,0,1,0,1,711000024,0,000000,3902306,0
2428,6504142,6512856,0,0,9999,0,2,0,0,0,0,1,0,1,711000024,0,000000,3902307,0
2429,6504143,6512857,0,0,9999,0,2,0,0,0,0,1,0,1,711000024,0,000000,3902308,0
2430,6504144,6512858,0,0,9999,0,2,0,0,0,0,1,0,1,711000024,0,000000,3902309,0
2431,6504172,6512885,0,0,9999,0,2,0,0,0,0,1,0,1,711000024,0,000000,3902310,0
2432,6504174,6512886,0,0,9999,0,2,0,0,0,0,1,0,1,711000024,0,000000,3902312,0
2433,6504181,6512898,0,0,9999,0,2,0,0,0,0,1,0,1,711000024,0,000000,3902315,0
2434,6504182,6512899,0,0,9999,0,2,0,0,0,0,1,0,1,711000024,0,000000,3902316,0
2435,6504183,6512900,0,0,9999,0,2,0,0,0,0,1,0,1,711000024,0,000000,3902317,0
2436,6504184,6512901,0,0,9999,0,2,0,0,0,0,1,0,1,711000024,0,000000,3902318,0
2437,6504185,6512902,0,0,9999,0,2,0,0,0,0,1,0,1,711000024,0,000000,3902319,0
2438,6504186,6512903,0,0,9999,0,2,0,0,0,0,1,0,1,711000024,0,000000,3902320,0
2439,6502833,6512904,0,0,9999,0,2,0,0,0,0,1,0,1,711000024,0,000000,3902321,0
2440,6504194,6512907,0,0,9999,0,2,0,0,0,0,1,0,1,711000024,0,000000,3902322,0
2441,6504195,6512908,0,0,9999,0,2,0,0,0,0,1,0,1,711000024,0,000000,3902323,0
2442,6504196,6512909,0,0,9999,0,2,0,0,0,0,1,0,1,711000024,0,000000,3902324,0
2443,6504234,6512944,0,0,9999,0,2,0,0,0,0,1,0,1,711000024,0,000000,3902325,0
2444,6504235,6512945,0,0,9999,0,2,0,0,0,0,1,0,1,711000024,0,000000,3902326,0
2445,6504236,6512946,0,0,9999,0,2,0,0,0,0,1,0,1,711000024,0,000000,3902327,0
2446,6504248,6512957,0,0,9999,0,2,0,0,0,0,1,0,1,711000024,0,000000,3902328,0
2447,6504249,6512958,0,0,9999,0,2,0,0,0,0,1,0,1,711000024,0,000000,3902329,0
2448,6504250,6512959,0,0,9999,0,2,0,0,0,0,1,0,1,711000024,0,000000,3902330,0
2449,6504268,6512972,0,0,9999,0,2,0,0,0,0,1,0,1,711000024,0,000000,3902331,0
2450,6504273,6512976,0,0,9999,0,2,0,0,0,0,1,0,1,711000024,0,000000,3902332,0
2451,6504274,6512977,0,0,9999,0,2,0,0,0,0,1,0,1,711000024,0,000000,3902333,0
2452,6504275,6512978,0,0,9999,0,2,0,0,0,0,1,0,1,711000024,0,000000,3902334,0
2453,6504328,6512979,0,0,9999,0,2,0,0,0,0,1,0,1,711000024,0,000000,3902335,0
2454,6504329,6512980,0,0,9999,0,2,0,0,0,0,1,0,1,711000024,0,000000,3902336,0
2455,6504330,6512981,0,0,9999,0,2,0,0,0,0,1,0,1,711000024,0,000000,3902337,0
2456,6504346,6512996,0,0,9999,0,2,0,0,0,0,1,0,1,711000024,0,000000,3902338,0
2457,6504347,6512997,0,0,9999,0,2,0,0,0,0,1,0,1,711000024,0,000000,3902339,0
2458,6504348,6512998,0,0,9999,0,2,0,0,0,0,1,0,1,711000024,0,000000,3902340,0
2459,6504375,6513025,0,0,9999,0,2,0,0,0,0,1,0,1,711000024,0,000000,3902342,0
2460,6504376,6513026,0,0,9999,0,2,0,0,0,0,1,0,1,711000024,0,000000,3902343,0
2461,6504377,6513027,0,0,9999,0,2,0,0,0,0,1,0,1,711000024,0,000000,3902344,0
2462,6504400,6513028,0,0,9999,0,2,0,0,0,0,1,0,1,711000024,0,000000,3902345,0
2463,6504401,6513029,0,0,9999,0,2,0,0,0,0,1,0,1,711000024,0,000000,3902346,0
2464,6504402,6513030,0,0,9999,0,2,0,0,0,0,1,0,1,711000024,0,000000,3902347,0
2465,6502833,6513031,0,0,9999,0,2,0,0,0,0,1,0,1,711000024,0,000000,3902348,0
2466,6504418,6513062,0,0,9999,0,2,0,0,0,0,1,0,1,711000024,0,000000,3902350,0
2467,6504419,6513063,0,0,9999,0,2,0,0,0,0,1,0,1,711000024,0,000000,3902351,0
2468,6504420,6513064,0,0,9999,0,2,0,0,0,0,1,0,1,711000024,0,000000,3902352,0
2469,6504428,6513071,0,0,9999,0,2,0,0,0,0,1,0,1,711000024,0,000000,3902353,0
2470,6504430,6513073,0,0,9999,0,2,0,0,0,0,1,0,1,711000024,0,000000,3902356,0
2471,6504431,6513074,0,0,9999,0,2,0,0,0,0,1,0,1,711000024,0,000000,3902357,0
2472,6504432,6513075,0,0,9999,0,2,0,0,0,0,1,0,1,711000024,0,000000,3902358,0
2473,6504451,6513092,0,0,9999,0,2,0,0,0,0,1,0,1,711000024,0,000000,3902359,0
2474,6504460,6513098,0,0,9999,0,2,0,0,0,0,1,0,1,711000024,0,000000,3902360,0
2475,6504461,6513099,0,0,9999,0,2,0,0,0,0,1,0,1,711000024,0,000000,3902361,0
2476,6504462,6513100,0,0,9999,0,2,0,0,0,0,1,0,1,711000024,0,000000,3902362,0
2477,6504469,6513105,0,0,9999,0,2,0,0,0,0,1,0,1,711000024,0,000000,3902363,0
2478,6504470,6513106,0,0,9999,0,2,0,0,0,0,1,0,1,711000024,0,000000,3902364,0
2479,6504471,6513107,0,0,9999,0,2,0,0,0,0,1,0,1,711000024,0,000000,3902365,0
2480,6503469,6512341,0,0,9999,0,2,0,0,0,0,1,0,1,711000024,0,000000,3902366,0
2481,6504552,6513135,0,0,9999,0,2,0,0,0,0,1,0,1,711000024,0,000000,3902367,0
2482,6504553,6513136,0,0,9999,0,2,0,0,0,0,1,0,1,711000024,0,000000,3902368,0
2483,6504554,6513137,0,0,9999,0,2,0,0,0,0,1,0,1,711000024,0,000000,3902369,0
2484,6504559,6513143,0,0,9999,0,2,0,0,0,0,1,0,1,711000024,0,000000,3902371,0
2485,6502833,6513156,0,0,9999,0,2,0,0,0,0,1,0,1,711000024,0,000000,3902372,0
2486,6504560,6513145,0,0,9999,0,2,0,0,0,0,1,0,1,711000024,0,000000,3902373,0
2487,6504561,6513146,0,0,9999,0,2,0,0,0,0,1,0,1,711000024,0,000000,3902374,0
2488,6504562,6513147,0,0,9999,0,2,0,0,0,0,1,0,1,711000024,0,000000,3902375,0
2489,6504660,6513187,0,0,9999,0,2,0,0,0,0,1,0,1,711000024,0,000000,3902376,0
2490,6504661,6513188,0,0,9999,0,2,0,0,0,0,1,0,1,711000024,0,000000,3902377,0
2491,6504662,6513189,0,0,9999,0,2,0,0,0,0,1,0,1,711000024,0,000000,3902378,0
2492,6504626,6513153,0,0,9999,0,2,0,0,0,0,1,0,1,711000024,0,000000,3902380,0
2493,6504627,6513154,0,0,9999,0,2,0,0,0,0,1,0,1,711000024,0,000000,3902381,0
2494,6504628,6513155,0,0,9999,0,2,0,0,0,0,1,0,1,711000024,0,000000,3902382,0
2495,6504658,6513185,0,0,9999,0,2,0,0,0,0,1,0,1,711000024,0,000000,3902383,0
2496,6504665,6513194,0,0,9999,0,2,0,0,0,0,1,0,1,711000024,0,000000,3902384,0
2497,6504666,6513195,0,0,9999,0,2,0,0,0,0,1,0,1,711000024,0,000000,3902385,0
2498,6504667,6513196,0,0,9999,0,2,0,0,0,0,1,0,1,711000024,0,000000,3902386,0
2499,6504707,6513231,0,0,9999,0,2,0,0,0,0,1,0,1,711000024,0,000000,3902387,0
2500,6504708,6513232,0,0,9999,0,2,0,0,0,0,1,0,1,711000024,0,000000,3902388,0
2501,6504709,6513233,0,0,9999,0,2,0,0,0,0,1,0,1,711000024,0,000000,3902389,0
2502,6503848,6513260,0,0,9999,0,2,0,0,0,0,1,0,1,711000024,0,000000,3902390,0
2503,6504747,6513266,0,0,9999,0,2,0,0,0,0,1,0,1,711000024,0,000000,3902391,0
2504,6504748,6513267,0,0,9999,0,2,0,0,0,0,1,0,1,711000024,0,000000,3902392,0
2505,6504749,6513268,0,0,9999,0,2,0,0,0,0,1,0,1,711000024,0,000000,3902393,0
2506,6504759,6513275,0,0,9999,0,2,0,0,0,0,1,0,1,711000024,0,000000,3902395,0
2507,6504760,6513276,0,0,9999,0,2,0,0,0,0,1,0,1,711000024,0,000000,3902396,0
2508,6504761,6513277,0,0,9999,0,2,0,0,0,0,1,0,1,711000024,0,000000,3902397,0
2509,6504771,6513287,0,0,9999,0,2,0,0,0,0,1,0,1,711000024,0,000000,3902398,0
2510,6504773,6513289,0,0,9999,0,2,0,0,0,0,1,0,1,711000024,0,000000,3902399,0
2511,6504774,6513290,0,0,9999,0,2,0,0,0,0,1,0,1,711000024,0,000000,3902400,0
2512,6504775,6513291,0,0,9999,0,2,0,0,0,0,1,0,1,711000024,0,000000,3902401,0
2513,6504628,6513314,0,0,9999,0,2,0,0,0,0,1,0,1,711000024,0,000000,3902403,0
2514,6504794,6513308,0,0,9999,0,2,0,0,0,0,1,0,1,711000024,0,000000,3902404,0
2515,6504795,6513309,0,0,9999,0,2,0,0,0,0,1,0,1,711000024,0,000000,3902405,0
2516,6504796,6513310,0,0,9999,0,2,0,0,0,0,1,0,1,711000024,0,000000,3902406,0
2517,6504797,6513311,0,0,9999,0,2,0,0,0,0,1,0,1,711000024,0,000000,3902407,0
2518,6504798,6513312,0,0,9999,0,2,0,0,0,0,1,0,1,711000024,0,000000,3902408,0
2519,6504799,6513313,0,0,9999,0,2,0,0,0,0,1,0,1,711000024,0,000000,3902409,0
2520,6504626,6513907,0,0,9999,0,2,0,0,0,0,1,0,1,711000024,0,000000,3902410,0
2521,6504627,6513908,0,0,9999,0,2,0,0,0,0,1,0,1,711000024,0,000000,3902411,0
2522,6504849,6513364,0,0,9999,0,2,0,0,0,0,1,0,1,711000024,0,000000,3902412,0
2523,6504850,6513365,0,0,9999,0,2,0,0,0,0,1,0,1,711000024,0,000000,3902413,0
2524,6504851,6513366,0,0,9999,0,2,0,0,0,0,1,0,1,711000024,0,000000,3902414,0
2525,6504925,6513387,0,0,9999,0,2,0,0,0,0,1,0,1,711000024,0,000000,3902415,0
2526,6504926,6513388,0,0,9999,0,2,0,0,0,0,1,0,1,711000024,0,000000,3902416,0
2527,6504927,6513389,0,0,9999,0,2,0,0,0,0,1,0,1,711000024,0,000000,3902417,0
2528,6504932,6513393,0,0,9999,0,2,0,0,0,0,1,0,1,711000024,0,000000,3902418,0
2529,6504933,6513394,0,0,9999,0,2,0,0,0,0,1,0,1,711000024,0,000000,3902419,0
2530,6504934,6513395,0,0,9999,0,2,0,0,0,0,1,0,1,711000024,0,000000,3902420,0
2531,6504953,6513410,0,0,9999,0,2,0,0,0,0,1,0,1,711000024,0,000000,3902421,0
2532,6504954,6513411,0,0,9999,0,2,0,0,0,0,1,0,1,711000024,0,000000,3902422,0
2533,6504955,6513412,0,0,9999,0,2,0,0,0,0,1,0,1,711000024,0,000000,3902423,0
2534,6504967,6513424,0,0,9999,0,2,0,0,0,0,1,0,1,711000024,0,000000,3902424,0
2535,6504968,6513425,0,0,9999,0,2,0,0,0,0,1,0,1,711000024,0,000000,3902425,0
2536,6504969,6513426,0,0,9999,0,2,0,0,0,0,1,0,1,711000024,0,000000,3902426,0
2537,6504970,6513427,0,0,9999,0,2,0,0,0,0,1,0,1,711000024,0,000000,3902427,0
2538,6504971,6513428,0,0,9999,0,2,0,0,0,0,1,0,1,711000024,0,000000,3902428,0
2539,6504972,6513429,0,0,9999,0,2,0,0,0,0,1,0,1,711000024,0,000000,3902429,0
2540,6504973,6513433,0,0,9999,0,2,0,0,0,0,1,0,1,711000024,0,000000,3902430,0
2541,6505041,6513499,0,0,9999,0,2,0,0,0,0,1,0,1,711000024,0,000000,3902432,0
2542,6505042,6513500,0,0,9999,0,2,0,0,0,0,1,0,1,711000024,0,000000,3902433,0
2543,6505043,6513501,0,0,9999,0,2,0,0,0,0,1,0,1,711000024,0,000000,3902434,0
2544,6505062,6513514,0,0,9999,0,2,0,0,0,0,1,0,1,711000024,0,000000,3902435,0
2545,6505063,6513515,0,0,9999,0,2,0,0,0,0,1,0,1,711000024,0,000000,3902436,0
2546,6505064,6513516,0,0,9999,0,2,0,0,0,0,1,0,1,711000024,0,000000,3902437,0
2547,6505082,6513529,0,0,9999,0,2,0,0,0,0,1,0,1,711000024,0,000000,3902438,0
2548,6505083,6513530,0,0,9999,0,2,0,0,0,0,1,0,1,711000024,0,000000,3902439,0
2549,6505084,6513531,0,0,9999,0,2,0,0,0,0,1,0,1,711000024,0,000000,3902440,0
2550,6505109,6513552,0,0,9999,0,2,0,0,0,0,1,0,1,711000024,0,000000,3902441,0
2551,6505110,6513553,0,0,9999,0,2,0,0,0,0,1,0,1,711000024,0,000000,3902442,0
2552,6505111,6513554,0,0,9999,0,2,0,0,0,0,1,0,1,711000024,0,000000,3902443,0
2553,6505130,6513569,0,0,9999,0,2,0,0,0,0,1,0,1,711000024,0,000000,3902444,0
2554,6505131,6513570,0,0,9999,0,2,0,0,0,0,1,0,1,711000024,0,000000,3902445,0
2555,6505132,6513571,0,0,9999,0,2,0,0,0,0,1,0,1,711000024,0,000000,3902446,0
2556,6505148,6513577,0,0,9999,0,2,0,0,0,0,1,0,1,711000024,0,000000,3902447,0
2557,6505149,6513578,0,0,9999,0,2,0,0,0,0,1,0,1,711000024,0,000000,3902448,0
2558,6505150,6513579,0,0,9999,0,2,0,0,0,0,1,0,1,711000024,0,000000,3902449,0
2559,6505216,6513603,0,0,9999,0,2,0,0,0,0,1,0,1,711000024,0,000000,3902450,0
2560,6505219,6513606,0,0,9999,0,2,0,0,0,0,1,0,1,711000024,0,000000,3902451,0
2561,6505220,6513607,0,0,9999,0,2,0,0,0,0,1,0,1,711000024,0,000000,3902452,0
2562,6505221,6513608,0,0,9999,0,2,0,0,0,0,1,0,1,711000024,0,000000,3902453,0
2563,6505222,6513609,0,0,9999,0,2,0,0,0,0,1,0,1,711000024,0,000000,3902454,0
2564,6505223,6513610,0,0,9999,0,2,0,0,0,0,1,0,1,711000024,0,000000,3902455,0
2565,6505224,6513611,0,0,9999,0,2,0,0,0,0,1,0,1,711000024,0,000000,3902456,0
2566,6504973,6513614,0,0,9999,0,2,0,0,0,0,1,0,1,711000024,0,000000,3902457,0
2567,6505292,6513668,0,0,9999,0,2,0,0,0,0,1,0,1,711000024,0,000000,3902458,0
2568,6505293,6513669,0,0,9999,0,2,0,0,0,0,1,0,1,711000024,0,000000,3902459,0
2569,6505294,6513670,0,0,9999,0,2,0,0,0,0,1,0,1,711000024,0,000000,3902460,0
2570,6505316,6513685,0,0,9999,0,2,0,0,0,0,1,0,1,711000024,0,000000,3902463,0
2571,6505317,6513686,0,0,9999,0,2,0,0,0,0,1,0,1,711000024,0,000000,3902464,0
2572,6505318,6513687,0,0,9999,0,2,0,0,0,0,1,0,1,711000024,0,000000,3902465,0
2573,6505320,6513689,0,0,9999,0,2,0,0,0,0,1,0,1,711000024,0,000000,3902466,0
2574,6505321,6513690,0,0,9999,0,2,0,0,0,0,1,0,1,711000024,0,000000,3902467,0
2575,6505322,6513691,0,0,9999,0,2,0,0,0,0,1,0,1,711000024,0,000000,3902468,0
2576,6505397,6513711,0,0,9999,0,2,0,0,0,0,1,0,1,711000024,0,000000,3902469,0
2577,6505398,6513712,0,0,9999,0,2,0,0,0,0,1,0,1,711000024,0,000000,3902470,0
2578,6505399,6513713,0,0,9999,0,2,0,0,0,0,1,0,1,711000024,0,000000,3902471,0
2579,6505419,6513722,0,0,9999,0,2,0,0,0,0,1,0,1,711000024,0,000000,3902472,0
2580,6505420,6513723,0,0,9999,0,2,0,0,0,0,1,0,1,711000024,0,000000,3902473,0
2581,6505421,6513724,0,0,9999,0,2,0,0,0,0,1,0,1,711000024,0,000000,3902474,0
2582,6505422,6513725,0,0,9999,0,2,0,0,0,0,1,0,1,711000024,0,000000,3902475,0
2583,6505423,6513726,0,0,9999,0,2,0,0,0,0,1,0,1,711000024,0,000000,3902476,0
2584,6505424,6513727,0,0,9999,0,2,0,0,0,0,1,0,1,711000024,0,000000,3902477,0
2585,6503731,6513747,0,6,9999,0,2,0,0,0,0,1,0,1,711000088,0,FFD700,3901114,0
2586,6503732,6513748,0,6,9999,0,2,0,0,0,0,1,0,1,711000088,0,FFD700,3901115,0
2587,6505442,6513749,0,6,9999,0,2,0,0,0,0,1,0,1,711000088,0,FFD700,3901116,0
2588,6505456,6513603,0,0,9999,0,2,0,0,0,0,1,0,1,711000024,0,000000,3902478,0
2589,6505461,6513769,0,0,9999,0,2,0,0,0,0,1,0,1,711000024,0,000000,3902480,0
2590,6505462,6513770,0,0,9999,0,2,0,0,0,0,1,0,1,711000024,0,000000,3902481,0
2591,6505463,6513771,0,0,9999,0,2,0,0,0,0,1,0,1,711000024,0,000000,3902482,0
2592,6505464,6513772,0,0,9999,0,2,0,0,0,0,1,0,1,711000024,0,000000,3902483,0
2593,6505465,6513773,0,0,9999,0,2,0,0,0,0,1,0,1,711000024,0,000000,3902484,0
2594,6505466,6513774,0,0,9999,0,2,0,0,0,0,1,0,1,711000024,0,000000,3902485,0
2595,6504628,6513909,0,0,9999,0,2,0,0,0,0,1,0,1,711000024,0,000000,3902486,0
2596,6505467,6513776,0,0,9999,0,2,0,0,0,0,1,0,1,711000024,0,000000,3902487,0
2597,6503684,6513781,0,6,9999,0,2,0,0,0,6,1,0,1,711000088,0,000000,3901121,0
2598,6503752,6513782,0,6,9999,0,2,0,0,0,6,1,0,1,711000088,0,000000,3901122,0
2599,6505498,6513796,0,0,9999,0,2,0,0,0,0,1,0,1,711000172,0,000000,3901123,0
2600,6505499,6513797,0,0,9999,0,2,0,0,0,0,1,0,1,711000024,0,000000,3902488,0
2601,6505500,6513798,0,0,9999,0,2,0,0,0,0,1,0,1,711000024,0,000000,3902489,0
2602,6505501,6513799,0,0,9999,0,2,0,0,0,0,1,0,1,711000024,0,000000,3902490,0
2603,6505512,6513809,0,0,9999,0,2,0,0,0,0,1,0,1,711000024,0,000000,3902492,0
2604,6505513,6513810,0,0,9999,0,2,0,0,0,0,1,0,1,711000024,0,000000,3902493,0
2605,6505514,6513811,0,0,9999,0,2,0,0,0,0,1,0,1,711000024,0,000000,3902494,0
2606,6503848,6505588,0,0,9999,0,2,0,0,0,0,1,0,1,711000024,0,000000,3902495,0
2607,6505591,6513830,0,0,9999,0,2,0,0,0,0,1,0,1,711000024,0,000000,3902496,0
2608,6505592,6513831,0,0,9999,0,2,0,0,0,0,1,0,1,711000024,0,000000,3902497,0
2609,6505593,6513832,0,0,9999,0,2,0,0,0,0,1,0,1,711000024,0,000000,3902498,0
2610,6505612,6513848,0,6,9999,0,2,0,0,0,6,1,0,1,711000088,0,000000,3901124,0
2611,6505621,6513855,0,0,9999,0,2,0,0,0,0,1,0,1,711000024,0,000000,3902499,0
2612,6505622,6513856,0,0,9999,0,2,0,0,0,0,1,0,1,711000024,0,000000,3902500,0
2613,6505623,6513857,0,0,9999,0,2,0,0,0,0,1,0,1,711000024,0,000000,3902501,0
2614,6505642,6513863,0,0,9999,0,2,0,0,0,0,1,0,1,711000024,0,000000,3902502,0
2615,6505643,6513864,0,0,9999,0,2,0,0,0,0,1,0,1,711000024,0,000000,3902503,0
2616,6505644,6513865,0,0,9999,0,2,0,0,0,0,1,0,1,711000024,0,000000,3902504,0
2617,6504150,6513888,0,6,9999,0,2,0,0,0,6,1,0,1,711000088,0,000000,3901125,0
2618,6503731,6513889,0,6,9999,0,2,0,0,0,0,1,0,1,711000088,0,FFD700,3901126,0
2619,6503732,6513890,0,6,9999,0,2,0,0,0,0,1,0,1,711000088,0,FFD700,3901127,0
2620,6505442,6513891,0,6,9999,0,2,0,0,0,0,1,0,1,711000088,0,FFD700,3901128,0
2621,6504734,6513892,0,6,9999,0,2,0,0,0,6,1,0,1,711000088,0,000000,3901129,0
2622,6504735,6513893,0,6,9999,0,2,0,0,0,6,1,0,1,711000088,0,000000,3901130,0
2623,6505669,6513901,0,0,9999,0,2,0,0,0,0,1,0,1,711000024,0,000000,3902506,0
2624,6505670,6513902,0,0,9999,0,2,0,0,0,0,1,0,1,711000024,0,000000,3902507,0
2625,6505671,6513903,0,0,9999,0,2,0,0,0,0,1,0,1,711000024,0,000000,3902508,0
2626,6505672,6513904,0,0,9999,0,2,0,0,0,0,1,0,1,711000024,0,000000,3902509,0
2627,6505673,6513905,0,0,9999,0,2,0,0,0,0,1,0,1,711000024,0,000000,3902510,0
2628,6505674,6513906,0,0,9999,0,2,0,0,0,0,1,0,1,711000024,0,000000,3902511,0
2629,6505467,6513910,0,0,9999,0,2,0,0,0,0,1,0,1,711000024,0,000000,3902512,0
2630,6505676,6513911,0,6,9999,0,2,0,0,0,6,1,0,1,710001124,0,000000,3901131,0
2631,6505677,6513603,0,0,9999,0,2,0,0,0,0,1,0,1,711000024,0,000000,3902478,0
2632,6503684,6513913,0,6,9999,0,2,0,0,0,6,1,0,1,711000088,0,000000,3901132,0
2633,6503752,6513914,0,6,9999,0,2,0,0,0,6,1,0,1,711000088,0,000000,3901133,0
2634,6505681,6513917,0,0,9999,0,2,0,0,0,0,1,0,1,711000108,0,000000,3902513,0
2635,6505682,6513918,0,0,9999,0,2,0,0,0,0,1,0,1,711000108,0,000000,3902514,0
2636,6505692,6513928,0,0,9999,0,2,0,0,0,0,1,0,1,711000024,0,000000,3902515,0
2637,6505693,6513929,0,0,9999,0,2,0,0,0,0,1,0,1,711000024,0,000000,3902516,0
2638,6505694,6513930,0,0,9999,0,2,0,0,0,0,1,0,1,711000024,0,000000,3902517,0
2639,6505771,6513952,0,0,9999,0,2,0,0,0,0,1,0,1,711000024,0,000000,3902518,0
2640,6505772,6513953,0,0,9999,0,2,0,0,0,0,1,0,1,711000024,0,000000,3902519,0
2641,6505773,6513954,0,0,9999,0,2,0,0,0,0,1,0,1,711000024,0,000000,3902520,0
2642,6505787,6513967,0,0,9999,0,2,0,0,0,0,1,0,1,711000024,0,000000,3902521,0
2643,6505788,6513968,0,0,9999,0,2,0,0,0,0,1,0,1,711000024,0,000000,3902522,0
2644,6505789,6513969,0,0,9999,0,2,0,0,0,0,1,0,1,711000024,0,000000,3902523,0
2645,6505805,6513983,0,0,9999,0,2,0,0,0,0,1,0,1,711000024,0,000000,3902524,0
2646,6505806,6513984,0,0,9999,0,2,0,0,0,0,1,0,1,711000024,0,000000,3902525,0
2647,6505807,6513985,0,0,9999,0,2,0,0,0,0,1,0,1,711000024,0,000000,3902526,0
2648,6505822,6513999,0,0,9999,0,2,0,0,0,0,1,0,1,711000173,0,000000,3901134,0
2649,6504734,6514006,0,6,9999,0,2,0,0,0,6,1,0,1,711000088,0,000000,3901135,0
2650,6504735,6514007,0,6,9999,0,2,0,0,0,6,1,0,1,711000088,0,000000,3901136,0
2651,6505827,6513269,0,0,9999,0,2,0,0,0,6,1,0,1,710001173,0,000000,3902527,0
2652,6503731,6514016,0,6,9999,0,2,0,0,0,0,1,0,1,711000088,0,FFD700,3901140,0
2653,6503732,6514017,0,6,9999,0,2,0,0,0,0,1,0,1,711000088,0,FFD700,3901141,0
2654,6505442,6514018,0,6,9999,0,2,0,0,0,0,1,0,1,711000088,0,FFD700,3901142,0
2655,6505839,6514023,0,0,9999,0,2,0,0,0,0,1,0,1,711000024,0,000000,3902528,0
2656,6505840,6514024,0,0,9999,0,2,0,0,0,0,1,0,1,711000024,0,000000,3902529,0
2657,6505841,6514025,0,0,9999,0,2,0,0,0,0,1,0,1,711000024,0,000000,3902530,0
2658,6505842,6514026,0,0,9999,0,2,0,0,0,0,1,0,1,711000024,0,000000,3902531,0
2659,6505843,6514027,0,0,9999,0,2,0,0,0,0,1,0,1,711000024,0,000000,3902532,0
2660,6505844,6514028,0,0,9999,0,2,0,0,0,0,1,0,1,711000024,0,000000,3902533,0
2661,6505845,6514029,0,0,9999,0,2,0,0,0,0,1,0,1,711000024,0,000000,3902534,0
2662,6503684,6514038,0,6,9999,0,2,0,0,0,6,1,0,1,711000088,0,000000,3901143,0
2663,6503752,6514039,0,6,9999,0,2,0,0,0,6,1,0,1,711000088,0,000000,3901144,0
2664,6505852,6514035,0,6,9999,0,2,0,0,0,6,1,0,1,710001176,0,000000,3901139,0
2665,6503303,6514030,0,0,9999,0,2,0,0,0,0,1,0,1,711000147,0,000000,3901137,0
2666,6503759,6514031,0,0,9999,0,2,0,0,0,0,1,0,1,711000150,0,000000,3901138,0
2667,6505856,6511844,0,0,9999,0,2,0,0,0,0,1,0,1,711000138,0,000000,3902535,0
2668,6505861,6514041,0,0,9999,0,2,0,0,0,0,1,0,1,711000024,0,000000,3902536,0
2669,6505862,6514042,0,0,9999,0,2,0,0,0,0,1,0,1,711000024,0,000000,3902537,0
2670,6505863,6514043,0,0,9999,0,2,0,0,0,0,1,0,1,711000024,0,000000,3902538,0
2671,6505889,6514064,0,0,9999,0,2,0,0,0,0,1,0,1,711000024,0,000000,3902539,0
2672,6505890,6514065,0,0,9999,0,2,0,0,0,0,1,0,1,711000024,0,000000,3902540,0
2673,6505891,6514066,0,0,9999,0,2,0,0,0,0,1,0,1,711000024,0,000000,3902541,0
2674,6505909,6514081,0,0,9999,0,2,0,0,0,0,1,0,1,711000024,0,000000,3902542,0
2675,6505910,6514082,0,0,9999,0,2,0,0,0,0,1,0,1,711000024,0,000000,3902543,0
2676,6505911,6514083,0,0,9999,0,2,0,0,0,0,1,0,1,711000024,0,000000,3902544,0
2677,6505912,6514084,0,0,9999,0,2,0,0,0,0,1,0,1,711000024,0,000000,3902545,0
2678,6505913,6514085,0,0,9999,0,2,0,0,0,0,1,0,1,711000024,0,000000,3902546,0
2679,6505914,6514086,0,0,9999,0,2,0,0,0,0,1,0,1,711000024,0,000000,3902547,0
2680,6503731,6514109,0,6,9999,0,2,0,0,0,0,1,0,1,711000088,0,FFD700,3901145,0
2681,6503732,6514110,0,6,9999,0,2,0,0,0,0,1,0,1,711000088,0,FFD700,3901146,0
2682,6505442,6514111,0,6,9999,0,2,0,0,0,0,1,0,1,711000088,0,FFD700,3901147,0
2683,6505993,6513269,0,0,9999,0,2,0,0,0,6,1,0,1,710001205,0,000000,3902548,0
2684,6504734,6514112,0,6,9999,0,2,0,0,0,6,1,0,1,711000088,0,000000,3901148,0
2685,6504735,6514113,0,6,9999,0,2,0,0,0,6,1,0,1,711000088,0,000000,3901149,0
2686,6503717,6514114,0,6,9999,0,2,0,0,0,6,1,0,1,711000088,0,000000,3902549,0
2687,6503754,6514115,0,4,9999,0,2,0,0,0,4,1,0,1,711000086,0,000000,3902550,0
2688,6506007,6514124,0,0,9999,0,2,0,0,0,0,1,0,1,711000024,0,000000,3902551,0
2689,6506008,6514125,0,0,9999,0,2,0,0,0,0,1,0,1,711000024,0,000000,3902552,0
2690,6506009,6514126,0,0,9999,0,2,0,0,0,0,1,0,1,711000024,0,000000,3902553,0
2691,6506010,6514128,0,0,9999,0,2,0,0,0,0,1,0,1,711000024,0,000000,3902554,0
2692,6506011,6514129,0,0,9999,0,2,0,0,0,0,1,0,1,711000024,0,000000,3902555,0
2693,6506012,6514130,0,0,9999,0,2,0,0,0,0,1,0,1,711000024,0,000000,3902556,0
2694,6505845,6514127,0,0,9999,0,2,0,0,0,0,1,0,1,711000024,0,000000,3902557,0
2695,6503684,6514138,0,6,9999,0,2,0,0,0,6,1,0,1,711000088,0,000000,3901151,0
2696,6503752,6514139,0,6,9999,0,2,0,0,0,6,1,0,1,711000088,0,000000,3901152,0
2697,6506005,6514123,0,6,9999,0,2,0,0,0,6,1,0,1,710001209,0,000000,3901150,0
2698,6506006,6511844,0,0,9999,0,2,0,0,0,0,1,0,1,711000138,0,000000,3902558,0
2699,6506023,6511384,0,0,9999,0,1,1,0,0,1,1,0,1,710000074,0,000000,3802394,0
2700,6506024,6511383,0,0,9999,0,1,1,0,0,1,1,0,1,711000013,0,000000,3802395,0
2701,6506025,6511385,0,0,9999,0,1,2,0,0,1,1,0,1,711000024,0,000000,3802396,0
2702,6506093,6514157,0,0,9999,0,2,0,0,0,0,1,0,1,711000024,0,000000,3902559,0
2703,6506094,6514158,0,0,9999,0,2,0,0,0,0,1,0,1,711000024,0,000000,3902560,0
2704,6506095,6514159,0,0,9999,0,2,0,0,0,0,1,0,1,711000024,0,000000,3902561,0
2705,6506101,6514164,0,6,9999,0,2,0,0,0,6,1,0,1,711000088,0,000000,3901153,0
2706,6506102,6514165,0,6,9999,0,2,0,0,0,6,1,0,1,711000088,0,000000,3901154,0
3101,6500611,6510611,0,0,9999,0,3,1,0,0,1,1,0,1,711000055,0,000000,4201001,0
3102,6500612,6510612,0,0,9999,0,3,1,0,0,1,1,0,1,711000056,0,000000,4201002,0
3103,6501939,6511167,0,0,9999,0,3,1,0,0,1,1,0,1,711000056,0,000000,4201003,0
3104,6502062,6511260,0,0,9999,0,3,1,0,0,1,1,0,1,711000056,0,000000,4201004,0
3105,6502082,6511279,0,0,9999,0,3,1,0,0,1,1,0,1,711000055,0,000000,4201005,0
3106,6502345,6511444,0,0,9999,0,3,1,0,0,1,1,0,1,711000055,0,000000,4201006,0
3107,6502434,6511536,0,0,9999,0,3,1,0,0,1,1,0,1,711000055,0,000000,4201007,0
3108,6502540,6511635,0,0,9999,0,3,1,0,0,1,1,0,1,711000055,0,000000,4201008,0
3109,6502541,6511636,0,0,9999,0,3,1,0,0,1,1,0,1,711000055,0,000000,4201009,0
3110,6502542,6511637,0,0,9999,0,3,1,0,0,1,1,0,1,711000055,0,000000,4201010,0
3111,6502580,6511658,0,0,9999,0,3,1,0,0,1,1,0,1,711000056,0,000000,4201011,0
3112,6503122,6512116,0,0,9999,0,3,1,0,0,1,1,0,1,711000055,0,000000,4201012,0
3113,6503305,6512242,0,0,9999,0,3,1,0,0,1,1,0,1,711000055,0,000000,4201013,0
3201,6501920,6511092,0,0,9999,0,3,3,0,0,1,1,0,1,711000057,0,000000,4202001,0
3301,6501921,6511093,0,0,9999,0,3,4,0,0,1,1,0,1,711000058,0,000000,4203001,0
3302,6501998,6511226,0,0,9999,0,3,4,0,0,1,1,0,1,711000058,0,000000,4203002,0
3303,6501999,6511227,0,0,9999,0,3,4,0,0,1,1,0,1,711000058,0,000000,4203003,0
3304,6502000,6511228,0,0,9999,0,3,4,0,0,1,1,0,1,711000058,0,000000,4203004,0
3305,6502001,6511229,0,0,9999,0,3,4,0,0,1,1,0,1,711000058,0,000000,4203005,0
3306,6502002,6511230,0,0,9999,0,3,4,0,0,1,1,0,1,711000058,0,000000,4203006,0
3307,6502003,6511231,0,0,9999,0,3,4,0,0,1,1,0,1,711000058,0,000000,4203007,0
3308,6502004,6511232,0,0,9999,0,3,4,0,0,1,1,0,1,711000058,0,000000,4203008,0
3309,6502005,6511233,0,0,9999,0,3,4,0,0,1,1,0,1,711000058,0,000000,4203009,0
3310,6502006,6511234,0,0,9999,0,3,4,0,0,1,1,0,1,711000058,0,000000,4203010,0
3312,6504021,6512779,0,0,9999,0,3,4,0,0,1,1,0,1,711000058,0,000000,4203012,0
3313,6504022,6512780,0,0,9999,0,3,4,0,0,1,1,0,1,711000058,0,000000,4203013,0
3314,6504023,6512781,0,0,9999,0,3,4,0,0,1,1,0,1,711000058,0,000000,4203014,0
3315,6504069,6512820,0,0,9999,0,3,4,0,0,1,1,0,1,711000058,0,000000,4203015,0
3316,6504455,6513094,0,0,9999,0,3,4,0,0,1,1,0,1,711000058,0,000000,4203016,0
3501,6501940,6511168,0,0,9999,0,3,1,0,0,1,1,0,1,711000071,0,000000,4205001,0
3502,6502026,6511253,0,0,9999,0,3,6,0,0,1,1,0,1,711000071,0,000000,4205002,0
3503,6502174,6511253,0,0,9999,0,3,6,0,0,1,1,0,1,711000071,0,000000,4205003,0
3504,6502244,6511253,0,0,9999,0,3,6,0,0,1,1,0,1,711000071,0,000000,4205004,0
3505,6502381,6511253,0,0,9999,0,3,6,0,0,1,1,0,1,711000071,0,000000,4205005,0
3601,6502157,6511328,0,0,9999,0,3,6,0,0,1,1,0,1,711000024,0,000000,4206001,0
3602,6502158,6511329,0,0,9999,0,3,6,0,0,1,1,0,1,711000024,0,000000,4206002,0
3603,6502159,6511330,0,0,9999,0,3,6,0,0,1,1,0,1,711000024,0,000000,4206003,0
4001,6500220,6510220,6511141,0,9999,0,4,0,0,0,0,0,50,0,710000055,0,000000,0,0
4002,6500221,6510221,6511142,0,9999,0,4,0,0,0,0,0,50,0,710000055,0,000000,0,0
4003,6500222,6510222,6511143,0,9999,0,4,0,0,0,0,0,50,0,710000055,0,000000,0,0
4004,6500224,6510224,0,0,9999,0,4,0,0,0,0,0,20,0,710000022,0,000000,0,0
4005,6500578,6510578,0,0,9999,0,4,0,0,0,0,0,50,0,710000055,0,000000,0,0
4006,6500579,6510579,6511141,0,9999,0,4,0,0,0,0,0,20,0,710000022,0,000000,0,0
4007,6500580,6510580,6511142,0,9999,0,4,0,0,0,0,0,20,0,710000022,0,000000,0,0
4008,6500581,6510581,6511143,0,9999,0,4,0,0,0,0,0,20,0,710000022,0,000000,0,0
4009,6500582,6510582,6511144,0,9999,0,4,0,0,0,0,0,20,0,710000022,0,000000,0,0
4010,6500583,6510583,6511145,0,9999,0,4,0,0,0,0,0,20,0,710000022,0,000000,0,0
4011,6500584,6510584,6511146,0,9999,0,4,0,0,0,0,0,20,0,710000022,0,000000,0,0
4012,6500750,6510590,6511147,0,9999,0,4,0,0,0,0,0,20,0,710000022,0,000000,0,0
4013,6500591,6510591,6511148,0,9999,0,4,0,0,0,0,0,20,0,710000022,0,000000,0,0
4014,6500592,6510592,6511149,0,9999,0,4,0,0,0,0,0,20,0,710000022,0,000000,0,0
4015,6500593,6510593,6511150,0,9999,0,4,0,0,0,0,0,20,0,710000022,0,000000,0,0
4018,6501953,6511181,0,0,9999,0,4,0,0,0,0,0,20,0,710000059,0,000000,0,0
4019,6501954,6511182,0,0,9999,0,4,0,0,0,0,0,20,0,710000060,0,000000,0,0
4021,6502059,6511256,6511151,0,9999,0,4,0,0,0,0,0,20,0,710000022,0,000000,0,0
4022,6502376,6511486,0,6,9999,0,0,0,0,0,0,0,20,0,710000111,0,000000,0,0
4023,6502425,6511532,0,0,9999,0,4,0,0,0,0,0,50,0,710000113,0,000000,0,0
4024,6502426,6511533,6511141,0,9999,0,4,0,0,0,0,0,50,0,710000113,0,000000,0,0
4025,6502427,6511534,6511142,0,9999,0,4,0,0,0,0,0,50,0,710000113,0,000000,0,0
4026,6502480,6511583,0,6,9999,0,0,0,0,0,0,0,20,0,710000132,0,000000,0,0
4027,6502838,6511897,0,6,9999,0,0,0,0,0,0,0,20,0,710000191,0,000000,0,0
4028,6502997,6511997,0,0,9999,0,4,0,0,0,0,0,20,0,710000203,0,000000,0,0
4029,6502998,6511998,0,0,9999,0,4,0,0,0,0,0,20,0,710000204,0,000000,0,0
4030,6502999,6511999,0,0,9999,0,4,0,0,0,0,0,20,0,710000205,0,000000,0,0
4031,6503000,6512000,0,0,9999,0,4,0,0,0,0,0,20,0,710000206,0,000000,0,0
4032,6503001,6512001,0,6,9999,0,0,0,0,0,0,0,20,0,710000202,0,000000,0,0
4033,6503125,6512119,0,0,9999,0,4,0,0,0,0,0,20,0,710000256,0,000000,0,0
4034,6503126,6512120,0,6,9999,0,0,0,0,0,0,0,20,0,710000255,0,000000,0,0
4035,6503127,6512121,0,0,9999,0,4,0,0,0,0,0,20,0,710000258,0,000000,0,0
4036,6503128,6512122,0,6,9999,0,0,0,0,0,0,0,20,0,710000257,0,000000,0,0
4037,6503262,6512199,0,3,9999,0,4,0,0,0,0,0,10,0,710000297,0,ffc59e,0,0
4038,6503269,6512205,6511141,0,9999,0,4,0,0,0,0,0,10,0,710000298,0,ffc59e,0,0
4039,6503270,6512205,6511142,0,9999,0,4,0,0,0,0,0,10,0,710000299,0,ffc59e,0,0
4040,6503491,6512360,0,6,9999,0,0,0,0,0,0,0,20,0,710000363,0,000000,0,0
4041,6503492,6512361,0,0,9999,0,4,0,0,0,0,0,20,0,710000364,0,000000,0,0
4042,6503581,6512439,0,6,9999,0,0,0,0,0,0,0,20,0,710000380,0,000000,0,0
4043,6503582,6512440,0,0,9999,0,4,0,0,0,0,0,20,0,710000381,0,000000,0,0
4044,6503567,6512428,0,6,9999,0,0,0,0,0,0,0,20,0,710000383,0,000000,0,0
4045,6503568,6512429,0,6,9999,0,0,0,0,0,0,0,20,0,710000382,0,000000,0,0
4046,6503764,6512575,0,6,9999,0,0,0,0,0,0,0,20,0,710000431,0,000000,0,0
4047,6503765,6512576,0,0,9999,0,4,0,0,0,0,0,20,0,710000432,0,000000,0,0
4048,6503825,6512629,0,0,9999,0,4,0,0,0,0,0,20,0,710000463,0,000000,0,0
4049,6503826,6512630,0,6,9999,0,0,0,0,0,0,0,20,0,710000462,0,000000,0,0
4050,6504004,6512761,0,6,9999,0,0,0,0,0,0,0,20,0,710000526,0,000000,0,0
4051,6504005,6512762,0,6,9999,0,0,0,0,0,0,0,20,0,710000527,0,000000,0,0
4052,6504049,6512801,0,0,9999,0,4,0,0,0,0,0,20,0,710000539,0,000000,0,0
4053,6504050,6512802,0,6,9999,0,0,0,0,0,0,0,20,0,710000538,0,000000,0,0
4054,6504201,6512915,0,0,9999,0,4,0,0,0,0,0,20,0,710000604,0,000000,0,0
4055,6504202,6512916,0,6,9999,0,0,0,0,0,0,0,20,0,710000603,0,000000,0,0
4056,6504246,6512954,0,0,9999,0,4,0,0,0,0,0,20,0,710000613,0,000000,0,0
4057,6504245,6512955,0,6,9999,0,0,0,0,0,0,0,20,0,710000612,0,000000,0,0
4058,6504265,6512970,0,6,9999,0,0,0,0,0,0,0,20,0,710000610,0,000000,0,0
4059,6504266,6512971,0,6,9999,0,0,0,0,0,0,0,20,0,710000611,0,000000,0,0
4060,6504406,6513053,0,0,9999,0,4,0,0,0,0,0,20,0,710000670,0,000000,0,0
4061,6504407,6513054,0,6,9999,0,0,0,0,0,0,0,20,0,710000669,0,000000,0,0
4062,6504422,6513067,0,0,9999,0,4,0,0,0,0,0,20,0,710000685,0,000000,0,0
4063,6504423,6513068,0,6,9999,0,0,0,0,0,0,0,20,0,710000684,0,000000,0,0
4064,6504636,6513161,0,0,9999,0,4,0,0,0,0,0,20,0,710000742,0,000000,0,0
4065,6504637,6513162,0,6,9999,0,0,0,0,0,0,0,20,0,710000741,0,000000,0,0
4066,6504684,6513208,0,0,9999,0,4,0,0,0,0,0,20,0,710000761,0,000000,0,0
4067,6504685,6513209,0,6,9999,0,0,0,0,0,0,0,20,0,710000760,0,000000,0,0
4068,6504937,6513397,0,0,9999,0,4,0,0,0,0,0,20,0,710000874,0,000000,0,0
4069,6504938,6513398,0,6,9999,0,0,0,0,0,0,0,20,0,710000873,0,000000,0,0
4070,6505069,6513519,0,0,9999,0,4,0,0,0,0,0,20,0,710000944,0,000000,0,0
4071,6505070,6513520,0,6,9999,0,0,0,0,0,0,0,20,0,710000943,0,000000,0,0
4072,6505135,6513572,0,0,9999,0,4,0,0,0,0,0,20,0,710000969,0,000000,0,0
4073,6505136,6513573,0,6,9999,0,0,0,0,0,0,0,20,0,710000968,0,000000,0,0
4074,6505295,6513672,0,6,9999,0,0,0,0,0,0,0,20,0,710001024,0,000000,0,0
4075,6505296,6513673,0,6,9999,0,0,0,0,0,0,0,20,0,710001037,0,000000,0,0
4076,6505327,6513694,0,0,9999,0,4,0,0,0,0,0,20,0,710001059,0,000000,0,0
4077,6505328,6513695,0,6,9999,0,0,0,0,0,0,0,20,0,710001058,0,000000,0,0
4078,6505440,6513745,0,6,9999,0,0,0,0,0,0,0,20,0,710001076,0,000000,0,0
4079,6505441,6513746,0,6,9999,0,0,0,0,0,0,0,20,0,710001077,0,000000,0,0
4080,6505453,6513763,0,6,9999,0,0,0,0,0,0,0,20,0,710001073,0,000000,0,0
4081,6505487,6513787,0,0,9999,0,4,0,0,0,0,0,20,0,710001080,0,000000,0,0
4082,6505488,6513788,0,6,9999,0,0,0,0,0,0,0,20,0,710001079,0,000000,0,0
4083,6505489,6513789,0,0,9999,0,4,0,0,0,0,0,20,0,710001082,0,000000,0,0
4084,6505490,6513790,0,6,9999,0,0,0,0,0,0,0,20,0,710001081,0,000000,0,0
4085,6505530,6513827,0,6,9999,0,0,0,0,0,0,0,20,0,710001090,0,000000,0,0
4086,6505602,6513838,0,0,9999,0,4,0,0,0,0,0,20,0,710001093,0,000000,0,0
4087,6505603,6513839,0,6,9999,0,0,0,0,0,0,0,20,0,710001092,0,000000,0,0
4088,6505650,6513874,0,0,9999,0,4,0,0,0,0,0,20,0,710001133,0,000000,0,0
4089,6505651,6513875,0,6,9999,0,0,0,0,0,0,0,20,0,710001132,0,000000,0,0
4090,6505652,6513876,0,0,9999,0,4,0,0,0,0,0,20,0,710001135,0,000000,0,0
4091,6505653,6513877,0,6,9999,0,0,0,0,0,0,0,20,0,710001134,0,000000,0,0
4092,6505705,6513939,0,6,9999,0,0,0,0,0,0,0,20,0,710001138,0,000000,0,0
4093,6505785,6513965,0,0,9999,0,4,0,0,0,0,0,20,0,710001152,0,000000,0,0
4094,6505786,6513966,0,6,9999,0,0,0,0,0,0,0,20,0,710001151,0,000000,0,0
4095,6505823,6512205,6511143,0,9999,0,4,0,0,0,0,0,10,0,710001149,0,ffc59e,0,0
4096,6505836,6514020,0,0,9999,0,4,0,0,0,0,0,20,0,710001175,0,000000,0,0
4097,6505837,6514021,0,6,9999,0,0,0,0,0,0,0,20,0,710001174,0,000000,0,0
4098,6505886,6514062,0,0,9999,0,4,0,0,0,0,0,20,0,710001181,0,000000,0,0
4099,6505887,6514063,0,6,9999,0,0,0,0,0,0,0,20,0,710001180,0,000000,0,0
4100,6505916,6514089,0,0,9999,0,4,0,0,0,0,0,20,0,710001201,0,000000,0,0
4101,6505917,6514090,0,6,9999,0,0,0,0,0,0,0,20,0,710001200,0,000000,0,0
4102,6505998,6514119,0,0,9999,0,4,0,0,0,0,0,20,0,710001211,0,000000,0,0
4103,6505999,6514120,0,6,9999,0,0,0,0,0,0,0,20,0,710001210,0,000000,0,0
4104,6506028,6514144,0,0,9999,0,4,0,0,0,0,0,20,0,710001215,0,000000,0,0
4105,6506029,6514145,0,6,9999,0,0,0,0,0,0,0,20,0,710001214,0,000000,0,0
5001,6500001,6510001,0,1,9999,0,5,1,0,0,1,16,500,0,710000002,0,000000,0,0
5002,6500002,6510001,0,2,9999,0,5,1,0,0,2,51,1000,0,710000002,0,000000,0,0
5003,6500003,6510001,0,3,9999,0,5,1,0,0,3,110,1500,0,710000002,0,000000,0,0
5004,6500004,6510001,0,4,9999,0,5,1,0,0,4,280,2500,0,710000002,0,000000,0,0
5005,6500005,6510001,0,5,9999,0,5,1,0,0,5,680,3500,0,710000002,0,000000,0,0
5006,6500006,6510001,0,6,9999,0,5,1,0,0,6,1647,5000,0,710000002,0,000000,0,0
5007,6500007,6510007,0,1,9999,0,5,2,0,0,1,16,500,0,710000003,0,000000,0,0
5008,6500008,6510007,0,2,9999,0,5,2,0,0,2,51,1000,0,710000003,0,000000,0,0
5009,6500009,6510007,0,3,9999,0,5,2,0,0,3,110,1500,0,710000003,0,000000,0,0
5010,6500010,6510007,0,4,9999,0,5,2,0,0,4,280,2500,0,710000003,0,000000,0,0
5011,6500011,6510007,0,5,9999,0,5,2,0,0,5,680,3500,0,710000003,0,000000,0,0
5012,6500012,6510007,0,6,9999,0,5,2,0,0,6,1647,5000,0,710000003,0,000000,0,0
5013,6500013,6510013,0,1,9999,0,5,3,0,0,1,16,500,0,710000004,0,000000,0,0
5014,6500014,6510013,0,2,9999,0,5,3,0,0,2,51,1000,0,710000004,0,000000,0,0
5015,6500015,6510013,0,3,9999,0,5,3,0,0,3,110,1500,0,710000004,0,000000,0,0
5016,6500016,6510013,0,4,9999,0,5,3,0,0,4,280,2500,0,710000004,0,000000,0,0
5017,6500017,6510013,0,5,9999,0,5,3,0,0,5,680,3500,0,710000004,0,000000,0,0
5018,6500018,6510013,0,6,9999,0,5,3,0,0,6,1647,5000,0,710000004,0,000000,0,0
5019,6503142,6512135,0,5,9999,0,5,1,0,0,5,2040,3500,0,710000065,0,000000,0,0
5020,6503698,6512505,0,5,9999,0,5,1,0,0,5,2040,3500,0,710000411,0,000000,0,0
5101,6500855,6510877,6511144,3,9999,0,5,1,2,1,3,110,750,0,710000002,0,000000,0,0
5102,6500856,6510878,6511145,3,9999,0,5,1,2,2,3,110,750,0,710000002,0,000000,0,0
5103,6500857,6510879,6511146,3,9999,0,5,1,2,3,3,110,750,0,710000002,0,000000,0,0
5104,6500863,6510885,6511147,3,9999,0,5,1,2,6,3,110,750,0,710000002,0,000000,0,0
5105,6501044,6510878,6511145,1,9999,0,5,1,2,2,1,16,250,0,710000002,0,000000,0,0
5106,6502027,6510877,6511144,1,9999,0,5,1,2,1,1,16,250,0,710000002,0,000000,0,0
5107,6502028,6510879,6511146,1,9999,0,5,1,2,3,1,16,250,0,710000002,0,000000,0,0
5108,6502029,6510885,6511147,1,9999,0,5,1,2,6,1,16,250,0,710000002,0,000000,0,0
5109,6502030,6510878,6511145,2,9999,0,5,1,2,2,2,51,500,0,710000002,0,000000,0,0
5110,6502031,6510877,6511144,2,9999,0,5,1,2,1,2,51,500,0,710000002,0,000000,0,0
5111,6502032,6510879,6511146,2,9999,0,5,1,2,3,2,51,500,0,710000002,0,000000,0,0
5112,6502033,6510885,6511147,2,9999,0,5,1,2,6,2,51,500,0,710000002,0,000000,0,0
5113,6502034,6510878,6511145,4,9999,0,5,1,2,2,4,280,1250,0,710000002,0,000000,0,0
5114,6502035,6510877,6511144,4,9999,0,5,1,2,1,4,280,1250,0,710000002,0,000000,0,0
5115,6502036,6510879,6511146,4,9999,0,5,1,2,3,4,280,1250,0,710000002,0,000000,0,0
5116,6502037,6510885,6511147,4,9999,0,5,1,2,6,4,280,1250,0,710000002,0,000000,0,0
5117,6502038,6510878,6511145,5,9999,0,5,1,2,2,5,680,1750,0,710000002,0,000000,0,0
5118,6502039,6510877,6511144,5,9999,0,5,1,2,1,5,680,1750,0,710000002,0,000000,0,0
5119,6502040,6510879,6511146,5,9999,0,5,1,2,3,5,680,1750,0,710000002,0,000000,0,0
5120,6502041,6510885,6511147,5,9999,0,5,1,2,6,5,680,1750,0,710000002,0,000000,0,0
5121,6502042,6510878,6511145,6,9999,0,5,1,2,2,6,1647,2500,0,710000002,0,000000,0,0
5122,6502043,6510877,6511144,6,9999,0,5,1,2,1,6,1647,2500,0,710000002,0,000000,0,0
5123,6502044,6510879,6511146,6,9999,0,5,1,2,3,6,1647,2500,0,710000002,0,000000,0,0
5124,6502045,6510885,6511147,6,9999,0,5,1,2,6,6,1647,2500,0,710000002,0,000000,0,0
5201,6500864,6510886,6511148,3,9999,0,5,2,2,1,3,110,750,0,710000003,0,000000,0,0
5202,6500865,6510887,6511149,3,9999,0,5,2,2,2,3,110,750,0,710000003,0,000000,0,0
5203,6500866,6510888,6511150,3,9999,0,5,2,2,3,3,110,750,0,710000003,0,000000,0,0
5204,6500872,6510894,6511151,3,9999,0,5,2,2,6,3,110,750,0,710000003,0,000000,0,0
5205,6501089,6510887,6511149,1,9999,0,5,2,2,2,1,16,250,0,710000003,0,000000,0,0
5206,6501114,6510894,6511151,4,9999,0,5,2,2,6,4,280,1250,0,710000003,0,000000,0,0
5207,6501116,6510887,6511149,5,9999,0,5,2,2,2,5,680,1750,0,710000003,0,000000,0,0
5208,6501123,6510894,6511151,5,9999,0,5,2,2,6,5,680,1750,0,710000003,0,000000,0,0
5209,6501125,6510887,6511149,6,9999,0,5,2,2,2,6,1647,2500,0,710000003,0,000000,0,0
5210,6501132,6510894,6511151,6,9999,0,5,2,2,6,6,1647,2500,0,710000003,0,000000,0,0
5211,6502060,6510886,6511148,1,9999,0,5,2,2,1,1,16,250,0,710000003,0,000000,0,0
5212,6502046,6510888,6511150,1,9999,0,5,2,2,3,1,16,250,0,710000003,0,000000,0,0
5213,6502047,6510894,6511151,1,9999,0,5,2,2,6,1,16,250,0,710000003,0,000000,0,0
5214,6502048,6510886,6511148,2,9999,0,5,2,2,1,2,51,500,0,710000003,0,000000,0,0
5215,6502049,6510887,6511149,2,9999,0,5,2,2,2,2,51,500,0,710000003,0,000000,0,0
5216,6502050,6510888,6511150,2,9999,0,5,2,2,3,2,51,500,0,710000003,0,000000,0,0
5217,6502051,6510894,6511151,2,9999,0,5,2,2,6,2,51,500,0,710000003,0,000000,0,0
5218,6502052,6510886,6511148,4,9999,0,5,2,2,1,4,280,1250,0,710000003,0,000000,0,0
5219,6502053,6510887,6511149,4,9999,0,5,2,2,2,4,280,1250,0,710000003,0,000000,0,0
5220,6502054,6510888,6511150,4,9999,0,5,2,2,3,4,280,1250,0,710000003,0,000000,0,0
5221,6502055,6510886,6511148,5,9999,0,5,2,2,1,5,680,1750,0,710000003,0,000000,0,0
5222,6502056,6510888,6511150,5,9999,0,5,2,2,3,5,680,1750,0,710000003,0,000000,0,0
5223,6502057,6510886,6511148,6,9999,0,5,2,2,1,6,1647,2500,0,710000003,0,000000,0,0
5224,6502058,6510888,6511150,6,9999,0,5,2,2,3,6,1647,2500,0,710000003,0,000000,0,0
6001,6500019,6510019,6511141,0,9999,0,6,1,0,0,1,1,1000,0,710000005,0,000000,0,0
6002,6500020,6510020,6511142,0,9999,0,6,2,0,0,1,1,1000,0,710000006,0,000000,0,0
6003,6501878,6510021,6511143,0,9999,0,6,3,0,0,1,1,1000,0,710000013,0,000000,0,0
6101,6500878,6510900,6511144,0,9999,0,6,1,2,1,1,1,500,0,710000005,0,000000,0,0
6102,6500879,6510901,6511145,0,9999,0,6,1,2,2,1,1,500,0,710000005,0,000000,0,0
6103,6500880,6510902,6511146,0,9999,0,6,1,2,3,1,1,500,0,710000005,0,000000,0,0
6104,6500886,6510908,6511147,0,9999,0,6,1,2,6,1,1,500,0,710000005,0,000000,0,0
6201,6500887,6510909,6511148,0,9999,0,6,2,2,1,1,1,500,0,710000006,0,000000,0,0
6202,6500888,6510910,6511149,0,9999,0,6,2,2,2,1,1,500,0,710000006,0,000000,0,0
6203,6500889,6510911,6511150,0,9999,0,6,2,2,3,1,1,500,0,710000006,0,000000,0,0
6204,6500895,6510917,6511151,0,9999,0,6,2,2,6,1,1,500,0,710000006,0,000000,0,0
6301,6505021,6513481,0,0,9999,0,6,4,0,0,1,1,500,0,711000169,0,000000,0,0
6302,6505022,6513482,0,0,9999,0,6,4,2,1,1,1,500,0,711000163,0,000000,0,0
6303,6505023,6513483,0,0,9999,0,6,4,2,2,1,1,500,0,711000164,0,000000,0,0
6304,6505024,6513484,0,0,9999,0,6,4,2,3,1,1,500,0,711000165,0,000000,0,0
6305,6505025,6513485,0,0,9999,0,6,4,2,4,1,1,500,0,711000166,0,000000,0,0
6306,6505026,6513486,0,0,9999,0,6,4,2,5,1,1,500,0,711000167,0,000000,0,0
6307,6505027,6513487,0,0,9999,0,6,4,2,6,1,1,500,0,711000168,0,000000,0,0
6308,6505493,6513794,0,0,9999,0,6,4,2,8,1,1,500,0,711000171,0,000000,0,0
6309,6505494,6513795,0,0,9999,0,6,4,2,7,1,1,500,0,711000170,0,000000,0,0
7001,6500031,6510031,0,0,9999,0,7,0,0,0,1,1,50000,0,710000014,0,000000,0,0
7002,6500022,6510022,6511141,0,9999,0,7,1,0,0,1,1,50000,0,710000014,0,000000,0,0
7003,6500023,6510023,6511142,0,9999,0,7,2,0,0,1,1,50000,0,710000014,0,000000,0,0
7004,6500024,6510024,6511143,0,9999,0,7,3,0,0,1,1,50000,0,710000014,0,000000,0,0
7101,6500901,6510923,6511144,0,9999,0,7,1,2,1,1,1,25000,0,710000014,0,000000,0,0
7102,6500902,6510924,6511145,0,9999,0,7,1,2,2,1,1,25000,0,710000014,0,000000,0,0
7103,6500903,6510925,6511146,0,9999,0,7,1,2,3,1,1,25000,0,710000014,0,000000,0,0
7104,6500909,6510931,6511147,0,9999,0,7,1,2,6,1,1,25000,0,710000014,0,000000,0,0
7201,6500910,6510932,6511148,0,9999,0,7,2,2,1,1,1,25000,0,710000014,0,000000,0,0
7202,6500911,6510933,6511149,0,9999,0,7,2,2,2,1,1,25000,0,710000014,0,000000,0,0
7203,6500912,6510934,6511150,0,9999,0,7,2,2,3,1,1,25000,0,710000014,0,000000,0,0
7204,6500918,6510940,6511151,0,9999,0,7,2,2,6,1,1,25000,0,710000014,0,000000,0,0
8001,6500025,6510025,6511141,0,9999,0,8,1,0,0,1,1,1000,0,710000015,0,000000,0,0
8002,6500026,6510026,6511142,0,9999,0,8,2,0,0,1,1,1000,0,710000016,0,000000,0,0
8003,6500027,6510027,6511143,0,9999,0,8,3,0,0,1,1,1000,0,710000017,0,000000,0,0
8004,6500028,6510028,6511141,0,9999,0,8,1,0,0,2,3,1000,0,710000018,0,000000,0,0
8005,6500029,6510029,6511142,0,9999,0,8,2,0,0,2,3,1000,0,710000019,0,000000,0,0
8006,6500030,6510030,6511143,0,9999,0,8,3,0,0,2,3,1000,0,710000020,0,000000,0,0
8007,6505481,6513784,6511141,0,9999,0,8,1,0,0,3,3,1000,0,710001083,0,000000,0,0
8008,6505482,6513785,6511142,0,9999,0,8,2,0,0,3,3,1000,0,710001084,0,000000,0,0
8009,6505483,6513786,6511143,0,9999,0,8,3,0,0,3,3,1000,0,710001085,0,000000,0,0
8101,6500924,6510946,6511144,0,9999,0,8,1,2,1,1,1,500,0,710000015,0,000000,0,0
8102,6500925,6510947,6511145,0,9999,0,8,1,2,2,1,1,500,0,710000015,0,000000,0,0
8103,6500926,6510948,6511146,0,9999,0,8,1,2,3,1,1,500,0,710000015,0,000000,0,0
8104,6500932,6510954,6511147,0,9999,0,8,1,2,6,1,1,500,0,710000015,0,000000,0,0
8105,6502830,6511887,6511890,0,9999,0,8,1,2,4,1,1,500,0,710000015,0,000000,0,0
8106,6502840,6511901,6511899,0,9999,0,8,1,2,5,1,1,500,0,710000015,0,000000,0,0
8107,6505685,6513925,6513921,0,9999,0,8,1,2,7,1,1,500,0,710000015,0,000000,0,0
8108,6505683,6513923,6513919,0,9999,0,8,1,2,8,1,1,500,0,710000015,0,000000,0,0
8201,6500933,6510955,6511148,0,9999,0,8,2,2,1,1,1,500,0,710000016,0,000000,0,0
8202,6500934,6510956,6511149,0,9999,0,8,2,2,2,1,1,500,0,710000016,0,000000,0,0
8203,6500935,6510957,6511150,0,9999,0,8,2,2,3,1,1,500,0,710000016,0,000000,0,0
8204,6500941,6510963,6511151,0,9999,0,8,2,2,6,1,1,500,0,710000016,0,000000,0,0
8205,6502831,6511888,6511891,0,9999,0,8,2,2,4,1,1,500,0,710000016,0,000000,0,0
8206,6502841,6511902,6511900,0,9999,0,8,2,2,5,1,1,500,0,710000016,0,000000,0,0
8207,6505686,6513926,6513922,0,9999,0,8,2,2,7,1,1,500,0,710000016,0,000000,0,0
8208,6505684,6513924,6513920,0,9999,0,8,2,2,8,1,1,500,0,710000016,0,000000,0,0
8401,6500947,6510969,6511144,0,9999,0,8,1,2,1,2,3,500,0,710000018,0,000000,0,0
8402,6500948,6510970,6511145,0,9999,0,8,1,2,2,2,3,500,0,710000018,0,000000,0,0
8403,6500949,6510971,6511146,0,9999,0,8,1,2,3,2,3,500,0,710000018,0,000000,0,0
8404,6500955,6510977,6511147,0,9999,0,8,1,2,6,2,3,500,0,710000018,0,000000,0,0
8405,6503593,6512451,6511890,0,9999,0,8,1,2,4,2,3,500,0,710000018,0,000000,0,0
8501,6500956,6510978,6511148,0,9999,0,8,2,2,1,2,3,500,0,710000019,0,000000,0,0
8502,6500957,6510979,6511149,0,9999,0,8,2,2,2,2,3,500,0,710000019,0,000000,0,0
8503,6500958,6510980,6511150,0,9999,0,8,2,2,3,2,3,500,0,710000019,0,000000,0,0
8504,6500964,6510986,6511151,0,9999,0,8,2,2,6,2,3,500,0,710000019,0,000000,0,0
8505,6503594,6512452,6511891,0,9999,0,8,2,2,4,2,3,500,0,710000019,0,000000,0,0
9001,6501876,6510208,0,0,9999,0,9,0,0,0,1,0,1000,0,710000021,0,000000,0,0
9002,6501877,6510209,6511141,0,9999,0,9,1,0,0,1,1,1000,0,710000021,0,000000,0,0
9003,6500210,6510210,6511142,0,9999,0,9,2,0,0,1,2,1000,0,710000021,0,000000,0,0
9004,6500211,6510211,6511143,0,9999,0,9,3,0,0,1,3,1000,0,710000021,0,000000,0,0
9005,6500253,6510253,6511144,0,9999,0,9,1,2,1,1,1,1000,0,710000021,0,000000,0,0
9006,6500254,6510254,6511145,0,9999,0,9,1,2,2,1,2,1000,0,710000021,0,000000,0,0
9007,6500255,6510255,6511146,0,9999,0,9,1,2,3,1,3,1000,0,710000021,0,000000,0,0
9008,6500261,6510261,6511147,0,9999,0,9,1,2,0,1,6,1000,0,710000021,0,000000,0,0
9009,6500262,6510262,6511148,0,9999,0,9,2,2,1,1,1,1000,0,710000021,0,000000,0,0
9010,6500263,6510263,6511149,0,9999,0,9,2,2,2,1,2,1000,0,710000021,0,000000,0,0
9011,6500264,6510264,6511150,0,9999,0,9,2,2,3,1,3,1000,0,710000021,0,000000,0,0
9012,6500270,6510270,6511151,0,9999,0,9,2,2,0,1,6,1000,0,710000021,0,000000,0,0
10101,6500032,6510032,0,1,9999,0,10,1,0,0,1,0,20,0,710000045,0,000000,0,0
10102,6502492,6510032,0,2,9999,0,10,1,0,0,1,0,20,0,710000045,0,000000,0,0
10103,6502496,6510032,0,3,9999,0,10,1,0,0,1,0,20,0,710000045,0,000000,0,0
10104,6502500,6510032,0,4,9999,0,10,1,0,0,1,0,20,0,710000045,0,000000,0,0
10105,6502504,6510032,0,5,9999,0,10,1,0,0,1,0,20,0,710000045,0,000000,0,0
10106,6502508,6510032,0,6,9999,0,10,1,0,0,1,0,20,0,710000045,0,000000,0,0
10201,6500033,6510033,0,1,9999,0,10,1,0,0,2,0,20,0,710000046,0,000000,0,0
10202,6502493,6510033,0,2,9999,0,10,1,0,0,2,0,20,0,710000046,0,000000,0,0
10203,6502497,6510033,0,3,9999,0,10,1,0,0,2,0,20,0,710000046,0,000000,0,0
10204,6502501,6510033,0,4,9999,0,10,1,0,0,2,0,20,0,710000046,0,000000,0,0
10205,6502505,6510033,0,5,9999,0,10,1,0,0,2,0,20,0,710000046,0,000000,0,0
10206,6502509,6510033,0,6,9999,0,10,1,0,0,2,0,20,0,710000046,0,000000,0,0
10301,6500034,6510034,0,1,9999,0,10,1,0,0,3,0,20,0,710000047,0,000000,0,0
10302,6502494,6510034,0,2,9999,0,10,1,0,0,3,0,20,0,710000047,0,000000,0,0
10303,6502498,6510034,0,3,9999,0,10,1,0,0,3,0,20,0,710000047,0,000000,0,0
10304,6502502,6510034,0,4,9999,0,10,1,0,0,3,0,20,0,710000047,0,000000,0,0
10305,6502506,6510034,0,5,9999,0,10,1,0,0,3,0,20,0,710000047,0,000000,0,0
10306,6502510,6510034,0,6,9999,0,10,1,0,0,3,0,20,0,710000047,0,000000,0,0
10401,6500035,6510035,0,1,9999,0,10,1,0,0,4,0,20,0,710000048,0,000000,0,0
10402,6502495,6510035,0,2,9999,0,10,1,0,0,4,0,20,0,710000048,0,000000,0,0
10403,6502499,6510035,0,3,9999,0,10,1,0,0,4,0,20,0,710000048,0,000000,0,0
10404,6502503,6510035,0,4,9999,0,10,1,0,0,4,0,20,0,710000048,0,000000,0,0
10405,6502507,6510035,0,5,9999,0,10,1,0,0,4,0,20,0,710000048,0,000000,0,0
10406,6502511,6510035,0,6,9999,0,10,1,0,0,4,0,20,0,710000048,0,000000,0,0
11001,6500036,6510036,0,0,9999,0,11,2,0,0,1,0,10,0,710000049,0,000000,0,0
11002,6500037,6510036,0,0,9999,0,11,2,0,0,2,0,10,0,710000050,0,000000,0,0
11003,6500038,6510036,0,0,9999,0,11,2,0,0,3,0,10,0,710000051,0,000000,0,0
11004,6500039,6510036,0,0,9999,0,11,2,0,0,4,0,10,0,710000052,0,000000,0,0
12001,6501916,6510201,0,4,9999,0,12,0,0,0,1,1,50,0,710000010,0,000000,0,0
12002,6501917,6510201,0,5,9999,0,12,0,0,0,1,1,50,0,710000011,0,000000,0,0
12003,6501918,6510201,0,6,9999,0,12,0,0,0,1,1,50,0,710000012,0,000000,0,0
12101,6500975,6510997,6511144,4,9999,0,12,0,2,1,1,1,50,0,710000010,0,000000,0,0
12102,6500976,6510998,6511145,4,9999,0,12,0,2,2,1,1,50,0,710000010,0,000000,0,0
12103,6500977,6510999,6511146,4,9999,0,12,0,2,3,1,1,50,0,710000010,0,000000,0,0
12104,6500983,6511005,6511147,4,9999,0,12,0,2,6,1,1,50,0,710000010,0,000000,0,0
12105,6503544,6512409,6511899,4,9999,0,12,0,2,5,1,1,50,0,710000010,0,000000,0,0
12106,6503719,6512526,6511890,4,9999,0,12,0,2,4,1,1,50,0,710000010,0,000000,0,0
12201,6501018,6510997,6511144,5,9999,0,12,0,2,1,1,1,50,0,710000011,0,000000,0,0
12202,6501019,6510998,6511145,5,9999,0,12,0,2,2,1,1,50,0,710000011,0,000000,0,0
12203,6501020,6510999,6511146,5,9999,0,12,0,2,3,1,1,50,0,710000011,0,000000,0,0
12204,6501026,6511005,6511147,5,9999,0,12,0,2,6,1,1,50,0,710000011,0,000000,0,0
12205,6503545,6512409,6511899,5,9999,0,12,0,2,5,1,1,50,0,710000011,0,000000,0,0
12206,6503720,6512526,6511890,5,9999,0,12,0,2,4,1,1,50,0,710000011,0,000000,0,0
13001,6500042,6510042,0,0,9999,0,13,1,0,0,1,0.15,30,0,710000001,0,000000,0,0
13002,6500043,6510043,0,0,9999,0,13,1,0,0,2,0.3,80,0,710000007,0,000000,0,0
13003,6500044,6510044,0,0,9999,0,13,1,0,0,3,0.5,250,0,710000008,0,000000,0,0
14001,6500040,6510040,0,0,9999,0,14,1,0,0,1,1,3,0,712000013,0,000000,0,0
14002,6500041,6510040,0,0,9999,0,14,2,0,0,1,1,20,0,712000014,0,000000,0,0
15001,6501919,6510205,0,0,9999,0,15,1,0,0,1,1,0,0,710000023,0,000000,0,0
15002,6501938,6511166,0,0,9999,0,15,1,0,0,1,1,0,0,710000023,0,000000,0,0
15003,6502212,6511363,0,0,9999,0,15,1,0,0,1,1,10,0,710000078,0,000000,0,0
15004,6502230,6511381,0,0,9999,0,15,1,0,0,1,1,10,0,710000058,0,000000,0,0
15005,6502234,6511388,0,0,9999,0,15,1,0,0,1,1,10,0,710000058,0,000000,0,0
15006,6502322,6511417,0,0,9999,0,15,1,0,0,1,1,10,0,710000101,0,000000,0,0
15007,6502328,6511427,0,0,9999,0,15,1,0,0,1,1,10,0,710000058,0,000000,0,0
15008,6502396,6511502,0,0,9999,0,15,1,0,0,1,1,10,0,710000101,0,000000,0,0
15009,6502404,6511509,0,0,9999,0,15,1,0,0,1,1,10,0,710000058,0,000000,0,0
15010,6502424,6511531,0,0,9999,0,15,1,0,0,1,1,10,0,710000102,0,000000,0,0
15011,6502471,6511576,0,0,9999,0,15,1,0,0,1,1,10,0,710000098,0,000000,0,0
15012,6502478,6511581,0,0,9999,0,15,1,0,0,1,1,10,0,710000099,0,000000,0,0
15013,6502515,6511613,0,0,9999,0,15,1,0,0,1,1,10,0,710000058,0,000000,0,0
15014,6502539,6511634,0,0,9999,0,15,1,0,0,1,1,10,0,710000134,0,000000,0,0
15015,6502578,6511655,0,0,9999,0,15,1,0,0,1,1,0,0,712000040,0,000000,0,0
15016,6502586,6511662,0,0,9999,0,15,1,0,0,1,1,10,0,710000101,0,000000,0,100135
15017,6502615,6511699,0,0,9999,0,15,1,0,0,1,1,10,0,710000100,0,000000,0,100154
15018,6502648,6511722,0,0,9999,0,15,1,0,0,1,1,10,0,710000102,0,000000,0,0
15019,6502686,6511747,0,0,9999,0,15,1,0,0,1,1,10,0,710000098,0,000000,0,0
15020,6502715,6511775,0,0,9999,0,15,1,0,0,1,1,10,0,710000058,0,000000,0,0
15021,6502728,6511786,0,0,9999,0,15,1,0,0,1,1,10,0,710000101,0,000000,0,0
15022,6502756,6511813,0,0,9999,0,15,1,0,0,1,1,10,0,710000098,0,000000,0,0
15023,6502769,6511828,0,0,9999,0,15,1,0,0,1,1,10,0,710000181,0,000000,0,0
15024,6502801,6511858,0,0,9999,0,15,1,0,0,1,1,10,0,711000001,0,000000,0,0
15025,6502829,6511886,0,0,9999,0,15,1,0,0,1,1,10,0,710000190,0,000000,0,0
15026,6502846,6511907,0,0,9999,0,15,1,0,0,1,1,10,0,710000101,0,000000,0,0
15027,6502230,6511381,0,0,9999,0,15,1,0,0,1,1,10,0,710000058,0,000000,0,0
15028,6502868,6511924,0,0,9999,0,15,1,0,0,1,1,10,0,710000102,0,000000,0,0
15029,6502973,6511976,0,0,9999,0,15,1,0,0,1,1,10,0,710000098,0,000000,0,0
15030,6502982,6511983,0,0,9999,0,15,1,0,0,1,1,10,0,710000100,0,000000,0,0
15031,6502996,6511996,0,0,9999,0,15,1,0,0,1,1,10,0,710000099,0,000000,0,0
15032,6503028,6512026,0,0,9999,0,15,1,0,0,1,1,10,0,710000058,0,000000,0,0
15033,6503031,6512029,0,0,9999,0,15,1,0,0,1,1,10,0,710000098,0,000000,0,0
15034,6503033,6512036,0,0,9999,0,15,1,0,0,1,1,10,0,710000209,0,000000,0,0
15035,6503079,6512079,0,0,9999,0,15,1,0,0,1,1,10,0,710000210,0,000000,0,0
15036,6503097,6512097,0,0,9999,0,15,1,0,0,1,1,10,0,710000211,0,000000,0,0
15037,6503107,6512106,0,0,9999,0,15,1,0,0,1,1,10,0,710000100,0,000000,0,0
15038,6503130,6512125,0,0,9999,0,15,1,0,0,1,1,10,0,710000101,0,000000,0,0
15039,6503139,6512131,0,0,9999,0,15,1,0,0,1,1,10,0,710000098,0,000000,0,0
15040,6503229,6512169,0,0,9999,0,15,1,0,0,1,1,10,0,710000102,0,000000,0,0
15041,6503240,6512179,0,0,9999,0,15,1,0,0,1,1,10,0,710000058,0,000000,0,0
15042,6503254,6512208,0,0,9999,0,15,1,0,0,1,1,10,0,710000099,0,000000,0,0
15043,6503279,6512211,0,0,9999,0,15,1,0,0,1,1,10,0,710000301,0,000000,0,0
15044,6503300,6512233,0,0,9999,0,15,1,0,0,1,1,10,0,710000100,0,000000,0,0
15045,6503301,6512234,0,0,9999,0,15,1,0,0,1,1,10,0,710000098,0,000000,0,0
15046,6503311,6512248,0,0,9999,0,15,1,0,0,1,1,10,0,710000101,0,000000,0,0
15048,6503338,6512272,0,0,9999,0,15,1,0,0,1,1,10,0,710000102,0,000000,0,0
15049,6503353,6512286,0,0,9999,0,15,1,0,0,1,1,10,0,710000101,0,000000,0,0
15050,6503357,6512290,0,0,9999,0,15,1,0,0,1,1,10,0,710000058,0,000000,0,0
15051,6503139,6512131,0,0,9999,0,15,1,0,0,1,1,10,0,710000098,0,000000,0,0
15052,6503370,6512301,0,0,9999,0,15,1,0,0,1,1,10,0,710000100,0,000000,0,0
15053,6503449,6512323,0,0,9999,0,15,1,0,0,1,1,10,0,710000099,0,000000,0,0
15054,6503472,6512344,0,0,9999,0,15,1,0,0,1,1,10,0,710000333,0,000000,0,0
15055,6503474,6512346,0,0,9999,0,15,1,0,0,1,1,10,0,710000360,0,000000,0,0
15056,6503475,6512347,0,0,9999,0,15,1,0,0,1,1,10,0,710000098,0,000000,0,0
15057,6503502,6512379,0,0,9999,0,15,1,0,0,1,1,10,0,710000334,0,000000,0,0
15058,6503534,6512405,0,0,9999,0,15,1,0,0,1,1,10,0,710000335,0,000000,0,0
15059,6503546,6512410,0,0,9999,0,15,1,0,0,1,1,10,0,710000058,0,000000,0,0
15060,6503561,6512424,0,0,9999,0,15,1,0,0,1,1,10,0,710000101,0,000000,0,0
15061,6503562,6512425,0,0,9999,0,15,1,0,0,1,1,10,0,710000099,0,000000,0,0
15062,6503576,6512434,0,0,9999,0,15,1,0,0,1,1,10,0,710000100,0,000000,0,0
15063,6503599,6512455,0,0,9999,0,15,1,0,0,1,1,10,0,710000102,0,000000,0,0
15064,6503679,6512485,0,0,9999,0,15,1,0,0,1,1,10,0,710000098,0,000000,0,0
15065,6503685,6512491,0,0,9999,0,15,1,0,0,1,1,10,0,710000387,0,000000,0,0
15066,6503690,6512497,0,0,9999,0,15,1,0,0,1,1,10,0,710000101,0,000000,0,0
15067,6503714,6512515,0,0,9999,0,15,1,0,0,1,1,10,0,710000388,0,000000,0,0
15068,6503718,6512521,0,0,9999,0,15,1,0,0,1,1,10,0,710000098,0,000000,0,0
15069,6503474,6512346,0,0,9999,0,15,1,0,0,1,1,10,0,710000360,0,000000,0,0
15070,6503745,6512559,0,0,9999,0,15,1,0,0,1,1,10,0,710000391,0,000000,0,0
15071,6503778,6512587,0,0,9999,0,15,1,0,0,1,1,10,0,710000392,0,000000,0,0
15072,6503803,6512610,0,0,9999,0,15,1,0,0,1,1,10,0,710000099,0,000000,0,0
15073,6503816,6512624,0,0,9999,0,15,1,0,0,1,1,10,0,710000102,0,000000,0,0
15074,6503852,6512656,0,0,9999,0,15,1,0,0,1,1,10,0,710000058,0,000000,0,0
15075,6503139,6512131,0,0,9999,0,15,1,0,0,1,1,10,0,710000098,0,000000,0,0
15076,6503370,6512301,0,0,9999,0,15,1,0,0,1,1,10,0,710000100,0,000000,0,0
15077,6503877,6512677,0,0,9999,0,15,1,0,0,1,1,10,0,710000101,0,000000,0,0
15078,6503950,6512696,0,0,9999,0,15,1,0,0,1,1,10,0,710000098,0,000000,0,0
15079,6503952,6512698,0,0,9999,0,15,1,0,0,1,1,10,0,710000058,0,000000,0,0
15080,6503685,6512491,0,0,9999,0,15,1,0,0,1,1,10,0,710000387,0,000000,0,0
15081,6503474,6512346,0,0,9999,0,15,1,0,0,1,1,10,0,710000360,0,000000,0,0
15082,6503995,6512741,0,0,9999,0,15,1,0,0,1,1,10,0,710000512,0,000000,0,0
15083,6503996,6512742,0,0,9999,0,15,1,0,0,1,1,10,0,710000513,0,000000,0,0
15084,6504015,6512777,0,0,9999,0,15,1,0,0,1,1,10,0,710000100,0,000000,0,0
15085,6504027,6512785,0,0,9999,0,15,1,0,0,1,1,10,0,710000101,0,000000,0,0
15086,6504044,6512797,0,0,9999,0,15,1,0,0,1,1,10,0,710000099,0,000000,0,0
15087,6504064,6512816,0,0,9999,0,15,1,0,0,1,1,10,0,710000102,0,000000,0,0
15088,6504083,6512849,0,0,9999,0,15,1,0,0,1,1,10,0,710000058,0,000000,0,0
15089,6503033,6512869,0,0,9999,0,15,1,0,0,1,1,10,0,710000564,0,000000,0,0
15090,6503474,6512346,0,0,9999,0,15,1,0,0,1,1,10,0,710000360,0,000000,0,0
15091,6504170,6512883,0,0,9999,0,15,1,0,0,1,1,10,0,710000577,0,000000,0,0
15092,6504171,6512884,0,0,9999,0,15,1,0,0,1,1,10,0,710000578,0,000000,0,0
15093,6504197,6512910,0,0,9999,0,15,1,0,0,1,1,10,0,710000099,0,000000,0,0
15094,6502230,6511381,0,0,9999,0,15,1,0,0,1,1,10,0,710000058,0,000000,0,0
15095,6512941,6512943,0,0,9999,0,15,1,0,0,1,1,10,0,710000102,0,000000,0,0
15096,6504247,6512956,0,0,9999,0,15,1,0,0,1,1,10,0,710000098,0,000000,0,0
15097,6504272,6512975,0,0,9999,0,15,1,0,0,1,1,10,0,710000100,0,000000,0,0
15098,6504331,6512982,0,0,9999,0,15,1,0,0,1,1,10,0,710000101,0,000000,0,0
15099,6504349,6512999,0,0,9999,0,15,1,0,0,1,1,10,0,710000058,0,000000,0,0
15100,6503685,6512491,0,0,9999,0,15,1,0,0,1,1,10,0,710000387,0,000000,0,0
15101,6503474,6512346,0,0,9999,0,15,1,0,0,1,1,10,0,710000360,0,000000,0,0
15102,6504373,6513023,0,0,9999,0,15,1,0,0,1,1,10,0,710000648,0,000000,0,0
15103,6504374,6513024,0,0,9999,0,15,1,0,0,1,1,10,0,710000649,0,000000,0,0
15104,6504421,6513065,0,0,9999,0,15,1,0,0,1,1,10,0,710000099,0,000000,0,0
15105,6504429,6513072,0,0,9999,0,15,1,0,0,1,1,10,0,710000102,0,000000,0,0
15106,6504463,6513101,0,0,9999,0,15,1,0,0,1,1,10,0,710000098,0,000000,0,0
15107,6504468,6513104,0,0,9999,0,15,1,0,0,1,1,10,0,710000100,0,000000,0,0
15108,6504551,6513134,0,0,9999,0,15,1,0,0,1,1,10,0,710000101,0,000000,0,0
15109,6503685,6512491,0,0,9999,0,15,1,0,0,1,1,10,0,710000387,0,000000,0,0
15110,6503474,6512346,0,0,9999,0,15,1,0,0,1,1,10,0,710000360,0,000000,0,0
15111,6504624,6513151,0,0,9999,0,15,1,0,0,1,1,10,0,710000721,0,000000,0,0
15112,6504659,6513186,0,0,9999,0,15,1,0,0,1,1,10,0,710000722,0,000000,0,0
15113,6504678,6513204,0,0,9999,0,15,1,0,0,1,1,10,0,710000058,0,000000,0,0
15114,6504706,6513230,0,0,9999,0,15,1,0,0,1,1,10,0,710000099,0,000000,0,0
15115,6504750,6513265,0,0,9999,0,15,1,0,0,1,1,10,0,710000102,0,000000,0,0
15116,6504757,6513273,0,0,9999,0,15,1,0,0,1,1,10,0,710000098,0,000000,0,0
15117,6504772,6513288,0,0,9999,0,15,1,0,0,1,1,10,0,710000100,0,000000,0,0
15118,6504785,6513304,0,0,9999,0,15,1,0,0,1,1,10,0,710000813,0,000000,0,0
15119,6503474,6512346,0,0,9999,0,15,1,0,0,1,1,10,0,710000360,0,000000,0,0
15120,6504800,6513315,0,0,9999,0,15,1,0,0,1,1,10,0,710000825,0,000000,0,0
15121,6504801,6513316,0,0,9999,0,15,1,0,0,1,1,10,0,710000838,0,000000,0,0
15122,6504852,6513367,0,0,9999,0,15,1,0,0,1,1,10,0,710000101,0,000000,0,0
15123,6504924,6513386,0,0,9999,0,15,1,0,0,1,1,10,0,710000058,0,000000,0,0
15124,6504931,6513392,0,0,9999,0,15,1,0,0,1,1,10,0,710000099,0,000000,0,0
15125,6504952,6513409,0,0,9999,0,15,1,0,0,1,1,10,0,710000102,0,000000,0,0
15126,6504976,6513430,0,0,9999,0,15,1,0,0,1,1,10,0,710000885,0,000000,0,0
15127,6504977,6513431,0,0,9999,0,15,1,0,0,1,1,10,0,710000898,0,000000,0,0
15128,6504978,6513432,0,0,9999,0,15,1,0,0,1,1,10,0,710000899,0,000000,0,0
15129,6503474,6512346,0,0,9999,0,15,1,0,0,1,1,10,0,710000360,0,000000,0,0
15130,6505040,6513498,0,0,9999,0,15,1,0,0,1,1,10,0,710000098,0,000000,0,0
15131,6505061,6513513,0,0,9999,0,15,1,0,0,1,1,10,0,710000100,0,000000,0,0
15132,6505085,6513532,0,0,9999,0,15,1,0,0,1,1,10,0,710000101,0,000000,0,0
15133,6505112,6513555,0,0,9999,0,15,1,0,0,1,1,10,0,710000058,0,000000,0,0
15134,6505129,6513568,0,0,9999,0,15,1,0,0,1,1,10,0,710000099,0,000000,0,0
15135,6505151,6513580,0,0,9999,0,15,1,0,0,1,1,10,0,710000102,0,000000,0,0
15136,6505213,6513597,0,0,9999,0,15,1,0,0,1,1,10,0,710000982,0,000000,0,0
15137,6503474,6512346,0,0,9999,0,15,1,0,0,1,1,10,0,710000360,0,000000,0,0
15138,6505225,6513612,0,0,9999,0,15,1,0,0,1,1,10,0,710000984,0,000000,0,0
15139,6505226,6513613,0,0,9999,0,15,1,0,0,1,1,10,0,710000996,0,000000,0,0
15140,6505291,6513667,0,0,9999,0,15,1,0,0,1,1,10,0,710000098,0,000000,0,0
15141,6505319,6513688,0,0,9999,0,15,1,0,0,1,1,10,0,710000100,0,000000,0,0
15142,6505323,6513692,0,0,9999,0,15,1,0,0,1,1,10,0,710000101,0,000000,0,0
15143,6505400,6513714,0,0,9999,0,15,1,0,0,1,1,10,0,710000099,0,000000,0,0
15144,6505417,6513720,0,0,9999,0,15,1,0,0,1,1,10,0,710000102,0,000000,0,0
15145,6505418,6513721,0,0,9999,0,15,1,0,0,1,1,10,0,710000058,0,000000,0,0
15146,6505434,6513742,0,0,9999,0,15,1,0,0,1,1,10,0,710001063,0,000000,0,0
15147,6503474,6512346,0,0,9999,0,15,1,0,0,1,1,10,0,710000360,0,000000,0,0
15148,6505459,6513767,0,0,9999,0,15,1,0,0,1,1,10,0,710001064,0,000000,0,0
15149,6505460,6513768,0,0,9999,0,15,1,0,0,1,1,10,0,710001074,0,000000,0,0
15150,6505502,6513800,0,0,9999,0,15,1,0,0,1,1,10,0,710000098,0,000000,0,0
15151,6505515,6513812,0,0,9999,0,15,1,0,0,1,1,10,0,710000100,0,000000,0,0
15152,6505594,6513833,0,0,9999,0,15,1,0,0,1,1,10,0,710000101,0,000000,0,0
15153,6505616,6513851,0,0,9999,0,15,1,0,0,1,1,10,0,710000058,0,000000,0,0
15154,6505641,6513862,0,0,9999,0,15,1,0,0,1,1,10,0,710000099,0,000000,0,0
15155,6505657,6513886,0,0,9999,0,15,1,0,0,1,1,10,0,710001120,0,000000,0,0
15156,6505658,6513887,0,0,9999,0,15,1,0,0,1,1,10,0,710001141,0,000000,0,0
15157,6505667,6513899,0,0,9999,0,15,1,0,0,1,1,10,0,710001130,0,000000,0,0
15158,6505668,6513900,0,0,9999,0,15,1,0,0,1,1,10,0,710001131,0,000000,0,0
15159,6505695,6513931,0,0,9999,0,15,1,0,0,1,1,10,0,710000102,0,000000,0,0
15160,6505774,6513955,0,0,9999,0,15,1,0,0,1,1,10,0,710000098,0,000000,0,0
15161,6505790,6513970,0,0,9999,0,15,1,0,0,1,1,10,0,710000100,0,000000,0,0
15162,6505808,6513986,0,0,9999,0,15,1,0,0,1,1,10,0,710000101,0,000000,0,0
15163,6504976,6513430,0,0,9999,0,15,1,0,0,1,1,10,0,710001168,0,000000,0,0
15164,6505658,6513887,0,0,9999,0,15,1,0,0,1,1,10,0,710001141,0,000000,0,0
15165,6505820,6513997,0,0,9999,0,15,1,0,0,1,1,10,0,710001169,0,000000,0,0
15166,6505821,6513998,0,0,9999,0,15,1,0,0,1,1,10,0,710001178,0,000000,0,0
15167,6505871,6514051,0,0,9999,0,15,1,0,0,1,1,10,0,710000058,0,000000,0,0
15168,6505892,6514067,0,0,9999,0,15,1,0,0,1,1,10,0,710000099,0,000000,0,0
15169,6505907,6514079,0,0,9999,0,15,1,0,0,1,1,10,0,710000102,0,000000,0,0
15170,6505908,6514080,0,0,9999,0,15,1,0,0,1,1,10,0,710000098,0,000000,0,0
15171,6505992,6514108,0,0,9999,0,15,1,0,0,1,1,10,0,710001204,0,000000,0,0
15172,6505658,6513887,0,0,9999,0,15,1,0,0,1,1,10,0,710001141,0,000000,0,0
15173,6506001,6514121,0,0,9999,0,15,1,0,0,1,1,10,0,710001206,0,000000,0,0
15174,6506020,6514140,0,0,9999,0,15,1,0,0,1,1,10,0,710001212,0,000000,0,0
15175,6506086,6514150,0,0,9999,0,15,1,0,0,1,1,10,0,710000102,0,000000,0,0
16001,6500272,6510272,0,1,9999,0,16,1,0,0,1,1,10,0,710000053,0,000000,0,0
16002,6500273,6510272,0,1,9999,0,16,2,0,0,1,1,10,0,710000053,0,000000,0,0
16003,6500274,6510272,0,1,9999,0,16,3,0,0,1,1,10,0,710000053,0,000000,0,0
16004,6500275,6510272,0,2,9999,0,16,4,0,0,1,1,10,0,710000056,0,000000,0,0
16005,6500276,6510272,0,1,9999,0,16,5,0,0,1,1,10,0,710000053,0,000000,0,0
16006,6500277,6510272,0,1,9999,0,16,6,0,0,1,1,10,0,710000053,0,000000,0,0
16007,6500278,6510272,0,1,9999,0,16,7,0,0,1,1,10,0,710000053,0,000000,0,0
16008,6500279,6510272,0,2,9999,0,16,8,0,0,1,1,10,0,710000056,0,000000,0,0
16009,6500280,6510272,0,1,9999,0,16,9,0,0,1,1,10,0,710000053,0,000000,0,0
16010,6500281,6510272,0,1,9999,0,16,10,0,0,1,1,10,0,710000053,0,000000,0,0
16011,6500282,6510272,0,1,9999,0,16,11,0,0,1,1,10,0,710000053,0,000000,0,0
16012,6500283,6510272,0,2,9999,0,16,12,0,0,1,1,10,0,710000056,0,000000,0,0
16013,6500284,6510272,0,1,9999,0,16,13,0,0,1,1,10,0,710000053,0,000000,0,0
16014,6500285,6510272,0,1,9999,0,16,14,0,0,1,1,10,0,710000053,0,000000,0,0
16015,6500286,6510272,0,1,9999,0,16,15,0,0,1,1,10,0,710000053,0,000000,0,0
16016,6500287,6510272,0,2,9999,0,16,16,0,0,1,1,10,0,710000056,0,000000,0,0
16017,6500288,6510272,0,1,9999,0,16,17,0,0,1,1,10,0,710000053,0,000000,0,0
16018,6500289,6510272,0,1,9999,0,16,18,0,0,1,1,10,0,710000053,0,000000,0,0
16019,6500290,6510272,0,1,9999,0,16,19,0,0,1,1,10,0,710000053,0,000000,0,0
16020,6500291,6510272,0,2,9999,0,16,20,0,0,1,1,10,0,710000056,0,000000,0,0
16021,6500292,6510272,0,1,9999,0,16,21,0,0,1,1,10,0,710000053,0,000000,0,0
16022,6500293,6510272,0,1,9999,0,16,22,0,0,1,1,10,0,710000053,0,000000,0,0
16023,6500294,6510272,0,1,9999,0,16,23,0,0,1,1,10,0,710000053,0,000000,0,0
16024,6500295,6510272,0,2,9999,0,16,24,0,0,1,1,10,0,710000056,0,000000,0,0
16025,6500296,6510272,0,1,9999,0,16,25,0,0,1,1,10,0,710000053,0,000000,0,0
16026,6500297,6510272,0,1,9999,0,16,26,0,0,1,1,10,0,710000053,0,000000,0,0
16027,6500298,6510272,0,1,9999,0,16,27,0,0,1,1,10,0,710000053,0,000000,0,0
16028,6500299,6510272,0,2,9999,0,16,28,0,0,1,1,10,0,710000056,0,000000,0,0
16029,6500300,6510272,0,1,9999,0,16,29,0,0,1,1,10,0,710000053,0,000000,0,0
16030,6500301,6510272,0,1,9999,0,16,30,0,0,1,1,10,0,710000053,0,000000,0,0
16031,6500302,6510272,0,1,9999,0,16,31,0,0,1,1,10,0,710000053,0,000000,0,0
16032,6500303,6510272,0,2,9999,0,16,32,0,0,1,1,10,0,710000056,0,000000,0,0
16033,6500304,6510272,0,1,9999,0,16,33,0,0,1,1,10,0,710000053,0,000000,0,0
16034,6500305,6510272,0,1,9999,0,16,34,0,0,1,1,10,0,710000053,0,000000,0,0
16035,6500306,6510272,0,1,9999,0,16,35,0,0,1,1,10,0,710000053,0,000000,0,0
16036,6500307,6510272,0,2,9999,0,16,36,0,0,1,1,10,0,710000056,0,000000,0,0
16037,6500308,6510272,0,1,9999,0,16,37,0,0,1,1,10,0,710000053,0,000000,0,0
16038,6500309,6510272,0,1,9999,0,16,38,0,0,1,1,10,0,710000053,0,000000,0,0
16039,6500310,6510272,0,1,9999,0,16,39,0,0,1,1,10,0,710000053,0,000000,0,0
16040,6500311,6510272,0,2,9999,0,16,40,0,0,1,1,10,0,710000056,0,000000,0,0
16041,6500312,6510272,0,1,9999,0,16,41,0,0,1,1,10,0,710000053,0,000000,0,0
16042,6500313,6510272,0,1,9999,0,16,42,0,0,1,1,10,0,710000053,0,000000,0,0
16043,6500314,6510272,0,1,9999,0,16,43,0,0,1,1,10,0,710000053,0,000000,0,0
16044,6500315,6510272,0,2,9999,0,16,44,0,0,1,1,10,0,710000056,0,000000,0,0
16045,6500316,6510272,0,1,9999,0,16,45,0,0,1,1,10,0,710000053,0,000000,0,0
16046,6500317,6510272,0,1,9999,0,16,46,0,0,1,1,10,0,710000053,0,000000,0,0
16047,6500318,6510272,0,2,9999,0,16,47,0,0,1,1,10,0,710000053,0,000000,0,0
16048,6500319,6510272,0,2,9999,0,16,48,0,0,1,1,10,0,710000053,0,000000,0,0
16049,6500320,6510272,0,2,9999,0,16,49,0,0,1,1,10,0,710000056,0,000000,0,0
16050,6500321,6510272,0,2,9999,0,16,50,0,0,1,1,10,0,710000053,0,000000,0,0
16051,6500322,6510272,0,2,9999,0,16,51,0,0,1,1,10,0,710000053,0,000000,0,0
16052,6500323,6510272,0,2,9999,0,16,52,0,0,1,1,10,0,710000053,0,000000,0,0
16053,6500324,6510272,0,3,9999,0,16,53,0,0,1,1,10,0,710000056,0,000000,0,0
16054,6500325,6510272,0,2,9999,0,16,54,0,0,1,1,10,0,710000053,0,000000,0,0
16055,6500326,6510272,0,2,9999,0,16,55,0,0,1,1,10,0,710000053,0,000000,0,0
16056,6500327,6510272,0,2,9999,0,16,56,0,0,1,1,10,0,710000053,0,000000,0,0
16057,6500328,6510272,0,2,9999,0,16,57,0,0,1,1,10,0,710000053,0,000000,0,0
16058,6500329,6510272,0,3,9999,0,16,58,0,0,1,1,10,0,710000056,0,000000,0,0
16059,6500330,6510272,0,2,9999,0,16,59,0,0,1,1,10,0,710000053,0,000000,0,0
16060,6500331,6510272,0,2,9999,0,16,60,0,0,1,1,10,0,710000053,0,000000,0,0
16061,6500332,6510272,0,2,9999,0,16,61,0,0,1,1,10,0,710000053,0,000000,0,0
16062,6500333,6510272,0,2,9999,0,16,62,0,0,1,1,10,0,710000053,0,000000,0,0
16063,6500334,6510272,0,3,9999,0,16,63,0,0,1,1,10,0,710000056,0,000000,0,0
16064,6500335,6510272,0,2,9999,0,16,64,0,0,1,1,10,0,710000053,0,000000,0,0
16065,6500336,6510272,0,2,9999,0,16,65,0,0,1,1,10,0,710000053,0,000000,0,0
16066,6500337,6510272,0,2,9999,0,16,66,0,0,1,1,10,0,710000053,0,000000,0,0
16067,6500338,6510272,0,2,9999,0,16,67,0,0,1,1,10,0,710000053,0,000000,0,0
16068,6500339,6510272,0,3,9999,0,16,68,0,0,1,1,10,0,710000056,0,000000,0,0
16069,6500340,6510272,0,2,9999,0,16,69,0,0,1,1,10,0,710000053,0,000000,0,0
16070,6500341,6510272,0,2,9999,0,16,70,0,0,1,1,10,0,710000053,0,000000,0,0
16071,6500342,6510272,0,2,9999,0,16,71,0,0,1,1,10,0,710000053,0,000000,0,0
16072,6500343,6510272,0,2,9999,0,16,72,0,0,1,1,10,0,710000053,0,000000,0,0
16073,6500344,6510272,0,3,9999,0,16,73,0,0,1,1,10,0,710000056,0,000000,0,0
16074,6500345,6510272,0,2,9999,0,16,74,0,0,1,1,10,0,710000053,0,000000,0,0
16075,6500346,6510272,0,2,9999,0,16,75,0,0,1,1,10,0,710000053,0,000000,0,0
16076,6500347,6510272,0,2,9999,0,16,76,0,0,1,1,10,0,710000053,0,000000,0,0
16077,6500348,6510272,0,2,9999,0,16,77,0,0,1,1,10,0,710000053,0,000000,0,0
16078,6500349,6510272,0,3,9999,0,16,78,0,0,1,1,10,0,710000056,0,000000,0,0
16079,6500350,6510272,0,2,9999,0,16,79,0,0,1,1,10,0,710000053,0,000000,0,0
16080,6500351,6510272,0,2,9999,0,16,80,0,0,1,1,10,0,710000053,0,000000,0,0
16081,6500352,6510272,0,2,9999,0,16,81,0,0,1,1,10,0,710000053,0,000000,0,0
16082,6500353,6510272,0,2,9999,0,16,82,0,0,1,1,10,0,710000053,0,000000,0,0
16083,6500354,6510272,0,3,9999,0,16,83,0,0,1,1,10,0,710000056,0,000000,0,0
16084,6500355,6510272,0,2,9999,0,16,84,0,0,1,1,10,0,710000053,0,000000,0,0
16085,6500356,6510272,0,2,9999,0,16,85,0,0,1,1,10,0,710000053,0,000000,0,0
16086,6500357,6510272,0,2,9999,0,16,86,0,0,1,1,10,0,710000053,0,000000,0,0
16087,6500358,6510272,0,2,9999,0,16,87,0,0,1,1,10,0,710000053,0,000000,0,0
16088,6500359,6510272,0,3,9999,0,16,88,0,0,1,1,10,0,710000056,0,000000,0,0
16089,6500360,6510272,0,2,9999,0,16,89,0,0,1,1,10,0,710000053,0,000000,0,0
16090,6500361,6510272,0,2,9999,0,16,90,0,0,1,1,10,0,710000053,0,000000,0,0
16091,6500362,6510272,0,2,9999,0,16,91,0,0,1,1,10,0,710000053,0,000000,0,0
16092,6500363,6510272,0,2,9999,0,16,92,0,0,1,1,10,0,710000053,0,000000,0,0
16093,6500364,6510272,0,3,9999,0,16,93,0,0,1,1,10,0,710000056,0,000000,0,0
16094,6500365,6510272,0,1,9999,0,16,94,0,0,1,1,10,0,710000053,0,000000,0,0
16095,6500366,6510272,0,1,9999,0,16,95,0,0,1,1,10,0,710000053,0,000000,0,0
16096,6500367,6510272,0,1,9999,0,16,96,0,0,1,1,10,0,710000053,0,000000,0,0
16097,6500368,6510272,0,1,9999,0,16,97,0,0,1,1,10,0,710000053,0,000000,0,0
16098,6500369,6510272,0,1,9999,0,16,98,0,0,1,1,10,0,710000053,0,000000,0,0
16099,6500370,6510272,0,1,9999,0,16,99,0,0,1,1,10,0,710000053,0,000000,0,0
16100,6500371,6510272,0,1,9999,0,16,100,0,0,1,1,10,0,710000053,0,000000,0,0
16101,6500372,6510272,0,1,9999,0,16,101,0,0,1,1,10,0,710000053,0,000000,0,0
16102,6500373,6510272,0,2,9999,0,16,102,0,0,1,1,10,0,710000056,0,000000,0,0
16103,6500374,6510272,0,2,9999,0,16,103,0,0,1,1,10,0,710000056,0,000000,0,0
16104,6500375,6510272,0,2,9999,0,16,104,0,0,1,1,10,0,710000056,0,000000,0,0
16105,6500376,6510272,0,1,9999,0,16,105,0,0,1,1,10,0,710000053,0,000000,0,0
16106,6500377,6510272,0,1,9999,0,16,106,0,0,1,1,10,0,710000053,0,000000,0,0
16107,6500378,6510272,0,1,9999,0,16,107,0,0,1,1,10,0,710000053,0,000000,0,0
16108,6500379,6510272,0,1,9999,0,16,108,0,0,1,1,10,0,710000053,0,000000,0,0
16109,6500380,6510272,0,1,9999,0,16,109,0,0,1,1,10,0,710000053,0,000000,0,0
16110,6500381,6510272,0,1,9999,0,16,110,0,0,1,1,10,0,710000053,0,000000,0,0
16111,6500382,6510272,0,1,9999,0,16,111,0,0,1,1,10,0,710000053,0,000000,0,0
16112,6500383,6510272,0,1,9999,0,16,112,0,0,1,1,10,0,710000053,0,000000,0,0
16113,6500384,6510272,0,2,9999,0,16,113,0,0,1,1,10,0,710000056,0,000000,0,0
16114,6500385,6510272,0,2,9999,0,16,114,0,0,1,1,10,0,710000056,0,000000,0,0
16115,6500386,6510272,0,2,9999,0,16,115,0,0,1,1,10,0,710000056,0,000000,0,0
16116,6500387,6510272,0,2,9999,0,16,116,0,0,1,1,10,0,710000053,0,000000,0,0
16117,6500388,6510272,0,2,9999,0,16,117,0,0,1,1,10,0,710000053,0,000000,0,0
16118,6500389,6510272,0,2,9999,0,16,118,0,0,1,1,10,0,710000053,0,000000,0,0
16119,6500390,6510272,0,2,9999,0,16,119,0,0,1,1,10,0,710000053,0,000000,0,0
16120,6500391,6510272,0,2,9999,0,16,120,0,0,1,1,10,0,710000053,0,000000,0,0
16121,6500392,6510272,0,2,9999,0,16,121,0,0,1,1,10,0,710000053,0,000000,0,0
16122,6500393,6510272,0,2,9999,0,16,122,0,0,1,1,10,0,710000053,0,000000,0,0
16123,6500394,6510272,0,2,9999,0,16,123,0,0,1,1,10,0,710000053,0,000000,0,0
16124,6500395,6510272,0,3,9999,0,16,124,0,0,1,1,10,0,710000056,0,000000,0,0
16125,6500396,6510272,0,3,9999,0,16,125,0,0,1,1,10,0,710000056,0,000000,0,0
16126,6500397,6510272,0,3,9999,0,16,126,0,0,1,1,10,0,710000056,0,000000,0,0
16127,6500398,6510272,0,2,9999,0,16,127,0,0,1,1,10,0,710000053,0,000000,0,0
16128,6500399,6510272,0,2,9999,0,16,128,0,0,1,1,10,0,710000053,0,000000,0,0
16129,6500400,6510272,0,2,9999,0,16,129,0,0,1,1,10,0,710000053,0,000000,0,0
16130,6500401,6510272,0,2,9999,0,16,130,0,0,1,1,10,0,710000053,0,000000,0,0
16131,6500402,6510272,0,2,9999,0,16,131,0,0,1,1,10,0,710000053,0,000000,0,0
16132,6500403,6510272,0,2,9999,0,16,132,0,0,1,1,10,0,710000053,0,000000,0,0
16133,6500404,6510272,0,2,9999,0,16,133,0,0,1,1,10,0,710000053,0,000000,0,0
16134,6500405,6510272,0,2,9999,0,16,134,0,0,1,1,10,0,710000053,0,000000,0,0
16135,6500406,6510272,0,3,9999,0,16,135,0,0,1,1,10,0,710000056,0,000000,0,0
16136,6500407,6510272,0,3,9999,0,16,136,0,0,1,1,10,0,710000056,0,000000,0,0
16137,6500408,6510272,0,3,9999,0,16,137,0,0,1,1,10,0,710000056,0,000000,0,0
16138,6500409,6510272,0,2,9999,0,16,138,0,0,1,1,10,0,710000053,0,000000,0,0
16139,6500410,6510272,0,2,9999,0,16,139,0,0,1,1,10,0,710000053,0,000000,0,0
16140,6500411,6510272,0,2,9999,0,16,140,0,0,1,1,10,0,710000053,0,000000,0,0
16141,6500412,6510272,0,2,9999,0,16,141,0,0,1,1,10,0,710000053,0,000000,0,0
16142,6500413,6510272,0,2,9999,0,16,142,0,0,1,1,10,0,710000053,0,000000,0,0
16143,6500414,6510272,0,2,9999,0,16,143,0,0,1,1,10,0,710000053,0,000000,0,0
16144,6500415,6510272,0,2,9999,0,16,144,0,0,1,1,10,0,710000053,0,000000,0,0
16145,6500416,6510272,0,2,9999,0,16,145,0,0,1,1,10,0,710000053,0,000000,0,0
16146,6500417,6510272,0,3,9999,0,16,146,0,0,1,1,10,0,710000056,0,000000,0,0
16147,6500418,6510272,0,3,9999,0,16,147,0,0,1,1,10,0,710000056,0,000000,0,0
16148,6500419,6510272,0,3,9999,0,16,148,0,0,1,1,10,0,710000056,0,000000,0,0
16149,6500420,6510272,0,4,9999,0,16,149,0,0,1,1,10,0,710000057,0,000000,0,0
16150,6500421,6510272,0,4,9999,0,16,150,0,0,1,1,10,0,710000057,0,000000,0,0
16151,6500422,6510272,0,4,9999,0,16,151,0,0,1,1,10,0,710000057,0,000000,0,0
16152,6500423,6510272,0,4,9999,0,16,152,0,0,1,1,10,0,710000057,0,000000,0,0
16153,6500424,6510272,0,4,9999,0,16,153,0,0,1,1,10,0,710000057,0,000000,0,0
16154,6500425,6510272,0,4,9999,0,16,154,0,0,1,1,10,0,710000057,0,000000,0,0
16155,6500426,6510272,0,4,9999,0,16,155,0,0,1,1,10,0,710000057,0,000000,0,0
16156,6500427,6510272,0,4,9999,0,16,156,0,0,1,1,10,0,710000057,0,000000,0,0
16157,6500428,6510272,0,4,9999,0,16,157,0,0,1,1,10,0,710000057,0,000000,0,0
16158,6500429,6510272,0,4,9999,0,16,158,0,0,1,1,10,0,710000057,0,000000,0,0
16159,6500430,6510272,0,4,9999,0,16,159,0,0,1,1,10,0,710000057,0,000000,0,0
16160,6500431,6510272,0,4,9999,0,16,160,0,0,1,1,10,0,710000057,0,000000,0,0
16161,6500432,6510272,0,4,9999,0,16,161,0,0,1,1,10,0,710000057,0,000000,0,0
16162,6500433,6510272,0,5,9999,0,16,162,0,0,1,1,10,0,710000057,0,000000,0,0
16163,6500434,6510272,0,5,9999,0,16,163,0,0,1,1,10,0,710000057,0,000000,0,0
16164,6500435,6510272,0,5,9999,0,16,164,0,0,1,1,10,0,710000057,0,000000,0,0
16165,6502256,6510272,0,2,9999,0,16,165,0,0,1,1,10,0,710000053,0,000000,0,0
16166,6502257,6510272,0,2,9999,0,16,166,0,0,1,1,10,0,710000053,0,000000,0,0
16167,6502258,6510272,0,2,9999,0,16,167,0,0,1,1,10,0,710000053,0,000000,0,0
16168,6502259,6510272,0,2,9999,0,16,168,0,0,1,1,10,0,710000053,0,000000,0,0
16169,6502260,6510272,0,3,9999,0,16,169,0,0,1,1,10,0,710000056,0,000000,0,0
16170,6502261,6510272,0,2,9999,0,16,170,0,0,1,1,10,0,710000053,0,000000,0,0
16171,6502262,6510272,0,2,9999,0,16,171,0,0,1,1,10,0,710000053,0,000000,0,0
16172,6502263,6510272,0,2,9999,0,16,172,0,0,1,1,10,0,710000053,0,000000,0,0
16173,6502264,6510272,0,2,9999,0,16,173,0,0,1,1,10,0,710000053,0,000000,0,0
16174,6502265,6510272,0,3,9999,0,16,174,0,0,1,1,10,0,710000056,0,000000,0,0
16175,6502266,6510272,0,2,9999,0,16,175,0,0,1,1,10,0,710000053,0,000000,0,0
16176,6502267,6510272,0,2,9999,0,16,176,0,0,1,1,10,0,710000053,0,000000,0,0
16177,6502268,6510272,0,2,9999,0,16,177,0,0,1,1,10,0,710000053,0,000000,0,0
16178,6502269,6510272,0,2,9999,0,16,178,0,0,1,1,10,0,710000053,0,000000,0,0
16179,6502270,6510272,0,3,9999,0,16,179,0,0,1,1,10,0,710000056,0,000000,0,0
16180,6502271,6510272,0,2,9999,0,16,180,0,0,1,1,10,0,710000053,0,000000,0,0
16181,6502272,6510272,0,2,9999,0,16,181,0,0,1,1,10,0,710000053,0,000000,0,0
16182,6502273,6510272,0,2,9999,0,16,182,0,0,1,1,10,0,710000053,0,000000,0,0
16183,6502274,6510272,0,2,9999,0,16,183,0,0,1,1,10,0,710000053,0,000000,0,0
16184,6502275,6510272,0,3,9999,0,16,184,0,0,1,1,10,0,710000056,0,000000,0,0
16185,6502276,6510272,0,2,9999,0,16,185,0,0,1,1,10,0,710000053,0,000000,0,0
16186,6502277,6510272,0,2,9999,0,16,186,0,0,1,1,10,0,710000053,0,000000,0,0
16187,6502278,6510272,0,2,9999,0,16,187,0,0,1,1,10,0,710000053,0,000000,0,0
16188,6502279,6510272,0,2,9999,0,16,188,0,0,1,1,10,0,710000053,0,000000,0,0
16189,6502280,6510272,0,3,9999,0,16,189,0,0,1,1,10,0,710000056,0,000000,0,0
16190,6502281,6510272,0,2,9999,0,16,190,0,0,1,1,10,0,710000053,0,000000,0,0
16191,6502282,6510272,0,2,9999,0,16,191,0,0,1,1,10,0,710000053,0,000000,0,0
16192,6502283,6510272,0,2,9999,0,16,192,0,0,1,1,10,0,710000053,0,000000,0,0
16193,6502284,6510272,0,2,9999,0,16,193,0,0,1,1,10,0,710000053,0,000000,0,0
16194,6502311,6510272,0,3,9999,0,16,194,0,0,1,1,10,0,710000056,0,000000,0,0
16195,6502285,6510272,0,2,9999,0,16,195,0,0,1,1,10,0,710000053,0,000000,0,0
16196,6502286,6510272,0,2,9999,0,16,196,0,0,1,1,10,0,710000053,0,000000,0,0
16197,6502287,6510272,0,2,9999,0,16,197,0,0,1,1,10,0,710000053,0,000000,0,0
16198,6502288,6510272,0,2,9999,0,16,198,0,0,1,1,10,0,710000053,0,000000,0,0
16199,6502289,6510272,0,2,9999,0,16,199,0,0,1,1,10,0,710000053,0,000000,0,0
16200,6502290,6510272,0,2,9999,0,16,200,0,0,1,1,10,0,710000053,0,000000,0,0
16201,6502291,6510272,0,2,9999,0,16,201,0,0,1,1,10,0,710000053,0,000000,0,0
16202,6502292,6510272,0,2,9999,0,16,202,0,0,1,1,10,0,710000053,0,000000,0,0
16203,6502293,6510272,0,3,9999,0,16,203,0,0,1,1,10,0,710000056,0,000000,0,0
16204,6502294,6510272,0,3,9999,0,16,204,0,0,1,1,10,0,710000056,0,000000,0,0
16205,6502295,6510272,0,3,9999,0,16,205,0,0,1,1,10,0,710000056,0,000000,0,0
16206,6502296,6510272,0,2,9999,0,16,206,0,0,1,1,10,0,710000053,0,000000,0,0
16207,6502297,6510272,0,2,9999,0,16,207,0,0,1,1,10,0,710000053,0,000000,0,0
16208,6502298,6510272,0,2,9999,0,16,208,0,0,1,1,10,0,710000053,0,000000,0,0
16209,6502299,6510272,0,2,9999,0,16,209,0,0,1,1,10,0,710000053,0,000000,0,0
16210,6502300,6510272,0,2,9999,0,16,210,0,0,1,1,10,0,710000053,0,000000,0,0
16211,6502301,6510272,0,2,9999,0,16,211,0,0,1,1,10,0,710000053,0,000000,0,0
16212,6502302,6510272,0,2,9999,0,16,212,0,0,1,1,10,0,710000053,0,000000,0,0
16213,6502303,6510272,0,2,9999,0,16,213,0,0,1,1,10,0,710000053,0,000000,0,0
16214,6502304,6510272,0,3,9999,0,16,214,0,0,1,1,10,0,710000056,0,000000,0,0
16215,6502305,6510272,0,3,9999,0,16,215,0,0,1,1,10,0,710000056,0,000000,0,0
16216,6502306,6510272,0,3,9999,0,16,216,0,0,1,1,10,0,710000056,0,000000,0,0
16219,6500436,6510272,0,2,9999,0,16,219,0,0,1,1,10,0,710000053,0,000000,0,0
16221,6500437,6510272,0,2,9999,0,16,221,0,0,1,1,10,0,710000053,0,000000,0,0
16222,6500438,6510272,0,2,9999,0,16,222,0,0,1,1,10,0,710000053,0,000000,0,0
16223,6500439,6510272,0,2,9999,0,16,223,0,0,1,1,10,0,710000053,0,000000,0,0
16224,6500440,6510272,0,3,9999,0,16,224,0,0,1,1,10,0,710000056,0,000000,0,0
16225,6500441,6510272,0,2,9999,0,16,225,0,0,1,1,10,0,710000053,0,000000,0,0
16226,6500442,6510272,0,2,9999,0,16,226,0,0,1,1,10,0,710000053,0,000000,0,0
16227,6500443,6510272,0,2,9999,0,16,227,0,0,1,1,10,0,710000053,0,000000,0,0
16228,6500444,6510272,0,2,9999,0,16,228,0,0,1,1,10,0,710000053,0,000000,0,0
16229,6500445,6510272,0,3,9999,0,16,229,0,0,1,1,10,0,710000056,0,000000,0,0
16230,6500446,6510272,0,2,9999,0,16,230,0,0,1,1,10,0,710000053,0,000000,0,0
16231,6500447,6510272,0,2,9999,0,16,231,0,0,1,1,10,0,710000053,0,000000,0,0
16232,6500448,6510272,0,2,9999,0,16,232,0,0,1,1,10,0,710000053,0,000000,0,0
16233,6500449,6510272,0,2,9999,0,16,233,0,0,1,1,10,0,710000053,0,000000,0,0
16234,6500450,6510272,0,3,9999,0,16,234,0,0,1,1,10,0,710000056,0,000000,0,0
16235,6500451,6510272,0,2,9999,0,16,235,0,0,1,1,10,0,710000053,0,000000,0,0
16236,6500452,6510272,0,2,9999,0,16,236,0,0,1,1,10,0,710000053,0,000000,0,0
16237,6500453,6510272,0,2,9999,0,16,237,0,0,1,1,10,0,710000053,0,000000,0,0
16238,6500454,6510272,0,2,9999,0,16,238,0,0,1,1,10,0,710000053,0,000000,0,0
16239,6500455,6510272,0,3,9999,0,16,239,0,0,1,1,10,0,710000056,0,000000,0,0
16240,6500456,6510272,0,2,9999,0,16,240,0,0,1,1,10,0,710000053,0,000000,0,0
16241,6500457,6510272,0,2,9999,0,16,241,0,0,1,1,10,0,710000053,0,000000,0,0
16242,6500458,6510272,0,2,9999,0,16,242,0,0,1,1,10,0,710000053,0,000000,0,0
16243,6500459,6510272,0,2,9999,0,16,243,0,0,1,1,10,0,710000053,0,000000,0,0
16244,6500460,6510272,0,3,9999,0,16,244,0,0,1,1,10,0,710000056,0,000000,0,0
16245,6500461,6510272,0,2,9999,0,16,245,0,0,1,1,10,0,710000053,0,000000,0,0
16246,6500462,6510272,0,2,9999,0,16,246,0,0,1,1,10,0,710000053,0,000000,0,0
16247,6500463,6510272,0,2,9999,0,16,247,0,0,1,1,10,0,710000053,0,000000,0,0
16248,6500464,6510272,0,2,9999,0,16,248,0,0,1,1,10,0,710000053,0,000000,0,0
16249,6500465,6510272,0,3,9999,0,16,249,0,0,1,1,10,0,710000056,0,000000,0,0
16250,6500466,6510272,0,2,9999,0,16,250,0,0,1,1,10,0,710000053,0,000000,0,0
16251,6500467,6510272,0,2,9999,0,16,251,0,0,1,1,10,0,710000053,0,000000,0,0
16252,6502546,6510272,0,2,9999,0,16,252,0,0,1,1,10,0,710000053,0,000000,0,0
16253,6502547,6510272,0,2,9999,0,16,253,0,0,1,1,10,0,710000053,0,000000,0,0
16254,6502548,6510272,0,2,9999,0,16,254,0,0,1,1,10,0,710000053,0,000000,0,0
16255,6502549,6510272,0,2,9999,0,16,255,0,0,1,1,10,0,710000053,0,000000,0,0
16256,6502550,6510272,0,2,9999,0,16,256,0,0,1,1,10,0,710000053,0,000000,0,0
16257,6502551,6510272,0,2,9999,0,16,257,0,0,1,1,10,0,710000053,0,000000,0,0
16258,6502552,6510272,0,3,9999,0,16,258,0,0,1,1,10,0,710000056,0,000000,0,0
16259,6502553,6510272,0,3,9999,0,16,259,0,0,1,1,10,0,710000056,0,000000,0,0
16260,6502554,6510272,0,3,9999,0,16,260,0,0,1,1,10,0,710000056,0,000000,0,0
16261,6502555,6510272,0,2,9999,0,16,261,0,0,1,1,10,0,710000053,0,000000,0,0
16262,6502556,6510272,0,2,9999,0,16,262,0,0,1,1,10,0,710000053,0,000000,0,0
16263,6502557,6510272,0,2,9999,0,16,263,0,0,1,1,10,0,710000053,0,000000,0,0
16264,6502558,6510272,0,2,9999,0,16,264,0,0,1,1,10,0,710000053,0,000000,0,0
16265,6502559,6510272,0,2,9999,0,16,265,0,0,1,1,10,0,710000053,0,000000,0,0
16266,6502560,6510272,0,2,9999,0,16,266,0,0,1,1,10,0,710000053,0,000000,0,0
16267,6502561,6510272,0,2,9999,0,16,267,0,0,1,1,10,0,710000053,0,000000,0,0
16268,6502562,6510272,0,2,9999,0,16,268,0,0,1,1,10,0,710000053,0,000000,0,0
16269,6502563,6510272,0,3,9999,0,16,269,0,0,1,1,10,0,710000056,0,000000,0,0
16270,6502564,6510272,0,3,9999,0,16,270,0,0,1,1,10,0,710000056,0,000000,0,0
16271,6502565,6510272,0,3,9999,0,16,271,0,0,1,1,10,0,710000056,0,000000,0,0
16272,6502566,6510272,0,3,9999,0,16,272,0,0,1,1,10,0,710000057,0,000000,0,0
16273,6502567,6510272,0,3,9999,0,16,273,0,0,1,1,10,0,710000057,0,000000,0,0
16274,6502911,6510272,0,2,9999,0,16,274,0,0,1,1,10,0,710000053,0,000000,0,0
16275,6502912,6510272,0,2,9999,0,16,275,0,0,1,1,10,0,710000053,0,000000,0,0
16276,6502913,6510272,0,2,9999,0,16,276,0,0,1,1,10,0,710000053,0,000000,0,0
16277,6502914,6510272,0,2,9999,0,16,277,0,0,1,1,10,0,710000053,0,000000,0,0
16278,6502915,6510272,0,3,9999,0,16,278,0,0,1,1,10,0,710000056,0,000000,0,0
16279,6502916,6510272,0,2,9999,0,16,279,0,0,1,1,10,0,710000053,0,000000,0,0
16280,6502917,6510272,0,2,9999,0,16,280,0,0,1,1,10,0,710000053,0,000000,0,0
16281,6502918,6510272,0,2,9999,0,16,281,0,0,1,1,10,0,710000053,0,000000,0,0
16282,6502919,6510272,0,2,9999,0,16,282,0,0,1,1,10,0,710000053,0,000000,0,0
16283,6502920,6510272,0,3,9999,0,16,283,0,0,1,1,10,0,710000056,0,000000,0,0
16284,6502921,6510272,0,2,9999,0,16,284,0,0,1,1,10,0,710000053,0,000000,0,0
16285,6502922,6510272,0,2,9999,0,16,285,0,0,1,1,10,0,710000053,0,000000,0,0
16286,6502923,6510272,0,2,9999,0,16,286,0,0,1,1,10,0,710000053,0,000000,0,0
16287,6502924,6510272,0,2,9999,0,16,287,0,0,1,1,10,0,710000053,0,000000,0,0
16288,6502925,6510272,0,3,9999,0,16,288,0,0,1,1,10,0,710000056,0,000000,0,0
16289,6502926,6510272,0,2,9999,0,16,289,0,0,1,1,10,0,710000053,0,000000,0,0
16290,6502927,6510272,0,2,9999,0,16,290,0,0,1,1,10,0,710000053,0,000000,0,0
16291,6502928,6510272,0,2,9999,0,16,291,0,0,1,1,10,0,710000053,0,000000,0,0
16292,6502929,6510272,0,2,9999,0,16,292,0,0,1,1,10,0,710000053,0,000000,0,0
16293,6502930,6510272,0,3,9999,0,16,293,0,0,1,1,10,0,710000056,0,000000,0,0
16294,6502931,6510272,0,2,9999,0,16,294,0,0,1,1,10,0,710000053,0,000000,0,0
16295,6502932,6510272,0,2,9999,0,16,295,0,0,1,1,10,0,710000053,0,000000,0,0
16296,6502933,6510272,0,2,9999,0,16,296,0,0,1,1,10,0,710000053,0,000000,0,0
16297,6502934,6510272,0,2,9999,0,16,297,0,0,1,1,10,0,710000053,0,000000,0,0
16298,6502935,6510272,0,3,9999,0,16,298,0,0,1,1,10,0,710000056,0,000000,0,0
16299,6502936,6510272,0,2,9999,0,16,299,0,0,1,1,10,0,710000053,0,000000,0,0
16300,6502937,6510272,0,2,9999,0,16,300,0,0,1,1,10,0,710000053,0,000000,0,0
16301,6502938,6510272,0,2,9999,0,16,301,0,0,1,1,10,0,710000053,0,000000,0,0
16302,6502939,6510272,0,2,9999,0,16,302,0,0,1,1,10,0,710000053,0,000000,0,0
16303,6502940,6510272,0,3,9999,0,16,303,0,0,1,1,10,0,710000056,0,000000,0,0
16304,6502941,6510272,0,2,9999,0,16,304,0,0,1,1,10,0,710000053,0,000000,0,0
16305,6502942,6510272,0,2,9999,0,16,305,0,0,1,1,10,0,710000053,0,000000,0,0
16306,6502943,6510272,0,2,9999,0,16,306,0,0,1,1,10,0,710000053,0,000000,0,0
16307,6502944,6510272,0,2,9999,0,16,307,0,0,1,1,10,0,710000053,0,000000,0,0
16308,6502945,6510272,0,2,9999,0,16,308,0,0,1,1,10,0,710000053,0,000000,0,0
16309,6502946,6510272,0,2,9999,0,16,309,0,0,1,1,10,0,710000053,0,000000,0,0
16310,6502947,6510272,0,2,9999,0,16,310,0,0,1,1,10,0,710000053,0,000000,0,0
16311,6502948,6510272,0,2,9999,0,16,311,0,0,1,1,10,0,710000053,0,000000,0,0
16312,6502949,6510272,0,3,9999,0,16,312,0,0,1,1,10,0,710000056,0,000000,0,0
16313,6502950,6510272,0,3,9999,0,16,313,0,0,1,1,10,0,710000056,0,000000,0,0
16314,6502951,6510272,0,3,9999,0,16,314,0,0,1,1,10,0,710000056,0,000000,0,0
16315,6502952,6510272,0,2,9999,0,16,315,0,0,1,1,10,0,710000053,0,000000,0,0
16316,6502953,6510272,0,2,9999,0,16,316,0,0,1,1,10,0,710000053,0,000000,0,0
16317,6502954,6510272,0,2,9999,0,16,317,0,0,1,1,10,0,710000053,0,000000,0,0
16318,6502955,6510272,0,2,9999,0,16,318,0,0,1,1,10,0,710000053,0,000000,0,0
16319,6502956,6510272,0,2,9999,0,16,319,0,0,1,1,10,0,710000053,0,000000,0,0
16320,6502957,6510272,0,2,9999,0,16,320,0,0,1,1,10,0,710000053,0,000000,0,0
16321,6502958,6510272,0,2,9999,0,16,321,0,0,1,1,10,0,710000053,0,000000,0,0
16322,6502959,6510272,0,2,9999,0,16,322,0,0,1,1,10,0,710000053,0,000000,0,0
16323,6502960,6510272,0,3,9999,0,16,323,0,0,1,1,10,0,710000056,0,000000,0,0
16324,6502961,6510272,0,3,9999,0,16,324,0,0,1,1,10,0,710000056,0,000000,0,0
16325,6502962,6510272,0,3,9999,0,16,325,0,0,1,1,10,0,710000056,0,000000,0,0
16326,6503129,6510272,0,5,9999,0,16,326,0,0,1,1,10,0,710000057,0,000000,0,0
16327,6503147,6510272,0,2,9999,0,16,327,0,0,1,1,10,0,710000053,0,000000,0,0
16328,6503148,6510272,0,2,9999,0,16,328,0,0,1,1,10,0,710000053,0,000000,0,0
16329,6503149,6510272,0,2,9999,0,16,329,0,0,1,1,10,0,710000053,0,000000,0,0
16330,6503150,6510272,0,2,9999,0,16,330,0,0,1,1,10,0,710000053,0,000000,0,0
16331,6503151,6510272,0,3,9999,0,16,331,0,0,1,1,10,0,710000056,0,000000,0,0
16332,6503152,6510272,0,2,9999,0,16,332,0,0,1,1,10,0,710000053,0,000000,0,0
16333,6503153,6510272,0,2,9999,0,16,333,0,0,1,1,10,0,710000053,0,000000,0,0
16334,6503154,6510272,0,2,9999,0,16,334,0,0,1,1,10,0,710000053,0,000000,0,0
16335,6503155,6510272,0,2,9999,0,16,335,0,0,1,1,10,0,710000053,0,000000,0,0
16336,6503156,6510272,0,3,9999,0,16,336,0,0,1,1,10,0,710000056,0,000000,0,0
16337,6503157,6510272,0,2,9999,0,16,337,0,0,1,1,10,0,710000053,0,000000,0,0
16338,6503158,6510272,0,2,9999,0,16,338,0,0,1,1,10,0,710000053,0,000000,0,0
16339,6503159,6510272,0,2,9999,0,16,339,0,0,1,1,10,0,710000053,0,000000,0,0
16340,6503160,6510272,0,2,9999,0,16,340,0,0,1,1,10,0,710000053,0,000000,0,0
16341,6503161,6510272,0,3,9999,0,16,341,0,0,1,1,10,0,710000056,0,000000,0,0
16342,6503162,6510272,0,2,9999,0,16,342,0,0,1,1,10,0,710000053,0,000000,0,0
16343,6503163,6510272,0,2,9999,0,16,343,0,0,1,1,10,0,710000053,0,000000,0,0
16344,6503164,6510272,0,2,9999,0,16,344,0,0,1,1,10,0,710000053,0,000000,0,0
16345,6503165,6510272,0,2,9999,0,16,345,0,0,1,1,10,0,710000053,0,000000,0,0
16346,6503166,6510272,0,3,9999,0,16,346,0,0,1,1,10,0,710000056,0,000000,0,0
16347,6503167,6510272,0,2,9999,0,16,347,0,0,1,1,10,0,710000053,0,000000,0,0
16348,6503168,6510272,0,2,9999,0,16,348,0,0,1,1,10,0,710000053,0,000000,0,0
16349,6503169,6510272,0,2,9999,0,16,349,0,0,1,1,10,0,710000053,0,000000,0,0
16350,6503170,6510272,0,2,9999,0,16,350,0,0,1,1,10,0,710000053,0,000000,0,0
16351,6503171,6510272,0,3,9999,0,16,351,0,0,1,1,10,0,710000056,0,000000,0,0
16352,6503172,6510272,0,2,9999,0,16,352,0,0,1,1,10,0,710000053,0,000000,0,0
16353,6503173,6510272,0,2,9999,0,16,353,0,0,1,1,10,0,710000053,0,000000,0,0
16354,6503174,6510272,0,2,9999,0,16,354,0,0,1,1,10,0,710000053,0,000000,0,0
16355,6503175,6510272,0,2,9999,0,16,355,0,0,1,1,10,0,710000053,0,000000,0,0
16356,6503176,6510272,0,3,9999,0,16,356,0,0,1,1,10,0,710000056,0,000000,0,0
16357,6503177,6510272,0,2,9999,0,16,357,0,0,1,1,10,0,710000053,0,000000,0,0
16358,6503178,6510272,0,2,9999,0,16,358,0,0,1,1,10,0,710000053,0,000000,0,0
16359,6503179,6510272,0,2,9999,0,16,359,0,0,1,1,10,0,710000053,0,000000,0,0
16360,6503180,6510272,0,2,9999,0,16,360,0,0,1,1,10,0,710000053,0,000000,0,0
16361,6503181,6510272,0,2,9999,0,16,361,0,0,1,1,10,0,710000053,0,000000,0,0
16362,6503182,6510272,0,2,9999,0,16,362,0,0,1,1,10,0,710000053,0,000000,0,0
16363,6503183,6510272,0,2,9999,0,16,363,0,0,1,1,10,0,710000053,0,000000,0,0
16364,6503184,6510272,0,2,9999,0,16,364,0,0,1,1,10,0,710000053,0,000000,0,0
16365,6503185,6510272,0,3,9999,0,16,365,0,0,1,1,10,0,710000056,0,000000,0,0
16366,6503186,6510272,0,3,9999,0,16,366,0,0,1,1,10,0,710000056,0,000000,0,0
16367,6503187,6510272,0,3,9999,0,16,367,0,0,1,1,10,0,710000056,0,000000,0,0
16368,6503188,6510272,0,2,9999,0,16,368,0,0,1,1,10,0,710000053,0,000000,0,0
16369,6503189,6510272,0,2,9999,0,16,369,0,0,1,1,10,0,710000053,0,000000,0,0
16370,6503190,6510272,0,2,9999,0,16,370,0,0,1,1,10,0,710000053,0,000000,0,0
16371,6503191,6510272,0,2,9999,0,16,371,0,0,1,1,10,0,710000053,0,000000,0,0
16372,6503192,6510272,0,2,9999,0,16,372,0,0,1,1,10,0,710000053,0,000000,0,0
16373,6503193,6510272,0,2,9999,0,16,373,0,0,1,1,10,0,710000053,0,000000,0,0
16374,6503194,6510272,0,2,9999,0,16,374,0,0,1,1,10,0,710000053,0,000000,0,0
16375,6503195,6510272,0,2,9999,0,16,375,0,0,1,1,10,0,710000053,0,000000,0,0
16376,6503196,6510272,0,3,9999,0,16,376,0,0,1,1,10,0,710000056,0,000000,0,0
16377,6503197,6510272,0,3,9999,0,16,377,0,0,1,1,10,0,710000056,0,000000,0,0
16378,6503198,6510272,0,3,9999,0,16,378,0,0,1,1,10,0,710000056,0,000000,0,0
16379,6503274,6510272,0,4,9999,0,16,379,0,0,1,1,10,0,710000057,0,000000,0,0
16380,6503383,6510272,0,2,9999,0,16,380,0,0,1,1,10,0,710000053,0,000000,0,0
16381,6503384,6510272,0,2,9999,0,16,381,0,0,1,1,10,0,710000053,0,000000,0,0
16382,6503385,6510272,0,2,9999,0,16,382,0,0,1,1,10,0,710000053,0,000000,0,0
16383,6503386,6510272,0,2,9999,0,16,383,0,0,1,1,10,0,710000053,0,000000,0,0
16384,6503387,6510272,0,3,9999,0,16,384,0,0,1,1,10,0,710000056,0,000000,0,0
16385,6503388,6510272,0,2,9999,0,16,385,0,0,1,1,10,0,710000053,0,000000,0,0
16386,6503389,6510272,0,2,9999,0,16,386,0,0,1,1,10,0,710000053,0,000000,0,0
16387,6503390,6510272,0,2,9999,0,16,387,0,0,1,1,10,0,710000053,0,000000,0,0
16388,6503391,6510272,0,2,9999,0,16,388,0,0,1,1,10,0,710000053,0,000000,0,0
16389,6503392,6510272,0,3,9999,0,16,389,0,0,1,1,10,0,710000056,0,000000,0,0
16390,6503393,6510272,0,2,9999,0,16,390,0,0,1,1,10,0,710000053,0,000000,0,0
16391,6503394,6510272,0,2,9999,0,16,391,0,0,1,1,10,0,710000053,0,000000,0,0
16392,6503395,6510272,0,2,9999,0,16,392,0,0,1,1,10,0,710000053,0,000000,0,0
16393,6503396,6510272,0,2,9999,0,16,393,0,0,1,1,10,0,710000053,0,000000,0,0
16394,6503397,6510272,0,3,9999,0,16,394,0,0,1,1,10,0,710000056,0,000000,0,0
16395,6503398,6510272,0,2,9999,0,16,395,0,0,1,1,10,0,710000053,0,000000,0,0
16396,6503399,6510272,0,2,9999,0,16,396,0,0,1,1,10,0,710000053,0,000000,0,0
16397,6503400,6510272,0,2,9999,0,16,397,0,0,1,1,10,0,710000053,0,000000,0,0
16398,6503401,6510272,0,2,9999,0,16,398,0,0,1,1,10,0,710000053,0,000000,0,0
16399,6503402,6510272,0,3,9999,0,16,399,0,0,1,1,10,0,710000056,0,000000,0,0
16400,6503403,6510272,0,2,9999,0,16,400,0,0,1,1,10,0,710000053,0,000000,0,0
16401,6503404,6510272,0,2,9999,0,16,401,0,0,1,1,10,0,710000053,0,000000,0,0
16402,6503405,6510272,0,2,9999,0,16,402,0,0,1,1,10,0,710000053,0,000000,0,0
16403,6503406,6510272,0,2,9999,0,16,403,0,0,1,1,10,0,710000053,0,000000,0,0
16404,6503407,6510272,0,3,9999,0,16,404,0,0,1,1,10,0,710000056,0,000000,0,0
16405,6503408,6510272,0,2,9999,0,16,405,0,0,1,1,10,0,710000053,0,000000,0,0
16406,6503409,6510272,0,2,9999,0,16,406,0,0,1,1,10,0,710000053,0,000000,0,0
16407,6503410,6510272,0,2,9999,0,16,407,0,0,1,1,10,0,710000053,0,000000,0,0
16408,6503411,6510272,0,2,9999,0,16,408,0,0,1,1,10,0,710000053,0,000000,0,0
16409,6503412,6510272,0,3,9999,0,16,409,0,0,1,1,10,0,710000056,0,000000,0,0
16410,6503413,6510272,0,2,9999,0,16,410,0,0,1,1,10,0,710000053,0,000000,0,0
16411,6503414,6510272,0,2,9999,0,16,411,0,0,1,1,10,0,710000053,0,000000,0,0
16412,6503415,6510272,0,2,9999,0,16,412,0,0,1,1,10,0,710000053,0,000000,0,0
16413,6503416,6510272,0,2,9999,0,16,413,0,0,1,1,10,0,710000053,0,000000,0,0
16414,6503417,6510272,0,2,9999,0,16,414,0,0,1,1,10,0,710000053,0,000000,0,0
16415,6503418,6510272,0,2,9999,0,16,415,0,0,1,1,10,0,710000053,0,000000,0,0
16416,6503419,6510272,0,2,9999,0,16,416,0,0,1,1,10,0,710000053,0,000000,0,0
16417,6503420,6510272,0,2,9999,0,16,417,0,0,1,1,10,0,710000053,0,000000,0,0
16418,6503421,6510272,0,3,9999,0,16,418,0,0,1,1,10,0,710000056,0,000000,0,0
16419,6503422,6510272,0,3,9999,0,16,419,0,0,1,1,10,0,710000056,0,000000,0,0
16420,6503423,6510272,0,3,9999,0,16,420,0,0,1,1,10,0,710000056,0,000000,0,0
16421,6503424,6510272,0,2,9999,0,16,421,0,0,1,1,10,0,710000053,0,000000,0,0
16422,6503425,6510272,0,2,9999,0,16,422,0,0,1,1,10,0,710000053,0,000000,0,0
16423,6503426,6510272,0,2,9999,0,16,423,0,0,1,1,10,0,710000053,0,000000,0,0
16424,6503427,6510272,0,2,9999,0,16,424,0,0,1,1,10,0,710000053,0,000000,0,0
16425,6503428,6510272,0,2,9999,0,16,425,0,0,1,1,10,0,710000053,0,000000,0,0
16426,6503429,6510272,0,2,9999,0,16,426,0,0,1,1,10,0,710000053,0,000000,0,0
16427,6503430,6510272,0,2,9999,0,16,427,0,0,1,1,10,0,710000053,0,000000,0,0
16428,6503431,6510272,0,2,9999,0,16,428,0,0,1,1,10,0,710000053,0,000000,0,0
16429,6503432,6510272,0,3,9999,0,16,429,0,0,1,1,10,0,710000056,0,000000,0,0
16430,6503433,6510272,0,3,9999,0,16,430,0,0,1,1,10,0,710000056,0,000000,0,0
16431,6503434,6510272,0,3,9999,0,16,431,0,0,1,1,10,0,710000056,0,000000,0,0
16432,6503503,6510272,0,4,9999,0,16,432,0,0,1,1,10,0,710000057,0,000000,0,0
16433,6503529,6510272,0,5,9999,0,16,433,0,0,1,1,10,0,710000057,0,000000,0,0
16434,6503537,6510272,0,4,9999,0,16,379,0,0,1,1,10,0,710000057,0,000000,0,0
16435,6503569,6510272,0,3,9999,0,16,435,0,0,1,1,10,0,710000057,0,000000,0,0
16436,6503570,6510272,0,3,9999,0,16,436,0,0,1,1,10,0,710000057,0,000000,0,0
16437,6503614,6510272,0,2,9999,0,16,380,0,0,1,1,10,0,710000053,0,000000,0,0
16438,6503615,6510272,0,2,9999,0,16,381,0,0,1,1,10,0,710000053,0,000000,0,0
16439,6503616,6510272,0,2,9999,0,16,382,0,0,1,1,10,0,710000053,0,000000,0,0
16440,6503617,6510272,0,2,9999,0,16,383,0,0,1,1,10,0,710000053,0,000000,0,0
16441,6503618,6510272,0,3,9999,0,16,384,0,0,1,1,10,0,710000056,0,000000,0,0
16442,6503619,6510272,0,2,9999,0,16,385,0,0,1,1,10,0,710000053,0,000000,0,0
16443,6503620,6510272,0,2,9999,0,16,386,0,0,1,1,10,0,710000053,0,000000,0,0
16444,6503621,6510272,0,2,9999,0,16,387,0,0,1,1,10,0,710000053,0,000000,0,0
16445,6503622,6510272,0,2,9999,0,16,388,0,0,1,1,10,0,710000053,0,000000,0,0
16446,6503623,6510272,0,3,9999,0,16,389,0,0,1,1,10,0,710000056,0,000000,0,0
16447,6503624,6510272,0,2,9999,0,16,390,0,0,1,1,10,0,710000053,0,000000,0,0
16448,6503625,6510272,0,2,9999,0,16,391,0,0,1,1,10,0,710000053,0,000000,0,0
16449,6503626,6510272,0,2,9999,0,16,392,0,0,1,1,10,0,710000053,0,000000,0,0
16450,6503627,6510272,0,2,9999,0,16,393,0,0,1,1,10,0,710000053,0,000000,0,0
16451,6503628,6510272,0,3,9999,0,16,394,0,0,1,1,10,0,710000056,0,000000,0,0
16452,6503629,6510272,0,2,9999,0,16,395,0,0,1,1,10,0,710000053,0,000000,0,0
16453,6503630,6510272,0,2,9999,0,16,396,0,0,1,1,10,0,710000053,0,000000,0,0
16454,6503631,6510272,0,2,9999,0,16,397,0,0,1,1,10,0,710000053,0,000000,0,0
16455,6503632,6510272,0,2,9999,0,16,398,0,0,1,1,10,0,710000053,0,000000,0,0
16456,6503633,6510272,0,3,9999,0,16,399,0,0,1,1,10,0,710000056,0,000000,0,0
16457,6503634,6510272,0,2,9999,0,16,400,0,0,1,1,10,0,710000053,0,000000,0,0
16458,6503635,6510272,0,2,9999,0,16,401,0,0,1,1,10,0,710000053,0,000000,0,0
16459,6503636,6510272,0,2,9999,0,16,402,0,0,1,1,10,0,710000053,0,000000,0,0
16460,6503637,6510272,0,2,9999,0,16,403,0,0,1,1,10,0,710000053,0,000000,0,0
16461,6503638,6510272,0,3,9999,0,16,404,0,0,1,1,10,0,710000056,0,000000,0,0
16462,6503639,6510272,0,2,9999,0,16,405,0,0,1,1,10,0,710000053,0,000000,0,0
16463,6503640,6510272,0,2,9999,0,16,406,0,0,1,1,10,0,710000053,0,000000,0,0
16464,6503641,6510272,0,2,9999,0,16,407,0,0,1,1,10,0,710000053,0,000000,0,0
16465,6503642,6510272,0,2,9999,0,16,408,0,0,1,1,10,0,710000053,0,000000,0,0
16466,6503643,6510272,0,3,9999,0,16,409,0,0,1,1,10,0,710000056,0,000000,0,0
16467,6503644,6510272,0,2,9999,0,16,410,0,0,1,1,10,0,710000053,0,000000,0,0
16468,6503645,6510272,0,2,9999,0,16,411,0,0,1,1,10,0,710000053,0,000000,0,0
16469,6503646,6510272,0,2,9999,0,16,412,0,0,1,1,10,0,710000053,0,000000,0,0
16470,6503647,6510272,0,2,9999,0,16,413,0,0,1,1,10,0,710000053,0,000000,0,0
16471,6503648,6510272,0,2,9999,0,16,414,0,0,1,1,10,0,710000053,0,000000,0,0
16472,6503649,6510272,0,2,9999,0,16,415,0,0,1,1,10,0,710000053,0,000000,0,0
16473,6503650,6510272,0,2,9999,0,16,416,0,0,1,1,10,0,710000053,0,000000,0,0
16474,6503651,6510272,0,2,9999,0,16,417,0,0,1,1,10,0,710000053,0,000000,0,0
16475,6503652,6510272,0,3,9999,0,16,418,0,0,1,1,10,0,710000056,0,000000,0,0
16476,6503653,6510272,0,3,9999,0,16,419,0,0,1,1,10,0,710000056,0,000000,0,0
16477,6503654,6510272,0,3,9999,0,16,420,0,0,1,1,10,0,710000056,0,000000,0,0
16478,6503655,6510272,0,2,9999,0,16,421,0,0,1,1,10,0,710000053,0,000000,0,0
16479,6503656,6510272,0,2,9999,0,16,422,0,0,1,1,10,0,710000053,0,000000,0,0
16480,6503657,6510272,0,2,9999,0,16,423,0,0,1,1,10,0,710000053,0,000000,0,0
16481,6503658,6510272,0,2,9999,0,16,424,0,0,1,1,10,0,710000053,0,000000,0,0
16482,6503659,6510272,0,2,9999,0,16,425,0,0,1,1,10,0,710000053,0,000000,0,0
16483,6503660,6510272,0,2,9999,0,16,426,0,0,1,1,10,0,710000053,0,000000,0,0
16484,6503661,6510272,0,2,9999,0,16,427,0,0,1,1,10,0,710000053,0,000000,0,0
16485,6503662,6510272,0,2,9999,0,16,428,0,0,1,1,10,0,710000053,0,000000,0,0
16486,6503663,6510272,0,3,9999,0,16,429,0,0,1,1,10,0,710000056,0,000000,0,0
16487,6503664,6510272,0,3,9999,0,16,430,0,0,1,1,10,0,710000056,0,000000,0,0
16488,6503665,6510272,0,3,9999,0,16,431,0,0,1,1,10,0,710000056,0,000000,0,0
16489,6503713,6510272,0,4,9999,0,16,489,0,0,1,1,10,0,710000057,0,000000,0,0
16490,6503766,6510272,0,5,9999,0,16,490,0,0,1,1,10,0,710000057,0,000000,0,0
16491,6503879,6510272,0,2,9999,0,16,380,0,0,1,1,10,0,710000053,0,000000,0,0
16492,6503880,6510272,0,2,9999,0,16,381,0,0,1,1,10,0,710000053,0,000000,0,0
16493,6503881,6510272,0,2,9999,0,16,382,0,0,1,1,10,0,710000053,0,000000,0,0
16494,6503882,6510272,0,2,9999,0,16,383,0,0,1,1,10,0,710000053,0,000000,0,0
16495,6503883,6510272,0,3,9999,0,16,384,0,0,1,1,10,0,710000056,0,000000,0,0
16496,6503884,6510272,0,2,9999,0,16,385,0,0,1,1,10,0,710000053,0,000000,0,0
16497,6503885,6510272,0,2,9999,0,16,386,0,0,1,1,10,0,710000053,0,000000,0,0
16498,6503886,6510272,0,2,9999,0,16,387,0,0,1,1,10,0,710000053,0,000000,0,0
16499,6503887,6510272,0,2,9999,0,16,388,0,0,1,1,10,0,710000053,0,000000,0,0
16500,6503888,6510272,0,3,9999,0,16,389,0,0,1,1,10,0,710000056,0,000000,0,0
16501,6503889,6510272,0,2,9999,0,16,390,0,0,1,1,10,0,710000053,0,000000,0,0
16502,6503890,6510272,0,2,9999,0,16,391,0,0,1,1,10,0,710000053,0,000000,0,0
16503,6503891,6510272,0,2,9999,0,16,392,0,0,1,1,10,0,710000053,0,000000,0,0
16504,6503892,6510272,0,2,9999,0,16,393,0,0,1,1,10,0,710000053,0,000000,0,0
16505,6503893,6510272,0,3,9999,0,16,394,0,0,1,1,10,0,710000056,0,000000,0,0
16506,6503894,6510272,0,2,9999,0,16,395,0,0,1,1,10,0,710000053,0,000000,0,0
16507,6503895,6510272,0,2,9999,0,16,396,0,0,1,1,10,0,710000053,0,000000,0,0
16508,6503896,6510272,0,2,9999,0,16,397,0,0,1,1,10,0,710000053,0,000000,0,0
16509,6503897,6510272,0,2,9999,0,16,398,0,0,1,1,10,0,710000053,0,000000,0,0
16510,6503898,6510272,0,3,9999,0,16,399,0,0,1,1,10,0,710000056,0,000000,0,0
16511,6503899,6510272,0,2,9999,0,16,400,0,0,1,1,10,0,710000053,0,000000,0,0
16512,6503900,6510272,0,2,9999,0,16,401,0,0,1,1,10,0,710000053,0,000000,0,0
16513,6503901,6510272,0,2,9999,0,16,402,0,0,1,1,10,0,710000053,0,000000,0,0
16514,6503902,6510272,0,2,9999,0,16,403,0,0,1,1,10,0,710000053,0,000000,0,0
16515,6503903,6510272,0,3,9999,0,16,404,0,0,1,1,10,0,710000056,0,000000,0,0
16516,6503904,6510272,0,2,9999,0,16,405,0,0,1,1,10,0,710000053,0,000000,0,0
16517,6503905,6510272,0,2,9999,0,16,406,0,0,1,1,10,0,710000053,0,000000,0,0
16518,6503906,6510272,0,2,9999,0,16,407,0,0,1,1,10,0,710000053,0,000000,0,0
16519,6503907,6510272,0,2,9999,0,16,408,0,0,1,1,10,0,710000053,0,000000,0,0
16520,6503908,6510272,0,3,9999,0,16,409,0,0,1,1,10,0,710000056,0,000000,0,0
16521,6503909,6510272,0,2,9999,0,16,410,0,0,1,1,10,0,710000053,0,000000,0,0
16522,6503910,6510272,0,2,9999,0,16,411,0,0,1,1,10,0,710000053,0,000000,0,0
16523,6503911,6510272,0,2,9999,0,16,412,0,0,1,1,10,0,710000053,0,000000,0,0
16524,6503912,6510272,0,2,9999,0,16,413,0,0,1,1,10,0,710000053,0,000000,0,0
16525,6503913,6510272,0,2,9999,0,16,414,0,0,1,1,10,0,710000053,0,000000,0,0
16526,6503914,6510272,0,2,9999,0,16,415,0,0,1,1,10,0,710000053,0,000000,0,0
16527,6503915,6510272,0,2,9999,0,16,416,0,0,1,1,10,0,710000053,0,000000,0,0
16528,6503916,6510272,0,2,9999,0,16,417,0,0,1,1,10,0,710000053,0,000000,0,0
16529,6503917,6510272,0,3,9999,0,16,418,0,0,1,1,10,0,710000056,0,000000,0,0
16530,6503918,6510272,0,3,9999,0,16,419,0,0,1,1,10,0,710000056,0,000000,0,0
16531,6503919,6510272,0,3,9999,0,16,420,0,0,1,1,10,0,710000056,0,000000,0,0
16532,6503920,6510272,0,2,9999,0,16,421,0,0,1,1,10,0,710000053,0,000000,0,0
16533,6503921,6510272,0,2,9999,0,16,422,0,0,1,1,10,0,710000053,0,000000,0,0
16534,6503922,6510272,0,2,9999,0,16,423,0,0,1,1,10,0,710000053,0,000000,0,0
16535,6503923,6510272,0,2,9999,0,16,424,0,0,1,1,10,0,710000053,0,000000,0,0
16536,6503924,6510272,0,2,9999,0,16,425,0,0,1,1,10,0,710000053,0,000000,0,0
16537,6503925,6510272,0,2,9999,0,16,426,0,0,1,1,10,0,710000053,0,000000,0,0
16538,6503926,6510272,0,2,9999,0,16,427,0,0,1,1,10,0,710000053,0,000000,0,0
16539,6503927,6510272,0,2,9999,0,16,428,0,0,1,1,10,0,710000053,0,000000,0,0
16540,6503928,6510272,0,3,9999,0,16,429,0,0,1,1,10,0,710000056,0,000000,0,0
16541,6503929,6510272,0,3,9999,0,16,430,0,0,1,1,10,0,710000056,0,000000,0,0
16542,6503930,6510272,0,3,9999,0,16,431,0,0,1,1,10,0,710000056,0,000000,0,0
16543,6504016,6510272,0,4,9999,0,16,543,0,0,1,1,10,0,710000057,0,000000,0,0
16544,6504017,6510272,0,4,9999,0,16,544,0,0,1,1,10,0,710000057,0,000000,0,0
16545,6504052,6510272,0,5,9999,0,16,545,0,0,1,1,10,0,710000057,0,000000,0,0
16546,6504073,6510272,0,4,9999,0,16,379,0,0,1,1,10,0,710000057,0,000000,0,0
16547,6504090,6510272,0,2,9999,0,16,380,0,0,1,1,10,0,710000053,0,000000,0,0
16548,6504091,6510272,0,2,9999,0,16,381,0,0,1,1,10,0,710000053,0,000000,0,0
16549,6504092,6510272,0,2,9999,0,16,382,0,0,1,1,10,0,710000053,0,000000,0,0
16550,6504093,6510272,0,2,9999,0,16,383,0,0,1,1,10,0,710000053,0,000000,0,0
16551,6504094,6510272,0,3,9999,0,16,384,0,0,1,1,10,0,710000056,0,000000,0,0
16552,6504095,6510272,0,2,9999,0,16,385,0,0,1,1,10,0,710000053,0,000000,0,0
16553,6504096,6510272,0,2,9999,0,16,386,0,0,1,1,10,0,710000053,0,000000,0,0
16554,6504097,6510272,0,2,9999,0,16,387,0,0,1,1,10,0,710000053,0,000000,0,0
16555,6504098,6510272,0,2,9999,0,16,388,0,0,1,1,10,0,710000053,0,000000,0,0
16556,6504099,6510272,0,3,9999,0,16,389,0,0,1,1,10,0,710000056,0,000000,0,0
16557,6504100,6510272,0,2,9999,0,16,390,0,0,1,1,10,0,710000053,0,000000,0,0
16558,6504101,6510272,0,2,9999,0,16,391,0,0,1,1,10,0,710000053,0,000000,0,0
16559,6504102,6510272,0,2,9999,0,16,392,0,0,1,1,10,0,710000053,0,000000,0,0
16560,6504103,6510272,0,2,9999,0,16,393,0,0,1,1,10,0,710000053,0,000000,0,0
16561,6504104,6510272,0,3,9999,0,16,394,0,0,1,1,10,0,710000056,0,000000,0,0
16562,6504105,6510272,0,2,9999,0,16,395,0,0,1,1,10,0,710000053,0,000000,0,0
16563,6504106,6510272,0,2,9999,0,16,396,0,0,1,1,10,0,710000053,0,000000,0,0
16564,6504107,6510272,0,2,9999,0,16,397,0,0,1,1,10,0,710000053,0,000000,0,0
16565,6504108,6510272,0,2,9999,0,16,398,0,0,1,1,10,0,710000053,0,000000,0,0
16566,6504109,6510272,0,3,9999,0,16,399,0,0,1,1,10,0,710000056,0,000000,0,0
16567,6504110,6510272,0,2,9999,0,16,400,0,0,1,1,10,0,710000053,0,000000,0,0
16568,6504111,6510272,0,2,9999,0,16,401,0,0,1,1,10,0,710000053,0,000000,0,0
16569,6504112,6510272,0,2,9999,0,16,402,0,0,1,1,10,0,710000053,0,000000,0,0
16570,6504113,6510272,0,2,9999,0,16,403,0,0,1,1,10,0,710000053,0,000000,0,0
16571,6504114,6510272,0,3,9999,0,16,404,0,0,1,1,10,0,710000056,0,000000,0,0
16572,6504115,6510272,0,2,9999,0,16,405,0,0,1,1,10,0,710000053,0,000000,0,0
16573,6504116,6510272,0,2,9999,0,16,406,0,0,1,1,10,0,710000053,0,000000,0,0
16574,6504117,6510272,0,2,9999,0,16,407,0,0,1,1,10,0,710000053,0,000000,0,0
16575,6504118,6510272,0,2,9999,0,16,408,0,0,1,1,10,0,710000053,0,000000,0,0
16576,6504119,6510272,0,3,9999,0,16,409,0,0,1,1,10,0,710000056,0,000000,0,0
16577,6504120,6510272,0,2,9999,0,16,410,0,0,1,1,10,0,710000053,0,000000,0,0
16578,6504121,6510272,0,2,9999,0,16,411,0,0,1,1,10,0,710000053,0,000000,0,0
16579,6504122,6510272,0,2,9999,0,16,412,0,0,1,1,10,0,710000053,0,000000,0,0
16580,6504123,6510272,0,2,9999,0,16,413,0,0,1,1,10,0,710000053,0,000000,0,0
16581,6504124,6510272,0,2,9999,0,16,414,0,0,1,1,10,0,710000053,0,000000,0,0
16582,6504125,6510272,0,2,9999,0,16,415,0,0,1,1,10,0,710000053,0,000000,0,0
16583,6504126,6510272,0,2,9999,0,16,416,0,0,1,1,10,0,710000053,0,000000,0,0
16584,6504127,6510272,0,2,9999,0,16,417,0,0,1,1,10,0,710000053,0,000000,0,0
16585,6504128,6510272,0,3,9999,0,16,418,0,0,1,1,10,0,710000056,0,000000,0,0
16586,6504129,6510272,0,3,9999,0,16,419,0,0,1,1,10,0,710000056,0,000000,0,0
16587,6504130,6510272,0,3,9999,0,16,420,0,0,1,1,10,0,710000056,0,000000,0,0
16588,6504131,6510272,0,2,9999,0,16,421,0,0,1,1,10,0,710000053,0,000000,0,0
16589,6504132,6510272,0,2,9999,0,16,422,0,0,1,1,10,0,710000053,0,000000,0,0
16590,6504133,6510272,0,2,9999,0,16,423,0,0,1,1,10,0,710000053,0,000000,0,0
16591,6504134,6510272,0,2,9999,0,16,424,0,0,1,1,10,0,710000053,0,000000,0,0
16592,6504135,6510272,0,2,9999,0,16,425,0,0,1,1,10,0,710000053,0,000000,0,0
16593,6504136,6510272,0,2,9999,0,16,426,0,0,1,1,10,0,710000053,0,000000,0,0
16594,6504137,6510272,0,2,9999,0,16,427,0,0,1,1,10,0,710000053,0,000000,0,0
16595,6504138,6510272,0,2,9999,0,16,428,0,0,1,1,10,0,710000053,0,000000,0,0
16596,6504139,6510272,0,3,9999,0,16,429,0,0,1,1,10,0,710000056,0,000000,0,0
16597,6504140,6510272,0,3,9999,0,16,430,0,0,1,1,10,0,710000056,0,000000,0,0
16598,6504141,6510272,0,3,9999,0,16,431,0,0,1,1,10,0,710000056,0,000000,0,0
16599,6504276,6510272,0,2,9999,0,16,432,0,0,1,1,10,0,710000053,0,000000,0,0
16600,6504277,6510272,0,2,9999,0,16,433,0,0,1,1,10,0,710000053,0,000000,0,0
16601,6504278,6510272,0,2,9999,0,16,434,0,0,1,1,10,0,710000053,0,000000,0,0
16602,6504279,6510272,0,2,9999,0,16,435,0,0,1,1,10,0,710000053,0,000000,0,0
16603,6504280,6510272,0,3,9999,0,16,436,0,0,1,1,10,0,710000056,0,000000,0,0
16604,6504281,6510272,0,2,9999,0,16,437,0,0,1,1,10,0,710000053,0,000000,0,0
16605,6504282,6510272,0,2,9999,0,16,438,0,0,1,1,10,0,710000053,0,000000,0,0
16606,6504283,6510272,0,2,9999,0,16,439,0,0,1,1,10,0,710000053,0,000000,0,0
16607,6504284,6510272,0,2,9999,0,16,440,0,0,1,1,10,0,710000053,0,000000,0,0
16608,6504285,6510272,0,3,9999,0,16,441,0,0,1,1,10,0,710000056,0,000000,0,0
16609,6504286,6510272,0,2,9999,0,16,442,0,0,1,1,10,0,710000053,0,000000,0,0
16610,6504287,6510272,0,2,9999,0,16,443,0,0,1,1,10,0,710000053,0,000000,0,0
16611,6504288,6510272,0,2,9999,0,16,444,0,0,1,1,10,0,710000053,0,000000,0,0
16612,6504289,6510272,0,2,9999,0,16,445,0,0,1,1,10,0,710000053,0,000000,0,0
16613,6504290,6510272,0,3,9999,0,16,446,0,0,1,1,10,0,710000056,0,000000,0,0
16614,6504291,6510272,0,2,9999,0,16,447,0,0,1,1,10,0,710000053,0,000000,0,0
16615,6504292,6510272,0,2,9999,0,16,448,0,0,1,1,10,0,710000053,0,000000,0,0
16616,6504293,6510272,0,2,9999,0,16,449,0,0,1,1,10,0,710000053,0,000000,0,0
16617,6504294,6510272,0,2,9999,0,16,450,0,0,1,1,10,0,710000053,0,000000,0,0
16618,6504295,6510272,0,3,9999,0,16,451,0,0,1,1,10,0,710000056,0,000000,0,0
16619,6504296,6510272,0,2,9999,0,16,452,0,0,1,1,10,0,710000053,0,000000,0,0
16620,6504297,6510272,0,2,9999,0,16,453,0,0,1,1,10,0,710000053,0,000000,0,0
16621,6504298,6510272,0,2,9999,0,16,454,0,0,1,1,10,0,710000053,0,000000,0,0
16622,6504299,6510272,0,2,9999,0,16,455,0,0,1,1,10,0,710000053,0,000000,0,0
16623,6504300,6510272,0,3,9999,0,16,456,0,0,1,1,10,0,710000056,0,000000,0,0
16624,6504301,6510272,0,2,9999,0,16,457,0,0,1,1,10,0,710000053,0,000000,0,0
16625,6504302,6510272,0,2,9999,0,16,458,0,0,1,1,10,0,710000053,0,000000,0,0
16626,6504303,6510272,0,2,9999,0,16,459,0,0,1,1,10,0,710000053,0,000000,0,0
16627,6504304,6510272,0,2,9999,0,16,460,0,0,1,1,10,0,710000053,0,000000,0,0
16628,6504305,6510272,0,3,9999,0,16,461,0,0,1,1,10,0,710000056,0,000000,0,0
16629,6504306,6510272,0,2,9999,0,16,462,0,0,1,1,10,0,710000053,0,000000,0,0
16630,6504307,6510272,0,2,9999,0,16,463,0,0,1,1,10,0,710000053,0,000000,0,0
16631,6504308,6510272,0,2,9999,0,16,464,0,0,1,1,10,0,710000053,0,000000,0,0
16632,6504309,6510272,0,2,9999,0,16,465,0,0,1,1,10,0,710000053,0,000000,0,0
16633,6504310,6510272,0,2,9999,0,16,466,0,0,1,1,10,0,710000053,0,000000,0,0
16634,6504311,6510272,0,2,9999,0,16,467,0,0,1,1,10,0,710000053,0,000000,0,0
16635,6504312,6510272,0,2,9999,0,16,468,0,0,1,1,10,0,710000053,0,000000,0,0
16636,6504313,6510272,0,2,9999,0,16,469,0,0,1,1,10,0,710000053,0,000000,0,0
16637,6504314,6510272,0,3,9999,0,16,470,0,0,1,1,10,0,710000056,0,000000,0,0
16638,6504315,6510272,0,3,9999,0,16,471,0,0,1,1,10,0,710000056,0,000000,0,0
16639,6504316,6510272,0,3,9999,0,16,472,0,0,1,1,10,0,710000056,0,000000,0,0
16640,6504317,6510272,0,2,9999,0,16,473,0,0,1,1,10,0,710000053,0,000000,0,0
16641,6504318,6510272,0,2,9999,0,16,474,0,0,1,1,10,0,710000053,0,000000,0,0
16642,6504319,6510272,0,2,9999,0,16,475,0,0,1,1,10,0,710000053,0,000000,0,0
16643,6504320,6510272,0,2,9999,0,16,476,0,0,1,1,10,0,710000053,0,000000,0,0
16644,6504321,6510272,0,2,9999,0,16,477,0,0,1,1,10,0,710000053,0,000000,0,0
16645,6504322,6510272,0,2,9999,0,16,478,0,0,1,1,10,0,710000053,0,000000,0,0
16646,6504323,6510272,0,2,9999,0,16,479,0,0,1,1,10,0,710000053,0,000000,0,0
16647,6504324,6510272,0,2,9999,0,16,480,0,0,1,1,10,0,710000053,0,000000,0,0
16648,6504325,6510272,0,3,9999,0,16,481,0,0,1,1,10,0,710000056,0,000000,0,0
16649,6504326,6510272,0,3,9999,0,16,482,0,0,1,1,10,0,710000056,0,000000,0,0
16650,6504327,6510272,0,3,9999,0,16,483,0,0,1,1,10,0,710000056,0,000000,0,0
16651,6504193,6510272,0,4,9999,0,16,651,0,0,1,1,10,0,710000057,0,000000,0,0
16652,6504264,6510272,0,3,9999,0,16,652,0,0,1,1,10,0,710000057,0,000000,0,0
16653,6504495,6510272,0,2,9999,0,16,432,0,0,1,1,10,0,710000053,0,000000,0,0
16654,6504496,6510272,0,2,9999,0,16,433,0,0,1,1,10,0,710000053,0,000000,0,0
16655,6504497,6510272,0,2,9999,0,16,434,0,0,1,1,10,0,710000053,0,000000,0,0
16656,6504498,6510272,0,2,9999,0,16,435,0,0,1,1,10,0,710000053,0,000000,0,0
16657,6504499,6510272,0,3,9999,0,16,436,0,0,1,1,10,0,710000056,0,000000,0,0
16658,6504500,6510272,0,2,9999,0,16,437,0,0,1,1,10,0,710000053,0,000000,0,0
16659,6504501,6510272,0,2,9999,0,16,438,0,0,1,1,10,0,710000053,0,000000,0,0
16660,6504502,6510272,0,2,9999,0,16,439,0,0,1,1,10,0,710000053,0,000000,0,0
16661,6504503,6510272,0,2,9999,0,16,440,0,0,1,1,10,0,710000053,0,000000,0,0
16662,6504504,6510272,0,3,9999,0,16,441,0,0,1,1,10,0,710000056,0,000000,0,0
16663,6504505,6510272,0,2,9999,0,16,442,0,0,1,1,10,0,710000053,0,000000,0,0
16664,6504506,6510272,0,2,9999,0,16,443,0,0,1,1,10,0,710000053,0,000000,0,0
16665,6504507,6510272,0,2,9999,0,16,444,0,0,1,1,10,0,710000053,0,000000,0,0
16666,6504508,6510272,0,2,9999,0,16,445,0,0,1,1,10,0,710000053,0,000000,0,0
16667,6504509,6510272,0,3,9999,0,16,446,0,0,1,1,10,0,710000056,0,000000,0,0
16668,6504510,6510272,0,2,9999,0,16,447,0,0,1,1,10,0,710000053,0,000000,0,0
16669,6504511,6510272,0,2,9999,0,16,448,0,0,1,1,10,0,710000053,0,000000,0,0
16670,6504512,6510272,0,2,9999,0,16,449,0,0,1,1,10,0,710000053,0,000000,0,0
16671,6504513,6510272,0,2,9999,0,16,450,0,0,1,1,10,0,710000053,0,000000,0,0
16672,6504514,6510272,0,3,9999,0,16,451,0,0,1,1,10,0,710000056,0,000000,0,0
16673,6504515,6510272,0,2,9999,0,16,452,0,0,1,1,10,0,710000053,0,000000,0,0
16674,6504516,6510272,0,2,9999,0,16,453,0,0,1,1,10,0,710000053,0,000000,0,0
16675,6504517,6510272,0,2,9999,0,16,454,0,0,1,1,10,0,710000053,0,000000,0,0
16676,6504518,6510272,0,2,9999,0,16,455,0,0,1,1,10,0,710000053,0,000000,0,0
16677,6504519,6510272,0,3,9999,0,16,456,0,0,1,1,10,0,710000056,0,000000,0,0
16678,6504520,6510272,0,2,9999,0,16,457,0,0,1,1,10,0,710000053,0,000000,0,0
16679,6504521,6510272,0,2,9999,0,16,458,0,0,1,1,10,0,710000053,0,000000,0,0
16680,6504522,6510272,0,2,9999,0,16,459,0,0,1,1,10,0,710000053,0,000000,0,0
16681,6504523,6510272,0,2,9999,0,16,460,0,0,1,1,10,0,710000053,0,000000,0,0
16682,6504524,6510272,0,3,9999,0,16,461,0,0,1,1,10,0,710000056,0,000000,0,0
16683,6504525,6510272,0,2,9999,0,16,462,0,0,1,1,10,0,710000053,0,000000,0,0
16684,6504526,6510272,0,2,9999,0,16,463,0,0,1,1,10,0,710000053,0,000000,0,0
16685,6504527,6510272,0,2,9999,0,16,464,0,0,1,1,10,0,710000053,0,000000,0,0
16686,6504528,6510272,0,2,9999,0,16,465,0,0,1,1,10,0,710000053,0,000000,0,0
16687,6504529,6510272,0,2,9999,0,16,466,0,0,1,1,10,0,710000053,0,000000,0,0
16688,6504530,6510272,0,2,9999,0,16,467,0,0,1,1,10,0,710000053,0,000000,0,0
16689,6504531,6510272,0,2,9999,0,16,468,0,0,1,1,10,0,710000053,0,000000,0,0
16690,6504532,6510272,0,2,9999,0,16,469,0,0,1,1,10,0,710000053,0,000000,0,0
16691,6504533,6510272,0,3,9999,0,16,470,0,0,1,1,10,0,710000056,0,000000,0,0
16692,6504534,6510272,0,3,9999,0,16,471,0,0,1,1,10,0,710000056,0,000000,0,0
16693,6504535,6510272,0,3,9999,0,16,472,0,0,1,1,10,0,710000056,0,000000,0,0
16694,6504536,6510272,0,2,9999,0,16,473,0,0,1,1,10,0,710000053,0,000000,0,0
16695,6504537,6510272,0,2,9999,0,16,474,0,0,1,1,10,0,710000053,0,000000,0,0
16696,6504538,6510272,0,2,9999,0,16,475,0,0,1,1,10,0,710000053,0,000000,0,0
16697,6504539,6510272,0,2,9999,0,16,476,0,0,1,1,10,0,710000053,0,000000,0,0
16698,6504540,6510272,0,2,9999,0,16,477,0,0,1,1,10,0,710000053,0,000000,0,0
16699,6504541,6510272,0,2,9999,0,16,478,0,0,1,1,10,0,710000053,0,000000,0,0
16700,6504542,6510272,0,2,9999,0,16,479,0,0,1,1,10,0,710000053,0,000000,0,0
16701,6504543,6510272,0,2,9999,0,16,480,0,0,1,1,10,0,710000053,0,000000,0,0
16702,6504544,6510272,0,3,9999,0,16,481,0,0,1,1,10,0,710000056,0,000000,0,0
16703,6504545,6510272,0,3,9999,0,16,482,0,0,1,1,10,0,710000056,0,000000,0,0
16704,6504546,6510272,0,3,9999,0,16,483,0,0,1,1,10,0,710000056,0,000000,0,0
16705,6504791,6510272,0,4,9999,0,16,379,0,0,1,1,10,0,710000057,0,000000,0,0
16706,6504856,6510272,0,2,9999,0,16,432,0,0,1,1,10,0,710000053,0,000000,0,0
16707,6504857,6510272,0,2,9999,0,16,433,0,0,1,1,10,0,710000053,0,000000,0,0
16708,6504858,6510272,0,2,9999,0,16,434,0,0,1,1,10,0,710000053,0,000000,0,0
16709,6504859,6510272,0,2,9999,0,16,435,0,0,1,1,10,0,710000053,0,000000,0,0
16710,6504860,6510272,0,3,9999,0,16,436,0,0,1,1,10,0,710000056,0,000000,0,0
16711,6504861,6510272,0,2,9999,0,16,437,0,0,1,1,10,0,710000053,0,000000,0,0
16712,6504862,6510272,0,2,9999,0,16,438,0,0,1,1,10,0,710000053,0,000000,0,0
16713,6504863,6510272,0,2,9999,0,16,439,0,0,1,1,10,0,710000053,0,000000,0,0
16714,6504864,6510272,0,2,9999,0,16,440,0,0,1,1,10,0,710000053,0,000000,0,0
16715,6504865,6510272,0,3,9999,0,16,441,0,0,1,1,10,0,710000056,0,000000,0,0
16716,6504866,6510272,0,2,9999,0,16,442,0,0,1,1,10,0,710000053,0,000000,0,0
16717,6504867,6510272,0,2,9999,0,16,443,0,0,1,1,10,0,710000053,0,000000,0,0
16718,6504868,6510272,0,2,9999,0,16,444,0,0,1,1,10,0,710000053,0,000000,0,0
16719,6504869,6510272,0,2,9999,0,16,445,0,0,1,1,10,0,710000053,0,000000,0,0
16720,6504870,6510272,0,3,9999,0,16,446,0,0,1,1,10,0,710000056,0,000000,0,0
16721,6504871,6510272,0,2,9999,0,16,447,0,0,1,1,10,0,710000053,0,000000,0,0
16722,6504872,6510272,0,2,9999,0,16,448,0,0,1,1,10,0,710000053,0,000000,0,0
16723,6504873,6510272,0,2,9999,0,16,449,0,0,1,1,10,0,710000053,0,000000,0,0
16724,6504874,6510272,0,2,9999,0,16,450,0,0,1,1,10,0,710000053,0,000000,0,0
16725,6504875,6510272,0,3,9999,0,16,451,0,0,1,1,10,0,710000056,0,000000,0,0
16726,6504876,6510272,0,2,9999,0,16,452,0,0,1,1,10,0,710000053,0,000000,0,0
16727,6504877,6510272,0,2,9999,0,16,453,0,0,1,1,10,0,710000053,0,000000,0,0
16728,6504878,6510272,0,2,9999,0,16,454,0,0,1,1,10,0,710000053,0,000000,0,0
16729,6504879,6510272,0,2,9999,0,16,455,0,0,1,1,10,0,710000053,0,000000,0,0
16730,6504880,6510272,0,3,9999,0,16,456,0,0,1,1,10,0,710000056,0,000000,0,0
16731,6504881,6510272,0,2,9999,0,16,457,0,0,1,1,10,0,710000053,0,000000,0,0
16732,6504882,6510272,0,2,9999,0,16,458,0,0,1,1,10,0,710000053,0,000000,0,0
16733,6504883,6510272,0,2,9999,0,16,459,0,0,1,1,10,0,710000053,0,000000,0,0
16734,6504884,6510272,0,2,9999,0,16,460,0,0,1,1,10,0,710000053,0,000000,0,0
16735,6504885,6510272,0,3,9999,0,16,461,0,0,1,1,10,0,710000056,0,000000,0,0
16736,6504886,6510272,0,2,9999,0,16,462,0,0,1,1,10,0,710000053,0,000000,0,0
16737,6504887,6510272,0,2,9999,0,16,463,0,0,1,1,10,0,710000053,0,000000,0,0
16738,6504888,6510272,0,2,9999,0,16,464,0,0,1,1,10,0,710000053,0,000000,0,0
16739,6504889,6510272,0,2,9999,0,16,465,0,0,1,1,10,0,710000053,0,000000,0,0
16740,6504890,6510272,0,2,9999,0,16,466,0,0,1,1,10,0,710000053,0,000000,0,0
16741,6504891,6510272,0,2,9999,0,16,467,0,0,1,1,10,0,710000053,0,000000,0,0
16742,6504892,6510272,0,2,9999,0,16,468,0,0,1,1,10,0,710000053,0,000000,0,0
16743,6504893,6510272,0,2,9999,0,16,469,0,0,1,1,10,0,710000053,0,000000,0,0
16744,6504894,6510272,0,3,9999,0,16,470,0,0,1,1,10,0,710000056,0,000000,0,0
16745,6504895,6510272,0,3,9999,0,16,471,0,0,1,1,10,0,710000056,0,000000,0,0
16746,6504896,6510272,0,3,9999,0,16,472,0,0,1,1,10,0,710000056,0,000000,0,0
16747,6504897,6510272,0,2,9999,0,16,473,0,0,1,1,10,0,710000053,0,000000,0,0
16748,6504898,6510272,0,2,9999,0,16,474,0,0,1,1,10,0,710000053,0,000000,0,0
16749,6504899,6510272,0,2,9999,0,16,475,0,0,1,1,10,0,710000053,0,000000,0,0
16750,6504900,6510272,0,2,9999,0,16,476,0,0,1,1,10,0,710000053,0,000000,0,0
16751,6504901,6510272,0,2,9999,0,16,477,0,0,1,1,10,0,710000053,0,000000,0,0
16752,6504902,6510272,0,2,9999,0,16,478,0,0,1,1,10,0,710000053,0,000000,0,0
16753,6504903,6510272,0,2,9999,0,16,479,0,0,1,1,10,0,710000053,0,000000,0,0
16754,6504904,6510272,0,2,9999,0,16,480,0,0,1,1,10,0,710000053,0,000000,0,0
16755,6504905,6510272,0,3,9999,0,16,481,0,0,1,1,10,0,710000056,0,000000,0,0
16756,6504906,6510272,0,3,9999,0,16,482,0,0,1,1,10,0,710000056,0,000000,0,0
16757,6504907,6510272,0,3,9999,0,16,483,0,0,1,1,10,0,710000056,0,000000,0,0
16758,6505073,6510272,0,5,9999,0,16,758,0,0,1,1,10,0,710000057,0,000000,0,0
16759,6505074,6510272,0,5,9999,0,16,759,0,0,1,1,10,0,710000057,0,000000,0,0
16760,6505119,6510272,0,5,9999,0,16,760,0,0,1,1,10,0,710000057,0,000000,0,0
16761,6505155,6510272,0,2,9999,0,16,432,0,0,1,1,10,0,710000053,0,000000,0,0
16762,6505156,6510272,0,2,9999,0,16,433,0,0,1,1,10,0,710000053,0,000000,0,0
16763,6505157,6510272,0,2,9999,0,16,434,0,0,1,1,10,0,710000053,0,000000,0,0
16764,6505158,6510272,0,2,9999,0,16,435,0,0,1,1,10,0,710000053,0,000000,0,0
16765,6505159,6510272,0,3,9999,0,16,436,0,0,1,1,10,0,710000056,0,000000,0,0
16766,6505160,6510272,0,2,9999,0,16,437,0,0,1,1,10,0,710000053,0,000000,0,0
16767,6505161,6510272,0,2,9999,0,16,438,0,0,1,1,10,0,710000053,0,000000,0,0
16768,6505162,6510272,0,2,9999,0,16,439,0,0,1,1,10,0,710000053,0,000000,0,0
16769,6505163,6510272,0,2,9999,0,16,440,0,0,1,1,10,0,710000053,0,000000,0,0
16770,6505164,6510272,0,3,9999,0,16,441,0,0,1,1,10,0,710000056,0,000000,0,0
16771,6505165,6510272,0,2,9999,0,16,442,0,0,1,1,10,0,710000053,0,000000,0,0
16772,6505166,6510272,0,2,9999,0,16,443,0,0,1,1,10,0,710000053,0,000000,0,0
16773,6505167,6510272,0,2,9999,0,16,444,0,0,1,1,10,0,710000053,0,000000,0,0
16774,6505168,6510272,0,2,9999,0,16,445,0,0,1,1,10,0,710000053,0,000000,0,0
16775,6505169,6510272,0,3,9999,0,16,446,0,0,1,1,10,0,710000056,0,000000,0,0
16776,6505170,6510272,0,2,9999,0,16,447,0,0,1,1,10,0,710000053,0,000000,0,0
16777,6505171,6510272,0,2,9999,0,16,448,0,0,1,1,10,0,710000053,0,000000,0,0
16778,6505172,6510272,0,2,9999,0,16,449,0,0,1,1,10,0,710000053,0,000000,0,0
16779,6505173,6510272,0,2,9999,0,16,450,0,0,1,1,10,0,710000053,0,000000,0,0
16780,6505174,6510272,0,3,9999,0,16,451,0,0,1,1,10,0,710000056,0,000000,0,0
16781,6505175,6510272,0,2,9999,0,16,452,0,0,1,1,10,0,710000053,0,000000,0,0
16782,6505176,6510272,0,2,9999,0,16,453,0,0,1,1,10,0,710000053,0,000000,0,0
16783,6505177,6510272,0,2,9999,0,16,454,0,0,1,1,10,0,710000053,0,000000,0,0
16784,6505178,6510272,0,2,9999,0,16,455,0,0,1,1,10,0,710000053,0,000000,0,0
16785,6505179,6510272,0,3,9999,0,16,456,0,0,1,1,10,0,710000056,0,000000,0,0
16786,6505180,6510272,0,2,9999,0,16,457,0,0,1,1,10,0,710000053,0,000000,0,0
16787,6505181,6510272,0,2,9999,0,16,458,0,0,1,1,10,0,710000053,0,000000,0,0
16788,6505182,6510272,0,2,9999,0,16,459,0,0,1,1,10,0,710000053,0,000000,0,0
16789,6505183,6510272,0,2,9999,0,16,460,0,0,1,1,10,0,710000053,0,000000,0,0
16790,6505184,6510272,0,3,9999,0,16,461,0,0,1,1,10,0,710000056,0,000000,0,0
16791,6505185,6510272,0,2,9999,0,16,462,0,0,1,1,10,0,710000053,0,000000,0,0
16792,6505186,6510272,0,2,9999,0,16,463,0,0,1,1,10,0,710000053,0,000000,0,0
16793,6505187,6510272,0,2,9999,0,16,464,0,0,1,1,10,0,710000053,0,000000,0,0
16794,6505188,6510272,0,2,9999,0,16,465,0,0,1,1,10,0,710000053,0,000000,0,0
16795,6505189,6510272,0,2,9999,0,16,466,0,0,1,1,10,0,710000053,0,000000,0,0
16796,6505190,6510272,0,2,9999,0,16,467,0,0,1,1,10,0,710000053,0,000000,0,0
16797,6505191,6510272,0,2,9999,0,16,468,0,0,1,1,10,0,710000053,0,000000,0,0
16798,6505192,6510272,0,2,9999,0,16,469,0,0,1,1,10,0,710000053,0,000000,0,0
16799,6505193,6510272,0,3,9999,0,16,470,0,0,1,1,10,0,710000056,0,000000,0,0
16800,6505194,6510272,0,3,9999,0,16,471,0,0,1,1,10,0,710000056,0,000000,0,0
16801,6505195,6510272,0,3,9999,0,16,472,0,0,1,1,10,0,710000056,0,000000,0,0
16802,6505196,6510272,0,2,9999,0,16,473,0,0,1,1,10,0,710000053,0,000000,0,0
16803,6505197,6510272,0,2,9999,0,16,474,0,0,1,1,10,0,710000053,0,000000,0,0
16804,6505198,6510272,0,2,9999,0,16,475,0,0,1,1,10,0,710000053,0,000000,0,0
16805,6505199,6510272,0,2,9999,0,16,476,0,0,1,1,10,0,710000053,0,000000,0,0
16806,6505200,6510272,0,2,9999,0,16,477,0,0,1,1,10,0,710000053,0,000000,0,0
16807,6505201,6510272,0,2,9999,0,16,478,0,0,1,1,10,0,710000053,0,000000,0,0
16808,6505202,6510272,0,2,9999,0,16,479,0,0,1,1,10,0,710000053,0,000000,0,0
16809,6505203,6510272,0,2,9999,0,16,480,0,0,1,1,10,0,710000053,0,000000,0,0
16810,6505204,6510272,0,3,9999,0,16,481,0,0,1,1,10,0,710000056,0,000000,0,0
16811,6505205,6510272,0,3,9999,0,16,482,0,0,1,1,10,0,710000056,0,000000,0,0
16812,6505206,6510272,0,3,9999,0,16,483,0,0,1,1,10,0,710000056,0,000000,0,0
16813,6505229,6510272,0,5,9999,0,16,813,0,0,1,1,10,0,710000057,0,000000,0,0
16814,6505230,6510272,0,5,9999,0,16,814,0,0,1,1,10,0,710000057,0,000000,0,0
16815,6505278,6510272,0,4,9999,0,16,815,0,0,1,1,10,0,710000057,0,000000,0,0
16816,6505279,6510272,0,4,9999,0,16,816,0,0,1,1,10,0,710000057,0,000000,0,0
16817,6505300,6510272,0,3,9999,0,16,817,0,0,1,1,10,0,710000057,0,000002,0,0
16818,6505339,6510272,0,2,9999,0,16,484,0,0,1,1,10,0,710000053,0,000000,0,0
16819,6505340,6510272,0,2,9999,0,16,485,0,0,1,1,10,0,710000053,0,000000,0,0
16820,6505341,6510272,0,2,9999,0,16,486,0,0,1,1,10,0,710000053,0,000000,0,0
16821,6505342,6510272,0,2,9999,0,16,487,0,0,1,1,10,0,710000053,0,000000,0,0
16822,6505343,6510272,0,3,9999,0,16,488,0,0,1,1,10,0,710000056,0,000000,0,0
16823,6505344,6510272,0,2,9999,0,16,489,0,0,1,1,10,0,710000053,0,000000,0,0
16824,6505345,6510272,0,2,9999,0,16,490,0,0,1,1,10,0,710000053,0,000000,0,0
16825,6505346,6510272,0,2,9999,0,16,491,0,0,1,1,10,0,710000053,0,000000,0,0
16826,6505347,6510272,0,2,9999,0,16,492,0,0,1,1,10,0,710000053,0,000000,0,0
16827,6505348,6510272,0,3,9999,0,16,493,0,0,1,1,10,0,710000056,0,000000,0,0
16828,6505349,6510272,0,2,9999,0,16,494,0,0,1,1,10,0,710000053,0,000000,0,0
16829,6505350,6510272,0,2,9999,0,16,495,0,0,1,1,10,0,710000053,0,000000,0,0
16830,6505351,6510272,0,2,9999,0,16,496,0,0,1,1,10,0,710000053,0,000000,0,0
16831,6505352,6510272,0,2,9999,0,16,497,0,0,1,1,10,0,710000053,0,000000,0,0
16832,6505353,6510272,0,3,9999,0,16,498,0,0,1,1,10,0,710000056,0,000000,0,0
16833,6505354,6510272,0,2,9999,0,16,499,0,0,1,1,10,0,710000053,0,000000,0,0
16834,6505355,6510272,0,2,9999,0,16,500,0,0,1,1,10,0,710000053,0,000000,0,0
16835,6505356,6510272,0,2,9999,0,16,501,0,0,1,1,10,0,710000053,0,000000,0,0
16836,6505357,6510272,0,2,9999,0,16,502,0,0,1,1,10,0,710000053,0,000000,0,0
16837,6505358,6510272,0,3,9999,0,16,503,0,0,1,1,10,0,710000056,0,000000,0,0
16838,6505359,6510272,0,2,9999,0,16,504,0,0,1,1,10,0,710000053,0,000000,0,0
16839,6505360,6510272,0,2,9999,0,16,505,0,0,1,1,10,0,710000053,0,000000,0,0
16840,6505361,6510272,0,2,9999,0,16,506,0,0,1,1,10,0,710000053,0,000000,0,0
16841,6505362,6510272,0,2,9999,0,16,507,0,0,1,1,10,0,710000053,0,000000,0,0
16842,6505363,6510272,0,3,9999,0,16,508,0,0,1,1,10,0,710000056,0,000000,0,0
16843,6505364,6510272,0,2,9999,0,16,509,0,0,1,1,10,0,710000053,0,000000,0,0
16844,6505365,6510272,0,2,9999,0,16,510,0,0,1,1,10,0,710000053,0,000000,0,0
16845,6505366,6510272,0,2,9999,0,16,511,0,0,1,1,10,0,710000053,0,000000,0,0
16846,6505367,6510272,0,2,9999,0,16,512,0,0,1,1,10,0,710000053,0,000000,0,0
16847,6505368,6510272,0,3,9999,0,16,513,0,0,1,1,10,0,710000056,0,000000,0,0
16848,6505369,6510272,0,2,9999,0,16,514,0,0,1,1,10,0,710000053,0,000000,0,0
16849,6505370,6510272,0,2,9999,0,16,515,0,0,1,1,10,0,710000053,0,000000,0,0
16850,6505371,6510272,0,2,9999,0,16,516,0,0,1,1,10,0,710000053,0,000000,0,0
16851,6505372,6510272,0,2,9999,0,16,517,0,0,1,1,10,0,710000053,0,000000,0,0
16852,6505373,6510272,0,2,9999,0,16,518,0,0,1,1,10,0,710000053,0,000000,0,0
16853,6505374,6510272,0,2,9999,0,16,519,0,0,1,1,10,0,710000053,0,000000,0,0
16854,6505375,6510272,0,2,9999,0,16,520,0,0,1,1,10,0,710000053,0,000000,0,0
16855,6505376,6510272,0,2,9999,0,16,521,0,0,1,1,10,0,710000053,0,000000,0,0
16856,6505377,6510272,0,3,9999,0,16,522,0,0,1,1,10,0,710000056,0,000000,0,0
16857,6505378,6510272,0,3,9999,0,16,523,0,0,1,1,10,0,710000056,0,000000,0,0
16858,6505379,6510272,0,3,9999,0,16,524,0,0,1,1,10,0,710000056,0,000000,0,0
16859,6505380,6510272,0,2,9999,0,16,525,0,0,1,1,10,0,710000053,0,000000,0,0
16860,6505381,6510272,0,2,9999,0,16,526,0,0,1,1,10,0,710000053,0,000000,0,0
16861,6505382,6510272,0,2,9999,0,16,527,0,0,1,1,10,0,710000053,0,000000,0,0
16862,6505383,6510272,0,2,9999,0,16,528,0,0,1,1,10,0,710000053,0,000000,0,0
16863,6505384,6510272,0,2,9999,0,16,529,0,0,1,1,10,0,710000053,0,000000,0,0
16864,6505385,6510272,0,2,9999,0,16,530,0,0,1,1,10,0,710000053,0,000000,0,0
16865,6505386,6510272,0,2,9999,0,16,531,0,0,1,1,10,0,710000053,0,000000,0,0
16866,6505387,6510272,0,2,9999,0,16,532,0,0,1,1,10,0,710000053,0,000000,0,0
16867,6505388,6510272,0,3,9999,0,16,533,0,0,1,1,10,0,710000056,0,000000,0,0
16868,6505389,6510272,0,3,9999,0,16,534,0,0,1,1,10,0,710000056,0,000000,0,0
16869,6505390,6510272,0,3,9999,0,16,535,0,0,1,1,10,0,710000056,0,000000,0,0
16870,6505438,6510272,0,3,9999,0,16,870,0,0,1,1,10,0,710000057,0,000000,0,0
16871,6505472,6510272,0,4,9999,0,16,379,0,0,1,1,10,0,710000057,0,000000,0,0
16872,6505484,6510272,0,5,9999,0,16,872,0,0,1,1,10,0,710000057,0,000000,0,0
16873,6505497,6510272,0,5,9999,0,16,873,0,0,1,1,10,0,710000057,0,000000,0,0
16874,6505534,6510272,0,2,9999,0,16,484,0,0,1,1,10,0,710000053,0,000000,0,0
16875,6505535,6510272,0,2,9999,0,16,485,0,0,1,1,10,0,710000053,0,000000,0,0
16876,6505536,6510272,0,2,9999,0,16,486,0,0,1,1,10,0,710000053,0,000000,0,0
16877,6505537,6510272,0,2,9999,0,16,487,0,0,1,1,10,0,710000053,0,000000,0,0
16878,6505538,6510272,0,3,9999,0,16,488,0,0,1,1,10,0,710000056,0,000000,0,0
16879,6505539,6510272,0,2,9999,0,16,489,0,0,1,1,10,0,710000053,0,000000,0,0
16880,6505540,6510272,0,2,9999,0,16,490,0,0,1,1,10,0,710000053,0,000000,0,0
16881,6505541,6510272,0,2,9999,0,16,491,0,0,1,1,10,0,710000053,0,000000,0,0
16882,6505542,6510272,0,2,9999,0,16,492,0,0,1,1,10,0,710000053,0,000000,0,0
16883,6505543,6510272,0,3,9999,0,16,493,0,0,1,1,10,0,710000056,0,000000,0,0
16884,6505544,6510272,0,2,9999,0,16,494,0,0,1,1,10,0,710000053,0,000000,0,0
16885,6505545,6510272,0,2,9999,0,16,495,0,0,1,1,10,0,710000053,0,000000,0,0
16886,6505546,6510272,0,2,9999,0,16,496,0,0,1,1,10,0,710000053,0,000000,0,0
16887,6505547,6510272,0,2,9999,0,16,497,0,0,1,1,10,0,710000053,0,000000,0,0
16888,6505548,6510272,0,3,9999,0,16,498,0,0,1,1,10,0,710000056,0,000000,0,0
16889,6505549,6510272,0,2,9999,0,16,499,0,0,1,1,10,0,710000053,0,000000,0,0
16890,6505550,6510272,0,2,9999,0,16,500,0,0,1,1,10,0,710000053,0,000000,0,0
16891,6505551,6510272,0,2,9999,0,16,501,0,0,1,1,10,0,710000053,0,000000,0,0
16892,6505552,6510272,0,2,9999,0,16,502,0,0,1,1,10,0,710000053,0,000000,0,0
16893,6505553,6510272,0,3,9999,0,16,503,0,0,1,1,10,0,710000056,0,000000,0,0
16894,6505554,6510272,0,2,9999,0,16,504,0,0,1,1,10,0,710000053,0,000000,0,0
16895,6505555,6510272,0,2,9999,0,16,505,0,0,1,1,10,0,710000053,0,000000,0,0
16896,6505556,6510272,0,2,9999,0,16,506,0,0,1,1,10,0,710000053,0,000000,0,0
16897,6505557,6510272,0,2,9999,0,16,507,0,0,1,1,10,0,710000053,0,000000,0,0
16898,6505558,6510272,0,3,9999,0,16,508,0,0,1,1,10,0,710000056,0,000000,0,0
16899,6505559,6510272,0,2,9999,0,16,509,0,0,1,1,10,0,710000053,0,000000,0,0
16900,6505560,6510272,0,2,9999,0,16,510,0,0,1,1,10,0,710000053,0,000000,0,0
16901,6505561,6510272,0,2,9999,0,16,511,0,0,1,1,10,0,710000053,0,000000,0,0
16902,6505562,6510272,0,2,9999,0,16,512,0,0,1,1,10,0,710000053,0,000000,0,0
16903,6505563,6510272,0,3,9999,0,16,513,0,0,1,1,10,0,710000056,0,000000,0,0
16904,6505564,6510272,0,2,9999,0,16,514,0,0,1,1,10,0,710000053,0,000000,0,0
16905,6505565,6510272,0,2,9999,0,16,515,0,0,1,1,10,0,710000053,0,000000,0,0
16906,6505566,6510272,0,2,9999,0,16,516,0,0,1,1,10,0,710000053,0,000000,0,0
16907,6505567,6510272,0,2,9999,0,16,517,0,0,1,1,10,0,710000053,0,000000,0,0
16908,6505568,6510272,0,2,9999,0,16,518,0,0,1,1,10,0,710000053,0,000000,0,0
16909,6505569,6510272,0,2,9999,0,16,519,0,0,1,1,10,0,710000053,0,000000,0,0
16910,6505570,6510272,0,2,9999,0,16,520,0,0,1,1,10,0,710000053,0,000000,0,0
16911,6505571,6510272,0,2,9999,0,16,521,0,0,1,1,10,0,710000053,0,000000,0,0
16912,6505572,6510272,0,3,9999,0,16,522,0,0,1,1,10,0,710000056,0,000000,0,0
16913,6505573,6510272,0,3,9999,0,16,523,0,0,1,1,10,0,710000056,0,000000,0,0
16914,6505574,6510272,0,3,9999,0,16,524,0,0,1,1,10,0,710000056,0,000000,0,0
16915,6505575,6510272,0,2,9999,0,16,525,0,0,1,1,10,0,710000053,0,000000,0,0
16916,6505576,6510272,0,2,9999,0,16,526,0,0,1,1,10,0,710000053,0,000000,0,0
16917,6505577,6510272,0,2,9999,0,16,527,0,0,1,1,10,0,710000053,0,000000,0,0
16918,6505578,6510272,0,2,9999,0,16,528,0,0,1,1,10,0,710000053,0,000000,0,0
16919,6505579,6510272,0,2,9999,0,16,529,0,0,1,1,10,0,710000053,0,000000,0,0
16920,6505580,6510272,0,2,9999,0,16,530,0,0,1,1,10,0,710000053,0,000000,0,0
16921,6505581,6510272,0,2,9999,0,16,531,0,0,1,1,10,0,710000053,0,000000,0,0
16922,6505582,6510272,0,2,9999,0,16,532,0,0,1,1,10,0,710000053,0,000000,0,0
16923,6505583,6510272,0,3,9999,0,16,533,0,0,1,1,10,0,710000056,0,000000,0,0
16924,6505584,6510272,0,3,9999,0,16,534,0,0,1,1,10,0,710000056,0,000000,0,0
16925,6505585,6510272,0,3,9999,0,16,535,0,0,1,1,10,0,710000056,0,000000,0,0
16926,6505645,6510272,0,5,9999,0,16,926,0,0,1,1,10,0,710000057,0,000000,0,0
16927,6505656,6510272,0,5,9999,0,16,927,0,0,1,1,10,0,710000057,0,000000,0,0
16928,6505709,6510272,0,2,9999,0,16,484,0,0,1,1,10,0,710000053,0,000000,0,0
16929,6505710,6510272,0,2,9999,0,16,485,0,0,1,1,10,0,710000053,0,000000,0,0
16930,6505711,6510272,0,2,9999,0,16,486,0,0,1,1,10,0,710000053,0,000000,0,0
16931,6505712,6510272,0,2,9999,0,16,487,0,0,1,1,10,0,710000053,0,000000,0,0
16932,6505713,6510272,0,3,9999,0,16,488,0,0,1,1,10,0,710000056,0,000000,0,0
16933,6505714,6510272,0,2,9999,0,16,489,0,0,1,1,10,0,710000053,0,000000,0,0
16934,6505715,6510272,0,2,9999,0,16,490,0,0,1,1,10,0,710000053,0,000000,0,0
16935,6505716,6510272,0,2,9999,0,16,491,0,0,1,1,10,0,710000053,0,000000,0,0
16936,6505717,6510272,0,2,9999,0,16,492,0,0,1,1,10,0,710000053,0,000000,0,0
16937,6505718,6510272,0,3,9999,0,16,493,0,0,1,1,10,0,710000056,0,000000,0,0
16938,6505719,6510272,0,2,9999,0,16,494,0,0,1,1,10,0,710000053,0,000000,0,0
16939,6505720,6510272,0,2,9999,0,16,495,0,0,1,1,10,0,710000053,0,000000,0,0
16940,6505721,6510272,0,2,9999,0,16,496,0,0,1,1,10,0,710000053,0,000000,0,0
16941,6505722,6510272,0,2,9999,0,16,497,0,0,1,1,10,0,710000053,0,000000,0,0
16942,6505723,6510272,0,3,9999,0,16,498,0,0,1,1,10,0,710000056,0,000000,0,0
16943,6505724,6510272,0,2,9999,0,16,499,0,0,1,1,10,0,710000053,0,000000,0,0
16944,6505725,6510272,0,2,9999,0,16,500,0,0,1,1,10,0,710000053,0,000000,0,0
16945,6505726,6510272,0,2,9999,0,16,501,0,0,1,1,10,0,710000053,0,000000,0,0
16946,6505727,6510272,0,2,9999,0,16,502,0,0,1,1,10,0,710000053,0,000000,0,0
16947,6505728,6510272,0,3,9999,0,16,503,0,0,1,1,10,0,710000056,0,000000,0,0
16948,6505729,6510272,0,2,9999,0,16,504,0,0,1,1,10,0,710000053,0,000000,0,0
16949,6505730,6510272,0,2,9999,0,16,505,0,0,1,1,10,0,710000053,0,000000,0,0
16950,6505731,6510272,0,2,9999,0,16,506,0,0,1,1,10,0,710000053,0,000000,0,0
16951,6505732,6510272,0,2,9999,0,16,507,0,0,1,1,10,0,710000053,0,000000,0,0
16952,6505733,6510272,0,3,9999,0,16,508,0,0,1,1,10,0,710000056,0,000000,0,0
16953,6505734,6510272,0,2,9999,0,16,509,0,0,1,1,10,0,710000053,0,000000,0,0
16954,6505735,6510272,0,2,9999,0,16,510,0,0,1,1,10,0,710000053,0,000000,0,0
16955,6505736,6510272,0,2,9999,0,16,511,0,0,1,1,10,0,710000053,0,000000,0,0
16956,6505737,6510272,0,2,9999,0,16,512,0,0,1,1,10,0,710000053,0,000000,0,0
16957,6505738,6510272,0,3,9999,0,16,513,0,0,1,1,10,0,710000056,0,000000,0,0
16958,6505739,6510272,0,2,9999,0,16,514,0,0,1,1,10,0,710000053,0,000000,0,0
16959,6505740,6510272,0,2,9999,0,16,515,0,0,1,1,10,0,710000053,0,000000,0,0
16960,6505741,6510272,0,2,9999,0,16,516,0,0,1,1,10,0,710000053,0,000000,0,0
16961,6505742,6510272,0,2,9999,0,16,517,0,0,1,1,10,0,710000053,0,000000,0,0
16962,6505743,6510272,0,2,9999,0,16,518,0,0,1,1,10,0,710000053,0,000000,0,0
16963,6505744,6510272,0,2,9999,0,16,519,0,0,1,1,10,0,710000053,0,000000,0,0
16964,6505745,6510272,0,2,9999,0,16,520,0,0,1,1,10,0,710000053,0,000000,0,0
16965,6505746,6510272,0,2,9999,0,16,521,0,0,1,1,10,0,710000053,0,000000,0,0
16966,6505747,6510272,0,3,9999,0,16,522,0,0,1,1,10,0,710000056,0,000000,0,0
16967,6505748,6510272,0,3,9999,0,16,523,0,0,1,1,10,0,710000056,0,000000,0,0
16968,6505749,6510272,0,3,9999,0,16,524,0,0,1,1,10,0,710000056,0,000000,0,0
16969,6505750,6510272,0,2,9999,0,16,525,0,0,1,1,10,0,710000053,0,000000,0,0
16970,6505751,6510272,0,2,9999,0,16,526,0,0,1,1,10,0,710000053,0,000000,0,0
16971,6505752,6510272,0,2,9999,0,16,527,0,0,1,1,10,0,710000053,0,000000,0,0
16972,6505753,6510272,0,2,9999,0,16,528,0,0,1,1,10,0,710000053,0,000000,0,0
16973,6505754,6510272,0,2,9999,0,16,529,0,0,1,1,10,0,710000053,0,000000,0,0
16974,6505755,6510272,0,2,9999,0,16,530,0,0,1,1,10,0,710000053,0,000000,0,0
16975,6505756,6510272,0,2,9999,0,16,531,0,0,1,1,10,0,710000053,0,000000,0,0
16976,6505757,6510272,0,2,9999,0,16,532,0,0,1,1,10,0,710000053,0,000000,0,0
16977,6505758,6510272,0,3,9999,0,16,533,0,0,1,1,10,0,710000056,0,000000,0,0
16978,6505759,6510272,0,3,9999,0,16,534,0,0,1,1,10,0,710000056,0,000000,0,0
16979,6505760,6510272,0,3,9999,0,16,535,0,0,1,1,10,0,710000056,0,000000,0,0
16980,6505924,6510272,0,2,9999,0,16,484,0,0,1,1,10,0,710000053,0,000000,0,0
16981,6505925,6510272,0,2,9999,0,16,485,0,0,1,1,10,0,710000053,0,000000,0,0
16982,6505926,6510272,0,2,9999,0,16,486,0,0,1,1,10,0,710000053,0,000000,0,0
16983,6505927,6510272,0,2,9999,0,16,487,0,0,1,1,10,0,710000053,0,000000,0,0
16984,6505928,6510272,0,3,9999,0,16,488,0,0,1,1,10,0,710000056,0,000000,0,0
16985,6505929,6510272,0,2,9999,0,16,489,0,0,1,1,10,0,710000053,0,000000,0,0
16986,6505930,6510272,0,2,9999,0,16,490,0,0,1,1,10,0,710000053,0,000000,0,0
16987,6505931,6510272,0,2,9999,0,16,491,0,0,1,1,10,0,710000053,0,000000,0,0
16988,6505932,6510272,0,2,9999,0,16,492,0,0,1,1,10,0,710000053,0,000000,0,0
16989,6505933,6510272,0,3,9999,0,16,493,0,0,1,1,10,0,710000056,0,000000,0,0
16990,6505934,6510272,0,2,9999,0,16,494,0,0,1,1,10,0,710000053,0,000000,0,0
16991,6505935,6510272,0,2,9999,0,16,495,0,0,1,1,10,0,710000053,0,000000,0,0
16992,6505936,6510272,0,2,9999,0,16,496,0,0,1,1,10,0,710000053,0,000000,0,0
16993,6505937,6510272,0,2,9999,0,16,497,0,0,1,1,10,0,710000053,0,000000,0,0
16994,6505938,6510272,0,3,9999,0,16,498,0,0,1,1,10,0,710000056,0,000000,0,0
16995,6505939,6510272,0,2,9999,0,16,499,0,0,1,1,10,0,710000053,0,000000,0,0
16996,6505940,6510272,0,2,9999,0,16,500,0,0,1,1,10,0,710000053,0,000000,0,0
16997,6505941,6510272,0,2,9999,0,16,501,0,0,1,1,10,0,710000053,0,000000,0,0
16998,6505942,6510272,0,2,9999,0,16,502,0,0,1,1,10,0,710000053,0,000000,0,0
16999,6505943,6510272,0,3,9999,0,16,503,0,0,1,1,10,0,710000056,0,000000,0,0
17000,6505944,6510272,0,2,9999,0,16,504,0,0,1,1,10,0,710000053,0,000000,0,0
17001,6502014,6511239,6511254,0,9999,0,17,5191,0,0,1,900,30,0,710000035,0,000000,0,0
17002,6502015,6511241,6511254,0,9999,0,17,5191,0,0,1,900,30,0,710000035,0,000000,0,0
17003,6502016,6511242,6511254,0,9999,0,17,5191,0,0,1,900,30,0,710000035,0,000000,0,0
17004,6502017,6511243,6511254,0,9999,0,17,5191,0,0,1,900,30,0,710000035,0,000000,0,0
17005,6502018,6511244,6511254,0,9999,0,17,5191,0,0,1,900,30,0,710000035,0,000000,0,0
17006,6502019,6511245,6511254,0,9999,0,17,5191,0,0,1,900,30,0,710000035,0,000000,0,0
17007,6502020,6511246,6511254,0,9999,0,17,5191,0,0,1,900,30,0,710000035,0,000000,0,0
17008,6502021,6511247,6511255,0,9999,0,17,5191,0,0,1,900,30,0,710000035,0,000000,0,0
17009,6502022,6511248,6511255,0,9999,0,17,5191,0,0,1,900,30,0,710000035,0,000000,0,0
17010,6502023,6511249,6511255,0,9999,0,17,5191,0,0,1,900,30,0,710000035,0,000000,0,0
17011,6502024,6511250,6511255,0,9999,0,17,5191,0,0,1,900,30,0,710000035,0,000000,0,0
17012,6502025,6511251,6511255,0,9999,0,17,5191,0,0,1,900,30,0,710000035,0,000000,0,0
17013,6502065,6511262,6511333,0,9999,0,17,5191,0,0,1,900,30,0,710000036,0,000000,0,100022
17014,6502129,6511332,6511333,0,9999,0,17,5191,0,0,1,900,30,0,710000036,0,000000,0,200083
17015,6502130,6511327,6511333,0,9999,0,17,5191,0,0,1,900,30,0,710000036,0,000000,0,200083
17016,6502131,6511327,6511333,0,9999,0,17,5191,0,0,1,900,30,0,710000036,0,000000,0,200083
17017,6502132,6511327,6511333,0,9999,0,17,5191,0,0,1,900,30,0,710000039,0,000000,0,200083
17018,6502133,6511327,6511333,0,9999,0,17,5191,0,0,1,900,30,0,710000039,0,000000,0,200083
17019,6502134,6511327,6511333,0,9999,0,17,5191,0,0,1,900,30,0,710000039,0,000000,0,200083
17020,6502135,6511327,6511333,0,9999,0,17,5191,0,0,1,900,30,0,710000039,0,000000,0,200083
17021,6502136,6511327,6511333,0,9999,0,17,5191,0,0,1,900,30,0,710000039,0,000000,0,200083
17022,6502137,6511327,6511333,0,9999,0,17,5191,0,0,1,900,30,0,710000039,0,000000,0,200083
17023,6502209,6511327,6511333,0,9999,0,17,5191,0,0,1,900,30,0,710000039,0,000000,0,200083
17024,6502213,6511364,6511333,0,9999,0,17,5191,0,0,1,900,30,0,710000036,0,000000,0,100033
17025,6502215,6511373,0,0,9999,0,17,5191,0,0,1,900,30,0,710000079,0,000000,0,0
17026,6502216,6511374,0,0,9999,0,17,5191,0,0,1,900,30,0,710000080,0,000000,0,0
17027,6502217,6511375,0,0,9999,0,17,5191,0,0,1,900,30,0,710000081,0,000000,0,0
17028,6502218,6511376,0,0,9999,0,17,5191,0,0,1,900,30,0,710000082,0,000000,0,0
17029,6502219,6511377,0,0,9999,0,17,5191,0,0,1,900,30,0,710000083,0,000000,0,0
17030,6502233,6511387,6511333,0,9999,0,17,5191,0,0,1,900,30,0,710000036,0,000000,0,100042
17031,6502307,6511406,6511254,0,9999,0,17,5191,0,0,1,900,30,0,710000035,0,000000,0,0
17032,6502308,6511407,6511254,0,9999,0,17,5191,0,0,1,900,30,0,710000035,0,000000,0,0
17033,6502309,6511408,6511255,0,9999,0,17,5191,0,0,1,900,30,0,710000035,0,000000,0,0
17034,6502310,6511409,6511255,0,9999,0,17,5191,0,0,1,900,30,0,710000035,0,000000,0,0
17035,6502312,6511410,6511333,0,9999,0,17,5191,0,0,1,900,30,0,710000036,0,000000,0,100053
17036,6502313,6511410,6511333,0,9999,0,17,5191,0,0,1,900,30,0,710000036,0,000000,0,100053
17037,6502330,6511429,6511333,0,9999,0,17,5191,0,0,1,900,30,0,710000036,0,000000,0,100063
17038,6502331,6511429,6511333,0,9999,0,17,5191,0,0,1,900,30,0,710000036,0,000000,0,100063
17039,6502332,6511429,6511333,0,9999,0,17,5191,0,0,1,900,30,0,710000036,0,000000,0,100063
17040,6502347,6511447,6512821,0,9999,0,17,5191,0,0,1,900,30,0,710000039,0,000000,0,0
17041,6502395,6511500,6511333,0,9999,0,17,5191,0,0,1,900,30,0,710000036,0,000000,0,100072
17042,6502409,6511514,0,0,9999,0,17,5191,0,0,1,900,30,0,710000105,0,000000,0,0
17043,6502410,6511515,0,0,9999,0,17,5191,0,0,1,900,30,0,710000106,0,000000,0,0
17044,6502422,6511529,6511333,0,9999,0,17,5191,0,0,1,900,30,0,710000036,0,000000,0,100082
17045,6502468,6511566,6511333,0,9999,0,17,5191,0,0,1,900,30,0,710000036,0,000000,0,100092
17046,6502516,6511614,6511333,0,9999,0,17,5191,0,0,1,900,30,0,710000124,0,000000,0,100102
17047,6502481,6511584,6512822,0,9999,0,17,5191,0,0,1,900,30,0,710000039,0,000000,0,0
17048,6502486,6511588,0,0,9999,0,17,5191,0,0,1,900,30,0,710000104,0,000000,0,0
17049,6502514,6511611,6511333,0,9999,0,17,5191,0,0,1,900,30,0,710000133,0,000000,0,100112
17050,6502587,6511663,6511333,0,9999,0,17,5191,0,0,1,900,30,0,710000135,0,000000,0,100122
17051,6502571,6511647,6511254,0,9999,0,17,5191,0,0,1,900,30,0,710000035,0,000000,0,0
17052,6502572,6511648,6511254,0,9999,0,17,5191,0,0,1,900,30,0,710000035,0,000000,0,0
17053,6502573,6511649,6511255,0,9999,0,17,5191,0,0,1,900,30,0,710000035,0,000000,0,0
17054,6502574,6511650,6511255,0,9999,0,17,5191,0,0,1,900,30,0,710000035,0,000000,0,0
17055,6502584,6511661,6511333,0,9999,0,17,5191,0,0,1,900,30,0,710000136,0,000000,0,100132
17056,6502610,6511684,6511333,0,9999,0,17,5191,0,0,1,900,30,0,710000143,0,000000,0,100152
17057,6502644,6511718,6511333,0,9999,0,17,5191,0,0,1,900,30,0,710000150,0,000000,0,100172
17058,6502679,6511741,6512821,0,9999,0,17,5191,0,0,1,900,30,0,710000151,0,000000,0,0
17059,6502680,6511742,6512822,0,9999,0,17,5191,0,0,1,900,30,0,710000151,0,000000,0,0
17060,6502684,6511746,6511333,0,9999,0,17,5191,0,0,1,900,30,0,710000153,0,000000,0,100192
17061,6502701,6511761,6511333,0,9999,0,17,5191,0,0,1,900,30,0,710000036,0,000000,0,100202
17062,6502725,6511783,6511333,0,9999,0,17,5191,0,0,1,900,30,0,710000172,0,000000,0,100212
17063,6502731,6511839,0,0,9999,0,17,5191,0,0,1,900,30,0,710000107,0,000000,0,0
17064,6502755,6511812,6511333,0,9999,0,17,5191,0,0,1,900,30,0,710000036,0,000000,0,100222
17065,6502800,6511857,6511333,0,9999,0,17,5191,0,0,1,900,30,0,710000183,0,000000,0,100242
17066,6502837,6511896,6511333,0,9999,0,17,5191,0,0,1,900,30,0,710000192,0,000000,0,100252
17067,6502839,6511898,6512823,0,9999,0,17,5191,0,0,1,900,30,0,710000039,0,000000,0,0
17068,6502905,6511961,6511333,0,9999,0,17,5191,0,0,1,900,30,0,710000197,0,000000,0,100262
17069,6502963,6511967,6511254,0,9999,0,17,5191,0,0,1,900,30,0,710000035,0,000000,0,0
17070,6502964,6511968,6511254,0,9999,0,17,5191,0,0,1,900,30,0,710000035,0,000000,0,0
17071,6502965,6511969,6511255,0,9999,0,17,5191,0,0,1,900,30,0,710000035,0,000000,0,0
17072,6502966,6511970,6511255,0,9999,0,17,5191,0,0,1,900,30,0,710000035,0,000000,0,0
17073,6502970,6511974,6511333,0,9999,0,17,5191,0,0,1,900,30,0,710000200,0,000000,0,200422
17074,6502974,6511977,6511333,0,9999,0,17,5191,0,0,1,900,30,0,710000198,0,000000,0,100274
17075,6503006,6512004,6511333,0,9999,0,17,5191,0,0,1,900,30,0,710000036,0,000000,0,100282
17076,6503007,6512005,6512823,0,9999,0,17,5191,0,0,1,900,30,0,710000151,0,000000,0,0
17077,6503008,6512025,6512821,0,9999,0,17,5191,0,0,1,900,30,0,710000207,0,000000,0,0
17078,6503032,6512028,6511333,0,9999,0,17,5191,0,0,1,900,30,0,710000208,0,000000,0,100282
17079,6503041,6512054,6511333,0,9999,0,17,5191,0,0,1,900,30,0,710000227,0,000000,0,100312
17080,6503108,6512110,6511333,0,9999,0,17,5191,0,0,1,900,30,0,710000226,0,000000,0,100322
17081,6503123,6512117,6512822,0,9999,0,17,5191,0,0,1,900,30,0,710000207,0,000000,0,0
17082,6503124,6512118,6512824,0,9999,0,17,5191,0,0,1,900,30,0,710000039,0,000000,0,0
17083,6503131,6512123,6511333,0,9999,0,17,5191,0,0,1,900,30,0,710000259,0,000000,0,100332
17084,6503220,6512161,6511254,0,9999,0,17,5191,0,0,1,900,30,0,710000035,0,000000,0,0
17085,6503221,6512162,6511254,0,9999,0,17,5191,0,0,1,900,30,0,710000035,0,000000,0,0
17086,6503222,6512163,6511255,0,9999,0,17,5191,0,0,1,900,30,0,710000035,0,000000,0,0
17087,6503223,6512164,6511255,0,9999,0,17,5191,0,0,1,900,30,0,710000035,0,000000,0,0
17088,6503228,6512168,6511333,0,9999,0,17,5191,0,0,1,900,30,0,710000260,0,000000,0,100342
17089,6503273,6512207,6511333,0,9999,0,17,5191,0,0,1,900,30,0,710000309,0,000000,0,100362
17090,6503282,6512220,6512824,0,9999,0,17,5191,0,0,1,900,30,0,710000151,0,000000,0,0
17091,6503292,6512226,6511333,0,9999,0,17,5191,0,0,1,900,30,0,710000305,0,000000,0,100382
17092,6503309,6512244,6511333,0,9999,0,17,5191,0,0,1,900,30,0,710000306,0,000000,0,100392
17093,6503342,6512273,6511333,0,9999,0,17,5191,0,0,1,900,30,0,710000323,0,000000,0,100402
17094,6503359,6512292,6511333,0,9999,0,17,5191,0,0,1,900,30,0,710000328,0,000000,0,100412
17095,6503382,6512310,6511333,0,9999,0,17,5191,0,0,1,900,30,0,710000329,0,000000,0,100422
17096,6503445,6512319,6511254,0,9999,0,17,5191,0,0,1,900,30,0,710000035,0,000000,0,0
17097,6503446,6512320,6511254,0,9999,0,17,5191,0,0,1,900,30,0,710000035,0,000000,0,0
17098,6503447,6512321,6511255,0,9999,0,17,5191,0,0,1,900,30,0,710000035,0,000000,0,0
17099,6503448,6512322,6511255,0,9999,0,17,5191,0,0,1,900,30,0,710000035,0,000000,0,0
17100,6503468,6512342,6511333,0,9999,0,17,5191,0,0,1,900,30,0,710000359,0,000000,0,200701
17101,6503489,6512359,6512825,0,9999,0,17,5191,0,0,1,900,30,0,710000039,0,000000,0,0
17102,6503510,6512387,6511333,0,9999,0,17,5191,0,0,1,900,30,0,710000352,0,000000,0,100492
17103,6503533,6512404,6512825,0,9999,0,17,5191,0,0,1,900,30,0,710000151,0,000000,0,0
17104,6503465,6512339,6511333,0,9999,0,17,5191,0,0,1,900,30,0,710000356,0,000000,0,100442
17105,6503470,6512343,6511333,0,9999,0,17,5191,0,0,1,900,30,0,710000358,0,000000,0,200711
17106,6503479,6512351,6511333,0,9999,0,17,5191,0,0,1,900,30,0,710000357,0,000000,0,100462
17107,6503560,6512423,6511333,0,9999,0,17,5191,0,0,1,900,30,0,710000368,0,000000,0,100502
17108,6503584,6512441,6512823,0,9999,0,17,5191,0,0,1,900,30,0,710000207,0,000000,0,0
17109,6503575,6512433,6511333,0,9999,0,17,5191,0,0,1,900,30,0,710000369,0,000000,0,100512
17110,6503598,6512454,6511333,0,9999,0,17,5191,0,0,1,900,30,0,710000379,0,000000,0,100522
17111,6503668,6512475,6511254,0,9999,0,17,5191,0,0,1,900,30,0,710000035,0,000000,0,0
17112,6503669,6512476,6511254,0,9999,0,17,5191,0,0,1,900,30,0,710000035,0,000000,0,0
17113,6503670,6512477,6511255,0,9999,0,17,5191,0,0,1,900,30,0,710000035,0,000000,0,0
17114,6503671,6512478,6511255,0,9999,0,17,5191,0,0,1,900,30,0,710000035,0,000000,0,0
17115,6503678,6512484,6511333,0,9999,0,17,5191,0,0,1,900,30,0,710000384,0,000000,0,100532
17116,6503470,6512492,6511333,0,9999,0,17,5191,0,0,1,900,30,0,710000358,0,000000,0,200861
17117,6503468,6512493,6511333,0,9999,0,17,5191,0,0,1,900,30,0,710000359,0,000000,0,200841
17118,6503709,6512598,0,0,9999,0,17,5191,0,0,1,900,30,0,710000103,0,000000,0,0
17119,6503710,6512599,0,0,9999,0,17,5191,0,0,1,900,30,0,710000417,0,000000,0,0
17120,6503689,6512496,6511333,0,9999,0,17,5191,0,0,1,900,30,0,710000389,0,000000,0,100542
17121,6503740,6512542,6511333,0,9999,0,17,5191,0,0,1,900,30,0,710000390,0,000000,0,100552
17122,6503777,6512586,6512826,0,9999,0,17,5191,0,0,1,900,30,0,710000039,0,000000,0,0
17123,6503809,6512612,6511333,0,9999,0,17,5191,0,0,1,900,30,0,710000430,0,000000,0,100562
17124,6503468,6512619,6511333,0,9999,0,17,5191,0,0,1,900,30,0,710000359,0,000000,0,201011
17125,6503470,6512621,6511333,0,9999,0,17,5191,0,0,1,900,30,0,710000358,0,000000,0,201021
17126,6503815,6512623,6511333,0,9999,0,17,5191,0,0,1,900,30,0,710000434,0,000000,0,100572
17127,6503827,6512631,6512824,0,9999,0,17,5191,0,0,1,900,30,0,710000207,0,000000,0,0
17128,6503828,6512632,6512826,0,9999,0,17,5191,0,0,1,900,30,0,710000151,0,000000,0,0
17129,6502970,6512639,6511333,0,9999,0,17,5191,0,0,1,900,30,0,710000461,0,000000,0,201041
17130,6503851,6512655,6511333,0,9999,0,17,5191,0,0,1,900,30,0,710000445,0,000000,0,100582
17131,6503876,6512676,6511333,0,9999,0,17,5191,0,0,1,900,30,0,710000455,0,000000,0,100592
17132,6503931,6512679,6511255,0,9999,0,17,5191,0,0,1,900,30,0,710000035,0,000000,0,0
17133,6503932,6512680,6511255,0,9999,0,17,5191,0,0,1,900,30,0,710000035,0,000000,0,0
17134,6503933,6512681,6511254,0,9999,0,17,5191,0,0,1,900,30,0,710000035,0,000000,0,0
17135,6503934,6512682,6511254,0,9999,0,17,5191,0,0,1,900,30,0,710000035,0,000000,0,0
17136,6503949,6512695,6511333,0,9999,0,17,5191,0,0,1,900,30,0,710000468,0,000000,0,100602
17137,6503969,6512716,6511333,0,9999,0,17,5191,0,0,1,900,30,0,710000506,0,000000,0,100613
17138,6503470,6512731,6511333,0,9999,0,17,5191,0,0,1,900,30,0,710000358,0,000000,0,201111
17139,6503991,6512760,6511333,0,9999,0,17,5191,0,0,1,900,30,0,710000511,0,000000,0,100613
17140,6504014,6512776,6511333,0,9999,0,17,5191,0,0,1,900,30,0,710000528,0,000000,0,100622
17141,6503468,6512793,6511333,0,9999,0,17,5191,0,0,1,900,30,0,710000359,0,000000,0,201211
17142,6504043,6512796,6511333,0,9999,0,17,5191,0,0,1,900,30,0,710000535,0,000000,0,100632
17143,6504053,6512806,6512827,0,9999,0,17,5191,0,0,1,900,30,0,710000039,0,000000,0,0
17144,6504067,6512818,6511333,0,9999,0,17,5191,0,0,1,900,30,0,710000544,0,000000,0,100642
17145,6504082,6512848,6511333,0,9999,0,17,5191,0,0,1,900,30,0,710000561,0,000000,0,100652
17146,6504086,6512852,6511255,0,9999,0,17,5191,0,0,1,900,30,0,710000035,0,000000,0,0
17147,6504087,6512853,6511255,0,9999,0,17,5191,0,0,1,900,30,0,710000035,0,000000,0,0
17148,6504088,6512854,6511254,0,9999,0,17,5191,0,0,1,900,30,0,710000035,0,000000,0,0
17149,6504089,6512855,6511254,0,9999,0,17,5191,0,0,1,900,30,0,710000035,0,000000,0,0
17150,6504145,6512859,6512827,0,9999,0,17,5191,0,0,1,900,30,0,710000151,0,000000,0,0
17151,6504149,6512864,6512863,0,9999,0,17,5191,0,0,1,900,30,0,710000358,0,000000,0,0
17152,6504169,6512882,6511333,0,9999,0,17,5511,0,0,1,900,30,0,710000562,0,000000,0,100672
17153,6504198,6512913,6511333,0,9999,0,17,5191,0,0,1,900,30,0,710000602,0,000000,0,100682
17154,6504203,6512914,6512825,0,9999,0,17,5191,0,0,1,900,30,0,710000207,0,000000,0,0
17155,6504233,6512942,6511333,0,9999,0,17,5191,0,0,1,900,30,0,710000609,0,000000,0,100692
17156,6504244,6512953,6512826,0,9999,0,17,5191,0,0,1,900,30,0,710000207,0,000000,0,0
17157,6504253,6512961,6511333,0,9999,0,17,5191,0,0,1,900,30,0,710000624,0,000000,0,100702
17158,6504271,6512974,6511333,0,9999,0,17,5191,0,0,1,900,30,0,710000628,0,000000,0,100712
17159,6504350,6512864,6512995,0,9999,0,17,5191,0,0,1,900,30,0,710000358,0,000000,0,0
17160,6504337,6513003,0,0,9999,0,17,5191,0,0,1,900,30,0,710000636,0,000000,0,0
17161,6504341,6512991,6511254,0,9999,0,17,5191,0,0,1,900,30,0,710000035,0,000000,0,0
17162,6504342,6512992,6511254,0,9999,0,17,5191,0,0,1,900,30,0,710000035,0,000000,0,0
17163,6504344,6511970,6511255,0,9999,0,17,5191,0,0,1,900,30,0,710000035,0,000000,0,0
17164,6504345,6512994,6511255,0,9999,0,17,5191,0,0,1,900,30,0,710000035,0,000000,0,0
17165,6504353,6513001,6511333,0,9999,0,17,5191,0,0,1,900,30,0,710000645,0,000000,0,100722
17166,6504367,6513017,6511333,0,9999,0,17,5191,0,0,1,900,30,0,710000646,0,000000,0,100732
17167,6504405,6513052,6512821,0,9999,0,17,5191,0,0,1,900,30,0,710000678,0,000000,0,0
17168,6504424,6513066,6512827,0,9999,0,17,5191,0,0,1,900,30,0,710000207,0,000000,0,0
17169,6504427,6513070,6511333,0,9999,0,17,5191,0,0,1,900,30,0,710000671,0,000000,0,100742
17170,6504458,6513096,6511333,0,9999,0,17,5191,0,0,1,900,30,0,710000693,0,000000,0,100752
17171,6504467,6513103,6511333,0,9999,0,17,5191,0,0,1,900,30,0,710000698,0,000000,0,100762
17172,6503468,6513115,6511333,0,9999,0,17,5191,0,0,1,900,30,0,710000359,0,000000,0,201511
17173,6504494,6513130,6511333,0,9999,0,17,5191,0,0,1,900,30,0,710000710,0,000000,0,100772
17174,6504550,6513133,6511333,0,9999,0,17,5191,0,0,1,900,30,0,710000709,0,000000,0,100782
17175,6504563,6513157,6511255,0,9999,0,17,5191,0,0,1,900,30,0,710000035,0,000000,0,0
17176,6504564,6513158,6511255,0,9999,0,17,5191,0,0,1,900,30,0,710000035,0,000000,0,0
17177,6504565,6513183,6511254,0,9999,0,17,5191,0,0,1,900,30,0,710000035,0,000000,0,0
17178,6504566,6513184,6511254,0,9999,0,17,5191,0,0,1,900,30,0,710000035,0,000000,0,0
17179,6504622,6513149,6511333,0,9999,0,17,5191,0,0,1,900,30,0,710000718,0,000000,0,100792
17180,6504635,6513163,6512822,0,9999,0,17,5191,0,0,1,900,30,0,710000678,0,000000,0,0
17181,6504679,6513205,6511333,0,9999,0,17,5191,0,0,1,900,30,0,710000750,0,000000,0,100802
17182,6504683,6513207,6512823,0,9999,0,17,5191,0,0,1,900,30,0,710000678,0,000000,0,0
17183,6504716,6513236,6511333,0,9999,0,17,5191,0,0,1,900,30,0,710000767,0,000000,0,100812
17184,6504746,6513264,6511333,0,9999,0,17,5191,0,0,1,900,30,0,710000785,0,000000,0,100822
17185,6504756,6513272,6511333,0,9999,0,17,5191,0,0,1,900,30,0,710000791,0,000000,0,100832
17186,6504789,6513306,6511333,0,9999,0,17,5191,0,0,1,900,30,0,710000805,0,000000,0,100842
17187,6504836,6513352,6511333,0,9999,0,17,5191,0,0,1,900,30,0,710000809,0,000000,0,100852
17188,6504854,6513369,6511333,0,9999,0,17,5191,0,0,1,900,30,0,710000839,0,000000,0,100862
17189,6504910,6513373,6511255,0,9999,0,17,5191,0,0,1,900,30,0,710000035,0,000000,0,0
17190,6504911,6513374,6511255,0,9999,0,17,5191,0,0,1,900,30,0,710000035,0,000000,0,0
17191,6504912,6513375,6511254,0,9999,0,17,5191,0,0,1,900,30,0,710000035,0,000000,0,0
17192,6504913,6513376,6511254,0,9999,0,17,5191,0,0,1,900,30,0,710000035,0,000000,0,0
17193,6504923,6513385,6511333,0,9999,0,17,5191,0,0,1,900,30,0,710000862,0,000000,0,100872
17194,6504930,6513391,6511333,0,9999,0,17,5191,0,0,1,900,30,0,710000871,0,000000,0,100882
17195,6504936,6513396,6512824,0,9999,0,17,5191,0,0,1,900,30,0,710000678,0,000000,0,0
17196,6504947,6513406,0,0,9999,0,17,5191,0,0,1,900,30,0,710000863,0,000000,0,0
17197,6504951,6513408,6511333,0,9999,0,17,5191,0,0,1,900,30,0,710000880,0,000000,0,100892
17198,6505008,6513458,6511333,0,9999,0,17,5191,0,0,1,900,30,0,710000881,0,000000,0,100902
17199,6505035,6513544,0,0,9999,0,17,5191,0,0,1,900,30,0,711000162,0,000000,0,0
17200,6505039,6513497,6511333,0,9999,0,17,5191,0,0,1,900,30,0,710000872,0,000000,0,100912
17201,6505067,6513518,6511333,0,9999,0,17,5191,0,0,1,900,30,0,710000935,0,000000,0,100922
17202,6505071,6513521,6512825,0,9999,0,17,5191,0,0,1,900,30,0,710000678,0,000000,0,0
17203,6505088,6513534,6511333,0,9999,0,17,5191,0,0,1,900,30,0,710000945,0,000000,0,100932
17204,6505115,6513557,6511333,0,9999,0,17,5191,0,0,1,900,30,0,710000947,0,000000,0,100942
17205,6505133,6513574,6512826,0,9999,0,17,5191,0,0,1,900,30,0,710000678,0,000000,0,0
17206,6505140,6513576,6511333,0,9999,0,17,5191,0,0,1,900,30,0,710000948,0,000000,0,100952
17207,6505154,6513589,6511333,0,9999,0,17,5191,0,0,1,900,30,0,710000961,0,000000,0,100962
17208,6505207,6513590,6511255,0,9999,0,17,5191,0,0,1,900,30,0,710000035,0,000000,0,0
17209,6505208,6513591,6511255,0,9999,0,17,5191,0,0,1,900,30,0,710000035,0,000000,0,0
17210,6505209,6513592,6511254,0,9999,0,17,5191,0,0,1,900,30,0,710000035,0,000000,0,0
17211,6505210,6513593,6511254,0,9999,0,17,5191,0,0,1,900,30,0,710000035,0,000000,0,0
17212,6505232,6513616,6511333,0,9999,0,17,5191,0,0,1,900,30,0,710000978,0,000000,0,100972
17213,6505283,6513659,6511333,0,9999,0,17,5191,0,0,1,900,30,0,710001008,0,000000,0,100982
17214,6505313,6513684,6511333,0,9999,0,17,5191,0,0,1,900,30,0,710001022,0,000000,0,100992
17215,6505326,6513693,6512827,0,9999,0,17,5191,0,0,1,900,30,0,710000678,0,000000,0,0
17216,6505331,6513697,6511333,0,9999,0,17,5191,0,0,1,900,30,0,710001040,0,000000,0,101002
17217,6505403,6513716,6511333,0,9999,0,17,5191,0,0,1,900,30,0,710001042,0,000000,0,101012
17218,6505416,6513718,6511333,0,9999,0,17,5191,0,0,1,900,30,0,710001043,0,000000,0,101022
17219,6505427,6511408,6511255,0,9999,0,17,5191,0,0,1,900,30,0,710000035,0,000000,0,0
17220,6505428,6513737,6511255,0,9999,0,17,5191,0,0,1,900,30,0,710000035,0,000000,0,0
17221,6505429,6513738,6511254,0,9999,0,17,5191,0,0,1,900,30,0,710000035,0,000000,0,0
17222,6505430,6513739,6511254,0,9999,0,17,5191,0,0,1,900,30,0,710000035,0,000000,0,0
17223,6505451,6513760,6511333,0,9999,0,17,5191,0,0,1,900,30,0,710001070,0,000000,0,101032
17224,6505491,6513791,6513793,0,9999,0,17,5191,0,0,1,900,30,0,710000039,0,000000,0,0
17225,6505492,6513792,6513793,0,9999,0,17,5191,0,0,1,900,30,0,710000207,0,000000,0,0
17226,6505511,6513808,6511333,0,9999,0,17,5191,0,0,1,900,30,0,710001087,0,000000,0,101042
17227,6505533,6513829,6511333,0,9999,0,17,5191,0,0,1,900,30,0,710001091,0,000000,0,101052
17228,6505598,6513836,6511333,0,9999,0,17,5191,0,0,1,900,30,0,710001095,0,000000,0,101062
17229,6505599,6513837,6512821,0,9999,0,17,5191,0,0,1,900,30,0,710001094,0,000000,0,0
17230,6505615,6513850,6511333,0,9999,0,17,5191,0,0,1,900,30,0,710001097,0,000000,0,101072
17231,6505617,6513852,6511255,0,9999,0,17,5191,0,0,1,900,30,0,710000035,0,000000,0,0
17232,6505618,6512478,6511255,0,9999,0,17,5191,0,0,1,900,30,0,710000035,0,000000,0,0
17233,6505619,6513853,6511254,0,9999,0,17,5191,0,0,1,900,30,0,710000035,0,000000,0,0
17234,6505620,6513854,6511254,0,9999,0,17,5191,0,0,1,900,30,0,710000035,0,000000,0,0
17235,6505640,6513861,6511333,0,9999,0,17,5191,0,0,1,900,30,0,710001106,0,000000,0,101082
17236,6505648,6513872,6513885,0,9999,0,17,5191,0,0,1,900,30,0,710000039,0,000000,0,0
17237,6505649,6513873,6513885,0,9999,0,17,5191,0,0,1,900,30,0,710000207,0,000000,0,0
17238,6505665,6513897,6511333,0,9999,0,17,5191,0,0,1,900,30,0,710001125,0,000000,0,101092
17239,6505708,6513941,6511333,0,9999,0,17,5191,0,0,1,900,30,0,710001136,0,000000,0,101102
17240,6505768,6512864,6513949,0,9999,0,17,5191,0,0,1,900,30,0,710000358,0,000000,0,0
17241,6505770,6513951,6511333,0,9999,0,17,5191,0,0,1,900,30,0,710001137,0,000000,0,101112
17242,6505776,6513957,6512824,0,9999,0,17,5191,0,0,1,900,30,0,710001094,0,000000,0,0
17243,6505799,6513972,6511333,0,9999,0,17,5191,0,0,1,900,30,0,710001165,0,000000,0,101122
17244,6505801,6513979,6511254,0,9999,0,17,5191,0,0,1,900,30,0,710000035,0,000000,0,0
17245,6505802,6513980,6511254,0,9999,0,17,5191,0,0,1,900,30,0,710000035,0,000000,0,0
17246,6505803,6513981,6511255,0,9999,0,17,5191,0,0,1,900,30,0,710000035,0,000000,0,0
17247,6505804,6513982,6511255,0,9999,0,17,5191,0,0,1,900,30,0,710000035,0,000000,0,0
17248,6505809,6513987,0,0,9999,0,17,5191,0,0,1,900,30,0,710001167,0,000000,0,0
17249,6505817,6513994,6511333,0,9999,0,17,5191,0,0,1,900,30,0,710001166,0,000000,0,101132
17250,6505838,6514022,6512822,0,9999,0,17,5191,0,0,1,900,30,0,710001094,0,000000,0,0
17251,6505849,6514033,6511333,0,9999,0,17,5191,0,0,1,900,30,0,710001170,0,000000,0,101142
17252,6505881,6514060,6511333,0,9999,0,17,5191,0,0,1,900,30,0,710001182,0,000000,0,101152
17253,6505885,6514061,6512826,0,9999,0,17,5191,0,0,1,900,30,0,710001094,0,000000,0,0
17254,6505895,6514069,6511333,0,9999,0,17,5191,0,0,1,900,30,0,710001184,0,000000,0,101162
17255,6505898,6514071,6513793,0,9999,0,17,5191,0,0,1,900,30,0,710000678,0,000000,0,0
17256,6505976,6514095,6511254,0,9999,0,17,5191,0,0,1,900,30,0,710000035,0,000000,0,0
17257,6505977,6514096,6511254,0,9999,0,17,5191,0,0,1,900,30,0,710000035,0,000000,0,0
17258,6505978,6514097,6511255,0,9999,0,17,5191,0,0,1,900,30,0,710000035,0,000000,0,0
17259,6505979,6514098,6511255,0,9999,0,17,5191,0,0,1,900,30,0,710000035,0,000000,0,0
17260,6505918,6514091,6511333,0,9999,0,17,5191,0,0,1,900,30,0,710001185,0,000000,0,101172
17261,6505945,6510272,0,2,9999,0,16,505,0,0,1,1,10,0,710000053,0,000000,0,0
17262,6505946,6510272,0,2,9999,0,16,506,0,0,1,1,10,0,710000053,0,000000,0,0
17263,6505947,6510272,0,2,9999,0,16,507,0,0,1,1,10,0,710000053,0,000000,0,0
17264,6505948,6510272,0,3,9999,0,16,508,0,0,1,1,10,0,710000056,0,000000,0,0
17265,6505949,6510272,0,2,9999,0,16,509,0,0,1,1,10,0,710000053,0,000000,0,0
17266,6505950,6510272,0,2,9999,0,16,510,0,0,1,1,10,0,710000053,0,000000,0,0
17267,6505951,6510272,0,2,9999,0,16,511,0,0,1,1,10,0,710000053,0,000000,0,0
17268,6505952,6510272,0,2,9999,0,16,512,0,0,1,1,10,0,710000053,0,000000,0,0
17269,6505953,6510272,0,3,9999,0,16,513,0,0,1,1,10,0,710000056,0,000000,0,0
17270,6505954,6510272,0,2,9999,0,16,514,0,0,1,1,10,0,710000053,0,000000,0,0
17271,6505955,6510272,0,2,9999,0,16,515,0,0,1,1,10,0,710000053,0,000000,0,0
17272,6505956,6510272,0,2,9999,0,16,516,0,0,1,1,10,0,710000053,0,000000,0,0
17273,6505957,6510272,0,2,9999,0,16,517,0,0,1,1,10,0,710000053,0,000000,0,0
17274,6505958,6510272,0,2,9999,0,16,518,0,0,1,1,10,0,710000053,0,000000,0,0
17275,6505959,6510272,0,2,9999,0,16,519,0,0,1,1,10,0,710000053,0,000000,0,0
17276,6505960,6510272,0,2,9999,0,16,520,0,0,1,1,10,0,710000053,0,000000,0,0
17277,6505961,6510272,0,2,9999,0,16,521,0,0,1,1,10,0,710000053,0,000000,0,0
17278,6505962,6510272,0,3,9999,0,16,522,0,0,1,1,10,0,710000056,0,000000,0,0
17279,6505963,6510272,0,3,9999,0,16,523,0,0,1,1,10,0,710000056,0,000000,0,0
17280,6505964,6510272,0,3,9999,0,16,524,0,0,1,1,10,0,710000056,0,000000,0,0
17281,6505965,6510272,0,2,9999,0,16,525,0,0,1,1,10,0,710000053,0,000000,0,0
17282,6505966,6510272,0,2,9999,0,16,526,0,0,1,1,10,0,710000053,0,000000,0,0
17283,6505967,6510272,0,2,9999,0,16,527,0,0,1,1,10,0,710000053,0,000000,0,0
17284,6505968,6510272,0,2,9999,0,16,528,0,0,1,1,10,0,710000053,0,000000,0,0
17285,6505969,6510272,0,2,9999,0,16,529,0,0,1,1,10,0,710000053,0,000000,0,0
17286,6505970,6510272,0,2,9999,0,16,530,0,0,1,1,10,0,710000053,0,000000,0,0
17287,6505971,6510272,0,2,9999,0,16,531,0,0,1,1,10,0,710000053,0,000000,0,0
17288,6505972,6510272,0,2,9999,0,16,532,0,0,1,1,10,0,710000053,0,000000,0,0
17289,6505973,6510272,0,3,9999,0,16,533,0,0,1,1,10,0,710000056,0,000000,0,0
17290,6505974,6510272,0,3,9999,0,16,534,0,0,1,1,10,0,710000056,0,000000,0,0
17291,6505975,6510272,0,3,9999,0,16,535,0,0,1,1,10,0,710000056,0,000000,0,0
17292,6506030,6510272,0,2,9999,0,16,484,0,0,1,1,10,0,710000053,0,000000,0,0
17293,6506031,6510272,0,2,9999,0,16,485,0,0,1,1,10,0,710000053,0,000000,0,0
17294,6506032,6510272,0,2,9999,0,16,486,0,0,1,1,10,0,710000053,0,000000,0,0
17295,6506033,6510272,0,2,9999,0,16,487,0,0,1,1,10,0,710000053,0,000000,0,0
17296,6506034,6510272,0,3,9999,0,16,488,0,0,1,1,10,0,710000056,0,000000,0,0
17297,6506035,6510272,0,2,9999,0,16,489,0,0,1,1,10,0,710000053,0,000000,0,0
17298,6506036,6510272,0,2,9999,0,16,490,0,0,1,1,10,0,710000053,0,000000,0,0
17299,6506037,6510272,0,2,9999,0,16,491,0,0,1,1,10,0,710000053,0,000000,0,0
17300,6506038,6510272,0,2,9999,0,16,492,0,0,1,1,10,0,710000053,0,000000,0,0
17301,6506039,6510272,0,3,9999,0,16,493,0,0,1,1,10,0,710000056,0,000000,0,0
17302,6506040,6510272,0,2,9999,0,16,494,0,0,1,1,10,0,710000053,0,000000,0,0
17303,6506041,6510272,0,2,9999,0,16,495,0,0,1,1,10,0,710000053,0,000000,0,0
17304,6506042,6510272,0,2,9999,0,16,496,0,0,1,1,10,0,710000053,0,000000,0,0
17305,6506043,6510272,0,2,9999,0,16,497,0,0,1,1,10,0,710000053,0,000000,0,0
17306,6506044,6510272,0,3,9999,0,16,498,0,0,1,1,10,0,710000056,0,000000,0,0
17307,6506045,6510272,0,2,9999,0,16,499,0,0,1,1,10,0,710000053,0,000000,0,0
17308,6506046,6510272,0,2,9999,0,16,500,0,0,1,1,10,0,710000053,0,000000,0,0
17309,6506047,6510272,0,2,9999,0,16,501,0,0,1,1,10,0,710000053,0,000000,0,0
17310,6506048,6510272,0,2,9999,0,16,502,0,0,1,1,10,0,710000053,0,000000,0,0
17311,6506049,6510272,0,3,9999,0,16,503,0,0,1,1,10,0,710000056,0,000000,0,0
17312,6506050,6510272,0,2,9999,0,16,504,0,0,1,1,10,0,710000053,0,000000,0,0
17313,6506051,6510272,0,2,9999,0,16,505,0,0,1,1,10,0,710000053,0,000000,0,0
17314,6506052,6510272,0,2,9999,0,16,506,0,0,1,1,10,0,710000053,0,000000,0,0
17315,6506053,6510272,0,2,9999,0,16,507,0,0,1,1,10,0,710000053,0,000000,0,0
17316,6506054,6510272,0,3,9999,0,16,508,0,0,1,1,10,0,710000056,0,000000,0,0
17317,6506055,6510272,0,2,9999,0,16,509,0,0,1,1,10,0,710000053,0,000000,0,0
17318,6506056,6510272,0,2,9999,0,16,510,0,0,1,1,10,0,710000053,0,000000,0,0
17319,6506057,6510272,0,2,9999,0,16,511,0,0,1,1,10,0,710000053,0,000000,0,0
17320,6506058,6510272,0,2,9999,0,16,512,0,0,1,1,10,0,710000053,0,000000,0,0
17321,6506059,6510272,0,3,9999,0,16,513,0,0,1,1,10,0,710000056,0,000000,0,0
17322,6506060,6510272,0,2,9999,0,16,514,0,0,1,1,10,0,710000053,0,000000,0,0
17323,6506061,6510272,0,2,9999,0,16,515,0,0,1,1,10,0,710000053,0,000000,0,0
17324,6506062,6510272,0,2,9999,0,16,516,0,0,1,1,10,0,710000053,0,000000,0,0
17325,6506063,6510272,0,2,9999,0,16,517,0,0,1,1,10,0,710000053,0,000000,0,0
17326,6506064,6510272,0,2,9999,0,16,518,0,0,1,1,10,0,710000053,0,000000,0,0
17327,6506065,6510272,0,2,9999,0,16,519,0,0,1,1,10,0,710000053,0,000000,0,0
17328,6506066,6510272,0,2,9999,0,16,520,0,0,1,1,10,0,710000053,0,000000,0,0
17329,6506067,6510272,0,2,9999,0,16,521,0,0,1,1,10,0,710000053,0,000000,0,0
17330,6506068,6510272,0,3,9999,0,16,522,0,0,1,1,10,0,710000056,0,000000,0,0
17331,6506069,6510272,0,3,9999,0,16,523,0,0,1,1,10,0,710000056,0,000000,0,0
17332,6506070,6510272,0,3,9999,0,16,524,0,0,1,1,10,0,710000056,0,000000,0,0
17333,6506071,6510272,0,2,9999,0,16,525,0,0,1,1,10,0,710000053,0,000000,0,0
17334,6506072,6510272,0,2,9999,0,16,526,0,0,1,1,10,0,710000053,0,000000,0,0
17335,6506073,6510272,0,2,9999,0,16,527,0,0,1,1,10,0,710000053,0,000000,0,0
17336,6506074,6510272,0,2,9999,0,16,528,0,0,1,1,10,0,710000053,0,000000,0,0
17337,6506075,6510272,0,2,9999,0,16,529,0,0,1,1,10,0,710000053,0,000000,0,0
17338,6506076,6510272,0,2,9999,0,16,530,0,0,1,1,10,0,710000053,0,000000,0,0
17339,6506077,6510272,0,2,9999,0,16,531,0,0,1,1,10,0,710000053,0,000000,0,0
17340,6506078,6510272,0,2,9999,0,16,532,0,0,1,1,10,0,710000053,0,000000,0,0
17341,6506079,6510272,0,3,9999,0,16,533,0,0,1,1,10,0,710000056,0,000000,0,0
17342,6506080,6510272,0,3,9999,0,16,534,0,0,1,1,10,0,710000056,0,000000,0,0
17343,6506081,6510272,0,3,9999,0,16,535,0,0,1,1,10,0,710000056,0,000000,0,0
18400,6505988,6514106,6511333,0,9999,0,17,5191,0,0,1,900,30,0,710001186,0,000000,0,101182
18401,6505994,6514116,6511333,0,9999,0,17,5191,0,0,1,900,30,0,710001207,0,000000,0,101192
18402,6505996,6514118,6512823,0,9999,0,17,5191,0,0,1,900,30,0,710001094,0,000000,0,0
18403,6506082,6514146,6511254,0,9999,0,17,5191,0,0,1,900,30,0,710000035,0,000000,0,0
18404,6506083,6514147,6511254,0,9999,0,17,5191,0,0,1,900,30,0,710000035,0,000000,0,0
18405,6506084,6514148,6511255,0,9999,0,17,5191,0,0,1,900,30,0,710000035,0,000000,0,0
18406,6506085,6514149,6511255,0,9999,0,17,5191,0,0,1,900,30,0,710000035,0,000000,0,0
18407,6506026,6514143,6513885,0,9999,0,17,5191,0,0,1,900,30,0,710000678,0,000000,0,0
18408,6506100,6514163,6511333,0,9999,0,17,5191,0,0,1,900,30,0,710001213,0,000000,0,101202
20001,6500214,6510214,0,0,9999,0,20,0,0,0,1,1,870,0,710000033,0,000000,0,0
21001,6503120,6512102,0,0,9999,0,21,0,0,0,0,0,10,0,710000310,0,000000,0,0
21002,6503121,6512109,0,0,9999,0,21,0,0,0,0,0,10,0,710000311,0,000000,0,0
21003,6504068,6512819,0,0,9999,0,21,0,0,0,0,0,10,0,710000312,0,000000,0,0
21004,6504403,6513051,0,0,9999,0,21,0,0,0,0,0,10,0,710000679,0,000000,0,0
21005,6504717,6513237,0,0,9999,0,21,0,0,0,0,0,10,0,710000792,0,000000,0,0
21006,6504790,6513307,0,0,9999,0,21,0,0,0,0,0,10,0,710000313,0,000000,0,0
21007,6505049,6513504,0,0,9999,0,21,0,0,0,0,0,10,0,710000793,0,000000,0,0
21008,6505478,6513783,0,0,9999,0,21,0,0,0,0,0,10,0,710000314,0,000000,0,0
21009,6505691,6513927,0,0,9999,0,21,0,0,0,0,0,10,0,710000794,0,000000,0,0
21010,6505989,6514107,0,0,9999,0,21,0,0,0,0,0,10,0,710000795,0,000000,0,0
23001,6501889,6511076,0,0,9999,0,23,1,0,0,1,0,5,1,710000028,0,000000,0,0
23002,6501890,6511077,0,0,9999,0,23,2,0,0,1,0,5,1,710000026,0,000000,0,0
23003,6501891,6511078,6512828,0,9999,0,23,3,0,0,1,0,5,1,710000024,0,000000,0,0
23004,6501892,6511079,0,0,9999,0,23,4,0,0,1,0,5,1,710000027,0,000000,0,0
23005,6501893,6511080,6512833,0,9999,0,23,5,0,0,1,0,5,1,710000025,0,000000,0,0
23006,6501894,6511081,0,0,9999,0,23,6,0,0,1,0,5,1,710000028,0,000000,0,0
23007,6501895,6511082,0,0,9999,0,23,7,0,0,1,0,5,1,710000026,0,000000,0,0
23008,6501896,6511083,6512828,0,9999,0,23,8,0,0,1,0,5,1,710000024,0,000000,0,0
23009,6501897,6511084,0,0,9999,0,23,9,0,0,1,0,5,1,710000027,0,000000,0,0
23010,6501898,6511085,6512833,0,9999,0,23,10,0,0,1,0,5,1,710000025,0,000000,0,0
23011,6501899,6511086,0,0,9999,0,23,11,0,0,1,0,5,1,710000029,0,000000,0,0
23012,6501900,6511087,0,0,9999,0,23,12,0,0,1,0,5,1,710000030,0,000000,0,0
23013,6501901,6511088,0,0,9999,0,23,13,0,0,1,0,5,1,710000031,0,000000,0,0
23014,6501902,6511089,0,0,9999,0,23,14,0,0,1,0,5,1,710000032,0,000000,0,0
23015,6502007,6511090,6512829,0,9999,0,23,15,0,0,1,0,5,1,710000024,0,000000,0,0
23016,6502008,6511091,6512834,0,9999,0,23,16,0,0,1,0,5,1,710000025,0,000000,0,0
23017,6501922,6511240,6512828,0,9999,0,23,17,0,0,1,0,5,1,710000024,0,000000,0,0
23018,6501923,6511138,6512830,0,9999,0,23,18,0,0,1,0,5,1,710000024,0,000000,0,0
23019,6501924,6511139,6512831,0,9999,0,23,19,0,0,1,0,5,1,710000024,0,000000,0,0
23020,6501925,6511140,6512832,0,9999,0,23,20,0,0,1,0,5,1,710000024,0,000000,0,0
23021,6502320,6511416,6512835,0,9999,0,23,51,0,0,1,0,5,1,710000025,0,000000,0,0
23022,6502727,6511785,6512835,0,9999,0,23,96,0,0,1,0,5,1,710000165,0,000000,0,0
23023,6502770,6511829,6512836,0,9999,0,23,101,0,0,1,0,5,1,710000182,0,000000,0,0
23024,6502064,6512051,6512835,0,9999,0,23,132,0,0,1,0,5,1,710000224,0,000000,0,0
23025,6502063,6512052,6512836,0,9999,0,23,126,0,0,1,0,5,1,710000225,0,000000,0,0
23026,6503486,6512037,6512836,0,9999,0,23,183,0,0,1,0,5,1,710000025,0,000000,0,0
23027,6503557,6512420,6512835,0,9999,0,23,205,0,0,1,0,5,1,710000367,0,000000,0,0
23028,6503699,6512506,6512837,0,9999,0,23,219,0,0,1,0,5,1,710000412,0,000000,0,0
23029,6504031,6512786,6512837,0,9999,0,23,271,0,0,1,0,5,1,710000540,0,000000,0,0
23030,6505120,6513567,6512835,0,9999,0,23,411,0,0,1,0,5,1,710000960,0,000000,0,0
23031,6505308,6513682,6512835,0,9999,0,23,437,0,0,1,0,5,1,710000025,0,000000,0,0
23032,6505426,6513729,6512837,0,9999,0,23,446,0,0,1,0,5,1,710000025,0,000000,0,0
29001,6500635,6510635,0,0,9999,0,29,0,0,0,1,0,10,0,710000034,0,000000,0,0
30001,6500732,6510751,0,0,9999,0,30,1,0,0,0,1,0,1,712000019,0,000000,0,0
30002,6500733,6510751,0,0,9999,0,30,2,0,0,0,1,0,1,712000018,0,000000,0,0
30003,6500734,6510751,0,0,9999,0,30,3,0,0,0,1,0,1,712000017,0,000000,0,0
30004,6500735,6510751,0,0,9999,0,30,4,0,0,0,1,0,1,712000016,0,000000,0,0
31001,6500712,6510606,0,0,9999,0,31,0,0,0,0,1,10,1,712000023,0,000000,0,0
34001,6501803,6511094,0,0,9999,0,34,0,0,0,0,0,0,0,714100001,0,000000,0,0
34002,6501804,6511095,0,0,9999,0,34,0,0,0,0,0,0,0,714100002,0,000000,0,0
34003,6501805,6511096,0,0,9999,0,34,0,0,0,0,0,0,0,714100003,0,000000,0,0
34004,6501806,6511097,0,0,9999,0,34,0,0,0,0,0,0,0,714100004,0,000000,0,0
34005,6502372,6511485,0,0,9999,0,34,0,0,0,0,0,0,0,714100005,0,000000,0,0
34006,6502518,1,0,0,9999,0,34,0,0,0,0,0,0,0,714100004,0,000000,0,0
34007,6505020,1,0,0,9999,0,34,0,0,0,0,0,0,0,714100004,0,000000,0,0
35001,6501838,6511129,0,0,9999,0,35,0,0,0,0,0,0,0,714200001,0,000000,0,0
35002,6501839,6511130,0,0,9999,0,35,0,0,0,0,0,0,0,714200002,0,000000,0,0
35003,6501840,6511131,0,0,9999,0,35,0,0,0,0,0,0,0,714200003,0,000000,0,0
35006,6501843,6511134,0,0,9999,0,35,0,0,0,0,0,0,0,714200004,0,000000,0,0
35007,6501844,6511135,0,0,9999,0,35,0,0,0,0,0,0,0,714200005,0,000000,0,0
35008,6501845,6511136,0,0,9999,0,35,0,0,0,0,0,0,0,714200006,0,000000,0,0
35009,6501846,6511137,0,0,9999,0,35,0,0,0,0,0,0,0,714200007,0,000000,0,0
35010,6501956,6511184,0,0,9999,0,35,0,0,0,0,0,0,0,714200008,0,000000,0,0
35011,6501957,6511185,0,0,9999,0,35,0,0,0,0,0,0,0,714200009,0,000000,0,0
35012,6501958,6511186,0,0,9999,0,35,0,0,0,0,0,0,0,714200010,0,000000,0,0
35013,6501959,6511187,0,0,9999,0,35,0,0,0,0,0,0,0,714200011,0,000000,0,0
35014,6501960,6511188,0,0,9999,0,35,0,0,0,0,0,0,0,714200012,0,000000,0,0
35015,6501961,6511189,0,0,9999,0,35,0,0,0,0,0,0,0,714200013,0,000000,0,0
35016,6501962,6511190,0,0,9999,0,35,0,0,0,0,0,0,0,714200014,0,000000,0,0
35017,6501963,6511191,0,0,9999,0,35,0,0,0,0,0,0,0,714200015,0,000000,0,0
35018,6501964,6511192,0,0,9999,0,35,0,0,0,0,0,0,0,714200016,0,000000,0,0
35019,6501965,6511193,0,0,9999,0,35,0,0,0,0,0,0,0,714200017,0,000000,0,0
35020,6501966,6511194,0,0,9999,0,35,0,0,0,0,0,0,0,714200018,0,000000,0,0
35021,6501967,6511195,0,0,9999,0,35,0,0,0,0,0,0,0,714200019,0,000000,0,0
35022,6501968,6511196,0,0,9999,0,35,0,0,0,0,0,0,0,714200020,0,000000,0,0
35023,6501969,6511197,0,0,9999,0,35,0,0,0,0,0,0,0,714200021,0,000000,0,0
35024,6501970,6511198,0,0,9999,0,35,0,0,0,0,0,0,0,714200022,0,000000,0,0
35025,6501971,6511199,0,0,9999,0,35,0,0,0,0,0,0,0,714200023,0,000000,0,0
35026,6501972,6511200,0,0,9999,0,35,0,0,0,0,0,0,0,714200024,0,000000,0,0
35027,6501973,6511201,0,0,9999,0,35,0,0,0,0,0,0,0,714200025,0,000000,0,0
35028,6501974,6511202,0,0,9999,0,35,0,0,0,0,0,0,0,714200026,0,000000,0,0
35029,6501975,6511203,0,0,9999,0,35,0,0,0,0,0,0,0,714200027,0,000000,0,0
35030,6501976,6511204,0,0,9999,0,35,0,0,0,0,0,0,0,714200028,0,000000,0,0
35031,6501977,6511205,0,0,9999,0,35,0,0,0,0,0,0,0,714200029,0,000000,0,0
35032,6501978,6511137,0,0,9999,0,35,0,0,0,0,0,0,0,714200030,0,000000,0,0
35033,6501979,6511207,0,0,9999,0,35,0,0,0,0,0,0,0,714200031,0,000000,0,0
35034,6501980,6511208,0,0,9999,0,35,0,0,0,0,0,0,0,714200032,0,000000,0,0
35035,6501981,6511209,0,0,9999,0,35,0,0,0,0,0,0,0,714200033,0,000000,0,0
35036,6501982,6511210,0,0,9999,0,35,0,0,0,0,0,0,0,714200034,0,000000,0,0
35037,6501983,6511211,0,0,9999,0,35,0,0,0,0,0,0,0,714200035,0,000000,0,0
35038,6501984,6511212,0,0,9999,0,35,0,0,0,0,0,0,0,714200036,0,000000,0,0
35039,6501985,6511213,0,0,9999,0,35,0,0,0,0,0,0,0,714200037,0,000000,0,0
35040,6501986,6511214,0,0,9999,0,35,0,0,0,0,0,0,0,714200038,0,000000,0,0
35041,6501987,6511215,0,0,9999,0,35,0,0,0,0,0,0,0,714200039,0,000000,0,0
35042,6501988,6511216,0,0,9999,0,35,0,0,0,0,0,0,0,714200040,0,000000,0,0
35043,6501989,6511217,0,0,9999,0,35,0,0,0,0,0,0,0,714200041,0,000000,0,0
35044,6501990,6511218,0,0,9999,0,35,0,0,0,0,0,0,0,714200042,0,000000,0,0
35045,6501991,6511219,0,0,9999,0,35,0,0,0,0,0,0,0,714200043,0,000000,0,0
35046,6501992,6511220,0,0,9999,0,35,0,0,0,0,0,0,0,714200044,0,000000,0,0
35047,6501993,6511221,0,0,9999,0,35,0,0,0,0,0,0,0,714200045,0,000000,0,0
35048,6501994,6511222,0,0,9999,0,35,0,0,0,0,0,0,0,714200046,0,000000,0,0
35049,6501995,6511223,0,0,9999,0,35,0,0,0,0,0,0,0,714200047,0,000000,0,0
35050,6501996,6511224,0,0,9999,0,35,0,0,0,0,0,0,0,714200048,0,000000,0,0
35051,6501997,6511225,0,0,9999,0,35,0,0,0,0,0,0,0,714200049,0,000000,0,0
35052,6502009,6511206,0,0,9999,0,35,0,0,0,0,0,0,0,714200050,0,000000,0,0
35053,6502010,6511235,0,0,9999,0,35,0,0,0,0,0,0,0,714200051,0,000000,0,0
35054,6502011,6511236,0,0,9999,0,35,0,0,0,0,0,0,0,714200052,0,000000,0,0
35055,6502012,6511237,0,0,9999,0,35,0,0,0,0,0,0,0,714200053,0,000000,0,0
35056,6502013,6511238,0,0,9999,0,35,0,0,0,0,0,0,0,714200054,0,000000,0,0
35057,6502083,6511280,0,0,9999,0,35,0,0,0,0,0,0,0,714200143,0,000000,0,0
35058,6502084,6511308,0,0,9999,0,35,0,0,0,0,0,0,0,714200055,0,000000,0,0
35059,6502085,6511309,0,0,9999,0,35,0,0,0,0,0,0,0,714200071,0,000000,0,0
35060,6502086,6511310,0,0,9999,0,35,0,0,0,0,0,0,0,714200072,0,000000,0,0
35061,6502087,6511311,0,0,9999,0,35,0,0,0,0,0,0,0,714200073,0,000000,0,0
35062,6502088,6511312,0,0,9999,0,35,0,0,0,0,0,0,0,714200056,0,000000,0,0
35063,6502089,6511313,0,0,9999,0,35,0,0,0,0,0,0,0,714200074,0,000000,0,0
35064,6502090,6511314,0,0,9999,0,35,0,0,0,0,0,0,0,714200075,0,000000,0,0
35065,6502091,6511315,0,0,9999,0,35,0,0,0,0,0,0,0,714200076,0,000000,0,0
35066,6502094,6511284,0,0,9999,0,35,0,0,0,0,0,0,0,714200127,0,000000,0,0
35067,6502095,6511285,0,0,9999,0,35,0,0,0,0,0,0,0,714200061,0,000000,0,0
35068,6502096,6511286,0,0,9999,0,35,0,0,0,0,0,0,0,714200081,0,000000,0,0
35069,6502097,6511287,0,0,9999,0,35,0,0,0,0,0,0,0,714200082,0,000000,0,0
35070,6502098,6511288,0,0,9999,0,35,0,0,0,0,0,0,0,714200083,0,000000,0,0
35071,6502099,6511289,0,0,9999,0,35,0,0,0,0,0,0,0,714200064,0,000000,0,0
35072,6502100,6511290,0,0,9999,0,35,0,0,0,0,0,0,0,714200065,0,000000,0,0
35073,6502101,6511291,0,0,9999,0,35,0,0,0,0,0,0,0,714200066,0,000000,0,0
35074,6502102,6511292,0,0,9999,0,35,0,0,0,0,0,0,0,714200067,0,000000,0,0
35075,6502103,6511293,0,0,9999,0,35,0,0,0,0,0,0,0,714200057,0,000000,0,0
35076,6502104,6511294,0,0,9999,0,35,0,0,0,0,0,0,0,714200077,0,000000,0,0
35077,6502105,6511295,0,0,9999,0,35,0,0,0,0,0,0,0,714200062,0,000000,0,0
35078,6502106,6511296,0,0,9999,0,35,0,0,0,0,0,0,0,714200063,0,000000,0,0
35079,6502107,6511297,0,0,9999,0,35,0,0,0,0,0,0,0,714200084,0,000000,0,0
35080,6502108,6511298,0,0,9999,0,35,0,0,0,0,0,0,0,714200085,0,000000,0,0
35081,6502109,6511299,0,0,9999,0,35,0,0,0,0,0,0,0,714200086,0,000000,0,0
35082,6502110,6511300,0,0,9999,0,35,0,0,0,0,0,0,0,714200068,0,000000,0,0
35083,6502111,6511301,0,0,9999,0,35,0,0,0,0,0,0,0,714200069,0,000000,0,0
35084,6502112,6511302,0,0,9999,0,35,0,0,0,0,0,0,0,714200070,0,000000,0,0
35085,6502113,6511303,0,0,9999,0,35,0,0,0,0,0,0,0,714200058,0,000000,0,0
35086,6502114,6511304,0,0,9999,0,35,0,0,0,0,0,0,0,714200059,0,000000,0,0
35087,6502115,6511305,0,0,9999,0,35,0,0,0,0,0,0,0,714200078,0,000000,0,0
35088,6502116,6511306,0,0,9999,0,35,0,0,0,0,0,0,0,714200079,0,000000,0,0
35089,6502117,6511307,0,0,9999,0,35,0,0,0,0,0,0,0,714200080,0,000000,0,0
35090,6502140,6511337,0,0,9999,0,35,0,0,0,0,0,0,0,714200101,0,000000,0,0
35091,6502141,6511338,0,0,9999,0,35,0,0,0,0,0,0,0,714200105,0,000000,0,0
35092,6502142,6511339,0,0,9999,0,35,0,0,0,0,0,0,0,714200147,0,000000,0,0
35093,6502144,6511340,0,0,9999,0,35,0,0,0,0,0,0,0,714200106,0,000000,0,0
35094,6502147,6511347,0,0,9999,0,35,0,0,0,0,0,0,0,714200118,0,000000,0,0
35095,6502148,6511348,0,0,9999,0,35,0,0,0,0,0,0,0,714200119,0,000000,0,0
35096,6502152,6511344,0,0,9999,0,35,0,0,0,0,0,0,0,714200131,0,000000,0,0
35097,6502153,6511345,0,0,9999,0,35,0,0,0,0,0,0,0,714200132,0,000000,0,0
35098,6502154,6511343,0,0,9999,0,35,0,0,0,0,0,0,0,714200133,0,000000,0,0
35099,6502155,6511342,0,0,9999,0,35,0,0,0,0,0,0,0,714200134,0,000000,0,0
35100,6502156,6511341,0,0,9999,0,35,0,0,0,0,0,0,0,714200135,0,000000,0,0
35101,6502173,6511346,0,0,9999,0,35,0,0,0,0,0,0,0,714200110,0,000000,0,0
35102,6502170,6511358,0,0,9999,0,35,0,0,0,0,0,0,0,714200144,0,000000,0,0
35103,6502171,6511359,0,0,9999,0,35,0,0,0,0,0,0,0,714200145,0,000000,0,0
35104,6502172,6511360,0,0,9999,0,35,0,0,0,0,0,0,0,714200146,0,000000,0,0
35105,6502138,6511334,0,0,9999,0,35,0,0,0,0,0,0,0,714200087,0,000000,0,0
35106,6502143,6511335,0,0,9999,0,35,0,0,0,0,0,0,0,714200088,0,000000,0,0
35107,6502145,6511336,0,0,9999,0,35,0,0,0,0,0,0,0,714200089,0,000000,0,0
35108,6502161,6511378,0,0,9999,0,35,0,0,0,0,0,0,0,714200090,0,000000,0,0
35109,6502162,6511379,0,0,9999,0,35,0,0,0,0,0,0,0,714200091,0,000000,0,0
35110,6502163,6511380,0,0,9999,0,35,0,0,0,0,0,0,0,714200092,0,000000,0,0
35111,6502139,6511392,0,0,9999,0,35,0,0,0,0,0,0,0,714200099,0,000000,0,0
35112,6502164,6511393,0,0,9999,0,35,0,0,0,0,0,0,0,714200109,0,000000,0,0
35113,6502165,6511397,0,0,9999,0,35,0,0,0,0,0,0,0,714200112,0,000000,0,0
35114,6502166,6511398,0,0,9999,0,35,0,0,0,0,0,0,0,714200113,0,000000,0,0
35115,6502167,6511396,0,0,9999,0,35,0,0,0,0,0,0,0,714200114,0,000000,0,0
35116,6502168,6511399,0,0,9999,0,35,0,0,0,0,0,0,0,714200136,0,000000,0,0
35117,6502169,6511395,0,0,9999,0,35,0,0,0,0,0,0,0,714200126,0,000000,0,0
35118,6502149,6511394,0,0,9999,0,35,0,0,0,0,0,0,0,714200120,0,000000,0,0
35119,6502241,6511400,0,0,9999,0,35,0,0,0,0,0,0,0,714200149,0,000000,0,0
35120,6502242,6511401,0,0,9999,0,35,0,0,0,0,0,0,0,714200150,0,000000,0,0
35121,6502243,6511402,0,0,9999,0,35,0,0,0,0,0,0,0,714200154,0,000000,0,0
35122,6502245,6511824,0,0,9999,0,35,0,0,0,0,0,0,0,714200307,0,000000,0,0
35123,6502246,6511825,0,0,9999,0,35,0,0,0,0,0,0,0,714200308,0,000000,0,0
35124,6502247,6511826,0,0,9999,0,35,0,0,0,0,0,0,0,714200309,0,000000,0,0
35125,6502321,6511421,0,0,9999,0,35,0,0,0,0,0,0,0,714200152,0,000000,0,0
35126,6502238,6511420,0,0,9999,0,35,0,0,0,0,0,0,0,714200170,0,000000,0,0
35127,6502239,6511419,0,0,9999,0,35,0,0,0,0,0,0,0,714200153,0,000000,0,0
35128,6502240,6511418,0,0,9999,0,35,0,0,0,0,0,0,0,714200151,0,000000,0,0
35129,6502178,6511461,0,0,9999,0,35,0,0,0,0,0,0,0,714200103,0,000000,0,0
35130,6502146,6511462,0,0,9999,0,35,0,0,0,0,0,0,0,714200100,0,000000,0,0
35131,6502176,6511464,0,0,9999,0,35,0,0,0,0,0,0,0,714200117,0,000000,0,0
35132,6502185,6511460,0,0,9999,0,35,0,0,0,0,0,0,0,714200111,0,000000,0,0
35133,6502186,6511463,0,0,9999,0,35,0,0,0,0,0,0,0,714200137,0,000000,0,0
35134,6502182,6511458,0,0,9999,0,35,0,0,0,0,0,0,0,714200125,0,000000,0,0
35135,6502181,6511455,0,0,9999,0,35,0,0,0,0,0,0,0,714200124,0,000000,0,0
35136,6502179,6511457,0,0,9999,0,35,0,0,0,0,0,0,0,714200122,0,000000,0,0
35137,6502180,6511456,0,0,9999,0,35,0,0,0,0,0,0,0,714200123,0,000000,0,0
35138,6502183,6511459,0,0,9999,0,35,0,0,0,0,0,0,0,714200129,0,000000,0,0
35139,6502184,6511454,0,0,9999,0,35,0,0,0,0,0,0,0,714200139,0,000000,0,0
35140,6502352,6511465,0,0,9999,0,35,0,0,0,0,0,0,0,714200155,0,000000,0,0
35141,6502353,6511466,0,0,9999,0,35,0,0,0,0,0,0,0,714200156,0,000000,0,0
35142,6502354,6511467,0,0,9999,0,35,0,0,0,0,0,0,0,714200157,0,000000,0,0
35143,6502355,6511468,0,0,9999,0,35,0,0,0,0,0,0,0,714200161,0,000000,0,0
35144,6502356,6511469,0,0,9999,0,35,0,0,0,0,0,0,0,714200162,0,000000,0,0
35145,6502357,6511470,0,0,9999,0,35,0,0,0,0,0,0,0,714200163,0,000000,0,0
35146,6502358,6511471,0,0,9999,0,35,0,0,0,0,0,0,0,714200158,0,000000,0,0
35147,6502359,6511472,0,0,9999,0,35,0,0,0,0,0,0,0,714200159,0,000000,0,0
35148,6502360,6511473,0,0,9999,0,35,0,0,0,0,0,0,0,714200160,0,000000,0,0
35149,6502361,6511474,0,0,9999,0,35,0,0,0,0,0,0,0,714200164,0,000000,0,0
35150,6502362,6511475,0,0,9999,0,35,0,0,0,0,0,0,0,714200165,0,000000,0,0
35151,6502363,6511476,0,0,9999,0,35,0,0,0,0,0,0,0,714200166,0,000000,0,0
35152,6502364,6511477,0,0,9999,0,35,0,0,0,0,0,0,0,714200167,0,000000,0,0
35153,6502365,6511478,0,0,9999,0,35,0,0,0,0,0,0,0,714200168,0,000000,0,0
35154,6502366,6511479,0,0,9999,0,35,0,0,0,0,0,0,0,714200169,0,000000,0,0
35155,6502398,6511503,0,0,9999,0,35,0,0,0,0,0,0,0,714200171,0,000000,0,0
35156,6502399,6511504,0,0,9999,0,35,0,0,0,0,0,0,0,714200172,0,000000,0,0
35157,6502400,6511505,0,0,9999,0,35,0,0,0,0,0,0,0,714200173,0,000000,0,0
35158,6502401,6511506,0,0,9999,0,35,0,0,0,0,0,0,0,714200174,0,000000,0,0
35159,6502402,6511507,0,0,9999,0,35,0,0,0,0,0,0,0,714200181,0,000000,0,0
35160,6502187,6511537,0,0,9999,0,35,0,0,0,0,0,0,0,714200096,0,000000,0,0
35161,6502188,6511538,0,0,9999,0,35,0,0,0,0,0,0,0,714200097,0,000000,0,0
35162,6502189,6511539,0,0,9999,0,35,0,0,0,0,0,0,0,714200098,0,000000,0,0
35163,6502177,6511540,0,0,9999,0,35,0,0,0,0,0,0,0,714200104,0,000000,0,0
35164,6502190,6511541,0,0,9999,0,35,0,0,0,0,0,0,0,714200102,0,000000,0,0
35165,6502192,6511544,0,0,9999,0,35,0,0,0,0,0,0,0,714200116,0,000000,0,0
35166,6502151,6511542,0,0,9999,0,35,0,0,0,0,0,0,0,714200138,0,000000,0,0
35167,6502150,6511543,0,0,9999,0,35,0,0,0,0,0,0,0,714200121,0,000000,0,0
35168,6502193,6511545,0,0,9999,0,35,0,0,0,0,0,0,0,714200130,0,000000,0,0
35169,6502191,6511597,0,0,9999,0,35,0,0,0,0,0,0,0,714200115,0,000000,0,0
35170,6502412,6511517,0,0,9999,0,35,0,0,0,0,0,0,0,714200176,0,000000,0,0
35171,6502413,6511518,0,0,9999,0,35,0,0,0,0,0,0,0,714200177,0,000000,0,0
35172,6502414,6511519,0,0,9999,0,35,0,0,0,0,0,0,0,714200175,0,000000,0,0
35173,6502415,6511520,0,0,9999,0,35,0,0,0,0,0,0,0,714200178,0,000000,0,0
35174,6502416,6511521,0,0,9999,0,35,0,0,0,0,0,0,0,714200179,0,000000,0,0
35175,6502417,6511522,0,0,9999,0,35,0,0,0,0,0,0,0,714200180,0,000000,0,0
35176,6502418,6511523,0,0,9999,0,35,0,0,0,0,0,0,0,714200182,0,000000,0,0
35177,6502428,6511569,0,0,9999,0,35,0,0,0,0,0,0,0,714200183,0,000000,0,0
35178,6502429,6511570,0,0,9999,0,35,0,0,0,0,0,0,0,714200184,0,000000,0,0
35179,6502430,6511571,0,0,9999,0,35,0,0,0,0,0,0,0,714200185,0,000000,0,0
35180,6502431,6511572,0,0,9999,0,35,0,0,0,0,0,0,0,714200186,0,000000,0,0
35181,6502432,6511573,0,0,9999,0,35,0,0,0,0,0,0,0,714200187,0,000000,0,0
35182,6502194,6511590,0,0,9999,0,35,0,0,0,0,0,0,0,714200093,0,000000,0,0
35183,6502195,6511591,0,0,9999,0,35,0,0,0,0,0,0,0,714200094,0,000000,0,0
35184,6502196,6511592,0,0,9999,0,35,0,0,0,0,0,0,0,714200095,0,000000,0,0
35185,6502197,6511598,0,0,9999,0,35,0,0,0,0,0,0,0,714200142,0,000000,0,0
35186,6502198,6511596,0,0,9999,0,35,0,0,0,0,0,0,0,714200128,0,000000,0,0
35187,6502199,6511595,0,0,9999,0,35,0,0,0,0,0,0,0,714200141,0,000000,0,0
35188,6502200,6511599,0,0,9999,0,35,0,0,0,0,0,0,0,714200140,0,000000,0,0
35189,6502201,6511594,0,0,9999,0,35,0,0,0,0,0,0,0,714200107,0,000000,0,0
35190,6502214,6511593,0,0,9999,0,35,0,0,0,0,0,0,0,714200108,0,000000,0,0
35191,6502461,6511602,0,0,9999,0,35,0,0,0,0,0,0,0,714200201,0,000000,0,0
35192,6502462,6511603,0,0,9999,0,35,0,0,0,0,0,0,0,714200202,0,000000,0,0
35193,6502463,6511604,0,0,9999,0,35,0,0,0,0,0,0,0,714200203,0,000000,0,0
35194,6502464,6511605,0,0,9999,0,35,0,0,0,0,0,0,0,714200204,0,000000,0,0
35195,6502465,6511606,0,0,9999,0,35,0,0,0,0,0,0,0,714200205,0,000000,0,0
35196,6502466,6511607,0,0,9999,0,35,0,0,0,0,0,0,0,714200206,0,000000,0,0
35197,6502519,6511618,0,0,9999,0,35,0,0,0,0,0,0,0,714200189,0,000000,0,0
35198,6502520,6511619,0,0,9999,0,35,0,0,0,0,0,0,0,714200190,0,000000,0,0
35199,6502521,6511620,0,0,9999,0,35,0,0,0,0,0,0,0,714200191,0,000000,0,0
35200,6502522,6511621,0,0,9999,0,35,0,0,0,0,0,0,0,714200195,0,000000,0,0
35201,6502523,6511622,0,0,9999,0,35,0,0,0,0,0,0,0,714200196,0,000000,0,0
35202,6502524,6511623,0,0,9999,0,35,0,0,0,0,0,0,0,714200197,0,000000,0,0
35203,6502525,6511624,0,0,9999,0,35,0,0,0,0,0,0,0,714200198,0,000000,0,0
35204,6502526,6511625,0,0,9999,0,35,0,0,0,0,0,0,0,714200199,0,000000,0,0
35205,6502527,6511626,0,0,9999,0,35,0,0,0,0,0,0,0,714200200,0,000000,0,0
35206,6502530,6511627,0,0,9999,0,35,0,0,0,0,0,0,0,714200188,0,000000,0,0
35207,6502531,6511628,0,0,9999,0,35,0,0,0,0,0,0,0,714200192,0,000000,0,0
35208,6502532,6511629,0,0,9999,0,35,0,0,0,0,0,0,0,714200193,0,000000,0,0
35209,6502533,6511630,0,0,9999,0,35,0,0,0,0,0,0,0,714200194,0,000000,0,0
35210,6502592,6511667,0,0,9999,0,35,0,0,0,0,0,0,0,714200207,0,000000,0,0
35211,6502593,6511668,0,0,9999,0,35,0,0,0,0,0,0,0,714200208,0,000000,0,0
35212,6502594,6511669,0,0,9999,0,35,0,0,0,0,0,0,0,714200209,0,000000,0,0
35213,6502595,6511670,0,0,9999,0,35,0,0,0,0,0,0,0,714200210,0,000000,0,0
35214,6502596,6511671,0,0,9999,0,35,0,0,0,0,0,0,0,714200211,0,000000,0,0
35215,6502597,6511672,0,0,9999,0,35,0,0,0,0,0,0,0,714200212,0,000000,0,0
35216,6502598,6511673,0,0,9999,0,35,0,0,0,0,0,0,0,714200213,0,000000,0,0
35217,6502599,6511674,0,0,9999,0,35,0,0,0,0,0,0,0,714200214,0,000000,0,0
35218,6502600,6511675,0,0,9999,0,35,0,0,0,0,0,0,0,714200215,0,000000,0,0
35219,6502601,6511676,0,0,9999,0,35,0,0,0,0,0,0,0,714200216,0,000000,0,0
35220,6502616,6511689,0,0,9999,0,35,0,0,0,0,0,0,0,714200229,0,000000,0,0
35221,6502617,6511690,0,0,9999,0,35,0,0,0,0,0,0,0,714200234,0,000000,0,0
35222,6502618,6511691,0,0,9999,0,35,0,0,0,0,0,0,0,714200230,0,000000,0,0
35223,6502619,6511692,0,0,9999,0,35,0,0,0,0,0,0,0,714200235,0,000000,0,0
35224,6502620,6511693,0,0,9999,0,35,0,0,0,0,0,0,0,714200231,0,000000,0,0
35225,6502621,6511694,0,0,9999,0,35,0,0,0,0,0,0,0,714200232,0,000000,0,0
35226,6502622,6511695,0,0,9999,0,35,0,0,0,0,0,0,0,714200233,0,000000,0,0
35227,6502631,6511704,0,0,9999,0,35,0,0,0,0,0,0,0,714200217,0,000000,0,0
35228,6502632,6511705,0,0,9999,0,35,0,0,0,0,0,0,0,714200218,0,000000,0,0
35229,6502633,6511706,0,0,9999,0,35,0,0,0,0,0,0,0,714200219,0,000000,0,0
35230,6502634,6511707,0,0,9999,0,35,0,0,0,0,0,0,0,714200220,0,000000,0,0
35231,6502635,6511708,0,0,9999,0,35,0,0,0,0,0,0,0,714200221,0,000000,0,0
35232,6502636,6511709,0,0,9999,0,35,0,0,0,0,0,0,0,714200222,0,000000,0,0
35233,6502637,6511710,0,0,9999,0,35,0,0,0,0,0,0,0,714200223,0,000000,0,0
35234,6502638,6511711,0,0,9999,0,35,0,0,0,0,0,0,0,714200224,0,000000,0,0
35235,6502639,6511712,0,0,9999,0,35,0,0,0,0,0,0,0,714200226,0,000000,0,0
35236,6502640,6511713,0,0,9999,0,35,0,0,0,0,0,0,0,714200227,0,000000,0,0
35237,6502641,6511714,0,0,9999,0,35,0,0,0,0,0,0,0,714200228,0,000000,0,0
35238,6502642,6511715,0,0,9999,0,35,0,0,0,0,0,0,0,714200225,0,000000,0,0
35239,6502671,6511733,0,0,9999,0,35,0,0,0,0,0,0,0,714200239,0,000000,0,0
35240,6502672,6511734,0,0,9999,0,35,0,0,0,0,0,0,0,714200240,0,000000,0,0
35241,6502673,6511735,0,0,9999,0,35,0,0,0,0,0,0,0,714200237,0,000000,0,0
35242,6502674,6511736,0,0,9999,0,35,0,0,0,0,0,0,0,714200238,0,000000,0,0
35243,6502690,6511751,0,0,9999,0,35,0,0,0,0,0,0,0,714200246,0,000000,0,0
35244,6502691,6511752,0,0,9999,0,35,0,0,0,0,0,0,0,714200247,0,000000,0,0
35245,6502692,6511753,0,0,9999,0,35,0,0,0,0,0,0,0,714200248,0,000000,0,0
35246,6502693,6511754,0,0,9999,0,35,0,0,0,0,0,0,0,714200244,0,000000,0,0
35247,6502694,6511755,0,0,9999,0,35,0,0,0,0,0,0,0,714200245,0,000000,0,0
35248,6502695,6511756,0,0,9999,0,35,0,0,0,0,0,0,0,714200241,0,000000,0,0
35249,6502696,6511757,0,0,9999,0,35,0,0,0,0,0,0,0,714200242,0,000000,0,0
35250,6502697,6511758,0,0,9999,0,35,0,0,0,0,0,0,0,714200243,0,000000,0,0
35251,6502698,6511759,0,0,9999,0,35,0,0,0,0,0,0,0,714200236,0,000000,0,0
35252,6502703,6511763,0,0,9999,0,35,0,0,0,0,0,0,0,714200249,0,000000,0,0
35253,6502704,6511764,0,0,9999,0,35,0,0,0,0,0,0,0,714200276,0,000000,0,0
35254,6502705,6511765,0,0,9999,0,35,0,0,0,0,0,0,0,714200250,0,000000,0,0
35255,6502706,6511766,0,0,9999,0,35,0,0,0,0,0,0,0,714200277,0,000000,0,0
35256,6502707,6511767,0,0,9999,0,35,0,0,0,0,0,0,0,714200253,0,000000,0,0
35257,6502708,6511768,0,0,9999,0,35,0,0,0,0,0,0,0,714200254,0,000000,0,0
35258,6502709,6511769,0,0,9999,0,35,0,0,0,0,0,0,0,714200272,0,000000,0,0
35259,6502710,6511770,0,0,9999,0,35,0,0,0,0,0,0,0,714200273,0,000000,0,0
35260,6502711,6511771,0,0,9999,0,35,0,0,0,0,0,0,0,714200274,0,000000,0,0
35261,6502712,6511772,0,0,9999,0,35,0,0,0,0,0,0,0,714200275,0,000000,0,0
35262,6502713,6511773,0,0,9999,0,35,0,0,0,0,0,0,0,714200252,0,000000,0,0
35263,6502714,6511774,0,0,9999,0,35,0,0,0,0,0,0,0,714200251,0,000000,0,0
35264,6502722,6511781,0,0,9999,0,35,0,0,0,0,0,0,0,714200255,0,000000,0,0
35265,6502723,6511782,0,0,9999,0,35,0,0,0,0,0,0,0,714200256,0,000000,0,0
35266,6502736,6511794,0,0,9999,0,35,0,0,0,0,0,0,0,714200266,0,000000,0,0
35267,6502737,6511795,0,0,9999,0,35,0,0,0,0,0,0,0,714200267,0,000000,0,0
35268,6502738,6511796,0,0,9999,0,35,0,0,0,0,0,0,0,714200268,0,000000,0,0
35269,6502739,6511797,0,0,9999,0,35,0,0,0,0,0,0,0,714200269,0,000000,0,0
35270,6502740,6511798,0,0,9999,0,35,0,0,0,0,0,0,0,714200270,0,000000,0,0
35271,6502741,6511799,0,0,9999,0,35,0,0,0,0,0,0,0,714200271,0,000000,0,0
35272,6502742,6511800,0,0,9999,0,35,0,0,0,0,0,0,0,714200257,0,000000,0,0
35273,6502743,6511801,0,0,9999,0,35,0,0,0,0,0,0,0,714200258,0,000000,0,0
35274,6502744,6511802,0,0,9999,0,35,0,0,0,0,0,0,0,714200259,0,000000,0,0
35275,6502745,6511803,0,0,9999,0,35,0,0,0,0,0,0,0,714200260,0,000000,0,0
35276,6502746,6511805,0,0,9999,0,35,0,0,0,0,0,0,0,714200262,0,000000,0,0
35277,6502747,6511806,0,0,9999,0,35,0,0,0,0,0,0,0,714200263,0,000000,0,0
35278,6502748,6511807,0,0,9999,0,35,0,0,0,0,0,0,0,714200264,0,000000,0,0
35279,6502749,6511808,0,0,9999,0,35,0,0,0,0,0,0,0,714200265,0,000000,0,0
35280,6502750,6511804,0,0,9999,0,35,0,0,0,0,0,0,0,714200261,0,000000,0,0
35281,6502768,6511827,0,0,9999,0,35,0,0,0,0,0,0,0,714200310,0,000000,0,0
35282,6502784,6511832,0,0,9999,0,35,0,0,0,0,0,0,0,714200278,0,000000,0,0
35283,6502785,6511833,0,0,9999,0,35,0,0,0,0,0,0,0,714200279,0,000000,0,0
35284,6502786,6511834,0,0,9999,0,35,0,0,0,0,0,0,0,714200280,0,000000,0,0
35285,6502787,6511835,0,0,9999,0,35,0,0,0,0,0,0,0,714200281,0,000000,0,0
35286,6502788,6511836,0,0,9999,0,35,0,0,0,0,0,0,0,714200282,0,000000,0,0
35287,6502789,6511837,0,0,9999,0,35,0,0,0,0,0,0,0,714200283,0,000000,0,0
35288,6502790,6511838,0,0,9999,0,35,0,0,0,0,0,0,0,714200284,0,000000,0,0
35289,6502807,6511864,0,0,9999,0,35,0,0,0,0,0,0,0,714200294,0,000000,0,0
35290,6502808,6511865,0,0,9999,0,35,0,0,0,0,0,0,0,714200295,0,000000,0,0
35291,6502809,6511866,0,0,9999,0,35,0,0,0,0,0,0,0,714200296,0,000000,0,0
35292,6502810,6511867,0,0,9999,0,35,0,0,0,0,0,0,0,714200297,0,000000,0,0
35293,6502811,6511868,0,0,9999,0,35,0,0,0,0,0,0,0,714200298,0,000000,0,0
35294,6502812,6511869,0,0,9999,0,35,0,0,0,0,0,0,0,714200299,0,000000,0,0
35295,6502813,6511870,0,0,9999,0,35,0,0,0,0,0,0,0,714200300,0,000000,0,0
35296,6502814,6511871,0,0,9999,0,35,0,0,0,0,0,0,0,714200301,0,000000,0,0
35297,6502815,6511872,0,0,9999,0,35,0,0,0,0,0,0,0,714200302,0,000000,0,0
35298,6502816,6511873,0,0,9999,0,35,0,0,0,0,0,0,0,714200303,0,000000,0,0
35299,6502817,6511874,0,0,9999,0,35,0,0,0,0,0,0,0,714200304,0,000000,0,0
35300,6502818,6511875,0,0,9999,0,35,0,0,0,0,0,0,0,714200305,0,000000,0,0
35301,6502819,6511876,0,0,9999,0,35,0,0,0,0,0,0,0,714200306,0,000000,0,0
35302,6502820,6511877,0,0,9999,0,35,0,0,0,0,0,0,0,714200285,0,000000,0,0
35303,6502821,6511878,0,0,9999,0,35,0,0,0,0,0,0,0,714200286,0,000000,0,0
35304,6502822,6511879,0,0,9999,0,35,0,0,0,0,0,0,0,714200287,0,000000,0,0
35305,6502823,6511880,0,0,9999,0,35,0,0,0,0,0,0,0,714200288,0,000000,0,0
35306,6502824,6511881,0,0,9999,0,35,0,0,0,0,0,0,0,714200289,0,000000,0,0
35307,6502825,6511882,0,0,9999,0,35,0,0,0,0,0,0,0,714200290,0,000000,0,0
35308,6502826,6511883,0,0,9999,0,35,0,0,0,0,0,0,0,714200291,0,000000,0,0
35309,6502827,6511884,0,0,9999,0,35,0,0,0,0,0,0,0,714200292,0,000000,0,0
35310,6502828,6511885,0,0,9999,0,35,0,0,0,0,0,0,0,714200293,0,000000,0,0
35311,6502850,6511912,0,0,9999,0,35,0,0,0,0,0,0,0,714200311,0,000000,0,0
35312,6502851,6511913,0,0,9999,0,35,0,0,0,0,0,0,0,714200312,0,000000,0,0
35313,6502852,6511914,0,0,9999,0,35,0,0,0,0,0,0,0,714200313,0,000000,0,0
35314,6502853,6511915,0,0,9999,0,35,0,0,0,0,0,0,0,714200314,0,000000,0,0
35315,6502854,6511916,0,0,9999,0,35,0,0,0,0,0,0,0,714200315,0,000000,0,0
35316,6502855,6511917,0,0,9999,0,35,0,0,0,0,0,0,0,714200316,0,000000,0,0
35317,6502856,6511918,0,0,9999,0,35,0,0,0,0,0,0,0,714200317,0,000000,0,0
35318,6502890,6511946,0,0,9999,0,35,0,0,0,0,0,0,0,714200328,0,000000,0,0
35319,6502891,6511947,0,0,9999,0,35,0,0,0,0,0,0,0,714200329,0,000000,0,0
35320,6502892,6511948,0,0,9999,0,35,0,0,0,0,0,0,0,714200330,0,000000,0,0
35321,6502893,6511949,0,0,9999,0,35,0,0,0,0,0,0,0,714200331,0,000000,0,0
35322,6502894,6511950,0,0,9999,0,35,0,0,0,0,0,0,0,714200332,0,000000,0,0
35323,6502895,6511951,0,0,9999,0,35,0,0,0,0,0,0,0,714200318,0,000000,0,0
35324,6502896,6511952,0,0,9999,0,35,0,0,0,0,0,0,0,714200319,0,000000,0,0
35325,6502897,6511953,0,0,9999,0,35,0,0,0,0,0,0,0,714200320,0,000000,0,0
35326,6502898,6511954,0,0,9999,0,35,0,0,0,0,0,0,0,714200321,0,000000,0,0
35327,6502899,6511955,0,0,9999,0,35,0,0,0,0,0,0,0,714200322,0,000000,0,0
35328,6502900,6511956,0,0,9999,0,35,0,0,0,0,0,0,0,714200323,0,000000,0,0
35329,6502901,6511957,0,0,9999,0,35,0,0,0,0,0,0,0,714200324,0,000000,0,0
35330,6502902,6511958,0,0,9999,0,35,0,0,0,0,0,0,0,714200325,0,000000,0,0
35331,6502903,6511959,0,0,9999,0,35,0,0,0,0,0,0,0,714200326,0,000000,0,0
35332,6502904,6511960,0,0,9999,0,35,0,0,0,0,0,0,0,714200327,0,000000,0,0
35333,6502984,6511990,0,0,9999,0,35,0,0,0,0,0,0,0,714200333,0,000000,0,0
35334,6502985,6511991,0,0,9999,0,35,0,0,0,0,0,0,0,714200334,0,000000,0,0
35335,6502986,6511992,0,0,9999,0,35,0,0,0,0,0,0,0,714200335,0,000000,0,0
35336,6502987,6511993,0,0,9999,0,35,0,0,0,0,0,0,0,714200336,0,000000,0,0
35337,6503014,6512011,0,0,9999,0,35,0,0,0,0,0,0,0,714200345,0,000000,0,0
35338,6503015,6512012,0,0,9999,0,35,0,0,0,0,0,0,0,714200346,0,000000,0,0
35339,6503016,6512013,0,0,9999,0,35,0,0,0,0,0,0,0,714200347,0,000000,0,0
35340,6503017,6512014,0,0,9999,0,35,0,0,0,0,0,0,0,714200348,0,000000,0,0
35341,6503018,6512015,0,0,9999,0,35,0,0,0,0,0,0,0,714200349,0,000000,0,0
35342,6503019,6512016,0,0,9999,0,35,0,0,0,0,0,0,0,714200337,0,000000,0,0
35343,6503020,6512017,0,0,9999,0,35,0,0,0,0,0,0,0,714200338,0,000000,0,0
35344,6503021,6512018,0,0,9999,0,35,0,0,0,0,0,0,0,714200339,0,000000,0,0
35345,6503022,6512019,0,0,9999,0,35,0,0,0,0,0,0,0,714200340,0,000000,0,0
35346,6503023,6512020,0,0,9999,0,35,0,0,0,0,0,0,0,714200343,0,000000,0,0
35347,6503024,6512021,0,0,9999,0,35,0,0,0,0,0,0,0,714200344,0,000000,0,0
35348,6503025,6512022,0,0,9999,0,35,0,0,0,0,0,0,0,714200341,0,000000,0,0
35349,6503026,6512023,0,0,9999,0,35,0,0,0,0,0,0,0,714200342,0,000000,0,0
35350,6503046,6512044,0,0,9999,0,35,0,0,0,0,0,0,0,714200350,0,000000,0,0
35351,6503047,6512045,0,0,9999,0,35,0,0,0,0,0,0,0,714200351,0,000000,0,0
35352,6503048,6512046,0,0,9999,0,35,0,0,0,0,0,0,0,714200352,0,000000,0,0
35353,6503049,6512047,0,0,9999,0,35,0,0,0,0,0,0,0,714200353,0,000000,0,0
35354,6503050,6512048,0,0,9999,0,35,0,0,0,0,0,0,0,714200354,0,000000,0,0
35355,6503051,6512049,0,0,9999,0,35,0,0,0,0,0,0,0,714200355,0,000000,0,0
35356,6503052,6512050,0,0,9999,0,35,0,0,0,0,0,0,0,714200356,0,000000,0,0
35357,6503081,6512081,0,0,9999,0,35,0,0,0,0,0,0,0,714200365,0,000000,0,0
35358,6503082,6512082,0,0,9999,0,35,0,0,0,0,0,0,0,714200366,0,000000,0,0
35359,6503083,6512083,0,0,9999,0,35,0,0,0,0,0,0,0,714200367,0,000000,0,0
35360,6503084,6512084,0,0,9999,0,35,0,0,0,0,0,0,0,714200368,0,000000,0,0
35361,6503085,6512085,0,0,9999,0,35,0,0,0,0,0,0,0,714200357,0,000000,0,0
35362,6503086,6512086,0,0,9999,0,35,0,0,0,0,0,0,0,714200358,0,000000,0,0
35363,6503087,6512087,0,0,9999,0,35,0,0,0,0,0,0,0,714200359,0,000000,0,0
35364,6503088,6512088,0,0,9999,0,35,0,0,0,0,0,0,0,714200360,0,000000,0,0
35365,6503089,6512089,0,0,9999,0,35,0,0,0,0,0,0,0,714200361,0,000000,0,0
35366,6503090,6512090,0,0,9999,0,35,0,0,0,0,0,0,0,714200362,0,000000,0,0
35367,6503091,6512091,0,0,9999,0,35,0,0,0,0,0,0,0,714200363,0,000000,0,0
35368,6503092,6512092,0,0,9999,0,35,0,0,0,0,0,0,0,714200364,0,000000,0,0
35369,6503134,6512126,0,0,9999,0,35,0,0,0,0,0,0,0,714200369,0,000000,0,0
35370,6503135,6512127,0,0,9999,0,35,0,0,0,0,0,0,0,714200370,0,000000,0,0
35371,6503136,6512128,0,0,9999,0,35,0,0,0,0,0,0,0,714200371,0,000000,0,0
35372,6503137,6512129,0,0,9999,0,35,0,0,0,0,0,0,0,714200372,0,000000,0,0
35373,6503204,6512145,0,0,9999,0,35,0,0,0,0,0,0,0,714200373,0,000000,0,0
35374,6503205,6512146,0,0,9999,0,35,0,0,0,0,0,0,0,714200374,0,000000,0,0
35375,6503206,6512147,0,0,9999,0,35,0,0,0,0,0,0,0,714200375,0,000000,0,0
35376,6503207,6512148,0,0,9999,0,35,0,0,0,0,0,0,0,714200376,0,000000,0,0
35377,6503208,6512149,0,0,9999,0,35,0,0,0,0,0,0,0,714200377,0,000000,0,0
35378,6503209,6512150,0,0,9999,0,35,0,0,0,0,0,0,0,714200378,0,000000,0,0
35379,6503210,6512151,0,0,9999,0,35,0,0,0,0,0,0,0,714200379,0,000000,0,0
35380,6503211,6512152,0,0,9999,0,35,0,0,0,0,0,0,0,714200380,0,000000,0,0
35381,6503212,6512153,0,0,9999,0,35,0,0,0,0,0,0,0,714200381,0,000000,0,0
35382,6503213,6512154,0,0,9999,0,35,0,0,0,0,0,0,0,714200382,0,000000,0,0
35383,6503214,6512155,0,0,9999,0,35,0,0,0,0,0,0,0,714200383,0,000000,0,0
35384,6503215,6512156,0,0,9999,0,35,0,0,0,0,0,0,0,714200384,0,000000,0,0
35385,6503216,6512157,0,0,9999,0,35,0,0,0,0,0,0,0,714200385,0,000000,0,0
35386,6503217,6512158,0,0,9999,0,35,0,0,0,0,0,0,0,714200386,0,000000,0,0
35387,6503218,6512159,0,0,9999,0,35,0,0,0,0,0,0,0,714200387,0,000000,0,0
35388,6503219,6512160,0,0,9999,0,35,0,0,0,0,0,0,0,714200388,0,000000,0,0
35389,6503234,6512173,0,0,9999,0,35,0,0,0,0,0,0,0,714200389,0,000000,0,0
35390,6503235,6512174,0,0,9999,0,35,0,0,0,0,0,0,0,714200390,0,000000,0,0
35391,6503236,6512175,0,0,9999,0,35,0,0,0,0,0,0,0,714200391,0,000000,0,0
35392,6503237,6512176,0,0,9999,0,35,0,0,0,0,0,0,0,714200392,0,000000,0,0
35393,6503238,6512177,0,0,9999,0,35,0,0,0,0,0,0,0,714200393,0,000000,0,0
35394,6503243,6512182,0,0,9999,0,35,0,0,0,0,0,0,0,714200394,0,000000,0,0
35395,6503244,6512183,0,0,9999,0,35,0,0,0,0,0,0,0,714200395,0,000000,0,0
35396,6503245,6512184,0,0,9999,0,35,0,0,0,0,0,0,0,714200396,0,000000,0,0
35397,6503246,6512185,0,0,9999,0,35,0,0,0,0,0,0,0,714200397,0,000000,0,0
35398,6503247,6512186,0,0,9999,0,35,0,0,0,0,0,0,0,714200398,0,000000,0,0
35399,6503249,6512188,0,0,9999,0,35,0,0,0,0,0,0,0,714200405,0,000000,0,0
35400,6503250,6512189,0,0,9999,0,35,0,0,0,0,0,0,0,714200406,0,000000,0,0
35401,6503251,6512190,0,0,9999,0,35,0,0,0,0,0,0,0,714200407,0,000000,0,0
35402,6503252,6512191,0,0,9999,0,35,0,0,0,0,0,0,0,714200408,0,000000,0,0
35403,6503253,6512192,0,0,9999,0,35,0,0,0,0,0,0,0,714200409,0,000000,0,0
35404,6503320,6512256,0,0,9999,0,35,0,0,0,0,0,0,0,714200410,0,000000,0,0
35405,6503321,6512257,0,0,9999,0,35,0,0,0,0,0,0,0,714200411,0,000000,0,0
35406,6503322,6512258,0,0,9999,0,35,0,0,0,0,0,0,0,714200412,0,000000,0,0
35407,6503323,6512259,0,0,9999,0,35,0,0,0,0,0,0,0,714200413,0,000000,0,0
35408,6503324,6512260,0,0,9999,0,35,0,0,0,0,0,0,0,714200414,0,000000,0,0
35409,6503325,6512261,0,0,9999,0,35,0,0,0,0,0,0,0,714200399,0,000000,0,0
35410,6503326,6512262,0,0,9999,0,35,0,0,0,0,0,0,0,714200400,0,000000,0,0
35411,6503327,6512263,0,0,9999,0,35,0,0,0,0,0,0,0,714200401,0,000000,0,0
35412,6503328,6512264,0,0,9999,0,35,0,0,0,0,0,0,0,714200402,0,000000,0,0
35413,6503329,6512265,0,0,9999,0,35,0,0,0,0,0,0,0,714200403,0,000000,0,0
35414,6503330,6512266,0,0,9999,0,35,0,0,0,0,0,0,0,714200404,0,000000,0,0
35415,6503345,6512278,0,0,9999,0,35,0,0,0,0,0,0,0,714200415,0,000000,0,0
35416,6503346,6512279,0,0,9999,0,35,0,0,0,0,0,0,0,714200416,0,000000,0,0
35417,6503347,6512280,0,0,9999,0,35,0,0,0,0,0,0,0,714200417,0,000000,0,0
35418,6503348,6512281,0,0,9999,0,35,0,0,0,0,0,0,0,714200422,0,000000,0,0
35419,6503349,6512282,0,0,9999,0,35,0,0,0,0,0,0,0,714200423,0,000000,0,0
35420,6503358,6512291,0,0,9999,0,35,0,0,0,0,0,0,0,714200418,0,000000,0,0
35421,6503366,6512297,0,0,9999,0,35,0,0,0,0,0,0,0,714200419,0,000000,0,0
35422,6503367,6512298,0,0,9999,0,35,0,0,0,0,0,0,0,714200420,0,000000,0,0
35423,6503368,6512299,0,0,9999,0,35,0,0,0,0,0,0,0,714200421,0,000000,0,0
35424,6503435,6512311,0,0,9999,0,35,0,0,0,0,0,0,0,714200424,0,000000,0,0
35425,6503436,6512312,0,0,9999,0,35,0,0,0,0,0,0,0,714200425,0,000000,0,0
35426,6503437,6512313,0,0,9999,0,35,0,0,0,0,0,0,0,714200426,0,000000,0,0
35427,6503438,6512314,0,0,9999,0,35,0,0,0,0,0,0,0,714200427,0,000000,0,0
35428,6503439,6512315,0,0,9999,0,35,0,0,0,0,0,0,0,714200428,0,000000,0,0
35429,6503454,6512328,0,0,9999,0,35,0,0,0,0,0,0,0,714200429,0,000000,0,0
35430,6503455,6512329,0,0,9999,0,35,0,0,0,0,0,0,0,714200430,0,000000,0,0
35431,6503456,6512330,0,0,9999,0,35,0,0,0,0,0,0,0,714200431,0,000000,0,0
35432,6503457,6512331,0,0,9999,0,35,0,0,0,0,0,0,0,714200432,0,000000,0,0
35433,6503458,6512332,0,0,9999,0,35,0,0,0,0,0,0,0,714200433,0,000000,0,0
35434,6503459,6512333,0,0,9999,0,35,0,0,0,0,0,0,0,714200434,0,000000,0,0
35435,6503460,6512334,0,0,9999,0,35,0,0,0,0,0,0,0,714200435,0,000000,0,0
35436,6503461,6512335,0,0,9999,0,35,0,0,0,0,0,0,0,714200436,0,000000,0,0
35437,6503462,6512336,0,0,9999,0,35,0,0,0,0,0,0,0,714200437,0,000000,0,0
35438,6503463,6512337,0,0,9999,0,35,0,0,0,0,0,0,0,714200438,0,000000,0,0
35439,6503481,6512354,0,0,9999,0,35,0,0,0,0,0,0,0,714200439,0,000000,0,0
35440,6503482,6512355,0,0,9999,0,35,0,0,0,0,0,0,0,714200440,0,000000,0,0
35441,6503483,6512356,0,0,9999,0,35,0,0,0,0,0,0,0,714200441,0,000000,0,0
35442,6503484,6512357,0,0,9999,0,35,0,0,0,0,0,0,0,714200442,0,000000,0,0
35443,6503485,6512358,0,0,9999,0,35,0,0,0,0,0,0,0,714200443,0,000000,0,0
35444,6503520,6512392,0,0,9999,0,35,0,0,0,0,0,0,0,714200444,0,000000,0,0
35445,6503521,6512393,0,0,9999,0,35,0,0,0,0,0,0,0,714200445,0,000000,0,0
35446,6503522,6512394,0,0,9999,0,35,0,0,0,0,0,0,0,714200446,0,000000,0,0
35447,6503523,6512395,0,0,9999,0,35,0,0,0,0,0,0,0,714200447,0,000000,0,0
35448,6503524,6512396,0,0,9999,0,35,0,0,0,0,0,0,0,714200448,0,000000,0,0
35449,6503525,6512397,0,0,9999,0,35,0,0,0,0,0,0,0,714200449,0,000000,0,0
35450,6503526,6512398,0,0,9999,0,35,0,0,0,0,0,0,0,714200450,0,000000,0,0
35451,6503527,6512399,0,0,9999,0,35,0,0,0,0,0,0,0,714200451,0,000000,0,0
35452,6503528,6512400,0,0,9999,0,35,0,0,0,0,0,0,0,714200454,0,000000,0,0
35453,6503550,6512415,0,0,9999,0,35,0,0,0,0,0,0,0,714200457,0,000000,0,0
35454,6503551,6512416,0,0,9999,0,35,0,0,0,0,0,0,0,714200458,0,000000,0,0
35455,6503552,6512417,0,0,9999,0,35,0,0,0,0,0,0,0,714200459,0,000000,0,0
35456,6503553,6512418,0,0,9999,0,35,0,0,0,0,0,0,0,714200460,0,000000,0,0
35457,6503554,6512419,0,0,9999,0,35,0,0,0,0,0,0,0,714200461,0,000000,0,0
35458,6503603,6512459,0,0,9999,0,35,0,0,0,0,0,0,0,714200467,0,000000,0,0
35459,6503604,6512460,0,0,9999,0,35,0,0,0,0,0,0,0,714200468,0,000000,0,0
35460,6503605,6512461,0,0,9999,0,35,0,0,0,0,0,0,0,714200469,0,000000,0,0
35461,6503606,6512462,0,0,9999,0,35,0,0,0,0,0,0,0,714200470,0,000000,0,0
35462,6503607,6512463,0,0,9999,0,35,0,0,0,0,0,0,0,714200471,0,000000,0,0
35463,6503609,6512465,0,0,9999,0,35,0,0,0,0,0,0,0,714200455,0,000000,0,0
35464,6503610,6512466,0,0,9999,0,35,0,0,0,0,0,0,0,714200456,0,000000,0,0
35465,6503611,6512467,0,0,9999,0,35,0,0,0,0,0,0,0,714200452,0,000000,0,0
35466,6503612,6512468,0,0,9999,0,35,0,0,0,0,0,0,0,714200453,0,000000,0,0
35467,6503673,6512480,0,0,9999,0,35,0,0,0,0,0,0,0,714200472,0,000000,0,0
35468,6503674,6512481,0,0,9999,0,35,0,0,0,0,0,0,0,714200473,0,000000,0,0
35469,6503675,6512482,0,0,9999,0,35,0,0,0,0,0,0,0,714200474,0,000000,0,0
35470,6503683,6512489,0,0,9999,0,35,0,0,0,0,0,0,0,714200475,0,000000,0,0
35471,6503692,6512500,0,0,9999,0,35,0,0,0,0,0,0,0,714200478,0,000000,0,0
35472,6503693,6512501,0,0,9999,0,35,0,0,0,0,0,0,0,714200479,0,000000,0,0
35473,6503694,6512502,0,0,9999,0,35,0,0,0,0,0,0,0,714200480,0,000000,0,0
35474,6503695,6512503,0,0,9999,0,35,0,0,0,0,0,0,0,714200476,0,000000,0,0
35475,6503697,6512504,0,0,9999,0,35,0,0,0,0,0,0,0,714200477,0,000000,0,0
35476,6503704,6512511,0,0,9999,0,35,0,0,0,0,0,0,0,714200481,0,000000,0,0
35477,6503705,6512512,0,0,9999,0,35,0,0,0,0,0,0,0,714200482,0,000000,0,0
35478,6503706,6512513,0,0,9999,0,35,0,0,0,0,0,0,0,714200483,0,000000,0,0
35479,6503707,6512514,0,0,9999,0,35,0,0,0,0,0,0,0,714200484,0,000000,0,0
35480,6503734,6512536,0,0,9999,0,35,0,0,0,0,0,0,0,714200488,0,000000,0,0
35481,6503735,6512537,0,0,9999,0,35,0,0,0,0,0,0,0,714200489,0,000000,0,0
35482,6503736,6512538,0,0,9999,0,35,0,0,0,0,0,0,0,714200485,0,000000,0,0
35483,6503737,6512539,0,0,9999,0,35,0,0,0,0,0,0,0,714200486,0,000000,0,0
35484,6503738,6512540,0,0,9999,0,35,0,0,0,0,0,0,0,714200487,0,000000,0,0
35485,6503768,6512578,0,0,9999,0,35,0,0,0,0,0,0,0,714200465,0,000000,0,0
35486,6503769,6512579,0,0,9999,0,35,0,0,0,0,0,0,0,714200466,0,000000,0,0
35487,6503770,6512580,0,0,9999,0,35,0,0,0,0,0,0,0,714200462,0,000000,0,0
35488,6503771,6512581,0,0,9999,0,35,0,0,0,0,0,0,0,714200463,0,000000,0,0
35489,6503772,6512582,0,0,9999,0,35,0,0,0,0,0,0,0,714200464,0,000000,0,0
35490,6503830,6512634,0,0,9999,0,35,0,0,0,0,0,0,0,714200493,0,000000,0,0
35491,6503831,6512635,0,0,9999,0,35,0,0,0,0,0,0,0,714200492,0,000000,0,0
35492,6503832,6512636,0,0,9999,0,35,0,0,0,0,0,0,0,714200490,0,000000,0,0
35493,6503833,6512637,0,0,9999,0,35,0,0,0,0,0,0,0,714200491,0,000000,0,0
35494,6503834,6512638,0,0,9999,0,35,0,0,0,0,0,0,0,714200494,0,000000,0,0
35495,6503842,6512647,0,0,9999,0,35,0,0,0,0,0,0,0,714200499,0,000000,0,0
35496,6503843,6512648,0,0,9999,0,35,0,0,0,0,0,0,0,714200498,0,000000,0,0
35497,6503844,6512649,0,0,9999,0,35,0,0,0,0,0,0,0,714200495,0,000000,0,0
35498,6503845,6512650,0,0,9999,0,35,0,0,0,0,0,0,0,714200496,0,000000,0,0
35499,6503846,6512651,0,0,9999,0,35,0,0,0,0,0,0,0,714200497,0,000000,0,0
35500,6503861,6512663,0,0,9999,0,35,0,0,0,0,0,0,0,714200500,0,000000,0,0
35501,6503862,6512664,0,0,9999,0,35,0,0,0,0,0,0,0,714200501,0,000000,0,0
35502,6503863,6512665,0,0,9999,0,35,0,0,0,0,0,0,0,714200502,0,000000,0,0
35503,6503860,6512662,0,0,9999,0,35,0,0,0,0,0,0,0,714200503,0,000000,0,0
35504,6503941,6512689,0,0,9999,0,35,0,0,0,0,0,0,0,714200504,0,000000,0,0
35505,6503942,6512690,0,0,9999,0,35,0,0,0,0,0,0,0,714200505,0,000000,0,0
35506,6503943,6512691,0,0,9999,0,35,0,0,0,0,0,0,0,714200506,0,000000,0,0
35507,6503944,6512692,0,0,9999,0,35,0,0,0,0,0,0,0,714200507,0,000000,0,0
35508,6503945,6512693,0,0,9999,0,35,0,0,0,0,0,0,0,714200508,0,000000,0,0
35509,6503953,6512700,0,0,9999,0,35,0,0,0,0,0,0,0,714200509,0,000000,0,0
35510,6503954,6512701,0,0,9999,0,35,0,0,0,0,0,0,0,714200510,0,000000,0,0
35511,6503955,6512702,0,0,9999,0,35,0,0,0,0,0,0,0,714200511,0,000000,0,0
35512,6503956,6512703,0,0,9999,0,35,0,0,0,0,0,0,0,714200512,0,000000,0,0
35513,6503957,6512704,0,0,9999,0,35,0,0,0,0,0,0,0,714200513,0,000000,0,0
35514,6503958,6512705,0,0,9999,0,35,0,0,0,0,0,0,0,714200514,0,000000,0,0
35515,6503959,6512764,0,0,9999,0,35,0,0,0,0,0,0,0,714200515,0,000000,0,0
35516,6503960,6512765,0,0,9999,0,35,0,0,0,0,0,0,0,714200516,0,000000,0,0
35517,6503961,6512766,0,0,9999,0,35,0,0,0,0,0,0,0,714200517,0,000000,0,0
35518,6503962,6512767,0,0,9999,0,35,0,0,0,0,0,0,0,714200518,0,000000,0,0
35519,6503963,6512768,0,0,9999,0,35,0,0,0,0,0,0,0,714200519,0,000000,0,0
35520,6504006,6512770,0,0,9999,0,35,0,0,0,0,0,0,0,714200520,0,000000,0,0
35521,6504007,6512771,0,0,9999,0,35,0,0,0,0,0,0,0,714200521,0,000000,0,0
35522,6504008,6512772,0,0,9999,0,35,0,0,0,0,0,0,0,714200522,0,000000,0,0
35523,6504009,6512773,0,0,9999,0,35,0,0,0,0,0,0,0,714200523,0,000000,0,0
35524,6504010,6512774,0,0,9999,0,35,0,0,0,0,0,0,0,714200524,0,000000,0,0
35525,6504033,6512788,0,0,9999,0,35,0,0,0,0,0,0,0,714200529,0,000000,0,0
35526,6504034,6512789,0,0,9999,0,35,0,0,0,0,0,0,0,714200530,0,000000,0,0
35527,6504035,6512790,0,0,9999,0,35,0,0,0,0,0,0,0,714200531,0,000000,0,0
35528,6504036,6512791,0,0,9999,0,35,0,0,0,0,0,0,0,714200533,0,000000,0,0
35529,6504037,6512792,0,0,9999,0,35,0,0,0,0,0,0,0,714200532,0,000000,0,0
35530,6504056,6512808,0,0,9999,0,35,0,0,0,0,0,0,0,714200544,0,000000,0,0
35531,6504057,6512809,0,0,9999,0,35,0,0,0,0,0,0,0,714200545,0,000000,0,0
35532,6504058,6512810,0,0,9999,0,35,0,0,0,0,0,0,0,714200546,0,000000,0,0
35533,6504059,6512811,0,0,9999,0,35,0,0,0,0,0,0,0,714200528,0,000000,0,0
35534,6504060,6512812,0,0,9999,0,35,0,0,0,0,0,0,0,714200527,0,000000,0,0
35535,6504076,6512843,0,0,9999,0,35,0,0,0,0,0,0,0,714200549,0,000000,0,0
35536,6504077,6512844,0,0,9999,0,35,0,0,0,0,0,0,0,714200550,0,000000,0,0
35537,6504078,6512845,0,0,9999,0,35,0,0,0,0,0,0,0,714200553,0,000000,0,0
35538,6504079,6512846,0,0,9999,0,35,0,0,0,0,0,0,0,714200552,0,000000,0,0
35539,6504084,6512850,0,0,9999,0,35,0,0,0,0,0,0,0,714200551,0,000000,0,0
35540,6504085,6512851,0,0,9999,0,35,0,0,0,0,0,0,0,714200560,0,000000,0,0
35541,6504207,6512919,0,0,9999,0,35,0,0,0,0,0,0,0,714200561,0,000000,0,0
35542,6504208,6512920,0,0,9999,0,35,0,0,0,0,0,0,0,714200562,0,000000,0,0
35543,6504209,6512921,0,0,9999,0,35,0,0,0,0,0,0,0,714200563,0,000000,0,0
35544,6504210,6512922,0,0,9999,0,35,0,0,0,0,0,0,0,714200564,0,000000,0,0
35545,6504211,6512923,0,0,9999,0,35,0,0,0,0,0,0,0,714200565,0,000000,0,0
35546,6504213,6512925,0,0,9999,0,35,0,0,0,0,0,0,0,714200566,0,000000,0,0
35547,6504214,6512926,0,0,9999,0,35,0,0,0,0,0,0,0,714200567,0,000000,0,0
35548,6504215,6512927,0,0,9999,0,35,0,0,0,0,0,0,0,714200568,0,000000,0,0
35549,6504216,6512928,0,0,9999,0,35,0,0,0,0,0,0,0,714200569,0,000000,0,0
35550,6504217,6512929,0,0,9999,0,35,0,0,0,0,0,0,0,714200570,0,000000,0,0
35551,6504219,6512931,0,0,9999,0,35,0,0,0,0,0,0,0,714200571,0,000000,0,0
35552,6504220,6512932,0,0,9999,0,35,0,0,0,0,0,0,0,714200572,0,000000,0,0
35553,6504221,6512933,0,0,9999,0,35,0,0,0,0,0,0,0,714200573,0,000000,0,0
35554,6504222,6512934,0,0,9999,0,35,0,0,0,0,0,0,0,714200574,0,000000,0,0
35555,6504223,6512935,0,0,9999,0,35,0,0,0,0,0,0,0,714200575,0,000000,0,0
35556,6504224,6512936,0,0,9999,0,35,0,0,0,0,0,0,0,714200576,0,000000,0,0
35557,6504238,6512948,0,0,9999,0,35,0,0,0,0,0,0,0,714200577,0,000000,0,0
35558,6504239,6512949,0,0,9999,0,35,0,0,0,0,0,0,0,714200578,0,000000,0,0
35559,6504240,6512950,0,0,9999,0,35,0,0,0,0,0,0,0,714200579,0,000000,0,0
35560,6504241,6512951,0,0,9999,0,35,0,0,0,0,0,0,0,714200580,0,000000,0,0
35561,6504242,6512952,0,0,9999,0,35,0,0,0,0,0,0,0,714200581,0,000000,0,0
35562,6504255,6512963,0,0,9999,0,35,0,0,0,0,0,0,0,714200554,0,000000,0,0
35563,6504256,6512964,0,0,9999,0,35,0,0,0,0,0,0,0,714200555,0,000000,0,0
35564,6504257,6512965,0,0,9999,0,35,0,0,0,0,0,0,0,714200556,0,000000,0,0
35565,6504258,6512966,0,0,9999,0,35,0,0,0,0,0,0,0,714200557,0,000000,0,0
35566,6504259,6512967,0,0,9999,0,35,0,0,0,0,0,0,0,714200558,0,000000,0,0
35567,6504260,6512968,0,0,9999,0,35,0,0,0,0,0,0,0,714200559,0,000000,0,0
35568,6504356,6513005,0,0,9999,0,35,0,0,0,0,0,0,0,714200582,0,000000,0,0
35569,6504357,6513006,0,0,9999,0,35,0,0,0,0,0,0,0,714200583,0,000000,0,0
35570,6504358,6513007,0,0,9999,0,35,0,0,0,0,0,0,0,714200584,0,000000,0,0
35571,6504359,6513008,0,0,9999,0,35,0,0,0,0,0,0,0,714200585,0,000000,0,0
35572,6504360,6513009,0,0,9999,0,35,0,0,0,0,0,0,0,714200586,0,000000,0,0
35573,6504362,6513011,0,0,9999,0,35,0,0,0,0,0,0,0,714200587,0,000000,0,0
35574,6504363,6513012,0,0,9999,0,35,0,0,0,0,0,0,0,714200588,0,000000,0,0
35575,6504364,6513013,0,0,9999,0,35,0,0,0,0,0,0,0,714200589,0,000000,0,0
35576,6504365,6513014,0,0,9999,0,35,0,0,0,0,0,0,0,714200590,0,000000,0,0
35577,6504366,6513015,0,0,9999,0,35,0,0,0,0,0,0,0,714200591,0,000000,0,0
35578,6504434,6513077,0,0,9999,0,35,0,0,0,0,0,0,0,714200592,0,000000,0,0
35579,6504435,6513078,0,0,9999,0,35,0,0,0,0,0,0,0,714200593,0,000000,0,0
35580,6504436,6513079,0,0,9999,0,35,0,0,0,0,0,0,0,714200594,0,000000,0,0
35581,6504437,6513080,0,0,9999,0,35,0,0,0,0,0,0,0,714200595,0,000000,0,0
35582,6504438,6513081,0,0,9999,0,35,0,0,0,0,0,0,0,714200596,0,000000,0,0
35583,6504439,6513082,0,0,9999,0,35,0,0,0,0,0,0,0,714200597,0,000000,0,0
35584,6504441,6513084,0,0,9999,0,35,0,0,0,0,0,0,0,714200598,0,000000,0,0
35585,6504442,6513085,0,0,9999,0,35,0,0,0,0,0,0,0,714200599,0,000000,0,0
35586,6504443,6513086,0,0,9999,0,35,0,0,0,0,0,0,0,714200600,0,000000,0,0
35587,6504444,6513087,0,0,9999,0,35,0,0,0,0,0,0,0,714200601,0,000000,0,0
35588,6504445,6513088,0,0,9999,0,35,0,0,0,0,0,0,0,714200602,0,000000,0,0
35589,6504446,6513089,0,0,9999,0,35,0,0,0,0,0,0,0,714200603,0,000000,0,0
35590,6504472,6513109,0,0,9999,0,35,0,0,0,0,0,0,0,714200604,0,000000,0,0
35591,6504473,6513110,0,0,9999,0,35,0,0,0,0,0,0,0,714200605,0,000000,0,0
35592,6504474,6513111,0,0,9999,0,35,0,0,0,0,0,0,0,714200606,0,000000,0,0
35593,6504475,6513112,0,0,9999,0,35,0,0,0,0,0,0,0,714200607,0,000000,0,0
35594,6504476,6513113,0,0,9999,0,35,0,0,0,0,0,0,0,714200608,0,000000,0,0
35595,6504477,6513114,0,0,9999,0,35,0,0,0,0,0,0,0,714200609,0,000000,0,0
35596,6504480,6513117,0,0,9999,0,35,0,0,0,0,0,0,0,714200610,0,000000,0,0
35597,6504481,6513118,0,0,9999,0,35,0,0,0,0,0,0,0,714200611,0,000000,0,0
35598,6504482,6513119,0,0,9999,0,35,0,0,0,0,0,0,0,714200612,0,000000,0,0
35599,6504483,6513120,0,0,9999,0,35,0,0,0,0,0,0,0,714200613,0,000000,0,0
35600,6504484,6513121,0,0,9999,0,35,0,0,0,0,0,0,0,714200614,0,000000,0,0
35601,6504485,6513122,0,0,9999,0,35,0,0,0,0,0,0,0,714200615,0,000000,0,0
35602,6504487,6513124,0,0,9999,0,35,0,0,0,0,0,0,0,714200616,0,000000,0,0
35603,6504488,6513125,0,0,9999,0,35,0,0,0,0,0,0,0,714200617,0,000000,0,0
35604,6504489,6513126,0,0,9999,0,35,0,0,0,0,0,0,0,714200618,0,000000,0,0
35605,6504490,6513127,0,0,9999,0,35,0,0,0,0,0,0,0,714200619,0,000000,0,0
35606,6504491,6513128,0,0,9999,0,35,0,0,0,0,0,0,0,714200620,0,000000,0,0
35607,6504670,6513199,0,0,9999,0,35,0,0,0,0,0,0,0,714200621,0,000000,0,0
35608,6504671,6513200,0,0,9999,0,35,0,0,0,0,0,0,0,714200622,0,000000,0,0
35609,6504672,6513201,0,0,9999,0,35,0,0,0,0,0,0,0,714200623,0,000000,0,0
35610,6504673,6513202,0,0,9999,0,35,0,0,0,0,0,0,0,714200624,0,000000,0,0
35611,6504674,6513203,0,0,9999,0,35,0,0,0,0,0,0,0,714200625,0,000000,0,0
35612,6504687,6513211,0,0,9999,0,35,0,0,0,0,0,0,0,714200626,0,000000,0,0
35613,6504688,6513212,0,0,9999,0,35,0,0,0,0,0,0,0,714200627,0,000000,0,0
35614,6504689,6513213,0,0,9999,0,35,0,0,0,0,0,0,0,714200628,0,000000,0,0
35615,6504690,6513214,0,0,9999,0,35,0,0,0,0,0,0,0,714200629,0,000000,0,0
35616,6504691,6513215,0,0,9999,0,35,0,0,0,0,0,0,0,714200630,0,000000,0,0
35617,6502849,6513216,0,0,9999,0,35,0,0,0,0,0,0,0,714200631,0,000000,0,0
35618,6504699,6513222,0,0,9999,0,35,0,0,0,0,0,0,0,714200632,0,000000,0,0
35619,6504700,6513223,0,0,9999,0,35,0,0,0,0,0,0,0,714200633,0,000000,0,0
35620,6504701,6513224,0,0,9999,0,35,0,0,0,0,0,0,0,714200634,0,000000,0,0
35621,6504702,6513225,0,0,9999,0,35,0,0,0,0,0,0,0,714200635,0,000000,0,0
35622,6504703,6513226,0,0,9999,0,35,0,0,0,0,0,0,0,714200636,0,000000,0,0
35623,6504704,6513227,0,0,9999,0,35,0,0,0,0,0,0,0,714200637,0,000000,0,0
35624,6504736,6513254,0,0,9999,0,35,0,0,0,0,0,0,0,714200638,0,000000,0,0
35625,6504737,6513255,0,0,9999,0,35,0,0,0,0,0,0,0,714200639,0,000000,0,0
35626,6504738,6513256,0,0,9999,0,35,0,0,0,0,0,0,0,714200640,0,000000,0,0
35627,6504739,6513257,0,0,9999,0,35,0,0,0,0,0,0,0,714200641,0,000000,0,0
35628,6504740,6513258,0,0,9999,0,35,0,0,0,0,0,0,0,714200642,0,000000,0,0
35629,6504762,6513278,0,0,9999,0,35,0,0,0,0,0,0,0,714200643,0,000000,0,0
35630,6504763,6513279,0,0,9999,0,35,0,0,0,0,0,0,0,714200644,0,000000,0,0
35631,6504764,6513280,0,0,9999,0,35,0,0,0,0,0,0,0,714200645,0,000000,0,0
35632,6504765,6513281,0,0,9999,0,35,0,0,0,0,0,0,0,714200646,0,000000,0,0
35633,6504766,6513282,0,0,9999,0,35,0,0,0,0,0,0,0,714200647,0,000000,0,0
35634,6504767,6513283,0,0,9999,0,35,0,0,0,0,0,0,0,714200648,0,000000,0,0
35635,6504768,6513284,0,0,9999,0,35,0,0,0,0,0,0,0,714200649,0,000000,0,0
35636,6504777,6513293,0,0,9999,0,35,0,0,0,0,0,0,0,714200650,0,000000,0,0
35637,6504778,6513294,0,0,9999,0,35,0,0,0,0,0,0,0,714200651,0,000000,0,0
35638,6504779,6513295,0,0,9999,0,35,0,0,0,0,0,0,0,714200652,0,000000,0,0
35639,6504780,6513296,0,0,9999,0,35,0,0,0,0,0,0,0,714200653,0,000000,0,0
35640,6504781,6513297,0,0,9999,0,35,0,0,0,0,0,0,0,714200654,0,000000,0,0
35641,6504782,6513298,0,0,9999,0,35,0,0,0,0,0,0,0,714200655,0,000000,0,0
35642,6504783,6513299,0,0,9999,0,35,0,0,0,0,0,0,0,714200656,0,000000,0,0
35643,6504843,6513359,0,0,9999,0,35,0,0,0,0,0,0,0,714200657,0,000000,0,0
35644,6504844,6513360,0,0,9999,0,35,0,0,0,0,0,0,0,714200658,0,000000,0,0
35645,6504845,6513361,0,0,9999,0,35,0,0,0,0,0,0,0,714200659,0,000000,0,0
35646,6504846,6513362,0,0,9999,0,35,0,0,0,0,0,0,0,714200660,0,000000,0,0
35647,6504847,6513363,0,0,9999,0,35,0,0,0,0,0,0,0,714200661,0,000000,0,0
35648,6504915,6513378,0,0,9999,0,35,0,0,0,0,0,0,0,714200662,0,000000,0,0
35649,6504916,6513379,0,0,9999,0,35,0,0,0,0,0,0,0,714200663,0,000000,0,0
35650,6504917,6513380,0,0,9999,0,35,0,0,0,0,0,0,0,714200664,0,000000,0,0
35651,6504918,6513381,0,0,9999,0,35,0,0,0,0,0,0,0,714200665,0,000000,0,0
35652,6504919,6513382,0,0,9999,0,35,0,0,0,0,0,0,0,714200666,0,000000,0,0
35653,6504920,6513383,0,0,9999,0,35,0,0,0,0,0,0,0,714200667,0,000000,0,0
35654,6504939,6513400,0,0,9999,0,35,0,0,0,0,0,0,0,714200668,0,000000,0,0
35655,6504940,6513401,0,0,9999,0,35,0,0,0,0,0,0,0,714200669,0,000000,0,0
35656,6504941,6513402,0,0,9999,0,35,0,0,0,0,0,0,0,714200670,0,000000,0,0
35657,6504942,6513403,0,0,9999,0,35,0,0,0,0,0,0,0,714200671,0,000000,0,0
35658,6504943,6513404,0,0,9999,0,35,0,0,0,0,0,0,0,714200672,0,000000,0,0
35659,6504944,6513405,0,0,9999,0,35,0,0,0,0,0,0,0,714200673,0,000000,0,0
35660,6504957,6513414,0,0,9999,0,35,0,0,0,0,0,0,0,714200674,0,000000,0,0
35661,6504958,6513415,0,0,9999,0,35,0,0,0,0,0,0,0,714200675,0,000000,0,0
35662,6504959,6513416,0,0,9999,0,35,0,0,0,0,0,0,0,714200676,0,000000,0,0
35663,6504960,6513417,0,0,9999,0,35,0,0,0,0,0,0,0,714200677,0,000000,0,0
35664,6504961,6513418,0,0,9999,0,35,0,0,0,0,0,0,0,714200678,0,000000,0,0
35665,6505014,6513462,0,0,9999,0,35,0,0,0,0,0,0,0,714200679,0,000000,0,0
35666,6505015,6513463,0,0,9999,0,35,0,0,0,0,0,0,0,714200680,0,000000,0,0
35667,6505016,6513464,0,0,9999,0,35,0,0,0,0,0,0,0,714200681,0,000000,0,0
35668,6505017,6513465,0,0,9999,0,35,0,0,0,0,0,0,0,714200682,0,000000,0,0
35669,6505018,6513466,0,0,9999,0,35,0,0,0,0,0,0,0,714200683,0,000000,0,0
35670,6505029,6513489,0,0,9999,0,35,0,0,0,0,0,0,0,714200684,0,000000,0,0
35671,6505030,6513490,0,0,9999,0,35,0,0,0,0,0,0,0,714200685,0,000000,0,0
35672,6505031,6513491,0,0,9999,0,35,0,0,0,0,0,0,0,714200686,0,000000,0,0
35673,6505032,6513492,0,0,9999,0,35,0,0,0,0,0,0,0,714200687,0,000000,0,0
35674,6505033,6513493,0,0,9999,0,35,0,0,0,0,0,0,0,714200688,0,000000,0,0
35675,6505034,6513494,0,0,9999,0,35,0,0,0,0,0,0,0,714200689,0,000000,0,0
35676,6505055,6513507,0,0,9999,0,35,0,0,0,0,0,0,0,714200690,0,000000,0,0
35677,6505056,6513508,0,0,9999,0,35,0,0,0,0,0,0,0,714200691,0,000000,0,0
35678,6505057,6513509,0,0,9999,0,35,0,0,0,0,0,0,0,714200692,0,000000,0,0
35679,6505058,6513510,0,0,9999,0,35,0,0,0,0,0,0,0,714200693,0,000000,0,0
35680,6505059,6513511,0,0,9999,0,35,0,0,0,0,0,0,0,714200694,0,000000,0,0
35681,6505060,6513512,0,0,9999,0,35,0,0,0,0,0,0,0,714200695,0,000000,0,0
35682,6505076,6513523,0,0,9999,0,35,0,0,0,0,0,0,0,714200696,0,000000,0,0
35683,6505077,6513524,0,0,9999,0,35,0,0,0,0,0,0,0,714200697,0,000000,0,0
35684,6505078,6513525,0,0,9999,0,35,0,0,0,0,0,0,0,714200698,0,000000,0,0
35685,6505079,6513526,0,0,9999,0,35,0,0,0,0,0,0,0,714200699,0,000000,0,0
35686,6505080,6513527,0,0,9999,0,35,0,0,0,0,0,0,0,714200700,0,000000,0,0
35687,6505081,6513528,0,0,9999,0,35,0,0,0,0,0,0,0,714200701,0,000000,0,0
35688,6505102,6513545,0,0,9999,0,35,0,0,0,0,0,0,0,714200702,0,000000,0,0
35689,6505103,6513546,0,0,9999,0,35,0,0,0,0,0,0,0,714200703,0,000000,0,0
35690,6505104,6513547,0,0,9999,0,35,0,0,0,0,0,0,0,714200704,0,000000,0,0
35691,6505105,6513548,0,0,9999,0,35,0,0,0,0,0,0,0,714200705,0,000000,0,0
35692,6505106,6513549,0,0,9999,0,35,0,0,0,0,0,0,0,714200706,0,000000,0,0
35693,6505107,6513550,0,0,9999,0,35,0,0,0,0,0,0,0,714200707,0,000000,0,0
35694,6505123,6513561,0,0,9999,0,35,0,0,0,0,0,0,0,714200708,0,000000,0,0
35695,6505124,6513562,0,0,9999,0,35,0,0,0,0,0,0,0,714200709,0,000000,0,0
35696,6505125,6513563,0,0,9999,0,35,0,0,0,0,0,0,0,714200710,0,000000,0,0
35697,6505126,6513564,0,0,9999,0,35,0,0,0,0,0,0,0,714200711,0,000000,0,0
35698,6505127,6513565,0,0,9999,0,35,0,0,0,0,0,0,0,714200712,0,000000,0,0
35699,6505128,6513566,0,0,9999,0,35,0,0,0,0,0,0,0,714200713,0,000000,0,0
35700,6505142,6513582,0,0,9999,0,35,0,0,0,0,0,0,0,714200714,0,000000,0,0
35701,6505143,6513583,0,0,9999,0,35,0,0,0,0,0,0,0,714200715,0,000000,0,0
35702,6505144,6513584,0,0,9999,0,35,0,0,0,0,0,0,0,714200716,0,000000,0,0
35703,6505145,6513585,0,0,9999,0,35,0,0,0,0,0,0,0,714200717,0,000000,0,0
35704,6505146,6513586,0,0,9999,0,35,0,0,0,0,0,0,0,714200718,0,000000,0,0
35705,6505147,6513587,0,0,9999,0,35,0,0,0,0,0,0,0,714200719,0,000000,0,0
35706,6505234,6513618,0,0,9999,0,35,0,0,0,0,0,0,0,714200720,0,000000,0,0
35707,6505235,6513619,0,0,9999,0,35,0,0,0,0,0,0,0,714200721,0,000000,0,0
35708,6505236,6513620,0,0,9999,0,35,0,0,0,0,0,0,0,714200722,0,000000,0,0
35709,6505237,6513621,0,0,9999,0,35,0,0,0,0,0,0,0,714200723,0,000000,0,0
35710,6505238,6513622,0,0,9999,0,35,0,0,0,0,0,0,0,714200724,0,000000,0,0
35711,6505239,6513623,0,0,9999,0,35,0,0,0,0,0,0,0,714200725,0,000000,0,0
35712,6505285,6513661,0,0,9999,0,35,0,0,0,0,0,0,0,714200726,0,000000,0,0
35713,6505286,6513662,0,0,9999,0,35,0,0,0,0,0,0,0,714200727,0,000000,0,0
35714,6505287,6513663,0,0,9999,0,35,0,0,0,0,0,0,0,714200728,0,000000,0,0
35715,6505288,6513664,0,0,9999,0,35,0,0,0,0,0,0,0,714200729,0,000000,0,0
35716,6505289,6513665,0,0,9999,0,35,0,0,0,0,0,0,0,714200730,0,000000,0,0
35717,6505290,6513666,0,0,9999,0,35,0,0,0,0,0,0,0,714200731,0,000000,0,0
35718,6505302,6513675,0,0,9999,0,35,0,0,0,0,0,0,0,714200732,0,000000,0,0
35719,6505303,6513676,0,0,9999,0,35,0,0,0,0,0,0,0,714200733,0,000000,0,0
35720,6505304,6513677,0,0,9999,0,35,0,0,0,0,0,0,0,714200734,0,000000,0,0
35721,6505305,6513678,0,0,9999,0,35,0,0,0,0,0,0,0,714200735,0,000000,0,0
35722,6505306,6513679,0,0,9999,0,35,0,0,0,0,0,0,0,714200736,0,000000,0,0
35723,6505307,6513680,0,0,9999,0,35,0,0,0,0,0,0,0,714200737,0,000000,0,0
35724,6505333,6513699,0,0,9999,0,35,0,0,0,0,0,0,0,714200738,0,000000,0,0
35725,6505334,6513700,0,0,9999,0,35,0,0,0,0,0,0,0,714200739,0,000000,0,0
35726,6505335,6513701,0,0,9999,0,35,0,0,0,0,0,0,0,714200740,0,000000,0,0
35727,6505336,6513702,0,0,9999,0,35,0,0,0,0,0,0,0,714200741,0,000000,0,0
35728,6505337,6513703,0,0,9999,0,35,0,0,0,0,0,0,0,714200742,0,000000,0,0
35729,6505338,6513704,0,0,9999,0,35,0,0,0,0,0,0,0,714200743,0,000000,0,0
35730,6505392,6513706,0,0,9999,0,35,0,0,0,0,0,0,0,714200744,0,000000,0,0
35731,6505393,6513707,0,0,9999,0,35,0,0,0,0,0,0,0,714200745,0,000000,0,0
35732,6505394,6513708,0,0,9999,0,35,0,0,0,0,0,0,0,714200746,0,000000,0,0
35733,6505395,6513709,0,0,9999,0,35,0,0,0,0,0,0,0,714200747,0,000000,0,0
35734,6505396,6513710,0,0,9999,0,35,0,0,0,0,0,0,0,714200748,0,000000,0,0
35735,6505408,6513730,0,0,9999,0,35,0,0,0,0,0,0,0,714200749,0,000000,0,0
35736,6505409,6513731,0,0,9999,0,35,0,0,0,0,0,0,0,714200750,0,000000,0,0
35737,6505410,6513732,0,0,9999,0,35,0,0,0,0,0,0,0,714200751,0,000000,0,0
35738,6505411,6513733,0,0,9999,0,35,0,0,0,0,0,0,0,714200752,0,000000,0,0
35739,6505412,6513734,0,0,9999,0,35,0,0,0,0,0,0,0,714200753,0,000000,0,0
35740,6505413,6513735,0,0,9999,0,35,0,0,0,0,0,0,0,714200754,0,000000,0,0
35741,6505444,6513754,0,0,9999,0,35,0,0,0,0,0,0,0,714200755,0,000000,0,0
35742,6505445,6513755,0,0,9999,0,35,0,0,0,0,0,0,0,714200756,0,000000,0,0
35743,6505446,6513756,0,0,9999,0,35,0,0,0,0,0,0,0,714200757,0,000000,0,0
35744,6505447,6513757,0,0,9999,0,35,0,0,0,0,0,0,0,714200758,0,000000,0,0
35745,6505448,6513758,0,0,9999,0,35,0,0,0,0,0,0,0,714200759,0,000000,0,0
35746,6505449,6513759,0,0,9999,0,35,0,0,0,0,0,0,0,714200760,0,000000,0,0
35747,6505504,6513802,0,0,9999,0,35,0,0,0,0,0,0,0,714200761,0,000000,0,0
35748,6505505,6513803,0,0,9999,0,35,0,0,0,0,0,0,0,714200762,0,000000,0,0
35749,6505506,6513804,0,0,9999,0,35,0,0,0,0,0,0,0,714200763,0,000000,0,0
35750,6505507,6513805,0,0,9999,0,35,0,0,0,0,0,0,0,714200764,0,000000,0,0
35751,6505508,6513806,0,0,9999,0,35,0,0,0,0,0,0,0,714200765,0,000000,0,0
35752,6505517,6513814,0,0,9999,0,35,0,0,0,0,0,0,0,714200766,0,000000,0,0
35753,6505518,6513815,0,0,9999,0,35,0,0,0,0,0,0,0,714200767,0,000000,0,0
35754,6505519,6513816,0,0,9999,0,35,0,0,0,0,0,0,0,714200768,0,000000,0,0
35755,6505520,6513817,0,0,9999,0,35,0,0,0,0,0,0,0,714200769,0,000000,0,0
35756,6505521,6513818,0,0,9999,0,35,0,0,0,0,0,0,0,714200770,0,000000,0,0
35757,6505522,6513819,0,0,9999,0,35,0,0,0,0,0,0,0,714200771,0,000000,0,0
35758,6505524,6513821,0,0,9999,0,35,0,0,0,0,0,0,0,714200772,0,000000,0,0
35759,6505525,6513822,0,0,9999,0,35,0,0,0,0,0,0,0,714200773,0,000000,0,0
35760,6505526,6513823,0,0,9999,0,35,0,0,0,0,0,0,0,714200774,0,000000,0,0
35761,6505527,6513824,0,0,9999,0,35,0,0,0,0,0,0,0,714200775,0,000000,0,0
35762,6505528,6513825,0,0,9999,0,35,0,0,0,0,0,0,0,714200776,0,000000,0,0
35763,6505529,6513826,0,0,9999,0,35,0,0,0,0,0,0,0,714200777,0,000000,0,0
35764,6505606,6513842,0,0,9999,0,35,0,0,0,0,0,0,0,714200778,0,000000,0,0
35765,6505607,6513843,0,0,9999,0,35,0,0,0,0,0,0,0,714200779,0,000000,0,0
35766,6505608,6513844,0,0,9999,0,35,0,0,0,0,0,0,0,714200780,0,000000,0,0
35767,6505609,6513845,0,0,9999,0,35,0,0,0,0,0,0,0,714200781,0,000000,0,0
35768,6505610,6513846,0,0,9999,0,35,0,0,0,0,0,0,0,714200782,0,000000,0,0
35769,6505611,6513847,0,0,9999,0,35,0,0,0,0,0,0,0,714200783,0,000000,0,0
35770,6505627,6513867,0,0,9999,0,35,0,0,0,0,0,0,0,714200784,0,000000,0,0
35771,6505628,6513868,0,0,9999,0,35,0,0,0,0,0,0,0,714200785,0,000000,0,0
35772,6505629,6513869,0,0,9999,0,35,0,0,0,0,0,0,0,714200786,0,000000,0,0
35773,6505630,6513870,0,0,9999,0,35,0,0,0,0,0,0,0,714200787,0,000000,0,0
35774,6505631,6513871,0,0,9999,0,35,0,0,0,0,0,0,0,714200788,0,000000,0,0
35775,6505633,6513879,0,0,9999,0,35,0,0,0,0,0,0,0,714200789,0,000000,0,0
35776,6505634,6513880,0,0,9999,0,35,0,0,0,0,0,0,0,714200790,0,000000,0,0
35777,6505635,6513881,0,0,9999,0,35,0,0,0,0,0,0,0,714200791,0,000000,0,0
35778,6505636,6513882,0,0,9999,0,35,0,0,0,0,0,0,0,714200792,0,000000,0,0
35779,6505637,6513883,0,0,9999,0,35,0,0,0,0,0,0,0,714200793,0,000000,0,0
35780,6505638,6513884,0,0,9999,0,35,0,0,0,0,0,0,0,714200794,0,000000,0,0
35781,6505699,6513933,0,0,9999,0,35,0,0,0,0,0,0,0,714200795,0,000000,0,0
35782,6505700,6513934,0,0,9999,0,35,0,0,0,0,0,0,0,714200796,0,000000,0,0
35783,6505701,6513935,0,0,9999,0,35,0,0,0,0,0,0,0,714200797,0,000000,0,0
35784,6505702,6513936,0,0,9999,0,35,0,0,0,0,0,0,0,714200798,0,000000,0,0
35785,6505703,6513937,0,0,9999,0,35,0,0,0,0,0,0,0,714200799,0,000000,0,0
35786,6505704,6513938,0,0,9999,0,35,0,0,0,0,0,0,0,714200800,0,000000,0,0
35787,6505762,6513943,0,0,9999,0,35,0,0,0,0,0,0,0,714200801,0,000000,0,0
35788,6505763,6513944,0,0,9999,0,35,0,0,0,0,0,0,0,714200802,0,000000,0,0
35789,6505764,6513945,0,0,9999,0,35,0,0,0,0,0,0,0,714200803,0,000000,0,0
35790,6505765,6513946,0,0,9999,0,35,0,0,0,0,0,0,0,714200804,0,000000,0,0
35791,6505766,6513947,0,0,9999,0,35,0,0,0,0,0,0,0,714200805,0,000000,0,0
35792,6505767,6513948,0,0,9999,0,35,0,0,0,0,0,0,0,714200806,0,000000,0,0
35793,6505778,6513959,0,0,9999,0,35,0,0,0,0,0,0,0,714200807,0,000000,0,0
35794,6505779,6513960,0,0,9999,0,35,0,0,0,0,0,0,0,714200808,0,000000,0,0
35795,6505780,6513961,0,0,9999,0,35,0,0,0,0,0,0,0,714200809,0,000000,0,0
35796,6505781,6513962,0,0,9999,0,35,0,0,0,0,0,0,0,714200810,0,000000,0,0
35797,6505782,6513963,0,0,9999,0,35,0,0,0,0,0,0,0,714200811,0,000000,0,0
35798,6505783,6513964,0,0,9999,0,35,0,0,0,0,0,0,0,714200812,0,000000,0,0
35799,6505792,6513974,0,0,9999,0,35,0,0,0,0,0,0,0,714200813,0,000000,0,0
35800,6505793,6513975,0,0,9999,0,35,0,0,0,0,0,0,0,714200814,0,000000,0,0
35801,6505794,6513976,0,0,9999,0,35,0,0,0,0,0,0,0,714200815,0,000000,0,0
35802,6505795,6513977,0,0,9999,0,35,0,0,0,0,0,0,0,714200816,0,000000,0,0
35803,6505796,6513978,0,0,9999,0,35,0,0,0,0,0,0,0,714200817,0,000000,0,0
35804,6505829,6514010,0,0,9999,0,35,0,0,0,0,0,0,0,714200818,0,000000,0,0
35805,6505830,6514011,0,0,9999,0,35,0,0,0,0,0,0,0,714200819,0,000000,0,0
35806,6505831,6514012,0,0,9999,0,35,0,0,0,0,0,0,0,714200820,0,000000,0,0
35807,6505832,6514013,0,0,9999,0,35,0,0,0,0,0,0,0,714200821,0,000000,0,0
35808,6505833,6514014,0,0,9999,0,35,0,0,0,0,0,0,0,714200822,0,000000,0,0
35809,6505834,6514015,0,0,9999,0,35,0,0,0,0,0,0,0,714200823,0,000000,0,0
35810,6505865,6514045,0,0,9999,0,35,0,0,0,0,0,0,0,714200824,0,000000,0,0
35811,6505866,6514046,0,0,9999,0,35,0,0,0,0,0,0,0,714200825,0,000000,0,0
35812,6505867,6514047,0,0,9999,0,35,0,0,0,0,0,0,0,714200826,0,000000,0,0
35813,6505868,6514048,0,0,9999,0,35,0,0,0,0,0,0,0,714200827,0,000000,0,0
35814,6505869,6514049,0,0,9999,0,35,0,0,0,0,0,0,0,714200828,0,000000,0,0
35815,6505870,6514050,0,0,9999,0,35,0,0,0,0,0,0,0,714200829,0,000000,0,0
35816,6505873,6514053,0,0,9999,0,35,0,0,0,0,0,0,0,714200830,0,000000,0,0
35817,6505874,6514054,0,0,9999,0,35,0,0,0,0,0,0,0,714200831,0,000000,0,0
35818,6505875,6514055,0,0,9999,0,35,0,0,0,0,0,0,0,714200832,0,000000,0,0
35819,6505876,6514056,0,0,9999,0,35,0,0,0,0,0,0,0,714200833,0,000000,0,0
35820,6505877,6514057,0,0,9999,0,35,0,0,0,0,0,0,0,714200834,0,000000,0,0
35821,6505878,6514058,0,0,9999,0,35,0,0,0,0,0,0,0,714200835,0,000000,0,0
35822,6505901,6514073,0,0,9999,0,35,0,0,0,0,0,0,0,714200836,0,000000,0,0
35823,6505902,6514074,0,0,9999,0,35,0,0,0,0,0,0,0,714200837,0,000000,0,0
35824,6505903,6514075,0,0,9999,0,35,0,0,0,0,0,0,0,714200838,0,000000,0,0
35825,6505904,6514076,0,0,9999,0,35,0,0,0,0,0,0,0,714200839,0,000000,0,0
35826,6505905,6514077,0,0,9999,0,35,0,0,0,0,0,0,0,714200840,0,000000,0,0
35827,6505906,6514078,0,0,9999,0,35,0,0,0,0,0,0,0,714200841,0,000000,0,0
35828,6505981,6514100,0,0,9999,0,35,0,0,0,0,0,0,0,714200842,0,000000,0,0
35829,6505982,6514101,0,0,9999,0,35,0,0,0,0,0,0,0,714200843,0,000000,0,0
35830,6505983,6514102,0,0,9999,0,35,0,0,0,0,0,0,0,714200844,0,000000,0,0
35831,6505984,6514103,0,0,9999,0,35,0,0,0,0,0,0,0,714200845,0,000000,0,0
35832,6505985,6514104,0,0,9999,0,35,0,0,0,0,0,0,0,714200846,0,000000,0,0
35833,6506014,6514132,0,0,9999,0,35,0,0,0,0,0,0,0,714200853,0,000000,0,0
35834,6506015,6514133,0,0,9999,0,35,0,0,0,0,0,0,0,714200852,0,000000,0,0
35835,6506016,6514134,0,0,9999,0,35,0,0,0,0,0,0,0,714200854,0,000000,0,0
35836,6506017,6514135,0,0,9999,0,35,0,0,0,0,0,0,0,714200855,0,000000,0,0
35837,6506018,6514136,0,0,9999,0,35,0,0,0,0,0,0,0,714200856,0,000000,0,0
35838,6506019,6514137,0,0,9999,0,35,0,0,0,0,0,0,0,714200857,0,000000,0,0
35839,6506088,6514152,0,0,9999,0,35,0,0,0,0,0,0,0,714200858,0,000000,0,0
35840,6506089,6514153,0,0,9999,0,35,0,0,0,0,0,0,0,714200859,0,000000,0,0
35841,6506090,6514154,0,0,9999,0,35,0,0,0,0,0,0,0,714200860,0,000000,0,0
35842,6506091,6514155,0,0,9999,0,35,0,0,0,0,0,0,0,714200861,0,000000,0,0
35843,6506092,6514156,0,0,9999,0,35,0,0,0,0,0,0,0,714200862,0,000000,0,0
36001,6501807,6511098,0,0,9999,0,36,0,0,0,0,0,0,0,714000005,0,000000,0,0
36002,6501808,6511099,0,0,9999,0,36,0,0,0,0,0,0,0,714000006,0,000000,0,0
36004,6501810,6511101,0,0,9999,0,36,0,0,0,0,0,0,0,714000008,0,000000,0,0
36005,6501811,6511102,0,0,9999,0,36,0,0,0,0,0,0,0,714000009,0,000000,0,0
36007,6501813,6511104,0,0,9999,0,36,0,0,0,0,0,0,0,714000011,0,000000,0,0
36008,6501814,6511105,0,0,9999,0,36,0,0,0,0,0,0,0,714000012,0,000000,0,0
36010,6501816,6511107,0,0,9999,0,36,0,0,0,0,0,0,0,714000014,0,000000,0,0
36011,6501817,6511108,0,0,9999,0,36,0,0,0,0,0,0,0,714000015,0,000000,0,0
36012,6501818,6511109,0,0,9999,0,36,0,0,0,0,0,0,0,714000016,0,000000,0,0
36013,6501819,6511110,0,0,9999,0,36,0,0,0,0,0,0,0,714000017,0,000000,0,0
36015,6501821,6511112,0,0,9999,0,36,0,0,0,0,0,0,0,714000019,0,000000,0,0
36016,6501822,6511113,0,0,9999,0,36,0,0,0,0,0,0,0,714000020,0,000000,0,0
36017,6501823,6511114,0,0,9999,0,36,0,0,0,0,0,0,0,714000021,0,000000,0,0
36018,6501824,6511115,0,0,9999,0,36,0,0,0,0,0,0,0,714000022,0,000000,0,0
36019,6501825,6511116,0,0,9999,0,36,0,0,0,0,0,0,0,714000023,0,000000,0,0
36020,6501826,6511117,0,0,9999,0,36,0,0,0,0,0,0,0,714000024,0,000000,0,0
36021,6501827,6511118,0,0,9999,0,36,0,0,0,0,0,0,0,714000025,0,000000,0,0
36022,6501828,6511119,0,0,9999,0,36,0,0,0,0,0,0,0,714000026,0,000000,0,0
36023,6501829,6511120,0,0,9999,0,36,0,0,0,0,0,0,0,714000027,0,000000,0,0
36025,6501831,6511122,0,0,9999,0,36,0,0,0,0,0,0,0,714000029,0,000000,0,0
36026,6501832,6511123,0,0,9999,0,36,0,0,0,0,0,0,0,714000030,0,000000,0,0
36027,6501833,6511124,0,0,9999,0,36,0,0,0,0,0,0,0,714000031,0,000000,0,0
36029,6501835,6511126,0,0,9999,0,36,0,0,0,0,0,0,0,714000033,0,000000,0,0
36031,6501837,6511128,0,0,9999,0,36,0,0,0,0,0,0,0,714000035,0,000000,0,0
36032,6502092,6511282,0,0,9999,0,36,0,0,0,0,0,0,0,714000040,0,000000,0,0
36033,6502093,6511283,0,0,9999,0,36,0,0,0,0,0,0,0,714000041,0,000000,0,0
36034,6502119,6511318,0,0,9999,0,36,0,0,0,0,0,0,0,714000037,0,000000,0,0
36035,6502120,6511319,0,0,9999,0,36,0,0,0,0,0,0,0,714000036,0,000000,0,0
36036,6502211,6511362,0,0,9999,0,36,0,0,0,0,0,0,0,714000039,0,000000,0,0
36037,6502235,6511389,0,0,9999,0,36,0,0,0,0,0,0,0,714000042,0,000000,0,0
36038,6502236,6511390,0,0,9999,0,36,0,0,0,0,0,0,0,714000038,0,000000,0,0
36039,6502237,6511391,0,0,9999,0,36,0,0,0,0,0,0,0,714000043,0,000000,0,0
# 36040,6502248,1,0,0,9999,0,36,0,0,0,0,0,0,0,711000024,0,000000,0,0
# 36041,6502249,1,0,0,9999,0,36,0,0,0,0,0,0,0,711000024,0,000000,0,0
36042,6502254,6511450,0,0,9999,0,36,0,0,0,0,0,0,0,714000045,0,000000,0,0
36043,6502255,6511451,0,0,9999,0,36,0,0,0,0,0,0,0,714000046,0,000000,0,0
36044,6502350,6511452,0,0,9999,0,36,0,0,0,0,0,0,0,714000047,0,000000,0,0
36045,6502351,6511453,0,0,9999,0,36,0,0,0,0,0,0,0,714000048,0,000000,0,0
36046,6502253,6511449,0,0,9999,0,36,0,0,0,0,0,0,0,714000044,0,000000,0,0
36047,6502403,6511508,0,0,9999,0,36,0,0,0,0,0,0,0,714000049,0,000000,0,0
36048,6502411,6511516,0,0,9999,0,36,0,0,0,0,0,0,0,714000050,0,000000,0,0
36049,6502433,6511567,0,0,9999,0,36,0,0,0,0,0,0,0,714000051,0,000000,0,0
36050,6502449,6511568,0,0,9999,0,36,0,0,0,0,0,0,0,714000053,0,000000,0,0
36051,6502488,6511600,0,0,9999,0,36,0,0,0,0,0,0,0,714000052,0,000000,0,0
36052,6502528,6511582,0,0,9999,0,36,0,0,0,0,0,0,0,714000054,0,000000,0,0
36053,6502529,6511601,0,0,9999,0,36,0,0,0,0,0,0,0,714000055,0,000000,0,0
36054,6502602,6511677,0,0,9999,0,36,0,0,0,0,0,0,0,714000056,0,000000,0,0
36055,6502603,6511678,0,0,9999,0,36,0,0,0,0,0,0,0,714000057,0,000000,0,0
36056,6502623,6511696,0,0,9999,0,36,0,0,0,0,0,0,0,714000058,0,000000,0,0
36057,6502681,6511743,0,0,9999,0,36,0,0,0,0,0,0,0,714000059,0,000000,0,0
36058,6502702,6511762,0,0,9999,0,36,0,0,0,0,0,0,0,714000060,0,000000,0,0
36059,6502724,6511780,0,0,9999,0,36,0,0,0,0,0,0,0,714000061,0,000000,0,0
36060,6502735,6511793,0,0,9999,0,36,0,0,0,0,0,0,0,714000062,0,000000,0,0
36061,6502783,6511831,0,0,9999,0,36,0,0,0,0,0,0,0,714000063,0,000000,0,0
36062,6502806,6511863,0,0,9999,0,36,0,0,0,0,0,0,0,714000064,0,000000,0,0
36063,6502848,6511909,0,0,9999,0,36,0,0,0,0,0,0,0,714000085,0,000000,0,0
36064,6502849,6511911,0,0,9999,0,36,0,0,0,0,0,0,0,714000086,0,000000,0,0
36065,6502869,6511925,0,0,9999,0,36,0,0,0,0,0,0,0,714000087,0,000000,0,0
36066,6502870,6511926,0,0,9999,0,36,0,0,0,0,0,0,0,714000065,0,000000,0,0
36067,6502871,6511927,0,0,9999,0,36,0,0,0,0,0,0,0,714000066,0,000000,0,0
36068,6502872,6511928,0,0,9999,0,36,0,0,0,0,0,0,0,714000067,0,000000,0,0
36069,6502873,6511929,0,0,9999,0,36,0,0,0,0,0,0,0,714000068,0,000000,0,0
36070,6502874,6511930,0,0,9999,0,36,0,0,0,0,0,0,0,714000069,0,000000,0,0
36071,6502875,6511931,0,0,9999,0,36,0,0,0,0,0,0,0,714000070,0,000000,0,0
36072,6502876,6511932,0,0,9999,0,36,0,0,0,0,0,0,0,714000071,0,000000,0,0
36073,6502877,6511933,0,0,9999,0,36,0,0,0,0,0,0,0,714000072,0,000000,0,0
36074,6502878,6511934,0,0,9999,0,36,0,0,0,0,0,0,0,714000073,0,000000,0,0
36075,6502879,6511935,0,0,9999,0,36,0,0,0,0,0,0,0,714000074,0,000000,0,0
36076,6502880,6511936,0,0,9999,0,36,0,0,0,0,0,0,0,714000075,0,000000,0,0
36077,6502881,6511937,0,0,9999,0,36,0,0,0,0,0,0,0,714000076,0,000000,0,0
36078,6502882,6511938,0,0,9999,0,36,0,0,0,0,0,0,0,714000077,0,000000,0,0
36079,6502883,6511939,0,0,9999,0,36,0,0,0,0,0,0,0,714000078,0,000000,0,0
36080,6502884,6511940,0,0,9999,0,36,0,0,0,0,0,0,0,714000079,0,000000,0,0
36081,6502885,6511941,0,0,9999,0,36,0,0,0,0,0,0,0,714000080,0,000000,0,0
36082,6502886,6511942,0,0,9999,0,36,0,0,0,0,0,0,0,714000081,0,000000,0,0
36083,6502887,6511943,0,0,9999,0,36,0,0,0,0,0,0,0,714000082,0,000000,0,0
36084,6502888,6511944,0,0,9999,0,36,0,0,0,0,0,0,0,714000083,0,000000,0,0
36085,6502889,6511945,0,0,9999,0,36,0,0,0,0,0,0,0,714000084,0,000000,0,0
36086,6502969,6511973,0,0,9999,0,36,0,0,0,0,0,0,0,714000088,0,000000,0,0
36087,6502983,6511989,0,0,9999,0,36,0,0,0,0,0,0,0,714000089,0,000000,0,0
36088,6503027,6512024,0,0,9999,0,36,0,0,0,0,0,0,0,714000090,0,000000,0,0
36089,6503045,6512043,0,0,9999,0,36,0,0,0,0,0,0,0,714000091,0,000000,0,0
36090,6503093,6512093,0,0,9999,0,36,0,0,0,0,0,0,0,714000092,0,000000,0,0
36091,6503138,6512130,0,0,9999,0,36,0,0,0,0,0,0,0,714000093,0,000000,0,0
36092,6503203,6512144,0,0,9999,0,36,0,0,0,0,0,0,0,714000094,0,000000,0,0
36093,6503239,6512178,0,0,9999,0,36,0,0,0,0,0,0,0,714000095,0,000000,0,0
36094,6503242,6512187,0,0,9999,0,36,0,0,0,0,0,0,0,714000096,0,000000,0,0
36095,6503248,6512193,0,0,9999,0,36,0,0,0,0,0,0,0,714000098,0,000000,0,0
36096,6503312,6512249,0,0,9999,0,36,0,0,0,0,0,0,0,714000097,0,000000,0,0
36097,6503331,6512267,0,0,9999,0,36,0,0,0,0,0,0,0,714000099,0,000000,0,0
36098,6503350,6512283,0,0,9999,0,36,0,0,0,0,0,0,0,714000100,0,000000,0,0
36099,6503365,6512296,0,0,9999,0,36,0,0,0,0,0,0,0,714000101,0,000000,0,0
36100,6503440,6512316,0,0,9999,0,36,0,0,0,0,0,0,0,714000102,0,000000,0,0
36101,6503453,6512327,0,0,9999,0,36,0,0,0,0,0,0,0,714000103,0,000000,0,0
36102,6503480,6512353,0,0,9999,0,36,0,0,0,0,0,0,0,714000104,0,000000,0,0
36103,6503519,6512391,0,0,9999,0,36,0,0,0,0,0,0,0,714000105,0,000000,0,0
36104,6503555,6512414,0,0,9999,0,36,0,0,0,0,0,0,0,714000106,0,000000,0,0
36105,6503608,6512464,0,0,9999,0,36,0,0,0,0,0,0,0,714000108,0,000000,0,0
36106,6503672,6512479,0,0,9999,0,36,0,0,0,0,0,0,0,714000109,0,000000,0,0
36107,6503691,6512499,0,0,9999,0,36,0,0,0,0,0,0,0,714000110,0,000000,0,0
36108,6503708,6512510,0,0,9999,0,36,0,0,0,0,0,0,0,714000111,0,000000,0,0
36109,6503733,6512535,0,0,9999,0,36,0,0,0,0,0,0,0,714000112,0,000000,0,0
36110,6503773,6512577,0,0,9999,0,36,0,0,0,0,0,0,0,714000107,0,000000,0,0
36111,6503829,6512633,0,0,9999,0,36,0,0,0,0,0,0,0,714000113,0,000000,0,0
36112,6503836,6512641,0,0,9999,0,36,0,0,0,0,0,0,0,714000114,0,000000,0,0
36113,6503837,6512642,0,0,9999,0,36,0,0,0,0,0,0,0,714000115,0,000000,0,0
36114,6503838,6512643,0,0,9999,0,36,0,0,0,0,0,0,0,714000116,0,000000,0,0
36115,6503839,6512644,0,0,9999,0,36,0,0,0,0,0,0,0,714000117,0,000000,0,0
36116,6503840,6512645,0,0,9999,0,36,0,0,0,0,0,0,0,714000118,0,000000,0,0
36117,6503841,6512646,0,0,9999,0,36,0,0,0,0,0,0,0,714000119,0,000000,0,0
36118,6503847,6512652,0,0,9999,0,36,0,0,0,0,0,0,0,714000120,0,000000,0,0
36119,6503864,6512661,0,0,9999,0,36,0,0,0,0,0,0,0,714000121,0,000000,0,0
36120,6503030,6512688,0,0,9999,0,36,0,0,0,0,0,0,0,714000122,0,000000,0,0
36121,6503946,6512699,0,0,9999,0,36,0,0,0,0,0,0,0,714000123,0,000000,0,0
36122,6503964,6512763,0,0,9999,0,36,0,0,0,0,0,0,0,714000124,0,000000,0,0
36123,6504011,6512769,0,0,9999,0,36,0,0,0,0,0,0,0,714000125,0,000000,0,0
36124,6504032,6512787,0,0,9999,0,36,0,0,0,0,0,0,0,714000129,0,000000,0,0
36125,6504055,6512807,0,0,9999,0,36,0,0,0,0,0,0,0,714000130,0,000000,0,0
36126,6504075,6512842,0,0,9999,0,36,0,0,0,0,0,0,0,714000131,0,000000,0,0
36127,6504206,6512918,0,0,9999,0,36,0,0,0,0,0,0,0,714000133,0,000000,0,0
36128,6504212,6512924,0,0,9999,0,36,0,0,0,0,0,0,0,714000134,0,000000,0,0
36129,6504218,6512930,0,0,9999,0,36,0,0,0,0,0,0,0,714000135,0,000000,0,0
36130,6504237,6512947,0,0,9999,0,36,0,0,0,0,0,0,0,714000136,0,000000,0,0
36131,6504254,6512962,0,0,9999,0,36,0,0,0,0,0,0,0,714000132,0,000000,0,0
36132,6504355,6513004,0,0,9999,0,36,0,0,0,0,0,0,0,714000137,0,000000,0,0
36133,6504361,6513010,0,0,9999,0,36,0,0,0,0,0,0,0,714000138,0,000000,0,0
36134,6504433,6513076,0,0,9999,0,36,0,0,0,0,0,0,0,714000139,0,000000,0,0
36135,6504440,6513083,0,0,9999,0,36,0,0,0,0,0,0,0,714000140,0,000000,0,0
36136,6504478,6513108,0,0,9999,0,36,0,0,0,0,0,0,0,714000141,0,000000,0,0
36137,6504479,6513116,0,0,9999,0,36,0,0,0,0,0,0,0,714000142,0,000000,0,0
36138,6504486,6513123,0,0,9999,0,36,0,0,0,0,0,0,0,714000143,0,000000,0,0
36139,6504669,6513198,0,0,9999,0,36,0,0,0,0,0,0,0,714000144,0,000000,0,0
36140,6504686,6513210,0,0,9999,0,36,0,0,0,0,0,0,0,714000145,0,000000,0,0
36141,6504695,6513218,0,0,9999,0,36,0,0,0,0,0,0,0,714000146,0,000000,0,0
36142,6504696,6513219,0,0,9999,0,36,0,0,0,0,0,0,0,714000147,0,000000,0,0
36143,6504697,6513220,0,0,9999,0,36,0,0,0,0,0,0,0,714000148,0,000000,0,0
36144,6504698,6513221,0,0,9999,0,36,0,0,0,0,0,0,0,714000149,0,000000,0,0
36145,6504694,6513217,0,0,9999,0,36,0,0,0,0,0,0,0,714000150,0,000000,0,0
36146,6504693,6513228,0,0,9999,0,36,0,0,0,0,0,0,0,714000151,0,000000,0,0
36147,6504769,6513285,0,0,9999,0,36,0,0,0,0,0,0,0,714000152,0,000000,0,0
36148,6504784,6513300,0,0,9999,0,36,0,0,0,0,0,0,0,714000153,0,000000,0,0
36149,6504848,6513358,0,0,9999,0,36,0,0,0,0,0,0,0,714000154,0,000000,0,0
36150,6504914,6513377,0,0,9999,0,36,0,0,0,0,0,0,0,714000155,0,000000,0,0
36151,6504945,6513399,0,0,9999,0,36,0,0,0,0,0,0,0,714000156,0,000000,0,0
36152,6504956,6513413,0,0,9999,0,36,0,0,0,0,0,0,0,714000157,0,000000,0,0
36153,6505013,6513461,0,0,9999,0,36,0,0,0,0,0,0,0,714000158,0,000000,0,0
36154,6505028,6513488,0,0,9999,0,36,0,0,0,0,0,0,0,714000159,0,000000,0,0
36155,6505054,6513506,0,0,9999,0,36,0,0,0,0,0,0,0,714000160,0,000000,0,0
36156,6505075,6513522,0,0,9999,0,36,0,0,0,0,0,0,0,714000161,0,000000,0,0
36157,6505108,6513551,0,0,9999,0,36,0,0,0,0,0,0,0,714000162,0,000000,0,0
36158,6505122,6513560,0,0,9999,0,36,0,0,0,0,0,0,0,714000163,0,000000,0,0
36159,6505141,6513581,0,0,9999,0,36,0,0,0,0,0,0,0,714000164,0,000000,0,0
36160,6505240,6513617,0,0,9999,0,36,0,0,0,0,0,0,0,714000165,0,000000,0,0
36161,6505284,6513660,0,0,9999,0,36,0,0,0,0,0,0,0,714000166,0,000000,0,0
36162,6505301,6513674,0,0,9999,0,36,0,0,0,0,0,0,0,714000167,0,000000,0,0
36163,6505332,6513698,0,0,9999,0,36,0,0,0,0,0,0,0,714000168,0,000000,0,0
36164,6505391,6513705,0,0,9999,0,36,0,0,0,0,0,0,0,714000169,0,000000,0,0
36165,6505407,6513719,0,0,9999,0,36,0,0,0,0,0,0,0,714000170,0,000000,0,0
36166,6505443,6513753,0,0,9999,0,36,0,0,0,0,0,0,0,714000171,0,000000,0,0
36167,6505503,6513801,0,0,9999,0,36,0,0,0,0,0,0,0,714000172,0,000000,0,0
36168,6505516,6513813,0,0,9999,0,36,0,0,0,0,0,0,0,714000173,0,000000,0,0
36169,6505523,6513820,0,0,9999,0,36,0,0,0,0,0,0,0,714000174,0,000000,0,0
36170,6505605,6513841,0,0,9999,0,36,0,0,0,0,0,0,0,714000175,0,000000,0,0
36171,6505626,6513866,0,0,9999,0,36,0,0,0,0,0,0,0,714000176,0,000000,0,0
36172,6505632,6513878,0,0,9999,0,36,0,0,0,0,0,0,0,714000177,0,000000,0,0
36173,6505698,6513932,0,0,9999,0,36,0,0,0,0,0,0,0,714000178,0,000000,0,0
36174,6505761,6513942,0,0,9999,0,36,0,0,0,0,0,0,0,714000179,0,000000,0,0
36175,6505777,6513958,0,0,9999,0,36,0,0,0,0,0,0,0,714000180,0,000000,0,0
36176,6505791,6513973,0,0,9999,0,36,0,0,0,0,0,0,0,714000181,0,000000,0,0
36177,6505828,6514009,0,0,9999,0,36,0,0,0,0,0,0,0,714000182,0,000000,0,0
36178,6505864,6514044,0,0,9999,0,36,0,0,0,0,0,0,0,714000183,0,000000,0,0
36179,6505872,6514052,0,0,9999,0,36,0,0,0,0,0,0,0,714000184,0,000000,0,0
36180,6505900,6514072,0,0,9999,0,36,0,0,0,0,0,0,0,714000185,0,000000,0,0
36181,6505980,6514099,0,0,9999,0,36,0,0,0,0,0,0,0,714000186,0,000000,0,0
36182,6506013,6514131,0,0,9999,0,36,0,0,0,0,0,0,0,714000188,0,000000,0,0
36183,6506087,6514151,0,0,9999,0,36,0,0,0,0,0,0,0,714000189,0,000000,0,0
37301,6502386,6511525,0,0,9999,0,37,0,0,0,1,1,50000,0,710000112,0,000000,0,0
37302,6502387,6511526,6511141,0,9999,0,37,1,0,0,1,1,50000,0,710000112,0,000000,0,0
37303,6502388,6511527,6511142,0,9999,0,37,2,0,0,1,1,50000,0,710000112,0,000000,0,0
38001,6502487,6511589,0,0,9999,0,38,0,0,0,0,1,50000,0,710000129,0,000000,0,0
39001,6502624,6511728,0,0,9999,120,39,0,0,0,0,0,10,0,710000148,0,000000,0,0
40001,6502729,6511787,6512838,0,9999,0,40,5231,0,0,0,5,10,1,710000152,0,000000,0,0
40002,6502730,6511788,6512839,0,9999,0,40,5232,0,0,0,5,10,1,710000152,0,000000,0,0
40003,6503055,6512041,6511333,0,9999,0,40,5241,0,0,0,5,10,1,710000152,0,000000,0,100312
40004,6503293,6512227,6511333,0,9999,0,40,5391,0,0,0,5,10,1,710000152,0,000000,0,100382
40005,6503464,6512340,6511333,0,9999,0,40,5411,0,0,0,5,10,1,710000152,0,000000,0,100442
40006,6503493,6512362,6511333,0,9999,0,40,5441,0,0,0,5,10,1,710000152,0,000000,0,100493
40007,6503563,6512426,6512840,0,9999,0,40,5233,0,0,0,5,10,1,710000152,0,000000,0,0
40008,6503564,6512427,6512841,0,9999,0,40,5234,0,0,0,5,10,1,710000152,0,000000,0,0
40009,6503727,6512529,6511333,0,9999,0,40,5461,0,0,0,5,10,1,710000152,0,000000,0,100552
40010,6503970,6512717,6511333,0,9999,0,40,5491,0,0,0,5,10,1,710000152,0,000000,0,100613
40011,6504167,6512881,6511333,0,9999,0,40,5511,0,0,0,5,10,1,710000152,0,000000,0,100672
40013,6504231,6512939,6512940,0,9999,0,40,5235,0,0,0,5,10,1,710000152,0,000000,0,0
40014,6504368,6513016,6511333,0,9999,0,40,5541,0,0,0,5,10,1,710000152,0,000000,0,100732
40015,6504623,6513150,6511333,0,9999,0,40,5561,0,0,0,5,10,1,710000152,0,000000,0,100792
40016,6504809,6513323,6511333,0,9999,0,40,5581,0,0,0,5,10,1,710000152,0,000000,0,100852
40017,6505009,6513459,6511333,0,9999,0,40,5601,0,0,0,5,10,1,710000152,0,000000,0,100902
40018,6505231,6513651,6511333,0,9999,0,40,5631,0,0,0,5,10,1,710000152,0,000000,0,100972
40019,6505280,6513657,6513681,0,9999,0,40,5236,0,0,0,5,10,1,710000152,0,000000,0,0
40020,6505439,6513744,6513752,0,9999,0,40,5237,0,0,0,5,10,1,710000152,0,000000,0,0
40021,6505452,6513761,6511333,0,9999,0,40,5651,0,0,0,5,10,1,710000152,0,000000,0,101032
40022,6505666,6513898,6511333,0,9999,0,40,5671,0,0,0,5,10,1,710000152,0,000000,0,101092
40023,6505850,6514034,6511333,0,9999,0,40,5691,0,0,0,5,10,1,710000152,0,000000,0,101142
40024,6505995,6514117,6511333,0,9999,0,40,5711,0,0,0,5,10,1,710000152,0,000000,0,101192
41001,6503258,6514000,0,3,9999,0,41,0,0,0,0,0,10,0,710000263,0,ffc59e,0,0
41002,6503259,6514001,0,5,9999,0,41,0,0,0,0,0,10,0,710000264,0,ffc59e,0,0
41003,6503260,6514002,0,3,9999,0,41,0,0,0,0,0,10,0,710000269,0,ffc59e,0,0
41004,6503261,6514003,0,5,9999,0,41,0,0,0,0,0,10,0,710000270,0,ffc59e,0,0
41006,6503263,6512200,0,6,9999,0,41,0,0,0,0,0,10,0,710000268,0,ffc59e,0,0
41007,6503264,6512241,0,1,9999,0,41,0,0,0,0,0,10,0,710000289,0,ffc59e,0,0
41008,6503265,6512201,6511141,3,9999,0,41,0,0,0,0,0,10,0,710000292,0,ffc59e,0,0
41009,6503266,6512202,6511142,3,9999,0,41,0,0,0,0,0,10,0,710000292,0,ffc59e,0,0
41010,6503267,6512203,6511141,5,9999,0,41,0,0,0,0,0,10,0,710000293,0,ffc59e,0,0
41011,6503268,6512204,6511142,5,9999,0,41,0,0,0,0,0,10,0,710000293,0,ffc59e,0,0
41012,6505824,6514004,6511143,3,9999,0,41,0,0,0,0,0,10,0,710000292,0,ffc59e,0,0
41013,6505825,6514005,6511143,5,9999,0,41,0,0,0,0,0,10,0,710000293,0,ffc59e,0,0
42004,6504741,6513259,6513262,0,9999,0,42,0,0,0,0,100,10,1,710000054,0,FFA000,0,0
42005,6505425,6513728,6512472,0,9999,0,42,0,0,0,0,300,0,1,710000054,0,FFA000,0,0
42006,6505915,6514087,6514088,0,9999,0,42,0,0,0,0,500,0,1,710000054,0,FFA000,0,0
42007,6506103,6514166,6514167,0,9999,0,42,0,0,0,0,780,0,1,710000054,0,FFA000,0,0
43001,6505036,6513495,0,0,9999,0,43,0,0,0,0,1,0,0,711000161,0,000000,0,0
50001,6500737,6510753,0,0,9999,0,0,0,0,0,0,0,10,0,711000001,0,000000,0,0
50002,6502377,6511487,0,0,9999,0,0,0,0,0,0,0,10,0,710000062,0,000000,0,0
50003,6502063,6511261,0,0,9999,0,0,0,0,0,0,0,10,0,710000066,0,000000,0,100023
50004,6502064,6511261,0,0,9999,0,0,0,0,0,0,0,10,0,710000065,0,000000,0,100023
50005,6502118,6511317,0,0,9999,0,0,0,0,0,0,0,10,0,710000067,0,000000,0,200041
50006,6502121,6511320,0,0,9999,0,0,0,0,0,0,0,10,0,710000069,0,000000,0,0
50007,6502122,6511321,0,0,9999,0,0,0,0,0,0,0,10,0,710000064,0,000000,0,200082
50008,6502123,6511321,0,0,9999,0,0,0,0,0,0,0,10,0,710000068,0,000000,0,200082
50009,6502202,6511350,0,0,9999,0,0,0,0,0,0,0,10,0,710000070,0,000000,0,200114
50010,6502203,6511351,0,0,9999,0,0,0,0,0,0,0,0,0,710000072,0,000000,0,0
50011,6502204,6511352,0,0,9999,0,0,0,0,0,0,0,10,0,710000075,0,000000,0,200114
50012,6502208,6511356,0,0,9999,0,0,0,0,0,0,0,10,0,710000071,0,000000,0,100031
50013,6502232,6511386,0,0,9999,0,0,0,0,0,0,0,10,0,710000076,0,000000,0,100041
50014,6502314,6511411,0,0,9999,0,0,0,0,0,0,0,10,0,710000084,0,000000,0,100051
50015,6502315,6511411,0,0,9999,0,0,0,0,0,0,0,10,0,710000108,0,000000,0,100052
50016,6502581,6511659,0,0,9999,0,0,0,0,0,0,0,10,0,710000141,0,000000,0,0
50017,6502326,6511425,0,0,9999,0,0,0,0,0,0,0,10,0,710000086,0,000000,0,100063
50018,6502327,6511425,0,0,9999,0,0,0,0,0,0,0,10,0,710000085,0,000000,0,100063
50019,6502329,6511428,0,0,9999,0,0,0,0,0,0,0,10,0,710000109,0,000000,0,0
50021,6502378,6511488,0,0,9999,0,0,0,0,0,0,0,10,0,710000110,0,000000,0,200012
50022,6502397,6511501,6511333,0,9999,0,0,0,0,0,0,0,10,0,710000087,0,000000,0,100073
50023,6502420,6511528,0,0,9999,0,0,0,0,0,0,0,10,0,710000089,0,000000,0,100083
50024,6502421,6511528,0,0,9999,0,0,0,0,0,0,0,10,0,710000090,0,000000,0,100083
50025,6502447,6511555,0,0,9999,0,0,0,0,0,0,0,10,0,710000075,0,000000,0,200224
50026,6502448,6511556,0,0,9999,0,0,0,0,0,0,0,10,0,710000070,0,000000,0,200224
50027,6502467,6511565,0,0,9999,0,0,0,0,0,0,0,10,0,710000091,0,000000,0,100093
50028,6502476,6511580,0,0,9999,0,0,0,0,0,0,0,10,0,710000092,0,000000,0,0
50029,6502477,6511580,0,0,9999,0,0,0,0,0,0,0,10,0,710000093,0,000000,0,100103
50030,6502472,6511578,0,0,9999,0,0,0,0,0,0,0,10,0,710000125,0,000000,0,0
50031,6502473,6511615,0,0,9999,0,0,0,0,0,0,0,10,0,710000126,0,000000,0,0
50032,6502474,6511616,0,0,9999,0,0,0,0,0,0,0,10,0,710000127,0,000000,0,0
50033,6502475,6511579,0,0,9999,0,0,0,0,0,0,0,10,0,710000128,0,000000,0,200231
50034,6502512,6511631,0,0,9999,0,0,0,0,0,0,0,10,0,710000094,0,000000,0,100113
50035,6502513,6511631,0,0,9999,0,0,0,0,0,0,0,10,0,710000095,0,000000,0,100113
50036,6502582,6511660,0,0,9999,0,0,0,0,0,0,0,10,0,710000115,0,000000,0,100133
50037,6502583,6511660,0,0,9999,0,0,0,0,0,0,0,10,0,710000116,0,000000,0,100133
50038,6502585,6511660,0,0,9999,0,0,0,0,0,0,0,10,0,710000138,0,000000,0,100133
50039,6502588,6511664,0,0,9999,0,0,0,0,0,0,0,10,0,710000142,0,000000,0,0
50040,6502609,6511683,0,0,9999,0,0,0,0,0,0,0,10,0,710000120,0,000000,0,0
50041,6502614,6511683,0,0,9999,0,0,0,0,0,0,0,10,0,710000119,0,000000,0,100154
50042,6502628,6511701,0,0,9999,0,0,0,0,0,0,0,10,0,710000149,0,000000,0,0
50043,6502643,6511717,0,0,9999,0,0,0,0,0,0,0,10,0,710000118,0,000000,0,100174
50044,6502655,6511723,0,1,9999,0,0,0,0,0,0,0,10,0,710000160,0,000000,0,0
50045,6502656,6511723,0,2,9999,0,0,0,0,0,0,0,10,0,710000159,0,000000,0,0
50046,6502657,6511723,0,3,9999,0,0,0,0,0,0,0,10,0,710000158,0,000000,0,0
50047,6502658,6511723,0,4,9999,0,0,0,0,0,0,0,10,0,710000152,0,000000,0,0
50048,6502659,6511723,0,5,9999,0,0,0,0,0,0,0,10,0,710000057,0,000000,0,0
50049,6502660,6511723,0,6,9999,0,0,0,0,0,0,0,10,0,710000057,0,000000,0,0
50050,6502662,6511727,0,0,9999,0,0,0,0,0,0,0,10,0,710000070,0,000000,0,200274
50051,6502669,6511732,0,0,9999,0,0,0,0,0,0,0,10,0,710000075,0,000000,0,200274
50052,6502683,6511745,0,0,9999,0,0,0,0,0,0,0,10,0,710000121,0,000000,0,100194
50053,6502661,6511724,0,6,9999,0,0,0,0,0,0,0,20,0,710000161,0,000000,0,0
50054,6502666,6511729,0,4,9999,0,0,0,0,0,0,0,20,0,710000162,0,000000,0,0
50055,6502667,6511730,0,6,9999,0,0,0,0,0,0,0,20,0,710000163,0,000000,0,0
50056,6502668,6511731,0,4,9999,0,0,0,0,0,0,0,20,0,710000164,0,000000,0,0
50057,6502685,6511745,0,0,9999,0,0,0,0,0,0,0,10,0,710000122,0,000000,0,100194
50058,6502699,6511760,0,0,9999,0,0,0,0,0,0,0,10,0,710000144,0,000000,0,100204
50059,6502700,6511760,0,0,9999,0,0,0,0,0,0,0,10,0,710000145,0,000000,0,0
50060,6502726,6511784,0,0,9999,0,0,0,0,0,0,0,10,0,710000146,0,000000,0,100214
50061,6502753,6511811,0,0,9999,0,0,0,0,0,0,0,10,0,710000155,0,000000,0,100224
50062,6502738,6511811,0,0,9999,0,0,0,0,0,0,0,10,0,710000154,0,000000,0,100224
50063,6502757,6511814,0,0,9999,0,0,0,0,0,0,0,10000,0,710000173,0,000000,0,0
50064,6502758,6511815,0,0,9999,0,0,0,0,0,0,0,10000,0,710000174,0,000000,0,0
50065,6502759,6511816,0,0,9999,0,0,0,0,0,0,0,10000,0,710000175,0,000000,0,0
50066,6502760,6511817,0,0,9999,0,0,0,0,0,0,0,10000,0,710000176,0,000000,0,0
50067,6502761,6511818,0,0,9999,0,0,0,0,0,0,0,10000,0,710000177,0,000000,0,0
50068,6502762,6511819,0,0,9999,0,0,0,0,0,0,0,10000,0,710000178,0,000000,0,0
50069,6502763,6511820,0,0,9999,0,0,0,0,0,0,0,10000,0,710000179,0,000000,0,0
50070,6502771,6511830,0,0,9999,0,0,0,0,0,0,0,0,0,710000170,0,000000,0,0
50071,6502772,6511830,0,0,9999,0,0,0,0,0,0,0,0,0,710000171,0,000000,0,0
50072,6502798,6511855,0,0,9999,0,0,0,0,0,0,0,10,0,710000138,0,000000,0,100231
50073,6502799,6511856,0,0,9999,0,0,0,0,0,0,0,10,0,710000156,0,000000,0,100244
50074,6502802,6511856,0,0,9999,0,0,0,0,0,0,0,10,0,710000157,0,000000,0,0
50075,6502835,6511895,0,0,9999,0,0,0,0,0,0,0,10,0,710000166,0,000000,0,100254
50076,6502836,6511895,0,0,9999,0,0,0,0,0,0,0,10,0,710000167,0,000000,0,100254
50077,6502842,6511903,0,0,9999,0,0,0,0,0,0,0,10,0,710000070,0,000000,0,200413
50078,6502860,6511919,0,0,9999,0,0,0,0,0,0,0,10,0,710000075,0,000000,0,200413
50079,6502906,6511963,0,0,9999,0,0,0,0,0,0,0,10,0,710000169,0,000000,0,100265
50080,6502907,6511962,0,0,9999,0,0,0,0,0,0,0,10,0,710000168,0,000000,0,100263
50081,6502975,6511978,0,0,9999,0,0,0,0,0,0,0,10,0,710000184,0,000000,0,100274
50082,6502976,6511978,0,0,9999,0,0,0,0,0,0,0,10,0,710000185,0,000000,0,100274
50083,6502980,6511982,0,0,9999,0,0,0,0,0,0,0,10,0,710000199,0,000000,0,200433
50084,6502988,6511994,0,0,9999,0,0,0,0,0,0,0,10,0,710000201,0,000000,0,0
50085,6503003,6512003,0,0,9999,0,0,0,0,0,0,0,10,0,710000189,0,000000,0,100284
50086,6503004,6512003,0,0,9999,0,0,0,0,0,0,0,10,0,710000188,0,000000,0,100284
50087,6503029,6512027,0,0,9999,0,0,0,0,0,0,0,10,0,710000194,0,000000,0,100304
50088,6503030,6512027,0,0,9999,0,0,0,0,0,0,0,10,0,710000193,0,000000,0,100303
50089,6503042,6512042,0,0,9999,0,0,0,0,0,0,0,10,0,710000222,0,000000,0,100313
50090,6503043,6512042,0,0,9999,0,0,0,0,0,0,0,10,0,710000195,0,000000,0,100313
50091,6503044,6512042,0,0,9999,0,0,0,0,0,0,0,10,0,710000223,0,000000,0,100313
50092,6503056,6512055,0,0,9999,0,0,0,0,0,0,0,10,0,710000228,0,000000,0,200471
50093,6503057,6512056,0,0,9999,0,0,0,0,0,0,0,10,0,710000229,0,000000,0,200471
50094,6503058,6512057,0,0,9999,0,0,0,0,0,0,0,10,0,710000230,0,000000,0,200471
50095,6503059,6512058,0,0,9999,0,0,0,0,0,0,0,10,0,710000231,0,000000,0,200471
50096,6503060,6512059,0,0,9999,0,0,0,0,0,0,0,10,0,710000232,0,000000,0,200471
50097,6503061,6512060,0,0,9999,0,0,0,0,0,0,0,10,0,710000233,0,000000,0,200471
50098,6503062,6512061,0,0,9999,0,0,0,0,0,0,0,10,0,710000234,0,000000,0,200471
50099,6503063,6512062,0,0,9999,0,0,0,0,0,0,0,10,0,710000235,0,000000,0,200471
50100,6503064,6512063,0,0,9999,0,0,0,0,0,0,0,10,0,710000236,0,000000,0,200471
50101,6503065,6512064,0,0,9999,0,0,0,0,0,0,0,10,0,710000237,0,000000,0,200481
50102,6503066,6512065,0,0,9999,0,0,0,0,0,0,0,10,0,710000238,0,000000,0,200481
50103,6503067,6512066,0,0,9999,0,0,0,0,0,0,0,10,0,710000239,0,000000,0,200481
50104,6503068,6512067,0,0,9999,0,0,0,0,0,0,0,10,0,710000240,0,000000,0,200481
50105,6503069,6512059,0,0,9999,0,0,0,0,0,0,0,10,0,710000241,0,000000,0,200481
50106,6503070,6512069,0,0,9999,0,0,0,0,0,0,0,10,0,710000242,0,000000,0,200481
50107,6503071,6512070,0,0,9999,0,0,0,0,0,0,0,10,0,710000243,0,000000,0,200481
50108,6503072,6512071,0,0,9999,0,0,0,0,0,0,0,10,0,710000244,0,000000,0,200481
50109,6503073,6512072,0,0,9999,0,0,0,0,0,0,0,10,0,710000245,0,000000,0,200481
50110,6503098,6512098,0,0,9999,0,0,0,0,0,0,0,10,0,710000070,0,000000,0,200512
50111,6503099,6512099,0,0,9999,0,0,0,0,0,0,0,10,0,710000075,0,000000,0,200512
50112,6503111,6512111,0,0,9999,0,0,0,0,0,0,0,10,0,710000246,0,000000,0,200531
50113,6503112,6512112,0,0,9999,0,0,0,0,0,0,0,10,0,710000247,0,000000,0,200532
50114,6503113,6512113,0,0,9999,0,0,0,0,0,0,0,10,0,710000248,0,000000,0,200533
50115,6503114,6512114,0,0,9999,0,0,0,0,0,0,0,10,0,710000249,0,000000,0,200534
50116,6503115,6512115,0,0,9999,0,0,0,0,0,0,0,10,0,710000250,0,000000,0,200534
50117,6503116,6512132,0,0,9999,0,0,0,0,0,0,0,10,0,710000251,0,000000,0,200534
50118,6503117,6512133,0,0,9999,0,0,0,0,0,0,0,10,0,710000252,0,000000,0,200534
50119,6503118,6512134,0,0,9999,0,0,0,0,0,0,0,10,0,710000253,0,000000,0,200534
50120,6503109,6512107,0,0,9999,0,0,0,0,0,0,0,10,0,710000214,0,000000,0,100324
50121,6503110,6512107,0,0,9999,0,0,0,0,0,0,0,10,0,710000215,0,000000,0,100324
50122,6503132,6512124,0,0,9999,0,0,0,0,0,0,0,10,0,710000216,0,000000,0,100334
50123,6503133,6512124,0,0,9999,0,0,0,0,0,0,0,10,0,710000217,0,000000,0,100334
50124,6503143,6512136,0,0,9999,0,0,0,0,0,0,0,10,0,710000254,0,000000,0,0
50125,6503226,6512167,0,0,9999,0,0,0,0,0,0,0,10,0,710000218,0,000000,0,100343
50126,6503227,6512167,0,0,9999,0,0,0,0,0,0,0,10,0,710000219,0,000000,0,100343
50127,6503280,6512212,0,0,9999,0,0,0,0,0,0,0,10,0,710000300,0,000000,0,100351
50128,6503271,6512206,0,0,9999,0,0,0,0,0,0,0,10,0,710000220,0,000000,0,100363
50129,6503272,6512206,0,0,9999,0,0,0,0,0,0,0,10,0,710000221,0,000000,0,100363
50130,6503283,6512221,0,0,9999,0,0,0,0,0,0,0,10,0,710000109,0,000000,0,200591
50131,6503284,6512222,0,0,9999,0,0,0,0,0,0,0,10,0,710000109,0,000000,0,200601
50132,6503285,6512223,0,0,9999,0,0,0,0,0,0,0,10,0,710000315,0,000000,0,200591
50133,6503286,6512223,0,0,9999,0,0,0,0,0,0,0,10,0,710000316,0,000000,0,200591
50134,6503287,6512224,0,0,9999,0,0,0,0,0,0,0,10,0,710000317,0,000000,0,200601
50135,6503288,6512224,0,0,9999,0,0,0,0,0,0,0,10,0,710000318,0,000000,0,200601
50136,6503289,6512225,0,0,9999,0,0,0,0,0,0,0,10,0,710000304,0,000000,0,100384
50137,6503290,6512225,0,0,9999,0,0,0,0,0,0,0,10,0,710000261,0,000000,0,100384
50138,6503291,6512225,0,0,9999,0,0,0,0,0,0,0,10,0,710000262,0,000001,0,100384
50139,6503307,6512245,0,0,9999,0,0,0,0,0,0,0,10000,0,710000321,0,000000,0,0
50140,6503308,6512246,0,0,9999,0,0,0,0,0,0,0,10000,0,710000322,0,000000,0,0
50141,6503313,6512250,0,0,9999,0,0,0,0,0,0,0,10,0,710000302,0,000000,0,100394
50142,6503314,6512250,0,0,9999,0,0,0,0,0,0,0,10,0,710000303,0,000000,0,100394
50143,6503319,6512255,0,0,9999,0,0,0,0,0,0,0,10,0,710000070,0,000000,0,200632
50144,6503337,6512271,0,0,9999,0,0,0,0,0,0,0,10,0,710000075,0,000000,0,200632
50145,6503343,6512274,0,0,9999,0,0,0,0,0,0,0,10,0,711000141,0,000000,0,100402
50146,6503344,6512274,0,0,9999,0,0,0,0,0,0,0,10,0,710000090,0,000000,0,100402
50148,6503360,6512293,0,0,9999,0,0,0,0,0,0,0,10,0,711000143,0,000000,0,100414
50149,6503361,6512293,0,0,9999,0,0,0,0,0,0,0,10,0,710000117,0,000000,0,100414
50150,6503372,6512304,0,6,9999,0,0,0,0,0,0,0,20,0,710000331,0,000000,0,0
50151,6503373,6512305,0,6,9999,0,0,0,0,0,0,0,20,0,710000330,0,000000,0,0
50152,6503380,6512309,0,0,9999,0,0,0,0,0,0,0,10,0,710000319,0,000000,0,100424
50153,6503381,6512309,0,0,9999,0,0,0,0,0,0,0,10,0,711000140,0,000000,0,100424
50154,6503471,6512212,0,0,9999,0,0,0,0,0,0,0,10,0,710000332,0,000000,0,100351
50155,6502449,6512338,0,0,9999,0,0,0,0,0,0,0,10,0,710000320,0,000000,0,100443
50156,6503466,6512338,0,0,9999,0,0,0,0,0,0,0,10,0,711000154,0,000000,0,100443
50157,6503467,6512338,0,0,9999,0,0,0,0,0,0,0,10,0,711000155,0,000000,0,100443
50158,6503487,6512352,0,0,9999,0,0,0,0,0,0,0,10,0,710000324,0,000000,0,100464
50159,6503488,6512352,0,0,9999,0,0,0,0,0,0,0,10,0,711000141,0,000000,0,100464
50160,6503056,6512363,0,0,9999,0,0,0,0,0,0,0,10,0,710000336,0,000000,0,200731
50161,6503057,6512364,0,0,9999,0,0,0,0,0,0,0,10,0,710000337,0,000000,0,200731
50162,6503494,6512365,0,0,9999,0,0,0,0,0,0,0,10,0,710000338,0,000000,0,200731
50163,6503495,6512366,0,0,9999,0,0,0,0,0,0,0,10,0,710000339,0,000000,0,200731
50164,6503060,6512059,0,0,9999,0,0,0,0,0,0,0,10,0,710000340,0,000000,0,200731
50165,6503061,6512367,0,0,9999,0,0,0,0,0,0,0,10,0,710000341,0,000000,0,200731
50166,6503496,6512368,0,0,9999,0,0,0,0,0,0,0,10,0,710000342,0,000000,0,200731
50167,6503497,6512369,0,0,9999,0,0,0,0,0,0,0,10,0,710000343,0,000000,0,200731
50168,6503064,6512370,0,0,9999,0,0,0,0,0,0,0,10,0,710000365,0,000000,0,200731
50169,6503065,6512371,0,0,9999,0,0,0,0,0,0,0,10,0,710000344,0,000000,0,200741
50170,6503066,6512372,0,0,9999,0,0,0,0,0,0,0,10,0,710000345,0,000000,0,200741
50171,6503498,6512373,0,0,9999,0,0,0,0,0,0,0,10,0,710000346,0,000000,0,200741
50172,6503499,6512374,0,0,9999,0,0,0,0,0,0,0,10,0,710000347,0,000000,0,200741
50173,6503069,6512059,0,0,9999,0,0,0,0,0,0,0,10,0,710000348,0,000000,0,200741
50174,6503070,6512375,0,0,9999,0,0,0,0,0,0,0,10,0,710000349,0,000000,0,200741
50175,6503500,6512376,0,0,9999,0,0,0,0,0,0,0,10,0,710000350,0,000000,0,200741
50176,6503501,6512377,0,0,9999,0,0,0,0,0,0,0,10,0,710000351,0,000000,0,200741
50177,6503073,6512378,0,0,9999,0,0,0,0,0,0,0,10,0,710000366,0,000000,0,200741
50178,6503511,6512388,0,0,9999,0,0,0,0,0,0,0,10,0,710000326,0,000000,0,100493
50179,6503512,6512388,0,0,9999,0,0,0,0,0,0,0,10,0,710000325,0,000000,0,100493
50180,6503513,6512388,0,0,9999,0,0,0,0,0,0,0,10,0,710000327,0,000000,0,100493
50181,6503517,6512389,0,0,9999,0,0,0,0,0,0,0,10000,0,710000361,0,000000,0,0
50182,6503518,6512390,0,0,9999,0,0,0,0,0,0,0,10000,0,710000362,0,000000,0,0
50183,6503538,6512406,0,0,9999,0,0,0,0,0,0,0,10,0,710000070,0,000000,0,200751
50184,6503540,6512408,0,0,9999,0,0,0,0,0,0,0,10,0,710000075,0,000000,0,200751
50185,6503558,6512421,0,0,9999,0,0,0,0,0,0,0,10,0,711000140,0,000000,0,100504
50186,6503559,6512421,0,0,9999,0,0,0,0,0,0,0,10,0,710000353,0,000000,0,100504
50187,6503573,6512432,0,0,9999,0,0,0,0,0,0,0,10,0,711000142,0,000000,0,100514
50188,6503574,6512432,0,0,9999,0,0,0,0,0,0,0,10,0,710000354,0,000000,0,100514
50189,6503577,6512435,0,0,9999,0,0,0,0,0,0,0,10,0,710000370,0,000000,0,200791
50190,6503586,6512444,0,0,9999,0,0,0,0,0,0,0,10,0,710000371,0,000000,0,200792
50191,6503587,6512445,0,0,9999,0,0,0,0,0,0,0,10,0,710000372,0,000000,0,200792
50192,6503588,6512446,0,0,9999,0,0,0,0,0,0,0,10,0,710000373,0,000000,0,200792
50193,6503589,6512447,0,0,9999,0,0,0,0,0,0,0,10,0,710000374,0,000000,0,200792
50194,6503590,6512448,0,0,9999,0,0,0,0,0,0,0,10,0,710000375,0,000000,0,200792
50195,6503596,6512453,0,0,9999,0,0,0,0,0,0,0,10,0,711000141,0,000000,0,100524
50196,6503597,6512453,0,0,9999,0,0,0,0,0,0,0,10,0,710000376,0,000000,0,100523
50197,6503676,6512483,0,0,9999,0,0,0,0,0,0,0,10,0,711000143,0,000000,0,100534
50198,6503677,6512483,0,0,9999,0,0,0,0,0,0,0,10,0,710000377,0,000000,0,100534
50199,6503687,6512495,0,0,9999,0,0,0,0,0,0,0,10,0,711000140,0,000000,0,100544
50200,6503688,6512495,0,0,9999,0,0,0,0,0,0,0,10,0,710000378,0,000000,0,100543
50201,6503728,6512530,0,0,9999,0,0,0,0,0,0,0,10000,0,710000420,0,000000,0,0
50202,6503729,6512531,0,0,9999,0,0,0,0,0,0,0,10000,0,710000421,0,000000,0,0
50203,6503739,6512541,0,0,9999,0,0,0,0,0,0,0,10,0,710000385,0,000000,0,100553
50204,6503741,6512541,0,0,9999,0,0,0,0,0,0,0,10,0,711000154,0,000000,0,100553
50205,6503742,6512541,0,0,9999,0,0,0,0,0,0,0,10,0,711000155,0,000000,0,100553
50206,6503056,6512543,0,0,9999,0,0,0,0,0,0,0,10,0,710000393,0,000000,0,200921
50207,6503066,6512544,0,0,9999,0,0,0,0,0,0,0,10,0,710000397,0,000000,0,200921
50208,6503499,6512545,0,0,9999,0,0,0,0,0,0,0,10,0,710000398,0,000000,0,200921
50209,6503068,6512546,0,0,9999,0,0,0,0,0,0,0,10,0,710000399,0,000000,0,200921
50210,6503060,6512059,0,0,9999,0,0,0,0,0,0,0,10,0,710000394,0,000000,0,200921
50211,6503070,6512547,0,0,9999,0,0,0,0,0,0,0,10,0,710000400,0,000000,0,200921
50212,6503501,6512548,0,0,9999,0,0,0,0,0,0,0,10,0,710000401,0,000000,0,200921
50213,6503072,6512549,0,0,9999,0,0,0,0,0,0,0,10,0,710000402,0,000000,0,200921
50214,6503064,6512550,0,0,9999,0,0,0,0,0,0,0,10,0,710000409,0,000000,0,200921
50215,6503065,6512551,0,0,9999,0,0,0,0,0,0,0,10,0,710000395,0,000000,0,200931
50216,6503058,6512552,0,0,9999,0,0,0,0,0,0,0,10,0,710000403,0,000000,0,200931
50217,6503495,6512553,0,0,9999,0,0,0,0,0,0,0,10,0,710000404,0,000000,0,200931
50218,6503743,6512554,0,0,9999,0,0,0,0,0,0,0,10,0,710000405,0,000000,0,200931
50219,6503069,6512059,0,0,9999,0,0,0,0,0,0,0,10,0,710000396,0,000000,0,200931
50220,6503062,6512555,0,0,9999,0,0,0,0,0,0,0,10,0,710000406,0,000000,0,200931
50221,6503497,6512556,0,0,9999,0,0,0,0,0,0,0,10,0,710000407,0,000000,0,200931
50222,6503744,6512557,0,0,9999,0,0,0,0,0,0,0,10,0,710000408,0,000000,0,200931
50223,6503073,6512558,0,0,9999,0,0,0,0,0,0,0,10,0,710000410,0,000000,0,200931
50224,6503761,6512573,0,0,9999,0,0,0,0,0,0,0,10,0,711000160,0,000000,0,0
50225,6503762,6512573,0,0,9999,0,0,0,0,0,0,0,10,0,711000159,0,000000,0,0
50226,6503763,6512574,0,0,9999,0,0,0,0,0,0,0,10,0,710000070,0,000000,0,200961
50227,6503779,6512588,0,0,9999,0,0,0,0,0,0,0,10,0,710000075,0,000000,0,200961
50228,6503802,6512609,0,0,9999,0,0,0,0,0,0,0,10,0,711000142,0,000000,0,100564
50229,6503808,6512609,0,0,9999,0,0,0,0,0,0,0,10,0,710000386,0,000000,0,100564
50230,6503814,6512622,0,0,9999,0,0,0,0,0,0,0,10,0,710000418,0,000000,0,100573
50231,6503817,6512622,0,0,9999,0,0,0,0,0,0,0,10,0,711000141,0,000000,0,100574
50232,6503818,6512625,0,0,9999,0,0,0,0,0,0,0,1225,0,710000169,0,000000,0,0
50233,6503866,6512640,0,0,9999,0,0,0,0,0,0,0,10,0,710000454,0,000000,0,201052
50234,6503849,6512654,0,0,9999,0,0,0,0,0,0,0,10,0,711000143,0,000000,0,100584
50235,6503850,6512654,0,0,9999,0,0,0,0,0,0,0,10,0,710000419,0,000000,0,100584
50236,6503874,6512675,0,0,9999,0,0,0,0,0,0,0,10,0,711000140,0,000000,0,100594
50237,6503875,6512675,0,0,9999,0,0,0,0,0,0,0,10,0,710000435,0,000000,0,100593
50238,6503947,6512694,0,0,9999,0,0,0,0,0,0,0,10,0,711000142,0,000000,0,100604
50239,6503948,6512694,0,0,9999,0,0,0,0,0,0,0,10,0,710000436,0,000000,0,100603
50240,6503980,6512728,0,0,9999,0,0,0,0,0,0,0,10000,0,710000479,0,000000,0,0
50241,6503981,6512729,0,0,9999,0,0,0,0,0,0,0,10000,0,710000480,0,000000,0,0
50242,6503982,6512730,0,0,9999,0,0,0,0,0,0,0,10,0,710000515,0,000000,0,100613
50243,6503983,6512730,0,0,9999,0,0,0,0,0,0,0,10,0,710000514,0,000000,0,100613
50244,6503984,6512730,0,0,9999,0,0,0,0,0,0,0,10,0,710000507,0,000000,0,100613
50245,6503992,6512739,0,0,9999,0,0,0,0,0,0,0,10,0,710000070,0,000000,0,201121
50246,6503993,6512740,0,0,9999,0,0,0,0,0,0,0,10,0,710000075,0,000000,0,201121
50247,6503056,6512752,0,0,9999,0,0,0,0,0,0,0,10,0,710000485,0,000000,0,0
50248,6503057,6512753,0,0,9999,0,0,0,0,0,0,0,10,0,710000489,0,000000,0,0
50249,6503059,6512754,0,0,9999,0,0,0,0,0,0,0,10,0,710000490,0,000000,0,0
50250,6503997,6512755,0,0,9999,0,0,0,0,0,0,0,10,0,710000491,0,000000,0,0
50251,6503060,6512059,0,0,9999,0,0,0,0,0,0,0,10,0,710000486,0,000000,0,0
50252,6503061,6512756,0,0,9999,0,0,0,0,0,0,0,10,0,710000492,0,000000,0,0
50253,6503063,6512757,0,0,9999,0,0,0,0,0,0,0,10,0,710000493,0,000000,0,0
50254,6503998,6512758,0,0,9999,0,0,0,0,0,0,0,10,0,710000494,0,000000,0,0
50255,6503064,6512759,0,0,9999,0,0,0,0,0,0,0,10,0,710000501,0,000000,0,0
50256,6503065,6512744,0,0,9999,0,0,0,0,0,0,0,10,0,710000487,0,000000,0,0
50257,6503066,6512745,0,0,9999,0,0,0,0,0,0,0,10,0,710000495,0,000000,0,0
50258,6503058,6512746,0,0,9999,0,0,0,0,0,0,0,10,0,710000496,0,000000,0,0
50259,6503068,6512747,0,0,9999,0,0,0,0,0,0,0,10,0,710000497,0,000000,0,0
50260,6503069,6512059,0,0,9999,0,0,0,0,0,0,0,10,0,710000488,0,000000,0,0
50261,6503070,6512748,0,0,9999,0,0,0,0,0,0,0,10,0,710000498,0,000000,0,0
50262,6503062,6512749,0,0,9999,0,0,0,0,0,0,0,10,0,710000499,0,000000,0,0
50263,6503072,6512750,0,0,9999,0,0,0,0,0,0,0,10,0,710000500,0,000000,0,0
50264,6503073,6512751,0,0,9999,0,0,0,0,0,0,0,10,0,710000502,0,000000,0,0
50265,6504012,6512775,0,0,9999,0,0,0,0,0,0,0,10,0,711000141,0,000000,0,100624
50266,6504013,6512775,0,0,9999,0,0,0,0,0,0,0,10,0,710000481,0,000000,0,100624
50267,6504028,6512803,0,0,9999,0,0,0,0,0,0,0,10,0,710000541,0,000000,0,0
50268,6504029,6512804,0,0,9999,0,0,0,0,0,0,0,10,0,710000542,0,000000,0,0
50269,6504041,6512795,0,0,9999,0,0,0,0,0,0,0,10,0,711000143,0,000000,0,100634
50270,6504042,6512795,0,0,9999,0,0,0,0,0,0,0,10,0,710000482,0,000000,0,100633
50271,6504065,6512817,0,0,9999,0,0,0,0,0,0,0,10,0,711000140,0,000000,0,100644
50272,6504066,6512817,0,0,9999,0,0,0,0,0,0,0,10,0,710000536,0,000000,0,100644
50273,6504080,6512847,0,0,9999,0,0,0,0,0,0,0,10,0,711000142,0,000000,0,100654
50274,6504081,6512847,0,0,9999,0,0,0,0,0,0,0,10,0,710000537,0,000000,0,100653
50275,6504151,6512875,0,0,9999,0,0,0,0,0,0,0,10,0,710000582,0,000000,0,0
50276,6504152,6512876,0,0,9999,0,0,0,0,0,0,0,10,0,710000583,0,000000,0,0
50277,6504153,6512877,0,0,9999,0,0,0,0,0,0,0,10,0,710000584,0,000000,0,0
50278,6504154,6512878,0,0,9999,0,0,0,0,0,0,0,10,0,710000591,0,000000,0,0
50279,6504155,6512879,0,0,9999,0,0,0,0,0,0,0,10,0,710000592,0,000000,0,0
50280,6504156,6512880,0,0,9999,0,0,0,0,0,0,0,10,0,710000593,0,000000,0,0
50281,6504157,6512887,0,0,9999,0,0,0,0,0,0,0,10,0,710000585,0,000000,0,0
50282,6504158,6512888,0,0,9999,0,0,0,0,0,0,0,10,0,710000586,0,000000,0,0
50283,6504159,6512889,0,0,9999,0,0,0,0,0,0,0,10,0,710000587,0,000000,0,0
50284,6504160,6512890,0,0,9999,0,0,0,0,0,0,0,10,0,710000594,0,000000,0,0
50285,6504161,6512891,0,0,9999,0,0,0,0,0,0,0,10,0,710000595,0,000000,0,0
50286,6504162,6512892,0,0,9999,0,0,0,0,0,0,0,10,0,710000596,0,000000,0,0
50287,6504163,6512873,0,0,9999,0,0,0,0,0,0,0,10,0,710000579,0,000000,0,0
50288,6504164,6512874,0,0,9999,0,0,0,0,0,0,0,10,0,710000588,0,000000,0,0
50289,6504165,6512873,0,0,9999,0,0,0,0,0,0,0,10,0,710000580,0,000000,0,0
50290,6504166,6512874,0,0,9999,0,0,0,0,0,0,0,10,0,710000589,0,000000,0,0
50291,6504176,6512871,0,0,9999,0,0,0,0,0,0,0,10,0,710000581,0,000000,0,0
50292,6504177,6512872,0,0,9999,0,0,0,0,0,0,0,10,0,710000590,0,000000,0,0
50293,6504178,6512897,0,0,9999,0,0,0,0,0,0,0,10,0,711000154,0,000000,0,100673
50294,6504179,6512897,0,0,9999,0,0,0,0,0,0,0,10,0,711000155,0,000000,0,100673
50295,6504180,6512897,0,0,9999,0,0,0,0,0,0,0,10,0,710000543,0,000000,0,100673
50296,6504187,6512905,0,0,9999,0,0,0,0,0,0,0,10000,0,710000575,0,000000,0,0
50297,6504188,6512906,0,0,9999,0,0,0,0,0,0,0,10000,0,710000576,0,000000,0,0
50298,6504199,6512911,0,0,9999,0,0,0,0,0,0,0,10,0,711000141,0,000000,0,100684
50299,6504200,6512911,0,0,9999,0,0,0,0,0,0,0,10,0,710000553,0,000000,0,100684
50300,6504226,6512937,0,0,9999,0,0,0,0,0,0,0,10,0,710000070,0,000000,0,201331
50301,6504205,6512917,0,0,9999,0,0,0,0,0,0,0,10,0,710000075,0,000001,0,201331
50302,6504230,6512938,0,0,9999,0,0,0,0,0,0,0,10,0,711000143,0,000000,0,100694
50303,6504232,6512938,0,0,9999,0,0,0,0,0,0,0,10,0,710000563,0,000000,0,100693
50304,6504251,6512960,0,0,9999,0,0,0,0,0,0,0,10,0,711000140,0,000000,0,100704
50305,6504252,6512960,0,0,9999,0,0,0,0,0,0,0,10,0,710000605,0,000000,0,100703
50306,6504269,6512973,0,0,9999,0,0,0,0,0,0,0,10,0,711000142,0,000000,0,100714
50307,6504270,6512973,0,0,9999,0,0,0,0,0,0,0,10,0,710000625,0,000000,0,100713
50308,6504351,6513000,0,0,9999,0,0,0,0,0,0,0,10,0,711000143,0,000000,0,100724
50309,6504352,6513000,0,0,9999,0,0,0,0,0,0,0,10,0,710000626,0,000000,0,100723
50310,6504378,6513032,0,0,9999,0,0,0,0,0,0,0,10,0,710000653,0,000000,0,0
50311,6504379,6513033,0,0,9999,0,0,0,0,0,0,0,10,0,710000655,0,000000,0,0
50312,6504380,6513034,0,0,9999,0,0,0,0,0,0,0,10,0,710000654,0,000000,0,0
50313,6504381,6513035,0,0,9999,0,0,0,0,0,0,0,10,0,710000662,0,000000,0,0
50314,6504382,6513036,0,0,9999,0,0,0,0,0,0,0,10,0,710000663,0,000000,0,0
50315,6504383,6513037,0,0,9999,0,0,0,0,0,0,0,10,0,710000664,0,000000,0,0
50316,6504384,6513038,0,0,9999,0,0,0,0,0,0,0,10,0,710000656,0,000000,0,0
50317,6504385,6513039,0,0,9999,0,0,0,0,0,0,0,10,0,710000658,0,000000,0,0
50318,6504386,6513040,0,0,9999,0,0,0,0,0,0,0,10,0,710000657,0,000000,0,0
50319,6504387,6513041,0,0,9999,0,0,0,0,0,0,0,10,0,710000665,0,000000,0,0
50320,6504388,6513042,0,0,9999,0,0,0,0,0,0,0,10,0,710000666,0,000000,0,0
50321,6504389,6513043,0,0,9999,0,0,0,0,0,0,0,10,0,710000667,0,000000,0,0
50322,6504390,6513046,0,0,9999,0,0,0,0,0,0,0,10,0,710000650,0,000000,0,0
50323,6504391,6513047,0,0,9999,0,0,0,0,0,0,0,10,0,710000659,0,000000,0,0
50324,6504392,6513046,0,0,9999,0,0,0,0,0,0,0,10,0,710000651,0,000000,0,0
50325,6504393,6513047,0,0,9999,0,0,0,0,0,0,0,10,0,710000660,0,000000,0,0
50326,6504394,6513044,0,0,9999,0,0,0,0,0,0,0,10,0,710000652,0,000000,0,0
50327,6504395,6513045,0,0,9999,0,0,0,0,0,0,0,10,0,710000661,0,000000,0,0
50328,6504397,6513050,0,0,9999,0,0,0,0,0,0,0,10,0,710000676,0,000000,0,100733
50329,6504398,6513050,0,0,9999,0,0,0,0,0,0,0,10,0,710000675,0,000000,0,100733
50330,6504399,6513050,0,0,9999,0,0,0,0,0,0,0,10,0,710000627,0,000000,0,100733
50331,6504408,6513055,0,0,9999,0,0,0,0,0,0,0,10,0,710000070,0,000000,0,201471
50332,6504412,6513059,0,0,9999,0,0,0,0,0,0,0,10,0,710000075,0,000000,0,201471
50333,6503488,6513069,0,0,9999,0,0,0,0,0,0,0,10,0,711000141,0,000000,0,100744
50334,6504426,6513069,0,0,9999,0,0,0,0,0,0,0,10,0,710000643,0,000000,0,100743
50335,6504447,6513090,0,0,9999,0,0,0,0,0,0,0,10000,0,710000691,0,000000,0,0
50336,6504448,6513091,0,0,9999,0,0,0,0,0,0,0,10000,0,710000692,0,000000,0,0
50337,6504456,6513095,0,0,9999,0,0,0,0,0,0,0,10,0,711000142,0,000000,0,100754
50338,6504457,6513095,0,0,9999,0,0,0,0,0,0,0,10,0,710000644,0,000000,0,100753
50339,6504465,6513102,0,0,9999,0,0,0,0,0,0,0,10,0,711000140,0,000000,0,100764
50340,6504445,6513102,0,0,9999,0,0,0,0,0,0,0,10,0,710000680,0,000000,0,100763
50341,6504492,6513129,0,0,9999,0,0,0,0,0,0,0,10,0,711000143,0,000000,0,100774
50342,6504493,6513129,0,0,9999,0,0,0,0,0,0,0,10,0,710000694,0,000000,0,100773
50343,6504548,6513132,0,0,9999,0,0,0,0,0,0,0,10,0,711000141,0,000000,0,100784
50344,6504549,6513132,0,0,9999,0,0,0,0,0,0,0,10,0,710000699,0,000000,0,100783
50345,6504557,6513141,0,0,9999,0,0,0,0,0,0,0,10000,0,710000747,0,000000,0,0
50346,6504558,6513142,0,0,9999,0,0,0,0,0,0,0,10000,0,710000748,0,000000,0,0
50347,6504619,6513148,0,0,9999,0,0,0,0,0,0,0,10,0,710000716,0,000000,0,100793
50348,6504620,6513148,0,0,9999,0,0,0,0,0,0,0,10,0,710000715,0,000000,0,100793
50349,6504621,6513148,0,0,9999,0,0,0,0,0,0,0,10,0,710000719,0,000000,0,100793
50350,6504639,6513164,0,6,9999,0,0,0,0,0,0,0,20,0,710000749,0,000000,0,0
50351,6504640,6513165,0,0,9999,0,0,0,0,0,0,0,10,0,710000726,0,000000,0,0
50352,6504641,6513166,0,0,9999,0,0,0,0,0,0,0,10,0,710000727,0,000000,0,0
50353,6504642,6513167,0,0,9999,0,0,0,0,0,0,0,10,0,710000728,0,000000,0,0
50354,6504643,6513168,0,0,9999,0,0,0,0,0,0,0,10,0,710000735,0,000000,0,0
50355,6504644,6513169,0,0,9999,0,0,0,0,0,0,0,10,0,710000737,0,000000,0,0
50356,6504645,6513170,0,0,9999,0,0,0,0,0,0,0,10,0,710000736,0,000000,0,0
50357,6504646,6513171,0,0,9999,0,0,0,0,0,0,0,10,0,710000729,0,000000,0,0
50358,6504647,6513172,0,0,9999,0,0,0,0,0,0,0,10,0,710000730,0,000000,0,0
50359,6504648,6513173,0,0,9999,0,0,0,0,0,0,0,10,0,710000731,0,000000,0,0
50360,6504649,6513174,0,0,9999,0,0,0,0,0,0,0,10,0,710000738,0,000000,0,0
50361,6504650,6513175,0,0,9999,0,0,0,0,0,0,0,10,0,710000740,0,000000,0,0
50362,6504651,6513176,0,0,9999,0,0,0,0,0,0,0,10,0,710000739,0,000000,0,0
50363,6504652,6513177,0,0,9999,0,0,0,0,0,0,0,10,0,710000723,0,000000,0,0
50364,6504653,6513178,0,0,9999,0,0,0,0,0,0,0,10,0,710000732,0,000000,0,0
50365,6504654,6513177,0,0,9999,0,0,0,0,0,0,0,10,0,710000724,0,000000,0,0
50366,6504655,6513178,0,0,9999,0,0,0,0,0,0,0,10,0,710000733,0,000000,0,0
50367,6504656,6513181,0,0,9999,0,0,0,0,0,0,0,10,0,710000725,0,000000,0,0
50368,6504657,6513182,0,0,9999,0,0,0,0,0,0,0,10,0,710000734,0,000000,0,0
50369,6504664,6513193,0,0,9999,0,0,0,0,0,0,0,10,0,710000070,0,000000,0,201621
50370,6504668,6513197,0,0,9999,0,0,0,0,0,0,0,10,0,710000075,0,000000,0,201621
50371,6504680,6513206,0,0,9999,0,0,0,0,0,0,0,10,0,711000143,0,000000,0,100804
50372,6504681,6513206,0,0,9999,0,0,0,0,0,0,0,10,0,710000713,0,000000,0,100803
50373,6504711,6512625,0,0,9999,0,0,0,0,0,0,0,1225,0,710000169,0,000000,0,0
50374,6504712,6513234,0,0,9999,0,0,0,0,0,0,0,10,0,710000768,0,000000,0,201681
50375,6504714,6513235,0,0,9999,0,0,0,0,0,0,0,10,0,711000140,0,000000,0,100814
50376,6504715,6513235,0,0,9999,0,0,0,0,0,0,0,10,0,710000714,0,000000,0,100813
50377,6504720,6513238,0,0,9999,0,0,0,0,0,0,0,10,0,710000773,0,000000,0,0
50378,6504721,6513239,0,0,9999,0,0,0,0,0,0,0,10,0,710000774,0,000000,0,0
50379,6504722,6513240,0,0,9999,0,0,0,0,0,0,0,10,0,710000775,0,000000,0,0
50380,6504723,6513241,0,0,9999,0,0,0,0,0,0,0,10,0,710000776,0,000000,0,0
50381,6504724,6513242,0,0,9999,0,0,0,0,0,0,0,10,0,710000777,0,000000,0,0
50382,6504725,6513243,0,0,9999,0,0,0,0,0,0,0,10,0,710000778,0,000000,0,0
50383,6504726,6513244,0,0,9999,0,0,0,0,0,0,0,10,0,710000779,0,000000,0,0
50384,6504727,6513245,0,0,9999,0,0,0,0,0,0,0,10,0,710000780,0,000000,0,0
50385,6504728,6513246,0,0,9999,0,0,0,0,0,0,0,10,0,710000781,0,000000,0,0
50386,6504729,6513247,0,0,9999,0,0,0,0,0,0,0,10,0,710000782,0,000000,0,0
50387,6504730,6513248,0,0,9999,0,0,0,0,0,0,0,10,0,710000783,0,000000,0,0
50388,6504731,6513249,0,0,9999,0,0,0,0,0,0,0,10,0,710000784,0,000000,0,0
50389,6504732,6513250,0,0,9999,0,0,0,0,0,0,0,10,0,710000771,0,000000,0,0
50390,6504733,6513251,0,0,9999,0,0,0,0,0,0,0,10,0,710000772,0,000000,0,0
50391,6504744,6513263,0,0,9999,0,0,0,0,0,0,0,10,0,711000142,0,000000,0,100824
50392,6504745,6513263,0,0,9999,0,0,0,0,0,0,0,10,0,710000751,0,000000,0,100823
50393,6504754,6513271,0,0,9999,0,0,0,0,0,0,0,10,0,711000141,0,000000,0,100834
50394,6504755,6513271,0,0,9999,0,0,0,0,0,0,0,10,0,710000759,0,000000,0,100833
50395,6504770,6513286,0,6,9999,0,0,0,0,0,0,0,20,0,710000789,0,000000,0,0
50396,6504787,6513305,0,0,9999,0,0,0,0,0,0,0,10,0,711000143,0,000000,0,100844
50397,6504788,6513305,0,0,9999,0,0,0,0,0,0,0,10,0,710000770,0,000000,0,100843
50398,6504804,6513320,0,0,9999,0,0,0,0,0,0,0,10000,0,710000814,0,000000,0,0
50399,6504805,6513321,0,0,9999,0,0,0,0,0,0,0,10000,0,710000815,0,000000,0,0
50400,6504806,6513322,0,0,9999,0,0,0,0,0,0,0,10,0,710000810,0,000000,0,100853
50401,6504807,6513322,0,0,9999,0,0,0,0,0,0,0,10,0,710000811,0,000000,0,100853
50402,6504808,6513322,0,0,9999,0,0,0,0,0,0,0,10,0,710000812,0,000000,0,100853
50403,6504810,6513324,0,0,9999,0,0,0,0,0,0,0,10,0,710000818,0,000000,0,0
50404,6504811,6513325,0,0,9999,0,0,0,0,0,0,0,10,0,710000819,0,000000,0,0
50405,6504812,6513326,0,0,9999,0,0,0,0,0,0,0,10,0,710000820,0,000000,0,0
50406,6504813,6513327,0,0,9999,0,0,0,0,0,0,0,10,0,710000831,0,000000,0,0
50407,6504814,6513328,0,0,9999,0,0,0,0,0,0,0,10,0,710000832,0,000000,0,0
50408,6504815,6513329,0,0,9999,0,0,0,0,0,0,0,10,0,710000833,0,000000,0,0
50409,6504816,6513330,0,0,9999,0,0,0,0,0,0,0,10,0,710000821,0,000000,0,0
50410,6504817,6513331,0,0,9999,0,0,0,0,0,0,0,10,0,710000822,0,000000,0,0
50411,6504818,6513332,0,0,9999,0,0,0,0,0,0,0,10,0,710000823,0,000000,0,0
50412,6504819,6513333,0,0,9999,0,0,0,0,0,0,0,10,0,710000846,0,000000,0,0
50413,6504820,6513334,0,0,9999,0,0,0,0,0,0,0,10,0,710000847,0,000000,0,0
50414,6504821,6513335,0,0,9999,0,0,0,0,0,0,0,10,0,710000848,0,000000,0,0
50415,6504822,6513336,0,0,9999,0,0,0,0,0,0,0,10,0,710000834,0,000000,0,0
50416,6504823,6513337,0,0,9999,0,0,0,0,0,0,0,10,0,710000835,0,000000,0,0
50417,6504824,6513338,0,0,9999,0,0,0,0,0,0,0,10,0,710000836,0,000000,0,0
50418,6504825,6513339,0,0,9999,0,0,0,0,0,0,0,10,0,710000850,0,000000,0,0
50419,6504826,6513340,0,0,9999,0,0,0,0,0,0,0,10,0,710000851,0,000000,0,0
50420,6504827,6513341,0,0,9999,0,0,0,0,0,0,0,10,0,710000852,0,000000,0,0
50421,6504828,6513342,0,0,9999,0,0,0,0,0,0,0,10,0,710000824,0,000000,0,0
50422,6504829,6513343,0,0,9999,0,0,0,0,0,0,0,10,0,710000849,0,000000,0,0
50423,6504830,6513344,0,0,9999,0,0,0,0,0,0,0,10,0,710000837,0,000000,0,0
50424,6504831,6513345,0,0,9999,0,0,0,0,0,0,0,10,0,710000853,0,000000,0,0
50425,6504832,6513346,0,0,9999,0,0,0,0,0,0,0,10,0,710000816,0,000000,0,0
50426,6504833,6513347,0,0,9999,0,0,0,0,0,0,0,10,0,710000829,0,000000,0,0
50427,6504834,6513348,0,0,9999,0,0,0,0,0,0,0,10,0,710000817,0,000000,0,0
50428,6504835,6513349,0,0,9999,0,0,0,0,0,0,0,10,0,710000830,0,000000,0,0
50429,6504837,6513353,0,6,9999,0,0,0,0,0,0,0,20,0,710000827,0,000000,0,0
50430,6504841,6513356,0,0,9999,0,0,0,0,0,0,0,10,0,710000070,0,000000,0,201791
50431,6504842,6513357,0,0,9999,0,0,0,0,0,0,0,10,0,710000075,0,000000,0,201791
50432,6504853,6513368,0,0,9999,0,0,0,0,0,0,0,10,0,711000140,0,000000,0,100864
50433,6502741,6513368,0,0,9999,0,0,0,0,0,0,0,10,0,710000806,0,000000,0,100863
50434,6504855,6513370,0,6,9999,0,0,0,0,0,0,0,20,0,710000858,0,000000,0,0
50435,6504921,6513384,0,0,9999,0,0,0,0,0,0,0,10,0,711000143,0,000000,0,100874
50436,6504922,6513384,0,0,9999,0,0,0,0,0,0,0,10,0,710000807,0,000000,0,100873
50437,6504928,6513390,0,0,9999,0,0,0,0,0,0,0,10,0,711000141,0,000000,0,100884
50438,6504929,6513390,0,0,9999,0,0,0,0,0,0,0,10,0,710000854,0,000000,0,100883
50439,6504949,6513407,0,0,9999,0,0,0,0,0,0,0,10,0,711000143,0,000000,0,100894
50440,6504950,6513407,0,0,9999,0,0,0,0,0,0,0,10,0,710000855,0,000000,0,100893
50441,6504974,6513441,0,0,9999,0,0,0,0,0,0,0,10,0,710000542,0,000000,0,0
50442,6504975,6513442,0,0,9999,0,0,0,0,0,0,0,10,0,710000541,0,000000,0,0
50443,6504979,6513443,0,0,9999,0,0,0,0,0,0,0,10000,0,710000886,0,000000,0,0
50444,6504980,6513444,0,0,9999,0,0,0,0,0,0,0,10000,0,710000887,0,000000,0,0
50445,6504982,6513445,0,0,9999,0,0,0,0,0,0,0,10,0,710000903,0,000000,0,0
50446,6504983,6513446,0,0,9999,0,0,0,0,0,0,0,10,0,710000904,0,000000,0,0
50447,6504984,6513447,0,0,9999,0,0,0,0,0,0,0,10,0,710000923,0,000000,0,0
50448,6504985,6513448,0,0,9999,0,0,0,0,0,0,0,10,0,710000905,0,000000,0,0
50449,6504986,6513449,0,0,9999,0,0,0,0,0,0,0,10,0,710000906,0,000000,0,0
50450,6504987,6513450,0,0,9999,0,0,0,0,0,0,0,10,0,710000924,0,000000,0,0
50451,6504988,6513451,0,0,9999,0,0,0,0,0,0,0,10,0,710000907,0,000000,0,0
50452,6504989,6513452,0,0,9999,0,0,0,0,0,0,0,10,0,710000908,0,000000,0,0
50453,6504990,6513453,0,0,9999,0,0,0,0,0,0,0,10,0,710000925,0,000000,0,0
50454,6504991,6513454,0,0,9999,0,0,0,0,0,0,0,10,0,710000909,0,000000,0,0
50455,6504992,6513455,0,0,9999,0,0,0,0,0,0,0,10,0,710000910,0,000000,0,0
50456,6504993,6513456,0,0,9999,0,0,0,0,0,0,0,10,0,710000901,0,000000,0,0
50457,6504994,6513457,0,0,9999,0,0,0,0,0,0,0,10,0,710000902,0,000000,0,0
50458,6504995,6513467,0,0,9999,0,0,0,0,0,0,0,10,0,710000913,0,000000,0,0
50459,6504996,6513468,0,0,9999,0,0,0,0,0,0,0,10,0,710000914,0,000000,0,0
50460,6504997,6513469,0,0,9999,0,0,0,0,0,0,0,10,0,710000926,0,000000,0,0
50461,6504998,6513470,0,0,9999,0,0,0,0,0,0,0,10,0,710000915,0,000000,0,0
50462,6504999,6513471,0,0,9999,0,0,0,0,0,0,0,10,0,710000916,0,000000,0,0
50463,6505000,6513472,0,0,9999,0,0,0,0,0,0,0,10,0,710000927,0,000000,0,0
50464,6505001,6513473,0,0,9999,0,0,0,0,0,0,0,10,0,710000917,0,000000,0,0
50465,6505002,6513474,0,0,9999,0,0,0,0,0,0,0,10,0,710000918,0,000000,0,0
50466,6505003,6513475,0,0,9999,0,0,0,0,0,0,0,10,0,710000928,0,000000,0,0
50467,6505004,6513476,0,0,9999,0,0,0,0,0,0,0,10,0,710000919,0,000000,0,0
50468,6505005,6513477,0,0,9999,0,0,0,0,0,0,0,10,0,710000920,0,000000,0,0
50469,6505006,6513478,0,0,9999,0,0,0,0,0,0,0,10,0,710000911,0,000000,0,0
50470,6505007,6513479,0,0,9999,0,0,0,0,0,0,0,10,0,710000912,0,000000,0,0
50471,6505010,6513460,0,0,9999,0,0,0,0,0,0,0,10,0,711000154,0,000000,0,100903
50472,6505011,6513460,0,0,9999,0,0,0,0,0,0,0,10,0,711000155,0,000000,0,100903
50473,6505012,6513460,0,0,9999,0,0,0,0,0,0,0,10,0,710000860,0,000000,0,100903
50474,6505037,6513496,0,0,9999,0,0,0,0,0,0,0,10,0,711000140,0,000000,0,100914
50475,6505038,6513496,0,0,9999,0,0,0,0,0,0,0,10,0,710000861,0,000000,0,100913
50476,6505045,6513502,0,0,9999,0,0,0,0,0,0,0,10,0,710000070,0,000000,0,201961
50477,6505046,6513503,0,0,9999,0,0,0,0,0,0,0,10,0,710000075,0,000000,0,201961
50478,6505065,6513517,0,0,9999,0,0,0,0,0,0,0,10,0,711000142,0,000000,0,100924
50479,6505066,6513517,0,0,9999,0,0,0,0,0,0,0,10,0,710000921,0,000000,0,100923
50480,6505086,6513533,0,0,9999,0,0,0,0,0,0,0,10,0,711000141,0,000000,0,100934
50481,6505087,6513533,0,0,9999,0,0,0,0,0,0,0,10,0,710000922,0,000000,0,100933
50482,6505089,6513535,0,0,9999,0,0,0,0,0,0,0,10,0,710000951,0,000000,0,0
50483,6505090,6513536,0,0,9999,0,0,0,0,0,0,0,10,0,710000952,0,000000,0,0
50484,6505091,6513537,0,0,9999,0,0,0,0,0,0,0,10,0,710000953,0,000000,0,0
50485,6505092,6513538,0,0,9999,0,0,0,0,0,0,0,10,0,710000954,0,000000,0,0
50486,6505093,6513539,0,0,9999,0,0,0,0,0,0,0,10,0,710000955,0,000000,0,0
50487,6505094,6513540,0,0,9999,0,0,0,0,0,0,0,10,0,710000956,0,000000,0,0
50488,6505095,6513541,0,0,9999,0,0,0,0,0,0,0,10,0,710000957,0,000000,0,0
50489,6505096,6513542,0,0,9999,0,0,0,0,0,0,0,10,0,710000949,0,000000,0,0
50490,6505097,6513543,0,0,9999,0,0,0,0,0,0,0,10,0,710000950,0,000000,0,0
50491,6505113,6513556,0,0,9999,0,0,0,0,0,0,0,10,0,711000142,0,000000,0,100944
50492,6505114,6513556,0,0,9999,0,0,0,0,0,0,0,10,0,710000936,0,000000,0,100943
50493,6505138,6513575,0,0,9999,0,0,0,0,0,0,0,10,0,711000140,0,000000,0,100954
50494,6505139,6513575,0,0,9999,0,0,0,0,0,0,0,10,0,710000946,0,000000,0,100953
50495,6505152,6513588,0,0,9999,0,0,0,0,0,0,0,10,0,711000142,0,000000,0,100964
50496,6505153,6513588,0,0,9999,0,0,0,0,0,0,0,10,0,710000958,0,000000,0,100963
50497,6505217,6513604,0,0,9999,0,0,0,0,0,0,0,10000,0,710000980,0,000000,0,0
50498,6505218,6513605,0,0,9999,0,0,0,0,0,0,0,10000,0,710000981,0,000000,0,0
50499,6505241,6513624,0,0,9999,0,0,0,0,0,0,0,10,0,710000975,0,000000,0,100973
50500,6505242,6513624,0,0,9999,0,0,0,0,0,0,0,10,0,710000976,0,000000,0,100973
50501,6505243,6513624,0,0,9999,0,0,0,0,0,0,0,10,0,710000977,0,000000,0,100973
50502,6505244,6513625,0,0,9999,0,0,0,0,0,0,0,0,0,710000987,0,000000,0,0
50503,6505245,6513626,0,0,9999,0,0,0,0,0,0,0,0,0,710000988,0,000000,0,0
50504,6505246,6513627,0,0,9999,0,0,0,0,0,0,0,0,0,710000989,0,000000,0,0
50505,6505247,6513628,0,0,9999,0,0,0,0,0,0,0,0,0,710000990,0,000000,0,0
50506,6505248,6513629,0,0,9999,0,0,0,0,0,0,0,0,0,710000991,0,000000,0,0
50507,6505249,6513630,0,0,9999,0,0,0,0,0,0,0,0,0,710000992,0,000000,0,0
50508,6505250,6513631,0,0,9999,0,0,0,0,0,0,0,0,0,710000993,0,000000,0,0
50509,6505251,6513632,0,0,9999,0,0,0,0,0,0,0,0,0,710000994,0,000000,0,0
50510,6505252,6513633,0,0,9999,0,0,0,0,0,0,0,0,0,710000995,0,000000,0,0
50511,6505253,6513634,0,0,9999,0,0,0,0,0,0,0,0,0,710000999,0,000000,0,0
50512,6505254,6513635,0,0,9999,0,0,0,0,0,0,0,0,0,710001000,0,000000,0,0
50513,6505255,6513636,0,0,9999,0,0,0,0,0,0,0,0,0,710001001,0,000000,0,0
50514,6505256,6513637,0,0,9999,0,0,0,0,0,0,0,0,0,710001002,0,000000,0,0
50515,6505257,6513638,0,0,9999,0,0,0,0,0,0,0,0,0,710001003,0,000000,0,0
50516,6505258,6513639,0,0,9999,0,0,0,0,0,0,0,0,0,710001004,0,000000,0,0
50517,6505259,6513640,0,0,9999,0,0,0,0,0,0,0,0,0,710001005,0,000000,0,0
50518,6505260,6513641,0,0,9999,0,0,0,0,0,0,0,0,0,710001006,0,000000,0,0
50519,6505261,6513642,0,0,9999,0,0,0,0,0,0,0,0,0,710001007,0,000000,0,0
50520,6505262,6513643,0,0,9999,0,0,0,0,0,0,0,0,0,710001016,0,000000,0,0
50521,6505263,6513644,0,0,9999,0,0,0,0,0,0,0,0,0,710001017,0,000000,0,0
50522,6505264,6513645,0,0,9999,0,0,0,0,0,0,0,0,0,710001019,0,000000,0,0
50523,6505265,6513646,0,0,9999,0,0,0,0,0,0,0,0,0,710001020,0,000000,0,0
50524,6505266,6513647,0,0,9999,0,0,0,0,0,0,0,0,0,710000985,0,000000,0,0
50525,6505267,6513648,0,0,9999,0,0,0,0,0,0,0,0,0,710000986,0,000000,0,0
50526,6505268,6513649,0,0,9999,0,0,0,0,0,0,0,0,0,710000997,0,000000,0,0
50527,6505269,6513650,0,0,9999,0,0,0,0,0,0,0,0,0,710000998,0,000000,0,0
50528,6505271,6513655,0,0,9999,0,0,0,0,0,0,0,10,0,710000070,0,000000,0,202121
50529,6505272,6513656,0,0,9999,0,0,0,0,0,0,0,10,0,710000075,0,000000,0,202121
50530,6505281,6513658,0,0,9999,0,0,0,0,0,0,0,10,0,711000141,0,000000,0,100984
50531,6505282,6513658,0,0,9999,0,0,0,0,0,0,0,10,0,710000979,0,000000,0,100983
50532,6505311,6513683,0,0,9999,0,0,0,0,0,0,0,10,0,711000143,0,000000,0,100994
50533,6505312,6513683,0,0,9999,0,0,0,0,0,0,0,10,0,710001021,0,000000,0,100993
50534,6505329,6513696,0,0,9999,0,0,0,0,0,0,0,10,0,711000140,0,000000,0,101004
50535,6505330,6513696,0,0,9999,0,0,0,0,0,0,0,10,0,710001009,0,000000,0,101003
50536,6505401,6513715,0,0,9999,0,0,0,0,0,0,0,10,0,711000142,0,000000,0,101014
50537,6505402,6513715,0,0,9999,0,0,0,0,0,0,0,10,0,710001023,0,000000,0,101013
50538,6505414,6513717,0,0,9999,0,0,0,0,0,0,0,10,0,711000141,0,000000,0,101024
50539,6505415,6513717,0,0,9999,0,0,0,0,0,0,0,10,0,710001038,0,000000,0,101023
50540,6505454,6513764,0,0,9999,0,0,0,0,0,0,0,10000,0,710001071,0,000000,0,0
50541,6505455,6513765,0,0,9999,0,0,0,0,0,0,0,10000,0,710001072,0,000000,0,0
50542,6505468,6513777,0,0,9999,0,0,0,0,0,0,0,10,0,710001067,0,000000,0,101033
50543,6505469,6513777,0,0,9999,0,0,0,0,0,0,0,10,0,710001068,0,000000,0,101033
50544,6505470,6513777,0,0,9999,0,0,0,0,0,0,0,10,0,710001039,0,000000,0,101033
50545,6505473,6513779,0,0,9999,0,0,0,0,0,0,0,10,0,710000070,0,000000,0,202241
50546,6505474,6513780,0,0,9999,0,0,0,0,0,0,0,10,0,710000075,0,000000,0,202241
50547,6505509,6513807,0,0,9999,0,0,0,0,0,0,0,10,0,711000143,0,000000,0,101044
50548,6505510,6513807,0,0,9999,0,0,0,0,0,0,0,10,0,710001041,0,000000,0,101043
50549,6505531,6513828,0,0,9999,0,0,0,0,0,0,0,10,0,711000140,0,000000,0,101054
50550,6505532,6513828,0,0,9999,0,0,0,0,0,0,0,10,0,710001075,0,000000,0,101053
50551,6505587,6512625,0,0,9999,0,0,0,0,0,0,0,1225,0,710000169,0,000000,0,0
50552,6505595,6513834,0,0,9999,0,0,0,0,0,0,0,10,0,710001096,0,000000,0,202311
50553,6505596,6513835,0,0,9999,0,0,0,0,0,0,0,10,0,711000143,0,000000,0,101064
50554,6505597,6513835,0,0,9999,0,0,0,0,0,0,0,10,0,710001078,0,000000,0,101063
50555,6505613,6513849,0,0,9999,0,0,0,0,0,0,0,10,0,711000141,0,000000,0,101074
50556,6505614,6513849,0,0,9999,0,0,0,0,0,0,0,10,0,710001086,0,000000,0,101073
50557,6505639,6513860,0,0,9999,0,0,0,0,0,0,0,10,0,711000142,0,000000,0,101084
50558,6501825,6513860,0,0,9999,0,0,0,0,0,0,0,10,0,710001088,0,000000,0,101083
50559,6505659,6513894,0,0,9999,0,0,0,0,0,0,0,10000,0,710001121,0,000000,0,0
50560,6505660,6513895,0,0,9999,0,0,0,0,0,0,0,10000,0,710001122,0,000000,0,0
50561,6505662,6513896,0,0,9999,0,0,0,0,0,0,0,10,0,710001126,0,000000,0,101094
50562,6505663,6513896,0,0,9999,0,0,0,0,0,0,0,10,0,710001127,0,000000,0,101094
50563,6505664,6513896,0,0,9999,0,0,0,0,0,0,0,10,0,710001128,0,000000,0,101094
50564,6505679,6513915,0,0,9999,0,0,0,0,0,0,0,10,0,710000070,0,000000,0,202381
50565,6505680,6513916,0,0,9999,0,0,0,0,0,0,0,10,0,710000075,0,000000,0,202381
50566,6505706,6513940,0,0,9999,0,0,0,0,0,0,0,10,0,711000140,0,000000,0,101104
50567,6505707,6513940,0,0,9999,0,0,0,0,0,0,0,10,0,710001107,0,000000,0,101103
50568,6505769,6513950,0,0,9999,0,0,0,0,0,0,0,10,0,711000143,0,000000,0,101114
50569,6505114,6513950,0,0,9999,0,0,0,0,0,0,0,10,0,710001123,0,000000,0,101113
50570,6505797,6513971,0,0,9999,0,0,0,0,0,0,0,10,0,711000141,0,000000,0,101124
50571,6505798,6513971,0,0,9999,0,0,0,0,0,0,0,10,0,710001139,0,000000,0,101123
50572,6505815,6513993,0,0,9999,0,0,0,0,0,0,0,10,0,711000142,0,000000,0,101134
50573,6505816,6513993,0,0,9999,0,0,0,0,0,0,0,10,0,710001140,0,000000,0,101133
50574,6505826,6514008,0,0,9999,0,0,0,0,0,0,0,10,0,710001172,0,000000,0,0
50575,6505853,6514036,0,0,9999,0,0,0,0,0,0,0,10,0,710000070,0,000000,0,202501
50576,6505854,6514037,0,0,9999,0,0,0,0,0,0,0,10,0,710000075,0,000000,0,202501
50577,6505846,6514032,0,0,9999,0,0,0,0,0,0,0,10,0,711000154,0,000000,0,101144
50578,6505847,6514032,0,0,9999,0,0,0,0,0,0,0,10,0,711000155,0,000000,0,101144
50579,6505848,6514032,0,0,9999,0,0,0,0,0,0,0,10,0,710001148,0,000000,0,101144
50580,6505879,6514059,0,0,9999,0,0,0,0,0,0,0,10,0,711000143,0,000000,0,101154
50581,6505880,6514059,0,0,9999,0,0,0,0,0,0,0,10,0,710001150,0,000000,0,101153
50582,6505893,6514068,0,0,9999,0,0,0,0,0,0,0,10,0,711000140,0,000000,0,101164
50583,6505894,6514068,0,0,9999,0,0,0,0,0,0,0,10,0,710001177,0,000000,0,101163
50584,6505919,6514092,0,0,9999,0,0,0,0,0,0,0,10,0,711000142,0,000000,0,101174
50585,6505920,6514092,0,0,9999,0,0,0,0,0,0,0,10,0,710001179,0,000000,0,101173
50586,6505986,6514105,0,0,9999,0,0,0,0,0,0,0,10,0,711000141,0,000000,0,101184
50587,6505987,6514105,0,0,9999,0,0,0,0,0,0,0,10,0,710001183,0,000000,0,101183
50588,6506002,6514122,0,0,9999,0,0,0,0,0,0,0,10,0,711000154,0,000000,0,101194
50589,6506003,6514122,0,0,9999,0,0,0,0,0,0,0,10,0,711000155,0,000000,0,101194
50590,6506004,6514122,0,0,9999,0,0,0,0,0,0,0,10,0,710001202,0,000000,0,101194
50591,6506021,6514141,0,0,9999,0,0,0,0,0,0,0,10,0,710000070,0,000000,0,202601
50592,6506022,6514142,0,0,9999,0,0,0,0,0,0,0,10,0,710000075,0,000000,0,202601
50593,6506098,6514162,0,0,9999,0,0,0,0,0,0,0,10,0,711000143,0,000000,0,101204
50594,6506099,6514162,0,0,9999,0,0,0,0,0,0,0,10,0,710001203,0,000000,0,101203
