job_skill_id,lv,job_skill_lv_group_id,passive_skill_id,active_skill_id
101,1,101,10100001,0
101,2,102,10100002,0
101,3,103,10100003,0
101,4,104,10100004,0
101,5,105,10100005,0
101,6,106,10100006,0
101,7,107,10100007,0
101,8,108,10100008,0
101,9,109,10100009,0
101,10,110,10100010,0
102,1,101,10100001,0
102,2,102,10100002,0
102,3,103,10100003,0
102,4,104,10100004,0
102,5,105,10100005,0
102,6,106,10100006,0
102,7,107,10100007,0
102,8,108,10100008,0
102,9,109,10100009,0
102,10,110,10100010,0
103,1,101,10100001,0
103,2,102,10100002,0
103,3,103,10100003,0
103,4,104,10100004,0
103,5,105,10100005,0
103,6,106,10100006,0
103,7,107,10100007,0
103,8,108,10100008,0
103,9,109,10100009,0
103,10,110,10100010,0
104,1,101,10100001,0
104,2,102,10100002,0
104,3,103,10100003,0
104,4,104,10100004,0
104,5,105,10100005,0
104,6,106,10100006,0
104,7,107,10100007,0
104,8,108,10100008,0
104,9,109,10100009,0
104,10,110,10100010,0
105,1,101,10100001,0
105,2,102,10100002,0
105,3,103,10100003,0
105,4,104,10100004,0
105,5,105,10100005,0
105,6,106,10100006,0
105,7,107,10100007,0
105,8,108,10100008,0
105,9,109,10100009,0
105,10,110,10100010,0
106,1,201,10100001,0
106,2,202,10100002,0
106,3,203,10100003,0
106,4,204,10100004,0
106,5,205,10100005,0
106,6,206,10100006,0
106,7,207,10100007,0
106,8,208,10100008,0
106,9,209,10100009,0
106,10,210,10100010,0
107,1,201,10100001,0
107,2,202,10100002,0
107,3,203,10100003,0
107,4,204,10100004,0
107,5,205,10100005,0
107,6,206,10100006,0
107,7,207,10100007,0
107,8,208,10100008,0
107,9,209,10100009,0
107,10,210,10100010,0
108,1,301,10100001,0
108,2,302,10100002,0
108,3,303,10100003,0
108,4,304,10100004,0
108,5,305,10100005,0
108,6,306,10100006,0
108,7,307,10100007,0
108,8,308,10100008,0
108,9,309,10100009,0
108,10,310,10100010,0
109,1,101,10100011,0
109,2,102,10100012,0
109,3,103,10100013,0
109,4,104,10100014,0
109,5,105,10100015,0
109,6,106,10100016,0
109,7,107,10100017,0
109,8,108,10100018,0
109,9,109,10100019,0
109,10,110,10100020,0
110,1,201,10100011,0
110,2,202,10100012,0
110,3,203,10100013,0
110,4,204,10100014,0
110,5,205,10100015,0
110,6,206,10100016,0
110,7,207,10100017,0
110,8,208,10100018,0
110,9,209,10100019,0
110,10,210,10100020,0
111,1,201,10100011,0
111,2,202,10100012,0
111,3,203,10100013,0
111,4,204,10100014,0
111,5,205,10100015,0
111,6,206,10100016,0
111,7,207,10100017,0
111,8,208,10100018,0
111,9,209,10100019,0
111,10,210,10100020,0
112,1,301,10100011,0
112,2,302,10100012,0
112,3,303,10100013,0
112,4,304,10100014,0
112,5,305,10100015,0
112,6,306,10100016,0
112,7,307,10100017,0
112,8,308,10100018,0
112,9,309,10100019,0
112,10,310,10100020,0
113,1,301,10100011,0
113,2,302,10100012,0
113,3,303,10100013,0
113,4,304,10100014,0
113,5,305,10100015,0
113,6,306,10100016,0
113,7,307,10100017,0
113,8,308,10100018,0
113,9,309,10100019,0
113,10,310,10100020,0
114,1,101,10100021,0
114,2,102,10100022,0
114,3,103,10100023,0
114,4,104,10100024,0
114,5,105,10100025,0
114,6,106,10100026,0
114,7,107,10100027,0
114,8,108,10100028,0
114,9,109,10100029,0
114,10,110,10100030,0
115,1,301,10100021,0
115,2,302,10100022,0
115,3,303,10100023,0
115,4,304,10100024,0
115,5,305,10100025,0
115,6,306,10100026,0
115,7,307,10100027,0
115,8,308,10100028,0
115,9,309,10100029,0
115,10,310,10100030,0
116,1,101,10100031,0
116,2,102,10100032,0
116,3,103,10100033,0
116,4,104,10100034,0
116,5,105,10100035,0
116,6,106,10100036,0
116,7,107,10100037,0
116,8,108,10100038,0
116,9,109,10100039,0
116,10,110,10100040,0
117,1,101,10100031,0
117,2,102,10100032,0
117,3,103,10100033,0
117,4,104,10100034,0
117,5,105,10100035,0
117,6,106,10100036,0
117,7,107,10100037,0
117,8,108,10100038,0
117,9,109,10100039,0
117,10,110,10100040,0
118,1,101,10100031,0
118,2,102,10100032,0
118,3,103,10100033,0
118,4,104,10100034,0
118,5,105,10100035,0
118,6,106,10100036,0
118,7,107,10100037,0
118,8,108,10100038,0
118,9,109,10100039,0
118,10,110,10100040,0
119,1,201,10100031,0
119,2,202,10100032,0
119,3,203,10100033,0
119,4,204,10100034,0
119,5,205,10100035,0
119,6,206,10100036,0
119,7,207,10100037,0
119,8,208,10100038,0
119,9,209,10100039,0
119,10,210,10100040,0
120,1,101,10100031,0
120,2,102,10100032,0
120,3,103,10100033,0
120,4,104,10100034,0
120,5,105,10100035,0
120,6,106,10100036,0
120,7,107,10100037,0
120,8,108,10100038,0
120,9,109,10100039,0
120,10,110,10100040,0
121,1,101,10100031,0
121,2,102,10100032,0
121,3,103,10100033,0
121,4,104,10100034,0
121,5,105,10100035,0
121,6,106,10100036,0
121,7,107,10100037,0
121,8,108,10100038,0
121,9,109,10100039,0
121,10,110,10100040,0
122,1,201,10100041,0
122,2,202,10100042,0
122,3,203,10100043,0
122,4,204,10100044,0
122,5,205,10100045,0
122,6,206,10100046,0
122,7,207,10100047,0
122,8,208,10100048,0
122,9,209,10100049,0
122,10,210,10100050,0
123,1,201,10100041,0
123,2,202,10100042,0
123,3,203,10100043,0
123,4,204,10100044,0
123,5,205,10100045,0
123,6,206,10100046,0
123,7,207,10100047,0
123,8,208,10100048,0
123,9,209,10100049,0
123,10,210,10100050,0
124,1,301,10100051,0
124,2,302,10100052,0
124,3,303,10100053,0
124,4,304,10100054,0
124,5,305,10100055,0
124,6,306,10100056,0
124,7,307,10100057,0
124,8,308,10100058,0
124,9,309,10100059,0
124,10,310,10100060,0
125,1,301,10100051,0
125,2,302,10100052,0
125,3,303,10100053,0
125,4,304,10100054,0
125,5,305,10100055,0
125,6,306,10100056,0
125,7,307,10100057,0
125,8,308,10100058,0
125,9,309,10100059,0
125,10,310,10100060,0
126,1,101,10100061,0
126,2,102,10100062,0
126,3,103,10100063,0
126,4,104,10100064,0
126,5,105,10100065,0
126,6,106,10100066,0
126,7,107,10100067,0
126,8,108,10100068,0
126,9,109,10100069,0
126,10,110,10100070,0
127,1,101,10100061,0
127,2,102,10100062,0
127,3,103,10100063,0
127,4,104,10100064,0
127,5,105,10100065,0
127,6,106,10100066,0
127,7,107,10100067,0
127,8,108,10100068,0
127,9,109,10100069,0
127,10,110,10100070,0
128,1,201,10100061,0
128,2,202,10100062,0
128,3,203,10100063,0
128,4,204,10100064,0
128,5,205,10100065,0
128,6,206,10100066,0
128,7,207,10100067,0
128,8,208,10100068,0
128,9,209,10100069,0
128,10,210,10100070,0
129,1,301,10100071,0
129,2,302,10100072,0
129,3,303,10100073,0
129,4,304,10100074,0
129,5,305,10100075,0
129,6,306,10100076,0
129,7,307,10100077,0
129,8,308,10100078,0
129,9,309,10100079,0
129,10,310,10100080,0
130,1,201,10100081,0
130,2,202,10100082,0
130,3,203,10100083,0
130,4,204,10100084,0
130,5,205,10100085,0
130,6,206,10100086,0
130,7,207,10100087,0
130,8,208,10100088,0
130,9,209,10100089,0
130,10,210,10100090,0
131,1,101,10100091,0
131,2,102,10100092,0
131,3,103,10100093,0
131,4,104,10100094,0
131,5,105,10100095,0
131,6,106,10100096,0
131,7,107,10100097,0
131,8,108,10100098,0
131,9,109,10100099,0
131,10,110,10100100,0
132,1,101,10100091,0
132,2,102,10100092,0
132,3,103,10100093,0
132,4,104,10100094,0
132,5,105,10100095,0
132,6,106,10100096,0
132,7,107,10100097,0
132,8,108,10100098,0
132,9,109,10100099,0
132,10,110,10100100,0
133,1,201,10100091,0
133,2,202,10100092,0
133,3,203,10100093,0
133,4,204,10100094,0
133,5,205,10100095,0
133,6,206,10100096,0
133,7,207,10100097,0
133,8,208,10100098,0
133,9,209,10100099,0
133,10,210,10100100,0
134,1,101,10100101,0
134,2,102,10100102,0
134,3,103,10100103,0
134,4,104,10100104,0
134,5,105,10100105,0
134,6,106,10100106,0
134,7,107,10100107,0
134,8,108,10100108,0
134,9,109,10100109,0
134,10,110,10100110,0
135,1,301,10100111,0
135,2,302,10100112,0
135,3,303,10100113,0
135,4,304,10100114,0
135,5,305,10100115,0
135,6,306,10100116,0
135,7,307,10100117,0
135,8,308,10100118,0
135,9,309,10100119,0
135,10,310,10100120,0
136,1,201,10100121,0
136,2,202,10100122,0
136,3,203,10100123,0
136,4,204,10100124,0
136,5,205,10100125,0
136,6,206,10100126,0
136,7,207,10100127,0
136,8,208,10100128,0
136,9,209,10100129,0
136,10,210,10100130,0
137,1,201,10100121,0
137,2,202,10100122,0
137,3,203,10100123,0
137,4,204,10100124,0
137,5,205,10100125,0
137,6,206,10100126,0
137,7,207,10100127,0
137,8,208,10100128,0
137,9,209,10100129,0
137,10,210,10100130,0
138,1,201,10100131,0
138,2,202,10100132,0
138,3,203,10100133,0
138,4,204,10100134,0
138,5,205,10100135,0
138,6,206,10100136,0
138,7,207,10100137,0
138,8,208,10100138,0
138,9,209,10100139,0
138,10,210,10100140,0
139,1,201,10100131,0
139,2,202,10100132,0
139,3,203,10100133,0
139,4,204,10100134,0
139,5,205,10100135,0
139,6,206,10100136,0
139,7,207,10100137,0
139,8,208,10100138,0
139,9,209,10100139,0
139,10,210,10100140,0
140,1,201,10100141,0
140,2,202,10100142,0
140,3,203,10100143,0
140,4,204,10100144,0
140,5,205,10100145,0
140,6,206,10100146,0
140,7,207,10100147,0
140,8,208,10100148,0
140,9,209,10100149,0
140,10,210,10100150,0
141,1,101,10100151,0
141,2,102,10100152,0
141,3,103,10100153,0
141,4,104,10100154,0
141,5,105,10100155,0
141,6,106,10100156,0
141,7,107,10100157,0
141,8,108,10100158,0
141,9,109,10100159,0
141,10,110,10100160,0
142,1,201,10100151,0
142,2,202,10100152,0
142,3,203,10100153,0
142,4,204,10100154,0
142,5,205,10100155,0
142,6,206,10100156,0
142,7,207,10100157,0
142,8,208,10100158,0
142,9,209,10100159,0
142,10,210,10100160,0
143,1,301,10100161,0
143,2,302,10100162,0
143,3,303,10100163,0
143,4,304,10100164,0
143,5,305,10100165,0
143,6,306,10100166,0
143,7,307,10100167,0
143,8,308,10100168,0
143,9,309,10100169,0
143,10,310,10100170,0
144,1,101,10100161,0
144,2,102,10100162,0
144,3,103,10100163,0
144,4,104,10100164,0
144,5,105,10100165,0
144,6,106,10100166,0
144,7,107,10100167,0
144,8,108,10100168,0
144,9,109,10100169,0
144,10,110,10100170,0
145,1,301,10100171,0
145,2,302,10100172,0
145,3,303,10100173,0
145,4,304,10100174,0
145,5,305,10100175,0
145,6,306,10100176,0
145,7,307,10100177,0
145,8,308,10100178,0
145,9,309,10100179,0
145,10,310,10100180,0
146,1,100,910000001,0
147,1,301,910000004,0
147,2,302,910000005,0
147,3,303,910000006,0
147,4,304,910000007,0
147,5,305,910000008,0
147,6,306,910000009,0
147,7,307,910000010,0
147,8,308,910000011,0
147,9,309,910000012,0
147,10,310,910000013,0
148,1,301,910000014,0
148,2,302,910000015,0
148,3,303,910000016,0
148,4,304,910000017,0
148,5,305,910000018,0
148,6,306,910000019,0
148,7,307,910000020,0
148,8,308,910000021,0
148,9,309,910000022,0
148,10,310,910000023,0
149,1,100,910000002,0
150,1,100,910000003,0
151,1,301,10100021,0
151,2,302,10100022,0
151,3,303,10100023,0
151,4,304,10100024,0
151,5,305,10100025,0
151,6,306,10100026,0
151,7,307,10100027,0
151,8,308,10100028,0
151,9,309,10100029,0
151,10,310,10100030,0
152,1,301,10100021,0
152,2,302,10100022,0
152,3,303,10100023,0
152,4,304,10100024,0
152,5,305,10100025,0
152,6,306,10100026,0
152,7,307,10100027,0
152,8,308,10100028,0
152,9,309,10100029,0
152,10,310,10100030,0
153,1,301,10100111,0
153,2,302,10100112,0
153,3,303,10100113,0
153,4,304,10100114,0
153,5,305,10100115,0
153,6,306,10100116,0
153,7,307,10100117,0
153,8,308,10100118,0
153,9,309,10100119,0
153,10,310,10100120,0
154,1,301,10100111,0
154,2,302,10100112,0
154,3,303,10100113,0
154,4,304,10100114,0
154,5,305,10100115,0
154,6,306,10100116,0
154,7,307,10100117,0
154,8,308,10100118,0
154,9,309,10100119,0
154,10,310,10100120,0
155,1,301,10100051,0
155,2,302,10100052,0
155,3,303,10100053,0
155,4,304,10100054,0
155,5,305,10100055,0
155,6,306,10100056,0
155,7,307,10100057,0
155,8,308,10100058,0
155,9,309,10100059,0
155,10,310,10100060,0
156,1,301,10100051,0
156,2,302,10100052,0
156,3,303,10100053,0
156,4,304,10100054,0
156,5,305,10100055,0
156,6,306,10100056,0
156,7,307,10100057,0
156,8,308,10100058,0
156,9,309,10100059,0
156,10,310,10100060,0
157,1,401,10100204,0
157,2,402,10100205,0
157,3,403,10100206,0
157,4,404,10100207,0
157,5,405,10100208,0
157,6,406,10100209,0
157,7,407,10100210,0
157,8,408,10100211,0
157,9,409,10100212,0
157,10,410,10100213,0
158,1,401,10100204,0
158,2,402,10100205,0
158,3,403,10100206,0
158,4,404,10100207,0
158,5,405,10100208,0
158,6,406,10100209,0
158,7,407,10100210,0
158,8,408,10100211,0
158,9,409,10100212,0
158,10,410,10100213,0
159,1,401,10100214,0
159,2,402,10100215,0
159,3,403,10100216,0
159,4,404,10100217,0
159,5,405,10100218,0
159,6,406,10100219,0
159,7,407,10100220,0
159,8,408,10100221,0
159,9,409,10100222,0
159,10,410,10100223,0
160,1,301,10100021,0
160,2,302,10100022,0
160,3,303,10100023,0
160,4,304,10100024,0
160,5,305,10100025,0
160,6,306,10100026,0
160,7,307,10100027,0
160,8,308,10100028,0
160,9,309,10100029,0
160,10,310,10100030,0
161,1,301,10100021,0
161,2,302,10100022,0
161,3,303,10100023,0
161,4,304,10100024,0
161,5,305,10100025,0
161,6,306,10100026,0
161,7,307,10100027,0
161,8,308,10100028,0
161,9,309,10100029,0
161,10,310,10100030,0
162,1,301,10100021,0
162,2,302,10100022,0
162,3,303,10100023,0
162,4,304,10100024,0
162,5,305,10100025,0
162,6,306,10100026,0
162,7,307,10100027,0
162,8,308,10100028,0
162,9,309,10100029,0
162,10,310,10100030,0
163,1,301,10100021,0
163,2,302,10100022,0
163,3,303,10100023,0
163,4,304,10100024,0
163,5,305,10100025,0
163,6,306,10100026,0
163,7,307,10100027,0
163,8,308,10100028,0
163,9,309,10100029,0
163,10,310,10100030,0
164,1,301,10100111,0
164,2,302,10100112,0
164,3,303,10100113,0
164,4,304,10100114,0
164,5,305,10100115,0
164,6,306,10100116,0
164,7,307,10100117,0
164,8,308,10100118,0
164,9,309,10100119,0
164,10,310,10100120,0
165,1,301,10100111,0
165,2,302,10100112,0
165,3,303,10100113,0
165,4,304,10100114,0
165,5,305,10100115,0
165,6,306,10100116,0
165,7,307,10100117,0
165,8,308,10100118,0
165,9,309,10100119,0
165,10,310,10100120,0
166,1,301,10100111,0
166,2,302,10100112,0
166,3,303,10100113,0
166,4,304,10100114,0
166,5,305,10100115,0
166,6,306,10100116,0
166,7,307,10100117,0
166,8,308,10100118,0
166,9,309,10100119,0
166,10,310,10100120,0
167,1,301,10100111,0
167,2,302,10100112,0
167,3,303,10100113,0
167,4,304,10100114,0
167,5,305,10100115,0
167,6,306,10100116,0
167,7,307,10100117,0
167,8,308,10100118,0
167,9,309,10100119,0
167,10,310,10100120,0
168,1,301,10100051,0
168,2,302,10100052,0
168,3,303,10100053,0
168,4,304,10100054,0
168,5,305,10100055,0
168,6,306,10100056,0
168,7,307,10100057,0
168,8,308,10100058,0
168,9,309,10100059,0
168,10,310,10100060,0
169,1,301,10100051,0
169,2,302,10100052,0
169,3,303,10100053,0
169,4,304,10100054,0
169,5,305,10100055,0
169,6,306,10100056,0
169,7,307,10100057,0
169,8,308,10100058,0
169,9,309,10100059,0
169,10,310,10100060,0
170,1,301,10100051,0
170,2,302,10100052,0
170,3,303,10100053,0
170,4,304,10100054,0
170,5,305,10100055,0
170,6,306,10100056,0
170,7,307,10100057,0
170,8,308,10100058,0
170,9,309,10100059,0
170,10,310,10100060,0
171,1,301,10100051,0
171,2,302,10100052,0
171,3,303,10100053,0
171,4,304,10100054,0
171,5,305,10100055,0
171,6,306,10100056,0
171,7,307,10100057,0
171,8,308,10100058,0
171,9,309,10100059,0
171,10,310,10100060,0
172,1,301,910000093,0
172,2,302,910000094,0
172,3,303,910000095,0
172,4,304,910000096,0
172,5,305,910000097,0
172,6,306,910000098,0
172,7,307,910000099,0
172,8,308,910000100,0
172,9,309,910000101,0
172,10,310,910000102,0
173,1,301,910000093,0
173,2,302,910000094,0
173,3,303,910000095,0
173,4,304,910000096,0
173,5,305,910000097,0
173,6,306,910000098,0
173,7,307,910000099,0
173,8,308,910000100,0
173,9,309,910000101,0
173,10,310,910000102,0
174,1,301,910000093,0
174,2,302,910000094,0
174,3,303,910000095,0
174,4,304,910000096,0
174,5,305,910000097,0
174,6,306,910000098,0
174,7,307,910000099,0
174,8,308,910000100,0
174,9,309,910000101,0
174,10,310,910000102,0
175,1,301,910000103,0
175,2,302,910000104,0
175,3,303,910000105,0
175,4,304,910000106,0
175,5,305,910000107,0
175,6,306,910000108,0
175,7,307,910000109,0
175,8,308,910000110,0
175,9,309,910000111,0
175,10,310,910000112,0
176,1,301,910000103,0
176,2,302,910000104,0
176,3,303,910000105,0
176,4,304,910000106,0
176,5,305,910000107,0
176,6,306,910000108,0
176,7,307,910000109,0
176,8,308,910000110,0
176,9,309,910000111,0
176,10,310,910000112,0
177,1,301,910000103,0
177,2,302,910000104,0
177,3,303,910000105,0
177,4,304,910000106,0
177,5,305,910000107,0
177,6,306,910000108,0
177,7,307,910000109,0
177,8,308,910000110,0
177,9,309,910000111,0
177,10,310,910000112,0
178,1,401,10100224,0
178,2,402,10100225,0
178,3,403,10100226,0
178,4,404,10100227,0
178,5,405,10100228,0
178,6,406,10100229,0
178,7,407,10100230,0
178,8,408,10100231,0
178,9,409,10100232,0
178,10,410,10100233,0
179,1,401,10100224,0
179,2,402,10100225,0
179,3,403,10100226,0
179,4,404,10100227,0
179,5,405,10100228,0
179,6,406,10100229,0
179,7,407,10100230,0
179,8,408,10100231,0
179,9,409,10100232,0
179,10,410,10100233,0
180,1,401,10100234,0
180,2,402,10100235,0
180,3,403,10100236,0
180,4,404,10100237,0
180,5,405,10100238,0
180,6,406,10100239,0
180,7,407,10100240,0
180,8,408,10100241,0
180,9,409,10100242,0
180,10,410,10100243,0
181,1,301,10100021,0
181,2,302,10100022,0
181,3,303,10100023,0
181,4,304,10100024,0
181,5,305,10100025,0
181,6,306,10100026,0
181,7,307,10100027,0
181,8,308,10100028,0
181,9,309,10100029,0
181,10,310,10100030,0
182,1,301,10100021,0
182,2,302,10100022,0
182,3,303,10100023,0
182,4,304,10100024,0
182,5,305,10100025,0
182,6,306,10100026,0
182,7,307,10100027,0
182,8,308,10100028,0
182,9,309,10100029,0
182,10,310,10100030,0
183,1,201,10100071,0
183,2,202,10100072,0
183,3,203,10100073,0
183,4,204,10100074,0
183,5,205,10100075,0
183,6,206,10100076,0
183,7,207,10100077,0
183,8,208,10100078,0
183,9,209,10100079,0
183,10,210,10100080,0
184,1,301,10100081,0
184,2,302,10100082,0
184,3,303,10100083,0
184,4,304,10100084,0
184,5,305,10100085,0
184,6,306,10100086,0
184,7,307,10100087,0
184,8,308,10100088,0
184,9,309,10100089,0
184,10,310,10100090,0
185,1,201,10100101,0
185,2,202,10100102,0
185,3,203,10100103,0
185,4,204,10100104,0
185,5,205,10100105,0
185,6,206,10100106,0
185,7,207,10100107,0
185,8,208,10100108,0
185,9,209,10100109,0
185,10,210,10100110,0
186,1,301,10100111,0
186,2,302,10100112,0
186,3,303,10100113,0
186,4,304,10100114,0
186,5,305,10100115,0
186,6,306,10100116,0
186,7,307,10100117,0
186,8,308,10100118,0
186,9,309,10100119,0
186,10,310,10100120,0
187,1,301,910000093,0
187,2,302,910000094,0
187,3,303,910000095,0
187,4,304,910000096,0
187,5,305,910000097,0
187,6,306,910000098,0
187,7,307,910000099,0
187,8,308,910000100,0
187,9,309,910000101,0
187,10,310,910000102,0
188,1,301,910000093,0
188,2,302,910000094,0
188,3,303,910000095,0
188,4,304,910000096,0
188,5,305,910000097,0
188,6,306,910000098,0
188,7,307,910000099,0
188,8,308,910000100,0
188,9,309,910000101,0
188,10,310,910000102,0
189,1,301,910000103,0
189,2,302,910000104,0
189,3,303,910000105,0
189,4,304,910000106,0
189,5,305,910000107,0
189,6,306,910000108,0
189,7,307,910000109,0
189,8,308,910000110,0
189,9,309,910000111,0
189,10,310,910000112,0
190,1,401,10100234,0
190,2,402,10100235,0
190,3,403,10100236,0
190,4,404,10100237,0
190,5,405,10100238,0
190,6,406,10100239,0
190,7,407,10100240,0
190,8,408,10100241,0
190,9,409,10100242,0
190,10,410,10100243,0
191,1,401,10100264,0
191,2,402,10100265,0
191,3,403,10100266,0
191,4,404,10100267,0
191,5,405,10100268,0
191,6,406,10100269,0
191,7,407,10100270,0
191,8,408,10100271,0
191,9,409,10100272,0
191,10,410,10100273,0
192,1,401,10100274,0
192,2,402,10100275,0
192,3,403,10100276,0
192,4,404,10100277,0
192,5,405,10100278,0
192,6,406,10100279,0
192,7,407,10100280,0
192,8,408,10100281,0
192,9,409,10100282,0
192,10,410,10100283,0
193,1,301,10100021,0
193,2,302,10100022,0
193,3,303,10100023,0
193,4,304,10100024,0
193,5,305,10100025,0
193,6,306,10100026,0
193,7,307,10100027,0
193,8,308,10100028,0
193,9,309,10100029,0
193,10,310,10100030,0
194,1,301,10100021,0
194,2,302,10100022,0
194,3,303,10100023,0
194,4,304,10100024,0
194,5,305,10100025,0
194,6,306,10100026,0
194,7,307,10100027,0
194,8,308,10100028,0
194,9,309,10100029,0
194,10,310,10100030,0
195,1,301,10100081,0
195,2,302,10100082,0
195,3,303,10100083,0
195,4,304,10100084,0
195,5,305,10100085,0
195,6,306,10100086,0
195,7,307,10100087,0
195,8,308,10100088,0
195,9,309,10100089,0
195,10,310,10100090,0
196,1,301,10100081,0
196,2,302,10100082,0
196,3,303,10100083,0
196,4,304,10100084,0
196,5,305,10100085,0
196,6,306,10100086,0
196,7,307,10100087,0
196,8,308,10100088,0
196,9,309,10100089,0
196,10,310,10100090,0
197,1,301,10100111,0
197,2,302,10100112,0
197,3,303,10100113,0
197,4,304,10100114,0
197,5,305,10100115,0
197,6,306,10100116,0
197,7,307,10100117,0
197,8,308,10100118,0
197,9,309,10100119,0
197,10,310,10100120,0
198,1,301,10100111,0
198,2,302,10100112,0
198,3,303,10100113,0
198,4,304,10100114,0
198,5,305,10100115,0
198,6,306,10100116,0
198,7,307,10100117,0
198,8,308,10100118,0
198,9,309,10100119,0
198,10,310,10100120,0
199,1,301,910000093,0
199,2,302,910000094,0
199,3,303,910000095,0
199,4,304,910000096,0
199,5,305,910000097,0
199,6,306,910000098,0
199,7,307,910000099,0
199,8,308,910000100,0
199,9,309,910000101,0
199,10,310,910000102,0
201,1,101,10200001,0
201,2,102,10200002,0
201,3,103,10200003,0
201,4,104,10200004,0
201,5,105,10200005,0
201,6,106,10200006,0
201,7,107,10200007,0
201,8,108,10200008,0
201,9,109,10200009,0
201,10,110,10200010,0
202,1,101,10200001,0
202,2,102,10200002,0
202,3,103,10200003,0
202,4,104,10200004,0
202,5,105,10200005,0
202,6,106,10200006,0
202,7,107,10200007,0
202,8,108,10200008,0
202,9,109,10200009,0
202,10,110,10200010,0
203,1,101,10200001,0
203,2,102,10200002,0
203,3,103,10200003,0
203,4,104,10200004,0
203,5,105,10200005,0
203,6,106,10200006,0
203,7,107,10200007,0
203,8,108,10200008,0
203,9,109,10200009,0
203,10,110,10200010,0
204,1,201,10200001,0
204,2,202,10200002,0
204,3,203,10200003,0
204,4,204,10200004,0
204,5,205,10200005,0
204,6,206,10200006,0
204,7,207,10200007,0
204,8,208,10200008,0
204,9,209,10200009,0
204,10,210,10200010,0
205,1,201,10200001,0
205,2,202,10200002,0
205,3,203,10200003,0
205,4,204,10200004,0
205,5,205,10200005,0
205,6,206,10200006,0
205,7,207,10200007,0
205,8,208,10200008,0
205,9,209,10200009,0
205,10,210,10200010,0
206,1,201,10200001,0
206,2,202,10200002,0
206,3,203,10200003,0
206,4,204,10200004,0
206,5,205,10200005,0
206,6,206,10200006,0
206,7,207,10200007,0
206,8,208,10200008,0
206,9,209,10200009,0
206,10,210,10200010,0
207,1,301,10200001,0
207,2,302,10200002,0
207,3,303,10200003,0
207,4,304,10200004,0
207,5,305,10200005,0
207,6,306,10200006,0
207,7,307,10200007,0
207,8,308,10200008,0
207,9,309,10200009,0
207,10,310,10200010,0
208,1,201,10200001,0
208,2,202,10200002,0
208,3,203,10200003,0
208,4,204,10200004,0
208,5,205,10200005,0
208,6,206,10200006,0
208,7,207,10200007,0
208,8,208,10200008,0
208,9,209,10200009,0
208,10,210,10200010,0
209,1,101,10200011,0
209,2,102,10200012,0
209,3,103,10200013,0
209,4,104,10200014,0
209,5,105,10200015,0
209,6,106,10200016,0
209,7,107,10200017,0
209,8,108,10200018,0
209,9,109,10200019,0
209,10,110,10200020,0
210,1,201,10200011,0
210,2,202,10200012,0
210,3,203,10200013,0
210,4,204,10200014,0
210,5,205,10200015,0
210,6,206,10200016,0
210,7,207,10200017,0
210,8,208,10200018,0
210,9,209,10200019,0
210,10,210,10200020,0
211,1,101,10200011,0
211,2,102,10200012,0
211,3,103,10200013,0
211,4,104,10200014,0
211,5,105,10200015,0
211,6,106,10200016,0
211,7,107,10200017,0
211,8,108,10200018,0
211,9,109,10200019,0
211,10,110,10200020,0
212,1,201,10200011,0
212,2,202,10200012,0
212,3,203,10200013,0
212,4,204,10200014,0
212,5,205,10200015,0
212,6,206,10200016,0
212,7,207,10200017,0
212,8,208,10200018,0
212,9,209,10200019,0
212,10,210,10200020,0
213,1,101,10200011,0
213,2,102,10200012,0
213,3,103,10200013,0
213,4,104,10200014,0
213,5,105,10200015,0
213,6,106,10200016,0
213,7,107,10200017,0
213,8,108,10200018,0
213,9,109,10200019,0
213,10,110,10200020,0
214,1,301,10200021,0
214,2,302,10200022,0
214,3,303,10200023,0
214,4,304,10200024,0
214,5,305,10200025,0
214,6,306,10200026,0
214,7,307,10200027,0
214,8,308,10200028,0
214,9,309,10200029,0
214,10,310,10200030,0
215,1,301,10200021,0
215,2,302,10200022,0
215,3,303,10200023,0
215,4,304,10200024,0
215,5,305,10200025,0
215,6,306,10200026,0
215,7,307,10200027,0
215,8,308,10200028,0
215,9,309,10200029,0
215,10,310,10200030,0
216,1,101,10200031,0
216,2,102,10200032,0
216,3,103,10200033,0
216,4,104,10200034,0
216,5,105,10200035,0
216,6,106,10200036,0
216,7,107,10200037,0
216,8,108,10200038,0
216,9,109,10200039,0
216,10,110,10200040,0
217,1,101,10200031,0
217,2,102,10200032,0
217,3,103,10200033,0
217,4,104,10200034,0
217,5,105,10200035,0
217,6,106,10200036,0
217,7,107,10200037,0
217,8,108,10200038,0
217,9,109,10200039,0
217,10,110,10200040,0
218,1,101,10200031,0
218,2,102,10200032,0
218,3,103,10200033,0
218,4,104,10200034,0
218,5,105,10200035,0
218,6,106,10200036,0
218,7,107,10200037,0
218,8,108,10200038,0
218,9,109,10200039,0
218,10,110,10200040,0
219,1,301,10200031,0
219,2,302,10200032,0
219,3,303,10200033,0
219,4,304,10200034,0
219,5,305,10200035,0
219,6,306,10200036,0
219,7,307,10200037,0
219,8,308,10200038,0
219,9,309,10200039,0
219,10,310,10200040,0
220,1,201,10200031,0
220,2,202,10200032,0
220,3,203,10200033,0
220,4,204,10200034,0
220,5,205,10200035,0
220,6,206,10200036,0
220,7,207,10200037,0
220,8,208,10200038,0
220,9,209,10200039,0
220,10,210,10200040,0
221,1,301,10200031,0
221,2,302,10200032,0
221,3,303,10200033,0
221,4,304,10200034,0
221,5,305,10200035,0
221,6,306,10200036,0
221,7,307,10200037,0
221,8,308,10200038,0
221,9,309,10200039,0
221,10,310,10200040,0
222,1,201,10200041,0
222,2,202,10200042,0
222,3,203,10200043,0
222,4,204,10200044,0
222,5,205,10200045,0
222,6,206,10200046,0
222,7,207,10200047,0
222,8,208,10200048,0
222,9,209,10200049,0
222,10,210,10200050,0
223,1,101,10200041,0
223,2,102,10200042,0
223,3,103,10200043,0
223,4,104,10200044,0
223,5,105,10200045,0
223,6,106,10200046,0
223,7,107,10200047,0
223,8,108,10200048,0
223,9,109,10200049,0
223,10,110,10200050,0
224,1,201,10200051,0
224,2,202,10200052,0
224,3,203,10200053,0
224,4,204,10200054,0
224,5,205,10200055,0
224,6,206,10200056,0
224,7,207,10200057,0
224,8,208,10200058,0
224,9,209,10200059,0
224,10,210,10200060,0
225,1,301,10200051,0
225,2,302,10200052,0
225,3,303,10200053,0
225,4,304,10200054,0
225,5,305,10200055,0
225,6,306,10200056,0
225,7,307,10200057,0
225,8,308,10200058,0
225,9,309,10200059,0
225,10,310,10200060,0
226,1,101,10200061,0
226,2,102,10200062,0
226,3,103,10200063,0
226,4,104,10200064,0
226,5,105,10200065,0
226,6,106,10200066,0
226,7,107,10200067,0
226,8,108,10200068,0
226,9,109,10200069,0
226,10,110,10200070,0
227,1,101,10200061,0
227,2,102,10200062,0
227,3,103,10200063,0
227,4,104,10200064,0
227,5,105,10200065,0
227,6,106,10200066,0
227,7,107,10200067,0
227,8,108,10200068,0
227,9,109,10200069,0
227,10,110,10200070,0
228,1,101,10200061,0
228,2,102,10200062,0
228,3,103,10200063,0
228,4,104,10200064,0
228,5,105,10200065,0
228,6,106,10200066,0
228,7,107,10200067,0
228,8,108,10200068,0
228,9,109,10200069,0
228,10,110,10200070,0
229,1,101,10200071,0
229,2,102,10200072,0
229,3,103,10200073,0
229,4,104,10200074,0
229,5,105,10200075,0
229,6,106,10200076,0
229,7,107,10200077,0
229,8,108,10200078,0
229,9,109,10200079,0
229,10,110,10200080,0
230,1,301,10100101,0
230,2,302,10100102,0
230,3,303,10100103,0
230,4,304,10100104,0
230,5,305,10100105,0
230,6,306,10100106,0
230,7,307,10100107,0
230,8,308,10100108,0
230,9,309,10100109,0
230,10,310,10100110,0
231,1,101,10200091,0
231,2,102,10200092,0
231,3,103,10200093,0
231,4,104,10200094,0
231,5,105,10200095,0
231,6,106,10200096,0
231,7,107,10200097,0
231,8,108,10200098,0
231,9,109,10200099,0
231,10,110,10200100,0
232,1,201,10200091,0
232,2,202,10200092,0
232,3,203,10200093,0
232,4,204,10200094,0
232,5,205,10200095,0
232,6,206,10200096,0
232,7,207,10200097,0
232,8,208,10200098,0
232,9,209,10200099,0
232,10,210,10200100,0
233,1,201,10200091,0
233,2,202,10200092,0
233,3,203,10200093,0
233,4,204,10200094,0
233,5,205,10200095,0
233,6,206,10200096,0
233,7,207,10200097,0
233,8,208,10200098,0
233,9,209,10200099,0
233,10,210,10200100,0
234,1,201,10200101,0
234,2,202,10200102,0
234,3,203,10200103,0
234,4,204,10200104,0
234,5,205,10200105,0
234,6,206,10200106,0
234,7,207,10200107,0
234,8,208,10200108,0
234,9,209,10200109,0
234,10,210,10200110,0
235,1,301,10200111,0
235,2,302,10200112,0
235,3,303,10200113,0
235,4,304,10200114,0
235,5,305,10200115,0
235,6,306,10200116,0
235,7,307,10200117,0
235,8,308,10200118,0
235,9,309,10200119,0
235,10,310,10200120,0
236,1,201,10200121,0
236,2,202,10200122,0
236,3,203,10200123,0
236,4,204,10200124,0
236,5,205,10200125,0
236,6,206,10200126,0
236,7,207,10200127,0
236,8,208,10200128,0
236,9,209,10200129,0
236,10,210,10200130,0
237,1,101,10200121,0
237,2,102,10200122,0
237,3,103,10200123,0
237,4,104,10200124,0
237,5,105,10200125,0
237,6,106,10200126,0
237,7,107,10200127,0
237,8,108,10200128,0
237,9,109,10200129,0
237,10,110,10200130,0
238,1,101,10200131,0
238,2,102,10200132,0
238,3,103,10200133,0
238,4,104,10200134,0
238,5,105,10200135,0
238,6,106,10200136,0
238,7,107,10200137,0
238,8,108,10200138,0
238,9,109,10200139,0
238,10,110,10200140,0
239,1,201,10200131,0
239,2,202,10200132,0
239,3,203,10200133,0
239,4,204,10200134,0
239,5,205,10200135,0
239,6,206,10200136,0
239,7,207,10200137,0
239,8,208,10200138,0
239,9,209,10200139,0
239,10,210,10200140,0
240,1,301,10200141,0
240,2,302,10200142,0
240,3,303,10200143,0
240,4,304,10200144,0
240,5,305,10200145,0
240,6,306,10200146,0
240,7,307,10200147,0
240,8,308,10200148,0
240,9,309,10200149,0
240,10,310,10200150,0
241,1,101,10200151,0
241,2,102,10200152,0
241,3,103,10200153,0
241,4,104,10200154,0
241,5,105,10200155,0
241,6,106,10200156,0
241,7,107,10200157,0
241,8,108,10200158,0
241,9,109,10200159,0
241,10,110,10200160,0
242,1,101,10200151,0
242,2,102,10200152,0
242,3,103,10200153,0
242,4,104,10200154,0
242,5,105,10200155,0
242,6,106,10200156,0
242,7,107,10200157,0
242,8,108,10200158,0
242,9,109,10200159,0
242,10,110,10200160,0
243,1,201,10200161,0
243,2,202,10200162,0
243,3,203,10200163,0
243,4,204,10200164,0
243,5,205,10200165,0
243,6,206,10200166,0
243,7,207,10200167,0
243,8,208,10200168,0
243,9,209,10200169,0
243,10,210,10200170,0
244,1,201,10200161,0
244,2,202,10200162,0
244,3,203,10200163,0
244,4,204,10200164,0
244,5,205,10200165,0
244,6,206,10200166,0
244,7,207,10200167,0
244,8,208,10200168,0
244,9,209,10200169,0
244,10,210,10200170,0
245,1,301,10200171,0
245,2,302,10200172,0
245,3,303,10200173,0
245,4,304,10200174,0
245,5,305,10200175,0
245,6,306,10200176,0
245,7,307,10200177,0
245,8,308,10200178,0
245,9,309,10200179,0
245,10,310,10200180,0
246,1,100,910000024,0
247,1,301,910000027,0
247,2,302,910000028,0
247,3,303,910000029,0
247,4,304,910000030,0
247,5,305,910000031,0
247,6,306,910000032,0
247,7,307,910000033,0
247,8,308,910000034,0
247,9,309,910000035,0
247,10,310,910000036,0
248,1,301,910000037,0
248,2,302,910000038,0
248,3,303,910000039,0
248,4,304,910000040,0
248,5,305,910000041,0
248,6,306,910000042,0
248,7,307,910000043,0
248,8,308,910000044,0
248,9,309,910000045,0
248,10,310,910000046,0
249,1,100,910000025,0
250,1,100,910000026,0
251,1,301,10200021,0
251,2,302,10200022,0
251,3,303,10200023,0
251,4,304,10200024,0
251,5,305,10200025,0
251,6,306,10200026,0
251,7,307,10200027,0
251,8,308,10200028,0
251,9,309,10200029,0
251,10,310,10200030,0
252,1,301,10200021,0
252,2,302,10200022,0
252,3,303,10200023,0
252,4,304,10200024,0
252,5,305,10200025,0
252,6,306,10200026,0
252,7,307,10200027,0
252,8,308,10200028,0
252,9,309,10200029,0
252,10,310,10200030,0
253,1,301,10200051,0
253,2,302,10200052,0
253,3,303,10200053,0
253,4,304,10200054,0
253,5,305,10200055,0
253,6,306,10200056,0
253,7,307,10200057,0
253,8,308,10200058,0
253,9,309,10200059,0
253,10,310,10200060,0
254,1,301,10200051,0
254,2,302,10200052,0
254,3,303,10200053,0
254,4,304,10200054,0
254,5,305,10200055,0
254,6,306,10200056,0
254,7,307,10200057,0
254,8,308,10200058,0
254,9,309,10200059,0
254,10,310,10200060,0
255,1,301,10200204,0
255,2,302,10200205,0
255,3,303,10200206,0
255,4,304,10200207,0
255,5,305,10200208,0
255,6,306,10200209,0
255,7,307,10200210,0
255,8,308,10200211,0
255,9,309,10200212,0
255,10,310,10200213,0
256,1,301,10200204,0
256,2,302,10200205,0
256,3,303,10200206,0
256,4,304,10200207,0
256,5,305,10200208,0
256,6,306,10200209,0
256,7,307,10200210,0
256,8,308,10200211,0
256,9,309,10200212,0
256,10,310,10200213,0
257,1,401,10200214,0
257,2,402,10200215,0
257,3,403,10200216,0
257,4,404,10200217,0
257,5,405,10200218,0
257,6,406,10200219,0
257,7,407,10200220,0
257,8,408,10200221,0
257,9,409,10200222,0
257,10,410,10200223,0
258,1,401,10200224,0
258,2,402,10200225,0
258,3,403,10200226,0
258,4,404,10200227,0
258,5,405,10200228,0
258,6,406,10200229,0
258,7,407,10200230,0
258,8,408,10200231,0
258,9,409,10200232,0
258,10,410,10200233,0
259,1,401,10200234,0
259,2,402,10200235,0
259,3,403,10200236,0
259,4,404,10200237,0
259,5,405,10200238,0
259,6,406,10200239,0
259,7,407,10200240,0
259,8,408,10200241,0
259,9,409,10200242,0
259,10,410,10200243,0
260,1,301,10200021,0
260,2,302,10200022,0
260,3,303,10200023,0
260,4,304,10200024,0
260,5,305,10200025,0
260,6,306,10200026,0
260,7,307,10200027,0
260,8,308,10200028,0
260,9,309,10200029,0
260,10,310,10200030,0
261,1,301,10200021,0
261,2,302,10200022,0
261,3,303,10200023,0
261,4,304,10200024,0
261,5,305,10200025,0
261,6,306,10200026,0
261,7,307,10200027,0
261,8,308,10200028,0
261,9,309,10200029,0
261,10,310,10200030,0
262,1,301,10200021,0
262,2,302,10200022,0
262,3,303,10200023,0
262,4,304,10200024,0
262,5,305,10200025,0
262,6,306,10200026,0
262,7,307,10200027,0
262,8,308,10200028,0
262,9,309,10200029,0
262,10,310,10200030,0
263,1,301,10200021,0
263,2,302,10200022,0
263,3,303,10200023,0
263,4,304,10200024,0
263,5,305,10200025,0
263,6,306,10200026,0
263,7,307,10200027,0
263,8,308,10200028,0
263,9,309,10200029,0
263,10,310,10200030,0
264,1,301,10200051,0
264,2,302,10200052,0
264,3,303,10200053,0
264,4,304,10200054,0
264,5,305,10200055,0
264,6,306,10200056,0
264,7,307,10200057,0
264,8,308,10200058,0
264,9,309,10200059,0
264,10,310,10200060,0
265,1,301,10200051,0
265,2,302,10200052,0
265,3,303,10200053,0
265,4,304,10200054,0
265,5,305,10200055,0
265,6,306,10200056,0
265,7,307,10200057,0
265,8,308,10200058,0
265,9,309,10200059,0
265,10,310,10200060,0
266,1,301,10200051,0
266,2,302,10200052,0
266,3,303,10200053,0
266,4,304,10200054,0
266,5,305,10200055,0
266,6,306,10200056,0
266,7,307,10200057,0
266,8,308,10200058,0
266,9,309,10200059,0
266,10,310,10200060,0
267,1,301,10200051,0
267,2,302,10200052,0
267,3,303,10200053,0
267,4,304,10200054,0
267,5,305,10200055,0
267,6,306,10200056,0
267,7,307,10200057,0
267,8,308,10200058,0
267,9,309,10200059,0
267,10,310,10200060,0
268,1,301,10200204,0
268,2,302,10200205,0
268,3,303,10200206,0
268,4,304,10200207,0
268,5,305,10200208,0
268,6,306,10200209,0
268,7,307,10200210,0
268,8,308,10200211,0
268,9,309,10200212,0
268,10,310,10200213,0
269,1,301,10200204,0
269,2,302,10200205,0
269,3,303,10200206,0
269,4,304,10200207,0
269,5,305,10200208,0
269,6,306,10200209,0
269,7,307,10200210,0
269,8,308,10200211,0
269,9,309,10200212,0
269,10,310,10200213,0
270,1,301,10200204,0
270,2,302,10200205,0
270,3,303,10200206,0
270,4,304,10200207,0
270,5,305,10200208,0
270,6,306,10200209,0
270,7,307,10200210,0
270,8,308,10200211,0
270,9,309,10200212,0
270,10,310,10200213,0
271,1,301,10200204,0
271,2,302,10200205,0
271,3,303,10200206,0
271,4,304,10200207,0
271,5,305,10200208,0
271,6,306,10200209,0
271,7,307,10200210,0
271,8,308,10200211,0
271,9,309,10200212,0
271,10,310,10200213,0
272,1,301,910000113,0
272,2,302,910000114,0
272,3,303,910000115,0
272,4,304,910000116,0
272,5,305,910000117,0
272,6,306,910000118,0
272,7,307,910000119,0
272,8,308,910000120,0
272,9,309,910000121,0
272,10,310,910000122,0
273,1,301,910000113,0
273,2,302,910000114,0
273,3,303,910000115,0
273,4,304,910000116,0
273,5,305,910000117,0
273,6,306,910000118,0
273,7,307,910000119,0
273,8,308,910000120,0
273,9,309,910000121,0
273,10,310,910000122,0
274,1,301,910000113,0
274,2,302,910000114,0
274,3,303,910000115,0
274,4,304,910000116,0
274,5,305,910000117,0
274,6,306,910000118,0
274,7,307,910000119,0
274,8,308,910000120,0
274,9,309,910000121,0
274,10,310,910000122,0
275,1,301,910000123,0
275,2,302,910000124,0
275,3,303,910000125,0
275,4,304,910000126,0
275,5,305,910000127,0
275,6,306,910000128,0
275,7,307,910000129,0
275,8,308,910000130,0
275,9,309,910000131,0
275,10,310,910000132,0
276,1,301,910000123,0
276,2,302,910000124,0
276,3,303,910000125,0
276,4,304,910000126,0
276,5,305,910000127,0
276,6,306,910000128,0
276,7,307,910000129,0
276,8,308,910000130,0
276,9,309,910000131,0
276,10,310,910000132,0
277,1,301,910000123,0
277,2,302,910000124,0
277,3,303,910000125,0
277,4,304,910000126,0
277,5,305,910000127,0
277,6,306,910000128,0
277,7,307,910000129,0
277,8,308,910000130,0
277,9,309,910000131,0
277,10,310,910000132,0
278,1,401,10200274,0
278,2,402,10200275,0
278,3,403,10200276,0
278,4,404,10200277,0
278,5,405,10200278,0
278,6,406,10200279,0
278,7,407,10200280,0
278,8,408,10200281,0
278,9,409,10200282,0
278,10,410,10200283,0
279,1,401,10200284,0
279,2,402,10200285,0
279,3,403,10200286,0
279,4,404,10200287,0
279,5,405,10200288,0
279,6,406,10200289,0
279,7,407,10200290,0
279,8,408,10200291,0
279,9,409,10200292,0
279,10,410,10200293,0
280,1,401,10200294,0
280,2,402,10200295,0
280,3,403,10200296,0
280,4,404,10200297,0
280,5,405,10200298,0
280,6,406,10200299,0
280,7,407,10200300,0
280,8,408,10200301,0
280,9,409,10200302,0
280,10,410,10200303,0
281,1,301,10200021,0
281,2,302,10200022,0
281,3,303,10200023,0
281,4,304,10200024,0
281,5,305,10200025,0
281,6,306,10200026,0
281,7,307,10200027,0
281,8,308,10200028,0
281,9,309,10200029,0
281,10,310,10200030,0
282,1,301,10200021,0
282,2,302,10200022,0
282,3,303,10200023,0
282,4,304,10200024,0
282,5,305,10200025,0
282,6,306,10200026,0
282,7,307,10200027,0
282,8,308,10200028,0
282,9,309,10200029,0
282,10,310,10200030,0
283,1,201,10200041,0
283,2,202,10200042,0
283,3,203,10200043,0
283,4,204,10200044,0
283,5,205,10200045,0
283,6,206,10200046,0
283,7,207,10200047,0
283,8,208,10200048,0
283,9,209,10200049,0
283,10,210,10200050,0
284,1,301,10200051,0
284,2,302,10200052,0
284,3,303,10200053,0
284,4,304,10200054,0
284,5,305,10200055,0
284,6,306,10200056,0
284,7,307,10200057,0
284,8,308,10200058,0
284,9,309,10200059,0
284,10,310,10200060,0
285,1,201,10200101,0
285,2,202,10200102,0
285,3,203,10200103,0
285,4,204,10200104,0
285,5,205,10200105,0
285,6,206,10200106,0
285,7,207,10200107,0
285,8,208,10200108,0
285,9,209,10200109,0
285,10,210,10200110,0
286,1,301,10200111,0
286,2,302,10200112,0
286,3,303,10200113,0
286,4,304,10200114,0
286,5,305,10200115,0
286,6,306,10200116,0
286,7,307,10200117,0
286,8,308,10200118,0
286,9,309,10200119,0
286,10,310,10200120,0
287,1,301,10200171,0
287,2,302,10200172,0
287,3,303,10200173,0
287,4,304,10200174,0
287,5,305,10200175,0
287,6,306,10200176,0
287,7,307,10200177,0
287,8,308,10200178,0
287,9,309,10200179,0
287,10,310,10200180,0
288,1,301,10200171,0
288,2,302,10200172,0
288,3,303,10200173,0
288,4,304,10200174,0
288,5,305,10200175,0
288,6,306,10200176,0
288,7,307,10200177,0
288,8,308,10200178,0
288,9,309,10200179,0
288,10,310,10200180,0
289,1,301,10200141,0
289,2,302,10200142,0
289,3,303,10200143,0
289,4,304,10200144,0
289,5,305,10200145,0
289,6,306,10200146,0
289,7,307,10200147,0
289,8,308,10200148,0
289,9,309,10200149,0
289,10,310,10200150,0
290,1,401,10200294,0
290,2,402,10200295,0
290,3,403,10200296,0
290,4,404,10200297,0
290,5,405,10200298,0
290,6,406,10200299,0
290,7,407,10200300,0
290,8,408,10200301,0
290,9,409,10200302,0
290,10,410,10200303,0
291,1,401,10200224,0
291,2,402,10200225,0
291,3,403,10200226,0
291,4,404,10200227,0
291,5,405,10200228,0
291,6,406,10200229,0
291,7,407,10200230,0
291,8,408,10200231,0
291,9,409,10200232,0
291,10,410,10200233,0
292,1,401,10200294,0
292,2,402,10200295,0
292,3,403,10200296,0
292,4,404,10200297,0
292,5,405,10200298,0
292,6,406,10200299,0
292,7,407,10200300,0
292,8,408,10200301,0
292,9,409,10200302,0
292,10,410,10200303,0
293,1,301,10200021,0
293,2,302,10200022,0
293,3,303,10200023,0
293,4,304,10200024,0
293,5,305,10200025,0
293,6,306,10200026,0
293,7,307,10200027,0
293,8,308,10200028,0
293,9,309,10200029,0
293,10,310,10200030,0
294,1,301,10200021,0
294,2,302,10200022,0
294,3,303,10200023,0
294,4,304,10200024,0
294,5,305,10200025,0
294,6,306,10200026,0
294,7,307,10200027,0
294,8,308,10200028,0
294,9,309,10200029,0
294,10,310,10200030,0
295,1,301,10200051,0
295,2,302,10200052,0
295,3,303,10200053,0
295,4,304,10200054,0
295,5,305,10200055,0
295,6,306,10200056,0
295,7,307,10200057,0
295,8,308,10200058,0
295,9,309,10200059,0
295,10,310,10200060,0
296,1,301,10200051,0
296,2,302,10200052,0
296,3,303,10200053,0
296,4,304,10200054,0
296,5,305,10200055,0
296,6,306,10200056,0
296,7,307,10200057,0
296,8,308,10200058,0
296,9,309,10200059,0
296,10,310,10200060,0
297,1,301,10200111,0
297,2,302,10200112,0
297,3,303,10200113,0
297,4,304,10200114,0
297,5,305,10200115,0
297,6,306,10200116,0
297,7,307,10200117,0
297,8,308,10200118,0
297,9,309,10200119,0
297,10,310,10200120,0
298,1,301,10200111,0
298,2,302,10200112,0
298,3,303,10200113,0
298,4,304,10200114,0
298,5,305,10200115,0
298,6,306,10200116,0
298,7,307,10200117,0
298,8,308,10200118,0
298,9,309,10200119,0
298,10,310,10200120,0
299,1,301,10200314,0
299,2,302,10200315,0
299,3,303,10200316,0
299,4,304,10200317,0
299,5,305,10200318,0
299,6,306,10200319,0
299,7,307,10200320,0
299,8,308,10200321,0
299,9,309,10200322,0
299,10,310,10200323,0
301,1,101,10300001,0
301,2,102,10300002,0
301,3,103,10300003,0
301,4,104,10300004,0
301,5,105,10300005,0
301,6,106,10300006,0
301,7,107,10300007,0
301,8,108,10300008,0
301,9,109,10300009,0
301,10,110,10300010,0
302,1,101,10300001,0
302,2,102,10300002,0
302,3,103,10300003,0
302,4,104,10300004,0
302,5,105,10300005,0
302,6,106,10300006,0
302,7,107,10300007,0
302,8,108,10300008,0
302,9,109,10300009,0
302,10,110,10300010,0
303,1,101,10300001,0
303,2,102,10300002,0
303,3,103,10300003,0
303,4,104,10300004,0
303,5,105,10300005,0
303,6,106,10300006,0
303,7,107,10300007,0
303,8,108,10300008,0
303,9,109,10300009,0
303,10,110,10300010,0
304,1,201,10300001,0
304,2,202,10300002,0
304,3,203,10300003,0
304,4,204,10300004,0
304,5,205,10300005,0
304,6,206,10300006,0
304,7,207,10300007,0
304,8,208,10300008,0
304,9,209,10300009,0
304,10,210,10300010,0
305,1,201,10300001,0
305,2,202,10300002,0
305,3,203,10300003,0
305,4,204,10300004,0
305,5,205,10300005,0
305,6,206,10300006,0
305,7,207,10300007,0
305,8,208,10300008,0
305,9,209,10300009,0
305,10,210,10300010,0
306,1,201,10300001,0
306,2,202,10300002,0
306,3,203,10300003,0
306,4,204,10300004,0
306,5,205,10300005,0
306,6,206,10300006,0
306,7,207,10300007,0
306,8,208,10300008,0
306,9,209,10300009,0
306,10,210,10300010,0
307,1,201,10300001,0
307,2,202,10300002,0
307,3,203,10300003,0
307,4,204,10300004,0
307,5,205,10300005,0
307,6,206,10300006,0
307,7,207,10300007,0
307,8,208,10300008,0
307,9,209,10300009,0
307,10,210,10300010,0
308,1,301,10300001,0
308,2,302,10300002,0
308,3,303,10300003,0
308,4,304,10300004,0
308,5,305,10300005,0
308,6,306,10300006,0
308,7,307,10300007,0
308,8,308,10300008,0
308,9,309,10300009,0
308,10,310,10300010,0
309,1,101,10300011,0
309,2,102,10300012,0
309,3,103,10300013,0
309,4,104,10300014,0
309,5,105,10300015,0
309,6,106,10300016,0
309,7,107,10300017,0
309,8,108,10300018,0
309,9,109,10300019,0
309,10,110,10300020,0
310,1,201,10300011,0
310,2,202,10300012,0
310,3,203,10300013,0
310,4,204,10300014,0
310,5,205,10300015,0
310,6,206,10300016,0
310,7,207,10300017,0
310,8,208,10300018,0
310,9,209,10300019,0
310,10,210,10300020,0
311,1,201,10300011,0
311,2,202,10300012,0
311,3,203,10300013,0
311,4,204,10300014,0
311,5,205,10300015,0
311,6,206,10300016,0
311,7,207,10300017,0
311,8,208,10300018,0
311,9,209,10300019,0
311,10,210,10300020,0
312,1,101,10300011,0
312,2,102,10300012,0
312,3,103,10300013,0
312,4,104,10300014,0
312,5,105,10300015,0
312,6,106,10300016,0
312,7,107,10300017,0
312,8,108,10300018,0
312,9,109,10300019,0
312,10,110,10300020,0
313,1,101,10300011,0
313,2,102,10300012,0
313,3,103,10300013,0
313,4,104,10300014,0
313,5,105,10300015,0
313,6,106,10300016,0
313,7,107,10300017,0
313,8,108,10300018,0
313,9,109,10300019,0
313,10,110,10300020,0
314,1,301,10300021,0
314,2,302,10300022,0
314,3,303,10300023,0
314,4,304,10300024,0
314,5,305,10300025,0
314,6,306,10300026,0
314,7,307,10300027,0
314,8,308,10300028,0
314,9,309,10300029,0
314,10,310,10300030,0
315,1,301,10300021,0
315,2,302,10300022,0
315,3,303,10300023,0
315,4,304,10300024,0
315,5,305,10300025,0
315,6,306,10300026,0
315,7,307,10300027,0
315,8,308,10300028,0
315,9,309,10300029,0
315,10,310,10300030,0
316,1,101,10300031,0
316,2,102,10300032,0
316,3,103,10300033,0
316,4,104,10300034,0
316,5,105,10300035,0
316,6,106,10300036,0
316,7,107,10300037,0
316,8,108,10300038,0
316,9,109,10300039,0
316,10,110,10300040,0
317,1,101,10300031,0
317,2,102,10300032,0
317,3,103,10300033,0
317,4,104,10300034,0
317,5,105,10300035,0
317,6,106,10300036,0
317,7,107,10300037,0
317,8,108,10300038,0
317,9,109,10300039,0
317,10,110,10300040,0
318,1,101,10300031,0
318,2,102,10300032,0
318,3,103,10300033,0
318,4,104,10300034,0
318,5,105,10300035,0
318,6,106,10300036,0
318,7,107,10300037,0
318,8,108,10300038,0
318,9,109,10300039,0
318,10,110,10300040,0
319,1,201,10300031,0
319,2,202,10300032,0
319,3,203,10300033,0
319,4,204,10300034,0
319,5,205,10300035,0
319,6,206,10300036,0
319,7,207,10300037,0
319,8,208,10300038,0
319,9,209,10300039,0
319,10,210,10300040,0
320,1,201,10300031,0
320,2,202,10300032,0
320,3,203,10300033,0
320,4,204,10300034,0
320,5,205,10300035,0
320,6,206,10300036,0
320,7,207,10300037,0
320,8,208,10300038,0
320,9,209,10300039,0
320,10,210,10300040,0
321,1,301,10300031,0
321,2,302,10300032,0
321,3,303,10300033,0
321,4,304,10300034,0
321,5,305,10300035,0
321,6,306,10300036,0
321,7,307,10300037,0
321,8,308,10300038,0
321,9,309,10300039,0
321,10,310,10300040,0
322,1,101,10300041,0
322,2,102,10300042,0
322,3,103,10300043,0
322,4,104,10300044,0
322,5,105,10300045,0
322,6,106,10300046,0
322,7,107,10300047,0
322,8,108,10300048,0
322,9,109,10300049,0
322,10,110,10300050,0
323,1,201,10300041,0
323,2,202,10300042,0
323,3,203,10300043,0
323,4,204,10300044,0
323,5,205,10300045,0
323,6,206,10300046,0
323,7,207,10300047,0
323,8,208,10300048,0
323,9,209,10300049,0
323,10,210,10300050,0
324,1,301,10300051,0
324,2,302,10300052,0
324,3,303,10300053,0
324,4,304,10300054,0
324,5,305,10300055,0
324,6,306,10300056,0
324,7,307,10300057,0
324,8,308,10300058,0
324,9,309,10300059,0
324,10,310,10300060,0
325,1,301,10300051,0
325,2,302,10300052,0
325,3,303,10300053,0
325,4,304,10300054,0
325,5,305,10300055,0
325,6,306,10300056,0
325,7,307,10300057,0
325,8,308,10300058,0
325,9,309,10300059,0
325,10,310,10300060,0
326,1,101,10300061,0
326,2,102,10300062,0
326,3,103,10300063,0
326,4,104,10300064,0
326,5,105,10300065,0
326,6,106,10300066,0
326,7,107,10300067,0
326,8,108,10300068,0
326,9,109,10300069,0
326,10,110,10300070,0
327,1,101,10300061,0
327,2,102,10300062,0
327,3,103,10300063,0
327,4,104,10300064,0
327,5,105,10300065,0
327,6,106,10300066,0
327,7,107,10300067,0
327,8,108,10300068,0
327,9,109,10300069,0
327,10,110,10300070,0
328,1,101,10300061,0
328,2,102,10300062,0
328,3,103,10300063,0
328,4,104,10300064,0
328,5,105,10300065,0
328,6,106,10300066,0
328,7,107,10300067,0
328,8,108,10300068,0
328,9,109,10300069,0
328,10,110,10300070,0
329,1,201,10300071,0
329,2,202,10300072,0
329,3,203,10300073,0
329,4,204,10300074,0
329,5,205,10300075,0
329,6,206,10300076,0
329,7,207,10300077,0
329,8,208,10300078,0
329,9,209,10300079,0
329,10,210,10300080,0
330,1,301,10300081,0
330,2,302,10300082,0
330,3,303,10300083,0
330,4,304,10300084,0
330,5,305,10300085,0
330,6,306,10300086,0
330,7,307,10300087,0
330,8,308,10300088,0
330,9,309,10300089,0
330,10,310,10300090,0
331,1,201,10300091,0
331,2,202,10300092,0
331,3,203,10300093,0
331,4,204,10300094,0
331,5,205,10300095,0
331,6,206,10300096,0
331,7,207,10300097,0
331,8,208,10300098,0
331,9,209,10300099,0
331,10,210,10300100,0
332,1,201,10300091,0
332,2,202,10300092,0
332,3,203,10300093,0
332,4,204,10300094,0
332,5,205,10300095,0
332,6,206,10300096,0
332,7,207,10300097,0
332,8,208,10300098,0
332,9,209,10300099,0
332,10,210,10300100,0
333,1,201,10300091,0
333,2,202,10300092,0
333,3,203,10300093,0
333,4,204,10300094,0
333,5,205,10300095,0
333,6,206,10300096,0
333,7,207,10300097,0
333,8,208,10300098,0
333,9,209,10300099,0
333,10,210,10300100,0
334,1,201,10300101,0
334,2,202,10300102,0
334,3,203,10300103,0
334,4,204,10300104,0
334,5,205,10300105,0
334,6,206,10300106,0
334,7,207,10300107,0
334,8,208,10300108,0
334,9,209,10300109,0
334,10,210,10300110,0
335,1,301,10300111,0
335,2,302,10300112,0
335,3,303,10300113,0
335,4,304,10300114,0
335,5,305,10300115,0
335,6,306,10300116,0
335,7,307,10300117,0
335,8,308,10300118,0
335,9,309,10300119,0
335,10,310,10300120,0
336,1,101,10300121,0
336,2,102,10300122,0
336,3,103,10300123,0
336,4,104,10300124,0
336,5,105,10300125,0
336,6,106,10300126,0
336,7,107,10300127,0
336,8,108,10300128,0
336,9,109,10300129,0
336,10,110,10300130,0
337,1,101,10300121,0
337,2,102,10300122,0
337,3,103,10300123,0
337,4,104,10300124,0
337,5,105,10300125,0
337,6,106,10300126,0
337,7,107,10300127,0
337,8,108,10300128,0
337,9,109,10300129,0
337,10,110,10300130,0
338,1,101,10300131,0
338,2,102,10300132,0
338,3,103,10300133,0
338,4,104,10300134,0
338,5,105,10300135,0
338,6,106,10300136,0
338,7,107,10300137,0
338,8,108,10300138,0
338,9,109,10300139,0
338,10,110,10300140,0
339,1,201,10300131,0
339,2,202,10300132,0
339,3,203,10300133,0
339,4,204,10300134,0
339,5,205,10300135,0
339,6,206,10300136,0
339,7,207,10300137,0
339,8,208,10300138,0
339,9,209,10300139,0
339,10,210,10300140,0
340,1,301,10300141,0
340,2,302,10300142,0
340,3,303,10300143,0
340,4,304,10300144,0
340,5,305,10300145,0
340,6,306,10300146,0
340,7,307,10300147,0
340,8,308,10300148,0
340,9,309,10300149,0
340,10,310,10300150,0
341,1,101,10300151,0
341,2,102,10300152,0
341,3,103,10300153,0
341,4,104,10300154,0
341,5,105,10300155,0
341,6,106,10300156,0
341,7,107,10300157,0
341,8,108,10300158,0
341,9,109,10300159,0
341,10,110,10300160,0
342,1,101,10300151,0
342,2,102,10300152,0
342,3,103,10300153,0
342,4,104,10300154,0
342,5,105,10300155,0
342,6,106,10300156,0
342,7,107,10300157,0
342,8,108,10300158,0
342,9,109,10300159,0
342,10,110,10300160,0
343,1,101,10300161,0
343,2,102,10300162,0
343,3,103,10300163,0
343,4,104,10300164,0
343,5,105,10300165,0
343,6,106,10300166,0
343,7,107,10300167,0
343,8,108,10300168,0
343,9,109,10300169,0
343,10,110,10300170,0
344,1,201,10300161,0
344,2,202,10300162,0
344,3,203,10300163,0
344,4,204,10300164,0
344,5,205,10300165,0
344,6,206,10300166,0
344,7,207,10300167,0
344,8,208,10300168,0
344,9,209,10300169,0
344,10,210,10300170,0
345,1,301,10300171,0
345,2,302,10300172,0
345,3,303,10300173,0
345,4,304,10300174,0
345,5,305,10300175,0
345,6,306,10300176,0
345,7,307,10300177,0
345,8,308,10300178,0
345,9,309,10300179,0
345,10,310,10300180,0
346,1,100,910000047,0
347,1,301,910000050,0
347,2,302,910000051,0
347,3,303,910000052,0
347,4,304,910000053,0
347,5,305,910000054,0
347,6,306,910000055,0
347,7,307,910000056,0
347,8,308,910000057,0
347,9,309,910000058,0
347,10,310,910000059,0
348,1,301,910000060,0
348,2,302,910000061,0
348,3,303,910000062,0
348,4,304,910000063,0
348,5,305,910000064,0
348,6,306,910000065,0
348,7,307,910000066,0
348,8,308,910000067,0
348,9,309,910000068,0
348,10,310,910000069,0
349,1,100,910000048,0
350,1,100,910000049,0
351,1,301,10300021,0
351,2,302,10300022,0
351,3,303,10300023,0
351,4,304,10300024,0
351,5,305,10300025,0
351,6,306,10300026,0
351,7,307,10300027,0
351,8,308,10300028,0
351,9,309,10300029,0
351,10,310,10300030,0
352,1,301,10300021,0
352,2,302,10300022,0
352,3,303,10300023,0
352,4,304,10300024,0
352,5,305,10300025,0
352,6,306,10300026,0
352,7,307,10300027,0
352,8,308,10300028,0
352,9,309,10300029,0
352,10,310,10300030,0
353,1,301,10300051,0
353,2,302,10300052,0
353,3,303,10300053,0
353,4,304,10300054,0
353,5,305,10300055,0
353,6,306,10300056,0
353,7,307,10300057,0
353,8,308,10300058,0
353,9,309,10300059,0
353,10,310,10300060,0
354,1,301,10300051,0
354,2,302,10300052,0
354,3,303,10300053,0
354,4,304,10300054,0
354,5,305,10300055,0
354,6,306,10300056,0
354,7,307,10300057,0
354,8,308,10300058,0
354,9,309,10300059,0
354,10,310,10300060,0
355,1,301,10300111,0
355,2,302,10300112,0
355,3,303,10300113,0
355,4,304,10300114,0
355,5,305,10300115,0
355,6,306,10300116,0
355,7,307,10300117,0
355,8,308,10300118,0
355,9,309,10300119,0
355,10,310,10300120,0
356,1,301,10300111,0
356,2,302,10300112,0
356,3,303,10300113,0
356,4,304,10300114,0
356,5,305,10300115,0
356,6,306,10300116,0
356,7,307,10300117,0
356,8,308,10300118,0
356,9,309,10300119,0
356,10,310,10300120,0
357,1,401,10300204,0
357,2,402,10300205,0
357,3,403,10300206,0
357,4,404,10300207,0
357,5,405,10300208,0
357,6,406,10300209,0
357,7,407,10300210,0
357,8,408,10300211,0
357,9,409,10300212,0
357,10,410,10300213,0
358,1,401,10300214,0
358,2,402,10300215,0
358,3,403,10300216,0
358,4,404,10300217,0
358,5,405,10300218,0
358,6,406,10300219,0
358,7,407,10300220,0
358,8,408,10300221,0
358,9,409,10300222,0
358,10,410,10300223,0
359,1,401,10300224,0
359,2,402,10300225,0
359,3,403,10300226,0
359,4,404,10300227,0
359,5,405,10300228,0
359,6,406,10300229,0
359,7,407,10300230,0
359,8,408,10300231,0
359,9,409,10300232,0
359,10,410,10300233,0
360,1,301,10300021,0
360,2,302,10300022,0
360,3,303,10300023,0
360,4,304,10300024,0
360,5,305,10300025,0
360,6,306,10300026,0
360,7,307,10300027,0
360,8,308,10300028,0
360,9,309,10300029,0
360,10,310,10300030,0
361,1,301,10300021,0
361,2,302,10300022,0
361,3,303,10300023,0
361,4,304,10300024,0
361,5,305,10300025,0
361,6,306,10300026,0
361,7,307,10300027,0
361,8,308,10300028,0
361,9,309,10300029,0
361,10,310,10300030,0
362,1,301,10300021,0
362,2,302,10300022,0
362,3,303,10300023,0
362,4,304,10300024,0
362,5,305,10300025,0
362,6,306,10300026,0
362,7,307,10300027,0
362,8,308,10300028,0
362,9,309,10300029,0
362,10,310,10300030,0
363,1,301,10300021,0
363,2,302,10300022,0
363,3,303,10300023,0
363,4,304,10300024,0
363,5,305,10300025,0
363,6,306,10300026,0
363,7,307,10300027,0
363,8,308,10300028,0
363,9,309,10300029,0
363,10,310,10300030,0
364,1,301,10300051,0
364,2,302,10300052,0
364,3,303,10300053,0
364,4,304,10300054,0
364,5,305,10300055,0
364,6,306,10300056,0
364,7,307,10300057,0
364,8,308,10300058,0
364,9,309,10300059,0
364,10,310,10300060,0
365,1,301,10300051,0
365,2,302,10300052,0
365,3,303,10300053,0
365,4,304,10300054,0
365,5,305,10300055,0
365,6,306,10300056,0
365,7,307,10300057,0
365,8,308,10300058,0
365,9,309,10300059,0
365,10,310,10300060,0
366,1,301,10300051,0
366,2,302,10300052,0
366,3,303,10300053,0
366,4,304,10300054,0
366,5,305,10300055,0
366,6,306,10300056,0
366,7,307,10300057,0
366,8,308,10300058,0
366,9,309,10300059,0
366,10,310,10300060,0
367,1,301,10300051,0
367,2,302,10300052,0
367,3,303,10300053,0
367,4,304,10300054,0
367,5,305,10300055,0
367,6,306,10300056,0
367,7,307,10300057,0
367,8,308,10300058,0
367,9,309,10300059,0
367,10,310,10300060,0
368,1,301,10300111,0
368,2,302,10300112,0
368,3,303,10300113,0
368,4,304,10300114,0
368,5,305,10300115,0
368,6,306,10300116,0
368,7,307,10300117,0
368,8,308,10300118,0
368,9,309,10300119,0
368,10,310,10300120,0
369,1,301,10300111,0
369,2,302,10300112,0
369,3,303,10300113,0
369,4,304,10300114,0
369,5,305,10300115,0
369,6,306,10300116,0
369,7,307,10300117,0
369,8,308,10300118,0
369,9,309,10300119,0
369,10,310,10300120,0
370,1,301,10300111,0
370,2,302,10300112,0
370,3,303,10300113,0
370,4,304,10300114,0
370,5,305,10300115,0
370,6,306,10300116,0
370,7,307,10300117,0
370,8,308,10300118,0
370,9,309,10300119,0
370,10,310,10300120,0
371,1,301,10300111,0
371,2,302,10300112,0
371,3,303,10300113,0
371,4,304,10300114,0
371,5,305,10300115,0
371,6,306,10300116,0
371,7,307,10300117,0
371,8,308,10300118,0
371,9,309,10300119,0
371,10,310,10300120,0
372,1,301,910000133,0
372,2,302,910000134,0
372,3,303,910000135,0
372,4,304,910000136,0
372,5,305,910000137,0
372,6,306,910000138,0
372,7,307,910000139,0
372,8,308,910000140,0
372,9,309,910000141,0
372,10,310,910000142,0
373,1,301,910000133,0
373,2,302,910000134,0
373,3,303,910000135,0
373,4,304,910000136,0
373,5,305,910000137,0
373,6,306,910000138,0
373,7,307,910000139,0
373,8,308,910000140,0
373,9,309,910000141,0
373,10,310,910000142,0
374,1,301,910000143,0
374,2,302,910000144,0
374,3,303,910000145,0
374,4,304,910000146,0
374,5,305,910000147,0
374,6,306,910000148,0
374,7,307,910000149,0
374,8,308,910000150,0
374,9,309,910000151,0
374,10,310,910000152,0
375,1,301,910000143,0
375,2,302,910000144,0
375,3,303,910000145,0
375,4,304,910000146,0
375,5,305,910000147,0
375,6,306,910000148,0
375,7,307,910000149,0
375,8,308,910000150,0
375,9,309,910000151,0
375,10,310,910000152,0
376,1,301,910000153,0
376,2,302,910000154,0
376,3,303,910000155,0
376,4,304,910000156,0
376,5,305,910000157,0
376,6,306,910000158,0
376,7,307,910000159,0
376,8,308,910000160,0
376,9,309,910000161,0
376,10,310,910000162,0
377,1,301,910000153,0
377,2,302,910000154,0
377,3,303,910000155,0
377,4,304,910000156,0
377,5,305,910000157,0
377,6,306,910000158,0
377,7,307,910000159,0
377,8,308,910000160,0
377,9,309,910000161,0
377,10,310,910000162,0
378,1,401,10300224,0
378,2,402,10300225,0
378,3,403,10300226,0
378,4,404,10300227,0
378,5,405,10300228,0
378,6,406,10300229,0
378,7,407,10300230,0
378,8,408,10300231,0
378,9,409,10300232,0
378,10,410,10300233,0
379,1,401,10300204,0
379,2,402,10300205,0
379,3,403,10300206,0
379,4,404,10300207,0
379,5,405,10300208,0
379,6,406,10300209,0
379,7,407,10300210,0
379,8,408,10300211,0
379,9,409,10300212,0
379,10,410,10300213,0
380,1,401,10300264,0
380,2,402,10300265,0
380,3,403,10300266,0
380,4,404,10300267,0
380,5,405,10300268,0
380,6,406,10300269,0
380,7,407,10300270,0
380,8,408,10300271,0
380,9,409,10300272,0
380,10,410,10300273,0
381,1,301,10300021,0
381,2,302,10300022,0
381,3,303,10300023,0
381,4,304,10300024,0
381,5,305,10300025,0
381,6,306,10300026,0
381,7,307,10300027,0
381,8,308,10300028,0
381,9,309,10300029,0
381,10,310,10300030,0
382,1,301,10300021,0
382,2,302,10300022,0
382,3,303,10300023,0
382,4,304,10300024,0
382,5,305,10300025,0
382,6,306,10300026,0
382,7,307,10300027,0
382,8,308,10300028,0
382,9,309,10300029,0
382,10,310,10300030,0
383,1,201,10300041,0
383,2,202,10300042,0
383,3,203,10300043,0
383,4,204,10300044,0
383,5,205,10300045,0
383,6,206,10300046,0
383,7,207,10300047,0
383,8,208,10300048,0
383,9,209,10300049,0
383,10,210,10300050,0
384,1,301,10300051,0
384,2,302,10300052,0
384,3,303,10300053,0
384,4,304,10300054,0
384,5,305,10300055,0
384,6,306,10300056,0
384,7,307,10300057,0
384,8,308,10300058,0
384,9,309,10300059,0
384,10,310,10300060,0
385,1,201,10300101,0
385,2,202,10300102,0
385,3,203,10300103,0
385,4,204,10300104,0
385,5,205,10300105,0
385,6,206,10300106,0
385,7,207,10300107,0
385,8,208,10300108,0
385,9,209,10300109,0
385,10,210,10300110,0
386,1,301,10300111,0
386,2,302,10300112,0
386,3,303,10300113,0
386,4,304,10300114,0
386,5,305,10300115,0
386,6,306,10300116,0
386,7,307,10300117,0
386,8,308,10300118,0
386,9,309,10300119,0
386,10,310,10300120,0
387,1,301,910000143,0
387,2,302,910000144,0
387,3,303,910000145,0
387,4,304,910000146,0
387,5,305,910000147,0
387,6,306,910000148,0
387,7,307,910000149,0
387,8,308,910000150,0
387,9,309,910000151,0
387,10,310,910000152,0
388,1,301,910000143,0
388,2,302,910000144,0
388,3,303,910000145,0
388,4,304,910000146,0
388,5,305,910000147,0
388,6,306,910000148,0
388,7,307,910000149,0
388,8,308,910000150,0
388,9,309,910000151,0
388,10,310,910000152,0
389,1,301,910000133,0
389,2,302,910000134,0
389,3,303,910000135,0
389,4,304,910000136,0
389,5,305,910000137,0
389,6,306,910000138,0
389,7,307,910000139,0
389,8,308,910000140,0
389,9,309,910000141,0
389,10,310,910000142,0
390,1,401,10300204,0
390,2,402,10300205,0
390,3,403,10300206,0
390,4,404,10300207,0
390,5,405,10300208,0
390,6,406,10300209,0
390,7,407,10300210,0
390,8,408,10300211,0
390,9,409,10300212,0
390,10,410,10300213,0
391,1,401,10300274,0
391,2,402,10300275,0
391,3,403,10300276,0
391,4,404,10300277,0
391,5,405,10300278,0
391,6,406,10300279,0
391,7,407,10300280,0
391,8,408,10300281,0
391,9,409,10300282,0
391,10,410,10300283,0
392,1,401,10300284,0
392,2,402,10300285,0
392,3,403,10300286,0
392,4,404,10300287,0
392,5,405,10300288,0
392,6,406,10300289,0
392,7,407,10300290,0
392,8,408,10300291,0
392,9,409,10300292,0
392,10,410,10300293,0
393,1,301,10300021,0
393,2,302,10300022,0
393,3,303,10300023,0
393,4,304,10300024,0
393,5,305,10300025,0
393,6,306,10300026,0
393,7,307,10300027,0
393,8,308,10300028,0
393,9,309,10300029,0
393,10,310,10300030,0
394,1,301,10300021,0
394,2,302,10300022,0
394,3,303,10300023,0
394,4,304,10300024,0
394,5,305,10300025,0
394,6,306,10300026,0
394,7,307,10300027,0
394,8,308,10300028,0
394,9,309,10300029,0
394,10,310,10300030,0
395,1,301,10300051,0
395,2,302,10300052,0
395,3,303,10300053,0
395,4,304,10300054,0
395,5,305,10300055,0
395,6,306,10300056,0
395,7,307,10300057,0
395,8,308,10300058,0
395,9,309,10300059,0
395,10,310,10300060,0
396,1,301,10300051,0
396,2,302,10300052,0
396,3,303,10300053,0
396,4,304,10300054,0
396,5,305,10300055,0
396,6,306,10300056,0
396,7,307,10300057,0
396,8,308,10300058,0
396,9,309,10300059,0
396,10,310,10300060,0
397,1,301,10300111,0
397,2,302,10300112,0
397,3,303,10300113,0
397,4,304,10300114,0
397,5,305,10300115,0
397,6,306,10300116,0
397,7,307,10300117,0
397,8,308,10300118,0
397,9,309,10300119,0
397,10,310,10300120,0
398,1,301,10300111,0
398,2,302,10300112,0
398,3,303,10300113,0
398,4,304,10300114,0
398,5,305,10300115,0
398,6,306,10300116,0
398,7,307,10300117,0
398,8,308,10300118,0
398,9,309,10300119,0
398,10,310,10300120,0
399,1,301,910000143,0
399,2,302,910000144,0
399,3,303,910000145,0
399,4,304,910000146,0
399,5,305,910000147,0
399,6,306,910000148,0
399,7,307,910000149,0
399,8,308,910000150,0
399,9,309,910000151,0
399,10,310,910000152,0
401,1,101,10400001,0
401,2,102,10400002,0
401,3,103,10400003,0
401,4,104,10400004,0
401,5,105,10400005,0
401,6,106,10400006,0
401,7,107,10400007,0
401,8,108,10400008,0
401,9,109,10400009,0
401,10,110,10400010,0
402,1,101,10400001,0
402,2,102,10400002,0
402,3,103,10400003,0
402,4,104,10400004,0
402,5,105,10400005,0
402,6,106,10400006,0
402,7,107,10400007,0
402,8,108,10400008,0
402,9,109,10400009,0
402,10,110,10400010,0
403,1,101,10400001,0
403,2,102,10400002,0
403,3,103,10400003,0
403,4,104,10400004,0
403,5,105,10400005,0
403,6,106,10400006,0
403,7,107,10400007,0
403,8,108,10400008,0
403,9,109,10400009,0
403,10,110,10400010,0
404,1,101,10400001,0
404,2,102,10400002,0
404,3,103,10400003,0
404,4,104,10400004,0
404,5,105,10400005,0
404,6,106,10400006,0
404,7,107,10400007,0
404,8,108,10400008,0
404,9,109,10400009,0
404,10,110,10400010,0
405,1,101,10400001,0
405,2,102,10400002,0
405,3,103,10400003,0
405,4,104,10400004,0
405,5,105,10400005,0
405,6,106,10400006,0
405,7,107,10400007,0
405,8,108,10400008,0
405,9,109,10400009,0
405,10,110,10400010,0
406,1,101,10400001,0
406,2,102,10400002,0
406,3,103,10400003,0
406,4,104,10400004,0
406,5,105,10400005,0
406,6,106,10400006,0
406,7,107,10400007,0
406,8,108,10400008,0
406,9,109,10400009,0
406,10,110,10400010,0
407,1,201,10400001,0
407,2,202,10400002,0
407,3,203,10400003,0
407,4,204,10400004,0
407,5,205,10400005,0
407,6,206,10400006,0
407,7,207,10400007,0
407,8,208,10400008,0
407,9,209,10400009,0
407,10,210,10400010,0
408,1,201,10400001,0
408,2,202,10400002,0
408,3,203,10400003,0
408,4,204,10400004,0
408,5,205,10400005,0
408,6,206,10400006,0
408,7,207,10400007,0
408,8,208,10400008,0
408,9,209,10400009,0
408,10,210,10400010,0
409,1,101,10400011,0
409,2,102,10400012,0
409,3,103,10400013,0
409,4,104,10400014,0
409,5,105,10400015,0
409,6,106,10400016,0
409,7,107,10400017,0
409,8,108,10400018,0
409,9,109,10400019,0
409,10,110,10400020,0
410,1,201,10400011,0
410,2,202,10400012,0
410,3,203,10400013,0
410,4,204,10400014,0
410,5,205,10400015,0
410,6,206,10400016,0
410,7,207,10400017,0
410,8,208,10400018,0
410,9,209,10400019,0
410,10,210,10400020,0
411,1,201,10400011,0
411,2,202,10400012,0
411,3,203,10400013,0
411,4,204,10400014,0
411,5,205,10400015,0
411,6,206,10400016,0
411,7,207,10400017,0
411,8,208,10400018,0
411,9,209,10400019,0
411,10,210,10400020,0
412,1,301,10400011,0
412,2,302,10400012,0
412,3,303,10400013,0
412,4,304,10400014,0
412,5,305,10400015,0
412,6,306,10400016,0
412,7,307,10400017,0
412,8,308,10400018,0
412,9,309,10400019,0
412,10,310,10400020,0
413,1,101,10400011,0
413,2,102,10400012,0
413,3,103,10400013,0
413,4,104,10400014,0
413,5,105,10400015,0
413,6,106,10400016,0
413,7,107,10400017,0
413,8,108,10400018,0
413,9,109,10400019,0
413,10,110,10400020,0
414,1,201,10400021,0
414,2,202,10400022,0
414,3,203,10400023,0
414,4,204,10400024,0
414,5,205,10400025,0
414,6,206,10400026,0
414,7,207,10400027,0
414,8,208,10400028,0
414,9,209,10400029,0
414,10,210,10400030,0
415,1,301,10400021,0
415,2,302,10400022,0
415,3,303,10400023,0
415,4,304,10400024,0
415,5,305,10400025,0
415,6,306,10400026,0
415,7,307,10400027,0
415,8,308,10400028,0
415,9,309,10400029,0
415,10,310,10400030,0
416,1,101,10400031,0
416,2,102,10400032,0
416,3,103,10400033,0
416,4,104,10400034,0
416,5,105,10400035,0
416,6,106,10400036,0
416,7,107,10400037,0
416,8,108,10400038,0
416,9,109,10400039,0
416,10,110,10400040,0
417,1,101,10400031,0
417,2,102,10400032,0
417,3,103,10400033,0
417,4,104,10400034,0
417,5,105,10400035,0
417,6,106,10400036,0
417,7,107,10400037,0
417,8,108,10400038,0
417,9,109,10400039,0
417,10,110,10400040,0
418,1,201,10400031,0
418,2,202,10400032,0
418,3,203,10400033,0
418,4,204,10400034,0
418,5,205,10400035,0
418,6,206,10400036,0
418,7,207,10400037,0
418,8,208,10400038,0
418,9,209,10400039,0
418,10,210,10400040,0
419,1,201,10400031,0
419,2,202,10400032,0
419,3,203,10400033,0
419,4,204,10400034,0
419,5,205,10400035,0
419,6,206,10400036,0
419,7,207,10400037,0
419,8,208,10400038,0
419,9,209,10400039,0
419,10,210,10400040,0
420,1,201,10400031,0
420,2,202,10400032,0
420,3,203,10400033,0
420,4,204,10400034,0
420,5,205,10400035,0
420,6,206,10400036,0
420,7,207,10400037,0
420,8,208,10400038,0
420,9,209,10400039,0
420,10,210,10400040,0
421,1,201,10400031,0
421,2,202,10400032,0
421,3,203,10400033,0
421,4,204,10400034,0
421,5,205,10400035,0
421,6,206,10400036,0
421,7,207,10400037,0
421,8,208,10400038,0
421,9,209,10400039,0
421,10,210,10400040,0
422,1,301,10400041,0
422,2,302,10400042,0
422,3,303,10400043,0
422,4,304,10400044,0
422,5,305,10400045,0
422,6,306,10400046,0
422,7,307,10400047,0
422,8,308,10400048,0
422,9,309,10400049,0
422,10,310,10400050,0
423,1,101,10400041,0
423,2,102,10400042,0
423,3,103,10400043,0
423,4,104,10400044,0
423,5,105,10400045,0
423,6,106,10400046,0
423,7,107,10400047,0
423,8,108,10400048,0
423,9,109,10400049,0
423,10,110,10400050,0
424,1,201,10400051,0
424,2,202,10400052,0
424,3,203,10400053,0
424,4,204,10400054,0
424,5,205,10400055,0
424,6,206,10400056,0
424,7,207,10400057,0
424,8,208,10400058,0
424,9,209,10400059,0
424,10,210,10400060,0
425,1,301,10400051,0
425,2,302,10400052,0
425,3,303,10400053,0
425,4,304,10400054,0
425,5,305,10400055,0
425,6,306,10400056,0
425,7,307,10400057,0
425,8,308,10400058,0
425,9,309,10400059,0
425,10,310,10400060,0
426,1,101,10400061,0
426,2,102,10400062,0
426,3,103,10400063,0
426,4,104,10400064,0
426,5,105,10400065,0
426,6,106,10400066,0
426,7,107,10400067,0
426,8,108,10400068,0
426,9,109,10400069,0
426,10,110,10400070,0
427,1,101,10400061,0
427,2,102,10400062,0
427,3,103,10400063,0
427,4,104,10400064,0
427,5,105,10400065,0
427,6,106,10400066,0
427,7,107,10400067,0
427,8,108,10400068,0
427,9,109,10400069,0
427,10,110,10400070,0
428,1,101,10400061,0
428,2,102,10400062,0
428,3,103,10400063,0
428,4,104,10400064,0
428,5,105,10400065,0
428,6,106,10400066,0
428,7,107,10400067,0
428,8,108,10400068,0
428,9,109,10400069,0
428,10,110,10400070,0
429,1,301,10400071,0
429,2,302,10400072,0
429,3,303,10400073,0
429,4,304,10400074,0
429,5,305,10400075,0
429,6,306,10400076,0
429,7,307,10400077,0
429,8,308,10400078,0
429,9,309,10400079,0
429,10,310,10400080,0
430,1,301,10400081,0
430,2,302,10400082,0
430,3,303,10400083,0
430,4,304,10400084,0
430,5,305,10400085,0
430,6,306,10400086,0
430,7,307,10400087,0
430,8,308,10400088,0
430,9,309,10400089,0
430,10,310,10400090,0
431,1,101,10400091,0
431,2,102,10400092,0
431,3,103,10400093,0
431,4,104,10400094,0
431,5,105,10400095,0
431,6,106,10400096,0
431,7,107,10400097,0
431,8,108,10400098,0
431,9,109,10400099,0
431,10,110,10400100,0
432,1,101,10400091,0
432,2,102,10400092,0
432,3,103,10400093,0
432,4,104,10400094,0
432,5,105,10400095,0
432,6,106,10400096,0
432,7,107,10400097,0
432,8,108,10400098,0
432,9,109,10400099,0
432,10,110,10400100,0
433,1,101,10400091,0
433,2,102,10400092,0
433,3,103,10400093,0
433,4,104,10400094,0
433,5,105,10400095,0
433,6,106,10400096,0
433,7,107,10400097,0
433,8,108,10400098,0
433,9,109,10400099,0
433,10,110,10400100,0
434,1,201,10400101,0
434,2,202,10400102,0
434,3,203,10400103,0
434,4,204,10400104,0
434,5,205,10400105,0
434,6,206,10400106,0
434,7,207,10400107,0
434,8,208,10400108,0
434,9,209,10400109,0
434,10,210,10400110,0
435,1,301,10400111,0
435,2,302,10400112,0
435,3,303,10400113,0
435,4,304,10400114,0
435,5,305,10400115,0
435,6,306,10400116,0
435,7,307,10400117,0
435,8,308,10400118,0
435,9,309,10400119,0
435,10,310,10400120,0
436,1,301,10400121,0
436,2,302,10400122,0
436,3,303,10400123,0
436,4,304,10400124,0
436,5,305,10400125,0
436,6,306,10400126,0
436,7,307,10400127,0
436,8,308,10400128,0
436,9,309,10400129,0
436,10,310,10400130,0
437,1,301,10400121,0
437,2,302,10400122,0
437,3,303,10400123,0
437,4,304,10400124,0
437,5,305,10400125,0
437,6,306,10400126,0
437,7,307,10400127,0
437,8,308,10400128,0
437,9,309,10400129,0
437,10,310,10400130,0
438,1,101,10400131,0
438,2,102,10400132,0
438,3,103,10400133,0
438,4,104,10400134,0
438,5,105,10400135,0
438,6,106,10400136,0
438,7,107,10400137,0
438,8,108,10400138,0
438,9,109,10400139,0
438,10,110,10400140,0
439,1,101,10400131,0
439,2,102,10400132,0
439,3,103,10400133,0
439,4,104,10400134,0
439,5,105,10400135,0
439,6,106,10400136,0
439,7,107,10400137,0
439,8,108,10400138,0
439,9,109,10400139,0
439,10,110,10400140,0
440,1,201,10400141,0
440,2,202,10400142,0
440,3,203,10400143,0
440,4,204,10400144,0
440,5,205,10400145,0
440,6,206,10400146,0
440,7,207,10400147,0
440,8,208,10400148,0
440,9,209,10400149,0
440,10,210,10400150,0
441,1,201,10400151,0
441,2,202,10400152,0
441,3,203,10400153,0
441,4,204,10400154,0
441,5,205,10400155,0
441,6,206,10400156,0
441,7,207,10400157,0
441,8,208,10400158,0
441,9,209,10400159,0
441,10,210,10400160,0
442,1,201,10400151,0
442,2,202,10400152,0
442,3,203,10400153,0
442,4,204,10400154,0
442,5,205,10400155,0
442,6,206,10400156,0
442,7,207,10400157,0
442,8,208,10400158,0
442,9,209,10400159,0
442,10,210,10400160,0
443,1,201,10400161,0
443,2,202,10400162,0
443,3,203,10400163,0
443,4,204,10400164,0
443,5,205,10400165,0
443,6,206,10400166,0
443,7,207,10400167,0
443,8,208,10400168,0
443,9,209,10400169,0
443,10,210,10400170,0
444,1,201,10400161,0
444,2,202,10400162,0
444,3,203,10400163,0
444,4,204,10400164,0
444,5,205,10400165,0
444,6,206,10400166,0
444,7,207,10400167,0
444,8,208,10400168,0
444,9,209,10400169,0
444,10,210,10400170,0
445,1,301,10400171,0
445,2,302,10400172,0
445,3,303,10400173,0
445,4,304,10400174,0
445,5,305,10400175,0
445,6,306,10400176,0
445,7,307,10400177,0
445,8,308,10400178,0
445,9,309,10400179,0
445,10,310,10400180,0
446,1,100,910000070,0
447,1,301,910000073,0
447,2,302,910000074,0
447,3,303,910000075,0
447,4,304,910000076,0
447,5,305,910000077,0
447,6,306,910000078,0
447,7,307,910000079,0
447,8,308,910000080,0
447,9,309,910000081,0
447,10,310,910000082,0
448,1,301,910000083,0
448,2,302,910000084,0
448,3,303,910000085,0
448,4,304,910000086,0
448,5,305,910000087,0
448,6,306,910000088,0
448,7,307,910000089,0
448,8,308,910000090,0
448,9,309,910000091,0
448,10,310,910000092,0
449,1,100,910000071,0
450,1,100,910000072,0
451,1,301,10400081,0
451,2,302,10400082,0
451,3,303,10400083,0
451,4,304,10400084,0
451,5,305,10400085,0
451,6,306,10400086,0
451,7,307,10400087,0
451,8,308,10400088,0
451,9,309,10400089,0
451,10,310,10400090,0
452,1,301,10400081,0
452,2,302,10400082,0
452,3,303,10400083,0
452,4,304,10400084,0
452,5,305,10400085,0
452,6,306,10400086,0
452,7,307,10400087,0
452,8,308,10400088,0
452,9,309,10400089,0
452,10,310,10400090,0
453,1,301,10100021,0
453,2,302,10100022,0
453,3,303,10100023,0
453,4,304,10100024,0
453,5,305,10100025,0
453,6,306,10100026,0
453,7,307,10100027,0
453,8,308,10100028,0
453,9,309,10100029,0
453,10,310,10100030,0
454,1,301,10100021,0
454,2,302,10100022,0
454,3,303,10100023,0
454,4,304,10100024,0
454,5,305,10100025,0
454,6,306,10100026,0
454,7,307,10100027,0
454,8,308,10100028,0
454,9,309,10100029,0
454,10,310,10100030,0
455,1,301,10400021,0
455,2,302,10400022,0
455,3,303,10400023,0
455,4,304,10400024,0
455,5,305,10400025,0
455,6,306,10400026,0
455,7,307,10400027,0
455,8,308,10400028,0
455,9,309,10400029,0
455,10,310,10400030,0
456,1,301,10400021,0
456,2,302,10400022,0
456,3,303,10400023,0
456,4,304,10400024,0
456,5,305,10400025,0
456,6,306,10400026,0
456,7,307,10400027,0
456,8,308,10400028,0
456,9,309,10400029,0
456,10,310,10400030,0
457,1,401,10400204,0
457,2,402,10400205,0
457,3,403,10400206,0
457,4,404,10400207,0
457,5,405,10400208,0
457,6,406,10400209,0
457,7,407,10400210,0
457,8,408,10400211,0
457,9,409,10400212,0
457,10,410,10400213,0
458,1,401,10400214,0
458,2,402,10400215,0
458,3,403,10400216,0
458,4,404,10400217,0
458,5,405,10400218,0
458,6,406,10400219,0
458,7,407,10400220,0
458,8,408,10400221,0
458,9,409,10400222,0
458,10,410,10400223,0
459,1,401,10400224,0
459,2,402,10400225,0
459,3,403,10400226,0
459,4,404,10400227,0
459,5,405,10400228,0
459,6,406,10400229,0
459,7,407,10400230,0
459,8,408,10400231,0
459,9,409,10400232,0
459,10,410,10400233,0
460,1,301,10400081,0
460,2,302,10400082,0
460,3,303,10400083,0
460,4,304,10400084,0
460,5,305,10400085,0
460,6,306,10400086,0
460,7,307,10400087,0
460,8,308,10400088,0
460,9,309,10400089,0
460,10,310,10400090,0
461,1,301,10400081,0
461,2,302,10400082,0
461,3,303,10400083,0
461,4,304,10400084,0
461,5,305,10400085,0
461,6,306,10400086,0
461,7,307,10400087,0
461,8,308,10400088,0
461,9,309,10400089,0
461,10,310,10400090,0
462,1,301,10400081,0
462,2,302,10400082,0
462,3,303,10400083,0
462,4,304,10400084,0
462,5,305,10400085,0
462,6,306,10400086,0
462,7,307,10400087,0
462,8,308,10400088,0
462,9,309,10400089,0
462,10,310,10400090,0
463,1,301,10400081,0
463,2,302,10400082,0
463,3,303,10400083,0
463,4,304,10400084,0
463,5,305,10400085,0
463,6,306,10400086,0
463,7,307,10400087,0
463,8,308,10400088,0
463,9,309,10400089,0
463,10,310,10400090,0
464,1,301,10400244,0
464,2,302,10400245,0
464,3,303,10400246,0
464,4,304,10400247,0
464,5,305,10400248,0
464,6,306,10400249,0
464,7,307,10400250,0
464,8,308,10400251,0
464,9,309,10400252,0
464,10,310,10400253,0
465,1,301,10400244,0
465,2,302,10400245,0
465,3,303,10400246,0
465,4,304,10400247,0
465,5,305,10400248,0
465,6,306,10400249,0
465,7,307,10400250,0
465,8,308,10400251,0
465,9,309,10400252,0
465,10,310,10400253,0
466,1,301,10400244,0
466,2,302,10400245,0
466,3,303,10400246,0
466,4,304,10400247,0
466,5,305,10400248,0
466,6,306,10400249,0
466,7,307,10400250,0
466,8,308,10400251,0
466,9,309,10400252,0
466,10,310,10400253,0
467,1,301,10400244,0
467,2,302,10400245,0
467,3,303,10400246,0
467,4,304,10400247,0
467,5,305,10400248,0
467,6,306,10400249,0
467,7,307,10400250,0
467,8,308,10400251,0
467,9,309,10400252,0
467,10,310,10400253,0
468,1,301,10400021,0
468,2,302,10400022,0
468,3,303,10400023,0
468,4,304,10400024,0
468,5,305,10400025,0
468,6,306,10400026,0
468,7,307,10400027,0
468,8,308,10400028,0
468,9,309,10400029,0
468,10,310,10400030,0
469,1,301,10400021,0
469,2,302,10400022,0
469,3,303,10400023,0
469,4,304,10400024,0
469,5,305,10400025,0
469,6,306,10400026,0
469,7,307,10400027,0
469,8,308,10400028,0
469,9,309,10400029,0
469,10,310,10400030,0
470,1,301,10400021,0
470,2,302,10400022,0
470,3,303,10400023,0
470,4,304,10400024,0
470,5,305,10400025,0
470,6,306,10400026,0
470,7,307,10400027,0
470,8,308,10400028,0
470,9,309,10400029,0
470,10,310,10400030,0
471,1,301,10400021,0
471,2,302,10400022,0
471,3,303,10400023,0
471,4,304,10400024,0
471,5,305,10400025,0
471,6,306,10400026,0
471,7,307,10400027,0
471,8,308,10400028,0
471,9,309,10400029,0
471,10,310,10400030,0
472,1,301,910000163,0
472,2,302,910000164,0
472,3,303,910000165,0
472,4,304,910000166,0
472,5,305,910000167,0
472,6,306,910000168,0
472,7,307,910000169,0
472,8,308,910000170,0
472,9,309,910000171,0
472,10,310,910000172,0
473,1,301,910000163,0
473,2,302,910000164,0
473,3,303,910000165,0
473,4,304,910000166,0
473,5,305,910000167,0
473,6,306,910000168,0
473,7,307,910000169,0
473,8,308,910000170,0
473,9,309,910000171,0
473,10,310,910000172,0
474,1,301,10400284,0
474,2,302,10400285,0
474,3,303,10400286,0
474,4,304,10400287,0
474,5,305,10400288,0
474,6,306,10400289,0
474,7,307,10400290,0
474,8,308,10400291,0
474,9,309,10400292,0
474,10,310,10400293,0
475,1,301,10400284,0
475,2,302,10400285,0
475,3,303,10400286,0
475,4,304,10400287,0
475,5,305,10400288,0
475,6,306,10400289,0
475,7,307,10400290,0
475,8,308,10400291,0
475,9,309,10400292,0
475,10,310,10400293,0
476,1,301,910000183,0
476,2,302,910000184,0
476,3,303,910000185,0
476,4,304,910000186,0
476,5,305,910000187,0
476,6,306,910000188,0
476,7,307,910000189,0
476,8,308,910000190,0
476,9,309,910000191,0
476,10,310,910000192,0
477,1,301,910000183,0
477,2,302,910000184,0
477,3,303,910000185,0
477,4,304,910000186,0
477,5,305,910000187,0
477,6,306,910000188,0
477,7,307,910000189,0
477,8,308,910000190,0
477,9,309,910000191,0
477,10,310,910000192,0
478,1,401,10400224,0
478,2,402,10400225,0
478,3,403,10400226,0
478,4,404,10400227,0
478,5,405,10400228,0
478,6,406,10400229,0
478,7,407,10400230,0
478,8,408,10400231,0
478,9,409,10400232,0
478,10,410,10400233,0
479,1,401,10400264,0
479,2,402,10400265,0
479,3,403,10400266,0
479,4,404,10400267,0
479,5,405,10400268,0
479,6,406,10400269,0
479,7,407,10400270,0
479,8,408,10400271,0
479,9,409,10400272,0
479,10,410,10400273,0
480,1,401,10400274,0
480,2,402,10400275,0
480,3,403,10400276,0
480,4,404,10400277,0
480,5,405,10400278,0
480,6,406,10400279,0
480,7,407,10400280,0
480,8,408,10400281,0
480,9,409,10400282,0
480,10,410,10400283,0
481,1,201,10400101,0
481,2,202,10400102,0
481,3,203,10400103,0
481,4,204,10400104,0
481,5,205,10400105,0
481,6,206,10400106,0
481,7,207,10400107,0
481,8,208,10400108,0
481,9,209,10400109,0
481,10,210,10400110,0
482,1,201,10400101,0
482,2,202,10400102,0
482,3,203,10400103,0
482,4,204,10400104,0
482,5,205,10400105,0
482,6,206,10400106,0
482,7,207,10400107,0
482,8,208,10400108,0
482,9,209,10400109,0
482,10,210,10400110,0
483,1,301,10400051,0
483,2,302,10400052,0
483,3,303,10400053,0
483,4,304,10400054,0
483,5,305,10400055,0
483,6,306,10400056,0
483,7,307,10400057,0
483,8,308,10400058,0
483,9,309,10400059,0
483,10,310,10400060,0
484,1,301,10400051,0
484,2,302,10400052,0
484,3,303,10400053,0
484,4,304,10400054,0
484,5,305,10400055,0
484,6,306,10400056,0
484,7,307,10400057,0
484,8,308,10400058,0
484,9,309,10400059,0
484,10,310,10400060,0
485,1,301,10400021,0
485,2,302,10400022,0
485,3,303,10400023,0
485,4,304,10400024,0
485,5,305,10400025,0
485,6,306,10400026,0
485,7,307,10400027,0
485,8,308,10400028,0
485,9,309,10400029,0
485,10,310,10400030,0
486,1,301,10400021,0
486,2,302,10400022,0
486,3,303,10400023,0
486,4,304,10400024,0
486,5,305,10400025,0
486,6,306,10400026,0
486,7,307,10400027,0
486,8,308,10400028,0
486,9,309,10400029,0
486,10,310,10400030,0
487,1,301,10400294,0
487,2,302,10400295,0
487,3,303,10400296,0
487,4,304,10400297,0
487,5,305,10400298,0
487,6,306,10400299,0
487,7,307,10400300,0
487,8,308,10400301,0
487,9,309,10400302,0
487,10,310,10400303,0
488,1,301,10400141,0
488,2,302,10400142,0
488,3,303,10400143,0
488,4,304,10400144,0
488,5,305,10400145,0
488,6,306,10400146,0
488,7,307,10400147,0
488,8,308,10400148,0
488,9,309,10400149,0
488,10,310,10400150,0
489,1,301,10400171,0
489,2,302,10400172,0
489,3,303,10400173,0
489,4,304,10400174,0
489,5,305,10400175,0
489,6,306,10400176,0
489,7,307,10400177,0
489,8,308,10400178,0
489,9,309,10400179,0
489,10,310,10400180,0
490,1,401,10400304,0
490,2,402,10400305,0
490,3,403,10400306,0
490,4,404,10400307,0
490,5,405,10400308,0
490,6,406,10400309,0
490,7,407,10400310,0
490,8,408,10400311,0
490,9,409,10400312,0
490,10,410,10400313,0
491,1,401,10400324,0
491,2,402,10400325,0
491,3,403,10400326,0
491,4,404,10400327,0
491,5,405,10400328,0
491,6,406,10400329,0
491,7,407,10400330,0
491,8,408,10400331,0
491,9,409,10400332,0
491,10,410,10400333,0
492,1,401,10400314,0
492,2,402,10400315,0
492,3,403,10400316,0
492,4,404,10400317,0
492,5,405,10400318,0
492,6,406,10400319,0
492,7,407,10400320,0
492,8,408,10400321,0
492,9,409,10400322,0
492,10,410,10400323,0
493,1,301,10400111,0
493,2,302,10400112,0
493,3,303,10400113,0
493,4,304,10400114,0
493,5,305,10400115,0
493,6,306,10400116,0
493,7,307,10400117,0
493,8,308,10400118,0
493,9,309,10400119,0
493,10,310,10400120,0
494,1,301,10400111,0
494,2,302,10400112,0
494,3,303,10400113,0
494,4,304,10400114,0
494,5,305,10400115,0
494,6,306,10400116,0
494,7,307,10400117,0
494,8,308,10400118,0
494,9,309,10400119,0
494,10,310,10400120,0
495,1,301,10400051,0
495,2,302,10400052,0
495,3,303,10400053,0
495,4,304,10400054,0
495,5,305,10400055,0
495,6,306,10400056,0
495,7,307,10400057,0
495,8,308,10400058,0
495,9,309,10400059,0
495,10,310,10400060,0
496,1,301,10400051,0
496,2,302,10400052,0
496,3,303,10400053,0
496,4,304,10400054,0
496,5,305,10400055,0
496,6,306,10400056,0
496,7,307,10400057,0
496,8,308,10400058,0
496,9,309,10400059,0
496,10,310,10400060,0
497,1,301,10400021,0
497,2,302,10400022,0
497,3,303,10400023,0
497,4,304,10400024,0
497,5,305,10400025,0
497,6,306,10400026,0
497,7,307,10400027,0
497,8,308,10400028,0
497,9,309,10400029,0
497,10,310,10400030,0
498,1,301,10400021,0
498,2,302,10400022,0
498,3,303,10400023,0
498,4,304,10400024,0
498,5,305,10400025,0
498,6,306,10400026,0
498,7,307,10400027,0
498,8,308,10400028,0
498,9,309,10400029,0
498,10,310,10400030,0
499,1,301,910000163,0
499,2,302,910000164,0
499,3,303,910000165,0
499,4,304,910000166,0
499,5,305,910000167,0
499,6,306,910000168,0
499,7,307,910000169,0
499,8,308,910000170,0
499,9,309,910000171,0
499,10,310,910000172,0
501,1,101,10500001,0
501,2,102,10500002,0
501,3,103,10500003,0
501,4,104,10500004,0
501,5,105,10500005,0
501,6,106,10500006,0
501,7,107,10500007,0
501,8,108,10500008,0
501,9,109,10500009,0
501,10,110,10500010,0
502,1,101,10500001,0
502,2,102,10500002,0
502,3,103,10500003,0
502,4,104,10500004,0
502,5,105,10500005,0
502,6,106,10500006,0
502,7,107,10500007,0
502,8,108,10500008,0
502,9,109,10500009,0
502,10,110,10500010,0
503,1,101,10500001,0
503,2,102,10500002,0
503,3,103,10500003,0
503,4,104,10500004,0
503,5,105,10500005,0
503,6,106,10500006,0
503,7,107,10500007,0
503,8,108,10500008,0
503,9,109,10500009,0
503,10,110,10500010,0
504,1,101,10500001,0
504,2,102,10500002,0
504,3,103,10500003,0
504,4,104,10500004,0
504,5,105,10500005,0
504,6,106,10500006,0
504,7,107,10500007,0
504,8,108,10500008,0
504,9,109,10500009,0
504,10,110,10500010,0
505,1,101,10500001,0
505,2,102,10500002,0
505,3,103,10500003,0
505,4,104,10500004,0
505,5,105,10500005,0
505,6,106,10500006,0
505,7,107,10500007,0
505,8,108,10500008,0
505,9,109,10500009,0
505,10,110,10500010,0
506,1,101,10500001,0
506,2,102,10500002,0
506,3,103,10500003,0
506,4,104,10500004,0
506,5,105,10500005,0
506,6,106,10500006,0
506,7,107,10500007,0
506,8,108,10500008,0
506,9,109,10500009,0
506,10,110,10500010,0
507,1,101,10500001,0
507,2,102,10500002,0
507,3,103,10500003,0
507,4,104,10500004,0
507,5,105,10500005,0
507,6,106,10500006,0
507,7,107,10500007,0
507,8,108,10500008,0
507,9,109,10500009,0
507,10,110,10500010,0
508,1,101,10500001,0
508,2,102,10500002,0
508,3,103,10500003,0
508,4,104,10500004,0
508,5,105,10500005,0
508,6,106,10500006,0
508,7,107,10500007,0
508,8,108,10500008,0
508,9,109,10500009,0
508,10,110,10500010,0
509,1,201,10500011,0
509,2,202,10500012,0
509,3,203,10500013,0
509,4,204,10500014,0
509,5,205,10500015,0
509,6,206,10500016,0
509,7,207,10500017,0
509,8,208,10500018,0
509,9,209,10500019,0
509,10,210,10500020,0
510,1,201,10500011,0
510,2,202,10500012,0
510,3,203,10500013,0
510,4,204,10500014,0
510,5,205,10500015,0
510,6,206,10500016,0
510,7,207,10500017,0
510,8,208,10500018,0
510,9,209,10500019,0
510,10,210,10500020,0
511,1,201,10500011,0
511,2,202,10500012,0
511,3,203,10500013,0
511,4,204,10500014,0
511,5,205,10500015,0
511,6,206,10500016,0
511,7,207,10500017,0
511,8,208,10500018,0
511,9,209,10500019,0
511,10,210,10500020,0
512,1,201,10500011,0
512,2,202,10500012,0
512,3,203,10500013,0
512,4,204,10500014,0
512,5,205,10500015,0
512,6,206,10500016,0
512,7,207,10500017,0
512,8,208,10500018,0
512,9,209,10500019,0
512,10,210,10500020,0
513,1,201,10500011,0
513,2,202,10500012,0
513,3,203,10500013,0
513,4,204,10500014,0
513,5,205,10500015,0
513,6,206,10500016,0
513,7,207,10500017,0
513,8,208,10500018,0
513,9,209,10500019,0
513,10,210,10500020,0
514,1,301,10500021,0
514,2,302,10500022,0
514,3,303,10500023,0
514,4,304,10500024,0
514,5,305,10500025,0
514,6,306,10500026,0
514,7,307,10500027,0
514,8,308,10500028,0
514,9,309,10500029,0
514,10,310,10500030,0
515,1,301,10500021,0
515,2,302,10500022,0
515,3,303,10500023,0
515,4,304,10500024,0
515,5,305,10500025,0
515,6,306,10500026,0
515,7,307,10500027,0
515,8,308,10500028,0
515,9,309,10500029,0
515,10,310,10500030,0
516,1,101,10500031,0
516,2,102,10500032,0
516,3,103,10500033,0
516,4,104,10500034,0
516,5,105,10500035,0
516,6,106,10500036,0
516,7,107,10500037,0
516,8,108,10500038,0
516,9,109,10500039,0
516,10,110,10500040,0
517,1,101,10500031,0
517,2,102,10500032,0
517,3,103,10500033,0
517,4,104,10500034,0
517,5,105,10500035,0
517,6,106,10500036,0
517,7,107,10500037,0
517,8,108,10500038,0
517,9,109,10500039,0
517,10,110,10500040,0
518,1,101,10500031,0
518,2,102,10500032,0
518,3,103,10500033,0
518,4,104,10500034,0
518,5,105,10500035,0
518,6,106,10500036,0
518,7,107,10500037,0
518,8,108,10500038,0
518,9,109,10500039,0
518,10,110,10500040,0
519,1,201,10500041,0
519,2,202,10500042,0
519,3,203,10500043,0
519,4,204,10500044,0
519,5,205,10500045,0
519,6,206,10500046,0
519,7,207,10500047,0
519,8,208,10500048,0
519,9,209,10500049,0
519,10,210,10500050,0
520,1,301,10500051,0
520,2,302,10500052,0
520,3,303,10500053,0
520,4,304,10500054,0
520,5,305,10500055,0
520,6,306,10500056,0
520,7,307,10500057,0
520,8,308,10500058,0
520,9,309,10500059,0
520,10,310,10500060,0
521,1,101,10500061,0
521,2,102,10500062,0
521,3,103,10500063,0
521,4,104,10500064,0
521,5,105,10500065,0
521,6,106,10500066,0
521,7,107,10500067,0
521,8,108,10500068,0
521,9,109,10500069,0
521,10,110,10500070,0
522,1,201,10500071,0
522,2,202,10500072,0
522,3,203,10500073,0
522,4,204,10500074,0
522,5,205,10500075,0
522,6,206,10500076,0
522,7,207,10500077,0
522,8,208,10500078,0
522,9,209,10500079,0
522,10,210,10500080,0
523,1,201,10500071,0
523,2,202,10500072,0
523,3,203,10500073,0
523,4,204,10500074,0
523,5,205,10500075,0
523,6,206,10500076,0
523,7,207,10500077,0
523,8,208,10500078,0
523,9,209,10500079,0
523,10,210,10500080,0
524,1,301,10500081,0
524,2,302,10500082,0
524,3,303,10500083,0
524,4,304,10500084,0
524,5,305,10500085,0
524,6,306,10500086,0
524,7,307,10500087,0
524,8,308,10500088,0
524,9,309,10500089,0
524,10,310,10500090,0
525,1,301,10500081,0
525,2,302,10500082,0
525,3,303,10500083,0
525,4,304,10500084,0
525,5,305,10500085,0
525,6,306,10500086,0
525,7,307,10500087,0
525,8,308,10500088,0
525,9,309,10500089,0
525,10,310,10500090,0
526,1,101,10500091,0
526,2,102,10500092,0
526,3,103,10500093,0
526,4,104,10500094,0
526,5,105,10500095,0
526,6,106,10500096,0
526,7,107,10500097,0
526,8,108,10500098,0
526,9,109,10500099,0
526,10,110,10500100,0
527,1,101,10500091,0
527,2,102,10500092,0
527,3,103,10500093,0
527,4,104,10500094,0
527,5,105,10500095,0
527,6,106,10500096,0
527,7,107,10500097,0
527,8,108,10500098,0
527,9,109,10500099,0
527,10,110,10500100,0
528,1,101,10500091,0
528,2,102,10500092,0
528,3,103,10500093,0
528,4,104,10500094,0
528,5,105,10500095,0
528,6,106,10500096,0
528,7,107,10500097,0
528,8,108,10500098,0
528,9,109,10500099,0
528,10,110,10500100,0
529,1,201,10500101,0
529,2,202,10500102,0
529,3,203,10500103,0
529,4,204,10500104,0
529,5,205,10500105,0
529,6,206,10500106,0
529,7,207,10500107,0
529,8,208,10500108,0
529,9,209,10500109,0
529,10,210,10500110,0
530,1,301,10500111,0
530,2,302,10500112,0
530,3,303,10500113,0
530,4,304,10500114,0
530,5,305,10500115,0
530,6,306,10500116,0
530,7,307,10500117,0
530,8,308,10500118,0
530,9,309,10500119,0
530,10,310,10500120,0
531,1,101,10500091,0
531,2,102,10500092,0
531,3,103,10500093,0
531,4,104,10500094,0
531,5,105,10500095,0
531,6,106,10500096,0
531,7,107,10500097,0
531,8,108,10500098,0
531,9,109,10500099,0
531,10,110,10500100,0
532,1,201,10500101,0
532,2,202,10500102,0
532,3,203,10500103,0
532,4,204,10500104,0
532,5,205,10500105,0
532,6,206,10500106,0
532,7,207,10500107,0
532,8,208,10500108,0
532,9,209,10500109,0
532,10,210,10500110,0
533,1,201,10500101,0
533,2,202,10500102,0
533,3,203,10500103,0
533,4,204,10500104,0
533,5,205,10500105,0
533,6,206,10500106,0
533,7,207,10500107,0
533,8,208,10500108,0
533,9,209,10500109,0
533,10,210,10500110,0
534,1,301,10500111,0
534,2,302,10500112,0
534,3,303,10500113,0
534,4,304,10500114,0
534,5,305,10500115,0
534,6,306,10500116,0
534,7,307,10500117,0
534,8,308,10500118,0
534,9,309,10500119,0
534,10,310,10500120,0
535,1,301,10500111,0
535,2,302,10500112,0
535,3,303,10500113,0
535,4,304,10500114,0
535,5,305,10500115,0
535,6,306,10500116,0
535,7,307,10500117,0
535,8,308,10500118,0
535,9,309,10500119,0
535,10,310,10500120,0
536,1,101,10500121,0
536,2,102,10500122,0
536,3,103,10500123,0
536,4,104,10500124,0
536,5,105,10500125,0
536,6,106,10500126,0
536,7,107,10500127,0
536,8,108,10500128,0
536,9,109,10500129,0
536,10,110,10500130,0
537,1,101,10500121,0
537,2,102,10500122,0
537,3,103,10500123,0
537,4,104,10500124,0
537,5,105,10500125,0
537,6,106,10500126,0
537,7,107,10500127,0
537,8,108,10500128,0
537,9,109,10500129,0
537,10,110,10500130,0
538,1,201,10500131,0
538,2,202,10500132,0
538,3,203,10500133,0
538,4,204,10500134,0
538,5,205,10500135,0
538,6,206,10500136,0
538,7,207,10500137,0
538,8,208,10500138,0
538,9,209,10500139,0
538,10,210,10500140,0
539,1,201,10500131,0
539,2,202,10500132,0
539,3,203,10500133,0
539,4,204,10500134,0
539,5,205,10500135,0
539,6,206,10500136,0
539,7,207,10500137,0
539,8,208,10500138,0
539,9,209,10500139,0
539,10,210,10500140,0
540,1,301,10500141,0
540,2,302,10500142,0
540,3,303,10500143,0
540,4,304,10500144,0
540,5,305,10500145,0
540,6,306,10500146,0
540,7,307,10500147,0
540,8,308,10500148,0
540,9,309,10500149,0
540,10,310,10500150,0
541,1,101,10500151,0
541,2,102,10500152,0
541,3,103,10500153,0
541,4,104,10500154,0
541,5,105,10500155,0
541,6,106,10500156,0
541,7,107,10500157,0
541,8,108,10500158,0
541,9,109,10500159,0
541,10,110,10500160,0
542,1,101,10500151,0
542,2,102,10500152,0
542,3,103,10500153,0
542,4,104,10500154,0
542,5,105,10500155,0
542,6,106,10500156,0
542,7,107,10500157,0
542,8,108,10500158,0
542,9,109,10500159,0
542,10,110,10500160,0
543,1,201,10500161,0
543,2,202,10500162,0
543,3,203,10500163,0
543,4,204,10500164,0
543,5,205,10500165,0
543,6,206,10500166,0
543,7,207,10500167,0
543,8,208,10500168,0
543,9,209,10500169,0
543,10,210,10500170,0
544,1,201,10500161,0
544,2,202,10500162,0
544,3,203,10500163,0
544,4,204,10500164,0
544,5,205,10500165,0
544,6,206,10500166,0
544,7,207,10500167,0
544,8,208,10500168,0
544,9,209,10500169,0
544,10,210,10500170,0
545,1,301,10500171,0
545,2,302,10500172,0
545,3,303,10500173,0
545,4,304,10500174,0
545,5,305,10500175,0
545,6,306,10500176,0
545,7,307,10500177,0
545,8,308,10500178,0
545,9,309,10500179,0
545,10,310,10500180,0
546,1,100,910000193,0
547,1,100,910000194,0
548,1,100,910000195,0
549,1,301,910000196,0
549,2,302,910000197,0
549,3,303,910000198,0
549,4,304,910000199,0
549,5,305,910000200,0
549,6,306,910000201,0
549,7,307,910000202,0
549,8,308,910000203,0
549,9,309,910000204,0
549,10,310,910000205,0
550,1,301,910000206,0
550,2,302,910000207,0
550,3,303,910000208,0
550,4,304,910000209,0
550,5,305,910000210,0
550,6,306,910000211,0
550,7,307,910000212,0
550,8,308,910000213,0
550,9,309,910000214,0
550,10,310,910000215,0
551,1,301,10500021,0
551,2,302,10500022,0
551,3,303,10500023,0
551,4,304,10500024,0
551,5,305,10500025,0
551,6,306,10500026,0
551,7,307,10500027,0
551,8,308,10500028,0
551,9,309,10500029,0
551,10,310,10500030,0
552,1,301,10500021,0
552,2,302,10500022,0
552,3,303,10500023,0
552,4,304,10500024,0
552,5,305,10500025,0
552,6,306,10500026,0
552,7,307,10500027,0
552,8,308,10500028,0
552,9,309,10500029,0
552,10,310,10500030,0
553,1,301,10500081,0
553,2,302,10500082,0
553,3,303,10500083,0
553,4,304,10500084,0
553,5,305,10500085,0
553,6,306,10500086,0
553,7,307,10500087,0
553,8,308,10500088,0
553,9,309,10500089,0
553,10,310,10500090,0
554,1,301,10500081,0
554,2,302,10500082,0
554,3,303,10500083,0
554,4,304,10500084,0
554,5,305,10500085,0
554,6,306,10500086,0
554,7,307,10500087,0
554,8,308,10500088,0
554,9,309,10500089,0
554,10,310,10500090,0
555,1,301,10500111,0
555,2,302,10500112,0
555,3,303,10500113,0
555,4,304,10500114,0
555,5,305,10500115,0
555,6,306,10500116,0
555,7,307,10500117,0
555,8,308,10500118,0
555,9,309,10500119,0
555,10,310,10500120,0
556,1,301,10500111,0
556,2,302,10500112,0
556,3,303,10500113,0
556,4,304,10500114,0
556,5,305,10500115,0
556,6,306,10500116,0
556,7,307,10500117,0
556,8,308,10500118,0
556,9,309,10500119,0
556,10,310,10500120,0
557,1,401,10500201,0
557,2,402,10500202,0
557,3,403,10500203,0
557,4,404,10500204,0
557,5,405,10500205,0
557,6,406,10500206,0
557,7,407,10500207,0
557,8,408,10500208,0
557,9,409,10500209,0
557,10,410,10500210,0
558,1,401,10500211,0
558,2,402,10500212,0
558,3,403,10500213,0
558,4,404,10500214,0
558,5,405,10500215,0
558,6,406,10500216,0
558,7,407,10500217,0
558,8,408,10500218,0
558,9,409,10500219,0
558,10,410,10500220,0
559,1,401,10500221,0
559,2,402,10500222,0
559,3,403,10500223,0
559,4,404,10500224,0
559,5,405,10500225,0
559,6,406,10500226,0
559,7,407,10500227,0
559,8,408,10500228,0
559,9,409,10500229,0
559,10,410,10500230,0
560,1,301,10500021,0
560,2,302,10500022,0
560,3,303,10500023,0
560,4,304,10500024,0
560,5,305,10500025,0
560,6,306,10500026,0
560,7,307,10500027,0
560,8,308,10500028,0
560,9,309,10500029,0
560,10,310,10500030,0
561,1,301,10500021,0
561,2,302,10500022,0
561,3,303,10500023,0
561,4,304,10500024,0
561,5,305,10500025,0
561,6,306,10500026,0
561,7,307,10500027,0
561,8,308,10500028,0
561,9,309,10500029,0
561,10,310,10500030,0
562,1,301,10500021,0
562,2,302,10500022,0
562,3,303,10500023,0
562,4,304,10500024,0
562,5,305,10500025,0
562,6,306,10500026,0
562,7,307,10500027,0
562,8,308,10500028,0
562,9,309,10500029,0
562,10,310,10500030,0
563,1,301,10500021,0
563,2,302,10500022,0
563,3,303,10500023,0
563,4,304,10500024,0
563,5,305,10500025,0
563,6,306,10500026,0
563,7,307,10500027,0
563,8,308,10500028,0
563,9,309,10500029,0
563,10,310,10500030,0
564,1,301,10500081,0
564,2,302,10500082,0
564,3,303,10500083,0
564,4,304,10500084,0
564,5,305,10500085,0
564,6,306,10500086,0
564,7,307,10500087,0
564,8,308,10500088,0
564,9,309,10500089,0
564,10,310,10500090,0
565,1,301,10500081,0
565,2,302,10500082,0
565,3,303,10500083,0
565,4,304,10500084,0
565,5,305,10500085,0
565,6,306,10500086,0
565,7,307,10500087,0
565,8,308,10500088,0
565,9,309,10500089,0
565,10,310,10500090,0
566,1,301,10500051,0
566,2,302,10500052,0
566,3,303,10500053,0
566,4,304,10500054,0
566,5,305,10500055,0
566,6,306,10500056,0
566,7,307,10500057,0
566,8,308,10500058,0
566,9,309,10500059,0
566,10,310,10500060,0
567,1,301,10500051,0
567,2,302,10500052,0
567,3,303,10500053,0
567,4,304,10500054,0
567,5,305,10500055,0
567,6,306,10500056,0
567,7,307,10500057,0
567,8,308,10500058,0
567,9,309,10500059,0
567,10,310,10500060,0
568,1,301,10500111,0
568,2,302,10500112,0
568,3,303,10500113,0
568,4,304,10500114,0
568,5,305,10500115,0
568,6,306,10500116,0
568,7,307,10500117,0
568,8,308,10500118,0
568,9,309,10500119,0
568,10,310,10500120,0
569,1,301,10500111,0
569,2,302,10500112,0
569,3,303,10500113,0
569,4,304,10500114,0
569,5,305,10500115,0
569,6,306,10500116,0
569,7,307,10500117,0
569,8,308,10500118,0
569,9,309,10500119,0
569,10,310,10500120,0
570,1,301,10500111,0
570,2,302,10500112,0
570,3,303,10500113,0
570,4,304,10500114,0
570,5,305,10500115,0
570,6,306,10500116,0
570,7,307,10500117,0
570,8,308,10500118,0
570,9,309,10500119,0
570,10,310,10500120,0
571,1,301,10500111,0
571,2,302,10500112,0
571,3,303,10500113,0
571,4,304,10500114,0
571,5,305,10500115,0
571,6,306,10500116,0
571,7,307,10500117,0
571,8,308,10500118,0
571,9,309,10500119,0
571,10,310,10500120,0
572,1,301,10500181,0
572,2,302,10500182,0
572,3,303,10500183,0
572,4,304,10500184,0
572,5,305,10500185,0
572,6,306,10500186,0
572,7,307,10500187,0
572,8,308,10500188,0
572,9,309,10500189,0
572,10,310,10500190,0
573,1,301,10500181,0
573,2,302,10500182,0
573,3,303,10500183,0
573,4,304,10500184,0
573,5,305,10500185,0
573,6,306,10500186,0
573,7,307,10500187,0
573,8,308,10500188,0
573,9,309,10500189,0
573,10,310,10500190,0
574,1,301,10500181,0
574,2,302,10500182,0
574,3,303,10500183,0
574,4,304,10500184,0
574,5,305,10500185,0
574,6,306,10500186,0
574,7,307,10500187,0
574,8,308,10500188,0
574,9,309,10500189,0
574,10,310,10500190,0
575,1,301,10500191,0
575,2,302,10500192,0
575,3,303,10500193,0
575,4,304,10500194,0
575,5,305,10500195,0
575,6,306,10500196,0
575,7,307,10500197,0
575,8,308,10500198,0
575,9,309,10500199,0
575,10,310,10500200,0
576,1,301,10500191,0
576,2,302,10500192,0
576,3,303,10500193,0
576,4,304,10500194,0
576,5,305,10500195,0
576,6,306,10500196,0
576,7,307,10500197,0
576,8,308,10500198,0
576,9,309,10500199,0
576,10,310,10500200,0
577,1,301,10500191,0
577,2,302,10500192,0
577,3,303,10500193,0
577,4,304,10500194,0
577,5,305,10500195,0
577,6,306,10500196,0
577,7,307,10500197,0
577,8,308,10500198,0
577,9,309,10500199,0
577,10,310,10500200,0
578,1,401,10500231,0
578,2,402,10500232,0
578,3,403,10500233,0
578,4,404,10500234,0
578,5,405,10500235,0
578,6,406,10500236,0
578,7,407,10500237,0
578,8,408,10500238,0
578,9,409,10500239,0
578,10,410,10500240,0
579,1,401,10500221,0
579,2,402,10500222,0
579,3,403,10500223,0
579,4,404,10500224,0
579,5,405,10500225,0
579,6,406,10500226,0
579,7,407,10500227,0
579,8,408,10500228,0
579,9,409,10500229,0
579,10,410,10500230,0
580,1,401,10500241,0
580,2,402,10500242,0
580,3,403,10500243,0
580,4,404,10500244,0
580,5,405,10500245,0
580,6,406,10500246,0
580,7,407,10500247,0
580,8,408,10500248,0
580,9,409,10500249,0
580,10,410,10500250,0
581,1,201,10500011,0
581,2,202,10500012,0
581,3,203,10500013,0
581,4,204,10500014,0
581,5,205,10500015,0
581,6,206,10500016,0
581,7,207,10500017,0
581,8,208,10500018,0
581,9,209,10500019,0
581,10,210,10500020,0
582,1,301,10500021,0
582,2,302,10500022,0
582,3,303,10500023,0
582,4,304,10500024,0
582,5,305,10500025,0
582,6,306,10500026,0
582,7,307,10500027,0
582,8,308,10500028,0
582,9,309,10500029,0
582,10,310,10500030,0
583,1,301,10500021,0
583,2,302,10500022,0
583,3,303,10500023,0
583,4,304,10500024,0
583,5,305,10500025,0
583,6,306,10500026,0
583,7,307,10500027,0
583,8,308,10500028,0
583,9,309,10500029,0
583,10,310,10500030,0
584,1,201,10500041,0
584,2,202,10500042,0
584,3,203,10500043,0
584,4,204,10500044,0
584,5,205,10500045,0
584,6,206,10500046,0
584,7,207,10500047,0
584,8,208,10500048,0
584,9,209,10500049,0
584,10,210,10500050,0
585,1,301,10500051,0
585,2,302,10500052,0
585,3,303,10500053,0
585,4,304,10500054,0
585,5,305,10500055,0
585,6,306,10500056,0
585,7,307,10500057,0
585,8,308,10500058,0
585,9,309,10500059,0
585,10,310,10500060,0
586,1,301,10500051,0
586,2,302,10500052,0
586,3,303,10500053,0
586,4,304,10500054,0
586,5,305,10500055,0
586,6,306,10500056,0
586,7,307,10500057,0
586,8,308,10500058,0
586,9,309,10500059,0
586,10,310,10500060,0
587,1,301,10500191,0
587,2,302,10500192,0
587,3,303,10500193,0
587,4,304,10500194,0
587,5,305,10500195,0
587,6,306,10500196,0
587,7,307,10500197,0
587,8,308,10500198,0
587,9,309,10500199,0
587,10,310,10500200,0
588,1,301,10500141,0
588,2,302,10500142,0
588,3,303,10500143,0
588,4,304,10500144,0
588,5,305,10500145,0
588,6,306,10500146,0
588,7,307,10500147,0
588,8,308,10500148,0
588,9,309,10500149,0
588,10,310,10500150,0
589,1,301,10500171,0
589,2,302,10500172,0
589,3,303,10500173,0
589,4,304,10500174,0
589,5,305,10500175,0
589,6,306,10500176,0
589,7,307,10500177,0
589,8,308,10500178,0
589,9,309,10500179,0
589,10,310,10500180,0
590,1,401,10500231,0
590,2,402,10500232,0
590,3,403,10500233,0
590,4,404,10500234,0
590,5,405,10500235,0
590,6,406,10500236,0
590,7,407,10500237,0
590,8,408,10500238,0
590,9,409,10500239,0
590,10,410,10500240,0
591,1,401,10500251,0
591,2,402,10500252,0
591,3,403,10500253,0
591,4,404,10500254,0
591,5,405,10500255,0
591,6,406,10500256,0
591,7,407,10500257,0
591,8,408,10500258,0
591,9,409,10500259,0
591,10,410,10500260,0
592,1,401,10500261,0
592,2,402,10500262,0
592,3,403,10500263,0
592,4,404,10500264,0
592,5,405,10500265,0
592,6,406,10500266,0
592,7,407,10500267,0
592,8,408,10500268,0
592,9,409,10500269,0
592,10,410,10500270,0
593,1,301,10500021,0
593,2,302,10500022,0
593,3,303,10500023,0
593,4,304,10500024,0
593,5,305,10500025,0
593,6,306,10500026,0
593,7,307,10500027,0
593,8,308,10500028,0
593,9,309,10500029,0
593,10,310,10500030,0
594,1,301,10500021,0
594,2,302,10500022,0
594,3,303,10500023,0
594,4,304,10500024,0
594,5,305,10500025,0
594,6,306,10500026,0
594,7,307,10500027,0
594,8,308,10500028,0
594,9,309,10500029,0
594,10,310,10500030,0
595,1,301,10500021,0
595,2,302,10500022,0
595,3,303,10500023,0
595,4,304,10500024,0
595,5,305,10500025,0
595,6,306,10500026,0
595,7,307,10500027,0
595,8,308,10500028,0
595,9,309,10500029,0
595,10,310,10500030,0
596,1,301,10500051,0
596,2,302,10500052,0
596,3,303,10500053,0
596,4,304,10500054,0
596,5,305,10500055,0
596,6,306,10500056,0
596,7,307,10500057,0
596,8,308,10500058,0
596,9,309,10500059,0
596,10,310,10500060,0
597,1,301,10500051,0
597,2,302,10500052,0
597,3,303,10500053,0
597,4,304,10500054,0
597,5,305,10500055,0
597,6,306,10500056,0
597,7,307,10500057,0
597,8,308,10500058,0
597,9,309,10500059,0
597,10,310,10500060,0
598,1,301,10500051,0
598,2,302,10500052,0
598,3,303,10500053,0
598,4,304,10500054,0
598,5,305,10500055,0
598,6,306,10500056,0
598,7,307,10500057,0
598,8,308,10500058,0
598,9,309,10500059,0
598,10,310,10500060,0
599,1,301,10500191,0
599,2,302,10500192,0
599,3,303,10500193,0
599,4,304,10500194,0
599,5,305,10500195,0
599,6,306,10500196,0
599,7,307,10500197,0
599,8,308,10500198,0
599,9,309,10500199,0
599,10,310,10500200,0
1100,1,301,10100284,0
1100,2,302,10100285,0
1100,3,303,10100286,0
1100,4,304,10100287,0
1100,5,305,10100288,0
1100,6,306,10100289,0
1100,7,307,10100290,0
1100,8,308,10100291,0
1100,9,309,10100292,0
1100,10,310,10100293,0
1101,1,301,10100284,0
1101,2,302,10100285,0
1101,3,303,10100286,0
1101,4,304,10100287,0
1101,5,305,10100288,0
1101,6,306,10100289,0
1101,7,307,10100290,0
1101,8,308,10100291,0
1101,9,309,10100292,0
1101,10,310,10100293,0
1102,1,401,10100234,0
1102,2,402,10100235,0
1102,3,403,10100236,0
1102,4,404,10100237,0
1102,5,405,10100238,0
1102,6,406,10100239,0
1102,7,407,10100240,0
1102,8,408,10100241,0
1102,9,409,10100242,0
1102,10,410,10100243,0
1103,1,401,10100224,0
1103,2,402,10100225,0
1103,3,403,10100226,0
1103,4,404,10100227,0
1103,5,405,10100228,0
1103,6,406,10100229,0
1103,7,407,10100230,0
1103,8,408,10100231,0
1103,9,409,10100232,0
1103,10,410,10100233,0
1104,1,401,10100234,0
1104,2,402,10100235,0
1104,3,403,10100236,0
1104,4,404,10100237,0
1104,5,405,10100238,0
1104,6,406,10100239,0
1104,7,407,10100240,0
1104,8,408,10100241,0
1104,9,409,10100242,0
1104,10,410,10100243,0
1105,1,301,10100021,0
1105,2,302,10100022,0
1105,3,303,10100023,0
1105,4,304,10100024,0
1105,5,305,10100025,0
1105,6,306,10100026,0
1105,7,307,10100027,0
1105,8,308,10100028,0
1105,9,309,10100029,0
1105,10,310,10100030,0
1106,1,301,10100021,0
1106,2,302,10100022,0
1106,3,303,10100023,0
1106,4,304,10100024,0
1106,5,305,10100025,0
1106,6,306,10100026,0
1106,7,307,10100027,0
1106,8,308,10100028,0
1106,9,309,10100029,0
1106,10,310,10100030,0
1107,1,301,10100081,0
1107,2,302,10100082,0
1107,3,303,10100083,0
1107,4,304,10100084,0
1107,5,305,10100085,0
1107,6,306,10100086,0
1107,7,307,10100087,0
1107,8,308,10100088,0
1107,9,309,10100089,0
1107,10,310,10100090,0
1108,1,301,10100111,0
1108,2,302,10100112,0
1108,3,303,10100113,0
1108,4,304,10100114,0
1108,5,305,10100115,0
1108,6,306,10100116,0
1108,7,307,10100117,0
1108,8,308,10100118,0
1108,9,309,10100119,0
1108,10,310,10100120,0
1109,1,301,10100111,0
1109,2,302,10100112,0
1109,3,303,10100113,0
1109,4,304,10100114,0
1109,5,305,10100115,0
1109,6,306,10100116,0
1109,7,307,10100117,0
1109,8,308,10100118,0
1109,9,309,10100119,0
1109,10,310,10100120,0
1110,1,301,10100111,0
1110,2,302,10100112,0
1110,3,303,10100113,0
1110,4,304,10100114,0
1110,5,305,10100115,0
1110,6,306,10100116,0
1110,7,307,10100117,0
1110,8,308,10100118,0
1110,9,309,10100119,0
1110,10,310,10100120,0
1111,1,301,910000093,0
1111,2,302,910000094,0
1111,3,303,910000095,0
1111,4,304,910000096,0
1111,5,305,910000097,0
1111,6,306,910000098,0
1111,7,307,910000099,0
1111,8,308,910000100,0
1111,9,309,910000101,0
1111,10,310,910000102,0
1112,1,301,910000103,0
1112,2,302,910000104,0
1112,3,303,910000105,0
1112,4,304,910000106,0
1112,5,305,910000107,0
1112,6,306,910000108,0
1112,7,307,910000109,0
1112,8,308,910000110,0
1112,9,309,910000111,0
1112,10,310,910000112,0
1113,1,301,910000103,0
1113,2,302,910000104,0
1113,3,303,910000105,0
1113,4,304,910000106,0
1113,5,305,910000107,0
1113,6,306,910000108,0
1113,7,307,910000109,0
1113,8,308,910000110,0
1113,9,309,910000111,0
1113,10,310,910000112,0
1114,1,401,10100234,0
1114,2,402,10100235,0
1114,3,403,10100236,0
1114,4,404,10100237,0
1114,5,405,10100238,0
1114,6,406,10100239,0
1114,7,407,10100240,0
1114,8,408,10100241,0
1114,9,409,10100242,0
1114,10,410,10100243,0
1115,1,401,10100264,0
1115,2,402,10100265,0
1115,3,403,10100266,0
1115,4,404,10100267,0
1115,5,405,10100268,0
1115,6,406,10100269,0
1115,7,407,10100270,0
1115,8,408,10100271,0
1115,9,409,10100272,0
1115,10,410,10100273,0
1116,1,401,10100234,0
1116,2,402,10100235,0
1116,3,403,10100236,0
1116,4,404,10100237,0
1116,5,405,10100238,0
1116,6,406,10100239,0
1116,7,407,10100240,0
1116,8,408,10100241,0
1116,9,409,10100242,0
1116,10,410,10100243,0
1117,1,301,10100021,0
1117,2,302,10100022,0
1117,3,303,10100023,0
1117,4,304,10100024,0
1117,5,305,10100025,0
1117,6,306,10100026,0
1117,7,307,10100027,0
1117,8,308,10100028,0
1117,9,309,10100029,0
1117,10,310,10100030,0
1118,1,301,10100021,0
1118,2,302,10100022,0
1118,3,303,10100023,0
1118,4,304,10100024,0
1118,5,305,10100025,0
1118,6,306,10100026,0
1118,7,307,10100027,0
1118,8,308,10100028,0
1118,9,309,10100029,0
1118,10,310,10100030,0
1119,1,301,10100081,0
1119,2,302,10100082,0
1119,3,303,10100083,0
1119,4,304,10100084,0
1119,5,305,10100085,0
1119,6,306,10100086,0
1119,7,307,10100087,0
1119,8,308,10100088,0
1119,9,309,10100089,0
1119,10,310,10100090,0
1120,1,301,10100081,0
1120,2,302,10100082,0
1120,3,303,10100083,0
1120,4,304,10100084,0
1120,5,305,10100085,0
1120,6,306,10100086,0
1120,7,307,10100087,0
1120,8,308,10100088,0
1120,9,309,10100089,0
1120,10,310,10100090,0
1121,1,301,10100111,0
1121,2,302,10100112,0
1121,3,303,10100113,0
1121,4,304,10100114,0
1121,5,305,10100115,0
1121,6,306,10100116,0
1121,7,307,10100117,0
1121,8,308,10100118,0
1121,9,309,10100119,0
1121,10,310,10100120,0
1122,1,301,10100111,0
1122,2,302,10100112,0
1122,3,303,10100113,0
1122,4,304,10100114,0
1122,5,305,10100115,0
1122,6,306,10100116,0
1122,7,307,10100117,0
1122,8,308,10100118,0
1122,9,309,10100119,0
1122,10,310,10100120,0
1123,1,301,910000093,0
1123,2,302,910000094,0
1123,3,303,910000095,0
1123,4,304,910000096,0
1123,5,305,910000097,0
1123,6,306,910000098,0
1123,7,307,910000099,0
1123,8,308,910000100,0
1123,9,309,910000101,0
1123,10,310,910000102,0
1124,1,301,910000093,0
1124,2,302,910000094,0
1124,3,303,910000095,0
1124,4,304,910000096,0
1124,5,305,910000097,0
1124,6,306,910000098,0
1124,7,307,910000099,0
1124,8,308,910000100,0
1124,9,309,910000101,0
1124,10,310,910000102,0
1125,1,301,910000103,0
1125,2,302,910000104,0
1125,3,303,910000105,0
1125,4,304,910000106,0
1125,5,305,910000107,0
1125,6,306,910000108,0
1125,7,307,910000109,0
1125,8,308,910000110,0
1125,9,309,910000111,0
1125,10,310,910000112,0
1126,1,301,910000103,0
1126,2,302,910000104,0
1126,3,303,910000105,0
1126,4,304,910000106,0
1126,5,305,910000107,0
1126,6,306,910000108,0
1126,7,307,910000109,0
1126,8,308,910000110,0
1126,9,309,910000111,0
1126,10,310,910000112,0
1127,1,401,10100204,0
1127,2,402,10100205,0
1127,3,403,10100206,0
1127,4,404,10100207,0
1127,5,405,10100208,0
1127,6,406,10100209,0
1127,7,407,10100210,0
1127,8,408,10100211,0
1127,9,409,10100212,0
1127,10,410,10100213,0
1128,1,401,10100294,0
1128,2,402,10100295,0
1128,3,403,10100296,0
1128,4,404,10100297,0
1128,5,405,10100298,0
1128,6,406,10100299,0
1128,7,407,10100300,0
1128,8,408,10100301,0
1128,9,409,10100302,0
1128,10,410,10100303,0
1129,1,401,10100204,0
1129,2,402,10100205,0
1129,3,403,10100206,0
1129,4,404,10100207,0
1129,5,405,10100208,0
1129,6,406,10100209,0
1129,7,407,10100210,0
1129,8,408,10100211,0
1129,9,409,10100212,0
1129,10,410,10100213,0
1130,1,301,10100021,0
1130,2,302,10100022,0
1130,3,303,10100023,0
1130,4,304,10100024,0
1130,5,305,10100025,0
1130,6,306,10100026,0
1130,7,307,10100027,0
1130,8,308,10100028,0
1130,9,309,10100029,0
1130,10,310,10100030,0
1131,1,301,10100021,0
1131,2,302,10100022,0
1131,3,303,10100023,0
1131,4,304,10100024,0
1131,5,305,10100025,0
1131,6,306,10100026,0
1131,7,307,10100027,0
1131,8,308,10100028,0
1131,9,309,10100029,0
1131,10,310,10100030,0
1132,1,301,10100081,0
1132,2,302,10100082,0
1132,3,303,10100083,0
1132,4,304,10100084,0
1132,5,305,10100085,0
1132,6,306,10100086,0
1132,7,307,10100087,0
1132,8,308,10100088,0
1132,9,309,10100089,0
1132,10,310,10100090,0
1133,1,301,10100081,0
1133,2,302,10100082,0
1133,3,303,10100083,0
1133,4,304,10100084,0
1133,5,305,10100085,0
1133,6,306,10100086,0
1133,7,307,10100087,0
1133,8,308,10100088,0
1133,9,309,10100089,0
1133,10,310,10100090,0
1134,1,301,10100051,0
1134,2,302,10100052,0
1134,3,303,10100053,0
1134,4,304,10100054,0
1134,5,305,10100055,0
1134,6,306,10100056,0
1134,7,307,10100057,0
1134,8,308,10100058,0
1134,9,309,10100059,0
1134,10,310,10100060,0
1135,1,301,10100051,0
1135,2,302,10100052,0
1135,3,303,10100053,0
1135,4,304,10100054,0
1135,5,305,10100055,0
1135,6,306,10100056,0
1135,7,307,10100057,0
1135,8,308,10100058,0
1135,9,309,10100059,0
1135,10,310,10100060,0
1136,1,301,910000093,0
1136,2,302,910000094,0
1136,3,303,910000095,0
1136,4,304,910000096,0
1136,5,305,910000097,0
1136,6,306,910000098,0
1136,7,307,910000099,0
1136,8,308,910000100,0
1136,9,309,910000101,0
1136,10,310,910000102,0
1137,1,301,910000093,0
1137,2,302,910000094,0
1137,3,303,910000095,0
1137,4,304,910000096,0
1137,5,305,910000097,0
1137,6,306,910000098,0
1137,7,307,910000099,0
1137,8,308,910000100,0
1137,9,309,910000101,0
1137,10,310,910000102,0
1138,1,301,910000236,0
1138,2,302,910000237,0
1138,3,303,910000238,0
1138,4,304,910000239,0
1138,5,305,910000240,0
1138,6,306,910000241,0
1138,7,307,910000242,0
1138,8,308,910000243,0
1138,9,309,910000244,0
1138,10,310,910000245,0
1139,1,301,910000236,0
1139,2,302,910000237,0
1139,3,303,910000238,0
1139,4,304,910000239,0
1139,5,305,910000240,0
1139,6,306,910000241,0
1139,7,307,910000242,0
1139,8,308,910000243,0
1139,9,309,910000244,0
1139,10,310,910000245,0
1140,1,401,10100204,0
1140,2,402,10100205,0
1140,3,403,10100206,0
1140,4,404,10100207,0
1140,5,405,10100208,0
1140,6,406,10100209,0
1140,7,407,10100210,0
1140,8,408,10100211,0
1140,9,409,10100212,0
1140,10,410,10100213,0
1141,1,401,10100224,0
1141,2,402,10100225,0
1141,3,403,10100226,0
1141,4,404,10100227,0
1141,5,405,10100228,0
1141,6,406,10100229,0
1141,7,407,10100230,0
1141,8,408,10100231,0
1141,9,409,10100232,0
1141,10,410,10100233,0
1142,1,401,10100204,0
1142,2,402,10100205,0
1142,3,403,10100206,0
1142,4,404,10100207,0
1142,5,405,10100208,0
1142,6,406,10100209,0
1142,7,407,10100210,0
1142,8,408,10100211,0
1142,9,409,10100212,0
1142,10,410,10100213,0
1143,1,301,10100021,0
1143,2,302,10100022,0
1143,3,303,10100023,0
1143,4,304,10100024,0
1143,5,305,10100025,0
1143,6,306,10100026,0
1143,7,307,10100027,0
1143,8,308,10100028,0
1143,9,309,10100029,0
1143,10,310,10100030,0
1144,1,301,10100021,0
1144,2,302,10100022,0
1144,3,303,10100023,0
1144,4,304,10100024,0
1144,5,305,10100025,0
1144,6,306,10100026,0
1144,7,307,10100027,0
1144,8,308,10100028,0
1144,9,309,10100029,0
1144,10,310,10100030,0
1145,1,301,10100081,0
1145,2,302,10100082,0
1145,3,303,10100083,0
1145,4,304,10100084,0
1145,5,305,10100085,0
1145,6,306,10100086,0
1145,7,307,10100087,0
1145,8,308,10100088,0
1145,9,309,10100089,0
1145,10,310,10100090,0
1146,1,301,10100081,0
1146,2,302,10100082,0
1146,3,303,10100083,0
1146,4,304,10100084,0
1146,5,305,10100085,0
1146,6,306,10100086,0
1146,7,307,10100087,0
1146,8,308,10100088,0
1146,9,309,10100089,0
1146,10,310,10100090,0
1147,1,301,10100051,0
1147,2,302,10100052,0
1147,3,303,10100053,0
1147,4,304,10100054,0
1147,5,305,10100055,0
1147,6,306,10100056,0
1147,7,307,10100057,0
1147,8,308,10100058,0
1147,9,309,10100059,0
1147,10,310,10100060,0
1148,1,301,10100051,0
1148,2,302,10100052,0
1148,3,303,10100053,0
1148,4,304,10100054,0
1148,5,305,10100055,0
1148,6,306,10100056,0
1148,7,307,10100057,0
1148,8,308,10100058,0
1148,9,309,10100059,0
1148,10,310,10100060,0
1149,1,301,910000266,0
1149,2,302,910000267,0
1149,3,303,910000268,0
1149,4,304,910000269,0
1149,5,305,910000270,0
1149,6,306,910000271,0
1149,7,307,910000272,0
1149,8,308,910000273,0
1149,9,309,910000274,0
1149,10,310,910000275,0
1150,1,301,910000266,0
1150,2,302,910000267,0
1150,3,303,910000268,0
1150,4,304,910000269,0
1150,5,305,910000270,0
1150,6,306,910000271,0
1150,7,307,910000272,0
1150,8,308,910000273,0
1150,9,309,910000274,0
1150,10,310,910000275,0
1151,1,301,910000236,0
1151,2,302,910000237,0
1151,3,303,910000238,0
1151,4,304,910000239,0
1151,5,305,910000240,0
1151,6,306,910000241,0
1151,7,307,910000242,0
1151,8,308,910000243,0
1151,9,309,910000244,0
1151,10,310,910000245,0
1152,1,301,910000236,0
1152,2,302,910000237,0
1152,3,303,910000238,0
1152,4,304,910000239,0
1152,5,305,910000240,0
1152,6,306,910000241,0
1152,7,307,910000242,0
1152,8,308,910000243,0
1152,9,309,910000244,0
1152,10,310,910000245,0
1153,1,401,10100204,0
1153,2,402,10100205,0
1153,3,403,10100206,0
1153,4,404,10100207,0
1153,5,405,10100208,0
1153,6,406,10100209,0
1153,7,407,10100210,0
1153,8,408,10100211,0
1153,9,409,10100212,0
1153,10,410,10100213,0
1154,1,401,10100294,0
1154,2,402,10100295,0
1154,3,403,10100296,0
1154,4,404,10100297,0
1154,5,405,10100298,0
1154,6,406,10100299,0
1154,7,407,10100300,0
1154,8,408,10100301,0
1154,9,409,10100302,0
1154,10,410,10100303,0
1155,1,401,10100204,0
1155,2,402,10100205,0
1155,3,403,10100206,0
1155,4,404,10100207,0
1155,5,405,10100208,0
1155,6,406,10100209,0
1155,7,407,10100210,0
1155,8,408,10100211,0
1155,9,409,10100212,0
1155,10,410,10100213,0
2200,1,301,10200304,0
2200,2,302,10200305,0
2200,3,303,10200306,0
2200,4,304,10200307,0
2200,5,305,10200308,0
2200,6,306,10200309,0
2200,7,307,10200310,0
2200,8,308,10200311,0
2200,9,309,10200312,0
2200,10,310,10200313,0
2201,1,301,10200304,0
2201,2,302,10200305,0
2201,3,303,10200306,0
2201,4,304,10200307,0
2201,5,305,10200308,0
2201,6,306,10200309,0
2201,7,307,10200310,0
2201,8,308,10200311,0
2201,9,309,10200312,0
2201,10,310,10200313,0
2202,1,401,10200294,0
2202,2,402,10200295,0
2202,3,403,10200296,0
2202,4,404,10200297,0
2202,5,405,10200298,0
2202,6,406,10200299,0
2202,7,407,10200300,0
2202,8,408,10200301,0
2202,9,409,10200302,0
2202,10,410,10200303,0
2203,1,401,10200224,0
2203,2,402,10200225,0
2203,3,403,10200226,0
2203,4,404,10200227,0
2203,5,405,10200228,0
2203,6,406,10200229,0
2203,7,407,10200230,0
2203,8,408,10200231,0
2203,9,409,10200232,0
2203,10,410,10200233,0
2204,1,401,10200284,0
2204,2,402,10200285,0
2204,3,403,10200286,0
2204,4,404,10200287,0
2204,5,405,10200288,0
2204,6,406,10200289,0
2204,7,407,10200290,0
2204,8,408,10200291,0
2204,9,409,10200292,0
2204,10,410,10200293,0
2205,1,301,10200021,0
2205,2,302,10200022,0
2205,3,303,10200023,0
2205,4,304,10200024,0
2205,5,305,10200025,0
2205,6,306,10200026,0
2205,7,307,10200027,0
2205,8,308,10200028,0
2205,9,309,10200029,0
2205,10,310,10200030,0
2206,1,301,10200021,0
2206,2,302,10200022,0
2206,3,303,10200023,0
2206,4,304,10200024,0
2206,5,305,10200025,0
2206,6,306,10200026,0
2206,7,307,10200027,0
2206,8,308,10200028,0
2206,9,309,10200029,0
2206,10,310,10200030,0
2207,1,301,10200051,0
2207,2,302,10200052,0
2207,3,303,10200053,0
2207,4,304,10200054,0
2207,5,305,10200055,0
2207,6,306,10200056,0
2207,7,307,10200057,0
2207,8,308,10200058,0
2207,9,309,10200059,0
2207,10,310,10200060,0
2208,1,301,10200051,0
2208,2,302,10200052,0
2208,3,303,10200053,0
2208,4,304,10200054,0
2208,5,305,10200055,0
2208,6,306,10200056,0
2208,7,307,10200057,0
2208,8,308,10200058,0
2208,9,309,10200059,0
2208,10,310,10200060,0
2209,1,301,10200051,0
2209,2,302,10200052,0
2209,3,303,10200053,0
2209,4,304,10200054,0
2209,5,305,10200055,0
2209,6,306,10200056,0
2209,7,307,10200057,0
2209,8,308,10200058,0
2209,9,309,10200059,0
2209,10,310,10200060,0
2210,1,301,10200111,0
2210,2,302,10200112,0
2210,3,303,10200113,0
2210,4,304,10200114,0
2210,5,305,10200115,0
2210,6,306,10200116,0
2210,7,307,10200117,0
2210,8,308,10200118,0
2210,9,309,10200119,0
2210,10,310,10200120,0
2211,1,301,10200314,0
2211,2,302,10200315,0
2211,3,303,10200316,0
2211,4,304,10200317,0
2211,5,305,10200318,0
2211,6,306,10200319,0
2211,7,307,10200320,0
2211,8,308,10200321,0
2211,9,309,10200322,0
2211,10,310,10200323,0
2212,1,301,10200314,0
2212,2,302,10200315,0
2212,3,303,10200316,0
2212,4,304,10200317,0
2212,5,305,10200318,0
2212,6,306,10200319,0
2212,7,307,10200320,0
2212,8,308,10200321,0
2212,9,309,10200322,0
2212,10,310,10200323,0
2213,1,301,10200304,0
2213,2,302,10200305,0
2213,3,303,10200306,0
2213,4,304,10200307,0
2213,5,305,10200308,0
2213,6,306,10200309,0
2213,7,307,10200310,0
2213,8,308,10200311,0
2213,9,309,10200312,0
2213,10,310,10200313,0
2214,1,401,10200294,0
2214,2,402,10200295,0
2214,3,403,10200296,0
2214,4,404,10200297,0
2214,5,405,10200298,0
2214,6,406,10200299,0
2214,7,407,10200300,0
2214,8,408,10200301,0
2214,9,409,10200302,0
2214,10,410,10200303,0
2215,1,401,10200224,0
2215,2,402,10200225,0
2215,3,403,10200226,0
2215,4,404,10200227,0
2215,5,405,10200228,0
2215,6,406,10200229,0
2215,7,407,10200230,0
2215,8,408,10200231,0
2215,9,409,10200232,0
2215,10,410,10200233,0
2216,1,401,10200294,0
2216,2,402,10200295,0
2216,3,403,10200296,0
2216,4,404,10200297,0
2216,5,405,10200298,0
2216,6,406,10200299,0
2216,7,407,10200300,0
2216,8,408,10200301,0
2216,9,409,10200302,0
2216,10,410,10200303,0
2217,1,301,10200021,0
2217,2,302,10200022,0
2217,3,303,10200023,0
2217,4,304,10200024,0
2217,5,305,10200025,0
2217,6,306,10200026,0
2217,7,307,10200027,0
2217,8,308,10200028,0
2217,9,309,10200029,0
2217,10,310,10200030,0
2218,1,301,10200021,0
2218,2,302,10200022,0
2218,3,303,10200023,0
2218,4,304,10200024,0
2218,5,305,10200025,0
2218,6,306,10200026,0
2218,7,307,10200027,0
2218,8,308,10200028,0
2218,9,309,10200029,0
2218,10,310,10200030,0
2219,1,301,10200051,0
2219,2,302,10200052,0
2219,3,303,10200053,0
2219,4,304,10200054,0
2219,5,305,10200055,0
2219,6,306,10200056,0
2219,7,307,10200057,0
2219,8,308,10200058,0
2219,9,309,10200059,0
2219,10,310,10200060,0
2220,1,301,10200051,0
2220,2,302,10200052,0
2220,3,303,10200053,0
2220,4,304,10200054,0
2220,5,305,10200055,0
2220,6,306,10200056,0
2220,7,307,10200057,0
2220,8,308,10200058,0
2220,9,309,10200059,0
2220,10,310,10200060,0
2221,1,301,10200111,0
2221,2,302,10200112,0
2221,3,303,10200113,0
2221,4,304,10200114,0
2221,5,305,10200115,0
2221,6,306,10200116,0
2221,7,307,10200117,0
2221,8,308,10200118,0
2221,9,309,10200119,0
2221,10,310,10200120,0
2222,1,301,10200111,0
2222,2,302,10200112,0
2222,3,303,10200113,0
2222,4,304,10200114,0
2222,5,305,10200115,0
2222,6,306,10200116,0
2222,7,307,10200117,0
2222,8,308,10200118,0
2222,9,309,10200119,0
2222,10,310,10200120,0
2223,1,301,910000216,0
2223,2,302,910000217,0
2223,3,303,910000218,0
2223,4,304,910000219,0
2223,5,305,910000220,0
2223,6,306,910000221,0
2223,7,307,910000222,0
2223,8,308,910000223,0
2223,9,309,910000224,0
2223,10,310,910000225,0
2224,1,301,910000216,0
2224,2,302,910000217,0
2224,3,303,910000218,0
2224,4,304,910000219,0
2224,5,305,910000220,0
2224,6,306,910000221,0
2224,7,307,910000222,0
2224,8,308,910000223,0
2224,9,309,910000224,0
2224,10,310,910000225,0
2225,1,301,910000226,0
2225,2,302,910000227,0
2225,3,303,910000228,0
2225,4,304,910000229,0
2225,5,305,910000230,0
2225,6,306,910000231,0
2225,7,307,910000232,0
2225,8,308,910000233,0
2225,9,309,910000234,0
2225,10,310,910000235,0
2226,1,301,910000226,0
2226,2,302,910000227,0
2226,3,303,910000228,0
2226,4,304,910000229,0
2226,5,305,910000230,0
2226,6,306,910000231,0
2226,7,307,910000232,0
2226,8,308,910000233,0
2226,9,309,910000234,0
2226,10,310,910000235,0
2227,1,401,10200294,0
2227,2,402,10200295,0
2227,3,403,10200296,0
2227,4,404,10200297,0
2227,5,405,10200298,0
2227,6,406,10200299,0
2227,7,407,10200300,0
2227,8,408,10200301,0
2227,9,409,10200302,0
2227,10,410,10200303,0
2228,1,401,10200224,0
2228,2,402,10200225,0
2228,3,403,10200226,0
2228,4,404,10200227,0
2228,5,405,10200228,0
2228,6,406,10200229,0
2228,7,407,10200230,0
2228,8,408,10200231,0
2228,9,409,10200232,0
2228,10,410,10200233,0
2229,1,401,10200234,0
2229,2,402,10200235,0
2229,3,403,10200236,0
2229,4,404,10200237,0
2229,5,405,10200238,0
2229,6,406,10200239,0
2229,7,407,10200240,0
2229,8,408,10200241,0
2229,9,409,10200242,0
2229,10,410,10200243,0
2230,1,301,10200021,0
2230,2,302,10200022,0
2230,3,303,10200023,0
2230,4,304,10200024,0
2230,5,305,10200025,0
2230,6,306,10200026,0
2230,7,307,10200027,0
2230,8,308,10200028,0
2230,9,309,10200029,0
2230,10,310,10200030,0
2231,1,301,10200021,0
2231,2,302,10200022,0
2231,3,303,10200023,0
2231,4,304,10200024,0
2231,5,305,10200025,0
2231,6,306,10200026,0
2231,7,307,10200027,0
2231,8,308,10200028,0
2231,9,309,10200029,0
2231,10,310,10200030,0
2232,1,301,10200051,0
2232,2,302,10200052,0
2232,3,303,10200053,0
2232,4,304,10200054,0
2232,5,305,10200055,0
2232,6,306,10200056,0
2232,7,307,10200057,0
2232,8,308,10200058,0
2232,9,309,10200059,0
2232,10,310,10200060,0
2233,1,301,10200051,0
2233,2,302,10200052,0
2233,3,303,10200053,0
2233,4,304,10200054,0
2233,5,305,10200055,0
2233,6,306,10200056,0
2233,7,307,10200057,0
2233,8,308,10200058,0
2233,9,309,10200059,0
2233,10,310,10200060,0
2234,1,301,10200204,0
2234,2,302,10200205,0
2234,3,303,10200206,0
2234,4,304,10200207,0
2234,5,305,10200208,0
2234,6,306,10200209,0
2234,7,307,10200210,0
2234,8,308,10200211,0
2234,9,309,10200212,0
2234,10,310,10200213,0
2235,1,301,10200204,0
2235,2,302,10200205,0
2235,3,303,10200206,0
2235,4,304,10200207,0
2235,5,305,10200208,0
2235,6,306,10200209,0
2235,7,307,10200210,0
2235,8,308,10200211,0
2235,9,309,10200212,0
2235,10,310,10200213,0
2236,1,301,10200314,0
2236,2,302,10200315,0
2236,3,303,10200316,0
2236,4,304,10200317,0
2236,5,305,10200318,0
2236,6,306,10200319,0
2236,7,307,10200320,0
2236,8,308,10200321,0
2236,9,309,10200322,0
2236,10,310,10200323,0
2237,1,301,10200314,0
2237,2,302,10200315,0
2237,3,303,10200316,0
2237,4,304,10200317,0
2237,5,305,10200318,0
2237,6,306,10200319,0
2237,7,307,10200320,0
2237,8,308,10200321,0
2237,9,309,10200322,0
2237,10,310,10200323,0
2238,1,301,910000123,0
2238,2,302,910000124,0
2238,3,303,910000125,0
2238,4,304,910000126,0
2238,5,305,910000127,0
2238,6,306,910000128,0
2238,7,307,910000129,0
2238,8,308,910000130,0
2238,9,309,910000131,0
2238,10,310,910000132,0
2239,1,301,910000123,0
2239,2,302,910000124,0
2239,3,303,910000125,0
2239,4,304,910000126,0
2239,5,305,910000127,0
2239,6,306,910000128,0
2239,7,307,910000129,0
2239,8,308,910000130,0
2239,9,309,910000131,0
2239,10,310,910000132,0
2240,1,401,10200294,0
2240,2,402,10200295,0
2240,3,403,10200296,0
2240,4,404,10200297,0
2240,5,405,10200298,0
2240,6,406,10200299,0
2240,7,407,10200300,0
2240,8,408,10200301,0
2240,9,409,10200302,0
2240,10,410,10200303,0
2241,1,401,10200224,0
2241,2,402,10200225,0
2241,3,403,10200226,0
2241,4,404,10200227,0
2241,5,405,10200228,0
2241,6,406,10200229,0
2241,7,407,10200230,0
2241,8,408,10200231,0
2241,9,409,10200232,0
2241,10,410,10200233,0
2242,1,401,10200284,0
2242,2,402,10200285,0
2242,3,403,10200286,0
2242,4,404,10200287,0
2242,5,405,10200288,0
2242,6,406,10200289,0
2242,7,407,10200290,0
2242,8,408,10200291,0
2242,9,409,10200292,0
2242,10,410,10200293,0
2243,1,301,10200021,0
2243,2,302,10200022,0
2243,3,303,10200023,0
2243,4,304,10200024,0
2243,5,305,10200025,0
2243,6,306,10200026,0
2243,7,307,10200027,0
2243,8,308,10200028,0
2243,9,309,10200029,0
2243,10,310,10200030,0
2244,1,301,10200021,0
2244,2,302,10200022,0
2244,3,303,10200023,0
2244,4,304,10200024,0
2244,5,305,10200025,0
2244,6,306,10200026,0
2244,7,307,10200027,0
2244,8,308,10200028,0
2244,9,309,10200029,0
2244,10,310,10200030,0
2245,1,301,10200051,0
2245,2,302,10200052,0
2245,3,303,10200053,0
2245,4,304,10200054,0
2245,5,305,10200055,0
2245,6,306,10200056,0
2245,7,307,10200057,0
2245,8,308,10200058,0
2245,9,309,10200059,0
2245,10,310,10200060,0
2246,1,301,10200051,0
2246,2,302,10200052,0
2246,3,303,10200053,0
2246,4,304,10200054,0
2246,5,305,10200055,0
2246,6,306,10200056,0
2246,7,307,10200057,0
2246,8,308,10200058,0
2246,9,309,10200059,0
2246,10,310,10200060,0
2247,1,301,10200081,0
2247,2,302,10200082,0
2247,3,303,10200083,0
2247,4,304,10200084,0
2247,5,305,10200085,0
2247,6,306,10200086,0
2247,7,307,10200087,0
2247,8,308,10200088,0
2247,9,309,10200089,0
2247,10,310,10200090,0
2248,1,301,10200081,0
2248,2,302,10200082,0
2248,3,303,10200083,0
2248,4,304,10200084,0
2248,5,305,10200085,0
2248,6,306,10200086,0
2248,7,307,10200087,0
2248,8,308,10200088,0
2248,9,309,10200089,0
2248,10,310,10200090,0
2249,1,301,10200314,0
2249,2,302,10200315,0
2249,3,303,10200316,0
2249,4,304,10200317,0
2249,5,305,10200318,0
2249,6,306,10200319,0
2249,7,307,10200320,0
2249,8,308,10200321,0
2249,9,309,10200322,0
2249,10,310,10200323,0
2250,1,301,10200314,0
2250,2,302,10200315,0
2250,3,303,10200316,0
2250,4,304,10200317,0
2250,5,305,10200318,0
2250,6,306,10200319,0
2250,7,307,10200320,0
2250,8,308,10200321,0
2250,9,309,10200322,0
2250,10,310,10200323,0
2251,1,301,910000256,0
2251,2,302,910000257,0
2251,3,303,910000258,0
2251,4,304,910000259,0
2251,5,305,910000260,0
2251,6,306,910000261,0
2251,7,307,910000262,0
2251,8,308,910000263,0
2251,9,309,910000264,0
2251,10,310,910000265,0
2252,1,301,910000256,0
2252,2,302,910000257,0
2252,3,303,910000258,0
2252,4,304,910000259,0
2252,5,305,910000260,0
2252,6,306,910000261,0
2252,7,307,910000262,0
2252,8,308,910000263,0
2252,9,309,910000264,0
2252,10,310,910000265,0
2253,1,401,10200294,0
2253,2,402,10200295,0
2253,3,403,10200296,0
2253,4,404,10200297,0
2253,5,405,10200298,0
2253,6,406,10200299,0
2253,7,407,10200300,0
2253,8,408,10200301,0
2253,9,409,10200302,0
2253,10,410,10200303,0
2254,1,401,10200224,0
2254,2,402,10200225,0
2254,3,403,10200226,0
2254,4,404,10200227,0
2254,5,405,10200228,0
2254,6,406,10200229,0
2254,7,407,10200230,0
2254,8,408,10200231,0
2254,9,409,10200232,0
2254,10,410,10200233,0
2255,1,401,10200234,0
2255,2,402,10200235,0
2255,3,403,10200236,0
2255,4,404,10200237,0
2255,5,405,10200238,0
2255,6,406,10200239,0
2255,7,407,10200240,0
2255,8,408,10200241,0
2255,9,409,10200242,0
2255,10,410,10200243,0
3300,1,301,910000133,0
3300,2,302,910000134,0
3300,3,303,910000135,0
3300,4,304,910000136,0
3300,5,305,910000137,0
3300,6,306,910000138,0
3300,7,307,910000139,0
3300,8,308,910000140,0
3300,9,309,910000141,0
3300,10,310,910000142,0
3301,1,301,910000133,0
3301,2,302,910000134,0
3301,3,303,910000135,0
3301,4,304,910000136,0
3301,5,305,910000137,0
3301,6,306,910000138,0
3301,7,307,910000139,0
3301,8,308,910000140,0
3301,9,309,910000141,0
3301,10,310,910000142,0
3302,1,401,10300204,0
3302,2,402,10300205,0
3302,3,403,10300206,0
3302,4,404,10300207,0
3302,5,405,10300208,0
3302,6,406,10300209,0
3302,7,407,10300210,0
3302,8,408,10300211,0
3302,9,409,10300212,0
3302,10,410,10300213,0
3303,1,401,10300274,0
3303,2,402,10300275,0
3303,3,403,10300276,0
3303,4,404,10300277,0
3303,5,405,10300278,0
3303,6,406,10300279,0
3303,7,407,10300280,0
3303,8,408,10300281,0
3303,9,409,10300282,0
3303,10,410,10300283,0
3304,1,401,10300204,0
3304,2,402,10300205,0
3304,3,403,10300206,0
3304,4,404,10300207,0
3304,5,405,10300208,0
3304,6,406,10300209,0
3304,7,407,10300210,0
3304,8,408,10300211,0
3304,9,409,10300212,0
3304,10,410,10300213,0
3305,1,301,10300021,0
3305,2,302,10300022,0
3305,3,303,10300023,0
3305,4,304,10300024,0
3305,5,305,10300025,0
3305,6,306,10300026,0
3305,7,307,10300027,0
3305,8,308,10300028,0
3305,9,309,10300029,0
3305,10,310,10300030,0
3306,1,301,10300021,0
3306,2,302,10300022,0
3306,3,303,10300023,0
3306,4,304,10300024,0
3306,5,305,10300025,0
3306,6,306,10300026,0
3306,7,307,10300027,0
3306,8,308,10300028,0
3306,9,309,10300029,0
3306,10,310,10300030,0
3307,1,301,10300021,0
3307,2,302,10300022,0
3307,3,303,10300023,0
3307,4,304,10300024,0
3307,5,305,10300025,0
3307,6,306,10300026,0
3307,7,307,10300027,0
3307,8,308,10300028,0
3307,9,309,10300029,0
3307,10,310,10300030,0
3308,1,301,10300051,0
3308,2,302,10300052,0
3308,3,303,10300053,0
3308,4,304,10300054,0
3308,5,305,10300055,0
3308,6,306,10300056,0
3308,7,307,10300057,0
3308,8,308,10300058,0
3308,9,309,10300059,0
3308,10,310,10300060,0
3309,1,301,10300111,0
3309,2,302,10300112,0
3309,3,303,10300113,0
3309,4,304,10300114,0
3309,5,305,10300115,0
3309,6,306,10300116,0
3309,7,307,10300117,0
3309,8,308,10300118,0
3309,9,309,10300119,0
3309,10,310,10300120,0
3310,1,301,10300111,0
3310,2,302,10300112,0
3310,3,303,10300113,0
3310,4,304,10300114,0
3310,5,305,10300115,0
3310,6,306,10300116,0
3310,7,307,10300117,0
3310,8,308,10300118,0
3310,9,309,10300119,0
3310,10,310,10300120,0
3311,1,301,910000143,0
3311,2,302,910000144,0
3311,3,303,910000145,0
3311,4,304,910000146,0
3311,5,305,910000147,0
3311,6,306,910000148,0
3311,7,307,910000149,0
3311,8,308,910000150,0
3311,9,309,910000151,0
3311,10,310,910000152,0
3312,1,301,910000133,0
3312,2,302,910000134,0
3312,3,303,910000135,0
3312,4,304,910000136,0
3312,5,305,910000137,0
3312,6,306,910000138,0
3312,7,307,910000139,0
3312,8,308,910000140,0
3312,9,309,910000141,0
3312,10,310,910000142,0
3313,1,301,910000133,0
3313,2,302,910000134,0
3313,3,303,910000135,0
3313,4,304,910000136,0
3313,5,305,910000137,0
3313,6,306,910000138,0
3313,7,307,910000139,0
3313,8,308,910000140,0
3313,9,309,910000141,0
3313,10,310,910000142,0
3314,1,401,10300204,0
3314,2,402,10300205,0
3314,3,403,10300206,0
3314,4,404,10300207,0
3314,5,405,10300208,0
3314,6,406,10300209,0
3314,7,407,10300210,0
3314,8,408,10300211,0
3314,9,409,10300212,0
3314,10,410,10300213,0
3315,1,401,10300274,0
3315,2,402,10300275,0
3315,3,403,10300276,0
3315,4,404,10300277,0
3315,5,405,10300278,0
3315,6,406,10300279,0
3315,7,407,10300280,0
3315,8,408,10300281,0
3315,9,409,10300282,0
3315,10,410,10300283,0
3316,1,401,10300284,0
3316,2,402,10300285,0
3316,3,403,10300286,0
3316,4,404,10300287,0
3316,5,405,10300288,0
3316,6,406,10300289,0
3316,7,407,10300290,0
3316,8,408,10300291,0
3316,9,409,10300292,0
3316,10,410,10300293,0
3317,1,301,10300021,0
3317,2,302,10300022,0
3317,3,303,10300023,0
3317,4,304,10300024,0
3317,5,305,10300025,0
3317,6,306,10300026,0
3317,7,307,10300027,0
3317,8,308,10300028,0
3317,9,309,10300029,0
3317,10,310,10300030,0
3318,1,301,10300021,0
3318,2,302,10300022,0
3318,3,303,10300023,0
3318,4,304,10300024,0
3318,5,305,10300025,0
3318,6,306,10300026,0
3318,7,307,10300027,0
3318,8,308,10300028,0
3318,9,309,10300029,0
3318,10,310,10300030,0
3319,1,301,10300051,0
3319,2,302,10300052,0
3319,3,303,10300053,0
3319,4,304,10300054,0
3319,5,305,10300055,0
3319,6,306,10300056,0
3319,7,307,10300057,0
3319,8,308,10300058,0
3319,9,309,10300059,0
3319,10,310,10300060,0
3320,1,301,10300051,0
3320,2,302,10300052,0
3320,3,303,10300053,0
3320,4,304,10300054,0
3320,5,305,10300055,0
3320,6,306,10300056,0
3320,7,307,10300057,0
3320,8,308,10300058,0
3320,9,309,10300059,0
3320,10,310,10300060,0
3321,1,301,10300111,0
3321,2,302,10300112,0
3321,3,303,10300113,0
3321,4,304,10300114,0
3321,5,305,10300115,0
3321,6,306,10300116,0
3321,7,307,10300117,0
3321,8,308,10300118,0
3321,9,309,10300119,0
3321,10,310,10300120,0
3322,1,301,10300111,0
3322,2,302,10300112,0
3322,3,303,10300113,0
3322,4,304,10300114,0
3322,5,305,10300115,0
3322,6,306,10300116,0
3322,7,307,10300117,0
3322,8,308,10300118,0
3322,9,309,10300119,0
3322,10,310,10300120,0
3323,1,301,910000143,0
3323,2,302,910000144,0
3323,3,303,910000145,0
3323,4,304,910000146,0
3323,5,305,910000147,0
3323,6,306,910000148,0
3323,7,307,910000149,0
3323,8,308,910000150,0
3323,9,309,910000151,0
3323,10,310,910000152,0
3324,1,301,910000143,0
3324,2,302,910000144,0
3324,3,303,910000145,0
3324,4,304,910000146,0
3324,5,305,910000147,0
3324,6,306,910000148,0
3324,7,307,910000149,0
3324,8,308,910000150,0
3324,9,309,910000151,0
3324,10,310,910000152,0
3325,1,301,910000133,0
3325,2,302,910000134,0
3325,3,303,910000135,0
3325,4,304,910000136,0
3325,5,305,910000137,0
3325,6,306,910000138,0
3325,7,307,910000139,0
3325,8,308,910000140,0
3325,9,309,910000141,0
3325,10,310,910000142,0
3326,1,301,910000133,0
3326,2,302,910000134,0
3326,3,303,910000135,0
3326,4,304,910000136,0
3326,5,305,910000137,0
3326,6,306,910000138,0
3326,7,307,910000139,0
3326,8,308,910000140,0
3326,9,309,910000141,0
3326,10,310,910000142,0
3327,1,401,10300204,0
3327,2,402,10300205,0
3327,3,403,10300206,0
3327,4,404,10300207,0
3327,5,405,10300208,0
3327,6,406,10300209,0
3327,7,407,10300210,0
3327,8,408,10300211,0
3327,9,409,10300212,0
3327,10,410,10300213,0
3328,1,401,10300274,0
3328,2,402,10300275,0
3328,3,403,10300276,0
3328,4,404,10300277,0
3328,5,405,10300278,0
3328,6,406,10300279,0
3328,7,407,10300280,0
3328,8,408,10300281,0
3328,9,409,10300282,0
3328,10,410,10300283,0
3329,1,401,10300204,0
3329,2,402,10300205,0
3329,3,403,10300206,0
3329,4,404,10300207,0
3329,5,405,10300208,0
3329,6,406,10300209,0
3329,7,407,10300210,0
3329,8,408,10300211,0
3329,9,409,10300212,0
3329,10,410,10300213,0
3330,1,301,10300021,0
3330,2,302,10300022,0
3330,3,303,10300023,0
3330,4,304,10300024,0
3330,5,305,10300025,0
3330,6,306,10300026,0
3330,7,307,10300027,0
3330,8,308,10300028,0
3330,9,309,10300029,0
3330,10,310,10300030,0
3331,1,301,10300021,0
3331,2,302,10300022,0
3331,3,303,10300023,0
3331,4,304,10300024,0
3331,5,305,10300025,0
3331,6,306,10300026,0
3331,7,307,10300027,0
3331,8,308,10300028,0
3331,9,309,10300029,0
3331,10,310,10300030,0
3332,1,301,10300051,0
3332,2,302,10300052,0
3332,3,303,10300053,0
3332,4,304,10300054,0
3332,5,305,10300055,0
3332,6,306,10300056,0
3332,7,307,10300057,0
3332,8,308,10300058,0
3332,9,309,10300059,0
3332,10,310,10300060,0
3333,1,301,10300051,0
3333,2,302,10300052,0
3333,3,303,10300053,0
3333,4,304,10300054,0
3333,5,305,10300055,0
3333,6,306,10300056,0
3333,7,307,10300057,0
3333,8,308,10300058,0
3333,9,309,10300059,0
3333,10,310,10300060,0
3334,1,301,10300111,0
3334,2,302,10300112,0
3334,3,303,10300113,0
3334,4,304,10300114,0
3334,5,305,10300115,0
3334,6,306,10300116,0
3334,7,307,10300117,0
3334,8,308,10300118,0
3334,9,309,10300119,0
3334,10,310,10300120,0
3335,1,301,10300111,0
3335,2,302,10300112,0
3335,3,303,10300113,0
3335,4,304,10300114,0
3335,5,305,10300115,0
3335,6,306,10300116,0
3335,7,307,10300117,0
3335,8,308,10300118,0
3335,9,309,10300119,0
3335,10,310,10300120,0
3336,1,301,10300171,0
3336,2,302,10300172,0
3336,3,303,10300173,0
3336,4,304,10300174,0
3336,5,305,10300175,0
3336,6,306,10300176,0
3336,7,307,10300177,0
3336,8,308,10300178,0
3336,9,309,10300179,0
3336,10,310,10300180,0
3337,1,301,10300171,0
3337,2,302,10300172,0
3337,3,303,10300173,0
3337,4,304,10300174,0
3337,5,305,10300175,0
3337,6,306,10300176,0
3337,7,307,10300177,0
3337,8,308,10300178,0
3337,9,309,10300179,0
3337,10,310,10300180,0
3338,1,301,910000133,0
3338,2,302,910000134,0
3338,3,303,910000135,0
3338,4,304,910000136,0
3338,5,305,910000137,0
3338,6,306,910000138,0
3338,7,307,910000139,0
3338,8,308,910000140,0
3338,9,309,910000141,0
3338,10,310,910000142,0
3339,1,301,910000133,0
3339,2,302,910000134,0
3339,3,303,910000135,0
3339,4,304,910000136,0
3339,5,305,910000137,0
3339,6,306,910000138,0
3339,7,307,910000139,0
3339,8,308,910000140,0
3339,9,309,910000141,0
3339,10,310,910000142,0
3340,1,401,10300204,0
3340,2,402,10300205,0
3340,3,403,10300206,0
3340,4,404,10300207,0
3340,5,405,10300208,0
3340,6,406,10300209,0
3340,7,407,10300210,0
3340,8,408,10300211,0
3340,9,409,10300212,0
3340,10,410,10300213,0
3341,1,401,10300274,0
3341,2,402,10300275,0
3341,3,403,10300276,0
3341,4,404,10300277,0
3341,5,405,10300278,0
3341,6,406,10300279,0
3341,7,407,10300280,0
3341,8,408,10300281,0
3341,9,409,10300282,0
3341,10,410,10300283,0
3342,1,401,10300284,0
3342,2,402,10300285,0
3342,3,403,10300286,0
3342,4,404,10300287,0
3342,5,405,10300288,0
3342,6,406,10300289,0
3342,7,407,10300290,0
3342,8,408,10300291,0
3342,9,409,10300292,0
3342,10,410,10300293,0
3343,1,301,10300021,0
3343,2,302,10300022,0
3343,3,303,10300023,0
3343,4,304,10300024,0
3343,5,305,10300025,0
3343,6,306,10300026,0
3343,7,307,10300027,0
3343,8,308,10300028,0
3343,9,309,10300029,0
3343,10,310,10300030,0
3344,1,301,10300021,0
3344,2,302,10300022,0
3344,3,303,10300023,0
3344,4,304,10300024,0
3344,5,305,10300025,0
3344,6,306,10300026,0
3344,7,307,10300027,0
3344,8,308,10300028,0
3344,9,309,10300029,0
3344,10,310,10300030,0
3345,1,301,10300081,0
3345,2,302,10300082,0
3345,3,303,10300083,0
3345,4,304,10300084,0
3345,5,305,10300085,0
3345,6,306,10300086,0
3345,7,307,10300087,0
3345,8,308,10300088,0
3345,9,309,10300089,0
3345,10,310,10300090,0
3346,1,301,10300081,0
3346,2,302,10300082,0
3346,3,303,10300083,0
3346,4,304,10300084,0
3346,5,305,10300085,0
3346,6,306,10300086,0
3346,7,307,10300087,0
3346,8,308,10300088,0
3346,9,309,10300089,0
3346,10,310,10300090,0
3347,1,301,10300111,0
3347,2,302,10300112,0
3347,3,303,10300113,0
3347,4,304,10300114,0
3347,5,305,10300115,0
3347,6,306,10300116,0
3347,7,307,10300117,0
3347,8,308,10300118,0
3347,9,309,10300119,0
3347,10,310,10300120,0
3348,1,301,10300111,0
3348,2,302,10300112,0
3348,3,303,10300113,0
3348,4,304,10300114,0
3348,5,305,10300115,0
3348,6,306,10300116,0
3348,7,307,10300117,0
3348,8,308,10300118,0
3348,9,309,10300119,0
3348,10,310,10300120,0
3349,1,301,910000246,0
3349,2,302,910000247,0
3349,3,303,910000248,0
3349,4,304,910000249,0
3349,5,305,910000250,0
3349,6,306,910000251,0
3349,7,307,910000252,0
3349,8,308,910000253,0
3349,9,309,910000254,0
3349,10,310,910000255,0
3350,1,301,910000246,0
3350,2,302,910000247,0
3350,3,303,910000248,0
3350,4,304,910000249,0
3350,5,305,910000250,0
3350,6,306,910000251,0
3350,7,307,910000252,0
3350,8,308,910000253,0
3350,9,309,910000254,0
3350,10,310,910000255,0
3351,1,301,910000133,0
3351,2,302,910000134,0
3351,3,303,910000135,0
3351,4,304,910000136,0
3351,5,305,910000137,0
3351,6,306,910000138,0
3351,7,307,910000139,0
3351,8,308,910000140,0
3351,9,309,910000141,0
3351,10,310,910000142,0
3352,1,301,910000133,0
3352,2,302,910000134,0
3352,3,303,910000135,0
3352,4,304,910000136,0
3352,5,305,910000137,0
3352,6,306,910000138,0
3352,7,307,910000139,0
3352,8,308,910000140,0
3352,9,309,910000141,0
3352,10,310,910000142,0
3353,1,401,10300204,0
3353,2,402,10300205,0
3353,3,403,10300206,0
3353,4,404,10300207,0
3353,5,405,10300208,0
3353,6,406,10300209,0
3353,7,407,10300210,0
3353,8,408,10300211,0
3353,9,409,10300212,0
3353,10,410,10300213,0
3354,1,401,10300274,0
3354,2,402,10300275,0
3354,3,403,10300276,0
3354,4,404,10300277,0
3354,5,405,10300278,0
3354,6,406,10300279,0
3354,7,407,10300280,0
3354,8,408,10300281,0
3354,9,409,10300282,0
3354,10,410,10300283,0
3355,1,401,10300204,0
3355,2,402,10300205,0
3355,3,403,10300206,0
3355,4,404,10300207,0
3355,5,405,10300208,0
3355,6,406,10300209,0
3355,7,407,10300210,0
3355,8,408,10300211,0
3355,9,409,10300212,0
3355,10,410,10300213,0
4400,1,301,910000183,0
4400,2,302,910000184,0
4400,3,303,910000185,0
4400,4,304,910000186,0
4400,5,305,910000187,0
4400,6,306,910000188,0
4400,7,307,910000189,0
4400,8,308,910000190,0
4400,9,309,910000191,0
4400,10,310,910000192,0
4401,1,301,10400284,0
4401,2,302,10400285,0
4401,3,303,10400286,0
4401,4,304,10400287,0
4401,5,305,10400288,0
4401,6,306,10400289,0
4401,7,307,10400290,0
4401,8,308,10400291,0
4401,9,309,10400292,0
4401,10,310,10400293,0
4402,1,401,10400304,0
4402,2,402,10400305,0
4402,3,403,10400306,0
4402,4,404,10400307,0
4402,5,405,10400308,0
4402,6,406,10400309,0
4402,7,407,10400310,0
4402,8,408,10400311,0
4402,9,409,10400312,0
4402,10,410,10400313,0
4403,1,401,10400224,0
4403,2,402,10400225,0
4403,3,403,10400226,0
4403,4,404,10400227,0
4403,5,405,10400228,0
4403,6,406,10400229,0
4403,7,407,10400230,0
4403,8,408,10400231,0
4403,9,409,10400232,0
4403,10,410,10400233,0
4404,1,401,10400314,0
4404,2,402,10400315,0
4404,3,403,10400316,0
4404,4,404,10400317,0
4404,5,405,10400318,0
4404,6,406,10400319,0
4404,7,407,10400320,0
4404,8,408,10400321,0
4404,9,409,10400322,0
4404,10,410,10400323,0
4405,1,301,10400111,0
4405,2,302,10400112,0
4405,3,303,10400113,0
4405,4,304,10400114,0
4405,5,305,10400115,0
4405,6,306,10400116,0
4405,7,307,10400117,0
4405,8,308,10400118,0
4405,9,309,10400119,0
4405,10,310,10400120,0
4406,1,301,10400111,0
4406,2,302,10400112,0
4406,3,303,10400113,0
4406,4,304,10400114,0
4406,5,305,10400115,0
4406,6,306,10400116,0
4406,7,307,10400117,0
4406,8,308,10400118,0
4406,9,309,10400119,0
4406,10,310,10400120,0
4407,1,301,10400051,0
4407,2,302,10400052,0
4407,3,303,10400053,0
4407,4,304,10400054,0
4407,5,305,10400055,0
4407,6,306,10400056,0
4407,7,307,10400057,0
4407,8,308,10400058,0
4407,9,309,10400059,0
4407,10,310,10400060,0
4408,1,301,10400021,0
4408,2,302,10400022,0
4408,3,303,10400023,0
4408,4,304,10400024,0
4408,5,305,10400025,0
4408,6,306,10400026,0
4408,7,307,10400027,0
4408,8,308,10400028,0
4408,9,309,10400029,0
4408,10,310,10400030,0
4409,1,301,10400021,0
4409,2,302,10400022,0
4409,3,303,10400023,0
4409,4,304,10400024,0
4409,5,305,10400025,0
4409,6,306,10400026,0
4409,7,307,10400027,0
4409,8,308,10400028,0
4409,9,309,10400029,0
4409,10,310,10400030,0
4410,1,301,10400021,0
4410,2,302,10400022,0
4410,3,303,10400023,0
4410,4,304,10400024,0
4410,5,305,10400025,0
4410,6,306,10400026,0
4410,7,307,10400027,0
4410,8,308,10400028,0
4410,9,309,10400029,0
4410,10,310,10400030,0
4411,1,301,910000163,0
4411,2,302,910000164,0
4411,3,303,910000165,0
4411,4,304,910000166,0
4411,5,305,910000167,0
4411,6,306,910000168,0
4411,7,307,910000169,0
4411,8,308,910000170,0
4411,9,309,910000171,0
4411,10,310,910000172,0
4412,1,301,910000183,0
4412,2,302,910000184,0
4412,3,303,910000185,0
4412,4,304,910000186,0
4412,5,305,910000187,0
4412,6,306,910000188,0
4412,7,307,910000189,0
4412,8,308,910000190,0
4412,9,309,910000191,0
4412,10,310,910000192,0
4413,1,301,10400284,0
4413,2,302,10400285,0
4413,3,303,10400286,0
4413,4,304,10400287,0
4413,5,305,10400288,0
4413,6,306,10400289,0
4413,7,307,10400290,0
4413,8,308,10400291,0
4413,9,309,10400292,0
4413,10,310,10400293,0
4414,1,401,10400304,0
4414,2,402,10400305,0
4414,3,403,10400306,0
4414,4,404,10400307,0
4414,5,405,10400308,0
4414,6,406,10400309,0
4414,7,407,10400310,0
4414,8,408,10400311,0
4414,9,409,10400312,0
4414,10,410,10400313,0
4415,1,401,10400324,0
4415,2,402,10400325,0
4415,3,403,10400326,0
4415,4,404,10400327,0
4415,5,405,10400328,0
4415,6,406,10400329,0
4415,7,407,10400330,0
4415,8,408,10400331,0
4415,9,409,10400332,0
4415,10,410,10400333,0
4416,1,401,10400314,0
4416,2,402,10400315,0
4416,3,403,10400316,0
4416,4,404,10400317,0
4416,5,405,10400318,0
4416,6,406,10400319,0
4416,7,407,10400320,0
4416,8,408,10400321,0
4416,9,409,10400322,0
4416,10,410,10400323,0
4417,1,301,10400111,0
4417,2,302,10400112,0
4417,3,303,10400113,0
4417,4,304,10400114,0
4417,5,305,10400115,0
4417,6,306,10400116,0
4417,7,307,10400117,0
4417,8,308,10400118,0
4417,9,309,10400119,0
4417,10,310,10400120,0
4418,1,301,10400111,0
4418,2,302,10400112,0
4418,3,303,10400113,0
4418,4,304,10400114,0
4418,5,305,10400115,0
4418,6,306,10400116,0
4418,7,307,10400117,0
4418,8,308,10400118,0
4418,9,309,10400119,0
4418,10,310,10400120,0
4419,1,301,10400051,0
4419,2,302,10400052,0
4419,3,303,10400053,0
4419,4,304,10400054,0
4419,5,305,10400055,0
4419,6,306,10400056,0
4419,7,307,10400057,0
4419,8,308,10400058,0
4419,9,309,10400059,0
4419,10,310,10400060,0
4420,1,301,10400051,0
4420,2,302,10400052,0
4420,3,303,10400053,0
4420,4,304,10400054,0
4420,5,305,10400055,0
4420,6,306,10400056,0
4420,7,307,10400057,0
4420,8,308,10400058,0
4420,9,309,10400059,0
4420,10,310,10400060,0
4421,1,301,10400021,0
4421,2,302,10400022,0
4421,3,303,10400023,0
4421,4,304,10400024,0
4421,5,305,10400025,0
4421,6,306,10400026,0
4421,7,307,10400027,0
4421,8,308,10400028,0
4421,9,309,10400029,0
4421,10,310,10400030,0
4422,1,301,10400021,0
4422,2,302,10400022,0
4422,3,303,10400023,0
4422,4,304,10400024,0
4422,5,305,10400025,0
4422,6,306,10400026,0
4422,7,307,10400027,0
4422,8,308,10400028,0
4422,9,309,10400029,0
4422,10,310,10400030,0
4423,1,301,910000183,0
4423,2,302,910000184,0
4423,3,303,910000185,0
4423,4,304,910000186,0
4423,5,305,910000187,0
4423,6,306,910000188,0
4423,7,307,910000189,0
4423,8,308,910000190,0
4423,9,309,910000191,0
4423,10,310,910000192,0
4424,1,301,910000183,0
4424,2,302,910000184,0
4424,3,303,910000185,0
4424,4,304,910000186,0
4424,5,305,910000187,0
4424,6,306,910000188,0
4424,7,307,910000189,0
4424,8,308,910000190,0
4424,9,309,910000191,0
4424,10,310,910000192,0
4425,1,301,910000173,0
4425,2,302,910000174,0
4425,3,303,910000175,0
4425,4,304,910000176,0
4425,5,305,910000177,0
4425,6,306,910000178,0
4425,7,307,910000179,0
4425,8,308,910000180,0
4425,9,309,910000181,0
4425,10,310,910000182,0
4426,1,301,910000173,0
4426,2,302,910000174,0
4426,3,303,910000175,0
4426,4,304,910000176,0
4426,5,305,910000177,0
4426,6,306,910000178,0
4426,7,307,910000179,0
4426,8,308,910000180,0
4426,9,309,910000181,0
4426,10,310,910000182,0
4427,1,401,10400214,0
4427,2,402,10400215,0
4427,3,403,10400216,0
4427,4,404,10400217,0
4427,5,405,10400218,0
4427,6,406,10400219,0
4427,7,407,10400220,0
4427,8,408,10400221,0
4427,9,409,10400222,0
4427,10,410,10400223,0
4428,1,401,10400204,0
4428,2,402,10400205,0
4428,3,403,10400206,0
4428,4,404,10400207,0
4428,5,405,10400208,0
4428,6,406,10400209,0
4428,7,407,10400210,0
4428,8,408,10400211,0
4428,9,409,10400212,0
4428,10,410,10400213,0
4429,1,401,10400214,0
4429,2,402,10400215,0
4429,3,403,10400216,0
4429,4,404,10400217,0
4429,5,405,10400218,0
4429,6,406,10400219,0
4429,7,407,10400220,0
4429,8,408,10400221,0
4429,9,409,10400222,0
4429,10,410,10400223,0
4430,1,301,10400111,0
4430,2,302,10400112,0
4430,3,303,10400113,0
4430,4,304,10400114,0
4430,5,305,10400115,0
4430,6,306,10400116,0
4430,7,307,10400117,0
4430,8,308,10400118,0
4430,9,309,10400119,0
4430,10,310,10400120,0
4431,1,301,10400111,0
4431,2,302,10400112,0
4431,3,303,10400113,0
4431,4,304,10400114,0
4431,5,305,10400115,0
4431,6,306,10400116,0
4431,7,307,10400117,0
4431,8,308,10400118,0
4431,9,309,10400119,0
4431,10,310,10400120,0
4432,1,301,10400081,0
4432,2,302,10400082,0
4432,3,303,10400083,0
4432,4,304,10400084,0
4432,5,305,10400085,0
4432,6,306,10400086,0
4432,7,307,10400087,0
4432,8,308,10400088,0
4432,9,309,10400089,0
4432,10,310,10400090,0
4433,1,301,10400081,0
4433,2,302,10400082,0
4433,3,303,10400083,0
4433,4,304,10400084,0
4433,5,305,10400085,0
4433,6,306,10400086,0
4433,7,307,10400087,0
4433,8,308,10400088,0
4433,9,309,10400089,0
4433,10,310,10400090,0
4434,1,301,10400021,0
4434,2,302,10400022,0
4434,3,303,10400023,0
4434,4,304,10400024,0
4434,5,305,10400025,0
4434,6,306,10400026,0
4434,7,307,10400027,0
4434,8,308,10400028,0
4434,9,309,10400029,0
4434,10,310,10400030,0
4435,1,301,10400021,0
4435,2,302,10400022,0
4435,3,303,10400023,0
4435,4,304,10400024,0
4435,5,305,10400025,0
4435,6,306,10400026,0
4435,7,307,10400027,0
4435,8,308,10400028,0
4435,9,309,10400029,0
4435,10,310,10400030,0
4436,1,301,910000183,0
4436,2,302,910000184,0
4436,3,303,910000185,0
4436,4,304,910000186,0
4436,5,305,910000187,0
4436,6,306,910000188,0
4436,7,307,910000189,0
4436,8,308,910000190,0
4436,9,309,910000191,0
4436,10,310,910000192,0
4437,1,301,910000183,0
4437,2,302,910000184,0
4437,3,303,910000185,0
4437,4,304,910000186,0
4437,5,305,910000187,0
4437,6,306,910000188,0
4437,7,307,910000189,0
4437,8,308,910000190,0
4437,9,309,910000191,0
4437,10,310,910000192,0
4438,1,301,910000173,0
4438,2,302,910000174,0
4438,3,303,910000175,0
4438,4,304,910000176,0
4438,5,305,910000177,0
4438,6,306,910000178,0
4438,7,307,910000179,0
4438,8,308,910000180,0
4438,9,309,910000181,0
4438,10,310,910000182,0
4439,1,301,910000173,0
4439,2,302,910000174,0
4439,3,303,910000175,0
4439,4,304,910000176,0
4439,5,305,910000177,0
4439,6,306,910000178,0
4439,7,307,910000179,0
4439,8,308,910000180,0
4439,9,309,910000181,0
4439,10,310,910000182,0
4440,1,401,10400304,0
4440,2,402,10400305,0
4440,3,403,10400306,0
4440,4,404,10400307,0
4440,5,405,10400308,0
4440,6,406,10400309,0
4440,7,407,10400310,0
4440,8,408,10400311,0
4440,9,409,10400312,0
4440,10,410,10400313,0
4441,1,401,10400224,0
4441,2,402,10400225,0
4441,3,403,10400226,0
4441,4,404,10400227,0
4441,5,405,10400228,0
4441,6,406,10400229,0
4441,7,407,10400230,0
4441,8,408,10400231,0
4441,9,409,10400232,0
4441,10,410,10400233,0
4442,1,401,10400214,0
4442,2,402,10400215,0
4442,3,403,10400216,0
4442,4,404,10400217,0
4442,5,405,10400218,0
4442,6,406,10400219,0
4442,7,407,10400220,0
4442,8,408,10400221,0
4442,9,409,10400222,0
4442,10,410,10400223,0
4443,1,301,10400111,0
4443,2,302,10400112,0
4443,3,303,10400113,0
4443,4,304,10400114,0
4443,5,305,10400115,0
4443,6,306,10400116,0
4443,7,307,10400117,0
4443,8,308,10400118,0
4443,9,309,10400119,0
4443,10,310,10400120,0
4444,1,301,10400111,0
4444,2,302,10400112,0
4444,3,303,10400113,0
4444,4,304,10400114,0
4444,5,305,10400115,0
4444,6,306,10400116,0
4444,7,307,10400117,0
4444,8,308,10400118,0
4444,9,309,10400119,0
4444,10,310,10400120,0
4445,1,301,10400081,0
4445,2,302,10400082,0
4445,3,303,10400083,0
4445,4,304,10400084,0
4445,5,305,10400085,0
4445,6,306,10400086,0
4445,7,307,10400087,0
4445,8,308,10400088,0
4445,9,309,10400089,0
4445,10,310,10400090,0
4446,1,301,10400081,0
4446,2,302,10400082,0
4446,3,303,10400083,0
4446,4,304,10400084,0
4446,5,305,10400085,0
4446,6,306,10400086,0
4446,7,307,10400087,0
4446,8,308,10400088,0
4446,9,309,10400089,0
4446,10,310,10400090,0
4447,1,301,10400021,0
4447,2,302,10400022,0
4447,3,303,10400023,0
4447,4,304,10400024,0
4447,5,305,10400025,0
4447,6,306,10400026,0
4447,7,307,10400027,0
4447,8,308,10400028,0
4447,9,309,10400029,0
4447,10,310,10400030,0
4448,1,301,10400021,0
4448,2,302,10400022,0
4448,3,303,10400023,0
4448,4,304,10400024,0
4448,5,305,10400025,0
4448,6,306,10400026,0
4448,7,307,10400027,0
4448,8,308,10400028,0
4448,9,309,10400029,0
4448,10,310,10400030,0
4449,1,301,910000163,0
4449,2,302,910000164,0
4449,3,303,910000165,0
4449,4,304,910000166,0
4449,5,305,910000167,0
4449,6,306,910000168,0
4449,7,307,910000169,0
4449,8,308,910000170,0
4449,9,309,910000171,0
4449,10,310,910000172,0
4450,1,301,910000163,0
4450,2,302,910000164,0
4450,3,303,910000165,0
4450,4,304,910000166,0
4450,5,305,910000167,0
4450,6,306,910000168,0
4450,7,307,910000169,0
4450,8,308,910000170,0
4450,9,309,910000171,0
4450,10,310,910000172,0
4451,1,301,910000173,0
4451,2,302,910000174,0
4451,3,303,910000175,0
4451,4,304,910000176,0
4451,5,305,910000177,0
4451,6,306,910000178,0
4451,7,307,910000179,0
4451,8,308,910000180,0
4451,9,309,910000181,0
4451,10,310,910000182,0
4452,1,301,910000173,0
4452,2,302,910000174,0
4452,3,303,910000175,0
4452,4,304,910000176,0
4452,5,305,910000177,0
4452,6,306,910000178,0
4452,7,307,910000179,0
4452,8,308,910000180,0
4452,9,309,910000181,0
4452,10,310,910000182,0
4453,1,401,10400214,0
4453,2,402,10400215,0
4453,3,403,10400216,0
4453,4,404,10400217,0
4453,5,405,10400218,0
4453,6,406,10400219,0
4453,7,407,10400220,0
4453,8,408,10400221,0
4453,9,409,10400222,0
4453,10,410,10400223,0
4454,1,401,10400204,0
4454,2,402,10400205,0
4454,3,403,10400206,0
4454,4,404,10400207,0
4454,5,405,10400208,0
4454,6,406,10400209,0
4454,7,407,10400210,0
4454,8,408,10400211,0
4454,9,409,10400212,0
4454,10,410,10400213,0
4455,1,401,10400214,0
4455,2,402,10400215,0
4455,3,403,10400216,0
4455,4,404,10400217,0
4455,5,405,10400218,0
4455,6,406,10400219,0
4455,7,407,10400220,0
4455,8,408,10400221,0
4455,9,409,10400222,0
4455,10,410,10400223,0
5500,1,301,10500141,0
5500,2,302,10500142,0
5500,3,303,10500143,0
5500,4,304,10500144,0
5500,5,305,10500145,0
5500,6,306,10500146,0
5500,7,307,10500147,0
5500,8,308,10500148,0
5500,9,309,10500149,0
5500,10,310,10500150,0
5501,1,301,10500171,0
5501,2,302,10500172,0
5501,3,303,10500173,0
5501,4,304,10500174,0
5501,5,305,10500175,0
5501,6,306,10500176,0
5501,7,307,10500177,0
5501,8,308,10500178,0
5501,9,309,10500179,0
5501,10,310,10500180,0
5502,1,401,10500231,0
5502,2,402,10500232,0
5502,3,403,10500233,0
5502,4,404,10500234,0
5502,5,405,10500235,0
5502,6,406,10500236,0
5502,7,407,10500237,0
5502,8,408,10500238,0
5502,9,409,10500239,0
5502,10,410,10500240,0
5503,1,401,10500271,0
5503,2,402,10500272,0
5503,3,403,10500273,0
5503,4,404,10500274,0
5503,5,405,10500275,0
5503,6,406,10500276,0
5503,7,407,10500277,0
5503,8,408,10500278,0
5503,9,409,10500279,0
5503,10,410,10500280,0
5504,1,401,10500211,0
5504,2,402,10500212,0
5504,3,403,10500213,0
5504,4,404,10500214,0
5504,5,405,10500215,0
5504,6,406,10500216,0
5504,7,407,10500217,0
5504,8,408,10500218,0
5504,9,409,10500219,0
5504,10,410,10500220,0
5505,1,301,10500021,0
5505,2,302,10500022,0
5505,3,303,10500023,0
5505,4,304,10500024,0
5505,5,305,10500025,0
5505,6,306,10500026,0
5505,7,307,10500027,0
5505,8,308,10500028,0
5505,9,309,10500029,0
5505,10,310,10500030,0
5506,1,301,10500021,0
5506,2,302,10500022,0
5506,3,303,10500023,0
5506,4,304,10500024,0
5506,5,305,10500025,0
5506,6,306,10500026,0
5506,7,307,10500027,0
5506,8,308,10500028,0
5506,9,309,10500029,0
5506,10,310,10500030,0
5507,1,301,10500051,0
5507,2,302,10500052,0
5507,3,303,10500053,0
5507,4,304,10500054,0
5507,5,305,10500055,0
5507,6,306,10500056,0
5507,7,307,10500057,0
5507,8,308,10500058,0
5507,9,309,10500059,0
5507,10,310,10500060,0
5508,1,301,10500051,0
5508,2,302,10500052,0
5508,3,303,10500053,0
5508,4,304,10500054,0
5508,5,305,10500055,0
5508,6,306,10500056,0
5508,7,307,10500057,0
5508,8,308,10500058,0
5508,9,309,10500059,0
5508,10,310,10500060,0
5509,1,301,10500111,0
5509,2,302,10500112,0
5509,3,303,10500113,0
5509,4,304,10500114,0
5509,5,305,10500115,0
5509,6,306,10500116,0
5509,7,307,10500117,0
5509,8,308,10500118,0
5509,9,309,10500119,0
5509,10,310,10500120,0
5510,1,301,10500111,0
5510,2,302,10500112,0
5510,3,303,10500113,0
5510,4,304,10500114,0
5510,5,305,10500115,0
5510,6,306,10500116,0
5510,7,307,10500117,0
5510,8,308,10500118,0
5510,9,309,10500119,0
5510,10,310,10500120,0
5511,1,301,10500141,0
5511,2,302,10500142,0
5511,3,303,10500143,0
5511,4,304,10500144,0
5511,5,305,10500145,0
5511,6,306,10500146,0
5511,7,307,10500147,0
5511,8,308,10500148,0
5511,9,309,10500149,0
5511,10,310,10500150,0
5512,1,301,10500141,0
5512,2,302,10500142,0
5512,3,303,10500143,0
5512,4,304,10500144,0
5512,5,305,10500145,0
5512,6,306,10500146,0
5512,7,307,10500147,0
5512,8,308,10500148,0
5512,9,309,10500149,0
5512,10,310,10500150,0
5513,1,301,10500171,0
5513,2,302,10500172,0
5513,3,303,10500173,0
5513,4,304,10500174,0
5513,5,305,10500175,0
5513,6,306,10500176,0
5513,7,307,10500177,0
5513,8,308,10500178,0
5513,9,309,10500179,0
5513,10,310,10500180,0
5514,1,401,10500231,0
5514,2,402,10500232,0
5514,3,403,10500233,0
5514,4,404,10500234,0
5514,5,405,10500235,0
5514,6,406,10500236,0
5514,7,407,10500237,0
5514,8,408,10500238,0
5514,9,409,10500239,0
5514,10,410,10500240,0
5515,1,401,10500241,0
5515,2,402,10500242,0
5515,3,403,10500243,0
5515,4,404,10500244,0
5515,5,405,10500245,0
5515,6,406,10500246,0
5515,7,407,10500247,0
5515,8,408,10500248,0
5515,9,409,10500249,0
5515,10,410,10500250,0
5516,1,401,10500251,0
5516,2,402,10500252,0
5516,3,403,10500253,0
5516,4,404,10500254,0
5516,5,405,10500255,0
5516,6,406,10500256,0
5516,7,407,10500257,0
5516,8,408,10500258,0
5516,9,409,10500259,0
5516,10,410,10500260,0
5517,1,301,10500021,0
5517,2,302,10500022,0
5517,3,303,10500023,0
5517,4,304,10500024,0
5517,5,305,10500025,0
5517,6,306,10500026,0
5517,7,307,10500027,0
5517,8,308,10500028,0
5517,9,309,10500029,0
5517,10,310,10500030,0
5518,1,301,10500021,0
5518,2,302,10500022,0
5518,3,303,10500023,0
5518,4,304,10500024,0
5518,5,305,10500025,0
5518,6,306,10500026,0
5518,7,307,10500027,0
5518,8,308,10500028,0
5518,9,309,10500029,0
5518,10,310,10500030,0
5519,1,301,10500051,0
5519,2,302,10500052,0
5519,3,303,10500053,0
5519,4,304,10500054,0
5519,5,305,10500055,0
5519,6,306,10500056,0
5519,7,307,10500057,0
5519,8,308,10500058,0
5519,9,309,10500059,0
5519,10,310,10500060,0
5520,1,301,10500051,0
5520,2,302,10500052,0
5520,3,303,10500053,0
5520,4,304,10500054,0
5520,5,305,10500055,0
5520,6,306,10500056,0
5520,7,307,10500057,0
5520,8,308,10500058,0
5520,9,309,10500059,0
5520,10,310,10500060,0
5521,1,301,10500111,0
5521,2,302,10500112,0
5521,3,303,10500113,0
5521,4,304,10500114,0
5521,5,305,10500115,0
5521,6,306,10500116,0
5521,7,307,10500117,0
5521,8,308,10500118,0
5521,9,309,10500119,0
5521,10,310,10500120,0
5522,1,301,10500111,0
5522,2,302,10500112,0
5522,3,303,10500113,0
5522,4,304,10500114,0
5522,5,305,10500115,0
5522,6,306,10500116,0
5522,7,307,10500117,0
5522,8,308,10500118,0
5522,9,309,10500119,0
5522,10,310,10500120,0
5523,1,301,10500141,0
5523,2,302,10500142,0
5523,3,303,10500143,0
5523,4,304,10500144,0
5523,5,305,10500145,0
5523,6,306,10500146,0
5523,7,307,10500147,0
5523,8,308,10500148,0
5523,9,309,10500149,0
5523,10,310,10500150,0
5524,1,301,10500141,0
5524,2,302,10500142,0
5524,3,303,10500143,0
5524,4,304,10500144,0
5524,5,305,10500145,0
5524,6,306,10500146,0
5524,7,307,10500147,0
5524,8,308,10500148,0
5524,9,309,10500149,0
5524,10,310,10500150,0
5525,1,301,10500171,0
5525,2,302,10500172,0
5525,3,303,10500173,0
5525,4,304,10500174,0
5525,5,305,10500175,0
5525,6,306,10500176,0
5525,7,307,10500177,0
5525,8,308,10500178,0
5525,9,309,10500179,0
5525,10,310,10500180,0
5526,1,301,10500171,0
5526,2,302,10500172,0
5526,3,303,10500173,0
5526,4,304,10500174,0
5526,5,305,10500175,0
5526,6,306,10500176,0
5526,7,307,10500177,0
5526,8,308,10500178,0
5526,9,309,10500179,0
5526,10,310,10500180,0
5527,1,401,10500231,0
5527,2,402,10500232,0
5527,3,403,10500233,0
5527,4,404,10500234,0
5527,5,405,10500235,0
5527,6,406,10500236,0
5527,7,407,10500237,0
5527,8,408,10500238,0
5527,9,409,10500239,0
5527,10,410,10500240,0
5528,1,401,10500271,0
5528,2,402,10500272,0
5528,3,403,10500273,0
5528,4,404,10500274,0
5528,5,405,10500275,0
5528,6,406,10500276,0
5528,7,407,10500277,0
5528,8,408,10500278,0
5528,9,409,10500279,0
5528,10,410,10500280,0
5529,1,401,10500211,0
5529,2,402,10500212,0
5529,3,403,10500213,0
5529,4,404,10500214,0
5529,5,405,10500215,0
5529,6,406,10500216,0
5529,7,407,10500217,0
5529,8,408,10500218,0
5529,9,409,10500219,0
5529,10,410,10500220,0
5530,1,301,10500021,0
5530,2,302,10500022,0
5530,3,303,10500023,0
5530,4,304,10500024,0
5530,5,305,10500025,0
5530,6,306,10500026,0
5530,7,307,10500027,0
5530,8,308,10500028,0
5530,9,309,10500029,0
5530,10,310,10500030,0
5531,1,301,10500021,0
5531,2,302,10500022,0
5531,3,303,10500023,0
5531,4,304,10500024,0
5531,5,305,10500025,0
5531,6,306,10500026,0
5531,7,307,10500027,0
5531,8,308,10500028,0
5531,9,309,10500029,0
5531,10,310,10500030,0
5532,1,301,10500081,0
5532,2,302,10500082,0
5532,3,303,10500083,0
5532,4,304,10500084,0
5532,5,305,10500085,0
5532,6,306,10500086,0
5532,7,307,10500087,0
5532,8,308,10500088,0
5532,9,309,10500089,0
5532,10,310,10500090,0
5533,1,301,10500081,0
5533,2,302,10500082,0
5533,3,303,10500083,0
5533,4,304,10500084,0
5533,5,305,10500085,0
5533,6,306,10500086,0
5533,7,307,10500087,0
5533,8,308,10500088,0
5533,9,309,10500089,0
5533,10,310,10500090,0
5534,1,301,10500111,0
5534,2,302,10500112,0
5534,3,303,10500113,0
5534,4,304,10500114,0
5534,5,305,10500115,0
5534,6,306,10500116,0
5534,7,307,10500117,0
5534,8,308,10500118,0
5534,9,309,10500119,0
5534,10,310,10500120,0
5535,1,301,10500111,0
5535,2,302,10500112,0
5535,3,303,10500113,0
5535,4,304,10500114,0
5535,5,305,10500115,0
5535,6,306,10500116,0
5535,7,307,10500117,0
5535,8,308,10500118,0
5535,9,309,10500119,0
5535,10,310,10500120,0
5536,1,301,10500141,0
5536,2,302,10500142,0
5536,3,303,10500143,0
5536,4,304,10500144,0
5536,5,305,10500145,0
5536,6,306,10500146,0
5536,7,307,10500147,0
5536,8,308,10500148,0
5536,9,309,10500149,0
5536,10,310,10500150,0
5537,1,301,10500141,0
5537,2,302,10500142,0
5537,3,303,10500143,0
5537,4,304,10500144,0
5537,5,305,10500145,0
5537,6,306,10500146,0
5537,7,307,10500147,0
5537,8,308,10500148,0
5537,9,309,10500149,0
5537,10,310,10500150,0
5538,1,301,10500191,0
5538,2,302,10500192,0
5538,3,303,10500193,0
5538,4,304,10500194,0
5538,5,305,10500195,0
5538,6,306,10500196,0
5538,7,307,10500197,0
5538,8,308,10500198,0
5538,9,309,10500199,0
5538,10,310,10500200,0
5539,1,301,10500191,0
5539,2,302,10500192,0
5539,3,303,10500193,0
5539,4,304,10500194,0
5539,5,305,10500195,0
5539,6,306,10500196,0
5539,7,307,10500197,0
5539,8,308,10500198,0
5539,9,309,10500199,0
5539,10,310,10500200,0
5540,1,401,10500231,0
5540,2,402,10500232,0
5540,3,403,10500233,0
5540,4,404,10500234,0
5540,5,405,10500235,0
5540,6,406,10500236,0
5540,7,407,10500237,0
5540,8,408,10500238,0
5540,9,409,10500239,0
5540,10,410,10500240,0
5541,1,401,10500271,0
5541,2,402,10500272,0
5541,3,403,10500273,0
5541,4,404,10500274,0
5541,5,405,10500275,0
5541,6,406,10500276,0
5541,7,407,10500277,0
5541,8,408,10500278,0
5541,9,409,10500279,0
5541,10,410,10500280,0
5542,1,401,10500261,0
5542,2,402,10500262,0
5542,3,403,10500263,0
5542,4,404,10500264,0
5542,5,405,10500265,0
5542,6,406,10500266,0
5542,7,407,10500267,0
5542,8,408,10500268,0
5542,9,409,10500269,0
5542,10,410,10500270,0
5543,1,301,10500021,0
5543,2,302,10500022,0
5543,3,303,10500023,0
5543,4,304,10500024,0
5543,5,305,10500025,0
5543,6,306,10500026,0
5543,7,307,10500027,0
5543,8,308,10500028,0
5543,9,309,10500029,0
5543,10,310,10500030,0
5544,1,301,10500021,0
5544,2,302,10500022,0
5544,3,303,10500023,0
5544,4,304,10500024,0
5544,5,305,10500025,0
5544,6,306,10500026,0
5544,7,307,10500027,0
5544,8,308,10500028,0
5544,9,309,10500029,0
5544,10,310,10500030,0
5545,1,301,10500081,0
5545,2,302,10500082,0
5545,3,303,10500083,0
5545,4,304,10500084,0
5545,5,305,10500085,0
5545,6,306,10500086,0
5545,7,307,10500087,0
5545,8,308,10500088,0
5545,9,309,10500089,0
5545,10,310,10500090,0
5546,1,301,10500081,0
5546,2,302,10500082,0
5546,3,303,10500083,0
5546,4,304,10500084,0
5546,5,305,10500085,0
5546,6,306,10500086,0
5546,7,307,10500087,0
5546,8,308,10500088,0
5546,9,309,10500089,0
5546,10,310,10500090,0
5547,1,301,10500051,0
5547,2,302,10500052,0
5547,3,303,10500053,0
5547,4,304,10500054,0
5547,5,305,10500055,0
5547,6,306,10500056,0
5547,7,307,10500057,0
5547,8,308,10500058,0
5547,9,309,10500059,0
5547,10,310,10500060,0
5548,1,301,10500051,0
5548,2,302,10500052,0
5548,3,303,10500053,0
5548,4,304,10500054,0
5548,5,305,10500055,0
5548,6,306,10500056,0
5548,7,307,10500057,0
5548,8,308,10500058,0
5548,9,309,10500059,0
5548,10,310,10500060,0
5549,1,301,10500141,0
5549,2,302,10500142,0
5549,3,303,10500143,0
5549,4,304,10500144,0
5549,5,305,10500145,0
5549,6,306,10500146,0
5549,7,307,10500147,0
5549,8,308,10500148,0
5549,9,309,10500149,0
5549,10,310,10500150,0
5550,1,301,10500141,0
5550,2,302,10500142,0
5550,3,303,10500143,0
5550,4,304,10500144,0
5550,5,305,10500145,0
5550,6,306,10500146,0
5550,7,307,10500147,0
5550,8,308,10500148,0
5550,9,309,10500149,0
5550,10,310,10500150,0
5551,1,301,10500171,0
5551,2,302,10500172,0
5551,3,303,10500173,0
5551,4,304,10500174,0
5551,5,305,10500175,0
5551,6,306,10500176,0
5551,7,307,10500177,0
5551,8,308,10500178,0
5551,9,309,10500179,0
5551,10,310,10500180,0
5552,1,301,10500171,0
5552,2,302,10500172,0
5552,3,303,10500173,0
5552,4,304,10500174,0
5552,5,305,10500175,0
5552,6,306,10500176,0
5552,7,307,10500177,0
5552,8,308,10500178,0
5552,9,309,10500179,0
5552,10,310,10500180,0
5553,1,401,10500231,0
5553,2,402,10500232,0
5553,3,403,10500233,0
5553,4,404,10500234,0
5553,5,405,10500235,0
5553,6,406,10500236,0
5553,7,407,10500237,0
5553,8,408,10500238,0
5553,9,409,10500239,0
5553,10,410,10500240,0
5554,1,401,10500271,0
5554,2,402,10500272,0
5554,3,403,10500273,0
5554,4,404,10500274,0
5554,5,405,10500275,0
5554,6,406,10500276,0
5554,7,407,10500277,0
5554,8,408,10500278,0
5554,9,409,10500279,0
5554,10,410,10500280,0
5555,1,401,10500211,0
5555,2,402,10500212,0
5555,3,403,10500213,0
5555,4,404,10500214,0
5555,5,405,10500215,0
5555,6,406,10500216,0
5555,7,407,10500217,0
5555,8,408,10500218,0
5555,9,409,10500219,0
5555,10,410,10500220,0
