id,shop_item_id,priority,target,resource_id,open_date,close_date
1,10069,14,,0,2022-02-03T00:00:00,2022-03-17T10:29:59
3,120001,13,,0,2018-01-01T00:00:00,2022-03-17T10:29:59
4,140001,12,,0,2018-01-01T00:00:00,2022-03-17T10:29:59
5,10001,11,,0,2018-01-01T00:00:00,2022-03-17T10:29:59
6,10035,255,,0,2018-01-01T00:00:00,2023-09-29T10:29:59
7,10004,9,,0,2019-10-18T00:00:00,2022-03-17T10:29:59
8,10003,8,,0,2019-10-18T00:00:00,2022-03-17T10:29:59
9,10005,7,,0,2019-10-18T00:00:00,2022-03-17T10:29:59
13,110001,3,,0,2020-01-28T10:10:00,2022-03-25T10:29:59
14,110002,2,,0,2020-01-28T10:10:00,2022-03-25T10:29:59
15,190001,1,,0,2020-01-28T10:10:00,2022-03-25T10:29:59
16,10069,5,,802000001,2022-02-03T00:00:00,2022-03-17T10:29:59
17,110002,3,,802000002,2021-11-17T12:00:00,2022-03-25T10:29:59
18,40014,2,,802000003,2018-01-01T00:00:00,2022-02-25T10:59:59
19,40014,4,,0,2018-01-01T00:00:00,2022-02-25T10:59:59
20,0,2,season_pass,802000004,2021-11-17T12:00:00,2022-02-25T07:59:59
21,0,4,shop#shop=1023,802000005,2018-01-01T00:00:00,2022-03-01T03:59:59
22,10077,8,,802000006,2022-02-17T10:35:00,2022-03-04T23:59:59
23,10078,10,,802000007,2022-02-17T10:35:00,2022-03-04T23:59:59
24,10077,15,,0,2022-02-17T10:35:00,2022-03-04T23:59:59
25,10078,16,,0,2022-02-17T10:35:00,2022-03-04T23:59:59
26,10079,17,,0,2022-02-17T10:35:00,2022-03-04T23:59:59
27,10082,20,,0,2022-02-25T08:10:00,2022-03-11T23:59:59
28,10085,19,,0,2022-02-25T08:10:00,2022-03-11T23:59:59
29,10087,18,,0,2022-02-25T08:10:00,2022-03-11T23:59:59
30,10082,15,,802000008,2022-02-25T08:10:00,2022-03-11T23:59:59
31,10084,14,,802000009,2022-02-25T08:10:00,2022-03-11T23:59:59
32,10085,13,,802000010,2022-02-25T08:10:00,2022-03-11T23:59:59
33,10087,12,,802000011,2022-02-25T08:10:00,2022-03-11T23:59:59
34,40015,11,,802000012,2022-02-25T08:10:00,2022-03-11T23:59:59
35,10073,16,,802000013,2022-02-25T08:10:00,2022-02-28T23:59:59
36,10094,23,,0,2022-03-03T10:35:00,2022-03-24T23:59:59
37,10098,22,,0,2022-03-03T10:35:00,2022-03-24T23:59:59
38,10091,21,,0,2022-03-03T10:35:00,2022-03-24T23:59:59
39,10094,19,,802000014,2022-03-03T10:35:00,2022-03-24T23:59:59
40,10098,18,,802000015,2022-03-03T10:35:00,2022-03-17T10:29:59
41,10091,17,,802000016,2022-03-03T10:35:00,2022-03-24T23:59:59
42,10106,28,,0,2022-03-10T10:35:00,2022-03-25T10:29:59
43,10107,27,,0,2022-03-10T10:35:00,2022-03-25T10:29:59
44,10108,26,,0,2022-03-10T10:35:00,2022-03-25T10:29:59
45,110004,25,,0,2022-03-10T10:35:00,2022-03-30T23:59:59
46,110005,24,,0,2022-03-10T10:35:00,2022-03-30T23:59:59
47,0,21,shop#shop=1023,802000017,2022-03-10T10:35:00,2022-03-30T23:59:59
48,0,20,shop#shop=1001,802000018,2022-03-10T10:35:00,2022-03-30T23:59:59
49,10114,32,,0,2022-03-17T10:35:00,2022-04-01T23:59:59
50,10115,30,,0,2022-03-17T10:35:00,2022-03-25T10:29:59
51,10117,31,,0,2022-03-17T10:35:00,2022-03-25T10:29:59
52,10120,29,,0,2022-03-17T10:35:00,2022-03-25T10:29:59
53,10114,24,,802000020,2022-03-17T10:35:00,2022-03-25T10:29:59
54,10115,23,,802000021,2022-03-17T10:35:00,2022-04-01T23:59:59
55,10117,22,,802000019,2022-03-17T10:35:00,2022-04-01T23:59:59
56,10122,38,,0,2022-03-25T10:35:00,2022-04-15T23:59:59
57,10123,37,,0,2022-03-25T10:35:00,2022-04-15T23:59:59
58,10124,36,,0,2022-03-25T10:35:00,2022-04-15T23:59:59
59,10128,35,,0,2022-03-25T10:35:00,2022-03-31T10:29:59
60,40018,34,,0,2022-03-25T10:35:00,2022-04-08T10:35:00
61,40019,33,,0,2022-03-25T10:35:00,2022-04-08T10:35:00
62,0,27,shop#shop=1023,802000022,2022-03-25T10:35:00,2022-04-15T23:59:59
63,10128,26,,802000023,2022-03-25T10:35:00,2022-03-31T10:29:59
64,40019,25,,802000024,2022-03-25T10:35:00,2022-03-31T10:29:59
65,10131,44,,0,2022-04-02T10:35:00,2022-04-22T23:59:59
66,10132,43,,0,2022-04-02T10:35:00,2022-04-22T23:59:59
67,10133,42,,0,2022-04-02T10:35:00,2022-04-22T23:59:59
68,10134,41,,0,2022-04-02T10:35:00,2022-04-22T23:59:59
69,10135,40,,0,2022-04-02T10:35:00,2022-04-08T10:35:00
70,10136,39,,0,2022-04-02T10:35:00,2022-04-08T10:35:00
71,0,29,shop#shop=1023,802000025,2022-04-02T10:35:00,2022-04-22T23:59:59
72,10136,28,,802000026,2022-04-02T10:35:00,2022-04-22T23:59:59
73,10134,30,,802000027,2022-04-02T10:35:00,2022-04-22T23:59:59
74,10146,101,,802000028,2022-04-08T10:35:00,2022-04-15T23:59:59
75,10140,100,,802000029,2022-04-08T10:35:00,2022-04-22T23:59:59
76,10140,51,,0,2022-04-08T10:35:00,2022-04-22T23:59:59
77,10141,45,,0,2022-04-08T10:35:00,2022-04-22T23:59:59
78,10142,50,,0,2022-04-08T10:35:00,2022-04-22T23:59:59
79,10143,48,,0,2022-04-08T10:35:00,2022-04-15T23:59:59
80,10144,47,,0,2022-04-08T10:35:00,2022-04-15T23:59:59
81,10145,49,,0,2022-04-08T10:35:00,2022-04-22T23:59:59
82,10146,51,,0,2022-04-08T10:35:00,2022-04-15T23:59:59
83,10147,46,,0,2022-04-08T10:35:00,2022-04-15T23:59:59
84,10149,57,,0,2022-04-15T10:35:00,2022-04-29T23:59:59
85,10150,56,,0,2022-04-15T10:35:00,2022-04-29T23:59:59
86,10151,55,,0,2022-04-15T10:35:00,2022-04-22T23:59:59
87,10153,54,,0,2022-04-15T10:35:00,2022-04-29T23:59:59
88,40020,53,,0,2022-04-15T10:35:00,2022-04-29T23:59:59
89,10154,53,,0,2022-04-15T10:35:00,2022-04-29T23:59:59
90,10156,52,,0,2022-04-15T10:35:00,2022-04-29T23:59:59
91,0,104,shop#shop=1023,802000031,2022-04-15T10:35:00,2022-05-06T23:59:59
92,10156,103,,802000033,2022-04-15T10:35:00,2022-04-22T23:59:59
93,40020,102,,802000032,2022-04-15T10:35:00,2022-04-22T23:59:59
94,10157,64,,0,2022-04-22T10:35:00,2022-04-29T23:59:59
95,10158,63,,0,2022-04-22T10:35:00,2022-04-29T23:59:59
96,10159,62,,0,2022-04-22T10:35:00,2022-04-29T23:59:59
97,10160,60,,0,2022-04-22T10:35:00,2022-04-29T23:59:59
98,10161,59,,0,2022-04-22T10:35:00,2022-04-29T23:59:59
99,10162,58,,0,2022-04-22T10:35:00,2022-04-29T23:59:59
100,10157,107,,802000034,2022-04-22T10:35:00,2022-04-28T10:29:59
101,10159,105,,802000035,2022-04-22T10:35:00,2022-04-28T10:29:59
102,10160,106,,802000036,2022-04-22T10:35:00,2022-04-28T10:29:59
103,10183,129,,0,2022-04-28T10:35:00,2022-05-08T23:59:59
104,0,108,shop#shop=1023,802000037,2022-04-28T10:35:00,2022-05-06T23:59:59
105,10166,109,,802000038,2022-04-28T10:35:00,2022-05-05T23:59:59
106,10169,105,,802000039,2022-04-28T10:35:00,2022-05-05T23:59:59
107,10168,106,,802000040,2022-04-28T10:35:00,2022-05-05T23:59:59
108,10183,107,,802000041,2022-04-28T10:35:00,2022-05-08T23:59:59
109,10163,132,,0,2022-04-28T10:35:00,2022-05-05T23:59:59
110,10164,131,,0,2022-04-28T10:35:00,2022-05-05T23:59:59
111,10165,130,,0,2022-04-28T10:35:00,2022-05-05T23:59:59
112,10166,141,,0,2022-04-28T10:35:00,2022-05-18T23:59:59
113,10167,128,,0,2022-04-28T10:35:00,2022-05-18T23:59:59
114,10168,127,,0,2022-04-28T10:35:00,2022-05-18T23:59:59
115,10169,126,,0,2022-04-28T10:35:00,2022-05-05T23:59:59
116,10170,125,,0,2022-04-28T10:35:00,2022-05-12T23:59:59
117,10171,124,,0,2022-04-28T10:35:00,2022-05-12T23:59:59
118,10172,123,,0,2022-04-28T10:35:00,2022-05-05T23:59:59
119,10173,122,,0,2022-04-28T10:35:00,2022-05-05T23:59:59
120,10174,121,,0,2022-04-28T10:35:00,2022-05-05T23:59:59
121,10175,120,,0,2022-04-28T10:35:00,2022-05-05T23:59:59
122,10176,119,,0,2022-04-28T10:35:00,2022-05-05T23:59:59
123,10184,118,,0,2022-04-28T10:35:00,2022-05-05T23:59:59
124,10178,139,,802000042,2022-05-12T10:35:00,2022-05-17T23:59:59
125,40021,137,,802000043,2022-05-12T10:35:00,2022-05-26T23:59:59
126,10181,138,,802000044,2022-05-12T10:35:00,2022-05-26T23:59:59
127,10177,129,,0,2022-05-12T10:35:00,2022-05-19T23:59:59
128,10178,128,,0,2022-05-12T10:35:00,2022-05-19T23:59:59
129,10179,125,,0,2022-05-12T10:35:00,2022-05-19T23:59:59
130,10180,123,,0,2022-05-12T10:35:00,2022-06-01T23:59:59
131,10181,124,,0,2022-05-12T10:35:00,2022-06-01T23:59:59
132,10182,122,,0,2022-05-12T10:35:00,2022-06-01T23:59:59
133,40021,121,,0,2022-05-12T10:35:00,2022-05-26T23:59:59
134,10185,127,,0,2022-05-12T10:35:00,2022-05-26T23:59:59
135,10186,126,,0,2022-05-12T10:35:00,2022-05-26T23:59:59
136,0,143,shop#shop=1023,802000045,2022-05-18T10:35:00,2022-05-31T10:29:59
137,10190,142,,802000046,2022-05-18T10:35:00,2022-05-31T10:29:59
138,10208,141,,802000047,2022-05-18T10:35:00,2022-06-07T23:59:59
139,10187,149,,0,2022-05-18T10:35:00,2022-05-25T23:59:59
140,10188,148,,0,2022-05-18T10:35:00,2022-05-25T23:59:59
141,10189,147,,0,2022-05-18T10:35:00,2022-05-25T23:59:59
142,10190,146,,0,2022-05-18T10:35:00,2022-05-25T23:59:59
143,10191,145,,0,2022-05-18T10:35:00,2022-05-25T23:59:59
144,10192,144,,0,2022-05-18T10:35:00,2022-05-25T23:59:59
145,10193,143,,0,2022-05-18T10:35:00,2022-05-25T23:59:59
146,10194,142,,0,2022-05-18T10:35:00,2022-05-25T23:59:59
147,10208,141,,0,2022-05-18T10:35:00,2022-05-31T10:29:59
148,10196,140,,0,2022-05-18T10:35:00,2022-05-31T10:29:59
149,10197,139,,0,2022-05-18T10:35:00,2022-05-31T10:29:59
150,10198,138,,0,2022-05-18T10:35:00,2022-05-25T23:59:59
151,10199,137,,0,2022-05-18T10:35:00,2022-05-25T23:59:59
152,10204,145,,802000048,2022-05-25T10:35:00,2022-06-08T23:59:59
153,10200,146,,802000049,2022-05-25T10:35:00,2022-06-08T23:59:59
154,10205,144,,802000050,2022-05-25T10:35:00,2022-06-08T23:59:59
155,10200,159,,0,2022-05-25T10:35:00,2022-06-01T23:59:59
156,10201,158,,0,2022-05-25T10:35:00,2022-06-08T23:59:59
157,10202,157,,0,2022-05-25T10:35:00,2022-06-08T23:59:59
158,10203,152,,0,2022-05-25T10:35:00,2022-06-08T23:59:59
159,10204,156,,0,2022-05-25T10:35:00,2022-06-08T23:59:59
160,10205,154,,0,2022-05-25T10:35:00,2022-06-08T23:59:59
161,10206,153,,0,2022-05-25T10:35:00,2022-06-08T23:59:59
162,10207,151,,0,2022-05-25T10:35:00,2022-06-01T23:59:59
163,40022,155,,0,2022-05-25T10:35:00,2022-06-08T23:59:59
164,0,148,shop#shop=1023,802000051,2022-05-31T10:35:00,2022-06-10T10:29:59
165,10212,149,,802000052,2022-05-31T10:35:00,2022-06-10T10:29:59
166,10215,147,,802000053,2022-05-31T10:35:00,2022-06-10T10:29:59
167,10209,166,,0,2022-05-31T10:35:00,2022-06-14T23:59:59
168,10210,165,,0,2022-05-31T10:35:00,2022-06-14T23:59:59
169,10211,164,,0,2022-05-31T10:35:00,2022-06-14T23:59:59
170,10212,169,,0,2022-05-31T10:35:00,2022-06-14T23:59:59
171,10213,168,,0,2022-05-31T10:35:00,2022-06-14T23:59:59
172,10214,159,,0,2022-05-31T10:35:00,2022-06-14T23:59:59
173,10215,163,,0,2022-05-31T10:35:00,2022-06-14T23:59:59
174,10216,162,,0,2022-05-31T10:35:00,2022-06-14T23:59:59
175,10217,161,,0,2022-05-31T10:35:00,2022-06-14T23:59:59
176,10218,160,,0,2022-05-31T10:35:00,2022-06-14T23:59:59
177,10219,158,,0,2022-05-31T10:35:00,2022-06-14T23:59:59
178,10223,161,,802000054,2022-06-07T10:35:00,2022-06-21T23:59:59
179,10221,163,,802000055,2022-06-07T10:35:00,2022-06-21T23:59:59
180,10220,164,,802000056,2022-06-07T10:35:00,2022-06-21T23:59:59
181,10226,162,,802000057,2022-06-07T10:35:00,2022-06-21T23:59:59
182,10220,179,,0,2022-06-07T10:35:00,2022-06-21T23:59:59
183,10221,178,,0,2022-06-07T10:35:00,2022-06-21T23:59:59
184,10222,177,,0,2022-06-07T10:35:00,2022-06-21T23:59:59
185,10223,176,,0,2022-06-07T10:35:00,2022-06-21T23:59:59
186,10224,175,,0,2022-06-07T10:35:00,2022-06-21T23:59:59
187,10225,174,,0,2022-06-07T10:35:00,2022-06-21T23:59:59
188,10226,173,,0,2022-06-07T10:35:00,2022-06-21T23:59:59
189,10227,172,,0,2022-06-07T10:35:00,2022-06-21T23:59:59
190,10233,164,,802000058,2022-06-11T10:30:00,2022-06-22T23:59:59
191,40024,163,,802000059,2022-06-11T10:30:00,2022-06-18T23:54:59
192,10228,189,,0,2022-06-11T10:30:00,2022-06-18T23:54:59
193,10229,188,,0,2022-06-11T10:30:00,2022-06-18T23:54:59
194,10230,185,,0,2022-06-11T10:30:00,2022-06-18T23:54:59
195,10231,184,,0,2022-06-11T10:30:00,2022-06-22T23:59:59
196,10232,183,,0,2022-06-11T10:30:00,2022-06-22T23:59:59
197,10233,182,,0,2022-06-11T10:30:00,2022-06-18T23:54:59
198,40023,187,,0,2022-06-11T10:30:00,2022-06-16T22:00:00
199,40024,186,,0,2022-06-11T10:30:00,2022-06-18T23:54:59
200,10235,169,,802000060,2022-06-17T10:35:00,2022-07-07T10:29:59
201,10239,167,,802000061,2022-06-17T10:35:00,2022-07-07T10:29:59
202,10242,168,,802000062,2022-06-17T10:35:00,2022-07-07T10:29:59
203,10234,199,,0,2022-06-17T10:35:00,2022-07-07T10:29:59
204,10235,198,,0,2022-06-17T10:35:00,2022-07-07T10:29:59
205,10236,197,,0,2022-06-17T10:35:00,2022-07-07T10:29:59
206,10237,196,,0,2022-06-17T10:35:00,2022-07-07T10:29:59
207,10238,194,,0,2022-06-17T10:35:00,2022-07-07T10:29:59
208,10239,193,,0,2022-06-17T10:35:00,2022-07-07T10:29:59
209,10240,201,,0,2022-06-17T10:35:00,2022-07-07T10:29:59
210,10241,191,,0,2022-06-17T10:35:00,2022-07-07T10:29:59
211,10242,195,,0,2022-06-17T10:35:00,2022-07-07T10:29:59
212,0,174,shop#shop=1023,802000063,2022-06-23T10:35:00,2022-07-07T10:29:59
213,10254,173,,802000064,2022-06-23T10:35:00,2022-07-07T10:29:59
214,10256,172,,802000065,2022-06-23T10:35:00,2022-07-07T10:29:59
215,10250,204,,0,2022-06-23T10:35:00,2022-07-07T10:29:59
216,10251,203,,0,2022-06-23T10:35:00,2022-07-07T10:29:59
217,10252,202,,0,2022-06-23T10:35:00,2022-07-07T10:29:59
218,10253,200,,0,2022-06-23T10:35:00,2022-07-07T10:29:59
219,10254,199,,0,2022-06-23T10:35:00,2022-07-07T10:29:59
220,10255,198,,0,2022-06-23T10:35:00,2022-07-07T10:29:59
221,10256,197,,0,2022-06-23T10:35:00,2022-07-07T10:29:59
222,10257,196,,0,2022-06-23T10:35:00,2022-07-07T10:29:59
223,0,79,shop#shop=1023,802000066,2022-06-30T10:35:00,2022-07-14T10:29:59
224,10262,77,,802000067,2022-06-30T10:35:00,2022-07-14T10:29:59
225,10266,76,,802000068,2022-06-30T10:35:00,2022-07-14T10:29:59
226,10269,78,,802000069,2022-06-30T10:35:00,2022-07-14T10:29:59
227,10259,59,,0,2022-06-30T10:35:00,2022-07-14T10:29:59
228,10260,58,,0,2022-06-30T10:35:00,2022-07-14T10:29:59
229,10261,57,,0,2022-06-30T10:35:00,2022-07-14T10:29:59
230,10262,56,,0,2022-06-30T10:35:00,2022-07-14T10:29:59
231,10263,55,,0,2022-06-30T10:35:00,2022-07-14T10:29:59
232,10264,54,,0,2022-06-30T10:35:00,2022-07-14T10:29:59
233,10265,53,,0,2022-06-30T10:35:00,2022-07-14T10:29:59
234,10266,52,,0,2022-06-30T10:35:00,2022-07-14T10:29:59
235,10267,51,,0,2022-06-30T10:35:00,2022-07-14T10:29:59
236,10268,50,,0,2022-06-30T10:35:00,2022-07-14T10:29:59
237,10269,49,,0,2022-06-30T10:35:00,2022-07-14T10:29:59
238,10278,83,,802000070,2022-07-07T10:35:00,2022-07-21T10:29:59
239,10279,84,,802000071,2022-07-07T10:35:00,2022-07-21T10:29:59
240,10273,82,,802000072,2022-07-07T10:35:00,2022-07-21T10:29:59
241,10270,74,,0,2022-07-07T10:35:00,2022-07-21T10:29:59
242,10271,72,,0,2022-07-07T10:35:00,2022-07-21T10:29:59
243,10272,71,,0,2022-07-07T10:35:00,2022-07-21T10:29:59
244,10273,70,,0,2022-07-07T10:35:00,2022-07-21T10:29:59
245,10274,68,,0,2022-07-07T10:35:00,2022-07-21T10:29:59
246,10275,67,,0,2022-07-07T10:35:00,2022-07-21T10:29:59
247,10276,66,,0,2022-07-07T10:35:00,2022-07-21T10:29:59
248,10277,65,,0,2022-07-07T10:35:00,2022-07-21T10:29:59
249,10278,69,,0,2022-07-07T10:35:00,2022-07-21T10:29:59
250,10279,73,,0,2022-07-07T10:35:00,2022-07-21T10:29:59
251,0,89,shop#shop=1023,802000073,2022-07-15T10:35:00,2022-07-22T10:29:59
252,10288,88,,802000074,2022-07-15T10:35:00,2022-07-22T10:29:59
253,10291,87,,802000075,2022-07-15T10:35:00,2022-07-22T10:29:59
254,10280,83,,0,2022-07-15T10:35:00,2022-07-22T10:29:59
255,10281,82,,0,2022-07-15T10:35:00,2022-07-22T10:29:59
256,10282,81,,0,2022-07-15T10:35:00,2022-07-22T10:29:59
257,10283,84,,0,2022-07-15T10:35:00,2022-07-22T10:29:59
258,10284,79,,0,2022-07-15T10:35:00,2022-07-22T10:29:59
259,10285,80,,0,2022-07-15T10:35:00,2022-07-22T10:29:59
260,10286,78,,0,2022-07-15T10:35:00,2022-07-22T10:29:59
261,10287,77,,0,2022-07-15T10:35:00,2022-07-22T10:29:59
262,10288,76,,0,2022-07-15T10:35:00,2022-07-22T10:29:59
263,10289,75,,0,2022-07-15T10:35:00,2022-07-22T10:29:59
264,10290,74,,0,2022-07-15T10:35:00,2022-07-22T10:29:59
265,10291,73,,0,2022-07-15T10:35:00,2022-07-22T10:29:59
266,10304,94,,802000076,2022-07-22T10:35:00,2022-08-05T10:29:59
267,10309,93,,802000077,2022-07-22T10:35:00,2022-08-05T10:29:59
268,10293,99,,0,2022-07-22T10:35:00,2022-08-04T10:29:59
272,10297,93,,0,2022-07-22T10:35:00,2022-08-11T10:29:59
275,10300,92,,0,2022-07-22T10:35:00,2022-08-11T10:29:59
276,10301,91,,0,2022-07-22T10:35:00,2022-08-11T10:29:59
277,10302,98,,0,2022-07-22T10:35:00,2022-08-31T10:29:59
280,10305,97,,0,2022-07-22T10:35:00,2022-08-11T10:29:59
281,10306,96,,0,2022-07-22T10:35:00,2022-08-11T10:29:59
282,10307,94,,0,2022-07-22T10:35:00,2022-08-11T10:29:59
283,10308,95,,0,2022-07-22T10:35:00,2022-08-11T10:29:59
287,0,99,shop#shop=1023,802000078,2022-07-31T10:30:00,2022-08-20T10:29:59
288,10322,98,,802000079,2022-07-31T10:30:00,2022-08-18T10:29:59
289,10329,114,,0,2022-07-28T10:35:00,2022-07-31T10:29:59
290,10330,113,,0,2022-07-28T10:35:00,2022-07-31T10:29:59
291,10312,113,,0,2022-07-31T10:30:00,2022-08-18T10:29:59
292,10313,112,,0,2022-07-31T10:30:00,2022-08-18T10:29:59
293,10314,111,,0,2022-07-31T10:30:00,2022-08-18T10:29:59
294,10315,110,,0,2022-07-31T10:30:00,2022-08-18T10:29:59
295,10316,109,,0,2022-07-31T10:30:00,2022-08-18T10:29:59
296,10317,108,,0,2022-07-31T10:30:00,2022-08-18T10:29:59
297,10318,107,,0,2022-07-31T10:30:00,2022-08-18T10:29:59
298,10319,106,,0,2022-07-31T10:30:00,2022-08-18T10:29:59
299,10320,105,,0,2022-07-31T10:30:00,2022-08-18T10:29:59
300,10321,104,,0,2022-07-31T10:30:00,2022-08-18T10:29:59
301,10322,114,,0,2022-07-31T10:30:00,2022-08-18T10:29:59
302,10327,97,,802000080,2022-08-08T10:30:00,2022-08-18T10:29:59
303,40043,96,,802000081,2022-08-11T10:35:00,2022-08-18T10:29:59
304,10323,126,,0,2022-08-08T10:30:00,2022-08-18T10:29:59
305,10324,117,,0,2022-08-08T10:30:00,2022-08-18T10:29:59
306,10325,116,,0,2022-08-08T10:30:00,2022-08-18T10:29:59
307,10326,115,,0,2022-08-08T10:30:00,2022-08-18T10:29:59
308,10327,114,,0,2022-08-08T10:30:00,2022-08-18T10:29:59
309,10328,113,,0,2022-08-08T10:30:00,2022-08-18T10:29:59
310,10331,129,,0,2022-08-11T10:35:00,2022-08-18T10:29:59
311,10332,128,,0,2022-08-11T10:35:00,2022-08-18T10:29:59
312,10333,127,,0,2022-08-11T10:35:00,2022-08-18T10:29:59
313,10334,125,,0,2022-08-11T10:35:00,2022-08-18T10:29:59
314,10335,124,,0,2022-08-11T10:35:00,2022-08-18T10:29:59
315,10336,121,,0,2022-08-11T10:35:00,2022-08-18T10:29:59
316,10337,122,,0,2022-08-11T10:35:00,2022-08-18T10:29:59
317,10338,119,,0,2022-08-11T10:35:00,2022-08-18T10:29:59
318,10339,118,,0,2022-08-11T10:35:00,2022-08-18T10:29:59
319,10340,120,,0,2022-08-11T10:35:00,2022-08-18T10:29:59
320,10341,123,,0,2022-08-11T10:35:00,2022-08-18T10:29:59
322,0,109,shop#shop=1023,802000082,2022-08-15T10:30:00,2022-08-29T10:24:59
323,10354,108,,802000083,2022-08-15T10:30:00,2022-08-29T10:24:59
324,10345,144,,0,2022-08-15T10:30:00,2022-08-29T10:24:59
325,10346,143,,0,2022-08-15T10:30:00,2022-08-29T10:24:59
326,10347,142,,0,2022-08-15T10:30:00,2022-08-29T10:24:59
327,10348,141,,0,2022-08-15T10:30:00,2022-08-29T10:24:59
328,10349,140,,0,2022-08-15T10:30:00,2022-08-29T10:24:59
329,10350,138,,0,2022-08-15T10:30:00,2022-08-29T10:24:59
330,10351,137,,0,2022-08-15T10:30:00,2022-08-29T10:24:59
331,10352,136,,0,2022-08-15T10:30:00,2022-08-29T10:24:59
332,10353,135,,0,2022-08-15T10:30:00,2022-08-29T10:24:59
333,10354,139,,0,2022-08-15T10:30:00,2022-08-29T10:24:59
334,10359,117,,802000084,2022-08-23T10:30:00,2022-09-06T10:24:59
335,10362,116,,802000085,2022-08-23T10:30:00,2022-09-06T10:24:59
336,10368,115,,802000086,2022-08-21T10:35:00,2022-08-31T23:59:59
337,10355,169,,0,2022-08-23T10:30:00,2022-09-06T10:24:59
338,10356,167,,0,2022-08-23T10:30:00,2022-09-06T10:24:59
339,10357,166,,0,2022-08-23T10:30:00,2022-09-06T10:24:59
340,10358,165,,0,2022-08-23T10:30:00,2022-09-06T10:24:59
341,10359,168,,0,2022-08-23T10:30:00,2022-09-06T10:24:59
342,10360,164,,0,2022-08-23T10:30:00,2022-09-06T10:24:59
343,10361,163,,0,2022-08-23T10:30:00,2022-09-06T10:24:59
344,10362,162,,0,2022-08-23T10:30:00,2022-09-06T10:24:59
345,10363,161,,0,2022-08-23T10:30:00,2022-09-06T10:24:59
346,10364,160,,0,2022-08-23T10:30:00,2022-09-06T10:24:59
347,10365,159,,0,2022-08-23T10:30:00,2022-09-06T10:24:59
348,10366,158,,0,2022-08-23T10:30:00,2022-09-06T10:24:59
349,10367,159,,0,2022-08-21T10:35:00,2022-08-31T23:59:59
350,10368,158,,0,2022-08-21T10:35:00,2022-08-31T23:59:59
351,10369,157,,0,2022-08-21T10:35:00,2022-08-31T23:59:59
352,0,49,shop#shop=1023,802000087,2022-08-30T10:35:00,2022-09-30T10:29:59
353,10382,122,,802000088,2022-08-30T10:35:00,2022-09-13T10:29:59
354,10377,123,,802000089,2022-08-30T10:35:00,2022-09-13T10:29:59
355,10371,183,,0,2022-08-30T10:35:00,2022-09-07T10:24:59
356,10372,182,,0,2022-08-30T10:35:00,2022-09-07T10:24:59
357,10373,181,,0,2022-08-30T10:35:00,2022-09-07T10:24:59
358,10374,179,,0,2022-08-30T10:35:00,2022-09-07T10:24:59
359,10375,178,,0,2022-08-30T10:35:00,2022-09-07T10:24:59
360,10376,184,,0,2022-08-30T10:35:00,2022-09-07T10:24:59
361,10377,177,,0,2022-08-30T10:35:00,2022-09-07T10:24:59
362,10378,176,,0,2022-08-30T10:35:00,2022-09-07T10:24:59
363,10379,175,,0,2022-08-30T10:35:00,2022-09-07T10:24:59
364,10380,180,,0,2022-08-30T10:35:00,2022-09-07T10:24:59
365,10381,174,,0,2022-08-30T10:35:00,2022-09-07T10:24:59
366,10382,173,,0,2022-08-30T10:35:00,2022-09-07T10:24:59
367,10383,172,,0,2022-08-30T10:35:00,2022-09-07T10:24:59
368,10391,56,,802000090,2022-09-07T10:35:00,2022-09-21T10:29:59
369,10387,55,,802000091,2022-09-07T10:35:00,2022-09-21T10:29:59
370,10395,54,,802000092,2022-09-07T10:35:00,2022-09-21T10:29:59
371,10403,59,,802000093,2022-09-10T10:35:00,2022-09-21T10:29:59
372,10404,58,,802000094,2022-09-10T10:35:00,2022-09-21T10:29:59
373,40045,57,,802000095,2022-09-10T10:35:00,2022-09-21T10:29:59
374,10384,70,,0,2022-09-07T10:35:00,2022-09-21T10:29:59
375,10385,66,,0,2022-09-07T10:35:00,2022-09-21T10:29:59
376,10386,65,,0,2022-09-07T10:35:00,2022-09-21T10:29:59
377,10387,69,,0,2022-09-07T10:35:00,2022-09-21T10:29:59
378,10388,64,,0,2022-09-07T10:35:00,2022-09-21T10:29:59
379,10389,63,,0,2022-09-07T10:35:00,2022-09-21T10:29:59
380,10390,62,,0,2022-09-07T10:35:00,2022-09-21T10:29:59
381,10391,68,,0,2022-09-07T10:35:00,2022-09-21T10:29:59
382,10393,61,,0,2022-09-07T10:35:00,2022-09-21T10:29:59
383,10394,60,,0,2022-09-07T10:35:00,2022-09-21T10:29:59
384,10395,67,,0,2022-09-07T10:35:00,2022-09-21T10:29:59
385,10396,76,,0,2022-09-10T10:35:00,2022-09-21T10:29:59
386,10397,75,,0,2022-09-10T10:35:00,2022-09-21T10:29:59
387,10398,74,,0,2022-09-10T10:35:00,2022-09-21T10:29:59
388,10399,73,,0,2022-09-10T10:35:00,2022-09-21T10:29:59
389,10402,72,,0,2022-09-10T10:35:00,2022-09-21T10:29:59
390,10403,79,,0,2022-09-10T10:35:00,2022-09-21T10:29:59
391,40044,78,,0,2022-09-10T10:35:00,2022-09-15T22:00:00
392,40045,77,,0,2022-09-10T10:35:00,2022-09-21T10:29:59
393,10404,71,,0,2022-09-10T10:35:00,2022-09-21T10:29:59
394,0,68,shop#shop=1023,802000096,2022-09-16T10:35:00,2022-10-16T10:29:59
395,10408,69,,802000097,2022-09-16T10:35:00,2022-09-30T10:29:59
396,10414,67,,802000098,2022-09-16T10:35:00,2022-10-06T10:29:59
397,10405,113,,0,2022-09-16T10:35:00,2022-10-16T10:29:59
398,10406,112,,0,2022-09-16T10:35:00,2022-10-16T10:29:59
399,10407,111,,0,2022-09-16T10:35:00,2022-10-16T10:29:59
400,10408,114,,0,2022-09-16T10:35:00,2022-09-30T10:29:59
401,10409,110,,0,2022-09-16T10:35:00,2022-10-06T10:29:59
402,10410,109,,0,2022-09-16T10:35:00,2022-10-06T10:29:59
403,10411,108,,0,2022-09-16T10:35:00,2022-10-06T10:29:59
404,10412,107,,0,2022-09-16T10:35:00,2022-10-06T10:29:59
405,10413,106,,0,2022-09-16T10:35:00,2022-10-06T10:29:59
406,10414,105,,0,2022-09-16T10:35:00,2022-10-06T10:29:59
407,10423,75,,802000099,2022-09-22T10:35:00,2022-10-12T10:29:59
408,10420,76,,802000084,2022-09-22T10:35:00,2022-10-12T10:29:59
409,10428,74,,802000100,2022-09-22T10:35:00,2022-10-12T10:29:59
410,10417,129,,0,2022-09-22T10:35:00,2022-10-16T10:29:59
411,10418,125,,0,2022-09-22T10:35:00,2022-10-12T10:29:59
412,10419,124,,0,2022-09-22T10:35:00,2022-10-12T10:29:59
413,10420,127,,0,2022-09-22T10:35:00,2022-10-12T10:29:59
414,10421,126,,0,2022-09-22T10:35:00,2022-10-12T10:29:59
415,10422,123,,0,2022-09-22T10:35:00,2022-10-12T10:29:59
416,10423,122,,0,2022-09-22T10:35:00,2022-10-12T10:29:59
417,10424,121,,0,2022-09-22T10:35:00,2022-10-12T10:29:59
418,10425,120,,0,2022-09-22T10:35:00,2022-10-12T10:29:59
419,10426,119,,0,2022-09-22T10:35:00,2022-10-12T10:29:59
420,10427,128,,0,2022-09-22T10:35:00,2022-10-12T10:29:59
421,10428,118,,0,2022-09-22T10:35:00,2022-10-12T10:29:59
422,0,80,shop#shop=1023,802000101,2022-09-30T10:35:00,2022-10-17T10:29:59
423,10432,81,,802000102,2022-09-30T10:35:00,2022-10-07T10:29:59
424,10438,79,,802000103,2022-09-30T10:35:00,2022-10-14T10:29:59
425,10429,143,,0,2022-09-30T10:35:00,2022-10-14T10:29:59
426,10430,142,,0,2022-09-30T10:35:00,2022-10-14T10:29:59
427,10431,141,,0,2022-09-30T10:35:00,2022-10-14T10:29:59
428,10432,144,,0,2022-09-30T10:35:00,2022-10-14T10:29:59
429,10433,140,,0,2022-09-30T10:35:00,2022-10-14T10:29:59
430,10434,138,,0,2022-09-30T10:35:00,2022-10-14T10:29:59
431,10435,137,,0,2022-09-30T10:35:00,2022-10-14T10:29:59
432,10436,136,,0,2022-09-30T10:35:00,2022-10-14T10:29:59
433,10437,135,,0,2022-09-30T10:35:00,2022-10-14T10:29:59
434,10438,139,,0,2022-09-30T10:35:00,2022-10-14T10:29:59
435,10439,134,,0,2022-09-30T10:35:00,2022-10-14T10:29:59
436,10440,87,,802000104,2022-10-07T10:35:00,2022-10-21T10:29:59
437,10447,86,,802000105,2022-10-07T10:35:00,2022-10-21T10:29:59
438,10450,85,,802000106,2022-10-07T10:35:00,2022-10-21T10:29:59
439,10440,157,,0,2022-10-07T10:35:00,2022-10-21T10:29:59
440,10441,156,,0,2022-10-07T10:35:00,2022-10-21T10:29:59
441,10442,153,,0,2022-10-07T10:35:00,2022-10-21T10:29:59
442,10443,152,,0,2022-10-07T10:35:00,2022-10-21T10:29:59
443,10444,151,,0,2022-10-07T10:35:00,2022-10-21T10:29:59
444,10445,150,,0,2022-10-07T10:35:00,2022-10-21T10:29:59
445,10446,149,,0,2022-10-07T10:35:00,2022-10-21T10:29:59
446,10447,155,,0,2022-10-07T10:35:00,2022-10-21T10:29:59
447,10448,148,,0,2022-10-07T10:35:00,2022-10-21T10:29:59
448,10449,147,,0,2022-10-07T10:35:00,2022-10-21T10:29:59
449,10450,154,,0,2022-10-07T10:35:00,2022-10-21T10:29:59
450,10451,146,,0,2022-10-07T10:35:00,2022-10-31T10:29:59
451,0,91,shop#shop=1023,802000107,2022-10-17T10:35:00,2022-10-31T10:29:59
452,10461,90,,802000108,2022-10-17T10:35:00,2022-10-31T10:29:59
453,10457,89,,802000109,2022-10-17T10:35:00,2022-10-31T10:29:59
454,10454,168,,0,2022-10-17T10:35:00,2022-10-31T10:29:59
455,10455,167,,0,2022-10-17T10:35:00,2022-10-31T10:29:59
456,10456,166,,0,2022-10-17T10:35:00,2022-10-31T10:29:59
457,10457,169,,0,2022-10-17T10:35:00,2022-10-31T10:29:59
458,10458,165,,0,2022-10-17T10:35:00,2022-10-31T10:29:59
459,10459,161,,0,2022-10-17T10:35:00,2022-10-31T10:29:59
460,10460,160,,0,2022-10-17T10:35:00,2022-10-31T10:29:59
461,10461,159,,0,2022-10-17T10:35:00,2022-10-31T10:29:59
462,10462,158,,0,2022-10-17T10:35:00,2022-10-31T10:29:59
463,10463,164,,0,2022-10-17T10:35:00,2022-10-31T10:29:59
464,10464,163,,0,2022-10-17T10:35:00,2022-10-31T10:29:59
465,10465,162,,0,2022-10-17T10:35:00,2022-10-31T10:29:59
466,10469,94,,802000110,2022-10-24T10:35:00,2022-11-07T10:29:59
467,10470,96,,802000111,2022-10-24T10:35:00,2022-11-07T10:29:59
468,10472,95,,802000112,2022-10-24T10:35:00,2022-11-07T10:29:59
469,10466,166,,0,2022-10-24T10:35:00,2022-11-07T10:29:59
470,10467,165,,0,2022-10-24T10:35:00,2022-11-07T10:29:59
471,10468,168,,0,2022-10-24T10:35:00,2022-11-07T10:29:59
472,10469,164,,0,2022-10-24T10:35:00,2022-11-07T10:29:59
473,10470,169,,0,2022-10-24T10:35:00,2022-11-07T10:29:59
474,10471,163,,0,2022-10-24T10:35:00,2022-11-07T10:29:59
475,10472,167,,0,2022-10-24T10:35:00,2022-11-07T10:29:59
476,10473,162,,0,2022-10-24T10:35:00,2022-11-07T10:29:59
477,10474,161,,0,2022-10-24T10:35:00,2022-11-07T10:29:59
478,10475,160,,0,2022-10-24T10:35:00,2022-11-07T10:29:59
479,0,58,shop#shop=1023,802000113,2022-10-31T10:35:00,2022-11-08T10:29:59
480,10479,59,,802000114,2022-10-31T10:35:00,2022-11-08T10:29:59
481,10476,38,,0,2022-10-31T10:35:00,2022-11-08T10:29:59
482,10477,37,,0,2022-10-31T10:35:00,2022-11-08T10:29:59
483,10478,36,,0,2022-10-31T10:35:00,2022-11-08T10:29:59
484,10479,39,,0,2022-10-31T10:35:00,2022-11-08T10:29:59
485,10480,34,,0,2022-10-31T10:35:00,2022-11-08T10:29:59
486,10481,32,,0,2022-10-31T10:35:00,2022-11-08T10:29:59
487,10482,31,,0,2022-10-31T10:35:00,2022-11-08T10:29:59
488,10483,30,,0,2022-10-31T10:35:00,2022-11-08T10:29:59
489,10484,29,,0,2022-10-31T10:35:00,2022-11-08T10:29:59
490,10485,35,,0,2022-10-31T10:35:00,2022-11-08T10:29:59
491,10486,28,,0,2022-10-31T10:35:00,2022-11-08T10:29:59
492,10487,33,,0,2022-10-31T10:35:00,2022-11-08T10:29:59
493,0,68,shop#shop=1023,802000115,2022-11-08T10:35:00,2022-11-22T10:29:59
494,10492,69,,802000116,2022-11-08T10:35:00,2022-11-22T10:29:59
495,10496,67,,802000117,2022-11-08T10:35:00,2022-11-22T10:29:59
496,40049,65,,802000118,2022-11-08T10:35:00,2022-11-22T10:29:59
497,10502,66,,802000119,2022-11-08T10:35:00,2022-11-22T10:29:59
498,10489,58,,0,2022-11-08T10:35:00,2022-11-22T10:29:59
499,10490,57,,0,2022-11-08T10:35:00,2022-11-22T10:29:59
500,10491,56,,0,2022-11-08T10:35:00,2022-11-22T10:29:59
501,10492,59,,0,2022-11-08T10:35:00,2022-11-22T10:29:59
502,10493,51,,0,2022-11-08T10:35:00,2022-11-22T10:29:59
503,10494,50,,0,2022-11-08T10:35:00,2022-11-22T10:29:59
504,10495,55,,0,2022-11-08T10:35:00,2022-11-22T10:29:59
505,10496,54,,0,2022-11-08T10:35:00,2022-11-22T10:29:59
506,10497,49,,0,2022-11-08T10:35:00,2022-11-22T10:29:59
507,10498,48,,0,2022-11-08T10:35:00,2022-11-22T10:29:59
508,10499,47,,0,2022-11-08T10:35:00,2022-11-22T10:29:59
509,10500,46,,0,2022-11-08T10:35:00,2022-11-22T10:29:59
510,10501,52,,0,2022-11-08T10:35:00,2022-11-22T10:29:59
511,10502,53,,0,2022-11-08T10:35:00,2022-11-22T10:29:59
512,0,77,shop#shop=1023,802000120,2022-11-15T10:35:00,2022-11-29T10:29:59
513,10524,76,,802000121,2022-11-15T10:35:00,2022-11-29T10:29:59
514,10527,74,,802000122,2022-11-15T10:35:00,2022-11-29T10:29:59
516,10511,78,,0,2022-11-15T10:35:00,2022-11-29T10:29:59
517,10512,77,,0,2022-11-15T10:35:00,2022-11-29T10:29:59
518,10513,76,,0,2022-11-15T10:35:00,2022-11-29T10:29:59
519,10514,75,,0,2022-11-15T10:35:00,2022-11-29T10:29:59
520,10515,74,,0,2022-11-15T10:35:00,2022-11-29T10:29:59
521,10516,73,,0,2022-11-15T10:35:00,2022-11-29T10:29:59
522,10517,72,,0,2022-11-15T10:35:00,2022-11-29T10:29:59
523,10518,71,,0,2022-11-15T10:35:00,2022-11-29T10:29:59
524,10519,70,,0,2022-11-15T10:35:00,2022-11-29T10:29:59
525,10520,79,,0,2022-11-15T10:35:00,2022-11-29T10:29:59
526,10521,68,,0,2022-11-15T10:35:00,2022-11-29T10:29:59
527,10522,67,,0,2022-11-15T10:35:00,2022-11-29T10:29:59
528,10523,66,,0,2022-11-15T10:35:00,2022-11-29T10:29:59
529,10524,79,,0,2022-11-15T10:35:00,2022-11-29T10:29:59
530,10525,65,,0,2022-11-15T10:35:00,2022-11-29T10:29:59
531,10526,64,,0,2022-11-15T10:35:00,2022-11-29T10:29:59
532,10527,79,,0,2022-11-15T10:35:00,2022-11-29T10:29:59
533,10532,82,,802000124,2022-11-22T10:35:00,2022-12-06T10:29:59
534,10534,81,,802000125,2022-11-22T10:35:00,2022-12-06T10:29:59
535,40050,80,,802000126,2022-11-22T10:35:00,2022-12-06T10:29:59
536,10528,79,,0,2022-11-22T10:35:00,2022-12-06T10:29:59
537,10529,74,,0,2022-11-22T10:35:00,2022-12-06T10:29:59
538,10530,73,,0,2022-11-22T10:35:00,2022-12-06T10:29:59
539,10531,78,,0,2022-11-22T10:35:00,2022-12-06T10:29:59
540,10532,77,,0,2022-11-22T10:35:00,2022-12-06T10:29:59
541,10533,76,,0,2022-11-22T10:35:00,2022-12-06T10:29:59
542,10534,75,,0,2022-11-22T10:35:00,2022-12-06T10:29:59
543,10535,72,,0,2022-11-22T10:35:00,2022-12-06T10:29:59
544,10536,71,,0,2022-11-22T10:35:00,2022-12-06T10:29:59
545,10537,70,,0,2022-11-22T10:35:00,2022-12-06T10:29:59
546,10538,69,,0,2022-11-22T10:35:00,2022-12-06T10:29:59
547,10539,68,,0,2022-11-22T10:35:00,2022-12-06T10:29:59
548,40050,67,,0,2022-11-22T10:35:00,2022-12-06T10:29:59
549,0,87,shop#shop=1023,802000127,2022-11-30T10:35:00,2022-12-14T10:29:59
550,10549,86,,802000128,2022-11-30T10:35:00,2022-12-14T10:29:59
551,10540,93,,0,2022-11-30T10:35:00,2022-12-14T10:29:59
552,10541,92,,0,2022-11-30T10:35:00,2022-12-14T10:29:59
553,10542,91,,0,2022-11-30T10:35:00,2022-12-14T10:29:59
554,10543,90,,0,2022-11-30T10:35:00,2022-12-14T10:29:59
555,10544,89,,0,2022-11-30T10:35:00,2022-12-14T10:29:59
556,10545,88,,0,2022-11-30T10:35:00,2022-12-14T10:29:59
557,10546,87,,0,2022-11-30T10:35:00,2022-12-14T10:29:59
558,10547,86,,0,2022-11-30T10:35:00,2022-12-14T10:29:59
559,10548,85,,0,2022-11-30T10:35:00,2022-12-14T10:29:59
560,10549,94,,0,2022-11-30T10:35:00,2022-12-14T10:29:59
561,10550,84,,0,2022-11-30T10:35:00,2022-12-14T10:29:59
562,10551,83,,0,2022-11-30T10:35:00,2022-12-14T10:29:59
563,10552,82,,0,2022-11-30T10:35:00,2022-12-14T10:29:59
564,10553,81,,0,2022-11-30T10:35:00,2022-12-14T10:29:59
565,10560,90,,802000129,2022-12-07T10:35:00,2022-12-21T10:29:59
566,40052,89,,802000130,2022-12-07T10:35:00,2022-12-21T10:29:59
567,10554,105,,0,2022-12-07T10:35:00,2022-12-21T10:29:59
568,10555,104,,0,2022-12-07T10:35:00,2022-12-21T10:29:59
569,10556,103,,0,2022-12-07T10:35:00,2022-12-14T10:29:59
570,10557,108,,0,2022-12-07T10:35:00,2022-12-21T10:29:59
571,10558,102,,0,2022-12-07T10:35:00,2022-12-21T10:29:59
572,10559,101,,0,2022-12-07T10:35:00,2022-12-21T10:29:59
573,10560,109,,0,2022-12-07T10:35:00,2022-12-21T10:29:59
574,10561,100,,0,2022-12-07T10:35:00,2022-12-21T10:29:59
575,40051,107,,0,2022-12-07T10:35:00,2022-12-14T22:00:00
576,40052,106,,0,2022-12-07T10:35:00,2022-12-21T10:29:59
577,10562,99,,0,2022-12-07T10:35:00,2022-12-21T10:29:59
578,0,94,shop#shop=1023,802000131,2022-12-15T10:35:00,2022-12-28T10:29:59
579,10563,123,,0,2022-12-15T10:35:00,2022-12-28T10:29:59
580,10564,122,,0,2022-12-15T10:35:00,2022-12-28T10:29:59
581,10565,121,,0,2022-12-15T10:35:00,2022-12-28T10:29:59
582,10566,124,,0,2022-12-15T10:35:00,2022-12-28T10:29:59
583,10567,120,,0,2022-12-15T10:35:00,2022-12-28T10:29:59
584,10568,119,,0,2022-12-15T10:35:00,2022-12-28T10:29:59
585,10569,118,,0,2022-12-15T10:35:00,2022-12-28T10:29:59
586,10570,117,,0,2022-12-15T10:35:00,2022-12-28T10:29:59
587,10571,116,,0,2022-12-15T10:35:00,2022-12-28T10:29:59
588,10572,115,,0,2022-12-15T10:35:00,2022-12-28T10:29:59
589,10577,97,,802000132,2022-12-23T10:35:00,2023-01-06T10:29:59
590,10586,96,,802000133,2022-12-23T10:35:00,2023-01-06T10:29:59
591,10573,133,,0,2022-12-23T10:35:00,2023-01-06T10:29:59
592,10574,132,,0,2022-12-23T10:35:00,2023-01-06T10:29:59
593,10575,134,,0,2022-12-23T10:35:00,2023-01-06T10:29:59
594,10576,131,,0,2022-12-23T10:35:00,2023-01-06T10:29:59
595,10577,137,,0,2022-12-23T10:35:00,2023-01-06T10:29:59
596,10578,130,,0,2022-12-23T10:35:00,2023-01-06T10:29:59
597,10579,135,,0,2022-12-23T10:35:00,2023-01-06T10:29:59
598,10580,128,,0,2022-12-23T10:35:00,2023-01-06T10:29:59
599,10581,127,,0,2022-12-23T10:35:00,2023-01-06T10:29:59
600,10582,126,,0,2022-12-23T10:35:00,2023-01-06T10:29:59
601,10583,125,,0,2022-12-23T10:35:00,2023-01-06T10:29:59
602,10584,124,,0,2022-12-23T10:35:00,2023-01-06T10:29:59
603,10585,123,,0,2022-12-23T10:35:00,2023-01-06T10:29:59
604,10586,136,,0,2022-12-23T10:35:00,2023-01-06T10:29:59
605,10587,121,,0,2022-12-23T10:35:00,2023-01-06T10:29:59
606,40053,129,,0,2022-12-23T10:35:00,2023-01-06T10:29:59
607,0,101,shop#shop=1023,802000134,2022-12-31T10:30:00,2023-01-14T10:29:59
608,10592,100,,802000135,2022-12-31T10:30:00,2023-01-14T10:29:59
609,10589,147,,0,2022-12-31T10:30:00,2023-01-14T10:29:59
610,10590,146,,0,2022-12-31T10:30:00,2023-01-14T10:29:59
611,10591,145,,0,2022-12-31T10:30:00,2023-01-14T10:29:59
612,10592,144,,0,2022-12-31T10:30:00,2023-01-14T10:29:59
613,10593,143,,0,2022-12-31T10:30:00,2023-01-14T10:29:59
614,10594,142,,0,2022-12-31T10:30:00,2023-01-14T10:29:59
615,10595,140,,0,2022-12-31T10:30:00,2023-01-14T10:29:59
616,10596,139,,0,2022-12-31T10:30:00,2023-01-14T10:29:59
617,10597,138,,0,2022-12-31T10:30:00,2023-01-14T10:29:59
618,10598,137,,0,2022-12-31T10:30:00,2023-01-14T10:29:59
619,10599,141,,0,2022-12-31T10:30:00,2023-01-14T10:29:59
620,10600,136,,0,2022-12-31T10:30:00,2023-01-14T10:29:59
621,10601,135,,0,2022-12-31T10:30:00,2023-01-14T10:29:59
622,10602,149,,0,2022-12-31T10:30:00,2023-01-14T10:29:59
623,10603,148,,0,2022-12-31T10:30:00,2023-01-14T10:29:59
624,10606,104,,802000136,2023-01-01T00:00:00,2023-01-14T23:59:59
625,10604,169,,0,2023-01-01T00:00:00,2023-01-14T23:59:59
626,10605,168,,0,2023-01-01T00:00:00,2023-01-14T23:59:59
627,10606,167,,0,2023-01-01T00:00:00,2023-01-14T23:59:59
628,10607,166,,0,2023-01-01T00:00:00,2023-01-14T23:59:59
629,10608,39,,0,2023-01-04T10:30:00,2023-01-18T10:29:59
630,10609,38,,0,2023-01-04T10:30:00,2023-01-18T10:29:59
631,10613,59,,802000137,2023-01-10T10:35:00,2023-01-24T10:29:59
632,10610,47,,0,2023-01-10T10:35:00,2023-01-24T10:29:59
633,10611,46,,0,2023-01-10T10:35:00,2023-01-24T10:29:59
634,10612,48,,0,2023-01-10T10:35:00,2023-01-24T10:29:59
635,10613,49,,0,2023-01-10T10:35:00,2023-01-24T10:29:59
636,10614,45,,0,2023-01-10T10:35:00,2023-01-24T10:29:59
637,10615,44,,0,2023-01-10T10:35:00,2023-01-24T10:29:59
638,10616,43,,0,2023-01-10T10:35:00,2023-01-24T10:29:59
639,10617,42,,0,2023-01-10T10:35:00,2023-01-24T10:29:59
640,0,61,shop#shop=1023,802000138,2023-01-17T10:30:00,2023-01-31T10:29:59
641,10619,69,,0,2023-01-17T10:35:00,2023-01-31T10:29:59
642,10620,68,,0,2023-01-17T10:35:00,2023-01-31T10:29:59
643,10621,67,,0,2023-01-17T10:35:00,2023-01-31T10:29:59
644,10622,69,,0,2023-01-17T10:35:00,2023-01-31T10:29:59
645,10623,65,,0,2023-01-17T10:35:00,2023-01-31T10:29:59
646,10624,64,,0,2023-01-17T10:35:00,2023-01-31T10:29:59
647,10625,63,,0,2023-01-17T10:35:00,2023-01-31T10:29:59
648,10626,62,,0,2023-01-17T10:35:00,2023-01-31T10:29:59
649,10627,66,,0,2023-01-17T10:35:00,2023-01-31T10:29:59
650,10628,61,,0,2023-01-17T10:35:00,2023-01-31T10:29:59
651,10629,60,,0,2023-01-17T10:35:00,2023-01-31T10:29:59
652,10630,67,,802000139,2023-01-24T10:35:00,2023-02-04T10:29:59
653,10634,66,,802000140,2023-01-24T10:35:00,2023-02-04T10:29:59
654,10630,81,,0,2023-01-24T10:35:00,2023-02-04T10:29:59
655,10631,80,,0,2023-01-24T10:35:00,2023-02-04T10:29:59
656,10632,79,,0,2023-01-24T10:35:00,2023-02-04T10:29:59
657,10633,78,,0,2023-01-24T10:35:00,2023-02-04T10:29:59
658,10634,83,,0,2023-01-24T10:35:00,2023-02-04T10:29:59
659,10635,84,,0,2023-01-24T10:35:00,2023-02-04T10:29:59
660,10636,82,,0,2023-01-24T10:35:00,2023-02-04T10:29:59
661,10637,77,,0,2023-01-24T10:35:00,2023-02-04T10:29:59
662,10638,76,,0,2023-01-24T10:35:00,2023-02-04T10:29:59
663,10639,75,,0,2023-01-24T10:35:00,2023-02-04T10:29:59
664,10640,74,,0,2023-01-24T10:35:00,2023-02-04T10:29:59
665,10641,73,,0,2023-01-24T10:35:00,2023-02-04T10:29:59
666,0,74,shop#shop=1023,802000141,2023-01-31T10:30:00,2023-02-10T10:29:59
667,0,73,guild_joined_top,802000143,2023-01-31T10:30:00,2023-02-10T10:29:59
668,10665,72,,802000142,2023-01-31T10:35:00,2023-02-10T10:29:59
669,10643,99,,0,2023-01-31T10:35:00,2023-02-10T10:29:59
670,10644,98,,0,2023-01-31T10:35:00,2023-02-10T10:29:59
671,10645,97,,0,2023-01-31T10:35:00,2023-02-10T10:29:59
672,10647,96,,0,2023-01-31T10:35:00,2023-02-10T10:29:59
673,10648,92,,0,2023-01-31T10:35:00,2023-02-10T10:29:59
674,10649,91,,0,2023-01-31T10:35:00,2023-02-10T10:29:59
675,10650,90,,0,2023-01-31T10:35:00,2023-02-10T10:29:59
676,10651,89,,0,2023-01-31T10:35:00,2023-02-10T10:29:59
677,10652,88,,0,2023-01-31T10:35:00,2023-02-10T10:29:59
678,10653,87,,0,2023-01-31T10:35:00,2023-02-10T10:29:59
679,10654,86,,0,2023-01-31T10:35:00,2023-02-10T10:29:59
680,10663,95,,0,2023-01-31T10:35:00,2023-02-10T10:29:59
681,10664,94,,0,2023-01-31T10:35:00,2023-02-10T10:29:59
682,10665,93,,0,2023-01-31T10:35:00,2023-02-10T10:29:59
683,10666,85,,0,2023-01-31T10:35:00,2023-02-10T10:29:59
684,10669,79,,802000144,2023-02-04T10:35:00,2023-02-18T10:29:59
685,10674,78,,802000145,2023-02-04T10:35:00,2023-02-18T10:29:59
686,10675,77,,802000146,2023-02-04T10:35:00,2023-02-18T10:29:59
687,10680,76,,802000147,2023-02-04T10:35:00,2023-02-18T10:29:59
688,10667,113,,0,2023-02-04T10:35:00,2023-02-18T10:29:59
689,10668,112,,0,2023-02-04T10:35:00,2023-02-18T10:29:59
690,10669,111,,0,2023-02-04T10:35:00,2023-02-18T10:29:59
691,10670,114,,0,2023-02-04T10:35:00,2023-02-18T10:29:59
692,10671,106,,0,2023-02-04T10:35:00,2023-02-18T10:29:59
693,10672,105,,0,2023-02-04T10:35:00,2023-02-18T10:29:59
694,10673,110,,0,2023-02-04T10:35:00,2023-02-18T10:29:59
695,10674,109,,0,2023-02-04T10:35:00,2023-02-18T10:29:59
696,10675,108,,0,2023-02-04T10:35:00,2023-02-18T10:29:59
697,10676,104,,0,2023-02-04T10:35:00,2023-02-18T10:29:59
698,10677,103,,0,2023-02-04T10:35:00,2023-02-18T10:29:59
699,10678,102,,0,2023-02-04T10:35:00,2023-02-18T10:29:59
700,10679,101,,0,2023-02-04T10:35:00,2023-02-18T10:29:59
701,10680,107,,0,2023-02-04T10:35:00,2023-02-18T10:29:59
702,0,84,shop#shop=1036,802000148,2023-02-10T10:30:00,2023-02-28T10:29:59
703,0,83,shop#shop=1036,802000149,2023-02-10T10:30:00,2023-02-28T10:29:59
704,0,82,shop#shop=1036,802000150,2023-02-10T10:30:00,2023-02-28T10:29:59
705,10681,131,,0,2023-02-10T10:35:00,2023-02-24T10:29:59
706,10682,130,,0,2023-02-10T10:35:00,2023-02-24T10:29:59
707,10683,129,,0,2023-02-10T10:35:00,2023-02-24T10:29:59
708,10684,128,,0,2023-02-10T10:35:00,2023-02-24T10:29:59
709,10685,127,,0,2023-02-10T10:35:00,2023-02-24T10:29:59
710,10686,126,,0,2023-02-10T10:35:00,2023-02-24T10:29:59
711,10687,125,,0,2023-02-10T10:35:00,2023-02-24T10:29:59
712,10688,124,,0,2023-02-10T10:35:00,2023-02-24T10:29:59
713,10689,123,,0,2023-02-10T10:35:00,2023-02-24T10:29:59
714,10690,122,,0,2023-02-10T10:35:00,2023-02-24T10:29:59
715,10691,121,,0,2023-02-10T10:35:00,2023-02-24T10:29:59
716,10692,118,,0,2023-02-10T10:35:00,2023-02-24T10:29:59
717,10693,120,,0,2023-02-10T10:35:00,2023-02-24T10:29:59
718,10694,119,,0,2023-02-10T10:35:00,2023-02-24T10:29:59
719,10695,117,,0,2023-02-10T10:35:00,2023-02-24T10:29:59
720,10696,116,,0,2023-02-10T10:35:00,2023-02-24T10:29:59
721,0,89,shop#shop=1036,802000151,2023-02-17T10:35:00,2023-03-03T10:29:59
722,40056,88,,802000152,2023-02-17T10:35:00,2023-02-24T22:00:00
723,10708,87,,802000153,2023-02-17T10:35:00,2023-03-03T10:29:59
724,10698,143,,0,2023-02-17T10:35:00,2023-03-03T10:29:59
725,10699,142,,0,2023-02-17T10:35:00,2023-03-03T10:29:59
726,10700,141,,0,2023-02-17T10:35:00,2023-03-03T10:29:59
727,10701,139,,0,2023-02-17T10:35:00,2023-03-03T10:29:59
728,10702,140,,0,2023-02-17T10:35:00,2023-03-03T10:29:59
729,10703,138,,0,2023-02-17T10:35:00,2023-03-03T10:29:59
730,10704,137,,0,2023-02-17T10:35:00,2023-03-03T10:29:59
731,10705,136,,0,2023-02-17T10:35:00,2023-03-03T10:29:59
732,10706,135,,0,2023-02-17T10:35:00,2023-03-03T10:29:59
733,40056,134,,0,2023-02-17T10:35:00,2023-02-24T22:00:00
734,40057,133,,0,2023-02-17T10:35:00,2023-03-03T10:29:59
735,10707,132,,0,2023-02-17T10:35:00,2023-03-03T10:29:59
736,10708,144,,0,2023-02-17T10:35:00,2023-03-03T10:29:59
737,10709,94,,802000154,2023-02-21T10:35:00,2023-03-07T10:29:59
738,10714,93,,802000155,2023-02-21T10:35:00,2023-03-07T10:29:59
739,10709,159,,0,2023-02-21T10:35:00,2023-03-07T10:29:59
741,10711,157,,0,2023-02-21T10:35:00,2023-03-07T10:29:59
742,10712,156,,0,2023-02-21T10:35:00,2023-03-07T10:29:59
743,10713,155,,0,2023-02-21T10:35:00,2023-03-07T10:29:59
744,10714,154,,0,2023-02-21T10:35:00,2023-03-07T10:29:59
745,0,99,shop#shop=1036,802000156,2023-02-28T10:35:00,2023-03-14T10:29:59
746,10731,98,,802000157,2023-02-28T10:35:00,2023-03-14T10:29:59
747,10715,177,,0,2023-02-28T10:35:00,2023-03-14T10:29:59
748,10716,176,,0,2023-02-28T10:35:00,2023-03-14T10:29:59
749,10717,175,,0,2023-02-28T10:35:00,2023-03-14T10:29:59
750,10718,174,,0,2023-02-28T10:35:00,2023-03-14T10:29:59
751,10719,173,,0,2023-02-28T10:35:00,2023-03-14T10:29:59
752,10720,172,,0,2023-02-28T10:35:00,2023-03-14T10:29:59
753,10721,170,,0,2023-02-28T10:35:00,2023-03-14T10:29:59
754,10722,169,,0,2023-02-28T10:35:00,2023-03-14T10:29:59
755,10723,168,,0,2023-02-28T10:35:00,2023-03-14T10:29:59
756,10724,167,,0,2023-02-28T10:35:00,2023-03-14T10:29:59
757,10725,166,,0,2023-02-28T10:35:00,2023-03-14T10:29:59
758,10726,165,,0,2023-02-28T10:35:00,2023-03-14T10:29:59
759,10727,164,,0,2023-02-28T10:35:00,2023-03-14T10:29:59
760,10728,163,,0,2023-02-28T10:35:00,2023-03-14T10:29:59
761,10729,171,,0,2023-02-28T10:35:00,2023-03-14T10:29:59
762,10730,179,,0,2023-02-28T10:35:00,2023-03-14T10:29:59
763,10731,178,,0,2023-02-28T10:35:00,2023-03-14T10:29:59
764,10732,34,,802000158,2023-03-04T10:30:00,2023-03-18T10:24:59
765,10732,39,,0,2023-03-04T10:30:00,2023-03-18T10:24:59
766,10733,38,,0,2023-03-04T10:30:00,2023-03-18T10:24:59
767,10734,37,,0,2023-03-04T10:30:00,2023-03-18T10:24:59
768,10745,39,,802000159,2023-03-07T10:35:00,2023-03-21T10:29:59
769,10747,38,,802000160,2023-03-07T10:35:00,2023-03-21T10:29:59
770,10735,35,,0,2023-03-07T10:35:00,2023-03-21T10:29:59
771,10736,34,,0,2023-03-07T10:35:00,2023-03-21T10:29:59
772,10737,36,,0,2023-03-07T10:35:00,2023-03-20T10:29:59
773,10738,37,,0,2023-03-07T10:35:00,2023-03-21T10:29:59
774,10739,33,,0,2023-03-07T10:35:00,2023-03-21T10:29:59
775,10740,32,,0,2023-03-07T10:35:00,2023-03-21T10:29:59
776,10741,31,,0,2023-03-07T10:35:00,2023-03-21T10:29:59
777,10742,30,,0,2023-03-07T10:35:00,2023-03-21T10:29:59
778,10743,29,,0,2023-03-07T10:35:00,2023-03-21T10:29:59
779,10744,28,,0,2023-03-07T10:35:00,2023-03-21T10:29:59
780,10745,27,,0,2023-03-07T10:35:00,2023-03-21T10:29:59
781,10746,39,,0,2023-03-07T10:35:00,2023-03-21T10:29:59
782,10747,38,,0,2023-03-07T10:35:00,2023-03-21T10:29:59
783,0,44,shop#shop=1036,802000161,2023-03-16T10:35:00,2023-03-30T10:29:59
784,10758,42,,802000162,2023-03-16T10:35:00,2023-03-30T10:29:59
785,40058,43,,802000163,2023-03-16T10:35:00,2023-03-30T10:29:59
786,10748,64,,0,2023-03-16T10:35:00,2023-03-30T10:29:59
787,10749,63,,0,2023-03-16T10:35:00,2023-03-30T10:29:59
788,10750,62,,0,2023-03-16T10:35:00,2023-03-30T10:29:59
789,10751,60,,0,2023-03-16T10:35:00,2023-03-30T10:29:59
790,10752,61,,0,2023-03-16T10:35:00,2023-03-30T10:29:59
791,10753,57,,0,2023-03-16T10:35:00,2023-03-30T10:29:59
792,10754,56,,0,2023-03-16T10:35:00,2023-03-30T10:29:59
793,10755,55,,0,2023-03-16T10:35:00,2023-03-30T10:29:59
794,10756,54,,0,2023-03-16T10:35:00,2023-03-30T10:29:59
795,10757,53,,0,2023-03-16T10:35:00,2023-03-30T10:29:59
796,10758,58,,0,2023-03-16T10:35:00,2023-03-30T10:29:59
797,10759,52,,0,2023-03-16T10:35:00,2023-03-30T10:29:59
798,40058,59,,0,2023-03-16T10:35:00,2023-03-30T10:29:59
799,10766,49,,802000164,2023-03-24T10:35:00,2023-04-07T10:29:59
800,10760,77,,0,2023-03-24T10:35:00,2023-04-07T10:29:59
801,10761,76,,0,2023-03-24T10:35:00,2023-04-07T10:29:59
802,10762,78,,0,2023-03-24T10:35:00,2023-04-07T10:29:59
803,10763,79,,0,2023-03-24T10:35:00,2023-04-07T10:29:59
804,10764,73,,0,2023-03-24T10:35:00,2023-04-07T10:29:59
805,10765,72,,0,2023-03-24T10:35:00,2023-04-07T10:29:59
806,10766,71,,0,2023-03-24T10:35:00,2023-04-07T10:29:59
807,10767,70,,0,2023-03-24T10:35:00,2023-04-07T10:29:59
808,10768,69,,0,2023-03-24T10:35:00,2023-04-07T10:29:59
809,10769,68,,0,2023-03-24T10:35:00,2023-04-07T10:29:59
810,10770,67,,0,2023-03-24T10:35:00,2023-04-07T10:29:59
811,10771,74,,0,2023-03-24T10:35:00,2023-04-07T10:29:59
812,10772,75,,0,2023-03-24T10:35:00,2023-04-07T10:29:59
813,0,52,shop#shop=1036,802000165,2023-03-31T10:35:00,2023-04-14T10:29:59
814,10789,51,,802000166,2023-03-31T10:35:00,2023-04-14T10:29:59
815,10774,92,,0,2023-03-31T10:35:00,2023-04-14T10:29:59
816,10775,91,,0,2023-03-31T10:35:00,2023-04-14T10:29:59
817,10776,90,,0,2023-03-31T10:35:00,2023-04-14T10:29:59
818,10777,89,,0,2023-03-31T10:35:00,2023-04-14T10:29:59
819,10778,88,,0,2023-03-31T10:35:00,2023-04-14T10:29:59
820,10779,87,,0,2023-03-31T10:35:00,2023-04-14T10:29:59
821,10780,86,,0,2023-03-31T10:35:00,2023-04-14T10:29:59
822,10781,85,,0,2023-03-31T10:35:00,2023-04-14T10:29:59
823,10782,84,,0,2023-03-31T10:35:00,2023-04-14T10:29:59
824,10783,83,,0,2023-03-31T10:35:00,2023-04-14T10:29:59
825,10784,82,,0,2023-03-31T10:35:00,2023-04-14T10:29:59
826,10785,81,,0,2023-03-31T10:35:00,2023-04-14T10:29:59
827,10786,80,,0,2023-03-31T10:35:00,2023-04-14T10:29:59
828,10787,79,,0,2023-03-31T10:35:00,2023-04-14T10:29:59
829,10788,93,,0,2023-03-31T10:35:00,2023-04-14T10:29:59
830,10789,94,,0,2023-03-31T10:35:00,2023-04-14T10:29:59
831,10801,57,,802000167,2023-04-07T10:35:00,2023-04-21T10:29:59
832,10802,56,,802000168,2023-04-07T10:35:00,2023-04-21T10:29:59
833,10791,110,,0,2023-04-07T10:35:00,2023-04-21T10:29:59
834,10792,109,,0,2023-04-07T10:35:00,2023-04-21T10:29:59
835,10793,108,,0,2023-04-07T10:35:00,2023-04-20T10:29:59
836,10794,107,,0,2023-04-07T10:35:00,2023-04-21T10:29:59
837,10795,106,,0,2023-04-07T10:35:00,2023-04-21T10:29:59
838,10796,105,,0,2023-04-07T10:35:00,2023-04-21T10:29:59
839,10797,104,,0,2023-04-07T10:35:00,2023-04-21T10:29:59
840,10798,103,,0,2023-04-07T10:35:00,2023-04-21T10:29:59
841,10799,102,,0,2023-04-07T10:35:00,2023-04-21T10:29:59
842,10800,101,,0,2023-04-07T10:35:00,2023-04-21T10:29:59
843,10801,111,,0,2023-04-07T10:35:00,2023-04-21T10:29:59
844,10802,112,,0,2023-04-07T10:35:00,2023-04-21T10:29:59
845,40059,100,,0,2023-04-07T10:35:00,2023-04-21T10:29:59
846,0,59,shop#shop=1023,802000169,2023-04-14T10:35:00,2023-04-28T10:29:59
847,10803,125,,0,2023-04-14T10:35:00,2023-04-28T10:29:59
848,10804,124,,0,2023-04-14T10:35:00,2023-04-28T10:29:59
849,10805,123,,0,2023-04-14T10:35:00,2023-04-28T10:29:59
850,10806,122,,0,2023-04-14T10:35:00,2023-04-28T10:29:59
851,10807,121,,0,2023-04-14T10:35:00,2023-04-28T10:29:59
852,10808,119,,0,2023-04-14T10:35:00,2023-04-28T10:29:59
853,10809,118,,0,2023-04-14T10:35:00,2023-04-28T10:29:59
854,10810,117,,0,2023-04-14T10:35:00,2023-04-28T10:29:59
855,10811,116,,0,2023-04-14T10:35:00,2023-04-28T10:29:59
856,10812,115,,0,2023-04-14T10:35:00,2023-04-28T10:29:59
857,10813,114,,0,2023-04-14T10:35:00,2023-04-28T10:29:59
858,10814,120,,0,2023-04-14T10:35:00,2023-04-28T10:29:59
859,0,62,shop#shop=1023,802000170,2023-04-20T10:35:00,2023-05-04T10:29:59
860,10826,61,,802000171,2023-04-20T10:35:00,2023-05-04T10:29:59
861,10815,139,,0,2023-04-20T10:35:00,2023-05-04T10:29:59
862,10816,138,,0,2023-04-20T10:35:00,2023-05-04T10:29:59
863,10817,137,,0,2023-04-20T10:35:00,2023-05-04T10:29:59
864,10818,136,,0,2023-04-20T10:35:00,2023-05-04T10:29:59
865,10819,133,,0,2023-04-20T10:35:00,2023-05-04T10:29:59
866,10820,132,,0,2023-04-20T10:35:00,2023-05-04T10:29:59
867,10821,131,,0,2023-04-20T10:35:00,2023-05-04T10:29:59
868,10822,130,,0,2023-04-20T10:35:00,2023-05-04T10:29:59
869,10823,129,,0,2023-04-20T10:35:00,2023-05-04T10:29:59
870,10824,128,,0,2023-04-20T10:35:00,2023-05-04T10:29:59
871,10825,134,,0,2023-04-20T10:35:00,2023-05-04T10:29:59
872,10826,135,,0,2023-04-20T10:35:00,2023-05-04T10:29:59
873,10827,127,,0,2023-04-20T10:35:00,2023-05-04T10:29:59
874,0,66,shop#shop=1037,802000173,2023-04-28T10:35:00,2023-05-12T10:29:59
875,10834,65,,802000174,2023-04-28T10:35:00,2023-05-05T10:29:59
876,10849,64,,802000175,2023-04-28T10:35:00,2023-05-12T10:29:59
877,10829,156,,0,2023-04-28T10:35:00,2023-05-12T10:29:59
878,10830,155,,0,2023-04-28T10:35:00,2023-05-12T10:29:59
879,10831,154,,0,2023-04-28T10:35:00,2023-05-12T10:29:59
880,10832,159,,0,2023-04-28T10:35:00,2023-05-05T10:29:59
881,10833,158,,0,2023-04-28T10:35:00,2023-05-05T10:29:59
882,10834,157,,0,2023-04-28T10:35:00,2023-05-12T10:29:59
883,10835,153,,0,2023-04-28T10:35:00,2023-05-12T10:29:59
884,10837,152,,0,2023-04-28T10:35:00,2023-05-12T10:29:59
885,10838,151,,0,2023-04-28T10:35:00,2023-05-12T10:29:59
886,10839,150,,0,2023-04-28T10:35:00,2023-05-12T10:29:59
887,10840,148,,0,2023-04-28T10:35:00,2023-05-12T10:29:59
888,10841,147,,0,2023-04-28T10:35:00,2023-05-12T10:29:59
889,10842,146,,0,2023-04-28T10:35:00,2023-05-12T10:29:59
890,10843,145,,0,2023-04-28T10:35:00,2023-05-12T10:29:59
891,10844,144,,0,2023-04-28T10:35:00,2023-05-12T10:29:59
892,10845,143,,0,2023-04-28T10:35:00,2023-05-12T10:29:59
893,10846,142,,0,2023-04-28T10:35:00,2023-05-12T10:29:59
894,10847,141,,0,2023-04-28T10:35:00,2023-05-12T10:29:59
895,10848,149,,0,2023-04-28T10:35:00,2023-05-12T10:29:59
896,10849,159,,0,2023-04-28T10:35:00,2023-05-12T10:29:59
897,10850,158,,0,2023-04-28T10:35:00,2023-05-12T10:29:59
898,10851,157,,0,2023-04-28T10:35:00,2023-05-12T10:29:59
899,10852,156,,0,2023-04-28T10:35:00,2023-05-12T10:29:59
900,0,69,shop#shop=1037,802000176,2023-05-05T10:35:00,2023-05-19T10:29:59
901,10865,68,,802000177,2023-05-05T10:35:00,2023-05-19T10:29:59
902,10864,67,,802000178,2023-05-05T10:35:00,2023-05-19T10:29:59
903,10853,181,,0,2023-05-05T10:35:00,2023-05-19T10:29:59
904,10854,180,,0,2023-05-05T10:35:00,2023-05-19T10:29:59
905,10855,179,,0,2023-05-05T10:35:00,2023-05-19T10:29:59
906,10856,178,,0,2023-05-05T10:35:00,2023-05-19T10:29:59
907,10857,177,,0,2023-05-05T10:35:00,2023-05-19T10:29:59
908,10858,176,,0,2023-05-05T10:35:00,2023-05-19T10:29:59
909,10859,175,,0,2023-05-05T10:35:00,2023-05-19T10:29:59
910,10860,174,,0,2023-05-05T10:35:00,2023-05-19T10:29:59
911,10861,173,,0,2023-05-05T10:35:00,2023-05-19T10:29:59
912,10862,172,,0,2023-05-05T10:35:00,2023-05-19T10:29:59
913,10863,171,,0,2023-05-05T10:35:00,2023-05-19T10:29:59
914,10864,183,,0,2023-05-05T10:35:00,2023-05-19T10:29:59
915,10865,182,,0,2023-05-05T10:35:00,2023-05-19T10:29:59
916,10866,184,,0,2023-05-05T10:35:00,2023-05-19T10:29:59
917,0,74,shop#shop=1037,802000179,2023-05-13T10:35:00,2023-05-19T10:29:59
918,10880,73,,802000180,2023-05-13T10:35:00,2023-05-19T10:29:59
919,10882,72,,802000181,2023-05-13T10:35:00,2023-05-27T10:29:59
920,10868,204,,0,2023-05-13T10:35:00,2023-05-27T10:29:59
921,10869,203,,0,2023-05-13T10:35:00,2023-05-27T10:29:59
922,10870,202,,0,2023-05-13T10:35:00,2023-05-27T10:29:59
923,10871,201,,0,2023-05-13T10:35:00,2023-05-27T10:29:59
924,10872,200,,0,2023-05-13T10:35:00,2023-05-27T10:29:59
925,10873,199,,0,2023-05-13T10:35:00,2023-05-27T10:29:59
926,10874,194,,0,2023-05-13T10:35:00,2023-05-27T10:29:59
927,10875,193,,0,2023-05-13T10:35:00,2023-05-27T10:29:59
928,10876,192,,0,2023-05-13T10:35:00,2023-05-27T10:29:59
929,10877,191,,0,2023-05-13T10:35:00,2023-05-27T10:29:59
930,10878,190,,0,2023-05-13T10:35:00,2023-05-27T10:29:59
931,10879,196,,0,2023-05-13T10:35:00,2023-05-27T10:29:59
932,10880,195,,0,2023-05-13T10:35:00,2023-05-23T10:29:59
933,10881,198,,0,2023-05-13T10:35:00,2023-05-27T10:29:59
934,10882,197,,0,2023-05-13T10:35:00,2023-05-27T10:29:59
935,40063,78,,802000182,2023-05-19T10:35:00,2023-05-31T10:29:59
936,10891,77,,802000183,2023-05-19T10:35:00,2023-05-31T10:29:59
937,10883,36,,0,2023-05-19T10:35:00,2023-05-31T10:29:59
938,10884,35,,0,2023-05-19T10:35:00,2023-05-31T10:29:59
939,10885,37,,0,2023-05-19T10:35:00,2023-05-31T10:29:59
940,10886,31,,0,2023-05-19T10:35:00,2023-05-31T10:29:59
941,10887,30,,0,2023-05-19T10:35:00,2023-05-31T10:29:59
942,10888,29,,0,2023-05-19T10:35:00,2023-05-31T10:29:59
943,10889,33,,0,2023-05-19T10:35:00,2023-05-31T10:29:59
944,10890,32,,0,2023-05-19T10:35:00,2023-05-31T10:29:59
945,10891,34,,0,2023-05-19T10:35:00,2023-05-31T10:29:59
946,40062,39,,0,2023-05-19T10:35:00,2023-05-26T22:00:00
947,40063,38,,0,2023-05-19T10:35:00,2023-05-31T10:29:59
948,10892,81,,802000184,2023-05-23T10:30:00,2023-06-06T10:24:59
949,10892,53,,0,2023-05-23T10:30:00,2023-06-06T10:24:59
950,10893,52,,0,2023-05-23T10:30:00,2023-06-06T10:24:59
951,10894,54,,0,2023-05-23T10:30:00,2023-06-06T10:24:59
952,10895,51,,0,2023-05-23T10:30:00,2023-06-06T10:24:59
953,10896,50,,0,2023-05-23T10:30:00,2023-06-06T10:24:59
954,0,84,shop#shop=1023,802000185,2023-05-31T10:35:00,2023-06-14T10:29:59
955,10912,83,,802000186,2023-05-31T10:35:00,2023-06-14T10:29:59
956,10898,69,,0,2023-05-31T10:35:00,2023-06-14T10:29:59
957,10899,68,,0,2023-05-31T10:35:00,2023-06-14T10:29:59
958,10900,67,,0,2023-05-31T10:35:00,2023-06-14T10:29:59
959,10901,66,,0,2023-05-31T10:35:00,2023-06-14T10:29:59
960,10902,65,,0,2023-05-31T10:35:00,2023-06-14T10:29:59
961,10903,61,,0,2023-05-31T10:35:00,2023-06-14T10:29:59
962,10904,60,,0,2023-05-31T10:35:00,2023-06-14T10:29:59
963,10905,59,,0,2023-05-31T10:35:00,2023-06-14T10:29:59
964,10906,58,,0,2023-05-31T10:35:00,2023-06-14T10:29:59
965,10907,57,,0,2023-05-31T10:35:00,2023-06-14T10:29:59
966,10908,56,,0,2023-05-31T10:35:00,2023-06-14T10:29:59
967,10909,55,,0,2023-05-31T10:35:00,2023-06-14T10:29:59
968,10910,64,,0,2023-05-31T10:35:00,2023-06-14T10:29:59
969,10911,63,,0,2023-05-31T10:35:00,2023-06-14T10:29:59
970,10912,62,,0,2023-05-31T10:35:00,2023-06-14T10:29:59
971,10923,89,,802000187,2023-06-07T10:35:00,2023-06-21T10:29:59
972,10928,88,,802000188,2023-06-07T10:35:00,2023-06-21T10:29:59
973,40064,87,,802000189,2023-06-07T10:35:00,2023-06-21T10:29:59
974,10914,88,,0,2023-06-07T10:35:00,2023-06-21T10:29:59
975,10915,87,,0,2023-06-07T10:35:00,2023-06-21T10:29:59
976,10916,89,,0,2023-06-07T10:35:00,2023-06-21T10:29:59
977,10917,80,,0,2023-06-07T10:35:00,2023-06-21T10:29:59
978,10918,79,,0,2023-06-07T10:35:00,2023-06-21T10:29:59
979,10919,78,,0,2023-06-07T10:35:00,2023-06-21T10:29:59
980,10920,77,,0,2023-06-07T10:35:00,2023-06-21T10:29:59
981,10921,76,,0,2023-06-07T10:35:00,2023-06-21T10:29:59
982,10922,75,,0,2023-06-07T10:35:00,2023-06-21T10:29:59
983,10923,86,,0,2023-06-07T10:35:00,2023-06-21T10:29:59
984,10924,85,,0,2023-06-07T10:35:00,2023-06-21T10:29:59
985,10925,74,,0,2023-06-07T10:35:00,2023-06-21T10:29:59
986,40064,84,,0,2023-06-07T10:35:00,2023-06-21T10:29:59
987,10926,82,,0,2023-06-07T10:35:00,2023-06-21T10:29:59
988,10927,81,,0,2023-06-07T10:35:00,2023-06-21T10:29:59
989,10928,83,,0,2023-06-07T10:35:00,2023-06-21T10:29:59
990,0,94,shop#shop=1023,802000190,2023-06-15T10:35:00,2023-06-29T10:29:59
991,10941,93,,802000191,2023-06-15T10:35:00,2023-06-29T10:29:59
992,10929,107,,0,2023-06-15T10:35:00,2023-06-29T10:29:59
993,10930,106,,0,2023-06-15T10:35:00,2023-06-29T10:29:59
994,10931,105,,0,2023-06-15T10:35:00,2023-06-29T10:29:59
995,10932,103,,0,2023-06-15T10:35:00,2023-06-29T10:29:59
996,10933,102,,0,2023-06-15T10:35:00,2023-06-29T10:29:59
997,10934,101,,0,2023-06-15T10:35:00,2023-06-29T10:29:59
998,10935,100,,0,2023-06-15T10:35:00,2023-06-29T10:29:59
999,10936,99,,0,2023-06-15T10:35:00,2023-06-29T10:29:59
1000,10937,98,,0,2023-06-15T10:35:00,2023-06-29T10:29:59
1001,10938,96,,0,2023-06-15T10:35:00,2023-06-29T10:29:59
1002,10939,95,,0,2023-06-15T10:35:00,2023-06-29T10:29:59
1003,10940,94,,0,2023-06-15T10:35:00,2023-06-29T10:29:59
1004,10941,109,,0,2023-06-15T10:35:00,2023-06-29T10:29:59
1005,10942,108,,0,2023-06-15T10:35:00,2023-06-29T10:29:59
1006,10943,104,,0,2023-06-15T10:35:00,2023-06-29T10:29:59
1007,10944,97,,0,2023-06-15T10:35:00,2023-06-29T10:29:59
1008,10956,99,,802000192,2023-06-23T10:35:00,2023-07-07T10:29:59
1009,10960,98,,802000193,2023-06-23T10:35:00,2023-07-07T10:29:59
1010,10962,97,,802000194,2023-06-23T10:35:00,2023-06-30T10:29:59
1011,10945,124,,0,2023-06-23T10:35:00,2023-07-07T10:29:59
1012,10946,123,,0,2023-06-23T10:35:00,2023-07-07T10:29:59
1013,10947,129,,0,2023-06-23T10:35:00,2023-07-06T10:29:59
1014,10948,128,,0,2023-06-23T10:35:00,2023-07-06T10:29:59
1015,10949,122,,0,2023-06-23T10:35:00,2023-07-07T10:29:59
1016,10950,119,,0,2023-06-23T10:35:00,2023-07-07T10:29:59
1017,10951,118,,0,2023-06-23T10:35:00,2023-07-07T10:29:59
1018,10952,117,,0,2023-06-23T10:35:00,2023-07-07T10:29:59
1019,10953,116,,0,2023-06-23T10:35:00,2023-07-07T10:29:59
1020,10954,115,,0,2023-06-23T10:35:00,2023-07-07T10:29:59
1021,10955,114,,0,2023-06-23T10:35:00,2023-07-07T10:29:59
1022,10956,126,,0,2023-06-23T10:35:00,2023-07-07T10:29:59
1023,10957,113,,0,2023-06-23T10:35:00,2023-07-07T10:29:59
1024,10958,112,,0,2023-06-23T10:35:00,2023-07-07T10:29:59
1025,10959,125,,0,2023-06-23T10:35:00,2023-07-07T10:29:59
1026,10960,121,,0,2023-06-23T10:35:00,2023-07-07T10:29:59
1027,10961,120,,0,2023-06-23T10:35:00,2023-07-07T10:29:59
1028,10962,127,,0,2023-06-23T10:35:00,2023-06-30T10:29:59
1029,0,104,shop#shop=1023,802000195,2023-06-30T10:35:00,2023-07-14T10:29:59
1030,10976,103,,802000196,2023-06-30T10:35:00,2023-07-14T10:29:59
1031,10963,149,,0,2023-06-30T10:35:00,2023-07-14T10:29:59
1032,10964,148,,0,2023-06-30T10:35:00,2023-07-14T10:29:59
1033,10965,147,,0,2023-06-30T10:35:00,2023-07-14T10:29:59
1034,10966,146,,0,2023-06-30T10:35:00,2023-07-14T10:29:59
1035,10967,145,,0,2023-06-30T10:35:00,2023-07-14T10:29:59
1036,10968,142,,0,2023-06-30T10:35:00,2023-07-14T10:29:59
1037,10969,141,,0,2023-06-30T10:35:00,2023-07-14T10:29:59
1038,10970,140,,0,2023-06-30T10:35:00,2023-07-14T10:29:59
1039,10971,139,,0,2023-06-30T10:35:00,2023-07-14T10:29:59
1040,10972,138,,0,2023-06-30T10:35:00,2023-07-14T10:29:59
1041,10973,137,,0,2023-06-30T10:35:00,2023-07-14T10:29:59
1042,10974,136,,0,2023-06-30T10:35:00,2023-07-14T10:29:59
1043,10975,143,,0,2023-06-30T10:35:00,2023-07-14T10:29:59
1044,10976,144,,0,2023-06-30T10:35:00,2023-07-14T10:29:59
1045,10977,135,,0,2023-06-30T10:35:00,2023-07-14T10:29:59
1046,10978,134,,0,2023-06-30T10:35:00,2023-07-14T10:29:59
1047,10979,133,,0,2023-06-30T10:35:00,2023-07-14T10:29:59
1048,10980,132,,0,2023-06-30T10:35:00,2023-07-14T10:29:59
1049,10988,109,,802000197,2023-07-07T10:35:00,2023-07-21T10:29:59
1050,10990,108,,802000198,2023-07-07T10:35:00,2023-07-21T10:29:59
1051,10981,166,,0,2023-07-07T10:35:00,2023-07-21T10:29:59
1052,10982,165,,0,2023-07-07T10:35:00,2023-07-21T10:29:59
1053,10983,167,,0,2023-07-07T10:35:00,2023-07-21T10:29:59
1054,10984,163,,0,2023-07-07T10:35:00,2023-07-21T10:29:59
1055,10985,162,,0,2023-07-07T10:35:00,2023-07-21T10:29:59
1056,10986,161,,0,2023-07-07T10:35:00,2023-07-21T10:29:59
1057,10987,160,,0,2023-07-07T10:35:00,2023-07-21T10:29:59
1058,10988,169,,0,2023-07-07T10:35:00,2023-07-21T10:29:59
1059,10989,159,,0,2023-07-07T10:35:00,2023-07-21T10:29:59
1060,10990,168,,0,2023-07-07T10:35:00,2023-07-21T10:29:59
1061,10991,158,,0,2023-07-07T10:35:00,2023-07-21T10:29:59
1062,10992,157,,0,2023-07-07T10:35:00,2023-07-21T10:29:59
1063,10993,156,,0,2023-07-07T10:35:00,2023-07-21T10:29:59
1064,40065,164,,0,2023-07-07T10:35:00,2023-07-21T10:29:59
1065,10995,155,,0,2023-07-07T10:35:00,2023-07-21T10:29:59
1066,10996,154,,0,2023-07-07T10:35:00,2023-07-21T10:29:59
1067,0,39,shop#shop=1023,802000199,2023-07-14T10:35:00,2023-07-26T10:29:59
1068,11010,38,,802000200,2023-07-14T10:35:00,2023-07-26T10:29:59
1069,10999,49,,0,2023-07-14T10:35:00,2023-07-26T10:29:59
1070,11000,48,,0,2023-07-14T10:35:00,2023-07-26T10:29:59
1071,11001,47,,0,2023-07-14T10:35:00,2023-07-26T10:29:59
1072,11002,43,,0,2023-07-14T10:35:00,2023-07-26T10:29:59
1073,11003,42,,0,2023-07-14T10:35:00,2023-07-26T10:29:59
1074,11004,41,,0,2023-07-14T10:35:00,2023-07-26T10:29:59
1075,11005,40,,0,2023-07-14T10:35:00,2023-07-26T10:29:59
1076,11006,39,,0,2023-07-14T10:35:00,2023-07-26T10:29:59
1077,11007,38,,0,2023-07-14T10:35:00,2023-07-26T10:29:59
1078,11008,37,,0,2023-07-14T10:35:00,2023-07-26T10:29:59
1079,11009,36,,0,2023-07-14T10:35:00,2023-07-26T10:29:59
1080,11010,46,,0,2023-07-14T10:35:00,2023-07-26T10:29:59
1081,11011,45,,0,2023-07-14T10:35:00,2023-07-26T10:29:59
1082,11012,35,,0,2023-07-14T10:35:00,2023-07-26T10:29:59
1083,11013,34,,0,2023-07-14T10:35:00,2023-07-26T10:29:59
1084,11014,33,,0,2023-07-14T10:35:00,2023-07-26T10:29:59
1085,11015,44,,0,2023-07-14T10:35:00,2023-07-26T10:29:59
1086,11023,44,,802000201,2023-07-21T10:35:00,2023-07-26T10:29:59
1087,11026,43,,802000202,2023-07-21T10:35:00,2023-07-26T10:29:59
1088,11016,68,,0,2023-07-21T10:35:00,2023-07-26T10:29:59
1089,11017,67,,0,2023-07-21T10:35:00,2023-07-26T10:29:59
1090,11018,66,,0,2023-07-21T10:35:00,2023-07-26T10:29:59
1091,11019,63,,0,2023-07-21T10:35:00,2023-07-26T10:29:59
1092,11020,62,,0,2023-07-21T10:35:00,2023-07-26T10:29:59
1093,11021,61,,0,2023-07-21T10:35:00,2023-07-26T10:29:59
1094,11022,60,,0,2023-07-21T10:35:00,2023-07-26T10:29:59
1095,11023,65,,0,2023-07-21T10:35:00,2023-07-26T10:29:59
1096,11024,64,,0,2023-07-21T10:35:00,2023-07-26T10:29:59
1097,11025,59,,0,2023-07-21T10:35:00,2023-07-26T10:29:59
1098,11026,58,,0,2023-07-21T10:35:00,2023-07-26T10:29:59
1099,11027,69,,0,2023-07-21T10:35:00,2023-07-30T10:29:59
1100,11029,49,,802000203,2023-07-26T10:35:00,2023-08-09T10:29:59
1101,11034,48,,802000204,2023-07-26T10:35:00,2023-08-09T10:29:59
1102,11038,47,,802000205,2023-07-26T10:35:00,2023-08-09T10:29:59
1103,11028,83,,0,2023-07-26T10:35:00,2023-08-09T10:29:59
1104,11029,82,,0,2023-07-26T10:35:00,2023-08-09T10:29:59
1105,11030,81,,0,2023-07-26T10:35:00,2023-08-09T10:29:59
1106,11031,80,,0,2023-07-26T10:35:00,2023-08-09T10:29:59
1107,11032,78,,0,2023-07-26T10:35:00,2023-08-09T10:29:59
1108,11033,79,,0,2023-07-26T10:35:00,2023-08-09T10:29:59
1109,11034,84,,0,2023-07-26T10:35:00,2023-08-09T10:29:59
1110,11035,77,,0,2023-07-26T10:35:00,2023-08-09T10:29:59
1111,11036,76,,0,2023-07-26T10:35:00,2023-08-09T10:29:59
1112,11037,75,,0,2023-07-26T10:35:00,2023-08-09T10:29:59
1113,11038,74,,0,2023-07-26T10:35:00,2023-08-09T10:29:59
1114,11039,73,,0,2023-07-26T10:35:00,2023-08-09T10:29:59
1115,11040,72,,0,2023-07-26T10:35:00,2023-08-09T10:29:59
1116,11041,71,,0,2023-07-26T10:35:00,2023-08-09T10:29:59
1117,11042,70,,0,2023-07-26T10:35:00,2023-08-09T10:29:59
1118,0,54,shop#shop=1023,802000206,2023-07-31T10:35:00,2023-08-14T10:29:59
1119,11055,53,,802000207,2023-07-31T10:35:00,2023-08-14T10:29:59
1120,11043,103,,0,2023-07-31T10:35:00,2023-08-14T10:29:59
1121,11044,102,,0,2023-07-31T10:35:00,2023-08-14T10:29:59
1122,11045,101,,0,2023-07-31T10:35:00,2023-08-14T10:29:59
1123,11046,100,,0,2023-07-31T10:35:00,2023-08-14T10:29:59
1124,11047,99,,0,2023-07-31T10:35:00,2023-08-14T10:29:59
1125,11048,96,,0,2023-07-31T10:35:00,2023-08-14T10:29:59
1126,11049,95,,0,2023-07-31T10:35:00,2023-08-14T10:29:59
1127,11050,94,,0,2023-07-31T10:35:00,2023-08-14T10:29:59
1128,11051,93,,0,2023-07-31T10:35:00,2023-08-14T10:29:59
1129,11052,92,,0,2023-07-31T10:35:00,2023-08-14T10:29:59
1130,11053,98,,0,2023-07-31T10:35:00,2023-08-14T10:29:59
1131,11054,97,,0,2023-07-31T10:35:00,2023-08-14T10:29:59
1132,11055,104,,0,2023-07-31T10:35:00,2023-08-14T10:29:59
1133,11056,91,,0,2023-07-31T10:35:00,2023-08-14T10:29:59
1134,11057,90,,0,2023-07-31T10:35:00,2023-08-14T10:29:59
1135,11061,57,,802000208,2023-08-05T10:30:00,2023-08-10T10:29:59
1136,11058,127,,0,2023-08-05T10:30:00,2023-08-10T10:29:59
1137,11059,126,,0,2023-08-05T10:30:00,2023-08-10T10:29:59
1138,11060,125,,0,2023-08-05T10:30:00,2023-08-10T10:29:59
1139,11061,129,,0,2023-08-05T10:30:00,2023-08-10T10:29:59
1140,11062,128,,0,2023-08-05T10:30:00,2023-08-10T10:29:59
1141,0,64,shop#shop=1034,802000209,2023-08-10T10:35:00,2023-08-24T10:29:59
1142,11066,63,,802000210,2023-08-10T10:35:00,2023-08-24T10:29:59
1143,11080,62,,802000211,2023-08-10T10:35:00,2023-08-24T10:29:59
1144,11063,139,,0,2023-08-10T10:35:00,2023-08-24T10:29:59
1145,11064,138,,0,2023-08-10T10:35:00,2023-08-24T10:29:59
1146,11065,137,,0,2023-08-10T10:35:00,2023-08-24T10:29:59
1147,11066,131,,0,2023-08-10T10:35:00,2023-08-24T10:29:59
1148,11067,130,,0,2023-08-10T10:35:00,2023-08-24T10:29:59
1149,11068,129,,0,2023-08-10T10:35:00,2023-08-24T10:29:59
1150,11069,136,,0,2023-08-10T10:35:00,2023-08-24T10:29:59
1151,11070,135,,0,2023-08-10T10:35:00,2023-08-24T10:29:59
1152,11071,134,,0,2023-08-10T10:35:00,2023-08-24T10:29:59
1153,11072,133,,0,2023-08-10T10:35:00,2023-08-24T10:29:59
1154,11073,132,,0,2023-08-10T10:35:00,2023-08-24T10:29:59
1155,11074,125,,0,2023-08-10T10:35:00,2023-08-24T10:29:59
1156,11075,124,,0,2023-08-10T10:35:00,2023-08-24T10:29:59
1157,11076,123,,0,2023-08-10T10:35:00,2023-08-24T10:29:59
1158,11077,128,,0,2023-08-10T10:35:00,2023-08-24T10:29:59
1159,11078,127,,0,2023-08-10T10:35:00,2023-08-24T10:29:59
1160,11079,126,,0,2023-08-10T10:35:00,2023-08-24T10:29:59
1161,11080,125,,0,2023-08-10T10:35:00,2023-08-24T10:29:59
1162,11081,124,,0,2023-08-10T10:35:00,2023-08-24T10:29:59
1163,0,69,shop#shop=1034,802000212,2023-08-18T10:35:00,2023-08-31T10:29:59
1164,11094,68,,802000213,2023-08-18T10:35:00,2023-08-31T10:29:59
1165,11083,158,,0,2023-08-18T10:35:00,2023-08-31T10:29:59
1166,11084,157,,0,2023-08-18T10:35:00,2023-08-31T10:29:59
1167,11085,156,,0,2023-08-18T10:35:00,2023-08-31T10:29:59
1168,11086,155,,0,2023-08-18T10:35:00,2023-08-31T10:29:59
1169,11087,154,,0,2023-08-18T10:35:00,2023-08-31T10:29:59
1170,11088,159,,0,2023-08-18T10:35:00,2023-08-31T10:29:59
1171,11089,153,,0,2023-08-18T10:35:00,2023-08-31T10:29:59
1172,11090,152,,0,2023-08-18T10:35:00,2023-08-31T10:29:59
1173,11091,151,,0,2023-08-18T10:35:00,2023-08-31T10:29:59
1174,11092,150,,0,2023-08-18T10:35:00,2023-08-31T10:29:59
1175,11093,149,,0,2023-08-18T10:35:00,2023-08-31T10:29:59
1176,11094,148,,0,2023-08-18T10:35:00,2023-08-31T10:29:59
1177,11095,147,,0,2023-08-18T10:35:00,2023-08-31T10:29:59
1178,11104,74,,802000214,2023-08-24T10:35:00,2023-09-07T10:29:59
1179,40067,73,,802000215,2023-08-24T10:35:00,2023-08-30T22:00:00
1180,11098,170,,0,2023-08-24T10:35:00,2023-09-07T10:29:59
1181,11099,169,,0,2023-08-24T10:35:00,2023-09-07T10:29:59
1182,11100,174,,0,2023-08-24T10:35:00,2023-08-30T10:29:59
1183,11101,168,,0,2023-08-24T10:35:00,2023-09-07T10:29:59
1184,11102,167,,0,2023-08-24T10:35:00,2023-09-07T10:29:59
1185,11103,166,,0,2023-08-24T10:35:00,2023-09-07T10:29:59
1186,11104,172,,0,2023-08-24T10:35:00,2023-09-07T10:29:59
1187,11105,171,,0,2023-08-24T10:35:00,2023-09-07T10:29:59
1188,11106,173,,0,2023-08-24T10:35:00,2023-09-07T10:29:59
1189,11107,165,,0,2023-08-24T10:35:00,2023-09-07T10:29:59
1190,11108,164,,0,2023-08-24T10:35:00,2023-09-07T10:29:59
1191,40067,163,,0,2023-08-24T10:35:00,2023-08-30T22:00:00
1192,40068,162,,0,2023-08-24T10:35:00,2023-09-07T10:29:59
1193,0,79,shop#shop=1023,802000216,2023-08-31T10:35:00,2023-09-14T10:29:59
1194,11122,78,,802000217,2023-08-31T10:35:00,2023-09-14T10:29:59
1195,11111,186,,0,2023-08-31T10:35:00,2023-09-14T10:29:59
1196,11112,185,,0,2023-08-31T10:35:00,2023-09-14T10:29:59
1197,11113,184,,0,2023-08-31T10:35:00,2023-09-14T10:29:59
1198,11114,187,,0,2023-08-31T10:35:00,2023-09-14T10:29:59
1199,11115,183,,0,2023-08-31T10:35:00,2023-09-14T10:29:59
1200,11116,182,,0,2023-08-31T10:35:00,2023-09-14T10:29:59
1201,11117,181,,0,2023-08-31T10:35:00,2023-09-14T10:29:59
1202,11118,180,,0,2023-08-31T10:35:00,2023-09-14T10:29:59
1203,11119,179,,0,2023-08-31T10:35:00,2023-09-14T10:29:59
1204,11120,178,,0,2023-08-31T10:35:00,2023-09-14T10:29:59
1205,11121,177,,0,2023-08-31T10:35:00,2023-09-14T10:29:59
1206,11122,189,,0,2023-08-31T10:35:00,2023-09-14T10:29:59
1207,11123,188,,0,2023-08-31T10:35:00,2023-09-14T10:29:59
1208,11135,84,,802000218,2023-09-08T10:35:00,2023-09-22T10:29:59
1209,11137,83,,802000219,2023-09-08T10:35:00,2023-09-22T10:29:59
1210,11126,44,,0,2023-09-08T10:35:00,2023-09-22T10:29:59
1211,11127,43,,0,2023-09-08T10:35:00,2023-09-22T10:29:59
1212,11128,47,,0,2023-09-08T10:35:00,2023-09-21T10:29:59
1213,11129,46,,0,2023-09-08T10:35:00,2023-09-21T10:29:59
1214,11130,42,,0,2023-09-08T10:35:00,2023-09-22T10:29:59
1215,11131,41,,0,2023-09-08T10:35:00,2023-09-22T10:29:59
1216,11132,40,,0,2023-09-08T10:35:00,2023-09-22T10:29:59
1217,11133,39,,0,2023-09-08T10:35:00,2023-09-22T10:29:59
1218,11134,38,,0,2023-09-08T10:35:00,2023-09-22T10:29:59
1219,11135,49,,0,2023-09-08T10:35:00,2023-09-22T10:29:59
1220,11136,48,,0,2023-09-08T10:35:00,2023-09-22T10:29:59
1221,11137,45,,0,2023-09-08T10:35:00,2023-09-22T10:29:59
1222,11143,89,,802000220,2023-09-15T10:35:00,2023-09-29T10:29:59
1223,11152,88,,802000221,2023-09-15T10:35:00,2023-09-29T10:29:59
1224,11141,66,,0,2023-09-15T10:35:00,2023-09-29T10:29:59
1225,11142,65,,0,2023-09-15T10:35:00,2023-09-29T10:29:59
1226,11143,64,,0,2023-09-15T10:35:00,2023-09-29T10:29:59
1227,11144,62,,0,2023-09-15T10:35:00,2023-09-29T10:29:59
1228,11145,61,,0,2023-09-15T10:35:00,2023-09-29T10:29:59
1229,11146,60,,0,2023-09-15T10:35:00,2023-09-29T10:29:59
1230,11147,59,,0,2023-09-15T10:35:00,2023-09-29T10:29:59
1231,11148,58,,0,2023-09-15T10:35:00,2023-09-29T10:29:59
1232,11149,57,,0,2023-09-15T10:35:00,2023-09-29T10:29:59
1233,11150,56,,0,2023-09-15T10:35:00,2023-09-29T10:29:59
1234,11151,69,,0,2023-09-15T10:35:00,2023-09-29T10:29:59
1235,11152,68,,0,2023-09-15T10:35:00,2023-09-29T10:29:59
1236,11153,67,,0,2023-09-15T10:35:00,2023-09-29T10:29:59
1237,11157,63,,0,2023-09-15T10:35:00,2023-09-29T10:29:59
1238,11165,94,,802000222,2023-09-22T10:35:00,2023-10-06T10:29:59
1239,11168,93,,802000223,2023-09-22T10:35:00,2023-10-06T10:29:59
1240,11158,83,,0,2023-09-22T10:35:00,2023-10-06T10:29:59
1241,11159,82,,0,2023-09-22T10:35:00,2023-10-06T10:29:59
1242,11160,81,,0,2023-09-22T10:35:00,2023-10-06T10:29:59
1243,11161,80,,0,2023-09-22T10:35:00,2023-10-06T10:29:59
1244,11162,79,,0,2023-09-22T10:35:00,2023-10-06T10:29:59
1245,11163,78,,0,2023-09-22T10:35:00,2023-10-06T10:29:59
1246,11164,85,,0,2023-09-22T10:35:00,2023-10-06T10:29:59
1247,11165,84,,0,2023-09-22T10:35:00,2023-10-06T10:29:59
1248,11168,89,,0,2023-09-22T10:35:00,2023-10-06T10:29:59
1249,11169,88,,0,2023-09-22T10:35:00,2023-10-06T10:29:59
1250,11170,87,,0,2023-09-22T10:35:00,2023-10-06T10:29:59
1251,11173,96,,802000224,2023-09-29T10:35:00,2023-10-13T10:29:59
1252,11183,95,,802000225,2023-09-29T10:35:00,2023-10-13T10:29:59
1253,11172,105,,0,2023-09-29T10:35:00,2023-10-13T10:29:59
1254,11173,104,,0,2023-09-29T10:35:00,2023-10-13T10:29:59
1255,11174,103,,0,2023-09-29T10:35:00,2023-10-13T10:29:59
1256,11175,102,,0,2023-09-29T10:35:00,2023-10-13T10:29:59
1257,11179,101,,0,2023-09-29T10:35:00,2023-10-13T10:29:59
1258,11180,100,,0,2023-09-29T10:35:00,2023-10-13T10:29:59
1259,11181,99,,0,2023-09-29T10:35:00,2023-10-13T10:29:59
1260,11182,108,,0,2023-09-29T10:35:00,2023-10-13T10:29:59
1261,11183,107,,0,2023-09-29T10:35:00,2023-10-13T10:29:59
1262,11184,98,,0,2023-09-29T10:35:00,2023-10-13T10:29:59
1263,11185,106,,0,2023-09-29T10:35:00,2023-10-13T10:29:59
1264,11188,109,,0,2023-09-29T10:35:00,2023-10-13T10:29:59
1265,11191,101,,802000226,2023-10-06T10:35:00,2023-10-18T10:29:59
1266,11201,100,,802000227,2023-10-06T10:35:00,2023-10-18T10:29:59
1267,40070,99,,802000228,2023-10-06T10:35:00,2023-10-18T10:29:59
1268,11189,127,,0,2023-10-06T10:35:00,2023-10-18T10:29:59
1269,11190,126,,0,2023-10-06T10:35:00,2023-10-18T10:29:59
1270,11191,125,,0,2023-10-06T10:35:00,2023-10-18T10:29:59
1271,11192,123,,0,2023-10-06T10:35:00,2023-10-18T10:29:59
1272,11193,122,,0,2023-10-06T10:35:00,2023-10-18T10:29:59
1273,11194,121,,0,2023-10-06T10:35:00,2023-10-18T10:29:59
1274,11195,120,,0,2023-10-06T10:35:00,2023-10-18T10:29:59
1275,11196,119,,0,2023-10-06T10:35:00,2023-10-18T10:29:59
1276,11197,118,,0,2023-10-06T10:35:00,2023-10-18T10:29:59
1277,11198,117,,0,2023-10-06T10:35:00,2023-10-18T10:29:59
1278,40070,124,,0,2023-10-06T10:35:00,2023-10-18T10:29:59
1279,11201,129,,0,2023-10-06T10:35:00,2023-10-18T10:29:59
1280,11202,128,,0,2023-10-06T10:35:00,2023-10-13T10:29:59
1281,0,107,shop#shop=1023,802000229,2023-10-13T10:35:00,2023-10-24T10:29:59
1282,11217,106,,802000231,2023-10-13T10:35:00,2023-10-24T10:29:59
1283,11204,147,,0,2023-10-13T10:35:00,2023-10-24T10:29:59
1284,11205,146,,0,2023-10-13T10:35:00,2023-10-24T10:29:59
1285,11206,145,,0,2023-10-13T10:35:00,2023-10-24T10:29:59
1286,11207,144,,0,2023-10-13T10:35:00,2023-10-24T10:29:59
1287,11208,143,,0,2023-10-13T10:35:00,2023-10-24T10:29:59
1288,11209,142,,0,2023-10-13T10:35:00,2023-10-24T10:29:59
1289,11210,141,,0,2023-10-13T10:35:00,2023-10-24T10:29:59
1290,11211,140,,0,2023-10-13T10:35:00,2023-10-24T10:29:59
1291,11212,139,,0,2023-10-13T10:35:00,2023-10-24T10:29:59
1292,11213,138,,0,2023-10-13T10:35:00,2023-10-24T10:29:59
1293,11214,137,,0,2023-10-13T10:35:00,2023-10-24T10:29:59
1294,11215,149,,0,2023-10-13T10:35:00,2023-10-24T10:29:59
1295,11216,148,,0,2023-10-13T10:35:00,2023-10-24T10:29:59
1296,11222,114,,802000232,2023-10-18T10:35:00,2023-10-23T10:29:59
1297,11227,113,,802000233,2023-10-18T10:35:00,2023-10-27T10:29:59
1298,11219,167,,0,2023-10-18T10:35:00,2023-11-01T10:29:59
1299,11220,166,,0,2023-10-18T10:35:00,2023-11-01T10:29:59
1300,11221,165,,0,2023-10-18T10:35:00,2023-11-01T10:29:59
1301,11222,168,,0,2023-10-18T10:35:00,2023-10-23T10:29:59
1302,11223,164,,0,2023-10-18T10:35:00,2023-11-01T10:29:59
1303,11224,163,,0,2023-10-18T10:35:00,2023-11-01T10:29:59
1304,11225,162,,0,2023-10-18T10:35:00,2023-11-01T10:29:59
1305,11226,161,,0,2023-10-18T10:35:00,2023-11-01T10:29:59
1306,11227,169,,0,2023-10-18T10:35:00,2023-10-27T10:29:59
1307,0,118,shop#shop=1023,802000234,2023-10-24T10:35:00,2023-11-07T10:29:59
1308,11240,117,,802000235,2023-10-24T10:35:00,2023-11-07T10:29:59
1309,40071,119,,802000236,2023-10-24T10:35:00,2023-10-31T23:59:59
1310,11230,186,,0,2023-10-24T10:35:00,2023-11-07T10:29:59
1311,11231,185,,0,2023-10-24T10:35:00,2023-11-07T10:29:59
1312,11232,184,,0,2023-10-24T10:35:00,2023-11-07T10:29:59
1313,11233,183,,0,2023-10-24T10:35:00,2023-11-07T10:29:59
1314,11234,182,,0,2023-10-24T10:35:00,2023-11-07T10:29:59
1315,11235,180,,0,2023-10-24T10:35:00,2023-11-07T10:29:59
1316,11236,179,,0,2023-10-24T10:35:00,2023-11-07T10:29:59
1317,11237,178,,0,2023-10-24T10:35:00,2023-11-07T10:29:59
1318,11238,177,,0,2023-10-24T10:35:00,2023-11-07T10:29:59
1319,11239,176,,0,2023-10-24T10:35:00,2023-11-07T10:29:59
1320,11240,181,,0,2023-10-24T10:35:00,2023-11-07T10:29:59
1321,40071,189,,0,2023-10-24T10:35:00,2023-10-31T23:59:59
1322,40072,188,,0,2023-10-24T10:35:00,2023-11-07T10:29:59
1323,40073,187,,0,2023-10-24T10:35:00,2023-11-07T10:29:59
1324,0,124,shop#shop=1023,802000237,2023-10-30T10:35:00,2023-11-07T10:29:59
1325,11246,123,,802000238,2023-10-30T10:35:00,2023-11-07T10:29:59
1326,11257,122,,802000239,2023-10-30T10:35:00,2023-11-07T10:29:59
1327,11244,208,,0,2023-10-30T10:35:00,2023-11-07T10:29:59
1328,11245,207,,0,2023-10-30T10:35:00,2023-11-07T10:29:59
1329,11246,206,,0,2023-10-30T10:35:00,2023-11-07T10:29:59
1330,11247,209,,0,2023-10-30T10:35:00,2023-11-07T10:29:59
1331,11248,205,,0,2023-10-30T10:35:00,2023-11-07T10:29:59
1332,11249,204,,0,2023-10-30T10:35:00,2023-11-07T10:29:59
1333,11250,203,,0,2023-10-30T10:35:00,2023-11-07T10:29:59
1334,11251,202,,0,2023-10-30T10:35:00,2023-11-05T10:29:59
1335,11252,201,,0,2023-10-30T10:35:00,2023-11-07T10:29:59
1336,11257,200,,0,2023-10-30T10:35:00,2023-11-07T10:29:59
1337,11271,129,,802000240,2023-11-03T10:30:00,2023-11-10T10:24:59
1338,11270,223,,0,2023-11-03T10:30:00,2023-11-10T10:24:59
1339,11271,224,,0,2023-11-03T10:30:00,2023-11-10T10:24:59
1340,11272,222,,0,2023-11-03T10:30:00,2023-11-10T10:24:59
1341,0,134,shop#shop=1036,802000241,2023-11-07T10:35:00,2023-12-07T10:29:59
1342,11280,133,,802000242,2023-11-07T10:35:00,2023-11-21T10:29:59
1343,11290,132,,802000243,2023-11-07T10:35:00,2023-11-21T10:29:59
1344,11275,36,,0,2023-11-07T10:35:00,2023-11-21T10:29:59
1345,11276,35,,0,2023-11-07T10:35:00,2023-11-21T10:29:59
1346,11277,34,,0,2023-11-07T10:35:00,2023-11-21T10:29:59
1347,11278,39,,0,2023-11-07T10:35:00,2023-11-21T10:29:59
1348,11279,38,,0,2023-11-07T10:35:00,2023-11-21T10:29:59
1349,11280,37,,0,2023-11-07T10:35:00,2023-11-21T10:29:59
1350,11281,33,,0,2023-11-07T10:35:00,2023-11-21T10:29:59
1351,11282,32,,0,2023-11-07T10:35:00,2023-11-21T10:29:59
1352,11283,31,,0,2023-11-07T10:35:00,2023-11-21T10:29:59
1353,11284,30,,0,2023-11-07T10:35:00,2023-11-21T10:29:59
1354,11285,26,,0,2023-11-07T10:35:00,2023-11-21T10:29:59
1355,11286,25,,0,2023-11-07T10:35:00,2023-11-21T10:29:59
1356,11287,24,,0,2023-11-07T10:35:00,2023-11-21T10:29:59
1357,11288,27,,0,2023-11-07T10:35:00,2023-11-21T10:29:59
1358,11289,29,,0,2023-11-07T10:35:00,2023-11-21T10:29:59
1359,11290,28,,0,2023-11-07T10:35:00,2023-11-21T10:29:59
1360,0,139,shop#shop=1036,802000244,2023-11-16T10:35:00,2023-11-30T10:29:59
1361,11319,138,,802000245,2023-11-16T10:35:00,2023-11-30T10:29:59
1362,11307,58,,0,2023-11-16T10:35:00,2023-11-30T10:29:59
1363,11308,57,,0,2023-11-16T10:35:00,2023-11-30T10:29:59
1364,11309,56,,0,2023-11-16T10:35:00,2023-11-30T10:29:59
1365,11310,55,,0,2023-11-16T10:35:00,2023-11-30T10:29:59
1366,11311,54,,0,2023-11-16T10:35:00,2023-11-30T10:29:59
1367,11312,59,,0,2023-11-16T10:35:00,2023-11-30T10:29:59
1368,11313,50,,0,2023-11-16T10:35:00,2023-11-30T10:29:59
1369,11314,49,,0,2023-11-16T10:35:00,2023-11-30T10:29:59
1370,11315,48,,0,2023-11-16T10:35:00,2023-11-30T10:29:59
1371,11316,47,,0,2023-11-16T10:35:00,2023-11-30T10:29:59
1372,11317,51,,0,2023-11-16T10:35:00,2023-11-30T10:29:59
1373,11318,52,,0,2023-11-16T10:35:00,2023-11-30T10:29:59
1374,11319,53,,0,2023-11-16T10:35:00,2023-11-30T10:29:59
1375,11330,144,,802000246,2023-11-23T10:35:00,2023-12-07T10:29:59
1376,11327,143,,802000247,2023-11-23T10:35:00,2023-12-07T10:29:59
1377,40074,142,,802000248,2023-11-23T10:35:00,2023-11-29T22:00:00
1378,11322,78,,0,2023-11-23T10:35:00,2023-12-07T10:29:59
1379,11323,77,,0,2023-11-23T10:35:00,2023-12-07T10:29:59
1380,11324,70,,0,2023-11-23T10:35:00,2023-12-07T10:29:59
1381,11325,69,,0,2023-11-23T10:35:00,2023-12-07T10:29:59
1382,11326,68,,0,2023-11-23T10:35:00,2023-12-07T10:29:59
1383,11327,76,,0,2023-11-23T10:35:00,2023-12-07T10:29:59
1384,11328,75,,0,2023-11-23T10:35:00,2023-12-07T10:29:59
1385,11329,67,,0,2023-11-23T10:35:00,2023-12-07T10:29:59
1386,11330,79,,0,2023-11-23T10:35:00,2023-12-07T10:29:59
1387,11331,72,,0,2023-11-23T10:35:00,2023-12-07T10:29:59
1388,11332,71,,0,2023-11-23T10:35:00,2023-12-07T10:29:59
1389,40074,74,,0,2023-11-23T10:35:00,2023-11-29T22:00:00
1390,40075,73,,0,2023-11-23T10:35:00,2023-12-07T10:29:59
1391,0,149,shop#shop=1023,802000249,2023-11-30T10:35:00,2023-12-14T10:29:59
1392,11348,148,,802000250,2023-11-30T10:35:00,2023-12-14T10:29:59
1393,11336,97,,0,2023-11-30T10:35:00,2023-12-14T10:29:59
1394,11337,96,,0,2023-11-30T10:35:00,2023-12-14T10:29:59
1395,11338,95,,0,2023-11-30T10:35:00,2023-12-14T10:29:59
1396,11339,94,,0,2023-11-30T10:35:00,2023-12-14T10:29:59
1397,11340,93,,0,2023-11-30T10:35:00,2023-12-14T10:29:59
1398,11341,92,,0,2023-11-30T10:35:00,2023-12-14T10:29:59
1399,11342,91,,0,2023-11-30T10:35:00,2023-12-14T10:29:59
1400,11343,90,,0,2023-11-30T10:35:00,2023-12-14T10:29:59
1401,11344,89,,0,2023-11-30T10:35:00,2023-12-14T10:29:59
1402,11345,88,,0,2023-11-30T10:35:00,2023-12-14T10:29:59
1403,11346,87,,0,2023-11-30T10:35:00,2023-12-14T10:29:59
1404,11347,86,,0,2023-11-30T10:35:00,2023-12-14T10:29:59
1405,11348,99,,0,2023-11-30T10:35:00,2023-12-14T10:29:59
1406,11349,98,,0,2023-11-30T10:35:00,2023-12-14T10:29:59
1407,11359,154,,802000251,2023-12-07T10:35:00,2023-12-21T10:29:59
1408,11361,153,,802000252,2023-12-07T10:35:00,2023-12-21T10:29:59
1409,11352,114,,0,2023-12-07T10:35:00,2023-12-21T10:29:59
1410,11353,113,,0,2023-12-07T10:35:00,2023-12-21T10:29:59
1411,11354,119,,0,2023-12-07T10:35:00,2023-12-14T10:29:59
1412,11358,112,,0,2023-12-07T10:35:00,2023-12-21T10:29:59
1413,11359,116,,0,2023-12-07T10:35:00,2023-12-21T10:29:59
1414,11360,115,,0,2023-12-07T10:35:00,2023-12-21T10:29:59
1415,11361,118,,0,2023-12-07T10:35:00,2023-12-21T10:29:59
1416,11362,117,,0,2023-12-07T10:35:00,2023-12-21T10:29:59
1417,11366,157,,802000253,2023-12-15T10:35:00,2023-12-29T10:29:59
1418,11376,158,,802000254,2023-12-15T10:35:00,2023-12-29T10:29:59
1419,40076,159,,802000255,2023-12-15T10:35:00,2023-12-25T10:29:59
1420,11365,135,,0,2023-12-15T10:35:00,2023-12-29T10:29:59
1421,11366,134,,0,2023-12-15T10:35:00,2023-12-29T10:29:59
1422,11367,133,,0,2023-12-15T10:35:00,2023-12-29T10:29:59
1423,11368,132,,0,2023-12-15T10:35:00,2023-12-29T10:29:59
1424,11369,131,,0,2023-12-15T10:35:00,2023-12-29T10:29:59
1425,11370,136,,0,2023-12-15T10:35:00,2023-12-29T10:29:59
1426,11376,138,,0,2023-12-15T10:35:00,2023-12-29T10:29:59
1427,11377,137,,0,2023-12-15T10:35:00,2023-12-29T10:29:59
1428,40076,159,,0,2023-12-15T10:35:00,2023-12-25T10:29:59
1429,11385,164,,802000256,2023-12-22T10:35:00,2024-01-05T10:29:59
1431,11382,154,,0,2023-12-22T10:35:00,2024-01-05T10:29:59
1432,11383,153,,0,2023-12-22T10:35:00,2024-01-05T10:29:59
1433,11384,152,,0,2023-12-22T10:35:00,2024-01-05T10:29:59
1434,11385,158,,0,2023-12-22T10:35:00,2024-01-05T10:29:59
1435,11389,149,,0,2023-12-22T10:35:00,2024-01-05T10:29:59
1436,11390,157,,0,2023-12-22T10:35:00,2024-01-05T10:29:59
1437,11391,156,,0,2023-12-22T10:35:00,2024-01-05T10:29:59
1438,11392,155,,0,2023-12-22T10:35:00,2024-01-05T10:29:59
1439,11393,151,,0,2023-12-22T10:35:00,2024-01-05T10:29:59
1440,11394,150,,0,2023-12-22T10:35:00,2024-01-05T10:29:59
1441,0,169,shop#shop=1023,802000258,2023-12-29T10:35:00,2024-01-12T10:29:59
1442,11397,176,,0,2023-12-29T10:35:00,2024-01-12T10:29:59
1443,11398,175,,0,2023-12-29T10:35:00,2024-01-12T10:29:59
1444,11399,174,,0,2023-12-29T10:35:00,2024-01-12T10:29:59
1445,11400,177,,0,2023-12-29T10:35:00,2024-01-12T10:29:59
1446,11401,179,,0,2023-12-29T10:35:00,2024-01-12T10:29:59
1447,11402,178,,0,2023-12-29T10:35:00,2024-01-12T10:29:59
1448,11407,172,,0,2023-12-29T10:35:00,2024-01-12T10:29:59
1449,11408,171,,0,2023-12-29T10:35:00,2024-01-12T10:29:59
1450,11409,173,,0,2023-12-29T10:35:00,2024-01-12T10:29:59
1451,11413,174,,802000260,2024-01-01T00:00:00,2024-01-08T23:59:59
1452,11417,173,,802000261,2024-01-01T00:00:00,2024-01-08T23:59:59
1453,11412,199,,0,2024-01-01T00:00:00,2024-01-08T23:59:59
1454,11413,198,,0,2024-01-01T00:00:00,2024-01-08T23:59:59
1455,11414,197,,0,2024-01-01T00:00:00,2024-01-08T23:59:59
1456,11415,196,,0,2024-01-01T00:00:00,2024-01-08T23:59:59
1457,11416,195,,0,2024-01-01T00:00:00,2024-01-08T23:59:59
1458,11417,194,,0,2024-01-01T00:00:00,2024-01-08T23:59:59
1459,11418,193,,0,2024-01-01T00:00:00,2024-01-08T23:59:59
1460,11419,192,,0,2024-01-01T00:00:00,2024-01-08T23:59:59
1461,11432,39,,802000262,2024-01-05T10:35:00,2024-01-19T10:29:59
1462,11421,45,,0,2024-01-05T10:35:00,2024-01-19T10:29:59
1463,11422,47,,0,2024-01-05T10:35:00,2024-01-12T10:29:59
1464,11423,46,,0,2024-01-05T10:35:00,2024-01-12T10:29:59
1465,11431,49,,0,2024-01-05T10:35:00,2024-01-19T10:29:59
1466,11432,48,,0,2024-01-05T10:35:00,2024-01-19T10:29:59
1467,0,44,shop#shop=1023,802000263,2024-01-12T10:35:00,2024-01-26T10:29:59
1468,11435,60,,0,2024-01-12T10:35:00,2024-01-26T10:29:59
1469,11436,59,,0,2024-01-12T10:35:00,2024-01-26T10:29:59
1470,11437,58,,0,2024-01-12T10:35:00,2024-01-26T10:29:59
1471,11438,57,,0,2024-01-12T10:35:00,2024-01-26T10:29:59
1472,11439,61,,0,2024-01-12T10:35:00,2024-01-26T10:29:59
1473,11443,62,,0,2024-01-12T10:35:00,2024-01-26T10:29:59
1474,11444,56,,0,2024-01-12T10:35:00,2024-01-26T10:29:59
1475,11445,64,,0,2024-01-12T10:35:00,2024-01-26T10:29:59
1476,11446,63,,0,2024-01-12T10:35:00,2024-01-26T10:29:59
1477,40078,55,,0,2024-01-12T10:35:00,2024-01-26T10:29:59
1490,0,48,shop#shop=1023,802000267,2024-01-26T10:35:00,2024-02-08T10:29:59
1491,11473,47,,802000268,2024-01-26T10:35:00,2024-02-08T10:29:59
1492,11463,92,,0,2024-01-26T10:35:00,2024-02-08T10:29:59
1493,11464,91,,0,2024-01-26T10:35:00,2024-02-08T10:29:59
1494,11465,90,,0,2024-01-26T10:35:00,2024-02-08T10:29:59
1495,11466,93,,0,2024-01-26T10:35:00,2024-02-01T10:29:59
1496,11467,89,,0,2024-01-26T10:35:00,2024-02-08T10:29:59
1497,11471,88,,0,2024-01-26T10:35:00,2024-02-08T10:29:59
1498,11472,87,,0,2024-01-26T10:35:00,2024-02-08T10:29:59
1499,11473,94,,0,2024-01-26T10:35:00,2024-02-08T10:29:59
1500,11478,53,,802000269,2024-01-31T10:35:00,2024-02-14T10:29:59
1501,11487,52,,802000270,2024-01-31T10:35:00,2024-02-14T10:29:59
1502,11476,107,,0,2024-01-31T10:35:00,2024-02-14T10:29:59
1503,11477,106,,0,2024-01-31T10:35:00,2024-02-14T10:29:59
1504,11478,105,,0,2024-01-31T10:35:00,2024-02-14T10:29:59
1505,11479,109,,0,2024-01-31T10:35:00,2024-02-14T10:29:59
1506,11480,104,,0,2024-01-31T10:35:00,2024-02-14T10:29:59
1507,11481,108,,0,2024-01-31T10:35:00,2024-02-14T10:29:59
1508,11482,103,,0,2024-01-31T10:35:00,2024-02-14T10:29:59
1509,11487,102,,0,2024-01-31T10:35:00,2024-02-14T10:29:59
1510,11488,101,,0,2024-01-31T10:35:00,2024-02-14T10:29:59
1511,0,55,shop#shop=1034,802000271,2024-02-08T10:35:00,2024-02-22T10:29:59
1512,11497,56,,802000272,2024-02-08T10:35:00,2024-02-22T10:29:59
1513,11500,57,,802000273,2024-02-08T10:35:00,2024-02-22T10:29:59
1514,11492,121,,0,2024-02-08T10:35:00,2024-02-22T10:29:59
1515,11493,120,,0,2024-02-08T10:35:00,2024-02-22T10:29:59
1516,11494,119,,0,2024-02-08T10:35:00,2024-02-22T10:29:59
1517,11495,124,,0,2024-02-08T10:35:00,2024-02-22T10:29:59
1518,11496,123,,0,2024-02-08T10:35:00,2024-02-22T10:29:59
1519,11497,122,,0,2024-02-08T10:35:00,2024-02-22T10:29:59
1520,11498,129,,0,2024-02-08T10:35:00,2024-02-22T10:29:59
1521,11499,128,,0,2024-02-08T10:35:00,2024-02-22T10:29:59
1522,11500,127,,0,2024-02-08T10:35:00,2024-02-22T10:29:59
1523,11501,126,,0,2024-02-08T10:35:00,2024-02-22T10:29:59
1524,11502,125,,0,2024-02-08T10:35:00,2024-02-22T10:29:59
1525,0,64,shop#shop=1034,802000274,2024-02-16T10:35:00,2024-02-29T10:29:59
1526,11515,63,,802000275,2024-02-16T10:35:00,2024-02-29T10:29:59
1527,11508,147,,0,2024-02-16T10:35:00,2024-03-01T10:29:59
1528,11509,146,,0,2024-02-16T10:35:00,2024-03-01T10:29:59
1529,11510,145,,0,2024-02-16T10:35:00,2024-03-01T10:29:59
1530,11511,144,,0,2024-02-16T10:35:00,2024-03-01T10:29:59
1531,11515,148,,0,2024-02-16T10:35:00,2024-03-01T10:29:59
1532,11516,149,,0,2024-02-16T10:35:00,2024-03-01T10:29:59
1533,11526,69,,802000276,2024-02-22T10:35:00,2024-03-07T10:29:59
1534,40079,68,,802000277,2024-02-22T10:35:00,2024-02-28T22:00:00
1535,11519,155,,0,2024-02-22T10:35:00,2024-03-07T10:29:59
1536,11520,154,,0,2024-02-22T10:35:00,2024-03-07T10:29:59
1537,11521,153,,0,2024-02-22T10:35:00,2024-03-07T10:29:59
1538,11526,157,,0,2024-02-22T10:35:00,2024-03-07T10:29:59
1539,11527,156,,0,2024-02-22T10:35:00,2024-03-07T10:29:59
1540,11528,152,,0,2024-02-22T10:35:00,2024-03-07T10:29:59
1541,11529,151,,0,2024-02-22T10:35:00,2024-03-07T10:29:59
1542,11530,150,,0,2024-02-22T10:35:00,2024-03-07T10:29:59
1543,40079,159,,0,2024-02-22T10:35:00,2024-02-28T22:00:00
1544,40080,158,,0,2024-02-22T10:35:00,2024-03-07T10:29:59
1545,0,74,shop#shop=1023,802000278,2024-02-29T10:35:00,2024-03-30T10:29:59
1546,11538,73,,802000279,2024-02-29T10:35:00,2024-03-07T10:29:59
1547,11533,170,,0,2024-02-29T10:35:00,2024-03-14T10:29:59
1548,11534,169,,0,2024-02-29T10:35:00,2024-03-14T10:29:59
1549,11535,168,,0,2024-02-29T10:35:00,2024-03-14T10:29:59
1550,11536,167,,0,2024-02-29T10:35:00,2024-03-14T10:29:59
1551,11537,166,,0,2024-02-29T10:35:00,2024-03-14T10:29:59
1552,11538,174,,0,2024-02-29T10:35:00,2024-03-07T10:29:59
1553,11543,173,,0,2024-02-29T10:35:00,2024-03-14T10:29:59
1554,11544,172,,0,2024-02-29T10:35:00,2024-03-14T10:29:59
1555,11546,171,,0,2024-02-29T10:35:00,2024-03-14T10:29:59
1556,40082,78,,802000280,2024-03-08T10:35:00,2024-03-15T10:29:59
1557,11562,77,,802000281,2024-03-08T10:35:00,2024-03-22T10:29:59
1558,11555,184,,0,2024-03-08T10:35:00,2024-03-22T10:29:59
1559,11556,183,,0,2024-03-08T10:35:00,2024-03-22T10:29:59
1560,11557,185,,0,2024-03-08T10:35:00,2024-03-21T10:29:59
1561,11561,182,,0,2024-03-08T10:35:00,2024-03-22T10:29:59
1562,11562,181,,0,2024-03-08T10:35:00,2024-03-22T10:29:59
1563,11563,180,,0,2024-03-08T10:35:00,2024-03-22T10:29:59
1564,40081,188,,0,2024-03-08T10:35:00,2024-03-15T10:29:59
1565,40082,187,,0,2024-03-08T10:35:00,2024-03-15T10:29:59
1566,40083,186,,0,2024-03-08T10:35:00,2024-03-15T10:29:59
1567,0,84,shop#shop=1023,802000282,2024-03-16T10:35:00,2024-03-30T10:29:59
1568,11573,83,,802000283,2024-03-16T10:35:00,2024-03-30T10:29:59
1569,11564,197,,0,2024-03-16T10:35:00,2024-03-30T10:29:59
1570,11565,196,,0,2024-03-16T10:35:00,2024-03-30T10:29:59
1571,11566,195,,0,2024-03-16T10:35:00,2024-03-30T10:29:59
1572,11568,198,,0,2024-03-16T10:35:00,2024-03-22T10:29:59
1573,11569,192,,0,2024-03-16T10:35:00,2024-03-30T10:29:59
1574,11573,199,,0,2024-03-16T10:35:00,2024-03-23T10:29:59
1575,11574,194,,0,2024-03-16T10:35:00,2024-03-30T10:29:59
1576,11575,193,,0,2024-03-16T10:35:00,2024-03-30T10:29:59
1577,11577,191,,0,2024-03-16T10:35:00,2024-03-30T10:29:59
1578,11578,190,,0,2024-03-16T10:35:00,2024-03-30T10:29:59
1579,11579,189,,0,2024-03-16T10:35:00,2024-03-30T10:29:59
1580,11588,89,,802000284,2024-03-22T10:35:00,2024-04-05T10:29:59
1581,11590,88,,802000285,2024-03-22T10:35:00,2024-04-05T10:29:59
1582,11580,209,,0,2024-03-22T10:35:00,2024-04-05T10:29:59
1583,11581,208,,0,2024-03-22T10:35:00,2024-04-05T10:29:59
1584,11582,211,,0,2024-03-22T10:35:00,2024-04-05T10:29:59
1585,11583,210,,0,2024-03-22T10:35:00,2024-04-05T10:29:59
1586,11587,207,,0,2024-03-22T10:35:00,2024-04-05T10:29:59
1587,11588,214,,0,2024-03-22T10:35:00,2024-04-05T10:29:59
1588,11589,213,,0,2024-03-22T10:35:00,2024-04-05T10:29:59
1589,11590,212,,0,2024-03-22T10:35:00,2024-04-05T10:29:59
1590,0,94,shop#shop=1023,802000286,2024-03-30T10:35:00,2024-04-13T10:29:59
1591,11601,93,,802000287,2024-03-30T10:35:00,2024-04-13T10:29:59
1592,11591,226,,0,2024-03-30T10:35:00,2024-04-13T10:29:59
1593,11592,225,,0,2024-03-30T10:35:00,2024-04-13T10:29:59
1594,11593,224,,0,2024-03-30T10:35:00,2024-04-13T10:29:59
1595,11594,228,,0,2024-03-30T10:35:00,2024-04-13T10:29:59
1596,11595,229,,0,2024-03-30T10:35:00,2024-04-04T10:29:59
1597,11596,223,,0,2024-03-30T10:35:00,2024-04-13T10:29:59
1598,11601,227,,0,2024-03-30T10:35:00,2024-04-13T10:29:59
1599,11611,99,,802000288,2024-04-05T10:35:00,2024-04-19T10:29:59
1600,11604,236,,0,2024-04-05T10:35:00,2024-04-19T10:29:59
1601,11605,235,,0,2024-04-05T10:35:00,2024-04-19T10:29:59
1602,11606,234,,0,2024-04-05T10:35:00,2024-04-19T10:29:59
1603,11611,239,,0,2024-04-05T10:35:00,2024-04-19T10:29:59
1604,11612,238,,0,2024-04-05T10:35:00,2024-04-19T10:29:59
1605,11613,237,,0,2024-04-05T10:35:00,2024-04-19T10:29:59
1606,0,109,shop#shop=1023,802000289,2024-04-12T10:35:00,2024-04-26T10:29:59
1607,11626,108,,802000290,2024-04-12T10:35:00,2024-04-26T10:29:59
1608,11616,136,,0,2024-04-12T10:35:00,2024-04-26T10:29:59
1609,11617,135,,0,2024-04-12T10:35:00,2024-04-26T10:29:59
1610,11618,134,,0,2024-04-12T10:35:00,2024-04-26T10:29:59
1611,11619,137,,0,2024-04-12T10:35:00,2024-04-26T10:29:59
1612,11620,133,,0,2024-04-12T10:35:00,2024-04-26T10:29:59
1613,11624,132,,0,2024-04-12T10:35:00,2024-04-26T10:29:59
1614,11625,131,,0,2024-04-12T10:35:00,2024-04-26T10:29:59
1615,11626,139,,0,2024-04-12T10:35:00,2024-04-26T10:29:59
1616,11627,138,,0,2024-04-12T10:35:00,2024-04-26T10:29:59
1617,11628,130,,0,2024-04-12T10:35:00,2024-04-26T10:29:59
1618,11641,114,,802000291,2024-04-19T10:35:00,2024-05-03T10:29:59
1619,11633,146,,0,2024-04-19T10:35:00,2024-05-03T10:29:59
1620,11634,145,,0,2024-04-19T10:35:00,2024-05-03T10:29:59
1621,11635,148,,0,2024-04-19T10:35:00,2024-05-03T10:29:59
1622,11640,147,,0,2024-04-19T10:35:00,2024-05-03T10:29:59
1623,11641,149,,0,2024-04-19T10:35:00,2024-05-03T10:29:59
1624,11644,119,,802000292,2024-04-25T10:35:00,2024-05-09T10:29:59
1625,11654,118,,802000293,2024-04-25T10:35:00,2024-05-02T10:29:59
1626,11642,158,,0,2024-04-25T10:35:00,2024-05-09T10:29:59
1627,11643,157,,0,2024-04-25T10:35:00,2024-05-09T10:29:59
1628,11644,156,,0,2024-04-25T10:35:00,2024-05-09T10:29:59
1629,11645,155,,0,2024-04-25T10:35:00,2024-05-09T10:29:59
1630,11646,154,,0,2024-04-25T10:35:00,2024-05-02T10:29:59
1631,11647,153,,0,2024-04-25T10:35:00,2024-05-09T10:29:59
1632,11648,152,,0,2024-04-25T10:35:00,2024-05-02T10:29:59
1633,11653,151,,0,2024-04-25T10:35:00,2024-05-02T10:29:59
1634,11654,159,,0,2024-04-25T10:35:00,2024-05-02T10:29:59
1635,0,129,shop#shop=1037,802000294,2024-04-30T10:35:00,2024-05-14T10:29:59
1636,11662,128,,802000295,2024-04-30T10:35:00,2024-05-14T10:29:59
1637,11666,127,,802000296,2024-04-30T10:35:00,2024-05-14T10:29:59
1638,11655,171,,0,2024-04-30T10:35:00,2024-05-14T10:29:59
1639,11656,170,,0,2024-04-30T10:35:00,2024-05-14T10:29:59
1640,11657,169,,0,2024-04-30T10:35:00,2024-05-14T10:29:59
1641,11658,174,,0,2024-04-30T10:35:00,2024-05-14T10:29:59
1642,11659,173,,0,2024-04-30T10:35:00,2024-05-14T10:29:59
1643,11662,172,,0,2024-04-30T10:35:00,2024-05-14T10:29:59
1644,11663,163,,0,2024-04-30T10:35:00,2024-05-14T10:29:59
1645,11664,168,,0,2024-04-30T10:35:00,2024-05-14T10:29:59
1646,11665,167,,0,2024-04-30T10:35:00,2024-05-14T10:29:59
1647,11666,166,,0,2024-04-30T10:35:00,2024-05-14T10:29:59
1648,11667,165,,0,2024-04-30T10:35:00,2024-05-14T10:29:59
1649,11668,164,,0,2024-04-30T10:35:00,2024-05-14T10:29:59
1650,0,139,shop#shop=1037,802000297,2024-05-08T10:35:00,2024-05-22T10:29:59
1651,11673,138,,802000298,2024-05-08T10:35:00,2024-05-22T10:29:59
1652,11669,182,,0,2024-05-08T10:35:00,2024-05-22T10:29:59
1653,11670,181,,0,2024-05-08T10:35:00,2024-05-22T10:29:59
1654,11671,180,,0,2024-05-08T10:35:00,2024-05-22T10:29:59
1655,11672,179,,0,2024-05-08T10:35:00,2024-05-22T10:29:59
1656,11673,183,,0,2024-05-08T10:35:00,2024-05-22T10:29:59
1657,11676,184,,0,2024-05-08T10:35:00,2024-05-15T10:29:59
1658,11681,178,,0,2024-05-08T10:35:00,2024-05-22T10:29:59
1659,0,149,shop#shop=1023,802000299,2024-05-16T10:35:00,2024-05-30T10:29:59
1660,11694,148,,802000300,2024-05-16T10:35:00,2024-05-30T10:29:59
1661,11682,191,,0,2024-05-16T10:35:00,2024-05-30T10:29:59
1662,11683,190,,0,2024-05-16T10:35:00,2024-05-30T10:29:59
1663,11684,189,,0,2024-05-16T10:35:00,2024-05-30T10:29:59
1664,11685,188,,0,2024-05-16T10:35:00,2024-05-30T10:29:59
1665,11686,187,,0,2024-05-16T10:35:00,2024-05-30T10:29:59
1666,11687,186,,0,2024-05-16T10:35:00,2024-05-30T10:29:59
1667,11691,192,,0,2024-05-16T10:35:00,2024-05-30T10:29:59
1668,11692,185,,0,2024-05-16T10:35:00,2024-05-30T10:29:59
1669,11693,193,,0,2024-05-16T10:35:00,2024-05-30T10:29:59
1670,11694,194,,0,2024-05-16T10:35:00,2024-05-30T10:29:59
1671,40085,159,,802000302,2024-05-23T10:35:00,2024-05-29T22:00:00
1672,11704,158,,802000301,2024-05-23T10:35:00,2024-06-06T10:29:59
1673,11702,157,,802000303,2024-05-23T10:35:00,2024-06-06T10:29:59
1674,40085,204,,0,2024-05-23T10:35:00,2024-05-29T22:00:00
1675,11696,203,,0,2024-05-23T10:35:00,2024-06-06T10:29:59
1676,11695,202,,0,2024-05-23T10:35:00,2024-06-06T10:29:59
1677,11704,201,,0,2024-05-23T10:35:00,2024-06-06T10:29:59
1678,40086,200,,0,2024-05-23T10:35:00,2024-06-06T10:29:59
1679,11702,199,,0,2024-05-23T10:35:00,2024-06-06T10:29:59
1680,0,169,shop#shop=1023,802000304,2024-05-31T10:35:00,2024-06-14T10:29:59
1681,11705,212,,0,2024-05-31T10:35:00,2024-06-14T10:29:59
1682,11706,211,,0,2024-05-31T10:35:00,2024-06-14T10:29:59
1683,11707,210,,0,2024-05-31T10:35:00,2024-06-14T10:29:59
1684,11713,213,,0,2024-05-31T10:35:00,2024-06-14T10:29:59
1685,11714,214,,0,2024-05-31T10:35:00,2024-06-14T10:29:59
1686,11717,209,,0,2024-05-31T10:35:00,2024-06-14T10:29:59
1687,11726,174,,802000305,2024-06-07T10:35:00,2024-06-21T10:29:59
1688,11726,224,,0,2024-06-07T10:35:00,2024-06-21T10:29:59
1689,11727,223,,0,2024-06-07T10:35:00,2024-06-21T10:29:59
1690,11728,222,,0,2024-06-07T10:35:00,2024-06-21T10:29:59
1691,0,179,shop#shop=1023,802000306,2024-06-14T10:35:00,2024-06-28T10:29:59
1692,11737,178,,802000307,2024-06-14T10:35:00,2024-06-28T10:29:59
1693,11738,177,,802000308,2024-06-14T10:35:00,2024-06-28T10:29:59
1694,11737,234,,0,2024-06-14T10:35:00,2024-06-28T10:29:59
1695,11729,233,,0,2024-06-14T10:35:00,2024-06-28T10:29:59
1696,11730,232,,0,2024-06-14T10:35:00,2024-06-28T10:29:59
1697,11731,231,,0,2024-06-14T10:35:00,2024-06-28T10:29:59
1698,11738,230,,0,2024-06-14T10:35:00,2024-06-28T10:29:59
1699,11751,184,,802000310,2024-06-21T10:35:00,2024-07-05T10:29:59
1700,11749,183,,802000309,2024-06-21T10:35:00,2024-07-05T10:29:59
1701,11751,239,,0,2024-06-21T10:35:00,2024-07-05T10:29:59
1702,11749,238,,0,2024-06-21T10:35:00,2024-07-05T10:29:59
1703,11752,237,,0,2024-06-21T10:35:00,2024-07-05T10:29:59
1704,11750,236,,0,2024-06-21T10:35:00,2024-07-05T10:29:59
1705,11744,235,,0,2024-06-21T10:35:00,2024-07-05T10:29:59
1706,0,34,shop#shop=1023,802000311,2024-06-28T10:35:00,2024-07-12T10:29:59
1707,11762,33,,802000312,2024-06-28T10:35:00,2024-07-12T10:29:59
1708,11762,79,,0,2024-06-28T10:35:00,2024-07-12T10:29:59
1709,11763,78,,0,2024-06-28T10:35:00,2024-07-12T10:29:59
1710,11753,77,,0,2024-06-28T10:35:00,2024-07-12T10:29:59
1711,11754,76,,0,2024-06-28T10:35:00,2024-07-12T10:29:59
1712,11755,75,,0,2024-06-28T10:35:00,2024-07-12T10:29:59
1713,11774,39,,802000313,2024-07-05T10:35:00,2024-07-19T10:29:59
1714,11774,84,,0,2024-07-05T10:35:00,2024-07-19T10:29:59
1715,11775,83,,0,2024-07-05T10:35:00,2024-07-19T10:29:59
1716,11776,82,,0,2024-07-05T10:35:00,2024-07-19T10:29:59
1717,11767,81,,0,2024-07-05T10:35:00,2024-07-19T10:29:59
1718,0,44,shop#shop=1023,802000314,2024-07-12T10:35:00,2024-07-25T10:29:59
1719,11788,43,,802000315,2024-07-12T10:35:00,2024-07-26T10:29:59
1720,11788,89,,0,2024-07-12T10:35:00,2024-07-26T10:29:59
1721,11789,88,,0,2024-07-12T10:35:00,2024-07-26T10:29:59
1722,11787,87,,0,2024-07-12T10:35:00,2024-07-26T10:29:59
1723,11781,86,,0,2024-07-12T10:35:00,2024-07-25T10:29:59
1724,11786,85,,0,2024-07-12T10:35:00,2024-07-26T10:29:59
1725,0,49,shop#shop=1023,802000316,2024-07-23T10:35:00,2024-08-06T10:29:59
1726,11805,48,,802000317,2024-07-23T10:35:00,2024-08-06T10:29:59
1727,11805,94,,0,2024-07-23T10:35:00,2024-08-06T10:29:59
1728,11796,93,,0,2024-07-23T10:35:00,2024-08-06T10:29:59
1729,11793,92,,0,2024-07-23T10:35:00,2024-08-06T10:29:59
1730,11794,91,,0,2024-07-23T10:35:00,2024-08-06T10:29:59
1731,11795,90,,0,2024-07-23T10:35:00,2024-08-06T10:29:59
1732,11810,54,,802000318,2024-07-30T10:35:00,2024-08-13T10:29:59
1733,11812,53,,802000320,2024-07-30T10:35:00,2024-08-13T10:29:59
1734,11817,53,,802000319,2024-07-30T10:35:00,2024-08-13T10:29:59
1735,11810,99,,0,2024-07-30T10:35:00,2024-08-13T10:29:59
1736,11812,98,,0,2024-07-30T10:35:00,2024-08-13T10:29:59
1737,11817,97,,0,2024-07-30T10:35:00,2024-08-13T10:29:59
1738,11811,96,,0,2024-07-30T10:35:00,2024-08-13T10:29:59
1739,0,59,shop#shop=1034,802000321,2024-08-06T10:35:00,2024-08-20T10:29:59
1740,11828,58,,802000322,2024-08-06T10:35:00,2024-08-20T10:29:59
1741,11823,105,,0,2024-08-06T10:35:00,2024-08-20T10:29:59
1742,11824,104,,0,2024-08-06T10:35:00,2024-08-20T10:29:59
1743,11825,103,,0,2024-08-06T10:35:00,2024-08-20T10:29:59
1744,11827,102,,0,2024-08-06T10:35:00,2024-08-20T10:29:59
1745,11829,101,,0,2024-08-06T10:35:00,2024-08-20T10:29:59
1746,11832,100,,0,2024-08-06T10:35:00,2024-08-20T10:29:59
1747,0,69,shop#shop=1034,802000323,2024-08-14T10:35:00,2024-08-28T10:29:59
1748,11845,68,,802000324,2024-08-14T10:35:00,2024-08-28T10:29:59
1749,11845,114,,0,2024-08-14T10:35:00,2024-08-28T10:29:59
1750,11846,113,,0,2024-08-14T10:35:00,2024-08-28T10:29:59
1751,11837,112,,0,2024-08-14T10:35:00,2024-08-21T10:29:59
1752,11847,111,,0,2024-08-14T10:35:00,2024-08-28T10:29:59
1753,11843,110,,0,2024-08-14T10:35:00,2024-08-28T10:29:59
1754,40087,79,,802000325,2024-08-22T10:35:00,2024-08-28T22:00:00
1755,40088,78,,802000326,2024-08-22T10:35:00,2024-09-05T10:29:59
1756,40087,119,,0,2024-08-22T10:35:00,2024-08-28T22:00:00
1757,40088,118,,0,2024-08-22T10:35:00,2024-09-05T10:29:59
1758,11856,117,,0,2024-08-22T10:35:00,2024-08-29T10:29:59
1759,11849,116,,0,2024-08-22T10:35:00,2024-08-28T10:29:59
1760,0,84,shop#shop=1023,802000327,2024-08-29T10:35:00,2024-09-12T10:29:59
1761,11869,83,,802000328,2024-08-29T10:35:00,2024-09-12T10:29:59
1762,11862,124,,0,2024-08-29T10:35:00,2024-09-12T10:29:59
1763,11869,123,,0,2024-08-29T10:35:00,2024-09-12T10:29:59
1764,11868,122,,0,2024-08-29T10:35:00,2024-09-12T10:29:59
1765,11872,121,,0,2024-08-29T10:35:00,2024-09-12T10:29:59
1766,11883,85,,802000329,2024-09-06T10:35:00,2024-09-20T10:29:59
1767,11883,129,,0,2024-09-06T10:35:00,2024-09-20T10:29:59
1768,11880,128,,0,2024-09-06T10:35:00,2024-09-20T10:29:59
1769,11881,127,,0,2024-09-06T10:35:00,2024-09-20T10:29:59
1770,0,89,shop#shop=1023,802000330,2024-09-13T10:35:00,2024-09-27T10:29:59
1771,11891,88,,802000332,2024-09-13T10:35:00,2024-09-27T10:29:59
1772,11892,87,,802000331,2024-09-13T10:35:00,2024-09-27T10:29:59
1773,11891,134,,0,2024-09-13T10:35:00,2024-09-27T10:29:59
1774,11892,133,,0,2024-09-13T10:35:00,2024-09-27T10:29:59
1775,11893,132,,0,2024-09-13T10:35:00,2024-09-27T10:29:59
1776,11887,131,,0,2024-09-13T10:35:00,2024-09-19T10:29:59
1777,11904,94,,802000333,2024-09-20T10:35:00,2024-10-04T10:29:59
1778,11905,93,,802000334,2024-09-20T10:35:00,2024-10-04T10:29:59
1779,11904,139,,0,2024-09-20T10:35:00,2024-10-04T10:29:59
1780,11897,138,,0,2024-09-20T10:35:00,2024-10-04T10:29:59
1781,11898,137,,0,2024-09-20T10:35:00,2024-10-04T10:29:59
1782,11905,136,,0,2024-09-20T10:35:00,2024-09-27T10:29:59
1783,11906,135,,0,2024-09-20T10:35:00,2024-09-27T10:29:59
1784,0,99,shop#shop=1023,802000335,2024-09-27T10:35:00,2024-10-11T10:29:59
1785,11920,97,,802000336,2024-09-27T10:35:00,2024-10-11T10:29:59
1786,11921,98,,802000337,2024-09-27T10:35:00,2024-10-11T10:29:59
1787,11921,144,,0,2024-09-27T10:35:00,2024-10-11T10:29:59
1788,11920,143,,0,2024-09-27T10:35:00,2024-10-11T10:29:59
1789,11919,142,,0,2024-09-27T10:35:00,2024-10-11T10:29:59
1790,11914,141,,0,2024-09-27T10:35:00,2024-10-03T10:29:59
1791,11930,101,,802000338,2024-10-04T10:35:00,2024-10-18T10:29:59
1792,11930,149,,0,2024-10-04T10:35:00,2024-10-18T10:29:59
1793,11931,148,,0,2024-10-04T10:35:00,2024-10-18T10:29:59
1794,11932,147,,0,2024-10-04T10:35:00,2024-10-18T10:29:59
1795,11933,146,,0,2024-10-04T10:35:00,2024-10-18T10:29:59
1796,0,104,shop#shop=1023,802000339,2024-10-11T10:35:00,2024-10-25T10:29:59
1797,11942,103,,802000340,2024-10-11T10:35:00,2024-10-25T10:29:59
1798,11938,154,,0,2024-10-11T10:35:00,2024-10-17T10:29:59
1799,11942,153,,0,2024-10-11T10:35:00,2024-10-25T10:29:59
1800,11943,152,,0,2024-10-11T10:35:00,2024-10-25T10:29:59
1801,11953,109,,802000341,2024-10-18T10:35:00,2024-11-01T10:29:59
1802,11958,108,,802000342,2024-10-18T10:35:00,2024-11-01T10:29:59
1803,11953,159,,0,2024-10-18T10:35:00,2024-11-01T10:29:59
1804,11958,158,,0,2024-10-18T10:35:00,2024-11-01T10:29:59
1805,11955,157,,0,2024-10-18T10:35:00,2024-11-01T10:29:59
1806,11954,156,,0,2024-10-18T10:35:00,2024-11-01T10:29:59
1807,0,114,shop#shop=1023,802000343,2024-10-25T10:35:00,2024-11-08T10:29:59
1808,11969,113,,802000344,2024-10-25T10:35:00,2024-11-08T10:29:59
1809,11969,164,,0,2024-10-25T10:35:00,2024-11-08T10:29:59
1810,11970,163,,0,2024-10-25T10:35:00,2024-11-08T10:29:59
1811,11962,162,,0,2024-10-25T10:35:00,2024-10-30T10:29:59
1812,11967,161,,0,2024-10-25T10:35:00,2024-11-08T10:29:59
1813,11977,119,,802000345,2024-10-31T10:35:00,2024-11-14T10:29:59
1814,11978,118,,802000346,2024-10-31T10:35:00,2024-11-14T10:29:59
1815,11978,174,,0,2024-10-31T10:35:00,2024-11-14T10:29:59
1816,11976,173,,0,2024-10-31T10:35:00,2024-11-14T10:29:59
1817,11977,172,,0,2024-10-31T10:35:00,2024-11-14T10:29:59
1818,11973,171,,0,2024-10-31T10:35:00,2024-11-14T10:29:59
1819,11974,171,,0,2024-10-31T10:35:00,2024-11-14T10:29:59
1820,11975,171,,0,2024-10-31T10:35:00,2024-11-14T10:29:59
1821,0,124,shop#shop=1023,802000347,2024-11-07T10:35:00,2024-11-21T10:29:59
1822,11995,123,,802000348,2024-11-07T10:35:00,2024-11-21T10:29:59
1823,11992,184,,0,2024-11-07T10:35:00,2024-11-21T10:29:59
1824,11993,183,,0,2024-11-07T10:35:00,2024-11-21T10:29:59
1825,11994,182,,0,2024-11-07T10:35:00,2024-11-21T10:29:59
1826,11995,181,,0,2024-11-07T10:35:00,2024-11-21T10:29:59
1827,11997,180,,0,2024-11-07T10:35:00,2024-11-21T10:29:59
1828,12005,179,,0,2024-11-07T10:35:00,2024-11-21T10:29:59
1829,12006,178,,0,2024-11-07T10:35:00,2024-11-21T10:29:59
1830,0,129,shop#shop=1023,802000349,2024-11-15T10:35:00,2024-11-29T10:29:59
1831,12017,128,,802000350,2024-11-15T10:35:00,2024-11-29T10:29:59
1832,12017,194,,0,2024-11-15T10:35:00,2024-11-29T10:29:59
1833,12018,193,,0,2024-11-15T10:35:00,2024-11-29T10:29:59
1834,12019,192,,0,2024-11-15T10:35:00,2024-11-29T10:29:59
1835,12020,191,,0,2024-11-15T10:35:00,2024-11-29T10:29:59
1836,40089,134,,802000351,2024-11-21T10:35:00,2024-11-27T22:00:00
1837,40090,133,,802000352,2024-11-21T10:35:00,2024-12-05T10:29:59
1838,40089,199,,0,2024-11-21T10:35:00,2024-11-27T22:00:00
1839,40090,198,,0,2024-11-21T10:35:00,2024-12-05T10:29:59
1840,12027,197,,0,2024-11-21T10:35:00,2024-12-05T10:29:59
1841,0,139,shop#shop=1023,802000353,2024-11-29T10:35:00,2024-12-13T10:29:59
1842,12039,138,,802000354,2024-11-29T10:35:00,2024-12-13T10:29:59
1843,12041,137,,802000355,2024-11-29T10:35:00,2024-12-13T10:29:59
1844,12039,204,,0,2024-11-29T10:35:00,2024-12-13T10:29:59
1845,12042,203,,0,2024-11-29T10:35:00,2024-12-13T10:29:59
1846,12041,202,,0,2024-11-29T10:35:00,2024-12-13T10:29:59
1847,12049,140,,802000356,2024-12-06T10:35:00,2024-12-20T10:29:59
1848,12049,209,,0,2024-12-06T10:35:00,2024-12-20T10:29:59
1849,12050,208,,0,2024-12-06T10:35:00,2024-12-20T10:29:59
1850,12051,207,,0,2024-12-06T10:35:00,2024-12-20T10:29:59
1851,0,144,shop#shop=1023,802000357,2024-12-16T10:35:00,2024-12-30T10:29:59
1852,12060,143,,802000358,2024-12-16T10:35:00,2024-12-30T10:29:59
1853,12060,214,,0,2024-12-16T10:35:00,2024-12-30T10:29:59
1854,12061,213,,0,2024-12-16T10:35:00,2024-12-30T10:29:59
1855,12062,212,,0,2024-12-16T10:35:00,2024-12-30T10:29:59
1856,12065,145,,802000359,2024-12-24T10:35:00,2025-01-07T10:29:59
1857,12065,219,,0,2024-12-24T10:35:00,2025-01-07T10:29:59
1858,12073,218,,0,2024-12-24T10:35:00,2025-01-07T10:29:59
1859,12074,217,,0,2024-12-24T10:35:00,2025-01-07T10:29:59
1860,12066,216,,0,2024-12-24T10:35:00,2025-01-07T10:29:59
1861,12067,215,,0,2024-12-24T10:35:00,2025-01-07T10:29:59
1862,0,149,shop#shop=1023,802000360,2024-12-30T10:35:00,2025-01-13T10:29:59
1863,12093,148,,802000361,2024-12-30T10:35:00,2025-01-13T10:29:59
1864,12094,147,,802000362,2024-12-30T10:35:00,2025-01-13T10:29:59
1865,12087,225,,0,2024-12-30T10:35:00,2025-01-13T10:29:59
1866,12088,224,,0,2024-12-30T10:35:00,2025-01-13T10:29:59
1867,12105,223,,0,2024-12-30T10:35:00,2025-01-13T10:29:59
1868,12086,222,,0,2024-12-30T10:35:00,2025-01-06T10:29:59
1869,12093,221,,0,2024-12-30T10:35:00,2025-01-13T10:29:59
1870,12094,220,,0,2024-12-30T10:35:00,2025-01-13T10:29:59
1871,12096,154,,802000363,2025-01-01T00:00:00,2025-01-07T23:59:59
1872,12099,153,,802000364,2025-01-01T00:00:00,2025-01-07T23:59:59
1873,12096,229,,0,2025-01-01T00:00:00,2025-01-07T23:59:59
1874,12097,228,,0,2025-01-01T00:00:00,2025-01-07T23:59:59
1875,12098,227,,0,2025-01-01T00:00:00,2025-01-07T23:59:59
1876,12114,159,,802000366,2025-01-07T10:35:00,2025-01-21T10:29:59
1877,12115,158,,802000365,2025-01-07T10:35:00,2025-01-21T10:29:59
1878,12106,234,,0,2025-01-07T10:35:00,2025-01-21T10:29:59
1879,12114,233,,0,2025-01-07T10:35:00,2025-01-21T10:29:59
1880,12115,232,,0,2025-01-07T10:35:00,2025-01-21T10:29:59
1881,0,169,shop#shop=1023,802000367,2025-01-15T10:35:00,2025-01-29T10:29:59
1882,12124,168,,802000368,2025-01-15T10:35:00,2025-01-29T10:29:59
1883,12124,239,,0,2025-01-15T10:35:00,2025-01-29T10:29:59
1884,12125,238,,0,2025-01-15T10:35:00,2025-01-29T10:29:59
1885,12126,237,,0,2025-01-15T10:35:00,2025-01-29T10:29:59
1886,12120,236,,0,2025-01-15T10:35:00,2025-01-21T10:29:59
1887,12138,39,,802000369,2025-01-22T10:35:00,2025-02-05T10:29:59
1888,12140,38,,802000370,2025-01-22T10:35:00,2025-02-05T10:29:59
1889,12131,124,,0,2025-01-22T10:35:00,2025-02-05T10:29:59
1890,12138,123,,0,2025-01-22T10:35:00,2025-02-05T10:29:59
1891,12140,122,,0,2025-01-22T10:35:00,2025-02-05T10:29:59
1892,0,44,shop#shop=1023,802000371,2025-01-29T10:35:00,2025-02-12T10:29:59
1893,12151,43,,802000372,2025-01-29T10:35:00,2025-02-12T10:29:59
1894,12151,129,,0,2025-01-29T10:35:00,2025-02-12T10:29:59
1895,12145,128,,0,2025-01-29T10:35:00,2025-02-12T10:29:59
1896,12146,127,,0,2025-01-29T10:35:00,2025-02-12T10:29:59
1897,12152,126,,0,2025-01-29T10:35:00,2025-02-12T10:29:59
1898,12159,49,,802000374,2025-02-04T10:35:00,2025-02-11T10:29:59
1899,12158,48,,802000373,2025-02-04T10:35:00,2025-02-11T10:29:59
1900,12159,135,,0,2025-02-04T10:35:00,2025-02-11T10:29:59
1901,12157,134,,0,2025-02-04T10:35:00,2025-02-11T10:29:59
1902,12158,133,,0,2025-02-04T10:35:00,2025-02-11T10:29:59
1903,12154,132,,0,2025-02-04T10:35:00,2025-02-11T10:29:59
1904,12155,131,,0,2025-02-04T10:35:00,2025-02-11T10:29:59
1905,12156,130,,0,2025-02-04T10:35:00,2025-02-11T10:29:59
1906,0,53,shop#shop=1023,802000375,2025-02-10T10:35:00,2025-02-24T10:29:59
1907,12175,54,,802000376,2025-02-10T10:35:00,2025-02-24T10:29:59
1908,12169,144,,0,2025-02-10T10:35:00,2025-02-24T10:29:59
1909,12170,143,,0,2025-02-10T10:35:00,2025-02-24T10:29:59
1910,12171,142,,0,2025-02-10T10:35:00,2025-02-24T10:29:59
1911,12175,141,,0,2025-02-10T10:35:00,2025-02-24T10:29:59
1912,12177,140,,0,2025-02-10T10:35:00,2025-02-24T10:29:59
1913,12180,139,,0,2025-02-10T10:35:00,2025-02-24T10:29:59
1914,12181,138,,0,2025-02-10T10:35:00,2025-02-24T10:29:59
1915,0,58,shop#shop=1023,802000377,2025-02-18T10:35:00,2025-03-04T10:29:59
1916,12191,59,,802000378,2025-02-18T10:35:00,2025-03-04T10:29:59
1917,12191,150,,0,2025-02-18T10:35:00,2025-03-04T10:29:59
1918,12192,149,,0,2025-02-18T10:35:00,2025-03-04T10:29:59
1919,12193,148,,0,2025-02-18T10:35:00,2025-03-04T10:29:59
1920,12194,147,,0,2025-02-18T10:35:00,2025-03-04T10:29:59
1921,40092,146,,0,2025-02-18T10:35:00,2025-02-26T22:00:00
1922,40093,145,,0,2025-02-18T10:35:00,2025-03-04T10:29:59
1923,0,64,shop#shop=1023,802000379,2025-02-27T10:35:00,2025-03-13T10:29:59
1924,12205,63,,802000380,2025-02-27T10:35:00,2025-03-13T10:29:59
1925,12205,154,,0,2025-02-27T10:35:00,2025-03-13T10:29:59
1926,12200,153,,0,2025-02-27T10:35:00,2025-03-13T10:29:59
1927,12207,152,,0,2025-02-27T10:35:00,2025-03-13T10:29:59
1931,12217,69,,802000381,2025-03-06T10:35:00,2025-03-20T10:29:59
1932,12219,68,,802000382,2025-03-06T10:35:00,2025-03-20T10:29:59
1933,12217,159,,0,2025-03-06T10:35:00,2025-03-20T10:29:59
1934,12219,158,,0,2025-03-06T10:35:00,2025-03-20T10:29:59
1935,12210,157,,0,2025-03-06T10:35:00,2025-03-20T10:29:59
1936,0,74,shop#shop=1023,802000383,2025-03-14T10:35:00,2025-03-28T10:29:59
1937,12231,73,,802000384,2025-03-14T10:35:00,2025-03-28T10:29:59
1938,12231,164,,0,2025-03-14T10:35:00,2025-03-28T10:29:59
1939,12232,163,,0,2025-03-14T10:35:00,2025-03-28T10:29:59
1940,12233,162,,0,2025-03-14T10:35:00,2025-03-28T10:29:59
1941,12226,161,,0,2025-03-14T10:35:00,2025-03-28T10:29:59
1942,12234,160,,0,2025-03-14T10:35:00,2025-03-28T10:29:59
1943,12244,79,,802000386,2025-03-21T10:35:00,2025-04-04T10:29:59
1944,12245,78,,802000385,2025-03-21T10:35:00,2025-04-04T10:29:59
1945,12244,169,,0,2025-03-21T10:35:00,2025-04-04T10:29:59
1946,12245,168,,0,2025-03-21T10:35:00,2025-04-04T10:29:59
1947,12236,167,,0,2025-03-21T10:35:00,2025-04-04T10:29:59
1948,12237,166,,0,2025-03-21T10:35:00,2025-04-04T10:29:59
1949,0,84,shop#shop=1023,802000387,2025-03-28T10:35:00,2025-04-11T10:29:59
1950,12258,83,,802000388,2025-03-28T10:35:00,2025-04-11T10:29:59
1951,12255,83,,802000389,2025-03-28T10:35:00,2025-04-11T10:29:59
1952,12256,83,,802000390,2025-03-28T10:35:00,2025-04-11T10:29:59
1953,12251,174,,0,2025-03-28T10:35:00,2025-04-03T10:29:59
1954,12258,173,,0,2025-03-28T10:35:00,2025-04-11T10:29:59
1955,12250,172,,0,2025-03-28T10:35:00,2025-04-11T10:29:59
1956,12255,171,,0,2025-03-28T10:35:00,2025-04-11T10:29:59
1957,12256,170,,0,2025-03-28T10:35:00,2025-04-11T10:29:59
1958,12266,89,,802000391,2025-04-04T10:35:00,2025-04-18T10:29:59
1959,12266,179,,0,2025-04-04T10:35:00,2025-04-18T10:29:59
1960,12267,178,,0,2025-04-04T10:35:00,2025-04-18T10:29:59
1961,12260,177,,0,2025-04-04T10:35:00,2025-04-18T10:29:59
1962,12261,176,,0,2025-04-04T10:35:00,2025-04-18T10:29:59
1963,0,94,shop#shop=1023,802000392,2025-04-11T10:35:00,2025-04-25T10:29:59
1964,12281,93,,802000393,2025-04-11T10:35:00,2025-04-25T10:29:59
1965,12281,184,,0,2025-04-11T10:35:00,2025-04-25T10:29:59
1966,12282,183,,0,2025-04-11T10:35:00,2025-04-25T10:29:59
1967,12283,182,,0,2025-04-11T10:35:00,2025-04-25T10:29:59
1968,12276,181,,0,2025-04-11T10:35:00,2025-04-25T10:29:59
1969,12277,180,,0,2025-04-11T10:35:00,2025-04-25T10:29:59
1970,12290,99,,802000394,2025-04-18T10:35:00,2025-05-02T10:29:59
1971,12291,98,,802000395,2025-04-18T10:35:00,2025-05-02T10:29:59
1972,12289,191,,0,2025-04-18T10:35:00,2025-05-02T10:29:59
1973,12290,190,,0,2025-04-18T10:35:00,2025-05-02T10:29:59
1974,12291,189,,0,2025-04-18T10:35:00,2025-05-02T10:29:59
1975,12286,188,,0,2025-04-18T10:35:00,2025-05-02T10:29:59
1976,12287,187,,0,2025-04-18T10:35:00,2025-05-02T10:29:59
1977,12288,186,,0,2025-04-18T10:35:00,2025-05-02T10:29:59
1978,0,104,shop#shop=1023,802000396,2025-04-24T10:35:00,2025-05-08T10:29:59
1979,12307,103,,802000397,2025-04-24T10:35:00,2025-05-08T10:29:59
1980,12309,102,,802000398,2025-04-24T10:35:00,2025-05-08T10:29:59
1981,12312,101,,802000399,2025-04-24T10:35:00,2025-05-08T10:29:59
1982,12313,100,,802000400,2025-04-24T10:35:00,2025-05-08T10:29:59
1983,12304,199,,0,2025-04-24T10:35:00,2025-05-08T10:29:59
1984,12305,198,,0,2025-04-24T10:35:00,2025-05-08T10:29:59
1985,12306,197,,0,2025-04-24T10:35:00,2025-05-08T10:29:59
1986,12307,196,,0,2025-04-24T10:35:00,2025-05-08T10:29:59
1987,12309,195,,0,2025-04-24T10:35:00,2025-05-08T10:29:59
1988,12312,194,,0,2025-04-24T10:35:00,2025-05-08T10:29:59
1989,12313,193,,0,2025-04-24T10:35:00,2025-05-08T10:29:59
1990,0,109,shop#shop=1023,802000401,2025-04-30T10:35:00,2025-05-14T10:29:59
1991,12322,108,,802000402,2025-04-30T10:35:00,2025-05-14T10:29:59
1992,12324,107,,802000403,2025-04-30T10:35:00,2025-05-14T10:29:59
1993,12322,209,,0,2025-04-30T10:35:00,2025-05-14T10:29:59
1994,12323,208,,0,2025-04-30T10:35:00,2025-05-14T10:29:59
1995,12319,207,,0,2025-04-30T10:35:00,2025-05-07T10:29:59
1996,12324,206,,0,2025-04-30T10:35:00,2025-05-14T10:29:59
1997,12325,205,,0,2025-04-30T10:35:00,2025-05-14T10:29:59
1998,12326,204,,0,2025-04-30T10:35:00,2025-05-14T10:29:59
1999,12334,114,,802000404,2025-05-08T10:35:00,2025-05-22T10:29:59
2000,12334,214,,0,2025-05-08T10:35:00,2025-05-22T10:29:59
2001,12335,213,,0,2025-05-08T10:35:00,2025-05-22T10:29:59
2002,12336,212,,0,2025-05-08T10:35:00,2025-05-22T10:29:59
2003,0,119,shop#shop=1023,802000405,2025-05-15T10:35:00,2025-05-29T10:29:59
2004,12348,118,,802000406,2025-05-15T10:35:00,2025-05-29T10:29:59
2005,12343,219,,0,2025-05-15T10:35:00,2025-05-21T10:29:59
2006,12344,218,,0,2025-05-15T10:35:00,2025-05-29T10:29:59
2007,12348,217,,0,2025-05-15T10:35:00,2025-05-29T10:29:59
2008,12349,216,,0,2025-05-15T10:35:00,2025-05-29T10:29:59
2009,12350,215,,0,2025-05-15T10:35:00,2025-05-29T10:29:59
2010,40094,124,,802000407,2025-05-22T10:35:00,2025-05-28T10:29:59
2011,40095,123,,802000408,2025-05-22T10:35:00,2025-06-05T10:29:59
2012,12362,122,,802000409,2025-05-22T10:35:00,2025-06-05T10:29:59
2013,12363,121,,802000410,2025-05-22T10:35:00,2025-06-05T10:29:59
2014,40094,224,,0,2025-05-22T10:35:00,2025-05-28T10:29:59
2015,40095,223,,0,2025-05-22T10:35:00,2025-06-05T10:29:59
2016,12353,222,,0,2025-05-22T10:35:00,2025-06-05T10:29:59
2017,12354,221,,0,2025-05-22T10:35:00,2025-06-05T10:29:59
2018,12355,220,,0,2025-05-22T10:35:00,2025-06-05T10:29:59
2019,0,129,shop#shop=1023,802000411,2025-05-30T10:35:00,2025-06-13T10:29:59
2020,12372,128,,802000412,2025-05-30T10:35:00,2025-06-13T10:29:59
2021,12367,230,,0,2025-05-30T10:35:00,2025-06-04T10:29:59
2022,12372,229,,0,2025-05-30T10:35:00,2025-06-13T10:29:59
2023,12373,228,,0,2025-05-30T10:35:00,2025-06-13T10:29:59
2024,12376,227,,0,2025-05-30T10:35:00,2025-06-13T10:29:59
2025,12374,226,,0,2025-05-30T10:35:00,2025-06-13T10:29:59
2026,12368,225,,0,2025-05-30T10:35:00,2025-06-13T10:29:59
2027,12385,134,,802000413,2025-06-05T10:35:00,2025-06-19T10:29:59
2028,12385,235,,0,2025-06-05T10:35:00,2025-06-19T10:29:59
2029,12386,234,,0,2025-06-05T10:35:00,2025-06-19T10:29:59
2030,12387,233,,0,2025-06-05T10:35:00,2025-06-19T10:29:59
2031,12378,232,,0,2025-06-05T10:35:00,2025-06-19T10:29:59
2032,12379,231,,0,2025-06-05T10:35:00,2025-06-19T10:29:59
2033,0,136,shop#shop=1023,802000414,2025-06-13T10:35:00,2025-06-27T10:29:59
2034,12400,135,,802000415,2025-06-13T10:35:00,2025-06-27T10:29:59
2035,12400,240,,0,2025-06-13T10:35:00,2025-06-27T10:29:59
2036,12394,239,,0,2025-06-13T10:35:00,2025-06-27T10:29:59
2037,12399,238,,0,2025-06-13T10:35:00,2025-06-27T10:29:59
2038,12393,237,,0,2025-06-13T10:35:00,2025-06-27T10:29:59
2039,12398,236,,0,2025-06-13T10:35:00,2025-06-27T10:29:59
2040,12409,139,,802000417,2025-06-20T10:35:00,2025-07-04T10:29:59
2041,12412,138,,802000416,2025-06-20T10:35:00,2025-07-04T10:29:59
2042,12404,244,,0,2025-06-20T10:35:00,2025-07-04T10:29:59
2043,12409,243,,0,2025-06-20T10:35:00,2025-07-04T10:29:59
2044,12412,242,,0,2025-06-20T10:35:00,2025-07-04T10:29:59
2045,12403,241,,0,2025-06-20T10:35:00,2025-07-04T10:29:59
2046,0,144,shop#shop=1023,802000418,2025-06-27T10:35:00,2025-07-11T10:29:59
2047,12424,143,,802000419,2025-06-27T10:35:00,2025-07-11T10:29:59
2048,12416,249,,0,2025-06-27T10:35:00,2025-07-03T10:29:59
2049,12424,248,,0,2025-06-27T10:35:00,2025-07-11T10:29:59
2050,12417,247,,0,2025-06-27T10:35:00,2025-07-11T10:29:59
2051,12421,246,,0,2025-06-27T10:35:00,2025-07-11T10:29:59
2052,12422,245,,0,2025-06-27T10:35:00,2025-07-11T10:29:59
2053,12433,39,,802000420,2025-07-04T10:35:00,2025-07-18T10:29:59
2054,12436,38,,802000421,2025-07-04T10:35:00,2025-07-18T10:29:59
2055,12436,129,,0,2025-07-04T10:35:00,2025-07-18T10:29:59
2056,12433,128,,0,2025-07-04T10:35:00,2025-07-18T10:29:59
2057,12434,127,,0,2025-07-04T10:35:00,2025-07-18T10:29:59
2058,12435,126,,0,2025-07-04T10:35:00,2025-07-18T10:29:59
2059,0,44,shop#shop=1023,802000422,2025-07-11T10:35:00,2025-07-25T10:29:59
2060,12445,43,,802000423,2025-07-11T10:35:00,2025-07-25T10:29:59
2061,12441,134,,0,2025-07-11T10:35:00,2025-07-17T10:29:59
2062,12449,133,,0,2025-07-11T10:35:00,2025-07-25T10:29:59
2063,12448,132,,0,2025-07-11T10:35:00,2025-07-25T10:29:59
2064,12445,131,,0,2025-07-11T10:35:00,2025-07-25T10:29:59
2065,12446,130,,0,2025-07-11T10:35:00,2025-07-25T10:29:59
2066,12457,49,,802000424,2025-07-18T10:35:00,2025-08-01T10:29:59
2067,12459,48,,802000425,2025-07-18T10:35:00,2025-08-01T10:29:59
2068,12457,139,,0,2025-07-18T10:35:00,2025-08-01T10:29:59
2069,12459,138,,0,2025-07-18T10:35:00,2025-08-01T10:29:59
2070,12450,137,,0,2025-07-18T10:35:00,2025-08-01T10:29:59
2071,12451,136,,0,2025-07-18T10:35:00,2025-08-01T10:29:59
2072,0,54,shop#shop=1023,802000426,2025-07-25T10:35:00,2025-08-08T10:29:59
2073,12472,53,,802000427,2025-07-25T10:35:00,2025-08-08T10:29:59
2074,12473,52,,802000428,2025-07-25T10:35:00,2025-08-08T10:29:59
2075,12463,144,,0,2025-07-25T10:35:00,2025-08-08T10:29:59
2076,12470,143,,0,2025-07-25T10:35:00,2025-08-08T10:29:59
2077,12472,142,,0,2025-07-25T10:35:00,2025-08-08T10:29:59
2078,12473,141,,0,2025-07-25T10:35:00,2025-08-08T10:29:59
2079,12467,140,,0,2025-07-25T10:35:00,2025-08-08T10:29:59
2080,12468,139,,0,2025-07-25T10:35:00,2025-08-08T10:29:59
2081,12479,59,,802000429,2025-07-31T10:35:00,2025-08-14T10:29:59
2082,12480,58,,802000430,2025-07-31T10:35:00,2025-08-14T10:29:59
2083,12480,149,,0,2025-07-31T10:35:00,2025-08-14T10:29:59
2084,12485,148,,0,2025-07-31T10:35:00,2025-08-14T10:29:59
2085,12479,147,,0,2025-07-31T10:35:00,2025-08-14T10:29:59
2086,12478,146,,0,2025-07-31T10:35:00,2025-08-14T10:29:59
2087,0,65,shop#shop=1023,802000431,2025-08-07T10:35:00,2025-08-21T10:29:59
2088,12493,64,,802000432,2025-08-07T10:35:00,2025-08-21T10:29:59
2089,12496,63,,802000433,2025-08-07T10:35:00,2025-08-21T10:29:59
2090,12498,62,,802000434,2025-08-07T10:35:00,2025-08-21T10:29:59
2091,12499,61,,802000435,2025-08-07T10:35:00,2025-08-21T10:29:59
2092,12501,60,,802000436,2025-08-07T10:35:00,2025-08-21T10:29:59
2093,12493,159,,0,2025-08-07T10:35:00,2025-08-21T10:29:59
2094,12494,158,,0,2025-08-07T10:35:00,2025-08-21T10:29:59
2095,12495,157,,0,2025-08-07T10:35:00,2025-08-21T10:29:59
2096,12496,156,,0,2025-08-07T10:35:00,2025-08-21T10:29:59
2097,12498,155,,0,2025-08-07T10:35:00,2025-08-21T10:29:59
2098,12499,154,,0,2025-08-07T10:35:00,2025-08-21T10:29:59
2099,12501,153,,0,2025-08-07T10:35:00,2025-08-21T10:29:59
2100,0,69,shop#shop=1023,802000437,2025-08-14T10:35:00,2025-08-28T10:29:59
2101,12511,68,,802000438,2025-08-14T10:35:00,2025-08-28T10:29:59
2102,12513,67,,802000439,2025-08-14T10:35:00,2025-08-28T10:29:59
2103,12511,165,,0,2025-08-14T10:35:00,2025-08-28T10:29:59
2104,12512,164,,0,2025-08-14T10:35:00,2025-08-28T10:29:59
2105,12508,163,,0,2025-08-14T10:35:00,2025-08-20T10:29:59
2106,12513,162,,0,2025-08-14T10:35:00,2025-08-28T10:29:59
2107,12514,161,,0,2025-08-14T10:35:00,2025-08-28T10:29:59
2108,12515,160,,0,2025-08-14T10:35:00,2025-08-28T10:29:59
2109,40097,74,,802000440,2025-08-21T10:35:00,2025-08-27T10:29:59
2110,40098,73,,802000441,2025-08-21T10:35:00,2025-09-04T10:29:59
2111,40097,169,,0,2025-08-21T10:35:00,2025-08-27T10:29:59
2112,40098,168,,0,2025-08-21T10:35:00,2025-09-04T10:29:59
2113,0,79,shop#shop=1023,802000442,2025-08-29T10:35:00,2025-09-12T10:29:59
2114,12536,78,,802000443,2025-08-29T10:35:00,2025-09-12T10:29:59
2115,12536,174,,0,2025-08-29T10:35:00,2025-09-12T10:29:59
2116,12532,173,,0,2025-08-29T10:35:00,2025-09-04T10:29:59
2117,12535,172,,0,2025-08-29T10:35:00,2025-09-12T10:29:59
2118,12531,171,,0,2025-08-29T10:35:00,2025-09-12T10:29:59
2119,12538,81,,802000444,2025-09-05T10:35:00,2025-09-19T10:29:59
2120,12538,179,,0,2025-09-05T10:35:00,2025-09-19T10:29:59
2121,12539,178,,0,2025-09-05T10:35:00,2025-09-19T10:29:59
2122,12540,177,,0,2025-09-05T10:35:00,2025-09-19T10:29:59
2123,12546,84,,802000447,2025-09-12T10:35:00,2025-09-26T10:29:59
2124,12547,83,,802000448,2025-09-12T10:35:00,2025-09-26T10:29:59
2125,12543,184,,0,2025-09-12T10:35:00,2025-09-26T10:29:59
2126,12546,183,,0,2025-09-12T10:35:00,2025-09-26T10:29:59
2127,12547,182,,0,2025-09-12T10:35:00,2025-09-26T10:29:59
2128,0,91,shop#shop=1023,802000445,2025-09-17T10:35:00,2025-10-01T10:29:59
2129,12555,90,,802000446,2025-09-17T10:35:00,2025-10-01T10:29:59
2130,12551,189,,0,2025-09-17T10:35:00,2025-09-25T10:29:59
2131,12555,188,,0,2025-09-17T10:35:00,2025-10-01T10:29:59
2132,12553,187,,0,2025-09-17T10:35:00,2025-10-01T10:29:59
2133,12554,186,,0,2025-09-17T10:35:00,2025-10-01T10:29:59
2134,0,94,shop#shop=1023,802000449,2025-09-26T10:35:00,2025-10-10T10:29:59
2135,12564,93,,802000450,2025-09-26T10:35:00,2025-10-10T10:29:59
2136,12564,194,,0,2025-09-26T10:35:00,2025-10-10T10:29:59
2137,12563,193,,0,2025-09-26T10:35:00,2025-10-10T10:29:59
2138,12565,192,,0,2025-09-26T10:35:00,2025-10-10T10:29:59
2139,12559,191,,0,2025-09-26T10:35:00,2025-10-02T10:29:59
2140,12569,96,,802000451,2025-10-03T10:35:00,2025-10-17T10:29:59
2141,12566,199,,0,2025-10-03T10:35:00,2025-10-17T10:29:59
2142,12567,198,,0,2025-10-03T10:35:00,2025-10-17T10:29:59
2143,12569,197,,0,2025-10-03T10:35:00,2025-10-17T10:29:59
2144,0,99,shop#shop=1023,802000452,2025-10-10T10:35:00,2025-10-24T10:29:59
2145,12575,98,,802000453,2025-10-10T10:35:00,2025-10-24T10:29:59
2146,12575,204,,0,2025-10-10T10:35:00,2025-10-24T10:29:59
2147,12574,203,,0,2025-10-10T10:35:00,2025-10-24T10:29:59
2148,12578,202,,0,2025-10-10T10:35:00,2025-10-24T10:29:59
2149,12579,201,,0,2025-10-10T10:35:00,2025-10-24T10:29:59
2150,12583,116,,802000454,2025-10-17T10:35:00,2025-10-31T10:29:59
2151,12584,115,,802000455,2025-10-17T10:35:00,2025-10-31T10:29:59
2152,12583,209,,0,2025-10-17T10:35:00,2025-10-31T10:29:59
2153,12584,208,,0,2025-10-17T10:35:00,2025-10-31T10:29:59
2154,12580,207,,0,2025-10-17T10:35:00,2025-10-31T10:29:59
2155,0,119,shop#shop=1023,802000456,2025-10-23T10:35:00,2025-11-04T10:29:59
2156,12593,118,,802000457,2025-10-23T10:35:00,2025-11-04T10:29:59
2157,12595,117,,802000458,2025-10-23T10:35:00,2025-11-04T10:29:59
2158,12595,214,,0,2025-10-23T10:35:00,2025-11-04T10:29:59
2159,12589,213,,0,2025-10-23T10:35:00,2025-11-04T10:29:59
2160,12592,212,,0,2025-10-23T10:35:00,2025-11-04T10:29:59
2161,12590,211,,0,2025-10-23T10:35:00,2025-11-04T10:29:59
2162,12591,210,,0,2025-10-23T10:35:00,2025-11-04T10:29:59
2163,0,1,https://shingeki-bo.enish.com/,802000468,2025-10-30T10:35:00,2026-08-28T10:29:59
2164,0,123,shop#shop=1023,802000459,2025-10-30T10:35:00,2025-11-13T10:29:59
2165,12606,122,,802000460,2025-10-30T10:35:00,2025-11-13T10:29:59
2166,12610,121,,802000461,2025-10-30T10:35:00,2025-11-13T10:29:59
2167,12610,219,,0,2025-10-30T10:35:00,2025-11-13T10:29:59
2168,12606,218,,0,2025-10-30T10:35:00,2025-11-13T10:29:59
2169,12607,126,,802000430,2025-11-05T10:35:00,2025-11-19T10:29:59
2170,12602,224,,0,2025-11-05T10:35:00,2025-11-19T10:29:59
2171,12607,223,,0,2025-11-05T10:35:00,2025-11-19T10:29:59
2172,0,134,shop#shop=1023,802000462,2025-11-10T10:35:00,2025-12-01T10:29:59
2173,12622,133,,802000463,2025-11-10T10:35:00,2025-11-24T10:29:59
2174,12625,132,,802000464,2025-11-10T10:35:00,2025-11-24T10:29:59
2175,12627,131,,802000465,2025-11-10T10:35:00,2025-11-24T10:29:59
2176,12628,130,,802000466,2025-11-10T10:35:00,2025-11-24T10:29:59
2177,12630,129,,802000467,2025-11-10T10:35:00,2025-11-24T10:29:59
2178,12622,234,,0,2025-11-10T10:35:00,2025-11-24T10:29:59
2179,12623,233,,0,2025-11-10T10:35:00,2025-11-24T10:29:59
2180,12624,232,,0,2025-11-10T10:35:00,2025-11-24T10:29:59
2181,12625,231,,0,2025-11-10T10:35:00,2025-11-24T10:29:59
2182,12627,230,,0,2025-11-10T10:35:00,2025-11-24T10:29:59
2183,12628,229,,0,2025-11-10T10:35:00,2025-11-24T10:29:59
2184,12630,228,,0,2025-11-10T10:35:00,2025-11-24T10:29:59
2185,0,139,shop#shop=1023,802000470,2025-11-18T10:35:00,2025-12-09T10:29:59
2186,12642,138,,802000471,2025-11-18T10:35:00,2025-12-02T10:29:59
2187,12644,137,,802000472,2025-11-18T10:35:00,2025-12-02T10:29:59
2188,40099,136,,802000473,2025-11-18T10:35:00,2025-11-26T22:00:00
2189,40100,135,,802000474,2025-11-18T10:35:00,2025-12-02T10:29:59
2190,12642,241,,0,2025-11-18T10:35:00,2025-12-02T10:29:59
2191,12643,240,,0,2025-11-18T10:35:00,2025-12-02T10:29:59
2192,12639,239,,0,2025-11-18T10:35:00,2025-12-02T10:29:59
2193,12644,238,,0,2025-11-18T10:35:00,2025-12-02T10:29:59
2194,12645,237,,0,2025-11-18T10:35:00,2025-12-02T10:29:59
2195,12646,236,,0,2025-11-18T10:35:00,2025-12-02T10:29:59
2196,0,144,shop#shop=1023,802000475,2025-11-28T10:35:00,2025-12-12T10:29:59
2197,12657,143,,802000476,2025-11-28T10:35:00,2025-12-12T10:29:59
2198,12653,249,,0,2025-11-28T10:35:00,2025-12-12T10:29:59
2199,12657,248,,0,2025-11-28T10:35:00,2025-12-12T10:29:59
2200,12651,247,,0,2025-11-28T10:35:00,2025-12-12T10:29:59
2201,12656,246,,0,2025-11-28T10:35:00,2025-12-12T10:29:59
2202,12654,245,,0,2025-11-28T10:35:00,2025-12-12T10:29:59
2203,12661,30,,802000477,2025-12-05T10:35:00,2025-12-19T10:29:59
2204,12662,29,,802000478,2025-12-05T10:35:00,2025-12-19T10:29:59
2205,12661,69,,0,2025-12-05T10:35:00,2025-12-19T10:29:59
2206,12662,68,,0,2025-12-05T10:35:00,2025-12-19T10:29:59
2207,0,34,shop#shop=1023,802000479,2025-12-12T10:35:00,2025-12-26T10:29:59
2208,12668,33,,802000480,2025-12-12T10:35:00,2025-12-26T10:29:59
2209,12668,74,,0,2025-12-12T10:35:00,2025-12-26T10:29:59
2210,12667,73,,0,2025-12-12T10:35:00,2025-12-26T10:29:59
2211,12672,72,,0,2025-12-12T10:35:00,2025-12-26T10:29:59
2212,12673,71,,0,2025-12-12T10:35:00,2025-12-26T10:29:59
2213,12677,39,,802000481,2025-12-19T10:35:00,2026-01-02T10:29:59
2214,12676,38,,802000482,2025-12-19T10:35:00,2026-01-02T10:29:59
2215,12677,79,,0,2025-12-19T10:35:00,2026-01-02T10:29:59
2216,12678,78,,0,2025-12-19T10:35:00,2026-01-02T10:29:59
2217,12679,77,,0,2025-12-19T10:35:00,2026-01-02T10:29:59
2218,12676,76,,0,2025-12-19T10:35:00,2026-01-02T10:29:59
2219,0,44,shop#shop=1023,802000483,2025-12-29T10:35:00,2026-01-12T10:29:59
2220,12693,43,,802000484,2025-12-29T10:35:00,2026-01-12T10:29:59
2221,12693,84,,0,2025-12-29T10:35:00,2026-01-12T10:29:59
2222,12691,83,,0,2025-12-29T10:35:00,2026-01-12T10:29:59
2223,12692,82,,0,2025-12-29T10:35:00,2026-01-12T10:29:59
2224,12685,81,,0,2025-12-29T10:35:00,2026-01-12T10:29:59
2225,12686,80,,0,2025-12-29T10:35:00,2026-01-12T10:29:59
2226,12694,49,,802000485,2026-01-01T00:00:00,2026-01-13T10:29:59
2227,12697,48,,802000486,2026-01-01T00:00:00,2026-01-13T10:29:59
2228,12694,89,,0,2026-01-01T00:00:00,2026-01-13T10:29:59
2229,12697,88,,0,2026-01-01T00:00:00,2026-01-13T10:29:59
2230,12695,87,,0,2026-01-01T00:00:00,2026-01-13T10:29:59
2231,12699,86,,0,2026-01-01T00:00:00,2026-01-13T10:29:59
2232,12696,85,,0,2026-01-01T00:00:00,2026-01-13T10:29:59
2233,12709,51,,802000487,2026-01-06T10:35:00,2026-01-20T10:29:59
2234,12705,91,,0,2026-01-06T10:35:00,2026-01-20T10:29:59
2235,12706,90,,0,2026-01-06T10:35:00,2026-01-20T10:29:59
2236,0,55,shop#shop=1023,802000488,2026-01-13T10:35:00,2026-01-27T10:29:59
2237,12714,54,,802000489,2026-01-13T10:35:00,2026-01-27T10:29:59
2238,12719,53,,802000490,2026-01-13T10:35:00,2026-01-27T10:29:59
2239,12721,52,,802000491,2026-01-13T10:35:00,2026-01-27T10:29:59
2240,12721,95,,0,2026-01-13T10:35:00,2026-01-27T10:29:59
2241,12714,94,,0,2026-01-13T10:35:00,2026-01-27T10:29:59
2242,12717,93,,0,2026-01-13T10:35:00,2026-01-27T10:29:59
2243,12718,92,,0,2026-01-13T10:35:00,2026-01-27T10:29:59
2244,12725,59,,802000493,2026-01-20T10:35:00,2026-02-03T10:29:59
2245,12726,58,,802000492,2026-01-20T10:35:00,2026-02-03T10:29:59
2246,12723,97,,0,2026-01-20T10:35:00,2026-02-03T10:29:59
2247,12725,96,,0,2026-01-20T10:35:00,2026-02-03T10:29:59
2248,12726,95,,0,2026-01-20T10:35:00,2026-02-03T10:29:59
2249,0,64,shop#shop=1023,802000494,2026-01-27T10:35:00,2026-02-10T10:29:59
2250,12735,63,,802000495,2026-01-27T10:35:00,2026-02-10T10:29:59
2251,12731,104,,0,2026-01-27T10:35:00,2026-02-10T10:29:59
2252,12736,103,,0,2026-01-27T10:35:00,2026-02-10T10:29:59
2253,12737,102,,0,2026-01-27T10:35:00,2026-02-10T10:29:59
2254,12732,101,,0,2026-01-27T10:35:00,2026-02-10T10:29:59
2255,12743,66,,802000496,2026-02-03T10:35:00,2026-02-17T10:29:59
2256,12741,109,,0,2026-02-03T10:35:00,2026-02-17T10:29:59
2257,12743,108,,0,2026-02-03T10:35:00,2026-02-17T10:29:59
2258,12746,107,,0,2026-02-03T10:35:00,2026-02-17T10:29:59
2259,12742,106,,0,2026-02-03T10:35:00,2026-02-17T10:29:59
2260,0,74,shop#shop=1023,802000497,2026-02-10T10:35:00,2026-02-24T10:29:59
2261,12754,73,,802000498,2026-02-10T10:35:00,2026-02-24T10:29:59
2262,12757,72,,802000499,2026-02-10T10:35:00,2026-02-24T10:29:59
2263,12759,71,,802000500,2026-02-10T10:35:00,2026-02-24T10:29:59
2264,12760,70,,802000501,2026-02-10T10:35:00,2026-02-24T10:29:59
2265,12762,69,,802000502,2026-02-10T10:35:00,2026-02-24T10:29:59
2266,12754,119,,0,2026-02-10T10:35:00,2026-02-24T10:29:59
2267,12755,118,,0,2026-02-10T10:35:00,2026-02-24T10:29:59
2268,12756,117,,0,2026-02-10T10:35:00,2026-02-24T10:29:59
2269,12757,116,,0,2026-02-10T10:35:00,2026-02-24T10:29:59
2270,12759,115,,0,2026-02-10T10:35:00,2026-02-24T10:29:59
2271,12760,114,,0,2026-02-10T10:35:00,2026-02-24T10:29:59
2272,12762,113,,0,2026-02-10T10:35:00,2026-02-24T10:29:59
2273,0,79,shop#shop=1023,802000503,2026-02-17T10:35:00,2026-03-03T10:29:59
2274,12773,78,,802000504,2026-02-17T10:35:00,2026-03-03T10:29:59
2275,12775,77,,802000505,2026-02-17T10:35:00,2026-03-03T10:29:59
2276,40103,76,,802000506,2026-02-17T10:35:00,2026-02-25T22:00:00
2277,40104,75,,802000507,2026-02-17T10:35:00,2026-03-03T10:29:59
2278,12773,129,,0,2026-02-17T10:35:00,2026-03-03T10:29:59
2279,12774,128,,0,2026-02-17T10:35:00,2026-03-03T10:29:59
2280,12770,127,,0,2026-02-17T10:35:00,2026-03-03T10:29:59
2281,12775,126,,0,2026-02-17T10:35:00,2026-03-03T10:29:59
2282,12776,125,,0,2026-02-17T10:35:00,2026-03-03T10:29:59
2283,12777,124,,0,2026-02-17T10:35:00,2026-03-03T10:29:59
2284,0,84,shop#shop=1023,802000508,2026-02-27T10:35:00,2026-03-13T10:29:59
2285,12785,83,,802000509,2026-02-27T10:35:00,2026-03-13T10:29:59
2286,12785,134,,0,2026-02-27T10:35:00,2026-03-13T10:29:59
2287,12786,133,,0,2026-02-27T10:35:00,2026-03-13T10:29:59
2288,12784,132,,0,2026-02-27T10:35:00,2026-03-13T10:29:59
2289,12788,131,,0,2026-02-27T10:35:00,2026-03-13T10:29:59
2290,12793,89,,802000510,2026-03-06T10:35:00,2026-03-20T10:29:59
2291,12790,139,,0,2026-03-06T10:35:00,2026-03-20T10:29:59
2292,12791,138,,0,2026-03-06T10:35:00,2026-03-20T10:29:59
2293,0,94,shop#shop=1023,802000511,2026-03-13T10:35:00,2026-03-27T10:29:59
2294,12800,93,,802000512,2026-03-13T10:35:00,2026-03-27T10:29:59
2295,12800,144,,0,2026-03-13T10:35:00,2026-03-27T10:29:59
2296,12799,143,,0,2026-03-13T10:35:00,2026-03-27T10:29:59
2297,12804,142,,0,2026-03-13T10:35:00,2026-03-27T10:29:59
2298,12808,99,,802000513,2026-03-19T10:35:00,2026-04-02T10:29:59
2299,12809,98,,802000514,2026-03-19T10:35:00,2026-04-02T10:29:59
2300,12806,149,,0,2026-03-19T10:35:00,2026-04-02T10:29:59
2301,12808,148,,0,2026-03-19T10:35:00,2026-04-02T10:29:59
2302,12809,147,,0,2026-03-19T10:35:00,2026-04-02T10:29:59
2303,0,104,shop#shop=1023,802000515,2026-03-27T10:35:00,2026-04-10T10:29:59
2304,12821,103,,802000516,2026-03-27T10:35:00,2026-04-10T10:29:59
2305,12821,154,,0,2026-03-27T10:35:00,2026-04-10T10:29:59
2306,12815,153,,0,2026-03-27T10:35:00,2026-04-10T10:29:59
2307,12818,152,,0,2026-03-27T10:35:00,2026-04-10T10:29:59
2308,12820,151,,0,2026-03-27T10:35:00,2026-04-10T10:29:59
2309,12825,109,,802000517,2026-04-03T10:35:00,2026-04-17T10:29:59
2310,12822,159,,0,2026-04-03T10:35:00,2026-04-17T10:29:59
2311,12823,158,,0,2026-04-03T10:35:00,2026-04-17T10:29:59
2312,0,114,shop#shop=1023,802000518,2026-04-10T10:35:00,2026-04-24T10:29:59
2313,12832,113,,802000519,2026-04-10T10:35:00,2026-04-24T10:29:59
2314,12836,112,,802000520,2026-04-10T10:35:00,2026-04-24T10:29:59
2315,12838,111,,802000521,2026-04-10T10:35:00,2026-04-24T10:29:59
2316,12838,164,,0,2026-04-10T10:35:00,2026-04-24T10:29:59
2317,12831,163,,0,2026-04-10T10:35:00,2026-04-24T10:29:59
2318,12832,162,,0,2026-04-10T10:35:00,2026-04-24T10:29:59
2319,12845,119,,802000522,2026-04-17T10:35:00,2026-05-01T10:29:59
2320,12843,169,,0,2026-04-17T10:35:00,2026-05-01T10:29:59
2321,12845,168,,0,2026-04-17T10:35:00,2026-05-01T10:29:59
2322,12844,167,,0,2026-04-17T10:35:00,2026-05-01T10:29:59
2323,12846,166,,0,2026-04-17T10:35:00,2026-05-01T10:29:59
2324,0,125,shop#shop=1023,802000523,2026-04-24T10:35:00,2026-05-15T10:29:59
2325,12855,124,,802000524,2026-04-24T10:35:00,2026-05-08T10:29:59
2326,12858,123,,802000525,2026-04-24T10:35:00,2026-05-08T10:29:59
2327,12860,122,,802000526,2026-04-24T10:35:00,2026-05-08T10:29:59
2328,12861,121,,802000527,2026-04-24T10:35:00,2026-05-08T10:29:59
2329,12863,120,,802000528,2026-04-24T10:35:00,2026-05-08T10:29:59
2330,12855,178,,0,2026-04-24T10:35:00,2026-05-08T10:29:59
2331,12856,177,,0,2026-04-24T10:35:00,2026-05-08T10:29:59
2332,12857,176,,0,2026-04-24T10:35:00,2026-05-08T10:29:59
2333,12858,175,,0,2026-04-24T10:35:00,2026-05-08T10:29:59
2334,12860,174,,0,2026-04-24T10:35:00,2026-05-08T10:29:59
2335,12861,173,,0,2026-04-24T10:35:00,2026-05-08T10:29:59
2336,12863,172,,0,2026-04-24T10:35:00,2026-05-08T10:29:59
2337,0,129,shop#shop=1023,802000529,2026-05-01T10:35:00,2026-05-22T10:29:59
2338,12873,128,,802000530,2026-05-01T10:35:00,2026-05-15T10:29:59
2339,12875,127,,802000531,2026-05-01T10:35:00,2026-05-15T10:29:59
2340,12873,185,,0,2026-05-01T10:35:00,2026-05-15T10:29:59
2341,12874,184,,0,2026-05-01T10:35:00,2026-05-15T10:29:59
2342,12870,183,,0,2026-05-01T10:35:00,2026-05-15T10:29:59
2343,12875,182,,0,2026-05-01T10:35:00,2026-05-15T10:29:59
2344,12876,181,,0,2026-05-01T10:35:00,2026-05-15T10:29:59
2345,12877,180,,0,2026-05-01T10:35:00,2026-05-15T10:29:59
2346,12885,134,,802000532,2026-05-07T10:35:00,2026-05-21T10:29:59
2347,40105,133,,802000533,2026-05-07T10:35:00,2026-05-13T21:59:59
2348,40106,132,,802000534,2026-05-07T10:35:00,2026-05-21T10:29:59
2349,40105,189,,0,2026-05-07T10:35:00,2026-05-13T21:59:59
2350,40106,188,,0,2026-05-07T10:35:00,2026-05-21T10:29:59
2351,0,139,shop#shop=1023,802000535,2026-05-15T10:35:00,2026-05-29T10:29:59
2352,12892,138,,802000536,2026-05-15T10:35:00,2026-05-29T10:29:59
2353,12892,194,,0,2026-05-15T10:35:00,2026-05-29T10:29:59
2354,12891,193,,0,2026-05-15T10:35:00,2026-05-29T10:29:59
2355,12896,192,,0,2026-05-15T10:35:00,2026-05-29T10:29:59
2356,12899,144,,802000538,2026-05-22T10:35:00,2026-06-05T10:29:59
2357,12900,143,,802000537,2026-05-22T10:35:00,2026-06-05T10:29:59
2358,12898,199,,0,2026-05-22T10:35:00,2026-06-05T10:29:59
2359,12899,198,,0,2026-05-22T10:35:00,2026-06-05T10:29:59
2360,12900,197,,0,2026-05-22T10:35:00,2026-06-05T10:29:59
2361,0,149,shop#shop=1023,802000539,2026-06-01T10:35:00,2026-06-15T10:29:59
2362,12912,148,,802000540,2026-06-01T10:35:00,2026-06-15T10:29:59
2363,12912,204,,0,2026-06-01T10:35:00,2026-06-15T10:29:59
2364,12906,203,,0,2026-06-01T10:35:00,2026-06-15T10:29:59
2365,12909,202,,0,2026-06-01T10:35:00,2026-06-15T10:29:59
2366,12911,201,,0,2026-06-01T10:35:00,2026-06-15T10:29:59
2367,12916,154,,802000541,2026-06-08T10:35:00,2026-06-22T10:29:59
2368,12913,209,,0,2026-06-08T10:35:00,2026-06-22T10:29:59
2369,12914,208,,0,2026-06-08T10:35:00,2026-06-22T10:29:59
2370,0,159,shop#shop=1023,802000542,2026-06-16T10:35:00,2026-06-29T10:29:59
2371,12923,158,,802000543,2026-06-16T10:35:00,2026-06-29T10:29:59
2372,12923,214,,0,2026-06-16T10:35:00,2026-06-29T10:29:59
2373,12922,213,,0,2026-06-16T10:35:00,2026-06-29T10:29:59
2374,12926,212,,0,2026-06-16T10:35:00,2026-06-29T10:29:59
2375,12930,164,,802000544,2026-06-22T10:35:00,2026-07-06T10:29:59
2376,12931,163,,802000545,2026-06-22T10:35:00,2026-07-06T10:29:59
2377,12929,219,,0,2026-06-22T10:35:00,2026-07-06T10:29:59
2378,12930,218,,0,2026-06-22T10:35:00,2026-07-06T10:29:59
2379,12931,217,,0,2026-06-22T10:35:00,2026-07-06T10:29:59
2380,0,129,shop#shop=1023,802000546,2026-06-29T10:35:00,2026-07-13T10:29:59
2381,12943,128,,802000547,2026-06-29T10:35:00,2026-07-13T10:29:59
2382,12944,127,,802000548,2026-06-29T10:35:00,2026-07-13T10:29:59
2383,12946,126,,802000549,2026-06-29T10:35:00,2026-07-13T10:29:59
2384,12946,39,,0,2026-06-29T10:35:00,2026-07-13T10:29:59
2385,12943,38,,0,2026-06-29T10:35:00,2026-07-13T10:29:59
2386,12937,37,,0,2026-06-29T10:35:00,2026-07-13T10:29:59
2387,12940,36,,0,2026-06-29T10:35:00,2026-07-13T10:29:59
2388,12942,35,,0,2026-06-29T10:35:00,2026-07-13T10:29:59
2389,12954,139,,802000550,2026-07-07T10:35:00,2026-07-21T10:29:59
2390,12952,49,,0,2026-07-07T10:35:00,2026-07-21T10:29:59
2391,12954,48,,0,2026-07-07T10:35:00,2026-07-21T10:29:59
2392,12953,47,,0,2026-07-07T10:35:00,2026-07-21T10:29:59
2393,12955,46,,0,2026-07-07T10:35:00,2026-07-21T10:29:59
2394,0,149,shop#shop=1023,802000599,2026-07-14T10:35:00,2026-08-03T10:29:59
2395,12964,148,,802000551,2026-07-14T10:35:00,2026-08-03T10:29:59
2396,12967,147,,802000552,2026-07-14T10:35:00,2026-08-03T10:29:59
2397,12969,146,,802000553,2026-07-14T10:35:00,2026-08-03T10:29:59
2398,12970,145,,802000554,2026-07-14T10:35:00,2026-08-03T10:29:59
2399,12972,144,,802000555,2026-07-14T10:35:00,2026-08-03T10:29:59
2400,12964,59,,0,2026-07-14T10:35:00,2026-08-03T10:29:59
2401,12965,58,,0,2026-07-14T10:35:00,2026-08-03T10:29:59
2402,12966,57,,0,2026-07-14T10:35:00,2026-08-03T10:29:59
2403,12967,56,,0,2026-07-14T10:35:00,2026-08-03T10:29:59
2404,12969,55,,0,2026-07-14T10:35:00,2026-08-03T10:29:59
2405,12970,54,,0,2026-07-14T10:35:00,2026-08-03T10:29:59
2406,12972,53,,0,2026-07-14T10:35:00,2026-08-03T10:29:59
2407,0,159,shop#shop=1023,802000556,2026-07-22T10:35:00,2026-08-11T10:29:59
2408,12982,158,,802000557,2026-07-22T10:35:00,2026-08-11T10:29:59
2409,12984,157,,802000558,2026-07-22T10:35:00,2026-08-11T10:29:59
2410,12982,69,,0,2026-07-22T10:35:00,2026-08-11T10:29:59
2411,12983,68,,0,2026-07-22T10:35:00,2026-08-11T10:29:59
2412,12979,67,,0,2026-07-22T10:35:00,2026-08-11T10:29:59
2413,12984,66,,0,2026-07-22T10:35:00,2026-08-11T10:29:59
2414,12985,65,,0,2026-07-22T10:35:00,2026-08-11T10:29:59
2415,12986,64,,0,2026-07-22T10:35:00,2026-08-11T10:29:59
2416,40107,169,,802000559,2026-07-30T10:35:00,2026-08-05T22:00:00
2417,40108,168,,802000560,2026-07-30T10:35:00,2026-08-12T10:29:59
2418,40107,79,,0,2026-07-30T10:35:00,2026-08-05T22:00:00
2419,40108,78,,0,2026-07-30T10:35:00,2026-08-12T10:29:59
2420,0,179,shop#shop=1023,802000561,2026-08-06T10:35:00,2026-08-13T10:29:59
2421,12999,178,,802000562,2026-08-06T10:35:00,2026-08-13T10:29:59
2422,16005,177,,802000563,2026-08-06T10:35:00,2026-08-13T10:29:59
2423,16007,176,,802000564,2026-08-06T10:35:00,2026-08-13T10:29:59
2424,12999,89,,0,2026-08-06T10:35:00,2026-08-13T10:29:59
2425,12998,88,,0,2026-08-06T10:35:00,2026-08-13T10:29:59
2426,16002,87,,0,2026-08-06T10:35:00,2026-08-13T10:29:59
2427,16007,86,,0,2026-08-06T10:35:00,2026-08-13T10:29:59
