id,text_name,text_description,type,product_id,reward_group_id,guild_reward_group_id,special_reward_group_id,bonus_reward_group_id,first_buy_reward_group_id,advertising_id,bonus_mileage,shop_id,display_primary_num,release_condition_type,release_condition_value,release_condition_id,limit_type,guild_shop_rule,job_id,limit_count,free_count,free_interval,beginner_limit_hour,open_date,close_date,sales_stop_date,open_job_lv,open_shop_mission_id,resource_id,effect,label_group_id,display_rate_flag,display_random_box_rate_flag,display_select_box_flag
10001,7200008,7210009,1,crow10001_1,3102021,0,0,0,0,0,0,1025,80,0,0,0,0,0,0,1,0,0,0,2018-01-01T00:00:00,2026-08-28T10:29:59,2100-12-01T00:00:00,16,0,800010001,0,1,0,0,0
10002,7200013,7210010,1,0,3102024,0,0,0,0,0,0,1002,3,0,0,0,2,0,0,1,0,0,0,2019-10-18T00:00:00,2100-12-31T00:00:00,2100-12-01T00:00:00,0,0,800010002,0,0,0,0,0
10003,7200069,7210042,1,crow10003_1,3102025,0,0,0,0,0,0,1002,3,0,0,0,2,0,0,1,0,0,0,2019-10-18T00:00:00,2025-08-21T10:29:59,2100-12-01T00:00:00,0,0,800010003,0,0,0,0,0
10004,7200070,7210043,1,crow10004_1,3102026,0,0,0,0,0,0,1002,1,0,0,0,2,0,0,3,0,0,0,2019-10-18T00:00:00,2025-08-21T10:29:59,2100-12-01T00:00:00,0,0,800010004,0,0,0,0,0
10005,7200071,7210044,1,crow10005_1,3102027,0,0,0,0,0,0,1002,6,0,0,0,1,0,0,1,0,0,0,2019-10-18T00:00:00,2025-08-21T10:29:59,2100-12-01T00:00:00,0,0,800010005,0,0,0,0,0
10006,7200072,7210045,1,crow10006_1,3102028,0,0,0,0,0,0,1002,4,0,0,0,3,0,0,1,0,0,0,2019-10-18T00:00:00,2026-08-28T10:29:59,2100-12-01T00:00:00,0,0,800010006,0,0,0,0,0
10007,7200079,7210018,1,crow10007_2,3102022,0,0,0,0,0,0,1025,80,0,0,0,0,0,0,1,0,0,0,2018-01-01T00:00:00,2026-08-28T10:29:59,2100-12-01T00:00:00,44,0,800010007,0,1,0,0,0
10008,7200080,7210019,1,crow10008_1,3102023,0,0,0,0,0,0,1025,80,0,0,0,0,0,0,1,0,0,0,2018-01-01T00:00:00,2026-08-28T10:29:59,2100-12-01T00:00:00,73,0,800010008,0,1,0,0,0
10009,7200089,7210020,1,crow10009_1,3105001,0,0,0,0,0,0,1005,1,0,0,0,3,0,0,1,0,0,0,2018-01-01T00:00:00,2026-08-28T10:29:59,2100-12-01T00:00:00,0,0,800010009,0,0,0,0,0
10010,7200090,7210021,1,crow10010_1,3105002,0,0,0,0,0,0,1005,1,0,0,0,3,0,0,1,0,0,0,2018-01-01T00:00:00,2026-08-28T10:29:59,2100-12-01T00:00:00,0,0,800010010,0,0,0,0,0
10011,7200091,7210022,1,crow10011_1,3105003,0,0,0,0,0,0,1005,1,0,0,0,3,0,0,1,0,0,0,2018-01-01T00:00:00,2026-08-28T10:29:59,2100-12-01T00:00:00,0,0,800010011,0,0,0,0,0
10012,7200092,7210023,1,crow10012_1,3105004,0,0,0,0,0,0,1005,1,0,0,0,3,0,0,1,0,0,0,2018-01-01T00:00:00,2026-08-28T10:29:59,2100-12-01T00:00:00,0,0,800010012,0,0,0,0,0
10013,7200093,7210024,1,crow10013_1,3105005,0,0,0,0,0,0,1005,1,0,0,0,3,0,0,1,0,0,0,2018-01-01T00:00:00,2026-08-28T10:29:59,2100-12-01T00:00:00,0,0,800010013,0,0,0,0,0
10014,7200094,7210025,1,crow10014_1,3105006,0,0,0,0,0,0,1005,1,0,0,0,0,0,0,0,0,0,0,2018-01-01T00:00:00,2026-08-28T10:29:59,2100-12-01T00:00:00,0,0,800010014,0,0,0,0,0
10015,7200095,7210026,1,crow10015_1,3105007,0,0,0,0,0,0,1005,1,0,0,0,0,0,0,0,0,0,0,2018-01-01T00:00:00,2026-08-28T10:29:59,2100-12-01T00:00:00,0,0,800010015,0,0,0,0,0
10016,7200096,7210027,1,crow10016_1,3105008,0,0,0,0,0,0,1005,1,0,0,0,0,0,0,0,0,0,0,2018-01-01T00:00:00,2026-08-28T10:29:59,2100-12-01T00:00:00,0,0,800010016,0,0,0,0,0
10017,7200097,7210028,1,crow10017_1,3105009,0,0,0,0,0,0,1005,1,0,0,0,0,0,0,0,0,0,0,2018-01-01T00:00:00,2026-08-28T10:29:59,2100-12-01T00:00:00,0,0,800010017,0,0,0,0,0
10018,7200098,7210029,1,crow10018_1,3105010,0,0,0,0,0,0,1005,1,0,0,0,0,0,0,0,0,0,0,2018-01-01T00:00:00,2026-08-28T10:29:59,2100-12-01T00:00:00,0,0,800010018,0,0,0,0,0
10019,7200099,7210030,1,crow10019_1,3105011,0,0,0,0,0,0,1005,1,0,0,0,0,0,0,0,0,0,0,2018-01-01T00:00:00,2026-08-28T10:29:59,2100-12-01T00:00:00,0,0,800010019,0,0,0,0,0
10020,7200100,7210031,1,crow10020_1,3105012,0,0,0,0,0,0,1005,1,0,0,0,0,0,0,0,0,0,0,2018-01-01T00:00:00,2026-08-28T10:29:59,2100-12-01T00:00:00,0,0,800010020,0,0,0,0,0
10021,7200106,7210036,1,0,3106001,0,0,0,0,0,0,1006,1,0,0,0,0,0,0,0,0,0,0,2018-01-01T00:00:00,2100-12-31T00:00:00,2100-12-01T00:00:00,0,0,800010021,0,0,0,0,0
10022,7200107,7210037,1,0,3106002,0,0,0,0,0,0,1006,1,0,0,0,0,0,0,0,0,0,0,2018-01-01T00:00:00,2100-12-31T00:00:00,2100-12-01T00:00:00,0,0,800010022,0,0,0,0,0
10023,7200108,7210038,1,0,3106003,0,0,0,0,0,0,1006,1,0,0,0,0,0,0,0,0,0,0,2018-01-01T00:00:00,2100-12-31T00:00:00,2100-12-01T00:00:00,0,0,800010023,0,0,0,0,0
10024,7200109,7210039,1,0,3106004,0,0,0,0,0,0,1006,1,0,0,0,0,0,0,0,0,0,0,2018-01-01T00:00:00,2100-12-31T00:00:00,2100-12-01T00:00:00,0,0,800010024,0,0,0,0,0
10025,7200110,7210040,1,0,3106005,0,0,0,0,0,0,1006,1,0,0,0,0,0,0,0,0,0,0,2018-01-01T00:00:00,2100-12-31T00:00:00,2100-12-01T00:00:00,0,0,800010025,0,0,0,0,0
10026,7200111,7210041,1,0,3106006,0,0,0,0,0,0,1006,1,0,0,0,0,0,0,0,0,0,0,2018-01-01T00:00:00,2100-12-31T00:00:00,2100-12-01T00:00:00,0,0,800010026,0,0,0,0,0
10027,7200112,7210147,1,0,3108001,0,0,0,0,0,0,1008,1,0,0,0,3,0,0,6,0,0,0,2018-01-01T00:00:00,2100-12-31T00:00:00,2100-12-01T00:00:00,0,0,710000014,0,0,0,0,0
10028,7200113,7210148,1,0,3108002,0,0,0,0,0,0,1008,4,0,0,0,3,0,0,6,0,0,0,2018-01-01T00:00:00,2100-12-31T00:00:00,2100-12-01T00:00:00,0,0,710000010,0,0,0,0,0
10029,7200114,7210149,1,0,3108003,0,0,0,0,0,0,1008,3,0,0,0,3,0,0,6,0,0,0,2018-01-01T00:00:00,2100-12-31T00:00:00,2100-12-01T00:00:00,0,0,710000011,0,0,0,0,0
10030,7200115,7210150,1,0,3108004,0,0,0,0,0,0,1008,2,0,0,0,3,0,0,2,0,0,0,2018-01-01T00:00:00,2100-12-31T00:00:00,2100-12-01T00:00:00,0,0,710000012,0,0,0,0,0
10031,7200116,7210151,1,0,3108005,0,0,0,0,0,0,1008,5,0,0,0,3,0,0,6,0,0,0,2018-01-01T00:00:00,2100-12-31T00:00:00,2100-12-01T00:00:00,0,0,710000018,0,0,0,0,0
10032,7200117,7210152,1,0,3108006,0,0,0,0,0,0,1008,6,0,0,0,3,0,0,6,0,0,0,2018-01-01T00:00:00,2100-12-31T00:00:00,2100-12-01T00:00:00,0,0,710000019,0,0,0,0,0
10033,7200118,7210153,1,0,3108007,0,0,0,0,0,0,1008,8,0,0,0,3,0,0,20,0,0,0,2018-01-01T00:00:00,2100-12-31T00:00:00,2100-12-01T00:00:00,0,0,710000021,0,0,0,0,0
10034,7200119,7210048,1,0,3104001,0,0,0,0,0,0,1004,15,0,0,0,0,0,0,0,0,0,0,2018-01-01T00:00:00,2100-12-31T00:00:00,2100-12-01T00:00:00,0,0,800010034,0,0,0,0,0
10035,7200120,7210049,1,0,3104002,0,0,0,0,0,0,1004,16,0,0,0,0,0,0,0,0,0,0,2018-01-01T00:00:00,2100-12-31T00:00:00,2100-12-01T00:00:00,0,0,800010035,0,0,0,0,0
10036,7200121,7210154,1,0,3109001,0,0,0,0,0,0,1009,2,0,0,0,3,0,0,1,0,0,0,2018-01-01T00:00:00,2023-11-07T10:35:00,2100-12-01T00:00:00,0,0,711000036,0,0,0,0,0
10037,7200122,7210155,1,0,3109002,0,0,0,0,0,0,1009,2,0,0,0,3,0,0,1,0,0,0,2018-01-01T00:00:00,2023-11-07T10:35:00,2100-12-01T00:00:00,0,0,711000036,0,0,0,0,0
10038,7200123,7210156,1,0,3109003,0,0,0,0,0,0,1009,2,0,0,0,3,0,0,1,0,0,0,2018-01-01T00:00:00,2023-11-07T10:35:00,2100-12-01T00:00:00,0,0,711000035,0,0,0,0,0
10039,7200118,7210153,1,0,3109004,0,0,0,0,0,0,1009,3,0,0,0,0,0,0,0,0,0,0,2018-01-01T00:00:00,2100-12-31T00:00:00,2100-12-01T00:00:00,0,0,710000021,0,0,0,0,0
10040,7200125,7210157,1,0,3109005,0,0,0,0,0,0,1009,3,0,0,0,0,0,0,0,0,0,0,2018-01-01T00:00:00,2100-12-31T00:00:00,2100-12-01T00:00:00,0,0,710000005,0,0,0,0,0
10041,7200126,7210158,1,0,3109006,0,0,0,0,0,0,1009,3,0,0,0,0,0,0,0,0,0,0,2018-01-01T00:00:00,2100-12-31T00:00:00,2100-12-01T00:00:00,0,0,710000006,0,0,0,0,0
10042,7200127,7210159,1,0,3109007,0,0,0,0,0,0,1009,3,0,0,0,0,0,0,0,0,0,0,2018-01-01T00:00:00,2100-12-31T00:00:00,2100-12-01T00:00:00,0,0,710000013,0,0,0,0,0
10043,7200128,7210160,1,0,3109008,0,0,0,0,0,0,1009,3,0,0,0,0,0,0,0,0,0,0,2018-01-01T00:00:00,2100-12-31T00:00:00,2100-12-01T00:00:00,0,0,710000015,0,0,0,0,0
10044,7200129,7210161,1,0,3109009,0,0,0,0,0,0,1009,3,0,0,0,0,0,0,0,0,0,0,2018-01-01T00:00:00,2100-12-31T00:00:00,2100-12-01T00:00:00,0,0,710000016,0,0,0,0,0
10045,7200130,7210162,1,0,3109010,0,0,0,0,0,0,1009,3,0,0,0,0,0,0,0,0,0,0,2018-01-01T00:00:00,2100-12-31T00:00:00,2100-12-01T00:00:00,0,0,710000017,0,0,0,0,0
10046,7200135,7210128,1,0,3116001,0,0,0,0,0,0,5031,1,0,0,0,0,0,0,1,0,0,0,2021-10-18T12:00:00,2100-12-31T00:00:00,2100-12-01T00:00:00,0,0,800010046,0,0,0,0,0
10047,7200136,7210129,1,0,3116002,0,0,0,0,0,0,5031,1,0,0,0,0,0,0,1,0,0,0,2021-10-18T12:00:00,2100-12-31T00:00:00,2100-12-01T00:00:00,0,0,800010047,0,0,0,0,0
10048,7200137,7210130,1,0,3116003,0,0,0,0,0,0,5031,1,0,0,0,0,0,0,1,0,0,0,2021-10-18T12:00:00,2100-12-31T00:00:00,2100-12-01T00:00:00,0,0,800010047,0,0,0,0,0
10049,7200138,7210131,1,0,3116004,0,0,0,0,0,0,5031,1,0,0,0,0,0,0,1,0,0,0,2021-10-18T12:00:00,2100-12-31T00:00:00,2100-12-01T00:00:00,0,0,800010049,0,0,0,0,0
10050,7200139,7210132,1,0,3116005,0,0,0,0,0,0,5031,1,0,0,0,0,0,0,1,0,0,0,2021-10-18T12:00:00,2100-12-31T00:00:00,2100-12-01T00:00:00,0,0,800010047,0,0,0,0,0
10051,7200140,7210133,1,0,3116006,0,0,0,0,0,0,5031,1,0,0,0,0,0,0,1,0,0,0,2021-10-18T12:00:00,2100-12-31T00:00:00,2100-12-01T00:00:00,0,0,800010051,0,0,0,0,0
10052,7200141,7210134,1,0,3116007,0,0,0,0,0,0,5031,1,0,0,0,0,0,0,1,0,0,0,2021-10-18T12:00:00,2100-12-31T00:00:00,2100-12-01T00:00:00,0,0,800010047,0,0,0,0,0
10053,7200142,7210135,1,0,3116008,0,0,0,0,0,0,5031,1,0,0,0,0,0,0,1,0,0,0,2021-10-18T12:00:00,2100-12-31T00:00:00,2100-12-01T00:00:00,0,0,800010053,0,0,0,0,0
10054,7200143,7210136,1,0,3116009,0,0,0,0,0,0,5031,1,0,0,0,0,0,0,1,0,0,0,2021-10-18T12:00:00,2100-12-31T00:00:00,2100-12-01T00:00:00,0,0,800010054,0,0,0,0,0
10055,7200144,7210137,1,0,3116010,0,0,0,0,0,0,5031,1,0,0,0,0,0,0,1,0,0,0,2021-10-18T12:00:00,2100-12-31T00:00:00,2100-12-01T00:00:00,0,0,800010055,0,0,0,0,0
10056,7200145,7210138,1,0,3116011,0,0,0,0,0,0,5031,1,0,0,0,0,0,0,1,0,0,0,2021-10-18T12:00:00,2100-12-31T00:00:00,2100-12-01T00:00:00,0,0,800010056,0,0,0,0,0
10057,7200146,7210139,1,0,3116012,0,0,0,0,0,0,5031,1,0,0,0,0,0,0,1,0,0,0,2021-10-18T12:00:00,2100-12-31T00:00:00,2100-12-01T00:00:00,0,0,800010057,0,0,0,0,0
10058,7200147,7210140,1,0,3116013,0,0,0,0,0,0,5031,1,0,0,0,0,0,0,1,0,0,0,2021-10-18T12:00:00,2100-12-31T00:00:00,2100-12-01T00:00:00,0,0,800010058,0,0,0,0,0
10059,7200148,7210141,1,0,3116014,0,0,0,0,0,0,5031,1,0,0,0,0,0,0,1,0,0,0,2021-10-18T12:00:00,2100-12-31T00:00:00,2100-12-01T00:00:00,0,0,800010059,0,0,0,0,0
10060,7200149,7210142,1,0,3116015,0,0,0,0,0,0,5031,1,0,0,0,0,0,0,1,0,0,0,2021-10-18T12:00:00,2100-12-31T00:00:00,2100-12-01T00:00:00,0,0,800010060,0,0,0,0,0
10061,7200150,7210143,1,0,3116016,0,0,0,0,0,0,5031,1,0,0,0,0,0,0,1,0,0,0,2021-10-18T12:00:00,2100-12-31T00:00:00,2100-12-01T00:00:00,0,0,800010061,0,0,0,0,0
10062,7200151,7210144,1,0,3116017,0,0,0,0,0,0,5031,1,0,0,0,0,0,0,1,0,0,0,2021-10-18T12:00:00,2100-12-31T00:00:00,2100-12-01T00:00:00,0,0,800010062,0,0,0,0,0
10063,7200152,7210145,1,0,3116018,0,0,0,0,0,0,5031,1,0,0,0,0,0,0,1,0,0,0,2021-10-18T12:00:00,2100-12-31T00:00:00,2100-12-01T00:00:00,0,0,800010063,0,0,0,0,0
10067,7200132,7210067,1,crow10067,3102029,0,0,0,0,0,0,1023,251,0,0,0,0,0,0,1,0,0,0,2021-11-17T12:00:00,2022-03-31T23:59:59,2100-12-01T00:00:00,0,0,800010067,0,0,0,0,0
10068,7200133,7210068,1,crow10068,3102030,0,0,0,0,0,0,1023,252,0,0,0,0,0,0,1,0,0,0,2021-11-17T12:00:00,2022-03-31T23:59:59,2100-12-01T00:00:00,0,0,800010068,0,0,0,0,0
10069,7200134,7210069,1,crow10069,3102031,0,0,0,0,0,0,1023,253,0,0,0,0,0,0,1,0,0,0,2021-11-17T12:00:00,2022-03-31T23:59:59,2100-12-01T00:00:00,0,0,800010069,0,0,0,0,0
10070,7200168,7210146,1,0,3108008,0,0,0,0,0,0,1008,7,0,0,0,3,0,0,6,0,0,0,2018-01-01T00:00:00,2100-12-31T00:00:00,2100-12-01T00:00:00,0,0,710000020,0,0,0,0,0
10071,7200193,7210184,1,crow10071_1,3102032,0,0,0,0,0,0,1002,5,0,0,0,2,0,0,3,0,0,0,2018-01-01T00:00:00,2025-08-21T10:29:59,2100-12-01T00:00:00,0,0,800010071,0,0,0,0,0
10072,7200194,7210185,1,crow10072_1,3102033,0,0,0,0,0,0,1002,4,0,0,0,2,0,0,5,0,0,0,2018-01-01T00:00:00,2025-08-21T10:29:59,2100-12-01T00:00:00,0,0,800010072,0,0,0,1,0
10073,7200196,7210187,1,crow10073,3102034,0,0,0,0,0,0,1023,95,0,0,0,0,0,0,3,0,0,0,2022-02-25T08:10:00,2022-02-28T23:59:59,2100-12-01T00:00:00,0,0,800010073,0,0,0,0,0
10074,7200232,7210223,1,crow10074_1,3102037,0,0,0,0,0,0,1002,2,0,0,0,2,0,0,5,0,0,0,2018-01-01T00:00:00,2025-08-21T10:29:59,2100-12-01T00:00:00,0,0,711000059,0,0,0,1,0
10075,7200233,7210224,1,crow10075_1,3102038,0,0,0,0,0,0,1002,9,0,0,0,0,0,0,1,0,0,0,2018-01-01T00:00:00,2026-08-28T10:29:59,2100-12-01T00:00:00,0,0,800010075,0,0,0,0,0
10076,7200234,7210225,1,crow10076_1,3102039,0,0,0,0,0,0,1002,10,0,0,0,0,0,0,1,0,0,0,2018-01-01T00:00:00,2026-08-28T10:29:59,2100-12-01T00:00:00,0,0,800010076,0,0,0,0,0
10077,7200235,7210226,1,crow10077,0,0,0,0,0,0,0,1023,95,0,0,0,0,0,0,1,0,0,0,2022-02-17T10:35:00,2022-03-04T23:59:59,2100-12-01T00:00:00,0,0,800010077,0,0,0,0,0
10078,7200236,7210227,1,crow10078,3102040,0,0,0,0,0,0,1023,100,0,0,0,0,0,0,1,0,0,0,2022-02-17T10:35:00,2022-03-04T23:59:59,2100-12-01T00:00:00,0,0,800010078,0,0,0,0,0
10079,7200237,7210228,1,crow10079,3102041,0,0,0,0,0,0,1023,105,0,0,0,0,0,0,3,0,0,0,2022-02-17T10:35:00,2022-03-04T23:59:59,2100-12-01T00:00:00,0,0,800010079,0,0,0,0,0
10080,7200238,7210229,1,crow10080,3102042,0,0,0,0,0,0,1023,110,0,0,0,0,0,0,5,0,0,0,2022-02-17T10:35:00,2022-03-04T23:59:59,2100-12-01T00:00:00,0,0,800010080,0,0,0,0,0
10081,7200239,7210230,1,crow10081,3102043,0,0,0,0,0,0,1023,115,0,0,0,0,0,0,3,0,0,0,2022-02-17T10:35:00,2022-03-04T23:59:59,2100-12-01T00:00:00,0,0,800010081,0,0,0,0,0
10082,7200240,7210231,1,crow10082,3102044,0,0,0,0,0,0,1023,105,0,0,0,0,0,0,3,0,0,0,2022-02-25T08:10:00,2022-03-11T23:59:59,2100-12-01T00:00:00,0,0,800010082,0,0,0,0,0
10083,7200241,7210232,1,crow10083,3102045,0,0,0,0,0,0,1023,135,0,0,0,2,0,0,1,0,0,0,2022-02-25T08:10:00,2022-03-11T23:59:59,2100-12-01T00:00:00,0,0,800010083,0,0,0,0,0
10084,7200242,7210233,1,crow10084,3102046,0,0,0,0,0,0,1023,140,0,0,0,2,0,0,1,0,0,0,2022-02-25T08:10:00,2022-03-11T23:59:59,2100-12-01T00:00:00,0,0,800010084,0,0,0,0,0
10085,7200243,7210234,1,crow10085,3102047,0,0,0,0,0,0,1023,110,0,0,0,0,0,0,2,0,0,0,2022-02-25T08:10:00,2022-03-11T23:59:59,2100-12-01T00:00:00,0,0,800010085,0,0,0,0,0
10086,7200244,7210235,1,0,3102048,0,0,0,0,0,0,1023,90,0,0,0,1,0,0,3,0,0,0,2022-02-25T08:10:00,2022-03-11T23:59:59,2100-12-01T00:00:00,0,0,800010086,0,0,0,0,0
10087,7200245,7210236,1,crow10087,3102049,0,0,0,0,0,0,1023,115,0,0,0,2,0,0,3,0,0,0,2022-02-25T08:10:00,2022-03-11T23:59:59,2100-12-01T00:00:00,0,0,800010087,0,0,0,0,0
10088,7200246,7210237,1,crow10088,3102050,0,0,0,0,0,0,1023,120,0,0,0,2,0,0,3,0,0,0,2022-02-25T08:10:00,2022-03-11T23:59:59,2100-12-01T00:00:00,0,0,800010088,0,0,0,0,0
10089,7200247,7210238,1,crow10089,3102051,0,0,0,0,0,0,1023,145,0,0,0,2,0,0,1,0,0,0,2022-02-25T08:10:00,2022-03-11T23:59:59,2100-12-01T00:00:00,0,0,800010012,0,0,0,0,0
10090,7200261,7210252,1,crow10090,0,0,0,0,0,0,0,1023,105,0,0,0,0,0,0,1,0,0,0,2022-03-03T10:35:00,2022-03-24T23:59:59,2100-12-01T00:00:00,0,0,800010090,0,0,0,0,0
10091,7200262,7210253,1,crow10091,3102054,0,0,0,0,0,0,1023,110,0,0,0,0,0,0,1,0,0,0,2022-03-03T10:35:00,2022-03-24T23:59:59,2100-12-01T00:00:00,0,0,800010091,0,0,0,0,0
10092,7200263,7210254,1,crow10092,3102055,0,0,0,0,0,0,1023,115,0,0,0,0,0,0,1,0,0,0,2022-03-03T10:35:00,2022-03-24T23:59:59,2100-12-01T00:00:00,0,0,800010092,0,0,0,0,0
10093,7200264,7210255,1,crow10093,3102056,0,0,0,0,0,0,1023,120,0,0,0,0,0,0,1,0,0,0,2022-03-03T10:35:00,2022-03-24T23:59:59,2100-12-01T00:00:00,0,0,800010093,0,0,0,0,0
10094,7200265,7210256,1,crow10094,3102057,0,0,0,0,0,0,1023,125,0,0,0,0,0,0,1,0,0,0,2022-03-03T10:35:00,2022-03-24T23:59:59,2100-12-01T00:00:00,0,0,800010094,0,0,0,0,0
10095,7200266,7210257,1,crow10095,3102058,0,0,0,0,0,0,1023,130,0,0,0,2,0,0,3,0,0,0,2022-03-03T10:35:00,2022-03-24T23:59:59,2100-12-01T00:00:00,0,0,800010095,0,0,0,0,0
10096,7200267,7210258,1,crow10096,3102059,0,0,0,0,0,0,1023,135,0,0,0,2,0,0,3,0,0,0,2022-03-03T10:35:00,2022-03-24T23:59:59,2100-12-01T00:00:00,0,0,800010096,0,0,0,0,0
10097,7200268,7210259,1,crow10097,3102060,0,0,0,0,0,0,1023,140,0,0,0,2,0,0,3,0,0,0,2022-03-03T10:35:00,2022-03-24T23:59:59,2100-12-01T00:00:00,0,0,800010097,0,0,0,0,0
10098,7200269,7210260,1,crow10098,3102061,0,0,0,0,0,0,1023,145,0,0,0,2,0,0,1,0,0,0,2022-03-03T10:35:00,2022-03-24T23:59:59,2100-12-01T00:00:00,0,0,800010098,0,0,0,0,0
10099,7200270,7210261,1,crow10099,3102062,0,0,0,0,0,0,1023,75,0,0,0,2,0,0,2,0,0,0,2022-03-10T10:35:00,2022-03-30T23:59:59,2100-12-01T00:00:00,0,0,800010099,0,0,0,0,0
10100,7200271,7210262,1,crow10100,3102063,0,0,0,0,0,0,1023,78,0,0,0,2,0,0,2,0,0,0,2022-03-10T10:35:00,2022-03-30T23:59:59,2100-12-01T00:00:00,0,0,800010100,0,0,0,0,0
10101,7200272,7210263,1,crow10101,3102064,0,0,0,0,0,0,1023,80,0,0,0,2,0,0,2,0,0,0,2022-03-10T10:35:00,2022-03-30T23:59:59,2100-12-01T00:00:00,0,0,800010101,0,0,0,0,0
10102,7200273,7210264,1,crow10102,3102065,0,0,0,0,0,0,1023,85,0,0,0,2,0,0,2,0,0,0,2022-03-10T10:35:00,2022-03-30T23:59:59,2100-12-01T00:00:00,0,0,800010102,0,0,0,0,0
10103,7200274,7210265,1,crow10103,3102066,0,0,0,0,0,0,1023,90,0,0,0,2,0,0,4,0,0,0,2022-03-10T10:35:00,2022-03-30T23:59:59,2100-12-01T00:00:00,0,0,800010103,0,0,0,0,0
10106,7200276,7210267,1,crow10106,3102069,0,0,0,0,0,0,1023,60,0,0,0,0,0,0,1,0,0,0,2022-03-10T10:35:00,2022-03-30T23:59:59,2100-12-01T00:00:00,0,0,800010106,0,0,0,0,0
10107,7200277,7210268,1,crow10107,3102070,0,0,0,0,0,0,1023,63,0,0,0,0,0,0,1,0,0,0,2022-03-10T10:35:00,2022-03-30T23:59:59,2100-12-01T00:00:00,0,0,800010107,0,0,0,0,0
10108,7200278,7210269,1,crow10108,3102071,0,0,0,0,0,0,1023,66,0,0,0,0,0,0,1,0,0,0,2022-03-10T10:35:00,2022-03-30T23:59:59,2100-12-01T00:00:00,0,0,800010108,0,0,0,0,0
10113,7200247,7210238,1,crow10113,3102051,0,0,0,0,0,0,1023,39,0,0,0,2,0,0,1,0,0,0,2022-03-17T10:35:00,2022-04-01T23:59:59,2100-12-01T00:00:00,0,0,800010012,0,0,0,0,0
10114,7200281,7210226,1,crow10114,0,0,0,0,0,0,0,1023,36,0,0,0,0,0,0,1,0,0,0,2022-03-17T10:35:00,2022-04-01T23:59:59,2100-12-01T00:00:00,0,0,800010077,0,0,0,0,0
10115,7200282,7210227,1,crow10115,3102072,0,0,0,0,0,0,1023,42,0,0,0,0,0,0,1,0,0,0,2022-03-17T10:35:00,2022-04-01T23:59:59,2100-12-01T00:00:00,0,0,800010115,0,0,0,0,0
10116,7200283,7210272,1,crow10116,3102073,0,0,0,0,0,0,1023,45,0,0,0,0,0,0,3,0,0,0,2022-03-17T10:35:00,2022-04-01T23:59:59,2100-12-01T00:00:00,0,0,800010116,0,0,0,0,0
10117,7200284,7210273,1,crow10117,3102074,0,0,0,0,0,0,1023,48,0,0,0,2,0,0,5,0,0,0,2022-03-17T10:35:00,2022-04-01T23:59:59,2100-12-01T00:00:00,0,0,800010117,0,0,0,0,0
10118,7200285,7210274,1,crow10118,3102075,0,0,0,0,0,0,1023,51,0,0,0,2,0,0,2,0,0,0,2122-03-17T10:35:00,2122-04-01T23:59:59,2100-12-01T00:00:00,0,0,800010118,0,0,0,0,0
10119,7200286,7210234,1,crow10119,3102076,0,0,0,0,0,0,1023,54,0,0,0,0,0,0,2,0,0,0,2022-03-17T10:35:00,2022-04-01T23:59:59,2100-12-01T00:00:00,0,0,800010119,0,0,0,0,0
10120,7200287,7210275,1,crow10120,3102077,0,0,0,0,0,0,1023,57,0,0,0,0,0,0,1,0,0,0,2022-03-17T10:35:00,2022-04-01T23:59:59,2100-12-01T00:00:00,0,0,800010120,0,0,0,0,0
10122,7200288,7210280,1,crow10122,3102078,0,0,0,0,0,0,1023,51,0,0,0,0,0,0,1,0,0,0,2022-03-25T10:35:00,2022-04-15T23:59:59,2100-12-01T00:00:00,0,0,800010122,0,0,0,0,0
10123,7200289,7210281,1,crow10123,3102079,0,0,0,0,0,0,1023,54,0,0,0,0,0,0,1,0,0,0,2022-03-25T10:35:00,2022-04-15T23:59:59,2100-12-01T00:00:00,0,0,800010123,0,0,0,0,0
10124,7200290,7210282,1,crow10124,3102080,0,0,0,0,0,0,1023,57,0,0,0,0,0,0,1,0,0,0,2022-03-25T10:35:00,2022-04-15T23:59:59,2100-12-01T00:00:00,0,0,800010124,0,0,0,0,0
10125,7200262,7210253,1,crow10125,3102081,0,0,0,0,0,0,1023,60,0,0,0,0,0,0,1,0,0,0,2022-03-25T10:35:00,2022-04-15T23:59:59,2100-12-01T00:00:00,0,0,800010091,0,0,0,0,0
10126,7200269,7210283,1,crow10126,3102082,0,0,0,0,0,0,1023,63,0,0,0,2,0,0,3,0,0,0,2022-03-25T10:35:00,2022-04-15T23:59:59,2100-12-01T00:00:00,0,0,800010126,0,0,0,0,0
10127,7200291,7210284,1,crow10127,3102083,0,0,0,0,0,0,1023,66,0,0,0,0,0,0,1,0,0,0,2022-03-25T10:35:00,2022-04-15T23:59:59,2100-12-01T00:00:00,0,0,800010093,0,0,0,0,0
10128,7200292,7210285,1,crow10128,3102084,0,0,0,0,0,0,1023,69,0,0,0,2,0,0,5,0,0,0,2022-03-25T10:35:00,2022-04-15T23:59:59,2100-12-01T00:00:00,0,0,800010128,0,0,0,0,0
10129,7200293,7210286,1,crow10129,3102085,0,0,0,0,0,0,1023,72,0,0,0,2,0,0,2,0,0,0,2022-03-25T10:35:00,2022-04-15T23:59:59,2100-12-01T00:00:00,0,0,800010129,0,0,0,0,0
10130,7200294,7210287,1,crow10130,3102086,0,0,0,0,0,0,1023,75,0,0,0,0,0,0,1,0,0,0,2022-03-25T10:35:00,2022-04-15T23:59:59,2100-12-01T00:00:00,0,0,800010094,0,0,0,0,0
10131,7200297,7210290,1,crow10131,3102091,0,0,0,0,0,0,1023,35,0,0,0,0,0,0,2,0,0,0,2022-04-02T10:35:00,2022-04-22T23:59:59,2100-12-01T00:00:00,0,0,800010131,0,0,0,0,0
10132,7200298,7210291,1,crow10132,3102092,0,0,0,0,0,0,1023,37,0,0,0,0,0,0,2,0,0,0,2022-04-02T10:35:00,2022-04-22T23:59:59,2100-12-01T00:00:00,0,0,800010132,0,0,0,0,0
10133,7200299,7210292,1,crow10133,3102093,0,0,0,0,0,0,1023,39,0,0,0,0,0,0,2,0,0,0,2022-04-02T10:35:00,2022-04-22T23:59:59,2100-12-01T00:00:00,0,0,800010133,0,0,0,0,0
10134,7200300,7210226,1,crow10134,0,0,0,0,0,0,0,1023,41,0,0,0,0,0,0,1,0,0,0,2022-04-02T10:35:00,2022-04-22T23:59:59,2100-12-01T00:00:00,0,0,800010077,0,0,0,0,0
10135,7200301,7210293,1,crow10135,3102094,0,0,0,0,0,0,1023,43,0,0,0,2,0,0,4,0,0,0,2022-04-02T10:35:00,2022-04-22T23:59:59,2100-12-01T00:00:00,0,0,800010135,0,0,0,0,0
10136,7200302,7210294,1,crow10136,3102095,0,0,0,0,0,0,1023,45,0,0,0,2,0,0,4,0,0,0,2022-04-02T10:35:00,2022-04-22T23:59:59,2100-12-01T00:00:00,0,0,800010136,0,0,0,0,0
10137,7200303,7210295,1,crow10137,3102096,0,0,0,0,0,0,1023,47,0,0,0,2,0,0,5,0,0,0,2022-04-02T10:35:00,2022-04-22T23:59:59,2100-12-01T00:00:00,0,0,800010137,0,0,0,0,0
10138,7200304,7210296,1,crow10138,3102097,0,0,0,0,0,0,1023,49,0,0,0,2,0,0,4,0,0,0,2022-04-02T10:35:00,2022-04-22T23:59:59,2100-12-01T00:00:00,0,0,800010098,0,0,0,0,0
10139,7200305,7210238,1,crow10139,3102098,0,0,0,0,0,0,1023,50,0,0,0,2,0,0,2,0,0,0,2022-04-02T10:35:00,2022-04-22T23:59:59,2100-12-01T00:00:00,0,0,800010012,0,0,0,0,0
10140,7200317,7210308,1,crow10140,3102099,0,0,0,0,0,0,1023,30,0,0,0,0,0,0,1,0,0,0,2022-04-08T10:35:00,2022-04-28T23:59:59,2100-12-01T00:00:00,0,0,800010140,0,0,0,0,0
10141,7200318,7210238,1,crow10141,3102100,0,0,0,0,0,0,1023,31,0,0,0,2,0,0,2,0,0,0,2022-04-08T10:35:00,2022-04-28T23:59:59,2100-12-01T00:00:00,0,0,800010012,0,0,0,0,0
10142,7200333,7210309,1,crow10142,3102101,0,0,0,0,0,0,1023,32,0,0,0,0,0,0,1,0,0,0,2022-04-08T10:35:00,2022-04-28T23:59:59,2100-12-01T00:00:00,0,0,800010142,0,0,0,0,0
10143,7200334,7210310,1,crow10143,3102102,0,0,0,0,0,0,1023,33,0,0,0,2,0,0,3,0,0,0,2022-04-08T10:35:00,2022-04-28T23:59:59,2100-12-01T00:00:00,0,0,800010093,0,0,0,0,0
10144,7200335,7210311,1,crow10144,3102103,0,0,0,0,0,0,1023,34,0,0,0,2,0,0,5,0,0,0,2022-04-08T10:35:00,2022-04-28T23:59:59,2100-12-01T00:00:00,0,0,800010094,0,0,0,0,0
10145,7200319,7210234,1,crow10145,3102104,0,0,0,0,0,0,1023,35,0,0,0,2,0,0,2,0,0,0,2022-04-08T10:35:00,2022-04-28T23:59:59,2100-12-01T00:00:00,0,0,800010085,0,0,0,0,0
10146,7200320,7210312,1,crow10146,3102105,0,0,0,0,0,0,1023,36,0,0,0,0,0,0,2,0,0,0,2022-04-08T10:35:00,2022-04-28T23:59:59,2100-12-01T00:00:00,0,0,800010146,0,0,0,0,0
10147,7200321,7210313,1,crow10147,3102106,0,0,0,0,0,0,1023,37,0,0,0,0,0,0,2,0,0,0,2022-04-08T10:35:00,2022-04-28T23:59:59,2100-12-01T00:00:00,0,0,800010147,0,0,0,0,0
10148,7200324,7210316,1,crow10148_1,3102111,0,0,0,0,0,0,1025,80,0,0,0,0,0,0,1,0,0,0,2022-04-08T10:35:00,2026-08-28T10:29:59,2100-12-01T00:00:00,110,0,800010148,0,0,0,0,0
10149,7200325,7210317,1,crow10149,3102112,0,0,0,0,0,0,1023,22,0,0,0,0,0,0,2,0,0,0,2022-04-15T10:35:00,2022-05-06T23:59:59,2100-12-01T00:00:00,0,0,800010149,0,0,0,0,0
10150,7200326,7210318,1,crow10150,3102113,0,0,0,0,0,0,1023,23,0,0,0,0,0,0,2,0,0,0,2022-04-15T10:35:00,2022-05-06T23:59:59,2100-12-01T00:00:00,0,0,800010150,0,0,0,0,0
10151,7200327,7210319,1,crow10151,3102114,0,0,0,0,0,0,1023,24,0,0,0,0,0,0,2,0,0,0,2022-04-15T10:35:00,2022-05-06T23:59:59,2100-12-01T00:00:00,0,0,800010151,0,0,0,0,0
10153,7200329,7210320,1,crow10153,3102117,0,0,0,0,0,0,1023,26,0,0,0,0,0,0,1,0,0,0,2022-04-15T10:35:00,2022-05-06T23:59:59,2100-12-01T00:00:00,0,0,800010153,0,0,0,0,0
10154,7200330,7210321,1,crow10154,3102118,0,0,0,0,0,0,1023,27,0,0,0,2,0,0,3,0,0,0,2022-04-15T10:35:00,2022-05-06T23:59:59,2100-12-01T00:00:00,0,0,800010154,0,0,0,0,0
10155,7200331,7210322,1,crow10155,3102119,0,0,0,0,0,0,1023,28,0,0,0,2,0,0,3,0,0,0,2022-04-15T10:35:00,2022-05-06T23:59:59,2100-12-01T00:00:00,0,0,800010084,0,0,0,0,0
10156,7200332,7210323,1,crow10156,3102120,0,0,0,0,0,0,1023,29,0,0,0,2,0,0,1,0,0,0,2022-04-15T10:35:00,2022-05-06T23:59:59,2100-12-01T00:00:00,0,0,800010156,0,0,0,0,0
10157,7200339,7210327,1,crow10157,3102121,0,0,0,0,0,0,1023,26,0,0,0,0,0,0,1,0,0,0,2022-04-22T10:35:00,2022-05-12T23:59:59,2100-12-01T00:00:00,0,0,800010157,0,0,0,0,0
10158,7200340,7210328,1,crow10158,3102122,0,0,0,0,0,0,1023,27,0,0,0,0,0,0,1,0,0,0,2022-04-22T10:35:00,2022-05-12T23:59:59,2100-12-01T00:00:00,0,0,800010158,0,0,0,0,0
10159,7200345,7210296,1,crow10159,3102123,0,0,0,0,0,0,1023,28,0,0,0,2,0,0,4,0,0,0,2022-04-22T10:35:00,2022-05-12T23:59:59,2100-12-01T00:00:00,0,0,800010098,0,0,0,0,0
10160,7200341,7210330,1,crow10160,3102124,0,0,0,0,0,0,1023,29,0,0,0,0,0,0,1,0,0,0,2022-04-22T10:35:00,2022-05-12T23:59:59,2100-12-01T00:00:00,0,0,800010160,0,0,0,0,0
10161,7200342,7210331,1,crow10161,3102125,0,0,0,0,0,0,1023,30,0,0,0,3,0,0,1,0,0,0,2022-04-22T10:35:00,2022-05-12T23:59:59,2100-12-01T00:00:00,0,0,800010161,0,0,0,0,0
10162,7200343,7210332,1,crow10162,3102126,0,0,0,0,0,0,1023,31,0,0,0,3,0,0,1,0,0,0,2022-04-22T10:35:00,2022-05-12T23:59:59,2100-12-01T00:00:00,0,0,800010162,0,0,0,0,0
10163,7200346,7210343,1,crow10163,3102127,0,0,0,0,0,0,1023,23,0,0,0,3,0,0,2,0,0,0,2022-04-28T10:35:00,2022-05-18T23:59:59,2100-12-01T00:00:00,0,0,800010163,0,0,0,0,0
10164,7200347,7210344,1,crow10164,3102128,0,0,0,0,0,0,1023,24,0,0,0,3,0,0,2,0,0,0,2022-04-28T10:35:00,2022-05-18T23:59:59,2100-12-01T00:00:00,0,0,800010164,0,0,0,0,0
10165,7200348,7210345,1,crow10165,3102129,0,0,0,0,0,0,1023,25,0,0,0,3,0,0,2,0,0,0,2022-04-28T10:35:00,2022-05-18T23:59:59,2100-12-01T00:00:00,0,0,800010165,0,0,0,0,0
10166,7200349,7210226,1,crow10166,0,0,0,0,0,0,0,1023,26,0,0,0,0,0,0,1,0,0,0,2022-04-28T10:35:00,2022-05-18T23:59:59,2100-12-01T00:00:00,0,0,800010077,0,0,0,0,0
10167,7200350,7210238,1,crow10167,3102130,0,0,0,0,0,0,1023,27,0,0,0,2,0,0,2,0,0,0,2022-04-28T10:35:00,2022-05-18T23:59:59,2100-12-01T00:00:00,0,0,800010012,0,0,0,0,0
10168,7200351,7210334,1,crow10168,3102131,0,0,0,0,0,0,1023,28,0,0,0,0,0,0,5,0,0,0,2022-04-28T10:35:00,2022-05-18T23:59:59,2100-12-01T00:00:00,0,0,800010168,0,0,0,0,0
10169,7200352,7210335,1,crow10169,3102132,0,0,0,0,0,0,1023,29,0,0,0,0,0,0,1,0,0,0,2022-04-28T10:35:00,2022-05-18T23:59:59,2100-12-01T00:00:00,0,0,800010169,0,0,0,0,0
10170,7200353,7210336,1,crow10170,3102133,0,0,0,0,0,0,1023,30,0,0,0,2,0,0,5,0,0,0,2022-04-28T10:35:00,2022-05-18T23:59:59,2100-12-01T00:00:00,0,0,800010170,0,0,0,0,0
10171,7200354,7210337,1,crow10171,3102134,0,0,0,0,0,0,1023,31,0,0,0,0,0,0,3,0,0,0,2022-04-28T10:35:00,2022-05-18T23:59:59,2100-12-01T00:00:00,0,0,800010171,0,0,0,0,0
10172,7200355,7210338,1,crow10172,3102135,0,0,0,0,0,0,1023,32,0,0,0,0,0,0,3,0,0,0,2022-04-28T10:35:00,2022-05-18T23:59:59,2100-12-01T00:00:00,0,0,800010172,0,0,0,0,0
10173,7200356,7210339,1,crow10173,3102136,0,0,0,0,0,0,1023,33,0,0,0,2,0,0,3,0,0,0,2022-04-28T10:35:00,2022-05-18T23:59:59,2100-12-01T00:00:00,0,0,800010173,0,0,0,0,0
10174,7200357,7210340,1,crow10174,3102137,0,0,0,0,0,0,1023,34,0,0,0,0,0,0,2,0,0,0,2022-04-28T10:35:00,2022-05-18T23:59:59,2100-12-01T00:00:00,0,0,800010174,0,0,0,0,0
10175,7200358,7210341,1,crow10175,3102138,0,0,0,0,0,0,1023,35,0,0,0,2,0,0,3,0,0,0,2022-04-28T10:35:00,2022-05-18T23:59:59,2100-12-01T00:00:00,0,0,800010175,0,0,0,0,0
10176,7200359,7210342,1,crow10176,3102139,0,0,0,0,0,0,1023,36,0,0,0,2,0,0,3,0,0,0,2022-04-28T10:35:00,2022-05-18T23:59:59,2100-12-01T00:00:00,0,0,800010176,0,0,0,0,0
10177,7200360,7210346,1,crow10177,3102141,0,0,0,0,0,0,1023,14,0,0,0,0,0,0,1,0,0,0,2022-05-12T10:35:00,2022-05-19T23:59:59,2100-12-01T00:00:00,0,0,800010177,0,0,0,0,0
10178,7200361,7210347,1,crow10178,3102142,0,0,0,0,0,0,1023,36,0,0,0,0,0,0,1,0,0,0,2022-05-12T10:35:00,2022-06-01T23:59:59,2100-12-01T00:00:00,0,0,800010178,0,0,0,0,0
10179,7200362,7210348,1,crow10179,3102143,0,0,0,0,0,0,1023,37,0,0,0,2,0,0,3,0,0,0,2022-05-12T10:35:00,2022-06-01T23:59:59,2100-12-01T00:00:00,0,0,800010179,0,0,0,0,0
10180,7200363,7210349,1,crow10180,3102144,0,0,0,0,0,0,1023,38,0,0,0,2,0,0,5,0,0,0,2022-05-12T10:35:00,2022-06-01T23:59:59,2100-12-01T00:00:00,0,0,800010180,0,0,0,0,0
10181,7200364,7210350,1,crow10181,3102145,0,0,0,0,0,0,1023,39,0,0,0,2,0,0,3,0,0,0,2022-05-12T10:35:00,2022-06-01T23:59:59,2100-12-01T00:00:00,0,0,800010181,0,0,0,0,0
10182,7200365,7210351,1,crow10182,3102146,0,0,0,0,0,0,1023,40,0,0,0,0,0,0,2,0,0,0,2022-05-12T10:35:00,2022-06-01T23:59:59,2100-12-01T00:00:00,0,0,800010146,0,0,0,0,0
10183,7200382,7210372,1,0,3102140,0,0,0,0,0,0,1001,1,0,0,0,1,0,0,1,1,0,0,2022-04-28T10:35:00,2022-05-08T23:59:59,2100-12-01T00:00:00,0,0,801110006,0,0,0,0,0
10184,7200384,7210234,1,crow10184,3102149,0,0,0,0,0,0,1023,37,0,0,0,2,0,0,5,0,0,0,2022-04-28T10:35:00,2022-05-18T23:59:59,2100-12-01T00:00:00,0,0,800010119,0,0,0,0,0
10185,7200385,7210374,1,crow10185,3102150,0,0,0,0,0,0,1023,21,0,0,0,0,0,0,3,0,0,0,2022-05-12T10:35:00,2022-06-01T23:59:59,2100-12-01T00:00:00,0,0,800010185,0,0,0,0,0
10186,7200386,7210375,1,crow10186,3102151,0,0,0,0,0,0,1023,22,0,0,0,0,0,0,2,0,0,0,2022-05-12T10:35:00,2022-06-01T23:59:59,2100-12-01T00:00:00,0,0,800010186,0,0,0,0,0
10187,7200387,7210376,1,crow10187,3102152,0,0,0,0,0,0,1023,29,0,0,0,0,0,0,2,0,0,0,2022-05-18T10:35:00,2022-06-07T23:59:59,2100-12-01T00:00:00,0,0,800010187,0,0,0,0,0
10188,7200388,7210377,1,crow10188,3102153,0,0,0,0,0,0,1023,30,0,0,0,0,0,0,2,0,0,0,2022-05-18T10:35:00,2022-06-07T23:59:59,2100-12-01T00:00:00,0,0,800010188,0,0,0,0,0
10189,7200389,7210378,1,crow10189,3102154,0,0,0,0,0,0,1023,31,0,0,0,0,0,0,2,0,0,0,2022-05-18T10:35:00,2022-06-07T23:59:59,2100-12-01T00:00:00,0,0,800010189,0,0,0,0,0
10190,7200390,7210379,1,crow10190,3102155,0,0,0,0,0,0,1023,32,0,0,0,0,0,0,2,0,0,0,2022-05-18T10:35:00,2022-06-07T23:59:59,2100-12-01T00:00:00,0,0,800010153,0,0,0,0,0
10191,7200391,7210380,1,crow10191,3102156,0,0,0,0,0,0,1023,33,0,0,0,0,0,0,2,0,0,0,2022-05-18T10:35:00,2022-06-07T23:59:59,2100-12-01T00:00:00,0,0,800010191,0,0,0,0,0
10192,7200392,7210238,1,crow10192,3102157,0,0,0,0,0,0,1023,34,0,0,0,2,0,0,2,0,0,0,2022-05-18T10:35:00,2022-06-07T23:59:59,2100-12-01T00:00:00,0,0,800010012,0,0,0,0,0
10193,7200393,7210382,1,crow10193,3102158,0,0,0,0,0,0,1023,35,0,0,0,0,0,0,2,0,0,0,2022-05-18T10:35:00,2022-06-07T23:59:59,2100-12-01T00:00:00,0,0,800010193,0,0,0,0,0
10194,7200394,7210383,1,crow10194,3102159,0,0,0,0,0,0,1023,36,0,0,0,2,0,0,3,0,0,0,2022-05-18T10:35:00,2022-06-07T23:59:59,2100-12-01T00:00:00,0,0,800010195,0,0,0,0,0
10195,7200395,7210384,1,crow10195,3102160,0,0,0,0,0,0,1023,9,0,0,0,2,0,0,5,0,0,0,2022-05-18T10:35:00,2022-05-19T23:59:59,2100-12-01T00:00:00,0,0,800010196,0,0,0,0,0
10196,7200396,7210385,1,crow10196,3102161,0,0,0,0,0,0,1023,38,0,0,0,2,0,0,4,0,0,0,2022-05-18T10:35:00,2022-06-07T23:59:59,2100-12-01T00:00:00,0,0,800010103,0,0,0,0,0
10197,7200397,7210386,1,crow10197,3102162,0,0,0,0,0,0,1023,39,0,0,0,2,0,0,4,0,0,0,2022-05-18T10:35:00,2022-06-07T23:59:59,2100-12-01T00:00:00,0,0,800010136,0,0,0,0,0
10198,7200398,7210336,1,crow10198,3102163,0,0,0,0,0,0,1023,40,0,0,0,2,0,0,5,0,0,0,2022-05-18T10:35:00,2022-06-07T23:59:59,2100-12-01T00:00:00,0,0,800010170,0,0,0,0,0
10199,7200399,7210348,1,crow10199,3102164,0,0,0,0,0,0,1023,41,0,0,0,2,0,0,3,0,0,0,2022-05-18T10:35:00,2022-06-07T23:59:59,2100-12-01T00:00:00,0,0,800010179,0,0,0,0,0
10200,7200400,7210389,1,crow10200,3102165,0,0,0,0,0,0,1023,28,0,0,0,0,0,0,2,0,0,0,2022-05-25T10:35:00,2022-06-12T10:29:59,2100-12-01T00:00:00,0,0,800010200,0,0,0,0,0
10201,7200401,7210390,1,crow10201,3102166,0,0,0,0,0,0,1023,29,0,0,0,2,0,0,4,0,0,0,2022-05-25T10:35:00,2022-06-12T10:29:59,2100-12-01T00:00:00,0,0,800010201,0,0,0,0,0
10202,7200402,7210375,1,crow10202,3102167,0,0,0,0,0,0,1023,30,0,0,0,3,0,0,3,0,0,0,2022-05-25T10:35:00,2022-06-12T10:29:59,2100-12-01T00:00:00,0,0,800010186,0,0,0,0,0
10203,7200403,7210392,1,crow10203,3102168,0,0,0,0,0,0,1023,31,0,0,0,2,0,0,3,0,0,0,2022-05-25T10:35:00,2022-06-12T10:29:59,2100-12-01T00:00:00,0,0,800010175,0,0,0,0,0
10204,7200404,7210393,1,crow10204,3102169,0,0,0,0,0,0,1023,32,0,0,0,2,0,0,3,0,0,0,2022-05-25T10:35:00,2022-06-12T10:29:59,2100-12-01T00:00:00,0,0,800010204,0,0,0,0,0
10205,7200405,7210394,1,crow10205,3102170,0,0,0,0,0,0,1023,33,0,0,0,0,0,0,3,0,0,0,2022-05-25T10:35:00,2022-06-12T10:29:59,2100-12-01T00:00:00,0,0,800010171,0,0,0,0,0
10206,7200406,7210348,1,crow10206,3102171,0,0,0,0,0,0,1023,34,0,0,0,2,0,0,3,0,0,0,2022-05-25T10:35:00,2022-06-12T10:29:59,2100-12-01T00:00:00,0,0,800010173,0,0,0,0,0
10207,7200407,7210340,1,crow10207,3102172,0,0,0,0,0,0,1023,35,0,0,0,3,0,0,2,0,0,0,2022-05-25T10:35:00,2022-06-12T10:29:59,2100-12-01T00:00:00,0,0,800010174,0,0,0,0,0
10208,7200395,7210384,1,crow10208,3102160,0,0,0,0,0,0,1023,37,0,0,0,2,0,0,5,0,0,0,2022-05-18T10:35:00,2022-06-07T23:59:59,2100-12-01T00:00:00,0,0,800010196,0,0,0,0,0
10209,7200409,7210396,1,crow10209,3102175,0,0,0,0,0,0,1023,25,0,0,0,3,0,0,2,0,0,0,2022-05-31T10:35:00,2022-06-20T23:59:59,2100-12-01T00:00:00,0,0,800010209,0,0,0,0,0
10210,7200410,7210397,1,crow10210,3102176,0,0,0,0,0,0,1023,26,0,0,0,3,0,0,2,0,0,0,2022-05-31T10:35:00,2022-06-20T23:59:59,2100-12-01T00:00:00,0,0,800010210,0,0,0,0,0
10211,7200411,7210398,1,crow10211,3102177,0,0,0,0,0,0,1023,27,0,0,0,3,0,0,2,0,0,0,2022-05-31T10:35:00,2022-06-20T23:59:59,2100-12-01T00:00:00,0,0,800010211,0,0,0,0,0
10212,7200412,7210226,1,crow10212,0,0,0,0,0,0,0,1023,28,0,0,0,0,0,0,1,0,0,0,2022-05-31T10:35:00,2022-06-20T23:59:59,2100-12-01T00:00:00,0,0,800010077,0,0,0,0,0
10213,7200413,7210238,1,crow10213,3102178,0,0,0,0,0,0,1023,29,0,0,0,2,0,0,2,0,0,0,2022-05-31T10:35:00,2022-06-20T23:59:59,2100-12-01T00:00:00,0,0,800010012,0,0,0,0,0
10214,7200414,7210399,1,crow10214,3102179,0,0,0,0,0,0,1023,30,0,0,0,2,0,0,3,0,0,0,2022-05-31T10:35:00,2022-06-20T23:59:59,2100-12-01T00:00:00,0,0,800010214,0,0,0,0,0
10215,7200415,7210400,1,crow10215,3102180,0,0,0,0,0,0,1023,31,0,0,0,0,0,0,1,0,0,0,2022-05-31T10:35:00,2022-06-20T23:59:59,2100-12-01T00:00:00,0,0,800010169,0,0,0,0,0
10216,7200416,7210336,1,crow10216,3102181,0,0,0,0,0,0,1023,32,0,0,0,2,0,0,5,0,0,0,2022-05-31T10:35:00,2022-06-20T23:59:59,2100-12-01T00:00:00,0,0,800010170,0,0,0,0,0
10217,7200417,7210394,1,crow10217,3102182,0,0,0,0,0,0,1023,33,0,0,0,0,0,0,3,0,0,0,2022-05-31T10:35:00,2022-06-20T23:59:59,2100-12-01T00:00:00,0,0,800010171,0,0,0,0,0
10218,7200418,7210341,1,crow10218,3102183,0,0,0,0,0,0,1023,34,0,0,0,2,0,0,3,0,0,0,2022-05-31T10:35:00,2022-06-20T23:59:59,2100-12-01T00:00:00,0,0,800010175,0,0,0,0,0
10219,7200419,7210402,1,crow10219,3102184,0,0,0,0,0,0,1023,35,0,0,0,0,0,0,2,0,0,0,2022-05-31T10:35:00,2022-06-20T23:59:59,2100-12-01T00:00:00,0,0,800010219,0,0,0,0,0
10220,7200431,7210414,1,crow10220,3102185,0,0,0,0,0,0,1023,19,0,0,0,0,0,0,1,0,0,0,2022-06-07T10:35:00,2022-07-01T23:59:59,2100-12-01T00:00:00,0,0,800010220,0,0,0,0,0
10221,7200432,7210390,1,crow10221,3102186,0,0,0,0,0,0,1023,20,0,0,0,2,0,0,4,0,0,0,2022-06-07T10:35:00,2022-06-27T23:59:59,2100-12-01T00:00:00,0,0,800010201,0,0,0,0,0
10222,7200433,7210375,1,crow10222,3102187,0,0,0,0,0,0,1023,21,0,0,0,0,0,0,3,0,0,0,2022-06-07T10:35:00,2022-06-27T23:59:59,2100-12-01T00:00:00,0,0,800010186,0,0,0,0,0
10223,7200434,7210415,1,crow10223,3102188,0,0,0,0,0,0,1023,22,0,0,0,2,0,0,5,0,0,0,2022-06-07T10:35:00,2022-06-27T23:59:59,2100-12-01T00:00:00,0,0,800010223,0,0,0,0,0
10224,7200435,7210416,1,crow10224_01,3102189,0,0,0,0,0,0,1023,23,0,0,0,2,0,0,5,0,0,0,2022-06-07T10:35:00,2022-06-27T23:59:59,2100-12-01T00:00:00,0,0,800010103,0,0,0,0,0
10225,7200436,7210417,1,crow10225,3102190,0,0,0,0,0,0,1023,24,0,0,0,2,0,0,5,0,0,0,2022-06-07T10:35:00,2022-06-27T23:59:59,2100-12-01T00:00:00,0,0,800010136,0,0,0,0,0
10226,7200437,7210342,1,crow10226_01,3102191,0,0,0,0,0,0,1023,25,0,0,0,2,0,0,3,0,0,0,2022-06-07T10:35:00,2022-06-27T23:59:59,2100-12-01T00:00:00,0,0,800010176,0,0,0,0,0
10227,7200438,7210340,1,crow10227_01,3102192,0,0,0,0,0,0,1023,26,0,0,0,0,0,0,2,0,0,0,2022-06-07T10:35:00,2022-06-27T23:59:59,2100-12-01T00:00:00,0,0,800010174,0,0,0,0,0
10228,7200439,7210390,1,crow10228,3102193,0,0,0,0,0,0,1023,27,0,0,0,2,0,0,4,0,0,0,2022-06-11T10:30:00,2022-06-22T23:59:59,2100-12-01T00:00:00,0,0,800010201,0,0,0,0,0
10229,7200440,7210418,1,crow10229,3102194,0,0,0,0,0,0,1023,28,0,0,0,0,0,0,3,0,0,0,2022-06-11T10:30:00,2022-06-22T23:59:59,2100-12-01T00:00:00,0,0,800010229,0,0,0,0,0
10230,7200441,7210394,1,crow10230,3102195,0,0,0,0,0,0,1023,29,0,0,0,0,0,0,3,0,0,0,2022-06-11T10:30:00,2022-06-22T23:59:59,2100-12-01T00:00:00,0,0,800010171,0,0,0,0,0
10231,7200442,7210419,1,crow10231,3102196,0,0,0,0,0,0,1023,30,0,0,0,0,0,0,1,0,0,0,2022-06-11T10:30:00,2022-06-22T23:59:59,2100-12-01T00:00:00,0,0,800010093,0,0,0,0,0
10232,7200443,7210420,1,crow10232,3102197,0,0,0,0,0,0,1023,31,0,0,0,2,0,0,3,0,0,0,2022-06-11T10:30:00,2022-06-22T23:59:59,2100-12-01T00:00:00,0,0,800010232,0,0,0,0,0
10233,7200444,7210421,1,crow10233,3102198,0,0,0,0,0,0,1023,32,0,0,0,2,0,0,5,0,0,0,2022-06-11T10:30:00,2022-06-22T23:59:59,2100-12-01T00:00:00,0,0,800010233,0,0,0,0,0
10234,7200447,7210424,1,crow10234,3102203,0,0,0,0,0,0,1023,31,0,0,0,0,0,0,1,0,0,0,2022-06-17T10:35:00,2022-07-07T10:29:59,2100-12-01T00:00:00,0,0,800010234,0,0,0,0,0
10235,7200448,7210425,1,crow10235,3102204,0,0,0,0,0,0,1023,32,0,0,0,0,0,0,3,0,0,0,2022-06-17T10:35:00,2022-07-07T10:29:59,2100-12-01T00:00:00,0,0,800010235,0,0,0,0,0
10236,7200449,7210390,1,crow10236,3102205,0,0,0,0,0,0,1023,33,0,0,0,2,0,0,5,0,0,0,2022-06-17T10:35:00,2022-07-07T10:29:59,2100-12-01T00:00:00,0,0,800010201,0,0,0,0,0
10237,7200450,7210375,1,crow10237,3102206,0,0,0,0,0,0,1023,34,0,0,0,3,0,0,2,0,0,0,2022-06-17T10:35:00,2022-07-07T10:29:59,2100-12-01T00:00:00,0,0,800010186,0,0,0,0,0
10238,7200451,7210426,1,crow10238,3102207,0,0,0,0,0,0,1023,35,0,0,0,0,0,0,3,0,0,0,2022-06-17T10:35:00,2022-07-07T10:29:59,2100-12-01T00:00:00,0,0,800010195,0,0,0,0,0
10239,7200452,7210427,1,crow10239,3102208,0,0,0,0,0,0,1023,36,0,0,0,2,0,0,5,0,0,0,2022-06-17T10:35:00,2022-07-07T10:29:59,2100-12-01T00:00:00,0,0,800010239,0,0,0,0,0
10240,7200453,7210428,1,crow10240,3102209,0,0,0,0,0,0,1023,37,0,0,0,0,0,0,3,0,0,0,2022-06-17T10:35:00,2022-07-07T10:29:59,2100-12-01T00:00:00,0,0,800010171,0,0,0,0,0
10241,7200454,7210341,1,crow10241,3102210,0,0,0,0,0,0,1023,38,0,0,0,2,0,0,3,0,0,0,2022-06-17T10:35:00,2022-07-07T10:29:59,2100-12-01T00:00:00,0,0,800010175,0,0,0,0,0
10242,7200455,7210430,1,crow10242,3102211,0,0,0,0,0,0,1023,39,0,0,0,2,0,0,3,0,0,0,2022-06-17T10:35:00,2022-07-07T10:29:59,2100-12-01T00:00:00,0,0,800010242,0,0,0,0,0
10243,7200456,7210431,1,crow10243_1,3102212,0,0,0,0,0,0,1032,2,0,0,0,0,0,0,1,0,0,168,2022-06-17T10:35:00,2023-01-24T10:34:59,2100-12-01T00:00:00,0,0,800010243,0,0,0,0,0
10244,7200457,7210226,1,crow10244_1,0,0,0,0,0,0,0,1032,2,0,0,0,0,0,0,1,0,0,168,2022-06-17T10:35:00,2024-12-24T10:29:59,2100-12-01T00:00:00,0,0,800010244,0,0,0,0,0
10245,7200458,7210432,1,crow10245_1,3102213,0,0,0,0,0,0,1032,3,0,0,0,0,0,0,1,0,0,168,2022-06-17T10:35:00,2024-12-24T10:29:59,2100-12-01T00:00:00,0,0,800010245,0,0,0,0,0
10246,7200459,7210433,1,crow10246_1,3102214,0,0,0,0,0,0,1032,5,0,0,0,0,0,0,1,0,0,168,2022-06-17T10:35:00,2023-01-24T10:34:59,2100-12-01T00:00:00,0,0,800010246,0,0,0,0,0
10247,7200460,7210434,1,crow10247_1,3102215,0,0,0,0,0,0,1032,6,0,0,0,0,0,0,2,0,0,168,2022-06-17T10:35:00,2023-01-24T10:34:59,2100-12-01T00:00:00,0,0,800010247,0,0,0,0,0
10248,7200461,7210435,1,crow10248_1,3102216,0,0,0,0,0,0,1032,7,0,0,0,0,0,0,1,0,0,168,2022-06-17T10:35:00,2023-01-24T10:34:59,2100-12-01T00:00:00,0,0,800010248,0,0,0,0,0
10249,7200462,7210436,1,0,3102217,0,0,0,0,0,0,1032,1,0,0,0,1,0,0,1,1,0,168,2022-06-17T10:35:00,2100-12-31T00:00:00,2100-12-01T00:00:00,0,0,800010249,0,0,0,0,0
10250,7200463,7210437,1,crow10250,3102218,0,0,0,0,0,0,1023,22,0,0,0,0,0,0,2,0,0,0,2022-06-23T10:35:00,2022-07-07T10:29:59,2100-12-01T00:00:00,0,0,800010250,0,0,0,0,0
10251,7200464,7210438,1,crow10251,3102219,0,0,0,0,0,0,1023,23,0,0,0,0,0,0,2,0,0,0,2022-06-23T10:35:00,2022-07-07T10:29:59,2100-12-01T00:00:00,0,0,800010251,0,0,0,0,0
10252,7200465,7210439,1,crow10252,3102220,0,0,0,0,0,0,1023,24,0,0,0,0,0,0,2,0,0,0,2022-06-23T10:35:00,2022-07-07T10:29:59,2100-12-01T00:00:00,0,0,800010252,0,0,0,0,0
10253,7200466,7210440,1,crow10253,3102221,0,0,0,0,0,0,1023,25,0,0,0,0,0,0,2,0,0,0,2022-06-23T10:35:00,2022-07-13T10:29:59,2100-12-01T00:00:00,0,0,800010253,0,0,0,0,0
10254,7200467,7210415,1,crow10254,3102222,0,0,0,0,0,0,1023,26,0,0,0,2,0,0,5,0,0,0,2022-06-23T10:35:00,2022-07-13T10:29:59,2100-12-01T00:00:00,0,0,800010223,0,0,0,0,0
10255,7200468,7210385,1,crow10255,3102223,0,0,0,0,0,0,1023,27,0,0,0,2,0,0,4,0,0,0,2022-06-23T10:35:00,2022-07-13T10:29:59,2100-12-01T00:00:00,0,0,800010103,0,0,0,0,0
10256,7200469,7210386,1,crow10256,3102224,0,0,0,0,0,0,1023,28,0,0,0,2,0,0,4,0,0,0,2022-06-23T10:35:00,2022-07-13T10:29:59,2100-12-01T00:00:00,0,0,800010136,0,0,0,0,0
10257,7200470,7210336,1,crow10257,3102225,0,0,0,0,0,0,1023,29,0,0,0,2,0,0,5,0,0,0,2022-06-23T10:35:00,2022-07-13T10:29:59,2100-12-01T00:00:00,0,0,800010170,0,0,0,0,0
10258,7200471,7210340,1,crow10258,3102226,0,0,0,0,0,0,1023,30,0,0,0,0,0,0,2,0,0,0,2022-06-23T10:35:00,2022-07-13T10:29:59,2100-12-01T00:00:00,0,0,800010174,0,0,0,0,0
10259,7200472,7210442,1,crow10259,3102227,0,0,0,0,0,0,1023,23,0,0,0,3,0,0,2,0,0,0,2022-06-30T10:35:00,2022-07-20T10:29:59,2100-12-01T00:00:00,0,0,800010259,0,0,0,0,0
10260,7200473,7210443,1,crow10260,3102228,0,0,0,0,0,0,1023,24,0,0,0,3,0,0,2,0,0,0,2022-06-30T10:35:00,2022-07-20T10:29:59,2100-12-01T00:00:00,0,0,800010260,0,0,0,0,0
10261,7200474,7210444,1,crow10261,3102229,0,0,0,0,0,0,1023,25,0,0,0,3,0,0,2,0,0,0,2022-06-30T10:35:00,2022-07-20T10:29:59,2100-12-01T00:00:00,0,0,800010261,0,0,0,0,0
10262,7200475,7210226,1,crow10262,0,0,0,0,0,0,0,1023,26,0,0,0,0,0,0,1,0,0,0,2022-06-30T10:35:00,2022-07-20T10:29:59,2100-12-01T00:00:00,0,0,800010077,0,0,0,0,0
10263,7200476,7210238,1,crow10263,3102230,0,0,0,0,0,0,1023,27,0,0,0,2,0,0,2,0,0,0,2022-06-30T10:35:00,2022-07-20T10:29:59,2100-12-01T00:00:00,0,0,800010012,0,0,0,0,0
10264,7200477,7210400,1,crow10264,3102231,0,0,0,0,0,0,1023,28,0,0,0,0,0,0,1,0,0,0,2022-06-30T10:35:00,2022-07-20T10:29:59,2100-12-01T00:00:00,0,0,800010169,0,0,0,0,0
10265,7200478,7210336,1,crow10265,3102232,0,0,0,0,0,0,1023,29,0,0,0,2,0,0,5,0,0,0,2022-06-30T10:35:00,2022-07-20T10:29:59,2100-12-01T00:00:00,0,0,800010170,0,0,0,0,0
10266,7200479,7210394,1,crow10266,3102233,0,0,0,0,0,0,1023,30,0,0,0,0,0,0,3,0,0,0,2022-06-30T10:35:00,2022-07-20T10:29:59,2100-12-01T00:00:00,0,0,800010171,0,0,0,0,0
10267,7200480,7210341,1,crow10267,3102234,0,0,0,0,0,0,1023,31,0,0,0,2,0,0,3,0,0,0,2022-06-30T10:35:00,2022-07-20T10:29:59,2100-12-01T00:00:00,0,0,800010175,0,0,0,0,0
10268,7200481,7210402,1,crow10268,3102235,0,0,0,0,0,0,1023,32,0,0,0,0,0,0,2,0,0,0,2022-06-30T10:35:00,2022-07-20T10:29:59,2100-12-01T00:00:00,0,0,800010219,0,0,0,0,0
10269,7200483,7210446,1,crow10269,3102236,0,0,0,0,0,0,1023,33,0,0,0,3,0,0,2,0,0,0,2022-06-30T10:35:00,2022-07-20T10:29:59,2100-12-01T00:00:00,0,0,800010269,0,0,0,0,0
10270,7200497,7210460,1,crow10270,3102237,0,0,0,0,0,0,1023,22,0,0,0,0,0,0,1,0,0,0,2022-07-07T10:35:00,2022-08-02T10:29:59,2100-12-01T00:00:00,0,0,800010270,0,0,0,0,0
10271,7200498,7210390,1,crow10271,3102238,0,0,0,0,0,0,1023,23,0,0,0,2,0,0,4,0,0,0,2022-07-07T10:35:00,2022-07-27T10:29:59,2100-12-01T00:00:00,0,0,800010201,0,0,0,0,0
10272,7200499,7210375,1,crow10272,3102239,0,0,0,0,0,0,1023,24,0,0,0,0,0,0,3,0,0,0,2022-07-07T10:35:00,2022-07-27T10:29:59,2100-12-01T00:00:00,0,0,800010186,0,0,0,0,0
10273,7200500,7210461,1,crow10273,3102240,0,0,0,0,0,0,1023,25,0,0,0,0,0,0,1,0,0,0,2022-07-07T10:35:00,2022-07-27T10:29:59,2100-12-01T00:00:00,0,0,800010273,0,0,0,0,0
10274,7200501,7210415,1,crow10274,3102241,0,0,0,0,0,0,1023,26,0,0,0,2,0,0,5,0,0,0,2022-07-07T10:35:00,2022-07-27T10:29:59,2100-12-01T00:00:00,0,0,800010223,0,0,0,0,0
10275,7200502,7210430,1,crow10275,3102242,0,0,0,0,0,0,1023,27,0,0,0,2,0,0,3,0,0,0,2022-07-07T10:35:00,2022-07-27T10:29:59,2100-12-01T00:00:00,0,0,800010242,0,0,0,0,0
10276,7200503,7210342,1,crow10276,3102243,0,0,0,0,0,0,1023,28,0,0,0,2,0,0,3,0,0,0,2022-07-07T10:35:00,2022-07-27T10:29:59,2100-12-01T00:00:00,0,0,800010176,0,0,0,0,0
10277,7200504,7210340,1,crow10277,3102244,0,0,0,0,0,0,1023,29,0,0,0,0,0,0,2,0,0,0,2022-07-07T10:35:00,2022-07-27T10:29:59,2100-12-01T00:00:00,0,0,800010174,0,0,0,0,0
10278,7200505,7210462,1,crow10278,3102245,0,0,0,0,0,0,1023,30,0,0,0,2,0,0,5,0,0,0,2022-07-07T10:35:00,2022-07-27T10:29:59,2100-12-01T00:00:00,0,0,800010278,0,0,0,0,0
10279,7200506,7210463,1,crow10279,3102246,0,0,0,0,0,0,1023,31,0,0,0,0,0,0,1,0,0,0,2022-07-07T10:35:00,2022-07-27T10:29:59,2100-12-01T00:00:00,0,0,800010279,0,0,0,0,0
10280,7200507,7210464,1,crow10280,3102247,0,0,0,0,0,0,1023,26,0,0,0,0,0,0,2,0,0,0,2022-07-15T10:35:00,2022-08-04T10:29:59,2100-12-01T00:00:00,0,0,800010280,0,0,0,0,0
10281,7200508,7210465,1,crow10281,3102248,0,0,0,0,0,0,1023,27,0,0,0,0,0,0,2,0,0,0,2022-07-15T10:35:00,2022-08-04T10:29:59,2100-12-01T00:00:00,0,0,800010281,0,0,0,0,0
10282,7200509,7210466,1,crow10282,3102249,0,0,0,0,0,0,1023,28,0,0,0,0,0,0,2,0,0,0,2022-07-15T10:35:00,2022-08-04T10:29:59,2100-12-01T00:00:00,0,0,800010282,0,0,0,0,0
10283,7200510,7210467,1,crow10283,3102250,0,0,0,0,0,0,1023,29,0,0,0,0,0,0,1,0,0,0,2022-07-15T10:35:00,2022-08-04T10:29:59,2100-12-01T00:00:00,0,0,800010177,0,0,0,0,0
10284,7200511,7210390,1,crow10284,3102251,0,0,0,0,0,0,1023,30,0,0,0,2,0,0,5,0,0,0,2022-07-15T10:35:00,2022-08-04T10:29:59,2100-12-01T00:00:00,0,0,800010201,0,0,0,0,0
10285,7200512,7210375,1,crow10285,3102252,0,0,0,0,0,0,1023,31,0,0,0,3,0,0,2,0,0,0,2022-07-15T10:35:00,2022-08-04T10:29:59,2100-12-01T00:00:00,0,0,800010186,0,0,0,0,0
10286,7200513,7210400,1,crow10286,3102253,0,0,0,0,0,0,1023,32,0,0,0,0,0,0,1,0,0,0,2022-07-15T10:35:00,2022-08-04T10:29:59,2100-12-01T00:00:00,0,0,800010169,0,0,0,0,0
10287,7200514,7210336,1,crow10287,3102254,0,0,0,0,0,0,1023,33,0,0,0,2,0,0,5,0,0,0,2022-07-15T10:35:00,2022-08-04T10:29:59,2100-12-01T00:00:00,0,0,800010170,0,0,0,0,0
10288,7200515,7210394,1,crow10288,3102255,0,0,0,0,0,0,1023,34,0,0,0,0,0,0,3,0,0,0,2022-07-15T10:35:00,2022-08-04T10:29:59,2100-12-01T00:00:00,0,0,800010171,0,0,0,0,0
10289,7200516,7210341,1,crow10289,3102256,0,0,0,0,0,0,1023,35,0,0,0,2,0,0,3,0,0,0,2022-07-15T10:35:00,2022-08-04T10:29:59,2100-12-01T00:00:00,0,0,800010175,0,0,0,0,0
10290,7200517,7210402,1,crow10290,3102257,0,0,0,0,0,0,1023,36,0,0,0,0,0,0,2,0,0,0,2022-07-15T10:35:00,2022-08-04T10:29:59,2100-12-01T00:00:00,0,0,800010219,0,0,0,0,0
10291,7200518,7210468,1,crow10291,3102258,0,0,0,0,0,0,1023,37,0,0,0,2,0,0,3,0,0,0,2022-07-15T10:35:00,2022-08-04T10:29:59,2100-12-01T00:00:00,0,0,800010291,0,0,0,0,0
10292,7200519,7210460,1,crow10292,3102259,0,0,0,0,0,0,1023,32,0,0,0,0,0,0,1,0,0,0,2022-07-15T10:35:00,2022-08-02T10:29:59,2100-12-01T00:00:00,0,0,800010270,0,0,0,0,0
10293,7200530,7210467,1,crow10293,3102260,0,0,0,0,0,0,1023,18,0,0,0,0,0,0,1,0,0,0,2022-07-22T10:35:00,2022-08-04T10:29:59,2100-12-01T00:00:00,0,0,800010177,0,0,0,0,0
10294,7200531,7210390,1,crow10294,3102261,0,0,0,0,0,0,1023,29,0,0,0,2,0,0,5,0,0,0,2022-07-22T10:35:00,2022-08-11T10:29:59,2100-12-01T00:00:00,0,0,800010201,0,0,0,0,0
10295,7200532,7210375,1,crow10295,3102262,0,0,0,0,0,0,1023,30,0,0,0,3,0,0,2,0,0,0,2022-07-22T10:35:00,2022-08-11T10:29:59,2100-12-01T00:00:00,0,0,800010186,0,0,0,0,0
10296,7200333,7210486,1,crow10296,3102263,0,0,0,0,0,0,1023,31,0,0,0,0,0,0,1,0,0,0,2022-07-22T10:35:00,2022-08-11T10:29:59,2100-12-01T00:00:00,0,0,800010296,0,0,0,0,0
10297,7200320,7210487,1,crow10297,3102264,0,0,0,0,0,0,1023,32,0,0,0,2,0,0,3,0,0,0,2022-07-22T10:35:00,2022-08-11T10:29:59,2100-12-01T00:00:00,0,0,800010146,0,0,0,0,0
10298,7200533,7210488,1,crow10298,3102265,0,0,0,0,0,0,1023,33,0,0,0,2,0,0,3,0,0,0,2022-07-22T10:35:00,2022-08-11T10:29:59,2100-12-01T00:00:00,0,0,800010298,0,0,0,0,0
10299,7200534,7210489,1,crow10299,3102266,0,0,0,0,0,0,1023,34,0,0,0,2,0,0,3,0,0,0,2022-07-22T10:35:00,2022-08-11T10:29:59,2100-12-01T00:00:00,0,0,800010299,0,0,0,0,0
10300,7200535,7210490,1,crow10300,3102267,0,0,0,0,0,0,1023,35,0,0,0,3,0,0,1,0,0,0,2022-07-22T10:35:00,2022-08-11T10:29:59,2100-12-01T00:00:00,0,0,800010300,0,0,0,0,0
10301,7200538,7210493,1,crow10301_1,3102272,0,0,0,0,0,0,1025,85,0,0,0,0,0,0,1,0,0,0,2022-07-22T10:35:00,2026-08-28T10:29:59,2100-12-01T00:00:00,160,0,800010301,0,0,0,0,0
10302,7200539,7210494,1,crow10302,3102273,0,0,0,0,0,0,1033,1,0,0,0,0,0,0,10,0,0,0,2022-07-22T10:35:00,2022-08-31T10:29:59,2100-12-01T00:00:00,0,0,800010302,0,0,0,0,0
10303,7200540,7210495,1,crow10303,3102274,0,0,0,0,0,0,1033,2,0,0,0,0,0,0,10,0,0,0,2022-07-22T10:35:00,2022-08-31T10:29:59,2100-12-01T00:00:00,0,0,800010303,0,0,0,0,0
10304,7200541,7210496,1,crow10304,3102275,0,0,0,0,0,0,1033,3,0,0,0,0,0,0,10,0,0,0,2022-07-22T10:35:00,2022-08-31T10:29:59,2100-12-01T00:00:00,0,0,800010304,0,0,0,0,0
10305,7200542,7210497,1,crow10305,0,0,0,0,0,0,0,1033,4,0,0,0,0,0,0,1,0,0,0,2022-07-22T10:35:00,2022-08-11T10:29:59,2100-12-01T00:00:00,0,0,800010305,0,0,0,0,0
10306,7200543,7210498,1,crow10306,3102277,0,0,0,0,0,0,1033,5,0,0,0,3,0,0,1,0,0,0,2022-07-22T10:35:00,2022-08-11T10:29:59,2100-12-01T00:00:00,0,0,800010306,0,0,0,0,0
10307,7200545,7210500,1,crow10307,3102280,0,0,0,0,0,0,1033,6,0,0,0,0,0,0,1,0,0,0,2022-07-22T10:35:00,2022-08-11T10:29:59,2100-12-01T00:00:00,0,0,800010308,0,0,0,0,0
10308,7200546,7210501,1,crow10308,3102281,0,0,0,0,0,0,1033,8,0,0,0,0,0,0,1,0,0,0,2022-07-22T10:35:00,2022-08-11T10:29:59,2100-12-01T00:00:00,0,0,800010309,0,0,0,0,0
10309,7200547,7210502,1,crow10309,3102282,0,0,0,0,0,0,1033,9,0,0,0,3,0,0,3,0,0,0,2022-07-22T10:35:00,2022-08-11T10:29:59,2100-12-01T00:00:00,0,0,800010310,0,0,0,0,0
10310,7200548,7210503,1,crow10310,3102283,0,0,0,0,0,0,1033,10,0,0,0,2,0,0,3,0,0,0,2022-07-22T10:35:00,2022-08-11T10:29:59,2100-12-01T00:00:00,0,0,800010311,0,0,0,0,0
10311,7200549,7210504,1,crow10311,3102284,0,0,0,0,0,0,1033,11,0,0,0,0,0,0,2,0,0,0,2022-07-22T10:35:00,2022-08-11T10:29:59,2100-12-01T00:00:00,0,0,800010312,0,0,0,0,0
10312,7200550,7210505,1,crow10312,3102285,0,0,0,0,0,0,1023,43,0,0,0,3,0,0,2,0,0,0,2022-07-31T10:30:00,2022-08-30T10:29:59,2100-12-01T00:00:00,0,0,800010313,0,0,0,0,0
10313,7200551,7210506,1,crow10313,3102286,0,0,0,0,0,0,1023,44,0,0,0,3,0,0,2,0,0,0,2022-07-31T10:30:00,2022-08-30T10:29:59,2100-12-01T00:00:00,0,0,800010314,0,0,0,0,0
10314,7200552,7210507,1,crow10314,3102287,0,0,0,0,0,0,1023,45,0,0,0,3,0,0,2,0,0,0,2022-07-31T10:30:00,2022-08-30T10:29:59,2100-12-01T00:00:00,0,0,800010315,0,0,0,0,0
10315,7200553,7210238,1,crow10315,3102288,0,0,0,0,0,0,1023,33,0,0,0,2,0,0,2,0,0,0,2022-07-31T10:30:00,2022-08-20T10:29:59,2100-12-01T00:00:00,0,0,800010012,0,0,0,0,0
10316,7200554,7210400,1,crow10316,3102289,0,0,0,0,0,0,1023,34,0,0,0,0,0,0,1,0,0,0,2022-07-31T10:30:00,2022-08-20T10:29:59,2100-12-01T00:00:00,0,0,800010169,0,0,0,0,0
10317,7200555,7210508,1,crow10317,3102290,0,0,0,0,0,0,1023,35,0,0,0,2,0,0,5,0,0,0,2022-07-31T10:30:00,2022-08-20T10:29:59,2100-12-01T00:00:00,0,0,800010170,0,0,0,0,0
10318,7200556,7210394,1,crow10318,3102291,0,0,0,0,0,0,1023,36,0,0,0,0,0,0,3,0,0,0,2022-07-31T10:30:00,2022-08-20T10:29:59,2100-12-01T00:00:00,0,0,800010171,0,0,0,0,0
10319,7200557,7210341,1,crow10319,3102292,0,0,0,0,0,0,1023,37,0,0,0,2,0,0,3,0,0,0,2022-07-31T10:30:00,2022-08-20T10:29:59,2100-12-01T00:00:00,0,0,800010175,0,0,0,0,0
10320,7200558,7210402,1,crow10320,3102293,0,0,0,0,0,0,1023,38,0,0,0,0,0,0,2,0,0,0,2022-07-31T10:30:00,2022-08-20T10:29:59,2100-12-01T00:00:00,0,0,800010219,0,0,0,0,0
10321,7200559,7210446,1,crow10321,3102294,0,0,0,0,0,0,1023,39,0,0,0,3,0,0,2,0,0,0,2022-07-31T10:30:00,2022-08-20T10:29:59,2100-12-01T00:00:00,0,0,800010269,0,0,0,0,0
10322,7200560,7210510,1,crow10322,3102295,0,0,0,0,0,0,1023,53,0,0,0,0,0,0,1,0,0,0,2022-07-31T10:30:00,2022-08-31T10:29:59,2100-12-01T00:00:00,0,0,800010330,0,0,0,0,0
10323,7200561,7210511,1,crow10323,3102296,0,0,0,0,0,0,1023,37,0,0,0,0,0,0,3,0,0,0,2022-08-08T10:30:00,2022-08-30T10:29:59,2100-12-01T00:00:00,0,0,800010323,0,0,0,0,0
10324,7200562,7210390,1,crow10324,3102297,0,0,0,0,0,0,1023,25,0,0,0,2,0,0,5,0,0,0,2022-08-08T10:30:00,2022-08-28T10:29:59,2100-12-01T00:00:00,0,0,800010201,0,0,0,0,0
10325,7200563,7210375,1,crow10325,3102298,0,0,0,0,0,0,1023,26,0,0,0,0,0,0,2,0,0,0,2022-08-08T10:30:00,2022-08-28T10:29:59,2100-12-01T00:00:00,0,0,800010186,0,0,0,0,0
10326,7200564,7210512,1,crow10326,3102299,0,0,0,0,0,0,1023,27,0,0,0,0,0,0,3,0,0,0,2022-08-08T10:30:00,2022-08-28T10:29:59,2100-12-01T00:00:00,0,0,800010195,0,0,0,0,0
10327,7200565,7210513,1,crow10327,3102300,0,0,0,0,0,0,1023,28,0,0,0,2,0,0,5,0,0,0,2022-08-08T10:30:00,2022-08-28T10:29:59,2100-12-01T00:00:00,0,0,800010239,0,0,0,0,0
10328,7200566,7210514,1,crow10328,3102301,0,0,0,0,0,0,1023,29,0,0,0,0,0,0,3,0,0,0,2022-08-08T10:30:00,2022-08-28T10:29:59,2100-12-01T00:00:00,0,0,800010171,0,0,0,0,0
10329,7200593,7210539,1,0,3109011,0,0,0,0,0,0,1009,2,0,0,0,3,0,0,1,0,0,0,2022-07-28T10:35:00,2100-12-31T00:00:00,2100-12-01T00:00:00,0,0,800010329,0,0,0,0,0
10330,7200594,7210510,1,0,3109012,0,0,0,0,0,0,1009,2,0,0,0,3,0,0,1,0,0,0,2022-07-28T10:35:00,2100-12-31T00:00:00,2100-12-01T00:00:00,0,0,800010330,0,0,0,0,0
10331,7200567,7210226,1,crow10331,0,0,0,0,0,0,0,1034,4,0,0,0,0,0,0,1,0,0,0,2022-08-11T10:35:00,2022-08-31T23:59:59,2100-12-01T00:00:00,0,0,800010331,0,0,0,0,0
10332,7200568,7210497,1,crow10332,0,0,0,0,0,0,0,1034,5,0,0,0,0,0,0,1,0,0,0,2022-08-11T10:35:00,2022-08-31T23:59:59,2100-12-01T00:00:00,0,0,800010332,0,0,0,0,0
10333,7200569,7210498,1,crow10333,3102302,0,0,0,0,0,0,1034,6,0,0,0,0,0,0,1,0,0,0,2022-08-11T10:35:00,2022-08-31T23:59:59,2100-12-01T00:00:00,0,0,800010333,0,0,0,0,0
10334,7200570,7210440,1,crow10334,3102303,0,0,0,0,0,0,1034,7,0,0,0,0,0,0,2,0,0,0,2022-08-11T10:35:00,2022-08-31T23:59:59,2100-12-01T00:00:00,0,0,800010334,0,0,0,0,0
10335,7200571,7210518,1,crow10335,3102304,0,0,0,0,0,0,1034,10,0,0,0,0,0,0,1,0,0,0,2022-08-11T10:35:00,2022-08-31T23:59:59,2100-12-01T00:00:00,0,0,800010335,0,0,0,0,0
10336,7200572,7210519,1,crow10336,3102305,0,0,0,0,0,0,1034,11,0,0,0,0,0,0,1,0,0,0,2022-08-11T10:35:00,2022-08-31T23:59:59,2100-12-01T00:00:00,0,0,800010336,0,0,0,0,0
10337,7200573,7210520,1,crow10337,3102306,0,0,0,0,0,0,1034,12,0,0,0,0,0,0,2,0,0,0,2022-08-11T10:35:00,2022-08-31T23:59:59,2100-12-01T00:00:00,0,0,800010337,0,0,0,0,0
10338,7200574,7210521,1,crow10338,3102307,0,0,0,0,0,0,1034,13,0,0,0,0,0,0,2,0,0,0,2022-08-11T10:35:00,2022-08-31T23:59:59,2100-12-01T00:00:00,0,0,800010338,0,0,0,0,0
10339,7200575,7210522,1,crow10339,3102308,0,0,0,0,0,0,1034,14,0,0,0,0,0,0,1,0,0,0,2022-08-11T10:35:00,2022-08-31T23:59:59,2100-12-01T00:00:00,0,0,800010339,0,0,0,0,0
10340,7200576,7210523,1,crow10340,3102309,0,0,0,0,0,0,1034,15,0,0,0,0,0,0,1,0,0,0,2022-08-11T10:35:00,2022-08-31T23:59:59,2100-12-01T00:00:00,0,0,800010340,0,0,0,0,0
10341,7200577,7210524,1,crow10341,3102310,0,0,0,0,0,0,1034,16,0,0,0,0,0,0,1,0,0,0,2022-08-11T10:35:00,2022-08-31T23:59:59,2100-12-01T00:00:00,0,0,800010341,0,0,0,0,0
10342,7200580,7210526,1,0,3102315,0,0,0,0,0,0,1001,1,0,0,0,1,0,0,1,1,0,0,2022-08-11T10:35:00,2022-08-21T10:29:59,2100-12-01T00:00:00,0,0,801010342,0,0,0,0,0
10343,7200524,7210474,1,0,3104003,0,0,0,0,0,0,1004,13,0,0,0,2,0,0,5,0,0,0,2022-08-18T10:35:00,2100-12-31T00:00:00,2100-12-01T00:00:00,0,0,710000141,0,0,0,0,0
10344,7200524,7210474,1,0,3104004,0,0,0,0,0,0,1004,14,0,0,0,2,0,0,3,0,0,0,2022-08-18T10:35:00,2100-12-31T00:00:00,2100-12-01T00:00:00,0,0,710000141,0,0,0,0,0
10345,7200596,7210541,1,crow10345,3102316,0,0,0,0,0,0,1023,48,0,0,0,3,0,0,2,0,0,0,2022-08-15T10:30:00,2022-09-13T10:29:59,2100-12-01T00:00:00,0,0,800010345,0,0,0,0,0
10346,7200597,7210542,1,crow10346,3102317,0,0,0,0,0,0,1023,49,0,0,0,3,0,0,2,0,0,0,2022-08-15T10:30:00,2022-09-13T10:29:59,2100-12-01T00:00:00,0,0,800010346,0,0,0,0,0
10347,7200598,7210543,1,crow10347,3102318,0,0,0,0,0,0,1023,50,0,0,0,3,0,0,2,0,0,0,2022-08-15T10:30:00,2022-09-13T10:29:59,2100-12-01T00:00:00,0,0,800010347,0,0,0,0,0
10348,7200599,7210390,1,crow10348,3102319,0,0,0,0,0,0,1023,29,0,0,0,2,0,0,5,0,0,0,2022-08-15T10:30:00,2022-09-04T10:29:59,2100-12-01T00:00:00,0,0,800010201,0,0,0,0,0
10349,7200600,7210375,1,crow10349,3102320,0,0,0,0,0,0,1023,30,0,0,0,3,0,0,2,0,0,0,2022-08-15T10:30:00,2022-09-04T10:29:59,2100-12-01T00:00:00,0,0,800010186,0,0,0,0,0
10350,7200601,7210400,1,crow10350,3102321,0,0,0,0,0,0,1023,31,0,0,0,0,0,0,1,0,0,0,2022-08-15T10:30:00,2022-09-04T10:29:59,2100-12-01T00:00:00,0,0,800010169,0,0,0,0,0
10351,7200602,7210544,1,crow10351,3102322,0,0,0,0,0,0,1023,32,0,0,0,2,0,0,5,0,0,0,2022-08-15T10:30:00,2022-09-04T10:29:59,2100-12-01T00:00:00,0,0,800010170,0,0,0,0,0
10352,7200603,7210394,1,crow10352,3102323,0,0,0,0,0,0,1023,33,0,0,0,0,0,0,3,0,0,0,2022-08-15T10:30:00,2022-09-04T10:29:59,2100-12-01T00:00:00,0,0,800010171,0,0,0,0,0
10353,7200604,7210341,1,crow10353,3102324,0,0,0,0,0,0,1023,34,0,0,0,2,0,0,3,0,0,0,2022-08-15T10:30:00,2022-09-04T10:29:59,2100-12-01T00:00:00,0,0,800010175,0,0,0,0,0
10354,7200605,7210402,1,crow10354,3102325,0,0,0,0,0,0,1023,35,0,0,0,0,0,0,2,0,0,0,2022-08-15T10:30:00,2022-09-04T10:29:59,2100-12-01T00:00:00,0,0,800010219,0,0,0,0,0
10355,7200606,7210548,1,crow10355,3102326,0,0,0,0,0,0,1023,35,0,0,0,0,0,0,1,0,0,0,2022-08-23T10:30:00,2022-09-13T10:29:59,2100-12-01T00:00:00,0,0,800010355,0,0,0,0,0
10356,7200607,7210390,1,crow10356,3102327,0,0,0,0,0,0,1023,36,0,0,0,2,0,0,5,0,0,0,2022-08-23T10:30:00,2022-09-12T10:29:59,2100-12-01T00:00:00,0,0,800010201,0,0,0,0,0
10357,7200608,7210375,1,crow10357,3102328,0,0,0,0,0,0,1023,37,0,0,0,3,0,0,2,0,0,0,2022-08-23T10:30:00,2022-09-12T10:29:59,2100-12-01T00:00:00,0,0,800010186,0,0,0,0,0
10358,7200609,7210440,1,crow10358,3102329,0,0,0,0,0,0,1023,38,0,0,0,0,0,0,2,0,0,0,2022-08-23T10:30:00,2022-09-12T10:29:59,2100-12-01T00:00:00,0,0,800010253,0,0,0,0,0
10359,7200610,7210545,1,crow10359,3102330,0,0,0,0,0,0,1023,39,0,0,0,0,0,0,3,0,0,0,2022-08-23T10:30:00,2022-09-12T10:29:59,2100-12-01T00:00:00,0,0,800010359,0,0,0,0,0
10360,7200611,7210512,1,crow10360,3102331,0,0,0,0,0,0,1023,40,0,0,0,0,0,0,3,0,0,0,2022-08-23T10:30:00,2022-09-12T10:29:59,2100-12-01T00:00:00,0,0,800010195,0,0,0,0,0
10361,7200612,7210549,1,crow10361,3102332,0,0,0,0,0,0,1023,41,0,0,0,2,0,0,5,0,0,0,2022-08-23T10:30:00,2022-09-12T10:29:59,2100-12-01T00:00:00,0,0,800010239,0,0,0,0,0
10362,7200613,7210462,1,crow10362,3102333,0,0,0,0,0,0,1023,42,0,0,0,2,0,0,5,0,0,0,2022-08-23T10:30:00,2022-09-12T10:29:59,2100-12-01T00:00:00,0,0,800010278,0,0,0,0,0
10363,7200614,7210514,1,crow10363,3102334,0,0,0,0,0,0,1023,43,0,0,0,0,0,0,3,0,0,0,2022-08-23T10:30:00,2022-09-12T10:29:59,2100-12-01T00:00:00,0,0,800010171,0,0,0,0,0
10364,7200615,7210415,1,crow10364,3102335,0,0,0,0,0,0,1023,44,0,0,0,2,0,0,5,0,0,0,2022-08-23T10:30:00,2022-09-12T10:29:59,2100-12-01T00:00:00,0,0,800010223,0,0,0,0,0
10365,7200616,7210446,1,crow10365,3102336,0,0,0,0,0,0,1023,45,0,0,0,3,0,0,2,0,0,0,2022-08-23T10:30:00,2022-09-12T10:29:59,2100-12-01T00:00:00,0,0,800010269,0,0,0,0,0
10366,7200617,7210342,1,crow10366,3102337,0,0,0,0,0,0,1023,46,0,0,0,2,0,0,3,0,0,0,2022-08-23T10:30:00,2022-09-12T10:29:59,2100-12-01T00:00:00,0,0,800010176,0,0,0,0,0
10367,7200618,7210546,1,crow10367,3102338,0,0,0,0,0,0,1034,1,0,0,0,0,0,0,2,0,0,0,2022-08-21T10:35:00,2022-08-31T23:59:59,2100-12-01T00:00:00,0,0,800010367,0,0,0,0,0
10368,7200619,7210502,1,crow10368,3102339,0,0,0,0,0,0,1034,2,0,0,0,0,0,0,3,0,0,0,2022-08-21T10:35:00,2022-08-31T23:59:59,2100-12-01T00:00:00,0,0,800010368,0,0,0,0,0
10369,7200620,7210547,1,crow10369,3102340,0,0,0,0,0,0,1034,3,0,0,0,0,0,0,2,0,0,0,2022-08-21T10:35:00,2022-08-31T23:59:59,2100-12-01T00:00:00,0,0,800010369,0,0,0,0,0
10370,7200595,7210540,1,crow10370,3102341,0,0,0,0,0,0,1023,36,0,0,0,0,0,0,1,0,0,0,2022-08-08T10:30:00,2022-08-30T10:29:59,2100-12-01T00:00:00,0,0,800010153,0,0,0,0,0
10371,7200621,7210550,1,crow10371,3102342,0,0,0,0,0,0,1023,35,0,0,0,3,0,0,2,0,0,0,2022-08-30T10:35:00,2022-09-30T10:29:59,2100-12-01T00:00:00,0,0,800010371,0,0,0,0,0
10372,7200622,7210551,1,crow10372,3102343,0,0,0,0,0,0,1023,36,0,0,0,3,0,0,2,0,0,0,2022-08-30T10:35:00,2022-09-30T10:29:59,2100-12-01T00:00:00,0,0,800010372,0,0,0,0,0
10373,7200623,7210552,1,crow10373,3102344,0,0,0,0,0,0,1023,37,0,0,0,3,0,0,2,0,0,0,2022-08-30T10:35:00,2022-09-30T10:29:59,2100-12-01T00:00:00,0,0,800010373,0,0,0,0,0
10374,7200624,7210390,1,crow10374,3102345,0,0,0,0,0,0,1023,35,0,0,0,2,0,0,5,0,0,0,2022-08-30T10:35:00,2022-09-19T10:29:59,2100-12-01T00:00:00,0,0,800010201,0,0,0,0,0
10375,7200625,7210375,1,crow10375,3102346,0,0,0,0,0,0,1023,36,0,0,0,3,0,0,2,0,0,0,2022-08-30T10:35:00,2022-09-19T10:29:59,2100-12-01T00:00:00,0,0,800010186,0,0,0,0,0
10376,7200635,7210556,1,crow10376,3102347,0,0,0,0,0,0,1023,38,0,0,0,0,0,0,1,0,0,0,2022-08-30T10:35:00,2022-09-30T10:29:59,2100-12-01T00:00:00,0,0,800010220,0,0,0,0,0
10377,7200627,7210554,1,crow10377,3102348,0,0,0,0,0,0,1023,38,0,0,0,0,0,0,1,0,0,0,2022-08-30T10:35:00,2022-09-19T10:29:59,2100-12-01T00:00:00,0,0,800010169,0,0,0,0,0
10378,7200628,7210555,1,crow10378,3102349,0,0,0,0,0,0,1023,39,0,0,0,2,0,0,5,0,0,0,2022-08-30T10:35:00,2022-09-19T10:29:59,2100-12-01T00:00:00,0,0,800010170,0,0,0,0,0
10379,7200629,7210394,1,crow10379,3102350,0,0,0,0,0,0,1023,40,0,0,0,0,0,0,3,0,0,0,2022-08-30T10:35:00,2022-09-19T10:29:59,2100-12-01T00:00:00,0,0,800010171,0,0,0,0,0
10380,7200630,7210557,1,crow10380,3102351,0,0,0,0,0,0,1023,41,0,0,0,2,0,0,3,0,0,0,2022-08-30T10:35:00,2022-09-19T10:29:59,2100-12-01T00:00:00,0,0,800010175,0,0,0,0,0
10381,7200631,7210402,1,crow10381,3102352,0,0,0,0,0,0,1023,32,0,0,0,0,0,0,2,0,0,0,2022-08-30T10:35:00,2022-09-19T10:29:59,2100-12-01T00:00:00,0,0,800010219,0,0,0,0,0
10382,7200632,7210446,1,crow10382,3102353,0,0,0,0,0,0,1023,33,0,0,0,3,0,0,2,0,0,0,2022-08-30T10:35:00,2022-09-19T10:29:59,2100-12-01T00:00:00,0,0,800010269,0,0,0,0,0
10383,7200634,7210510,1,crow10383,3102354,0,0,0,0,0,0,1023,39,0,0,0,0,0,0,1,0,0,0,2022-08-30T10:35:00,2022-09-30T10:29:59,2100-12-01T00:00:00,0,0,800010330,0,0,0,0,0
10384,7200647,7210570,1,crow10384,3102355,0,0,0,0,0,0,1023,40,0,0,0,0,0,0,3,0,0,0,2022-09-07T10:35:00,2022-09-30T10:29:59,2100-12-01T00:00:00,0,0,800010384,0,0,0,0,0
10385,7200648,7210390,1,crow10385,3102356,0,0,0,0,0,0,1023,32,0,0,0,2,0,0,5,0,0,0,2022-09-07T10:35:00,2022-09-27T10:29:59,2100-12-01T00:00:00,0,0,800010201,0,0,0,0,0
10386,7200649,7210375,1,crow10386,3102357,0,0,0,0,0,0,1023,33,0,0,0,0,0,0,2,0,0,0,2022-09-07T10:35:00,2022-09-27T10:29:59,2100-12-01T00:00:00,0,0,800010186,0,0,0,0,0
10387,7200650,7210440,1,crow10387,3102358,0,0,0,0,0,0,1023,34,0,0,0,0,0,0,2,0,0,0,2022-09-07T10:35:00,2022-09-27T10:29:59,2100-12-01T00:00:00,0,0,800010253,0,0,0,0,0
10388,7200651,7210571,1,crow10388,3102359,0,0,0,0,0,0,1023,35,0,0,0,0,0,0,1,0,0,0,2022-09-07T10:35:00,2022-09-27T10:29:59,2100-12-01T00:00:00,0,0,800010195,0,0,0,0,0
10389,7200652,7210513,1,crow10389,3102360,0,0,0,0,0,0,1023,36,0,0,0,2,0,0,5,0,0,0,2022-09-07T10:35:00,2022-09-27T10:29:59,2100-12-01T00:00:00,0,0,800010239,0,0,0,0,0
10390,7200653,7210514,1,crow10390,3102361,0,0,0,0,0,0,1023,37,0,0,0,0,0,0,3,0,0,0,2022-09-07T10:35:00,2022-09-27T10:29:59,2100-12-01T00:00:00,0,0,800010171,0,0,0,0,0
10391,7200654,7210462,1,crow10391,3102362,0,0,0,0,0,0,1023,38,0,0,0,2,0,0,5,0,0,0,2022-09-07T10:35:00,2022-09-27T10:29:59,2100-12-01T00:00:00,0,0,800010278,0,0,0,0,0
10393,7200656,7210340,1,crow10393,3102364,0,0,0,0,0,0,1023,40,0,0,0,0,0,0,2,0,0,0,2022-09-07T10:35:00,2022-09-27T10:29:59,2100-12-01T00:00:00,0,0,800010174,0,0,0,0,0
10394,7200657,7210522,1,crow10394,3102365,0,0,0,0,0,0,1023,41,0,0,0,0,0,0,1,0,0,0,2022-09-07T10:35:00,2022-09-27T10:29:59,2100-12-01T00:00:00,0,0,800010242,0,0,0,0,0
10395,7200658,7210573,1,crow10395,3102366,0,0,0,0,0,0,1023,42,0,0,0,2,0,0,3,0,0,0,2022-09-07T10:35:00,2022-09-27T10:29:59,2100-12-01T00:00:00,0,0,800010395,0,0,0,0,0
10396,7200439,7210390,1,crow10396,3102367,0,0,0,0,0,0,1023,23,0,0,0,2,0,0,4,0,0,0,2022-09-10T10:35:00,2022-09-23T10:29:59,2100-12-01T00:00:00,0,0,800010201,0,0,0,0,0
10397,7200440,7210418,1,crow10397,3102368,0,0,0,0,0,0,1023,24,0,0,0,0,0,0,3,0,0,0,2022-09-10T10:35:00,2022-09-23T10:29:59,2100-12-01T00:00:00,0,0,800010229,0,0,0,0,0
10398,7200441,7210394,1,crow10398,3102369,0,0,0,0,0,0,1023,25,0,0,0,0,0,0,3,0,0,0,2022-09-10T10:35:00,2022-09-23T10:29:59,2100-12-01T00:00:00,0,0,800010171,0,0,0,0,0
10399,7200442,7210574,1,crow10399,3102370,0,0,0,0,0,0,1023,26,0,0,0,0,0,0,1,0,0,0,2022-09-10T10:35:00,2022-09-23T10:29:59,2100-12-01T00:00:00,0,0,800010093,0,0,0,0,0
10402,7200443,7210420,1,crow10402,3102371,0,0,0,0,0,0,1023,27,0,0,0,2,0,0,3,0,0,0,2022-09-10T10:35:00,2022-09-23T10:29:59,2100-12-01T00:00:00,0,0,800010232,0,0,0,0,0
10403,7200444,7210575,1,crow10403,3102372,0,0,0,0,0,0,1023,28,0,0,0,2,0,0,5,0,0,0,2022-09-10T10:35:00,2022-09-23T10:29:59,2100-12-01T00:00:00,0,0,800010403,0,0,0,0,0
10404,7200659,7210577,1,crow10404,3102377,0,0,0,0,0,0,1023,30,0,0,0,0,0,0,2,0,0,0,2022-09-10T10:35:00,2022-09-23T10:29:59,2100-12-01T00:00:00,0,0,800010406,0,0,0,0,0
10405,7200664,7210580,1,crow10405_1,3102378,0,0,0,0,0,0,1023,36,0,0,0,3,0,0,2,0,0,0,2022-09-16T10:35:00,2022-10-16T10:29:59,2100-12-01T00:00:00,0,0,800010405,0,0,0,0,0
10406,7200665,7210581,1,crow10406_1,3102379,0,0,0,0,0,0,1023,37,0,0,0,3,0,0,2,0,0,0,2022-09-16T10:35:00,2022-10-16T10:29:59,2100-12-01T00:00:00,0,0,800010404,0,0,0,0,0
10407,7200666,7210582,1,crow10407_1,3102380,0,0,0,0,0,0,1023,38,0,0,0,3,0,0,2,0,0,0,2022-09-16T10:35:00,2022-10-16T10:29:59,2100-12-01T00:00:00,0,0,800010407,0,0,0,0,0
10408,7200667,7210226,1,crow10408,0,0,0,0,0,0,0,1023,28,0,0,0,0,0,0,1,0,0,0,2022-09-16T10:35:00,2022-09-30T23:59:59,2100-12-01T00:00:00,0,0,800010408,0,0,0,0,0
10409,7200668,7210238,1,crow10409_1,3102381,0,0,0,0,0,0,1023,39,0,0,0,2,0,0,2,0,0,0,2022-09-16T10:35:00,2022-10-06T10:29:59,2100-12-01T00:00:00,0,0,800010012,0,0,0,0,0
10410,7200669,7210554,1,crow10410_1,3102382,0,0,0,0,0,0,1023,40,0,0,0,0,0,0,1,0,0,0,2022-09-16T10:35:00,2022-10-06T10:29:59,2100-12-01T00:00:00,0,0,800010169,0,0,0,0,0
10411,7200670,7210555,1,crow10411_1,3102383,0,0,0,0,0,0,1023,41,0,0,0,2,0,0,5,0,0,0,2022-09-16T10:35:00,2022-10-06T10:29:59,2100-12-01T00:00:00,0,0,800010170,0,0,0,0,0
10412,7200671,7210394,1,crow10412_1,3102384,0,0,0,0,0,0,1023,42,0,0,0,0,0,0,3,0,0,0,2022-09-16T10:35:00,2022-10-06T10:29:59,2100-12-01T00:00:00,0,0,800010171,0,0,0,0,0
10413,7200672,7210341,1,crow10413_1,3102385,0,0,0,0,0,0,1023,43,0,0,0,2,0,0,3,0,0,0,2022-09-16T10:35:00,2022-10-06T10:29:59,2100-12-01T00:00:00,0,0,800010175,0,0,0,0,0
10414,7200673,7210402,1,crow10414_1,3102386,0,0,0,0,0,0,1023,44,0,0,0,0,0,0,2,0,0,0,2022-09-16T10:35:00,2022-10-06T10:29:59,2100-12-01T00:00:00,0,0,800010219,0,0,0,0,0
10415,7200662,7210578,1,0,3104005,0,0,0,0,0,0,1004,4,0,0,0,2,0,0,1,0,0,0,2022-09-07T10:35:00,2100-12-31T00:00:00,2100-12-01T00:00:00,0,0,710000151,0,0,0,0,0
10416,7200663,7210579,1,0,3104006,0,0,0,0,0,0,1004,5,0,0,0,2,0,0,1,0,0,0,2022-09-07T10:35:00,2100-12-31T00:00:00,2100-12-01T00:00:00,0,0,710000151,0,0,0,0,0
10417,7200674,7210583,1,crow10417_1,3102387,0,0,0,0,0,0,1023,24,0,0,0,0,0,0,1,0,0,0,2022-09-22T10:35:00,2022-10-16T10:29:59,2100-12-01T00:00:00,0,0,800010234,0,0,0,0,0
10418,7200675,7210390,1,crow10418_1,3102388,0,0,0,0,0,0,1023,25,0,0,0,2,0,0,5,0,0,0,2022-09-22T10:35:00,2022-10-12T10:29:59,2100-12-01T00:00:00,0,0,800010201,0,0,0,0,0
10419,7200676,7210418,1,crow10419_1,3102389,0,0,0,0,0,0,1023,26,0,0,0,0,0,0,3,0,0,0,2022-09-22T10:35:00,2022-10-12T10:29:59,2100-12-01T00:00:00,0,0,800010229,0,0,0,0,0
10420,7200677,7210545,1,crow10420_1,3102390,0,0,0,0,0,0,1023,27,0,0,0,0,0,0,3,0,0,0,2022-09-22T10:35:00,2022-10-12T10:29:59,2100-12-01T00:00:00,0,0,800010359,0,0,0,0,0
10421,7200678,7210584,1,crow10421_1,3102391,0,0,0,0,0,0,1023,28,0,0,0,0,0,0,1,0,0,0,2022-09-22T10:35:00,2022-10-12T10:29:59,2100-12-01T00:00:00,0,0,800010421,0,0,0,0,0
10422,7200679,7210514,1,crow10422_1,3102392,0,0,0,0,0,0,1023,29,0,0,0,0,0,0,3,0,0,0,2022-09-22T10:35:00,2022-10-12T10:29:59,2100-12-01T00:00:00,0,0,800010171,0,0,0,0,0
10423,7200680,7210462,1,crow10423_1,3102393,0,0,0,0,0,0,1023,30,0,0,0,2,0,0,5,0,0,0,2022-09-22T10:35:00,2022-10-12T10:29:59,2100-12-01T00:00:00,0,0,800010278,0,0,0,0,0
10424,7200681,7210585,1,crow10424_1,3102394,0,0,0,0,0,0,1023,31,0,0,0,2,0,0,5,0,0,0,2022-09-22T10:35:00,2022-10-12T10:29:59,2100-12-01T00:00:00,0,0,800010223,0,0,0,0,0
10425,7200682,7210446,1,crow10425_1,3102395,0,0,0,0,0,0,1023,32,0,0,0,3,0,0,2,0,0,0,2022-09-22T10:35:00,2022-10-12T10:29:59,2100-12-01T00:00:00,0,0,800010269,0,0,0,0,0
10426,7200683,7210573,1,crow10426_1,3102396,0,0,0,0,0,0,1023,33,0,0,0,2,0,0,3,0,0,0,2022-09-22T10:35:00,2022-10-12T10:29:59,2100-12-01T00:00:00,0,0,800010395,0,0,0,0,0
10427,7200684,7210586,1,crow10427_1,3102397,0,0,0,0,0,0,1023,34,0,0,0,0,0,0,1,0,0,0,2022-09-22T10:35:00,2022-10-12T10:29:59,2100-12-01T00:00:00,0,0,800010427,0,0,0,0,0
10428,7200685,7210547,1,crow10428_1,3102398,0,0,0,0,0,0,1023,35,0,0,0,0,0,0,2,0,0,0,2022-09-22T10:35:00,2022-10-12T10:29:59,2100-12-01T00:00:00,0,0,800010428,0,0,0,0,0
10429,7200686,7210587,1,crow10429_1,3102399,0,0,0,0,0,0,1023,36,0,0,0,3,0,0,2,0,0,0,2022-09-30T10:35:00,2022-10-30T10:29:59,2100-12-01T00:00:00,0,0,800010429,0,0,0,0,0
10430,7200687,7210588,1,crow10430_1,3102400,0,0,0,0,0,0,1023,37,0,0,0,3,0,0,2,0,0,0,2022-09-30T10:35:00,2022-10-30T10:29:59,2100-12-01T00:00:00,0,0,800010430,0,0,0,0,0
10431,7200688,7210589,1,crow10431_1,3102401,0,0,0,0,0,0,1023,38,0,0,0,3,0,0,2,0,0,0,2022-09-30T10:35:00,2022-10-30T10:29:59,2100-12-01T00:00:00,0,0,800010431,0,0,0,0,0
10432,7200689,7210226,1,crow10432_1,0,0,0,0,0,0,0,1023,39,0,0,0,0,0,0,1,0,0,0,2022-09-30T10:35:00,2022-10-30T10:29:59,2100-12-01T00:00:00,0,0,800010077,0,0,0,0,0
10433,7200690,7210238,1,crow10433_1,3102402,0,0,0,0,0,0,1023,29,0,0,0,2,0,0,2,0,0,0,2022-09-30T10:35:00,2022-10-20T10:29:59,2100-12-01T00:00:00,0,0,800010012,0,0,0,0,0
10434,7200691,7210554,1,crow10434_1,3102403,0,0,0,0,0,0,1023,30,0,0,0,0,0,0,1,0,0,0,2022-09-30T10:35:00,2022-10-20T10:29:59,2100-12-01T00:00:00,0,0,800010169,0,0,0,0,0
10435,7200692,7210555,1,crow10435_1,3102404,0,0,0,0,0,0,1023,31,0,0,0,2,0,0,5,0,0,0,2022-09-30T10:35:00,2022-10-20T10:29:59,2100-12-01T00:00:00,0,0,800010170,0,0,0,0,0
10436,7200693,7210394,1,crow10436_1,3102405,0,0,0,0,0,0,1023,32,0,0,0,0,0,0,3,0,0,0,2022-09-30T10:35:00,2022-10-20T10:29:59,2100-12-01T00:00:00,0,0,800010171,0,0,0,0,0
10437,7200694,7210557,1,crow10437_1,3102406,0,0,0,0,0,0,1023,33,0,0,0,2,0,0,3,0,0,0,2022-09-30T10:35:00,2022-10-20T10:29:59,2100-12-01T00:00:00,0,0,800010175,0,0,0,0,0
10438,7200695,7210590,1,crow10438_1,3102407,0,0,0,0,0,0,1023,34,0,0,0,3,0,0,3,0,0,0,2022-09-30T10:35:00,2022-10-20T10:29:59,2100-12-01T00:00:00,0,0,800010438,0,0,0,0,0
10439,7200696,7210402,1,crow10439_1,3102408,0,0,0,0,0,0,1023,35,0,0,0,0,0,0,2,0,0,0,2022-09-30T10:35:00,2022-10-20T10:29:59,2100-12-01T00:00:00,0,0,800010219,0,0,0,0,0
10440,7200707,7210601,1,crow10440,3102409,0,0,0,0,0,0,1023,36,0,0,0,0,0,0,1,0,0,0,2022-10-07T10:35:00,2022-11-01T10:29:59,2100-12-01T00:00:00,0,0,800010177,0,0,0,0,0
10441,7200708,7210602,1,crow10441,3102410,0,0,0,0,0,0,1023,37,0,0,0,0,0,0,3,0,0,0,2022-10-07T10:35:00,2022-11-01T10:29:59,2100-12-01T00:00:00,0,0,800010441,0,0,0,0,0
10442,7200401,7210390,1,crow10442,3102411,0,0,0,0,0,0,1023,26,0,0,0,2,0,0,5,0,0,0,2022-10-07T10:35:00,2022-10-27T10:29:59,2100-12-01T00:00:00,0,0,800010201,0,0,0,0,0
10443,7200402,7210375,1,crow10443,3102412,0,0,0,0,0,0,1023,27,0,0,0,0,0,0,2,0,0,0,2022-10-07T10:35:00,2022-10-27T10:29:59,2100-12-01T00:00:00,0,0,800010186,0,0,0,0,0
10444,7200709,7210571,1,crow10444,3102413,0,0,0,0,0,0,1023,28,0,0,0,0,0,0,1,0,0,0,2022-10-07T10:35:00,2022-10-27T10:29:59,2100-12-01T00:00:00,0,0,800010195,0,0,0,0,0
10445,7200710,7210513,1,crow10445,3102414,0,0,0,0,0,0,1023,29,0,0,0,2,0,0,5,0,0,0,2022-10-07T10:35:00,2022-10-27T10:29:59,2100-12-01T00:00:00,0,0,800010239,0,0,0,0,0
10446,7200405,7210514,1,crow10446,3102415,0,0,0,0,0,0,1023,30,0,0,0,0,0,0,3,0,0,0,2022-10-07T10:35:00,2022-10-27T10:29:59,2100-12-01T00:00:00,0,0,800010171,0,0,0,0,0
10447,7200711,7210462,1,crow10447,3102416,0,0,0,0,0,0,1023,31,0,0,0,2,0,0,5,0,0,0,2022-10-07T10:35:00,2022-10-27T10:29:59,2100-12-01T00:00:00,0,0,800010278,0,0,0,0,0
10448,7200406,7210522,1,crow10448,3102417,0,0,0,0,0,0,1023,32,0,0,0,0,0,0,1,0,0,0,2022-10-07T10:35:00,2022-10-27T10:29:59,2100-12-01T00:00:00,0,0,800010242,0,0,0,0,0
10449,7200712,7210446,1,crow10449,3102418,0,0,0,0,0,0,1023,33,0,0,0,0,0,0,2,0,0,0,2022-10-07T10:35:00,2022-10-27T10:29:59,2100-12-01T00:00:00,0,0,800010269,0,0,0,0,0
10450,7200713,7210524,1,crow10450,3102419,0,0,0,0,0,0,1023,34,0,0,0,0,0,0,1,0,0,0,2022-10-07T10:35:00,2022-10-27T10:29:59,2100-12-01T00:00:00,0,0,800010450,0,0,0,0,0
10451,7200714,7210510,1,crow10451,3102420,0,0,0,0,0,0,1023,35,0,0,0,0,0,0,1,0,0,0,2022-10-07T10:35:00,2022-10-31T10:29:59,2100-12-01T00:00:00,0,0,800010330,0,0,0,0,0
10452,7200715,7210603,1,0,3102421,0,0,0,0,0,0,1001,1,0,0,0,1,0,0,1,1,0,0,2022-10-13T10:35:00,2022-10-31T23:59:59,2100-12-01T00:00:00,0,0,801110007,0,0,0,0,0
10454,7200717,7210604,1,crow10454,3102422,0,0,0,0,0,0,1023,40,0,0,0,3,0,0,2,0,0,0,2022-10-17T10:35:00,2022-11-14T10:29:59,2100-12-01T00:00:00,0,0,800010454,0,0,0,0,0
10455,7200718,7210605,1,crow10455,3102423,0,0,0,0,0,0,1023,41,0,0,0,3,0,0,2,0,0,0,2022-10-17T10:35:00,2022-11-14T10:29:59,2100-12-01T00:00:00,0,0,800010455,0,0,0,0,0
10456,7200719,7210606,1,crow10456,3102424,0,0,0,0,0,0,1023,42,0,0,0,3,0,0,2,0,0,0,2022-10-17T10:35:00,2022-11-14T10:29:59,2100-12-01T00:00:00,0,0,800010456,0,0,0,0,0
10457,7200720,7210607,1,crow10457,3102425,0,0,0,0,0,0,1023,43,0,0,0,0,0,0,1,0,0,0,2022-10-17T10:35:00,2022-11-14T10:29:59,2100-12-01T00:00:00,0,0,800010153,0,0,0,0,0
10458,7200721,7210238,1,crow10458,3102426,0,0,0,0,0,0,1023,28,0,0,0,2,0,0,2,0,0,0,2022-10-17T10:35:00,2022-11-06T10:29:59,2100-12-01T00:00:00,0,0,800010012,0,0,0,0,0
10459,7200722,7210554,1,crow10459,3102427,0,0,0,0,0,0,1023,29,0,0,0,0,0,0,1,0,0,0,2022-10-17T10:35:00,2022-11-06T10:29:59,2100-12-01T00:00:00,0,0,800010169,0,0,0,0,0
10460,7200723,7210555,1,crow10460,3102428,0,0,0,0,0,0,1023,30,0,0,0,2,0,0,5,0,0,0,2022-10-17T10:35:00,2022-11-06T10:29:59,2100-12-01T00:00:00,0,0,800010170,0,0,0,0,0
10461,7200724,7210394,1,crow10461,3102429,0,0,0,0,0,0,1023,31,0,0,0,0,0,0,3,0,0,0,2022-10-17T10:35:00,2022-11-06T10:29:59,2100-12-01T00:00:00,0,0,800010171,0,0,0,0,0
10462,7200725,7210557,1,crow10462,3102430,0,0,0,0,0,0,1023,32,0,0,0,2,0,0,3,0,0,0,2022-10-17T10:35:00,2022-11-06T10:29:59,2100-12-01T00:00:00,0,0,800010175,0,0,0,0,0
10463,7200726,7210402,1,crow10463,3102431,0,0,0,0,0,0,1023,33,0,0,0,0,0,0,2,0,0,0,2022-10-17T10:35:00,2022-11-06T10:29:59,2100-12-01T00:00:00,0,0,800010219,0,0,0,0,0
10464,7200727,7210608,1,crow10464,3102432,0,0,0,0,0,0,1023,34,0,0,0,2,0,0,3,0,0,0,2022-10-17T10:35:00,2022-11-06T10:29:59,2100-12-01T00:00:00,0,0,800010464,0,0,0,0,0
10465,7200728,7210522,1,crow10465,3102433,0,0,0,0,0,0,1023,35,0,0,0,0,0,0,2,0,0,0,2022-10-17T10:35:00,2022-11-06T10:29:59,2100-12-01T00:00:00,0,0,800010242,0,0,0,0,0
10466,7200729,7210609,1,crow10466,3102434,0,0,0,0,0,0,1023,29,0,0,0,2,0,0,5,0,0,0,2022-10-24T10:35:00,2022-11-13T10:29:59,2100-12-01T00:00:00,0,0,800010466,0,0,0,0,0
10467,7200730,7210610,1,crow10467,3102435,0,0,0,0,0,0,1023,30,0,0,0,0,0,0,2,0,0,0,2022-10-24T10:35:00,2022-11-13T10:29:59,2100-12-01T00:00:00,0,0,800010186,0,0,0,0,0
10468,7200678,7210611,1,crow10468,3102436,0,0,0,0,0,0,1023,31,0,0,0,0,0,0,1,0,0,0,2022-10-24T10:35:00,2022-11-13T10:29:59,2100-12-01T00:00:00,0,0,800010468,0,0,0,0,0
10469,7200731,7210612,1,crow10469,3102437,0,0,0,0,0,0,1023,32,0,0,0,2,0,0,5,0,0,0,2022-10-24T10:35:00,2022-11-13T10:29:59,2100-12-01T00:00:00,0,0,800010469,0,0,0,0,0
10470,7200732,7210502,1,crow10470,3102438,0,0,0,0,0,0,1023,33,0,0,0,0,0,0,1,0,0,0,2022-10-24T10:35:00,2022-11-13T10:29:59,2100-12-01T00:00:00,0,0,800010470,0,0,0,0,0
10471,7200733,7210549,1,crow10471,3102439,0,0,0,0,0,0,1023,34,0,0,0,2,0,0,5,0,0,0,2022-10-24T10:35:00,2022-11-13T10:29:59,2100-12-01T00:00:00,0,0,800010239,0,0,0,0,0
10472,7200734,7210613,1,crow10472,3102440,0,0,0,0,0,0,1023,35,0,0,0,2,0,0,3,0,0,0,2022-10-24T10:35:00,2022-11-13T10:29:59,2100-12-01T00:00:00,0,0,800010472,0,0,0,0,0
10473,7200735,7210514,1,crow10473,3102441,0,0,0,0,0,0,1023,36,0,0,0,0,0,0,3,0,0,0,2022-10-24T10:35:00,2022-11-13T10:29:59,2100-12-01T00:00:00,0,0,800010171,0,0,0,0,0
10474,7200736,7210614,1,crow10474,3102442,0,0,0,0,0,0,1023,37,0,0,0,2,0,0,3,0,0,0,2022-10-24T10:35:00,2022-11-13T10:29:59,2100-12-01T00:00:00,0,0,800010474,0,0,0,0,0
10475,7200737,7210615,1,crow10475,3102443,0,0,0,0,0,0,1023,38,0,0,0,2,0,0,3,0,0,0,2022-10-24T10:35:00,2022-11-13T10:29:59,2100-12-01T00:00:00,0,0,800010136,0,0,0,0,0
10476,7200740,7210618,1,crow10476,3102446,0,0,0,0,0,0,1023,46,0,0,0,3,0,0,2,0,0,0,2022-10-31T10:35:00,2022-11-30T10:29:59,2100-12-01T00:00:00,0,0,800010476,0,0,0,0,0
10477,7200741,7210619,1,crow10477,3102447,0,0,0,0,0,0,1023,47,0,0,0,3,0,0,2,0,0,0,2022-10-31T10:35:00,2022-11-30T10:29:59,2100-12-01T00:00:00,0,0,800010477,0,0,0,0,0
10478,7200742,7210620,1,crow10478,3102448,0,0,0,0,0,0,1023,48,0,0,0,3,0,0,2,0,0,0,2022-10-31T10:35:00,2022-11-30T10:29:59,2100-12-01T00:00:00,0,0,800010478,0,0,0,0,0
10479,7200743,7210621,1,crow10479,3102449,0,0,0,0,0,0,1023,49,0,0,0,0,0,0,1,0,0,0,2022-10-31T10:35:00,2022-11-30T10:29:59,2100-12-01T00:00:00,0,0,800010234,0,0,0,0,0
10480,7200744,7210238,1,crow10480,3102450,0,0,0,0,0,0,1023,37,0,0,0,2,0,0,2,0,0,0,2022-10-31T10:35:00,2022-11-20T10:29:59,2100-12-01T00:00:00,0,0,800010012,0,0,0,0,0
10481,7200745,7210554,1,crow10481,3102451,0,0,0,0,0,0,1023,38,0,0,0,0,0,0,1,0,0,0,2022-10-31T10:35:00,2022-11-20T10:29:59,2100-12-01T00:00:00,0,0,800010169,0,0,0,0,0
10482,7200746,7210555,1,crow10482,3102452,0,0,0,0,0,0,1023,39,0,0,0,2,0,0,5,0,0,0,2022-10-31T10:35:00,2022-11-20T10:29:59,2100-12-01T00:00:00,0,0,800010170,0,0,0,0,0
10483,7200747,7210394,1,crow10483,3102453,0,0,0,0,0,0,1023,40,0,0,0,0,0,0,3,0,0,0,2022-10-31T10:35:00,2022-11-20T10:29:59,2100-12-01T00:00:00,0,0,800010171,0,0,0,0,0
10484,7200748,7210557,1,crow10484,3102454,0,0,0,0,0,0,1023,41,0,0,0,2,0,0,3,0,0,0,2022-10-31T10:35:00,2022-11-20T10:29:59,2100-12-01T00:00:00,0,0,800010175,0,0,0,0,0
10485,7200749,7210590,1,crow10485,3102455,0,0,0,0,0,0,1023,42,0,0,0,3,0,0,3,0,0,0,2022-10-31T10:35:00,2022-11-20T10:29:59,2100-12-01T00:00:00,0,0,800010438,0,0,0,0,0
10486,7200750,7210402,1,crow10486,3102456,0,0,0,0,0,0,1023,43,0,0,0,0,0,0,2,0,0,0,2022-10-31T10:35:00,2022-11-20T10:29:59,2100-12-01T00:00:00,0,0,800010219,0,0,0,0,0
10487,7200751,7210522,1,crow10487,3102457,0,0,0,0,0,0,1023,44,0,0,0,0,0,0,2,0,0,0,2022-10-31T10:35:00,2022-11-20T10:29:59,2100-12-01T00:00:00,0,0,800010242,0,0,0,0,0
10488,7200739,7210617,1,crow10488,3102458,0,0,0,0,0,0,1032,3,0,0,0,0,0,0,2,0,0,168,2022-10-31T10:35:00,2023-01-24T10:34:59,2100-12-01T00:00:00,0,0,800010488,0,0,0,0,0
10489,7200762,7210633,1,crow10489,3102459,0,0,0,0,0,0,1023,44,0,0,0,0,0,0,10,0,0,0,2022-11-08T10:35:00,2022-12-12T10:29:59,2100-12-01T00:00:00,0,0,800010489,0,0,0,0,0
10490,7200763,7210634,1,crow10490,3102460,0,0,0,0,0,0,1023,45,0,0,0,0,0,0,10,0,0,0,2022-11-08T10:35:00,2022-12-12T10:29:59,2100-12-01T00:00:00,0,0,800010490,0,0,0,0,0
10491,7200764,7210635,1,crow10491,3102461,0,0,0,0,0,0,1023,46,0,0,0,0,0,0,10,0,0,0,2022-11-08T10:35:00,2022-12-12T10:29:59,2100-12-01T00:00:00,0,0,800010491,0,0,0,0,0
10492,7200765,7210226,1,crow10492,0,0,0,0,0,0,0,1023,48,0,0,0,0,0,0,1,0,0,0,2022-11-08T10:35:00,2022-11-29T23:59:59,2100-12-01T00:00:00,0,0,800010077,0,0,0,0,0
10493,7200766,7210609,1,crow10493,3102462,0,0,0,0,0,0,1023,47,0,0,0,2,0,0,5,0,0,0,2022-11-08T10:35:00,2022-12-12T10:29:59,2100-12-01T00:00:00,0,0,800010466,0,0,0,0,0
10494,7200767,7210610,1,crow10494,3102463,0,0,0,0,0,0,1023,48,0,0,0,0,0,0,2,0,0,0,2022-11-08T10:35:00,2022-12-12T10:29:59,2100-12-01T00:00:00,0,0,800010186,0,0,0,0,0
10495,7200768,7210636,1,crow10495,3102464,0,0,0,0,0,0,1023,49,0,0,0,0,0,0,1,0,0,0,2022-11-08T10:35:00,2022-12-12T10:29:59,2100-12-01T00:00:00,0,0,800010495,0,0,0,0,0
10496,7200769,7210637,1,crow10496,3102465,0,0,0,0,0,0,1023,50,0,0,0,0,0,0,1,0,0,0,2022-11-08T10:35:00,2022-12-12T10:29:59,2100-12-01T00:00:00,0,0,800010496,0,0,0,0,0
10497,7200770,7210549,1,crow10497,3102466,0,0,0,0,0,0,1023,51,0,0,0,2,0,0,5,0,0,0,2022-11-08T10:35:00,2022-12-12T10:29:59,2100-12-01T00:00:00,0,0,800010239,0,0,0,0,0
10498,7200771,7210613,1,crow10498,3102467,0,0,0,0,0,0,1023,52,0,0,0,2,0,0,3,0,0,0,2022-11-08T10:35:00,2022-12-12T10:29:59,2100-12-01T00:00:00,0,0,800010472,0,0,0,0,0
10499,7200772,7210638,1,crow10499,3102468,0,0,0,0,0,0,1023,53,0,0,0,0,0,0,3,0,0,0,2022-11-08T10:35:00,2022-12-12T10:29:59,2100-12-01T00:00:00,0,0,800010171,0,0,0,0,0
10500,7200773,7210522,1,crow10500,3102469,0,0,0,0,0,0,1023,54,0,0,0,2,0,0,3,0,0,0,2022-11-08T10:35:00,2022-12-12T10:29:59,2100-12-01T00:00:00,0,0,800010242,0,0,0,0,0
10501,7200774,7210524,1,crow10501,3102470,0,0,0,0,0,0,1023,55,0,0,0,0,0,0,1,0,0,0,2022-11-08T10:35:00,2022-12-12T10:29:59,2100-12-01T00:00:00,0,0,800010450,0,0,0,0,0
10502,7200776,7210640,1,crow10502,3102473,0,0,0,0,0,0,1023,57,0,0,0,0,0,0,1,0,0,0,2022-11-08T10:35:00,2022-12-12T10:29:59,2100-12-01T00:00:00,0,0,800010502,0,0,0,0,0
10503,7200778,7210642,1,crow10503,3102474,0,0,0,0,0,0,1035,1,0,0,0,0,0,0,1,0,0,0,2022-11-08T10:35:00,2023-01-24T10:34:59,2100-12-01T00:00:00,0,0,800010503,0,0,0,0,0
10504,7200779,7210643,1,crow10504,3102475,0,0,0,0,0,0,1035,2,0,0,0,0,0,0,1,0,0,0,2022-11-08T10:35:00,2023-01-24T10:34:59,2100-12-01T00:00:00,0,0,800010504,0,0,0,0,0
10505,7200780,7210226,1,crow10505,0,0,0,0,0,0,0,1035,3,0,0,0,0,0,0,1,0,0,0,2022-11-08T10:35:00,2023-10-30T10:34:59,2100-12-01T00:00:00,0,0,800010505,0,0,0,0,0
10506,7200781,7210432,1,crow10506,3102476,0,0,0,0,0,0,1035,4,0,0,0,0,0,0,1,0,0,0,2022-11-08T10:35:00,2023-10-30T10:34:59,2100-12-01T00:00:00,0,0,800010506,0,0,0,0,0
10507,7200782,7210644,1,crow10507,3102477,0,0,0,0,0,0,1035,5,0,0,0,0,0,0,3,0,0,0,2022-11-08T10:35:00,2023-10-30T10:34:59,2100-12-01T00:00:00,0,0,800010507,0,0,0,0,0
10508,7200783,7210645,1,crow10508,3102478,0,0,0,0,0,0,1035,6,0,0,0,0,0,0,1,0,0,0,2022-11-08T10:35:00,2023-10-30T10:34:59,2100-12-01T00:00:00,0,0,800010508,0,0,0,0,0
10509,7200784,7210435,1,crow10509,3102479,0,0,0,0,0,0,1035,7,0,0,0,0,0,0,1,0,0,0,2022-11-08T10:35:00,2023-10-30T10:34:59,2100-12-01T00:00:00,0,0,800010509,0,0,0,0,0
10510,7200777,7210641,1,0,3102480,0,0,0,0,0,0,1001,1,0,0,0,1,0,0,1,1,0,0,2022-11-08T10:35:00,2022-11-22T23:59:59,2100-12-01T00:00:00,0,0,801110008,0,0,0,0,0
10511,7200785,7210646,1,crow10511,3102481,0,0,0,0,0,0,1023,39,0,0,0,0,0,0,2,0,0,0,2022-11-15T10:35:00,2022-12-15T10:29:59,2100-12-01T00:00:00,0,0,800010511,0,0,0,0,0
10512,7200786,7210647,1,crow10512,3102482,0,0,0,0,0,0,1023,40,0,0,0,0,0,0,2,0,0,0,2022-11-15T10:35:00,2022-12-15T10:29:59,2100-12-01T00:00:00,0,0,800010512,0,0,0,0,0
10513,7200787,7210648,1,crow10513,3102483,0,0,0,0,0,0,1023,41,0,0,0,0,0,0,2,0,0,0,2022-11-15T10:35:00,2022-12-15T10:29:59,2100-12-01T00:00:00,0,0,800010513,0,0,0,0,0
10514,7200788,7210649,1,crow10514,3102484,0,0,0,0,0,0,1023,42,0,0,0,0,0,0,1,0,0,0,2022-11-15T10:35:00,2022-12-15T10:29:59,2100-12-01T00:00:00,0,0,800010514,0,0,0,0,0
10515,7200789,7210650,1,crow10515,3102485,0,0,0,0,0,0,1023,43,0,0,0,0,0,0,2,0,0,0,2022-11-15T10:35:00,2022-12-15T10:29:59,2100-12-01T00:00:00,0,0,800010515,0,0,0,0,0
10516,7200790,7210238,1,crow10516,3102486,0,0,0,0,0,0,1023,33,0,0,0,2,0,0,2,0,0,0,2022-11-15T10:35:00,2022-12-05T10:29:59,2100-12-01T00:00:00,0,0,800010012,0,0,0,0,0
10517,7200791,7210440,1,crow10517,3102487,0,0,0,0,0,0,1023,34,0,0,0,0,0,0,2,0,0,0,2022-11-15T10:35:00,2022-12-05T10:29:59,2100-12-01T00:00:00,0,0,800010517,0,0,0,0,0
10518,7200792,7210497,1,crow10518,0,0,0,0,0,0,0,1023,35,0,0,0,0,0,0,1,0,0,0,2022-11-15T10:35:00,2022-12-05T10:29:59,2100-12-01T00:00:00,0,0,800010518,0,0,0,0,0
10519,7200793,7210498,1,crow10519,3102488,0,0,0,0,0,0,1023,36,0,0,0,0,0,0,1,0,0,0,2022-11-15T10:35:00,2022-12-05T10:29:59,2100-12-01T00:00:00,0,0,800010519,0,0,0,0,0
10520,7200794,7210651,1,crow10520,3102489,0,0,0,0,0,0,1023,37,0,0,0,0,0,0,1,0,0,0,2022-11-15T10:35:00,2022-12-05T10:29:59,2100-12-01T00:00:00,0,0,800010520,0,0,0,0,0
10521,7200795,7210652,1,crow10521,3102490,0,0,0,0,0,0,1023,38,0,0,0,0,0,0,1,0,0,0,2022-11-15T10:35:00,2022-12-05T10:29:59,2100-12-01T00:00:00,0,0,800010521,0,0,0,0,0
10522,7200796,7210653,1,crow10522,3102491,0,0,0,0,0,0,1023,39,0,0,0,0,0,0,1,0,0,0,2022-11-15T10:35:00,2022-12-05T10:29:59,2100-12-01T00:00:00,0,0,800010169,0,0,0,0,0
10523,7200797,7210654,1,crow10523,3102492,0,0,0,0,0,0,1023,40,0,0,0,0,0,0,3,0,0,0,2022-11-15T10:35:00,2022-12-05T10:29:59,2100-12-01T00:00:00,0,0,800010171,0,0,0,0,0
10524,7200798,7210658,1,crow10524,3102493,0,0,0,0,0,0,1023,41,0,0,0,2,0,0,5,0,0,0,2022-11-15T10:35:00,2022-12-05T10:29:59,2100-12-01T00:00:00,0,0,800010524,0,0,0,0,0
10525,7200799,7210522,1,crow10525,3102494,0,0,0,0,0,0,1023,42,0,0,0,0,0,0,2,0,0,0,2022-11-15T10:35:00,2022-12-05T10:29:59,2100-12-01T00:00:00,0,0,800010242,0,0,0,0,0
10526,7200800,7210446,1,crow10526,3102495,0,0,0,0,0,0,1023,43,0,0,0,3,0,0,2,0,0,0,2022-11-15T10:35:00,2022-12-05T10:29:59,2100-12-01T00:00:00,0,0,800010269,0,0,0,0,0
10527,7200801,7210590,1,crow10527,3102496,0,0,0,0,0,0,1023,44,0,0,0,3,0,0,3,0,0,0,2022-11-15T10:35:00,2022-12-05T10:29:59,2100-12-01T00:00:00,0,0,800010438,0,0,0,0,0
10528,7200805,7210659,1,crow10528,3102497,0,0,0,0,0,0,1023,26,0,0,0,0,0,0,5,0,0,0,2022-11-22T10:35:00,2022-12-15T10:29:59,2100-12-01T00:00:00,0,0,800010528,0,0,0,0,0
10529,7200806,7210609,1,crow10529,3102498,0,0,0,0,0,0,1023,27,0,0,0,2,0,0,5,0,0,0,2022-11-22T10:35:00,2022-12-12T10:29:59,2100-12-01T00:00:00,0,0,800010466,0,0,0,0,0
10530,7200807,7210610,1,crow10530,3102499,0,0,0,0,0,0,1023,28,0,0,0,0,0,0,2,0,0,0,2022-11-22T10:35:00,2022-12-12T10:29:59,2100-12-01T00:00:00,0,0,800010186,0,0,0,0,0
10531,7200808,7210660,1,crow10531,3102500,0,0,0,0,0,0,1023,29,0,0,0,0,0,0,3,0,0,0,2022-11-22T10:35:00,2022-12-12T10:29:59,2100-12-01T00:00:00,0,0,800010531,0,0,0,0,0
10532,7200809,7210661,1,crow10532,3102501,0,0,0,0,0,0,1023,30,0,0,0,0,0,0,3,0,0,0,2022-11-22T10:35:00,2022-12-12T10:29:59,2100-12-01T00:00:00,0,0,800010532,0,0,0,0,0
10533,7200810,7210662,1,crow10533,3102502,0,0,0,0,0,0,1023,31,0,0,0,0,0,0,1,0,0,0,2022-11-22T10:35:00,2022-12-12T10:29:59,2100-12-01T00:00:00,0,0,800010533,0,0,0,0,0
10534,7200811,7210637,1,crow10534,3102503,0,0,0,0,0,0,1023,32,0,0,0,0,0,0,1,0,0,0,2022-11-22T10:35:00,2022-12-12T10:29:59,2100-12-01T00:00:00,0,0,800010534,0,0,0,0,0
10535,7200812,7210663,1,crow10535,3102504,0,0,0,0,0,0,1023,33,0,0,0,2,0,0,5,0,0,0,2022-11-22T10:35:00,2022-12-12T10:29:59,2100-12-01T00:00:00,0,0,800010535,0,0,0,0,0
10536,7200813,7210654,1,crow10536,3102505,0,0,0,0,0,0,1023,34,0,0,0,0,0,0,3,0,0,0,2022-11-22T10:35:00,2022-12-12T10:29:59,2100-12-01T00:00:00,0,0,800010171,0,0,0,0,0
10537,7200814,7210664,1,crow10537,3102506,0,0,0,0,0,0,1023,35,0,0,0,3,0,0,2,0,0,0,2022-11-22T10:35:00,2022-12-12T10:29:59,2100-12-01T00:00:00,0,0,800010537,0,0,0,0,0
10538,7200815,7210402,1,crow10538,3102507,0,0,0,0,0,0,1023,36,0,0,0,0,0,0,2,0,0,0,2022-11-22T10:35:00,2022-12-12T10:29:59,2100-12-01T00:00:00,0,0,800010219,0,0,0,0,0
10539,7200816,7210665,1,crow10539,3102508,0,0,0,0,0,0,1023,37,0,0,0,0,0,0,1,0,0,0,2022-11-22T10:35:00,2022-12-12T10:29:59,2100-12-01T00:00:00,0,0,800010539,0,0,0,0,0
10540,7200838,7210687,1,crow10540,3102511,0,0,0,0,0,0,1023,54,0,0,0,0,0,0,2,0,0,0,2022-11-30T10:35:00,2022-12-30T10:29:59,2100-12-01T00:00:00,0,0,800010540,0,0,0,0,0
10541,7200839,7210688,1,crow10541,3102512,0,0,0,0,0,0,1023,55,0,0,0,0,0,0,3,0,0,0,2022-11-30T10:35:00,2022-12-30T10:29:59,2100-12-01T00:00:00,0,0,800010541,0,0,0,0,0
10542,7200840,7210689,1,crow10542,3102513,0,0,0,0,0,0,1023,56,0,0,0,0,0,0,2,0,0,0,2022-11-30T10:35:00,2022-12-30T10:29:59,2100-12-01T00:00:00,0,0,800010542,0,0,0,0,0
10543,7200841,7210690,1,crow10543,3102514,0,0,0,0,0,0,1023,57,0,0,0,0,0,0,1,0,0,0,2022-11-30T10:35:00,2022-12-30T10:29:59,2100-12-01T00:00:00,0,0,800010153,0,0,0,0,0
10544,7200842,7210238,1,crow10544,3102515,0,0,0,0,0,0,1023,27,0,0,0,2,0,0,2,0,0,0,2022-11-30T10:35:00,2022-12-20T10:29:59,2100-12-01T00:00:00,0,0,800010012,0,0,0,0,0
10545,7200843,7210610,1,crow10545,3102516,0,0,0,0,0,0,1023,28,0,0,0,0,0,0,2,0,0,0,2022-11-30T10:35:00,2022-12-20T10:29:59,2100-12-01T00:00:00,0,0,800010186,0,0,0,0,0
10546,7200844,7210691,1,crow10546,3102517,0,0,0,0,0,0,1023,29,0,0,0,0,0,0,1,0,0,0,2022-11-30T10:35:00,2022-12-20T10:29:59,2100-12-01T00:00:00,0,0,800010533,0,0,0,0,0
10547,7200845,7210692,1,crow10547,3102518,0,0,0,0,0,0,1023,30,0,0,0,2,0,0,5,0,0,0,2022-11-30T10:35:00,2022-12-20T10:29:59,2100-12-01T00:00:00,0,0,800010170,0,0,0,0,0
10548,7200846,7210654,1,crow10548,3102519,0,0,0,0,0,0,1023,31,0,0,0,0,0,0,3,0,0,0,2022-11-30T10:35:00,2022-12-20T10:29:59,2100-12-01T00:00:00,0,0,800010171,0,0,0,0,0
10549,7200847,7210693,1,crow10549,3102520,0,0,0,0,0,0,1023,32,0,0,0,2,0,0,5,0,0,0,2022-11-30T10:35:00,2022-12-20T10:29:59,2100-12-01T00:00:00,0,0,800010549,0,0,0,0,0
10550,7200848,7210557,1,crow10550,3102521,0,0,0,0,0,0,1023,33,0,0,0,2,0,0,3,0,0,0,2022-11-30T10:35:00,2022-12-20T10:29:59,2100-12-01T00:00:00,0,0,800010175,0,0,0,0,0
10551,7200849,7210590,1,crow10551,3102522,0,0,0,0,0,0,1023,34,0,0,0,3,0,0,3,0,0,0,2022-11-30T10:35:00,2022-12-20T10:29:59,2100-12-01T00:00:00,0,0,800010438,0,0,0,0,0
10552,7200850,7210402,1,crow10552,3102523,0,0,0,0,0,0,1023,35,0,0,0,0,0,0,2,0,0,0,2022-11-30T10:35:00,2022-12-20T10:29:59,2100-12-01T00:00:00,0,0,800010219,0,0,0,0,0
10553,7200851,7210522,1,crow10553,3102524,0,0,0,0,0,0,1023,36,0,0,0,0,0,0,2,0,0,0,2022-11-30T10:35:00,2022-12-20T10:29:59,2100-12-01T00:00:00,0,0,800010242,0,0,0,0,0
10554,7200439,7210694,1,crow10554,3102525,0,0,0,0,0,0,1023,26,0,0,0,2,0,0,4,0,0,0,2022-12-07T10:35:00,2022-12-25T10:29:59,2100-12-01T00:00:00,0,0,800010466,0,0,0,0,0
10555,7200440,7210418,1,crow10555,3102526,0,0,0,0,0,0,1023,27,0,0,0,0,0,0,3,0,0,0,2022-12-07T10:35:00,2022-12-25T10:29:59,2100-12-01T00:00:00,0,0,800010229,0,0,0,0,0
10556,7200852,7210695,1,crow10556,3102527,0,0,0,0,0,0,1023,14,0,0,0,0,0,0,2,0,0,0,2022-12-07T10:35:00,2022-12-20T10:29:59,2100-12-01T00:00:00,0,0,800010556,0,0,0,0,0
10557,7200441,7210654,1,crow10557,3102528,0,0,0,0,0,0,1023,28,0,0,0,0,0,0,5,0,0,0,2022-12-07T10:35:00,2022-12-25T10:29:59,2100-12-01T00:00:00,0,0,800010171,0,0,0,0,0
10558,7200442,7210419,1,crow10558,3102529,0,0,0,0,0,0,1023,29,0,0,0,0,0,0,1,0,0,0,2022-12-07T10:35:00,2022-12-25T10:29:59,2100-12-01T00:00:00,0,0,800010093,0,0,0,0,0
10559,7200443,7210697,1,crow10559,3102530,0,0,0,0,0,0,1023,30,0,0,0,2,0,0,3,0,0,0,2022-12-07T10:35:00,2022-12-25T10:29:59,2100-12-01T00:00:00,0,0,800010232,0,0,0,0,0
10560,7200444,7210698,1,crow10560,3102531,0,0,0,0,0,0,1023,31,0,0,0,2,0,0,5,0,0,0,2022-12-07T10:35:00,2022-12-25T10:29:59,2100-12-01T00:00:00,0,0,800010233,0,0,0,0,0
10561,7200659,7210577,1,crow10561,3102536,0,0,0,0,0,0,1023,33,0,0,0,0,0,0,2,0,0,0,2022-12-07T10:35:00,2022-12-25T10:29:59,2100-12-01T00:00:00,0,0,800010406,0,0,0,0,0
10562,7200853,7210510,1,crow10562,3102537,0,0,0,0,0,0,1023,58,0,0,0,0,0,0,1,0,0,0,2022-12-07T10:35:00,2022-12-30T10:29:59,2100-12-01T00:00:00,0,0,800010330,0,0,0,0,0
10563,7200857,7210702,1,crow10563,3102538,0,0,0,0,0,0,1023,44,0,0,0,0,0,0,2,0,0,0,2022-12-15T10:35:00,2023-01-15T10:29:59,2100-12-01T00:00:00,0,0,800010563,0,0,0,0,0
10564,7200858,7210703,1,crow10564,3102539,0,0,0,0,0,0,1023,45,0,0,0,0,0,0,4,0,0,0,2022-12-15T10:35:00,2023-01-15T10:29:59,2100-12-01T00:00:00,0,0,800010564,0,0,0,0,0
10565,7200859,7210704,1,crow10565,3102540,0,0,0,0,0,0,1023,46,0,0,0,0,0,0,3,0,0,0,2022-12-15T10:35:00,2023-01-15T10:29:59,2100-12-01T00:00:00,0,0,800010565,0,0,0,0,0
10566,7200860,7210705,1,crow10566,3102541,0,0,0,0,0,0,1023,47,0,0,0,0,0,0,1,0,0,0,2022-12-15T10:35:00,2023-01-15T10:29:59,2100-12-01T00:00:00,0,0,800010220,0,0,0,0,0
10567,7200861,7210706,1,crow10567,3102542,0,0,0,0,0,0,1023,48,0,0,0,0,0,0,2,0,0,0,2022-12-15T10:35:00,2023-01-15T10:29:59,2100-12-01T00:00:00,0,0,800010567,0,0,0,0,0
10568,7200862,7210707,1,crow10568,3102543,0,0,0,0,0,0,1023,49,0,0,0,0,0,0,1,0,0,0,2022-12-15T10:35:00,2023-01-04T10:29:59,2100-12-01T00:00:00,0,0,800010533,0,0,0,0,0
10569,7200863,7210708,1,crow10569,3102544,0,0,0,0,0,0,1023,50,0,0,0,2,0,0,5,0,0,0,2022-12-15T10:35:00,2023-01-04T10:29:59,2100-12-01T00:00:00,0,0,800010170,0,0,0,0,0
10570,7200864,7210654,1,crow10570,3102545,0,0,0,0,0,0,1023,51,0,0,0,0,0,0,3,0,0,0,2022-12-15T10:35:00,2023-01-04T10:29:59,2100-12-01T00:00:00,0,0,800010171,0,0,0,0,0
10571,7200865,7210557,1,crow10571,3102546,0,0,0,0,0,0,1023,52,0,0,0,2,0,0,3,0,0,0,2022-12-15T10:35:00,2023-01-04T10:29:59,2100-12-01T00:00:00,0,0,800010175,0,0,0,0,0
10572,7200866,7210402,1,crow10572,3102547,0,0,0,0,0,0,1023,53,0,0,0,0,0,0,2,0,0,0,2022-12-15T10:35:00,2023-01-04T10:29:59,2100-12-01T00:00:00,0,0,800010219,0,0,0,0,0
10573,7200867,7210694,1,crow10573,3102548,0,0,0,0,0,0,1023,29,0,0,0,2,0,0,4,0,0,0,2022-12-23T10:35:00,2023-01-12T10:29:59,2100-12-01T00:00:00,0,0,800010466,0,0,0,0,0
10574,7200868,7210418,1,crow10574,3102549,0,0,0,0,0,0,1023,30,0,0,0,0,0,0,3,0,0,0,2022-12-23T10:35:00,2023-01-12T10:29:59,2100-12-01T00:00:00,0,0,800010229,0,0,0,0,0
10575,7200869,7210709,1,crow10575,3102550,0,0,0,0,0,0,1023,31,0,0,0,0,0,0,3,0,0,0,2022-12-23T10:35:00,2023-01-12T10:29:59,2100-12-01T00:00:00,0,0,800010575,0,0,0,0,0
10576,7200870,7210733,1,crow10576,3102551,0,0,0,0,0,0,1023,32,0,0,0,0,0,0,2,0,0,0,2022-12-23T10:35:00,2023-01-12T10:29:59,2100-12-01T00:00:00,0,0,800010253,0,0,0,0,0
10577,7200871,7210710,1,crow10577,3102552,0,0,0,0,0,0,1023,33,0,0,0,0,0,0,1,0,0,0,2022-12-23T10:35:00,2023-01-12T10:29:59,2100-12-01T00:00:00,0,0,800010577,0,0,0,0,0
10578,7200678,7210711,1,crow10578,3102553,0,0,0,0,0,0,1023,34,0,0,0,0,0,0,1,0,0,0,2022-12-23T10:35:00,2023-01-12T10:29:59,2100-12-01T00:00:00,0,0,800010533,0,0,0,0,0
10579,7200872,7210712,1,crow10579,3102554,0,0,0,0,0,0,1023,35,0,0,0,0,0,0,1,0,0,0,2022-12-23T10:35:00,2023-01-12T10:29:59,2100-12-01T00:00:00,0,0,800010579,0,0,0,0,0
10580,7200873,7210713,1,crow10580,3102555,0,0,0,0,0,0,1023,36,0,0,0,2,0,0,5,0,0,0,2022-12-23T10:35:00,2023-01-12T10:29:59,2100-12-01T00:00:00,0,0,800010535,0,0,0,0,0
10581,7200874,7210654,1,crow10581,3102556,0,0,0,0,0,0,1023,37,0,0,0,0,0,0,3,0,0,0,2022-12-23T10:35:00,2023-01-12T10:29:59,2100-12-01T00:00:00,0,0,800010171,0,0,0,0,0
10582,7200875,7210402,1,crow10582,3102557,0,0,0,0,0,0,1023,38,0,0,0,0,0,0,2,0,0,0,2022-12-23T10:35:00,2023-01-12T10:29:59,2100-12-01T00:00:00,0,0,800010219,0,0,0,0,0
10583,7200876,7210665,1,crow10583,3102558,0,0,0,0,0,0,1023,39,0,0,0,0,0,0,1,0,0,0,2022-12-23T10:35:00,2023-01-12T10:29:59,2100-12-01T00:00:00,0,0,800010539,0,0,0,0,0
10584,7200333,7210486,1,crow10584,3102561,0,0,0,0,0,0,1023,41,0,0,0,0,0,0,1,0,0,0,2022-12-23T10:35:00,2023-01-12T10:29:59,2100-12-01T00:00:00,0,0,800010584,0,0,0,0,0
10585,7200320,7210487,1,crow10585,3102562,0,0,0,0,0,0,1023,42,0,0,0,2,0,0,3,0,0,0,2022-12-23T10:35:00,2023-01-12T10:29:59,2100-12-01T00:00:00,0,0,800010146,0,0,0,0,0
10586,7200878,7210640,1,crow10586,3102563,0,0,0,0,0,0,1023,43,0,0,0,0,0,0,1,0,0,0,2022-12-23T10:35:00,2023-01-12T10:29:59,2100-12-01T00:00:00,0,0,800010586,0,0,0,0,0
10587,7200881,7210717,1,crow10587,3102568,0,0,0,0,0,0,1025,90,0,0,0,0,0,0,1,0,0,0,2022-12-23T10:35:00,2026-08-28T10:29:59,2100-12-01T00:00:00,200,0,800010587,0,0,0,0,0
10588,7200882,7210718,1,0,3102569,0,0,0,0,0,0,1001,1,0,0,0,1,0,0,1,1,0,0,2022-12-23T10:35:00,2022-12-30T23:59:59,2100-12-01T00:00:00,0,0,801110009,0,0,0,0,0
10589,7200883,7210719,1,crow10589,3102570,0,0,0,0,0,0,1023,38,0,0,0,0,0,0,2,0,0,0,2022-12-31T10:30:00,2023-01-31T10:29:59,2100-12-01T00:00:00,0,0,800010589,0,0,0,0,0
10590,7200884,7210720,1,crow10590,3102571,0,0,0,0,0,0,1023,39,0,0,0,0,0,0,2,0,0,0,2022-12-31T10:30:00,2023-01-31T10:29:59,2100-12-01T00:00:00,0,0,800010590,0,0,0,0,0
10591,7200885,7210721,1,crow10591,3102572,0,0,0,0,0,0,1023,40,0,0,0,0,0,0,2,0,0,0,2022-12-31T10:30:00,2023-01-31T10:29:59,2100-12-01T00:00:00,0,0,800010591,0,0,0,0,0
10592,7200886,7210226,1,crow10592,0,0,0,0,0,0,0,1023,41,0,0,0,0,0,0,1,0,0,0,2022-12-31T10:30:00,2023-01-30T23:59:59,2100-12-01T00:00:00,0,0,800010592,0,0,0,0,0
10593,7200887,7210497,1,crow10593,0,0,0,0,0,0,0,1023,42,0,0,0,0,0,0,1,0,0,0,2022-12-31T10:30:00,2023-01-31T10:29:59,2100-12-01T00:00:00,0,0,800010593,0,0,0,0,0
10594,7200888,7210498,1,crow10594,3102573,0,0,0,0,0,0,1023,43,0,0,0,0,0,0,1,0,0,0,2022-12-31T10:30:00,2023-01-31T10:29:59,2100-12-01T00:00:00,0,0,800010594,0,0,0,0,0
10595,7200889,7210691,1,crow10595,3102574,0,0,0,0,0,0,1023,44,0,0,0,0,0,0,1,0,0,0,2022-12-31T10:30:00,2023-01-31T10:29:59,2100-12-01T00:00:00,0,0,800010533,0,0,0,0,0
10596,7200890,7210708,1,crow10596,3102575,0,0,0,0,0,0,1023,45,0,0,0,2,0,0,5,0,0,0,2022-12-31T10:30:00,2023-01-31T10:29:59,2100-12-01T00:00:00,0,0,800010170,0,0,0,0,0
10597,7200891,7210654,1,crow10597,3102576,0,0,0,0,0,0,1023,46,0,0,0,0,0,0,3,0,0,0,2022-12-31T10:30:00,2023-01-31T10:29:59,2100-12-01T00:00:00,0,0,800010171,0,0,0,0,0
10598,7200892,7210557,1,crow10598,3102577,0,0,0,0,0,0,1023,47,0,0,0,2,0,0,3,0,0,0,2022-12-31T10:30:00,2023-01-31T10:29:59,2100-12-01T00:00:00,0,0,800010175,0,0,0,0,0
10599,7200893,7210590,1,crow10599,3102578,0,0,0,0,0,0,1023,48,0,0,0,3,0,0,3,0,0,0,2022-12-31T10:30:00,2023-01-31T10:29:59,2100-12-01T00:00:00,0,0,800010438,0,0,0,0,0
10600,7200894,7210402,1,crow10600,3102579,0,0,0,0,0,0,1023,49,0,0,0,0,0,0,2,0,0,0,2022-12-31T10:30:00,2023-01-31T10:29:59,2100-12-01T00:00:00,0,0,800010219,0,0,0,0,0
10601,7200895,7210522,1,crow10601,3102580,0,0,0,0,0,0,1023,50,0,0,0,0,0,0,2,0,0,0,2022-12-31T10:30:00,2023-01-31T10:29:59,2100-12-01T00:00:00,0,0,800010242,0,0,0,0,0
10602,7200896,7210722,1,crow10602,3102581,0,0,0,0,0,0,1023,36,0,0,0,0,0,0,10,0,0,0,2022-12-31T10:30:00,2023-01-31T10:29:59,2100-12-01T00:00:00,0,0,800010602,0,0,0,0,0
10603,7200897,7210723,1,crow10603,3102582,0,0,0,0,0,0,1023,37,0,0,0,0,0,0,5,0,0,0,2022-12-31T10:30:00,2023-01-31T10:29:59,2100-12-01T00:00:00,0,0,800010603,0,0,0,0,0
10604,7200898,7210724,1,crow10604,3102583,0,0,0,0,0,0,1023,11,0,0,0,0,0,0,1,0,0,0,2023-01-01T00:00:00,2023-01-15T23:59:59,2100-12-01T00:00:00,0,0,800010604,0,0,0,0,0
10605,7200899,7210725,1,crow10605,3102584,0,0,0,0,0,0,1023,12,0,0,0,0,0,0,1,0,0,0,2023-01-01T00:00:00,2023-01-15T23:59:59,2100-12-01T00:00:00,0,0,800010605,0,0,0,0,0
10606,7200900,7210726,1,crow10606,3102585,0,0,0,0,0,0,1023,13,0,0,0,0,0,0,1,0,0,0,2023-01-01T00:00:00,2023-01-15T23:59:59,2100-12-01T00:00:00,0,0,800010606,0,0,0,0,0
10607,7200901,7210727,1,crow10607,3102586,0,0,0,0,0,0,1023,14,0,0,0,0,0,0,1,0,0,0,2023-01-01T00:00:00,2023-01-15T23:59:59,2100-12-01T00:00:00,0,0,800010607,0,0,0,0,0
10608,7200902,7210728,1,crow10608,3102587,0,0,0,0,0,0,1023,25,0,0,0,0,0,0,3,0,0,0,2023-01-04T10:30:00,2023-01-24T10:29:59,2100-12-01T00:00:00,0,0,800010608,0,0,0,0,0
10609,7200903,7210498,1,crow10609,3102588,0,0,0,0,0,0,1023,26,0,0,0,0,0,0,1,0,0,0,2023-01-04T10:30:00,2023-01-24T10:29:59,2100-12-01T00:00:00,0,0,800010186,0,0,0,0,0
10610,7200904,7210694,1,crow10610,3102589,0,0,0,0,0,0,1023,27,0,0,0,2,0,0,4,0,0,0,2023-01-10T10:35:00,2023-01-30T10:29:59,2100-12-01T00:00:00,0,0,800010610,0,0,0,0,0
10611,7200905,7210418,1,crow10611,3102590,0,0,0,0,0,0,1023,28,0,0,0,0,0,0,3,0,0,0,2023-01-10T10:35:00,2023-01-30T10:29:59,2100-12-01T00:00:00,0,0,800010611,0,0,0,0,0
10612,7200678,7210611,1,crow10612,3102591,0,0,0,0,0,0,1023,29,0,0,0,0,0,0,1,0,0,0,2023-01-10T10:35:00,2023-01-30T10:29:59,2100-12-01T00:00:00,0,0,800010612,0,0,0,0,0
10613,7200906,7210549,1,crow10613,3102592,0,0,0,0,0,0,1023,30,0,0,0,2,0,0,5,0,0,0,2023-01-10T10:35:00,2023-01-30T10:29:59,2100-12-01T00:00:00,0,0,800010613,0,0,0,0,0
10614,7200907,7210613,1,crow10614,3102593,0,0,0,0,0,0,1023,31,0,0,0,2,0,0,3,0,0,0,2023-01-10T10:35:00,2023-01-30T10:29:59,2100-12-01T00:00:00,0,0,800010614,0,0,0,0,0
10615,7200908,7210730,1,crow10615,3102594,0,0,0,0,0,0,1023,32,0,0,0,2,0,0,5,0,0,0,2023-01-10T10:35:00,2023-01-30T10:29:59,2100-12-01T00:00:00,0,0,800010615,0,0,0,0,0
10616,7200909,7210731,1,crow10616,3102595,0,0,0,0,0,0,1023,33,0,0,0,0,0,0,3,0,0,0,2023-01-10T10:35:00,2023-01-30T10:29:59,2100-12-01T00:00:00,0,0,800010616,0,0,0,0,0
10617,7200910,7210446,1,crow10617,3102596,0,0,0,0,0,0,1023,34,0,0,0,0,0,0,2,0,0,0,2023-01-10T10:35:00,2023-01-30T10:29:59,2100-12-01T00:00:00,0,0,800010617,0,0,0,0,0
10618,7200911,7210732,1,0,3102597,0,0,0,0,0,0,1001,1,0,0,0,1,0,0,1,1,0,0,2023-01-01T00:00:00,2023-01-10T23:59:59,2100-12-01T00:00:00,0,0,801110010,0,0,0,0,0
10619,7200924,7210746,1,crow10619,3102598,0,0,0,0,0,0,1023,46,0,0,0,0,0,0,2,0,0,0,2023-01-17T10:35:00,2023-02-16T10:29:59,2100-12-01T00:00:00,0,0,800010619,0,0,0,0,0
10620,7200925,7210747,1,crow10620,3102599,0,0,0,0,0,0,1023,47,0,0,0,0,0,0,2,0,0,0,2023-01-17T10:35:00,2023-02-16T10:29:59,2100-12-01T00:00:00,0,0,800010620,0,0,0,0,0
10621,7200926,7210748,1,crow10621,3102600,0,0,0,0,0,0,1023,48,0,0,0,0,0,0,2,0,0,0,2023-01-17T10:35:00,2023-02-16T10:29:59,2100-12-01T00:00:00,0,0,800010621,0,0,0,0,0
10622,7200927,7210749,1,crow10622,3102601,0,0,0,0,0,0,1023,49,0,0,0,0,0,0,2,0,0,0,2023-01-17T10:35:00,2023-02-16T10:29:59,2100-12-01T00:00:00,0,0,800010622,0,0,0,0,0
10623,7200928,7210554,1,crow10623,3102602,0,0,0,0,0,0,1023,47,0,0,0,0,0,0,1,0,0,0,2023-01-17T10:35:00,2023-02-06T10:29:59,2100-12-01T00:00:00,0,0,800010169,0,0,0,0,0
10624,7200929,7210555,1,crow10624,3102603,0,0,0,0,0,0,1023,48,0,0,0,2,0,0,5,0,0,0,2023-01-17T10:35:00,2023-02-06T10:29:59,2100-12-01T00:00:00,0,0,800010170,0,0,0,0,0
10625,7200930,7210654,1,crow10625,3102604,0,0,0,0,0,0,1023,49,0,0,0,0,0,0,3,0,0,0,2023-01-17T10:35:00,2023-02-06T10:29:59,2100-12-01T00:00:00,0,0,800010171,0,0,0,0,0
10626,7200931,7210557,1,crow10626,3102605,0,0,0,0,0,0,1023,50,0,0,0,2,0,0,3,0,0,0,2023-01-17T10:35:00,2023-02-06T10:29:59,2100-12-01T00:00:00,0,0,800010175,0,0,0,0,0
10627,7200932,7210577,1,crow10627,3102606,0,0,0,0,0,0,1023,51,0,0,0,3,0,0,2,0,0,0,2023-01-17T10:35:00,2023-02-06T10:29:59,2100-12-01T00:00:00,0,0,800010406,0,0,0,0,0
10628,7200933,7210608,1,crow10628,3102607,0,0,0,0,0,0,1023,52,0,0,0,2,0,0,3,0,0,0,2023-01-17T10:35:00,2023-02-06T10:29:59,2100-12-01T00:00:00,0,0,800010464,0,0,0,0,0
10629,7200934,7210522,1,crow10629,3102608,0,0,0,0,0,0,1023,53,0,0,0,0,0,0,2,0,0,0,2023-01-17T10:35:00,2023-02-06T10:29:59,2100-12-01T00:00:00,0,0,800010242,0,0,0,0,0
10630,7200935,7210751,1,crow10630,3102609,0,0,0,0,0,0,1023,30,0,0,0,0,0,0,2,0,0,0,2023-01-24T10:35:00,2023-02-10T10:29:59,2100-12-01T00:00:00,0,0,800010630,0,0,0,0,0
10631,7200936,7210749,1,crow10631,3102610,0,0,0,0,0,0,1023,50,0,0,0,0,0,0,3,0,0,0,2023-01-24T10:35:00,2023-02-16T10:29:59,2100-12-01T00:00:00,0,0,800010622,0,0,0,0,0
10632,7200937,7210694,1,crow10632,3102611,0,0,0,0,0,0,1023,32,0,0,0,2,0,0,4,0,0,0,2023-01-24T10:35:00,2023-02-10T10:29:59,2100-12-01T00:00:00,0,0,800010466,0,0,0,0,0
10633,7200938,7210418,1,crow10633,3102612,0,0,0,0,0,0,1023,33,0,0,0,0,0,0,3,0,0,0,2023-01-24T10:35:00,2023-02-10T10:29:59,2100-12-01T00:00:00,0,0,800010229,0,0,0,0,0
10634,7200939,7210752,1,crow10634,3102613,0,0,0,0,0,0,1023,34,0,0,0,0,0,0,1,0,0,0,2023-01-24T10:35:00,2023-02-10T10:29:59,2100-12-01T00:00:00,0,0,800010634,0,0,0,0,0
10635,7200940,7210753,1,crow10635,3102614,0,0,0,0,0,0,1023,35,0,0,0,0,0,0,1,0,0,0,2023-01-24T10:35:00,2023-02-10T10:29:59,2100-12-01T00:00:00,0,0,800010635,0,0,0,0,0
10636,7200678,7210611,1,crow10636,3102615,0,0,0,0,0,0,1023,36,0,0,0,0,0,0,1,0,0,0,2023-01-24T10:35:00,2023-02-10T10:29:59,2100-12-01T00:00:00,0,0,800010636,0,0,0,0,0
10637,7200941,7210549,1,crow10637,3102616,0,0,0,0,0,0,1023,37,0,0,0,2,0,0,5,0,0,0,2023-01-24T10:35:00,2023-02-10T10:29:59,2100-12-01T00:00:00,0,0,800010239,0,0,0,0,0
10638,7200942,7210754,1,crow10638,3102617,0,0,0,0,0,0,1023,38,0,0,0,2,0,0,5,0,0,0,2023-01-24T10:35:00,2023-02-10T10:29:59,2100-12-01T00:00:00,0,0,800010535,0,0,0,0,0
10639,7200943,7210731,1,crow10639,3102618,0,0,0,0,0,0,1023,39,0,0,0,0,0,0,5,0,0,0,2023-01-24T10:35:00,2023-02-10T10:29:59,2100-12-01T00:00:00,0,0,800010171,0,0,0,0,0
10640,7200944,7210755,1,crow10640,3102619,0,0,0,0,0,0,1023,40,0,0,0,2,0,0,3,0,0,0,2023-01-24T10:35:00,2023-02-10T10:29:59,2100-12-01T00:00:00,0,0,800010472,0,0,0,0,0
10641,7200945,7210756,1,crow10641,3102620,0,0,0,0,0,0,1023,41,0,0,0,2,0,0,3,0,0,0,2023-01-24T10:35:00,2023-02-10T10:29:59,2100-12-01T00:00:00,0,0,800010641,0,0,0,0,0
10642,7200947,7210757,1,0,3104007,0,0,0,0,0,0,1004,6,0,0,0,2,0,0,1,0,0,0,2023-01-10T10:35:00,2100-12-31T00:00:00,2100-12-01T00:00:00,0,0,710000151,0,0,0,0,0
10643,7200950,7210763,1,crow10643,3102631,0,0,0,0,0,0,1023,50,0,0,0,0,0,0,2,0,0,0,2023-01-31T10:35:00,2023-02-27T10:29:59,2100-12-01T00:00:00,0,0,800010643,0,0,0,0,0
10644,7200951,7210764,1,crow10644,3102632,0,0,0,0,0,0,1023,51,0,0,0,0,0,0,2,0,0,0,2023-01-31T10:35:00,2023-02-27T10:29:59,2100-12-01T00:00:00,0,0,800010644,0,0,0,0,0
10645,7200952,7210765,1,crow10645,3102633,0,0,0,0,0,0,1023,52,0,0,0,0,0,0,2,0,0,0,2023-01-31T10:35:00,2023-02-27T10:29:59,2100-12-01T00:00:00,0,0,800010645,0,0,0,0,0
10647,7200954,7210226,1,crow10647,0,0,0,0,0,0,0,1023,53,0,0,0,0,0,0,1,0,0,0,2023-01-31T10:35:00,2023-02-20T10:29:59,2100-12-01T00:00:00,0,0,800010077,0,0,0,0,0
10648,7200955,7210691,1,crow10648,3102635,0,0,0,0,0,0,1023,57,0,0,0,0,0,0,1,0,0,0,2023-01-31T10:35:00,2023-02-20T10:29:59,2100-12-01T00:00:00,0,0,800010533,0,0,0,0,0
10649,7200956,7210708,1,crow10649,3102636,0,0,0,0,0,0,1023,58,0,0,0,2,0,0,5,0,0,0,2023-01-31T10:35:00,2023-02-20T10:29:59,2100-12-01T00:00:00,0,0,800010170,0,0,0,0,0
10650,7200957,7210654,1,crow10650,3102637,0,0,0,0,0,0,1023,59,0,0,0,0,0,0,3,0,0,0,2023-01-31T10:35:00,2023-02-20T10:29:59,2100-12-01T00:00:00,0,0,800010171,0,0,0,0,0
10651,7200958,7210557,1,crow10651,3102638,0,0,0,0,0,0,1023,60,0,0,0,2,0,0,3,0,0,0,2023-01-31T10:35:00,2023-02-20T10:29:59,2100-12-01T00:00:00,0,0,800010175,0,0,0,0,0
10652,7200959,7210590,1,crow10652,3102639,0,0,0,0,0,0,1023,61,0,0,0,3,0,0,3,0,0,0,2023-01-31T10:35:00,2023-02-20T10:29:59,2100-12-01T00:00:00,0,0,800010438,0,0,0,0,0
10653,7200960,7210402,1,crow10653,3102640,0,0,0,0,0,0,1023,62,0,0,0,0,0,0,2,0,0,0,2023-01-31T10:35:00,2023-02-20T10:29:59,2100-12-01T00:00:00,0,0,800010219,0,0,0,0,0
10654,7200961,7210522,1,crow10654,3102641,0,0,0,0,0,0,1023,63,0,0,0,0,0,0,2,0,0,0,2023-01-31T10:35:00,2023-02-20T10:29:59,2100-12-01T00:00:00,0,0,800010242,0,0,0,0,0
10655,7200456,7210431,1,crow10655,3102623,0,0,0,0,0,0,1032,2,0,0,0,0,0,0,2,0,0,168,2023-01-24T10:35:00,2023-10-30T10:34:59,2100-12-01T00:00:00,0,0,800010243,0,0,0,0,0
10656,7200739,7210617,1,crow10656,3102624,0,0,0,0,0,0,1032,3,0,0,0,0,0,0,2,0,0,168,2023-01-24T10:35:00,2023-04-20T10:35:00,2100-12-01T00:00:00,0,0,800010488,0,0,0,0,0
10657,7200948,7210759,1,crow10657,3102625,0,0,0,0,0,0,1032,8,0,0,0,0,0,0,1,0,0,168,2023-01-24T10:35:00,2026-08-28T10:29:59,2100-12-01T00:00:00,0,0,800010657,0,0,0,0,0
10658,7200460,7210645,1,crow10658,3102626,0,0,0,0,0,0,1032,6,0,0,0,0,0,0,2,0,0,168,2023-01-24T10:35:00,2023-10-30T10:34:59,2100-12-01T00:00:00,0,0,800010247,0,0,0,0,0
10659,7200461,7210761,1,crow10659,3102627,0,0,0,0,0,0,1032,7,0,0,0,0,0,0,1,0,0,168,2023-01-24T10:35:00,2023-10-30T10:34:59,2100-12-01T00:00:00,0,0,800010248,0,0,0,0,0
10660,7200778,7210778,1,crow10660,3102628,0,0,0,0,0,0,1035,3,0,0,0,0,0,0,1,0,0,0,2023-01-24T10:35:00,2023-10-30T10:34:59,2100-12-01T00:00:00,0,0,800010503,0,0,0,0,0
10661,7200779,7210779,1,crow10661,3102629,0,0,0,0,0,0,1035,3,0,0,0,0,0,0,1,0,0,0,2023-01-24T10:35:00,2023-10-30T10:34:59,2100-12-01T00:00:00,0,0,800010504,0,0,0,0,0
10662,7200949,7210762,1,0,3102630,0,0,0,0,0,0,1035,1,0,0,0,1,0,0,1,1,0,0,2023-01-24T10:35:00,2100-12-31T00:00:00,2100-12-01T00:00:00,0,0,800010662,0,0,0,0,0
10663,7200962,7210238,1,crow10663,3102642,0,0,0,0,0,0,1023,54,0,0,0,2,0,0,2,0,0,0,2023-01-31T10:35:00,2023-02-20T10:29:59,2100-12-01T00:00:00,0,0,800010012,0,0,0,0,0
10664,7200963,7210418,1,crow10664,3102643,0,0,0,0,0,0,1023,55,0,0,0,3,0,0,3,0,0,0,2023-01-31T10:35:00,2023-02-20T10:29:59,2100-12-01T00:00:00,0,0,800010229,0,0,0,0,0
10665,7200964,7210640,1,crow10665,3102644,0,0,0,0,0,0,1023,56,0,0,0,3,0,0,1,0,0,0,2023-01-31T10:35:00,2023-02-20T10:29:59,2100-12-01T00:00:00,0,0,800010586,0,0,0,0,0
10666,7200965,7210510,1,crow10666,3102645,0,0,0,0,0,0,1023,64,0,0,0,0,0,0,1,0,0,0,2023-01-31T10:35:00,2023-02-20T10:29:59,2100-12-01T00:00:00,0,0,800010330,0,0,0,0,0
10667,7200969,7210771,1,crow10667,3102649,0,0,0,0,0,0,1023,53,0,0,0,0,0,0,10,0,0,0,2023-02-04T10:35:00,2023-03-15T10:29:59,2100-12-01T00:00:00,0,0,800010667,0,0,0,0,0
10668,7200970,7210772,1,crow10668,3102650,0,0,0,0,0,0,1023,54,0,0,0,0,0,0,10,0,0,0,2023-02-04T10:35:00,2023-03-15T10:29:59,2100-12-01T00:00:00,0,0,800010668,0,0,0,0,0
10669,7200971,7210773,1,crow10669,3102651,0,0,0,0,0,0,1023,55,0,0,0,0,0,0,10,0,0,0,2023-02-04T10:35:00,2023-03-15T10:29:59,2100-12-01T00:00:00,0,0,800010669,0,0,0,0,0
10670,7200972,7210774,1,crow10670,3102662,0,0,0,0,0,0,1023,56,0,0,0,0,0,0,1,0,0,0,2023-02-04T10:35:00,2023-03-15T10:29:59,2100-12-01T00:00:00,0,0,800010670,0,0,0,0,0
10671,7200973,7210694,1,crow10671,3102652,0,0,0,0,0,0,1023,40,0,0,0,2,0,0,5,0,0,0,2023-02-04T10:35:00,2023-02-24T10:29:59,2100-12-01T00:00:00,0,0,800010466,0,0,0,0,0
10672,7200974,7210418,1,crow10672,3102653,0,0,0,0,0,0,1023,41,0,0,0,0,0,0,3,0,0,0,2023-02-04T10:35:00,2023-02-24T10:29:59,2100-12-01T00:00:00,0,0,800010229,0,0,0,0,0
10673,7200975,7210636,1,crow10673,3102654,0,0,0,0,0,0,1023,42,0,0,0,0,0,0,1,0,0,0,2023-02-04T10:35:00,2023-02-24T10:29:59,2100-12-01T00:00:00,0,0,800010673,0,0,0,0,0
10674,7200976,7210637,1,crow10674,3102655,0,0,0,0,0,0,1023,43,0,0,0,0,0,0,1,0,0,0,2023-02-04T10:35:00,2023-02-24T10:29:59,2100-12-01T00:00:00,0,0,800010674,0,0,0,0,0
10675,7200977,7210640,1,crow10675,3102656,0,0,0,0,0,0,1023,44,0,0,0,0,0,0,1,0,0,0,2023-02-04T10:35:00,2023-02-24T10:29:59,2100-12-01T00:00:00,0,0,800010675,0,0,0,0,0
10676,7200978,7210776,1,crow10676,3102657,0,0,0,0,0,0,1023,45,0,0,0,0,0,0,3,0,0,0,2023-02-04T10:35:00,2023-02-24T10:29:59,2100-12-01T00:00:00,0,0,800010171,0,0,0,0,0
10677,7200979,7210755,1,crow10677,3102658,0,0,0,0,0,0,1023,46,0,0,0,2,0,0,3,0,0,0,2023-02-04T10:35:00,2023-02-24T10:29:59,2100-12-01T00:00:00,0,0,800010472,0,0,0,0,0
10678,7200980,7210522,1,crow10678,3102659,0,0,0,0,0,0,1023,47,0,0,0,2,0,0,3,0,0,0,2023-02-04T10:35:00,2023-02-24T10:29:59,2100-12-01T00:00:00,0,0,800010242,0,0,0,0,0
10679,7200981,7210665,1,crow10679,3102660,0,0,0,0,0,0,1023,48,0,0,0,0,0,0,1,0,0,0,2023-02-04T10:35:00,2023-02-24T10:29:59,2100-12-01T00:00:00,0,0,800010539,0,0,0,0,0
10680,7200982,7210777,1,crow10680,3102661,0,0,0,0,0,0,1023,49,0,0,0,0,0,0,3,0,0,0,2023-02-04T10:35:00,2023-02-24T10:29:59,2100-12-01T00:00:00,0,0,800010680,0,0,0,0,0
10681,7200993,7210790,1,crow10681,3102663,0,0,0,0,0,0,1036,50,0,0,0,0,0,0,3,0,0,0,2023-02-10T10:35:00,2023-03-12T10:29:59,2100-12-01T00:00:00,0,0,800010681,0,0,0,0,0
10682,7200994,7210791,1,crow10682,3102664,0,0,0,0,0,0,1036,51,0,0,0,0,0,0,3,0,0,0,2023-02-10T10:35:00,2023-03-12T10:29:59,2100-12-01T00:00:00,0,0,800010682,0,0,0,0,0
10683,7200995,7210792,1,crow10683,3102665,0,0,0,0,0,0,1036,52,0,0,0,0,0,0,2,0,0,0,2023-02-10T10:35:00,2023-03-12T10:29:59,2100-12-01T00:00:00,0,0,800010683,0,0,0,0,0
10684,7200996,7210226,1,crow10684,0,0,0,0,0,0,0,1036,42,0,0,0,0,0,0,1,0,0,0,2023-02-10T10:35:00,2023-03-02T10:29:59,2100-12-01T00:00:00,0,0,800010684,0,0,0,0,0
10685,7200997,7210497,1,crow10685,0,0,0,0,0,0,0,1036,43,0,0,0,0,0,0,1,0,0,0,2023-02-10T10:35:00,2023-03-02T10:29:59,2100-12-01T00:00:00,0,0,800010685,0,0,0,0,0
10686,7200998,7210498,1,crow10686,3102666,0,0,0,0,0,0,1036,44,0,0,0,0,0,0,1,0,0,0,2023-02-10T10:35:00,2023-03-02T10:29:59,2100-12-01T00:00:00,0,0,800010686,0,0,0,0,0
10687,7200999,7210775,1,crow10687,3102667,0,0,0,0,0,0,1036,35,0,0,0,0,0,0,1,0,0,0,2023-02-10T10:35:00,2023-03-02T10:29:59,2100-12-01T00:00:00,0,0,800010687,0,0,0,0,0
10688,7201000,7210793,1,crow10688,3102668,0,0,0,0,0,0,1036,36,0,0,0,0,0,0,1,0,0,0,2023-02-10T10:35:00,2023-03-02T10:29:59,2100-12-01T00:00:00,0,0,800010688,0,0,0,0,1
10689,7201001,7210797,1,crow10689,3102669,0,0,0,0,0,0,1036,37,0,0,0,0,0,0,1,0,0,0,2023-02-10T10:35:00,2023-03-02T10:29:59,2100-12-01T00:00:00,0,0,800010689,0,0,0,0,1
10690,7201002,7210794,1,crow10690,3102670,0,0,0,0,0,0,1036,38,0,0,0,0,0,0,1,0,0,0,2023-02-10T10:35:00,2023-03-02T10:29:59,2100-12-01T00:00:00,0,0,800010690,0,0,0,0,0
10691,7201003,7210640,1,crow10691,3102671,0,0,0,0,0,0,1036,45,0,0,0,0,0,0,1,0,0,0,2023-02-10T10:35:00,2023-03-02T10:29:59,2100-12-01T00:00:00,0,0,800010691,0,0,0,0,0
10692,7201004,7210795,1,crow10692,3102672,0,0,0,0,0,0,1036,46,0,0,0,2,0,0,5,0,0,0,2023-02-10T10:35:00,2023-03-02T10:29:59,2100-12-01T00:00:00,0,0,800010535,0,0,0,0,0
10693,7200808,7210796,1,crow10693,3102673,0,0,0,0,0,0,1036,47,0,0,0,0,0,0,3,0,0,0,2023-02-10T10:35:00,2023-03-02T10:29:59,2100-12-01T00:00:00,0,0,800010693,0,0,0,0,0
10694,7200809,7210661,1,crow10694,3102674,0,0,0,0,0,0,1036,48,0,0,0,0,0,0,3,0,0,0,2023-02-10T10:35:00,2023-03-02T10:29:59,2100-12-01T00:00:00,0,0,800010694,0,0,0,0,0
10695,7201005,7210654,1,crow10695,3102675,0,0,0,0,0,0,1036,49,0,0,0,0,0,0,5,0,0,0,2023-02-10T10:35:00,2023-03-02T10:29:59,2100-12-01T00:00:00,0,0,800010171,0,0,0,0,0
10696,7201006,7210608,1,crow10696,3102676,0,0,0,0,0,0,1036,50,0,0,0,2,0,0,3,0,0,0,2023-02-10T10:35:00,2023-03-02T10:29:59,2100-12-01T00:00:00,0,0,800010464,0,0,0,0,0
10697,7201007,7210798,1,0,3102677,0,0,0,0,0,0,1001,1,0,0,0,1,0,0,1,1,0,0,2023-02-10T10:35:00,2023-02-27T23:59:59,2100-12-01T00:00:00,0,0,801110011,0,0,0,0,0
10698,7201008,7210799,1,crow10698,3102678,0,0,0,0,0,0,1036,49,0,0,0,0,0,0,4,0,0,0,2023-02-17T10:35:00,2023-03-19T10:29:59,2100-12-01T00:00:00,0,0,800010698,0,0,0,0,0
10699,7201009,7210800,1,crow10699,3102679,0,0,0,0,0,0,1036,50,0,0,0,0,0,0,3,0,0,0,2023-02-17T10:35:00,2023-03-19T10:29:59,2100-12-01T00:00:00,0,0,800010699,0,0,0,0,0
10700,7201010,7210801,1,crow10700,3102680,0,0,0,0,0,0,1036,51,0,0,0,0,0,0,2,0,0,0,2023-02-17T10:35:00,2023-03-19T10:29:59,2100-12-01T00:00:00,0,0,800010700,0,0,0,0,0
10701,7200440,7210418,1,crow10701,3102681,0,0,0,0,0,0,1023,41,0,0,0,0,0,0,3,0,0,0,2023-02-17T10:35:00,2023-03-09T10:29:59,2100-12-01T00:00:00,0,0,800010229,0,0,0,0,0
10702,7201011,7210733,1,crow10702,3102682,0,0,0,0,0,0,1023,42,0,0,0,0,0,0,2,0,0,0,2023-02-17T10:35:00,2023-03-09T10:29:59,2100-12-01T00:00:00,0,0,800010253,0,0,0,0,0
10703,7200441,7210654,1,crow10703,3102683,0,0,0,0,0,0,1023,43,0,0,0,0,0,0,5,0,0,0,2023-02-17T10:35:00,2023-03-09T10:29:59,2100-12-01T00:00:00,0,0,800010171,0,0,0,0,0
10704,7200442,7210419,1,crow10704,3102684,0,0,0,0,0,0,1023,44,0,0,0,0,0,0,1,0,0,0,2023-02-17T10:35:00,2023-03-09T10:29:59,2100-12-01T00:00:00,0,0,800010093,0,0,0,0,0
10705,7200443,7210697,1,crow10705,3102685,0,0,0,0,0,0,1023,45,0,0,0,2,0,0,3,0,0,0,2023-02-17T10:35:00,2023-03-09T10:29:59,2100-12-01T00:00:00,0,0,800010232,0,0,0,0,0
10706,7200444,7210802,1,crow10706,3102686,0,0,0,0,0,0,1023,46,0,0,0,2,0,0,5,0,0,0,2023-02-17T10:35:00,2023-03-09T10:29:59,2100-12-01T00:00:00,0,0,800010706,0,0,0,0,0
10707,7200659,7210577,1,crow10707,3102691,0,0,0,0,0,0,1023,48,0,0,0,3,0,0,2,0,0,0,2023-02-17T10:35:00,2023-03-09T10:29:59,2100-12-01T00:00:00,0,0,800010406,0,0,0,0,0
10708,7201012,7210805,1,crow10708,3102692,0,0,0,0,0,0,1023,49,0,0,0,0,0,0,1,0,0,0,2023-02-17T10:35:00,2023-03-09T10:29:59,2100-12-01T00:00:00,0,0,800010708,0,0,0,0,0
10709,7201013,7210806,1,crow10709,3102693,0,0,0,0,0,0,1036,33,0,0,0,0,0,0,1,0,0,0,2023-02-21T10:35:00,2023-03-12T10:29:59,2100-12-01T00:00:00,0,0,800010709,0,0,0,0,0
10711,7201015,7210807,1,crow10711,3102695,0,0,0,0,0,0,1023,34,0,0,0,0,0,0,1,0,0,0,2023-02-21T10:35:00,2023-03-13T10:29:59,2100-12-01T00:00:00,0,0,800010711,0,0,0,0,0
10712,7201016,7210808,1,crow10712,3102696,0,0,0,0,0,0,1023,35,0,0,0,0,0,0,1,0,0,0,2023-02-21T10:35:00,2023-03-13T10:29:59,2100-12-01T00:00:00,0,0,800010712,0,0,0,0,1
10713,7201017,7210809,1,crow10713,3102697,0,0,0,0,0,0,1023,36,0,0,0,2,0,0,5,0,0,0,2023-02-21T10:35:00,2023-03-13T10:29:59,2100-12-01T00:00:00,0,0,800010713,0,0,0,0,0
10714,7201018,7210810,1,crow10714,3102698,0,0,0,0,0,0,1023,37,0,0,0,0,0,0,1,0,0,0,2023-02-21T10:35:00,2023-03-13T10:29:59,2100-12-01T00:00:00,0,0,800010714,0,0,0,0,0
10715,7201019,7210812,1,crow10715,3102699,0,0,0,0,0,0,1023,34,0,0,0,0,0,0,2,0,0,0,2023-02-28T10:35:00,2023-03-30T10:29:59,2100-12-01T00:00:00,0,0,800010715,0,0,0,0,0
10716,7201020,7210813,1,crow10716,3102700,0,0,0,0,0,0,1023,35,0,0,0,0,0,0,3,0,0,0,2023-02-28T10:35:00,2023-03-30T10:29:59,2100-12-01T00:00:00,0,0,800010716,0,0,0,0,0
10717,7201021,7210814,1,crow10717,3102701,0,0,0,0,0,0,1023,36,0,0,0,0,0,0,3,0,0,0,2023-02-28T10:35:00,2023-03-30T10:29:59,2100-12-01T00:00:00,0,0,800010717,0,0,0,0,0
10718,7201022,7210815,1,crow10718,3102702,0,0,0,0,0,0,1023,37,0,0,0,0,0,0,1,0,0,0,2023-02-28T10:35:00,2023-03-30T10:29:59,2100-12-01T00:00:00,0,0,800010355,0,0,0,0,0
10719,7201023,7210226,1,crow10719,0,0,0,0,0,0,0,1023,38,0,0,0,0,0,0,1,0,0,0,2023-02-28T10:35:00,2023-03-21T10:29:59,2100-12-01T00:00:00,0,0,800010077,0,0,0,0,0
10720,7201024,7210238,1,crow10720,3102703,0,0,0,0,0,0,1023,39,0,0,0,2,0,0,2,0,0,0,2023-02-28T10:35:00,2023-03-21T10:29:59,2100-12-01T00:00:00,0,0,800010012,0,0,0,0,0
10721,7200386,7210610,1,crow10721,3102704,0,0,0,0,0,0,1023,40,0,0,0,0,0,0,2,0,0,0,2023-02-28T10:35:00,2023-03-21T10:29:59,2100-12-01T00:00:00,0,0,800010186,0,0,0,0,0
10722,7201025,7210554,1,crow10722,3102705,0,0,0,0,0,0,1023,41,0,0,0,0,0,0,1,0,0,0,2023-02-28T10:35:00,2023-03-21T10:29:59,2100-12-01T00:00:00,0,0,800010169,0,0,0,0,0
10723,7201026,7210555,1,crow10723,3102706,0,0,0,0,0,0,1023,42,0,0,0,2,0,0,5,0,0,0,2023-02-28T10:35:00,2023-03-21T10:29:59,2100-12-01T00:00:00,0,0,800010170,0,0,0,0,0
10724,7201027,7210816,1,crow10724,3102707,0,0,0,0,0,0,1023,43,0,0,0,0,0,0,3,0,0,0,2023-02-28T10:35:00,2023-03-21T10:29:59,2100-12-01T00:00:00,0,0,800010171,0,0,0,0,0
10725,7201028,7210557,1,crow10725,3102708,0,0,0,0,0,0,1023,44,0,0,0,2,0,0,3,0,0,0,2023-02-28T10:35:00,2023-03-21T10:29:59,2100-12-01T00:00:00,0,0,800010175,0,0,0,0,0
10726,7201029,7210590,1,crow10726,3102709,0,0,0,0,0,0,1023,45,0,0,0,3,0,0,3,0,0,0,2023-02-28T10:35:00,2023-03-21T10:29:59,2100-12-01T00:00:00,0,0,800010438,0,0,0,0,0
10727,7201030,7210402,1,crow10727,3102710,0,0,0,0,0,0,1023,46,0,0,0,0,0,0,2,0,0,0,2023-02-28T10:35:00,2023-03-21T10:29:59,2100-12-01T00:00:00,0,0,800010219,0,0,0,0,0
10728,7201031,7210522,1,crow10728,3102711,0,0,0,0,0,0,1023,47,0,0,0,0,0,0,2,0,0,0,2023-02-28T10:35:00,2023-03-21T10:29:59,2100-12-01T00:00:00,0,0,800010242,0,0,0,0,0
10729,7201032,7210510,1,crow10729,3102712,0,0,0,0,0,0,1023,48,0,0,0,0,0,0,1,0,0,0,2023-02-28T10:35:00,2023-03-21T10:29:59,2100-12-01T00:00:00,0,0,800010330,0,0,0,0,0
10730,7201033,7210817,1,crow10730,3102713,0,0,0,0,0,0,1023,30,0,0,0,2,0,0,5,0,0,0,2023-02-28T10:35:00,2023-03-21T10:29:59,2100-12-01T00:00:00,0,0,800010730,0,0,0,0,0
10731,7201034,7210818,1,crow10731,3102714,0,0,0,0,0,0,1023,31,0,0,0,0,0,0,1,0,0,0,2023-02-28T10:35:00,2023-03-21T10:29:59,2100-12-01T00:00:00,0,0,800010731,0,0,0,0,0
10732,7201045,7210829,1,crow10732,3102715,0,0,0,0,0,0,1023,39,0,0,0,0,0,0,1,0,0,0,2023-03-04T10:30:00,2023-03-31T10:29:59,2100-12-01T00:00:00,0,0,800010732,0,0,0,0,1
10733,7201046,7210775,1,crow10733,3102716,0,0,0,0,0,0,1023,40,0,0,0,0,0,0,1,0,0,0,2023-03-04T10:30:00,2023-03-31T10:29:59,2100-12-01T00:00:00,0,0,800010733,0,0,0,0,0
10734,7201047,7210830,1,crow10734,3102717,0,0,0,0,0,0,1023,41,0,0,0,0,0,0,1,0,0,0,2023-03-04T10:30:00,2023-03-31T10:29:59,2100-12-01T00:00:00,0,0,800010734,0,0,0,0,0
10735,7201048,7210694,1,crow10735,3102718,0,0,0,0,0,0,1023,42,0,0,0,2,0,0,4,0,0,0,2023-03-07T10:35:00,2023-03-28T10:29:59,2100-12-01T00:00:00,0,0,800010466,0,0,0,0,0
10736,7201049,7210418,1,crow10736,3102719,0,0,0,0,0,0,1023,43,0,0,0,0,0,0,3,0,0,0,2023-03-07T10:35:00,2023-03-28T10:29:59,2100-12-01T00:00:00,0,0,800010229,0,0,0,0,0
10737,7201050,7210831,1,crow10737,3102720,0,0,0,0,0,0,1023,18,0,0,0,0,0,0,4,0,0,0,2023-03-07T10:35:00,2023-03-20T10:29:59,2100-12-01T00:00:00,0,0,800010737,0,0,0,0,0
10738,7201051,7210815,1,crow10738,3102721,0,0,0,0,0,0,1023,31,0,0,0,0,0,0,1,0,0,0,2023-03-07T10:35:00,2023-03-30T10:29:59,2100-12-01T00:00:00,0,0,800010355,0,0,0,0,0
10739,7200678,7210611,1,crow10739,3102722,0,0,0,0,0,0,1023,32,0,0,0,0,0,0,1,0,0,0,2023-03-07T10:35:00,2023-03-28T10:29:59,2100-12-01T00:00:00,0,0,800010636,0,0,0,0,0
10740,7201052,7210549,1,crow10740,3102723,0,0,0,0,0,0,1023,33,0,0,0,2,0,0,5,0,0,0,2023-03-07T10:35:00,2023-03-28T10:29:59,2100-12-01T00:00:00,0,0,800010239,0,0,0,0,0
10741,7201053,7210613,1,crow10741,3102724,0,0,0,0,0,0,1023,34,0,0,0,2,0,0,3,0,0,0,2023-03-07T10:35:00,2023-03-28T10:29:59,2100-12-01T00:00:00,0,0,800010472,0,0,0,0,0
10742,7201054,7210730,1,crow10742,3102725,0,0,0,0,0,0,1023,35,0,0,0,2,0,0,5,0,0,0,2023-03-07T10:35:00,2023-03-28T10:29:59,2100-12-01T00:00:00,0,0,800010535,0,0,0,0,0
10743,7201055,7210832,1,crow10743,3102726,0,0,0,0,0,0,1023,36,0,0,0,0,0,0,3,0,0,0,2023-03-07T10:35:00,2023-03-28T10:29:59,2100-12-01T00:00:00,0,0,800010171,0,0,0,0,0
10744,7201056,7210446,1,crow10744,3102727,0,0,0,0,0,0,1023,37,0,0,0,0,0,0,2,0,0,0,2023-03-07T10:35:00,2023-03-28T10:29:59,2100-12-01T00:00:00,0,0,800010269,0,0,0,0,0
10745,7201057,7210727,1,crow10745,3102728,0,0,0,0,0,0,1023,38,0,0,0,0,0,0,1,0,0,0,2023-03-07T10:35:00,2023-03-28T10:29:59,2100-12-01T00:00:00,0,0,800010745,0,0,0,0,0
10746,7201058,7210834,1,crow10746,3102729,0,0,0,0,0,0,1023,27,0,0,0,0,0,0,1,0,0,0,2023-03-07T10:35:00,2023-03-28T10:29:59,2100-12-01T00:00:00,0,0,800010746,0,0,0,0,0
10747,7201059,7210835,1,crow10747,3102730,0,0,0,0,0,0,1023,28,0,0,0,0,0,0,1,0,0,0,2023-03-07T10:35:00,2023-03-28T10:29:59,2100-12-01T00:00:00,0,0,800010747,0,0,0,0,0
10748,7201060,7210836,1,crow10748,3102731,0,0,0,0,0,0,1023,42,0,0,0,0,0,0,3,0,0,0,2023-03-16T10:35:00,2023-04-15T10:29:59,2100-12-01T00:00:00,0,0,800010748,0,0,0,0,0
10749,7201061,7210837,1,crow10749,3102732,0,0,0,0,0,0,1023,43,0,0,0,0,0,0,3,0,0,0,2023-03-16T10:35:00,2023-04-15T10:29:59,2100-12-01T00:00:00,0,0,800010749,0,0,0,0,0
10750,7201062,7210838,1,crow10750,3102733,0,0,0,0,0,0,1023,44,0,0,0,0,0,0,3,0,0,0,2023-03-16T10:35:00,2023-04-15T10:29:59,2100-12-01T00:00:00,0,0,800010750,0,0,0,0,0
10751,7201063,7210839,1,crow10751,3102734,0,0,0,0,0,0,1023,45,0,0,0,0,0,0,2,0,0,0,2023-03-16T10:35:00,2023-04-15T10:29:59,2100-12-01T00:00:00,0,0,800010191,0,0,0,0,0
10752,7201064,7210840,1,crow10752,3102735,0,0,0,0,0,0,1023,46,0,0,0,0,0,0,1,0,0,0,2023-03-16T10:35:00,2023-04-15T10:29:59,2100-12-01T00:00:00,0,0,800010153,0,0,0,0,0
10753,7201065,7210554,1,crow10753,3102736,0,0,0,0,0,0,1023,49,0,0,0,0,0,0,1,0,0,0,2023-03-16T10:35:00,2023-04-06T10:29:59,2100-12-01T00:00:00,0,0,800010169,0,0,0,0,0
10754,7201066,7210555,1,crow10754,3102737,0,0,0,0,0,0,1023,50,0,0,0,2,0,0,5,0,0,0,2023-03-16T10:35:00,2023-04-06T10:29:59,2100-12-01T00:00:00,0,0,800010170,0,0,0,0,0
10755,7201067,7210816,1,crow10755,3102738,0,0,0,0,0,0,1023,51,0,0,0,0,0,0,3,0,0,0,2023-03-16T10:35:00,2023-04-06T10:29:59,2100-12-01T00:00:00,0,0,800010171,0,0,0,0,0
10756,7201068,7210557,1,crow10756,3102739,0,0,0,0,0,0,1023,52,0,0,0,2,0,0,3,0,0,0,2023-03-16T10:35:00,2023-04-06T10:29:59,2100-12-01T00:00:00,0,0,800010175,0,0,0,0,0
10757,7201069,7210402,1,crow10757,3102740,0,0,0,0,0,0,1023,53,0,0,0,0,0,0,2,0,0,0,2023-03-16T10:35:00,2023-04-06T10:29:59,2100-12-01T00:00:00,0,0,800010219,0,0,0,0,0
10758,7201070,7210805,1,crow10758,3102741,0,0,0,0,0,0,1023,54,0,0,0,0,0,0,1,0,0,0,2023-03-16T10:35:00,2023-04-06T10:29:59,2100-12-01T00:00:00,0,0,800010708,0,0,0,0,0
10759,7201071,7210841,1,crow10759,3102742,0,0,0,0,0,0,1023,55,0,0,0,2,0,0,3,0,0,0,2023-03-16T10:35:00,2023-04-06T10:29:59,2100-12-01T00:00:00,0,0,800010464,0,0,0,0,0
10760,7201074,7210694,1,crow10760,3102745,0,0,0,0,0,0,1023,31,0,0,0,2,0,0,4,0,0,0,2023-03-24T10:35:00,2023-04-14T10:29:59,2100-12-01T00:00:00,0,0,800010466,0,0,0,0,0
10761,7201075,7210418,1,crow10761,3102746,0,0,0,0,0,0,1023,32,0,0,0,0,0,0,3,0,0,0,2023-03-24T10:35:00,2023-04-14T10:29:59,2100-12-01T00:00:00,0,0,800010229,0,0,0,0,0
10762,7201076,7210733,1,crow10762,3102747,0,0,0,0,0,0,1023,33,0,0,0,0,0,0,2,0,0,0,2023-03-24T10:35:00,2023-04-14T10:29:59,2100-12-01T00:00:00,0,0,800010253,0,0,0,0,0
10763,7201077,7210709,1,crow10763,3102748,0,0,0,0,0,0,1023,34,0,0,0,0,0,0,3,0,0,0,2023-03-24T10:35:00,2023-04-14T10:29:59,2100-12-01T00:00:00,0,0,800010575,0,0,0,0,0
10764,7200678,7210611,1,crow10764,3102749,0,0,0,0,0,0,1023,35,0,0,0,0,0,0,1,0,0,0,2023-03-24T10:35:00,2023-04-14T10:29:59,2100-12-01T00:00:00,0,0,800010636,0,0,0,0,0
10765,7201078,7210549,1,crow10765,3102750,0,0,0,0,0,0,1023,36,0,0,0,2,0,0,5,0,0,0,2023-03-24T10:35:00,2023-04-14T10:29:59,2100-12-01T00:00:00,0,0,800010239,0,0,0,0,0
10766,7201079,7210844,1,crow10766,3102751,0,0,0,0,0,0,1023,37,0,0,0,2,0,0,5,0,0,0,2023-03-24T10:35:00,2023-04-14T10:29:59,2100-12-01T00:00:00,0,0,800010766,0,0,0,0,0
10767,7201080,7210845,1,crow10767,3102752,0,0,0,0,0,0,1023,38,0,0,0,2,0,0,5,0,0,0,2023-03-24T10:35:00,2023-04-14T10:29:59,2100-12-01T00:00:00,0,0,800010535,0,0,0,0,0
10768,7201081,7210832,1,crow10768,3102753,0,0,0,0,0,0,1023,39,0,0,0,0,0,0,3,0,0,0,2023-03-24T10:35:00,2023-04-14T10:29:59,2100-12-01T00:00:00,0,0,800010171,0,0,0,0,0
10769,7201082,7210522,1,crow10769,3102754,0,0,0,0,0,0,1023,40,0,0,0,2,0,0,3,0,0,0,2023-03-24T10:35:00,2023-04-14T10:29:59,2100-12-01T00:00:00,0,0,800010242,0,0,0,0,0
10770,7201083,7210446,1,crow10770,3102755,0,0,0,0,0,0,1023,41,0,0,0,3,0,0,2,0,0,0,2023-03-24T10:35:00,2023-04-14T10:29:59,2100-12-01T00:00:00,0,0,800010269,0,0,0,0,0
10771,7201084,7210486,1,crow10771,3102756,0,0,0,0,0,0,1023,42,0,0,0,0,0,0,1,0,0,0,2023-03-24T10:35:00,2023-04-14T10:29:59,2100-12-01T00:00:00,0,0,800010584,0,0,0,0,0
10772,7201085,7210487,1,crow10772,3102757,0,0,0,0,0,0,1023,43,0,0,0,2,0,0,3,0,0,0,2023-03-24T10:35:00,2023-04-14T10:29:59,2100-12-01T00:00:00,0,0,800010146,0,0,0,0,0
10773,7201088,7210849,1,crow10773,3102762,0,0,0,0,0,0,1025,95,0,0,0,0,0,0,1,0,0,0,2023-03-24T10:35:00,2026-08-28T10:29:59,2100-12-01T00:00:00,240,0,800010773,0,0,0,0,0
10774,7201089,7210850,1,crow10774,3102763,0,0,0,0,0,0,1023,42,0,0,0,0,0,0,2,0,0,0,2023-03-31T10:35:00,2023-04-30T10:29:59,2100-12-01T00:00:00,0,0,800010774,0,0,0,0,0
10775,7201090,7210851,1,crow10775,3102764,0,0,0,0,0,0,1023,43,0,0,0,0,0,0,3,0,0,0,2023-03-31T10:35:00,2023-04-30T10:29:59,2100-12-01T00:00:00,0,0,800010775,0,0,0,0,0
10776,7201091,7210852,1,crow10776,3102765,0,0,0,0,0,0,1023,44,0,0,0,0,0,0,2,0,0,0,2023-03-31T10:35:00,2023-04-30T10:29:59,2100-12-01T00:00:00,0,0,800010776,0,0,0,0,0
10777,7201092,7210226,1,crow10777,0,0,0,0,0,0,0,1023,45,0,0,0,0,0,0,1,0,0,0,2023-03-31T10:35:00,2023-04-20T10:29:59,2100-12-01T00:00:00,0,0,800010077,0,0,0,0,0
10778,7201093,7210238,1,crow10778,3102766,0,0,0,0,0,0,1023,46,0,0,0,2,0,0,2,0,0,0,2023-03-31T10:35:00,2023-04-20T10:29:59,2100-12-01T00:00:00,0,0,800010012,0,0,0,0,0
10779,7200386,7210610,1,crow10779,3102767,0,0,0,0,0,0,1023,47,0,0,0,0,0,0,2,0,0,0,2023-03-31T10:35:00,2023-04-20T10:29:59,2100-12-01T00:00:00,0,0,800010186,0,0,0,0,0
10780,7201094,7210853,1,crow10780,3102768,0,0,0,0,0,0,1023,48,0,0,0,0,0,0,1,0,0,0,2023-03-31T10:35:00,2023-04-20T10:29:59,2100-12-01T00:00:00,0,0,800010733,0,0,0,0,0
10781,7201095,7210555,1,crow10781,3102769,0,0,0,0,0,0,1023,49,0,0,0,2,0,0,5,0,0,0,2023-03-31T10:35:00,2023-04-20T10:29:59,2100-12-01T00:00:00,0,0,800010170,0,0,0,0,0
10782,7201096,7210816,1,crow10782,3102770,0,0,0,0,0,0,1023,50,0,0,0,0,0,0,3,0,0,0,2023-03-31T10:35:00,2023-04-20T10:29:59,2100-12-01T00:00:00,0,0,800010171,0,0,0,0,0
10783,7201097,7210557,1,crow10783,3102771,0,0,0,0,0,0,1023,51,0,0,0,2,0,0,3,0,0,0,2023-03-31T10:35:00,2023-04-20T10:29:59,2100-12-01T00:00:00,0,0,800010175,0,0,0,0,0
10784,7201098,7210590,1,crow10784,3102772,0,0,0,0,0,0,1023,52,0,0,0,3,0,0,3,0,0,0,2023-03-31T10:35:00,2023-04-20T10:29:59,2100-12-01T00:00:00,0,0,800010438,0,0,0,0,0
10785,7201099,7210402,1,crow10785,3102773,0,0,0,0,0,0,1023,53,0,0,0,3,0,0,2,0,0,0,2023-03-31T10:35:00,2023-04-20T10:29:59,2100-12-01T00:00:00,0,0,800010219,0,0,0,0,0
10786,7201100,7210522,1,crow10786,3102774,0,0,0,0,0,0,1023,54,0,0,0,0,0,0,2,0,0,0,2023-03-31T10:35:00,2023-04-20T10:29:59,2100-12-01T00:00:00,0,0,800010242,0,0,0,0,0
10787,7201101,7210510,1,crow10787,3102775,0,0,0,0,0,0,1023,55,0,0,0,0,0,0,1,0,0,0,2023-03-31T10:35:00,2023-04-20T10:29:59,2100-12-01T00:00:00,0,0,800010330,0,0,0,0,0
10788,7201102,7210854,1,crow10788,3102776,0,0,0,0,0,0,1023,40,0,0,0,0,0,0,1,0,0,0,2023-03-31T10:35:00,2023-04-20T10:29:59,2100-12-01T00:00:00,0,0,800010788,0,0,0,0,0
10789,7201103,7210855,1,crow10789,3102777,0,0,0,0,0,0,1023,41,0,0,0,0,0,0,1,0,0,0,2023-03-31T10:35:00,2023-04-20T10:29:59,2100-12-01T00:00:00,0,0,800010789,0,0,0,0,0
10790,7201104,7210856,1,0,3102778,0,0,0,0,0,0,1001,1,0,0,0,1,0,0,1,1,0,0,2023-03-31T10:35:00,2023-04-07T23:59:59,2100-12-01T00:00:00,0,0,801110012,0,0,0,0,0
10791,7201111,7210694,1,crow10791,3102779,0,0,0,0,0,0,1023,27,0,0,0,2,0,0,4,0,0,0,2023-04-07T10:35:00,2023-04-27T10:29:59,2100-12-01T00:00:00,0,0,800010466,0,0,0,0,0
10792,7201112,7210418,1,crow10792,3102780,0,0,0,0,0,0,1023,28,0,0,0,0,0,0,3,0,0,0,2023-04-07T10:35:00,2023-04-27T10:29:59,2100-12-01T00:00:00,0,0,800010229,0,0,0,0,0
10793,7200902,7210863,1,crow10793,3102781,0,0,0,0,0,0,1023,29,0,0,0,0,0,0,4,0,0,0,2023-04-07T10:35:00,2023-04-20T10:29:59,2100-12-01T00:00:00,0,0,800010140,0,0,0,0,0
10794,7201113,7210864,1,crow10794,3102782,0,0,0,0,0,0,1023,30,0,0,0,0,0,0,1,0,0,0,2023-04-07T10:35:00,2023-04-30T10:29:59,2100-12-01T00:00:00,0,0,800010220,0,0,0,0,0
10795,7200678,7210611,1,crow10795,3102783,0,0,0,0,0,0,1023,31,0,0,0,0,0,0,1,0,0,0,2023-04-07T10:35:00,2023-04-27T10:29:59,2100-12-01T00:00:00,0,0,800010636,0,0,0,0,0
10796,7201114,7210549,1,crow10796,3102784,0,0,0,0,0,0,1023,32,0,0,0,2,0,0,5,0,0,0,2023-04-07T10:35:00,2023-04-27T10:29:59,2100-12-01T00:00:00,0,0,800010239,0,0,0,0,0
10797,7201115,7210613,1,crow10797,3102785,0,0,0,0,0,0,1023,33,0,0,0,2,0,0,3,0,0,0,2023-04-07T10:35:00,2023-04-27T10:29:59,2100-12-01T00:00:00,0,0,800010472,0,0,0,0,0
10798,7201116,7210845,1,crow10798,3102786,0,0,0,0,0,0,1023,34,0,0,0,2,0,0,5,0,0,0,2023-04-07T10:35:00,2023-04-27T10:29:59,2100-12-01T00:00:00,0,0,800010535,0,0,0,0,0
10799,7201117,7210810,1,crow10799,3102787,0,0,0,0,0,0,1023,35,0,0,0,0,0,0,1,0,0,0,2023-04-07T10:35:00,2023-04-27T10:29:59,2100-12-01T00:00:00,0,0,800010714,0,0,0,0,0
10800,7201118,7210446,1,crow10800,3102788,0,0,0,0,0,0,1023,36,0,0,0,0,0,0,2,0,0,0,2023-04-07T10:35:00,2023-04-27T10:29:59,2100-12-01T00:00:00,0,0,800010269,0,0,0,0,0
10801,7200940,7210753,1,crow10801,3102789,0,0,0,0,0,0,1023,37,0,0,0,0,0,0,1,0,0,0,2023-04-07T10:35:00,2023-04-27T10:29:59,2100-12-01T00:00:00,0,0,800010635,0,0,0,0,0
10802,7200274,7210865,1,crow10802,3102792,0,0,0,0,0,0,1023,39,0,0,0,0,0,0,3,0,0,0,2023-04-07T10:35:00,2023-04-27T10:29:59,2100-12-01T00:00:00,0,0,800010802,0,0,0,0,0
10803,7201120,7210866,1,crow10803,3102793,0,0,0,0,0,0,1023,29,0,0,0,0,0,0,2,0,0,0,2023-04-14T10:35:00,2023-05-14T10:29:59,2100-12-01T00:00:00,0,0,800010803,0,0,0,0,0
10804,7201121,7210867,1,crow10804,3102794,0,0,0,0,0,0,1023,30,0,0,0,0,0,0,2,0,0,0,2023-04-14T10:35:00,2023-05-14T10:29:59,2100-12-01T00:00:00,0,0,800010804,0,0,0,0,0
10805,7201122,7210868,1,crow10805,3102795,0,0,0,0,0,0,1023,31,0,0,0,0,0,0,2,0,0,0,2023-04-14T10:35:00,2023-05-14T10:29:59,2100-12-01T00:00:00,0,0,800010805,0,0,0,0,0
10806,7201123,7210869,1,crow10806,3102796,0,0,0,0,0,0,1023,32,0,0,0,0,0,0,4,0,0,0,2023-04-14T10:35:00,2023-05-14T10:29:59,2100-12-01T00:00:00,0,0,800010622,0,0,0,0,0
10807,7201124,7210870,1,crow10807,3102797,0,0,0,0,0,0,1023,33,0,0,0,0,0,0,1,0,0,0,2023-04-14T10:35:00,2023-05-14T10:29:59,2100-12-01T00:00:00,0,0,800010270,0,0,0,0,0
10808,7201125,7210853,1,crow10808,3102798,0,0,0,0,0,0,1023,20,0,0,0,0,0,0,1,0,0,0,2023-04-14T10:35:00,2023-05-04T10:29:59,2100-12-01T00:00:00,0,0,800010733,0,0,0,0,0
10809,7201126,7210555,1,crow10809,3102799,0,0,0,0,0,0,1023,21,0,0,0,2,0,0,5,0,0,0,2023-04-14T10:35:00,2023-05-04T10:29:59,2100-12-01T00:00:00,0,0,800010170,0,0,0,0,0
10810,7201127,7210816,1,crow10810,3102800,0,0,0,0,0,0,1023,22,0,0,0,0,0,0,3,0,0,0,2023-04-14T10:35:00,2023-05-04T10:29:59,2100-12-01T00:00:00,0,0,800010171,0,0,0,0,0
10811,7201128,7210557,1,crow10811,3102801,0,0,0,0,0,0,1023,23,0,0,0,2,0,0,3,0,0,0,2023-04-14T10:35:00,2023-05-04T10:29:59,2100-12-01T00:00:00,0,0,800010175,0,0,0,0,0
10812,7201129,7210841,1,crow10812,3102802,0,0,0,0,0,0,1023,24,0,0,0,2,0,0,3,0,0,0,2023-04-14T10:35:00,2023-05-04T10:29:59,2100-12-01T00:00:00,0,0,800010464,0,0,0,0,0
10813,7201130,7210402,1,crow10813,3102803,0,0,0,0,0,0,1023,25,0,0,0,3,0,0,1,0,0,0,2023-04-14T10:35:00,2023-05-04T10:29:59,2100-12-01T00:00:00,0,0,800010219,0,0,0,0,0
10814,7201131,7210871,1,crow10814,3102804,0,0,0,0,0,0,1023,19,0,0,0,0,0,0,1,0,0,0,2023-04-14T10:35:00,2023-05-04T10:29:59,2100-12-01T00:00:00,0,0,800010521,0,0,0,0,0
10815,7200969,7210872,1,crow10815,3102805,0,0,0,0,0,0,1023,16,0,0,0,0,0,0,10,0,0,0,2023-04-20T10:35:00,2023-05-19T10:29:59,2100-12-01T00:00:00,0,0,800010815,0,0,0,0,0
10816,7200970,7210873,1,crow10816,3102806,0,0,0,0,0,0,1023,17,0,0,0,0,0,0,10,0,0,0,2023-04-20T10:35:00,2023-05-19T10:29:59,2100-12-01T00:00:00,0,0,800010816,0,0,0,0,0
10817,7200971,7210874,1,crow10817,3102807,0,0,0,0,0,0,1023,18,0,0,0,0,0,0,10,0,0,0,2023-04-20T10:35:00,2023-05-19T10:29:59,2100-12-01T00:00:00,0,0,800010817,0,0,0,0,0
10818,7200972,7210875,1,crow10818,3102808,0,0,0,0,0,0,1023,19,0,0,0,0,0,0,1,0,0,0,2023-04-20T10:35:00,2023-05-19T10:29:59,2100-12-01T00:00:00,0,0,800010818,0,0,0,0,0
10819,7200973,7210694,1,crow10819,3102809,0,0,0,0,0,0,1023,7,0,0,0,2,0,0,5,0,0,0,2023-04-20T10:35:00,2023-05-10T10:29:59,2100-12-01T00:00:00,0,0,800010466,0,0,0,0,0
10820,7200974,7210418,1,crow10820,3102810,0,0,0,0,0,0,1023,8,0,0,0,0,0,0,3,0,0,0,2023-04-20T10:35:00,2023-05-10T10:29:59,2100-12-01T00:00:00,0,0,800010229,0,0,0,0,0
10821,7201132,7210636,1,crow10821,3102811,0,0,0,0,0,0,1023,9,0,0,0,0,0,0,1,0,0,0,2023-04-20T10:35:00,2023-05-10T10:29:59,2100-12-01T00:00:00,0,0,800010821,0,0,0,0,0
10822,7200977,7210640,1,crow10822,3102812,0,0,0,0,0,0,1023,10,0,0,0,0,0,0,1,0,0,0,2023-04-20T10:35:00,2023-05-10T10:29:59,2100-12-01T00:00:00,0,0,800010822,0,0,0,0,0
10823,7200978,7210776,1,crow10823,3102813,0,0,0,0,0,0,1023,11,0,0,0,0,0,0,3,0,0,0,2023-04-20T10:35:00,2023-05-10T10:29:59,2100-12-01T00:00:00,0,0,800010171,0,0,0,0,0
10824,7200979,7210755,1,crow10824,3102814,0,0,0,0,0,0,1023,12,0,0,0,2,0,0,3,0,0,0,2023-04-20T10:35:00,2023-05-10T10:29:59,2100-12-01T00:00:00,0,0,800010472,0,0,0,0,0
10825,7201133,7210844,1,crow10825,3102815,0,0,0,0,0,0,1023,6,0,0,0,2,0,0,5,0,0,0,2023-04-20T10:35:00,2023-05-10T10:29:59,2100-12-01T00:00:00,0,0,800010766,0,0,0,0,0
10826,7200981,7210876,1,crow10826,3102816,0,0,0,0,0,0,1023,5,0,0,0,0,0,0,1,0,0,0,2023-04-20T10:35:00,2023-05-10T10:29:59,2100-12-01T00:00:00,0,0,800010826,0,0,0,0,0
10827,7200982,7210877,1,crow10827,3102817,0,0,0,0,0,0,1023,13,0,0,0,0,0,0,3,0,0,0,2023-04-20T10:35:00,2023-05-10T10:29:59,2100-12-01T00:00:00,0,0,800010827,0,0,0,0,0
10828,7200739,7210617,1,crow10828,3102624,0,0,0,0,0,0,1032,3,0,0,0,0,0,0,2,0,0,168,2023-04-20T10:35:00,2023-10-30T10:34:59,2100-12-01T00:00:00,0,0,800010488,0,0,0,0,1
10829,7201140,7210884,1,crow10829,3102818,0,0,0,0,0,0,1037,19,0,0,0,0,0,0,2,0,0,0,2023-04-28T10:35:00,2023-05-28T10:29:59,2100-12-01T00:00:00,0,0,800010829,0,0,0,0,0
10830,7201141,7210885,1,crow10830,3102819,0,0,0,0,0,0,1037,20,0,0,0,0,0,0,2,0,0,0,2023-04-28T10:35:00,2023-05-28T10:29:59,2100-12-01T00:00:00,0,0,800010830,0,0,0,0,0
10831,7201142,7210886,1,crow10831,3102820,0,0,0,0,0,0,1037,21,0,0,0,0,0,0,2,0,0,0,2023-04-28T10:35:00,2023-05-28T10:29:59,2100-12-01T00:00:00,0,0,800010831,0,0,0,0,0
10832,7201143,7210226,1,crow10832,0,0,0,0,0,0,0,1037,22,0,0,0,0,0,0,1,0,0,0,2023-04-28T10:35:00,2023-05-05T23:59:59,2100-12-01T00:00:00,0,0,800010832,0,0,0,0,0
10833,7201144,7210497,1,crow10833,0,0,0,0,0,0,0,1037,23,0,0,0,0,0,0,1,0,0,0,2023-04-28T10:35:00,2023-05-05T23:59:59,2100-12-01T00:00:00,0,0,800010833,0,0,0,0,0
10834,7201145,7210498,1,crow10834,3102821,0,0,0,0,0,0,1037,24,0,0,0,0,0,0,1,0,0,0,2023-04-28T10:35:00,2023-05-18T10:29:59,2100-12-01T00:00:00,0,0,800010834,0,0,0,0,0
10835,7201146,7210775,1,crow10835,3102822,0,0,0,0,0,0,1037,25,0,0,0,0,0,0,1,0,0,0,2023-04-28T10:35:00,2023-05-18T10:29:59,2100-12-01T00:00:00,0,0,800010835,0,0,0,0,0
10836,7201134,7210878,1,0,3104008,0,0,0,0,0,0,1004,7,0,0,0,2,0,0,1,0,0,0,2023-04-20T10:35:00,2100-12-31T00:00:00,2100-12-01T00:00:00,0,0,710000151,0,0,0,0,0
10837,7201147,7210725,1,crow10837,3102823,0,0,0,0,0,0,1037,26,0,0,0,0,0,0,1,0,0,0,2023-04-28T10:35:00,2023-05-18T10:29:59,2100-12-01T00:00:00,0,0,800010837,0,0,0,0,1
10838,7201148,7210727,1,crow10838,3102824,0,0,0,0,0,0,1037,27,0,0,0,0,0,0,1,0,0,0,2023-04-28T10:35:00,2023-05-18T10:29:59,2100-12-01T00:00:00,0,0,800010838,0,0,0,0,0
10839,7201149,7210889,1,crow10839,3102825,0,0,0,0,0,0,1037,28,0,0,0,0,0,0,1,0,0,0,2023-04-28T10:35:00,2023-05-18T10:29:59,2100-12-01T00:00:00,0,0,800010839,0,0,0,0,1
10840,7201150,7210555,1,crow10840,3102826,0,0,0,0,0,0,1037,33,0,0,0,2,0,0,5,0,0,0,2023-04-28T10:35:00,2023-05-18T10:29:59,2100-12-01T00:00:00,0,0,800010170,0,0,0,0,0
10841,7201151,7210816,1,crow10841,3102827,0,0,0,0,0,0,1037,34,0,0,0,0,0,0,3,0,0,0,2023-04-28T10:35:00,2023-05-18T10:29:59,2100-12-01T00:00:00,0,0,800010171,0,0,0,0,0
10842,7201152,7210890,1,crow10842,3102828,0,0,0,0,0,0,1037,35,0,0,0,3,0,0,3,0,0,0,2023-04-28T10:35:00,2023-05-18T10:29:59,2100-12-01T00:00:00,0,0,800010438,0,0,0,0,0
10843,7201153,7210891,1,crow10843,3102829,0,0,0,0,0,0,1037,36,0,0,0,0,0,0,2,0,0,0,2023-04-28T10:35:00,2023-05-18T10:29:59,2100-12-01T00:00:00,0,0,800010242,0,0,0,0,0
10844,7201154,7210510,1,crow10844,3102830,0,0,0,0,0,0,1037,37,0,0,0,0,0,0,1,0,0,0,2023-04-28T10:35:00,2023-05-18T10:29:59,2100-12-01T00:00:00,0,0,800010330,0,0,0,0,0
10845,7201155,7210892,1,crow10845,3102831,0,0,0,0,0,0,1037,29,0,0,0,2,0,0,3,0,0,0,2023-04-28T10:35:00,2023-05-18T10:29:59,2100-12-01T00:00:00,0,0,800010845,0,0,0,0,0
10846,7200808,7210893,1,crow10846,3102832,0,0,0,0,0,0,1037,31,0,0,0,0,0,0,3,0,0,0,2023-04-28T10:35:00,2023-05-18T10:29:59,2100-12-01T00:00:00,0,0,800010847,0,0,0,0,1
10847,7200809,7210661,1,crow10847,3102833,0,0,0,0,0,0,1037,32,0,0,0,0,0,0,3,0,0,0,2023-04-28T10:35:00,2023-05-18T10:29:59,2100-12-01T00:00:00,0,0,800010848,0,0,0,0,1
10848,7201156,7210640,1,crow10848,3102834,0,0,0,0,0,0,1037,30,0,0,0,0,0,0,1,0,0,0,2023-04-28T10:35:00,2023-05-18T10:29:59,2100-12-01T00:00:00,0,0,800010586,0,0,0,0,0
10849,7201157,7210894,1,crow10849,3102835,0,0,0,0,0,0,1037,15,0,0,0,0,0,0,1,0,0,0,2023-04-28T10:35:00,2023-05-18T10:29:59,2100-12-01T00:00:00,0,0,800010849,0,0,0,0,0
10850,7201158,7210895,1,crow10850,3102836,0,0,0,0,0,0,1037,16,0,0,0,2,0,0,3,0,0,0,2023-04-28T10:35:00,2023-05-18T10:29:59,2100-12-01T00:00:00,0,0,800010850,0,0,0,0,0
10851,7201159,7210896,1,crow10851,3102837,0,0,0,0,0,0,1037,17,0,0,0,0,0,0,2,0,0,0,2023-04-28T10:35:00,2023-05-18T10:29:59,2100-12-01T00:00:00,0,0,800010852,0,0,0,0,0
10852,7201160,7210897,1,crow10852,3102838,0,0,0,0,0,0,1037,18,0,0,0,0,0,0,1,0,0,0,2023-04-28T10:35:00,2023-05-18T10:29:59,2100-12-01T00:00:00,0,0,800010851,0,0,0,0,0
10853,7201161,7210898,1,crow10853,3102839,0,0,0,0,0,0,1037,4,0,0,0,0,0,0,1,0,0,0,2023-05-05T10:35:00,2023-06-04T10:29:59,2100-12-01T00:00:00,0,0,800010853,0,0,0,0,0
10854,7201162,7210899,1,crow10854,3102840,0,0,0,0,0,0,1037,5,0,0,0,0,0,0,1,0,0,0,2023-05-05T10:35:00,2023-06-04T10:29:59,2100-12-01T00:00:00,0,0,800010854,0,0,0,0,0
10855,7201163,7210900,1,crow10855,3102841,0,0,0,0,0,0,1037,6,0,0,0,0,0,0,1,0,0,0,2023-05-05T10:35:00,2023-06-04T10:29:59,2100-12-01T00:00:00,0,0,800010855,0,0,0,0,0
10856,7201164,7210694,1,crow10856,3102842,0,0,0,0,0,0,1037,7,0,0,0,2,0,0,5,0,0,0,2023-05-05T10:35:00,2023-05-25T10:29:59,2100-12-01T00:00:00,0,0,800010466,0,0,0,0,0
10857,7201165,7210418,1,crow10857,3102843,0,0,0,0,0,0,1037,8,0,0,0,0,0,0,3,0,0,0,2023-05-05T10:35:00,2023-05-25T10:29:59,2100-12-01T00:00:00,0,0,800010229,0,0,0,0,0
10858,7201166,7210733,1,crow10858,3102844,0,0,0,0,0,0,1037,9,0,0,0,0,0,0,2,0,0,0,2023-05-05T10:35:00,2023-05-25T10:29:59,2100-12-01T00:00:00,0,0,800010253,0,0,0,0,0
10859,7201167,7210549,1,crow10859,3102845,0,0,0,0,0,0,1037,10,0,0,0,2,0,0,5,0,0,0,2023-05-05T10:35:00,2023-05-25T10:29:59,2100-12-01T00:00:00,0,0,800010239,0,0,0,0,0
10860,7201168,7210901,1,crow10860,3102846,0,0,0,0,0,0,1037,11,0,0,0,2,0,0,3,0,0,0,2023-05-05T10:35:00,2023-05-25T10:29:59,2100-12-01T00:00:00,0,0,800010472,0,0,0,0,0
10861,7201169,7210902,1,crow10861,3102847,0,0,0,0,0,0,1037,12,0,0,0,2,0,0,5,0,0,0,2023-05-05T10:35:00,2023-05-25T10:29:59,2100-12-01T00:00:00,0,0,800010535,0,0,0,0,0
10862,7201170,7210810,1,crow10862,3102848,0,0,0,0,0,0,1037,13,0,0,0,0,0,0,1,0,0,0,2023-05-05T10:35:00,2023-05-25T10:29:59,2100-12-01T00:00:00,0,0,800010714,0,0,0,0,0
10863,7201171,7210903,1,crow10863,3102849,0,0,0,0,0,0,1037,14,0,0,0,0,0,0,2,0,0,0,2023-05-05T10:35:00,2023-05-25T10:29:59,2100-12-01T00:00:00,0,0,800010863,0,0,0,0,0
10864,7201172,7210904,1,crow10864,3102850,0,0,0,0,0,0,1037,1,0,0,0,2,0,0,3,0,0,0,2023-05-05T10:35:00,2023-05-25T10:29:59,2100-12-01T00:00:00,0,0,800010864,0,0,0,0,0
10865,7201173,7210905,1,crow10865,3102851,0,0,0,0,0,0,1037,3,0,0,0,0,0,0,2,0,0,0,2023-05-05T10:35:00,2023-05-25T10:29:59,2100-12-01T00:00:00,0,0,800010865,0,0,0,0,0
10866,7201174,7210906,1,crow10866,3102852,0,0,0,0,0,0,1037,2,0,0,0,2,0,0,3,0,0,0,2023-05-05T10:35:00,2023-05-25T10:29:59,2100-12-01T00:00:00,0,0,800010866,0,0,0,0,0
10867,7201175,7210907,1,0,3102853,0,0,0,0,0,0,1001,1,0,0,0,1,0,0,1,1,0,0,2023-04-28T10:35:00,2023-05-18T23:59:59,2100-12-01T00:00:00,0,0,801110013,0,0,0,0,0
10868,7201177,7210909,1,crow10868,3102855,0,0,0,0,0,0,1023,32,0,0,0,0,0,0,2,0,0,0,2023-05-13T10:35:00,2023-06-12T10:29:59,2100-12-01T00:00:00,0,0,800010868,0,0,0,0,0
10869,7201178,7210910,1,crow10869,3102856,0,0,0,0,0,0,1023,33,0,0,0,0,0,0,2,0,0,0,2023-05-13T10:35:00,2023-06-12T10:29:59,2100-12-01T00:00:00,0,0,800010869,0,0,0,0,0
10870,7201179,7210911,1,crow10870,3102857,0,0,0,0,0,0,1023,34,0,0,0,0,0,0,2,0,0,0,2023-05-13T10:35:00,2023-06-12T10:29:59,2100-12-01T00:00:00,0,0,800010870,0,0,0,0,0
10871,7201180,7210912,1,crow10871,3102858,0,0,0,0,0,0,1023,35,0,0,0,0,0,0,1,0,0,0,2023-05-13T10:35:00,2023-06-12T10:29:59,2100-12-01T00:00:00,0,0,800010153,0,0,0,0,0
10872,7201181,7210694,1,crow10872,3102859,0,0,0,0,0,0,1023,36,0,0,0,2,0,0,5,0,0,0,2023-05-13T10:35:00,2023-06-02T10:29:59,2100-12-01T00:00:00,0,0,800010466,0,0,0,0,0
10873,7201182,7210418,1,crow10873,3102860,0,0,0,0,0,0,1023,37,0,0,0,0,0,0,3,0,0,0,2023-05-13T10:35:00,2023-06-02T10:29:59,2100-12-01T00:00:00,0,0,800010229,0,0,0,0,0
10874,7201183,7210853,1,crow10874,3102861,0,0,0,0,0,0,1023,38,0,0,0,0,0,0,1,0,0,0,2023-05-13T10:35:00,2023-06-02T10:29:59,2100-12-01T00:00:00,0,0,800010733,0,0,0,0,0
10875,7201184,7210555,1,crow10875,3102862,0,0,0,0,0,0,1023,39,0,0,0,2,0,0,5,0,0,0,2023-05-13T10:35:00,2023-06-02T10:29:59,2100-12-01T00:00:00,0,0,800010170,0,0,0,0,0
10876,7201185,7210816,1,crow10876,3102863,0,0,0,0,0,0,1023,40,0,0,0,0,0,0,3,0,0,0,2023-05-13T10:35:00,2023-06-02T10:29:59,2100-12-01T00:00:00,0,0,800010171,0,0,0,0,0
10877,7201186,7210557,1,crow10877,3102864,0,0,0,0,0,0,1023,41,0,0,0,2,0,0,3,0,0,0,2023-05-13T10:35:00,2023-06-02T10:29:59,2100-12-01T00:00:00,0,0,800010175,0,0,0,0,0
10878,7201187,7210402,1,crow10878,3102865,0,0,0,0,0,0,1023,42,0,0,0,3,0,0,2,0,0,0,2023-05-13T10:35:00,2023-06-02T10:29:59,2100-12-01T00:00:00,0,0,800010219,0,0,0,0,0
10879,7200294,7210697,1,crow10879,3102866,0,0,0,0,0,0,1023,43,0,0,0,2,0,0,3,0,0,0,2023-05-13T10:35:00,2023-06-02T10:29:59,2100-12-01T00:00:00,0,0,800010232,0,0,0,0,0
10880,7201189,7210913,1,crow10880,3102867,0,0,0,0,0,0,1023,20,0,0,0,2,0,0,5,0,0,0,2023-05-13T10:35:00,2023-05-23T10:29:59,2100-12-01T00:00:00,0,0,800010549,0,0,0,0,0
10881,7201159,7210914,1,crow10881,3102868,0,0,0,0,0,0,1023,30,0,0,0,0,0,0,3,0,0,0,2023-05-13T10:35:00,2023-06-02T10:29:59,2100-12-01T00:00:00,0,0,800010852,0,0,0,0,0
10882,7201191,7210915,1,crow10882,3102869,0,0,0,0,0,0,1023,31,0,0,0,0,0,0,2,0,0,0,2023-05-13T10:35:00,2023-06-02T10:29:59,2100-12-01T00:00:00,0,0,800010882,0,0,0,0,0
10883,7200439,7210694,1,crow10883,3102870,0,0,0,0,0,0,1023,40,0,0,0,2,0,0,5,0,0,0,2023-05-19T10:35:00,2023-06-08T10:29:59,2100-12-01T00:00:00,0,0,800010466,0,0,0,0,0
10884,7200440,7210418,1,crow10884,3102871,0,0,0,0,0,0,1023,41,0,0,0,0,0,0,3,0,0,0,2023-05-19T10:35:00,2023-06-08T10:29:59,2100-12-01T00:00:00,0,0,800010229,0,0,0,0,0
10885,7200441,7210816,1,crow10885,3102872,0,0,0,0,0,0,1023,42,0,0,0,0,0,0,5,0,0,0,2023-05-19T10:35:00,2023-06-08T10:29:59,2100-12-01T00:00:00,0,0,800010171,0,0,0,0,0
10886,7200659,7210577,1,crow10886,3102873,0,0,0,0,0,0,1023,43,0,0,0,3,0,0,2,0,0,0,2023-05-19T10:35:00,2023-06-08T10:29:59,2100-12-01T00:00:00,0,0,800010406,0,0,0,0,0
10887,7201133,7210844,1,crow10887,3102878,0,0,0,0,0,0,1023,45,0,0,0,2,0,0,5,0,0,0,2023-05-19T10:35:00,2023-06-08T10:29:59,2100-12-01T00:00:00,0,0,800010766,0,0,0,0,0
10888,7201192,7210918,1,crow10888,3102879,0,0,0,0,0,0,1023,31,0,0,0,0,0,0,1,0,0,0,2023-05-19T10:35:00,2023-06-08T10:29:59,2100-12-01T00:00:00,0,0,800010888,0,0,0,0,0
10889,7201173,7210905,1,crow10889,3102880,0,0,0,0,0,0,1023,37,0,0,0,0,0,0,2,0,0,0,2023-05-19T10:35:00,2023-06-08T10:29:59,2100-12-01T00:00:00,0,0,800010865,0,0,0,0,0
10890,7201193,7210919,1,crow10890,3102881,0,0,0,0,0,0,1023,38,0,0,0,2,0,0,2,0,0,0,2023-05-19T10:35:00,2023-06-08T10:29:59,2100-12-01T00:00:00,0,0,800010890,0,0,0,0,0
10891,7201194,7210920,1,crow10891,3102882,0,0,0,0,0,0,1023,39,0,0,0,0,0,0,3,0,0,0,2023-05-19T10:35:00,2023-06-08T10:29:59,2100-12-01T00:00:00,0,0,800010891,0,0,0,0,0
10892,7201195,7210921,1,crow10892,3102883,0,0,0,0,0,0,1023,33,0,0,0,0,0,0,1,0,0,0,2023-05-23T10:30:00,2023-06-12T10:29:59,2100-12-01T00:00:00,0,0,800010892,0,0,0,0,0
10893,7201196,7210922,1,crow10893,3102884,0,0,0,0,0,0,1023,34,0,0,0,0,0,0,3,0,0,0,2023-05-23T10:30:00,2023-06-12T10:29:59,2100-12-01T00:00:00,0,0,800010893,0,0,0,0,0
10894,7201016,7210923,1,crow10894,3102885,0,0,0,0,0,0,1023,32,0,0,0,0,0,0,1,0,0,0,2023-05-23T10:30:00,2023-06-12T10:29:59,2100-12-01T00:00:00,0,0,800010894,0,0,0,1,0
10895,7201197,7210795,1,crow10895,3102886,0,0,0,0,0,0,1023,35,0,0,0,2,0,0,5,0,0,0,2023-05-23T10:30:00,2023-06-12T10:29:59,2100-12-01T00:00:00,0,0,800010535,0,0,0,0,0
10896,7201018,7210810,1,crow10896,3102887,0,0,0,0,0,0,1023,36,0,0,0,0,0,0,1,0,0,0,2023-05-23T10:30:00,2023-06-12T10:29:59,2100-12-01T00:00:00,0,0,800010714,0,0,0,0,0
10897,7201176,7210908,1,0,3201015,0,0,0,0,0,0,2010,1,0,0,0,1,0,0,3,0,0,0,2023-05-13T10:35:00,2023-05-27T10:29:59,2100-12-01T00:00:00,0,0,710000306,0,0,0,0,0
10898,7201205,7210931,1,crow10898,3102888,0,0,0,0,0,0,1023,51,0,0,0,0,0,0,2,0,0,0,2023-05-31T10:35:00,2023-06-30T10:29:59,2100-12-01T00:00:00,0,0,800010898,0,0,0,0,0
10899,7201206,7210932,1,crow10899,3102889,0,0,0,0,0,0,1023,52,0,0,0,0,0,0,2,0,0,0,2023-05-31T10:35:00,2023-06-30T10:29:59,2100-12-01T00:00:00,0,0,800010899,0,0,0,0,0
10900,7201207,7210933,1,crow10900,3102890,0,0,0,0,0,0,1023,53,0,0,0,0,0,0,2,0,0,0,2023-05-31T10:35:00,2023-06-30T10:29:59,2100-12-01T00:00:00,0,0,800010900,0,0,0,0,0
10901,7201208,7210226,1,crow10901,0,0,0,0,0,0,0,1023,36,0,0,0,0,0,0,1,0,0,0,2023-05-31T10:35:00,2023-06-20T10:29:59,2100-12-01T00:00:00,0,0,800010077,0,0,0,0,0
10902,7200386,7210418,1,crow10902,3102891,0,0,0,0,0,0,1023,37,0,0,0,0,0,0,3,0,0,0,2023-05-31T10:35:00,2023-06-20T10:29:59,2100-12-01T00:00:00,0,0,800010229,0,0,0,0,0
10903,7201209,7210853,1,crow10903,3102892,0,0,0,0,0,0,1023,40,0,0,0,0,0,0,1,0,0,0,2023-05-31T10:35:00,2023-06-20T10:29:59,2100-12-01T00:00:00,0,0,800010733,0,0,0,0,0
10904,7201210,7210934,1,crow10904,3102893,0,0,0,0,0,0,1023,41,0,0,0,2,0,0,5,0,0,0,2023-05-31T10:35:00,2023-06-20T10:29:59,2100-12-01T00:00:00,0,0,800010904,0,0,0,0,0
10905,7201211,7210816,1,crow10905,3102894,0,0,0,0,0,0,1023,42,0,0,0,0,0,0,3,0,0,0,2023-05-31T10:35:00,2023-06-20T10:29:59,2100-12-01T00:00:00,0,0,800010171,0,0,0,0,0
10906,7201212,7210935,1,crow10906,3102895,0,0,0,0,0,0,1023,43,0,0,0,2,0,0,3,0,0,0,2023-05-31T10:35:00,2023-06-20T10:29:59,2100-12-01T00:00:00,0,0,800010175,0,0,0,0,0
10907,7201213,7210890,1,crow10907,3102896,0,0,0,0,0,0,1023,44,0,0,0,3,0,0,3,0,0,0,2023-05-31T10:35:00,2023-06-20T10:29:59,2100-12-01T00:00:00,0,0,800010438,0,0,0,0,0
10908,7201214,7210402,1,crow10908,3102897,0,0,0,0,0,0,1023,45,0,0,0,3,0,0,2,0,0,0,2023-05-31T10:35:00,2023-06-20T10:29:59,2100-12-01T00:00:00,0,0,800010219,0,0,0,0,0
10909,7201215,7210510,1,crow10909,3102898,0,0,0,0,0,0,1023,46,0,0,0,0,0,0,1,0,0,0,2023-05-31T10:35:00,2023-06-20T10:29:59,2100-12-01T00:00:00,0,0,800010330,0,0,0,0,0
10910,7201160,7210936,1,crow10910,3102899,0,0,0,0,0,0,1023,38,0,0,0,0,0,0,2,0,0,0,2023-05-31T10:35:00,2023-06-20T10:29:59,2100-12-01T00:00:00,0,0,800010851,0,0,0,0,0
10911,7201174,7210906,1,crow10911,3102900,0,0,0,0,0,0,1023,39,0,0,0,0,0,0,3,0,0,0,2023-05-31T10:35:00,2023-06-20T10:29:59,2100-12-01T00:00:00,0,0,800010866,0,0,0,0,0
10912,7201216,7210938,1,crow10912,3102901,0,0,0,0,0,0,1023,22,0,0,0,0,0,0,5,0,0,0,2023-05-31T10:35:00,2023-06-20T10:29:59,2100-12-01T00:00:00,0,0,800010912,0,0,0,0,0
10914,7201218,7210694,1,crow10914,3102902,0,0,0,0,0,0,1023,35,0,0,0,2,0,0,5,0,0,0,2023-06-07T10:35:00,2023-06-27T10:29:59,2100-12-01T00:00:00,0,0,800010466,0,33,0,0,0
10915,7201219,7210418,1,crow10915,3102903,0,0,0,0,0,0,1023,36,0,0,0,0,0,0,3,0,0,0,2023-06-07T10:35:00,2023-06-27T10:29:59,2100-12-01T00:00:00,0,0,800010229,0,0,0,0,0
10916,7201220,7210940,1,crow10916,3102904,0,0,0,0,0,0,1023,37,0,0,0,0,0,0,1,0,0,0,2023-06-07T10:35:00,2023-06-30T10:29:59,2100-12-01T00:00:00,0,0,800010220,0,0,0,0,0
10917,7201221,7210549,1,crow10917,3102905,0,0,0,0,0,0,1023,44,0,0,0,2,0,0,5,0,0,0,2023-06-07T10:35:00,2023-06-27T10:29:59,2100-12-01T00:00:00,0,0,800010239,0,0,0,0,0
10918,7201222,7210901,1,crow10918,3102906,0,0,0,0,0,0,1023,45,0,0,0,2,0,0,3,0,0,0,2023-06-07T10:35:00,2023-06-27T10:29:59,2100-12-01T00:00:00,0,0,800010472,0,0,0,0,0
10919,7201223,7210902,1,crow10919,3102907,0,0,0,0,0,0,1023,46,0,0,0,2,0,0,5,0,0,0,2023-06-07T10:35:00,2023-06-27T10:29:59,2100-12-01T00:00:00,0,0,800010535,0,0,0,0,0
10920,7201224,7210810,1,crow10920,3102908,0,0,0,0,0,0,1023,47,0,0,0,0,0,0,2,0,0,0,2023-06-07T10:35:00,2023-06-27T10:29:59,2100-12-01T00:00:00,0,0,800010714,0,0,0,0,0
10921,7201225,7210841,1,crow10921,3102909,0,0,0,0,0,0,1023,48,0,0,0,0,0,0,3,0,0,0,2023-06-07T10:35:00,2023-06-27T10:29:59,2100-12-01T00:00:00,0,0,800010464,0,0,0,0,0
10922,7201226,7210941,1,crow10922,3102910,0,0,0,0,0,0,1023,49,0,0,0,0,0,0,2,0,0,0,2023-06-07T10:35:00,2023-06-27T10:29:59,2100-12-01T00:00:00,0,0,800010242,0,0,0,0,0
10923,7201227,7210727,1,crow10923,3102911,0,0,0,0,0,0,1023,38,0,0,0,0,0,0,1,0,0,0,2023-06-07T10:35:00,2023-06-27T10:29:59,2100-12-01T00:00:00,0,0,800010745,0,0,0,0,0
10924,7201228,7210942,1,crow10924,3102912,0,0,0,0,0,0,1023,39,0,0,0,2,0,0,5,0,0,0,2023-06-07T10:35:00,2023-06-27T10:29:59,2100-12-01T00:00:00,0,0,800010924,0,0,0,0,0
10925,7201229,7210402,1,crow10925,3102913,0,0,0,0,0,0,1023,50,0,0,0,0,0,0,2,0,0,0,2023-06-07T10:35:00,2023-06-27T10:29:59,2100-12-01T00:00:00,0,0,800010219,0,0,0,0,0
10926,7201159,7210944,1,crow10926,3102916,0,0,0,0,0,0,1023,41,0,0,0,0,0,0,3,0,0,0,2023-06-07T10:35:00,2023-06-27T10:29:59,2100-12-01T00:00:00,0,0,800010852,0,0,0,0,0
10927,7201194,7210920,1,crow10927,3102917,0,0,0,0,0,0,1023,42,0,0,0,0,0,0,3,0,0,0,2023-06-07T10:35:00,2023-06-27T10:29:59,2100-12-01T00:00:00,0,0,800010891,0,0,0,0,0
10928,7201157,7210945,1,crow10928,3102918,0,0,0,0,0,0,1023,43,0,0,0,0,0,0,1,0,0,0,2023-06-07T10:35:00,2023-06-27T10:29:59,2100-12-01T00:00:00,0,0,800010928,0,0,0,0,0
10929,7201231,7210946,1,crow10929,3102919,0,0,0,0,0,0,1023,55,0,0,0,0,0,0,2,0,0,0,2023-06-15T10:35:00,2023-07-14T10:29:59,2100-12-01T00:00:00,0,0,800010929,0,0,0,0,0
10930,7201232,7210947,1,crow10930,3102920,0,0,0,0,0,0,1023,56,0,0,0,0,0,0,3,0,0,0,2023-06-15T10:35:00,2023-07-14T10:29:59,2100-12-01T00:00:00,0,0,800010930,0,0,0,0,0
10931,7201233,7210948,1,crow10931,3102921,0,0,0,0,0,0,1023,57,0,0,0,0,0,0,2,0,0,0,2023-06-15T10:35:00,2023-07-14T10:29:59,2100-12-01T00:00:00,0,0,800010931,0,0,0,0,0
10932,7201234,7210238,1,crow10932,3102922,0,0,0,0,0,0,1023,58,0,0,0,0,0,0,4,0,0,0,2023-06-15T10:35:00,2023-07-05T10:29:59,2100-12-01T00:00:00,0,0,800010012,0,0,0,0,0
10933,7200386,7210418,1,crow10933,3102891,0,0,0,0,0,0,1023,59,0,0,0,0,0,0,3,0,0,0,2023-06-15T10:35:00,2023-07-05T10:29:59,2100-12-01T00:00:00,0,0,800010229,0,0,0,0,0
10934,7201235,7210853,1,crow10934,3102923,0,0,0,0,0,0,1023,60,0,0,0,0,0,0,1,0,0,0,2023-06-15T10:35:00,2023-07-05T10:29:59,2100-12-01T00:00:00,0,0,800010733,0,0,0,0,0
10935,7201236,7210934,1,crow10935,3102924,0,0,0,0,0,0,1023,61,0,0,0,2,0,0,5,0,0,0,2023-06-15T10:35:00,2023-07-05T10:29:59,2100-12-01T00:00:00,0,0,800010904,0,0,0,0,0
10936,7201237,7210816,1,crow10936,3102925,0,0,0,0,0,0,1023,62,0,0,0,0,0,0,3,0,0,0,2023-06-15T10:35:00,2023-07-05T10:29:59,2100-12-01T00:00:00,0,0,800010171,0,0,0,0,0
10937,7201238,7210935,1,crow10937,3102926,0,0,0,0,0,0,1023,63,0,0,0,2,0,0,3,0,0,0,2023-06-15T10:35:00,2023-07-05T10:29:59,2100-12-01T00:00:00,0,0,800010175,0,0,0,0,0
10938,7201239,7210402,1,crow10938,3102927,0,0,0,0,0,0,1023,64,0,0,0,3,0,0,2,0,0,0,2023-06-15T10:35:00,2023-07-05T10:29:59,2100-12-01T00:00:00,0,0,800010219,0,0,0,0,0
10939,7201173,7210905,1,crow10939,3102880,0,0,0,0,0,0,1023,65,0,0,0,0,0,0,2,0,0,0,2023-06-15T10:35:00,2023-07-05T10:29:59,2100-12-01T00:00:00,0,0,800010865,0,0,0,0,0
10940,7201193,7210919,1,crow10940,3102881,0,0,0,0,0,0,1023,66,0,0,0,2,0,0,2,0,0,0,2023-06-15T10:35:00,2023-07-05T10:29:59,2100-12-01T00:00:00,0,0,800010890,0,0,0,0,0
10941,7201240,7210949,1,crow10941,3102928,0,0,0,0,0,0,1023,53,0,0,0,0,0,0,1,0,0,0,2023-06-15T10:35:00,2023-07-05T10:29:59,2100-12-01T00:00:00,0,0,800010941,0,0,0,0,0
10942,7201241,7210950,1,crow10942,3102929,0,0,0,0,0,0,1023,54,0,0,0,0,0,0,1,0,0,0,2023-06-15T10:35:00,2023-07-05T10:29:59,2100-12-01T00:00:00,0,0,800010942,0,0,0,0,0
10943,7201242,7210951,1,crow10943,3102930,0,0,0,0,0,0,1023,57,0,0,0,0,0,0,1,0,0,0,2023-06-15T10:35:00,2023-07-14T10:29:59,2100-12-01T00:00:00,0,0,800010177,0,0,0,0,0
10944,7201243,7210795,1,crow10944,3102931,0,0,0,0,0,0,1023,45,0,0,0,2,0,0,5,0,0,0,2023-06-15T10:35:00,2023-07-05T10:29:59,2100-12-01T00:00:00,0,0,800010535,0,0,0,0,0
10945,7201111,7210694,1,crow10945,3102779,0,0,0,0,0,0,1023,45,0,0,0,2,0,0,5,0,0,0,2023-06-23T10:35:00,2023-07-13T10:29:59,2100-12-01T00:00:00,0,0,800010466,0,0,0,0,0
10946,7201112,7210418,1,crow10946,3102780,0,0,0,0,0,0,1023,46,0,0,0,0,0,0,3,0,0,0,2023-06-23T10:35:00,2023-07-13T10:29:59,2100-12-01T00:00:00,0,0,800010229,0,0,0,0,0
10947,7201246,7210952,1,crow10947,3102932,0,0,0,0,0,0,1023,39,0,0,0,0,0,0,1,0,0,0,2023-06-23T10:35:00,2023-07-06T10:29:59,2100-12-01T00:00:00,0,0,800010234,0,0,0,0,0
10948,7201247,7210953,1,crow10948,3102933,0,0,0,0,0,0,1023,40,0,0,0,0,0,0,1,0,0,0,2023-06-23T10:35:00,2023-07-06T10:29:59,2100-12-01T00:00:00,0,0,800010355,0,0,0,0,0
10949,7201166,7210733,1,crow10949,3102844,0,0,0,0,0,0,1023,47,0,0,0,0,0,0,2,0,0,0,2023-06-23T10:35:00,2023-07-13T10:29:59,2100-12-01T00:00:00,0,0,800010253,0,0,0,0,0
10950,7201114,7210549,1,crow10950,3102784,0,0,0,0,0,0,1023,51,0,0,0,2,0,0,5,0,0,0,2023-06-23T10:35:00,2023-07-13T10:29:59,2100-12-01T00:00:00,0,0,800010239,0,0,0,0,0
10951,7201115,7210901,1,crow10951,3102934,0,0,0,0,0,0,1023,52,0,0,0,2,0,0,3,0,0,0,2023-06-23T10:35:00,2023-07-13T10:29:59,2100-12-01T00:00:00,0,0,800010472,0,0,0,0,0
10952,7201116,7210902,1,crow10952,3102935,0,0,0,0,0,0,1023,53,0,0,0,2,0,0,5,0,0,0,2023-06-23T10:35:00,2023-07-13T10:29:59,2100-12-01T00:00:00,0,0,800010535,0,0,0,0,0
10953,7201117,7210810,1,crow10953,3102787,0,0,0,0,0,0,1023,54,0,0,0,0,0,0,2,0,0,0,2023-06-23T10:35:00,2023-07-13T10:29:59,2100-12-01T00:00:00,0,0,800010714,0,0,0,0,0
10954,7201248,7210954,1,crow10954,3102936,0,0,0,0,0,0,1023,55,0,0,0,0,0,0,3,0,0,0,2023-06-23T10:35:00,2023-07-13T10:29:59,2100-12-01T00:00:00,0,0,800010464,0,0,0,0,0
10955,7201249,7210955,1,crow10955,3102937,0,0,0,0,0,0,1023,56,0,0,0,0,0,0,3,0,0,0,2023-06-23T10:35:00,2023-07-13T10:29:59,2100-12-01T00:00:00,0,0,800010955,0,0,0,0,0
10956,7201250,7210956,1,crow10956,3102938,0,0,0,0,0,0,1023,52,0,0,0,0,0,0,2,0,0,0,2023-06-23T10:35:00,2023-07-13T10:29:59,2100-12-01T00:00:00,0,0,800010956,0,0,0,0,0
10957,7201174,7210906,1,crow10957,3102852,0,0,0,0,0,0,1039,10,0,0,0,0,0,0,3,0,0,0,2023-06-23T10:35:00,2023-07-13T10:29:59,2100-12-01T00:00:00,0,0,800010866,0,0,0,0,0
10958,7201160,7210936,1,crow10958,3102899,0,0,0,0,0,0,1039,11,0,0,0,0,0,0,2,0,0,0,2023-06-23T10:35:00,2023-07-13T10:29:59,2100-12-01T00:00:00,0,0,800010851,0,0,0,0,0
10959,7201251,7210957,1,crow10959,3102939,0,0,0,0,0,0,1023,50,0,0,0,0,0,0,1,0,0,0,2023-06-23T10:35:00,2023-07-13T10:29:59,2100-12-01T00:00:00,0,0,800010959,0,0,0,0,0
10960,7201059,7210958,1,crow10960,3102940,0,0,0,0,0,0,1023,48,0,0,0,0,0,0,1,0,0,0,2023-06-23T10:35:00,2023-07-13T10:29:59,2100-12-01T00:00:00,0,0,800010747,0,0,0,0,0
10961,7201252,7210959,1,crow10961,3102941,0,0,0,0,0,0,1023,49,0,0,0,0,0,0,1,0,0,0,2023-06-23T10:35:00,2023-07-13T10:29:59,2100-12-01T00:00:00,0,0,800010961,0,0,0,0,0
10962,7201253,7210797,1,crow10962,3102942,0,0,0,0,0,0,1023,3,0,0,0,0,0,0,1,0,0,0,2023-06-23T10:35:00,2023-06-30T10:29:59,2100-12-01T00:00:00,0,0,800010962,0,0,0,0,1
10963,7201254,7210960,1,crow10963,3102943,0,0,0,0,0,0,1023,53,0,0,0,0,0,0,2,0,0,0,2023-06-30T10:35:00,2023-07-30T10:29:59,2100-12-01T00:00:00,0,0,800010963,0,0,0,0,0
10964,7201255,7210961,1,crow10964,3102944,0,0,0,0,0,0,1023,54,0,0,0,0,0,0,3,0,0,0,2023-06-30T10:35:00,2023-07-30T10:29:59,2100-12-01T00:00:00,0,0,800010964,0,0,0,0,0
10965,7201256,7210962,1,crow10965,3102945,0,0,0,0,0,0,1023,55,0,0,0,0,0,0,2,0,0,0,2023-06-30T10:35:00,2023-07-30T10:29:59,2100-12-01T00:00:00,0,0,800010965,0,0,0,0,0
10966,7201257,7210226,1,crow10966,0,0,0,0,0,0,0,1023,31,0,0,0,0,0,0,1,0,0,0,2023-06-30T10:35:00,2023-07-20T10:29:59,2100-12-01T00:00:00,0,0,800010077,0,0,0,0,0
10967,7201258,7210610,1,crow10967,3102946,0,0,0,0,0,0,1023,32,0,0,0,0,0,0,2,0,0,0,2023-06-30T10:35:00,2023-07-20T10:29:59,2100-12-01T00:00:00,0,0,800010186,0,0,0,0,0
10968,7201259,7210853,1,crow10968,3102947,0,0,0,0,0,0,1023,35,0,0,0,0,0,0,1,0,0,0,2023-06-30T10:35:00,2023-07-20T10:29:59,2100-12-01T00:00:00,0,0,800010733,0,0,0,0,0
10969,7201260,7210934,1,crow10969,3102948,0,0,0,0,0,0,1023,36,0,0,0,2,0,0,5,0,0,0,2023-06-30T10:35:00,2023-07-20T10:29:59,2100-12-01T00:00:00,0,0,800010904,0,0,0,0,0
10970,7201261,7210816,1,crow10970,3102949,0,0,0,0,0,0,1023,37,0,0,0,0,0,0,3,0,0,0,2023-06-30T10:35:00,2023-07-20T10:29:59,2100-12-01T00:00:00,0,0,800010171,0,0,0,0,0
10971,7201262,7210935,1,crow10971,3102950,0,0,0,0,0,0,1023,38,0,0,0,2,0,0,3,0,0,0,2023-06-30T10:35:00,2023-07-20T10:29:59,2100-12-01T00:00:00,0,0,800010175,0,0,0,0,0
10972,7201263,7210890,1,crow10972,3102951,0,0,0,0,0,0,1023,39,0,0,0,3,0,0,3,0,0,0,2023-06-30T10:35:00,2023-07-20T10:29:59,2100-12-01T00:00:00,0,0,800010438,0,0,0,0,0
10973,7201264,7210402,1,crow10973,3102952,0,0,0,0,0,0,1023,40,0,0,0,3,0,0,2,0,0,0,2023-06-30T10:35:00,2023-07-20T10:29:59,2100-12-01T00:00:00,0,0,800010219,0,0,0,0,0
10974,7201265,7210510,1,crow10974,3102953,0,0,0,0,0,0,1023,41,0,0,0,0,0,0,1,0,0,0,2023-06-30T10:35:00,2023-07-20T10:29:59,2100-12-01T00:00:00,0,0,800010330,0,0,0,0,0
10975,7201266,7210753,1,crow10975,3102954,0,0,0,0,0,0,1023,42,0,0,0,0,0,0,1,0,0,0,2023-06-30T10:35:00,2023-07-20T10:29:59,2100-12-01T00:00:00,0,0,800010635,0,0,0,0,0
10976,7201267,7210963,1,crow10976,3102955,0,0,0,0,0,0,1023,43,0,0,0,0,0,0,2,0,0,0,2023-06-30T10:35:00,2023-07-20T10:29:59,2100-12-01T00:00:00,0,0,800010976,0,0,0,0,0
10977,7201159,7210944,1,crow10977,3102916,0,0,0,0,0,0,1039,8,0,0,0,0,0,0,3,0,0,0,2023-06-30T10:35:00,2023-07-20T10:29:59,2100-12-01T00:00:00,0,0,800010852,0,0,0,0,0
10978,7201173,7210905,1,crow10978,3102880,0,0,0,0,0,0,1039,9,0,0,0,0,0,0,2,0,0,0,2023-06-30T10:35:00,2023-07-20T10:29:59,2100-12-01T00:00:00,0,0,800010865,0,0,0,0,0
10979,7201240,7210949,1,crow10979,3102928,0,0,0,0,0,0,1039,6,0,0,0,0,0,0,1,0,0,0,2023-06-30T10:35:00,2023-07-20T10:29:59,2100-12-01T00:00:00,0,0,800010941,0,0,0,0,0
10980,7201241,7210950,1,crow10980,3102929,0,0,0,0,0,0,1039,7,0,0,0,0,0,0,1,0,0,0,2023-06-30T10:35:00,2023-07-20T10:29:59,2100-12-01T00:00:00,0,0,800010942,0,0,0,0,0
10981,7201074,7210694,1,crow10981,3102745,0,0,0,0,0,0,1023,39,0,0,0,2,0,0,5,0,0,0,2023-07-07T10:35:00,2023-07-27T10:29:59,2100-12-01T00:00:00,0,0,800010466,0,0,0,0,0
10982,7201075,7210418,1,crow10982,3102746,0,0,0,0,0,0,1023,40,0,0,0,0,0,0,3,0,0,0,2023-07-07T10:35:00,2023-07-27T10:29:59,2100-12-01T00:00:00,0,0,800010229,0,0,0,0,0
10983,7201275,7210971,1,crow10983_1,3102956,0,0,0,0,0,0,1023,52,0,0,0,0,0,0,1,0,0,0,2023-07-07T10:35:00,2023-07-30T10:29:59,2100-12-01T00:00:00,0,0,800010153,0,0,0,0,0
10984,7201276,7210972,1,crow10984,3102957,0,0,0,0,0,0,1023,44,0,0,0,2,0,0,5,0,0,0,2023-07-07T10:35:00,2023-07-27T10:29:59,2100-12-01T00:00:00,0,0,800010239,0,0,0,0,0
10985,7201277,7210901,1,crow10985,3102958,0,0,0,0,0,0,1023,45,0,0,0,2,0,0,3,0,0,0,2023-07-07T10:35:00,2023-07-27T10:29:59,2100-12-01T00:00:00,0,0,800010472,0,0,0,0,0
10986,7201080,7210902,1,crow10986,3102959,0,0,0,0,0,0,1023,46,0,0,0,2,0,0,5,0,0,0,2023-07-07T10:35:00,2023-07-27T10:29:59,2100-12-01T00:00:00,0,0,800010535,0,0,0,0,0
10987,7201278,7210810,1,crow10987,3102960,0,0,0,0,0,0,1023,47,0,0,0,0,0,0,2,0,0,0,2023-07-07T10:35:00,2023-07-27T10:29:59,2100-12-01T00:00:00,0,0,800010714,0,0,0,0,0
10988,7201279,7210973,1,crow10988,3102961,0,0,0,0,0,0,1023,42,0,0,0,0,0,0,1,0,0,0,2023-07-07T10:35:00,2023-07-27T10:29:59,2100-12-01T00:00:00,0,0,800010988,0,0,0,0,0
10989,7201133,7210844,1,crow10989,3102815,0,0,0,0,0,0,1023,48,0,0,0,2,0,0,5,0,0,0,2023-07-07T10:35:00,2023-07-27T10:29:59,2100-12-01T00:00:00,0,0,800010766,0,0,0,0,0
10990,7201280,7210974,1,crow10990,3102962,0,0,0,0,0,0,1023,43,0,0,0,0,0,0,1,0,0,0,2023-07-07T10:35:00,2023-07-27T10:29:59,2100-12-01T00:00:00,0,0,800010428,0,0,0,0,0
10991,7201171,7210903,1,crow10991,3102849,0,0,0,0,0,0,1023,49,0,0,0,0,0,0,2,0,0,0,2023-07-07T10:35:00,2023-07-27T10:29:59,2100-12-01T00:00:00,0,0,800010863,0,0,0,0,0
10992,7201084,7210486,1,crow10992,3102756,0,0,0,0,0,0,1023,50,0,0,0,0,0,0,1,0,0,0,2023-07-07T10:35:00,2023-07-27T10:29:59,2100-12-01T00:00:00,0,0,800010584,0,0,0,0,0
10993,7201085,7210975,1,crow10993,3102963,0,0,0,0,0,0,1023,51,0,0,0,2,0,0,3,0,0,0,2023-07-07T10:35:00,2023-07-27T10:29:59,2100-12-01T00:00:00,0,0,800010146,0,0,0,0,0
10995,7201172,7210976,1,crow10995,3102966,0,0,0,0,0,0,1039,8,0,0,0,0,0,0,3,0,0,0,2023-07-07T10:35:00,2023-07-27T10:29:59,2100-12-01T00:00:00,0,0,800010864,0,0,0,0,0
10996,7201193,7210919,1,crow10996,3102881,0,0,0,0,0,0,1039,9,0,0,0,2,0,0,2,0,0,0,2023-07-07T10:35:00,2023-07-27T10:29:59,2100-12-01T00:00:00,0,0,800010890,0,0,0,0,0
10997,7201284,7210979,1,crow10997,3102971,0,0,0,0,0,0,1025,100,0,0,0,0,0,0,1,0,0,0,2023-07-07T10:35:00,2026-08-28T10:29:59,2100-12-01T00:00:00,280,0,800010997,0,0,0,0,0
10998,7201296,7210980,1,0,3102972,0,0,0,0,0,0,1001,1,0,0,0,1,0,0,1,1,0,0,2023-07-14T10:35:00,2023-07-23T23:59:59,2100-12-01T00:00:00,0,0,801110015,0,0,0,0,0
10999,7201285,7210981,1,crow10999,3102973,0,0,0,0,0,0,1023,38,0,0,0,0,0,0,2,0,0,0,2023-07-14T10:35:00,2023-08-13T10:29:59,2100-12-01T00:00:00,0,0,800010999,0,0,0,0,0
11000,7201286,7210982,1,crow11000,3102974,0,0,0,0,0,0,1023,39,0,0,0,0,0,0,2,0,0,0,2023-07-14T10:35:00,2023-08-13T10:29:59,2100-12-01T00:00:00,0,0,800011000,0,0,0,0,0
11001,7201287,7210983,1,crow11001,3102975,0,0,0,0,0,0,1023,40,0,0,0,0,0,0,2,0,0,0,2023-07-14T10:35:00,2023-08-13T10:29:59,2100-12-01T00:00:00,0,0,800011001,0,0,0,0,0
11002,7201288,7210238,1,crow11002,3102976,0,0,0,0,0,0,1023,41,0,0,0,0,0,0,4,0,0,0,2023-07-14T10:35:00,2023-08-03T10:29:59,2100-12-01T00:00:00,0,0,800010012,0,0,0,0,0
11003,7200386,7210418,1,crow11003,3102891,0,0,0,0,0,0,1023,42,0,0,0,0,0,0,3,0,0,0,2023-07-14T10:35:00,2023-08-03T10:29:59,2100-12-01T00:00:00,0,0,800010229,0,0,0,0,0
11004,7201289,7210984,1,crow11004,3102977,0,0,0,0,0,0,1023,43,0,0,0,0,0,0,1,0,0,0,2023-07-14T10:35:00,2023-08-13T10:29:59,2100-12-01T00:00:00,0,0,800010270,0,0,0,0,0
11005,7201290,7210853,1,crow11005,3102978,0,0,0,0,0,0,1023,47,0,0,0,0,0,0,1,0,0,0,2023-07-14T10:35:00,2023-08-03T10:29:59,2100-12-01T00:00:00,0,0,800010733,0,0,0,0,0
11006,7201291,7210934,1,crow11006,3102979,0,0,0,0,0,0,1023,48,0,0,0,2,0,0,5,0,0,0,2023-07-14T10:35:00,2023-08-03T10:29:59,2100-12-01T00:00:00,0,0,800010904,0,0,0,0,0
11007,7201292,7210816,1,crow11007,3102980,0,0,0,0,0,0,1023,49,0,0,0,0,0,0,3,0,0,0,2023-07-14T10:35:00,2023-08-03T10:29:59,2100-12-01T00:00:00,0,0,800010171,0,0,0,0,0
11008,7201293,7210935,1,crow11008,3102981,0,0,0,0,0,0,1023,50,0,0,0,2,0,0,3,0,0,0,2023-07-14T10:35:00,2023-08-03T10:29:59,2100-12-01T00:00:00,0,0,800010175,0,0,0,0,0
11009,7201294,7210402,1,crow11009,3102982,0,0,0,0,0,0,1023,51,0,0,0,3,0,0,2,0,0,0,2023-07-14T10:35:00,2023-08-03T10:29:59,2100-12-01T00:00:00,0,0,800010219,0,0,0,0,0
11010,7201295,7210640,1,crow11010,3102983,0,0,0,0,0,0,1023,45,0,0,0,0,0,0,1,0,0,0,2023-07-14T10:35:00,2023-08-03T10:29:59,2100-12-01T00:00:00,0,0,800010586,0,0,0,0,0
11011,7200274,7210865,1,crow11011,3102792,0,0,0,0,0,0,1023,46,0,0,0,3,0,0,3,0,0,0,2023-07-14T10:35:00,2023-08-03T10:29:59,2100-12-01T00:00:00,0,0,800010802,0,0,0,0,0
11012,7201194,7210920,1,crow11012_1,3102917,0,0,0,0,0,0,1039,7,0,0,0,0,0,0,3,0,0,0,2023-07-14T10:35:00,2023-08-03T10:29:59,2100-12-01T00:00:00,0,0,800010891,0,0,0,0,0
11013,7201173,7210905,1,crow11013,3102880,0,0,0,0,0,0,1039,8,0,0,0,0,0,0,2,0,0,0,2023-07-14T10:35:00,2023-08-03T10:29:59,2100-12-01T00:00:00,0,0,800010865,0,0,0,0,0
11014,7201174,7210906,1,crow11014,3102852,0,0,0,0,0,0,1039,9,0,0,0,0,0,0,3,0,0,0,2023-07-14T10:35:00,2023-08-03T10:29:59,2100-12-01T00:00:00,0,0,800010866,0,0,0,0,0
11015,7201267,7210963,1,crow11015,3102955,0,0,0,0,0,0,1023,44,0,0,0,0,0,0,2,0,0,0,2023-07-14T10:35:00,2023-08-03T10:29:59,2100-12-01T00:00:00,0,0,800010976,0,0,0,0,0
11016,7201297,7210694,1,crow11016,3102984,0,0,0,0,0,0,1023,33,0,0,0,2,0,0,5,0,0,0,2023-07-21T10:35:00,2023-08-10T10:29:59,2100-12-01T00:00:00,0,0,800010466,0,0,0,0,0
11017,7201298,7210418,1,crow11017,3102985,0,0,0,0,0,0,1023,34,0,0,0,0,0,0,3,0,0,0,2023-07-21T10:35:00,2023-08-10T10:29:59,2100-12-01T00:00:00,0,0,800010229,0,0,0,0,0
11018,7201166,7210733,1,crow11018,3102986,0,0,0,0,0,0,1023,35,0,0,0,0,0,0,2,0,0,0,2023-07-21T10:35:00,2023-08-10T10:29:59,2100-12-01T00:00:00,0,0,800010253,0,0,0,0,0
11019,7201299,7210985,1,crow11019,3102987,0,0,0,0,0,0,1023,38,0,0,0,2,0,0,5,0,0,0,2023-07-21T10:35:00,2023-08-10T10:29:59,2100-12-01T00:00:00,0,0,800010239,0,0,0,0,0
11020,7201300,7210901,1,crow11020,3102988,0,0,0,0,0,0,1023,39,0,0,0,2,0,0,3,0,0,0,2023-07-21T10:35:00,2023-08-10T10:29:59,2100-12-01T00:00:00,0,0,800010472,0,0,0,0,0
11021,7201301,7210986,1,crow11021,3102989,0,0,0,0,0,0,1023,40,0,0,0,2,0,0,5,0,0,0,2023-07-21T10:35:00,2023-08-10T10:29:59,2100-12-01T00:00:00,0,0,800010535,0,0,0,0,0
11022,7201302,7210810,1,crow11022,3102990,0,0,0,0,0,0,1023,41,0,0,0,0,0,0,2,0,0,0,2023-07-21T10:35:00,2023-08-10T10:29:59,2100-12-01T00:00:00,0,0,800010714,0,0,0,0,0
11023,7201303,7210987,1,crow11023,3102991,0,0,0,0,0,0,1023,36,0,0,0,0,0,0,1,0,0,0,2023-07-21T10:35:00,2023-08-10T10:29:59,2100-12-01T00:00:00,0,0,800011023,0,0,0,0,0
11024,7201304,7210988,1,crow11024,3102992,0,0,0,0,0,0,1023,37,0,0,0,0,0,0,1,0,0,0,2023-07-21T10:35:00,2023-08-10T10:29:59,2100-12-01T00:00:00,0,0,800011024,0,0,0,0,0
11025,7201159,7210944,1,crow11025,3102916,0,0,0,0,0,0,1039,7,0,0,0,0,0,0,3,0,0,0,2023-07-21T10:35:00,2023-08-10T10:29:59,2100-12-01T00:00:00,0,0,800010852,0,0,0,0,0
11026,7201160,7210936,1,crow11026,3102899,0,0,0,0,0,0,1039,8,0,0,0,0,0,0,2,0,0,0,2023-07-21T10:35:00,2023-08-10T10:29:59,2100-12-01T00:00:00,0,0,800010851,0,0,0,0,0
11027,7201306,7210990,1,crow11027,0,0,0,0,0,0,0,1023,32,0,0,0,0,0,0,1,0,0,0,2023-07-21T10:35:00,2023-07-30T10:29:59,2100-12-01T00:00:00,0,0,800011027,0,0,0,0,0
11028,7201307,7210991,1,crow11028,3102993,0,0,0,0,0,0,1023,19,0,0,0,0,0,0,10,0,0,0,2023-07-26T10:35:00,2023-08-31T10:29:59,2100-12-01T00:00:00,0,0,800011028,0,0,0,0,0
11029,7201308,7210992,1,crow11029,3102994,0,0,0,0,0,0,1023,20,0,0,0,0,0,0,10,0,0,0,2023-07-26T10:35:00,2023-08-31T10:29:59,2100-12-01T00:00:00,0,0,800011029,0,0,0,0,0
11030,7201309,7210993,1,crow11030,3102995,0,0,0,0,0,0,1023,21,0,0,0,0,0,0,10,0,0,0,2023-07-26T10:35:00,2023-08-31T10:29:59,2100-12-01T00:00:00,0,0,800011030,0,0,0,0,0
11031,7201310,7210994,1,crow11031,3102996,0,0,0,0,0,0,1023,22,0,0,0,0,0,0,1,0,0,0,2023-07-26T10:35:00,2023-08-31T10:29:59,2100-12-01T00:00:00,0,0,800011031,0,0,0,0,0
11032,7201311,7210418,1,crow11032,3102997,0,0,0,0,0,0,1023,25,0,0,0,0,0,0,3,0,0,0,2023-07-26T10:35:00,2023-08-15T10:29:59,2100-12-01T00:00:00,0,0,800010229,0,0,0,0,0
11033,7201312,7210995,1,crow11033,3102998,0,0,0,0,0,0,1023,23,0,0,0,0,0,0,2,0,0,0,2023-07-26T10:35:00,2023-08-31T10:29:59,2100-12-01T00:00:00,0,0,800011033,0,0,0,0,0
11034,7201313,7210996,1,crow11034,3102999,0,0,0,0,0,0,1023,19,0,0,0,0,0,0,1,0,0,0,2023-07-26T10:35:00,2023-08-15T10:29:59,2100-12-01T00:00:00,0,0,800011034,0,0,0,0,0
11035,7201314,7210776,1,crow11035,3117001,0,0,0,0,0,0,1023,26,0,0,0,0,0,0,3,0,0,0,2023-07-26T10:35:00,2023-08-15T10:29:59,2100-12-01T00:00:00,0,0,800010171,0,0,0,0,0
11036,7201315,7210901,1,crow11036,3117002,0,0,0,0,0,0,1023,27,0,0,0,2,0,0,3,0,0,0,2023-07-26T10:35:00,2023-08-15T10:29:59,2100-12-01T00:00:00,0,0,800010472,0,0,0,0,0
11037,7201316,7210997,1,crow11037,3117003,0,0,0,0,0,0,1023,28,0,0,0,0,0,0,2,0,0,0,2023-07-26T10:35:00,2023-08-15T10:29:59,2100-12-01T00:00:00,0,0,800011037,0,0,0,0,0
11038,7201317,7210998,1,crow11038,3117004,0,0,0,0,0,0,1023,29,0,0,0,0,0,0,1,0,0,0,2023-07-26T10:35:00,2023-08-15T10:29:59,2100-12-01T00:00:00,0,0,800010826,0,0,0,0,0
11039,7200982,7210999,1,crow11039,3117005,0,0,0,0,0,0,1023,30,0,0,0,0,0,0,3,0,0,0,2023-07-26T10:35:00,2023-08-15T10:29:59,2100-12-01T00:00:00,0,0,800011039,0,0,0,0,0
11040,7201318,7211000,1,crow11040,3117006,0,0,0,0,0,0,1023,31,0,0,0,0,0,0,3,0,0,0,2023-07-26T10:35:00,2023-08-15T10:29:59,2100-12-01T00:00:00,0,0,800010955,0,0,0,0,0
11041,7201193,7211001,1,crow11041,3117007,0,0,0,0,0,0,1039,5,0,0,0,2,0,0,2,0,0,0,2023-07-26T10:35:00,2023-08-15T10:29:59,2100-12-01T00:00:00,0,0,800010890,0,0,0,0,0
11042,7201157,7210945,1,crow11042,3102918,0,0,0,0,0,0,1039,6,0,0,0,0,0,0,1,0,0,0,2023-07-26T10:35:00,2023-08-15T10:29:59,2100-12-01T00:00:00,0,0,800010928,0,0,0,0,0
11043,7201326,7211009,1,crow11043,3117008,0,0,0,0,0,0,1023,15,0,0,0,0,0,0,2,0,0,0,2023-07-31T10:35:00,2023-08-30T10:29:59,2100-12-01T00:00:00,0,0,800011043,0,0,0,0,0
11044,7201327,7211010,1,crow11044,3117009,0,0,0,0,0,0,1023,16,0,0,0,0,0,0,2,0,0,0,2023-07-31T10:35:00,2023-08-30T10:29:59,2100-12-01T00:00:00,0,0,800011044,0,0,0,0,0
11045,7201328,7211011,1,crow11045,3117010,0,0,0,0,0,0,1023,17,0,0,0,0,0,0,2,0,0,0,2023-07-31T10:35:00,2023-08-30T10:29:59,2100-12-01T00:00:00,0,0,800011045,0,0,0,0,0
11046,7201329,7211012,1,crow11046,3117011,0,0,0,0,0,0,1023,18,0,0,0,0,0,0,1,0,0,0,2023-07-31T10:35:00,2023-08-30T10:29:59,2100-12-01T00:00:00,0,0,800010234,0,0,0,0,0
11047,7201330,7210610,1,crow11047,3117012,0,0,0,0,0,0,1023,10,0,0,0,0,0,0,2,0,0,0,2023-07-31T10:35:00,2023-08-20T10:29:59,2100-12-01T00:00:00,0,0,800010186,0,0,0,0,0
11048,7201331,7210853,1,crow11048,3117013,0,0,0,0,0,0,1023,11,0,0,0,0,0,0,1,0,0,0,2023-07-31T10:35:00,2023-08-20T10:29:59,2100-12-01T00:00:00,0,0,800010733,0,0,0,0,0
11049,7201332,7210934,1,crow11049,3117014,0,0,0,0,0,0,1023,12,0,0,0,2,0,0,5,0,0,0,2023-07-31T10:35:00,2023-08-20T10:29:59,2100-12-01T00:00:00,0,0,800010904,0,0,0,0,0
11050,7201333,7210816,1,crow11050,3117015,0,0,0,0,0,0,1023,13,0,0,0,0,0,0,3,0,0,0,2023-07-31T10:35:00,2023-08-20T10:29:59,2100-12-01T00:00:00,0,0,800010171,0,0,0,0,0
11051,7201334,7210935,1,crow11051,3117016,0,0,0,0,0,0,1023,14,0,0,0,2,0,0,3,0,0,0,2023-07-31T10:35:00,2023-08-20T10:29:59,2100-12-01T00:00:00,0,0,800010175,0,0,0,0,0
11052,7201335,7210890,1,crow11052,3117017,0,0,0,0,0,0,1023,15,0,0,0,3,0,0,3,0,0,0,2023-07-31T10:35:00,2023-08-20T10:29:59,2100-12-01T00:00:00,0,0,800010438,0,0,0,0,0
11053,7201336,7210402,1,crow11053,3117018,0,0,0,0,0,0,1023,16,0,0,0,3,0,0,2,0,0,0,2023-07-31T10:35:00,2023-08-20T10:29:59,2100-12-01T00:00:00,0,0,800010219,0,0,0,0,0
11054,7201337,7210510,1,crow11054,3117019,0,0,0,0,0,0,1023,17,0,0,0,0,0,0,1,0,0,0,2023-07-31T10:35:00,2023-08-20T10:29:59,2100-12-01T00:00:00,0,0,800010330,0,0,0,0,0
11055,7200940,7211013,1,crow11055,3117020,0,0,0,0,0,0,1023,18,0,0,0,0,0,0,1,0,0,0,2023-07-31T10:35:00,2023-08-20T10:29:59,2100-12-01T00:00:00,0,0,800010635,0,0,0,0,0
11056,7201174,7210906,1,crow11056,3102852,0,0,0,0,0,0,1039,4,0,0,0,0,0,0,3,0,0,0,2023-07-31T10:35:00,2023-08-20T10:29:59,2100-12-01T00:00:00,0,0,800010866,0,0,0,0,0
11057,7201172,7210976,1,crow11057,3102966,0,0,0,0,0,0,1039,3,0,0,0,0,0,0,3,0,0,0,2023-07-31T10:35:00,2023-08-20T10:29:59,2100-12-01T00:00:00,0,0,800010864,0,0,0,0,0
11058,7201338,7211014,1,crow11058,3117021,0,0,0,0,0,0,1023,14,0,0,0,0,0,0,1,0,0,0,2023-08-05T10:30:00,2023-08-30T10:29:59,2100-12-01T00:00:00,0,0,800011058,0,0,0,0,0
11059,7201339,7210956,1,crow11059,3117022,0,0,0,0,0,0,1023,4,0,0,0,0,0,0,2,0,0,0,2023-08-05T10:30:00,2023-08-10T10:29:59,2100-12-01T00:00:00,0,0,800010956,0,0,0,0,0
11060,7201340,7211015,1,crow11060,3117023,0,0,0,0,0,0,1023,5,0,0,0,0,0,0,2,0,0,0,2023-08-05T10:30:00,2023-08-10T10:29:59,2100-12-01T00:00:00,0,0,800011060,0,0,0,0,0
11061,7201341,7211016,1,crow11061,3117024,0,0,0,0,0,0,1023,2,0,0,0,0,0,0,1,0,0,0,2023-08-05T10:30:00,2023-08-10T10:29:59,2100-12-01T00:00:00,0,0,800011061,0,0,0,0,0
11062,7201342,7211017,1,crow11062,3117025,0,0,0,0,0,0,1023,3,0,0,0,0,0,0,1,0,0,0,2023-08-05T10:30:00,2023-08-10T10:29:59,2100-12-01T00:00:00,0,0,800011062,0,0,0,0,0
11063,7201344,7211019,1,crow11063,3117026,0,0,0,0,0,0,1034,14,0,0,0,0,0,0,2,0,0,0,2023-08-10T10:35:00,2023-09-08T10:29:59,2100-12-01T00:00:00,0,0,800011063,0,0,0,0,0
11064,7201345,7211020,1,crow11064,3117027,0,0,0,0,0,0,1034,15,0,0,0,0,0,0,3,0,0,0,2023-08-10T10:35:00,2023-09-08T10:29:59,2100-12-01T00:00:00,0,0,800011064,0,0,0,0,0
11065,7201346,7211021,1,crow11065,3117028,0,0,0,0,0,0,1034,16,0,0,0,0,0,0,3,0,0,0,2023-08-10T10:35:00,2023-09-08T10:29:59,2100-12-01T00:00:00,0,0,800011065,0,0,0,0,0
11066,7201347,7210226,1,crow11066,0,0,0,0,0,0,0,1034,21,0,0,0,0,0,0,1,0,0,0,2023-08-10T10:35:00,2023-08-30T10:29:59,2100-12-01T00:00:00,0,0,800011066,0,0,0,0,0
11067,7201348,7210497,1,crow11067,0,0,0,0,0,0,0,1034,22,0,0,0,0,0,0,1,0,0,0,2023-08-10T10:35:00,2023-08-30T10:29:59,2100-12-01T00:00:00,0,0,800011067,0,0,0,0,0
11068,7201349,7211022,1,crow11068,3117029,0,0,0,0,0,0,1034,23,0,0,0,0,0,0,1,0,0,0,2023-08-10T10:35:00,2023-08-30T10:29:59,2100-12-01T00:00:00,0,0,800011068,0,0,0,0,0
11069,7201350,7211023,1,crow11069,3117030,0,0,0,0,0,0,1034,17,0,0,0,0,0,0,1,0,0,0,2023-08-10T10:35:00,2023-08-30T10:29:59,2100-12-01T00:00:00,0,0,800011069,0,0,0,0,0
11070,7201351,7210725,1,crow11070,3117031,0,0,0,0,0,0,1034,18,0,0,0,0,0,0,1,0,0,0,2023-08-10T10:35:00,2023-08-30T10:29:59,2100-12-01T00:00:00,0,0,800011070,0,0,0,0,0
11071,7201352,7211024,1,crow11071,3117032,0,0,0,0,0,0,1034,19,0,0,0,0,0,0,1,0,0,0,2023-08-10T10:35:00,2023-08-30T10:29:59,2100-12-01T00:00:00,0,0,800011071,0,0,0,0,0
11072,7201353,7211025,1,crow11072,3117033,0,0,0,0,0,0,1034,20,0,0,0,0,0,0,1,0,0,0,2023-08-10T10:35:00,2023-08-30T10:29:59,2100-12-01T00:00:00,0,0,800011072,0,0,0,0,0
11073,7201358,7210985,1,crow11073,3117041,0,0,0,0,0,0,1034,27,0,0,0,2,0,0,5,0,0,0,2023-08-10T10:35:00,2023-08-30T10:29:59,2100-12-01T00:00:00,0,0,800010239,0,0,0,0,0
11074,7201359,7210901,1,crow11074,3117042,0,0,0,0,0,0,1034,28,0,0,0,2,0,0,3,0,0,0,2023-08-10T10:35:00,2023-08-30T10:29:59,2100-12-01T00:00:00,0,0,800010472,0,0,0,0,0
11075,7201360,7210810,1,crow11075,3117043,0,0,0,0,0,0,1034,29,0,0,0,0,0,0,2,0,0,0,2023-08-10T10:35:00,2023-08-30T10:29:59,2100-12-01T00:00:00,0,0,800010714,0,0,0,0,0
11076,7201354,7211026,1,crow11076,3117034,0,0,0,0,0,0,1034,30,0,0,0,2,0,0,3,0,0,0,2023-08-10T10:35:00,2023-08-30T10:29:59,2100-12-01T00:00:00,0,0,800010845,0,0,0,0,0
11077,7200808,7211027,1,crow11077,3117035,0,0,0,0,0,0,1034,24,0,0,0,0,0,0,3,0,0,0,2023-08-10T10:35:00,2023-08-30T10:29:59,2100-12-01T00:00:00,0,0,800011077,0,0,0,0,0
11078,7200809,7210661,1,crow11078,3117039,0,0,0,0,0,0,1034,25,0,0,0,0,0,0,3,0,0,0,2023-08-10T10:35:00,2023-08-30T10:29:59,2100-12-01T00:00:00,0,0,800011078,0,0,0,0,0
11079,7201355,7211028,1,crow11079,3117036,0,0,0,0,0,0,1034,26,0,0,0,0,0,0,2,0,0,0,2023-08-10T10:35:00,2023-08-30T10:29:59,2100-12-01T00:00:00,0,0,800011079,0,0,0,0,0
11080,7201356,7211029,1,crow11080,3117037,0,0,0,0,0,0,1039,7,0,0,0,0,0,0,1,0,0,0,2023-08-10T10:35:00,2023-08-30T10:29:59,2100-12-01T00:00:00,0,0,800011080,0,0,0,0,0
11081,7201357,7211030,1,crow11081,3117038,0,0,0,0,0,0,1039,8,0,0,0,0,0,0,1,0,0,0,2023-08-10T10:35:00,2023-08-30T10:29:59,2100-12-01T00:00:00,0,0,800011081,0,0,0,0,0
11082,7201361,7211031,1,0,3117040,0,0,0,0,0,0,1001,1,0,0,0,1,0,0,1,1,0,0,2023-08-10T10:35:00,2023-08-30T23:59:59,2100-12-01T00:00:00,0,0,801110014,0,0,0,0,0
11083,7201362,7211032,1,crow11083,3117044,0,0,0,0,0,0,1034,2,0,0,0,0,0,0,3,0,0,0,2023-08-18T10:35:00,2023-09-16T10:29:59,2100-12-01T00:00:00,0,0,800011083,0,0,0,0,0
11084,7201363,7211033,1,crow11084,3117045,0,0,0,0,0,0,1034,3,0,0,0,0,0,0,3,0,0,0,2023-08-18T10:35:00,2023-09-16T10:29:59,2100-12-01T00:00:00,0,0,800011084,0,0,0,0,0
11085,7201364,7211034,1,crow11085,3117046,0,0,0,0,0,0,1034,4,0,0,0,0,0,0,2,0,0,0,2023-08-18T10:35:00,2023-09-16T10:29:59,2100-12-01T00:00:00,0,0,800011085,0,0,0,0,0
11086,7201365,7210694,1,crow11086,3117047,0,0,0,0,0,0,1034,5,0,0,0,2,0,0,5,0,0,0,2023-08-18T10:35:00,2023-09-07T10:29:59,2100-12-01T00:00:00,0,0,800010466,0,0,0,0,0
11087,7201366,7210418,1,crow11087,3117048,0,0,0,0,0,0,1034,6,0,0,0,0,0,0,3,0,0,0,2023-08-18T10:35:00,2023-09-07T10:29:59,2100-12-01T00:00:00,0,0,800010229,0,0,0,0,0
11088,7201367,7211035,1,crow11088,3117049,0,0,0,0,0,0,1034,1,0,0,0,0,0,0,1,0,0,0,2023-08-18T10:35:00,2023-09-08T10:29:59,2100-12-01T00:00:00,0,0,800011088,0,0,0,0,0
11089,7201368,7211036,1,crow11089,3117050,0,0,0,0,0,0,1034,7,0,0,0,0,0,0,1,0,0,0,2023-08-18T10:35:00,2023-09-07T10:29:59,2100-12-01T00:00:00,0,0,800011089,0,0,0,0,0
11090,7201369,7210934,1,crow11090,3117051,0,0,0,0,0,0,1034,8,0,0,0,2,0,0,5,0,0,0,2023-08-18T10:35:00,2023-09-07T10:29:59,2100-12-01T00:00:00,0,0,800010904,0,0,0,0,0
11091,7201370,7211037,1,crow11091,3117052,0,0,0,0,0,0,1034,9,0,0,0,0,0,0,5,0,0,0,2023-08-18T10:35:00,2023-09-07T10:29:59,2100-12-01T00:00:00,0,0,800010171,0,0,0,0,0
11092,7201371,7210935,1,crow11092,3117053,0,0,0,0,0,0,1034,10,0,0,0,2,0,0,3,0,0,0,2023-08-18T10:35:00,2023-09-07T10:29:59,2100-12-01T00:00:00,0,0,800010175,0,0,0,0,0
11093,7201372,7210402,1,crow11093,3117054,0,0,0,0,0,0,1034,11,0,0,0,3,0,0,2,0,0,0,2023-08-18T10:35:00,2023-09-07T10:29:59,2100-12-01T00:00:00,0,0,800010219,0,0,0,0,0
11094,7201373,7211038,1,crow11094,3117055,0,0,0,0,0,0,1034,12,0,0,0,2,0,0,5,0,0,0,2023-08-18T10:35:00,2023-09-07T10:29:59,2100-12-01T00:00:00,0,0,800011094,0,0,0,0,0
11095,7201374,7211039,1,crow11095,3117056,0,0,0,0,0,0,1034,13,0,0,0,0,0,0,1,0,0,0,2023-08-18T10:35:00,2023-09-07T10:29:59,2100-12-01T00:00:00,0,0,800011095,0,0,0,0,0
11096,7201159,7211040,1,crow11096,3117057,0,0,0,0,0,0,1039,5,0,0,0,0,0,0,3,0,0,0,2023-08-18T10:35:00,2023-09-07T10:29:59,2100-12-01T00:00:00,0,0,800010852,0,0,0,0,0
11097,7201160,7211041,1,crow11097,3117058,0,0,0,0,0,0,1039,6,0,0,0,0,0,0,2,0,0,0,2023-08-18T10:35:00,2023-09-07T10:29:59,2100-12-01T00:00:00,0,0,800010851,0,0,0,0,0
11098,7201166,7210733,1,crow11098,3102986,0,0,0,0,0,0,1023,30,0,0,0,0,0,0,2,0,0,0,2023-08-24T10:35:00,2023-09-13T10:29:59,2100-12-01T00:00:00,0,0,800010253,0,0,0,0,0
11099,7200440,7210418,1,crow11099,3102871,0,0,0,0,0,0,1023,29,0,0,0,0,0,0,3,0,0,0,2023-08-24T10:35:00,2023-09-13T10:29:59,2100-12-01T00:00:00,0,0,800010229,0,0,0,0,0
11100,7201381,7210990,1,crow11100,0,0,0,0,0,0,0,1023,17,0,0,0,0,0,0,1,0,0,0,2023-08-24T10:35:00,2023-08-30T10:29:59,2100-12-01T00:00:00,0,0,800011027,0,0,0,0,0
11101,7201375,7210985,1,crow11101,3117059,0,0,0,0,0,0,1023,31,0,0,0,2,0,0,5,0,0,0,2023-08-24T10:35:00,2023-09-13T10:29:59,2100-12-01T00:00:00,0,0,800010239,0,0,0,0,0
11102,7201376,7210901,1,crow11102,3117060,0,0,0,0,0,0,1023,32,0,0,0,2,0,0,3,0,0,0,2023-08-24T10:35:00,2023-09-13T10:29:59,2100-12-01T00:00:00,0,0,800010472,0,0,0,0,0
11103,7201377,7210986,1,crow11103,3117061,0,0,0,0,0,0,1023,33,0,0,0,2,0,0,5,0,0,0,2023-08-24T10:35:00,2023-09-13T10:29:59,2100-12-01T00:00:00,0,0,800010535,0,0,0,0,0
11104,7201378,7211042,1,crow11104,3117062,0,0,0,0,0,0,1023,27,0,0,0,0,0,0,1,0,0,0,2023-08-24T10:35:00,2023-09-13T10:29:59,2100-12-01T00:00:00,0,0,800011104,0,0,0,0,0
11105,7201379,7211043,1,crow11105,3117063,0,0,0,0,0,0,1023,28,0,0,0,0,0,0,1,0,0,0,2023-08-24T10:35:00,2023-09-13T10:29:59,2100-12-01T00:00:00,0,0,800011105,0,0,0,0,0
11106,7201380,7211044,1,crow11106,3117064,0,0,0,0,0,0,1023,26,0,0,0,0,0,0,1,0,0,0,2023-08-24T10:35:00,2023-09-13T10:29:59,2100-12-01T00:00:00,0,0,800011106,0,0,0,0,0
11107,7200659,7210577,1,crow11107,3102873,0,0,0,0,0,0,1023,34,0,0,0,3,0,0,2,0,0,0,2023-08-24T10:35:00,2023-09-13T10:29:59,2100-12-01T00:00:00,0,0,800010406,0,0,0,0,0
11108,7201133,7211047,1,crow11108,3117069,0,0,0,0,0,0,1023,36,0,0,0,2,0,0,5,0,0,0,2023-08-24T10:35:00,2023-09-13T10:29:59,2100-12-01T00:00:00,0,0,800010766,0,0,0,0,0
11109,7201173,7210905,1,crow11109,3102880,0,0,0,0,0,0,1039,6,0,0,0,0,0,0,2,0,0,0,2023-08-24T10:35:00,2023-09-13T10:29:59,2100-12-01T00:00:00,0,0,800010865,0,0,0,0,0
11110,7201193,7211001,1,crow11110,3117007,0,0,0,0,0,0,1039,7,0,0,0,2,0,0,2,0,0,0,2023-08-24T10:35:00,2023-09-13T10:29:59,2100-12-01T00:00:00,0,0,800010890,0,0,0,0,0
11111,7201382,7211048,1,crow11111,3117070,0,0,0,0,0,0,1023,43,0,0,0,0,0,0,2,0,0,0,2023-08-31T10:35:00,2023-09-30T10:29:59,2100-12-01T00:00:00,0,0,800011111,0,0,0,0,0
11112,7201383,7211049,1,crow11112,3117071,0,0,0,0,0,0,1023,44,0,0,0,0,0,0,2,0,0,0,2023-08-31T10:35:00,2023-09-30T10:29:59,2100-12-01T00:00:00,0,0,800011112,0,0,0,0,0
11113,7201384,7211050,1,crow11113,3117072,0,0,0,0,0,0,1023,45,0,0,0,0,0,0,2,0,0,0,2023-08-31T10:35:00,2023-09-30T10:29:59,2100-12-01T00:00:00,0,0,800011113,0,0,0,0,0
11114,7201385,7210226,1,crow11114,0,0,0,0,0,0,0,1023,15,0,0,0,0,0,0,1,0,0,0,2023-08-31T10:35:00,2023-09-14T10:29:59,2100-12-01T00:00:00,0,0,800010077,0,0,0,0,0
11115,7201386,7210418,1,crow11115,3117073,0,0,0,0,0,0,1023,33,0,0,0,0,0,0,2,0,0,0,2023-08-31T10:35:00,2023-09-20T10:29:59,2100-12-01T00:00:00,0,0,800010229,0,0,0,0,0
11116,7201387,7210853,1,crow11116,3117074,0,0,0,0,0,0,1023,34,0,0,0,0,0,0,1,0,0,0,2023-08-31T10:35:00,2023-09-20T10:29:59,2100-12-01T00:00:00,0,0,800010733,0,0,0,0,0
11117,7201388,7210934,1,crow11117,3117075,0,0,0,0,0,0,1023,35,0,0,0,2,0,0,5,0,0,0,2023-08-31T10:35:00,2023-09-20T10:29:59,2100-12-01T00:00:00,0,0,800010904,0,0,0,0,0
11118,7201389,7210816,1,crow11118,3117076,0,0,0,0,0,0,1023,36,0,0,0,0,0,0,3,0,0,0,2023-08-31T10:35:00,2023-09-20T10:29:59,2100-12-01T00:00:00,0,0,800010171,0,0,0,0,0
11119,7201390,7210935,1,crow11119,3117077,0,0,0,0,0,0,1023,37,0,0,0,2,0,0,3,0,0,0,2023-08-31T10:35:00,2023-09-20T10:29:59,2100-12-01T00:00:00,0,0,800010175,0,0,0,0,0
11120,7201391,7210890,1,crow11120,3117078,0,0,0,0,0,0,1023,38,0,0,0,3,0,0,3,0,0,0,2023-08-31T10:35:00,2023-09-20T10:29:59,2100-12-01T00:00:00,0,0,800010438,0,0,0,0,0
11121,7201392,7210402,1,crow11121,3117079,0,0,0,0,0,0,1023,39,0,0,0,3,0,0,2,0,0,0,2023-08-31T10:35:00,2023-09-20T10:29:59,2100-12-01T00:00:00,0,0,800010219,0,0,0,0,0
11122,7201393,7211051,1,crow11122,3117080,0,0,0,0,0,0,1023,27,0,0,0,0,0,0,1,0,0,0,2023-08-31T10:35:00,2023-09-20T10:29:59,2100-12-01T00:00:00,0,0,800011122,0,0,0,0,0
11123,7201394,7211052,1,crow11123,3117081,0,0,0,0,0,0,1023,28,0,0,0,0,0,0,1,0,0,0,2023-08-31T10:35:00,2023-09-20T10:29:59,2100-12-01T00:00:00,0,0,800011123,0,0,0,0,0
11124,7201174,7211053,1,crow11124,3117082,0,0,0,0,0,0,1039,6,0,0,0,0,0,0,3,0,0,0,2023-08-31T10:35:00,2023-09-20T10:29:59,2100-12-01T00:00:00,0,0,800010866,0,0,0,0,0
11125,7201172,7210976,1,crow11125,3102966,0,0,0,0,0,0,1039,7,0,0,0,0,0,0,3,0,0,0,2023-08-31T10:35:00,2023-09-20T10:29:59,2100-12-01T00:00:00,0,0,800010864,0,0,0,0,0
11126,7201401,7210694,1,crow11126,3117083,0,0,0,0,0,0,1023,29,0,0,0,2,0,0,5,0,0,0,2023-09-08T10:35:00,2023-09-28T10:29:59,2100-12-01T00:00:00,0,0,800010466,0,0,0,0,0
11127,7201402,7210418,1,crow11127,3117084,0,0,0,0,0,0,1023,30,0,0,0,0,0,0,3,0,0,0,2023-09-08T10:35:00,2023-09-28T10:29:59,2100-12-01T00:00:00,0,0,800010229,0,0,0,0,0
11128,7201403,7211060,1,crow11128,3117085,0,0,0,0,0,0,1023,17,0,0,0,0,0,0,1,0,0,0,2023-09-08T10:35:00,2023-09-21T10:29:59,2100-12-01T00:00:00,0,0,800010153,0,0,0,0,0
11129,7201404,7211061,1,crow11129,3117086,0,0,0,0,0,0,1023,18,0,0,0,0,0,0,1,0,0,0,2023-09-08T10:35:00,2023-09-21T10:29:59,2100-12-01T00:00:00,0,0,800010270,0,0,0,0,0
11130,7201405,7210985,1,crow11130,3117087,0,0,0,0,0,0,1023,31,0,0,0,2,0,0,5,0,0,0,2023-09-08T10:35:00,2023-09-28T10:29:59,2100-12-01T00:00:00,0,0,800010239,0,0,0,0,0
11131,7201406,7210901,1,crow11131,3117088,0,0,0,0,0,0,1023,32,0,0,0,2,0,0,3,0,0,0,2023-09-08T10:35:00,2023-09-28T10:29:59,2100-12-01T00:00:00,0,0,800010472,0,0,0,0,0
11132,7201407,7210986,1,crow11132,3117089,0,0,0,0,0,0,1023,33,0,0,0,2,0,0,5,0,0,0,2023-09-08T10:35:00,2023-09-28T10:29:59,2100-12-01T00:00:00,0,0,800010535,0,0,0,0,0
11133,7201408,7210810,1,crow11133,3117090,0,0,0,0,0,0,1023,34,0,0,0,0,0,0,2,0,0,0,2023-09-08T10:35:00,2023-09-28T10:29:59,2100-12-01T00:00:00,0,0,800010714,0,0,0,0,0
11134,7201133,7210844,1,crow11134,3102815,0,0,0,0,0,0,1023,35,0,0,0,2,0,0,5,0,0,0,2023-09-08T10:35:00,2023-09-28T10:29:59,2100-12-01T00:00:00,0,0,800010766,0,0,0,0,0
11135,7201409,7211062,1,crow11135,3117091,0,0,0,0,0,0,1023,36,0,0,0,0,0,0,1,0,0,0,2023-09-08T10:35:00,2023-09-28T10:29:59,2100-12-01T00:00:00,0,0,800011135,0,0,0,0,0
11136,7201410,7211063,1,crow11136,3117092,0,0,0,0,0,0,1023,27,0,0,0,0,0,0,1,0,0,0,2023-09-08T10:35:00,2023-09-28T10:29:59,2100-12-01T00:00:00,0,0,800011136,0,0,0,0,0
11137,7201280,7210974,1,crow11137,3102962,0,0,0,0,0,0,1023,28,0,0,0,0,0,0,2,0,0,0,2023-09-08T10:35:00,2023-09-28T10:29:59,2100-12-01T00:00:00,0,0,800010428,0,0,0,0,0
11138,7201159,7211040,1,crow11138,3117057,0,0,0,0,0,0,1039,5,0,0,0,0,0,0,3,0,0,0,2023-09-08T10:35:00,2023-09-28T10:29:59,2100-12-01T00:00:00,0,0,800010852,0,0,0,0,0
11139,7201240,7210949,1,crow11139,3102928,0,0,0,0,0,0,1039,6,0,0,0,0,0,0,1,0,0,0,2023-09-08T10:35:00,2023-09-28T10:29:59,2100-12-01T00:00:00,0,0,800010941,0,0,0,0,0
11140,7201241,7210950,1,crow11140,3102929,0,0,0,0,0,0,1039,7,0,0,0,0,0,0,1,0,0,0,2023-09-08T10:35:00,2023-09-28T10:29:59,2100-12-01T00:00:00,0,0,800010942,0,0,0,0,0
11141,7201412,7211065,1,crow11141,3117093,0,0,0,0,0,0,1023,46,0,0,0,0,0,0,2,0,0,0,2023-09-15T10:35:00,2023-10-15T10:29:59,2100-12-01T00:00:00,0,0,800011141,0,0,0,0,0
11142,7201413,7211066,1,crow11142,3117094,0,0,0,0,0,0,1023,47,0,0,0,0,0,0,2,0,0,0,2023-09-15T10:35:00,2023-10-15T10:29:59,2100-12-01T00:00:00,0,0,800011142,0,0,0,0,0
11143,7201414,7211067,1,crow11143,3117095,0,0,0,0,0,0,1023,48,0,0,0,0,0,0,2,0,0,0,2023-09-15T10:35:00,2023-10-15T10:29:59,2100-12-01T00:00:00,0,0,800011143,0,0,0,0,0
11144,7201415,7210238,1,crow11144,3117096,0,0,0,0,0,0,1023,33,0,0,0,0,0,0,4,0,0,0,2023-09-15T10:35:00,2023-10-05T10:29:59,2100-12-01T00:00:00,0,0,800010012,0,0,0,0,0
11145,7200386,7210418,1,crow11145,3102891,0,0,0,0,0,0,1023,34,0,0,0,0,0,0,3,0,0,0,2023-09-15T10:35:00,2023-10-05T10:29:59,2100-12-01T00:00:00,0,0,800010229,0,0,0,0,0
11146,7201416,7210853,1,crow11146,3117097,0,0,0,0,0,0,1023,35,0,0,0,0,0,0,1,0,0,0,2023-09-15T10:35:00,2023-10-05T10:29:59,2100-12-01T00:00:00,0,0,800010733,0,0,0,0,0
11147,7201417,7210934,1,crow11147,3117098,0,0,0,0,0,0,1023,36,0,0,0,2,0,0,5,0,0,0,2023-09-15T10:35:00,2023-10-05T10:29:59,2100-12-01T00:00:00,0,0,800010904,0,0,0,0,0
11148,7201418,7210816,1,crow11148,3117099,0,0,0,0,0,0,1023,37,0,0,0,0,0,0,3,0,0,0,2023-09-15T10:35:00,2023-10-05T10:29:59,2100-12-01T00:00:00,0,0,800010171,0,0,0,0,0
11149,7201419,7210935,1,crow11149,3117100,0,0,0,0,0,0,1023,38,0,0,0,2,0,0,3,0,0,0,2023-09-15T10:35:00,2023-10-05T10:29:59,2100-12-01T00:00:00,0,0,800010175,0,0,0,0,0
11150,7201420,7210997,1,crow11150,3117101,0,0,0,0,0,0,1023,39,0,0,0,0,0,0,2,0,0,0,2023-09-15T10:35:00,2023-10-05T10:29:59,2100-12-01T00:00:00,0,0,800011037,0,0,0,0,0
11151,7201421,7211068,1,crow11151,3117102,0,0,0,0,0,0,1023,40,0,0,0,0,0,0,1,0,0,0,2023-09-15T10:35:00,2023-10-05T10:29:59,2100-12-01T00:00:00,0,0,800011151,0,0,0,0,0
11152,7201422,7210640,1,crow11152,3117103,0,0,0,0,0,0,1023,41,0,0,0,0,0,0,1,0,0,0,2023-09-15T10:35:00,2023-10-05T10:29:59,2100-12-01T00:00:00,0,0,800011152,0,0,0,0,0
11153,7201423,7211070,1,crow11153,3117104,0,0,0,0,0,0,1023,42,0,0,0,0,0,0,1,0,0,0,2023-09-15T10:35:00,2023-10-05T10:29:59,2100-12-01T00:00:00,0,0,800011153,0,0,0,0,0
11154,7201193,7211001,1,crow11154,3117007,0,0,0,0,0,0,1039,5,0,0,0,2,0,0,2,0,0,0,2023-09-15T10:35:00,2023-10-05T10:29:59,2100-12-01T00:00:00,0,0,800010890,0,0,0,0,0
11155,7201160,7211041,1,crow11155,3117058,0,0,0,0,0,0,1039,6,0,0,0,0,0,0,2,0,0,0,2023-09-15T10:35:00,2023-10-05T10:29:59,2100-12-01T00:00:00,0,0,800010851,0,0,0,0,0
11156,7201411,7211064,1,0,3104009,0,0,0,0,0,0,1004,1,0,0,0,0,0,0,10,0,0,0,2023-09-08T10:35:00,2023-09-17T10:29:59,2100-12-01T00:00:00,0,0,710000148,0,0,0,0,0
11157,7201424,7211071,1,crow11157,3117105,0,0,0,0,0,0,1023,45,0,0,0,0,0,0,1,0,0,0,2023-09-15T10:35:00,2023-10-15T10:29:59,2100-12-01T00:00:00,0,0,800010355,0,0,0,0,0
11158,7201166,7210733,1,crow11158,3102844,0,0,0,0,0,0,1023,33,0,0,0,0,0,0,2,0,0,0,2023-09-22T10:35:00,2023-10-12T10:29:59,2100-12-01T00:00:00,0,0,800010253,0,0,0,0,0
11159,7201112,7210418,1,crow11159,3102780,0,0,0,0,0,0,1023,34,0,0,0,0,0,0,3,0,0,0,2023-09-22T10:35:00,2023-10-12T10:29:59,2100-12-01T00:00:00,0,0,800010229,0,0,0,0,0
11160,7201426,7210985,1,crow11160,3117106,0,0,0,0,0,0,1023,35,0,0,0,2,0,0,5,0,0,0,2023-09-22T10:35:00,2023-10-12T10:29:59,2100-12-01T00:00:00,0,0,800010239,0,0,0,0,0
11161,7201115,7210901,1,crow11161,3102934,0,0,0,0,0,0,1023,36,0,0,0,2,0,0,3,0,0,0,2023-09-22T10:35:00,2023-10-12T10:29:59,2100-12-01T00:00:00,0,0,800010472,0,0,0,0,0
11162,7201116,7210986,1,crow11162,3117111,0,0,0,0,0,0,1023,37,0,0,0,2,0,0,5,0,0,0,2023-09-22T10:35:00,2023-10-12T10:29:59,2100-12-01T00:00:00,0,0,800010535,0,0,0,0,0
11163,7201117,7210810,1,crow11163,3102787,0,0,0,0,0,0,1023,38,0,0,0,0,0,0,2,0,0,0,2023-09-22T10:35:00,2023-10-12T10:29:59,2100-12-01T00:00:00,0,0,800010714,0,0,0,0,0
11164,7201427,7211073,1,crow11164,3117107,0,0,0,0,0,0,1023,39,0,0,0,0,0,0,1,0,0,0,2023-09-22T10:35:00,2023-10-12T10:29:59,2100-12-01T00:00:00,0,0,800011164,0,0,0,0,0
11165,7200940,7211013,1,crow11165,3117020,0,0,0,0,0,0,1023,40,0,0,0,0,0,0,1,0,0,0,2023-09-22T10:35:00,2023-10-12T10:29:59,2100-12-01T00:00:00,0,0,800010635,0,0,0,0,0
11166,7201174,7211053,1,crow11166,3117082,0,0,0,0,0,0,1039,5,0,0,0,0,0,0,3,0,0,0,2023-09-22T10:35:00,2023-10-12T10:29:59,2100-12-01T00:00:00,0,0,800010866,0,0,0,0,0
11167,7201172,7210976,1,crow11167,3102966,0,0,0,0,0,0,1039,6,0,0,0,0,0,0,3,0,0,0,2023-09-22T10:35:00,2023-10-12T10:29:59,2100-12-01T00:00:00,0,0,800010864,0,0,0,0,0
11168,7201428,7211074,1,crow11168,3117108,0,0,0,0,0,0,1023,42,0,0,0,0,0,0,3,0,0,0,2023-09-22T10:35:00,2023-10-15T23:59:59,2100-12-01T00:00:00,0,0,800011168,0,0,0,0,0
11169,7201429,7211075,1,crow11169,3117109,0,0,0,0,0,0,1023,43,0,0,0,0,0,0,3,0,0,0,2023-09-22T10:35:00,2023-10-15T23:59:59,2100-12-01T00:00:00,0,0,800011169,0,0,0,0,0
11170,7201430,7211076,1,crow11170,3117110,0,0,0,0,0,0,1023,44,0,0,0,0,0,0,2,0,0,0,2023-09-22T10:35:00,2023-10-15T23:59:59,2100-12-01T00:00:00,0,0,800011170,0,0,0,0,0
11171,7201425,7211072,1,0,3104010,0,0,0,0,0,0,1004,8,0,0,0,2,0,0,1,0,0,0,2023-09-15T10:35:00,2100-12-31T00:00:00,2100-12-01T00:00:00,0,0,710000151,0,0,0,0,0
11172,7201431,7211077,1,crow11172,3117112,0,0,0,0,0,0,1023,50,0,0,0,0,0,0,2,0,0,0,2023-09-29T10:35:00,2023-10-29T10:29:59,2100-12-01T00:00:00,0,0,800011172,0,0,0,0,0
11173,7201432,7211078,1,crow11173,3117113,0,0,0,0,0,0,1023,51,0,0,0,0,0,0,2,0,0,0,2023-09-29T10:35:00,2023-10-29T10:29:59,2100-12-01T00:00:00,0,0,800011173,0,0,0,0,0
11174,7201433,7211079,1,crow11174,3117114,0,0,0,0,0,0,1023,52,0,0,0,0,0,0,2,0,0,0,2023-09-29T10:35:00,2023-10-29T10:29:59,2100-12-01T00:00:00,0,0,800011174,0,0,0,0,0
11175,7201434,7210418,1,crow11175,3117115,0,0,0,0,0,0,1023,42,0,0,0,0,0,0,2,0,0,0,2023-09-29T10:35:00,2023-10-19T10:29:59,2100-12-01T00:00:00,0,0,800010229,0,0,0,0,0
11176,7201435,7210853,1,crow11176,3117116,0,0,0,0,0,0,1023,43,0,0,0,0,0,0,1,0,0,0,2023-09-29T10:35:00,2023-10-19T10:29:59,2100-12-01T00:00:00,0,0,800010733,0,0,0,0,0
11177,7201436,7210934,1,crow11177,3117117,0,0,0,0,0,0,1023,44,0,0,0,2,0,0,5,0,0,0,2023-09-29T10:35:00,2023-10-19T10:29:59,2100-12-01T00:00:00,0,0,800010904,0,0,0,0,0
11178,7201437,7210816,1,crow11178,3117118,0,0,0,0,0,0,1023,45,0,0,0,0,0,0,3,0,0,0,2023-09-29T10:35:00,2023-10-19T10:29:59,2100-12-01T00:00:00,0,0,800010171,0,0,0,0,0
11179,7201438,7210935,1,crow11179,3117119,0,0,0,0,0,0,1023,46,0,0,0,2,0,0,3,0,0,0,2023-09-29T10:35:00,2023-10-19T10:29:59,2100-12-01T00:00:00,0,0,800010175,0,0,0,0,0
11180,7201439,7210890,1,crow11180,3117120,0,0,0,0,0,0,1023,47,0,0,0,3,0,0,3,0,0,0,2023-09-29T10:35:00,2023-10-19T10:29:59,2100-12-01T00:00:00,0,0,800010438,0,0,0,0,0
11181,7201440,7210402,1,crow11181,3117121,0,0,0,0,0,0,1023,48,0,0,0,3,0,0,2,0,0,0,2023-09-29T10:35:00,2023-10-19T10:29:59,2100-12-01T00:00:00,0,0,800010219,0,0,0,0,0
11182,7201441,7211080,1,crow11182,3117122,0,0,0,0,0,0,1023,49,0,0,0,0,0,0,1,0,0,0,2023-09-29T10:35:00,2023-10-19T10:29:59,2100-12-01T00:00:00,0,0,800011183,0,0,0,0,0
11183,7201442,7211081,1,crow11183,3117123,0,0,0,0,0,0,1023,39,0,0,0,0,0,0,2,0,0,0,2023-09-29T10:35:00,2023-10-19T10:29:59,2100-12-01T00:00:00,0,0,800011182,0,0,0,0,0
11184,7201267,7210963,1,crow11184,3102955,0,0,0,0,0,0,1023,41,0,0,0,0,0,0,2,0,0,0,2023-09-29T10:35:00,2023-10-19T10:29:59,2100-12-01T00:00:00,0,0,800010976,0,0,0,0,0
11185,7201443,7211028,1,crow11185,3117124,0,0,0,0,0,0,1023,40,0,0,0,0,0,0,2,0,0,0,2023-09-29T10:35:00,2023-10-19T10:29:59,2100-12-01T00:00:00,0,0,800011079,0,0,0,0,0
11186,7201159,7211040,1,crow11186,3117057,0,0,0,0,0,0,1039,8,0,0,0,0,0,0,3,0,0,0,2023-09-29T10:35:00,2023-10-19T10:29:59,2100-12-01T00:00:00,0,0,800010852,0,0,0,0,0
11187,7201173,7210905,1,crow11187,3102880,0,0,0,0,0,0,1039,9,0,0,0,0,0,0,2,0,0,0,2023-09-29T10:35:00,2023-10-19T10:29:59,2100-12-01T00:00:00,0,0,800010865,0,0,0,0,0
11188,7201444,7210226,1,crow11188,0,0,0,0,0,0,0,1023,35,0,0,0,0,0,0,1,0,0,0,2023-09-29T10:35:00,2023-10-19T10:29:59,2100-12-01T00:00:00,0,0,800010077,0,0,0,0,0
11189,7201074,7210694,1,crow11189,3102745,0,0,0,0,0,0,1023,39,0,0,0,2,0,0,5,0,0,0,2023-10-06T10:35:00,2023-10-26T10:29:59,2100-12-01T00:00:00,0,0,800010466,0,0,0,0,0
11190,7201075,7210418,1,crow11190,3102746,0,0,0,0,0,0,1023,40,0,0,0,0,0,0,3,0,0,0,2023-10-06T10:35:00,2023-10-26T10:29:59,2100-12-01T00:00:00,0,0,800010229,0,0,0,0,0
11191,7201449,7211015,1,crow11191,3117125,0,0,0,0,0,0,1023,37,0,0,0,0,0,0,2,0,0,0,2023-10-06T10:35:00,2023-10-26T10:29:59,2100-12-01T00:00:00,0,0,800011060,0,0,0,0,0
11192,7201450,7210985,1,crow11192,3117126,0,0,0,0,0,0,1023,41,0,0,0,2,0,0,5,0,0,0,2023-10-06T10:35:00,2023-10-26T10:29:59,2100-12-01T00:00:00,0,0,800010239,0,0,0,0,0
11193,7201277,7210901,1,crow11193,3102958,0,0,0,0,0,0,1023,42,0,0,0,2,0,0,3,0,0,0,2023-10-06T10:35:00,2023-10-26T10:29:59,2100-12-01T00:00:00,0,0,800010472,0,0,0,0,0
11194,7201080,7210986,1,crow11194,3117127,0,0,0,0,0,0,1023,43,0,0,0,2,0,0,5,0,0,0,2023-10-06T10:35:00,2023-10-26T10:29:59,2100-12-01T00:00:00,0,0,800010535,0,0,0,0,0
11195,7201278,7210810,1,crow11195,3102960,0,0,0,0,0,0,1023,44,0,0,0,0,0,0,2,0,0,0,2023-10-06T10:35:00,2023-10-26T10:29:59,2100-12-01T00:00:00,0,0,800010714,0,0,0,0,0
11196,7201171,7210903,1,crow11196,3102849,0,0,0,0,0,0,1023,45,0,0,0,0,0,0,2,0,0,0,2023-10-06T10:35:00,2023-10-26T10:29:59,2100-12-01T00:00:00,0,0,800010863,0,0,0,0,0
11197,7201084,7210486,1,crow11197,3102756,0,0,0,0,0,0,1023,46,0,0,0,0,0,0,1,0,0,0,2023-10-06T10:35:00,2023-10-26T10:29:59,2100-12-01T00:00:00,0,0,800010584,0,0,0,0,0
11198,7201085,7210975,1,crow11198,3102963,0,0,0,0,0,0,1023,48,0,0,0,2,0,0,3,0,0,0,2023-10-06T10:35:00,2023-10-26T10:29:59,2100-12-01T00:00:00,0,0,800010146,0,0,0,0,0
11199,7201193,7211001,1,crow11199,3117007,0,0,0,0,0,0,1039,9,0,0,0,2,0,0,2,0,0,0,2023-10-06T10:35:00,2023-10-26T10:29:59,2100-12-01T00:00:00,0,0,800010890,0,0,0,0,0
11200,7201160,7211041,1,crow11200,3117058,0,0,0,0,0,0,1039,10,0,0,0,0,0,0,2,0,0,0,2023-10-06T10:35:00,2023-10-26T10:29:59,2100-12-01T00:00:00,0,0,800010851,0,0,0,0,0
11201,7201452,7210956,1,crow11201,3117135,0,0,0,0,0,0,1023,38,0,0,0,0,0,0,2,0,0,0,2023-10-06T10:35:00,2023-10-26T10:29:59,2100-12-01T00:00:00,0,0,800010956,0,0,0,0,0
11202,7201453,7210957,1,crow11202,3117136,0,0,0,0,0,0,1039,8,0,0,0,0,0,0,1,0,0,0,2023-10-06T10:35:00,2023-10-26T10:29:59,2100-12-01T00:00:00,0,0,800010959,0,0,0,0,0
11203,7201456,7211088,1,crow11203_1,3117134,0,0,0,0,0,0,1025,105,0,0,0,0,0,0,1,0,0,0,2023-10-06T10:35:00,2026-08-28T10:29:59,2100-12-01T00:00:00,320,0,800011203,0,0,0,0,0
11204,7201457,7211089,1,crow11204,3117137,0,0,0,0,0,0,1023,40,0,0,0,0,0,0,2,0,0,0,2023-10-13T10:35:00,2023-11-12T10:29:59,2100-12-01T00:00:00,0,0,800011204,0,0,0,0,0
11205,7201458,7211090,1,crow11205,3117138,0,0,0,0,0,0,1023,41,0,0,0,0,0,0,2,0,0,0,2023-10-13T10:35:00,2023-11-12T10:29:59,2100-12-01T00:00:00,0,0,800011205,0,0,0,0,0
11206,7201459,7211091,1,crow11206,3117139,0,0,0,0,0,0,1023,42,0,0,0,0,0,0,2,0,0,0,2023-10-13T10:35:00,2023-11-12T10:29:59,2100-12-01T00:00:00,0,0,800011206,0,0,0,0,0
11207,7201460,7211094,1,crow11207,3117140,0,0,0,0,0,0,1023,39,0,0,0,0,0,0,1,0,0,0,2023-10-13T10:35:00,2023-11-12T10:29:59,2100-12-01T00:00:00,0,0,800010234,0,0,0,0,0
11208,7201461,7210418,1,crow11208,3117141,0,0,0,0,0,0,1023,43,0,0,0,0,0,0,3,0,0,0,2023-10-13T10:35:00,2023-11-02T10:29:59,2100-12-01T00:00:00,0,0,800010229,0,0,0,0,0
11209,7201462,7211015,1,crow11209,3117142,0,0,0,0,0,0,1023,44,0,0,0,0,0,0,1,0,0,0,2023-10-13T10:35:00,2023-11-02T10:29:59,2100-12-01T00:00:00,0,0,800011060,0,0,0,0,0
11210,7201463,7210853,1,crow11210,3117143,0,0,0,0,0,0,1023,45,0,0,0,0,0,0,1,0,0,0,2023-10-13T10:35:00,2023-11-02T10:29:59,2100-12-01T00:00:00,0,0,800010733,0,0,0,0,0
11211,7201464,7210934,1,crow11211,3117144,0,0,0,0,0,0,1023,46,0,0,0,2,0,0,5,0,0,0,2023-10-13T10:35:00,2023-11-02T10:29:59,2100-12-01T00:00:00,0,0,800010904,0,0,0,0,0
11212,7201465,7210816,1,crow11212,3117145,0,0,0,0,0,0,1023,47,0,0,0,0,0,0,3,0,0,0,2023-10-13T10:35:00,2023-11-02T10:29:59,2100-12-01T00:00:00,0,0,800010171,0,0,0,0,0
11213,7201466,7210935,1,crow11213,3117146,0,0,0,0,0,0,1023,48,0,0,0,2,0,0,3,0,0,0,2023-10-13T10:35:00,2023-11-02T10:29:59,2100-12-01T00:00:00,0,0,800010175,0,0,0,0,0
11214,7201467,7210997,1,crow11214,3117147,0,0,0,0,0,0,1023,49,0,0,0,0,0,0,2,0,0,0,2023-10-13T10:35:00,2023-11-02T10:29:59,2100-12-01T00:00:00,0,0,800011037,0,0,0,0,0
11215,7201468,7211092,1,crow11215,3117148,0,0,0,0,0,0,1023,37,0,0,0,0,0,0,1,0,0,0,2023-10-13T10:35:00,2023-11-02T10:29:59,2100-12-01T00:00:00,0,0,800011215,0,0,0,0,0
11216,7201131,7211093,1,crow11216,3117149,0,0,0,0,0,0,1023,38,0,0,0,0,0,0,1,0,0,0,2023-10-13T10:35:00,2023-11-02T10:29:59,2100-12-01T00:00:00,0,0,800011216,0,0,0,0,0
11217,7201469,7211029,1,crow11217,3117150,0,0,0,0,0,0,1039,8,0,0,0,0,0,0,1,0,0,0,2023-10-13T10:35:00,2023-11-02T10:29:59,2100-12-01T00:00:00,0,0,800011080,0,0,0,0,0
11218,7201470,7211030,1,crow11218,3117151,0,0,0,0,0,0,1039,9,0,0,0,0,0,0,1,0,0,0,2023-10-13T10:35:00,2023-11-02T10:29:59,2100-12-01T00:00:00,0,0,800011081,0,0,0,0,0
11219,7201297,7210694,1,crow11219,3102984,0,0,0,0,0,0,1023,30,0,0,0,2,0,0,5,0,0,0,2023-10-18T10:35:00,2023-11-07T10:29:59,2100-12-01T00:00:00,0,0,800010466,0,0,0,0,0
11220,7201298,7210418,1,crow11220,3102985,0,0,0,0,0,0,1023,31,0,0,0,0,0,0,3,0,0,0,2023-10-18T10:35:00,2023-11-07T10:29:59,2100-12-01T00:00:00,0,0,800010229,0,0,0,0,0
11221,7201166,7210733,1,crow11221,3102844,0,0,0,0,0,0,1023,32,0,0,0,0,0,0,2,0,0,0,2023-10-18T10:35:00,2023-11-07T10:29:59,2100-12-01T00:00:00,0,0,800010253,0,0,0,0,0
11222,7201381,7210990,1,crow11222,0,0,0,0,0,0,0,1023,16,0,0,0,0,0,0,1,0,0,0,2023-10-18T10:35:00,2023-10-23T10:29:59,2100-12-01T00:00:00,0,0,800011027,0,0,0,0,0
11223,7201299,7210985,1,crow11223,3102987,0,0,0,0,0,0,1023,33,0,0,0,2,0,0,5,0,0,0,2023-10-18T10:35:00,2023-11-07T10:29:59,2100-12-01T00:00:00,0,0,800010239,0,0,0,0,0
11224,7201300,7210901,1,crow11224,3102988,0,0,0,0,0,0,1023,34,0,0,0,2,0,0,3,0,0,0,2023-10-18T10:35:00,2023-11-07T10:29:59,2100-12-01T00:00:00,0,0,800010472,0,0,0,0,0
11225,7201301,7210986,1,crow11225,3102989,0,0,0,0,0,0,1023,35,0,0,0,2,0,0,5,0,0,0,2023-10-18T10:35:00,2023-11-07T10:29:59,2100-12-01T00:00:00,0,0,800010535,0,0,0,0,0
11226,7201302,7210810,1,crow11226,3102990,0,0,0,0,0,0,1023,36,0,0,0,0,0,0,2,0,0,0,2023-10-18T10:35:00,2023-11-07T10:29:59,2100-12-01T00:00:00,0,0,800010714,0,0,0,0,0
11227,7201471,7211095,1,crow11227,3117152,0,0,0,0,0,0,1023,15,0,0,0,0,0,0,1,0,0,0,2023-10-18T10:35:00,2023-10-27T10:29:59,2100-12-01T00:00:00,0,0,800011227,0,0,0,0,0
11228,7201174,7211053,1,crow11228,3117082,0,0,0,0,0,0,1039,6,0,0,0,0,0,0,3,0,0,0,2023-10-18T10:35:00,2023-11-07T10:29:59,2100-12-01T00:00:00,0,0,800010866,0,0,0,0,0
11229,7201173,7210905,1,crow11229,3102880,0,0,0,0,0,0,1039,7,0,0,0,0,0,0,2,0,0,0,2023-10-18T10:35:00,2023-11-07T10:29:59,2100-12-01T00:00:00,0,0,800010865,0,0,0,0,0
11230,7201472,7211096,1,crow11230,3117153,0,0,0,0,0,0,1023,19,0,0,0,0,0,0,2,0,0,0,2023-10-24T10:35:00,2023-11-23T10:29:59,2100-12-01T00:00:00,0,0,800011230,0,0,0,0,0
11231,7201473,7211097,1,crow11231,3117154,0,0,0,0,0,0,1023,20,0,0,0,0,0,0,2,0,0,0,2023-10-24T10:35:00,2023-11-23T10:29:59,2100-12-01T00:00:00,0,0,800011231,0,0,0,0,0
11232,7201474,7211098,1,crow11232,3117155,0,0,0,0,0,0,1023,21,0,0,0,0,0,0,2,0,0,0,2023-10-24T10:35:00,2023-11-23T10:29:59,2100-12-01T00:00:00,0,0,800011232,0,0,0,0,0
11233,7201475,7211099,1,crow11233,3117156,0,0,0,0,0,0,1023,22,0,0,0,0,0,0,1,0,0,0,2023-10-24T10:35:00,2023-11-23T10:29:59,2100-12-01T00:00:00,0,0,800010153,0,0,0,0,0
11234,7201476,7210418,1,crow11234,3117157,0,0,0,0,0,0,1023,24,0,0,0,0,0,0,3,0,0,0,2023-10-24T10:35:00,2023-11-13T10:29:59,2100-12-01T00:00:00,0,0,800010229,0,0,0,0,0
11235,7201477,7210853,1,crow11235,3117158,0,0,0,0,0,0,1023,25,0,0,0,0,0,0,1,0,0,0,2023-10-24T10:35:00,2023-11-13T10:29:59,2100-12-01T00:00:00,0,0,800010733,0,0,0,0,0
11236,7201478,7210934,1,crow11236,3117159,0,0,0,0,0,0,1023,26,0,0,0,2,0,0,5,0,0,0,2023-10-24T10:35:00,2023-11-13T10:29:59,2100-12-01T00:00:00,0,0,800010904,0,0,0,0,0
11237,7201479,7210816,1,crow11237,3117160,0,0,0,0,0,0,1023,27,0,0,0,0,0,0,3,0,0,0,2023-10-24T10:35:00,2023-11-13T10:29:59,2100-12-01T00:00:00,0,0,800010171,0,0,0,0,0
11238,7201480,7210935,1,crow11238,3117161,0,0,0,0,0,0,1023,28,0,0,0,2,0,0,3,0,0,0,2023-10-24T10:35:00,2023-11-13T10:29:59,2100-12-01T00:00:00,0,0,800010175,0,0,0,0,0
11239,7201481,7210997,1,crow11239,3117162,0,0,0,0,0,0,1023,29,0,0,0,0,0,0,2,0,0,0,2023-10-24T10:35:00,2023-11-13T10:29:59,2100-12-01T00:00:00,0,0,800011037,0,0,0,0,0
11240,7201482,7211100,1,crow11240,3117163,0,0,0,0,0,0,1023,23,0,0,0,0,0,0,2,0,0,0,2023-10-24T10:35:00,2023-11-13T10:29:59,2100-12-01T00:00:00,0,0,800010635,0,0,0,0,0
11241,7201159,7211040,1,crow11241,3117057,0,0,0,0,0,0,1039,7,0,0,0,0,0,0,3,0,0,0,2023-10-24T10:35:00,2023-11-13T10:29:59,2100-12-01T00:00:00,0,0,800010852,0,0,0,0,0
11242,7201157,7211101,1,crow11242,3117164,0,0,0,0,0,0,1039,6,0,0,0,0,0,0,1,0,0,0,2023-10-24T10:35:00,2023-11-13T10:29:59,2100-12-01T00:00:00,0,0,800010928,0,0,0,0,0
11243,7201191,7211102,1,crow11243,3117165,0,0,0,0,0,0,1039,5,0,0,0,0,0,0,2,0,0,0,2023-10-24T10:35:00,2023-11-13T10:29:59,2100-12-01T00:00:00,0,0,800010882,0,0,0,0,0
11244,7201307,7211106,1,crow11244,3117172,0,0,0,0,0,0,1023,16,0,0,0,0,0,0,10,0,0,0,2023-10-30T10:35:00,2023-12-07T10:29:59,2100-12-01T00:00:00,0,0,800011244,0,0,0,0,0
11245,7201308,7211107,1,crow11245,3117173,0,0,0,0,0,0,1023,17,0,0,0,0,0,0,10,0,0,0,2023-10-30T10:35:00,2023-12-07T10:29:59,2100-12-01T00:00:00,0,0,800011245,0,0,0,0,0
11246,7201309,7211108,1,crow11246,3117174,0,0,0,0,0,0,1023,18,0,0,0,0,0,0,10,0,0,0,2023-10-30T10:35:00,2023-12-07T10:29:59,2100-12-01T00:00:00,0,0,800011246,0,0,0,0,0
11247,7201310,7211109,1,crow11247,3117175,0,0,0,0,0,0,1023,19,0,0,0,0,0,0,1,0,0,0,2023-10-30T10:35:00,2023-12-07T10:29:59,2100-12-01T00:00:00,0,0,800011247,0,0,0,0,0
11248,7201486,7211110,1,crow11248,3117176,0,0,0,0,0,0,1023,20,0,0,0,0,0,0,2,0,0,0,2023-10-30T10:35:00,2023-11-29T10:29:59,2100-12-01T00:00:00,0,0,800011248,0,0,0,0,0
11249,7201487,7211111,1,crow11249,3117177,0,0,0,0,0,0,1023,21,0,0,0,0,0,0,2,0,0,0,2023-10-30T10:35:00,2023-11-29T10:29:59,2100-12-01T00:00:00,0,0,800011249,0,0,0,0,0
11250,7201488,7211112,1,crow11250,3117178,0,0,0,0,0,0,1023,22,0,0,0,0,0,0,2,0,0,0,2023-10-30T10:35:00,2023-11-29T10:29:59,2100-12-01T00:00:00,0,0,800011250,0,0,0,0,0
11251,7201489,7210226,1,crow11251,0,0,0,0,0,0,0,1023,12,0,0,0,0,0,0,1,0,0,0,2023-10-30T10:35:00,2023-11-05T10:29:59,2100-12-01T00:00:00,0,0,800010077,0,0,0,0,0
11252,7201313,7210996,1,crow11252,3102999,0,0,0,0,0,0,1023,13,0,0,0,0,0,0,1,0,0,0,2023-10-30T10:35:00,2023-11-19T10:29:59,2100-12-01T00:00:00,0,0,800011252,0,0,0,0,0
11253,7201490,7210890,1,crow11253,3117179,0,0,0,0,0,0,1023,15,0,0,0,3,0,0,3,0,0,0,2023-10-30T10:35:00,2023-11-19T10:29:59,2100-12-01T00:00:00,0,0,800010438,0,0,0,0,0
11254,7201491,7210402,1,crow11254,3117180,0,0,0,0,0,0,1023,16,0,0,0,3,0,0,2,0,0,0,2023-10-30T10:35:00,2023-11-19T10:29:59,2100-12-01T00:00:00,0,0,800010219,0,0,0,0,0
11255,7201193,7211001,1,crow11255,3117007,0,0,0,0,0,0,1039,3,0,0,0,2,0,0,2,0,0,0,2023-10-30T10:35:00,2023-11-19T10:29:59,2100-12-01T00:00:00,0,0,800010890,0,0,0,0,0
11256,7201172,7210976,1,crow11256,3102966,0,0,0,0,0,0,1039,4,0,0,0,0,0,0,3,0,0,0,2023-10-30T10:35:00,2023-11-19T10:29:59,2100-12-01T00:00:00,0,0,800010864,0,0,0,0,0
11257,7201492,7211113,1,crow11257,3117181,0,0,0,0,0,0,1023,14,0,0,0,0,0,0,1,0,0,0,2023-10-30T10:35:00,2023-11-19T10:29:59,2100-12-01T00:00:00,0,0,800011257,0,0,0,0,0
11258,7200456,7210431,1,crow11258,3117182,0,0,0,0,0,0,1032,2,0,0,0,0,0,0,2,0,0,168,2023-10-30T10:35:00,2024-12-24T10:29:59,2100-12-01T00:00:00,0,0,800011981,0,0,0,0,0
11259,7200739,7210617,1,crow11259,3117183,0,0,0,0,0,0,1032,2,0,0,0,0,0,0,2,0,0,168,2023-10-30T10:35:00,2024-12-24T10:29:59,2100-12-01T00:00:00,0,0,800011982,0,0,0,0,0
11260,7200460,7211124,1,crow11260,3117184,0,0,0,0,0,0,1032,3,0,0,0,0,0,0,2,0,0,168,2023-10-30T10:35:00,2024-12-24T10:29:59,2100-12-01T00:00:00,0,0,800011260,0,0,0,0,0
11261,7200461,7211125,1,crow11261,3117185,0,0,0,0,0,0,1032,4,0,0,0,0,0,0,1,0,0,168,2023-10-30T10:35:00,2024-12-24T10:29:59,2100-12-01T00:00:00,0,0,800011261,0,0,0,0,0
11262,7201493,7211114,1,crow11262_1,3118249,0,0,0,0,0,0,1035,2,0,0,0,0,0,0,1,0,0,0,2023-10-30T10:35:00,2026-08-28T10:29:59,2100-12-01T00:00:01,0,0,800011262,0,0,0,0,0
11263,7201494,7210779,1,crow11263,3117194,0,0,0,0,0,0,1035,3,0,0,0,0,0,0,1,0,0,0,2023-10-30T10:35:00,2026-08-28T10:29:59,2100-12-01T00:00:00,0,0,800010504,0,0,0,0,0
11264,7201495,7210226,1,crow11264,0,0,0,0,0,0,0,1035,4,0,0,0,0,0,0,1,0,0,0,2023-10-30T10:35:00,2026-08-28T10:29:59,2100-12-01T00:00:00,0,0,800010505,0,0,0,0,0
11265,7201496,7210432,1,crow11265,3117195,0,0,0,0,0,0,1035,5,0,0,0,0,0,0,1,0,0,0,2023-10-30T10:35:00,2026-08-28T10:29:59,2100-12-01T00:00:00,0,0,800010506,0,0,0,0,0
11266,7201497,7211126,1,crow11266,3117187,0,0,0,0,0,0,1035,6,0,0,0,0,0,0,3,0,0,0,2023-10-30T10:35:00,2026-08-28T10:29:59,2100-12-01T00:00:00,0,0,800010507,0,0,0,0,0
11267,7201498,7211124,1,crow11267,3117188,0,0,0,0,0,0,1035,7,0,0,0,0,0,0,1,0,0,0,2023-10-30T10:35:00,2026-08-28T10:29:59,2100-12-01T00:00:00,0,0,800011267,0,0,0,0,0
11268,7201499,7211125,1,crow11268,3117189,0,0,0,0,0,0,1035,8,0,0,0,0,0,0,1,0,0,0,2023-10-30T10:35:00,2026-08-28T10:29:59,2100-12-01T00:00:00,0,0,800011268,0,0,0,0,0
11269,7201500,7211115,1,crow11269,3117190,0,0,0,0,0,0,1035,1,0,0,0,0,0,0,1,0,0,0,2023-10-30T10:35:00,2026-08-28T10:29:59,2100-12-01T00:00:00,0,0,800012845,0,0,0,0,0
11270,7201501,7211116,1,crow11270,3117191,0,0,0,0,0,0,1023,2,0,0,0,0,0,0,3,0,0,0,2023-11-03T10:30:00,2023-11-16T10:29:59,2100-12-01T00:00:00,0,0,800011270,0,0,0,0,0
11271,7201502,7211117,1,crow11271,3117192,0,0,0,0,0,0,1023,3,0,0,0,0,0,0,7,0,0,0,2023-11-03T10:30:00,2023-11-16T10:29:59,2100-12-01T00:00:00,0,0,800011271,0,0,0,0,0
11272,7201503,7211118,1,crow11272,3117193,0,0,0,0,0,0,1023,4,0,0,0,0,0,0,1,0,0,0,2023-11-03T10:30:00,2023-11-16T10:29:59,2100-12-01T00:00:00,0,0,800011272,0,0,0,0,0
11273,7201301,7210986,1,crow11273,3102989,0,0,0,0,0,0,1023,15,0,0,0,2,0,0,5,0,0,0,2023-11-16T10:35:00,2023-11-26T10:29:59,2100-12-01T00:00:00,0,0,800010535,0,0,0,0,0
11275,7201509,7211127,1,crow11275,3117196,0,0,0,0,0,0,1036,17,0,0,0,0,0,0,3,0,0,0,2023-11-07T10:35:00,2023-12-07T10:29:59,2100-12-01T00:00:00,0,0,800011275,0,0,0,0,0
11276,7201510,7211128,1,crow11276,3117197,0,0,0,0,0,0,1036,18,0,0,0,0,0,0,3,0,0,0,2023-11-07T10:35:00,2023-12-07T10:29:59,2100-12-01T00:00:00,0,0,800011276,0,0,0,0,0
11277,7201511,7211129,1,crow11277,3117198,0,0,0,0,0,0,1036,19,0,0,0,0,0,0,2,0,0,0,2023-11-07T10:35:00,2023-12-07T10:29:59,2100-12-01T00:00:00,0,0,800011277,0,0,0,0,0
11278,7201512,7210226,1,crow11278,0,0,0,0,0,0,0,1036,14,0,0,0,0,0,0,1,0,0,0,2023-11-07T10:35:00,2023-11-27T10:29:59,2100-12-01T00:00:00,0,0,800011278,0,0,0,0,0
11279,7201513,7210497,1,crow11279,0,0,0,0,0,0,0,1036,15,0,0,0,0,0,0,1,0,0,0,2023-11-07T10:35:00,2023-11-27T10:29:59,2100-12-01T00:00:00,0,0,800011279,0,0,0,0,0
11280,7201514,7211130,1,crow11280,3117199,0,0,0,0,0,0,1036,16,0,0,0,0,0,0,1,0,0,0,2023-11-07T10:35:00,2023-11-27T10:29:59,2100-12-01T00:00:00,0,0,800011280,0,0,0,0,0
11281,7201515,7211023,1,crow11281,3117200,0,0,0,0,0,0,1036,20,0,0,0,0,0,0,1,0,0,0,2023-11-07T10:35:00,2023-11-27T10:29:59,2100-12-01T00:00:00,0,0,800011281,0,0,0,0,0
11282,7201516,7211131,1,crow11282,3117201,0,0,0,0,0,0,1036,21,0,0,0,0,0,0,1,0,0,0,2023-11-07T10:35:00,2023-11-27T10:29:59,2100-12-01T00:00:00,0,0,800011282,0,0,0,0,0
11283,7201517,7211132,1,crow11283,3117202,0,0,0,0,0,0,1036,22,0,0,0,0,0,0,2,0,0,0,2023-11-07T10:35:00,2023-11-27T10:29:59,2100-12-01T00:00:00,0,0,800011283,0,0,0,0,0
11284,7201518,7211133,1,crow11284,3117203,0,0,0,0,0,0,1036,23,0,0,0,0,0,0,1,0,0,0,2023-11-07T10:35:00,2023-11-27T10:29:59,2100-12-01T00:00:00,0,0,800011284,0,0,0,0,0
11285,7201519,7211134,1,crow11285,3117204,0,0,0,0,0,0,1036,26,0,0,0,2,0,0,5,0,0,0,2023-11-07T10:35:00,2023-11-27T10:29:59,2100-12-01T00:00:00,0,0,800010239,0,0,0,0,0
11286,7201520,7211135,1,crow11286,3117205,0,0,0,0,0,0,1036,27,0,0,0,2,0,0,3,0,0,0,2023-11-07T10:35:00,2023-11-27T10:29:59,2100-12-01T00:00:00,0,0,800010472,0,0,0,0,0
11287,7201521,7211136,1,crow11287,3117206,0,0,0,0,0,0,1036,28,0,0,0,0,0,0,2,0,0,0,2023-11-07T10:35:00,2023-11-27T10:29:59,2100-12-01T00:00:00,0,0,800010714,0,0,0,0,0
11288,7200809,7210661,1,crow11288,3117207,0,0,0,0,0,0,1036,29,0,0,0,0,0,0,3,0,0,0,2023-11-07T10:35:00,2023-11-27T10:29:59,2100-12-01T00:00:00,0,0,800011288,0,0,0,0,0
11289,7201522,7211137,1,crow11289,3117208,0,0,0,0,0,0,1036,24,0,0,0,0,0,0,3,0,0,0,2023-11-07T10:35:00,2023-11-27T10:29:59,2100-12-01T00:00:00,0,0,800011289,0,0,0,0,0
11290,7201523,7211138,1,crow11290,3117209,0,0,0,0,0,0,1036,25,0,0,0,0,0,0,3,0,0,0,2023-11-07T10:35:00,2023-11-27T10:29:59,2100-12-01T00:00:00,0,0,800011290,0,0,0,0,0
11291,7201174,7211139,1,crow11291,3117210,0,0,0,0,0,0,1039,5,0,0,0,0,0,0,3,0,0,0,2023-11-07T10:35:00,2023-11-27T10:29:59,2100-12-01T00:00:00,0,0,800011291,0,0,0,0,0
11292,7201160,7211140,1,crow11292,3117211,0,0,0,0,0,0,1039,6,0,0,0,0,0,0,2,0,0,0,2023-11-07T10:35:00,2023-11-27T10:29:59,2100-12-01T00:00:00,0,0,800011292,0,0,0,0,0
11293,7201524,7211141,1,0,3117212,0,0,0,0,0,0,1001,1,0,0,0,1,0,0,1,1,0,0,2023-11-07T10:35:00,2023-11-29T23:59:59,2100-12-01T00:00:00,0,0,801110017,0,0,0,0,0
11294,7201525,7211142,1,0,3108009,0,0,0,0,0,0,1008,13,0,0,0,3,0,0,6,0,0,0,2023-11-07T10:35:00,2100-12-31T00:00:00,2100-12-01T00:00:00,0,0,710000268,0,0,0,0,0
11295,7201526,7211143,1,0,3108010,0,0,0,0,0,0,1008,14,0,0,0,3,0,0,20,0,0,0,2023-11-07T10:35:00,2100-12-31T00:00:00,2100-12-01T00:00:00,0,0,710000270,0,0,0,0,0
11296,7201527,7211144,1,0,3108011,0,0,0,0,0,0,1008,15,0,0,0,3,0,0,20,0,0,0,2023-11-07T10:35:00,2100-12-31T00:00:00,2100-12-01T00:00:00,0,0,710000264,0,0,0,0,0
11297,7201528,7212047,1,0,3108012,0,0,0,0,0,0,1008,16,0,0,0,3,0,0,6,0,0,0,2023-11-07T10:35:00,2100-12-31T00:00:00,2100-12-01T00:00:00,0,0,711000173,0,0,0,0,0
11298,7201529,7211146,1,0,3108013,0,0,0,0,0,0,1008,17,0,0,0,3,0,0,20,0,0,0,2023-11-07T10:35:00,2100-12-31T00:00:00,2100-12-01T00:00:00,0,0,710000293,0,0,0,0,0
11299,7201530,7211147,1,0,3108014,0,0,0,0,0,0,1008,18,0,0,0,3,0,0,20,0,0,0,2023-11-07T10:35:00,2100-12-31T00:00:00,2100-12-01T00:00:00,0,0,710000293,0,0,0,0,0
11300,7201531,7211148,1,0,3108015,0,0,0,0,0,0,1008,9,0,0,0,3,0,0,2,0,0,0,2023-11-07T10:35:00,2100-12-31T00:00:00,2100-12-01T00:00:00,0,0,710710010,0,0,0,0,0
11301,7201532,7211149,1,0,3108016,0,0,0,0,0,0,1008,10,0,0,0,3,0,0,1,0,0,0,2023-11-07T10:35:00,2100-12-31T00:00:00,2100-12-01T00:00:00,0,0,710710010,0,0,0,0,0
11302,7201533,7211150,1,0,3108017,0,0,0,0,0,0,1008,11,0,0,0,3,0,0,1,0,0,0,2023-11-07T10:35:00,2100-12-31T00:00:00,2100-12-01T00:00:00,0,0,710710010,0,0,0,0,0
11303,7201534,7211151,1,0,3108018,0,0,0,0,0,0,1008,12,0,0,0,3,0,0,1,0,0,0,2023-11-07T10:35:00,2100-12-31T00:00:00,2100-12-01T00:00:00,0,0,710710010,0,0,0,0,0
11305,7201535,7211152,1,0,3109013,0,0,0,0,0,0,1009,1,0,0,0,3,0,0,1,0,0,0,2023-11-07T10:35:00,2100-12-31T00:00:00,2100-12-01T00:00:00,0,0,711000086,0,0,0,0,0
11306,7201536,7211153,1,0,3109014,0,0,0,0,0,0,1009,1,0,0,0,3,0,0,2,0,0,0,2023-11-07T10:35:00,2100-12-31T00:00:00,2100-12-01T00:00:00,0,0,711000118,0,0,0,0,0
11307,7201537,7211154,1,crow11307,3117213,0,0,0,0,0,0,1036,1,0,0,0,0,0,0,3,0,0,0,2023-11-16T10:35:00,2023-12-16T10:29:59,2100-12-01T00:00:00,0,0,800011307,0,0,0,0,0
11308,7201538,7211155,1,crow11308,3117214,0,0,0,0,0,0,1036,2,0,0,0,0,0,0,3,0,0,0,2023-11-16T10:35:00,2023-12-16T10:29:59,2100-12-01T00:00:00,0,0,800011308,0,0,0,0,0
11309,7201539,7211156,1,crow11309,3117215,0,0,0,0,0,0,1036,3,0,0,0,0,0,0,2,0,0,0,2023-11-16T10:35:00,2023-12-16T10:29:59,2100-12-01T00:00:00,0,0,800011309,0,0,0,0,0
11310,7201540,7210694,1,crow11310,3117216,0,0,0,0,0,0,1036,5,0,0,0,2,0,0,5,0,0,0,2023-11-16T10:35:00,2023-12-06T10:29:59,2100-12-01T00:00:00,0,0,800010466,0,0,0,0,0
11311,7201541,7210418,1,crow11311,3117217,0,0,0,0,0,0,1036,6,0,0,0,0,0,0,3,0,0,0,2023-11-16T10:35:00,2023-12-06T10:29:59,2100-12-01T00:00:00,0,0,800010229,0,0,0,0,0
11312,7201542,7211157,1,crow11312,3117218,0,0,0,0,0,0,1036,4,0,0,0,0,0,0,1,0,0,0,2023-11-16T10:35:00,2023-12-16T10:29:59,2100-12-01T00:00:00,0,0,800011312,0,0,0,0,0
11313,7201543,7211158,1,crow11313,3117219,0,0,0,0,0,0,1036,10,0,0,0,0,0,0,1,0,0,0,2023-11-16T10:35:00,2023-12-06T10:29:59,2100-12-01T00:00:00,0,0,800010733,0,0,0,0,0
11314,7201544,7211159,1,crow11314,3117220,0,0,0,0,0,0,1036,11,0,0,0,2,0,0,5,0,0,0,2023-11-16T10:35:00,2023-12-06T10:29:59,2100-12-01T00:00:00,0,0,800011314,0,0,0,0,0
11315,7201545,7211160,1,crow11315,3117221,0,0,0,0,0,0,1036,12,0,0,0,0,0,0,3,0,0,0,2023-11-16T10:35:00,2023-12-06T10:29:59,2100-12-01T00:00:00,0,0,800010171,0,0,0,0,0
11316,7201546,7211161,1,crow11316,3117222,0,0,0,0,0,0,1036,13,0,0,0,2,0,0,3,0,0,0,2023-11-16T10:35:00,2023-12-06T10:29:59,2100-12-01T00:00:00,0,0,800010175,0,0,0,0,0
11317,7201295,7211162,1,crow11317,3117223,0,0,0,0,0,0,1036,7,0,0,0,0,0,0,1,0,0,0,2023-11-16T10:35:00,2023-12-06T10:29:59,2100-12-01T00:00:00,0,0,800010586,0,0,0,0,0
11318,7201547,7211163,1,crow11318,3117224,0,0,0,0,0,0,1036,8,0,0,0,0,0,0,1,0,0,0,2023-11-16T10:35:00,2023-12-06T10:29:59,2100-12-01T00:00:00,0,0,800010888,0,0,0,0,0
11319,7201548,7210998,1,crow11319,3117225,0,0,0,0,0,0,1036,9,0,0,0,0,0,0,1,0,0,0,2023-11-16T10:35:00,2023-12-06T10:29:59,2100-12-01T00:00:00,0,0,800010826,0,0,0,0,0
11320,7201159,7211164,1,crow11320,3117226,0,0,0,0,0,0,1039,3,0,0,0,0,0,0,3,0,0,0,2023-11-16T10:35:00,2023-12-06T10:29:59,2100-12-01T00:00:00,0,0,800011320,0,0,0,0,0
11321,7201173,7211165,1,crow11321,3117227,0,0,0,0,0,0,1039,4,0,0,0,0,0,0,2,0,0,0,2023-11-16T10:35:00,2023-12-06T10:29:59,2100-12-01T00:00:00,0,0,800010865,0,0,0,0,0
11322,7200440,7210418,1,crow11322,3102871,0,0,0,0,0,0,1023,26,0,0,0,0,0,0,3,0,0,0,2023-11-23T10:35:00,2023-12-13T10:29:59,2100-12-01T00:00:00,0,0,800010229,0,0,0,0,0
11323,7201166,7210733,1,crow11323,3102986,0,0,0,0,0,0,1023,27,0,0,0,0,0,0,2,0,0,0,2023-11-23T10:35:00,2023-12-13T10:29:59,2100-12-01T00:00:00,0,0,800010253,0,0,0,0,0
11324,7201375,7211134,1,crow11324,3117239,0,0,0,0,0,0,1023,34,0,0,0,2,0,0,5,0,0,0,2023-11-23T10:35:00,2023-12-13T10:29:59,2100-12-01T00:00:00,0,0,800010239,0,0,0,0,0
11325,7201376,7211135,1,crow11325,3117240,0,0,0,0,0,0,1023,35,0,0,0,2,0,0,3,0,0,0,2023-11-23T10:35:00,2023-12-13T10:29:59,2100-12-01T00:00:00,0,0,800010472,0,0,0,0,0
11326,7201555,7211136,1,crow11326,3117228,0,0,0,0,0,0,1023,36,0,0,0,0,0,0,2,0,0,0,2023-11-23T10:35:00,2023-12-13T10:29:59,2100-12-01T00:00:00,0,0,800010714,0,0,0,0,0
11327,7201378,7211167,1,crow11327,3117229,0,0,0,0,0,0,1023,29,0,0,0,0,0,0,1,0,0,0,2023-11-23T10:35:00,2023-12-13T10:29:59,2100-12-01T00:00:00,0,0,800011104,0,0,0,0,0
11328,7201379,7211168,1,crow11328,3117230,0,0,0,0,0,0,1023,30,0,0,0,0,0,0,1,0,0,0,2023-11-23T10:35:00,2023-12-13T10:29:59,2100-12-01T00:00:00,0,0,800011105,0,0,0,0,0
11329,7200659,7210577,1,crow11329,3102873,0,0,0,0,0,0,1023,14,0,0,0,3,0,0,2,0,0,0,2023-11-23T10:35:00,2023-12-13T10:29:59,2100-12-01T00:00:00,0,0,800010406,0,0,0,0,0
11330,7201016,7211171,1,crow11330,3117235,0,0,0,0,0,0,1023,28,0,0,0,0,0,0,1,0,0,0,2023-11-23T10:35:00,2023-12-13T10:29:59,2100-12-01T00:00:00,0,0,800011330,0,0,0,0,0
11331,7201556,7211137,1,crow11331,3117236,0,0,0,0,0,0,1023,32,0,0,0,0,0,0,3,0,0,0,2023-11-23T10:35:00,2023-12-13T10:29:59,2100-12-01T00:00:00,0,0,800011331,0,0,0,0,0
11332,7201557,7211138,1,crow11332,3117237,0,0,0,0,0,0,1023,33,0,0,0,0,0,0,3,0,0,0,2023-11-23T10:35:00,2023-12-13T10:29:59,2100-12-01T00:00:00,0,0,800011332,0,0,0,0,0
11333,7201469,7211029,1,crow11333,3117150,0,0,0,0,0,0,1039,5,0,0,0,0,0,0,1,0,0,0,2023-11-23T10:35:00,2023-12-13T10:29:59,2100-12-01T00:00:00,0,0,800011080,0,0,0,0,0
11334,7201470,7211030,1,crow11334,3117151,0,0,0,0,0,0,1039,6,0,0,0,0,0,0,1,0,0,0,2023-11-23T10:35:00,2023-12-13T10:29:59,2100-12-01T00:00:00,0,0,800011081,0,0,0,0,0
11336,7201559,7211173,1,crow11336,3117241,0,0,0,0,0,0,1023,50,0,0,0,0,0,0,2,0,0,0,2023-11-30T10:35:00,2023-12-30T10:29:59,2100-12-01T00:00:00,0,0,800011336,0,0,0,0,0
11337,7201560,7211174,1,crow11337,3117242,0,0,0,0,0,0,1023,51,0,0,0,0,0,0,2,0,0,0,2023-11-30T10:35:00,2023-12-30T10:29:59,2100-12-01T00:00:00,0,0,800011337,0,0,0,0,0
11338,7201561,7211175,1,crow11338,3117243,0,0,0,0,0,0,1023,52,0,0,0,0,0,0,2,0,0,0,2023-11-30T10:35:00,2023-12-30T10:29:59,2100-12-01T00:00:00,0,0,800011338,0,0,0,0,0
11339,7201562,7211176,1,crow11339,3117244,0,0,0,0,0,0,1023,53,0,0,0,0,0,0,1,0,0,0,2023-11-30T10:35:00,2023-12-30T10:29:59,2100-12-01T00:00:00,0,0,800010270,0,0,0,0,0
11340,7201563,7210418,1,crow11340,3117245,0,0,0,0,0,0,1023,33,0,0,0,0,0,0,3,0,0,0,2023-11-30T10:35:00,2023-12-20T10:29:59,2100-12-01T00:00:00,0,0,800010229,0,0,0,0,0
11341,7201564,7211158,1,crow11341,3117246,0,0,0,0,0,0,1023,34,0,0,0,0,0,0,1,0,0,0,2023-11-30T10:35:00,2023-12-20T10:29:59,2100-12-01T00:00:00,0,0,800010733,0,0,0,0,0
11342,7201565,7211159,1,crow11342,3117247,0,0,0,0,0,0,1023,35,0,0,0,2,0,0,5,0,0,0,2023-11-30T10:35:00,2023-12-20T10:29:59,2100-12-01T00:00:00,0,0,800011314,0,0,0,0,0
11343,7201566,7211160,1,crow11343,3117248,0,0,0,0,0,0,1023,36,0,0,0,0,0,0,3,0,0,0,2023-11-30T10:35:00,2023-12-20T10:29:59,2100-12-01T00:00:00,0,0,800010171,0,0,0,0,0
11344,7201567,7210890,1,crow11344,3117249,0,0,0,0,0,0,1023,37,0,0,0,3,0,0,3,0,0,0,2023-11-30T10:35:00,2023-12-20T10:29:59,2100-12-01T00:00:00,0,0,800010438,0,0,0,0,0
11345,7201568,7210402,1,crow11345,3117250,0,0,0,0,0,0,1023,38,0,0,0,3,0,0,2,0,0,0,2023-11-30T10:35:00,2023-12-20T10:29:59,2100-12-01T00:00:00,0,0,800010219,0,0,0,0,0
11346,7201569,7211080,1,crow11346,3117251,0,0,0,0,0,0,1023,39,0,0,0,0,0,0,1,0,0,0,2023-11-30T10:35:00,2023-12-20T10:29:59,2100-12-01T00:00:00,0,0,800011183,0,0,0,0,0
11347,7201133,7211177,1,crow11347,3117252,0,0,0,0,0,0,1023,40,0,0,0,2,0,0,5,0,0,0,2023-11-30T10:35:00,2023-12-20T10:29:59,2100-12-01T00:00:00,0,0,800010766,0,0,0,0,0
11348,7201570,7211178,1,crow11348,3117253,0,0,0,0,0,0,1023,27,0,0,0,0,0,0,1,0,0,0,2023-11-30T10:35:00,2023-12-20T10:29:59,2100-12-01T00:00:00,0,0,800011348,0,0,0,0,0
11349,7201571,7211179,1,crow11349,3117254,0,0,0,0,0,0,1023,28,0,0,0,0,0,0,1,0,0,0,2023-11-30T10:35:00,2023-12-20T10:29:59,2100-12-01T00:00:00,0,0,800011349,0,0,0,0,0
11350,7201193,7211180,1,crow11350,3117255,0,0,0,0,0,0,1039,5,0,0,0,2,0,0,2,0,0,0,2023-11-30T10:35:00,2023-12-20T10:29:59,2100-12-01T00:00:00,0,0,800011350,0,0,0,0,0
11351,7201172,7211181,1,crow11351,3117256,0,0,0,0,0,0,1039,6,0,0,0,0,0,0,3,0,0,0,2023-11-30T10:35:00,2023-12-20T10:29:59,2100-12-01T00:00:00,0,0,800011351,0,0,0,0,0
11352,7201297,7210694,1,crow11352,3102984,0,0,0,0,0,0,1023,33,0,0,0,2,0,0,5,0,0,0,2023-12-07T10:35:00,2023-12-27T10:29:59,2100-12-01T00:00:00,0,0,800010466,0,0,0,0,0
11353,7201298,7210418,1,crow11353,3102985,0,0,0,0,0,0,1023,34,0,0,0,0,0,0,3,0,0,0,2023-12-07T10:35:00,2023-12-27T10:29:59,2100-12-01T00:00:00,0,0,800010229,0,0,0,0,0
11354,7201584,7210226,1,crow11354,0,0,0,0,0,0,0,1023,22,0,0,0,0,0,0,1,0,0,0,2023-12-07T10:35:00,2023-12-14T10:29:59,2100-12-01T00:00:00,0,0,800010077,0,0,0,0,0
11355,7201299,7211134,1,crow11355,3117263,0,0,0,0,0,0,1023,35,0,0,0,2,0,0,5,0,0,0,2023-12-07T10:35:00,2023-12-27T10:29:59,2100-12-01T00:00:00,0,0,800010239,0,0,0,0,0
11356,7201300,7211135,1,crow11356,3117264,0,0,0,0,0,0,1023,36,0,0,0,2,0,0,3,0,0,0,2023-12-07T10:35:00,2023-12-27T10:29:59,2100-12-01T00:00:00,0,0,800010472,0,0,0,0,0
11357,7201302,7211136,1,crow11357,3117265,0,0,0,0,0,0,1023,37,0,0,0,0,0,0,2,0,0,0,2023-12-07T10:35:00,2023-12-27T10:29:59,2100-12-01T00:00:00,0,0,800010714,0,0,0,0,0
11358,7201301,7211194,1,crow11358,3117266,0,0,0,0,0,0,1023,38,0,0,0,2,0,0,5,0,0,0,2023-12-07T10:35:00,2023-12-27T10:29:59,2100-12-01T00:00:00,0,0,800010535,0,0,0,0,0
11359,7201585,7211195,1,crow11359,3117267,0,0,0,0,0,0,1023,29,0,0,0,0,0,0,1,0,0,0,2023-12-07T10:35:00,2023-12-27T10:29:59,2100-12-01T00:00:00,0,0,800011359,0,0,0,0,0
11360,7201586,7211196,1,crow11360,3117268,0,0,0,0,0,0,1023,30,0,0,0,0,0,0,1,0,0,0,2023-12-07T10:35:00,2023-12-27T10:29:59,2100-12-01T00:00:00,0,0,800011360,0,0,0,0,0
11361,7201587,7211197,1,crow11361,3117269,0,0,0,0,0,0,1023,31,0,0,0,0,0,0,2,0,0,0,2023-12-07T10:35:00,2023-12-27T10:29:59,2100-12-01T00:00:00,0,0,800011361,0,0,0,0,0
11362,7201588,7211198,1,crow11362,3117270,0,0,0,0,0,0,1023,32,0,0,0,0,0,0,1,0,0,0,2023-12-07T10:35:00,2023-12-27T10:29:59,2100-12-01T00:00:00,0,0,800011362,0,0,0,0,0
11363,7201174,7211139,1,crow11363,3117210,0,0,0,0,0,0,1039,5,0,0,0,0,0,0,3,0,0,0,2023-12-07T10:35:00,2023-12-27T10:29:59,2100-12-01T00:00:00,0,0,800011291,0,0,0,0,0
11364,7201160,7211140,1,crow11364,3117211,0,0,0,0,0,0,1039,6,0,0,0,0,0,0,2,0,0,0,2023-12-07T10:35:00,2023-12-27T10:29:59,2100-12-01T00:00:00,0,0,800011292,0,0,0,0,0
11365,7201589,7211199,1,crow11365,3117271,0,0,0,0,0,0,1023,41,0,0,0,0,0,0,2,0,0,0,2023-12-15T10:35:00,2024-01-14T10:29:59,2100-12-01T00:00:00,0,0,800011365,0,0,0,0,0
11366,7201590,7211200,1,crow11366,3117272,0,0,0,0,0,0,1023,42,0,0,0,0,0,0,2,0,0,0,2023-12-15T10:35:00,2024-01-14T10:29:59,2100-12-01T00:00:00,0,0,800011366,0,0,0,0,0
11367,7201591,7211201,1,crow11367,3117273,0,0,0,0,0,0,1023,43,0,0,0,0,0,0,2,0,0,0,2023-12-15T10:35:00,2024-01-14T10:29:59,2100-12-01T00:00:00,0,0,800011367,0,0,0,0,0
11368,7201592,7210238,1,crow11368,3117274,0,0,0,0,0,0,1023,54,0,0,0,0,0,0,4,0,0,0,2023-12-15T10:35:00,2024-01-04T10:29:59,2100-12-01T00:00:00,0,0,800010012,0,0,0,0,0
11369,7201593,7210418,1,crow11369,3117275,0,0,0,0,0,0,1023,55,0,0,0,0,0,0,3,0,0,0,2023-12-15T10:35:00,2024-01-04T10:29:59,2100-12-01T00:00:00,0,0,800010229,0,0,0,0,0
11370,7201594,7211202,1,crow11370,3117276,0,0,0,0,0,0,1023,40,0,0,0,0,0,0,1,0,0,0,2023-12-15T10:35:00,2024-01-14T10:29:59,2100-12-01T00:00:00,0,0,800010220,0,0,0,0,0
11371,7201595,7211158,1,crow11371,3117277,0,0,0,0,0,0,1023,58,0,0,0,0,0,0,1,0,0,0,2023-12-15T10:35:00,2024-01-04T10:29:59,2100-12-01T00:00:00,0,0,800010733,0,0,0,0,0
11372,7201596,7211159,1,crow11372,3117278,0,0,0,0,0,0,1023,59,0,0,0,2,0,0,5,0,0,0,2023-12-15T10:35:00,2024-01-04T10:29:59,2100-12-01T00:00:00,0,0,800011314,0,0,0,0,0
11373,7201597,7211160,1,crow11373,3117279,0,0,0,0,0,0,1023,60,0,0,0,0,0,0,3,0,0,0,2023-12-15T10:35:00,2024-01-04T10:29:59,2100-12-01T00:00:00,0,0,800010171,0,0,0,0,0
11374,7201598,7211161,1,crow11374,3117280,0,0,0,0,0,0,1023,61,0,0,0,2,0,0,3,0,0,0,2023-12-15T10:35:00,2024-01-04T10:29:59,2100-12-01T00:00:00,0,0,800010175,0,0,0,0,0
11375,7201599,7210997,1,crow11375,3117281,0,0,0,0,0,0,1023,62,0,0,0,0,0,0,2,0,0,0,2023-12-15T10:35:00,2024-01-04T10:29:59,2100-12-01T00:00:00,0,0,800011037,0,0,0,0,0
11376,7201600,7211203,1,crow11376,3117282,0,0,0,0,0,0,1023,48,0,0,0,0,0,0,2,0,0,0,2023-12-15T10:35:00,2024-01-04T10:29:59,2100-12-01T00:00:00,0,0,800011376,0,0,0,0,0
11377,7201601,7211204,1,crow11377,3117283,0,0,0,0,0,0,1023,49,0,0,0,0,0,0,2,0,0,0,2023-12-15T10:35:00,2024-01-04T10:29:59,2100-12-01T00:00:00,0,0,800011377,0,0,0,0,0
11378,7201267,7210963,1,crow11378,3102955,0,0,0,0,0,0,1023,63,0,0,0,0,0,0,2,0,0,0,2023-12-15T10:35:00,2024-01-04T10:29:59,2100-12-01T00:00:00,0,0,800010976,0,0,0,0,0
11379,7201159,7211164,1,crow11379,3117226,0,0,0,0,0,0,1039,7,0,0,0,0,0,0,3,0,0,0,2023-12-15T10:35:00,2024-01-04T10:29:59,2100-12-01T00:00:00,0,0,800011320,0,0,0,0,0
11380,7201173,7211165,1,crow11380,3117227,0,0,0,0,0,0,1039,8,0,0,0,0,0,0,2,0,0,0,2023-12-15T10:35:00,2024-01-04T10:29:59,2100-12-01T00:00:00,0,0,800010865,0,0,0,0,0
11381,7201603,7211206,1,0,3104011,0,0,0,0,0,0,1004,9,0,0,0,2,0,0,1,0,0,0,2023-12-15T10:35:00,2100-12-31T00:00:00,2100-12-01T00:00:00,0,0,710000151,0,0,0,0,0
11382,7201606,7210694,1,crow11382,3117286,0,0,0,0,0,0,1023,39,0,0,0,2,0,0,5,0,0,0,2023-12-22T10:35:00,2024-01-11T10:29:59,2100-12-01T00:00:00,0,0,800010466,0,0,0,0,0
11383,7201607,7210418,1,crow11383,3117287,0,0,0,0,0,0,1023,40,0,0,0,0,0,0,3,0,0,0,2023-12-22T10:35:00,2024-01-11T10:29:59,2100-12-01T00:00:00,0,0,800010229,0,0,0,0,0
11384,7201166,7210733,1,crow11384,3102986,0,0,0,0,0,0,1023,41,0,0,0,0,0,0,2,0,0,0,2023-12-22T10:35:00,2024-01-11T10:29:59,2100-12-01T00:00:00,0,0,800010253,0,0,0,0,0
11385,7201608,7211209,1,crow11385,3117288,0,0,0,0,0,0,1023,35,0,0,0,0,0,0,6,0,0,0,2023-12-22T10:35:00,2024-01-11T10:29:59,2100-12-01T00:00:00,0,0,800011385,0,0,0,0,0
11386,7201609,7211134,1,crow11386,3117289,0,0,0,0,0,0,1023,44,0,0,0,2,0,0,5,0,0,0,2023-12-22T10:35:00,2024-01-11T10:29:59,2100-12-01T00:00:00,0,0,800010239,0,0,0,0,0
11387,7201610,7211135,1,crow11387,3117290,0,0,0,0,0,0,1023,45,0,0,0,2,0,0,3,0,0,0,2023-12-22T10:35:00,2024-01-11T10:29:59,2100-12-01T00:00:00,0,0,800010472,0,0,0,0,0
11388,7201611,7211136,1,crow11388,3117291,0,0,0,0,0,0,1023,46,0,0,0,0,0,0,2,0,0,0,2023-12-22T10:35:00,2024-01-11T10:29:59,2100-12-01T00:00:00,0,0,800010714,0,0,0,0,0
11389,7201612,7211194,1,crow11389,3117292,0,0,0,0,0,0,1023,47,0,0,0,2,0,0,5,0,0,0,2023-12-22T10:35:00,2024-01-11T10:29:59,2100-12-01T00:00:00,0,0,800010535,0,0,0,0,0
11390,7201613,7211210,1,crow11390,3117293,0,0,0,0,0,0,1023,36,0,0,0,0,0,0,1,0,0,0,2023-12-22T10:35:00,2024-01-11T10:29:59,2100-12-01T00:00:00,0,0,800011390,0,0,0,0,0
11391,7201482,7211100,1,crow11391,3117163,0,0,0,0,0,0,1023,37,0,0,0,0,0,0,2,0,0,0,2023-12-22T10:35:00,2024-01-11T10:29:59,2100-12-01T00:00:00,0,0,800010635,0,0,0,0,0
11392,7201558,7211172,1,crow11392,3117238,0,0,0,0,0,0,1023,38,0,0,0,0,0,0,1,0,0,0,2023-12-22T10:35:00,2024-01-11T10:29:59,2100-12-01T00:00:00,0,0,800010745,0,0,0,0,0
11393,7201614,7211137,1,crow11393,3117294,0,0,0,0,0,0,1023,42,0,0,0,0,0,0,3,0,0,0,2023-12-22T10:35:00,2024-01-11T10:29:59,2100-12-01T00:00:00,0,0,800011331,0,0,0,0,0
11394,7201615,7211138,1,crow11394,3117295,0,0,0,0,0,0,1023,43,0,0,0,0,0,0,3,0,0,0,2023-12-22T10:35:00,2024-01-11T10:29:59,2100-12-01T00:00:00,0,0,800011332,0,0,0,0,0
11395,7201193,7211180,1,crow11395,3117255,0,0,0,0,0,0,1039,5,0,0,0,2,0,0,2,0,0,0,2023-12-22T10:35:00,2024-01-11T10:29:59,2100-12-01T00:00:00,0,0,800011350,0,0,0,0,0
11396,7201172,7211181,1,crow11396,3117256,0,0,0,0,0,0,1039,6,0,0,0,0,0,0,3,0,0,0,2023-12-22T10:35:00,2024-01-11T10:29:59,2100-12-01T00:00:00,0,0,800011351,0,0,0,0,0
11397,7201616,7211211,1,crow11397,3117296,0,0,0,0,0,0,1023,40,0,0,0,0,0,0,2,0,0,0,2023-12-29T10:35:00,2024-01-27T10:29:59,2100-12-01T00:00:00,0,0,800011397,0,0,0,0,0
11398,7201617,7211212,1,crow11398,3117297,0,0,0,0,0,0,1023,41,0,0,0,0,0,0,2,0,0,0,2023-12-29T10:35:00,2024-01-27T10:29:59,2100-12-01T00:00:00,0,0,800011398,0,0,0,0,0
11399,7201618,7211213,1,crow11399,3117298,0,0,0,0,0,0,1023,42,0,0,0,0,0,0,2,0,0,0,2023-12-29T10:35:00,2024-01-27T10:29:59,2100-12-01T00:00:00,0,0,800011399,0,0,0,0,0
11400,7201619,7211214,1,crow11400,3117299,0,0,0,0,0,0,1023,43,0,0,0,0,0,0,1,0,0,0,2023-12-29T10:35:00,2024-01-27T10:29:59,2100-12-01T00:00:00,0,0,800010177,0,0,0,0,0
11401,7201620,7211234,1,crow11401,3117300,0,0,0,0,0,0,1023,37,0,0,0,0,0,0,10,0,0,0,2023-12-29T10:35:00,2024-01-27T10:29:59,2100-12-01T00:00:00,0,0,800011401,0,0,0,0,0
11402,7201621,7211235,1,crow11402,3117301,0,0,0,0,0,0,1023,36,0,0,0,0,0,0,5,0,0,0,2023-12-29T10:35:00,2024-01-27T10:29:59,2100-12-01T00:00:00,0,0,800011402,0,0,0,0,0
11403,7201622,7211158,1,crow11403,3117302,0,0,0,0,0,0,1023,44,0,0,0,0,0,0,1,0,0,0,2023-12-29T10:35:00,2024-01-27T10:29:59,2100-12-01T00:00:00,0,0,800010733,0,0,0,0,0
11404,7201623,7211159,1,crow11404,3117303,0,0,0,0,0,0,1023,45,0,0,0,2,0,0,5,0,0,0,2023-12-29T10:35:00,2024-01-27T10:29:59,2100-12-01T00:00:00,0,0,800011314,0,0,0,0,0
11405,7201624,7211160,1,crow11405,3117304,0,0,0,0,0,0,1023,46,0,0,0,0,0,0,3,0,0,0,2023-12-29T10:35:00,2024-01-27T10:29:59,2100-12-01T00:00:00,0,0,800010171,0,0,0,0,0
11406,7201625,7210997,1,crow11406,3117305,0,0,0,0,0,0,1023,47,0,0,0,0,0,0,2,0,0,0,2023-12-29T10:35:00,2024-01-27T10:29:59,2100-12-01T00:00:00,0,0,800011037,0,0,0,0,0
11407,7201626,7210890,1,crow11407,3117306,0,0,0,0,0,0,1023,48,0,0,0,3,0,0,3,0,0,0,2023-12-29T10:35:00,2024-01-27T10:29:59,2100-12-01T00:00:00,0,0,800010438,0,0,0,0,0
11408,7201627,7211080,1,crow11408,3117307,0,0,0,0,0,0,1023,49,0,0,0,0,0,0,1,0,0,0,2023-12-29T10:35:00,2024-01-27T10:29:59,2100-12-01T00:00:00,0,0,800011183,0,0,0,0,0
11409,7201628,7211216,1,crow11409,3117308,0,0,0,0,0,0,1023,38,0,0,0,0,0,0,1,0,0,0,2023-12-29T10:35:00,2024-01-27T10:29:59,2100-12-01T00:00:00,0,0,800011409,0,0,0,0,0
11410,7201469,7211029,1,crow11410,3117150,0,0,0,0,0,0,1039,7,0,0,0,0,0,0,1,0,0,0,2023-12-29T10:35:00,2024-01-27T10:29:59,2100-12-01T00:00:00,0,0,800011080,0,0,0,0,0
11411,7201470,7211030,1,crow11411,3117151,0,0,0,0,0,0,1039,8,0,0,0,0,0,0,1,0,0,0,2023-12-29T10:35:00,2024-01-27T10:29:59,2100-12-01T00:00:00,0,0,800011081,0,0,0,0,0
11412,7201629,7210226,1,crow11412,0,0,0,0,0,0,0,1023,14,0,0,0,0,0,0,1,0,0,0,2024-01-01T00:00:00,2024-01-08T23:59:59,2100-12-01T00:00:00,0,0,800011412,0,0,0,0,0
11413,7201630,7210497,1,crow11413,0,0,0,0,0,0,0,1023,15,0,0,0,0,0,0,1,0,0,0,2024-01-01T00:00:00,2024-01-08T23:59:59,2100-12-01T00:00:00,0,0,800011413,0,0,0,0,0
11414,7201631,7211130,1,crow11414,3117309,0,0,0,0,0,0,1023,16,0,0,0,0,0,0,1,0,0,0,2024-01-01T00:00:00,2024-01-08T23:59:59,2100-12-01T00:00:00,0,0,800011414,0,0,0,0,0
11415,7201632,7211217,1,crow11415,3117310,0,0,0,0,0,0,1023,17,0,0,0,0,0,0,1,0,0,0,2024-01-01T00:00:00,2024-01-08T23:59:59,2100-12-01T00:00:00,0,0,800011415,0,0,0,0,0
11416,7201633,7211218,1,crow11416,3117311,0,0,0,0,0,0,1023,18,0,0,0,0,0,0,1,0,0,0,2024-01-01T00:00:00,2024-01-08T23:59:59,2100-12-01T00:00:00,0,0,800011416,0,0,0,0,0
11417,7201634,7211219,1,crow11417,3117312,0,0,0,0,0,0,1023,19,0,0,0,0,0,0,1,0,0,0,2024-01-01T00:00:00,2024-01-08T23:59:59,2100-12-01T00:00:00,0,0,800011417,0,0,0,0,0
11418,7201635,7211220,1,crow11418,3117313,0,0,0,0,0,0,1023,20,0,0,0,0,0,0,1,0,0,0,2024-01-01T00:00:00,2024-01-08T23:59:59,2100-12-01T00:00:00,0,0,800011418,0,0,0,0,0
11419,7201636,7211221,1,crow11419,3117314,0,0,0,0,0,0,1023,21,0,0,0,0,0,0,1,0,0,0,2024-01-01T00:00:00,2024-01-08T23:59:59,2100-12-01T00:00:00,0,0,800011419,0,0,0,0,0
11420,7201637,7211222,1,0,3117315,0,0,0,0,0,0,1001,1,0,0,0,1,0,0,1,1,0,0,2024-01-01T00:00:00,2024-01-11T23:59:59,2100-12-01T00:00:00,0,0,801110018,0,0,0,0,0
11421,7201112,7210418,1,crow11421,3102780,0,0,0,0,0,0,1023,30,0,0,0,0,0,0,3,0,0,0,2024-01-05T10:35:00,2024-01-25T10:29:59,2100-12-01T00:00:00,0,0,800010229,0,0,0,0,0
11422,7201649,7210952,1,crow11422,3117316,0,0,0,0,0,0,1023,28,0,0,0,0,0,0,1,0,0,0,2024-01-05T10:35:00,2024-01-18T10:29:59,2100-12-01T00:00:00,0,0,800010234,0,0,0,0,0
11423,7201650,7210953,1,crow11423,3117317,0,0,0,0,0,0,1023,29,0,0,0,0,0,0,1,0,0,0,2024-01-05T10:35:00,2024-01-18T10:29:59,2100-12-01T00:00:00,0,0,800010355,0,0,0,0,0
11426,7201426,7211134,1,crow11426,3117320,0,0,0,0,0,0,1023,31,0,0,0,2,0,0,5,0,0,0,2024-01-05T10:35:00,2024-01-25T10:29:59,2100-12-01T00:00:00,0,0,800010239,0,0,0,0,0
11427,7201115,7211135,1,crow11427,3117321,0,0,0,0,0,0,1023,32,0,0,0,2,0,0,3,0,0,0,2024-01-05T10:35:00,2024-01-25T10:29:59,2100-12-01T00:00:00,0,0,800010472,0,0,0,0,0
11428,7201117,7211136,1,crow11428,3117322,0,0,0,0,0,0,1023,33,0,0,0,0,0,0,2,0,0,0,2024-01-05T10:35:00,2024-01-25T10:29:59,2100-12-01T00:00:00,0,0,800010714,0,0,0,0,0
11429,7201653,7211137,1,crow11429,3117323,0,0,0,0,0,0,1023,34,0,0,0,0,0,0,3,0,0,0,2024-01-05T10:35:00,2024-01-25T10:29:59,2100-12-01T00:00:00,0,0,800011331,0,0,0,0,0
11430,7201654,7211138,1,crow11430,3117324,0,0,0,0,0,0,1023,35,0,0,0,0,0,0,3,0,0,0,2024-01-05T10:35:00,2024-01-25T10:29:59,2100-12-01T00:00:00,0,0,800011332,0,0,0,0,0
11431,7201655,7211237,1,crow11431,3117325,0,0,0,0,0,0,1023,24,0,0,0,0,0,0,1,0,0,0,2024-01-05T10:35:00,2024-01-25T10:29:59,2100-12-01T00:00:00,0,0,800011431,0,0,0,0,0
11432,7201656,7211238,1,crow11432,3117326,0,0,0,0,0,0,1023,25,0,0,0,0,0,0,1,0,0,0,2024-01-05T10:35:00,2024-01-25T10:29:59,2100-12-01T00:00:00,0,0,800011432,0,0,0,0,0
11433,7201174,7211139,1,crow11433,3117210,0,0,0,0,0,0,1039,5,0,0,0,0,0,0,3,0,0,0,2024-01-05T10:35:00,2024-01-25T10:29:59,2100-12-01T00:00:00,0,0,800011291,0,0,0,0,0
11434,7201160,7211140,1,crow11434,3117211,0,0,0,0,0,0,1039,6,0,0,0,0,0,0,2,0,0,0,2024-01-05T10:35:00,2024-01-25T10:29:59,2100-12-01T00:00:00,0,0,800011292,0,0,0,0,0
11435,7201657,7211239,1,crow11435,3117327,0,0,0,0,0,0,1023,26,0,0,0,0,0,0,2,0,0,0,2024-01-12T10:35:00,2024-02-11T10:29:59,2100-12-01T00:00:00,0,0,800011435,0,0,0,0,0
11436,7201658,7211240,1,crow11436,3117328,0,0,0,0,0,0,1023,27,0,0,0,0,0,0,2,0,0,0,2024-01-12T10:35:00,2024-02-11T10:29:59,2100-12-01T00:00:00,0,0,800011436,0,0,0,0,0
11437,7201659,7211241,1,crow11437,3117329,0,0,0,0,0,0,1023,28,0,0,0,0,0,0,2,0,0,0,2024-01-12T10:35:00,2024-02-11T10:29:59,2100-12-01T00:00:00,0,0,800011437,0,0,0,0,0
11438,7201660,7210418,1,crow11438,3117330,0,0,0,0,0,0,1023,29,0,0,0,0,0,0,3,0,0,0,2024-01-12T10:35:00,2024-02-01T10:29:59,2100-12-01T00:00:00,0,0,800010229,0,0,0,0,0
11439,7201661,7211015,1,crow11439,3117331,0,0,0,0,0,0,1023,25,0,0,0,0,0,0,3,0,0,0,2024-01-12T10:35:00,2024-02-01T10:29:59,2100-12-01T00:00:00,0,0,800011060,0,0,0,0,0
11440,7201662,7211158,1,crow11440,3117332,0,0,0,0,0,0,1023,35,0,0,0,0,0,0,1,0,0,0,2024-01-12T10:35:00,2024-02-01T10:29:59,2100-12-01T00:00:00,0,0,800010733,0,0,0,0,0
11441,7201663,7211159,1,crow11441,3117333,0,0,0,0,0,0,1023,36,0,0,0,2,0,0,5,0,0,0,2024-01-12T10:35:00,2024-02-01T10:29:59,2100-12-01T00:00:00,0,0,800011314,0,0,0,0,0
11442,7201664,7211160,1,crow11442,3117334,0,0,0,0,0,0,1023,37,0,0,0,0,0,0,3,0,0,0,2024-01-12T10:35:00,2024-02-01T10:29:59,2100-12-01T00:00:00,0,0,800010171,0,0,0,0,0
11443,7201665,7211210,1,crow11443,3117335,0,0,0,0,0,0,1023,32,0,0,0,0,0,0,1,0,0,0,2024-01-12T10:35:00,2024-02-01T10:29:59,2100-12-01T00:00:00,0,0,800011390,0,0,0,0,0
11444,7201666,7211242,1,crow11444,3117336,0,0,0,0,0,0,1023,33,0,0,0,2,0,0,3,0,0,0,2024-01-12T10:35:00,2024-02-01T10:29:59,2100-12-01T00:00:00,0,0,800010146,0,0,0,0,0
11445,7201558,7211244,1,crow11445,3117339,0,0,0,0,0,0,1023,30,0,0,0,0,0,0,1,0,0,0,2024-01-12T10:35:00,2024-02-01T10:29:59,2100-12-01T00:00:00,0,0,800011445,0,0,0,0,0
11446,7201131,7211245,1,crow11446,3117340,0,0,0,0,0,0,1023,31,0,0,0,0,0,0,1,0,0,0,2024-01-12T10:35:00,2024-02-01T10:29:59,2100-12-01T00:00:00,0,0,800011216,0,0,0,0,0
11447,7201159,7211164,1,crow11447,3117226,0,0,0,0,0,0,1039,5,0,0,0,0,0,0,3,0,0,0,2024-01-12T10:35:00,2024-02-01T10:29:59,2100-12-01T00:00:00,0,0,800011320,0,0,0,0,0
11448,7201173,7211165,1,crow11448,3117227,0,0,0,0,0,0,1039,6,0,0,0,0,0,0,2,0,0,0,2024-01-12T10:35:00,2024-02-01T10:29:59,2100-12-01T00:00:00,0,0,800010865,0,0,0,0,0
11450,7201669,7211248,1,crow11450_1,3117345,0,0,0,0,0,0,1025,106,0,0,0,0,0,0,1,0,0,0,2024-01-12T10:35:00,2026-08-28T10:29:59,2100-12-01T00:00:00,360,0,800011450,0,0,0,0,0
11463,7201678,7211252,1,crow11463,3117354,0,0,0,0,0,0,1023,16,0,0,0,0,0,0,2,0,0,0,2024-01-26T10:35:00,2024-02-25T10:29:59,2100-12-01T00:00:00,0,0,800011463,0,0,0,0,0
11464,7201679,7211253,1,crow11464,3117355,0,0,0,0,0,0,1023,17,0,0,0,0,0,0,2,0,0,0,2024-01-26T10:35:00,2024-02-25T10:29:59,2100-12-01T00:00:00,0,0,800011464,0,0,0,0,0
11465,7201680,7211254,1,crow11465,3117356,0,0,0,0,0,0,1023,18,0,0,0,0,0,0,2,0,0,0,2024-01-26T10:35:00,2024-02-25T10:29:59,2100-12-01T00:00:00,0,0,800011465,0,0,0,0,0
11466,7201681,7210226,1,crow11466,0,0,0,0,0,0,0,1023,15,0,0,0,0,0,0,1,0,0,0,2024-01-26T10:35:00,2024-02-01T10:29:59,2100-12-01T00:00:00,0,0,800010077,0,0,0,0,0
11467,7201682,7210418,1,crow11467,3117357,0,0,0,0,0,0,1023,19,0,0,0,0,0,0,3,0,0,0,2024-01-26T10:35:00,2024-02-15T10:29:59,2100-12-01T00:00:00,0,0,800010229,0,0,0,0,0
11468,7201683,7211158,1,crow11468,3117358,0,0,0,0,0,0,1023,20,0,0,0,0,0,0,1,0,0,0,2024-01-26T10:35:00,2024-02-15T10:29:59,2100-12-01T00:00:00,0,0,800010733,0,0,0,0,0
11469,7201684,7211159,1,crow11469,3117359,0,0,0,0,0,0,1023,21,0,0,0,2,0,0,5,0,0,0,2024-01-26T10:35:00,2024-02-15T10:29:59,2100-12-01T00:00:00,0,0,800011314,0,0,0,0,0
11470,7201685,7211160,1,crow11470,3117360,0,0,0,0,0,0,1023,22,0,0,0,0,0,0,3,0,0,0,2024-01-26T10:35:00,2024-02-15T10:29:59,2100-12-01T00:00:00,0,0,800010171,0,0,0,0,0
11471,7201686,7211137,1,crow11471,3117361,0,0,0,0,0,0,1023,23,0,0,0,0,0,0,3,0,0,0,2024-01-26T10:35:00,2024-02-15T10:29:59,2100-12-01T00:00:00,0,0,800011331,0,0,0,0,0
11472,7201687,7211138,1,crow11472,3117362,0,0,0,0,0,0,1023,24,0,0,0,0,0,0,3,0,0,0,2024-01-26T10:35:00,2024-02-15T10:29:59,2100-12-01T00:00:00,0,0,800011332,0,0,0,0,0
11473,7201688,7211255,1,crow11473,3117363,0,0,0,0,0,0,1023,14,0,0,0,0,0,0,1,0,0,0,2024-01-26T10:35:00,2024-02-15T10:29:59,2100-12-01T00:00:00,0,0,800011473,0,0,0,0,0
11474,7201193,7211180,1,crow11474,3117255,0,0,0,0,0,0,1039,3,0,0,0,2,0,0,2,0,0,0,2024-01-26T10:35:00,2024-02-15T10:29:59,2100-12-01T00:00:00,0,0,800011350,0,0,0,0,0
11475,7201172,7211181,1,crow11475,3117256,0,0,0,0,0,0,1039,4,0,0,0,0,0,0,3,0,0,0,2024-01-26T10:35:00,2024-02-15T10:29:59,2100-12-01T00:00:00,0,0,800011351,0,0,0,0,0
11476,7201307,7211106,1,crow11476,3117364,0,0,0,0,0,0,1023,15,0,0,0,0,0,0,10,0,0,0,2024-01-31T10:35:00,2024-02-29T10:29:59,2100-12-01T00:00:00,0,0,800011244,0,0,0,0,0
11477,7201308,7211257,1,crow11477,3117365,0,0,0,0,0,0,1023,16,0,0,0,0,0,0,10,0,0,0,2024-01-31T10:35:00,2024-02-29T10:29:59,2100-12-01T00:00:00,0,0,800011245,0,0,0,0,0
11478,7201309,7211108,1,crow11478,3117366,0,0,0,0,0,0,1023,17,0,0,0,0,0,0,10,0,0,0,2024-01-31T10:35:00,2024-02-29T10:29:59,2100-12-01T00:00:00,0,0,800011246,0,0,0,0,0
11479,7201690,7211109,1,crow11479,3117367,0,0,0,0,0,0,1023,20,0,0,0,0,0,0,2,0,0,0,2024-01-31T10:35:00,2024-02-29T10:29:59,2100-12-01T00:00:00,0,0,800011247,0,0,0,0,0
11480,7201311,7210418,1,crow11480,3102997,0,0,0,0,0,0,1023,19,0,0,0,0,0,0,3,0,0,0,2024-01-31T10:35:00,2024-02-21T10:29:59,2100-12-01T00:00:00,0,0,800010229,0,0,0,0,0
11481,7201312,7211258,1,crow11481,3117368,0,0,0,0,0,0,1023,18,0,0,0,0,0,0,1,0,0,0,2024-01-31T10:35:00,2024-02-29T10:29:59,2100-12-01T00:00:00,0,0,800011481,0,0,0,0,0
11482,7201313,7210996,1,crow11482,3102999,0,0,0,0,0,0,1023,23,0,0,0,0,0,0,1,0,0,0,2024-01-31T10:35:00,2024-02-21T10:29:59,2100-12-01T00:00:00,0,0,800011252,0,0,0,0,0
11483,7201691,7211134,1,crow11483,3117369,0,0,0,0,0,0,1023,24,0,0,0,2,0,0,5,0,0,0,2024-01-31T10:35:00,2024-02-21T10:29:59,2100-12-01T00:00:00,0,0,800010239,0,0,0,0,0
11484,7201315,7211135,1,crow11484,3117370,0,0,0,0,0,0,1023,25,0,0,0,2,0,0,3,0,0,0,2024-01-31T10:35:00,2024-02-21T10:29:59,2100-12-01T00:00:00,0,0,800010472,0,0,0,0,0
11485,7201692,7211136,1,crow11485,3117371,0,0,0,0,0,0,1023,26,0,0,0,0,0,0,2,0,0,0,2024-01-31T10:35:00,2024-02-21T10:29:59,2100-12-01T00:00:00,0,0,800010714,0,0,0,0,0
11486,7201490,7210890,1,crow11486,3117179,0,0,0,0,0,0,1023,27,0,0,0,3,0,0,2,0,0,0,2024-01-31T10:35:00,2024-02-21T10:29:59,2100-12-01T00:00:00,0,0,800010438,0,0,0,0,0
11487,7201693,7211162,1,crow11487,3117372,0,0,0,0,0,0,1023,21,0,0,0,0,0,0,1,0,0,0,2024-01-31T10:35:00,2024-02-21T10:29:59,2100-12-01T00:00:00,0,0,800010586,0,0,0,0,0
11488,7201694,7211204,1,crow11488,3117373,0,0,0,0,0,0,1023,22,0,0,0,0,0,0,1,0,0,0,2024-01-31T10:35:00,2024-02-21T10:29:59,2100-12-01T00:00:00,0,0,800011079,0,0,0,0,0
11489,7201174,7211139,1,crow11489,3117210,0,0,0,0,0,0,1039,7,0,0,0,0,0,0,3,0,0,0,2024-01-31T10:35:00,2024-02-21T10:29:59,2100-12-01T00:00:00,0,0,800011291,0,0,0,0,0
11490,7201160,7211140,1,crow11490,3117211,0,0,0,0,0,0,1039,8,0,0,0,0,0,0,2,0,0,0,2024-01-31T10:35:00,2024-02-21T10:29:59,2100-12-01T00:00:00,0,0,800011292,0,0,0,0,0
11491,7201695,7211259,1,crow11491,3117374,0,0,0,0,0,0,1032,1,0,0,0,0,0,0,3,0,0,168,2024-01-31T10:35:00,2024-12-24T10:29:59,2100-12-01T00:00:00,0,0,800011491,0,0,0,0,0
11492,7201704,7211273,1,crow11492,3117375,0,0,0,0,0,0,1034,18,0,0,0,0,0,0,6,0,0,0,2024-02-08T10:35:00,2024-03-09T10:29:59,2100-12-01T00:00:00,0,0,800011492,0,0,0,0,0
11493,7201705,7211274,1,crow11493,3117376,0,0,0,0,0,0,1034,19,0,0,0,0,0,0,4,0,0,0,2024-02-08T10:35:00,2024-03-09T10:29:59,2100-12-01T00:00:00,0,0,800011493,0,0,0,0,0
11494,7201706,7211275,1,crow11494,3117377,0,0,0,0,0,0,1034,20,0,0,0,0,0,0,2,0,0,0,2024-02-08T10:35:00,2024-03-09T10:29:59,2100-12-01T00:00:00,0,0,800011494,0,0,0,0,0
11495,7201707,7210226,1,crow11495,0,0,0,0,0,0,0,1034,15,0,0,0,0,0,0,1,0,0,0,2024-02-08T10:35:00,2024-02-28T10:29:59,2100-12-01T00:00:00,0,0,800011495,0,0,0,0,0
11496,7201708,7210497,1,crow11496,0,0,0,0,0,0,0,1034,16,0,0,0,0,0,0,1,0,0,0,2024-02-08T10:35:00,2024-02-28T10:29:59,2100-12-01T00:00:00,0,0,800011496,0,0,0,0,0
11497,7201709,7211130,1,crow11497,3117378,0,0,0,0,0,0,1034,17,0,0,0,0,0,0,1,0,0,0,2024-02-08T10:35:00,2024-02-28T10:29:59,2100-12-01T00:00:00,0,0,800011497,0,0,0,0,0
11498,7201710,7211217,1,crow11498,3117379,0,0,0,0,0,0,1034,10,0,0,0,0,0,0,1,0,0,0,2024-02-08T10:35:00,2024-02-28T10:29:59,2100-12-01T00:00:00,0,0,800011498,0,0,0,0,0
11499,7201711,7211218,1,crow11499,3117380,0,0,0,0,0,0,1034,11,0,0,0,0,0,0,3,0,0,0,2024-02-08T10:35:00,2024-02-28T10:29:59,2100-12-01T00:00:00,0,0,800011499,0,0,0,0,0
11500,7201712,7211219,1,crow11500,3117381,0,0,0,0,0,0,1034,12,0,0,0,0,0,0,1,0,0,0,2024-02-08T10:35:00,2024-02-28T10:29:59,2100-12-01T00:00:00,0,0,800011500,0,0,0,0,0
11501,7201713,7211220,1,crow11501,3117382,0,0,0,0,0,0,1034,13,0,0,0,0,0,0,1,0,0,0,2024-02-08T10:35:00,2024-02-28T10:29:59,2100-12-01T00:00:00,0,0,800011501,0,0,0,0,0
11502,7201714,7211221,1,crow11502,3117383,0,0,0,0,0,0,1034,14,0,0,0,0,0,0,1,0,0,0,2024-02-08T10:35:00,2024-02-28T10:29:59,2100-12-01T00:00:00,0,0,800011502,0,0,0,0,0
11503,7200809,7210661,1,crow11503,3117384,0,0,0,0,0,0,1034,21,0,0,0,0,0,0,3,0,0,0,2024-02-08T10:35:00,2024-02-28T10:29:59,2100-12-01T00:00:00,0,0,800011503,0,0,0,0,0
11504,7201715,7211138,1,crow11504,3117385,0,0,0,0,0,0,1034,22,0,0,0,0,0,0,3,0,0,0,2024-02-08T10:35:00,2024-02-28T10:29:59,2100-12-01T00:00:00,0,0,800011332,0,0,0,0,0
11505,7201469,7211029,1,crow11505,3117150,0,0,0,0,0,0,1039,5,0,0,0,0,0,0,1,0,0,0,2024-02-08T10:35:00,2024-02-28T10:29:59,2100-12-01T00:00:00,0,0,800011080,0,0,0,0,0
11506,7201470,7211030,1,crow11506,3117151,0,0,0,0,0,0,1039,6,0,0,0,0,0,0,1,0,0,0,2024-02-08T10:35:00,2024-02-28T10:29:59,2100-12-01T00:00:00,0,0,800011081,0,0,0,0,0
11507,7201716,7211267,1,0,3117386,0,0,0,0,0,0,1001,1,0,0,0,1,0,0,1,1,0,0,2024-02-08T10:35:00,2024-02-29T23:59:59,2100-12-01T00:00:00,0,0,801110019,0,0,0,0,0
11508,7201717,7211268,1,crow11508,3117387,0,0,0,0,0,0,1034,1,0,0,0,0,0,0,5,0,0,0,2024-02-16T10:35:00,2024-03-17T10:29:59,2100-12-01T00:00:00,0,0,800011508,0,0,0,0,0
11509,7201718,7211269,1,crow11509,3117388,0,0,0,0,0,0,1034,2,0,0,0,0,0,0,4,0,0,0,2024-02-16T10:35:00,2024-03-17T10:29:59,2100-12-01T00:00:00,0,0,800011509,0,0,0,0,0
11510,7201719,7211270,1,crow11510,3117389,0,0,0,0,0,0,1034,3,0,0,0,0,0,0,2,0,0,0,2024-02-16T10:35:00,2024-03-17T10:29:59,2100-12-01T00:00:00,0,0,800011510,0,0,0,0,0
11511,7201720,7210418,1,crow11511,3117390,0,0,0,0,0,0,1034,6,0,0,0,0,0,0,3,0,0,0,2024-02-16T10:35:00,2024-03-07T10:29:59,2100-12-01T00:00:00,0,0,800010229,0,0,0,0,0
11512,7201721,7211158,1,crow11512,3117391,0,0,0,0,0,0,1034,7,0,0,0,0,0,0,1,0,0,0,2024-02-16T10:35:00,2024-03-07T10:29:59,2100-12-01T00:00:00,0,0,800010733,0,0,0,0,0
11513,7201722,7211159,1,crow11513,3117392,0,0,0,0,0,0,1034,8,0,0,0,2,0,0,5,0,0,0,2024-02-16T10:35:00,2024-03-07T10:29:59,2100-12-01T00:00:00,0,0,800011314,0,0,0,0,0
11514,7201723,7211160,1,crow11514,3117393,0,0,0,0,0,0,1034,9,0,0,0,0,0,0,3,0,0,0,2024-02-16T10:35:00,2024-03-07T10:29:59,2100-12-01T00:00:00,0,0,800010171,0,0,0,0,0
11515,7201724,7211271,1,crow11515,3117394,0,0,0,0,0,0,1034,4,0,0,0,0,0,0,1,0,0,0,2024-02-16T10:35:00,2024-03-07T10:29:59,2100-12-01T00:00:00,0,0,800011515,0,0,0,0,0
11516,7201725,7211272,1,crow11516,3117395,0,0,0,0,0,0,1034,5,0,0,0,0,0,0,1,0,0,0,2024-02-16T10:35:00,2024-03-07T10:29:59,2100-12-01T00:00:00,0,0,800011516,0,0,0,0,0
11517,7201159,7211164,1,crow11517,3117226,0,0,0,0,0,0,1039,3,0,0,0,0,0,0,3,0,0,0,2024-02-16T10:35:00,2024-02-29T10:34:59,2100-12-01T00:00:00,0,0,800011320,0,0,0,0,0
11518,7201173,7211165,1,crow11518,3117227,0,0,0,0,0,0,1039,4,0,0,0,0,0,0,2,0,0,0,2024-02-16T10:35:00,2024-02-29T10:34:59,2100-12-01T00:00:00,0,0,800010865,0,0,0,0,0
11519,7200439,7211279,1,crow11519,3117396,0,0,0,0,0,0,1023,26,0,0,0,2,0,0,5,0,0,0,2024-02-22T10:35:00,2024-03-13T10:29:59,2100-12-01T00:00:00,0,0,800010466,0,0,0,0,0
11520,7200440,7210418,1,crow11520,3102871,0,0,0,0,0,0,1023,27,0,0,0,0,0,0,3,0,0,0,2024-02-22T10:35:00,2024-03-13T10:29:59,2100-12-01T00:00:00,0,0,800010229,0,0,0,0,0
11521,7201166,7210733,1,crow11521,3102986,0,0,0,0,0,0,1023,28,0,0,0,0,0,0,2,0,0,0,2024-02-22T10:35:00,2024-03-13T10:29:59,2100-12-01T00:00:00,0,0,800010253,0,0,0,0,0
11522,7201375,7211134,1,crow11522,3117239,0,0,0,0,0,0,1023,31,0,0,0,2,0,0,5,0,0,0,2024-02-22T10:35:00,2024-03-13T10:29:59,2100-12-01T00:00:00,0,0,800010239,0,0,0,0,0
11523,7201376,7211135,1,crow11523,3117240,0,0,0,0,0,0,1023,32,0,0,0,2,0,0,3,0,0,0,2024-02-22T10:35:00,2024-03-13T10:29:59,2100-12-01T00:00:00,0,0,800010472,0,0,0,0,0
11524,7201555,7211136,1,crow11524,3117228,0,0,0,0,0,0,1023,33,0,0,0,0,0,0,2,0,0,0,2024-02-22T10:35:00,2024-03-13T10:29:59,2100-12-01T00:00:00,0,0,800010714,0,0,0,0,0
11525,7201377,7211194,1,crow11525,3117401,0,0,0,0,0,0,1023,34,0,0,0,2,0,0,5,0,0,0,2024-02-22T10:35:00,2024-03-13T10:29:59,2100-12-01T00:00:00,0,0,800010535,0,0,0,0,0
11526,7201378,7211280,1,crow11526,3117397,0,0,0,0,0,0,1023,29,0,0,0,0,0,0,1,0,0,0,2024-02-22T10:35:00,2024-03-13T10:29:59,2100-12-01T00:00:00,0,0,800011104,0,0,0,0,0
11527,7201379,7211281,1,crow11527,3117398,0,0,0,0,0,0,1023,30,0,0,0,0,0,0,1,0,0,0,2024-02-22T10:35:00,2024-03-13T10:29:59,2100-12-01T00:00:00,0,0,800011105,0,0,0,0,0
11528,7200659,7210577,1,crow11528,3102873,0,0,0,0,0,0,1023,35,0,0,0,3,0,0,2,0,0,0,2024-02-22T10:35:00,2024-03-13T10:29:59,2100-12-01T00:00:00,0,0,800010406,0,0,0,0,0
11529,7201556,7211137,1,crow11529,3117236,0,0,0,0,0,0,1023,36,0,0,0,0,0,0,3,0,0,0,2024-02-22T10:35:00,2024-03-13T10:29:59,2100-12-01T00:00:00,0,0,800011331,0,0,0,0,0
11530,7201557,7211138,1,crow11530,3117237,0,0,0,0,0,0,1023,37,0,0,0,0,0,0,3,0,0,0,2024-02-22T10:35:00,2024-03-13T10:29:59,2100-12-01T00:00:00,0,0,800011332,0,0,0,0,0
11531,7201193,7211180,1,crow11531,3117255,0,0,0,0,0,0,1039,1,0,0,0,2,0,0,2,0,0,0,2024-02-22T10:35:00,2024-02-29T10:34:59,2100-12-01T00:00:00,0,0,800011350,0,0,0,0,0
11532,7201172,7211181,1,crow11532,3117256,0,0,0,0,0,0,1039,2,0,0,0,0,0,0,3,0,0,0,2024-02-22T10:35:00,2024-02-29T10:34:59,2100-12-01T00:00:00,0,0,800011351,0,0,0,0,0
11533,7201729,7211284,1,crow11533,3117404,0,0,0,0,0,0,1023,39,0,0,0,0,0,0,2,0,0,0,2024-02-29T10:35:00,2024-03-30T10:29:59,2100-12-01T00:00:00,0,0,800011533,0,0,0,0,0
11534,7201730,7211285,1,crow11534,3117405,0,0,0,0,0,0,1023,40,0,0,0,0,0,0,2,0,0,0,2024-02-29T10:35:00,2024-03-30T10:29:59,2100-12-01T00:00:00,0,0,800011534,0,0,0,0,0
11535,7201731,7211286,1,crow11535,3117406,0,0,0,0,0,0,1023,41,0,0,0,0,0,0,2,0,0,0,2024-02-29T10:35:00,2024-03-30T10:29:59,2100-12-01T00:00:00,0,0,800011535,0,0,0,0,0
11536,7201732,7211287,1,crow11536,3117407,0,0,0,0,0,0,1023,42,0,0,0,0,0,0,1,0,0,0,2024-02-29T10:35:00,2024-03-30T10:29:59,2100-12-01T00:00:00,0,0,800010355,0,0,0,0,0
11537,7201733,7210418,1,crow11537,3117408,0,0,0,0,0,0,1023,31,0,0,0,0,0,0,3,0,0,0,2024-02-29T10:35:00,2024-03-20T10:29:59,2100-12-01T00:00:00,0,0,800010229,0,0,0,0,0
11538,7201677,7210990,1,crow11538,0,0,0,0,0,0,0,1023,1,0,0,0,0,0,0,1,0,0,0,2024-02-29T10:35:00,2024-03-07T10:29:59,2100-12-01T00:00:00,0,0,800010077,0,0,0,0,0
11539,7201734,7211158,1,crow11539,3117409,0,0,0,0,0,0,1023,34,0,0,0,0,0,0,1,0,0,0,2024-02-29T10:35:00,2024-03-20T10:29:59,2100-12-01T00:00:00,0,0,800010733,0,0,0,0,0
11540,7201735,7211159,1,crow11540,3117410,0,0,0,0,0,0,1023,35,0,0,0,2,0,0,5,0,0,0,2024-02-29T10:35:00,2024-03-20T10:29:59,2100-12-01T00:00:00,0,0,800011314,0,0,0,0,0
11541,7201736,7211160,1,crow11541,3117411,0,0,0,0,0,0,1023,36,0,0,0,0,0,0,3,0,0,0,2024-02-29T10:35:00,2024-03-20T10:29:59,2100-12-01T00:00:00,0,0,800010171,0,0,0,0,0
11542,7201737,7210890,1,crow11542,3117412,0,0,0,0,0,0,1023,37,0,0,0,3,0,0,3,0,0,0,2024-02-29T10:35:00,2024-03-20T10:29:59,2100-12-01T00:00:00,0,0,800010438,0,0,0,0,0
11543,7201738,7211288,1,crow11543,3117413,0,0,0,0,0,0,1023,25,0,0,0,0,0,0,1,0,0,0,2024-02-29T10:35:00,2024-03-20T10:29:59,2100-12-01T00:00:00,0,0,800011543,0,0,0,0,0
11544,7201739,7211289,1,crow11544,3117414,0,0,0,0,0,0,1023,26,0,0,0,0,0,0,2,0,0,0,2024-02-29T10:35:00,2024-03-20T10:29:59,2100-12-01T00:00:00,0,0,800011079,0,0,0,0,0
11545,7201267,7210963,1,crow11545,3102955,0,0,0,0,0,0,1023,32,0,0,0,0,0,0,2,0,0,0,2024-02-29T10:35:00,2024-03-20T10:29:59,2100-12-01T00:00:00,0,0,800010976,0,0,0,0,0
11546,7201740,7211290,1,crow11546,3117415,0,0,0,0,0,0,1023,33,0,0,0,0,0,0,1,0,0,0,2024-02-29T10:35:00,2024-03-20T10:29:59,2100-12-01T00:00:00,0,0,800011546,0,0,0,0,0
11547,7201193,7211180,1,crow11547,3117255,0,0,0,0,0,0,1039,3,0,0,0,2,0,0,2,0,0,0,2024-02-29T10:35:00,2026-08-28T10:29:59,2100-12-01T00:00:00,0,0,800011350,0,0,0,0,0
11548,7201172,7212045,1,crow11548,3117256,0,0,0,0,0,0,1039,6,0,0,0,3,0,0,3,0,0,0,2024-02-29T10:35:00,2026-08-28T10:29:59,2100-12-01T00:00:00,0,0,800012852,0,0,0,0,0
11549,7201174,7211139,1,crow11549,3117210,0,0,0,0,0,0,1039,4,0,0,0,2,0,0,2,0,0,0,2024-02-29T10:35:00,2026-08-28T10:29:59,2100-12-01T00:00:00,0,0,800011291,0,0,0,0,0
11550,7201160,7211140,1,crow11550,3117211,0,0,0,0,0,0,1039,7,0,0,0,3,0,0,2,0,0,0,2024-02-29T10:35:00,2026-08-28T10:29:59,2100-12-01T00:00:00,0,0,800011292,0,0,0,0,0
11551,7203069,7212046,1,crow11551,3117226,0,0,0,0,0,0,1039,5,0,0,0,2,0,0,2,0,0,0,2024-02-29T10:35:00,2026-08-28T10:29:59,2100-12-01T00:00:00,0,0,800012853,0,0,0,0,0
11552,7201173,7211165,1,crow11552,3117227,0,0,0,0,0,0,1039,8,0,0,0,3,0,0,2,0,0,0,2024-02-29T10:35:00,2026-08-28T10:29:59,2100-12-01T00:00:00,0,0,800010865,0,0,0,0,0
11553,7201469,7211029,1,crow11553,3117150,0,0,0,0,0,0,1039,1,0,0,0,3,0,0,1,0,0,0,2024-02-29T10:35:00,2026-08-28T10:29:59,2100-12-01T00:00:00,0,0,800011080,0,0,0,0,0
11554,7201470,7211030,1,crow11554,3117151,0,0,0,0,0,0,1039,2,0,0,0,3,0,0,1,0,0,0,2024-02-29T10:35:00,2026-08-28T10:29:59,2100-12-01T00:00:00,0,0,800011081,0,0,0,0,0
11555,7201750,7211279,1,crow11555,3117416,0,0,0,0,0,0,1023,33,0,0,0,2,0,0,5,0,0,0,2024-03-08T10:35:00,2024-03-28T10:29:59,2100-12-01T00:00:00,0,0,800010466,0,0,0,0,0
11556,7201751,7210418,1,crow11556,3117417,0,0,0,0,0,0,1023,34,0,0,0,0,0,0,3,0,0,0,2024-03-08T10:35:00,2024-03-28T10:29:59,2100-12-01T00:00:00,0,0,800010229,0,0,0,0,0
11557,7201752,7211301,1,crow11557,3117418,0,0,0,0,0,0,1023,35,0,0,0,0,0,0,1,0,0,0,2024-03-08T10:35:00,2024-03-21T10:29:59,2100-12-01T00:00:00,0,0,800010153,0,0,0,0,0
11558,7201753,7211134,1,crow11558,3117419,0,0,0,0,0,0,1023,36,0,0,0,2,0,0,5,0,0,0,2024-03-08T10:35:00,2024-03-28T10:29:59,2100-12-01T00:00:00,0,0,800010239,0,0,0,0,0
11559,7201754,7211135,1,crow11559,3117420,0,0,0,0,0,0,1023,37,0,0,0,2,0,0,3,0,0,0,2024-03-08T10:35:00,2024-03-28T10:29:59,2100-12-01T00:00:00,0,0,800010472,0,0,0,0,0
11560,7201755,7211136,1,crow11560,3117421,0,0,0,0,0,0,1023,38,0,0,0,0,0,0,2,0,0,0,2024-03-08T10:35:00,2024-03-28T10:29:59,2100-12-01T00:00:00,0,0,800010714,0,0,0,0,0
11561,7201628,7211216,1,crow11561,3117308,0,0,0,0,0,0,1023,30,0,0,0,0,0,0,1,0,0,0,2024-03-08T10:35:00,2024-03-28T10:29:59,2100-12-01T00:00:00,0,0,800011409,0,0,0,0,0
11562,7201693,7211162,1,crow11562,3117372,0,0,0,0,0,0,1023,31,0,0,0,0,0,0,1,0,0,0,2024-03-08T10:35:00,2024-03-28T10:29:59,2100-12-01T00:00:00,0,0,800010586,0,0,0,0,0
11563,7201482,7211302,1,crow11563,3117422,0,0,0,0,0,0,1023,32,0,0,0,0,0,0,2,0,0,0,2024-03-08T10:35:00,2024-03-28T10:29:59,2100-12-01T00:00:00,0,0,800010635,0,0,0,0,0
11564,7201759,7211306,1,crow11564_1,3117429,0,0,0,0,0,0,1023,50,0,0,0,0,0,0,2,0,0,0,2024-03-16T10:35:00,2024-04-15T10:29:59,2100-12-01T00:00:00,0,0,800011564,0,0,0,0,0
11565,7201760,7211307,1,crow11565_1,3117430,0,0,0,0,0,0,1023,51,0,0,0,0,0,0,2,0,0,0,2024-03-16T10:35:00,2024-04-15T10:29:59,2100-12-01T00:00:00,0,0,800011565,0,0,0,0,0
11566,7201761,7211308,1,crow11566_1,3117431,0,0,0,0,0,0,1023,52,0,0,0,0,0,0,2,0,0,0,2024-03-16T10:35:00,2024-04-15T10:29:59,2100-12-01T00:00:00,0,0,800011566,0,0,0,0,0
11568,7201763,7210226,1,crow11568_1,0,0,0,0,0,0,0,1023,12,0,0,0,0,0,0,1,0,0,0,2024-03-16T10:35:00,2024-03-22T10:29:59,2100-12-01T00:00:00,0,0,800010077,0,0,0,0,0
11569,7201764,7210418,1,crow11569,3117433,0,0,0,0,0,0,1023,38,0,0,0,0,0,0,3,0,0,0,2024-03-16T10:35:00,2024-04-05T10:29:59,2100-12-01T00:00:00,0,0,800010229,0,0,0,0,0
11570,7201765,7211158,1,crow11570,3117434,0,0,0,0,0,0,1023,39,0,0,0,0,0,0,1,0,0,0,2024-03-16T10:35:00,2024-04-05T10:29:59,2100-12-01T00:00:00,0,0,800010733,0,0,0,0,0
11571,7201766,7211159,1,crow11571,3117435,0,0,0,0,0,0,1023,40,0,0,0,2,0,0,5,0,0,0,2024-03-16T10:35:00,2024-04-05T10:29:59,2100-12-01T00:00:00,0,0,800011314,0,0,0,0,0
11572,7201767,7211160,1,crow11572,3117436,0,0,0,0,0,0,1023,41,0,0,0,0,0,0,3,0,0,0,2024-03-16T10:35:00,2024-04-05T10:29:59,2100-12-01T00:00:00,0,0,800010171,0,0,0,0,0
11573,7201768,7211210,1,crow11573,3117437,0,0,0,0,0,0,1023,42,0,0,0,0,0,0,1,0,0,0,2024-03-16T10:35:00,2024-04-05T10:29:59,2100-12-01T00:00:00,0,0,800011390,0,0,0,0,0
11574,7201558,7211244,1,crow11574,3117339,0,0,0,0,0,0,1023,43,0,0,0,0,0,0,1,0,0,0,2024-03-16T10:35:00,2024-04-05T10:29:59,2100-12-01T00:00:00,0,0,800011445,0,0,0,0,0
11575,7201131,7211245,1,crow11575,3117340,0,0,0,0,0,0,1023,44,0,0,0,0,0,0,1,0,0,0,2024-03-16T10:35:00,2024-04-05T10:29:59,2100-12-01T00:00:00,0,0,800011216,0,0,0,0,0
11576,7201133,7211177,1,crow11576,3117252,0,0,0,0,0,0,1023,45,0,0,0,2,0,0,5,0,0,0,2024-03-16T10:35:00,2024-04-05T10:29:59,2100-12-01T00:00:00,0,0,800010766,0,0,0,0,0
11577,7201769,7211137,1,crow11577,3117438,0,0,0,0,0,0,1023,46,0,0,0,0,0,0,3,0,0,0,2024-03-16T10:35:00,2024-04-05T10:29:59,2100-12-01T00:00:00,0,0,800011331,0,0,0,0,0
11578,7201770,7211138,1,crow11578,3117439,0,0,0,0,0,0,1023,47,0,0,0,0,0,0,3,0,0,0,2024-03-16T10:35:00,2024-04-05T10:29:59,2100-12-01T00:00:00,0,0,800011332,0,0,0,0,0
11579,7201771,7211290,1,crow11579,3117440,0,0,0,0,0,0,1023,48,0,0,0,0,0,0,1,0,0,0,2024-03-16T10:35:00,2024-04-05T10:29:59,2100-12-01T00:00:00,0,0,800011546,0,0,0,0,0
11580,7201778,7211279,1,crow11580,3117441,0,0,0,0,0,0,1023,42,0,0,0,2,0,0,5,0,0,0,2024-03-22T10:35:00,2024-04-11T10:29:59,2100-12-01T00:00:00,0,0,800010466,0,0,0,0,0
11581,7201779,7210418,1,crow11581,3117442,0,0,0,0,0,0,1023,43,0,0,0,0,0,0,3,0,0,0,2024-03-22T10:35:00,2024-04-11T10:29:59,2100-12-01T00:00:00,0,0,800010229,0,0,0,0,0
11582,7201780,7211316,1,crow11582,3117443,0,0,0,0,0,0,1023,44,0,0,0,0,0,0,1,0,0,0,2024-03-22T10:35:00,2024-04-11T10:29:59,2100-12-01T00:00:00,0,0,800011582,0,0,0,0,0
11583,7201781,7210733,1,crow11583,3117444,0,0,0,0,0,0,1023,45,0,0,0,0,0,0,2,0,0,0,2024-03-22T10:35:00,2024-04-11T10:29:59,2100-12-01T00:00:00,0,0,800010253,0,0,0,0,0
11584,7201782,7211134,1,crow11584,3117445,0,0,0,0,0,0,1023,46,0,0,0,2,0,0,5,0,0,0,2024-03-22T10:35:00,2024-04-11T10:29:59,2100-12-01T00:00:00,0,0,800010239,0,0,0,0,0
11585,7201783,7211135,1,crow11585,3117446,0,0,0,0,0,0,1023,47,0,0,0,2,0,0,3,0,0,0,2024-03-22T10:35:00,2024-04-11T10:29:59,2100-12-01T00:00:00,0,0,800010472,0,0,0,0,0
11586,7201170,7211136,1,crow11586,3117447,0,0,0,0,0,0,1023,48,0,0,0,0,0,0,2,0,0,0,2024-03-22T10:35:00,2024-04-11T10:29:59,2100-12-01T00:00:00,0,0,800010714,0,0,0,0,0
11587,7201784,7211194,1,crow11587,3117448,0,0,0,0,0,0,1023,49,0,0,0,2,0,0,5,0,0,0,2024-03-22T10:35:00,2024-04-11T10:29:59,2100-12-01T00:00:00,0,0,800010535,0,0,0,0,0
11588,7201785,7211197,1,crow11588,3117449,0,0,0,0,0,0,1023,39,0,0,0,0,0,0,2,0,0,0,2024-03-22T10:35:00,2024-04-11T10:29:59,2100-12-01T00:00:00,0,0,800011361,0,0,0,0,0
11589,7201786,7211317,1,crow11589,3117450,0,0,0,0,0,0,1023,40,0,0,0,0,0,0,2,0,0,0,2024-03-22T10:35:00,2024-04-11T10:29:59,2100-12-01T00:00:00,0,0,800011589,0,0,0,0,0
11590,7201787,7211318,1,crow11590,3117451,0,0,0,0,0,0,1023,41,0,0,0,0,0,0,2,0,0,0,2024-03-22T10:35:00,2024-04-11T10:29:59,2100-12-01T00:00:00,0,0,800011590,0,0,0,0,0
11591,7201788,7211319,1,crow11591,3117452,0,0,0,0,0,0,1023,49,0,0,0,0,0,0,2,0,0,0,2024-03-30T10:35:00,2024-04-29T10:29:59,2100-12-01T00:00:00,0,0,800011591,0,0,0,0,0
11592,7201789,7211320,1,crow11592,3117453,0,0,0,0,0,0,1023,50,0,0,0,0,0,0,2,0,0,0,2024-03-30T10:35:00,2024-04-29T10:29:59,2100-12-01T00:00:00,0,0,800011592,0,0,0,0,0
11593,7201790,7211321,1,crow11593,3117454,0,0,0,0,0,0,1023,51,0,0,0,0,0,0,2,0,0,0,2024-03-30T10:35:00,2024-04-29T10:29:59,2100-12-01T00:00:00,0,0,800011593,0,0,0,0,0
11594,7201791,7211322,1,crow11594,3117455,0,0,0,0,0,0,1023,52,0,0,0,0,0,0,1,0,0,0,2024-03-30T10:35:00,2024-04-29T10:29:59,2100-12-01T00:00:00,0,0,800010220,0,0,0,0,0
11595,7201677,7210990,1,crow11595,0,0,0,0,0,0,0,1023,11,0,0,0,0,0,0,1,0,0,0,2024-03-30T10:35:00,2024-04-04T10:29:59,2100-12-01T00:00:00,0,0,800011027,0,0,0,0,0
11596,7201792,7210418,1,crow11596,3117456,0,0,0,0,0,0,1023,27,0,0,0,0,0,0,3,0,0,0,2024-03-30T10:35:00,2024-04-19T10:29:59,2100-12-01T00:00:00,0,0,800010229,0,0,0,0,0
11597,7201793,7211158,1,crow11597,3117457,0,0,0,0,0,0,1023,33,0,0,0,0,0,0,1,0,0,0,2024-03-30T10:35:00,2024-04-19T10:29:59,2100-12-01T00:00:00,0,0,800010733,0,0,0,0,0
11598,7201794,7211159,1,crow11598,3117458,0,0,0,0,0,0,1023,34,0,0,0,2,0,0,5,0,0,0,2024-03-30T10:35:00,2024-04-19T10:29:59,2100-12-01T00:00:00,0,0,800011314,0,0,0,0,0
11599,7201795,7211160,1,crow11599,3117459,0,0,0,0,0,0,1023,35,0,0,0,0,0,0,3,0,0,0,2024-03-30T10:35:00,2024-04-19T10:29:59,2100-12-01T00:00:00,0,0,800010171,0,0,0,0,0
11600,7201796,7211323,1,crow11600,3117460,0,0,0,0,0,0,1023,36,0,0,0,3,0,0,3,0,0,0,2024-03-30T10:35:00,2024-04-19T10:29:59,2100-12-01T00:00:00,0,0,800010438,0,0,0,0,0
11601,7201797,7211324,1,crow11601,3117461,0,0,0,0,0,0,1023,28,0,0,0,0,0,0,2,0,0,0,2024-03-30T10:35:00,2024-04-19T10:29:59,2100-12-01T00:00:00,0,0,800011601,0,0,0,0,0
11602,7201798,7211137,1,crow11602,3117462,0,0,0,0,0,0,1023,37,0,0,0,0,0,0,3,0,0,0,2024-03-30T10:35:00,2024-04-19T10:29:59,2100-12-01T00:00:00,0,0,800011331,0,0,0,0,0
11603,7201799,7211138,1,crow11603,3117463,0,0,0,0,0,0,1023,38,0,0,0,0,0,0,3,0,0,0,2024-03-30T10:35:00,2024-04-19T10:29:59,2100-12-01T00:00:00,0,0,800011332,0,0,0,0,0
11604,7201802,7210418,1,crow11604,3117464,0,0,0,0,0,0,1023,42,0,0,0,0,0,0,3,0,0,0,2024-04-05T10:35:00,2024-04-25T10:29:59,2100-12-01T00:00:00,0,0,800010229,0,0,0,0,0
11605,7201780,7211316,1,crow11605,3117443,0,0,0,0,0,0,1023,43,0,0,0,0,0,0,1,0,0,0,2024-04-05T10:35:00,2024-04-25T10:29:59,2100-12-01T00:00:00,0,0,800011582,0,0,0,0,0
11606,7201781,7210733,1,crow11606,3117444,0,0,0,0,0,0,1023,44,0,0,0,0,0,0,2,0,0,0,2024-04-05T10:35:00,2024-04-25T10:29:59,2100-12-01T00:00:00,0,0,800010253,0,0,0,0,0
11607,7201782,7211134,1,crow11607,3117445,0,0,0,0,0,0,1023,45,0,0,0,2,0,0,5,0,0,0,2024-04-05T10:35:00,2024-04-25T10:29:59,2100-12-01T00:00:00,0,0,800010239,0,0,0,0,0
11608,7201783,7211135,1,crow11608,3117446,0,0,0,0,0,0,1023,46,0,0,0,2,0,0,3,0,0,0,2024-04-05T10:35:00,2024-04-25T10:29:59,2100-12-01T00:00:00,0,0,800010472,0,0,0,0,0
11609,7201170,7211136,1,crow11609,3117447,0,0,0,0,0,0,1023,47,0,0,0,0,0,0,2,0,0,0,2024-04-05T10:35:00,2024-04-25T10:29:59,2100-12-01T00:00:00,0,0,800010714,0,0,0,0,0
11610,7201784,7211194,1,crow11610,3117448,0,0,0,0,0,0,1023,48,0,0,0,2,0,0,5,0,0,0,2024-04-05T10:35:00,2024-04-25T10:29:59,2100-12-01T00:00:00,0,0,800010535,0,0,0,0,0
11611,7201803,7211217,1,crow11611,3117465,0,0,0,0,0,0,1023,39,0,0,0,0,0,0,1,0,0,0,2024-04-05T10:35:00,2024-04-25T10:29:59,2100-12-01T00:00:00,0,0,800011611,0,0,0,0,0
11612,7201804,7211327,1,crow11612,3117466,0,0,0,0,0,0,1023,40,0,0,0,0,0,0,2,0,0,0,2024-04-05T10:35:00,2024-04-25T10:29:59,2100-12-01T00:00:00,0,0,800011612,0,0,0,0,0
11613,7201805,7211328,1,crow11613,3117467,0,0,0,0,0,0,1023,41,0,0,0,0,0,0,2,0,0,0,2024-04-05T10:35:00,2024-04-25T10:29:59,2100-12-01T00:00:00,0,0,800011613,0,0,0,0,0
11614,7201806,7211329,1,0,3117468,0,0,0,0,0,0,1001,1,0,0,0,1,0,0,1,1,0,0,2024-03-30T10:35:00,2024-04-11T23:59:59,2100-12-01T00:00:00,0,0,801110020,0,0,0,0,0
11615,7201809,7211332,1,crow11615,3117473,0,0,0,0,0,0,1025,106,0,0,0,0,0,0,1,0,0,0,2024-04-12T10:35:00,2026-08-28T10:29:59,2100-12-01T00:00:00,400,0,800011615,0,0,0,0,0
11616,7201810,7211333,1,crow11616,3117474,0,0,0,0,0,0,1023,25,0,0,0,0,0,0,2,0,0,0,2024-04-12T10:35:00,2024-05-12T10:29:59,2100-12-01T00:00:00,0,0,800011616,0,0,0,0,0
11617,7201811,7211334,1,crow11617,3117475,0,0,0,0,0,0,1023,26,0,0,0,0,0,0,2,0,0,0,2024-04-12T10:35:00,2024-05-12T10:29:59,2100-12-01T00:00:00,0,0,800011617,0,0,0,0,0
11618,7201812,7211335,1,crow11618,3117476,0,0,0,0,0,0,1023,27,0,0,0,0,0,0,2,0,0,0,2024-04-12T10:35:00,2024-05-12T10:29:59,2100-12-01T00:00:00,0,0,800011618,0,0,0,0,0
11619,7201813,7211336,1,crow11619,3117477,0,0,0,0,0,0,1023,28,0,0,0,0,0,0,1,0,0,0,2024-04-12T10:35:00,2024-05-12T10:29:59,2100-12-01T00:00:00,0,0,800010177,0,0,0,0,0
11620,7201814,7210418,1,crow11620,3117478,0,0,0,0,0,0,1023,29,0,0,0,0,0,0,3,0,0,0,2024-04-12T10:35:00,2024-05-02T10:29:59,2100-12-01T00:00:00,0,0,800010229,0,0,0,0,0
11621,7201815,7211158,1,crow11621,3117479,0,0,0,0,0,0,1023,30,0,0,0,0,0,0,1,0,0,0,2024-04-12T10:35:00,2024-05-02T10:29:59,2100-12-01T00:00:00,0,0,800010733,0,0,0,0,0
11622,7201816,7211159,1,crow11622,3117480,0,0,0,0,0,0,1023,31,0,0,0,2,0,0,5,0,0,0,2024-04-12T10:35:00,2024-05-02T10:29:59,2100-12-01T00:00:00,0,0,800011314,0,0,0,0,0
11623,7201817,7211160,1,crow11623,3117481,0,0,0,0,0,0,1023,32,0,0,0,0,0,0,3,0,0,0,2024-04-12T10:35:00,2024-05-02T10:29:59,2100-12-01T00:00:00,0,0,800010171,0,0,0,0,0
11624,7201084,7211337,1,crow11624,3117482,0,0,0,0,0,0,1023,33,0,0,0,0,0,0,1,0,0,0,2024-04-12T10:35:00,2024-05-02T10:29:59,2100-12-01T00:00:00,0,0,800010584,0,0,0,0,0
11625,7201666,7211242,1,crow11625,3117336,0,0,0,0,0,0,1023,34,0,0,0,2,0,0,3,0,0,0,2024-04-12T10:35:00,2024-05-02T10:29:59,2100-12-01T00:00:00,0,0,800010146,0,0,0,0,0
11626,7201818,7211338,1,crow11626,3117483,0,0,0,0,0,0,1023,23,0,0,0,0,0,0,2,0,0,0,2024-04-12T10:35:00,2024-05-02T10:29:59,2100-12-01T00:00:00,0,0,800011626,0,0,0,0,0
11627,7201819,7211339,1,crow11627,3117484,0,0,0,0,0,0,1023,24,0,0,0,0,0,0,1,0,0,0,2024-04-12T10:35:00,2024-05-02T10:29:59,2100-12-01T00:00:00,0,0,800011627,0,0,0,0,0
11628,7201694,7211289,1,crow11628,3117485,0,0,0,0,0,0,1023,35,0,0,0,0,0,0,1,0,0,0,2024-04-12T10:35:00,2024-05-02T10:29:59,2100-12-01T00:00:00,0,0,800011079,0,0,0,0,0
11629,7201820,7211137,1,crow11629,3117486,0,0,0,0,0,0,1023,36,0,0,0,0,0,0,3,0,0,0,2024-04-12T10:35:00,2024-05-02T10:29:59,2100-12-01T00:00:00,0,0,800011331,0,0,0,0,0
11630,7201821,7211138,1,crow11630,3117487,0,0,0,0,0,0,1023,37,0,0,0,0,0,0,3,0,0,0,2024-04-12T10:35:00,2024-05-02T10:29:59,2100-12-01T00:00:00,0,0,800011332,0,0,0,0,0
11631,7201822,7211290,1,crow11631,3117488,0,0,0,0,0,0,1023,38,0,0,0,0,0,0,1,0,0,0,2024-04-12T10:35:00,2024-05-02T10:29:59,2100-12-01T00:00:00,0,0,800011546,0,0,0,0,0
11632,7201824,7211340,1,0,3104012,0,0,0,0,0,0,1004,10,0,0,0,2,0,0,1,0,0,0,2024-04-12T10:35:00,2100-12-31T00:00:00,2100-12-01T00:00:00,0,0,710000151,0,0,0,0,0
11633,7201825,7211279,1,crow11633,3117489,0,0,0,0,0,0,1023,17,0,0,0,2,0,0,5,0,0,0,2024-04-19T10:35:00,2024-05-09T10:29:59,2100-12-01T00:00:00,0,0,800010466,0,0,0,0,0
11634,7201670,7210418,1,crow11634,3117346,0,0,0,0,0,0,1023,18,0,0,0,0,0,0,3,0,0,0,2024-04-19T10:35:00,2024-05-09T10:29:59,2100-12-01T00:00:00,0,0,800010229,0,0,0,0,0
11635,7201381,7210990,1,crow11635,0,0,0,0,0,0,0,1023,15,0,0,0,0,0,0,1,0,0,0,2024-04-19T10:35:00,2024-05-09T10:29:59,2100-12-01T00:00:00,0,0,800011027,0,0,0,0,0
11636,7201672,7211134,1,crow11636,3117348,0,0,0,0,0,0,1023,19,0,0,0,2,0,0,5,0,0,0,2024-04-19T10:35:00,2024-05-09T10:29:59,2100-12-01T00:00:00,0,0,800010239,0,0,0,0,0
11637,7201673,7211135,1,crow11637,3117349,0,0,0,0,0,0,1023,20,0,0,0,2,0,0,3,0,0,0,2024-04-19T10:35:00,2024-05-09T10:29:59,2100-12-01T00:00:00,0,0,800010472,0,0,0,0,0
11638,7201674,7211136,1,crow11638,3117350,0,0,0,0,0,0,1023,21,0,0,0,0,0,0,2,0,0,0,2024-04-19T10:35:00,2024-05-09T10:29:59,2100-12-01T00:00:00,0,0,800010714,0,0,0,0,0
11639,7201675,7211194,1,crow11639,3117351,0,0,0,0,0,0,1023,22,0,0,0,2,0,0,5,0,0,0,2024-04-19T10:35:00,2024-05-09T10:29:59,2100-12-01T00:00:00,0,0,800010535,0,0,0,0,0
11640,7201558,7211244,1,crow11640,3117339,0,0,0,0,0,0,1023,16,0,0,0,0,0,0,1,0,0,0,2024-04-19T10:35:00,2024-05-09T10:29:59,2100-12-01T00:00:00,0,0,800011445,0,0,0,0,0
11641,7201826,7211341,1,crow11641,3117490,0,0,0,0,0,0,1023,14,0,0,0,0,0,0,2,0,0,0,2024-04-19T10:35:00,2024-05-09T10:29:59,2100-12-01T00:00:00,0,0,800011641,0,0,0,0,0
11642,7200969,7210771,1,crow11642,3117498,0,0,0,0,0,0,1023,26,0,0,0,0,0,0,10,0,0,0,2024-04-25T10:35:00,2024-05-26T10:29:59,2100-12-01T00:00:00,0,0,800011642,0,0,0,0,0
11643,7200970,7211343,1,crow11643,3117491,0,0,0,0,0,0,1023,27,0,0,0,0,0,0,10,0,0,0,2024-04-25T10:35:00,2024-05-26T10:29:59,2100-12-01T00:00:00,0,0,800011643,0,0,0,0,0
11644,7200971,7210773,1,crow11644,3117499,0,0,0,0,0,0,1023,28,0,0,0,0,0,0,10,0,0,0,2024-04-25T10:35:00,2024-05-26T10:29:59,2100-12-01T00:00:00,0,0,800011644,0,0,0,0,0
11645,7200972,7210774,1,crow11645,3117500,0,0,0,0,0,0,1023,29,0,0,0,0,0,0,1,0,0,0,2024-04-25T10:35:00,2024-05-26T10:29:59,2100-12-01T00:00:00,0,0,800011645,0,0,0,0,0
11646,7200974,7210418,1,crow11646,3102653,0,0,0,0,0,0,1023,6,0,0,0,0,0,0,3,0,0,0,2024-04-25T10:35:00,2024-05-06T10:29:59,2100-12-01T00:00:00,0,0,800010229,0,0,0,0,0
11647,7201828,7211344,1,crow11647,3117492,0,0,0,0,0,0,1023,30,0,0,0,0,0,0,1,0,0,0,2024-04-25T10:35:00,2024-05-26T10:29:59,2100-12-01T00:00:00,0,0,800011647,0,0,0,0,0
11648,7201847,7210996,1,crow11648,3117503,0,0,0,0,0,0,1023,8,0,0,0,0,0,0,1,0,0,0,2024-04-25T10:35:00,2024-05-06T10:29:59,2100-12-01T00:00:00,0,0,800011648,0,0,0,0,0
11649,7201829,7211158,1,crow11649,3117493,0,0,0,0,0,0,1023,10,0,0,0,0,0,0,1,0,0,0,2024-04-25T10:35:00,2024-05-06T10:29:59,2100-12-01T00:00:00,0,0,800010733,0,0,0,0,0
11650,7201830,7211159,1,crow11650,3117494,0,0,0,0,0,0,1023,11,0,0,0,2,0,0,5,0,0,0,2024-04-25T10:35:00,2024-05-06T10:29:59,2100-12-01T00:00:00,0,0,800011314,0,0,0,0,0
11651,7201831,7211160,1,crow11651,3117495,0,0,0,0,0,0,1023,12,0,0,0,0,0,0,3,0,0,0,2024-04-25T10:35:00,2024-05-06T10:29:59,2100-12-01T00:00:00,0,0,800010171,0,0,0,0,0
11652,7201832,7211323,1,crow11652,3117496,0,0,0,0,0,0,1023,13,0,0,0,3,0,0,3,0,0,0,2024-04-25T10:35:00,2024-05-06T10:29:59,2100-12-01T00:00:00,0,0,800010438,0,0,0,0,0
11653,7201482,7211302,1,crow11653,3117422,0,0,0,0,0,0,1023,9,0,0,0,0,0,0,2,0,0,0,2024-04-25T10:35:00,2024-05-06T10:29:59,2100-12-01T00:00:00,0,0,800010635,0,0,0,0,0
11654,7201833,7211345,1,crow11654,3117497,0,0,0,0,0,0,1023,1,0,0,0,0,0,0,1,0,0,0,2024-04-25T10:35:00,2024-05-06T10:29:59,2100-12-01T00:00:00,0,0,800011654,0,0,0,0,0
11655,7201848,7211360,1,crow11655,3117504,0,0,0,0,0,0,1037,15,0,0,0,0,0,0,2,0,0,0,2024-04-30T10:35:00,2024-05-30T10:29:59,2100-12-01T00:00:00,0,0,800011655,0,0,0,0,0
11656,7201849,7211361,1,crow11656,3117505,0,0,0,0,0,0,1037,16,0,0,0,0,0,0,2,0,0,0,2024-04-30T10:35:00,2024-05-30T10:29:59,2100-12-01T00:00:00,0,0,800011656,0,0,0,0,0
11657,7201850,7211362,1,crow11657,3117506,0,0,0,0,0,0,1037,17,0,0,0,0,0,0,1,0,0,0,2024-04-30T10:35:00,2024-05-30T10:29:59,2100-12-01T00:00:00,0,0,800011657,0,0,0,0,0
11658,7201851,7210226,1,crow11658,0,0,0,0,0,0,0,1037,12,0,0,0,0,0,0,1,0,0,0,2024-04-30T10:35:00,2024-05-20T10:29:59,2100-12-01T00:00:00,0,0,800011658,0,0,0,0,0
11659,7201852,7210497,1,crow11659,0,0,0,0,0,0,0,1037,13,0,0,0,0,0,0,1,0,0,0,2024-04-30T10:35:00,2024-05-20T10:29:59,2100-12-01T00:00:00,0,0,800011659,0,0,0,0,0
11660,7201827,7211342,1,0,3104013,0,0,0,0,0,0,1004,11,0,0,0,1,0,0,1,0,0,0,2024-04-25T10:35:00,2100-12-31T00:00:00,2100-12-01T00:00:00,0,0,710000358,0,0,0,0,0
11661,7201846,7211358,1,0,3117501,0,0,0,0,0,0,1001,1,0,0,0,1,0,0,1,1,0,0,2024-04-30T10:35:00,2024-05-16T23:59:59,2100-12-01T00:00:00,0,0,801110021,0,0,0,0,0
11662,7201853,7211130,1,crow11662,3117507,0,0,0,0,0,0,1037,14,0,0,0,0,0,0,1,0,0,0,2024-04-30T10:35:00,2024-05-20T10:29:59,2100-12-01T00:00:00,0,0,800011662,0,0,0,0,0
11663,7200809,7210661,1,crow11663,3117508,0,0,0,0,0,0,1037,23,0,0,0,0,0,0,3,0,0,0,2024-04-30T10:35:00,2024-05-20T10:29:59,2100-12-01T00:00:00,0,0,800011663,0,0,0,0,0
11664,7201854,7211217,1,crow11664,3117509,0,0,0,0,0,0,1037,18,0,0,0,0,0,0,1,0,0,0,2024-04-30T10:35:00,2024-05-20T10:29:59,2100-12-01T00:00:00,0,0,800011664,0,0,0,0,0
11665,7201855,7211218,1,crow11665,3117510,0,0,0,0,0,0,1037,19,0,0,0,0,0,0,2,0,0,0,2024-04-30T10:35:00,2024-05-20T10:29:59,2100-12-01T00:00:00,0,0,800011665,0,0,0,0,0
11666,7201856,7211219,1,crow11666,3117511,0,0,0,0,0,0,1037,20,0,0,0,0,0,0,1,0,0,0,2024-04-30T10:35:00,2024-05-20T10:29:59,2100-12-01T00:00:00,0,0,800011666,0,0,0,0,0
11667,7201857,7211220,1,crow11667,3117512,0,0,0,0,0,0,1037,21,0,0,0,0,0,0,1,0,0,0,2024-04-30T10:35:00,2024-05-20T10:29:59,2100-12-01T00:00:00,0,0,800011667,0,0,0,0,0
11668,7201858,7211221,1,crow11668,3117513,0,0,0,0,0,0,1037,22,0,0,0,0,0,0,1,0,0,0,2024-04-30T10:35:00,2024-05-20T10:29:59,2100-12-01T00:00:00,0,0,800011668,0,0,0,0,0
11669,7201860,7211367,1,crow11669,3117515,0,0,0,0,0,0,1037,3,0,0,0,0,0,0,1,0,0,0,2024-05-08T10:35:00,2024-06-07T10:29:59,2100-12-01T00:00:00,0,0,800011669,0,0,0,0,0
11670,7201861,7211368,1,crow11670,3117516,0,0,0,0,0,0,1037,4,0,0,0,0,0,0,2,0,0,0,2024-05-08T10:35:00,2024-06-07T10:29:59,2100-12-01T00:00:00,0,0,800011670,0,0,0,0,0
11671,7201862,7211369,1,crow11671,3117517,0,0,0,0,0,0,1037,5,0,0,0,0,0,0,2,0,0,0,2024-05-08T10:35:00,2024-06-07T10:29:59,2100-12-01T00:00:00,0,0,800011671,0,0,0,0,0
11672,7201863,7211324,1,crow11672,3117518,0,0,0,0,0,0,1037,6,0,0,0,0,0,0,2,0,0,0,2024-05-08T10:35:00,2024-05-28T10:29:59,2100-12-01T00:00:00,0,0,800011672,0,0,0,0,0
11673,7201864,7211370,1,crow11673,3117519,0,0,0,0,0,0,1037,2,0,0,0,0,0,0,2,0,0,0,2024-05-08T10:35:00,2024-05-28T10:29:59,2100-12-01T00:00:00,0,0,800011673,0,0,0,0,0
11674,7201859,7211138,1,crow11674,3117514,0,0,0,0,0,0,1037,24,0,0,0,0,0,0,3,0,0,0,2024-04-30T10:35:00,2024-05-20T10:29:59,2100-12-01T00:00:00,0,0,800011332,0,0,0,0,0
11676,7201306,7210990,1,crow11676,0,0,0,0,0,0,0,1037,1,0,0,0,0,0,0,1,0,0,0,2024-05-08T10:35:00,2024-05-15T10:29:59,2100-12-01T00:00:00,0,0,800011027,0,0,0,0,0
11677,7201865,7211134,1,crow11677,3117520,0,0,0,0,0,0,1037,8,0,0,0,2,0,0,5,0,0,0,2024-05-08T10:35:00,2024-05-28T10:29:59,2100-12-01T00:00:00,0,0,800010239,0,0,0,0,0
11678,7201866,7211135,1,crow11678,3117521,0,0,0,0,0,0,1037,9,0,0,0,2,0,0,3,0,0,0,2024-05-08T10:35:00,2024-05-28T10:29:59,2100-12-01T00:00:00,0,0,800010472,0,0,0,0,0
11679,7201867,7211136,1,crow11679,3117522,0,0,0,0,0,0,1037,10,0,0,0,0,0,0,2,0,0,0,2024-05-08T10:35:00,2024-05-28T10:29:59,2100-12-01T00:00:00,0,0,800010714,0,0,0,0,0
11680,7201868,7211194,1,crow11680,3117523,0,0,0,0,0,0,1037,11,0,0,0,2,0,0,5,0,0,0,2024-05-08T10:35:00,2024-05-28T10:29:59,2100-12-01T00:00:00,0,0,800010535,0,0,0,0,0
11681,7201869,7211137,1,crow11681,3117524,0,0,0,0,0,0,1037,7,0,0,0,0,0,0,3,0,0,0,2024-05-08T10:35:00,2024-05-28T10:29:59,2100-12-01T00:00:00,0,0,800011331,0,0,0,0,0
11682,7201870,7211371,1,crow11682,3117525,0,0,0,0,0,0,1023,36,0,0,0,0,0,0,1,0,0,0,2024-05-16T10:35:00,2024-06-15T10:29:59,2100-12-01T00:00:00,0,0,800011682,0,0,0,0,0
11683,7201871,7211372,1,crow11683,3117526,0,0,0,0,0,0,1023,37,0,0,0,0,0,0,1,0,0,0,2024-05-16T10:35:00,2024-06-15T10:29:59,2100-12-01T00:00:00,0,0,800011683,0,0,0,0,0
11684,7201872,7211373,1,crow11684,3117527,0,0,0,0,0,0,1023,38,0,0,0,0,0,0,1,0,0,0,2024-05-16T10:35:00,2024-06-15T10:29:59,2100-12-01T00:00:00,0,0,800011684,0,0,0,0,0
11685,7201873,7211374,1,crow11685,3117528,0,0,0,0,0,0,1023,39,0,0,0,0,0,0,1,0,0,0,2024-05-16T10:35:00,2024-06-15T10:29:59,2100-12-01T00:00:00,0,0,800010270,0,0,0,0,0
11686,7201874,7211279,1,crow11686,3117529,0,0,0,0,0,0,1023,39,0,0,0,2,0,0,5,0,0,0,2024-05-16T10:35:00,2024-06-05T10:29:59,2100-12-01T00:00:00,0,0,800010466,0,0,0,0,0
11687,7201875,7210418,1,crow11687,3117530,0,0,0,0,0,0,1023,40,0,0,0,0,0,0,3,0,0,0,2024-05-16T10:35:00,2024-06-05T10:29:59,2100-12-01T00:00:00,0,0,800010229,0,0,0,0,0
11688,7201876,7211158,1,crow11688,3117531,0,0,0,0,0,0,1023,41,0,0,0,0,0,0,1,0,0,0,2024-05-16T10:35:00,2024-06-05T10:29:59,2100-12-01T00:00:00,0,0,800010733,0,0,0,0,0
11689,7201877,7211159,1,crow11689,3117532,0,0,0,0,0,0,1023,42,0,0,0,2,0,0,5,0,0,0,2024-05-16T10:35:00,2024-06-05T10:29:59,2100-12-01T00:00:00,0,0,800011314,0,0,0,0,0
11690,7201878,7211160,1,crow11690,3117533,0,0,0,0,0,0,1023,43,0,0,0,0,0,0,3,0,0,0,2024-05-16T10:35:00,2024-06-05T10:29:59,2100-12-01T00:00:00,0,0,800010171,0,0,0,0,0
11691,7201131,7211245,1,crow11691,3117340,0,0,0,0,0,0,1023,44,0,0,0,0,0,0,1,0,0,0,2024-05-16T10:35:00,2024-06-05T10:29:59,2100-12-01T00:00:00,0,0,800011216,0,0,0,0,0
11692,7201133,7211177,1,crow11692,3117252,0,0,0,0,0,0,1023,45,0,0,0,2,0,0,5,0,0,0,2024-05-16T10:35:00,2024-06-05T10:29:59,2100-12-01T00:00:00,0,0,800010766,0,0,0,0,0
11693,7201676,7211251,1,crow11693,3117353,0,0,0,0,0,0,1023,46,0,0,0,0,0,0,1,0,0,0,2024-05-16T10:35:00,2024-06-05T10:29:59,2100-12-01T00:00:00,0,0,800011460,0,0,0,0,0
11694,7201785,7211197,1,crow11694,3117449,0,0,0,0,0,0,1023,47,0,0,0,0,0,0,2,0,0,0,2024-05-16T10:35:00,2024-06-05T10:29:59,2100-12-01T00:00:00,0,0,800011361,0,0,0,0,0
11695,7201166,7210733,1,crow11695,3102986,0,0,0,0,0,0,1023,25,0,0,0,0,0,0,2,0,0,0,2024-05-23T10:35:00,2024-06-12T10:29:59,2100-12-01T00:00:00,0,0,800010253,0,0,0,0,0
11696,7201879,7210226,1,crow11696,0,0,0,0,0,0,0,1023,26,0,0,0,0,0,0,1,0,0,0,2024-05-23T10:35:00,2024-06-12T10:29:59,2100-12-01T00:00:00,0,0,800010077,0,0,0,0,0
11697,7201880,7211375,1,crow11697,3117534,0,0,0,0,0,0,1023,27,0,0,0,0,0,0,1,0,0,0,2024-05-23T10:35:00,2024-06-05T10:29:59,2100-12-01T00:00:00,0,0,800010140,0,0,0,0,0
11698,7201375,7211134,1,crow11698,3117239,0,0,0,0,0,0,1023,31,0,0,0,2,0,0,5,0,0,0,2024-05-23T10:35:00,2024-06-12T10:29:59,2100-12-01T00:00:00,0,0,800010239,0,0,0,0,0
11699,7201376,7211379,1,crow11699,3117535,0,0,0,0,0,0,1023,32,0,0,0,2,0,0,3,0,0,0,2024-05-23T10:35:00,2024-06-12T10:29:59,2100-12-01T00:00:00,0,0,800010472,0,0,0,0,0
11700,7201555,7211380,1,crow11700,3117536,0,0,0,0,0,0,1023,33,0,0,0,0,0,0,2,0,0,0,2024-05-23T10:35:00,2024-06-12T10:29:59,2100-12-01T00:00:00,0,0,800010714,0,0,0,0,0
11701,7201377,7211381,1,crow11701,3117537,0,0,0,0,0,0,1023,34,0,0,0,2,0,0,5,0,0,0,2024-05-23T10:35:00,2024-06-12T10:29:59,2100-12-01T00:00:00,0,0,800010535,0,0,0,0,0
11702,7201378,7211280,1,crow11702,3117397,0,0,0,0,0,0,1023,29,0,0,0,0,0,0,1,0,0,0,2024-05-23T10:35:00,2024-06-12T10:29:59,2100-12-01T00:00:00,0,0,800011104,0,0,0,0,0
11703,7201379,7211281,1,crow11703,3117398,0,0,0,0,0,0,1023,30,0,0,0,0,0,0,1,0,0,0,2024-05-23T10:35:00,2024-06-12T10:29:59,2100-12-01T00:00:00,0,0,800011105,0,0,0,0,0
11704,7201881,7211376,1,crow11704,3117542,0,0,0,0,0,0,1023,28,0,0,0,0,0,0,2,0,0,0,2024-05-23T10:35:00,2024-06-12T10:29:59,2100-12-01T00:00:00,0,0,800011079,0,0,0,0,0
11705,7201883,7211383,1,crow11705,3117543,0,0,0,0,0,0,1023,35,0,0,0,0,0,0,2,0,0,0,2024-05-31T10:35:00,2024-06-30T10:29:59,2100-12-01T00:00:01,0,0,800011705,0,0,0,0,0
11706,7201884,7211384,1,crow11706,3117544,0,0,0,0,0,0,1023,36,0,0,0,0,0,0,2,0,0,0,2024-05-31T10:35:00,2024-06-30T10:29:59,2100-12-01T00:00:01,0,0,800011706,0,0,0,0,0
11707,7201885,7211385,1,crow11707,3117545,0,0,0,0,0,0,1023,37,0,0,0,0,0,0,2,0,0,0,2024-05-31T10:35:00,2024-06-30T10:29:59,2100-12-01T00:00:01,0,0,800011707,0,0,0,0,0
11708,7201886,7211386,1,crow11708,3117546,0,0,0,0,0,0,1023,38,0,0,0,0,0,0,1,0,0,0,2024-05-31T10:35:00,2024-06-30T10:29:59,2100-12-01T00:00:01,0,0,800010220,0,0,0,0,0
11709,7201381,7210990,1,crow11709,0,0,0,0,0,0,0,1023,12,0,0,0,0,0,0,2,0,0,0,2024-05-31T10:35:00,2024-06-06T10:29:59,2100-12-01T00:00:01,0,0,800011027,0,0,0,0,0
11710,7201887,7211158,1,crow11710,3117547,0,0,0,0,0,0,1023,33,0,0,0,0,0,0,1,0,0,0,2024-05-31T10:35:00,2024-06-20T10:29:59,2100-12-01T00:00:01,0,0,800010733,0,0,0,0,0
11711,7201888,7211159,1,crow11711,3117548,0,0,0,0,0,0,1023,34,0,0,0,2,0,0,5,0,0,0,2024-05-31T10:35:00,2024-06-20T10:29:59,2100-12-01T00:00:01,0,0,800011314,0,0,0,0,0
11712,7201889,7211160,1,crow11712,3117549,0,0,0,0,0,0,1023,35,0,0,0,0,0,0,3,0,0,0,2024-05-31T10:35:00,2024-06-20T10:29:59,2100-12-01T00:00:01,0,0,800010171,0,0,0,0,0
11713,7201890,7211387,1,crow11713,3117550,0,0,0,0,0,0,1023,25,0,0,0,3,0,0,3,0,0,0,2024-05-31T10:35:00,2024-06-20T10:29:59,2100-12-01T00:00:01,0,0,800010438,0,0,0,0,0
11714,7201891,7211080,1,crow11714,3117551,0,0,0,0,0,0,1023,24,0,0,0,0,0,0,1,0,0,0,2024-05-31T10:35:00,2024-06-20T10:29:59,2100-12-01T00:00:01,0,0,800011183,0,0,0,0,0
11715,7201892,7211137,1,crow11715,3117552,0,0,0,0,0,0,1023,30,0,0,0,0,0,0,3,0,0,0,2024-05-31T10:35:00,2024-06-20T10:29:59,2100-12-01T00:00:01,0,0,800011331,0,0,0,0,0
11716,7201893,7211138,1,crow11716,3117553,0,0,0,0,0,0,1023,21,0,0,0,0,0,0,3,0,0,0,2024-05-31T10:35:00,2024-06-20T10:29:59,2100-12-01T00:00:01,0,0,800011332,0,0,0,0,0
11717,7201894,7211290,1,crow11717,3117554,0,0,0,0,0,0,1023,32,0,0,0,0,0,0,1,0,0,0,2024-05-31T10:35:00,2024-06-20T10:29:59,2100-12-01T00:00:01,0,0,800011546,0,0,0,0,0
11718,7201905,7211279,1,crow11718,3117555,0,0,0,0,0,0,1023,28,0,0,0,2,0,0,5,0,0,0,2024-06-07T10:35:00,2024-06-27T10:29:59,2100-12-01T00:00:00,0,0,800010466,0,0,0,0,0
11719,7200386,7210418,1,crow11719,3102891,0,0,0,0,0,0,1023,29,0,0,0,0,0,0,3,0,0,0,2024-06-07T10:35:00,2024-06-27T10:29:59,2100-12-01T00:00:00,0,0,800010229,0,0,0,0,0
11720,7201907,7211316,1,crow11720,3117563,0,0,0,0,0,0,1023,30,0,0,0,0,0,0,1,0,0,0,2024-06-07T10:35:00,2024-06-27T10:29:59,2100-12-01T00:00:00,0,0,800011582,0,0,0,0,0
11721,7201906,7211395,1,crow11721,3117556,0,0,0,0,0,0,1023,27,0,0,0,0,0,0,4,0,0,0,2024-06-07T10:35:00,2024-06-27T10:29:59,2100-12-01T00:00:00,0,0,800010012,0,0,0,0,0
11722,7201782,7211134,1,crow11722,3117445,0,0,0,0,0,0,1023,31,0,0,0,2,0,0,5,0,0,0,2024-06-07T10:35:00,2024-06-27T10:29:59,2100-12-01T00:00:00,0,0,800010239,0,0,0,0,0
11723,7201783,7211379,1,crow11723,3117560,0,0,0,0,0,0,1023,32,0,0,0,2,0,0,3,0,0,0,2024-06-07T10:35:00,2024-06-27T10:29:59,2100-12-01T00:00:00,0,0,800010472,0,0,0,0,0
11724,7201170,7211380,1,crow11724,3117561,0,0,0,0,0,0,1023,33,0,0,0,0,0,0,2,0,0,0,2024-06-07T10:35:00,2024-06-27T10:29:59,2100-12-01T00:00:00,0,0,800010714,0,0,0,0,0
11725,7201784,7211381,1,crow11725,3117562,0,0,0,0,0,0,1023,34,0,0,0,2,0,0,5,0,0,0,2024-06-07T10:35:00,2024-06-27T10:29:59,2100-12-01T00:00:00,0,0,800010535,0,0,0,0,0
11726,7201902,7211217,1,crow11726,3117557,0,0,0,0,0,0,1023,24,0,0,0,0,0,0,1,0,0,0,2024-06-07T10:35:00,2024-06-27T10:29:59,2100-12-01T00:00:00,0,0,800011726,0,0,0,0,0
11727,7201903,7211327,1,crow11727,3117558,0,0,0,0,0,0,1023,25,0,0,0,0,0,0,2,0,0,0,2024-06-07T10:35:00,2024-06-27T10:29:59,2100-12-01T00:00:00,0,0,800011727,0,0,0,0,0
11728,7201904,7211396,1,crow11728,3117559,0,0,0,0,0,0,1023,26,0,0,0,0,0,0,2,0,0,0,2024-06-07T10:35:00,2024-06-27T10:29:59,2100-12-01T00:00:00,0,0,800011728,0,0,0,0,0
11729,7201908,7211397,1,crow11729,3117564,0,0,0,0,0,0,1023,36,0,0,0,0,0,0,2,0,0,0,2024-06-14T10:35:00,2024-07-14T10:29:59,2100-12-01T00:00:00,0,0,800011729,0,0,0,0,0
11730,7201909,7211398,1,crow11730,3117565,0,0,0,0,0,0,1023,37,0,0,0,0,0,0,2,0,0,0,2024-06-14T10:35:00,2024-07-14T10:29:59,2100-12-01T00:00:00,0,0,800011730,0,0,0,0,0
11731,7201910,7211399,1,crow11731,3117566,0,0,0,0,0,0,1023,38,0,0,0,0,0,0,2,0,0,0,2024-06-14T10:35:00,2024-07-14T10:29:59,2100-12-01T00:00:00,0,0,800011731,0,0,0,0,0
11732,7201911,7211400,1,crow11732,3117567,0,0,0,0,0,0,1023,39,0,0,0,0,0,0,1,0,0,0,2024-06-14T10:35:00,2024-07-14T10:29:59,2100-12-01T00:00:00,0,0,800010737,0,0,0,0,0
11733,7201381,7210990,1,crow11733,0,0,0,0,0,0,0,1023,1,0,0,0,0,0,0,1,0,0,0,2024-06-14T10:35:00,2024-06-20T10:29:59,2100-12-01T00:00:00,0,0,800011027,0,0,0,0,0
11734,7201912,7211158,1,crow11734,3117568,0,0,0,0,0,0,1023,34,0,0,0,0,0,0,1,0,0,0,2024-06-14T10:35:00,2024-07-04T10:29:59,2100-12-01T00:00:00,0,0,800010733,0,0,0,0,0
11735,7201913,7211159,1,crow11735,3117569,0,0,0,0,0,0,1023,35,0,0,0,2,0,0,5,0,0,0,2024-06-14T10:35:00,2024-07-04T10:29:59,2100-12-01T00:00:00,0,0,800011314,0,0,0,0,0
11736,7201914,7211160,1,crow11736,3117570,0,0,0,0,0,0,1023,36,0,0,0,0,0,0,3,0,0,0,2024-06-14T10:35:00,2024-07-04T10:29:59,2100-12-01T00:00:00,0,0,800010171,0,0,0,0,0
11737,7201131,7211245,1,crow11737,3117340,0,0,0,0,0,0,1023,26,0,0,0,0,0,0,2,0,0,0,2024-06-14T10:35:00,2024-07-04T10:29:59,2100-12-01T00:00:00,0,0,800011216,0,0,0,0,0
11738,7201558,7211244,1,crow11738,3117339,0,0,0,0,0,0,1023,31,0,0,0,0,0,0,1,0,0,0,2024-06-14T10:35:00,2024-07-04T10:29:59,2100-12-01T00:00:00,0,0,800011445,0,0,0,0,0
11739,7201915,7211137,1,crow11739,3117571,0,0,0,0,0,0,1023,32,0,0,0,0,0,0,3,0,0,0,2024-06-14T10:35:00,2024-07-04T10:29:59,2100-12-01T00:00:00,0,0,800011331,0,0,0,0,0
11740,7201916,7211138,1,crow11740,3117572,0,0,0,0,0,0,1023,33,0,0,0,0,0,0,3,0,0,0,2024-06-14T10:35:00,2024-07-04T10:29:59,2100-12-01T00:00:00,0,0,800011332,0,0,0,0,0
11741,7201166,7210733,1,crow11741,3102986,0,0,0,0,0,0,1023,29,0,0,0,0,0,0,2,0,0,0,2024-06-21T10:35:00,2024-07-11T10:29:59,2100-12-01T00:00:00,0,0,800010253,0,0,0,0,0
11742,7201917,7211279,1,crow11742,3117573,0,0,0,0,0,0,1023,30,0,0,0,2,0,0,5,0,0,0,2024-06-21T10:35:00,2024-07-11T10:29:59,2100-12-01T00:00:00,0,0,800010466,0,0,0,0,0
11743,7201918,7210418,1,crow11743,3117574,0,0,0,0,0,0,1023,31,0,0,0,0,0,0,3,0,0,0,2024-06-21T10:35:00,2024-07-11T10:29:59,2100-12-01T00:00:00,0,0,800010229,0,0,0,0,0
11744,7201919,7211401,1,crow11744,3117575,0,0,0,0,0,0,1023,28,0,0,0,0,0,0,4,0,0,0,2024-06-21T10:35:00,2024-07-11T10:29:59,2100-12-01T00:00:00,0,0,800011744,0,0,0,0,0
11745,7201936,7211134,1,crow11745,3117588,0,0,0,0,0,0,1023,32,0,0,0,2,0,0,5,0,0,0,2024-06-21T10:35:00,2024-07-11T10:29:59,2100-12-01T00:00:00,0,0,800010239,0,0,0,0,0
11746,7201937,7211379,1,crow11746,3117589,0,0,0,0,0,0,1023,33,0,0,0,2,0,0,3,0,0,0,2024-06-21T10:35:00,2024-07-11T10:29:59,2100-12-01T00:00:00,0,0,800010472,0,0,0,0,0
11747,7201938,7211380,1,crow11747,3117590,0,0,0,0,0,0,1023,34,0,0,0,0,0,0,2,0,0,0,2024-06-21T10:35:00,2024-07-11T10:29:59,2100-12-01T00:00:00,0,0,800010714,0,0,0,0,0
11748,7201939,7211381,1,crow11748,3117591,0,0,0,0,0,0,1023,35,0,0,0,2,0,0,5,0,0,0,2024-06-21T10:35:00,2024-07-11T10:29:59,2100-12-01T00:00:00,0,0,800010535,0,0,0,0,0
11749,7201133,7211177,1,crow11749,3117252,0,0,0,0,0,0,1023,25,0,0,0,2,0,0,5,0,0,0,2024-06-21T10:35:00,2024-07-11T10:29:59,2100-12-01T00:00:00,0,0,800010766,0,0,0,0,0
11750,7201881,7211376,1,crow11750,3117542,0,0,0,0,0,0,1023,27,0,0,0,0,0,0,2,0,0,0,2024-06-21T10:35:00,2024-07-11T10:29:59,2100-12-01T00:00:00,0,0,800011079,0,0,0,0,0
11751,7201676,7211251,1,crow11751,3117353,0,0,0,0,0,0,1023,24,0,0,0,0,0,0,1,0,0,0,2024-06-21T10:35:00,2024-07-11T10:29:59,2100-12-01T00:00:00,0,0,800011460,0,0,0,0,0
11752,7201785,7211197,1,crow11752,3117449,0,0,0,0,0,0,1023,26,0,0,0,0,0,0,2,0,0,0,2024-06-21T10:35:00,2024-07-11T10:29:59,2100-12-01T00:00:00,0,0,800011361,0,0,0,0,0
11753,7201920,7211402,1,crow11753,3117576,0,0,0,0,0,0,1023,37,0,0,0,0,0,0,2,0,0,0,2024-06-28T10:35:00,2024-07-28T10:29:59,2100-12-01T00:00:00,0,0,800011753,0,0,0,0,0
11754,7201921,7211403,1,crow11754,3117577,0,0,0,0,0,0,1023,38,0,0,0,0,0,0,2,0,0,0,2024-06-28T10:35:00,2024-07-28T10:29:59,2100-12-01T00:00:00,0,0,800011754,0,0,0,0,0
11755,7201922,7211404,1,crow11755,3117578,0,0,0,0,0,0,1023,39,0,0,0,0,0,0,2,0,0,0,2024-06-28T10:35:00,2024-07-28T10:29:59,2100-12-01T00:00:00,0,0,800011755,0,0,0,0,0
11756,7201923,7211405,1,crow11756,3117579,0,0,0,0,0,0,1023,40,0,0,0,0,0,0,1,0,0,0,2024-06-28T10:35:00,2024-07-28T10:29:59,2100-12-01T00:00:00,0,0,800010608,0,0,0,0,0
11757,7201381,7210990,1,crow11757,0,0,0,0,0,0,0,1023,1,0,0,0,0,0,0,1,0,0,0,2024-06-28T10:35:00,2024-07-04T10:29:59,2100-12-01T00:00:00,0,0,800011027,0,0,0,0,0
11758,7201924,7211158,1,crow11758,3117580,0,0,0,0,0,0,1023,34,0,0,0,0,0,0,1,0,0,0,2024-06-28T10:35:00,2024-07-18T10:29:59,2100-12-01T00:00:00,0,0,800010733,0,0,0,0,0
11759,7201925,7211159,1,crow11759,3117581,0,0,0,0,0,0,1023,35,0,0,0,2,0,0,5,0,0,0,2024-06-28T10:35:00,2024-07-18T10:29:59,2100-12-01T00:00:00,0,0,800011314,0,0,0,0,0
11760,7201926,7211160,1,crow11760,3117582,0,0,0,0,0,0,1023,36,0,0,0,0,0,0,3,0,0,0,2024-06-28T10:35:00,2024-07-18T10:29:59,2100-12-01T00:00:00,0,0,800010171,0,0,0,0,0
11761,7201927,7211387,1,crow11761,3117583,0,0,0,0,0,0,1023,31,0,0,0,3,0,0,3,0,0,0,2024-06-28T10:35:00,2024-07-18T10:29:59,2100-12-01T00:00:00,0,0,800010438,0,0,0,0,0
11762,7201928,7211406,1,crow11762,3117584,0,0,0,0,0,0,1023,25,0,0,0,0,0,0,2,0,0,0,2024-06-28T10:35:00,2024-07-18T10:29:59,2100-12-01T00:00:00,0,0,800011762,0,0,0,0,0
11763,7201929,7211324,1,crow11763,3117585,0,0,0,0,0,0,1023,26,0,0,0,0,0,0,2,0,0,0,2024-06-28T10:35:00,2024-07-18T10:29:59,2100-12-01T00:00:00,0,0,800011601,0,0,0,0,0
11764,7201930,7211138,1,crow11764,3117586,0,0,0,0,0,0,1023,32,0,0,0,0,0,0,3,0,0,0,2024-06-28T10:35:00,2024-07-18T10:29:59,2100-12-01T00:00:00,0,0,800011332,0,0,0,0,0
11765,7201931,7211290,1,crow11765,3117587,0,0,0,0,0,0,1023,33,0,0,0,0,0,0,1,0,0,0,2024-06-28T10:35:00,2024-07-18T10:29:59,2100-12-01T00:00:00,0,0,800011546,0,0,0,0,0
11766,7201411,7211064,1,0,3104009,0,0,0,0,0,0,1004,1,0,0,0,0,0,0,10,0,0,0,2024-06-21T10:35:00,2024-06-30T10:29:59,2100-12-01T00:00:00,0,0,710000148,0,0,0,0,0
11767,7201166,7211413,1,crow11767,3117592,0,0,0,0,0,0,1023,30,0,0,0,0,0,0,2,0,0,0,2024-07-05T10:35:00,2024-07-25T10:29:59,2100-12-01T00:00:00,0,0,800010253,0,0,0,0,0
11768,7201942,7211279,1,crow11768,3117593,0,0,0,0,0,0,1023,31,0,0,0,2,0,0,5,0,0,0,2024-07-05T10:35:00,2024-07-25T10:29:59,2100-12-01T00:00:00,0,0,800010466,0,0,0,0,0
11769,7201943,7210418,1,crow11769,3117594,0,0,0,0,0,0,1023,32,0,0,0,0,0,0,3,0,0,0,2024-07-05T10:35:00,2024-07-25T10:29:59,2100-12-01T00:00:00,0,0,800010229,0,0,0,0,0
11770,7201944,7211134,1,crow11770,3117595,0,0,0,0,0,0,1023,33,0,0,0,2,0,0,5,0,0,0,2024-07-05T10:35:00,2024-07-25T10:29:59,2100-12-01T00:00:00,0,0,800010239,0,0,0,0,0
11771,7201945,7211379,1,crow11771,3117596,0,0,0,0,0,0,1023,34,0,0,0,2,0,0,3,0,0,0,2024-07-05T10:35:00,2024-07-25T10:29:59,2100-12-01T00:00:00,0,0,800010472,0,0,0,0,0
11772,7201946,7211380,1,crow11772,3117597,0,0,0,0,0,0,1023,35,0,0,0,0,0,0,2,0,0,0,2024-07-05T10:35:00,2024-07-25T10:29:59,2100-12-01T00:00:00,0,0,800010714,0,0,0,0,0
11773,7201947,7211381,1,crow11773,3117598,0,0,0,0,0,0,1023,36,0,0,0,2,0,0,5,0,0,0,2024-07-05T10:35:00,2024-07-25T10:29:59,2100-12-01T00:00:00,0,0,800010535,0,0,0,0,0
11774,7201948,7211217,1,crow11774,3117599,0,0,0,0,0,0,1023,27,0,0,0,0,0,0,1,0,0,0,2024-07-05T10:35:00,2024-07-25T10:29:59,2100-12-01T00:00:00,0,0,800011726,0,0,0,0,0
11775,7201949,7211327,1,crow11775,3117600,0,0,0,0,0,0,1023,28,0,0,0,0,0,0,2,0,0,0,2024-07-05T10:35:00,2024-07-25T10:29:59,2100-12-01T00:00:00,0,0,800011727,0,0,0,0,0
11776,7201950,7211396,1,crow11776,3117601,0,0,0,0,0,0,1023,29,0,0,0,0,0,0,2,0,0,0,2024-07-05T10:35:00,2024-07-25T10:29:59,2100-12-01T00:00:00,0,0,800011728,0,0,0,0,0
11777,7201951,7211137,1,crow11777,3117602,0,0,0,0,0,0,1023,24,0,0,0,0,0,0,3,0,0,0,2024-07-05T10:35:00,2024-07-12T10:29:59,2100-12-01T00:00:00,0,0,800011331,0,0,0,0,0
11778,7201952,7211414,1,crow11778,3117603,0,0,0,0,0,0,1023,19,0,0,0,0,0,0,2,0,0,0,2024-07-12T10:35:00,2024-07-25T10:29:59,2100-12-01T00:00:00,0,0,800011778,0,0,0,0,0
11779,7201953,7211415,1,crow11779,3117604,0,0,0,0,0,0,1023,20,0,0,0,0,0,0,2,0,0,0,2024-07-12T10:35:00,2024-07-25T10:29:59,2100-12-01T00:00:00,0,0,800011779,0,0,0,0,0
11780,7201954,7211416,1,crow11780,3117605,0,0,0,0,0,0,1023,21,0,0,0,0,0,0,2,0,0,0,2024-07-12T10:35:00,2024-07-25T10:29:59,2100-12-01T00:00:00,0,0,800011780,0,0,0,0,0
11781,7201955,7211417,1,crow11781,3117606,0,0,0,0,0,0,1023,18,0,0,0,0,0,0,1,0,0,0,2024-07-12T10:35:00,2024-07-25T10:29:59,2100-12-01T00:00:00,0,0,800010191,0,0,0,0,0
11782,7201381,7210990,1,crow11782,0,0,0,0,0,0,0,1023,14,0,0,0,0,0,0,1,0,0,0,2024-07-12T10:35:00,2024-07-22T10:29:59,2100-12-01T00:00:00,0,0,800011027,0,0,0,0,0
11783,7201956,7211158,1,crow11783,3117607,0,0,0,0,0,0,1023,32,0,0,0,0,0,0,1,0,0,0,2024-07-12T10:35:00,2024-08-01T10:29:59,2100-12-01T00:00:00,0,0,800010733,0,0,0,0,0
11784,7201957,7211159,1,crow11784,3117608,0,0,0,0,0,0,1023,33,0,0,0,2,0,0,5,0,0,0,2024-07-12T10:35:00,2024-08-01T10:29:59,2100-12-01T00:00:00,0,0,800011314,0,0,0,0,0
11785,7201958,7211160,1,crow11785,3117609,0,0,0,0,0,0,1023,34,0,0,0,0,0,0,3,0,0,0,2024-07-12T10:35:00,2024-08-01T10:29:59,2100-12-01T00:00:00,0,0,800010171,0,0,0,0,0
11786,7201084,7211337,1,crow11786,3117482,0,0,0,0,0,0,1023,30,0,0,0,0,0,0,1,0,0,0,2024-07-12T10:35:00,2024-08-01T10:29:59,2100-12-01T00:00:00,0,0,800010584,0,0,0,0,0
11787,7201666,7211242,1,crow11787,3117336,0,0,0,0,0,0,1023,29,0,0,0,2,0,0,3,0,0,0,2024-07-12T10:35:00,2024-08-01T10:29:59,2100-12-01T00:00:00,0,0,800010146,0,0,0,0,0
11788,7201959,7211338,1,crow11788,3117610,0,0,0,0,0,0,1023,27,0,0,0,0,0,0,2,0,0,0,2024-07-12T10:35:00,2024-08-01T10:29:59,2100-12-01T00:00:00,0,0,800011626,0,0,0,0,0
11789,7201960,7211339,1,crow11789,3117611,0,0,0,0,0,0,1023,28,0,0,0,0,0,0,1,0,0,0,2024-07-12T10:35:00,2024-08-01T10:29:59,2100-12-01T00:00:00,0,0,800011627,0,0,0,0,0
11790,7201961,7211376,1,crow11790,3117612,0,0,0,0,0,0,1023,31,0,0,0,0,0,0,1,0,0,0,2024-07-12T10:35:00,2024-08-01T10:29:59,2100-12-01T00:00:00,0,0,800011079,0,0,0,0,0
11791,7201964,7211420,1,crow11791,3117617,0,0,0,0,0,0,1025,106,0,0,0,0,0,0,1,0,0,0,2024-07-12T10:35:00,2026-08-28T10:29:59,2100-12-01T00:00:00,440,0,800011791,0,0,0,0,0
11792,7201965,7211137,1,crow11792,3117620,0,0,0,0,0,0,1002,7,0,0,0,3,0,0,6,0,0,0,2024-07-12T10:35:00,2026-08-28T10:29:59,2100-12-01T00:00:00,0,0,800011331,0,0,0,0,0
11793,7201966,7211424,1,crow11793,3117621,0,0,0,0,0,0,1023,16,0,0,0,0,0,0,2,0,0,0,2024-07-23T10:35:00,2024-08-22T10:29:59,2100-12-01T00:00:00,0,0,800011793,0,0,0,0,0
11794,7201967,7211425,1,crow11794,3117622,0,0,0,0,0,0,1023,17,0,0,0,0,0,0,2,0,0,0,2024-07-23T10:35:00,2024-08-22T10:29:59,2100-12-01T00:00:00,0,0,800011794,0,0,0,0,0
11795,7201968,7211426,1,crow11795,3117623,0,0,0,0,0,0,1023,18,0,0,0,0,0,0,2,0,0,0,2024-07-23T10:35:00,2024-08-22T10:29:59,2100-12-01T00:00:00,0,0,800011795,0,0,0,0,0
11796,7201969,7211427,1,crow11796,3117624,0,0,0,0,0,0,1023,15,0,0,0,0,0,0,1,0,0,0,2024-07-23T10:35:00,2024-08-22T10:29:59,2100-12-01T00:00:00,0,0,800010177,0,0,0,0,0
11797,7201970,7211279,1,crow11797,3117625,0,0,0,0,0,0,1023,19,0,0,0,2,0,0,5,0,0,0,2024-07-23T10:35:00,2024-08-12T10:29:59,2100-12-01T00:00:00,0,0,800010466,0,0,0,0,0
11798,7201971,7210418,1,crow11798,3117626,0,0,0,0,0,0,1023,20,0,0,0,0,0,0,3,0,0,0,2024-07-23T10:35:00,2024-08-12T10:29:59,2100-12-01T00:00:00,0,0,800010229,0,0,0,0,0
11799,7201972,7211134,1,crow11799,3117627,0,0,0,0,0,0,1023,21,0,0,0,2,0,0,5,0,0,0,2024-07-23T10:35:00,2024-08-12T10:29:59,2100-12-01T00:00:00,0,0,800010239,0,0,0,0,0
11800,7201973,7211379,1,crow11800,3117628,0,0,0,0,0,0,1023,22,0,0,0,2,0,0,3,0,0,0,2024-07-23T10:35:00,2024-08-12T10:29:59,2100-12-01T00:00:00,0,0,800010472,0,0,0,0,0
11801,7201975,7211381,1,crow11801,3117630,0,0,0,0,0,0,1023,24,0,0,0,2,0,0,5,0,0,0,2024-07-23T10:35:00,2024-08-12T10:29:59,2100-12-01T00:00:00,0,0,800010535,0,0,0,0,0
11802,7201974,7211380,1,crow11802,3117629,0,0,0,0,0,0,1023,23,0,0,0,0,0,0,2,0,0,0,2024-07-23T10:35:00,2024-08-12T10:29:59,2100-12-01T00:00:00,0,0,800010714,0,0,0,0,0
11803,7201976,7211138,1,crow11803,3117631,0,0,0,0,0,0,1023,25,0,0,0,0,0,0,3,0,0,0,2024-07-23T10:35:00,2024-08-12T10:29:59,2100-12-01T00:00:00,0,0,800011332,0,0,0,0,0
11804,7201977,7211290,1,crow11804,3117632,0,0,0,0,0,0,1023,26,0,0,0,0,0,0,1,0,0,0,2024-07-23T10:35:00,2024-08-12T10:29:59,2100-12-01T00:00:00,0,0,800011546,0,0,0,0,0
11805,7201978,7211428,1,crow11805,3117633,0,0,0,0,0,0,1023,14,0,0,0,0,0,0,2,0,0,0,2024-07-23T10:35:00,2024-08-12T10:29:59,2100-12-01T00:00:00,0,0,800011805,0,0,0,0,0
11806,7201979,7211429,1,0,3104014,0,0,0,0,0,0,1004,12,0,0,0,1,0,0,1,0,0,0,2024-07-23T10:35:00,2100-12-31T00:00:00,2100-12-01T00:00:00,0,0,710000358,0,0,0,0,0
11807,7201307,7211106,1,crow11807,3117634,0,0,0,0,0,0,1023,30,0,0,0,0,0,0,10,0,0,0,2024-07-30T10:35:00,2024-09-01T10:29:59,2100-12-01T00:00:00,0,0,800011244,0,0,0,0,0
11808,7201308,7211257,1,crow11808,3117635,0,0,0,0,0,0,1023,31,0,0,0,0,0,0,10,0,0,0,2024-07-30T10:35:00,2024-09-01T10:29:59,2100-12-01T00:00:00,0,0,800011245,0,0,0,0,0
11809,7201309,7211108,1,crow11809,3117636,0,0,0,0,0,0,1023,32,0,0,0,0,0,0,10,0,0,0,2024-07-30T10:35:00,2024-09-01T10:29:59,2100-12-01T00:00:00,0,0,800011246,0,0,0,0,0
11810,7201310,7211109,1,crow11810,3117637,0,0,0,0,0,0,1023,28,0,0,0,0,0,0,1,0,0,0,2024-07-30T10:35:00,2024-09-01T10:29:59,2100-12-01T00:00:00,0,0,800011247,0,0,0,0,0
11811,7201312,7211258,1,crow11811,3117638,0,0,0,0,0,0,1023,29,0,0,0,0,0,0,1,0,0,0,2024-07-30T10:35:00,2024-09-01T10:29:59,2100-12-01T00:00:00,0,0,800011481,0,0,0,0,0
11812,7201313,7210996,1,crow11812,3117639,0,0,0,0,0,0,1023,15,0,0,0,0,0,0,1,0,0,0,2024-07-30T10:35:00,2024-08-19T10:29:59,2100-12-01T00:00:00,0,0,800011252,0,0,0,0,0
11813,7201980,7211158,1,crow11813,3117640,0,0,0,0,0,0,1023,24,0,0,0,0,0,0,1,0,0,0,2024-07-30T10:35:00,2024-08-19T10:29:59,2100-12-01T00:00:00,0,0,800010733,0,0,0,0,0
11814,7201981,7211159,1,crow11814,3117641,0,0,0,0,0,0,1023,25,0,0,0,2,0,0,5,0,0,0,2024-07-30T10:35:00,2024-08-19T10:29:59,2100-12-01T00:00:00,0,0,800011314,0,0,0,0,0
11815,7201982,7211160,1,crow11815,3117642,0,0,0,0,0,0,1023,26,0,0,0,0,0,0,3,0,0,0,2024-07-30T10:35:00,2024-08-19T10:29:59,2100-12-01T00:00:00,0,0,800010171,0,0,0,0,0
11816,7201490,7211387,1,crow11816,3117643,0,0,0,0,0,0,1023,21,0,0,0,3,0,0,3,0,0,0,2024-07-30T10:35:00,2024-08-19T10:29:59,2100-12-01T00:00:00,0,0,800011815,0,0,0,0,0
11817,7201833,7211345,1,crow11817,3117644,0,0,0,0,0,0,1023,16,0,0,0,0,0,0,1,0,0,0,2024-07-30T10:35:00,2024-08-19T10:29:59,2100-12-01T00:00:00,0,0,800011654,0,0,0,0,0
11818,7201983,7211324,1,crow11818,3117645,0,0,0,0,0,0,1023,22,0,0,0,0,0,0,2,0,0,0,2024-07-30T10:35:00,2024-08-19T10:29:59,2100-12-01T00:00:00,0,0,800011817,0,0,0,0,0
11819,7201984,7211177,1,crow11819,3117646,0,0,0,0,0,0,1023,23,0,0,0,2,0,0,5,0,0,0,2024-07-30T10:35:00,2024-08-19T10:29:59,2100-12-01T00:00:00,0,0,800011818,0,0,0,0,0
11820,7201992,7211437,1,crow11820,3117647,0,0,0,0,0,0,1034,18,0,0,0,0,0,0,2,0,0,0,2024-08-06T10:35:00,2024-09-05T10:29:59,2100-12-01T00:00:00,0,0,800011820,0,0,0,0,0
11821,7201993,7211438,1,crow11821,3117648,0,0,0,0,0,0,1034,19,0,0,0,0,0,0,2,0,0,0,2024-08-06T10:35:00,2024-09-05T10:29:59,2100-12-01T00:00:00,0,0,800011821,0,0,0,0,0
11822,7201994,7211439,1,crow11822,3117649,0,0,0,0,0,0,1034,20,0,0,0,0,0,0,2,0,0,0,2024-08-06T10:35:00,2024-09-05T10:29:59,2100-12-01T00:00:00,0,0,800011822,0,0,0,0,0
11823,7201995,7210226,1,crow11823,0,0,0,0,0,0,0,1034,15,0,0,0,0,0,0,1,0,0,0,2024-08-06T10:35:00,2024-08-26T10:29:59,2100-12-01T00:00:00,0,0,800011823,0,0,0,0,0
11824,7201996,7210497,1,crow11824,0,0,0,0,0,0,0,1034,16,0,0,0,0,0,0,1,0,0,0,2024-08-06T10:35:00,2024-08-26T10:29:59,2100-12-01T00:00:00,0,0,800011824,0,0,0,0,0
11825,7201997,7211130,1,crow11825,3117650,0,0,0,0,0,0,1034,17,0,0,0,0,0,0,1,0,0,0,2024-08-06T10:35:00,2024-08-26T10:29:59,2100-12-01T00:00:00,0,0,800011825,0,0,0,0,0
11826,7200809,7210661,1,crow11826,3117651,0,0,0,0,0,0,1034,27,0,0,0,0,0,0,3,0,0,0,2024-08-06T10:35:00,2024-08-26T10:29:59,2100-12-01T00:00:00,0,0,800011826,0,0,0,0,0
11827,7201998,7211217,1,crow11827,3117652,0,0,0,0,0,0,1034,21,0,0,0,0,0,0,1,0,0,0,2024-08-06T10:35:00,2024-08-26T10:29:59,2100-12-01T00:00:00,0,0,800011827,0,0,0,0,0
11828,7201999,7211440,1,crow11828,3117653,0,0,0,0,0,0,1034,22,0,0,0,0,0,0,3,0,0,0,2024-08-06T10:35:00,2024-08-26T10:29:59,2100-12-01T00:00:00,0,0,800011828,0,0,0,0,0
11829,7202000,7211219,1,crow11829,3117654,0,0,0,0,0,0,1034,23,0,0,0,0,0,0,1,0,0,0,2024-08-06T10:35:00,2024-08-26T10:29:59,2100-12-01T00:00:00,0,0,800011829,0,0,0,0,0
11830,7202001,7211441,1,crow11830,3117655,0,0,0,0,0,0,1034,24,0,0,0,0,0,0,1,0,0,0,2024-08-06T10:35:00,2024-08-26T10:29:59,2100-12-01T00:00:00,0,0,800011830,0,0,0,0,0
11831,7202002,7211442,1,crow11831,3117656,0,0,0,0,0,0,1034,25,0,0,0,0,0,0,2,0,0,0,2024-08-06T10:35:00,2024-08-26T10:29:59,2100-12-01T00:00:00,0,0,800011831,0,0,0,0,0
11832,7202003,7211221,1,crow11832,3117657,0,0,0,0,0,0,1034,26,0,0,0,0,0,0,1,0,0,0,2024-08-06T10:35:00,2024-08-26T10:29:59,2100-12-01T00:00:00,0,0,800011832,0,0,0,0,0
11833,7202004,7211443,1,0,3117658,0,0,0,0,0,0,1001,1,0,0,0,1,0,0,1,1,0,0,2024-08-06T10:35:00,2024-08-25T23:59:59,2100-12-01T00:00:00,0,0,801110022,0,0,0,0,0
11834,7202006,7211445,1,crow11834,3117659,0,0,0,0,0,0,1034,5,0,0,0,0,0,0,2,0,0,0,2024-08-14T10:35:00,2024-09-13T10:29:59,2100-12-01T00:00:00,0,0,800011834,0,0,0,0,0
11835,7202007,7211446,1,crow11835,3117660,0,0,0,0,0,0,1034,6,0,0,0,0,0,0,2,0,0,0,2024-08-14T10:35:00,2024-09-13T10:29:59,2100-12-01T00:00:00,0,0,800011835,0,0,0,0,0
11836,7202008,7211447,1,crow11836,3117661,0,0,0,0,0,0,1034,7,0,0,0,0,0,0,2,0,0,0,2024-08-14T10:35:00,2024-09-13T10:29:59,2100-12-01T00:00:00,0,0,800011836,0,0,0,0,0
11837,7202009,7210990,1,crow11837,0,0,0,0,0,0,0,1034,1,0,0,0,0,0,0,1,0,0,0,2024-08-14T10:35:00,2024-08-21T10:29:59,2100-12-01T00:00:00,0,0,800011837,0,0,0,0,0
11838,7202010,7211279,1,crow11838,3117662,0,0,0,0,0,0,1034,8,0,0,0,2,0,0,5,0,0,0,2024-08-14T10:35:00,2024-09-03T10:29:59,2100-12-01T00:00:00,0,0,800011838,0,0,0,0,0
11839,7202011,7210418,1,crow11839,3117663,0,0,0,0,0,0,1034,9,0,0,0,0,0,0,3,0,0,0,2024-08-14T10:35:00,2024-09-03T10:29:59,2100-12-01T00:00:00,0,0,800011839,0,0,0,0,0
11840,7202012,7211448,1,crow11840,3117664,0,0,0,0,0,0,1034,12,0,0,0,0,0,0,1,0,0,0,2024-08-14T10:35:00,2024-09-03T10:29:59,2100-12-01T00:00:00,0,0,800011840,0,0,0,0,0
11841,7202013,7211449,1,crow11841,3117665,0,0,0,0,0,0,1034,13,0,0,0,2,0,0,5,0,0,0,2024-08-14T10:35:00,2024-09-03T10:29:59,2100-12-01T00:00:00,0,0,800011841,0,0,0,0,0
11842,7202014,7211450,1,crow11842,3117666,0,0,0,0,0,0,1034,14,0,0,0,0,0,0,3,0,0,0,2024-08-14T10:35:00,2024-09-03T10:29:59,2100-12-01T00:00:00,0,0,800011842,0,0,0,0,0
11843,7202015,7211324,1,crow11843,3117667,0,0,0,0,0,0,1034,10,0,0,0,0,0,0,2,0,0,0,2024-08-14T10:35:00,2024-09-03T10:29:59,2100-12-01T00:00:00,0,0,800011843,0,0,0,0,0
11844,7202016,7211162,1,crow11844,3117668,0,0,0,0,0,0,1034,11,0,0,0,0,0,0,1,0,0,0,2024-08-14T10:35:00,2024-09-03T10:29:59,2100-12-01T00:00:00,0,0,800011844,0,0,0,0,0
11845,7202017,7211271,1,crow11845,3117669,0,0,0,0,0,0,1034,2,0,0,0,0,0,0,1,0,0,0,2024-08-14T10:35:00,2024-09-03T10:29:59,2100-12-01T00:00:00,0,0,800011845,0,0,0,0,0
11846,7202018,7211272,1,crow11846,3117670,0,0,0,0,0,0,1034,3,0,0,0,0,0,0,1,0,0,0,2024-08-14T10:35:00,2024-09-03T10:29:59,2100-12-01T00:00:00,0,0,800011846,0,0,0,0,0
11847,7202019,7211451,1,crow11847,3117671,0,0,0,0,0,0,1034,4,0,0,0,0,0,0,2,0,0,0,2024-08-14T10:35:00,2024-09-03T10:29:59,2100-12-01T00:00:00,0,0,800011847,0,0,0,0,0
11848,7201166,7211413,1,crow11848,3117592,0,0,0,0,0,0,1023,27,0,0,0,0,0,0,2,0,0,0,2024-08-22T10:35:00,2024-09-11T10:29:59,2100-12-01T00:00:00,0,0,800010253,0,0,0,0,0
11849,7201381,7210990,1,crow11849,0,0,0,0,0,0,0,1023,15,0,0,0,0,0,0,1,0,0,0,2024-08-22T10:35:00,2024-08-28T10:29:59,2100-12-01T00:00:00,0,0,800011027,0,0,0,0,0
11850,7201375,7211134,1,crow11850,3117239,0,0,0,0,0,0,1023,33,0,0,0,2,0,0,5,0,0,0,2024-08-22T10:35:00,2024-09-11T10:29:59,2100-12-01T00:00:00,0,0,800010239,0,0,0,0,0
11851,7201376,7211379,1,crow11851,3117535,0,0,0,0,0,0,1023,34,0,0,0,2,0,0,3,0,0,0,2024-08-22T10:35:00,2024-09-11T10:29:59,2100-12-01T00:00:00,0,0,800010472,0,0,0,0,0
11852,7201555,7211380,1,crow11852,3117536,0,0,0,0,0,0,1023,35,0,0,0,0,0,0,2,0,0,0,2024-08-22T10:35:00,2024-09-11T10:29:59,2100-12-01T00:00:00,0,0,800010714,0,0,0,0,0
11853,7201377,7211381,1,crow11853,3117537,0,0,0,0,0,0,1023,36,0,0,0,2,0,0,5,0,0,0,2024-08-22T10:35:00,2024-09-11T10:29:59,2100-12-01T00:00:00,0,0,800010535,0,0,0,0,0
11854,7201378,7211280,1,crow11854,3117397,0,0,0,0,0,0,1023,31,0,0,0,0,0,0,1,0,0,0,2024-08-22T10:35:00,2024-09-11T10:29:59,2100-12-01T00:00:00,0,0,800011104,0,0,0,0,0
11855,7201379,7211281,1,crow11855,3117398,0,0,0,0,0,0,1023,32,0,0,0,0,0,0,1,0,0,0,2024-08-22T10:35:00,2024-09-11T10:29:59,2100-12-01T00:00:00,0,0,800011105,0,0,0,0,0
11856,7202020,7211245,1,crow11856,3117676,0,0,0,0,0,0,1023,28,0,0,0,0,0,0,1,0,0,0,2024-08-22T10:35:00,2024-09-11T10:29:59,2100-12-01T00:00:00,0,0,800011216,0,0,0,0,0
11857,7202021,7211453,1,crow11857,3117677,0,0,0,0,0,0,1023,29,0,0,0,0,0,0,1,0,0,0,2024-08-22T10:35:00,2024-09-11T10:29:59,2100-12-01T00:00:00,0,0,800011857,0,0,0,0,0
11858,7202022,7211244,1,crow11858,3117678,0,0,0,0,0,0,1023,30,0,0,0,0,0,0,1,0,0,0,2024-08-22T10:35:00,2024-09-11T10:29:59,2100-12-01T00:00:00,0,0,800011445,0,0,0,0,0
11859,7202023,7211455,1,crow11859,3117679,0,0,0,0,0,0,1023,36,0,0,0,0,0,0,2,0,0,0,2024-08-29T10:35:00,2024-09-28T10:29:59,2100-12-01T00:00:00,0,0,800011859,0,0,0,0,0
11860,7202024,7211456,1,crow11860,3117680,0,0,0,0,0,0,1023,37,0,0,0,0,0,0,2,0,0,0,2024-08-29T10:35:00,2024-09-28T10:29:59,2100-12-01T00:00:00,0,0,800011860,0,0,0,0,0
11861,7202025,7211457,1,crow11861,3117681,0,0,0,0,0,0,1023,38,0,0,0,0,0,0,2,0,0,0,2024-08-29T10:35:00,2024-09-28T10:29:59,2100-12-01T00:00:00,0,0,800011861,0,0,0,0,0
11862,7202026,7211458,1,crow11862,3117682,0,0,0,0,0,0,1023,39,0,0,0,0,0,0,1,0,0,0,2024-08-29T10:35:00,2024-09-28T10:29:59,2100-12-01T00:00:00,0,0,800010270,0,0,0,0,0
11863,7202027,7211279,1,crow11863,3117683,0,0,0,0,0,0,1023,31,0,0,0,2,0,0,5,0,0,0,2024-08-29T10:35:00,2024-09-18T10:29:59,2100-12-01T00:00:00,0,0,800010466,0,0,0,0,0
11864,7202028,7210418,1,crow11864,3117684,0,0,0,0,0,0,1023,32,0,0,0,0,0,0,3,0,0,0,2024-08-29T10:35:00,2024-09-18T10:29:59,2100-12-01T00:00:00,0,0,800010229,0,0,0,0,0
11865,7202029,7211448,1,crow11865,3117685,0,0,0,0,0,0,1023,33,0,0,0,0,0,0,1,0,0,0,2024-08-29T10:35:00,2024-09-18T10:29:59,2100-12-01T00:00:00,0,0,800010733,0,0,0,0,0
11866,7202030,7211449,1,crow11866,3117686,0,0,0,0,0,0,1023,34,0,0,0,2,0,0,5,0,0,0,2024-08-29T10:35:00,2024-09-18T10:29:59,2100-12-01T00:00:00,0,0,800011314,0,0,0,0,0
11867,7202031,7211450,1,crow11867,3117687,0,0,0,0,0,0,1023,35,0,0,0,0,0,0,3,0,0,0,2024-08-29T10:35:00,2024-09-18T10:29:59,2100-12-01T00:00:00,0,0,800010171,0,0,0,0,0
11868,7202032,7211387,1,crow11868,3117688,0,0,0,0,0,0,1023,29,0,0,0,3,0,0,3,0,0,0,2024-08-29T10:35:00,2024-09-18T10:29:59,2100-12-01T00:00:00,0,0,800010438,0,0,0,0,0
11869,7202033,7211406,1,crow11869,3117689,0,0,0,0,0,0,1023,28,0,0,0,0,0,0,2,0,0,0,2024-08-29T10:35:00,2024-09-18T10:29:59,2100-12-01T00:00:00,0,0,800011762,0,0,0,0,0
11870,7202034,7211138,1,crow11870,3117690,0,0,0,0,0,0,1023,25,0,0,0,0,0,0,3,0,0,0,2024-08-29T10:35:00,2024-09-18T10:29:59,2100-12-01T00:00:00,0,0,800011332,0,0,0,0,0
11871,7202035,7211177,1,crow11871,3117691,0,0,0,0,0,0,1023,21,0,0,0,2,0,0,5,0,0,0,2024-08-29T10:35:00,2024-09-18T10:29:59,2100-12-01T00:00:00,0,0,800010766,0,0,0,0,0
11872,7202036,7211197,1,crow11872,3117692,0,0,0,0,0,0,1023,30,0,0,0,0,0,0,2,0,0,0,2024-08-29T10:35:00,2024-09-18T10:29:59,2100-12-01T00:00:00,0,0,800011361,0,0,0,0,0
11873,7202044,7210226,1,crow11873,0,0,0,0,0,0,0,1023,25,0,0,0,0,0,0,1,0,0,0,2024-09-06T10:35:00,2024-09-26T10:29:59,2100-12-01T00:00:00,0,0,800010077,0,0,0,0,0
11874,7202045,7211413,1,crow11874,3117693,0,0,0,0,0,0,1023,30,0,0,0,0,0,0,2,0,0,0,2024-09-06T10:35:00,2024-09-26T10:29:59,2100-12-01T00:00:00,0,0,800010253,0,0,0,0,0
11875,7202046,7211401,1,crow11875,3117694,0,0,0,0,0,0,1023,31,0,0,0,0,0,0,4,0,0,0,2024-09-06T10:35:00,2024-09-26T10:29:59,2100-12-01T00:00:00,0,0,800011744,0,0,0,0,0
11876,7202047,7211134,1,crow11876,3117695,0,0,0,0,0,0,1023,32,0,0,0,2,0,0,5,0,0,0,2024-09-06T10:35:00,2024-09-26T10:29:59,2100-12-01T00:00:00,0,0,800010239,0,0,0,0,0
11877,7202048,7211379,1,crow11877,3117696,0,0,0,0,0,0,1023,33,0,0,0,2,0,0,3,0,0,0,2024-09-06T10:35:00,2024-09-26T10:29:59,2100-12-01T00:00:00,0,0,800010472,0,0,0,0,0
11878,7202049,7211380,1,crow11878,3117697,0,0,0,0,0,0,1023,34,0,0,0,0,0,0,2,0,0,0,2024-09-06T10:35:00,2024-09-26T10:29:59,2100-12-01T00:00:00,0,0,800010714,0,0,0,0,0
11879,7202050,7211381,1,crow11879,3117698,0,0,0,0,0,0,1023,35,0,0,0,2,0,0,5,0,0,0,2024-09-06T10:35:00,2024-09-26T10:29:59,2100-12-01T00:00:00,0,0,800010535,0,0,0,0,0
11880,7202051,7211217,1,crow11880,3117699,0,0,0,0,0,0,1023,27,0,0,0,0,0,0,1,0,0,0,2024-09-06T10:35:00,2024-09-26T10:29:59,2100-12-01T00:00:00,0,0,800011726,0,0,0,0,0
11881,7202052,7211327,1,crow11881,3117700,0,0,0,0,0,0,1023,28,0,0,0,0,0,0,2,0,0,0,2024-09-06T10:35:00,2024-09-26T10:29:59,2100-12-01T00:00:00,0,0,800011727,0,0,0,0,0
11882,7202053,7211396,1,crow11882,3117701,0,0,0,0,0,0,1023,29,0,0,0,0,0,0,2,0,0,0,2024-09-06T10:35:00,2024-09-26T10:29:59,2100-12-01T00:00:00,0,0,800011728,0,0,0,0,0
11883,7202054,7211466,1,crow11883,3117702,0,0,0,0,0,0,1023,26,0,0,0,0,0,0,2,0,0,0,2024-09-06T10:35:00,2024-09-26T10:29:59,2100-12-01T00:00:00,0,0,800011883,0,0,0,0,0
11884,7202055,7211467,1,crow11884,3117703,0,0,0,0,0,0,1023,36,0,0,0,0,0,0,2,0,0,0,2024-09-13T10:35:00,2024-10-13T10:29:59,2100-12-01T00:00:00,0,0,800011884,0,0,0,0,0
11885,7202056,7211468,1,crow11885,3117704,0,0,0,0,0,0,1023,37,0,0,0,0,0,0,2,0,0,0,2024-09-13T10:35:00,2024-10-13T10:29:59,2100-12-01T00:00:00,0,0,800011885,0,0,0,0,0
11886,7202057,7211469,1,crow11886,3117705,0,0,0,0,0,0,1023,38,0,0,0,0,0,0,2,0,0,0,2024-09-13T10:35:00,2024-10-13T10:29:59,2100-12-01T00:00:00,0,0,800011886,0,0,0,0,0
11887,7201381,7210990,1,crow11887,0,0,0,0,0,0,0,1023,1,0,0,0,0,0,0,1,0,0,0,2024-09-13T10:35:00,2024-09-19T10:29:59,2100-12-01T00:00:00,0,0,800011027,0,0,0,0,0
11888,7202058,7211448,1,crow11888,3117706,0,0,0,0,0,0,1023,32,0,0,0,0,0,0,1,0,0,0,2024-09-13T10:35:00,2024-10-03T10:29:59,2100-12-01T00:00:00,0,0,800010733,0,0,0,0,0
11889,7202059,7211449,1,crow11889,3117707,0,0,0,0,0,0,1023,33,0,0,0,2,0,0,5,0,0,0,2024-09-13T10:35:00,2024-10-03T10:29:59,2100-12-01T00:00:00,0,0,800011314,0,0,0,0,0
11890,7202060,7211450,1,crow11890,3117708,0,0,0,0,0,0,1023,34,0,0,0,0,0,0,3,0,0,0,2024-09-13T10:35:00,2024-10-03T10:29:59,2100-12-01T00:00:00,0,0,800010171,0,0,0,0,0
11891,7202061,7211162,1,crow11891,3117709,0,0,0,0,0,0,1023,26,0,0,0,0,0,0,1,0,0,0,2024-09-13T10:35:00,2024-10-03T10:29:59,2100-12-01T00:00:00,0,0,800010586,0,0,0,0,0
11892,7202062,7211470,1,crow11892,3117710,0,0,0,0,0,0,1023,27,0,0,0,0,0,0,1,0,0,0,2024-09-13T10:35:00,2024-10-03T10:29:59,2100-12-01T00:00:00,0,0,800011892,0,0,0,0,0
11893,7202063,7211216,1,crow11893,3117711,0,0,0,0,0,0,1023,28,0,0,0,0,0,0,1,0,0,0,2024-09-13T10:35:00,2024-10-03T10:29:59,2100-12-01T00:00:00,0,0,800011409,0,0,0,0,0
11894,7202064,7211138,1,crow11894,3117712,0,0,0,0,0,0,1023,35,0,0,0,0,0,0,3,0,0,0,2024-09-13T10:35:00,2024-10-03T10:29:59,2100-12-01T00:00:00,0,0,800011332,0,0,0,0,0
11895,7202065,7211290,1,crow11895,3117713,0,0,0,0,0,0,1023,36,0,0,0,0,0,0,1,0,0,0,2024-09-13T10:35:00,2024-10-03T10:29:59,2100-12-01T00:00:00,0,0,800011546,0,0,0,0,0
11896,7201411,7211064,1,0,3104009,0,0,0,0,0,0,1004,1,0,0,0,0,0,0,5,0,0,0,2024-09-06T10:35:00,2024-09-15T10:29:59,2100-12-01T00:00:00,0,0,710000148,0,0,0,0,0
11897,7202066,7211279,1,crow11897,3117714,0,0,0,0,0,0,1023,25,0,0,0,2,0,0,5,0,0,0,2024-09-20T10:35:00,2024-10-10T10:29:59,2100-12-01T00:00:00,0,0,800010466,0,0,0,0,0
11898,7202067,7210418,1,crow11898,3117715,0,0,0,0,0,0,1023,26,0,0,0,0,0,0,3,0,0,0,2024-09-20T10:35:00,2024-10-10T10:29:59,2100-12-01T00:00:00,0,0,800010229,0,0,0,0,0
11899,7202068,7211316,1,crow11899,3117716,0,0,0,0,0,0,1023,31,0,0,0,0,0,0,1,0,0,0,2024-09-20T10:35:00,2024-10-10T10:29:59,2100-12-01T00:00:00,0,0,800011582,0,0,0,0,0
11900,7202069,7211134,1,crow11900,3117717,0,0,0,0,0,0,1023,32,0,0,0,2,0,0,5,0,0,0,2024-09-20T10:35:00,2024-10-10T10:29:59,2100-12-01T00:00:00,0,0,800010239,0,0,0,0,0
11901,7202070,7211379,1,crow11901,3117718,0,0,0,0,0,0,1023,33,0,0,0,2,0,0,3,0,0,0,2024-09-20T10:35:00,2024-10-10T10:29:59,2100-12-01T00:00:00,0,0,800010472,0,0,0,0,0
11902,7202071,7211380,1,crow11902,3117719,0,0,0,0,0,0,1023,34,0,0,0,0,0,0,2,0,0,0,2024-09-20T10:35:00,2024-10-10T10:29:59,2100-12-01T00:00:00,0,0,800010714,0,0,0,0,0
11903,7202072,7211381,1,crow11903,3117720,0,0,0,0,0,0,1023,35,0,0,0,2,0,0,5,0,0,0,2024-09-20T10:35:00,2024-10-10T10:29:59,2100-12-01T00:00:00,0,0,800010535,0,0,0,0,0
11904,7202073,7211324,1,crow11904,3117721,0,0,0,0,0,0,1023,24,0,0,0,0,0,0,2,0,0,0,2024-09-20T10:35:00,2024-10-10T10:29:59,2100-12-01T00:00:00,0,0,800011601,0,0,0,0,0
11905,7202074,7211472,1,crow11905,3117722,0,0,0,0,0,0,1023,27,0,0,0,0,0,0,1,0,0,0,2024-09-20T10:35:00,2024-10-10T10:29:59,2100-12-01T00:00:00,0,0,800011460,0,0,0,0,0
11906,7202075,7211471,1,crow11906,3117723,0,0,0,0,0,0,1023,28,0,0,0,2,0,0,5,0,0,0,2024-09-20T10:35:00,2024-10-10T10:29:59,2100-12-01T00:00:00,0,0,800010766,0,0,0,0,0
11907,7202076,7211376,1,crow11907,3117724,0,0,0,0,0,0,1023,29,0,0,0,0,0,0,2,0,0,0,2024-09-20T10:35:00,2024-10-10T10:29:59,2100-12-01T00:00:00,0,0,800011079,0,0,0,0,0
11908,7202077,7211451,1,crow11908,3117725,0,0,0,0,0,0,1023,30,0,0,0,0,0,0,2,0,0,0,2024-09-20T10:35:00,2024-10-10T10:29:59,2100-12-01T00:00:00,0,0,800011908,0,0,0,0,0
11909,7201306,7210990,1,crow11909,0,0,0,0,0,0,0,1023,1,0,0,0,0,0,0,2,0,0,0,2024-09-20T10:35:00,2024-09-26T10:29:59,2100-12-01T00:00:00,0,0,800011027,0,0,0,0,0
11910,7202078,7211473,1,crow11910,3117726,0,0,0,0,0,0,1023,36,0,0,0,0,0,0,2,0,0,0,2024-09-27T10:35:00,2024-10-27T10:29:59,2100-12-01T00:00:00,0,0,800011910,0,0,0,0,0
11911,7202079,7211474,1,crow11911,3117727,0,0,0,0,0,0,1023,37,0,0,0,0,0,0,2,0,0,0,2024-09-27T10:35:00,2024-10-27T10:29:59,2100-12-01T00:00:00,0,0,800011911,0,0,0,0,0
11912,7202080,7211475,1,crow11912,3117728,0,0,0,0,0,0,1023,38,0,0,0,0,0,0,2,0,0,0,2024-09-27T10:35:00,2024-10-27T10:29:59,2100-12-01T00:00:00,0,0,800011912,0,0,0,0,0
11913,7202081,7211476,1,crow11913,3117729,0,0,0,0,0,0,1023,39,0,0,0,0,0,0,1,0,0,0,2024-09-27T10:35:00,2024-10-27T10:29:59,2100-12-01T00:00:00,0,0,800010234,0,0,0,0,0
11914,7201381,7210990,1,crow11914,0,0,0,0,0,0,0,1023,1,0,0,0,0,0,0,1,0,0,0,2024-09-27T10:35:00,2024-10-03T10:29:59,2100-12-01T00:00:00,0,0,800011027,0,0,0,0,0
11915,7202082,7211448,1,crow11915,3117730,0,0,0,0,0,0,1023,32,0,0,0,0,0,0,1,0,0,0,2024-09-27T10:35:00,2024-10-17T10:29:59,2100-12-01T00:00:00,0,0,800010733,0,0,0,0,0
11916,7202083,7211449,1,crow11916,3117731,0,0,0,0,0,0,1023,33,0,0,0,2,0,0,5,0,0,0,2024-09-27T10:35:00,2024-10-17T10:29:59,2100-12-01T00:00:00,0,0,800011314,0,0,0,0,0
11917,7202084,7211450,1,crow11917,3117732,0,0,0,0,0,0,1023,34,0,0,0,0,0,0,3,0,0,0,2024-09-27T10:35:00,2024-10-17T10:29:59,2100-12-01T00:00:00,0,0,800010171,0,0,0,0,0
11918,7202085,7211387,1,crow11918,3117733,0,0,0,0,0,0,1023,31,0,0,0,3,0,0,3,0,0,0,2024-09-27T10:35:00,2024-10-17T10:29:59,2100-12-01T00:00:00,0,0,800010438,0,0,0,0,0
11919,7202086,7211406,1,crow11919,3117734,0,0,0,0,0,0,1023,30,0,0,0,0,0,0,2,0,0,0,2024-09-27T10:35:00,2024-10-17T10:29:59,2100-12-01T00:00:00,0,0,800011762,0,0,0,0,0
11920,7202087,7211245,1,crow11920,3117735,0,0,0,0,0,0,1023,29,0,0,0,0,0,0,2,0,0,0,2024-09-27T10:35:00,2024-10-17T10:29:59,2100-12-01T00:00:00,0,0,800011216,0,0,0,0,0
11921,7202088,7211244,1,crow11921,3117736,0,0,0,0,0,0,1023,28,0,0,0,0,0,0,2,0,0,0,2024-09-27T10:35:00,2024-10-17T10:29:59,2100-12-01T00:00:00,0,0,800011445,0,0,0,0,0
11922,7202089,7211138,1,crow11922,3117737,0,0,0,0,0,0,1023,35,0,0,0,0,0,0,3,0,0,0,2024-09-27T10:35:00,2024-10-17T10:29:59,2100-12-01T00:00:00,0,0,800011332,0,0,0,0,0
11923,7201166,7211413,1,crow11923,3117592,0,0,0,0,0,0,1023,31,0,0,0,0,0,0,2,0,0,0,2024-10-04T10:35:00,2024-10-24T10:29:59,2100-12-01T00:00:00,0,0,800010253,0,0,0,0,0
11924,7201906,7211395,1,crow11924,3117556,0,0,0,0,0,0,1023,30,0,0,0,0,0,0,4,0,0,0,2024-10-04T10:35:00,2024-10-24T10:29:59,2100-12-01T00:00:00,0,0,800010012,0,0,0,0,0
11925,7202090,7210226,1,crow11925,0,0,0,0,0,0,0,1023,29,0,0,0,0,0,0,1,0,0,0,2024-10-04T10:35:00,2024-10-24T10:29:59,2100-12-01T00:00:00,0,0,800010077,0,0,0,0,0
11926,7202091,7211134,1,crow11926,3117738,0,0,0,0,0,0,1023,32,0,0,0,2,0,0,5,0,0,0,2024-10-04T10:35:00,2024-10-24T10:29:59,2100-12-01T00:00:00,0,0,800010239,0,0,0,0,0
11927,7202092,7211379,1,crow11927,3117739,0,0,0,0,0,0,1023,33,0,0,0,2,0,0,3,0,0,0,2024-10-04T10:35:00,2024-10-24T10:29:59,2100-12-01T00:00:00,0,0,800010472,0,0,0,0,0
11928,7202093,7211380,1,crow11928,3117740,0,0,0,0,0,0,1023,34,0,0,0,0,0,0,2,0,0,0,2024-10-04T10:35:00,2024-10-24T10:29:59,2100-12-01T00:00:00,0,0,800010714,0,0,0,0,0
11929,7202094,7211381,1,crow11929,3117741,0,0,0,0,0,0,1023,35,0,0,0,2,0,0,5,0,0,0,2024-10-04T10:35:00,2024-10-24T10:29:59,2100-12-01T00:00:00,0,0,800010535,0,0,0,0,0
11930,7202095,7211217,1,crow11930,3117742,0,0,0,0,0,0,1023,25,0,0,0,0,0,0,1,0,0,0,2024-10-04T10:35:00,2024-10-24T10:29:59,2100-12-01T00:00:00,0,0,800011930,0,0,0,0,0
11931,7202096,7211327,1,crow11931,3117743,0,0,0,0,0,0,1023,26,0,0,0,0,0,0,2,0,0,0,2024-10-04T10:35:00,2024-10-24T10:29:59,2100-12-01T00:00:00,0,0,800011931,0,0,0,0,0
11932,7202097,7211396,1,crow11932,3117744,0,0,0,0,0,0,1023,27,0,0,0,0,0,0,2,0,0,0,2024-10-04T10:35:00,2024-10-24T10:29:59,2100-12-01T00:00:00,0,0,800011932,0,0,0,0,0
11933,7202098,7211477,1,crow11933,3117745,0,0,0,0,0,0,1023,28,0,0,0,0,0,0,1,0,0,0,2024-10-04T10:35:00,2024-10-24T10:29:59,2100-12-01T00:00:00,0,0,800011933,0,0,0,0,0
11934,7202116,7211478,1,crow11934,3117746,0,0,0,0,0,0,1023,37,0,0,0,0,0,0,2,0,0,0,2024-10-11T10:35:00,2024-11-10T10:29:59,2100-12-01T00:00:00,0,0,800011934,0,0,0,0,0
11935,7202117,7211479,1,crow11935,3117747,0,0,0,0,0,0,1023,38,0,0,0,0,0,0,2,0,0,0,2024-10-11T10:35:00,2024-11-10T10:29:59,2100-12-01T00:00:00,0,0,800011935,0,0,0,0,0
11936,7202118,7211480,1,crow11936,3117748,0,0,0,0,0,0,1023,39,0,0,0,0,0,0,2,0,0,0,2024-10-11T10:35:00,2024-11-10T10:29:59,2100-12-01T00:00:00,0,0,800011936,0,0,0,0,0
11937,7202119,7211481,1,crow11937,3117749,0,0,0,0,0,0,1023,40,0,0,0,0,0,0,1,0,0,0,2024-10-11T10:35:00,2024-11-10T10:29:59,2100-12-01T00:00:00,0,0,800010608,0,0,0,0,0
11938,7201381,7210990,1,crow11938,0,0,0,0,0,0,0,1023,1,0,0,0,0,0,0,1,0,0,0,2024-10-11T10:35:00,2024-10-17T10:29:59,2100-12-01T00:00:00,0,0,800011027,0,0,0,0,0
11939,7202120,7211448,1,crow11939,3117750,0,0,0,0,0,0,1023,31,0,0,0,0,0,0,1,0,0,0,2024-10-11T10:35:00,2024-10-31T10:29:59,2100-12-01T00:00:00,0,0,800010733,0,0,0,0,0
11940,7202121,7211449,1,crow11940,3117751,0,0,0,0,0,0,1023,32,0,0,0,2,0,0,5,0,0,0,2024-10-11T10:35:00,2024-10-31T10:29:59,2100-12-01T00:00:00,0,0,800011314,0,0,0,0,0
11941,7202122,7211450,1,crow11941,3117752,0,0,0,0,0,0,1023,33,0,0,0,0,0,0,3,0,0,0,2024-10-11T10:35:00,2024-10-31T10:29:59,2100-12-01T00:00:00,0,0,800010171,0,0,0,0,0
11942,7202123,7211482,1,crow11942,3117753,0,0,0,0,0,0,1023,25,0,0,0,0,0,0,2,0,0,0,2024-10-11T10:35:00,2024-10-31T10:29:59,2100-12-01T00:00:00,0,0,800011942,0,0,0,0,0
11943,7202124,7211470,1,crow11943,3117754,0,0,0,0,0,0,1023,26,0,0,0,0,0,0,2,0,0,0,2024-10-11T10:35:00,2024-10-31T10:29:59,2100-12-01T00:00:00,0,0,800011892,0,0,0,0,0
11944,7202125,7211138,1,crow11944,3117755,0,0,0,0,0,0,1023,34,0,0,0,0,0,0,3,0,0,0,2024-10-11T10:35:00,2024-10-31T10:29:59,2100-12-01T00:00:00,0,0,800011332,0,0,0,0,0
11945,7202126,7211290,1,crow11945,3117756,0,0,0,0,0,0,1023,35,0,0,0,0,0,0,1,0,0,0,2024-10-11T10:35:00,2024-10-31T10:29:59,2100-12-01T00:00:00,0,0,800011546,0,0,0,0,0
11946,7202127,7211279,1,crow11946,3117757,0,0,0,0,0,0,1023,31,0,0,0,2,0,0,5,0,0,0,2024-10-18T10:35:00,2024-11-07T10:29:59,2100-12-01T00:00:00,0,0,800010466,0,0,0,0,0
11947,7202128,7210418,1,crow11947,3117758,0,0,0,0,0,0,1023,32,0,0,0,0,0,0,3,0,0,0,2024-10-18T10:35:00,2024-11-07T10:29:59,2100-12-01T00:00:00,0,0,800010229,0,0,0,0,0
11948,7201381,7210990,1,crow11948,0,0,0,0,0,0,0,1023,1,0,0,0,0,0,0,1,0,0,0,2024-10-18T10:35:00,2024-10-24T10:29:59,2100-12-01T00:00:00,0,0,800011027,0,0,0,0,0
11949,7202129,7211134,1,crow11949,3117759,0,0,0,0,0,0,1023,33,0,0,0,2,0,0,5,0,0,0,2024-10-18T10:35:00,2024-11-07T10:29:59,2100-12-01T00:00:00,0,0,800010239,0,0,0,0,0
11950,7202130,7211379,1,crow11950,3117760,0,0,0,0,0,0,1023,34,0,0,0,2,0,0,3,0,0,0,2024-10-18T10:35:00,2024-11-07T10:29:59,2100-12-01T00:00:00,0,0,800010472,0,0,0,0,0
11951,7202131,7211380,1,crow11951,3117761,0,0,0,0,0,0,1023,35,0,0,0,0,0,0,2,0,0,0,2024-10-18T10:35:00,2024-11-07T10:29:59,2100-12-01T00:00:00,0,0,800010714,0,0,0,0,0
11952,7202132,7211381,1,crow11952,3117762,0,0,0,0,0,0,1023,36,0,0,0,2,0,0,5,0,0,0,2024-10-18T10:35:00,2024-11-07T10:29:59,2100-12-01T00:00:00,0,0,800010535,0,0,0,0,0
11953,7202133,7211324,1,crow11953,3117763,0,0,0,0,0,0,1023,25,0,0,0,0,0,0,2,0,0,0,2024-10-18T10:35:00,2024-11-07T10:29:59,2100-12-01T00:00:00,0,0,800011601,0,0,0,0,0
11954,7202063,7211216,1,crow11954,3117711,0,0,0,0,0,0,1023,28,0,0,0,0,0,0,1,0,0,0,2024-10-18T10:35:00,2024-11-07T10:29:59,2100-12-01T00:00:00,0,0,800011409,0,0,0,0,0
11955,7202134,7211162,1,crow11955,3117764,0,0,0,0,0,0,1023,27,0,0,0,0,0,0,1,0,0,0,2024-10-18T10:35:00,2024-11-07T10:29:59,2100-12-01T00:00:00,0,0,800010586,0,0,0,0,0
11956,7202135,7211471,1,crow11956,3117765,0,0,0,0,0,0,1023,30,0,0,0,2,0,0,5,0,0,0,2024-10-18T10:35:00,2024-11-07T10:29:59,2100-12-01T00:00:00,0,0,800010766,0,0,0,0,0
11957,7202136,7211494,1,crow11957,3117766,0,0,0,0,0,0,1023,29,0,0,0,0,0,0,2,0,0,0,2024-10-18T10:35:00,2024-11-07T10:29:59,2100-12-01T00:00:00,0,0,800011957,0,0,0,0,0
11958,7202137,7211244,1,crow11958,3117767,0,0,0,0,0,0,1023,26,0,0,0,0,0,0,2,0,0,0,2024-10-18T10:35:00,2024-11-07T10:29:59,2100-12-01T00:00:00,0,0,800011445,0,0,0,0,0
11959,7202138,7211495,1,crow11959,3117768,0,0,0,0,0,0,1023,30,0,0,0,0,0,0,2,0,0,0,2024-10-25T10:35:00,2024-11-24T10:29:59,2100-12-01T00:00:00,0,0,800011959,0,0,0,0,0
11960,7202139,7211496,1,crow11960,3117769,0,0,0,0,0,0,1023,31,0,0,0,0,0,0,2,0,0,0,2024-10-25T10:35:00,2024-11-24T10:29:59,2100-12-01T00:00:00,0,0,800011960,0,0,0,0,0
11961,7202140,7211497,1,crow11961,3117770,0,0,0,0,0,0,1023,32,0,0,0,0,0,0,2,0,0,0,2024-10-25T10:35:00,2024-11-24T10:29:59,2100-12-01T00:00:00,0,0,800011961,0,0,0,0,0
11962,7201381,7210990,1,crow11962,0,0,0,0,0,0,0,1023,1,0,0,0,0,0,0,1,0,0,0,2024-10-25T10:35:00,2024-10-30T10:29:59,2100-12-01T00:00:00,0,0,800011027,0,0,0,0,0
11963,7201907,7211316,1,crow11963,3117563,0,0,0,0,0,0,1023,26,0,0,0,0,0,0,1,0,0,0,2024-10-25T10:35:00,2024-11-14T10:29:59,2100-12-01T00:00:00,0,0,800011582,0,0,0,0,0
11964,7202141,7211448,1,crow11964,3117771,0,0,0,0,0,0,1023,27,0,0,0,0,0,0,1,0,0,0,2024-10-25T10:35:00,2024-11-14T10:29:59,2100-12-01T00:00:00,0,0,800010733,0,0,0,0,0
11965,7202142,7211449,1,crow11965,3117772,0,0,0,0,0,0,1023,28,0,0,0,2,0,0,5,0,0,0,2024-10-25T10:35:00,2024-11-14T10:29:59,2100-12-01T00:00:00,0,0,800011314,0,0,0,0,0
11966,7202143,7211450,1,crow11966,3117773,0,0,0,0,0,0,1023,29,0,0,0,0,0,0,3,0,0,0,2024-10-25T10:35:00,2024-11-14T10:29:59,2100-12-01T00:00:00,0,0,800010171,0,0,0,0,0
11967,7202144,7211245,1,crow11967,3117774,0,0,0,0,0,0,1023,22,0,0,0,0,0,0,2,0,0,0,2024-10-25T10:35:00,2024-11-14T10:29:59,2100-12-01T00:00:00,0,0,800011216,0,0,0,0,0
11969,7202146,7211338,1,crow11969,3117776,0,0,0,0,0,0,1023,20,0,0,0,0,0,0,2,0,0,0,2024-10-25T10:35:00,2024-11-14T10:29:59,2100-12-01T00:00:00,0,0,800011626,0,0,0,0,0
11970,7202147,7211339,1,crow11970,3117777,0,0,0,0,0,0,1023,21,0,0,0,0,0,0,1,0,0,0,2024-10-25T10:35:00,2024-11-14T10:29:59,2100-12-01T00:00:00,0,0,800011627,0,0,0,0,0
11971,7202148,7211138,1,crow11971,3117778,0,0,0,0,0,0,1023,30,0,0,0,0,0,0,3,0,0,0,2024-10-25T10:35:00,2024-11-14T10:29:59,2100-12-01T00:00:00,0,0,800011332,0,0,0,0,0
11972,7202151,7211500,1,crow11972,3117783,0,0,0,0,0,0,1025,107,0,0,0,0,0,0,1,0,0,0,2024-11-07T10:35:00,2026-08-28T10:29:59,2100-12-01T00:00:00,480,0,800011972,0,0,0,0,0
11973,7201307,7211106,1,crow11973,3117787,0,0,0,0,0,0,1023,25,0,0,0,0,0,0,10,0,0,0,2024-10-31T10:35:00,2024-11-30T10:29:59,2100-12-01T00:00:00,0,0,800011244,0,0,0,0,0
11974,7201308,7211257,1,crow11974,3117788,0,0,0,0,0,0,1023,26,0,0,0,0,0,0,10,0,0,0,2024-10-31T10:35:00,2024-11-30T10:29:59,2100-12-01T00:00:00,0,0,800011245,0,0,0,0,0
11975,7201309,7211108,1,crow11975,3117789,0,0,0,0,0,0,1023,27,0,0,0,0,0,0,10,0,0,0,2024-10-31T10:35:00,2024-11-30T10:29:59,2100-12-01T00:00:00,0,0,800011246,0,0,0,0,0
11976,7201310,7211109,1,crow11976,3117790,0,0,0,0,0,0,1023,28,0,0,0,0,0,0,1,0,0,0,2024-10-31T10:35:00,2024-11-30T10:29:59,2100-12-01T00:00:00,0,0,800011247,0,0,0,0,0
11977,7201312,7211258,1,crow11977,3117791,0,0,0,0,0,0,1023,29,0,0,0,0,0,0,1,0,0,0,2024-10-31T10:35:00,2024-11-30T10:29:59,2100-12-01T00:00:00,0,0,800011481,0,0,0,0,0
11978,7201313,7210996,1,crow11978,3117639,0,0,0,0,0,0,1023,13,0,0,0,0,0,0,1,0,0,0,2024-10-31T10:35:00,2024-11-20T10:29:59,2100-12-01T00:00:00,0,0,800011252,0,0,0,0,0
11979,7201691,7211134,1,crow11979,3117369,0,0,0,0,0,0,1023,21,0,0,0,2,0,0,5,0,0,0,2024-10-31T10:35:00,2024-11-20T10:29:59,2100-12-01T00:00:00,0,0,800010239,0,0,0,0,0
11980,7201315,7211379,1,crow11980,3117792,0,0,0,0,0,0,1023,22,0,0,0,2,0,0,3,0,0,0,2024-10-31T10:35:00,2024-11-20T10:29:59,2100-12-01T00:00:00,0,0,800010472,0,0,0,0,0
11981,7201692,7211380,1,crow11981,3117793,0,0,0,0,0,0,1023,23,0,0,0,0,0,0,2,0,0,0,2024-10-31T10:35:00,2024-11-20T10:29:59,2100-12-01T00:00:00,0,0,800010714,0,0,0,0,0
11982,7202152,7211381,1,crow11982,3117794,0,0,0,0,0,0,1023,24,0,0,0,2,0,0,5,0,0,0,2024-10-31T10:35:00,2024-11-20T10:29:59,2100-12-01T00:00:00,0,0,800010535,0,0,0,0,0
11983,7201490,7211387,1,crow11983,3117643,0,0,0,0,0,0,1023,18,0,0,0,3,0,0,3,0,0,0,2024-10-31T10:35:00,2024-11-20T10:29:59,2100-12-01T00:00:00,0,0,800011815,0,0,0,0,0
11984,7202153,7211482,1,crow11984,3117795,0,0,0,0,0,0,1023,19,0,0,0,0,0,0,2,0,0,0,2024-10-31T10:35:00,2024-11-20T10:29:59,2100-12-01T00:00:00,0,0,800011984,0,0,0,0,0
11985,7202154,7211470,1,crow11985,3117796,0,0,0,0,0,0,1023,20,0,0,0,0,0,0,2,0,0,0,2024-10-31T10:35:00,2024-11-20T10:29:59,2100-12-01T00:00:00,0,0,800011985,0,0,0,0,0
11986,7202162,7211511,1,crow11986,3117797,0,0,0,0,0,0,1023,36,0,0,0,0,0,0,2,0,0,0,2024-11-07T10:35:00,2024-12-07T10:29:59,2100-12-01T00:00:00,0,0,800011986,0,0,0,0,0
11987,7202163,7211512,1,crow11987,3117798,0,0,0,0,0,0,1023,37,0,0,0,0,0,0,2,0,0,0,2024-11-07T10:35:00,2024-12-07T10:29:59,2100-12-01T00:00:00,0,0,800011987,0,0,0,0,0
11988,7202164,7211513,1,crow11988,3117799,0,0,0,0,0,0,1023,38,0,0,0,0,0,0,2,0,0,0,2024-11-07T10:35:00,2024-12-07T10:29:59,2100-12-01T00:00:00,0,0,800011988,0,0,0,0,0
11989,7200809,7210661,1,crow11989,3117800,0,0,0,0,0,0,1023,22,0,0,0,0,0,0,3,0,0,0,2024-11-07T10:35:00,2024-11-27T10:29:59,2100-12-01T00:00:00,0,0,800011989,0,0,0,0,0
11990,7202173,7211337,1,crow11990,3117801,0,0,0,0,0,0,1023,23,0,0,0,0,0,0,1,0,0,0,2024-11-07T10:35:00,2024-11-27T10:29:59,2100-12-01T00:00:00,0,0,800010584,0,0,0,0,0
11991,7202174,7211242,1,crow11991,3117802,0,0,0,0,0,0,1023,24,0,0,0,2,0,0,3,0,0,0,2024-11-07T10:35:00,2024-11-27T10:29:59,2100-12-01T00:00:00,0,0,800010146,0,0,0,0,0
11992,7200792,7210226,1,crow11992,0,0,0,0,0,0,0,1036,8,0,0,0,0,0,0,1,0,0,0,2024-11-07T10:35:00,2024-11-27T10:29:59,2100-12-01T00:00:00,0,0,800011992,0,0,0,0,0
11993,7200793,7210497,1,crow11993,0,0,0,0,0,0,0,1036,9,0,0,0,0,0,0,1,0,0,0,2024-11-07T10:35:00,2024-11-27T10:29:59,2100-12-01T00:00:00,0,0,800011993,0,0,0,0,0
11994,7202165,7211130,1,crow11994,3117803,0,0,0,0,0,0,1036,10,0,0,0,0,0,0,1,0,0,0,2024-11-07T10:35:00,2024-11-27T10:29:59,2100-12-01T00:00:00,0,0,800011994,0,0,0,0,0
11995,7202166,7211514,1,crow11995,3117804,0,0,0,0,0,0,1036,11,0,0,0,0,0,0,1,0,0,0,2024-11-07T10:35:00,2024-11-27T10:29:59,2100-12-01T00:00:00,0,0,800011995,0,0,0,0,0
11996,7202167,7211516,1,crow11996,3117805,0,0,0,0,0,0,1036,12,0,0,0,0,0,0,3,0,0,0,2024-11-07T10:35:00,2024-11-27T10:29:59,2100-12-01T00:00:00,0,0,800011996,0,0,0,0,0
11997,7202168,7211219,1,crow11997,3117806,0,0,0,0,0,0,1036,13,0,0,0,0,0,0,1,0,0,0,2024-11-07T10:35:00,2024-11-27T10:29:59,2100-12-01T00:00:00,0,0,800011997,0,0,0,0,0
11998,7202169,7211517,1,crow11998,3117807,0,0,0,0,0,0,1036,14,0,0,0,0,0,0,2,0,0,0,2024-11-07T10:35:00,2024-11-27T10:29:59,2100-12-01T00:00:00,0,0,800011998,0,0,0,0,0
11999,7202170,7211518,1,crow11999,3117808,0,0,0,0,0,0,1036,15,0,0,0,0,0,0,2,0,0,0,2024-11-07T10:35:00,2024-11-27T10:29:59,2100-12-01T00:00:00,0,0,800011999,0,0,0,0,0
12001,7200024,7210071,1,0,3113002,0,0,0,0,0,0,4026,2,0,0,0,0,0,0,0,0,0,0,2021-07-30T12:00:00,2100-12-31T00:00:00,2100-12-01T00:00:00,0,0,710007001,0,0,0,0,0
12002,7200025,7210072,1,0,3113003,0,0,0,0,0,0,4026,3,0,0,0,0,0,0,0,0,0,0,2021-07-30T12:00:00,2100-12-31T00:00:00,2100-12-01T00:00:00,0,0,710007001,0,0,0,0,0
12003,7200026,7210073,1,0,3113004,0,0,0,0,0,0,4026,4,0,0,0,0,0,0,0,0,0,0,2021-07-30T12:00:00,2100-12-31T00:00:00,2100-12-01T00:00:00,0,0,710007001,0,1,0,0,0
12004,7200180,7210183,1,0,3113005,0,0,0,0,2,0,4026,5,0,0,0,0,0,0,0,0,0,0,2022-01-11T00:00:00,2100-12-31T00:00:00,2100-12-01T00:00:00,0,0,710007001,0,0,0,0,0
12005,7202171,7211221,1,crow12005,3117809,0,0,0,0,0,0,1036,16,0,0,0,0,0,0,1,0,0,0,2024-11-07T10:35:00,2024-11-27T10:29:59,2100-12-01T00:00:00,0,0,800012005,0,0,0,0,0
12006,7202172,7211515,1,crow12006,3117810,0,0,0,0,0,0,1036,17,0,0,0,0,0,0,2,0,0,0,2024-11-07T10:35:00,2024-11-27T10:29:59,2100-12-01T00:00:00,0,0,800012006,0,0,0,0,0
12007,7202175,7211519,1,0,3117811,0,0,0,0,0,0,1001,1,0,0,0,1,0,0,1,1,0,0,2024-11-07T10:35:00,2024-11-28T23:59:59,2100-12-01T00:00:00,0,0,801110023,0,0,0,0,0
12008,7202177,7211521,1,crow12008,3117812,0,0,0,0,0,0,1023,33,0,0,0,0,0,0,2,0,0,0,2024-11-15T10:35:00,2024-12-15T10:29:59,2100-12-01T00:00:00,0,0,800012008,0,0,0,0,0
12009,7202178,7211522,1,crow12009,3117813,0,0,0,0,0,0,1023,34,0,0,0,0,0,0,2,0,0,0,2024-11-15T10:35:00,2024-12-15T10:29:59,2100-12-01T00:00:00,0,0,800012009,0,0,0,0,0
12010,7202179,7211523,1,crow12010,3117814,0,0,0,0,0,0,1023,35,0,0,0,0,0,0,2,0,0,0,2024-11-15T10:35:00,2024-12-15T10:29:59,2100-12-01T00:00:00,0,0,800012010,0,0,0,0,0
12011,7202180,7211448,1,crow12011,3117815,0,0,0,0,0,0,1023,26,0,0,0,0,0,0,1,0,0,0,2024-11-15T10:35:00,2024-12-05T10:29:59,2100-12-01T00:00:00,0,0,800010733,0,0,0,0,0
12012,7202181,7211449,1,crow12012,3117816,0,0,0,0,0,0,1023,27,0,0,0,2,0,0,5,0,0,0,2024-11-15T10:35:00,2024-12-05T10:29:59,2100-12-01T00:00:00,0,0,800011314,0,0,0,0,0
12013,7202182,7211450,1,crow12013,3117817,0,0,0,0,0,0,1023,28,0,0,0,0,0,0,3,0,0,0,2024-11-15T10:35:00,2024-12-05T10:29:59,2100-12-01T00:00:00,0,0,800010171,0,0,0,0,0
12014,7202183,7210990,1,crow12014,0,0,0,0,0,0,0,1036,1,0,0,0,0,0,0,1,0,0,0,2024-11-15T10:35:00,2024-11-20T10:29:59,2100-12-01T00:00:00,0,0,800012014,0,0,0,0,0
12015,7202184,7211279,1,crow12015,3117818,0,0,0,0,0,0,1036,4,0,0,0,2,0,0,5,0,0,0,2024-11-15T10:35:00,2024-12-05T10:29:59,2100-12-01T00:00:00,0,0,800012015,0,0,0,0,0
12016,7202185,7210418,1,crow12016,3117819,0,0,0,0,0,0,1036,5,0,0,0,0,0,0,3,0,0,0,2024-11-15T10:35:00,2024-12-05T10:29:59,2100-12-01T00:00:00,0,0,800012016,0,0,0,0,0
12017,7202186,7211271,1,crow12017,3117820,0,0,0,0,0,0,1036,2,0,0,0,0,0,0,1,0,0,0,2024-11-15T10:35:00,2024-12-05T10:29:59,2100-12-01T00:00:00,0,0,800012017,0,0,0,0,0
12018,7202187,7211272,1,crow12018,3117821,0,0,0,0,0,0,1036,3,0,0,0,0,0,0,1,0,0,0,2024-11-15T10:35:00,2024-12-05T10:29:59,2100-12-01T00:00:00,0,0,800012018,0,0,0,0,0
12019,7202188,7211524,1,crow12019,3117822,0,0,0,0,0,0,1036,6,0,0,0,0,0,0,2,0,0,0,2024-11-15T10:35:00,2024-12-05T10:29:59,2100-12-01T00:00:00,0,0,800012019,0,0,0,0,0
12020,7202189,7211525,1,crow12020,3117823,0,0,0,0,0,0,1036,7,0,0,0,0,0,0,1,0,0,0,2024-11-15T10:35:00,2024-12-05T10:29:59,2100-12-01T00:00:00,0,0,800012020,0,0,0,0,0
12021,7201166,7211526,1,crow12021,3117824,0,0,0,0,0,0,1023,24,0,0,0,0,0,0,2,0,0,0,2024-11-21T10:35:00,2024-12-11T10:29:59,2100-12-01T00:00:00,0,0,800010253,0,0,0,0,0
12022,7201919,7211527,1,crow12022,3117825,0,0,0,0,0,0,1023,25,0,0,0,0,0,0,4,0,0,0,2024-11-21T10:35:00,2024-12-11T10:29:59,2100-12-01T00:00:00,0,0,800011744,0,0,0,0,0
12023,7201375,7211528,1,crow12023,3117826,0,0,0,0,0,0,1023,29,0,0,0,2,0,0,5,0,0,0,2024-11-21T10:35:00,2024-12-11T10:29:59,2100-12-01T00:00:00,0,0,800010239,0,0,0,0,0
12024,7201376,7211529,1,crow12024,3117827,0,0,0,0,0,0,1023,30,0,0,0,2,0,0,3,0,0,0,2024-11-21T10:35:00,2024-12-11T10:29:59,2100-12-01T00:00:00,0,0,800010472,0,0,0,0,0
12025,7201555,7211530,1,crow12025,3117828,0,0,0,0,0,0,1023,31,0,0,0,0,0,0,2,0,0,0,2024-11-21T10:35:00,2024-12-11T10:29:59,2100-12-01T00:00:00,0,0,800010714,0,0,0,0,0
12026,7201377,7211531,1,crow12026,3117829,0,0,0,0,0,0,1023,32,0,0,0,2,0,0,5,0,0,0,2024-11-21T10:35:00,2024-12-11T10:29:59,2100-12-01T00:00:00,0,0,800010535,0,0,0,0,0
12027,7202190,7211324,1,crow12027,3117834,0,0,0,0,0,0,1023,23,0,0,0,0,0,0,2,0,0,0,2024-11-21T10:35:00,2024-12-11T10:29:59,2100-12-01T00:00:00,0,0,800011601,0,0,0,0,0
12028,7202191,7211532,1,crow12028,3117835,0,0,0,0,0,0,1023,26,0,0,0,0,0,0,1,0,0,0,2024-11-21T10:35:00,2024-12-11T10:29:59,2100-12-01T00:00:00,0,0,800011409,0,0,0,0,0
12029,7202192,7211494,1,crow12029,3117836,0,0,0,0,0,0,1023,27,0,0,0,0,0,0,2,0,0,0,2024-11-21T10:35:00,2024-12-11T10:29:59,2100-12-01T00:00:00,0,0,800011957,0,0,0,0,0
12030,7202022,7211533,1,crow12030,3117837,0,0,0,0,0,0,1023,28,0,0,0,0,0,0,2,0,0,0,2024-11-21T10:35:00,2024-12-11T10:29:59,2100-12-01T00:00:00,0,0,800011445,0,0,0,0,0
12031,7202193,7211536,1,crow12031,3117838,0,0,0,0,0,0,1023,36,0,0,0,0,0,0,2,0,0,0,2024-11-29T10:35:00,2024-12-29T10:29:59,2100-12-01T00:00:00,0,0,800012031,0,0,0,0,0
12032,7202194,7211537,1,crow12032,3117839,0,0,0,0,0,0,1023,37,0,0,0,0,0,0,2,0,0,0,2024-11-29T10:35:00,2024-12-29T10:29:59,2100-12-01T00:00:00,0,0,800012032,0,0,0,0,0
12033,7202195,7211538,1,crow12033,3117840,0,0,0,0,0,0,1023,38,0,0,0,0,0,0,2,0,0,0,2024-11-29T10:35:00,2024-12-29T10:29:59,2100-12-01T00:00:00,0,0,800012033,0,0,0,0,0
12034,7201381,7210990,1,crow12034,0,0,0,0,0,0,0,1023,1,0,0,0,0,0,0,2,0,0,0,2024-11-29T10:35:00,2024-12-05T10:29:59,2100-12-01T00:00:00,0,0,800011027,0,0,0,0,0
12035,7202196,7211539,1,crow12035,3117841,0,0,0,0,0,0,1023,31,0,0,0,0,0,0,1,0,0,0,2024-11-29T10:35:00,2024-12-19T10:29:59,2100-12-01T00:00:00,0,0,800010733,0,0,0,0,0
12036,7202197,7211540,1,crow12036,3117842,0,0,0,0,0,0,1023,32,0,0,0,2,0,0,5,0,0,0,2024-11-29T10:35:00,2024-12-19T10:29:59,2100-12-01T00:00:00,0,0,800011314,0,0,0,0,0
12037,7202198,7211541,1,crow12037,3117843,0,0,0,0,0,0,1023,33,0,0,0,0,0,0,3,0,0,0,2024-11-29T10:35:00,2024-12-19T10:29:59,2100-12-01T00:00:00,0,0,800010171,0,0,0,0,0
12038,7202199,7211542,1,crow12038,3117844,0,0,0,0,0,0,1023,30,0,0,0,3,0,0,3,0,0,0,2024-11-29T10:35:00,2024-12-19T10:29:59,2100-12-01T00:00:00,0,0,800010438,0,0,0,0,0
12039,7202200,7211543,1,crow12039,3117845,0,0,0,0,0,0,1023,24,0,0,0,0,0,0,1,0,0,0,2024-11-29T10:35:00,2024-12-19T10:29:59,2100-12-01T00:00:00,0,0,800011183,0,0,0,0,0
12040,7202201,7211138,1,crow12040,3117846,0,0,0,0,0,0,1023,34,0,0,0,0,0,0,3,0,0,0,2024-11-29T10:35:00,2024-12-19T10:29:59,2100-12-01T00:00:00,0,0,800011332,0,0,0,0,0
12041,7202202,7211466,1,crow12041,3117847,0,0,0,0,0,0,1023,26,0,0,0,0,0,0,2,0,0,0,2024-11-29T10:35:00,2024-12-19T10:29:59,2100-12-01T00:00:00,0,0,800011883,0,0,0,0,0
12042,7202203,7211197,1,crow12042,3117848,0,0,0,0,0,0,1023,25,0,0,0,0,0,0,2,0,0,0,2024-11-29T10:35:00,2024-12-19T10:29:59,2100-12-01T00:00:00,0,0,800011361,0,0,0,0,0
12043,7201907,7211316,1,crow12043,3117563,0,0,0,0,0,0,1023,29,0,0,0,0,0,0,2,0,0,0,2024-12-06T10:35:00,2024-12-26T10:29:59,2100-12-01T00:00:00,0,0,800011582,0,0,0,0,0
12044,7201906,7211395,1,crow12044,3117556,0,0,0,0,0,0,1023,30,0,0,0,0,0,0,4,0,0,0,2024-12-06T10:35:00,2024-12-26T10:29:59,2100-12-01T00:00:00,0,0,800010012,0,0,0,0,0
12045,7202212,7211528,1,crow12045,3117849,0,0,0,0,0,0,1023,32,0,0,0,2,0,0,5,0,0,0,2024-12-06T10:35:00,2024-12-26T10:29:59,2100-12-01T00:00:00,0,0,800010239,0,0,0,0,0
12046,7202213,7211529,1,crow12046,3117850,0,0,0,0,0,0,1023,33,0,0,0,2,0,0,3,0,0,0,2024-12-06T10:35:00,2024-12-26T10:29:59,2100-12-01T00:00:00,0,0,800010472,0,0,0,0,0
12047,7202214,7211530,1,crow12047,3117851,0,0,0,0,0,0,1023,34,0,0,0,0,0,0,2,0,0,0,2024-12-06T10:35:00,2024-12-26T10:29:59,2100-12-01T00:00:00,0,0,800010714,0,0,0,0,0
12048,7202215,7211531,1,crow12048,3117852,0,0,0,0,0,0,1023,35,0,0,0,2,0,0,5,0,0,0,2024-12-06T10:35:00,2024-12-26T10:29:59,2100-12-01T00:00:00,0,0,800010535,0,0,0,0,0
12049,7202216,7211217,1,crow12049,3117853,0,0,0,0,0,0,1023,26,0,0,0,0,0,0,1,0,0,0,2024-12-06T10:35:00,2024-12-26T10:29:59,2100-12-01T00:00:00,0,0,800012049,0,0,0,0,0
12050,7202217,7211327,1,crow12050,3117854,0,0,0,0,0,0,1023,27,0,0,0,0,0,0,2,0,0,0,2024-12-06T10:35:00,2024-12-26T10:29:59,2100-12-01T00:00:00,0,0,800011727,0,0,0,0,0
12051,7202218,7211396,1,crow12051,3117855,0,0,0,0,0,0,1023,28,0,0,0,0,0,0,2,0,0,0,2024-12-06T10:35:00,2024-12-26T10:29:59,2100-12-01T00:00:00,0,0,800012051,0,0,0,0,0
12052,7202219,7211471,1,crow12052,3117856,0,0,0,0,0,0,1023,31,0,0,0,2,0,0,5,0,0,0,2024-12-06T10:35:00,2024-12-26T10:29:59,2100-12-01T00:00:00,0,0,800010766,0,0,0,0,0
12053,7202220,7211552,1,crow12053,3117857,0,0,0,0,0,0,1023,34,0,0,0,0,0,0,2,0,0,0,2024-12-16T10:35:00,2025-01-15T10:29:59,2100-12-01T00:00:00,0,0,800012053,0,0,0,0,0
12054,7202221,7211553,1,crow12054,3117858,0,0,0,0,0,0,1023,35,0,0,0,0,0,0,2,0,0,0,2024-12-16T10:35:00,2025-01-15T10:29:59,2100-12-01T00:00:00,0,0,800012054,0,0,0,0,0
12055,7202222,7211554,1,crow12055,3117859,0,0,0,0,0,0,1023,36,0,0,0,0,0,0,2,0,0,0,2024-12-16T10:35:00,2025-01-15T10:29:59,2100-12-01T00:00:00,0,0,800012055,0,0,0,0,0
12056,7202223,7211555,1,crow12056,3117860,0,0,0,0,0,0,1023,37,0,0,0,0,0,0,1,0,0,0,2024-12-16T10:35:00,2025-01-15T10:29:59,2100-12-01T00:00:00,0,0,800010622,0,0,0,0,0
12057,7202224,7211539,1,crow12057,3117861,0,0,0,0,0,0,1023,34,0,0,0,0,0,0,1,0,0,0,2024-12-16T10:35:00,2025-01-05T10:29:59,2100-12-01T00:00:00,0,0,800010733,0,0,0,0,0
12058,7202225,7211540,1,crow12058,3117862,0,0,0,0,0,0,1023,35,0,0,0,2,0,0,5,0,0,0,2024-12-16T10:35:00,2025-01-05T10:29:59,2100-12-01T00:00:00,0,0,800011314,0,0,0,0,0
12059,7202226,7211541,1,crow12059,3117863,0,0,0,0,0,0,1023,36,0,0,0,0,0,0,3,0,0,0,2024-12-16T10:35:00,2025-01-05T10:29:59,2100-12-01T00:00:00,0,0,800010171,0,0,0,0,0
12060,7202227,7211556,1,crow12060,3117864,0,0,0,0,0,0,1023,27,0,0,0,0,0,0,1,0,0,0,2024-12-16T10:35:00,2025-01-05T10:29:59,2100-12-01T00:00:00,0,0,800012060,0,0,0,0,0
12061,7202228,7211557,1,crow12061,3117865,0,0,0,0,0,0,1023,28,0,0,0,0,0,0,2,0,0,0,2024-12-16T10:35:00,2025-01-05T10:29:59,2100-12-01T00:00:00,0,0,800012061,0,0,0,0,0
12062,7202229,7211558,1,crow12062,3117866,0,0,0,0,0,0,1023,29,0,0,0,0,0,0,2,0,0,0,2024-12-16T10:35:00,2025-01-05T10:29:59,2100-12-01T00:00:00,0,0,800012062,0,0,0,0,0
12063,7202230,7211138,1,crow12063,3117867,0,0,0,0,0,0,1023,37,0,0,0,0,0,0,3,0,0,0,2024-12-16T10:35:00,2025-01-05T10:29:59,2100-12-01T00:00:00,0,0,800011332,0,0,0,0,0
12064,7202231,7211290,1,crow12064,3117868,0,0,0,0,0,0,1023,38,0,0,0,0,0,0,1,0,0,0,2024-12-16T10:35:00,2025-01-05T10:29:59,2100-12-01T00:00:00,0,0,800011546,0,0,0,0,0
12065,7202232,7211560,1,crow12065,3117871,0,0,0,0,0,0,1023,15,0,0,0,0,0,0,6,0,0,0,2024-12-24T10:35:00,2025-01-07T10:29:59,2100-12-01T00:00:00,0,0,800012065,0,0,0,0,0
12066,7202233,7211561,1,crow12066,3117872,0,0,0,0,0,0,1023,26,0,0,0,2,0,0,5,0,0,0,2024-12-24T10:35:00,2025-01-13T10:29:59,2100-12-01T00:00:00,0,0,800010466,0,0,0,0,0
12067,7200868,7210418,1,crow12067,3102549,0,0,0,0,0,0,1023,27,0,0,0,0,0,0,3,0,0,0,2024-12-24T10:35:00,2025-01-13T10:29:59,2100-12-01T00:00:00,0,0,800010229,0,0,0,0,0
12068,7201608,7211209,1,crow12068,3117873,0,0,0,0,0,0,1023,16,0,0,0,0,0,0,3,0,0,0,2024-12-24T10:35:00,2024-12-30T10:29:59,2100-12-01T00:00:00,0,0,800011385,0,0,0,0,0
12069,7202234,7211528,1,crow12069,3117874,0,0,0,0,0,0,1023,30,0,0,0,2,0,0,5,0,0,0,2024-12-24T10:35:00,2025-01-13T10:29:59,2100-12-01T00:00:00,0,0,800010239,0,0,0,0,0
12070,7202235,7211529,1,crow12070,3117875,0,0,0,0,0,0,1023,31,0,0,0,2,0,0,3,0,0,0,2024-12-24T10:35:00,2025-01-13T10:29:59,2100-12-01T00:00:00,0,0,800010472,0,0,0,0,0
12071,7202236,7211530,1,crow12071,3117876,0,0,0,0,0,0,1023,32,0,0,0,0,0,0,2,0,0,0,2024-12-24T10:35:00,2025-01-13T10:29:59,2100-12-01T00:00:00,0,0,800010714,0,0,0,0,0
12072,7202237,7211531,1,crow12072,3117877,0,0,0,0,0,0,1023,33,0,0,0,2,0,0,5,0,0,0,2024-12-24T10:35:00,2025-01-13T10:29:59,2100-12-01T00:00:00,0,0,800010535,0,0,0,0,0
12073,7202238,7211562,1,crow12073,3117878,0,0,0,0,0,0,1023,24,0,0,0,0,0,0,1,0,0,0,2024-12-24T10:35:00,2025-01-13T10:29:59,2100-12-01T00:00:00,0,0,800012072,0,0,0,0,0
12074,7202239,7211563,1,crow12074,3117879,0,0,0,0,0,0,1023,25,0,0,0,0,0,0,2,0,0,0,2024-12-24T10:35:00,2025-01-13T10:29:59,2100-12-01T00:00:00,0,0,800012073,0,0,0,0,0
12075,7202240,7211494,1,crow12075,3117880,0,0,0,0,0,0,1023,28,0,0,0,0,0,0,2,0,0,0,2024-12-24T10:35:00,2025-01-13T10:29:59,2100-12-01T00:00:00,0,0,800011957,0,0,0,0,0
12076,7202241,7211533,1,crow12076,3117881,0,0,0,0,0,0,1023,29,0,0,0,0,0,0,2,0,0,0,2024-12-24T10:35:00,2025-01-13T10:29:59,2100-12-01T00:00:00,0,0,800011445,0,0,0,0,0
12077,7202242,7211564,1,crow12077,3117882,0,0,0,0,0,0,1032,4,0,0,0,0,0,0,3,0,0,168,2024-12-24T10:35:00,2026-08-28T10:29:59,2100-12-01T00:00:00,0,0,800012162,0,0,0,0,0
12078,7202243,7211565,1,crow12078,3117883,0,0,0,0,0,0,1032,5,0,0,0,0,0,0,2,0,0,168,2024-12-24T10:35:00,2026-08-28T10:29:59,2100-12-01T00:00:00,0,0,800012077,0,0,0,0,0
12079,7202244,7211566,1,crow12079,3117884,0,0,0,0,0,0,1032,6,0,0,0,0,0,0,1,0,0,168,2024-12-24T10:35:00,2026-08-28T10:29:59,2100-12-01T00:00:00,0,0,800011261,0,0,0,0,0
12080,7202245,7211567,1,crow12080,3117885,0,0,0,0,0,0,1032,7,0,0,0,0,0,0,3,0,0,168,2024-12-24T10:35:00,2026-08-28T10:29:59,2100-12-01T00:00:00,0,0,800012160,0,0,0,0,0
12081,7202246,7210226,1,crow12081,0,0,0,0,0,0,0,1032,2,0,0,0,0,0,0,1,0,0,168,2024-12-24T10:35:00,2026-08-28T10:29:59,2100-12-01T00:00:00,0,0,800010244,0,0,0,0,0
12082,7202247,7210432,1,crow12082,3117886,0,0,0,0,0,0,1032,3,0,0,0,0,0,0,1,0,0,168,2024-12-24T10:35:00,2026-08-28T10:29:59,2100-12-01T00:00:00,0,0,800010245,0,0,0,0,0
12083,7202256,7211577,1,crow12083,3117887,0,0,0,0,0,0,1023,48,0,0,0,0,0,0,2,0,0,0,2024-12-30T10:35:00,2025-01-29T10:29:59,2100-12-01T00:00:00,0,0,800012083,0,0,0,0,0
12084,7202257,7211578,1,crow12084,3117888,0,0,0,0,0,0,1023,49,0,0,0,0,0,0,2,0,0,0,2024-12-30T10:35:00,2025-01-29T10:29:59,2100-12-01T00:00:00,0,0,800012084,0,0,0,0,0
12085,7202258,7211579,1,crow12085,3117889,0,0,0,0,0,0,1023,50,0,0,0,0,0,0,2,0,0,0,2024-12-30T10:35:00,2025-01-29T10:29:59,2100-12-01T00:00:00,0,0,800012085,0,0,0,0,0
12086,7201381,7210990,1,crow12086,0,0,0,0,0,0,0,1023,2,0,0,0,0,0,0,1,0,0,0,2024-12-30T10:35:00,2025-01-06T10:29:59,2100-12-01T00:00:00,0,0,800011027,0,0,0,0,0
12087,7201621,7211581,1,crow12087,3117891,0,0,0,0,0,0,1023,25,0,0,0,0,0,0,1,0,0,0,2024-12-30T10:35:00,2025-01-22T10:29:59,2100-12-01T00:00:00,0,0,800012087,0,0,0,0,0
12088,7201620,7211582,1,crow12088,3117892,0,0,0,0,0,0,1023,26,0,0,0,0,0,0,3,0,0,0,2024-12-30T10:35:00,2025-01-22T10:29:59,2100-12-01T00:00:00,0,0,800012088,0,0,0,0,0
12089,7202260,7211539,1,crow12089,3117893,0,0,0,0,0,0,1023,34,0,0,0,0,0,0,1,0,0,0,2024-12-30T10:35:00,2025-01-19T10:29:59,2100-12-01T00:00:00,0,0,800010733,0,0,0,0,0
12090,7202261,7211540,1,crow12090,3117894,0,0,0,0,0,0,1023,35,0,0,0,2,0,0,5,0,0,0,2024-12-30T10:35:00,2025-01-19T10:29:59,2100-12-01T00:00:00,0,0,800011314,0,0,0,0,0
12091,7202262,7211541,1,crow12091,3117895,0,0,0,0,0,0,1023,36,0,0,0,0,0,0,3,0,0,0,2024-12-30T10:35:00,2025-01-19T10:29:59,2100-12-01T00:00:00,0,0,800010171,0,0,0,0,0
12092,7202263,7211542,1,crow12092,3117896,0,0,0,0,0,0,1023,33,0,0,0,3,0,0,3,0,0,0,2024-12-30T10:35:00,2025-01-19T10:29:59,2100-12-01T00:00:00,0,0,800010438,0,0,0,0,0
12093,7202264,7211162,1,crow12093,3117897,0,0,0,0,0,0,1023,31,0,0,0,0,0,0,2,0,0,0,2024-12-30T10:35:00,2025-01-19T10:29:59,2100-12-01T00:00:00,0,0,800010586,0,0,0,0,0
12094,7202265,7211470,1,crow12094,3117898,0,0,0,0,0,0,1023,32,0,0,0,0,0,0,2,0,0,0,2024-12-30T10:35:00,2025-01-19T10:29:59,2100-12-01T00:00:00,0,0,800011892,0,0,0,0,0
12096,7201629,7210226,1,crow12096,0,0,0,0,0,0,0,1023,1,0,0,0,0,0,0,1,0,0,0,2025-01-01T00:00:00,2025-01-07T23:59:59,2100-12-01T00:00:00,0,0,800012096,0,0,0,0,0
12097,7201630,7210497,1,crow12097,0,0,0,0,0,0,0,1023,1,0,0,0,0,0,0,1,0,0,0,2025-01-01T00:00:00,2025-01-07T23:59:59,2100-12-01T00:00:00,0,0,800012097,0,0,0,0,0
12098,7201631,7211130,1,crow12098,3117900,0,0,0,0,0,0,1023,1,0,0,0,0,0,0,1,0,0,0,2025-01-01T00:00:00,2025-01-07T23:59:59,2100-12-01T00:00:00,0,0,800012098,0,0,0,0,0
12099,7201632,7211514,1,crow12099,3117901,0,0,0,0,0,0,1037,1,0,0,0,0,0,0,1,0,0,0,2025-01-01T00:00:00,2025-01-07T23:59:59,2100-12-01T00:00:00,0,0,800011415,0,0,0,0,0
12100,7201633,7211218,1,crow12100,3117902,0,0,0,0,0,0,1037,2,0,0,0,0,0,0,1,0,0,0,2025-01-01T00:00:00,2025-01-07T23:59:59,2100-12-01T00:00:00,0,0,800011416,0,0,0,0,0
12101,7201634,7211219,1,crow12101,3117903,0,0,0,0,0,0,1037,3,0,0,0,0,0,0,1,0,0,0,2025-01-01T00:00:00,2025-01-07T23:59:59,2100-12-01T00:00:00,0,0,800011417,0,0,0,0,0
12102,7201635,7211517,1,crow12102,3117904,0,0,0,0,0,0,1037,4,0,0,0,0,0,0,1,0,0,0,2025-01-01T00:00:00,2025-01-07T23:59:59,2100-12-01T00:00:00,0,0,800011418,0,0,0,0,0
12103,7201636,7211221,1,crow12103,3117905,0,0,0,0,0,0,1037,5,0,0,0,0,0,0,1,0,0,0,2025-01-01T00:00:00,2025-01-07T23:59:59,2100-12-01T00:00:00,0,0,800011419,0,0,0,0,0
12104,7201637,7211576,1,0,3117906,0,0,0,0,0,0,1001,1,0,0,0,1,0,0,1,1,0,0,2025-01-01T00:00:00,2025-01-14T23:59:59,2100-12-01T00:00:00,0,0,801110024,0,0,0,0,0
12105,7202266,7211583,1,crow12105,3117907,0,0,0,0,0,0,1023,27,0,0,0,0,0,0,2,0,0,0,2024-12-30T10:35:00,2025-01-19T10:29:59,2100-12-01T00:00:00,0,0,800011546,0,0,0,0,0
12106,7201907,7211316,1,crow12106,3117563,0,0,0,0,0,0,1023,37,0,0,0,0,0,0,1,0,0,0,2025-01-07T10:35:00,2025-01-27T10:29:59,2100-12-01T00:00:00,0,0,800011582,0,0,0,0,0
12107,7201166,7211526,1,crow12107,3117824,0,0,0,0,0,0,1023,38,0,0,0,0,0,0,2,0,0,0,2025-01-07T10:35:00,2025-01-27T10:29:59,2100-12-01T00:00:00,0,0,800010253,0,0,0,0,0
12108,7202267,7211528,1,crow12108,3117908,0,0,0,0,0,0,1023,44,0,0,0,2,0,0,5,0,0,0,2025-01-07T10:35:00,2025-01-27T10:29:59,2100-12-01T00:00:00,0,0,800010239,0,0,0,0,0
12109,7202268,7211529,1,crow12109,3117909,0,0,0,0,0,0,1023,45,0,0,0,2,0,0,3,0,0,0,2025-01-07T10:35:00,2025-01-27T10:29:59,2100-12-01T00:00:00,0,0,800010472,0,0,0,0,0
12110,7202269,7211530,1,crow12110,3117910,0,0,0,0,0,0,1023,46,0,0,0,0,0,0,2,0,0,0,2025-01-07T10:35:00,2025-01-27T10:29:59,2100-12-01T00:00:00,0,0,800010714,0,0,0,0,0
12111,7202270,7211531,1,crow12111,3117911,0,0,0,0,0,0,1023,47,0,0,0,2,0,0,5,0,0,0,2025-01-07T10:35:00,2025-01-27T10:29:59,2100-12-01T00:00:00,0,0,800010535,0,0,0,0,0
12112,7202271,7211532,1,crow12112,3117912,0,0,0,0,0,0,1023,42,0,0,0,0,0,0,1,0,0,0,2025-01-07T10:35:00,2025-01-27T10:29:59,2100-12-01T00:00:00,0,0,800011409,0,0,0,0,0
12113,7202272,7211471,1,crow12113,3117913,0,0,0,0,0,0,1023,43,0,0,0,2,0,0,5,0,0,0,2025-01-07T10:35:00,2025-01-27T10:29:59,2100-12-01T00:00:00,0,0,800010766,0,0,0,0,0
12114,7202273,7211245,1,crow12114,3117914,0,0,0,0,0,0,1023,39,0,0,0,0,0,0,2,0,0,0,2025-01-07T10:35:00,2025-01-27T10:29:59,2100-12-01T00:00:00,0,0,800011216,0,0,0,0,0
12115,7202274,7211324,1,crow12115,3117915,0,0,0,0,0,0,1023,40,0,0,0,0,0,0,2,0,0,0,2025-01-07T10:35:00,2025-01-27T10:29:59,2100-12-01T00:00:00,0,0,800011601,0,0,0,0,0
12116,7202275,7211482,1,crow12116,3117916,0,0,0,0,0,0,1023,41,0,0,0,0,0,0,2,0,0,0,2025-01-07T10:35:00,2025-01-27T10:29:59,2100-12-01T00:00:00,0,0,800011942,0,0,0,0,0
12117,7202276,7211584,1,crow12117,3117917,0,0,0,0,0,0,1023,42,0,0,0,0,0,0,2,0,0,0,2025-01-15T10:35:00,2025-02-14T10:29:59,2100-12-01T00:00:00,0,0,800012100,0,0,0,0,0
12118,7202277,7211585,1,crow12118,3117918,0,0,0,0,0,0,1023,43,0,0,0,0,0,0,2,0,0,0,2025-01-15T10:35:00,2025-02-14T10:29:59,2100-12-01T00:00:00,0,0,800012101,0,0,0,0,0
12119,7202278,7211586,1,crow12119,3117919,0,0,0,0,0,0,1023,44,0,0,0,0,0,0,2,0,0,0,2025-01-15T10:35:00,2025-02-14T10:29:59,2100-12-01T00:00:00,0,0,800012102,0,0,0,0,0
12120,7201381,7210990,1,crow12120,0,0,0,0,0,0,0,1023,24,0,0,0,0,0,0,2,0,0,0,2025-01-15T10:35:00,2025-01-21T10:29:59,2100-12-01T00:00:00,0,0,800011027,0,0,0,0,0
12121,7202279,7211539,1,crow12121,3117920,0,0,0,0,0,0,1023,32,0,0,0,0,0,0,1,0,0,0,2025-01-15T10:35:00,2025-02-04T10:29:59,2100-12-01T00:00:00,0,0,800010733,0,0,0,0,0
12122,7202280,7211540,1,crow12122,3117921,0,0,0,0,0,0,1023,33,0,0,0,2,0,0,5,0,0,0,2025-01-15T10:35:00,2025-02-04T10:29:59,2100-12-01T00:00:00,0,0,800011314,0,0,0,0,0
12123,7202281,7211541,1,crow12123,3117922,0,0,0,0,0,0,1023,34,0,0,0,0,0,0,3,0,0,0,2025-01-15T10:35:00,2025-02-04T10:29:59,2100-12-01T00:00:00,0,0,800010171,0,0,0,0,0
12124,7202282,7211588,1,crow12124,3117923,0,0,0,0,0,0,1023,29,0,0,0,0,0,0,1,0,0,0,2025-01-15T10:35:00,2025-02-04T10:29:59,2100-12-01T00:00:00,0,0,800012049,0,0,0,0,0
12125,7202283,7211589,1,crow12125,3117924,0,0,0,0,0,0,1023,30,0,0,0,0,0,0,2,0,0,0,2025-01-15T10:35:00,2025-02-04T10:29:59,2100-12-01T00:00:00,0,0,800011727,0,0,0,0,0
12126,7202284,7211590,1,crow12126,3117925,0,0,0,0,0,0,1023,31,0,0,0,0,0,0,2,0,0,0,2025-01-15T10:35:00,2025-02-04T10:29:59,2100-12-01T00:00:00,0,0,800012051,0,0,0,0,0
12127,7202285,7211138,1,crow12127,3117926,0,0,0,0,0,0,1023,35,0,0,0,0,0,0,3,0,0,0,2025-01-15T10:35:00,2025-02-04T10:29:59,2100-12-01T00:00:00,0,0,800011332,0,0,0,0,0
12128,7202286,7211290,1,crow12128,3117927,0,0,0,0,0,0,1023,36,0,0,0,0,0,0,1,0,0,0,2025-01-15T10:35:00,2025-02-04T10:29:59,2100-12-01T00:00:00,0,0,800011546,0,0,0,0,0
12129,7202287,7211587,1,crow12129,3117928,0,0,0,0,0,0,1023,28,0,0,0,0,0,0,2,0,0,0,2025-01-15T10:35:00,2025-02-04T10:29:59,2100-12-01T00:00:00,0,0,800012103,0,0,0,0,0
12130,7201411,7211064,1,0,3104009,0,0,0,0,0,0,1004,1,0,0,0,1,0,0,20,0,0,0,2025-01-15T10:35:00,2025-01-23T10:29:59,2100-12-01T00:00:00,0,0,710000148,0,0,0,0,0
12131,7201919,7211527,1,crow12131,3117825,0,0,0,0,0,0,1023,31,0,0,0,0,0,0,4,0,0,0,2025-01-22T10:35:00,2025-02-11T10:29:59,2100-12-01T00:00:00,0,0,800011744,0,0,0,0,0
12132,7201906,7211395,1,crow12132,3117556,0,0,0,0,0,0,1023,32,0,0,0,0,0,0,4,0,0,0,2025-01-22T10:35:00,2025-02-11T10:29:59,2100-12-01T00:00:00,0,0,800010012,0,0,0,0,0
12133,7202301,7211528,1,crow12133,3117929,0,0,0,0,0,0,1023,38,0,0,0,2,0,0,5,0,0,0,2025-01-22T10:35:00,2025-02-11T10:29:59,2100-12-01T00:00:00,0,0,800010239,0,0,0,0,0
12134,7202302,7211529,1,crow12134,3117930,0,0,0,0,0,0,1023,39,0,0,0,2,0,0,3,0,0,0,2025-01-22T10:35:00,2025-02-11T10:29:59,2100-12-01T00:00:00,0,0,800010472,0,0,0,0,0
12135,7202303,7211530,1,crow12135,3117931,0,0,0,0,0,0,1023,40,0,0,0,0,0,0,2,0,0,0,2025-01-22T10:35:00,2025-02-11T10:29:59,2100-12-01T00:00:00,0,0,800010714,0,0,0,0,0
12136,7202304,7211531,1,crow12136,3117932,0,0,0,0,0,0,1023,41,0,0,0,2,0,0,5,0,0,0,2025-01-22T10:35:00,2025-02-11T10:29:59,2100-12-01T00:00:00,0,0,800010535,0,0,0,0,0
12137,7202305,7211471,1,crow12137,3117933,0,0,0,0,0,0,1023,37,0,0,0,2,0,0,5,0,0,0,2025-01-22T10:35:00,2025-02-11T10:29:59,2100-12-01T00:00:00,0,0,800010766,0,0,0,0,0
12138,7202306,7211162,1,crow12138,3117934,0,0,0,0,0,0,1023,33,0,0,0,0,0,0,1,0,0,0,2025-01-22T10:35:00,2025-02-11T10:29:59,2100-12-01T00:00:00,0,0,800010586,0,0,0,0,0
12139,7202307,7211494,1,crow12139,3117935,0,0,0,0,0,0,1023,36,0,0,0,0,0,0,2,0,0,0,2025-01-22T10:35:00,2025-02-11T10:29:59,2100-12-01T00:00:00,0,0,800011957,0,0,0,0,0
12140,7202308,7211470,1,crow12140,3117936,0,0,0,0,0,0,1023,34,0,0,0,0,0,0,2,0,0,0,2025-01-22T10:35:00,2025-02-11T10:29:59,2100-12-01T00:00:00,0,0,800011892,0,0,0,0,0
12141,7202309,7211533,1,crow12141,3117937,0,0,0,0,0,0,1023,35,0,0,0,0,0,0,2,0,0,0,2025-01-22T10:35:00,2025-02-11T10:29:59,2100-12-01T00:00:00,0,0,800011445,0,0,0,0,0
12142,7202310,7211604,1,crow12142,3117938,0,0,0,0,0,0,1023,40,0,0,0,0,0,0,2,0,0,0,2025-01-29T10:35:00,2025-02-28T10:29:59,2100-12-01T00:00:00,0,0,800012142,0,0,0,0,0
12143,7202311,7211605,1,crow12143,3117939,0,0,0,0,0,0,1023,41,0,0,0,0,0,0,2,0,0,0,2025-01-29T10:35:00,2025-02-28T10:29:59,2100-12-01T00:00:00,0,0,800012143,0,0,0,0,0
12144,7202312,7211606,1,crow12144,3117940,0,0,0,0,0,0,1023,42,0,0,0,0,0,0,2,0,0,0,2025-01-29T10:35:00,2025-02-28T10:29:59,2100-12-01T00:00:00,0,0,800012144,0,0,0,0,0
12145,7202313,7211561,1,crow12145,3117941,0,0,0,0,0,0,1023,23,0,0,0,2,0,0,5,0,0,0,2025-01-29T10:35:00,2025-02-18T10:29:59,2100-12-01T00:00:00,0,0,800010466,0,0,0,0,0
12146,7202314,7210418,1,crow12146,3117942,0,0,0,0,0,0,1023,24,0,0,0,0,0,0,3,0,0,0,2025-01-29T10:35:00,2025-02-18T10:29:59,2100-12-01T00:00:00,0,0,800010229,0,0,0,0,0
12147,7202315,7211539,1,crow12147,3117943,0,0,0,0,0,0,1023,27,0,0,0,0,0,0,1,0,0,0,2025-01-29T10:35:00,2025-02-18T10:29:59,2100-12-01T00:00:00,0,0,800010733,0,0,0,0,0
12148,7202316,7211540,1,crow12148,3117944,0,0,0,0,0,0,1023,28,0,0,0,2,0,0,5,0,0,0,2025-01-29T10:35:00,2025-02-18T10:29:59,2100-12-01T00:00:00,0,0,800011314,0,0,0,0,0
12149,7202317,7211541,1,crow12149,3117945,0,0,0,0,0,0,1023,29,0,0,0,0,0,0,3,0,0,0,2025-01-29T10:35:00,2025-02-18T10:29:59,2100-12-01T00:00:00,0,0,800010171,0,0,0,0,0
12150,7202318,7211542,1,crow12150,3117946,0,0,0,0,0,0,1023,25,0,0,0,3,0,0,3,0,0,0,2025-01-29T10:35:00,2025-02-18T10:29:59,2100-12-01T00:00:00,0,0,800010438,0,0,0,0,0
12151,7202319,7211543,1,crow12151,3117947,0,0,0,0,0,0,1023,19,0,0,0,0,0,0,1,0,0,0,2025-01-29T10:35:00,2025-02-18T10:29:59,2100-12-01T00:00:00,0,0,800011183,0,0,0,0,0
12152,7202320,7211324,1,crow12152,3117948,0,0,0,0,0,0,1023,26,0,0,0,0,0,0,2,0,0,0,2025-01-29T10:35:00,2025-02-18T10:29:59,2100-12-01T00:00:00,0,0,800011601,0,0,0,0,0
12153,7202321,7211138,1,crow12153,3117949,0,0,0,0,0,0,1023,30,0,0,0,0,0,0,3,0,0,0,2025-01-29T10:35:00,2025-02-18T10:29:59,2100-12-01T00:00:00,0,0,800011332,0,0,0,0,0
12154,7202322,7211607,1,crow12154,3117950,0,0,0,0,0,0,1023,31,0,0,0,0,0,0,10,0,0,0,2025-02-04T10:35:00,2025-02-28T10:29:59,2100-12-01T00:00:00,0,0,800012154,0,0,0,0,0
12155,7202323,7211608,1,crow12155,3117951,0,0,0,0,0,0,1023,32,0,0,0,0,0,0,10,0,0,0,2025-02-04T10:35:00,2025-02-28T10:29:59,2100-12-01T00:00:00,0,0,800012155,0,0,0,0,0
12156,7202324,7211609,1,crow12156,3117952,0,0,0,0,0,0,1023,33,0,0,0,0,0,0,10,0,0,0,2025-02-04T10:35:00,2025-02-28T10:29:59,2100-12-01T00:00:00,0,0,800012156,0,0,0,0,0
12157,7202325,7211610,1,crow12157,3117953,0,0,0,0,0,0,1023,29,0,0,0,0,0,0,1,0,0,0,2025-02-04T10:35:00,2025-02-28T10:29:59,2100-12-01T00:00:00,0,0,800012157,0,0,0,0,0
12158,7202326,7211611,1,crow12158,3117954,0,0,0,0,0,0,1023,30,0,0,0,0,0,0,1,0,0,0,2025-02-04T10:35:00,2025-02-28T10:29:59,2100-12-01T00:00:00,0,0,800012158,0,0,0,0,0
12159,7201313,7210996,1,crow12159,3117639,0,0,0,0,0,0,1023,28,0,0,0,0,0,0,1,0,0,0,2025-02-04T10:35:00,2025-02-24T10:29:59,2100-12-01T00:00:00,0,0,800012159,0,0,0,0,0
12160,7202327,7211528,1,crow12160,3117955,0,0,0,0,0,0,1023,36,0,0,0,2,0,0,5,0,0,0,2025-02-04T10:35:00,2025-02-24T10:29:59,2100-12-01T00:00:00,0,0,800010239,0,0,0,0,0
12161,7202328,7211529,1,crow12161,3117956,0,0,0,0,0,0,1023,37,0,0,0,2,0,0,3,0,0,0,2025-02-04T10:35:00,2025-02-24T10:29:59,2100-12-01T00:00:00,0,0,800010472,0,0,0,0,0
12162,7202329,7211530,1,crow12162,3117957,0,0,0,0,0,0,1023,37,0,0,0,0,0,0,2,0,0,0,2025-02-04T10:35:00,2025-02-24T10:29:59,2100-12-01T00:00:00,0,0,800010714,0,0,0,0,0
12163,7202330,7211531,1,crow12163,3117958,0,0,0,0,0,0,1023,39,0,0,0,2,0,0,5,0,0,0,2025-02-04T10:35:00,2025-02-24T10:29:59,2100-12-01T00:00:00,0,0,800010535,0,0,0,0,0
12164,7202331,7211562,1,crow12164,3117959,0,0,0,0,0,0,1023,34,0,0,0,0,0,0,1,0,0,0,2025-02-04T10:35:00,2025-02-24T10:29:59,2100-12-01T00:00:00,0,0,800012072,0,0,0,0,0
12165,7202332,7211563,1,crow12165,3117960,0,0,0,0,0,0,1023,35,0,0,0,0,0,0,2,0,0,0,2025-02-04T10:35:00,2025-02-24T10:29:59,2100-12-01T00:00:00,0,0,800012073,0,0,0,0,0
12166,7202333,7211612,1,crow12166,3117961,0,0,0,0,0,0,1023,34,0,0,0,0,0,0,3,0,0,0,2025-02-10T10:35:00,2025-03-12T10:29:59,2100-12-01T00:00:00,0,0,800012166,0,0,0,0,0
12167,7202334,7211613,1,crow12167,3117962,0,0,0,0,0,0,1023,35,0,0,0,0,0,0,3,0,0,0,2025-02-10T10:35:00,2025-03-12T10:29:59,2100-12-01T00:00:00,0,0,800012167,0,0,0,0,0
12168,7202335,7211614,1,crow12168,3117963,0,0,0,0,0,0,1023,36,0,0,0,0,0,0,2,0,0,0,2025-02-10T10:35:00,2025-03-12T10:29:59,2100-12-01T00:00:00,0,0,800012168,0,0,0,0,0
12169,7202336,7210226,1,crow12169,0,0,0,0,0,0,0,1034,8,0,0,0,0,0,0,1,0,0,0,2025-02-10T10:35:00,2025-03-02T10:29:59,2100-12-01T00:00:00,0,0,800012169,0,0,0,0,0
12170,7202337,7210497,1,crow12170,0,0,0,0,0,0,0,1034,9,0,0,0,0,0,0,1,0,0,0,2025-02-10T10:35:00,2025-03-02T10:29:59,2100-12-01T00:00:00,0,0,800012170,0,0,0,0,0
12171,7202338,7211130,1,crow12171,3117964,0,0,0,0,0,0,1034,10,0,0,0,0,0,0,1,0,0,0,2025-02-10T10:35:00,2025-03-02T10:29:59,2100-12-01T00:00:00,0,0,800012171,0,0,0,0,0
12172,7202339,7211615,1,crow12172,3117965,0,0,0,0,0,0,1023,25,0,0,0,0,0,0,1,0,0,0,2025-02-10T10:35:00,2025-03-02T10:29:59,2100-12-01T00:00:00,0,0,800012172,0,0,0,0,0
12173,7202340,7211616,1,crow12173,3117966,0,0,0,0,0,0,1023,26,0,0,0,0,0,0,1,0,0,0,2025-02-10T10:35:00,2025-03-02T10:29:59,2100-12-01T00:00:00,0,0,800012173,0,0,0,0,0
12174,7202341,7211617,1,crow12174,3117967,0,0,0,0,0,0,1023,27,0,0,0,0,0,0,1,0,0,0,2025-02-10T10:35:00,2025-03-02T10:29:59,2100-12-01T00:00:00,0,0,800012174,0,0,0,0,0
12175,7202342,7211618,1,crow12175,3117968,0,0,0,0,0,0,1034,11,0,0,0,0,0,0,1,0,0,0,2025-02-10T10:35:00,2025-03-02T10:29:59,2100-12-01T00:00:00,0,0,800012175,0,0,0,0,0
12176,7202343,7211619,1,crow12176,3117969,0,0,0,0,0,0,1034,12,0,0,0,0,0,0,3,0,0,0,2025-02-10T10:35:00,2025-03-02T10:29:59,2100-12-01T00:00:00,0,0,800012176,0,0,0,0,0
12177,7202344,7211620,1,crow12177,3117970,0,0,0,0,0,0,1034,13,0,0,0,0,0,0,2,0,0,0,2025-02-10T10:35:00,2025-03-02T10:29:59,2100-12-01T00:00:00,0,0,800012177,0,0,0,0,0
12178,7202345,7211517,1,crow12178,3117971,0,0,0,0,0,0,1034,14,0,0,0,0,0,0,2,0,0,0,2025-02-10T10:35:00,2025-03-02T10:29:59,2100-12-01T00:00:00,0,0,800012178,0,0,0,0,0
12179,7202346,7211518,1,crow12179,3117972,0,0,0,0,0,0,1034,15,0,0,0,0,0,0,2,0,0,0,2025-02-10T10:35:00,2025-03-02T10:29:59,2100-12-01T00:00:00,0,0,800012179,0,0,0,0,0
12180,7202347,7211221,1,crow12180,3117973,0,0,0,0,0,0,1034,16,0,0,0,0,0,0,1,0,0,0,2025-02-10T10:35:00,2025-03-02T10:29:59,2100-12-01T00:00:00,0,0,800012180,0,0,0,0,0
12181,7202348,7211515,1,crow12181,3117974,0,0,0,0,0,0,1034,17,0,0,0,0,0,0,2,0,0,0,2025-02-10T10:35:00,2025-03-02T10:29:59,2100-12-01T00:00:00,0,0,800012181,0,0,0,0,0
12182,7202349,7211621,1,0,3117975,0,0,0,0,0,0,1001,1,0,0,0,1,0,0,1,1,0,0,2025-02-10T10:35:00,2025-03-01T23:59:59,2100-12-01T00:00:00,0,0,801110025,0,0,0,0,0
12183,7202350,7211622,1,crow12183,3117976,0,0,0,0,0,0,1023,39,0,0,0,0,0,0,3,0,0,0,2025-02-18T10:35:00,2025-03-20T10:29:59,2100-12-01T00:00:00,0,0,800012183,0,0,0,0,0
12184,7202351,7211623,1,crow12184,3117977,0,0,0,0,0,0,1023,40,0,0,0,0,0,0,3,0,0,0,2025-02-18T10:35:00,2025-03-20T10:29:59,2100-12-01T00:00:00,0,0,800012184,0,0,0,0,0
12185,7202352,7211624,1,crow12185,3117978,0,0,0,0,0,0,1023,41,0,0,0,0,0,0,2,0,0,0,2025-02-18T10:35:00,2025-03-20T10:29:59,2100-12-01T00:00:00,0,0,800012185,0,0,0,0,0
12186,7202353,7210990,1,crow12186,0,0,0,0,0,0,0,1034,1,0,0,0,0,0,0,1,0,0,0,2025-02-18T10:35:00,2025-02-26T10:29:59,2100-12-01T00:00:00,0,0,800012186,0,0,0,0,0
12187,7202354,7211561,1,crow12187,3117979,0,0,0,0,0,0,1034,4,0,0,0,2,0,0,5,0,0,0,2025-02-18T10:35:00,2025-03-10T10:29:59,2100-12-01T00:00:00,0,0,800012187,0,0,0,0,0
12188,7202355,7210418,1,crow12188,3117980,0,0,0,0,0,0,1034,5,0,0,0,0,0,0,3,0,0,0,2025-02-18T10:35:00,2025-03-10T10:29:59,2100-12-01T00:00:00,0,0,800012188,0,0,0,0,0
12189,7202356,7211625,1,crow12189,3117981,0,0,0,0,0,0,1023,32,0,0,0,2,0,0,5,0,0,0,2025-02-18T10:35:00,2025-03-10T10:29:59,2100-12-01T00:00:00,0,0,800012189,0,0,0,0,0
12190,7202357,7211626,1,crow12190,3117982,0,0,0,0,0,0,1023,33,0,0,0,2,0,0,5,0,0,0,2025-02-18T10:35:00,2025-03-10T10:29:59,2100-12-01T00:00:00,0,0,800012190,0,0,0,0,0
12191,7202358,7211271,1,crow12191,3117983,0,0,0,0,0,0,1034,2,0,0,0,0,0,0,1,0,0,0,2025-02-18T10:35:00,2025-03-10T10:29:59,2100-12-01T00:00:00,0,0,800012191,0,0,0,0,0
12192,7202359,7211628,1,crow12192,3117984,0,0,0,0,0,0,1034,3,0,0,0,0,0,0,1,0,0,0,2025-02-18T10:35:00,2025-03-10T10:29:59,2100-12-01T00:00:00,0,0,800012192,0,0,0,0,0
12193,7202360,7211524,1,crow12193,3117985,0,0,0,0,0,0,1034,6,0,0,0,0,0,0,3,0,0,0,2025-02-18T10:35:00,2025-03-10T10:29:59,2100-12-01T00:00:00,0,0,800012193,0,0,0,0,0
12194,7202361,7211525,1,crow12194,3117986,0,0,0,0,0,0,1034,7,0,0,0,0,0,0,2,0,0,0,2025-02-18T10:35:00,2025-03-10T10:29:59,2100-12-01T00:00:00,0,0,800012194,0,0,0,0,0
12195,7202362,7211324,1,crow12195,3117991,0,0,0,0,0,0,1023,27,0,0,0,0,0,0,2,0,0,0,2025-02-18T10:35:00,2025-03-10T10:29:59,2100-12-01T00:00:00,0,0,800011601,0,0,0,0,0
12196,7202363,7211532,1,crow12196,3117992,0,0,0,0,0,0,1023,28,0,0,0,0,0,0,1,0,0,0,2025-02-18T10:35:00,2025-03-10T10:29:59,2100-12-01T00:00:00,0,0,800011409,0,0,0,0,0
12197,7202364,7211631,1,crow12197,3117993,0,0,0,0,0,0,1023,27,0,0,0,0,0,0,2,0,0,0,2025-02-27T10:35:00,2025-03-18T10:29:59,2100-12-01T00:00:00,0,0,800012197,0,0,0,0,0
12198,7202365,7211632,1,crow12198,3117994,0,0,0,0,0,0,1023,28,0,0,0,0,0,0,2,0,0,0,2025-02-27T10:35:00,2025-03-18T10:29:59,2100-12-01T00:00:00,0,0,800012198,0,0,0,0,0
12199,7202366,7211633,1,crow12199,3117995,0,0,0,0,0,0,1023,29,0,0,0,0,0,0,2,0,0,0,2025-02-27T10:35:00,2025-03-18T10:29:59,2100-12-01T00:00:00,0,0,800012199,0,0,0,0,0
12200,7202367,7211634,1,crow12200,3117996,0,0,0,0,0,0,1023,30,0,0,0,0,0,0,1,0,0,0,2025-02-27T10:35:00,2025-03-18T10:29:59,2100-12-01T00:00:00,0,0,800010191,0,0,0,0,0
12201,7202368,7211635,1,crow12201,3117997,0,0,0,0,0,0,1023,35,0,0,0,0,0,0,1,0,0,0,2025-02-27T10:35:00,2025-03-19T10:29:59,2100-12-01T00:00:00,0,0,800010733,0,0,0,0,0
12202,7202369,7211636,1,crow12202,3117998,0,0,0,0,0,0,1023,36,0,0,0,2,0,0,5,0,0,0,2025-02-27T10:35:00,2025-03-19T10:29:59,2100-12-01T00:00:00,0,0,800011314,0,0,0,0,0
12203,7202370,7211541,1,crow12203,3117999,0,0,0,0,0,0,1023,37,0,0,0,0,0,0,3,0,0,0,2025-02-27T10:35:00,2025-03-19T10:29:59,2100-12-01T00:00:00,0,0,800010171,0,0,0,0,0
12204,7202371,7211637,1,crow12204,3118001,0,0,0,0,0,0,1023,34,0,0,0,3,0,0,3,0,0,0,2025-02-27T10:35:00,2025-03-19T10:29:59,2100-12-01T00:00:00,0,0,800010438,0,0,0,0,0
12205,7202372,7211406,1,crow12205,3118002,0,0,0,0,0,0,1023,31,0,0,0,0,0,0,2,0,0,0,2025-02-27T10:35:00,2025-03-19T10:29:59,2100-12-01T00:00:00,0,0,800011762,0,0,0,0,0
12206,7202373,7211138,1,crow12206,3118003,0,0,0,0,0,0,1023,38,0,0,0,0,0,0,3,0,0,0,2025-02-27T10:35:00,2025-03-19T10:29:59,2100-12-01T00:00:00,0,0,800011332,0,0,0,0,0
12207,7202374,7211162,1,crow12207,3118004,0,0,0,0,0,0,1023,32,0,0,0,0,0,0,1,0,0,0,2025-02-27T10:35:00,2025-03-19T10:29:59,2100-12-01T00:00:00,0,0,800010586,0,0,0,0,0
12208,7202375,7211533,1,crow12208,3118005,0,0,0,0,0,0,1023,33,0,0,0,0,0,0,2,0,0,0,2025-02-27T10:35:00,2025-03-19T10:29:59,2100-12-01T00:00:00,0,0,800011445,0,0,0,0,0
12209,7202390,7211652,1,crow12209,3118010,0,0,0,0,0,0,1025,108,0,0,0,0,0,0,1,0,0,0,2025-03-06T10:35:00,2026-08-28T10:29:59,2100-12-01T00:00:00,520,0,800012209,0,0,0,0,0
12210,7201907,7211316,1,crow12210,3117563,0,0,0,0,0,0,1023,24,0,0,0,0,0,0,1,0,0,0,2025-03-06T10:35:00,2025-03-26T10:29:59,2100-12-01T00:00:00,0,0,800011582,0,0,0,0,0
12211,7201166,7211526,1,crow12211,3117824,0,0,0,0,0,0,1023,25,0,0,0,0,0,0,2,0,0,0,2025-03-06T10:35:00,2025-03-26T10:29:59,2100-12-01T00:00:00,0,0,800010253,0,0,0,0,0
12212,7202212,7211528,1,crow12212,3117849,0,0,0,0,0,0,1023,33,0,0,0,2,0,0,5,0,0,0,2025-03-06T10:35:00,2025-03-26T10:29:59,2100-12-01T00:00:00,0,0,800010239,0,0,0,0,0
12213,7202213,7211529,1,crow12213,3117850,0,0,0,0,0,0,1023,34,0,0,0,2,0,0,3,0,0,0,2025-03-06T10:35:00,2025-03-26T10:29:59,2100-12-01T00:00:00,0,0,800010472,0,0,0,0,0
12214,7202214,7211530,1,crow12214,3117851,0,0,0,0,0,0,1023,35,0,0,0,0,0,0,2,0,0,0,2025-03-06T10:35:00,2025-03-26T10:29:59,2100-12-01T00:00:00,0,0,800010714,0,0,0,0,0
12215,7202215,7211531,1,crow12215,3117852,0,0,0,0,0,0,1023,36,0,0,0,2,0,0,5,0,0,0,2025-03-06T10:35:00,2025-03-26T10:29:59,2100-12-01T00:00:00,0,0,800010535,0,0,0,0,0
12216,7202219,7211471,1,crow12216,3117856,0,0,0,0,0,0,1023,32,0,0,0,2,0,0,5,0,0,0,2025-03-06T10:35:00,2025-03-26T10:29:59,2100-12-01T00:00:00,0,0,800010766,0,0,0,0,0
12217,7202391,7211162,1,crow12217,3118014,0,0,0,0,0,0,1023,29,0,0,0,0,0,0,1,0,0,0,2025-03-06T10:35:00,2025-03-26T10:29:59,2100-12-01T00:00:00,0,0,800010586,0,0,0,0,0
12218,7202392,7211494,1,crow12218,3118015,0,0,0,0,0,0,1023,28,0,0,0,0,0,0,2,0,0,0,2025-03-06T10:35:00,2025-03-26T10:29:59,2100-12-01T00:00:00,0,0,800011957,0,0,0,0,0
12219,7202393,7211470,1,crow12219,3118016,0,0,0,0,0,0,1023,26,0,0,0,0,0,0,2,0,0,0,2025-03-06T10:35:00,2025-03-26T10:29:59,2100-12-01T00:00:00,0,0,800011892,0,0,0,0,0
12220,7202394,7211587,1,crow12220,3118017,0,0,0,0,0,0,1023,27,0,0,0,0,0,0,2,0,0,0,2025-03-06T10:35:00,2025-03-26T10:29:59,2100-12-01T00:00:00,0,0,800012103,0,0,0,0,0
12221,7202173,7211656,1,crow12221,3118018,0,0,0,0,0,0,1023,30,0,0,0,0,0,0,1,0,0,0,2025-03-06T10:35:00,2025-03-26T10:29:59,2100-12-01T00:00:00,0,0,800010584,0,0,0,0,0
12222,7202174,7211242,1,crow12222,3117802,0,0,0,0,0,0,1023,31,0,0,0,2,0,0,4,0,0,0,2025-03-06T10:35:00,2025-03-26T10:29:59,2100-12-01T00:00:00,0,0,800010146,0,0,0,0,0
12223,7202395,7211657,1,crow12223,3118019,0,0,0,0,0,0,1023,25,0,0,0,0,0,0,2,0,0,0,2025-03-14T10:35:00,2025-04-02T10:29:59,2100-12-01T00:00:00,0,0,800012223,0,0,0,0,0
12224,7202396,7211658,1,crow12224,3118020,0,0,0,0,0,0,1023,26,0,0,0,0,0,0,2,0,0,0,2025-03-14T10:35:00,2025-04-02T10:29:59,2100-12-01T00:00:00,0,0,800012224,0,0,0,0,0
12225,7202397,7211659,1,crow12225,3118021,0,0,0,0,0,0,1023,27,0,0,0,0,0,0,2,0,0,0,2025-03-14T10:35:00,2025-04-02T10:29:59,2100-12-01T00:00:00,0,0,800012225,0,0,0,0,0
12226,7202398,7211660,1,crow12226,3118022,0,0,0,0,0,0,1023,28,0,0,0,0,0,0,1,0,0,0,2025-03-14T10:35:00,2025-04-02T10:29:59,2100-12-01T00:00:00,0,0,800010140,0,0,0,0,0
12227,7202399,7210990,1,crow12227,0,0,0,0,0,0,0,1023,1,0,0,0,0,0,0,1,0,0,0,2025-03-14T10:35:00,2025-03-20T10:29:59,2100-12-01T00:00:00,0,0,800011027,0,0,0,0,0
12228,7202400,7211635,1,crow12228,3118023,0,0,0,0,0,0,1023,34,0,0,0,0,0,0,1,0,0,0,2025-03-14T10:35:00,2025-04-03T10:29:59,2100-12-01T00:00:00,0,0,800010733,0,0,0,0,0
12229,7202401,7211636,1,crow12229,3118024,0,0,0,0,0,0,1023,35,0,0,0,2,0,0,5,0,0,0,2025-03-14T10:35:00,2025-04-03T10:29:59,2100-12-01T00:00:00,0,0,800011314,0,0,0,0,0
12230,7202402,7211541,1,crow12230,3118025,0,0,0,0,0,0,1023,36,0,0,0,0,0,0,3,0,0,0,2025-03-14T10:35:00,2025-04-03T10:29:59,2100-12-01T00:00:00,0,0,800010171,0,0,0,0,0
12231,7202403,7211588,1,crow12231,3118026,0,0,0,0,0,0,1023,29,0,0,0,0,0,0,1,0,0,0,2025-03-14T10:35:00,2025-04-03T10:29:59,2100-12-01T00:00:00,0,0,800012049,0,0,0,0,0
12232,7202404,7211589,1,crow12232,3118027,0,0,0,0,0,0,1023,30,0,0,0,0,0,0,2,0,0,0,2025-03-14T10:35:00,2025-04-03T10:29:59,2100-12-01T00:00:00,0,0,800011727,0,0,0,0,0
12233,7202405,7211590,1,crow12233,3118028,0,0,0,0,0,0,1023,31,0,0,0,0,0,0,2,0,0,0,2025-03-14T10:35:00,2025-04-03T10:29:59,2100-12-01T00:00:00,0,0,800012051,0,0,0,0,0
12234,7202406,7211661,1,crow12234,3118029,0,0,0,0,0,0,1023,32,0,0,0,0,0,0,2,0,0,0,2025-03-14T10:35:00,2025-04-03T10:29:59,2100-12-01T00:00:00,0,0,800011908,0,0,0,0,0
12235,7202266,7211583,1,crow12235,3117907,0,0,0,0,0,0,1023,33,0,0,0,0,0,0,2,0,0,0,2025-03-14T10:35:00,2025-04-03T10:29:59,2100-12-01T00:00:00,0,0,800011546,0,0,0,0,0
12236,7202407,7211561,1,crow12236,3118030,0,0,0,0,0,0,1023,27,0,0,0,2,0,0,5,0,0,0,2025-03-21T10:35:00,2025-04-10T10:29:59,2100-12-01T00:00:00,0,0,800010466,0,0,0,0,0
12237,7202408,7210418,1,crow12237,3118031,0,0,0,0,0,0,1023,28,0,0,0,0,0,0,3,0,0,0,2025-03-21T10:35:00,2025-04-10T10:29:59,2100-12-01T00:00:00,0,0,800010229,0,0,0,0,0
12238,7201919,7211662,1,crow12238,3118032,0,0,0,0,0,0,1023,29,0,0,0,0,0,0,4,0,0,0,2025-03-21T10:35:00,2025-04-10T10:29:59,2100-12-01T00:00:00,0,0,800011744,0,0,0,0,0
12239,7202409,7211663,1,crow12239,3118033,0,0,0,0,0,0,1023,32,0,0,0,2,0,0,5,0,0,0,2025-03-21T10:35:00,2025-04-10T10:29:59,2100-12-01T00:00:00,0,0,800010239,0,0,0,0,0
12240,7202410,7211529,1,crow12240,3118034,0,0,0,0,0,0,1023,33,0,0,0,2,0,0,3,0,0,0,2025-03-21T10:35:00,2025-04-10T10:29:59,2100-12-01T00:00:00,0,0,800010472,0,0,0,0,0
12241,7202411,7211664,1,crow12241,3118035,0,0,0,0,0,0,1023,34,0,0,0,0,0,0,2,0,0,0,2025-03-21T10:35:00,2025-04-10T10:29:59,2100-12-01T00:00:00,0,0,800010714,0,0,0,0,0
12242,7202412,7211665,1,crow12242,3118036,0,0,0,0,0,0,1023,35,0,0,0,2,0,0,5,0,0,0,2025-03-21T10:35:00,2025-04-10T10:29:59,2100-12-01T00:00:00,0,0,800010535,0,0,0,0,0
12243,7202413,7211666,1,crow12243,3118037,0,0,0,0,0,0,1023,30,0,0,0,0,0,0,1,0,0,0,2025-03-21T10:35:00,2025-04-10T10:29:59,2100-12-01T00:00:00,0,0,800011409,0,0,0,0,0
12244,7202414,7211667,1,crow12244,3118038,0,0,0,0,0,0,1023,25,0,0,0,0,0,0,2,0,0,0,2025-03-21T10:35:00,2025-04-10T10:29:59,2100-12-01T00:00:00,0,0,800011216,0,0,0,0,0
12245,7202415,7211668,1,crow12245,3118039,0,0,0,0,0,0,1023,26,0,0,0,0,0,0,2,0,0,0,2025-03-21T10:35:00,2025-04-10T10:29:59,2100-12-01T00:00:00,0,0,800011601,0,0,0,0,0
12246,7202416,7211669,1,crow12246,3118040,0,0,0,0,0,0,1023,31,0,0,0,0,0,0,2,0,0,0,2025-03-21T10:35:00,2025-04-10T10:29:59,2100-12-01T00:00:00,0,0,800011445,0,0,0,0,0
12247,7202417,7211670,1,crow12247,3118041,0,0,0,0,0,0,1023,26,0,0,0,0,0,0,2,0,0,0,2025-03-28T10:35:00,2025-04-16T10:29:59,2100-12-01T00:00:00,0,0,800012247,0,0,0,0,0
12248,7202418,7211671,1,crow12248,3118042,0,0,0,0,0,0,1023,27,0,0,0,0,0,0,2,0,0,0,2025-03-28T10:35:00,2025-04-16T10:29:59,2100-12-01T00:00:00,0,0,800012248,0,0,0,0,0
12249,7202419,7211672,1,crow12249,3118043,0,0,0,0,0,0,1023,28,0,0,0,0,0,0,2,0,0,0,2025-03-28T10:35:00,2025-04-16T10:29:59,2100-12-01T00:00:00,0,0,800012249,0,0,0,0,0
12250,7202420,7211673,1,crow12250,3118044,0,0,0,0,0,0,1023,29,0,0,0,0,0,0,1,0,0,0,2025-03-28T10:35:00,2025-04-16T10:29:59,2100-12-01T00:00:00,0,0,800010622,0,0,0,0,0
12251,7202421,7210990,1,crow12251,0,0,0,0,0,0,0,1023,1,0,0,0,0,0,0,1,0,0,0,2025-03-28T10:35:00,2025-04-03T10:29:59,2100-12-01T00:00:00,0,0,800011027,0,0,0,0,0
12252,7202422,7211635,1,crow12252,3118045,0,0,0,0,0,0,1023,34,0,0,0,0,0,0,1,0,0,0,2025-03-28T10:35:00,2025-04-17T10:29:59,2100-12-01T00:00:00,0,0,800010733,0,0,0,0,0
12253,7202423,7211636,1,crow12253,3118046,0,0,0,0,0,0,1023,35,0,0,0,2,0,0,5,0,0,0,2025-03-28T10:35:00,2025-04-17T10:29:59,2100-12-01T00:00:00,0,0,800011314,0,0,0,0,0
12254,7202424,7211541,1,crow12254,3118047,0,0,0,0,0,0,1023,36,0,0,0,0,0,0,3,0,0,0,2025-03-28T10:35:00,2025-04-17T10:29:59,2100-12-01T00:00:00,0,0,800010171,0,0,0,0,0
12255,7202425,7211674,1,crow12255,3118048,0,0,0,0,0,0,1023,30,0,0,0,0,0,0,1,0,0,0,2025-03-28T10:35:00,2025-04-17T10:29:59,2100-12-01T00:00:00,0,0,800010586,0,0,0,0,0
12256,7202426,7211470,1,crow12256,3118049,0,0,0,0,0,0,1023,31,0,0,0,0,0,0,2,0,0,0,2025-03-28T10:35:00,2025-04-17T10:29:59,2100-12-01T00:00:00,0,0,800011892,0,0,0,0,0
12257,7202427,7211637,1,crow12257,3118050,0,0,0,0,0,0,1023,32,0,0,0,3,0,0,3,0,0,0,2025-03-28T10:35:00,2025-04-17T10:29:59,2100-12-01T00:00:00,0,0,800010438,0,0,0,0,0
12258,7202428,7211406,1,crow12258,3118051,0,0,0,0,0,0,1023,33,0,0,0,0,0,0,2,0,0,0,2025-03-28T10:35:00,2025-04-17T10:29:59,2100-12-01T00:00:00,0,0,800011762,0,0,0,0,0
12259,7202429,7211138,1,crow12259,3118052,0,0,0,0,0,0,1023,37,0,0,0,0,0,0,3,0,0,0,2025-03-28T10:35:00,2025-04-17T10:29:59,2100-12-01T00:00:00,0,0,800011332,0,0,0,0,0
12260,7201907,7211316,1,crow12260,3117563,0,0,0,0,0,0,1023,28,0,0,0,0,0,0,1,0,0,0,2025-04-04T10:35:00,2025-04-24T10:29:59,2100-12-01T00:00:00,0,0,800011582,0,0,0,0,0
12261,7201166,7211526,1,crow12261,3117824,0,0,0,0,0,0,1023,29,0,0,0,0,0,0,2,0,0,0,2025-04-04T10:35:00,2025-04-24T10:29:59,2100-12-01T00:00:00,0,0,800010253,0,0,0,0,0
12262,7202433,7211663,1,crow12262,3118053,0,0,0,0,0,0,1023,34,0,0,0,2,0,0,5,0,0,0,2025-04-04T10:35:00,2025-04-24T10:29:59,2100-12-01T00:00:00,0,0,800010239,0,0,0,0,0
12263,7202434,7211529,1,crow12263,3118054,0,0,0,0,0,0,1023,35,0,0,0,2,0,0,3,0,0,0,2025-04-04T10:35:00,2025-04-24T10:29:59,2100-12-01T00:00:00,0,0,800010472,0,0,0,0,0
12264,7202435,7211664,1,crow12264,3118055,0,0,0,0,0,0,1023,36,0,0,0,0,0,0,2,0,0,0,2025-04-04T10:35:00,2025-04-24T10:29:59,2100-12-01T00:00:00,0,0,800010714,0,0,0,0,0
12265,7202436,7211665,1,crow12265,3118056,0,0,0,0,0,0,1023,37,0,0,0,2,0,0,5,0,0,0,2025-04-04T10:35:00,2025-04-24T10:29:59,2100-12-01T00:00:00,0,0,800010535,0,0,0,0,0
12266,7202437,7211562,1,crow12266,3118057,0,0,0,0,0,0,1023,26,0,0,0,0,0,0,1,0,0,0,2025-04-04T10:35:00,2025-04-24T10:29:59,2100-12-01T00:00:00,0,0,800012072,0,0,0,0,0
12267,7202438,7211563,1,crow12267,3118058,0,0,0,0,0,0,1023,27,0,0,0,0,0,0,2,0,0,0,2025-04-04T10:35:00,2025-04-24T10:29:59,2100-12-01T00:00:00,0,0,800012073,0,0,0,0,0
12268,7202439,7211471,1,crow12268,3118059,0,0,0,0,0,0,1023,30,0,0,0,2,0,0,5,0,0,0,2025-04-04T10:35:00,2025-04-24T10:29:59,2100-12-01T00:00:00,0,0,800010766,0,0,0,0,0
12269,7202440,7211678,1,crow12269,3118060,0,0,0,0,0,0,1023,31,0,0,0,0,0,0,2,0,0,0,2025-04-04T10:35:00,2025-04-24T10:29:59,2100-12-01T00:00:00,0,0,800010635,0,0,0,0,0
12270,7202441,7211679,1,crow12270,3118061,0,0,0,0,0,0,1023,32,0,0,0,0,0,0,2,0,0,0,2025-04-04T10:35:00,2025-04-24T10:29:59,2100-12-01T00:00:00,0,0,800011957,0,0,0,0,0
12271,7202442,7211587,1,crow12271,3118062,0,0,0,0,0,0,1023,33,0,0,0,0,0,0,2,0,0,0,2025-04-04T10:35:00,2025-04-24T10:29:59,2100-12-01T00:00:00,0,0,800012103,0,0,0,0,0
12272,7201806,7211683,1,0,3118063,0,0,0,0,0,0,1001,1,0,0,0,1,0,0,1,1,0,0,2025-04-04T10:35:00,2025-04-18T23:59:59,2100-12-01T00:00:00,0,0,801110026,0,0,0,0,0
12273,7202443,7211680,1,crow12273,3118064,0,0,0,0,0,0,1023,19,0,0,0,0,0,0,2,0,0,0,2025-04-11T10:35:00,2025-04-30T10:29:59,2100-12-01T00:00:00,0,0,800012273,0,0,0,0,0
12274,7202444,7211681,1,crow12274,3118065,0,0,0,0,0,0,1023,20,0,0,0,0,0,0,2,0,0,0,2025-04-11T10:35:00,2025-04-30T10:29:59,2100-12-01T00:00:00,0,0,800012274,0,0,0,0,0
12275,7202445,7211682,1,crow12275,3118066,0,0,0,0,0,0,1023,21,0,0,0,0,0,0,2,0,0,0,2025-04-11T10:35:00,2025-04-30T10:29:59,2100-12-01T00:00:00,0,0,800012275,0,0,0,0,0
12276,7202446,7211561,1,crow12276,3118067,0,0,0,0,0,0,1023,39,0,0,0,2,0,0,5,0,0,0,2025-04-11T10:35:00,2025-05-01T10:29:59,2100-12-01T00:00:00,0,0,800010466,0,0,0,0,0
12277,7202447,7210418,1,crow12277,3118068,0,0,0,0,0,0,1023,40,0,0,0,0,0,0,3,0,0,0,2025-04-11T10:35:00,2025-05-01T10:29:59,2100-12-01T00:00:00,0,0,800010229,0,0,0,0,0
12278,7202448,7211635,1,crow12278,3118069,0,0,0,0,0,0,1023,43,0,0,0,0,0,0,1,0,0,0,2025-04-11T10:35:00,2025-05-01T10:29:59,2100-12-01T00:00:00,0,0,800010733,0,0,0,0,0
12279,7202449,7211636,1,crow12279,3118070,0,0,0,0,0,0,1023,44,0,0,0,2,0,0,5,0,0,0,2025-04-11T10:35:00,2025-05-01T10:29:59,2100-12-01T00:00:00,0,0,800011314,0,0,0,0,0
12280,7202450,7211541,1,crow12280,3118071,0,0,0,0,0,0,1023,45,0,0,0,0,0,0,3,0,0,0,2025-04-11T10:35:00,2025-05-01T10:29:59,2100-12-01T00:00:00,0,0,800010171,0,0,0,0,0
12281,7202451,7211588,1,crow12281,3118072,0,0,0,0,0,0,1023,36,0,0,0,0,0,0,1,0,0,0,2025-04-11T10:35:00,2025-05-01T10:29:59,2100-12-01T00:00:00,0,0,800012049,0,0,0,0,0
12282,7202452,7211589,1,crow12282,3118073,0,0,0,0,0,0,1023,37,0,0,0,0,0,0,2,0,0,0,2025-04-11T10:35:00,2025-05-01T10:29:59,2100-12-01T00:00:00,0,0,800011727,0,0,0,0,0
12283,7202453,7211590,1,crow12283,3118074,0,0,0,0,0,0,1023,38,0,0,0,0,0,0,2,0,0,0,2025-04-11T10:35:00,2025-05-01T10:29:59,2100-12-01T00:00:00,0,0,800012051,0,0,0,0,0
12284,7202454,7211669,1,crow12284,3118075,0,0,0,0,0,0,1023,41,0,0,0,0,0,0,2,0,0,0,2025-04-11T10:35:00,2025-05-01T10:29:59,2100-12-01T00:00:00,0,0,800011445,0,0,0,0,0
12285,7202266,7211583,1,crow12285,3117907,0,0,0,0,0,0,1023,42,0,0,0,0,0,0,2,0,0,0,2025-04-11T10:35:00,2025-05-01T10:29:59,2100-12-01T00:00:00,0,0,800011546,0,0,0,0,0
12286,7202455,7211684,1,crow12286,3118076,0,0,0,0,0,0,1023,27,0,0,0,0,0,0,10,0,0,0,2025-04-18T10:35:00,2025-05-15T10:29:59,2100-12-01T00:00:00,0,0,800012286,0,0,0,0,0
12287,7202456,7211685,1,crow12287,3118077,0,0,0,0,0,0,1023,28,0,0,0,0,0,0,10,0,0,0,2025-04-18T10:35:00,2025-05-15T10:29:59,2100-12-01T00:00:00,0,0,800012287,0,0,0,0,0
12288,7202457,7211686,1,crow12288,3118078,0,0,0,0,0,0,1023,29,0,0,0,0,0,0,10,0,0,0,2025-04-18T10:35:00,2025-05-15T10:29:59,2100-12-01T00:00:00,0,0,800012288,0,0,0,0,0
12289,7202458,7211687,1,crow12289,3118079,0,0,0,0,0,0,1023,25,0,0,0,0,0,0,1,0,0,0,2025-04-18T10:35:00,2025-05-15T10:29:59,2100-12-01T00:00:00,0,0,800012289,0,0,0,0,0
12290,7202459,7211688,1,crow12290,3118080,0,0,0,0,0,0,1023,26,0,0,0,0,0,0,1,0,0,0,2025-04-18T10:35:00,2025-05-15T10:29:59,2100-12-01T00:00:00,0,0,800012290,0,0,0,0,0
12291,7200975,7210996,1,crow12291,3117639,0,0,0,0,0,0,1023,24,0,0,0,0,0,0,1,0,0,0,2025-04-18T10:35:00,2025-05-08T10:29:59,2100-12-01T00:00:00,0,0,800012159,0,0,0,0,0
12292,7202460,7211663,1,crow12292,3118081,0,0,0,0,0,0,1023,32,0,0,0,2,0,0,5,0,0,0,2025-04-18T10:35:00,2025-05-08T10:29:59,2100-12-01T00:00:00,0,0,800010239,0,0,0,0,0
12293,7202461,7211529,1,crow12293,3118082,0,0,0,0,0,0,1023,33,0,0,0,2,0,0,3,0,0,0,2025-04-18T10:35:00,2025-05-08T10:29:59,2100-12-01T00:00:00,0,0,800010472,0,0,0,0,0
12294,7202462,7211664,1,crow12294,3118083,0,0,0,0,0,0,1023,34,0,0,0,0,0,0,2,0,0,0,2025-04-18T10:35:00,2025-05-08T10:29:59,2100-12-01T00:00:00,0,0,800010714,0,0,0,0,0
12295,7202463,7211665,1,crow12295,3118084,0,0,0,0,0,0,1023,35,0,0,0,2,0,0,5,0,0,0,2025-04-18T10:35:00,2025-05-08T10:29:59,2100-12-01T00:00:00,0,0,800010535,0,0,0,0,0
12296,7202464,7211674,1,crow12296,3118085,0,0,0,0,0,0,1023,30,0,0,0,0,0,0,1,0,0,0,2025-04-18T10:35:00,2025-05-08T10:29:59,2100-12-01T00:00:00,0,0,800010586,0,0,0,0,0
12297,7202465,7211470,1,crow12297,3118086,0,0,0,0,0,0,1023,31,0,0,0,0,0,0,2,0,0,0,2025-04-18T10:35:00,2025-05-08T10:29:59,2100-12-01T00:00:00,0,0,800011892,0,0,0,0,0
12298,7202467,7211690,1,crow12298,3118087,0,0,0,0,0,0,1023,31,0,0,0,0,0,0,2,0,0,0,2025-04-24T10:35:00,2025-05-24T10:29:59,2100-12-01T00:00:00,0,0,800012298,0,0,0,0,0
12299,7202468,7211691,1,crow12299,3118088,0,0,0,0,0,0,1023,32,0,0,0,0,0,0,2,0,0,0,2025-04-24T10:35:00,2025-05-24T10:29:59,2100-12-01T00:00:00,0,0,800012299,0,0,0,0,0
12300,7202469,7211692,1,crow12300,3118089,0,0,0,0,0,0,1023,33,0,0,0,0,0,0,2,0,0,0,2025-04-24T10:35:00,2025-05-24T10:29:59,2100-12-01T00:00:00,0,0,800012300,0,0,0,0,0
12301,7202339,7211615,1,crow12301,3117965,0,0,0,0,0,0,1023,34,0,0,0,0,0,0,2,0,0,0,2025-04-24T10:35:00,2025-05-14T10:29:59,2100-12-01T00:00:00,0,0,800012172,0,0,0,0,0
12302,7202340,7211616,1,crow12302,3117966,0,0,0,0,0,0,1023,35,0,0,0,0,0,0,2,0,0,0,2025-04-24T10:35:00,2025-05-14T10:29:59,2100-12-01T00:00:00,0,0,800012173,0,0,0,0,0
12303,7202470,7211693,1,crow12303,3118090,0,0,0,0,0,0,1023,36,0,0,0,0,0,0,2,0,0,0,2025-04-24T10:35:00,2025-05-14T10:29:59,2100-12-01T00:00:00,0,0,800012303,0,0,0,0,0
12304,7201143,7210226,1,crow12304,0,0,0,0,0,0,0,1037,9,0,0,0,0,0,0,1,0,0,0,2025-04-24T10:35:00,2025-05-14T10:29:59,2100-12-01T00:00:00,0,0,800012304,0,0,0,0,0
12305,7201144,7210497,1,crow12305,0,0,0,0,0,0,0,1037,10,0,0,0,0,0,0,1,0,0,0,2025-04-24T10:35:00,2025-05-14T10:29:59,2100-12-01T00:00:00,0,0,800012305,0,0,0,0,0
12306,7201145,7211130,1,crow12306,3117507,0,0,0,0,0,0,1037,11,0,0,0,0,0,0,1,0,0,0,2025-04-24T10:35:00,2025-05-14T10:29:59,2100-12-01T00:00:00,0,0,800012306,0,0,0,0,0
12307,7201854,7211618,1,crow12307,3118091,0,0,0,0,0,0,1037,12,0,0,0,0,0,0,1,0,0,0,2025-04-24T10:35:00,2025-05-14T10:29:59,2100-12-01T00:00:00,0,0,800012307,0,0,0,0,0
12308,7201855,7211694,1,crow12308,3118092,0,0,0,0,0,0,1037,13,0,0,0,0,0,0,3,0,0,0,2025-04-24T10:35:00,2025-05-14T10:29:59,2100-12-01T00:00:00,0,0,800012308,0,0,0,0,0
12309,7201856,7211695,1,crow12309,3118093,0,0,0,0,0,0,1037,14,0,0,0,0,0,0,2,0,0,0,2025-04-24T10:35:00,2025-05-14T10:29:59,2100-12-01T00:00:00,0,0,800012309,0,0,0,0,0
12310,7201857,7211517,1,crow12310,3118094,0,0,0,0,0,0,1037,15,0,0,0,0,0,0,2,0,0,0,2025-04-24T10:35:00,2025-05-14T10:29:59,2100-12-01T00:00:00,0,0,800012310,0,0,0,0,0
12311,7201858,7211696,1,crow12311,3118095,0,0,0,0,0,0,1037,16,0,0,0,0,0,0,2,0,0,0,2025-04-24T10:35:00,2025-05-14T10:29:59,2100-12-01T00:00:00,0,0,800012311,0,0,0,0,0
12312,7202471,7211221,1,crow12312,3118096,0,0,0,0,0,0,1037,17,0,0,0,0,0,0,1,0,0,0,2025-04-24T10:35:00,2025-05-14T10:29:59,2100-12-01T00:00:00,0,0,800012312,0,0,0,0,0
12313,7202472,7211515,1,crow12313,3118097,0,0,0,0,0,0,1037,18,0,0,0,0,0,0,2,0,0,0,2025-04-24T10:35:00,2025-05-14T10:29:59,2100-12-01T00:00:00,0,0,800012313,0,0,0,0,0
12314,7202473,7211697,1,crow12314,3118098,0,0,0,0,0,0,1023,26,0,0,0,0,0,0,2,0,0,0,2025-04-30T10:35:00,2025-05-30T10:29:59,2100-12-01T00:00:00,0,0,800012314,0,0,0,0,0
12315,7202474,7211698,1,crow12315,3118099,0,0,0,0,0,0,1023,27,0,0,0,0,0,0,2,0,0,0,2025-04-30T10:35:00,2025-05-30T10:29:59,2100-12-01T00:00:00,0,0,800012315,0,0,0,0,0
12316,7202475,7211699,1,crow12316,3118100,0,0,0,0,0,0,1023,28,0,0,0,0,0,0,2,0,0,0,2025-04-30T10:35:00,2025-05-30T10:29:59,2100-12-01T00:00:00,0,0,800012316,0,0,0,0,0
12317,7202476,7211625,1,crow12317,3118101,0,0,0,0,0,0,1023,29,0,0,0,2,0,0,5,0,0,0,2025-04-30T10:35:00,2025-05-20T10:29:59,2100-12-01T00:00:00,0,0,800012317,0,0,0,0,0
12318,7202477,7211626,1,crow12318,3118102,0,0,0,0,0,0,1023,30,0,0,0,2,0,0,5,0,0,0,2025-04-30T10:35:00,2025-05-20T10:29:59,2100-12-01T00:00:00,0,0,800012318,0,0,0,0,0
12319,7202478,7210990,1,crow12319,0,0,0,0,0,0,0,1037,1,0,0,0,0,0,0,2,0,0,0,2025-04-30T10:35:00,2025-05-07T10:29:59,2100-12-01T00:00:00,0,0,800012319,0,0,0,0,0
12320,7202479,7211561,1,crow12320,3118103,0,0,0,0,0,0,1037,4,0,0,0,2,0,0,5,0,0,0,2025-04-30T10:35:00,2025-05-20T10:29:59,2100-12-01T00:00:00,0,0,800012320,0,0,0,0,0
12321,7201165,7210418,1,crow12321,3102843,0,0,0,0,0,0,1037,5,0,0,0,0,0,0,3,0,0,0,2025-04-30T10:35:00,2025-05-20T10:29:59,2100-12-01T00:00:00,0,0,800012321,0,0,0,0,0
12322,7202480,7211271,1,crow12322,3118104,0,0,0,0,0,0,1037,2,0,0,0,0,0,0,1,0,0,0,2025-04-30T10:35:00,2025-05-20T10:29:59,2100-12-01T00:00:00,0,0,800012322,0,0,0,0,0
12323,7202481,7211628,1,crow12323,3118105,0,0,0,0,0,0,1037,3,0,0,0,0,0,0,1,0,0,0,2025-04-30T10:35:00,2025-05-20T10:29:59,2100-12-01T00:00:00,0,0,800012323,0,0,0,0,0
12324,7202482,7211524,1,crow12324,3118106,0,0,0,0,0,0,1037,7,0,0,0,0,0,0,3,0,0,0,2025-04-30T10:35:00,2025-05-20T10:29:59,2100-12-01T00:00:00,0,0,800012324,0,0,0,0,0
12325,7202483,7211525,1,crow12325,3118107,0,0,0,0,0,0,1037,8,0,0,0,0,0,0,2,0,0,0,2025-04-30T10:35:00,2025-05-20T10:29:59,2100-12-01T00:00:00,0,0,800012325,0,0,0,0,0
12326,7202484,7211428,1,crow12326,3118108,0,0,0,0,0,0,1037,6,0,0,0,0,0,0,2,0,0,0,2025-04-30T10:35:00,2025-05-20T10:29:59,2100-12-01T00:00:00,0,0,800012326,0,0,0,0,0
12327,7201175,7211700,1,0,3118109,0,0,0,0,0,0,1001,1,0,0,0,1,0,0,1,1,0,0,2025-04-24T10:35:00,2025-05-14T23:59:59,2100-12-01T00:00:00,0,0,801110027,0,0,0,0,0
12328,7201907,7211316,1,crow12328,3117563,0,0,0,0,0,0,1023,32,0,0,0,0,0,0,1,0,0,0,2025-05-08T10:35:00,2025-05-28T10:29:59,2100-12-01T00:00:00,0,0,800011582,0,0,0,0,0
12329,7201166,7211526,1,crow12329,3117824,0,0,0,0,0,0,1023,33,0,0,0,0,0,0,2,0,0,0,2025-05-08T10:35:00,2025-05-28T10:29:59,2100-12-01T00:00:00,0,0,800010253,0,0,0,0,0
12330,7202493,7211663,1,crow12330,3118110,0,0,0,0,0,0,1023,34,0,0,0,2,0,0,5,0,0,0,2025-05-08T10:35:00,2025-05-28T10:29:59,2100-12-01T00:00:00,0,0,800010239,0,0,0,0,0
12331,7202494,7211529,1,crow12331,3118111,0,0,0,0,0,0,1023,35,0,0,0,2,0,0,3,0,0,0,2025-05-08T10:35:00,2025-05-28T10:29:59,2100-12-01T00:00:00,0,0,800010472,0,0,0,0,0
12332,7202495,7211664,1,crow12332,3118112,0,0,0,0,0,0,1023,36,0,0,0,0,0,0,2,0,0,0,2025-05-08T10:35:00,2025-05-28T10:29:59,2100-12-01T00:00:00,0,0,800010714,0,0,0,0,0
12333,7202496,7211665,1,crow12333,3118113,0,0,0,0,0,0,1023,37,0,0,0,2,0,0,5,0,0,0,2025-05-08T10:35:00,2025-05-28T10:29:59,2100-12-01T00:00:00,0,0,800010535,0,0,0,0,0
12334,7202497,7211588,1,crow12334,3118114,0,0,0,0,0,0,1023,26,0,0,0,0,0,0,1,0,0,0,2025-05-08T10:35:00,2025-05-28T10:29:59,2100-12-01T00:00:00,0,0,800012049,0,0,0,0,0
12335,7202498,7211589,1,crow12335,3118115,0,0,0,0,0,0,1023,27,0,0,0,0,0,0,2,0,0,0,2025-05-08T10:35:00,2025-05-28T10:29:59,2100-12-01T00:00:00,0,0,800011727,0,0,0,0,0
12336,7202499,7211590,1,crow12336,3118116,0,0,0,0,0,0,1023,28,0,0,0,0,0,0,2,0,0,0,2025-05-08T10:35:00,2025-05-28T10:29:59,2100-12-01T00:00:00,0,0,800012051,0,0,0,0,0
12337,7202500,7211667,1,crow12337,3118117,0,0,0,0,0,0,1023,29,0,0,0,0,0,0,2,0,0,0,2025-05-08T10:35:00,2025-05-28T10:29:59,2100-12-01T00:00:00,0,0,800011216,0,0,0,0,0
12338,7202501,7211678,1,crow12338,3118118,0,0,0,0,0,0,1023,30,0,0,0,0,0,0,2,0,0,0,2025-05-08T10:35:00,2025-05-28T10:29:59,2100-12-01T00:00:00,0,0,800010635,0,0,0,0,0
12339,7202502,7211661,1,crow12339,3118119,0,0,0,0,0,0,1023,31,0,0,0,0,0,0,2,0,0,0,2025-05-08T10:35:00,2025-05-28T10:29:59,2100-12-01T00:00:00,0,0,800011908,0,0,0,0,0
12340,7202503,7211709,1,crow12340,3118120,0,0,0,0,0,0,1023,29,0,0,0,0,0,0,2,0,0,0,2025-05-15T10:35:00,2025-06-03T10:29:59,2100-12-01T00:00:00,0,0,800012340,0,0,0,0,0
12341,7202504,7211710,1,crow12341,3118121,0,0,0,0,0,0,1023,30,0,0,0,0,0,0,2,0,0,0,2025-05-15T10:35:00,2025-06-03T10:29:59,2100-12-01T00:00:00,0,0,800012341,0,0,0,0,0
12342,7202505,7211711,1,crow12342,3118122,0,0,0,0,0,0,1023,31,0,0,0,0,0,0,2,0,0,0,2025-05-15T10:35:00,2025-06-03T10:29:59,2100-12-01T00:00:00,0,0,800012342,0,0,0,0,0
12343,7202506,7210990,1,crow12343,0,0,0,0,0,0,0,1023,1,0,0,0,0,0,0,1,0,0,0,2025-05-15T10:35:00,2025-05-21T10:29:59,2100-12-01T00:00:00,0,0,800011027,0,0,0,0,0
12344,7202507,7211712,1,crow12344,3118123,0,0,0,0,0,0,1023,28,0,0,0,0,0,0,1,0,0,0,2025-05-15T10:35:00,2025-06-03T10:29:59,2100-12-01T00:00:00,0,0,800010737,0,0,0,0,0
12345,7202508,7211635,1,crow12345,3118124,0,0,0,0,0,0,1023,36,0,0,0,0,0,0,1,0,0,0,2025-05-15T10:35:00,2025-06-04T10:29:59,2100-12-01T00:00:00,0,0,800010733,0,0,0,0,0
12346,7202509,7211636,1,crow12346,3118125,0,0,0,0,0,0,1023,37,0,0,0,2,0,0,5,0,0,0,2025-05-15T10:35:00,2025-06-04T10:29:59,2100-12-01T00:00:00,0,0,800011314,0,0,0,0,0
12347,7202510,7211541,1,crow12347,3118126,0,0,0,0,0,0,1023,38,0,0,0,0,0,0,3,0,0,0,2025-05-15T10:35:00,2025-06-04T10:29:59,2100-12-01T00:00:00,0,0,800010171,0,0,0,0,0
12348,7202511,7211556,1,crow12348,3118127,0,0,0,0,0,0,1023,32,0,0,0,0,0,0,1,0,0,0,2025-05-15T10:35:00,2025-06-04T10:29:59,2100-12-01T00:00:00,0,0,800012348,0,0,0,0,0
12349,7202512,7211557,1,crow12349,3118128,0,0,0,0,0,0,1023,33,0,0,0,0,0,0,2,0,0,0,2025-05-15T10:35:00,2025-06-04T10:29:59,2100-12-01T00:00:00,0,0,800012349,0,0,0,0,0
12350,7202513,7211558,1,crow12350,3118129,0,0,0,0,0,0,1023,34,0,0,0,0,0,0,2,0,0,0,2025-05-15T10:35:00,2025-06-04T10:29:59,2100-12-01T00:00:00,0,0,800012350,0,0,0,0,0
12351,7202514,7211470,1,crow12351,3118130,0,0,0,0,0,0,1023,35,0,0,0,0,0,0,2,0,0,0,2025-05-15T10:35:00,2025-06-04T10:29:59,2100-12-01T00:00:00,0,0,800011892,0,0,0,0,0
12352,7202266,7211583,1,crow12352,3117907,0,0,0,0,0,0,1023,39,0,0,0,0,0,0,2,0,0,0,2025-05-15T10:35:00,2025-06-04T10:29:59,2100-12-01T00:00:00,0,0,800011546,0,0,0,0,0
12353,7202515,7211561,1,crow12353,3118131,0,0,0,0,0,0,1023,27,0,0,0,2,0,0,5,0,0,0,2025-05-22T10:35:00,2025-06-11T10:29:59,2100-12-01T00:00:00,0,0,800010466,0,0,0,0,0
12354,7200440,7210418,1,crow12354,3102871,0,0,0,0,0,0,1023,28,0,0,0,0,0,0,3,0,0,0,2025-05-22T10:35:00,2025-06-11T10:29:59,2100-12-01T00:00:00,0,0,800010229,0,0,0,0,0
12355,7201919,7211662,1,crow12355,3118032,0,0,0,0,0,0,1023,29,0,0,0,0,0,0,4,0,0,0,2025-05-22T10:35:00,2025-06-11T10:29:59,2100-12-01T00:00:00,0,0,800011744,0,0,0,0,0
12356,7201375,7211663,1,crow12356,3118132,0,0,0,0,0,0,1023,33,0,0,0,2,0,0,5,0,0,0,2025-05-22T10:35:00,2025-06-11T10:29:59,2100-12-01T00:00:00,0,0,800010239,0,0,0,0,0
12357,7201376,7211529,1,crow12357,3117827,0,0,0,0,0,0,1023,34,0,0,0,2,0,0,3,0,0,0,2025-05-22T10:35:00,2025-06-11T10:29:59,2100-12-01T00:00:00,0,0,800010472,0,0,0,0,0
12358,7201555,7211664,1,crow12358,3118133,0,0,0,0,0,0,1023,35,0,0,0,0,0,0,2,0,0,0,2025-05-22T10:35:00,2025-06-11T10:29:59,2100-12-01T00:00:00,0,0,800010714,0,0,0,0,0
12359,7201377,7211665,1,crow12359,3118134,0,0,0,0,0,0,1023,36,0,0,0,2,0,0,5,0,0,0,2025-05-22T10:35:00,2025-06-11T10:29:59,2100-12-01T00:00:00,0,0,800010535,0,0,0,0,0
12360,7202516,7211471,1,crow12360,3118139,0,0,0,0,0,0,1023,32,0,0,0,2,0,0,5,0,0,0,2025-05-22T10:35:00,2025-06-11T10:29:59,2100-12-01T00:00:00,0,0,800010766,0,0,0,0,0
12361,7202192,7211679,1,crow12361,3118140,0,0,0,0,0,0,1023,29,0,0,0,0,0,0,2,0,0,0,2025-05-22T10:35:00,2025-06-11T10:29:59,2100-12-01T00:00:00,0,0,800011957,0,0,0,0,0
12362,7202022,7211669,1,crow12362,3118141,0,0,0,0,0,0,1023,30,0,0,0,0,0,0,2,0,0,0,2025-05-22T10:35:00,2025-06-11T10:29:59,2100-12-01T00:00:00,0,0,800011445,0,0,0,0,0
12363,7202522,7211715,1,crow12363,3118142,0,0,0,0,0,0,1023,31,0,0,0,0,0,0,2,0,0,0,2025-05-22T10:35:00,2025-06-11T10:29:59,2100-12-01T00:00:00,0,0,800012103,0,0,0,0,0
12364,7202527,7211727,1,crow12364,3118143,0,0,0,0,0,0,1023,26,0,0,0,0,0,0,2,0,0,0,2025-05-30T10:35:00,2025-06-18T10:29:59,2100-12-01T00:00:00,0,0,800012364,0,0,0,0,0
12365,7202528,7211728,1,crow12365,3118144,0,0,0,0,0,0,1023,27,0,0,0,0,0,0,2,0,0,0,2025-05-30T10:35:00,2025-06-18T10:29:59,2100-12-01T00:00:00,0,0,800012365,0,0,0,0,0
12366,7202529,7211729,1,crow12366,3118145,0,0,0,0,0,0,1023,28,0,0,0,0,0,0,2,0,0,0,2025-05-30T10:35:00,2025-06-18T10:29:59,2100-12-01T00:00:00,0,0,800012366,0,0,0,0,0
12367,7202530,7210990,1,crow12367,0,0,0,0,0,0,0,1023,1,0,0,0,0,0,0,1,0,0,0,2025-05-30T10:35:00,2025-06-04T10:29:59,2100-12-01T00:00:00,0,0,800011027,0,0,0,0,0
12368,7202531,7211730,1,crow12368,3118146,0,0,0,0,0,0,1023,29,0,0,0,0,0,0,1,0,0,0,2025-05-30T10:35:00,2025-06-18T10:29:59,2100-12-01T00:00:00,0,0,800010608,0,0,0,0,0
12369,7202532,7211731,1,crow12369,3118147,0,0,0,0,0,0,1023,35,0,0,0,0,0,0,1,0,0,0,2025-05-30T10:35:00,2025-06-19T10:29:59,2100-12-01T00:00:00,0,0,800010733,0,0,0,0,0
12370,7202533,7211732,1,crow12370,3118148,0,0,0,0,0,0,1023,36,0,0,0,2,0,0,5,0,0,0,2025-05-30T10:35:00,2025-06-19T10:29:59,2100-12-01T00:00:00,0,0,800011314,0,0,0,0,0
12371,7202534,7211733,1,crow12371,3118149,0,0,0,0,0,0,1023,37,0,0,0,0,0,0,3,0,0,0,2025-05-30T10:35:00,2025-06-19T10:29:59,2100-12-01T00:00:00,0,0,800010171,0,0,0,0,0
12372,7202535,7211562,1,crow12372,3118150,0,0,0,0,0,0,1023,30,0,0,0,0,0,0,1,0,0,0,2025-05-30T10:35:00,2025-06-19T10:29:59,2100-12-01T00:00:00,0,0,800012072,0,0,0,0,0
12373,7202536,7211563,1,crow12373,3118151,0,0,0,0,0,0,1023,31,0,0,0,0,0,0,2,0,0,0,2025-05-30T10:35:00,2025-06-19T10:29:59,2100-12-01T00:00:00,0,0,800012073,0,0,0,0,0
12374,7202537,7211734,1,crow12374,3118152,0,0,0,0,0,0,1023,32,0,0,0,0,0,0,1,0,0,0,2025-05-30T10:35:00,2025-06-19T10:29:59,2100-12-01T00:00:00,0,0,800011933,0,0,0,0,0
12375,7202538,7211637,1,crow12375,3118153,0,0,0,0,0,0,1023,33,0,0,0,3,0,0,3,0,0,0,2025-05-30T10:35:00,2025-06-19T10:29:59,2100-12-01T00:00:00,0,0,800010438,0,0,0,0,0
12376,7202539,7211406,1,crow12376,3118154,0,0,0,0,0,0,1023,34,0,0,0,0,0,0,2,0,0,0,2025-05-30T10:35:00,2025-06-19T10:29:59,2100-12-01T00:00:00,0,0,800011762,0,0,0,0,0
12377,7202540,7211138,1,crow12377,3118155,0,0,0,0,0,0,1023,25,0,0,0,0,0,0,3,0,0,0,2025-05-30T10:35:00,2025-06-19T10:29:59,2100-12-01T00:00:00,0,0,800011332,0,0,0,0,0
12378,7202550,7211561,1,crow12378,3118165,0,0,0,0,0,0,1023,27,0,0,0,2,0,0,5,0,0,0,2025-06-05T10:35:00,2025-06-25T10:29:59,2100-12-01T00:00:00,0,0,800010466,0,0,0,0,0
12379,7202551,7210418,1,crow12379,3118166,0,0,0,0,0,0,1023,28,0,0,0,0,0,0,3,0,0,0,2025-06-05T10:35:00,2025-06-25T10:29:59,2100-12-01T00:00:00,0,0,800010229,0,0,0,0,0
12380,7201166,7211526,1,crow12380,3117824,0,0,0,0,0,0,1023,29,0,0,0,0,0,0,2,0,0,0,2025-06-05T10:35:00,2025-06-25T10:29:59,2100-12-01T00:00:00,0,0,800010253,0,0,0,0,0
12381,7202212,7211663,1,crow12381,3118156,0,0,0,0,0,0,1023,32,0,0,0,2,0,0,5,0,0,0,2025-06-05T10:35:00,2025-06-25T10:29:59,2100-12-01T00:00:00,0,0,800010239,0,0,0,0,0
12382,7202213,7211529,1,crow12382,3118157,0,0,0,0,0,0,1023,33,0,0,0,2,0,0,3,0,0,0,2025-06-05T10:35:00,2025-06-25T10:29:59,2100-12-01T00:00:00,0,0,800010472,0,0,0,0,0
12383,7202214,7211664,1,crow12383,3118158,0,0,0,0,0,0,1023,34,0,0,0,0,0,0,2,0,0,0,2025-06-05T10:35:00,2025-06-25T10:29:59,2100-12-01T00:00:00,0,0,800010714,0,0,0,0,0
12384,7202215,7211665,1,crow12384,3118159,0,0,0,0,0,0,1023,35,0,0,0,2,0,0,5,0,0,0,2025-06-05T10:35:00,2025-06-25T10:29:59,2100-12-01T00:00:00,0,0,800010535,0,0,0,0,0
12385,7202216,7211588,1,crow12385,3118160,0,0,0,0,0,0,1023,24,0,0,0,0,0,0,1,0,0,0,2025-06-05T10:35:00,2025-06-25T10:29:59,2100-12-01T00:00:00,0,0,800012049,0,0,0,0,0
12386,7202217,7211589,1,crow12386,3118161,0,0,0,0,0,0,1023,25,0,0,0,0,0,0,2,0,0,0,2025-06-05T10:35:00,2025-06-25T10:29:59,2100-12-01T00:00:00,0,0,800011727,0,0,0,0,0
12387,7202218,7211590,1,crow12387,3118162,0,0,0,0,0,0,1023,26,0,0,0,0,0,0,2,0,0,0,2025-06-05T10:35:00,2025-06-25T10:29:59,2100-12-01T00:00:00,0,0,800012051,0,0,0,0,0
12388,7202391,7211674,1,crow12388,3118163,0,0,0,0,0,0,1023,30,0,0,0,0,0,0,1,0,0,0,2025-06-05T10:35:00,2025-06-25T10:29:59,2100-12-01T00:00:00,0,0,800010586,0,0,0,0,0
12389,7202393,7211470,1,crow12389,3118164,0,0,0,0,0,0,1023,31,0,0,0,0,0,0,2,0,0,0,2025-06-05T10:35:00,2025-06-25T10:29:59,2100-12-01T00:00:00,0,0,800011892,0,0,0,0,0
12390,7202552,7211744,1,crow12390,3118167,0,0,0,0,0,0,1023,28,0,0,0,0,0,0,2,0,0,0,2025-06-13T10:35:00,2025-07-02T10:29:59,2100-12-01T00:00:00,0,0,800012390,0,0,0,0,0
12391,7202553,7211745,1,crow12391,3118168,0,0,0,0,0,0,1023,29,0,0,0,0,0,0,2,0,0,0,2025-06-13T10:35:00,2025-07-02T10:29:59,2100-12-01T00:00:00,0,0,800012391,0,0,0,0,0
12392,7202554,7211746,1,crow12392,3118169,0,0,0,0,0,0,1023,30,0,0,0,0,0,0,2,0,0,0,2025-06-13T10:35:00,2025-07-02T10:29:59,2100-12-01T00:00:00,0,0,800012392,0,0,0,0,0
12393,7202555,7211747,1,crow12393,3118170,0,0,0,0,0,0,1023,27,0,0,0,0,0,0,1,0,0,0,2025-06-13T10:35:00,2025-07-02T10:29:59,2100-12-01T00:00:00,0,0,800010191,0,0,0,0,0
12394,7202556,7211748,1,crow12394,3118171,0,0,0,0,0,0,1023,25,0,0,0,0,0,0,2,0,0,0,2025-06-13T10:35:00,2025-07-03T10:29:59,2100-12-01T00:00:00,0,0,800012394,0,0,0,0,0
12395,7202557,7211731,1,crow12395,3118172,0,0,0,0,0,0,1023,32,0,0,0,0,0,0,1,0,0,0,2025-06-13T10:35:00,2025-07-03T10:29:59,2100-12-01T00:00:00,0,0,800010733,0,0,0,0,0
12396,7202558,7211732,1,crow12396,3118173,0,0,0,0,0,0,1023,33,0,0,0,2,0,0,5,0,0,0,2025-06-13T10:35:00,2025-07-03T10:29:59,2100-12-01T00:00:00,0,0,800011314,0,0,0,0,0
12397,7202559,7211733,1,crow12397,3118174,0,0,0,0,0,0,1023,34,0,0,0,0,0,0,3,0,0,0,2025-06-13T10:35:00,2025-07-03T10:29:59,2100-12-01T00:00:00,0,0,800010171,0,0,0,0,0
12398,7202560,7211668,1,crow12398,3118175,0,0,0,0,0,0,1023,31,0,0,0,0,0,0,2,0,0,0,2025-06-13T10:35:00,2025-07-03T10:29:59,2100-12-01T00:00:00,0,0,800011601,0,0,0,0,0
12399,7202561,7211749,1,crow12399,3118176,0,0,0,0,0,0,1023,26,0,0,0,0,0,0,1,0,0,0,2025-06-13T10:35:00,2025-07-03T10:29:59,2100-12-01T00:00:00,0,0,800012400,0,0,0,0,0
12400,7202562,7211750,1,crow12400,3118177,0,0,0,0,0,0,1023,24,0,0,0,0,0,0,1,0,0,0,2025-06-13T10:35:00,2025-07-03T10:29:59,2100-12-01T00:00:00,0,0,800012399,0,0,0,0,0
12401,7202563,7211138,1,crow12401,3118178,0,0,0,0,0,0,1023,35,0,0,0,0,0,0,3,0,0,0,2025-06-13T10:35:00,2025-07-03T10:29:59,2100-12-01T00:00:00,0,0,800011332,0,0,0,0,0
12402,7202564,7211290,1,crow12402,3118179,0,0,0,0,0,0,1023,36,0,0,0,0,0,0,1,0,0,0,2025-06-13T10:35:00,2025-07-03T10:29:59,2100-12-01T00:00:00,0,0,800011546,0,0,0,0,0
12403,7201919,7211662,1,crow12403,3118032,0,0,0,0,0,0,1023,28,0,0,0,0,0,0,4,0,0,0,2025-06-20T10:35:00,2025-07-10T10:29:59,2100-12-01T00:00:00,0,0,800011744,0,0,0,0,0
12404,7201907,7211316,1,crow12404,3117563,0,0,0,0,0,0,1023,25,0,0,0,0,0,0,1,0,0,0,2025-06-20T10:35:00,2025-07-10T10:29:59,2100-12-01T00:00:00,0,0,800011582,0,0,0,0,0
12405,7202569,7211663,1,crow12405,3118180,0,0,0,0,0,0,1023,31,0,0,0,2,0,0,5,0,0,0,2025-06-20T10:35:00,2025-07-10T10:29:59,2100-12-01T00:00:00,0,0,800010239,0,0,0,0,0
12406,7202570,7211529,1,crow12406,3118181,0,0,0,0,0,0,1023,32,0,0,0,2,0,0,3,0,0,0,2025-06-20T10:35:00,2025-07-10T10:29:59,2100-12-01T00:00:00,0,0,800010472,0,0,0,0,0
12407,7202571,7211664,1,crow12407,3118182,0,0,0,0,0,0,1023,33,0,0,0,0,0,0,2,0,0,0,2025-06-20T10:35:00,2025-07-10T10:29:59,2100-12-01T00:00:00,0,0,800010714,0,0,0,0,0
12408,7202572,7211665,1,crow12408,3118183,0,0,0,0,0,0,1023,34,0,0,0,2,0,0,5,0,0,0,2025-06-20T10:35:00,2025-07-10T10:29:59,2100-12-01T00:00:00,0,0,800010535,0,0,0,0,0
12409,7202573,7211667,1,crow12409,3118184,0,0,0,0,0,0,1023,26,0,0,0,0,0,0,2,0,0,0,2025-06-20T10:35:00,2025-07-10T10:29:59,2100-12-01T00:00:00,0,0,800011216,0,0,0,0,0
12410,7202574,7211678,1,crow12410,3118185,0,0,0,0,0,0,1023,29,0,0,0,0,0,0,2,0,0,0,2025-06-20T10:35:00,2025-07-10T10:29:59,2100-12-01T00:00:00,0,0,800010635,0,0,0,0,0
12411,7202575,7211661,1,crow12411,3118186,0,0,0,0,0,0,1023,30,0,0,0,0,0,0,2,0,0,0,2025-06-20T10:35:00,2025-07-10T10:29:59,2100-12-01T00:00:00,0,0,800011908,0,0,0,0,0
12412,7202576,7211669,1,crow12412,3118187,0,0,0,0,0,0,1023,27,0,0,0,0,0,0,2,0,0,0,2025-06-20T10:35:00,2025-07-10T10:29:59,2100-12-01T00:00:00,0,0,800011445,0,0,0,0,0
12413,7202577,7211752,1,crow12413,3118188,0,0,0,0,0,0,1023,26,0,0,0,0,0,0,2,0,0,0,2025-06-27T10:35:00,2025-07-16T10:29:59,2100-12-01T00:00:00,0,0,800012413,0,0,0,0,0
12414,7202578,7211753,1,crow12414,3118189,0,0,0,0,0,0,1023,27,0,0,0,0,0,0,2,0,0,0,2025-06-27T10:35:00,2025-07-16T10:29:59,2100-12-01T00:00:00,0,0,800012414,0,0,0,0,0
12415,7202579,7211754,1,crow12415,3118190,0,0,0,0,0,0,1023,28,0,0,0,0,0,0,2,0,0,0,2025-06-27T10:35:00,2025-07-16T10:29:59,2100-12-01T00:00:00,0,0,800012415,0,0,0,0,0
12416,7202580,7210990,1,crow12416,0,0,0,0,0,0,0,1023,1,0,0,0,0,0,0,1,0,0,0,2025-06-27T10:35:00,2025-07-03T10:29:59,2100-12-01T00:00:00,0,0,800011027,0,0,0,0,0
12417,7202581,7211755,1,crow12417,3118191,0,0,0,0,0,0,1023,25,0,0,0,0,0,0,1,0,0,0,2025-06-27T10:35:00,2025-07-16T10:29:59,2100-12-01T00:00:00,0,0,800010140,0,0,0,0,0
12418,7202582,7211731,1,crow12418,3118192,0,0,0,0,0,0,1023,33,0,0,0,0,0,0,1,0,0,0,2025-06-27T10:35:00,2025-07-17T10:29:59,2100-12-01T00:00:00,0,0,800010733,0,0,0,0,0
12419,7202583,7211732,1,crow12419,3118193,0,0,0,0,0,0,1023,34,0,0,0,2,0,0,5,0,0,0,2025-06-27T10:35:00,2025-07-17T10:29:59,2100-12-01T00:00:00,0,0,800011314,0,0,0,0,0
12420,7202584,7211733,1,crow12420,3118194,0,0,0,0,0,0,1023,35,0,0,0,0,0,0,3,0,0,0,2025-06-27T10:35:00,2025-07-17T10:29:59,2100-12-01T00:00:00,0,0,800010171,0,0,0,0,0
12421,7202585,7211674,1,crow12421,3118195,0,0,0,0,0,0,1023,30,0,0,0,0,0,0,1,0,0,0,2025-06-27T10:35:00,2025-07-17T10:29:59,2100-12-01T00:00:00,0,0,800010586,0,0,0,0,0
12422,7202586,7211470,1,crow12422,3118196,0,0,0,0,0,0,1023,31,0,0,0,0,0,0,2,0,0,0,2025-06-27T10:35:00,2025-07-17T10:29:59,2100-12-01T00:00:00,0,0,800011892,0,0,0,0,0
12423,7202587,7211637,1,crow12423,3118197,0,0,0,0,0,0,1023,32,0,0,0,3,0,0,3,0,0,0,2025-06-27T10:35:00,2025-07-17T10:29:59,2100-12-01T00:00:00,0,0,800010438,0,0,0,0,0
12424,7202588,7211543,1,crow12424,3118198,0,0,0,0,0,0,1023,29,0,0,0,0,0,0,1,0,0,0,2025-06-27T10:35:00,2025-07-17T10:29:59,2100-12-01T00:00:00,0,0,800011183,0,0,0,0,0
12425,7202589,7211138,1,crow12425,3118199,0,0,0,0,0,0,1023,36,0,0,0,0,0,0,3,0,0,0,2025-06-27T10:35:00,2025-07-17T10:29:59,2100-12-01T00:00:00,0,0,800011332,0,0,0,0,0
12426,7202597,7211561,1,crow12426,3118200,0,0,0,0,0,0,1023,24,0,0,0,2,0,0,5,0,0,0,2025-07-04T10:35:00,2025-07-24T10:29:59,2100-12-01T00:00:00,0,0,800010466,0,0,0,0,0
12427,7202598,7210418,1,crow12427,3118201,0,0,0,0,0,0,1023,25,0,0,0,0,0,0,3,0,0,0,2025-07-04T10:35:00,2025-07-24T10:29:59,2100-12-01T00:00:00,0,0,800010229,0,0,0,0,0
12428,7202556,7211748,1,crow12428,3118171,0,0,0,0,0,0,1023,22,0,0,0,0,0,0,2,0,0,0,2025-07-04T10:35:00,2025-07-24T10:29:59,2100-12-01T00:00:00,0,0,800012394,0,0,0,0,0
12429,7202599,7211663,1,crow12429,3118202,0,0,0,0,0,0,1023,30,0,0,0,2,0,0,5,0,0,0,2025-07-04T10:35:00,2025-07-24T10:29:59,2100-12-01T00:00:00,0,0,800010239,0,0,0,0,0
12430,7202600,7211529,1,crow12430,3118203,0,0,0,0,0,0,1023,31,0,0,0,2,0,0,3,0,0,0,2025-07-04T10:35:00,2025-07-24T10:29:59,2100-12-01T00:00:00,0,0,800010472,0,0,0,0,0
12431,7202601,7211664,1,crow12431,3118204,0,0,0,0,0,0,1023,32,0,0,0,0,0,0,2,0,0,0,2025-07-04T10:35:00,2025-07-24T10:29:59,2100-12-01T00:00:00,0,0,800010714,0,0,0,0,0
12432,7202602,7211665,1,crow12432,3118205,0,0,0,0,0,0,1023,33,0,0,0,2,0,0,5,0,0,0,2025-07-04T10:35:00,2025-07-24T10:29:59,2100-12-01T00:00:00,0,0,800010535,0,0,0,0,0
12433,7202603,7211588,1,crow12433,3118206,0,0,0,0,0,0,1023,26,0,0,0,0,0,0,1,0,0,0,2025-07-04T10:35:00,2025-07-24T10:29:59,2100-12-01T00:00:00,0,0,800012049,0,0,0,0,0
12434,7202604,7211589,1,crow12434,3118207,0,0,0,0,0,0,1023,27,0,0,0,0,0,0,2,0,0,0,2025-07-04T10:35:00,2025-07-24T10:29:59,2100-12-01T00:00:00,0,0,800011727,0,0,0,0,0
12435,7202605,7211590,1,crow12435,3118208,0,0,0,0,0,0,1023,28,0,0,0,0,0,0,2,0,0,0,2025-07-04T10:35:00,2025-07-24T10:29:59,2100-12-01T00:00:00,0,0,800012051,0,0,0,0,0
12436,7202606,7211749,1,crow12436,3118209,0,0,0,0,0,0,1023,23,0,0,0,0,0,0,1,0,0,0,2025-07-04T10:35:00,2025-07-24T10:29:59,2100-12-01T00:00:00,0,0,800012400,0,0,0,0,0
12437,7202607,7211715,1,crow12437,3118210,0,0,0,0,0,0,1023,29,0,0,0,0,0,0,2,0,0,0,2025-07-04T10:35:00,2025-07-24T10:29:59,2100-12-01T00:00:00,0,0,800012103,0,0,0,0,0
12438,7202608,7211763,1,crow12438,3118211,0,0,0,0,0,0,1023,27,0,0,0,0,0,0,2,0,0,0,2025-07-11T10:35:00,2025-07-30T10:29:59,2100-12-01T00:00:00,0,0,800012438,0,0,0,0,0
12439,7202609,7211764,1,crow12439,3118212,0,0,0,0,0,0,1023,28,0,0,0,0,0,0,2,0,0,0,2025-07-11T10:35:00,2025-07-30T10:29:59,2100-12-01T00:00:00,0,0,800012439,0,0,0,0,0
12440,7202610,7211765,1,crow12440,3118213,0,0,0,0,0,0,1023,29,0,0,0,0,0,0,2,0,0,0,2025-07-11T10:35:00,2025-07-30T10:29:59,2100-12-01T00:00:00,0,0,800012440,0,0,0,0,0
12441,7202611,7210990,1,crow12441,0,0,0,0,0,0,0,1023,1,0,0,0,0,0,0,2,0,0,0,2025-07-11T10:35:00,2025-07-17T10:29:59,2100-12-01T00:00:00,0,0,800011027,0,0,0,0,0
12442,7202612,7211731,1,crow12442,3118214,0,0,0,0,0,0,1023,33,0,0,0,0,0,0,1,0,0,0,2025-07-11T10:35:00,2025-07-31T10:29:59,2100-12-01T00:00:00,0,0,800010733,0,0,0,0,0
12443,7202613,7211732,1,crow12443,3118215,0,0,0,0,0,0,1023,34,0,0,0,2,0,0,5,0,0,0,2025-07-11T10:35:00,2025-07-31T10:29:59,2100-12-01T00:00:00,0,0,800011314,0,0,0,0,0
12444,7202614,7211733,1,crow12444,3118216,0,0,0,0,0,0,1023,35,0,0,0,0,0,0,3,0,0,0,2025-07-11T10:35:00,2025-07-31T10:29:59,2100-12-01T00:00:00,0,0,800010171,0,0,0,0,0
12445,7202615,7211766,1,crow12445,3118217,0,0,0,0,0,0,1023,25,0,0,0,0,0,0,1,0,0,0,2025-07-11T10:35:00,2025-07-31T10:29:59,2100-12-01T00:00:00,0,0,800012072,0,0,0,0,0
12446,7202616,7211767,1,crow12446,3118218,0,0,0,0,0,0,1023,26,0,0,0,0,0,0,2,0,0,0,2025-07-11T10:35:00,2025-07-31T10:29:59,2100-12-01T00:00:00,0,0,800012073,0,0,0,0,0
12447,7202617,7211668,1,crow12447,3118219,0,0,0,0,0,0,1023,30,0,0,0,0,0,0,2,0,0,0,2025-07-11T10:35:00,2025-07-31T10:29:59,2100-12-01T00:00:00,0,0,800011601,0,0,0,0,0
12448,7202618,7211734,1,crow12448,3118220,0,0,0,0,0,0,1023,31,0,0,0,0,0,0,1,0,0,0,2025-07-11T10:35:00,2025-07-31T10:29:59,2100-12-01T00:00:00,0,0,800011933,0,0,0,0,0
12449,7202266,7211583,1,crow12449,3117907,0,0,0,0,0,0,1023,32,0,0,0,0,0,0,2,0,0,0,2025-07-11T10:35:00,2025-07-31T10:29:59,2100-12-01T00:00:00,0,0,800011546,0,0,0,0,0
12450,7201907,7211316,1,crow12450,3117563,0,0,0,0,0,0,1023,27,0,0,0,0,0,0,1,0,0,0,2025-07-18T10:35:00,2025-08-07T10:29:59,2100-12-01T00:00:00,0,0,800011582,0,0,0,0,0
12451,7201166,7211526,1,crow12451,3117824,0,0,0,0,0,0,1023,28,0,0,0,0,0,0,2,0,0,0,2025-07-18T10:35:00,2025-08-07T10:29:59,2100-12-01T00:00:00,0,0,800010253,0,0,0,0,0
12452,7202620,7211663,1,crow12452,3118221,0,0,0,0,0,0,1023,33,0,0,0,2,0,0,5,0,0,0,2025-07-18T10:35:00,2025-08-07T10:29:59,2100-12-01T00:00:00,0,0,800010239,0,0,0,0,0
12453,7202621,7211529,1,crow12453,3118222,0,0,0,0,0,0,1023,34,0,0,0,2,0,0,3,0,0,0,2025-07-18T10:35:00,2025-08-07T10:29:59,2100-12-01T00:00:00,0,0,800010472,0,0,0,0,0
12454,7202622,7211664,1,crow12454,3118223,0,0,0,0,0,0,1023,35,0,0,0,0,0,0,2,0,0,0,2025-07-18T10:35:00,2025-08-07T10:29:59,2100-12-01T00:00:00,0,0,800010714,0,0,0,0,0
12455,7202623,7211665,1,crow12455,3118224,0,0,0,0,0,0,1023,36,0,0,0,2,0,0,5,0,0,0,2025-07-18T10:35:00,2025-08-07T10:29:59,2100-12-01T00:00:00,0,0,800010535,0,0,0,0,0
12456,7202624,7211471,1,crow12456,3118225,0,0,0,0,0,0,1023,32,0,0,0,2,0,0,5,0,0,0,2025-07-18T10:35:00,2025-08-07T10:29:59,2100-12-01T00:00:00,0,0,800010766,0,0,0,0,0
12457,7202625,7211667,1,crow12457,3118226,0,0,0,0,0,0,1023,29,0,0,0,0,0,0,2,0,0,0,2025-07-18T10:35:00,2025-08-07T10:29:59,2100-12-01T00:00:00,0,0,800011216,0,0,0,0,0
12458,7202626,7211679,1,crow12458,3118227,0,0,0,0,0,0,1023,31,0,0,0,0,0,0,2,0,0,0,2025-07-18T10:35:00,2025-08-07T10:29:59,2100-12-01T00:00:00,0,0,800011957,0,0,0,0,0
12459,7202627,7211669,1,crow12459,3118228,0,0,0,0,0,0,1023,30,0,0,0,0,0,0,2,0,0,0,2025-07-18T10:35:00,2025-08-07T10:29:59,2100-12-01T00:00:00,0,0,800011445,0,0,0,0,0
12460,7202628,7211769,1,crow12460,3118229,0,0,0,0,0,0,1023,22,0,0,0,0,0,0,2,0,0,0,2025-07-25T10:35:00,2025-08-13T10:29:59,2100-12-01T00:00:00,0,0,800012460,0,0,0,0,0
12461,7202629,7211770,1,crow12461,3118230,0,0,0,0,0,0,1023,23,0,0,0,0,0,0,2,0,0,0,2025-07-25T10:35:00,2025-08-13T10:29:59,2100-12-01T00:00:00,0,0,800012461,0,0,0,0,0
12462,7202630,7211771,1,crow12462,3118231,0,0,0,0,0,0,1023,24,0,0,0,0,0,0,2,0,0,0,2025-07-25T10:35:00,2025-08-13T10:29:59,2100-12-01T00:00:00,0,0,800012462,0,0,0,0,0
12463,7202631,7211772,1,crow12463,3118232,0,0,0,0,0,0,1023,21,0,0,0,0,0,0,1,0,0,0,2025-07-25T10:35:00,2025-08-13T10:29:59,2100-12-01T00:00:00,0,0,800010567,0,0,0,0,0
12464,7202632,7211731,1,crow12464,3118233,0,0,0,0,0,0,1023,30,0,0,0,0,0,0,1,0,0,0,2025-07-25T10:35:00,2025-08-14T10:29:59,2100-12-01T00:00:00,0,0,800010733,0,0,0,0,0
12465,7202633,7211732,1,crow12465,3118234,0,0,0,0,0,0,1023,31,0,0,0,2,0,0,5,0,0,0,2025-07-25T10:35:00,2025-08-14T10:29:59,2100-12-01T00:00:00,0,0,800011314,0,0,0,0,0
12466,7202634,7211733,1,crow12466,3118235,0,0,0,0,0,0,1023,32,0,0,0,0,0,0,3,0,0,0,2025-07-25T10:35:00,2025-08-14T10:29:59,2100-12-01T00:00:00,0,0,800010171,0,0,0,0,0
12467,7202635,7211674,1,crow12467,3118236,0,0,0,0,0,0,1023,25,0,0,0,0,0,0,1,0,0,0,2025-07-25T10:35:00,2025-08-14T10:29:59,2100-12-01T00:00:00,0,0,800010586,0,0,0,0,0
12468,7202636,7211470,1,crow12468,3118237,0,0,0,0,0,0,1023,26,0,0,0,0,0,0,2,0,0,0,2025-07-25T10:35:00,2025-08-14T10:29:59,2100-12-01T00:00:00,0,0,800011892,0,0,0,0,0
12469,7202637,7211637,1,crow12469,3118238,0,0,0,0,0,0,1023,27,0,0,0,3,0,0,3,0,0,0,2025-07-25T10:35:00,2025-08-14T10:29:59,2100-12-01T00:00:00,0,0,800010438,0,0,0,0,0
12470,7202638,7211543,1,crow12470,3118239,0,0,0,0,0,0,1023,28,0,0,0,0,0,0,1,0,0,0,2025-07-25T10:35:00,2025-08-14T10:29:59,2100-12-01T00:00:00,0,0,800011183,0,0,0,0,0
12471,7202639,7211138,1,crow12471,3118240,0,0,0,0,0,0,1023,29,0,0,0,0,0,0,3,0,0,0,2025-07-25T10:35:00,2025-08-14T10:29:59,2100-12-01T00:00:00,0,0,800011332,0,0,0,0,0
12472,7202173,7211656,1,crow12472,3118018,0,0,0,0,0,0,1023,19,0,0,0,0,0,0,1,0,0,0,2025-07-25T10:35:00,2025-08-14T10:29:59,2100-12-01T00:00:00,0,0,800010584,0,0,0,0,0
12473,7202174,7211242,1,crow12473,3117802,0,0,0,0,0,0,1023,20,0,0,0,2,0,0,3,0,0,0,2025-07-25T10:35:00,2025-08-14T10:29:59,2100-12-01T00:00:00,0,0,800010146,0,0,0,0,0
12474,7202642,7211773,1,crow12474,3118241,0,0,0,0,0,0,1025,108,0,0,0,0,0,0,1,0,0,0,2025-07-25T10:35:00,2026-08-28T10:29:59,2100-12-01T00:00:00,560,0,800012474,0,0,0,0,0
12475,7202651,7211787,1,crow12475,3118250,0,0,0,0,0,0,1023,23,0,0,0,0,0,0,10,0,0,0,2025-07-31T10:35:00,2025-08-27T10:29:59,2100-12-01T00:00:00,0,0,800012475,0,0,0,0,0
12476,7202652,7211788,1,crow12476,3118251,0,0,0,0,0,0,1023,24,0,0,0,0,0,0,10,0,0,0,2025-07-31T10:35:00,2025-08-27T10:29:59,2100-12-01T00:00:00,0,0,800012476,0,0,0,0,0
12477,7202653,7211789,1,crow12477,3118252,0,0,0,0,0,0,1023,25,0,0,0,0,0,0,10,0,0,0,2025-07-31T10:35:00,2025-08-27T10:29:59,2100-12-01T00:00:00,0,0,800012477,0,0,0,0,0
12478,7202654,7211790,1,crow12478,3118253,0,0,0,0,0,0,1023,22,0,0,0,0,0,0,1,0,0,0,2025-07-31T10:35:00,2025-08-27T10:29:59,2100-12-01T00:00:00,0,0,800012478,0,0,0,0,0
12479,7202655,7211791,1,crow12479,3118254,0,0,0,0,0,0,1023,21,0,0,0,0,0,0,1,0,0,0,2025-07-31T10:35:00,2025-08-27T10:29:59,2100-12-01T00:00:00,0,0,800012479,0,0,0,0,0
12480,7201313,7210996,1,crow12480,3117639,0,0,0,0,0,0,1023,19,0,0,0,0,0,0,1,0,0,0,2025-07-31T10:35:00,2025-08-20T10:29:59,2100-12-01T00:00:00,0,0,800012159,0,0,0,0,0
12481,7202656,7211663,1,crow12481,3118255,0,0,0,0,0,0,1023,27,0,0,0,2,0,0,5,0,0,0,2025-07-31T10:35:00,2025-08-20T10:29:59,2100-12-01T00:00:00,0,0,800010239,0,0,0,0,0
12482,7202657,7211529,1,crow12482,3118256,0,0,0,0,0,0,1023,28,0,0,0,2,0,0,3,0,0,0,2025-07-31T10:35:00,2025-08-20T10:29:59,2100-12-01T00:00:00,0,0,800010472,0,0,0,0,0
12483,7202658,7211664,1,crow12483,3118257,0,0,0,0,0,0,1023,29,0,0,0,0,0,0,2,0,0,0,2025-07-31T10:35:00,2025-08-20T10:29:59,2100-12-01T00:00:00,0,0,800010714,0,0,0,0,0
12484,7202659,7211665,1,crow12484,3118258,0,0,0,0,0,0,1023,30,0,0,0,2,0,0,5,0,0,0,2025-07-31T10:35:00,2025-08-20T10:29:59,2100-12-01T00:00:00,0,0,800010535,0,0,0,0,0
12485,7201833,7211345,1,crow12485,3118259,0,0,0,0,0,0,1023,20,0,0,0,0,0,0,1,0,0,0,2025-07-31T10:35:00,2025-08-20T10:29:59,2100-12-01T00:00:00,0,0,800011654,0,0,0,0,0
12486,7202660,7211668,1,crow12486,3118260,0,0,0,0,0,0,1023,26,0,0,0,0,0,0,2,0,0,0,2025-07-31T10:35:00,2025-08-20T10:29:59,2100-12-01T00:00:00,0,0,800011601,0,0,0,0,0
12487,7202661,7211792,1,crow12487,3118261,0,0,0,0,0,0,1023,22,0,0,0,0,0,0,2,0,0,0,2025-08-07T10:35:00,2025-09-05T10:29:59,2100-12-01T00:00:00,0,0,800012487,0,0,0,0,0
12488,7202662,7211793,1,crow12488,3118262,0,0,0,0,0,0,1023,23,0,0,0,0,0,0,2,0,0,0,2025-08-07T10:35:00,2025-09-05T10:29:59,2100-12-01T00:00:00,0,0,800012488,0,0,0,0,0
12489,7202663,7211794,1,crow12489,3118263,0,0,0,0,0,0,1023,24,0,0,0,0,0,0,2,0,0,0,2025-08-07T10:35:00,2025-09-05T10:29:59,2100-12-01T00:00:00,0,0,800012489,0,0,0,0,0
12490,7202339,7211615,1,crow12490,3117965,0,0,0,0,0,0,1023,25,0,0,0,0,0,0,1,0,0,0,2025-08-07T10:35:00,2025-08-27T10:29:59,2100-12-01T00:00:00,0,0,800012172,0,0,0,0,0
12491,7202340,7211616,1,crow12491,3117966,0,0,0,0,0,0,1023,26,0,0,0,0,0,0,1,0,0,0,2025-08-07T10:35:00,2025-08-27T10:29:59,2100-12-01T00:00:00,0,0,800012173,0,0,0,0,0
12492,7202470,7211693,1,crow12492,3118264,0,0,0,0,0,0,1023,27,0,0,0,0,0,0,1,0,0,0,2025-08-07T10:35:00,2025-08-27T10:29:59,2100-12-01T00:00:00,0,0,800012492,0,0,0,0,0
12493,7202664,7210226,1,crow12493,0,0,0,0,0,0,0,1034,10,0,0,0,0,0,0,1,0,0,0,2025-08-07T10:35:00,2025-08-27T10:29:59,2100-12-01T00:00:00,0,0,800012493,0,0,0,0,0
12494,7202665,7210497,1,crow12494,0,0,0,0,0,0,0,1034,11,0,0,0,0,0,0,1,0,0,0,2025-08-07T10:35:00,2025-08-27T10:29:59,2100-12-01T00:00:00,0,0,800012494,0,0,0,0,0
12495,7202666,7211130,1,crow12495,3118265,0,0,0,0,0,0,1034,12,0,0,0,0,0,0,1,0,0,0,2025-08-07T10:35:00,2025-08-27T10:29:59,2100-12-01T00:00:00,0,0,800012495,0,0,0,0,0
12496,7202667,7211618,1,crow12496,3118266,0,0,0,0,0,0,1034,13,0,0,0,0,0,0,1,0,0,0,2025-08-07T10:35:00,2025-08-27T10:29:59,2100-12-01T00:00:00,0,0,800012496,0,0,0,0,0
12497,7202668,7211796,1,crow12497,3118267,0,0,0,0,0,0,1034,14,0,0,0,0,0,0,2,0,0,0,2025-08-07T10:35:00,2025-08-27T10:29:59,2100-12-01T00:00:00,0,0,800012497,0,0,0,0,0
12498,7202669,7211695,1,crow12498,3118268,0,0,0,0,0,0,1034,15,0,0,0,0,0,0,2,0,0,0,2025-08-07T10:35:00,2025-08-27T10:29:59,2100-12-01T00:00:00,0,0,800012498,0,0,0,0,0
12499,7202670,7211795,1,crow12499,3118269,0,0,0,0,0,0,1034,16,0,0,0,0,0,0,2,0,0,0,2025-08-07T10:35:00,2025-08-27T10:29:59,2100-12-01T00:00:00,0,0,800012499,0,0,0,0,0
12500,7202671,7211696,1,crow12500,3118270,0,0,0,0,0,0,1034,17,0,0,0,0,0,0,2,0,0,0,2025-08-07T10:35:00,2025-08-27T10:29:59,2100-12-01T00:00:00,0,0,800012500,0,0,0,0,0
12501,7202672,7211221,1,crow12501,3118271,0,0,0,0,0,0,1034,18,0,0,0,0,0,0,1,0,0,0,2025-08-07T10:35:00,2025-08-27T10:29:59,2100-12-01T00:00:00,0,0,800012501,0,0,0,0,0
12502,7202673,7211515,1,crow12502,3118272,0,0,0,0,0,0,1034,19,0,0,0,0,0,0,2,0,0,0,2025-08-07T10:35:00,2025-08-27T10:29:59,2100-12-01T00:00:00,0,0,800012502,0,0,0,0,0
12503,7202680,7211799,1,crow12503,3118274,0,0,0,0,0,0,1023,20,0,0,0,0,0,0,2,0,0,0,2025-08-14T10:35:00,2025-09-12T10:29:59,2100-12-01T00:00:00,0,0,800012503,0,0,0,0,0
12504,7202681,7211800,1,crow12504,3118275,0,0,0,0,0,0,1023,21,0,0,0,0,0,0,2,0,0,0,2025-08-14T10:35:00,2025-09-12T10:29:59,2100-12-01T00:00:00,0,0,800012504,0,0,0,0,0
12505,7202682,7211801,1,crow12505,3118276,0,0,0,0,0,0,1023,22,0,0,0,0,0,0,2,0,0,0,2025-08-14T10:35:00,2025-09-12T10:29:59,2100-12-01T00:00:00,0,0,800012505,0,0,0,0,0
12506,7202683,7211625,1,crow12506,3118277,0,0,0,0,0,0,1023,23,0,0,0,2,0,0,5,0,0,0,2025-08-14T10:35:00,2025-09-03T10:29:59,2100-12-01T00:00:00,0,0,800012317,0,0,0,0,0
12507,7202684,7211626,1,crow12507,3118278,0,0,0,0,0,0,1023,24,0,0,0,2,0,0,5,0,0,0,2025-08-14T10:35:00,2025-09-03T10:29:59,2100-12-01T00:00:00,0,0,800012318,0,0,0,0,0
12508,7202685,7210990,1,crow12508,0,0,0,0,0,0,0,1034,1,0,0,0,0,0,0,1,0,0,0,2025-08-14T10:35:00,2025-08-20T10:29:59,2100-12-01T00:00:00,0,0,800012506,0,0,0,0,0
12509,7202686,7211561,1,crow12509,3118279,0,0,0,0,0,0,1034,6,0,0,0,2,0,0,5,0,0,0,2025-08-14T10:35:00,2025-09-03T10:29:59,2100-12-01T00:00:00,0,0,800012507,0,0,0,0,0
12510,7202687,7210418,1,crow12510,3118280,0,0,0,0,0,0,1034,7,0,0,0,0,0,0,3,0,0,0,2025-08-14T10:35:00,2025-09-03T10:29:59,2100-12-01T00:00:00,0,0,800012508,0,0,0,0,0
12511,7202688,7211271,1,crow12511,3118281,0,0,0,0,0,0,1034,2,0,0,0,0,0,0,1,0,0,0,2025-08-14T10:35:00,2025-09-03T10:29:59,2100-12-01T00:00:00,0,0,800012511,0,0,0,0,0
12512,7202689,7211628,1,crow12512,3118282,0,0,0,0,0,0,1034,3,0,0,0,0,0,0,1,0,0,0,2025-08-14T10:35:00,2025-09-03T10:29:59,2100-12-01T00:00:00,0,0,800012512,0,0,0,0,0
12513,7202690,7211524,1,crow12513,3118283,0,0,0,0,0,0,1034,8,0,0,0,0,0,0,3,0,0,0,2025-08-14T10:35:00,2025-09-03T10:29:59,2100-12-01T00:00:00,0,0,800012513,0,0,0,0,0
12514,7202691,7211525,1,crow12514,3118284,0,0,0,0,0,0,1034,9,0,0,0,0,0,0,2,0,0,0,2025-08-14T10:35:00,2025-09-03T10:29:59,2100-12-01T00:00:00,0,0,800012514,0,0,0,0,0
12515,7202692,7211428,1,crow12515,3118285,0,0,0,0,0,0,1034,5,0,0,0,0,0,0,2,0,0,0,2025-08-14T10:35:00,2025-09-03T10:29:59,2100-12-01T00:00:00,0,0,800012515,0,0,0,0,0
12516,7202693,7211802,1,crow12516,3118286,0,0,0,0,0,0,1034,4,0,0,0,0,0,0,2,0,0,0,2025-08-14T10:35:00,2025-09-03T10:29:59,2100-12-01T00:00:00,0,0,800012516,0,0,0,0,0
12517,7202679,7211798,1,0,3118273,0,0,0,0,0,0,1001,1,0,0,0,1,0,0,1,1,0,0,2025-08-07T10:35:00,2025-08-26T23:59:59,2100-12-01T00:00:00,0,0,801110028,0,0,0,0,0
12518,7201907,7211316,1,crow12518,3117563,0,0,0,0,0,0,1023,15,0,0,0,0,0,0,1,0,0,0,2025-08-21T10:35:00,2025-09-10T10:29:59,2100-12-01T00:00:00,0,0,800011582,0,0,0,0,0
12519,7201166,7211526,1,crow12519,3117824,0,0,0,0,0,0,1023,16,0,0,0,0,0,0,2,0,0,0,2025-08-21T10:35:00,2025-09-10T10:29:59,2100-12-01T00:00:00,0,0,800010253,0,0,0,0,0
12520,7202694,7211766,1,crow12520,3118289,0,0,0,0,0,0,1023,17,0,0,0,0,0,0,1,0,0,0,2025-08-21T10:35:00,2025-09-10T10:29:59,2100-12-01T00:00:00,0,0,800012072,0,0,0,0,0
12521,7202695,7211767,1,crow12521,3118290,0,0,0,0,0,0,1023,18,0,0,0,0,0,0,2,0,0,0,2025-08-21T10:35:00,2025-09-10T10:29:59,2100-12-01T00:00:00,0,0,800012073,0,0,0,0,0
12522,7202192,7211679,1,crow12522,3118140,0,0,0,0,0,0,1023,19,0,0,0,0,0,0,2,0,0,0,2025-08-21T10:35:00,2025-09-10T10:29:59,2100-12-01T00:00:00,0,0,800011957,0,0,0,0,0
12523,7202696,7211731,1,crow12523,3118291,0,0,0,0,0,0,1002,1,0,0,0,3,0,0,1,0,0,0,2025-08-21T10:35:00,2026-08-28T10:29:59,2100-12-01T00:00:00,0,0,800010733,0,0,0,0,0
12524,7201782,7211663,1,crow12524,3118292,0,0,0,0,0,0,1002,2,0,0,0,3,0,0,5,0,0,0,2025-08-21T10:35:00,2026-08-28T10:29:59,2100-12-01T00:00:00,0,0,800010239,0,0,0,0,0
12525,7202697,7211138,1,crow12525,3118293,0,0,0,0,0,0,1002,5,0,0,0,3,0,0,3,0,0,0,2025-08-21T10:35:00,2026-08-28T10:29:59,2100-12-01T00:00:00,0,0,800011332,0,0,0,0,0
12526,7202698,7211290,1,crow12526,3118294,0,0,0,0,0,0,1002,6,0,0,0,3,0,0,1,0,0,0,2025-08-21T10:35:00,2026-08-28T10:29:59,2100-12-01T00:00:00,0,0,800011546,0,0,0,0,0
12527,7202699,7211637,1,crow12527,3118295,0,0,0,0,0,0,1002,8,0,0,0,3,0,0,2,0,0,0,2025-08-21T10:35:00,2026-08-28T10:29:59,2100-12-01T00:00:00,0,0,800010438,0,0,0,0,0
12528,7202702,7211806,1,crow12528,3118296,0,0,0,0,0,0,1023,12,0,0,0,0,0,0,2,0,0,0,2025-08-29T10:35:00,2025-09-17T10:29:59,2100-12-01T00:00:00,0,0,800012528,0,0,0,0,0
12529,7202703,7211807,1,crow12529,3118297,0,0,0,0,0,0,1023,13,0,0,0,0,0,0,2,0,0,0,2025-08-29T10:35:00,2025-09-17T10:29:59,2100-12-01T00:00:00,0,0,800012529,0,0,0,0,0
12530,7202704,7211808,1,crow12530,3118298,0,0,0,0,0,0,1023,14,0,0,0,0,0,0,2,0,0,0,2025-08-29T10:35:00,2025-09-17T10:29:59,2100-12-01T00:00:00,0,0,800012530,0,0,0,0,0
12531,7202705,7211809,1,crow12531,3118299,0,0,0,0,0,0,1023,11,0,0,0,0,0,0,1,0,0,0,2025-08-29T10:35:00,2025-09-17T10:29:59,2100-12-01T00:00:00,0,0,800010737,0,0,0,0,0
12532,7202706,7210990,1,crow12532,0,0,0,0,0,0,0,1023,1,0,0,0,0,0,0,1,0,0,0,2025-08-29T10:35:00,2025-09-04T10:29:59,2100-12-01T00:00:00,0,0,800011027,0,0,0,0,0
12533,7202707,7211674,1,crow12533,3118300,0,0,0,0,0,0,1023,25,0,0,0,0,0,0,1,0,0,0,2025-08-29T10:35:00,2025-09-18T10:29:59,2100-12-01T00:00:00,0,0,800010586,0,0,0,0,0
12534,7202708,7211470,1,crow12534,3118301,0,0,0,0,0,0,1023,26,0,0,0,0,0,0,2,0,0,0,2025-08-29T10:35:00,2025-09-18T10:29:59,2100-12-01T00:00:00,0,0,800011892,0,0,0,0,0
12535,7202709,7211749,1,crow12535,3118302,0,0,0,0,0,0,1023,23,0,0,0,0,0,0,1,0,0,0,2025-08-29T10:35:00,2025-09-18T10:29:59,2100-12-01T00:00:00,0,0,800012400,0,0,0,0,0
12536,7202710,7211543,1,crow12536,3118303,0,0,0,0,0,0,1023,24,0,0,0,0,0,0,1,0,0,0,2025-08-29T10:35:00,2025-09-18T10:29:59,2100-12-01T00:00:00,0,0,800011183,0,0,0,0,0
12537,7202556,7211748,1,crow12537,3118171,0,0,0,0,0,0,1023,14,0,0,0,0,0,0,2,0,0,0,2025-09-05T10:35:00,2025-09-25T10:29:59,2100-12-01T00:00:00,0,0,800012394,0,0,0,0,0
12538,7202711,7211588,1,crow12538,3118304,0,0,0,0,0,0,1023,15,0,0,0,0,0,0,1,0,0,0,2025-09-05T10:35:00,2025-09-25T10:29:59,2100-12-01T00:00:00,0,0,800012049,0,0,0,0,0
12539,7202712,7211589,1,crow12539,3118305,0,0,0,0,0,0,1023,16,0,0,0,0,0,0,2,0,0,0,2025-09-05T10:35:00,2025-09-25T10:29:59,2100-12-01T00:00:00,0,0,800011727,0,0,0,0,0
12540,7202713,7211590,1,crow12540,3118306,0,0,0,0,0,0,1023,17,0,0,0,0,0,0,2,0,0,0,2025-09-05T10:35:00,2025-09-25T10:29:59,2100-12-01T00:00:00,0,0,800012051,0,0,0,0,0
12541,7202714,7211715,1,crow12541,3118307,0,0,0,0,0,0,1023,18,0,0,0,0,0,0,2,0,0,0,2025-09-05T10:35:00,2025-09-25T10:29:59,2100-12-01T00:00:00,0,0,800012103,0,0,0,0,0
12542,7201411,7211064,1,0,3104016,0,0,0,0,0,0,1004,1,0,0,0,1,0,0,10,0,0,0,2025-09-05T10:35:00,2025-09-12T10:29:59,2100-12-01T00:00:00,0,0,710000148,0,0,0,0,0
12543,7201907,7211316,1,crow12543,3117563,0,0,0,0,0,0,1023,18,0,0,0,0,0,0,1,0,0,0,2025-09-12T10:35:00,2025-10-02T10:29:59,2100-12-01T00:00:00,0,0,800011582,0,0,0,0,0
12544,7201166,7211526,1,crow12544,3117824,0,0,0,0,0,0,1023,21,0,0,0,0,0,0,2,0,0,0,2025-09-12T10:35:00,2025-10-02T10:29:59,2100-12-01T00:00:00,0,0,800010253,0,0,0,0,0
12545,7202075,7211471,1,crow12545,3117723,0,0,0,0,0,0,1023,22,0,0,0,2,0,0,5,0,0,0,2025-09-12T10:35:00,2025-10-02T10:29:59,2100-12-01T00:00:00,0,0,800010766,0,0,0,0,0
12546,7202715,7211667,1,crow12546,3118308,0,0,0,0,0,0,1023,19,0,0,0,0,0,0,2,0,0,0,2025-09-12T10:35:00,2025-10-02T10:29:59,2100-12-01T00:00:00,0,0,800011216,0,0,0,0,0
12547,7202716,7211669,1,crow12547,3118309,0,0,0,0,0,0,1023,20,0,0,0,0,0,0,2,0,0,0,2025-09-12T10:35:00,2025-10-02T10:29:59,2100-12-01T00:00:00,0,0,800011445,0,0,0,0,0
12548,7202718,7211811,1,crow12548,3118310,0,0,0,0,0,0,1023,16,0,0,0,0,0,0,2,0,0,0,2025-09-17T10:35:00,2025-10-06T10:29:59,2100-12-01T00:00:00,0,0,800012548,0,0,0,0,0
12549,7202719,7211812,1,crow12549,3118311,0,0,0,0,0,0,1023,17,0,0,0,0,0,0,2,0,0,0,2025-09-17T10:35:00,2025-10-06T10:29:59,2100-12-01T00:00:00,0,0,800012549,0,0,0,0,0
12550,7202720,7211813,1,crow12550,3118312,0,0,0,0,0,0,1023,18,0,0,0,0,0,0,2,0,0,0,2025-09-17T10:35:00,2025-10-06T10:29:59,2100-12-01T00:00:00,0,0,800012550,0,0,0,0,0
12551,7202721,7210990,1,crow12551,0,0,0,0,0,0,0,1023,1,0,0,0,0,0,0,2,0,0,0,2025-09-17T10:35:00,2025-09-25T10:29:59,2100-12-01T00:00:00,0,0,800011027,0,0,0,0,0
12552,7202722,7211665,1,crow12552,3118313,0,0,0,0,0,0,1023,22,0,0,0,2,0,0,5,0,0,0,2025-09-17T10:35:00,2025-10-07T10:29:59,2100-12-01T00:00:00,0,0,800010535,0,0,0,0,0
12553,7202723,7211668,1,crow12553,3118314,0,0,0,0,0,0,1023,20,0,0,0,0,0,0,2,0,0,0,2025-09-17T10:35:00,2025-10-07T10:29:59,2100-12-01T00:00:00,0,0,800011601,0,0,0,0,0
12554,7202724,7211734,1,crow12554,3118315,0,0,0,0,0,0,1023,21,0,0,0,0,0,0,1,0,0,0,2025-09-17T10:35:00,2025-10-07T10:29:59,2100-12-01T00:00:00,0,0,800011933,0,0,0,0,0
12555,7202266,7211583,1,crow12555,3117907,0,0,0,0,0,0,1023,19,0,0,0,0,0,0,2,0,0,0,2025-09-17T10:35:00,2025-10-07T10:29:59,2100-12-01T00:00:00,0,0,800011546,0,0,0,0,0
12556,7202725,7211814,1,crow12556,3118316,0,0,0,0,0,0,1023,17,0,0,0,0,0,0,2,0,0,0,2025-09-26T10:35:00,2025-10-15T10:29:59,2100-12-01T00:00:00,0,0,800012556,0,0,0,0,0
12557,7202726,7211815,1,crow12557,3118317,0,0,0,0,0,0,1023,18,0,0,0,0,0,0,2,0,0,0,2025-09-26T10:35:00,2025-10-15T10:29:59,2100-12-01T00:00:00,0,0,800012557,0,0,0,0,0
12558,7202727,7211816,1,crow12558,3118318,0,0,0,0,0,0,1023,19,0,0,0,0,0,0,2,0,0,0,2025-09-26T10:35:00,2025-10-15T10:29:59,2100-12-01T00:00:00,0,0,800012558,0,0,0,0,0
12559,7202728,7210990,1,crow12559,0,0,0,0,0,0,0,1023,16,0,0,0,0,0,0,2,0,0,0,2025-09-26T10:35:00,2025-10-02T10:29:59,2100-12-01T00:00:00,0,0,800011027,0,0,0,0,0
12560,7202729,7211766,1,crow12560,3118319,0,0,0,0,0,0,1023,22,0,0,0,0,0,0,1,0,0,0,2025-09-26T10:35:00,2025-10-16T10:29:59,2100-12-01T00:00:00,0,0,800012072,0,0,0,0,0
12561,7202730,7211767,1,crow12561,3118320,0,0,0,0,0,0,1023,23,0,0,0,0,0,0,2,0,0,0,2025-09-26T10:35:00,2025-10-16T10:29:59,2100-12-01T00:00:00,0,0,800012073,0,0,0,0,0
12562,7202731,7211664,1,crow12562,3118321,0,0,0,0,0,0,1023,24,0,0,0,0,0,0,2,0,0,0,2025-09-26T10:35:00,2025-10-16T10:29:59,2100-12-01T00:00:00,0,0,800010714,0,0,0,0,0
12563,7202732,7211749,1,crow12563,3118322,0,0,0,0,0,0,1023,20,0,0,0,0,0,0,1,0,0,0,2025-09-26T10:35:00,2025-10-16T10:29:59,2100-12-01T00:00:00,0,0,800012400,0,0,0,0,0
12564,7202733,7211817,1,crow12564,3118323,0,0,0,0,0,0,1023,15,0,0,0,0,0,0,2,0,0,0,2025-09-26T10:35:00,2025-10-16T10:29:59,2100-12-01T00:00:00,0,0,800012564,0,0,0,0,0
12565,7202734,7211406,1,crow12565,3118324,0,0,0,0,0,0,1023,21,0,0,0,0,0,0,2,0,0,0,2025-09-26T10:35:00,2025-10-16T10:29:59,2100-12-01T00:00:00,0,0,800011762,0,0,0,0,0
12566,7202743,7211561,1,crow12566,3118325,0,0,0,0,0,0,1023,16,0,0,0,2,0,0,5,0,0,0,2025-10-03T10:35:00,2025-10-23T10:29:59,2100-12-01T00:00:00,0,0,800010466,0,0,0,0,0
12567,7202744,7210418,1,crow12567,3118326,0,0,0,0,0,0,1023,17,0,0,0,0,0,0,3,0,0,0,2025-10-03T10:35:00,2025-10-23T10:29:59,2100-12-01T00:00:00,0,0,800010229,0,0,0,0,0
12568,7202745,7211674,1,crow12568,3118327,0,0,0,0,0,0,1023,18,0,0,0,0,0,0,1,0,0,0,2025-10-03T10:35:00,2025-10-23T10:29:59,2100-12-01T00:00:00,0,0,800010586,0,0,0,0,0
12569,7202746,7211668,1,crow12569,3118328,0,0,0,0,0,0,1023,19,0,0,0,0,0,0,2,0,0,0,2025-10-03T10:35:00,2025-10-23T10:29:59,2100-12-01T00:00:00,0,0,800011601,0,0,0,0,0
12570,7202747,7211679,1,crow12570,3118329,0,0,0,0,0,0,1023,20,0,0,0,0,0,0,2,0,0,0,2025-10-03T10:35:00,2025-10-23T10:29:59,2100-12-01T00:00:00,0,0,800011957,0,0,0,0,0
12571,7202748,7211827,1,crow12571,3118330,0,0,0,0,0,0,1023,17,0,0,0,0,0,0,2,0,0,0,2025-10-10T10:35:00,2025-10-29T10:29:59,2100-12-01T00:00:00,0,0,800012571,0,0,0,0,0
12572,7202749,7211828,1,crow12572,3118331,0,0,0,0,0,0,1023,18,0,0,0,0,0,0,2,0,0,0,2025-10-10T10:35:00,2025-10-29T10:29:59,2100-12-01T00:00:00,0,0,800012572,0,0,0,0,0
12573,7202750,7211829,1,crow12573,3118332,0,0,0,0,0,0,1023,19,0,0,0,0,0,0,2,0,0,0,2025-10-10T10:35:00,2025-10-29T10:29:59,2100-12-01T00:00:00,0,0,800012573,0,0,0,0,0
12574,7202751,7210990,1,crow12574,0,0,0,0,0,0,0,1023,20,0,0,0,0,0,0,2,0,0,0,2025-10-10T10:35:00,2025-10-30T10:29:59,2100-12-01T00:00:00,0,0,800011027,0,0,0,0,0
12575,7202752,7211831,1,crow12575,3118334,0,0,0,0,0,0,1023,23,0,0,0,0,0,0,1,0,0,0,2025-10-10T10:35:00,2025-10-30T10:29:59,2100-12-01T00:00:00,0,0,800012049,0,0,0,0,0
12576,7202753,7211832,1,crow12576,3118335,0,0,0,0,0,0,1023,24,0,0,0,0,0,0,2,0,0,0,2025-10-10T10:35:00,2025-10-30T10:29:59,2100-12-01T00:00:00,0,0,800011727,0,0,0,0,0
12577,7202754,7211590,1,crow12577,3118336,0,0,0,0,0,0,1023,25,0,0,0,0,0,0,2,0,0,0,2025-10-10T10:35:00,2025-10-30T10:29:59,2100-12-01T00:00:00,0,0,800012051,0,0,0,0,0
12578,7202755,7211833,1,crow12578,3118337,0,0,0,0,0,0,1023,22,0,0,0,0,0,0,1,0,0,0,2025-10-10T10:35:00,2025-10-30T10:29:59,2100-12-01T00:00:00,0,0,800011933,0,0,0,0,0
12579,7202756,7211749,1,crow12579,3118338,0,0,0,0,0,0,1023,21,0,0,0,0,0,0,1,0,0,0,2025-10-10T10:35:00,2025-10-30T10:29:59,2100-12-01T00:00:00,0,0,800012400,0,0,0,0,0
12580,7202556,7211834,1,crow12580,3118339,0,0,0,0,0,0,1023,40,0,0,0,0,0,0,2,0,0,0,2025-10-17T10:35:00,2025-11-06T10:29:59,2100-12-01T00:00:00,0,0,800012394,0,0,0,0,0
12581,7201166,7211526,1,crow12581,3117824,0,0,0,0,0,0,1023,42,0,0,0,0,0,0,2,0,0,0,2025-10-17T10:35:00,2025-11-06T10:29:59,2100-12-01T00:00:00,0,0,800010253,0,0,0,0,0
12582,7202757,7211471,1,crow12582,3118340,0,0,0,0,0,0,1023,43,0,0,0,2,0,0,5,0,0,0,2025-10-17T10:35:00,2025-11-06T10:29:59,2100-12-01T00:00:00,0,0,800010766,0,0,0,0,0
12583,7202758,7211835,1,crow12583,3118341,0,0,0,0,0,0,1023,38,0,0,0,0,0,0,2,0,0,0,2025-10-17T10:35:00,2025-11-06T10:29:59,2100-12-01T00:00:00,0,0,800011216,0,0,0,0,0
12584,7202759,7211836,1,crow12584,3118342,0,0,0,0,0,0,1023,39,0,0,0,0,0,0,2,0,0,0,2025-10-17T10:35:00,2025-11-06T10:29:59,2100-12-01T00:00:00,0,0,800011445,0,0,0,0,0
12585,7202760,7211837,1,crow12585,3118343,0,0,0,0,0,0,1023,41,0,0,0,0,0,0,2,0,0,0,2025-10-17T10:35:00,2025-11-06T10:29:59,2100-12-01T00:00:00,0,0,800012103,0,0,0,0,0
12586,7202761,7211838,1,crow12586,3118344,0,0,0,0,0,0,1023,31,0,0,0,0,0,0,2,0,0,0,2025-10-23T10:35:00,2025-11-11T10:29:59,2100-12-01T00:00:00,0,0,800012586,0,0,0,0,0
12587,7202762,7211839,1,crow12587,3118345,0,0,0,0,0,0,1023,32,0,0,0,0,0,0,2,0,0,0,2025-10-23T10:35:00,2025-11-11T10:29:59,2100-12-01T00:00:00,0,0,800012587,0,0,0,0,0
12588,7202763,7211840,1,crow12588,3118346,0,0,0,0,0,0,1023,33,0,0,0,0,0,0,2,0,0,0,2025-10-23T10:35:00,2025-11-11T10:29:59,2100-12-01T00:00:00,0,0,800012588,0,0,0,0,0
12589,7202764,7210990,1,crow12589,0,0,0,0,0,0,0,1023,34,0,0,0,0,0,0,2,0,0,0,2025-10-23T10:35:00,2025-11-12T10:29:59,2100-12-01T00:00:00,0,0,800011027,0,0,0,0,0
12590,7202765,7211674,1,crow12590,3118347,0,0,0,0,0,0,1023,35,0,0,0,0,0,0,1,0,0,0,2025-10-23T10:35:00,2025-11-12T10:29:59,2100-12-01T00:00:00,0,0,800010586,0,0,0,0,0
12591,7202766,7211470,1,crow12591,3118348,0,0,0,0,0,0,1023,36,0,0,0,0,0,0,2,0,0,0,2025-10-23T10:35:00,2025-11-12T10:29:59,2100-12-01T00:00:00,0,0,800011892,0,0,0,0,0
12592,7202266,7211583,1,crow12592,3117907,0,0,0,0,0,0,1023,37,0,0,0,0,0,0,2,0,0,0,2025-10-23T10:35:00,2025-11-12T10:29:59,2100-12-01T00:00:00,0,0,800011546,0,0,0,0,0
12593,7202173,7211656,1,crow12593,3118018,0,0,0,0,0,0,1023,30,0,0,0,0,0,0,1,0,0,0,2025-10-23T10:35:00,2025-11-12T10:29:59,2100-12-01T00:00:00,0,0,800010584,0,0,0,0,0
12594,7202174,7211242,1,crow12594,3117802,0,0,0,0,0,0,1023,29,0,0,0,2,0,0,3,0,0,0,2025-10-23T10:35:00,2025-11-12T10:29:59,2100-12-01T00:00:00,0,0,800010146,0,0,0,0,0
12595,7202767,7211841,1,crow12595,3118349,0,0,0,0,0,0,1023,28,0,0,0,0,0,0,2,0,0,0,2025-10-23T10:35:00,2025-11-12T10:29:59,2100-12-01T00:00:00,0,0,800012595,0,0,0,0,0
12596,7202770,7211844,1,crow12596,3118357,0,0,0,0,0,0,1025,108,0,0,0,0,0,0,1,0,0,0,2025-10-23T10:35:00,2026-08-28T10:29:59,2100-12-01T00:00:00,600,0,800012596,0,0,0,0,0
12597,7202771,7211845,1,crow12597,3118358,0,0,0,0,0,0,1025,1,0,0,0,0,0,0,1,0,0,0,2025-10-23T10:35:00,2026-08-28T10:29:59,2100-12-01T00:00:00,0,0,800012597,0,0,0,0,0
12598,7202772,7211846,1,crow12598,3118359,0,0,0,0,0,0,1025,1,0,0,0,0,0,0,5,0,0,0,2025-10-23T10:35:00,2026-08-28T10:29:59,2100-12-01T00:00:00,0,0,800012598,0,0,0,0,0
12599,7202773,7211847,1,crow12599,3118360,0,0,0,0,0,0,1023,17,0,0,0,0,0,0,10,0,0,0,2025-11-05T10:35:00,2025-11-28T10:29:59,2100-12-01T00:00:00,0,0,800012599,0,0,0,0,0
12600,7202774,7211848,1,crow12600,3118361,0,0,0,0,0,0,1023,18,0,0,0,0,0,0,10,0,0,0,2025-11-05T10:35:00,2025-11-28T10:29:59,2100-12-01T00:00:00,0,0,800012600,0,0,0,0,0
12601,7202775,7211849,1,crow12601,3118362,0,0,0,0,0,0,1023,19,0,0,0,0,0,0,10,0,0,0,2025-11-05T10:35:00,2025-11-28T10:29:59,2100-12-01T00:00:00,0,0,800012601,0,0,0,0,0
12602,7202776,7211850,1,crow12602,3118363,0,0,0,0,0,0,1023,16,0,0,0,0,0,0,1,0,0,0,2025-11-05T10:35:00,2025-11-28T10:29:59,2100-12-01T00:00:00,0,0,800012602,0,0,0,0,0
12603,7202777,7211851,1,crow12603,3118364,0,0,0,0,0,0,1023,17,0,0,0,0,0,0,2,0,0,0,2025-10-30T10:35:00,2025-11-18T10:29:59,2100-12-01T00:00:00,0,0,800012603,0,0,0,0,0
12604,7202778,7211852,1,crow12604,3118365,0,0,0,0,0,0,1023,18,0,0,0,0,0,0,2,0,0,0,2025-10-30T10:35:00,2025-11-18T10:29:59,2100-12-01T00:00:00,0,0,800012604,0,0,0,0,0
12605,7202779,7211853,1,crow12605,3118366,0,0,0,0,0,0,1023,19,0,0,0,0,0,0,2,0,0,0,2025-10-30T10:35:00,2025-11-18T10:29:59,2100-12-01T00:00:00,0,0,800012605,0,0,0,0,0
12606,7202780,7211854,1,crow12606,3118367,0,0,0,0,0,0,1023,16,0,0,0,0,0,0,1,0,0,0,2025-10-30T10:35:00,2025-11-18T10:29:59,2100-12-01T00:00:00,0,0,800010140,0,0,0,0,0
12607,7201313,7210996,1,crow12607,3117639,0,0,0,0,0,0,1023,15,0,0,0,0,0,0,1,0,0,0,2025-11-05T10:35:00,2025-11-25T10:29:59,2100-12-01T00:00:00,0,0,800012159,0,0,0,0,0
12608,7202781,7211766,1,crow12608,3118368,0,0,0,0,0,0,1023,27,0,0,0,0,0,0,1,0,0,0,2025-10-30T10:35:00,2025-11-19T10:29:59,2100-12-01T00:00:00,0,0,800012072,0,0,0,0,0
12609,7202782,7211767,1,crow12609,3118369,0,0,0,0,0,0,1023,28,0,0,0,0,0,0,2,0,0,0,2025-10-30T10:35:00,2025-11-19T10:29:59,2100-12-01T00:00:00,0,0,800012073,0,0,0,0,0
12610,7202783,7211668,1,crow12610,3118370,0,0,0,0,0,0,1023,29,0,0,0,0,0,0,2,0,0,0,2025-10-30T10:35:00,2025-11-19T10:29:59,2100-12-01T00:00:00,0,0,800011601,0,0,0,0,0
12611,7202792,7211863,1,0,3118371,0,0,0,0,0,0,1001,1,0,0,0,1,0,0,1,1,0,0,2025-11-10T10:35:00,2025-11-27T23:59:59,2100-12-01T00:00:00,0,0,801110029,0,0,0,0,0
12612,7202793,7211835,1,crow12612,3118372,0,0,0,0,0,0,1023,22,0,0,0,0,0,0,2,0,0,0,2025-11-05T10:35:00,2025-11-25T10:29:59,2100-12-01T00:00:00,0,0,800011216,0,0,0,0,0
12613,7201833,7211345,1,crow12613,3118373,0,0,0,0,0,0,1023,20,0,0,0,0,0,0,1,0,0,0,2025-11-05T10:35:00,2025-11-25T10:29:59,2100-12-01T00:00:00,0,0,800011654,0,0,0,0,0
12614,7202794,7211837,1,crow12614,3118374,0,0,0,0,0,0,1023,21,0,0,0,0,0,0,2,0,0,0,2025-11-05T10:35:00,2025-11-25T10:29:59,2100-12-01T00:00:00,0,0,800012103,0,0,0,0,0
12615,7202795,7211864,1,crow12615,3118375,0,0,0,0,0,0,1023,23,0,0,0,0,0,0,2,0,0,0,2025-11-10T10:35:00,2025-12-08T10:29:59,2100-12-01T00:00:00,0,0,800012612,0,0,0,0,0
12616,7202796,7211865,1,crow12616,3118376,0,0,0,0,0,0,1023,24,0,0,0,0,0,0,2,0,0,0,2025-11-10T10:35:00,2025-12-08T10:29:59,2100-12-01T00:00:00,0,0,800012613,0,0,0,0,0
12617,7202797,7211866,1,crow12617,3118377,0,0,0,0,0,0,1023,25,0,0,0,0,0,0,2,0,0,0,2025-11-10T10:35:00,2025-12-08T10:29:59,2100-12-01T00:00:00,0,0,800012614,0,0,0,0,0
12618,7202339,7211615,1,crow12618,3117965,0,0,0,0,0,0,1023,26,0,0,0,0,0,0,1,0,0,0,2025-11-10T10:35:00,2025-11-30T10:29:59,2100-12-01T00:00:00,0,0,800012172,0,0,0,0,0
12619,7202340,7211616,1,crow12619,3117966,0,0,0,0,0,0,1023,27,0,0,0,0,0,0,1,0,0,0,2025-11-10T10:35:00,2025-11-30T10:29:59,2100-12-01T00:00:00,0,0,800012173,0,0,0,0,0
12620,7202341,7211617,1,crow12620,3118378,0,0,0,0,0,0,1023,28,0,0,0,0,0,0,1,0,0,0,2025-11-10T10:35:00,2025-11-30T10:29:59,2100-12-01T00:00:00,0,0,800012625,0,0,0,0,0
12621,7202805,7211867,1,crow12621,3118379,0,0,0,0,0,0,1023,29,0,0,0,0,0,0,1,0,0,0,2025-11-10T10:35:00,2025-11-30T10:29:59,2100-12-01T00:00:00,0,0,800012626,0,0,0,0,0
12622,7201512,7210226,1,crow12622,0,0,0,0,0,0,0,1036,10,0,0,0,0,0,0,1,0,0,0,2025-11-10T10:35:00,2025-11-30T10:29:59,2100-12-01T00:00:00,0,0,800012615,0,0,0,0,0
12623,7201513,7210497,1,crow12623,0,0,0,0,0,0,0,1036,11,0,0,0,0,0,0,1,0,0,0,2025-11-10T10:35:00,2025-11-30T10:29:59,2100-12-01T00:00:00,0,0,800012616,0,0,0,0,0
12624,7201514,7211130,1,crow12624,3118380,0,0,0,0,0,0,1036,12,0,0,0,0,0,0,1,0,0,0,2025-11-10T10:35:00,2025-11-30T10:29:59,2100-12-01T00:00:00,0,0,800012617,0,0,0,0,0
12625,7202798,7211618,1,crow12625,3118381,0,0,0,0,0,0,1036,13,0,0,0,0,0,0,1,0,0,0,2025-11-10T10:35:00,2025-11-30T10:29:59,2100-12-01T00:00:00,0,0,800012618,0,0,0,0,0
12626,7202799,7211868,1,crow12626,3118382,0,0,0,0,0,0,1036,14,0,0,0,0,0,0,2,0,0,0,2025-11-10T10:35:00,2025-11-30T10:29:59,2100-12-01T00:00:00,0,0,800012619,0,0,0,0,0
12627,7202800,7211695,1,crow12627,3118383,0,0,0,0,0,0,1036,15,0,0,0,0,0,0,2,0,0,0,2025-11-10T10:35:00,2025-11-30T10:29:59,2100-12-01T00:00:00,0,0,800012620,0,0,0,0,0
12628,7202801,7211795,1,crow12628,3118384,0,0,0,0,0,0,1036,16,0,0,0,0,0,0,2,0,0,0,2025-11-10T10:35:00,2025-11-30T10:29:59,2100-12-01T00:00:00,0,0,800012621,0,0,0,0,0
12629,7202802,7211869,1,crow12629,3118385,0,0,0,0,0,0,1036,17,0,0,0,0,0,0,2,0,0,0,2025-11-10T10:35:00,2025-11-30T10:29:59,2100-12-01T00:00:00,0,0,800012622,0,0,0,0,0
12630,7202803,7211221,1,crow12630,3118386,0,0,0,0,0,0,1036,18,0,0,0,0,0,0,1,0,0,0,2025-11-10T10:35:00,2025-11-30T10:29:59,2100-12-01T00:00:00,0,0,800012623,0,0,0,0,0
12631,7202804,7211870,1,crow12631,3118387,0,0,0,0,0,0,1036,19,0,0,0,0,0,0,2,0,0,0,2025-11-10T10:35:00,2025-11-30T10:29:59,2100-12-01T00:00:00,0,0,800012624,0,0,0,0,0
12632,7202812,7211874,1,crow12632,3118388,0,0,0,0,0,0,1023,29,0,0,0,0,0,0,2,0,0,0,2025-11-18T10:35:00,2025-12-16T10:29:59,2100-12-01T00:00:00,0,0,800012632,0,0,0,0,0
12633,7202813,7211875,1,crow12633,3118389,0,0,0,0,0,0,1023,30,0,0,0,0,0,0,2,0,0,0,2025-11-18T10:35:00,2025-12-16T10:29:59,2100-12-01T00:00:00,0,0,800012633,0,0,0,0,0
12634,7202814,7211876,1,crow12634,3118390,0,0,0,0,0,0,1023,31,0,0,0,0,0,0,2,0,0,0,2025-11-18T10:35:00,2025-12-16T10:29:59,2100-12-01T00:00:00,0,0,800012634,0,0,0,0,0
12635,7202824,7211625,1,crow12635,3118391,0,0,0,0,0,0,1023,32,0,0,0,2,0,0,5,0,0,0,2025-11-18T10:35:00,2025-12-08T10:29:59,2100-12-01T00:00:00,0,0,800012317,0,0,0,0,0
12636,7202825,7211626,1,crow12636,3118392,0,0,0,0,0,0,1023,33,0,0,0,2,0,0,5,0,0,0,2025-11-18T10:35:00,2025-12-08T10:29:59,2100-12-01T00:00:00,0,0,800012318,0,0,0,0,0
12639,7202815,7210990,1,crow12639,0,0,0,0,0,0,0,1036,1,0,0,0,0,0,0,2,0,0,0,2025-11-18T10:35:00,2025-12-08T10:29:59,2100-12-01T00:00:00,0,0,800012639,0,0,0,0,0
12640,7202816,7211561,1,crow12640,3118394,0,0,0,0,0,0,1036,2,0,0,0,2,0,0,5,0,0,0,2025-11-18T10:35:00,2025-12-08T10:29:59,2100-12-01T00:00:00,0,0,800012640,0,0,0,0,0
12641,7202817,7210418,1,crow12641,3118395,0,0,0,0,0,0,1036,3,0,0,0,0,0,0,3,0,0,0,2025-11-18T10:35:00,2025-12-08T10:29:59,2100-12-01T00:00:00,0,0,800012641,0,0,0,0,0
12642,7202818,7211271,1,crow12642,3118396,0,0,0,0,0,0,1036,4,0,0,0,0,0,0,1,0,0,0,2025-11-18T10:35:00,2025-12-08T10:29:59,2100-12-01T00:00:00,0,0,800012642,0,0,0,0,0
12643,7202819,7211628,1,crow12643,3118397,0,0,0,0,0,0,1036,5,0,0,0,0,0,0,1,0,0,0,2025-11-18T10:35:00,2025-12-08T10:29:59,2100-12-01T00:00:00,0,0,800012643,0,0,0,0,0
12644,7202820,7211878,1,crow12644,3118398,0,0,0,0,0,0,1036,6,0,0,0,0,0,0,3,0,0,0,2025-11-18T10:35:00,2025-12-08T10:29:59,2100-12-01T00:00:00,0,0,800012644,0,0,0,0,0
12645,7202821,7211879,1,crow12645,3118399,0,0,0,0,0,0,1036,7,0,0,0,0,0,0,2,0,0,0,2025-11-18T10:35:00,2025-12-08T10:29:59,2100-12-01T00:00:00,0,0,800012645,0,0,0,0,0
12646,7202822,7211428,1,crow12646,3118400,0,0,0,0,0,0,1036,8,0,0,0,0,0,0,2,0,0,0,2025-11-18T10:35:00,2025-12-08T10:29:59,2100-12-01T00:00:00,0,0,800012646,0,0,0,0,0
12647,7202823,7211880,1,crow12647,3118401,0,0,0,0,0,0,1036,9,0,0,0,0,0,0,2,0,0,0,2025-11-18T10:35:00,2025-12-08T10:29:59,2100-12-01T00:00:00,0,0,800012647,0,0,0,0,0
12648,7202826,7211881,1,crow12648,3118402,0,0,0,0,0,0,1023,17,0,0,0,0,0,0,2,0,0,0,2025-11-28T10:35:00,2025-12-18T10:29:59,2100-12-01T00:00:00,0,0,800012648,0,0,0,0,0
12649,7202827,7211882,1,crow12649,3118403,0,0,0,0,0,0,1023,18,0,0,0,0,0,0,2,0,0,0,2025-11-28T10:35:00,2025-12-18T10:29:59,2100-12-01T00:00:00,0,0,800012649,0,0,0,0,0
12650,7202828,7211883,1,crow12650,3118404,0,0,0,0,0,0,1023,19,0,0,0,0,0,0,2,0,0,0,2025-11-28T10:35:00,2025-12-18T10:29:59,2100-12-01T00:00:00,0,0,800012650,0,0,0,0,0
12651,7202829,7210990,1,crow12651,0,0,0,0,0,0,0,1023,20,0,0,0,0,0,0,1,0,0,0,2025-11-28T10:35:00,2025-12-18T10:29:59,2100-12-01T00:00:00,0,0,800011027,0,0,0,0,0
12652,7202830,7211766,1,crow12652,3118405,0,0,0,0,0,0,1023,26,0,0,0,0,0,0,2,0,0,0,2025-11-28T10:35:00,2025-12-18T10:29:59,2100-12-01T00:00:00,0,0,800012073,0,0,0,0,0
12653,7202831,7211884,1,crow12653,3118406,0,0,0,0,0,0,1023,21,0,0,0,0,0,0,1,0,0,0,2025-11-28T10:35:00,2025-12-18T10:29:59,2100-12-01T00:00:00,0,0,800012653,0,0,0,0,0
12654,7202832,7211886,1,crow12654,3118407,0,0,0,0,0,0,1023,25,0,0,0,0,0,0,2,0,0,0,2025-11-28T10:35:00,2025-12-18T10:29:59,2100-12-01T00:00:00,0,0,800011601,0,0,0,0,0
12655,7202833,7211749,1,crow12655,3118408,0,0,0,0,0,0,1023,24,0,0,0,0,0,0,1,0,0,0,2025-11-28T10:35:00,2025-12-18T10:29:59,2100-12-01T00:00:00,0,0,800012400,0,0,0,0,0
12656,7202834,7211885,1,crow12656,3118409,0,0,0,0,0,0,1023,22,0,0,0,0,0,0,1,0,0,0,2025-11-28T10:35:00,2025-12-18T10:29:59,2100-12-01T00:00:00,0,0,800012656,0,0,0,0,0
12657,7202835,7211543,1,crow12657,3118410,0,0,0,0,0,0,1023,23,0,0,0,0,0,0,1,0,0,0,2025-11-28T10:35:00,2025-12-18T10:29:59,2100-12-01T00:00:00,0,0,800011183,0,0,0,0,0
12658,7202556,7211834,1,crow12658,3118339,0,0,0,0,0,0,1023,23,0,0,0,0,0,0,2,0,0,0,2025-12-05T10:35:00,2025-12-25T10:29:59,2100-12-01T00:00:00,0,0,800012394,0,0,0,0,0
12659,7201166,7211526,1,crow12659,3117824,0,0,0,0,0,0,1023,24,0,0,0,0,0,0,2,0,0,0,2025-12-05T10:35:00,2025-12-25T10:29:59,2100-12-01T00:00:00,0,0,800010253,0,0,0,0,0
12660,7202844,7211895,1,crow12660,3118411,0,0,0,0,0,0,1023,25,0,0,0,2,0,0,5,0,0,0,2025-12-05T10:35:00,2025-12-25T10:29:59,2100-12-01T00:00:00,0,0,800010766,0,0,0,0,0
12661,7202845,7211835,1,crow12661,3118412,0,0,0,0,0,0,1023,21,0,0,0,0,0,0,2,0,0,0,2025-12-05T10:35:00,2025-12-25T10:29:59,2100-12-01T00:00:00,0,0,800011216,0,0,0,0,0
12662,7202846,7211836,1,crow12662,3118413,0,0,0,0,0,0,1023,22,0,0,0,0,0,0,2,0,0,0,2025-12-05T10:35:00,2025-12-25T10:29:59,2100-12-01T00:00:00,0,0,800011445,0,0,0,0,0
12663,7202847,7211896,1,crow12663,3118414,0,0,0,0,0,0,1023,22,0,0,0,0,0,0,2,0,0,0,2025-12-12T10:35:00,2026-01-01T10:29:59,2100-12-01T00:00:00,0,0,800012663,0,0,0,0,0
12664,7202848,7211897,1,crow12664,3118415,0,0,0,0,0,0,1023,23,0,0,0,0,0,0,2,0,0,0,2025-12-12T10:35:00,2026-01-01T10:29:59,2100-12-01T00:00:00,0,0,800012664,0,0,0,0,0
12665,7202849,7211898,1,crow12665,3118416,0,0,0,0,0,0,1023,24,0,0,0,0,0,0,2,0,0,0,2025-12-12T10:35:00,2026-01-01T10:29:59,2100-12-01T00:00:00,0,0,800012665,0,0,0,0,0
12666,7202850,7211899,1,crow12666,3118417,0,0,0,0,0,0,1023,25,0,0,0,0,0,0,1,0,0,0,2025-12-12T10:35:00,2026-01-01T10:29:59,2100-12-01T00:00:00,0,0,800010608,0,0,0,0,0
12667,7202851,7210990,1,crow12667,0,0,0,0,0,0,0,1023,26,0,0,0,0,0,0,1,0,0,0,2025-12-12T10:35:00,2026-01-01T10:29:59,2100-12-01T00:00:00,0,0,800011027,0,0,0,0,0
12668,7202852,7211831,1,crow12668,3118418,0,0,0,0,0,0,1023,27,0,0,0,0,0,0,1,0,0,0,2025-12-12T10:35:00,2026-01-01T10:29:59,2100-12-01T00:00:00,0,0,800012049,0,0,0,0,0
12669,7202853,7211832,1,crow12669,3118419,0,0,0,0,0,0,1023,28,0,0,0,0,0,0,2,0,0,0,2025-12-12T10:35:00,2026-01-01T10:29:59,2100-12-01T00:00:00,0,0,800011727,0,0,0,0,0
12670,7202854,7211590,1,crow12670,3118420,0,0,0,0,0,0,1023,29,0,0,0,0,0,0,2,0,0,0,2025-12-12T10:35:00,2026-01-01T10:29:59,2100-12-01T00:00:00,0,0,800012051,0,0,0,0,0
12671,7202855,7211529,1,crow12671,3118421,0,0,0,0,0,0,1023,32,0,0,0,2,0,0,3,0,0,0,2025-12-12T10:35:00,2026-01-01T10:29:59,2100-12-01T00:00:00,0,0,800010472,0,0,0,0,0
12672,7202856,7211674,1,crow12672,3118422,0,0,0,0,0,0,1023,30,0,0,0,0,0,0,1,0,0,0,2025-12-12T10:35:00,2026-01-01T10:29:59,2100-12-01T00:00:00,0,0,800010586,0,0,0,0,0
12673,7202857,7211470,1,crow12673,3118423,0,0,0,0,0,0,1023,31,0,0,0,0,0,0,2,0,0,0,2025-12-12T10:35:00,2026-01-01T10:29:59,2100-12-01T00:00:00,0,0,800011892,0,0,0,0,0
12674,7201907,7211316,1,crow12674,3117563,0,0,0,0,0,0,1023,24,0,0,0,0,0,0,1,0,0,0,2025-12-19T10:35:00,2026-01-08T10:29:59,2100-12-01T00:00:00,0,0,800011582,0,0,0,0,0
12675,7202858,7211395,1,crow12675,3118424,0,0,0,0,0,0,1023,18,0,0,0,0,0,0,4,0,0,0,2025-12-19T10:35:00,2026-01-08T10:29:59,2100-12-01T00:00:00,0,0,800010012,0,0,0,0,0
12676,7202859,7211900,1,crow12676,3118425,0,0,0,0,0,0,1023,19,0,0,0,0,0,0,3,0,0,0,2025-12-19T10:35:00,2026-01-08T10:29:59,2100-12-01T00:00:00,0,0,800012676,0,0,0,0,0
12677,7202860,7211556,1,crow12677,3118426,0,0,0,0,0,0,1023,20,0,0,0,0,0,0,1,0,0,0,2025-12-19T10:35:00,2026-01-08T10:29:59,2100-12-01T00:00:00,0,0,800012060,0,0,0,0,0
12678,7202861,7211557,1,crow12678,3118427,0,0,0,0,0,0,1023,21,0,0,0,0,0,0,2,0,0,0,2025-12-19T10:35:00,2026-01-08T10:29:59,2100-12-01T00:00:00,0,0,800012061,0,0,0,0,0
12679,7202862,7211558,1,crow12679,3118428,0,0,0,0,0,0,1023,22,0,0,0,0,0,0,2,0,0,0,2025-12-19T10:35:00,2026-01-08T10:29:59,2100-12-01T00:00:00,0,0,800012062,0,0,0,0,0
12680,7202863,7211665,1,crow12680,3118429,0,0,0,0,0,0,1023,25,0,0,0,2,0,0,5,0,0,0,2025-12-19T10:35:00,2026-01-08T10:29:59,2100-12-01T00:00:00,0,0,800010535,0,0,0,0,0
12681,7202864,7211837,1,crow12681,3118430,0,0,0,0,0,0,1023,23,0,0,0,0,0,0,2,0,0,0,2025-12-19T10:35:00,2026-01-08T10:29:59,2100-12-01T00:00:00,0,0,800012103,0,0,0,0,0
12682,7202865,7211904,1,crow12682,3118433,0,0,0,0,0,0,1023,20,0,0,0,0,0,0,2,0,0,0,2025-12-29T10:35:00,2026-01-18T10:29:59,2100-12-01T00:00:00,0,0,800012682,0,0,0,0,0
12683,7202866,7211905,1,crow12683,3118434,0,0,0,0,0,0,1023,21,0,0,0,0,0,0,2,0,0,0,2025-12-29T10:35:00,2026-01-18T10:29:59,2100-12-01T00:00:00,0,0,800012683,0,0,0,0,0
12684,7202867,7211906,1,crow12684,3118435,0,0,0,0,0,0,1023,22,0,0,0,0,0,0,2,0,0,0,2025-12-29T10:35:00,2026-01-18T10:29:59,2100-12-01T00:00:00,0,0,800012684,0,0,0,0,0
12685,7202868,7211561,1,crow12685,3118436,0,0,0,0,0,0,1023,23,0,0,0,2,0,0,5,0,0,0,2025-12-29T10:35:00,2026-01-18T10:29:59,2100-12-01T00:00:00,0,0,800010466,0,0,0,0,0
12686,7202869,7210418,1,crow12686,3118437,0,0,0,0,0,0,1023,24,0,0,0,0,0,0,3,0,0,0,2025-12-29T10:35:00,2026-01-18T10:29:59,2100-12-01T00:00:00,0,0,800010229,0,0,0,0,0
12687,7201621,7211907,1,crow12687,3118438,0,0,0,0,0,0,1023,18,0,0,0,0,0,0,1,0,0,0,2025-12-29T10:35:00,2026-01-06T23:59:59,2100-12-01T00:00:00,0,0,800012688,0,0,0,0,0
12688,7201620,7211908,1,crow12688,3118439,0,0,0,0,0,0,1023,19,0,0,0,0,0,0,3,0,0,0,2025-12-29T10:35:00,2026-01-06T23:59:59,2100-12-01T00:00:00,0,0,800012687,0,0,0,0,0
12689,7202870,7211766,1,crow12689,3118440,0,0,0,0,0,0,1023,28,0,0,0,0,0,0,2,0,0,0,2025-12-29T10:35:00,2026-01-18T10:29:59,2100-12-01T00:00:00,0,0,800012072,0,0,0,0,0
12690,7202871,7211767,1,crow12690,3118441,0,0,0,0,0,0,1023,29,0,0,0,0,0,0,2,0,0,0,2025-12-29T10:35:00,2026-01-18T10:29:59,2100-12-01T00:00:00,0,0,800012073,0,0,0,0,0
12691,7202872,7211749,1,crow12691,3118442,0,0,0,0,0,0,1023,25,0,0,0,0,0,0,1,0,0,0,2025-12-29T10:35:00,2026-01-18T10:29:59,2100-12-01T00:00:00,0,0,800012400,0,0,0,0,0
12692,7202873,7211885,1,crow12692,3118443,0,0,0,0,0,0,1023,26,0,0,0,0,0,0,1,0,0,0,2025-12-29T10:35:00,2026-01-18T10:29:59,2100-12-01T00:00:00,0,0,800012656,0,0,0,0,0
12693,7202874,7211543,1,crow12693,3118444,0,0,0,0,0,0,1023,27,0,0,0,0,0,0,1,0,0,0,2025-12-29T10:35:00,2026-01-18T10:29:59,2100-12-01T00:00:00,0,0,800011183,0,0,0,0,0
12694,7201629,7210226,1,crow12694,0,0,0,0,0,0,0,1037,1,0,0,0,0,0,0,1,0,0,0,2026-01-01T00:00:00,2026-01-13T10:29:59,2100-12-01T00:00:00,0,0,800012694,0,0,0,0,0
12695,7201630,7210497,1,crow12695,0,0,0,0,0,0,0,1037,2,0,0,0,0,0,0,1,0,0,0,2026-01-01T00:00:00,2026-01-13T10:29:59,2100-12-01T00:00:00,0,0,800012695,0,0,0,0,0
12696,7201631,7211130,1,crow12696,3117900,0,0,0,0,0,0,1037,3,0,0,0,0,0,0,1,0,0,0,2026-01-01T00:00:00,2026-01-13T10:29:59,2100-12-01T00:00:00,0,0,800012696,0,0,0,0,0
12697,7201632,7211910,1,crow12697,3117901,0,0,0,0,0,0,1037,4,0,0,0,0,0,0,1,0,0,0,2026-01-01T00:00:00,2026-01-13T10:29:59,2100-12-01T00:00:00,0,0,800011415,0,0,0,0,0
12698,7201635,7211868,1,crow12698,3118445,0,0,0,0,0,0,1037,5,0,0,0,0,0,0,2,0,0,0,2026-01-01T00:00:00,2026-01-13T10:29:59,2100-12-01T00:00:00,0,0,800011418,0,0,0,0,0
12699,7201634,7211909,1,crow12699,3118446,0,0,0,0,0,0,1037,6,0,0,0,0,0,0,2,0,0,0,2026-01-01T00:00:00,2026-01-13T10:29:59,2100-12-01T00:00:00,0,0,800012699,0,0,0,0,0
12700,7201633,7211869,1,crow12700,3118447,0,0,0,0,0,0,1037,7,0,0,0,0,0,0,2,0,0,0,2026-01-01T00:00:00,2026-01-13T10:29:59,2100-12-01T00:00:00,0,0,800012698,0,0,0,0,0
12701,7201636,7211221,1,crow12701,3117905,0,0,0,0,0,0,1037,8,0,0,0,0,0,0,1,0,0,0,2026-01-01T00:00:00,2026-01-13T10:29:59,2100-12-01T00:00:00,0,0,800011419,0,0,0,0,0
12702,7201411,7211064,1,0,3104017,0,0,0,0,0,0,1004,1,0,0,0,1,0,0,10,0,0,0,2025-12-12T10:35:00,2025-12-19T10:29:59,2100-12-01T00:00:00,0,0,710000148,0,0,0,0,0
12703,7200521,7211902,1,0,3104018,0,0,0,0,0,0,1004,2,0,0,0,1,0,0,10,0,0,0,2025-12-12T10:35:00,2025-12-19T10:29:59,2100-12-01T00:00:00,0,0,710000007,0,0,0,0,0
12704,7200522,7211903,1,0,3104019,0,0,0,0,0,0,1004,3,0,0,0,1,0,0,5,0,0,0,2025-12-12T10:35:00,2025-12-19T10:29:59,2100-12-01T00:00:00,0,0,710000008,0,0,0,0,0
12705,7202556,7211834,1,crow12705,3118339,0,0,0,0,0,0,1023,28,0,0,0,0,0,0,2,0,0,0,2026-01-06T10:35:00,2026-01-26T10:29:59,2100-12-01T00:00:00,0,0,800012394,0,0,0,0,0
12706,7201166,7211526,1,crow12706,3117824,0,0,0,0,0,0,1023,29,0,0,0,0,0,0,2,0,0,0,2026-01-06T10:35:00,2026-01-26T10:29:59,2100-12-01T00:00:00,0,0,800010253,0,0,0,0,0
12707,7202883,7211529,1,crow12707,3118448,0,0,0,0,0,0,1023,30,0,0,0,2,0,0,3,0,0,0,2026-01-06T10:35:00,2026-01-26T10:29:59,2100-12-01T00:00:00,0,0,800010472,0,0,0,0,0
12708,7202884,7211661,1,crow12708,3118449,0,0,0,0,0,0,1023,31,0,0,0,0,0,0,2,0,0,0,2026-01-06T10:35:00,2026-01-26T10:29:59,2100-12-01T00:00:00,0,0,800011908,0,0,0,0,0
12709,7202885,7211836,1,crow12709,3118450,0,0,0,0,0,0,1023,32,0,0,0,0,0,0,2,0,0,0,2026-01-06T10:35:00,2026-01-26T10:29:59,2100-12-01T00:00:00,0,0,800011445,0,0,0,0,0
12710,7202887,7211920,1,crow12710,3118451,0,0,0,0,0,0,1023,20,0,0,0,0,0,0,2,0,0,0,2026-01-13T10:35:00,2026-02-02T10:29:59,2100-12-01T00:00:00,0,0,800012689,0,0,0,0,0
12711,7202888,7211921,1,crow12711,3118452,0,0,0,0,0,0,1023,21,0,0,0,0,0,0,2,0,0,0,2026-01-13T10:35:00,2026-02-02T10:29:59,2100-12-01T00:00:00,0,0,800012690,0,0,0,0,0
12712,7202889,7211922,1,crow12712,3118453,0,0,0,0,0,0,1023,22,0,0,0,0,0,0,2,0,0,0,2026-01-13T10:35:00,2026-02-02T10:29:59,2100-12-01T00:00:00,0,0,800012691,0,0,0,0,0
12713,7202890,7211923,1,crow12713,3118454,0,0,0,0,0,0,1023,19,0,0,0,0,0,0,1,0,0,0,2026-01-13T10:35:00,2026-02-02T10:29:59,2100-12-01T00:00:00,0,0,800010140,0,0,0,0,0
12714,7202891,7211927,1,crow12714,3118455,0,0,0,0,0,0,1023,23,0,0,0,0,0,0,1,0,0,0,2026-01-13T10:35:00,2026-02-02T10:29:59,2100-12-01T00:00:00,0,0,800012049,0,0,0,0,0
12715,7202892,7211832,1,crow12715,3118456,0,0,0,0,0,0,1023,24,0,0,0,0,0,0,2,0,0,0,2026-01-13T10:35:00,2026-02-02T10:29:59,2100-12-01T00:00:00,0,0,800011727,0,0,0,0,0
12716,7202893,7211590,1,crow12716,3118457,0,0,0,0,0,0,1023,25,0,0,0,0,0,0,2,0,0,0,2026-01-13T10:35:00,2026-02-02T10:29:59,2100-12-01T00:00:00,0,0,800012051,0,0,0,0,0
12717,7202894,7211749,1,crow12717,3118458,0,0,0,0,0,0,1023,26,0,0,0,0,0,0,1,0,0,0,2026-01-13T10:35:00,2026-02-02T10:29:59,2100-12-01T00:00:00,0,0,800012400,0,0,0,0,0
12718,7202895,7211674,1,crow12718,3118459,0,0,0,0,0,0,1023,27,0,0,0,0,0,0,1,0,0,0,2026-01-13T10:35:00,2026-02-02T10:29:59,2100-12-01T00:00:00,0,0,800010586,0,0,0,0,0
12719,7202173,7211656,1,crow12719,3118018,0,0,0,0,0,0,1023,18,0,0,0,0,0,0,1,0,0,0,2026-01-13T10:35:00,2026-02-02T10:29:59,2100-12-01T00:00:00,0,0,800010584,0,0,0,0,0
12720,7202174,7211242,1,crow12720,3117802,0,0,0,0,0,0,1023,17,0,0,0,2,0,0,3,0,0,0,2026-01-13T10:35:00,2026-02-02T10:29:59,2100-12-01T00:00:00,0,0,800010146,0,0,0,0,0
12721,7202767,7211841,1,crow12721,3118349,0,0,0,0,0,0,1023,16,0,0,0,0,0,0,2,0,0,0,2026-01-13T10:35:00,2026-02-02T10:29:59,2100-12-01T00:00:00,0,0,800012595,0,0,0,0,0
12722,7202898,7211926,1,crow12722,3118464,0,0,0,0,0,0,1025,108,0,0,0,0,0,0,1,0,0,0,2026-01-13T10:35:00,2026-08-28T10:29:59,2100-12-01T00:00:00,640,0,800012692,0,0,0,0,0
12723,7201907,7211316,1,crow12723,3117563,0,0,0,0,0,0,1023,22,0,0,0,0,0,0,1,0,0,0,2026-01-20T10:35:00,2026-02-09T10:29:59,2100-12-01T00:00:00,0,0,800011582,0,0,0,0,0
12724,7201919,7211662,1,crow12724,3118032,0,0,0,0,0,0,1023,21,0,0,0,0,0,0,4,0,0,0,2026-01-20T10:35:00,2026-02-09T10:29:59,2100-12-01T00:00:00,0,0,800011744,0,0,0,0,0
12725,7202903,7211895,1,crow12725,3118465,0,0,0,0,0,0,1023,22,0,0,0,2,0,0,5,0,0,0,2026-01-20T10:35:00,2026-02-09T10:29:59,2100-12-01T00:00:00,0,0,800010766,0,0,0,0,0
12726,7202904,7211835,1,crow12726,3118466,0,0,0,0,0,0,1023,24,0,0,0,0,0,0,2,0,0,0,2026-01-20T10:35:00,2026-02-09T10:29:59,2100-12-01T00:00:00,0,0,800011216,0,0,0,0,0
12727,7202905,7211837,1,crow12727,3118467,0,0,0,0,0,0,1023,25,0,0,0,0,0,0,2,0,0,0,2026-01-20T10:35:00,2026-02-09T10:29:59,2100-12-01T00:00:00,0,0,800012103,0,0,0,0,0
12728,7202906,7211932,1,crow12728,3118468,0,0,0,0,0,0,1023,27,0,0,0,0,0,0,2,0,0,0,2026-01-27T10:35:00,2026-02-16T10:29:59,2100-12-01T00:00:00,0,0,800012728,0,0,0,0,0
12729,7202907,7211933,1,crow12729,3118469,0,0,0,0,0,0,1023,28,0,0,0,0,0,0,2,0,0,0,2026-01-27T10:35:00,2026-02-16T10:29:59,2100-12-01T00:00:00,0,0,800012729,0,0,0,0,0
12730,7202908,7211934,1,crow12730,3118470,0,0,0,0,0,0,1023,29,0,0,0,0,0,0,2,0,0,0,2026-01-27T10:35:00,2026-02-16T10:29:59,2100-12-01T00:00:00,0,0,800012730,0,0,0,0,0
12731,7202909,7210990,1,crow12731,0,0,0,0,0,0,0,1023,25,0,0,0,0,0,0,2,0,0,0,2026-01-27T10:35:00,2026-02-16T10:29:59,2100-12-01T00:00:00,0,0,800011027,0,0,0,0,0
12732,7202910,7211935,1,crow12732,3118471,0,0,0,0,0,0,1023,26,0,0,0,0,0,0,1,0,0,0,2026-01-27T10:35:00,2026-02-16T10:29:59,2100-12-01T00:00:00,0,0,800010622,0,0,0,0,0
12733,7202911,7211766,1,crow12733,3118472,0,0,0,0,0,0,1023,31,0,0,0,0,0,0,2,0,0,0,2026-01-27T10:35:00,2026-02-16T10:29:59,2100-12-01T00:00:00,0,0,800012072,0,0,0,0,0
12734,7202912,7211767,1,crow12734,3118473,0,0,0,0,0,0,1023,32,0,0,0,0,0,0,2,0,0,0,2026-01-27T10:35:00,2026-02-16T10:29:59,2100-12-01T00:00:00,0,0,800012073,0,0,0,0,0
12735,7202913,7211886,1,crow12735,3118474,0,0,0,0,0,0,1023,30,0,0,0,0,0,0,2,0,0,0,2026-01-27T10:35:00,2026-02-16T10:29:59,2100-12-01T00:00:00,0,0,800011601,0,0,0,0,0
12736,7202914,7211749,1,crow12736,3118475,0,0,0,0,0,0,1023,33,0,0,0,0,0,0,1,0,0,0,2026-01-27T10:35:00,2026-02-16T10:29:59,2100-12-01T00:00:00,0,0,800012400,0,0,0,0,0
12737,7202915,7211885,1,crow12737,3118476,0,0,0,0,0,0,1023,34,0,0,0,0,0,0,1,0,0,0,2026-01-27T10:35:00,2026-02-16T10:29:59,2100-12-01T00:00:00,0,0,800012656,0,0,0,0,0
12738,7202925,7211945,1,crow12738,3118477,0,0,0,0,0,0,1023,18,0,0,0,0,0,0,10,0,0,0,2026-02-03T10:35:00,2026-02-27T10:29:59,2100-12-01T00:00:00,0,0,800012738,0,0,0,0,0
12739,7202926,7211946,1,crow12739,3118478,0,0,0,0,0,0,1023,19,0,0,0,0,0,0,10,0,0,0,2026-02-03T10:35:00,2026-02-27T10:29:59,2100-12-01T00:00:00,0,0,800012739,0,0,0,0,0
12740,7202927,7211947,1,crow12740,3118479,0,0,0,0,0,0,1023,20,0,0,0,0,0,0,10,0,0,0,2026-02-03T10:35:00,2026-02-27T10:29:59,2100-12-01T00:00:00,0,0,800012740,0,0,0,0,0
12741,7202928,7211948,1,crow12741,3118480,0,0,0,0,0,0,1023,16,0,0,0,0,0,0,1,0,0,0,2026-02-03T10:35:00,2026-02-27T10:29:59,2100-12-01T00:00:00,0,0,800012741,0,0,0,0,0
12742,7202929,7211949,1,crow12742,3118481,0,0,0,0,0,0,1023,17,0,0,0,0,0,0,1,0,0,0,2026-02-03T10:35:00,2026-02-27T10:29:59,2100-12-01T00:00:00,0,0,800012742,0,0,0,0,0
12743,7200975,7210996,1,crow12743,3117639,0,0,0,0,0,0,1023,15,0,0,0,0,0,0,1,0,0,0,2026-02-03T10:35:00,2026-02-23T10:29:59,2100-12-01T00:00:00,0,0,800012159,0,0,0,0,0
12744,7202930,7211665,1,crow12744,3118482,0,0,0,0,0,0,1023,23,0,0,0,2,0,0,5,0,0,0,2026-02-03T10:35:00,2026-02-23T10:29:59,2100-12-01T00:00:00,0,0,800010535,0,0,0,0,0
12745,7202931,7211833,1,crow12745,3118483,0,0,0,0,0,0,1023,21,0,0,0,0,0,0,1,0,0,0,2026-02-03T10:35:00,2026-02-23T10:29:59,2100-12-01T00:00:00,0,0,800011933,0,0,0,0,0
12746,7202932,7211345,1,crow12746,3118484,0,0,0,0,0,0,1023,22,0,0,0,0,0,0,1,0,0,0,2026-02-03T10:35:00,2026-02-23T10:29:59,2100-12-01T00:00:00,0,0,800011654,0,0,0,0,0
12747,7202933,7211952,1,crow12747,3118486,0,0,0,0,0,0,1023,17,0,0,0,0,0,0,3,0,0,0,2026-02-10T10:35:00,2026-03-06T10:29:59,2100-12-01T00:00:00,0,0,800012747,0,0,0,0,0
12748,7202934,7211953,1,crow12748,3118487,0,0,0,0,0,0,1023,18,0,0,0,0,0,0,3,0,0,0,2026-02-10T10:35:00,2026-03-06T10:29:59,2100-12-01T00:00:00,0,0,800012748,0,0,0,0,0
12749,7202935,7211954,1,crow12749,3118488,0,0,0,0,0,0,1023,19,0,0,0,0,0,0,2,0,0,0,2026-02-10T10:35:00,2026-03-06T10:29:59,2100-12-01T00:00:00,0,0,800012749,0,0,0,0,0
12750,7202339,7211615,1,crow12750,3117965,0,0,0,0,0,0,1023,20,0,0,0,0,0,0,1,0,0,0,2026-02-10T10:35:00,2026-03-02T10:29:59,2100-12-01T00:00:00,0,0,800012172,0,0,0,0,0
12751,7202340,7211616,1,crow12751,3117966,0,0,0,0,0,0,1023,21,0,0,0,0,0,0,1,0,0,0,2026-02-10T10:35:00,2026-03-02T10:29:59,2100-12-01T00:00:00,0,0,800012173,0,0,0,0,0
12752,7202341,7211617,1,crow12752,3118378,0,0,0,0,0,0,1023,22,0,0,0,0,0,0,1,0,0,0,2026-02-10T10:35:00,2026-03-02T10:29:59,2100-12-01T00:00:00,0,0,800012625,0,0,0,0,0
12753,7202805,7211867,1,crow12753,3118489,0,0,0,0,0,0,1023,23,0,0,0,0,0,0,1,0,0,0,2026-02-10T10:35:00,2026-03-02T10:29:59,2100-12-01T00:00:00,0,0,800012753,0,0,0,0,0
12754,7202936,7210226,1,crow12754,0,0,0,0,0,0,0,1034,10,0,0,0,0,0,0,1,0,0,0,2026-02-10T10:35:00,2026-03-02T10:29:59,2100-12-01T00:00:00,0,0,800012754,0,0,0,0,0
12755,7202937,7210497,1,crow12755,0,0,0,0,0,0,0,1034,11,0,0,0,0,0,0,1,0,0,0,2026-02-10T10:35:00,2026-03-02T10:29:59,2100-12-01T00:00:00,0,0,800012755,0,0,0,0,0
12756,7202938,7211130,1,crow12756,3118490,0,0,0,0,0,0,1034,12,0,0,0,0,0,0,1,0,0,0,2026-02-10T10:35:00,2026-03-02T10:29:59,2100-12-01T00:00:00,0,0,800012756,0,0,0,0,0
12757,7202939,7211955,1,crow12757,3118491,0,0,0,0,0,0,1034,13,0,0,0,0,0,0,1,0,0,0,2026-02-10T10:35:00,2026-03-02T10:29:59,2100-12-01T00:00:00,0,0,800012757,0,0,0,0,0
12758,7202940,7211956,1,crow12758,3118492,0,0,0,0,0,0,1034,14,0,0,0,0,0,0,2,0,0,0,2026-02-10T10:35:00,2026-03-02T10:29:59,2100-12-01T00:00:00,0,0,800012758,0,0,0,0,0
12759,7202941,7211957,1,crow12759,3118493,0,0,0,0,0,0,1034,15,0,0,0,0,0,0,2,0,0,0,2026-02-10T10:35:00,2026-03-02T10:29:59,2100-12-01T00:00:00,0,0,800012759,0,0,0,0,0
12760,7202942,7211958,1,crow12760,3118494,0,0,0,0,0,0,1034,16,0,0,0,0,0,0,2,0,0,0,2026-02-10T10:35:00,2026-03-02T10:29:59,2100-12-01T00:00:00,0,0,800012760,0,0,0,0,0
12761,7202943,7211959,1,crow12761,3118495,0,0,0,0,0,0,1034,17,0,0,0,0,0,0,2,0,0,0,2026-02-10T10:35:00,2026-03-02T10:29:59,2100-12-01T00:00:00,0,0,800012761,0,0,0,0,0
12762,7202944,7211960,1,crow12762,3118496,0,0,0,0,0,0,1034,18,0,0,0,0,0,0,1,0,0,0,2026-02-10T10:35:00,2026-03-02T10:29:59,2100-12-01T00:00:00,0,0,800012762,0,0,0,0,0
12763,7202945,7211961,1,crow12763,3118497,0,0,0,0,0,0,1034,19,0,0,0,0,0,0,2,0,0,0,2026-02-10T10:35:00,2026-03-02T10:29:59,2100-12-01T00:00:00,0,0,800012763,0,0,0,0,0
12764,7202947,7211962,1,0,3118485,0,0,0,0,0,0,1001,1,0,0,0,1,0,0,1,1,0,0,2026-02-10T10:35:00,2026-02-26T23:59:59,2100-12-01T00:00:00,0,0,801110030,0,0,0,0,0
12765,7202953,7211963,1,crow12765,3118498,0,0,0,0,0,0,1023,18,0,0,0,0,0,0,3,0,0,0,2026-02-17T10:35:00,2026-03-13T10:29:59,2100-12-01T00:00:00,0,0,800012765,0,0,0,0,0
12766,7202954,7211964,1,crow12766,3118499,0,0,0,0,0,0,1023,19,0,0,0,0,0,0,3,0,0,0,2026-02-17T10:35:00,2026-03-13T10:29:59,2100-12-01T00:00:00,0,0,800012766,0,0,0,0,0
12767,7202955,7211965,1,crow12767,3118500,0,0,0,0,0,0,1023,20,0,0,0,0,0,0,2,0,0,0,2026-02-17T10:35:00,2026-03-13T10:29:59,2100-12-01T00:00:00,0,0,800012767,0,0,0,0,0
12768,7202956,7211625,1,crow12768,3118501,0,0,0,0,0,0,1023,21,0,0,0,2,0,0,5,0,0,0,2026-02-17T10:35:00,2026-03-09T10:29:59,2100-12-01T00:00:00,0,0,800012317,0,0,0,0,0
12769,7202957,7211626,1,crow12769,3118502,0,0,0,0,0,0,1023,22,0,0,0,2,0,0,5,0,0,0,2026-02-17T10:35:00,2026-03-09T10:29:59,2100-12-01T00:00:00,0,0,800012318,0,0,0,0,0
12770,7202958,7210990,1,crow12770,0,0,0,0,0,0,0,1034,1,0,0,0,0,0,0,2,0,0,0,2026-02-17T10:35:00,2026-03-09T10:29:59,2100-12-01T00:00:00,0,0,800012770,0,0,0,0,0
12771,7202959,7211561,1,crow12771,3118503,0,0,0,0,0,0,1034,2,0,0,0,2,0,0,5,0,0,0,2026-02-17T10:35:00,2026-03-09T10:29:59,2100-12-01T00:00:00,0,0,800012771,0,0,0,0,0
12772,7202960,7210418,1,crow12772,3118504,0,0,0,0,0,0,1034,3,0,0,0,0,0,0,2,0,0,0,2026-02-17T10:35:00,2026-03-09T10:29:59,2100-12-01T00:00:00,0,0,800012772,0,0,0,0,0
12773,7202961,7211271,1,crow12773,3118505,0,0,0,0,0,0,1034,4,0,0,0,0,0,0,1,0,0,0,2026-02-17T10:35:00,2026-03-09T10:29:59,2100-12-01T00:00:00,0,0,800012773,0,0,0,0,0
12774,7202962,7211628,1,crow12774,3118506,0,0,0,0,0,0,1034,5,0,0,0,0,0,0,1,0,0,0,2026-02-17T10:35:00,2026-03-09T10:29:59,2100-12-01T00:00:00,0,0,800012774,0,0,0,0,0
12775,7202963,7211878,1,crow12775,3118507,0,0,0,0,0,0,1034,6,0,0,0,0,0,0,3,0,0,0,2026-02-17T10:35:00,2026-03-09T10:29:59,2100-12-01T00:00:00,0,0,800012775,0,0,0,0,0
12776,7202964,7211966,1,crow12776,3118508,0,0,0,0,0,0,1034,7,0,0,0,0,0,0,2,0,0,0,2026-02-17T10:35:00,2026-03-09T10:29:59,2100-12-01T00:00:00,0,0,800012776,0,0,0,0,0
12777,7202965,7211428,1,crow12777,3118509,0,0,0,0,0,0,1034,8,0,0,0,0,0,0,2,0,0,0,2026-02-17T10:35:00,2026-03-09T10:29:59,2100-12-01T00:00:00,0,0,800012777,0,0,0,0,0
12778,7202966,7211880,1,crow12778,3118510,0,0,0,0,0,0,1034,9,0,0,0,0,0,0,2,0,0,0,2026-02-17T10:35:00,2026-03-09T10:29:59,2100-12-01T00:00:00,0,0,800012778,0,0,0,0,0
12781,7202967,7211969,1,crow12781,3118513,0,0,0,0,0,0,1023,17,0,0,0,0,0,0,2,0,0,0,2026-02-27T10:35:00,2026-03-19T10:29:59,2100-12-01T00:00:00,0,0,800012781,0,0,0,0,0
12782,7202968,7211970,1,crow12782,3118514,0,0,0,0,0,0,1023,18,0,0,0,0,0,0,2,0,0,0,2026-02-27T10:35:00,2026-03-19T10:29:59,2100-12-01T00:00:00,0,0,800012782,0,0,0,0,0
12783,7202969,7211971,1,crow12783,3118515,0,0,0,0,0,0,1023,19,0,0,0,0,0,0,2,0,0,0,2026-02-27T10:35:00,2026-03-19T10:29:59,2100-12-01T00:00:00,0,0,800012783,0,0,0,0,0
12784,7202970,7210990,1,crow12784,0,0,0,0,0,0,0,1023,16,0,0,0,0,0,0,2,0,0,0,2026-02-27T10:35:00,2026-03-19T10:29:59,2100-12-01T00:00:00,0,0,800011027,0,0,0,0,0
12785,7202971,7211766,1,crow12785,3118516,0,0,0,0,0,0,1023,20,0,0,0,0,0,0,2,0,0,0,2026-02-27T10:35:00,2026-03-19T10:29:59,2100-12-01T00:00:00,0,0,800012072,0,0,0,0,0
12786,7202972,7211767,1,crow12786,3118517,0,0,0,0,0,0,1023,21,0,0,0,0,0,0,2,0,0,0,2026-02-27T10:35:00,2026-03-19T10:29:59,2100-12-01T00:00:00,0,0,800012073,0,0,0,0,0
12787,7202973,7211886,1,crow12787,3118518,0,0,0,0,0,0,1023,22,0,0,0,0,0,0,2,0,0,0,2026-02-27T10:35:00,2026-03-19T10:29:59,2100-12-01T00:00:00,0,0,800011601,0,0,0,0,0
12788,7202974,7211749,1,crow12788,3118519,0,0,0,0,0,0,1023,23,0,0,0,0,0,0,1,0,0,0,2026-02-27T10:35:00,2026-03-19T10:29:59,2100-12-01T00:00:00,0,0,800012400,0,0,0,0,0
12789,7202975,7211836,1,crow12789,3118520,0,0,0,0,0,0,1023,24,0,0,0,0,0,0,2,0,0,0,2026-02-27T10:35:00,2026-03-19T10:29:59,2100-12-01T00:00:00,0,0,800011445,0,0,0,0,0
12790,7202556,7211834,1,crow12790,3118339,0,0,0,0,0,0,1023,16,0,0,0,0,0,0,2,0,0,0,2026-03-06T10:35:00,2026-03-26T10:29:59,2100-12-01T00:00:00,0,0,800012394,0,0,0,0,0
12791,7201166,7211526,1,crow12791,3117824,0,0,0,0,0,0,1023,17,0,0,0,0,0,0,2,0,0,0,2026-03-06T10:35:00,2026-03-26T10:29:59,2100-12-01T00:00:00,0,0,800010253,0,0,0,0,0
12792,7202213,7211529,1,crow12792,3118157,0,0,0,0,0,0,1023,18,0,0,0,2,0,0,3,0,0,0,2026-03-06T10:35:00,2026-03-26T10:29:59,2100-12-01T00:00:00,0,0,800010472,0,0,0,0,0
12793,7202391,7211674,1,crow12793,3118163,0,0,0,0,0,0,1023,19,0,0,0,0,0,0,1,0,0,0,2026-03-06T10:35:00,2026-03-26T10:29:59,2100-12-01T00:00:00,0,0,800010586,0,0,0,0,0
12794,7202984,7211661,1,crow12794,3118521,0,0,0,0,0,0,1023,20,0,0,0,0,0,0,2,0,0,0,2026-03-06T10:35:00,2026-03-26T10:29:59,2100-12-01T00:00:00,0,0,800011908,0,0,0,0,0
12795,7202393,7211470,1,crow12795,3118164,0,0,0,0,0,0,1023,21,0,0,0,0,0,0,2,0,0,0,2026-03-06T10:35:00,2026-03-26T10:29:59,2100-12-01T00:00:00,0,0,800011892,0,0,0,0,0
12796,7202985,7211980,1,crow12796,3118522,0,0,0,0,0,0,1023,18,0,0,0,0,0,0,2,0,0,0,2026-03-13T10:35:00,2026-04-02T10:29:59,2100-12-01T00:00:00,0,0,800012796,0,0,0,0,0
12797,7202986,7211981,1,crow12797,3118523,0,0,0,0,0,0,1023,19,0,0,0,0,0,0,2,0,0,0,2026-03-13T10:35:00,2026-04-02T10:29:59,2100-12-01T00:00:00,0,0,800012797,0,0,0,0,0
12798,7202987,7211982,1,crow12798,3118524,0,0,0,0,0,0,1023,20,0,0,0,0,0,0,2,0,0,0,2026-03-13T10:35:00,2026-04-02T10:29:59,2100-12-01T00:00:00,0,0,800012798,0,0,0,0,0
12799,7202988,7210990,1,crow12799,0,0,0,0,0,0,0,1023,17,0,0,0,0,0,0,2,0,0,0,2026-03-13T10:35:00,2026-04-02T10:29:59,2100-12-01T00:00:00,0,0,800011027,0,0,0,0,0
12800,7202989,7211927,1,crow12800,3118525,0,0,0,0,0,0,1023,21,0,0,0,0,0,0,1,0,0,0,2026-03-13T10:35:00,2026-04-02T10:29:59,2100-12-01T00:00:00,0,0,800012049,0,0,0,0,0
12801,7202990,7211832,1,crow12801,3118526,0,0,0,0,0,0,1023,22,0,0,0,0,0,0,2,0,0,0,2026-03-13T10:35:00,2026-04-02T10:29:59,2100-12-01T00:00:00,0,0,800011727,0,0,0,0,0
12802,7202991,7211590,1,crow12802,3118527,0,0,0,0,0,0,1023,23,0,0,0,0,0,0,2,0,0,0,2026-03-13T10:35:00,2026-04-02T10:29:59,2100-12-01T00:00:00,0,0,800012051,0,0,0,0,0
12803,7202992,7211984,1,crow12803,3118528,0,0,0,0,0,0,1023,24,0,0,0,0,0,0,2,0,0,0,2026-03-13T10:35:00,2026-04-02T10:29:59,2100-12-01T00:00:00,0,0,800011933,0,0,0,0,0
12804,7202266,7211985,1,crow12804,3118529,0,0,0,0,0,0,1023,25,0,0,0,0,0,0,2,0,0,0,2026-03-13T10:35:00,2026-04-02T10:29:59,2100-12-01T00:00:00,0,0,800011546,0,0,0,0,0
12805,7202993,7211983,1,0,3104020,0,0,0,0,0,0,1004,12,0,0,0,1,0,0,1,0,0,0,2026-03-13T10:35:00,2100-12-31T00:00:00,2100-12-01T00:00:00,0,0,710000358,0,0,0,0,0
12806,7201907,7211316,1,crow12806,3117563,0,0,0,0,0,0,1023,17,0,0,0,0,0,0,1,0,0,0,2026-03-19T10:35:00,2026-04-08T10:29:59,2100-12-01T00:00:00,0,0,800011582,0,0,0,0,0
12807,7201919,7211662,1,crow12807,3118032,0,0,0,0,0,0,1023,18,0,0,0,0,0,0,4,0,0,0,2026-03-19T10:35:00,2026-04-08T10:29:59,2100-12-01T00:00:00,0,0,800011744,0,0,0,0,0
12808,7202994,7211895,1,crow12808,3118530,0,0,0,0,0,0,1023,19,0,0,0,2,0,0,5,0,0,0,2026-03-19T10:35:00,2026-04-08T10:29:59,2100-12-01T00:00:00,0,0,800010766,0,0,0,0,0
12809,7202995,7211835,1,crow12809,3118531,0,0,0,0,0,0,1023,20,0,0,0,0,0,0,2,0,0,0,2026-03-19T10:35:00,2026-04-08T10:29:59,2100-12-01T00:00:00,0,0,800011216,0,0,0,0,0
12810,7202996,7211886,1,crow12810,3118532,0,0,0,0,0,0,1023,21,0,0,0,0,0,0,2,0,0,0,2026-03-19T10:35:00,2026-04-08T10:29:59,2100-12-01T00:00:00,0,0,800011601,0,0,0,0,0
12811,7202997,7211837,1,crow12811,3118533,0,0,0,0,0,0,1023,22,0,0,0,0,0,0,2,0,0,0,2026-03-19T10:35:00,2026-04-08T10:29:59,2100-12-01T00:00:00,0,0,800012103,0,0,0,0,0
12812,7203007,7211995,1,crow12812,3118534,0,0,0,0,0,0,1023,19,0,0,0,0,0,0,2,0,0,0,2026-03-27T10:35:00,2026-04-16T10:29:59,2100-12-01T00:00:00,0,0,800012812,0,0,0,0,0
12813,7203008,7211996,1,crow12813,3118535,0,0,0,0,0,0,1023,20,0,0,0,0,0,0,2,0,0,0,2026-03-27T10:35:00,2026-04-16T10:29:59,2100-12-01T00:00:00,0,0,800012813,0,0,0,0,0
12814,7203009,7211997,1,crow12814,3118536,0,0,0,0,0,0,1023,21,0,0,0,0,0,0,2,0,0,0,2026-03-27T10:35:00,2026-04-16T10:29:59,2100-12-01T00:00:00,0,0,800012814,0,0,0,0,0
12815,7203010,7210990,1,crow12815,0,0,0,0,0,0,0,1023,18,0,0,0,0,0,0,2,0,0,0,2026-03-27T10:35:00,2026-04-16T10:29:59,2100-12-01T00:00:00,0,0,800011027,0,0,0,0,0
12816,7203011,7211766,1,crow12816,3118537,0,0,0,0,0,0,1023,25,0,0,0,0,0,0,1,0,0,0,2026-03-27T10:35:00,2026-04-16T10:29:59,2100-12-01T00:00:00,0,0,800012072,0,0,0,0,0
12817,7203012,7211767,1,crow12817,3118538,0,0,0,0,0,0,1023,26,0,0,0,0,0,0,2,0,0,0,2026-03-27T10:35:00,2026-04-16T10:29:59,2100-12-01T00:00:00,0,0,800012073,0,0,0,0,0
12818,7203013,7211749,1,crow12818,3118539,0,0,0,0,0,0,1023,23,0,0,0,0,0,0,2,0,0,0,2026-03-27T10:35:00,2026-04-16T10:29:59,2100-12-01T00:00:00,0,0,800012400,0,0,0,0,0
12819,7203014,7211836,1,crow12819,3118540,0,0,0,0,0,0,1023,27,0,0,0,0,0,0,2,0,0,0,2026-03-27T10:35:00,2026-04-16T10:29:59,2100-12-01T00:00:00,0,0,800011445,0,0,0,0,0
12820,7203015,7211885,1,crow12820,3118541,0,0,0,0,0,0,1023,24,0,0,0,0,0,0,1,0,0,0,2026-03-27T10:35:00,2026-04-16T10:29:59,2100-12-01T00:00:00,0,0,800012656,0,0,0,0,0
12821,7203016,7211998,1,crow12821,3118542,0,0,0,0,0,0,1023,22,0,0,0,0,0,0,2,0,0,0,2026-03-27T10:35:00,2026-04-16T10:29:59,2100-12-01T00:00:00,0,0,800011762,0,0,0,0,0
12822,7202556,7211834,1,crow12822,3118339,0,0,0,0,0,0,1023,20,0,0,0,0,0,0,2,0,0,0,2026-04-03T10:35:00,2026-04-23T10:29:59,2100-12-01T00:00:00,0,0,800012394,0,0,0,0,0
12823,7201166,7211526,1,crow12823,3117824,0,0,0,0,0,0,1023,21,0,0,0,0,0,0,2,0,0,0,2026-04-03T10:35:00,2026-04-23T10:29:59,2100-12-01T00:00:00,0,0,800010253,0,0,0,0,0
12824,7203019,7211529,1,crow12824,3118543,0,0,0,0,0,0,1023,25,0,0,0,2,0,0,3,0,0,0,2026-04-03T10:35:00,2026-04-23T10:29:59,2100-12-01T00:00:00,0,0,800010472,0,0,0,0,0
12825,7203020,7211674,1,crow12825,3118544,0,0,0,0,0,0,1023,22,0,0,0,0,0,0,1,0,0,0,2026-04-03T10:35:00,2026-04-23T10:29:59,2100-12-01T00:00:00,0,0,800010586,0,0,0,0,0
12826,7203021,7211661,1,crow12826,3118545,0,0,0,0,0,0,1023,23,0,0,0,0,0,0,2,0,0,0,2026-04-03T10:35:00,2026-04-23T10:29:59,2100-12-01T00:00:00,0,0,800011908,0,0,0,0,0
12827,7203022,7211470,1,crow12827,3118546,0,0,0,0,0,0,1023,24,0,0,0,0,0,0,2,0,0,0,2026-04-03T10:35:00,2026-04-23T10:29:59,2100-12-01T00:00:00,0,0,800011892,0,0,0,0,0
12828,7203023,7212001,1,crow12828,3118547,0,0,0,0,0,0,1023,25,0,0,0,0,0,0,2,0,0,0,2026-04-10T10:35:00,2026-04-30T10:29:59,2100-12-01T00:00:00,0,0,800012828,0,0,0,0,0
12829,7203024,7212002,1,crow12829,3118548,0,0,0,0,0,0,1023,26,0,0,0,0,0,0,2,0,0,0,2026-04-10T10:35:00,2026-04-30T10:29:59,2100-12-01T00:00:00,0,0,800012829,0,0,0,0,0
12830,7203025,7212003,1,crow12830,3118549,0,0,0,0,0,0,1023,27,0,0,0,0,0,0,2,0,0,0,2026-04-10T10:35:00,2026-04-30T10:29:59,2100-12-01T00:00:00,0,0,800012830,0,0,0,0,0
12831,7203026,7210990,1,crow12831,0,0,0,0,0,0,0,1023,24,0,0,0,0,0,0,2,0,0,0,2026-04-10T10:35:00,2026-04-30T10:29:59,2100-12-01T00:00:00,0,0,800011027,0,0,0,0,0
12832,7203027,7211927,1,crow12832,3118550,0,0,0,0,0,0,1023,28,0,0,0,0,0,0,1,0,0,0,2026-04-10T10:35:00,2026-04-30T10:29:59,2100-12-01T00:00:00,0,0,800012049,0,0,0,0,0
12833,7203028,7212004,1,crow12833,3118551,0,0,0,0,0,0,1023,29,0,0,0,0,0,0,2,0,0,0,2026-04-10T10:35:00,2026-04-30T10:29:59,2100-12-01T00:00:00,0,0,800011727,0,0,0,0,0
12834,7203029,7212005,1,crow12834,3118552,0,0,0,0,0,0,1023,30,0,0,0,0,0,0,2,0,0,0,2026-04-10T10:35:00,2026-04-30T10:29:59,2100-12-01T00:00:00,0,0,800012051,0,0,0,0,0
12835,7203030,7211984,1,crow12835,3118553,0,0,0,0,0,0,1023,31,0,0,0,0,0,0,2,0,0,0,2026-04-10T10:35:00,2026-04-30T10:29:59,2100-12-01T00:00:00,0,0,800011933,0,0,0,0,0
12836,7202173,7211656,1,crow12836,3118018,0,0,0,0,0,0,1023,21,0,0,0,0,0,0,1,0,0,0,2026-04-10T10:35:00,2026-04-30T10:29:59,2100-12-01T00:00:00,0,0,800010584,0,0,0,0,0
12837,7202174,7211242,1,crow12837,3117802,0,0,0,0,0,0,1023,22,0,0,0,2,0,0,3,0,0,0,2026-04-10T10:35:00,2026-04-30T10:29:59,2100-12-01T00:00:00,0,0,800010146,0,0,0,0,0
12838,7202767,7211841,1,crow12838,3118349,0,0,0,0,0,0,1023,23,0,0,0,0,0,0,2,0,0,0,2026-04-10T10:35:00,2026-04-30T10:29:59,2100-12-01T00:00:00,0,0,800012595,0,0,0,0,0
12839,7203033,7212008,1,crow12839,3118558,0,0,0,0,0,0,1025,108,0,0,0,0,0,0,1,0,0,0,2026-04-10T10:35:00,2026-08-28T10:29:59,2100-12-01T00:00:00,680,0,800012839,0,0,0,0,0
12840,7203034,7212009,1,crow12840,3118559,0,0,0,0,0,0,1023,24,0,0,0,0,0,0,10,0,0,0,2026-04-17T10:35:00,2026-05-15T10:29:59,2100-12-01T00:00:00,0,0,800012840,0,0,0,0,0
12841,7203035,7212010,1,crow12841,3118560,0,0,0,0,0,0,1023,25,0,0,0,0,0,0,10,0,0,0,2026-04-17T10:35:00,2026-05-15T10:29:59,2100-12-01T00:00:00,0,0,800012841,0,0,0,0,0
12842,7203036,7212011,1,crow12842,3118561,0,0,0,0,0,0,1023,26,0,0,0,0,0,0,10,0,0,0,2026-04-17T10:35:00,2026-05-15T10:29:59,2100-12-01T00:00:00,0,0,800012842,0,0,0,0,0
12843,7203037,7211687,1,crow12843,3118562,0,0,0,0,0,0,1023,23,0,0,0,0,0,0,1,0,0,0,2026-04-17T10:35:00,2026-05-15T10:29:59,2100-12-01T00:00:00,0,0,800012843,0,0,0,0,0
12844,7203038,7212012,1,crow12844,3118563,0,0,0,0,0,0,1023,22,0,0,0,0,0,0,1,0,0,0,2026-04-17T10:35:00,2026-05-15T10:29:59,2100-12-01T00:00:00,0,0,800012844,0,0,0,0,0
12845,7200975,7210996,1,crow12845,3117639,0,0,0,0,0,0,1023,13,0,0,0,0,0,0,1,0,0,0,2026-04-17T10:35:00,2026-05-07T10:29:59,2100-12-01T00:00:00,0,0,800012159,0,0,0,0,0
12846,7203039,7211835,1,crow12846,3118564,0,0,0,0,0,0,1023,19,0,0,0,0,0,0,2,0,0,0,2026-04-17T10:35:00,2026-05-07T10:29:59,2100-12-01T00:00:00,0,0,800011216,0,0,0,0,0
12847,7203040,7211886,1,crow12847,3118565,0,0,0,0,0,0,1023,20,0,0,0,0,0,0,2,0,0,0,2026-04-17T10:35:00,2026-05-07T10:29:59,2100-12-01T00:00:00,0,0,800011601,0,0,0,0,0
12848,7203041,7212013,1,crow12848,3118566,0,0,0,0,0,0,1023,23,0,0,0,0,0,0,2,0,0,0,2026-04-24T10:35:00,2026-05-18T10:29:59,2100-12-01T00:00:00,0,0,800012848,0,0,0,0,0
12849,7203042,7212014,1,crow12849,3118567,0,0,0,0,0,0,1023,24,0,0,0,0,0,0,2,0,0,0,2026-04-24T10:35:00,2026-05-18T10:29:59,2100-12-01T00:00:00,0,0,800012849,0,0,0,0,0
12850,7203043,7212015,1,crow12850,3118568,0,0,0,0,0,0,1023,25,0,0,0,0,0,0,2,0,0,0,2026-04-24T10:35:00,2026-05-18T10:29:59,2100-12-01T00:00:00,0,0,800012850,0,0,0,0,0
12851,7202339,7211615,1,crow12851,3117965,0,0,0,0,0,0,1023,26,0,0,0,0,0,0,1,0,0,0,2026-04-24T10:35:00,2026-05-14T10:29:59,2100-12-01T00:00:00,0,0,800012172,0,0,0,0,0
12852,7202340,7211616,1,crow12852,3117966,0,0,0,0,0,0,1023,27,0,0,0,0,0,0,1,0,0,0,2026-04-24T10:35:00,2026-05-14T10:29:59,2100-12-01T00:00:00,0,0,800012173,0,0,0,0,0
12853,7202341,7211617,1,crow12853,3118378,0,0,0,0,0,0,1023,28,0,0,0,0,0,0,1,0,0,0,2026-04-24T10:35:00,2026-05-14T10:29:59,2100-12-01T00:00:00,0,0,800012625,0,0,0,0,0
12854,7203044,7212016,1,crow12854,3118569,0,0,0,0,0,0,1023,29,0,0,0,0,0,0,1,0,0,0,2026-04-24T10:35:00,2026-05-14T10:29:59,2100-12-01T00:00:00,0,0,800012854,0,0,0,0,0
12855,7201143,7210226,1,crow12855,0,0,0,0,0,0,0,1037,10,0,0,0,0,0,0,1,0,0,0,2026-04-24T10:35:00,2026-05-14T10:29:59,2100-12-01T00:00:00,0,0,800012855,0,0,0,0,0
12856,7201144,7210497,1,crow12856,0,0,0,0,0,0,0,1037,11,0,0,0,0,0,0,1,0,0,0,2026-04-24T10:35:00,2026-05-14T10:29:59,2100-12-01T00:00:00,0,0,800012856,0,0,0,0,0
12857,7201145,7211130,1,crow12857,3117507,0,0,0,0,0,0,1037,12,0,0,0,0,0,0,1,0,0,0,2026-04-24T10:35:00,2026-05-14T10:29:59,2100-12-01T00:00:00,0,0,800012857,0,0,0,0,0
12858,7201854,7212017,1,crow12858,3118570,0,0,0,0,0,0,1037,13,0,0,0,0,0,0,1,0,0,0,2026-04-24T10:35:00,2026-05-14T10:29:59,2100-12-01T00:00:00,0,0,800012858,0,0,0,0,0
12859,7201855,7212018,1,crow12859,3118571,0,0,0,0,0,0,1037,14,0,0,0,0,0,0,2,0,0,0,2026-04-24T10:35:00,2026-05-14T10:29:59,2100-12-01T00:00:00,0,0,800012859,0,0,0,0,0
12860,7201856,7212019,1,crow12860,3118572,0,0,0,0,0,0,1037,15,0,0,0,0,0,0,2,0,0,0,2026-04-24T10:35:00,2026-05-14T10:29:59,2100-12-01T00:00:00,0,0,800012860,0,0,0,0,0
12861,7201857,7212020,1,crow12861,3118573,0,0,0,0,0,0,1037,16,0,0,0,0,0,0,2,0,0,0,2026-04-24T10:35:00,2026-05-14T10:29:59,2100-12-01T00:00:00,0,0,800012861,0,0,0,0,0
12862,7201858,7212021,1,crow12862,3118574,0,0,0,0,0,0,1037,17,0,0,0,0,0,0,2,0,0,0,2026-04-24T10:35:00,2026-05-14T10:29:59,2100-12-01T00:00:00,0,0,800012862,0,0,0,0,0
12863,7202471,7211960,1,crow12863,3118575,0,0,0,0,0,0,1037,18,0,0,0,0,0,0,1,0,0,0,2026-04-24T10:35:00,2026-05-14T10:29:59,2100-12-01T00:00:00,0,0,800012863,0,0,0,0,0
12864,7202472,7212022,1,crow12864,3118576,0,0,0,0,0,0,1037,19,0,0,0,0,0,0,2,0,0,0,2026-04-24T10:35:00,2026-05-14T10:29:59,2100-12-01T00:00:00,0,0,800012864,0,0,0,0,0
12865,7203045,7212023,1,crow12865,3118577,0,0,0,0,0,0,1023,24,0,0,0,0,0,0,2,0,0,0,2026-05-01T10:35:00,2026-05-25T10:29:59,2100-12-01T00:00:00,0,0,800012865,0,0,0,0,0
12866,7203046,7212024,1,crow12866,3118578,0,0,0,0,0,0,1023,25,0,0,0,0,0,0,2,0,0,0,2026-05-01T10:35:00,2026-05-25T10:29:59,2100-12-01T00:00:00,0,0,800012866,0,0,0,0,0
12867,7203047,7212025,1,crow12867,3118579,0,0,0,0,0,0,1023,26,0,0,0,0,0,0,2,0,0,0,2026-05-01T10:35:00,2026-05-25T10:29:59,2100-12-01T00:00:00,0,0,800012867,0,0,0,0,0
12868,7203048,7212026,1,crow12868,3118580,0,0,0,0,0,0,1023,21,0,0,0,2,0,0,5,0,0,0,2026-05-01T10:35:00,2026-05-21T10:29:59,2100-12-01T00:00:00,0,0,800012317,0,0,0,0,0
12869,7203049,7212027,1,crow12869,3118581,0,0,0,0,0,0,1023,22,0,0,0,2,0,0,5,0,0,0,2026-05-01T10:35:00,2026-05-21T10:29:59,2100-12-01T00:00:00,0,0,800012318,0,0,0,0,0
12870,7203050,7210990,1,crow12870,0,0,0,0,0,0,0,1037,1,0,0,0,0,0,0,2,0,0,0,2026-05-01T10:35:00,2026-05-21T10:29:59,2100-12-01T00:00:00,0,0,800012870,0,0,0,0,0
12871,7202479,7211561,1,crow12871,3118103,0,0,0,0,0,0,1037,2,0,0,0,2,0,0,5,0,0,0,2026-05-01T10:35:00,2026-05-21T10:29:59,2100-12-01T00:00:00,0,0,800012871,0,0,0,0,0
12872,7201165,7210418,1,crow12872,3102843,0,0,0,0,0,0,1037,3,0,0,0,0,0,0,3,0,0,0,2026-05-01T10:35:00,2026-05-21T10:29:59,2100-12-01T00:00:00,0,0,800012872,0,0,0,0,0
12873,7202480,7211271,1,crow12873,3118582,0,0,0,0,0,0,1037,4,0,0,0,0,0,0,1,0,0,0,2026-05-01T10:35:00,2026-05-21T10:29:59,2100-12-01T00:00:00,0,0,800012873,0,0,0,0,0
12874,7202481,7212028,1,crow12874,3118583,0,0,0,0,0,0,1037,5,0,0,0,0,0,0,1,0,0,0,2026-05-01T10:35:00,2026-05-21T10:29:59,2100-12-01T00:00:00,0,0,800012874,0,0,0,0,0
12875,7202482,7212029,1,crow12875,3118584,0,0,0,0,0,0,1037,6,0,0,0,0,0,0,3,0,0,0,2026-05-01T10:35:00,2026-05-21T10:29:59,2100-12-01T00:00:00,0,0,800012875,0,0,0,0,0
12876,7202483,7212030,1,crow12876,3118585,0,0,0,0,0,0,1037,7,0,0,0,0,0,0,2,0,0,0,2026-05-01T10:35:00,2026-05-21T10:29:59,2100-12-01T00:00:00,0,0,800012876,0,0,0,0,0
12877,7202484,7211428,1,crow12877,3118108,0,0,0,0,0,0,1037,8,0,0,0,0,0,0,2,0,0,0,2026-05-01T10:35:00,2026-05-21T10:29:59,2100-12-01T00:00:00,0,0,800012877,0,0,0,0,0
12878,7203051,7212031,1,crow12878,3118586,0,0,0,0,0,0,1037,9,0,0,0,0,0,0,2,0,0,0,2026-05-01T10:35:00,2026-05-21T10:29:59,2100-12-01T00:00:00,0,0,800012878,0,0,0,0,0
12879,7203052,7212032,1,0,3118587,0,0,0,0,0,0,1001,1,0,0,0,1,0,0,1,1,0,0,2026-04-24T10:35:00,2026-05-14T23:59:59,2100-12-01T00:00:00,0,0,801110031,0,0,0,0,0
12880,7203068,7212044,1,crow12880,3118588,0,0,0,0,0,0,1039,2,0,0,0,3,0,0,2,0,0,0,2026-04-24T10:35:00,2026-08-28T10:29:59,2100-12-01T00:00:00,0,0,800012851,0,0,0,0,0
12881,7203071,7212048,1,0,3108019,0,0,0,0,0,0,1008,18,0,0,0,3,0,0,20,0,0,0,2026-04-24T10:35:00,2026-08-28T10:29:59,2100-12-01T00:00:00,0,0,710000293,0,0,0,0,0
12882,7202556,7212049,1,crow12882,3118589,0,0,0,0,0,0,1023,18,0,0,0,0,0,0,2,0,0,0,2026-05-07T10:35:00,2026-05-27T10:29:59,2100-12-01T00:00:00,0,0,800012394,0,0,0,0,0
12883,7201907,7212050,1,crow12883,3118590,0,0,0,0,0,0,1023,19,0,0,0,0,0,0,1,0,0,0,2026-05-07T10:35:00,2026-05-27T10:29:59,2100-12-01T00:00:00,0,0,800011582,0,0,0,0,0
12884,7201376,7212051,1,crow12884,3118591,0,0,0,0,0,0,1023,20,0,0,0,2,0,0,3,0,0,0,2026-05-07T10:35:00,2026-05-27T10:29:59,2100-12-01T00:00:00,0,0,800010472,0,0,0,0,0
12885,7203072,7212052,1,crow12885,3118592,0,0,0,0,0,0,1023,21,0,0,0,0,0,0,1,0,0,0,2026-05-07T10:35:00,2026-05-27T10:29:59,2100-12-01T00:00:00,0,0,800010586,0,0,0,0,0
12886,7203073,7212053,1,crow12886,3118593,0,0,0,0,0,0,1023,22,0,0,0,0,0,0,2,0,0,0,2026-05-07T10:35:00,2026-05-27T10:29:59,2100-12-01T00:00:00,0,0,800012887,0,0,0,0,0
12887,7203074,7212054,1,crow12887,3118594,0,0,0,0,0,0,1023,23,0,0,0,0,0,0,2,0,0,0,2026-05-07T10:35:00,2026-05-27T10:29:59,2100-12-01T00:00:00,0,0,800011892,0,0,0,0,0
12888,7203075,7212057,1,crow12888,3118597,0,0,0,0,0,0,1023,18,0,0,0,0,0,0,2,0,0,0,2026-05-15T10:35:00,2026-06-04T10:29:59,2100-12-01T00:00:00,0,0,800012888,0,0,0,0,0
12889,7203076,7212058,1,crow12889,3118598,0,0,0,0,0,0,1023,19,0,0,0,0,0,0,2,0,0,0,2026-05-15T10:35:00,2026-06-04T10:29:59,2100-12-01T00:00:00,0,0,800012889,0,0,0,0,0
12890,7203077,7212059,1,crow12890,3118599,0,0,0,0,0,0,1023,20,0,0,0,0,0,0,2,0,0,0,2026-05-15T10:35:00,2026-06-04T10:29:59,2100-12-01T00:00:00,0,0,800012890,0,0,0,0,0
12891,7203078,7210990,1,crow12891,0,0,0,0,0,0,0,1023,17,0,0,0,0,0,0,2,0,0,0,2026-05-15T10:35:00,2026-06-04T10:29:59,2100-12-01T00:00:00,0,0,800011027,0,0,0,0,0
12892,7203079,7212060,1,crow12892,3118600,0,0,0,0,0,0,1023,21,0,0,0,0,0,0,1,0,0,0,2026-05-15T10:35:00,2026-06-04T10:29:59,2100-12-01T00:00:00,0,0,800012049,0,0,0,0,0
12893,7203080,7212061,1,crow12893,3118601,0,0,0,0,0,0,1023,22,0,0,0,0,0,0,2,0,0,0,2026-05-15T10:35:00,2026-06-04T10:29:59,2100-12-01T00:00:00,0,0,800011727,0,0,0,0,0
12894,7203081,7212005,1,crow12894,3118602,0,0,0,0,0,0,1023,23,0,0,0,0,0,0,2,0,0,0,2026-05-15T10:35:00,2026-06-04T10:29:59,2100-12-01T00:00:00,0,0,800012051,0,0,0,0,0
12895,7203082,7212062,1,crow12895,3118603,0,0,0,0,0,0,1023,24,0,0,0,0,0,0,2,0,0,0,2026-05-15T10:35:00,2026-06-04T10:29:59,2100-12-01T00:00:00,0,0,800011933,0,0,0,0,0
12896,7202266,7212063,1,crow12896,3118604,0,0,0,0,0,0,1023,25,0,0,0,0,0,0,2,0,0,0,2026-05-15T10:35:00,2026-06-04T10:29:59,2100-12-01T00:00:00,0,0,800011546,0,0,0,0,0
12897,7201166,7212065,1,crow12897,3118605,0,0,0,0,0,0,1023,17,0,0,0,0,0,0,2,0,0,0,2026-05-22T10:35:00,2026-06-11T10:29:59,2100-12-01T00:00:00,0,0,800010253,0,0,0,0,0
12898,7201919,7212066,1,crow12898,3118606,0,0,0,0,0,0,1023,18,0,0,0,0,0,0,4,0,0,0,2026-05-22T10:35:00,2026-06-11T10:29:59,2100-12-01T00:00:00,0,0,800011744,0,0,0,0,0
12899,7203084,7212067,1,crow12899,3118607,0,0,0,0,0,0,1023,19,0,0,0,2,0,0,5,0,0,0,2026-05-22T10:35:00,2026-06-11T10:29:59,2100-12-01T00:00:00,0,0,800010766,0,0,0,0,0
12900,7202625,7212068,1,crow12900,3118608,0,0,0,0,0,0,1023,20,0,0,0,0,0,0,2,0,0,0,2026-05-22T10:35:00,2026-06-11T10:29:59,2100-12-01T00:00:00,0,0,800011216,0,0,0,0,0
12901,7203085,7212069,1,crow12901,3118609,0,0,0,0,0,0,1023,21,0,0,0,0,0,0,2,0,0,0,2026-05-22T10:35:00,2026-06-11T10:29:59,2100-12-01T00:00:00,0,0,800011601,0,0,0,0,0
12902,7203086,7212070,1,crow12902,3118610,0,0,0,0,0,0,1023,22,0,0,0,0,0,0,2,0,0,0,2026-05-22T10:35:00,2026-06-11T10:29:59,2100-12-01T00:00:00,0,0,800012902,0,0,0,0,0
12903,7203087,7212071,1,crow12903,3118611,0,0,0,0,0,0,1023,17,0,0,0,0,0,0,2,0,0,0,2026-06-01T10:35:00,2026-06-21T10:29:59,2100-12-01T00:00:00,0,0,800012903,0,0,0,0,0
12904,7203088,7212072,1,crow12904,3118612,0,0,0,0,0,0,1023,18,0,0,0,0,0,0,2,0,0,0,2026-06-01T10:35:00,2026-06-21T10:29:59,2100-12-01T00:00:00,0,0,800012904,0,0,0,0,0
12905,7203089,7212073,1,crow12905,3118613,0,0,0,0,0,0,1023,19,0,0,0,0,0,0,2,0,0,0,2026-06-01T10:35:00,2026-06-21T10:29:59,2100-12-01T00:00:00,0,0,800012905,0,0,0,0,0
12906,7203090,7210990,1,crow12906,0,0,0,0,0,0,0,1023,16,0,0,0,0,0,0,2,0,0,0,2026-06-01T10:35:00,2026-06-21T10:29:59,2100-12-01T00:00:00,0,0,800011027,0,0,0,0,0
12907,7203091,7212074,1,crow12907,3118614,0,0,0,0,0,0,1023,21,0,0,0,0,0,0,1,0,0,0,2026-06-01T10:35:00,2026-06-21T10:29:59,2100-12-01T00:00:00,0,0,800012072,0,0,0,0,0
12908,7203092,7212075,1,crow12908,3118615,0,0,0,0,0,0,1023,22,0,0,0,0,0,0,2,0,0,0,2026-06-01T10:35:00,2026-06-21T10:29:59,2100-12-01T00:00:00,0,0,800012073,0,0,0,0,0
12909,7203093,7212076,1,crow12909,3118616,0,0,0,0,0,0,1023,23,0,0,0,0,0,0,2,0,0,0,2026-06-01T10:35:00,2026-06-21T10:29:59,2100-12-01T00:00:00,0,0,800012400,0,0,0,0,0
12910,7203094,7212077,1,crow12910,3118617,0,0,0,0,0,0,1023,24,0,0,0,0,0,0,2,0,0,0,2026-06-01T10:35:00,2026-06-21T10:29:59,2100-12-01T00:00:00,0,0,800011445,0,0,0,0,0
12911,7203095,7212078,1,crow12911,3118618,0,0,0,0,0,0,1023,25,0,0,0,0,0,0,1,0,0,0,2026-06-01T10:35:00,2026-06-21T10:29:59,2100-12-01T00:00:00,0,0,800012656,0,0,0,0,0
12912,7203096,7211998,1,crow12912,3118619,0,0,0,0,0,0,1023,20,0,0,0,0,0,0,2,0,0,0,2026-06-01T10:35:00,2026-06-21T10:29:59,2100-12-01T00:00:00,0,0,800011762,0,0,0,0,0
12913,7202556,7212049,1,crow12913,3118589,0,0,0,0,0,0,1023,17,0,0,0,0,0,0,2,0,0,0,2026-06-08T10:35:00,2026-06-28T10:29:59,2100-12-01T00:00:00,0,0,800012394,0,0,0,0,0
12914,7201907,7212050,1,crow12914,3118590,0,0,0,0,0,0,1023,18,0,0,0,0,0,0,1,0,0,0,2026-06-08T10:35:00,2026-06-28T10:29:59,2100-12-01T00:00:00,0,0,800011582,0,0,0,0,0
12915,7203106,7212051,1,crow12915,3118620,0,0,0,0,0,0,1023,22,0,0,0,2,0,0,3,0,0,0,2026-06-08T10:35:00,2026-06-28T10:29:59,2100-12-01T00:00:00,0,0,800010472,0,0,0,0,0
12916,7203107,7212052,1,crow12916,3118621,0,0,0,0,0,0,1023,19,0,0,0,0,0,0,1,0,0,0,2026-06-08T10:35:00,2026-06-28T10:29:59,2100-12-01T00:00:00,0,0,800010586,0,0,0,0,0
12917,7203108,7212053,1,crow12917,3118622,0,0,0,0,0,0,1023,20,0,0,0,0,0,0,2,0,0,0,2026-06-08T10:35:00,2026-06-28T10:29:59,2100-12-01T00:00:00,0,0,800012887,0,0,0,0,0
12918,7203109,7212054,1,crow12918,3118623,0,0,0,0,0,0,1023,21,0,0,0,0,0,0,2,0,0,0,2026-06-08T10:35:00,2026-06-28T10:29:59,2100-12-01T00:00:00,0,0,800011892,0,0,0,0,0
12919,7203110,7212086,1,crow12919,3118624,0,0,0,0,0,0,1023,21,0,0,0,0,0,0,2,0,0,0,2026-06-16T10:35:00,2026-07-06T10:29:59,2100-12-01T00:00:00,0,0,800012919,0,0,0,0,0
12920,7203111,7212087,1,crow12920,3118625,0,0,0,0,0,0,1023,22,0,0,0,0,0,0,2,0,0,0,2026-06-16T10:35:00,2026-07-06T10:29:59,2100-12-01T00:00:00,0,0,800012920,0,0,0,0,0
12921,7203112,7212088,1,crow12921,3118626,0,0,0,0,0,0,1023,28,0,0,0,0,0,0,2,0,0,0,2026-06-16T10:35:00,2026-07-06T10:29:59,2100-12-01T00:00:00,0,0,800012921,0,0,0,0,0
12922,7203113,7210990,1,crow12922,0,0,0,0,0,0,0,1023,20,0,0,0,0,0,0,2,0,0,0,2026-06-16T10:35:00,2026-07-06T10:29:59,2100-12-01T00:00:00,0,0,800011027,0,0,0,0,0
12923,7203114,7212060,1,crow12923,3118627,0,0,0,0,0,0,1023,23,0,0,0,0,0,0,1,0,0,0,2026-06-16T10:35:00,2026-07-06T10:29:59,2100-12-01T00:00:00,0,0,800012049,0,0,0,0,0
12924,7203115,7212061,1,crow12924,3118628,0,0,0,0,0,0,1023,24,0,0,0,0,0,0,2,0,0,0,2026-06-16T10:35:00,2026-07-06T10:29:59,2100-12-01T00:00:00,0,0,800011727,0,0,0,0,0
12925,7203116,7212005,1,crow12925,3118629,0,0,0,0,0,0,1023,25,0,0,0,0,0,0,2,0,0,0,2026-06-16T10:35:00,2026-07-06T10:29:59,2100-12-01T00:00:00,0,0,800012051,0,0,0,0,0
12926,7203117,7212063,1,crow12926,3118630,0,0,0,0,0,0,1023,26,0,0,0,0,0,0,2,0,0,0,2026-06-16T10:35:00,2026-07-06T10:29:59,2100-12-01T00:00:00,0,0,800011546,0,0,0,0,0
12927,7203118,7212062,1,crow12927,3118631,0,0,0,0,0,0,1023,27,0,0,0,0,0,0,2,0,0,0,2026-06-16T10:35:00,2026-07-06T10:29:59,2100-12-01T00:00:00,0,0,800011933,0,0,0,0,0
12928,7201166,7212065,1,crow12928,3118605,0,0,0,0,0,0,1023,22,0,0,0,0,0,0,2,0,0,0,2026-06-22T10:35:00,2026-07-12T10:29:59,2100-12-01T00:00:00,0,0,800010253,0,0,0,0,0
12929,7201919,7212066,1,crow12929,3118606,0,0,0,0,0,0,1023,23,0,0,0,0,0,0,4,0,0,0,2026-06-22T10:35:00,2026-07-12T10:29:59,2100-12-01T00:00:00,0,0,800011744,0,0,0,0,0
12930,7203119,7212067,1,crow12930,3118632,0,0,0,0,0,0,1023,24,0,0,0,2,0,0,5,0,0,0,2026-06-22T10:35:00,2026-07-12T10:29:59,2100-12-01T00:00:00,0,0,800010766,0,0,0,0,0
12931,7203120,7212068,1,crow12931,3118633,0,0,0,0,0,0,1023,25,0,0,0,0,0,0,2,0,0,0,2026-06-22T10:35:00,2026-07-12T10:29:59,2100-12-01T00:00:00,0,0,800011216,0,0,0,0,0
12932,7203121,7212069,1,crow12932,3118634,0,0,0,0,0,0,1023,26,0,0,0,0,0,0,2,0,0,0,2026-06-22T10:35:00,2026-07-12T10:29:59,2100-12-01T00:00:00,0,0,800011601,0,0,0,0,0
12933,7203122,7212070,1,crow12933,3118635,0,0,0,0,0,0,1023,27,0,0,0,0,0,0,2,0,0,0,2026-06-22T10:35:00,2026-07-12T10:29:59,2100-12-01T00:00:00,0,0,800012902,0,0,0,0,0
12934,7203123,7212089,1,crow12934,3118636,0,0,0,0,0,0,1023,32,0,0,0,0,0,0,2,0,0,0,2026-06-29T10:35:00,2026-07-19T10:29:59,2100-12-01T00:00:00,0,0,800012934,0,0,0,0,0
12935,7203124,7212090,1,crow12935,3118637,0,0,0,0,0,0,1023,33,0,0,0,0,0,0,2,0,0,0,2026-06-29T10:35:00,2026-07-19T10:29:59,2100-12-01T00:00:00,0,0,800012935,0,0,0,0,0
12936,7203125,7212091,1,crow12936,3118638,0,0,0,0,0,0,1023,34,0,0,0,0,0,0,2,0,0,0,2026-06-29T10:35:00,2026-07-19T10:29:59,2100-12-01T00:00:00,0,0,800012936,0,0,0,0,0
12937,7203126,7210990,1,crow12937,0,0,0,0,0,0,0,1023,31,0,0,0,0,0,0,2,0,0,0,2026-06-29T10:35:00,2026-07-19T10:29:59,2100-12-01T00:00:00,0,0,800011027,0,0,0,0,0
12938,7203127,7212074,1,crow12938,3118639,0,0,0,0,0,0,1023,38,0,0,0,0,0,0,1,0,0,0,2026-06-29T10:35:00,2026-07-19T10:29:59,2100-12-01T00:00:00,0,0,800012072,0,0,0,0,0
12939,7203128,7212075,1,crow12939,3118640,0,0,0,0,0,0,1023,39,0,0,0,0,0,0,2,0,0,0,2026-06-29T10:35:00,2026-07-19T10:29:59,2100-12-01T00:00:00,0,0,800012073,0,0,0,0,0
12940,7203129,7212076,1,crow12940,3118641,0,0,0,0,0,0,1023,36,0,0,0,0,0,0,2,0,0,0,2026-06-29T10:35:00,2026-07-19T10:29:59,2100-12-01T00:00:00,0,0,800012400,0,0,0,0,0
12941,7203130,7212077,1,crow12941,3118642,0,0,0,0,0,0,1023,40,0,0,0,0,0,0,2,0,0,0,2026-06-29T10:35:00,2026-07-19T10:29:59,2100-12-01T00:00:00,0,0,800011445,0,0,0,0,0
12942,7203131,7212078,1,crow12942,3118643,0,0,0,0,0,0,1023,37,0,0,0,0,0,0,1,0,0,0,2026-06-29T10:35:00,2026-07-19T10:29:59,2100-12-01T00:00:00,0,0,800012656,0,0,0,0,0
12943,7203132,7211998,1,crow12943,3118644,0,0,0,0,0,0,1023,35,0,0,0,0,0,0,2,0,0,0,2026-06-29T10:35:00,2026-07-19T10:29:59,2100-12-01T00:00:00,0,0,800011762,0,0,0,0,0
12944,7202173,7211656,1,crow12944,3118018,0,0,0,0,0,0,1023,28,0,0,0,0,0,0,1,0,0,0,2026-06-29T10:35:00,2026-07-19T10:29:59,2100-12-01T00:00:00,0,0,800010584,0,0,0,0,0
12945,7202174,7211242,1,crow12945,3117802,0,0,0,0,0,0,1023,29,0,0,0,2,0,0,3,0,0,0,2026-06-29T10:35:00,2026-07-19T10:29:59,2100-12-01T00:00:00,0,0,800010146,0,0,0,0,0
12946,7202767,7211841,1,crow12946,3118349,0,0,0,0,0,0,1023,30,0,0,0,0,0,0,2,0,0,0,2026-06-29T10:35:00,2026-07-19T10:29:59,2100-12-01T00:00:00,0,0,800012595,0,0,0,0,0
12947,7203135,7212094,1,crow12947,3118649,0,0,0,0,0,0,1025,108,0,0,0,0,0,0,1,0,0,0,2026-06-29T10:35:00,2026-08-28T10:29:59,2100-12-01T00:00:00,720,0,800012947,0,0,0,0,0
12948,7203137,7212096,1,crow12948,3118650,0,0,0,0,0,0,1025,3,0,0,0,0,0,0,5,0,0,0,2026-06-29T10:35:00,2026-08-28T10:29:59,2100-12-01T00:00:00,0,0,800012948,0,0,0,0,0
12949,7203145,7212104,1,crow12949,3118651,0,0,0,0,0,0,1023,36,0,0,0,0,0,0,10,0,0,0,2026-07-07T10:35:00,2026-08-07T10:29:59,2100-12-01T00:00:00,0,0,800012949,0,0,0,0,0
12950,7203146,7212105,1,crow12950,3118652,0,0,0,0,0,0,1023,37,0,0,0,0,0,0,10,0,0,0,2026-07-07T10:35:00,2026-08-07T10:29:59,2100-12-01T00:00:00,0,0,800012950,0,0,0,0,0
12951,7203147,7212106,1,crow12951,3118653,0,0,0,0,0,0,1023,38,0,0,0,0,0,0,10,0,0,0,2026-07-07T10:35:00,2026-08-07T10:29:59,2100-12-01T00:00:00,0,0,800012951,0,0,0,0,0
12952,7203148,7212107,1,crow12952,3118654,0,0,0,0,0,0,1023,34,0,0,0,0,0,0,1,0,0,0,2026-07-07T10:35:00,2026-08-07T10:29:59,2100-12-01T00:00:00,0,0,800012952,0,0,0,0,0
12953,7203149,7212108,1,crow12953,3118655,0,0,0,0,0,0,1023,35,0,0,0,0,0,0,1,0,0,0,2026-07-07T10:35:00,2026-08-07T10:29:59,2100-12-01T00:00:00,0,0,800012953,0,0,0,0,0
12954,7200975,7210996,1,crow12954,3117639,0,0,0,0,0,0,1023,13,0,0,0,0,0,0,1,0,0,0,2026-07-07T10:35:00,2026-07-27T10:29:59,2100-12-01T00:00:00,0,0,800012159,0,0,0,0,0
12955,7203150,7211835,1,crow12955,3118656,0,0,0,0,0,0,1023,19,0,0,0,0,0,0,2,0,0,0,2026-07-07T10:35:00,2026-07-27T10:29:59,2100-12-01T00:00:00,0,0,800011216,0,0,0,0,0
12956,7203151,7211886,1,crow12956,3118657,0,0,0,0,0,0,1023,20,0,0,0,0,0,0,2,0,0,0,2026-07-07T10:35:00,2026-07-27T10:29:59,2100-12-01T00:00:00,0,0,800011601,0,0,0,0,0
12957,7203154,7212111,1,crow12957,3118658,0,0,0,0,0,0,1023,27,0,0,0,0,0,0,2,0,0,0,2026-07-14T10:35:00,2026-08-07T10:29:59,2100-12-01T00:00:00,0,0,800012999,0,0,0,0,0
12958,7203155,7212112,1,crow12958,3118659,0,0,0,0,0,0,1023,28,0,0,0,0,0,0,2,0,0,0,2026-07-14T10:35:00,2026-08-07T10:29:59,2100-12-01T00:00:00,0,0,800012955,0,0,0,0,0
12959,7203156,7212113,1,crow12959,3118660,0,0,0,0,0,0,1023,29,0,0,0,0,0,0,2,0,0,0,2026-07-14T10:35:00,2026-08-07T10:29:59,2100-12-01T00:00:00,0,0,800012956,0,0,0,0,0
12960,7202339,7211615,1,crow12960,3117965,0,0,0,0,0,0,1023,30,0,0,0,0,0,0,1,0,0,0,2026-07-14T10:35:00,2026-08-03T10:29:59,2100-12-01T00:00:00,0,0,800012172,0,0,0,0,0
12961,7202340,7211616,1,crow12961,3117966,0,0,0,0,0,0,1023,31,0,0,0,0,0,0,1,0,0,0,2026-07-14T10:35:00,2026-08-03T10:29:59,2100-12-01T00:00:00,0,0,800012173,0,0,0,0,0
12962,7202341,7211617,1,crow12962,3118378,0,0,0,0,0,0,1023,32,0,0,0,0,0,0,1,0,0,0,2026-07-14T10:35:00,2026-08-03T10:29:59,2100-12-01T00:00:00,0,0,800012625,0,0,0,0,0
12963,7203044,7212016,1,crow12963,3118661,0,0,0,0,0,0,1023,33,0,0,0,0,0,0,1,0,0,0,2026-07-14T10:35:00,2026-08-03T10:29:59,2100-12-01T00:00:00,0,0,800012967,0,0,0,0,0
12964,7203157,7210226,1,crow12964,0,0,0,0,0,0,0,1037,10,0,0,0,0,0,0,1,0,0,0,2026-07-14T10:35:00,2026-08-03T10:29:59,2100-12-01T00:00:00,0,0,800012957,0,0,0,0,0
12965,7203158,7210497,1,crow12965,0,0,0,0,0,0,0,1037,11,0,0,0,0,0,0,1,0,0,0,2026-07-14T10:35:00,2026-08-03T10:29:59,2100-12-01T00:00:00,0,0,800012958,0,0,0,0,0
12966,7203159,7211130,1,crow12966,3118681,0,0,0,0,0,0,1037,12,0,0,0,0,0,0,2,0,0,0,2026-07-14T10:35:00,2026-08-03T10:29:59,2100-12-01T00:00:00,0,0,800012959,0,0,0,0,0
12967,7203160,7212017,1,crow12967,3118662,0,0,0,0,0,0,1037,13,0,0,0,3,0,0,1,0,0,0,2026-07-14T10:35:00,2026-08-03T10:29:59,2100-12-01T00:00:00,0,0,800012960,0,0,0,0,0
12968,7203161,7212018,1,crow12968,3118663,0,0,0,0,0,0,1037,14,0,0,0,0,0,0,2,0,0,0,2026-07-14T10:35:00,2026-08-03T10:29:59,2100-12-01T00:00:00,0,0,800012961,0,0,0,0,0
12969,7203162,7212019,1,crow12969,3118664,0,0,0,0,0,0,1037,15,0,0,0,3,0,0,2,0,0,0,2026-07-14T10:35:00,2026-08-03T10:29:59,2100-12-01T00:00:00,0,0,800012962,0,0,0,0,0
12970,7203163,7212020,1,crow12970,3118665,0,0,0,0,0,0,1037,16,0,0,0,3,0,0,2,0,0,0,2026-07-14T10:35:00,2026-08-03T10:29:59,2100-12-01T00:00:00,0,0,800012963,0,0,0,0,0
12971,7203164,7212021,1,crow12971,3118666,0,0,0,0,0,0,1037,17,0,0,0,0,0,0,2,0,0,0,2026-07-14T10:35:00,2026-08-03T10:29:59,2100-12-01T00:00:00,0,0,800012964,0,0,0,0,0
12972,7203165,7211960,1,crow12972,3118667,0,0,0,0,0,0,1037,18,0,0,0,3,0,0,1,0,0,0,2026-07-14T10:35:00,2026-08-03T10:29:59,2100-12-01T00:00:00,0,0,800012965,0,0,0,0,0
12973,7203166,7212022,1,crow12973,3118668,0,0,0,0,0,0,1037,19,0,0,0,0,0,0,2,0,0,0,2026-07-14T10:35:00,2026-08-03T10:29:59,2100-12-01T00:00:00,0,0,800012966,0,0,0,0,0
12974,7203173,7212115,1,crow12974,3118669,0,0,0,0,0,0,1023,24,0,0,0,0,0,0,2,0,0,0,2026-07-22T10:35:00,2026-08-13T10:29:59,2100-12-01T00:00:00,0,0,800012968,0,0,0,0,0
12975,7203174,7212116,1,crow12975,3118670,0,0,0,0,0,0,1023,25,0,0,0,0,0,0,2,0,0,0,2026-07-22T10:35:00,2026-08-13T10:29:59,2100-12-01T00:00:00,0,0,800012969,0,0,0,0,0
12976,7203175,7212117,1,crow12976,3118671,0,0,0,0,0,0,1023,26,0,0,0,0,0,0,2,0,0,0,2026-07-22T10:35:00,2026-08-13T10:29:59,2100-12-01T00:00:00,0,0,800012970,0,0,0,0,0
12977,7203176,7212026,1,crow12977,3118672,0,0,0,0,0,0,1023,22,0,0,0,2,0,0,5,0,0,0,2026-07-22T10:35:00,2026-08-11T10:29:59,2100-12-01T00:00:00,0,0,800012317,0,0,0,0,0
12978,7203177,7212027,1,crow12978,3118673,0,0,0,0,0,0,1023,23,0,0,0,2,0,0,5,0,0,0,2026-07-22T10:35:00,2026-08-11T10:29:59,2100-12-01T00:00:00,0,0,800012318,0,0,0,0,0
12979,7203178,7210990,1,crow12979,0,0,0,0,0,0,0,1037,1,0,0,0,0,0,0,2,0,0,0,2026-07-22T10:35:00,2026-08-11T10:29:59,2100-12-01T00:00:00,0,0,800012971,0,0,0,0,0
12980,7203179,7211561,1,crow12980,3118682,0,0,0,0,0,0,1037,2,0,0,0,2,0,0,5,0,0,0,2026-07-22T10:35:00,2026-08-11T10:29:59,2100-12-01T00:00:00,0,0,800012972,0,0,0,0,0
12981,7203180,7210418,1,crow12981,3118683,0,0,0,0,0,0,1037,3,0,0,0,0,0,0,3,0,0,0,2026-07-22T10:35:00,2026-08-11T10:29:59,2100-12-01T00:00:00,0,0,800012973,0,0,0,0,0
12982,7203181,7211271,1,crow12982,3118674,0,0,0,0,0,0,1037,4,0,0,0,0,0,0,1,0,0,0,2026-07-22T10:35:00,2026-08-11T10:29:59,2100-12-01T00:00:00,0,0,800012974,0,0,0,0,0
12983,7203182,7212028,1,crow12983,3118675,0,0,0,0,0,0,1037,5,0,0,0,0,0,0,1,0,0,0,2026-07-22T10:35:00,2026-08-11T10:29:59,2100-12-01T00:00:00,0,0,800012975,0,0,0,0,0
12984,7203183,7212029,1,crow12984,3118676,0,0,0,0,0,0,1037,6,0,0,0,3,0,0,3,0,0,0,2026-07-22T10:35:00,2026-08-11T10:29:59,2100-12-01T00:00:00,0,0,800012976,0,0,0,0,0
12985,7203184,7212030,1,crow12985,3118677,0,0,0,0,0,0,1037,7,0,0,0,3,0,0,2,0,0,0,2026-07-22T10:35:00,2026-08-11T10:29:59,2100-12-01T00:00:00,0,0,800012977,0,0,0,0,0
12986,7203185,7211428,1,crow12986,3118678,0,0,0,0,0,0,1037,8,0,0,0,3,0,0,2,0,0,0,2026-07-22T10:35:00,2026-08-11T10:29:59,2100-12-01T00:00:00,0,0,800012978,0,0,0,0,0
12987,7203186,7212031,1,crow12987,3118680,0,0,0,0,0,0,1037,9,0,0,0,0,0,0,2,0,0,0,2026-07-22T10:35:00,2026-08-11T10:29:59,2100-12-01T00:00:00,0,0,800012979,0,0,0,0,0
12988,7203153,7212110,1,0,3118679,0,0,0,0,0,0,1001,1,0,0,0,1,0,0,1,1,0,0,2026-07-14T10:35:00,2026-08-05T23:59:59,2100-12-01T00:00:00,0,0,801110032,0,0,0,0,0
12989,7202556,7212049,1,crow12989,3118589,0,0,0,0,0,0,1023,16,0,0,0,0,0,0,2,0,0,0,2026-07-30T10:35:00,2026-08-12T10:29:59,2100-12-01T00:00:00,0,0,800012394,0,0,0,0,0
12990,7201907,7212050,1,crow12990,3118590,0,0,0,0,0,0,1023,17,0,0,0,0,0,0,1,0,0,0,2026-07-30T10:35:00,2026-08-12T10:29:59,2100-12-01T00:00:00,0,0,800011582,0,0,0,0,0
12991,7201376,7212051,1,crow12991,3118591,0,0,0,0,0,0,1023,18,0,0,0,2,0,0,3,0,0,0,2026-07-30T10:35:00,2026-08-12T10:29:59,2100-12-01T00:00:00,0,0,800010472,0,0,0,0,0
12992,7203072,7212052,1,crow12992,3118592,0,0,0,0,0,0,1023,19,0,0,0,0,0,0,1,0,0,0,2026-07-30T10:35:00,2026-08-12T10:29:59,2100-12-01T00:00:00,0,0,800010586,0,0,0,0,0
12993,7203073,7212053,1,crow12993,3118593,0,0,0,0,0,0,1023,20,0,0,0,0,0,0,2,0,0,0,2026-07-30T10:35:00,2026-08-12T10:29:59,2100-12-01T00:00:00,0,0,800012887,0,0,0,0,0
12994,7203074,7212054,1,crow12994,3118594,0,0,0,0,0,0,1023,21,0,0,0,0,0,0,2,0,0,0,2026-07-30T10:35:00,2026-08-12T10:29:59,2100-12-01T00:00:00,0,0,800011892,0,0,0,0,0
12995,7203195,7212132,1,crow12995,3118686,0,0,0,0,0,0,1023,1,0,0,0,0,0,0,2,0,0,0,2026-08-06T10:35:00,2026-08-13T10:29:59,2100-12-01T00:00:00,0,0,800012980,0,0,0,0,0
12996,7203196,7212133,1,crow12996,3118687,0,0,0,0,0,0,1023,2,0,0,0,0,0,0,2,0,0,0,2026-08-06T10:35:00,2026-08-13T10:29:59,2100-12-01T00:00:00,0,0,800012981,0,0,0,0,0
12997,7203197,7212134,1,crow12997,3118688,0,0,0,0,0,0,1023,3,0,0,0,0,0,0,2,0,0,0,2026-08-06T10:35:00,2026-08-13T10:29:59,2100-12-01T00:00:00,0,0,800012982,0,0,0,0,0
12998,7203198,7210990,1,crow12998,0,0,0,0,0,0,0,1023,4,0,0,0,0,0,0,2,0,0,0,2026-08-06T10:35:00,2026-08-13T10:29:59,2100-12-01T00:00:00,0,0,800011027,0,0,0,0,0
12999,7203199,7212060,1,crow12999,3118689,0,0,0,0,0,0,1023,5,0,0,0,0,0,0,1,0,0,0,2026-08-06T10:35:00,2026-08-13T10:29:59,2100-12-01T00:00:00,0,0,800012049,0,0,0,0,0
13001,7200028,7210075,1,0,3114002,0,0,0,0,0,0,4027,10,0,0,0,0,0,0,1,0,0,0,2021-07-30T12:00:00,2100-12-31T00:00:00,2100-12-01T00:00:00,0,1020401,710007001,0,0,0,0,0
13003,7200030,7210077,1,0,3114004,0,0,0,0,0,0,4027,2,0,0,0,0,0,0,1,0,0,0,2021-07-30T12:00:00,2100-12-31T00:00:00,2100-12-01T00:00:00,0,0,710007001,0,0,0,0,0
13006,7200033,7210080,1,0,3114007,0,0,0,0,0,0,4027,13,0,0,0,0,0,0,1,0,0,0,2021-07-30T12:00:00,2100-12-31T00:00:00,2100-12-01T00:00:00,0,1020701,710007001,0,0,0,0,0
13009,7200036,7210083,1,0,3114010,0,0,0,0,0,0,4027,12,0,0,0,0,0,0,1,0,0,0,2021-07-30T12:00:00,2100-12-31T00:00:00,2100-12-01T00:00:00,0,1020601,710007001,0,0,0,0,0
13011,7200038,7210085,1,0,3114012,0,0,0,0,0,0,4027,4,0,0,0,0,0,0,1,0,0,0,2021-07-30T12:00:04,2100-12-31T00:00:01,2100-12-01T00:00:00,0,1021201,710007001,0,0,0,0,0
13012,7200039,7210558,1,0,3114013,0,0,0,0,0,0,4027,27,0,0,0,0,0,0,1,0,0,0,2022-08-30T10:35:00,2100-12-31T00:00:02,2100-12-01T00:00:00,0,0,710007001,0,0,0,0,0
13014,7200041,7210088,1,0,3114015,0,0,0,0,0,0,4027,6,0,0,0,0,0,0,1,0,0,0,2021-07-30T12:00:00,2100-12-31T00:00:00,2100-12-01T00:00:00,0,1020201,710007001,0,0,0,0,0
13016,7200043,7210090,1,0,3114017,0,0,0,0,0,0,4027,9,0,0,0,0,0,0,1,0,0,0,2021-07-30T12:00:00,2100-12-31T00:00:00,2100-12-01T00:00:00,0,1020301,710007001,0,0,0,0,0
13017,7200044,7210091,1,0,3114018,0,0,0,0,0,0,4027,3,0,0,0,0,0,0,1,0,0,0,2021-07-30T12:00:00,2100-12-31T00:00:00,2100-12-01T00:00:00,0,0,710007001,0,0,0,0,0
13018,7200045,7210092,1,0,3114019,0,0,0,0,0,0,4027,11,0,0,0,0,0,0,1,0,0,0,2021-07-30T12:00:00,2100-12-31T00:00:00,2100-12-01T00:00:00,0,1020501,710007001,0,0,0,0,0
13020,7200047,7210094,1,0,3114021,0,0,0,0,0,0,4027,15,0,0,0,0,0,0,1,0,0,0,2021-07-30T12:00:00,2100-12-31T00:00:00,2100-12-01T00:00:00,0,1020901,710007001,0,0,0,0,0
13021,7200048,7210095,1,0,3114022,0,0,0,0,0,0,4027,22,0,0,0,0,0,0,1,0,0,0,2022-05-31T10:35:00,2100-12-31T00:00:00,2100-12-01T00:00:00,0,0,710007001,0,0,0,0,0
13022,7200049,7210096,1,0,3114023,0,0,0,0,0,0,4027,14,0,0,0,0,0,0,1,0,0,0,2021-07-30T12:00:00,2100-12-31T00:00:00,2100-12-01T00:00:00,0,1020801,710007001,0,0,0,0,0
13024,7200051,7210098,1,0,3114025,0,0,0,0,0,0,4027,19,0,0,0,0,0,0,1,0,0,0,2022-03-25T10:35:00,2100-12-31T00:00:00,2100-12-01T00:00:00,0,0,710007001,0,0,0,0,0
13026,7200053,7210100,1,0,3114027,0,0,0,0,0,0,4027,20,0,0,0,0,0,0,1,0,0,0,2022-04-08T10:35:00,2100-12-31T00:00:00,2100-12-01T00:00:00,0,0,710007001,0,0,0,0,0
13028,7200055,7210102,1,0,3114029,0,0,0,0,0,0,4027,29,0,0,0,0,0,0,1,0,0,0,2022-12-31T10:30:00,2100-12-31T00:00:00,2100-12-01T00:00:00,0,0,710007001,0,0,0,0,0
13030,7200057,7210104,1,0,3114031,0,0,0,0,0,0,4027,17,0,0,0,0,0,0,1,0,0,0,2021-07-30T12:00:00,2100-12-31T00:00:00,2100-12-01T00:00:00,0,0,710007001,0,0,0,0,0
13031,7200229,7210220,1,0,3114032,0,0,0,0,0,0,4027,5,0,0,0,0,0,0,1,0,0,0,2021-07-30T12:00:00,2100-12-31T00:00:00,2100-12-01T00:00:00,0,1020101,710007001,0,0,0,0,0
13032,7200231,7210222,1,0,3114033,0,0,0,0,0,0,4027,18,0,0,0,0,0,0,1,0,0,0,2022-03-10T10:35:00,2100-12-31T00:00:00,2100-12-01T00:00:00,0,0,710007001,0,0,0,0,0
13033,7200336,7210324,1,0,3114034,0,0,0,0,0,0,4027,20,0,0,0,0,0,0,1,0,0,0,2022-04-08T10:35:00,2100-12-31T00:00:00,2100-12-01T00:00:00,0,0,710007001,0,0,0,0,0
13034,7200380,7210370,1,0,3114035,0,0,0,0,0,0,4027,21,0,0,0,0,0,0,1,0,0,0,2022-04-28T10:35:00,2100-12-31T00:00:00,2100-12-01T00:00:00,0,0,710007001,0,0,0,0,0
13035,7200381,7210371,1,0,3114036,0,0,0,0,0,0,4027,21,0,0,0,0,0,0,1,0,0,0,2022-04-28T10:35:00,2100-12-31T00:00:00,2100-12-01T00:00:00,0,0,710007001,0,0,0,0,0
13036,7200420,7210403,1,0,3114037,0,0,0,0,0,0,4027,22,0,0,0,0,0,0,1,0,0,0,2022-05-31T10:35:00,2100-12-31T00:00:00,2100-12-01T00:00:00,0,0,710007001,0,0,0,0,0
13037,7200421,7210404,1,0,3114038,0,0,0,0,0,0,4027,22,0,0,0,0,0,0,1,0,0,0,2022-05-31T10:35:00,2100-12-31T00:00:00,2100-12-01T00:00:00,0,0,710007001,0,0,0,0,0
13038,7200484,7210447,1,0,3114039,0,0,0,0,0,0,4027,24,0,0,0,0,0,0,1,0,0,0,2022-06-30T10:35:00,2100-12-31T00:00:00,2100-12-01T00:00:00,0,0,710007001,0,0,0,0,0
13039,7200485,7210448,1,0,3114040,0,0,0,0,0,0,4027,23,0,0,0,0,0,0,1,0,0,0,2022-06-30T10:35:00,2100-12-31T00:00:00,2100-12-01T00:00:00,0,0,710007001,0,0,0,0,0
13040,7200486,7210449,1,0,3114041,0,0,0,0,0,0,4027,23,0,0,0,0,0,0,1,0,0,0,2022-06-30T10:35:00,2100-12-31T00:00:00,2100-12-01T00:00:00,0,0,710007001,0,0,0,0,0
13041,7200529,7210485,1,0,3114042,0,0,0,0,0,0,4027,26,0,0,0,0,0,0,1,0,0,0,2022-07-15T10:35:00,2100-12-31T00:00:00,2100-12-01T00:00:00,0,0,710007001,0,0,0,0,0
13042,7200590,7210536,1,0,3114043,0,0,0,0,0,0,4027,25,0,0,0,0,0,0,1,0,0,0,2022-07-28T10:35:00,2100-12-31T00:00:00,2100-12-01T00:00:00,0,0,710007001,0,0,0,0,0
13043,7200591,7210537,1,0,3114044,0,0,0,0,0,0,4027,25,0,0,0,0,0,0,1,0,0,0,2022-07-28T10:35:00,2100-12-31T00:00:00,2100-12-01T00:00:00,0,0,710007001,0,0,0,0,0
13044,7200592,7210538,1,0,3114045,0,0,0,0,0,0,4027,28,0,0,0,0,0,0,1,0,0,0,2022-11-30T10:35:00,2100-12-31T00:00:00,2100-12-01T00:00:00,0,0,710007001,0,0,0,0,0
13045,7200645,7210568,1,0,3114046,0,0,0,0,0,0,4027,26,0,0,0,0,0,0,1,0,0,0,2022-08-30T10:35:00,2100-12-31T00:00:00,2100-12-01T00:00:00,0,0,710007001,0,0,0,0,0
13046,7200646,7210569,1,0,3114047,0,0,0,0,0,0,4027,26,0,0,0,0,0,0,1,0,0,0,2022-08-30T10:35:00,2100-12-31T00:00:00,2100-12-01T00:00:00,0,0,710007001,0,0,0,0,0
13047,7200705,7210599,1,0,3114048,0,0,0,0,0,0,4027,27,0,0,0,0,0,0,1,0,0,0,2022-09-30T10:35:00,2100-12-31T00:00:00,2100-12-01T00:00:00,0,0,710007001,0,0,0,0,0
13048,7200706,7210600,1,0,3114049,0,0,0,0,0,0,4027,27,0,0,0,0,0,0,1,0,0,0,2022-09-30T10:35:00,2100-12-31T00:00:00,2100-12-01T00:00:00,0,0,710007001,0,0,0,0,0
13049,7200752,7210631,1,0,3114050,0,0,0,0,0,0,4027,27,0,0,0,0,0,0,1,0,0,0,2022-10-31T10:35:00,2100-12-31T00:00:00,2100-12-01T00:00:00,0,0,710007001,0,0,0,0,0
13050,7200819,7210668,1,0,3114051,0,0,0,0,0,0,4027,27,0,0,0,0,0,0,1,0,0,0,2022-11-30T10:35:00,2100-12-31T00:00:00,2100-12-01T00:00:00,0,0,710007001,0,0,0,0,0
13051,7200820,7210669,1,0,3114052,0,0,0,0,0,0,4027,28,0,0,0,0,0,0,1,0,0,0,2022-11-30T10:35:00,2100-12-31T00:00:00,2100-12-01T00:00:00,0,0,710007001,0,0,0,0,0
13052,7200856,7210701,1,0,3114053,0,0,0,0,0,0,4027,28,0,0,0,0,0,0,1,0,0,0,2022-12-07T10:35:00,2100-12-31T00:00:00,2100-12-01T00:00:00,0,0,710007001,0,0,0,0,0
13053,7200912,7210734,1,0,3114054,0,0,0,0,0,0,4027,28,0,0,0,0,0,0,1,0,0,0,2023-01-04T10:30:00,2100-12-31T00:00:00,2100-12-01T00:00:00,0,0,710007001,0,0,0,0,0
13054,7200913,7210735,1,0,3114055,0,0,0,0,0,0,4027,29,0,0,0,0,0,0,1,0,0,0,2022-12-31T10:30:00,2100-12-31T00:00:00,2100-12-01T00:00:00,0,0,710007001,0,0,0,0,0
13055,7200991,7210780,1,0,3114056,0,0,0,0,0,0,4027,29,0,0,0,0,0,0,1,0,0,0,2023-01-31T10:35:00,2100-12-31T00:00:00,2100-12-01T00:00:00,0,0,710007001,0,0,0,0,0
13056,7200992,7210781,1,0,3114057,0,0,0,0,0,0,4027,29,0,0,0,0,0,0,1,0,0,0,2023-01-31T10:35:00,2100-12-31T00:00:00,2100-12-01T00:00:00,0,0,710007001,0,0,0,0,0
13057,7201039,7210819,1,0,3114058,0,0,0,0,0,0,4027,29,0,0,0,0,0,0,1,0,0,0,2023-02-28T10:35:00,2100-12-31T00:00:00,2100-12-01T00:00:00,0,0,710007001,0,0,0,0,0
13058,7201040,7210820,1,0,3114059,0,0,0,0,0,0,4027,29,0,0,0,0,0,0,1,0,0,0,2023-02-28T10:35:00,2100-12-31T00:00:00,2100-12-01T00:00:00,0,0,710007001,0,0,0,0,0
13059,7201105,7210857,1,0,3114060,0,0,0,0,0,0,4027,29,0,0,0,0,0,0,1,0,0,0,2023-03-31T10:35:00,2100-12-31T00:00:00,2100-12-01T00:00:00,0,0,710007001,0,0,0,0,0
13060,7201106,7210858,1,0,3114061,0,0,0,0,0,0,4027,29,0,0,0,0,0,0,1,0,0,0,2023-03-31T10:35:00,2100-12-31T00:00:00,2100-12-01T00:00:00,0,0,710007001,0,0,0,0,0
13061,7201138,7210879,1,0,3114062,0,0,0,0,0,0,4027,29,0,0,0,0,0,0,1,0,0,0,2023-04-28T10:35:00,2100-12-31T00:00:00,2100-12-01T00:00:00,0,0,710007001,0,0,0,0,0
13062,7201139,7210880,1,0,3114063,0,0,0,0,0,0,4027,29,0,0,0,0,0,0,1,0,0,0,2023-04-28T10:35:00,2100-12-31T00:00:00,2100-12-01T00:00:00,0,0,710007001,0,0,0,0,0
13063,7201198,7210924,1,0,3114064,0,0,0,0,0,0,4027,29,0,0,0,0,0,0,1,0,0,0,2023-05-19T10:35:00,2100-12-31T00:00:00,2100-12-01T00:00:00,0,0,710007001,0,0,0,0,0
13064,7201203,7210929,1,0,3114065,0,0,0,0,0,0,4027,29,0,0,0,0,0,0,1,0,0,0,2023-05-31T10:35:00,2100-12-31T00:00:00,2100-12-01T00:00:00,0,0,710007001,0,0,0,0,0
13065,7201204,7210930,1,0,3114066,0,0,0,0,0,0,4027,29,0,0,0,0,0,0,1,0,0,0,2023-05-31T10:35:00,2100-12-31T00:00:00,2100-12-01T00:00:00,0,0,710007001,0,0,0,0,0
13066,7201273,7210969,1,0,3114067,0,0,0,0,0,0,4027,29,0,0,0,0,0,0,1,0,0,0,2023-06-30T10:35:00,2100-12-31T00:00:00,2100-12-01T00:00:00,0,0,710007001,0,0,0,0,0
13067,7201274,7210970,1,0,3114068,0,0,0,0,0,0,4027,29,0,0,0,0,0,0,1,0,0,0,2023-06-30T10:35:00,2100-12-31T00:00:00,2100-12-01T00:00:00,0,0,710007001,0,0,0,0,0
13068,7201319,7211002,1,0,3114069,0,0,0,0,0,0,4027,29,0,0,0,0,0,0,1,0,0,0,2023-07-31T10:35:00,2100-12-31T00:00:00,2100-12-01T00:00:00,0,0,710007001,0,0,0,0,0
13069,7201320,7211003,1,0,3114070,0,0,0,0,0,0,4027,29,0,0,0,0,0,0,1,0,0,0,2023-07-31T10:35:00,2100-12-31T00:00:00,2100-12-01T00:00:00,0,0,710007001,0,0,0,0,0
13070,7201395,7211054,1,0,3114071,0,0,0,0,0,0,4027,29,0,0,0,0,0,0,1,0,0,0,2023-08-31T10:35:00,2100-12-31T00:00:00,2100-12-01T00:00:00,0,0,710007001,0,0,0,0,0
13071,7201396,7211055,1,0,3114072,0,0,0,0,0,0,4027,29,0,0,0,0,0,0,1,0,0,0,2023-08-31T10:35:00,2100-12-31T00:00:00,2100-12-01T00:00:00,0,0,710007001,0,0,0,0,0
13072,7201507,7211122,1,0,3114073,0,0,0,0,0,0,4027,29,0,0,0,0,0,0,1,0,0,0,2023-10-30T10:35:00,2100-12-31T00:00:00,2100-12-01T00:00:00,0,0,710007001,0,0,0,0,0
13073,7201508,7211123,1,0,3114074,0,0,0,0,0,0,4027,29,0,0,0,0,0,0,1,0,0,0,2023-10-30T10:35:00,2100-12-31T00:00:00,2100-12-01T00:00:00,0,0,710007001,0,0,0,0,0
13074,7201578,7211188,1,0,3114075,0,0,0,0,0,0,4027,29,0,0,0,0,0,0,1,0,0,0,2023-11-30T10:35:00,2100-12-31T00:00:00,2100-12-01T00:00:00,0,0,710007001,0,0,0,0,0
13075,7201579,7211189,1,0,3114076,0,0,0,0,0,0,4027,29,0,0,0,0,0,0,1,0,0,0,2023-11-30T10:35:00,2100-12-31T00:00:00,2100-12-01T00:00:00,0,0,710007001,0,0,0,0,0
13076,7201604,7211207,1,0,3114077,0,0,0,0,0,0,4027,29,0,0,0,0,0,0,1,0,0,0,2023-12-29T10:35:00,2100-12-31T00:00:00,2100-12-01T00:00:00,0,0,710007001,0,0,0,0,0
13077,7201605,7211208,1,0,3114078,0,0,0,0,0,0,4027,29,0,0,0,0,0,0,1,0,0,0,2023-12-29T10:35:00,2100-12-31T00:00:00,2100-12-01T00:00:00,0,0,710007001,0,0,0,0,0
13078,7201701,7211260,1,0,3114079,0,0,0,0,0,0,4027,29,0,0,0,0,0,0,1,0,0,0,2024-01-31T10:35:00,2100-12-31T00:00:00,2100-12-01T00:00:00,0,0,710007001,0,0,0,0,0
13079,7201702,7211261,1,0,3114080,0,0,0,0,0,0,4027,29,0,0,0,0,0,0,1,0,0,0,2024-01-31T10:35:00,2100-12-31T00:00:00,2100-12-01T00:00:00,0,0,710007001,0,0,0,0,0
13080,7201741,7211292,1,0,3114081,0,0,0,0,0,0,4027,29,0,0,0,0,0,0,1,0,0,0,2024-02-29T10:35:00,2100-12-31T00:00:00,2100-12-01T00:00:00,0,0,710007001,0,0,0,0,0
13081,7201742,7211293,1,0,3114082,0,0,0,0,0,0,4027,29,0,0,0,0,0,0,1,0,0,0,2024-02-29T10:35:00,2100-12-31T00:00:00,2100-12-01T00:00:00,0,0,710007001,0,0,0,0,0
13082,7201800,7211325,1,0,3114083,0,0,0,0,0,0,4027,29,0,0,0,0,0,0,1,0,0,0,2024-03-30T10:35:00,2100-12-31T00:00:00,2100-12-01T00:00:00,0,0,710007001,0,0,0,0,0
13083,7201801,7211326,1,0,3114084,0,0,0,0,0,0,4027,29,0,0,0,0,0,0,1,0,0,0,2024-03-30T10:35:00,2100-12-31T00:00:00,2100-12-01T00:00:00,0,0,710007001,0,0,0,0,0
13084,7201834,7211346,1,0,3114085,0,0,0,0,0,0,4027,29,0,0,0,0,0,0,1,0,0,0,2024-04-30T10:35:00,2100-12-31T00:00:00,2100-12-01T00:00:00,0,0,710007001,0,0,0,0,0
13085,7201835,7211347,1,0,3114086,0,0,0,0,0,0,4027,29,0,0,0,0,0,0,1,0,0,0,2024-04-30T10:35:00,2100-12-31T00:00:00,2100-12-01T00:00:00,0,0,710007001,0,0,0,0,0
13086,7201882,7211382,1,0,3114087,0,0,0,0,0,0,4027,29,0,0,0,0,0,0,1,0,0,0,2024-05-23T10:35:00,2100-12-31T00:00:00,2100-12-01T00:00:01,0,0,710007001,0,0,0,0,0
13087,7201900,7211388,1,0,3114088,0,0,0,0,0,0,4027,29,0,0,0,0,0,0,1,0,0,0,2024-05-31T10:35:00,2100-12-31T00:00:00,2100-12-01T00:00:00,0,0,710007001,0,0,0,0,0
13088,7201901,7211389,1,0,3114089,0,0,0,0,0,0,4027,29,0,0,0,0,0,0,1,0,0,0,2024-05-31T10:35:00,2100-12-31T00:00:00,2100-12-01T00:00:00,0,0,710007001,0,0,0,0,0
13089,7201940,7211408,1,0,3114090,0,0,0,0,0,0,4027,29,0,0,0,0,0,0,1,0,0,0,2024-06-28T10:35:00,2100-12-31T00:00:00,2100-12-01T00:00:00,0,0,710007001,0,0,0,0,0
13090,7201941,7211407,1,0,3114091,0,0,0,0,0,0,4027,29,0,0,0,0,0,0,1,0,0,0,2024-06-28T10:35:00,2100-12-31T00:00:00,2100-12-01T00:00:00,0,0,710007001,0,0,0,0,0
13091,7201990,7211435,1,0,3114092,0,0,0,0,0,0,4027,29,0,0,0,0,0,0,1,0,0,0,2024-07-30T10:35:00,2100-12-31T00:00:00,2100-12-01T00:00:00,0,0,710007001,0,0,0,0,0
13092,7201991,7211436,1,0,3114093,0,0,0,0,0,0,4027,29,0,0,0,0,0,0,1,0,0,0,2024-07-30T10:35:00,2100-12-31T00:00:00,2100-12-01T00:00:00,0,0,710007001,0,0,0,0,0
13093,7202037,7211464,1,0,3114094,0,0,0,0,0,0,4027,29,0,0,0,0,0,0,1,0,0,0,2024-08-29T10:35:00,2100-12-31T00:00:00,2100-12-01T00:00:00,0,0,710007001,0,0,0,0,0
13094,7202038,7211465,1,0,3114095,0,0,0,0,0,0,4027,29,0,0,0,0,0,0,1,0,0,0,2024-08-29T10:35:00,2100-12-31T00:00:00,2100-12-01T00:00:00,0,0,710007001,0,0,0,0,0
13095,7202114,7211492,1,0,3114096,0,0,0,0,0,0,4027,29,0,0,0,0,0,0,1,0,0,0,2024-09-27T10:35:00,2100-12-31T00:00:00,2100-12-01T00:00:00,0,0,710007001,0,0,0,0,0
13096,7202115,7211493,1,0,3114097,0,0,0,0,0,0,4027,29,0,0,0,0,0,0,1,0,0,0,2024-09-27T10:35:00,2100-12-31T00:00:00,2100-12-01T00:00:00,0,0,710007001,0,0,0,0,0
13097,7202160,7211509,1,0,3114098,0,0,0,0,0,0,4027,29,0,0,0,0,0,0,1,0,0,0,2024-10-31T10:35:00,2100-12-31T00:00:00,2100-12-01T00:00:00,0,0,710007001,0,0,0,0,0
13098,7202161,7211510,1,0,3114099,0,0,0,0,0,0,4027,29,0,0,0,0,0,0,1,0,0,0,2024-10-31T10:35:00,2100-12-31T00:00:00,2100-12-01T00:00:00,0,0,710007001,0,0,0,0,0
13099,7202210,7211551,1,0,3114100,0,0,0,0,0,0,4027,29,0,0,0,0,0,0,1,0,0,0,2024-11-29T10:35:00,2100-12-31T00:00:00,2100-12-01T00:00:00,0,0,710007001,0,0,0,0,0
13100,7202211,7211550,1,0,3114101,0,0,0,0,0,0,4027,29,0,0,0,0,0,0,1,0,0,0,2024-11-29T10:35:00,2100-12-31T00:00:00,2100-12-01T00:00:00,0,0,710007001,0,0,0,0,0
13101,7202248,7211568,1,0,3114102,0,0,0,0,0,0,4027,29,0,0,0,0,0,0,1,0,0,0,2024-12-30T10:35:00,2100-12-31T00:00:00,2100-12-01T00:00:00,0,0,710007001,0,0,0,0,0
13102,7202299,7211602,1,0,3114103,0,0,0,0,0,0,4027,29,0,0,0,0,0,0,1,0,0,0,2025-01-29T10:35:00,2100-12-31T00:00:00,2100-12-01T00:00:00,0,0,710007001,0,0,0,0,0
13103,7202300,7211603,1,0,3114104,0,0,0,0,0,0,4027,29,0,0,0,0,0,0,1,0,0,0,2025-01-29T10:35:00,2100-12-31T00:00:00,2100-12-01T00:00:00,0,0,710007001,0,0,0,0,0
13104,7202376,7211638,1,0,3114105,0,0,0,0,0,0,4027,29,0,0,0,0,0,0,1,0,0,0,2025-02-27T10:35:00,2100-12-31T00:00:00,2100-12-01T00:00:00,0,0,710007001,0,0,0,0,0
13105,7202377,7211639,1,0,3114106,0,0,0,0,0,0,4027,29,0,0,0,0,0,0,1,0,0,0,2025-02-27T10:35:00,2100-12-31T00:00:00,2100-12-01T00:00:00,0,0,710007001,0,0,0,0,0
13106,7202431,7211676,1,0,3114107,0,0,0,0,0,0,4027,29,0,0,0,0,0,0,1,0,0,0,2025-03-28T10:35:00,2100-12-31T00:00:00,2100-12-01T00:00:00,0,0,710007001,0,0,0,0,0
13107,7202432,7211677,1,0,3114108,0,0,0,0,0,0,4027,29,0,0,0,0,0,0,1,0,0,0,2025-03-28T10:35:00,2100-12-31T00:00:00,2100-12-01T00:00:00,0,0,710007001,0,0,0,0,0
13108,7202485,7211701,1,0,3114109,0,0,0,0,0,0,4027,29,0,0,0,0,0,0,1,0,0,0,2025-04-30T10:35:00,2100-12-31T00:00:00,2100-12-01T00:00:00,0,0,710007001,0,0,0,0,0
13109,7202486,7211702,1,0,3114110,0,0,0,0,0,0,4027,29,0,0,0,0,0,0,1,0,0,0,2025-04-30T10:35:00,2100-12-31T00:00:00,2100-12-01T00:00:00,0,0,710007001,0,0,0,0,0
13110,7202546,7211740,1,0,3114111,0,0,0,0,0,0,4027,29,0,0,0,0,0,0,1,0,0,0,2025-05-30T10:35:00,2100-12-31T00:00:00,2100-12-01T00:00:00,0,0,710007001,0,0,0,0,0
13111,7202547,7211741,1,0,3114112,0,0,0,0,0,0,4027,29,0,0,0,0,0,0,1,0,0,0,2025-05-30T10:35:00,2100-12-31T00:00:00,2100-12-01T00:00:00,0,0,710007001,0,0,0,0,0
13112,7202595,7211756,1,0,3114113,0,0,0,0,0,0,4027,29,0,0,0,0,0,0,1,0,0,0,2025-06-27T10:35:00,2100-12-31T00:00:00,2100-12-01T00:00:00,0,0,710007001,0,0,0,0,0
13113,7202596,7211757,1,0,3114114,0,0,0,0,0,0,4027,29,0,0,0,0,0,0,1,0,0,0,2025-06-27T10:35:00,2100-12-31T00:00:00,2100-12-01T00:00:00,0,0,710007001,0,0,0,0,0
13114,7202649,7211785,1,0,3114115,0,0,0,0,0,0,4027,29,0,0,0,0,0,0,1,0,0,0,2025-07-25T10:35:00,2100-12-31T00:00:00,2100-12-01T00:00:00,0,0,710007001,0,0,0,0,0
13115,7202650,7211786,1,0,3114116,0,0,0,0,0,0,4027,29,0,0,0,0,0,0,1,0,0,0,2025-07-25T10:35:00,2100-12-31T00:00:00,2100-12-01T00:00:00,0,0,710007001,0,0,0,0,0
13116,7202700,7211804,1,0,3114117,0,0,0,0,0,0,4027,29,0,0,0,0,0,0,1,0,0,0,2025-08-29T10:35:00,2100-12-31T00:00:00,2100-12-01T00:00:00,0,0,710007001,0,0,0,0,0
13117,7202701,7211805,1,0,3114118,0,0,0,0,0,0,4027,29,0,0,0,0,0,0,1,0,0,0,2025-08-29T10:35:00,2100-12-31T00:00:00,2100-12-01T00:00:00,0,0,710007001,0,0,0,0,0
13118,7202735,7211818,1,0,3114119,0,0,0,0,0,0,4027,29,0,0,0,0,0,0,1,0,0,0,2025-09-26T10:35:00,2100-12-31T00:00:00,2100-12-01T00:00:00,0,0,710007001,0,0,0,0,0
13119,7202736,7211819,1,0,3114120,0,0,0,0,0,0,4027,29,0,0,0,0,0,0,1,0,0,0,2025-09-26T10:35:00,2100-12-31T00:00:00,2100-12-01T00:00:00,0,0,710007001,0,0,0,0,0
13120,7202784,7211855,1,0,3114121,0,0,0,0,0,0,4027,29,0,0,0,0,0,0,1,0,0,0,2025-10-30T10:35:00,2100-12-31T00:00:00,2100-12-01T00:00:00,0,0,710007001,0,0,0,0,0
13121,7202785,7211856,1,0,3114122,0,0,0,0,0,0,4027,29,0,0,0,0,0,0,1,0,0,0,2025-10-30T10:35:00,2100-12-31T00:00:00,2100-12-01T00:00:00,0,0,710007001,0,0,0,0,0
13122,7202841,7211887,1,0,3114123,0,0,0,0,0,0,4027,29,0,0,0,0,0,0,1,0,0,0,2025-11-28T10:35:00,2100-12-31T00:00:00,2100-12-01T00:00:00,0,0,710007001,0,0,0,0,0
13123,7202842,7211888,1,0,3114124,0,0,0,0,0,0,4027,29,0,0,0,0,0,0,1,0,0,0,2025-11-28T10:35:00,2100-12-31T00:00:00,2100-12-01T00:00:00,0,0,710007001,0,0,0,0,0
13124,7202880,7211916,1,0,3114125,0,0,0,0,0,0,4027,29,0,0,0,0,0,0,1,0,0,0,2025-12-29T10:35:00,2100-12-31T00:00:00,2100-12-01T00:00:00,0,0,710007001,0,0,0,0,0
13125,7202881,7211917,1,0,3114126,0,0,0,0,0,0,4027,29,0,0,0,0,0,0,1,0,0,0,2025-12-29T10:35:00,2100-12-31T00:00:00,2100-12-01T00:00:00,0,0,710007001,0,0,0,0,0
13126,7202916,7211936,1,0,3114127,0,0,0,0,0,0,4027,29,0,0,0,0,0,0,1,0,0,0,2026-01-27T10:35:00,2100-12-31T00:00:00,2100-12-01T00:00:00,0,0,710007001,0,0,0,0,0
13127,7202917,7211937,1,0,3114128,0,0,0,0,0,0,4027,29,0,0,0,0,0,0,1,0,0,0,2026-01-27T10:35:00,2100-12-31T00:00:00,2100-12-01T00:00:00,0,0,710007001,0,0,0,0,0
13128,7202982,7211978,1,0,3114129,0,0,0,0,0,0,4027,29,0,0,0,0,0,0,1,0,0,0,2026-02-27T10:35:00,2100-12-31T00:00:00,2100-12-01T00:00:00,0,0,710007001,0,0,0,0,0
13129,7202983,7211979,1,0,3114130,0,0,0,0,0,0,4027,29,0,0,0,0,0,0,1,0,0,0,2026-02-27T10:35:00,2100-12-31T00:00:00,2100-12-01T00:00:00,0,0,710007001,0,0,0,0,0
13130,7202999,7211993,1,0,3114131,0,0,0,0,0,0,4027,29,0,0,0,0,0,0,1,0,0,0,2026-03-27T10:35:00,2100-12-31T00:00:00,2100-12-01T00:00:00,0,0,710007001,0,0,0,0,0
13131,7203000,7211994,1,0,3114132,0,0,0,0,0,0,4027,29,0,0,0,0,0,0,1,0,0,0,2026-03-27T10:35:00,2100-12-31T00:00:00,2100-12-01T00:00:00,0,0,710007001,0,0,0,0,0
13132,7203060,7212036,1,0,3114133,0,0,0,0,0,0,4027,29,0,0,0,0,0,0,1,0,0,0,2026-04-24T10:35:00,2100-12-31T00:00:00,2100-12-01T00:00:00,0,0,710007001,0,0,0,0,0
13133,7203061,7212037,1,0,3114134,0,0,0,0,0,0,4027,29,0,0,0,0,0,0,1,0,0,0,2026-04-24T10:35:00,2100-12-31T00:00:00,2100-12-01T00:00:00,0,0,710007001,0,0,0,0,0
13134,7203097,7212079,1,0,3114135,0,0,0,0,0,0,4027,29,0,0,0,0,0,0,1,0,0,0,2026-05-29T10:35:00,2100-12-31T00:00:00,2100-12-01T00:00:00,0,0,710007001,0,0,0,0,0
13135,7203098,7212080,1,0,3114136,0,0,0,0,0,0,4027,29,0,0,0,0,0,0,1,0,0,0,2026-05-29T10:35:00,2100-12-31T00:00:00,2100-12-01T00:00:00,0,0,710007001,0,0,0,0,0
13136,7203138,7212097,1,0,3114137,0,0,0,0,0,0,4027,29,0,0,0,0,0,0,1,0,0,0,2026-06-29T10:35:00,2100-12-31T00:00:00,2100-12-01T00:00:00,0,0,710007001,0,0,0,0,0
13137,7203139,7212098,1,0,3114138,0,0,0,0,0,0,4027,29,0,0,0,0,0,0,1,0,0,0,2026-06-29T10:35:00,2100-12-31T00:00:00,2100-12-01T00:00:00,0,0,710007001,0,0,0,0,0
13138,7203187,7212120,1,0,3114139,0,0,0,0,0,0,4027,29,0,0,0,0,0,0,1,0,0,0,2026-07-30T10:35:00,2100-12-31T00:00:00,2100-12-01T00:00:00,0,0,710007001,0,0,0,0,0
13139,7203188,7212121,1,0,3114140,0,0,0,0,0,0,4027,29,0,0,0,0,0,0,1,0,0,0,2026-07-30T10:35:00,2100-12-31T00:00:00,2100-12-01T00:00:00,0,0,710007001,0,0,0,0,0
13140,7203214,7212141,1,0,3114141,0,0,0,0,0,0,4027,29,0,0,0,0,0,0,1,0,0,0,2026-08-28T10:35:00,2100-12-31T00:00:00,2100-12-01T00:00:00,0,0,710007001,0,0,0,0,0
13141,7203215,7212142,1,0,3114142,0,0,0,0,0,0,4027,29,0,0,0,0,0,0,1,0,0,0,2026-08-28T10:35:00,2100-12-31T00:00:00,2100-12-01T00:00:00,0,0,710007001,0,0,0,0,0
13142,7203216,7212143,1,0,3114143,0,0,0,0,0,0,4027,29,0,0,0,0,0,0,1,0,0,0,2026-08-28T10:35:00,2100-12-31T00:00:00,2100-12-01T00:00:00,0,0,710007001,0,0,0,0,0
13143,7203217,7212144,1,0,3114144,0,0,0,0,0,0,4027,29,0,0,0,0,0,0,1,0,0,0,2026-08-28T10:35:00,2100-12-31T00:00:00,2100-12-01T00:00:00,0,0,710007001,0,0,0,0,0
13144,7203218,7212145,1,0,3114145,0,0,0,0,0,0,4027,29,0,0,0,0,0,0,1,0,0,0,2026-08-28T10:35:00,2100-12-31T00:00:00,2100-12-01T00:00:00,0,0,710007001,0,0,0,0,0
13145,7203219,7212146,1,0,3114146,0,0,0,0,0,0,4027,29,0,0,0,0,0,0,1,0,0,0,2026-08-28T10:35:00,2100-12-31T00:00:00,2100-12-01T00:00:00,0,0,710007001,0,0,0,0,0
13146,7203220,7212147,1,0,3114147,0,0,0,0,0,0,4027,29,0,0,0,0,0,0,1,0,0,0,2026-08-28T10:35:00,2100-12-31T00:00:00,2100-12-01T00:00:00,0,0,710007001,0,0,0,0,0
13147,7203221,7212148,1,0,3114148,0,0,0,0,0,0,4027,29,0,0,0,0,0,0,1,0,0,0,2026-08-28T10:35:00,2100-12-31T00:00:00,2100-12-01T00:00:00,0,0,710007001,0,0,0,0,0
13148,7203222,7212149,1,0,3114149,0,0,0,0,0,0,4027,29,0,0,0,0,0,0,1,0,0,0,2026-08-28T10:35:00,2100-12-31T00:00:00,2100-12-01T00:00:00,0,0,710007001,0,0,0,0,0
14000,7200058,7210105,1,0,3115001,0,0,0,0,0,0,4028,2,0,0,0,0,0,0,1,0,0,0,2021-07-30T12:00:00,2100-12-31T00:00:00,2100-12-01T00:00:00,0,0,710007001,0,0,0,0,0
14001,7200059,7210106,1,0,3115002,0,0,0,0,0,0,4028,2,0,0,0,0,0,0,1,0,0,0,2021-07-30T12:00:00,2100-12-31T00:00:00,2100-12-01T00:00:00,0,0,710007001,0,0,0,0,0
14002,7200060,7210107,1,0,3115003,0,0,0,0,0,0,4028,2,0,0,0,0,0,0,1,0,0,0,2021-07-30T12:00:00,2100-12-31T00:00:00,2100-12-01T00:00:00,0,0,710007001,0,0,0,0,0
14003,7200061,7210108,1,0,3115004,0,0,0,0,0,0,4028,60,0,0,0,0,0,0,1,0,0,0,2021-07-30T12:00:00,2100-12-31T00:00:00,2100-12-01T00:00:00,0,0,710007001,0,0,0,0,0
14004,7200062,7210109,1,0,3115005,0,0,0,0,0,0,4028,60,0,0,0,0,0,0,1,0,0,0,2021-07-30T12:00:00,2100-12-31T00:00:00,2100-12-01T00:00:00,0,0,710007001,0,0,0,0,0
14005,7200063,7210110,1,0,3115006,0,0,0,0,0,0,4028,60,0,0,0,0,0,0,1,0,0,0,2021-07-30T12:00:00,2100-12-31T00:00:00,2100-12-01T00:00:00,0,0,710007001,0,0,0,0,0
14006,7200064,7210111,1,0,3115007,0,0,0,0,0,0,4028,60,0,0,0,0,0,0,1,0,0,0,2021-07-30T12:00:00,2100-12-31T00:00:00,2100-12-01T00:00:00,0,0,710007001,0,0,0,0,0
14007,7200065,7210112,1,0,3115008,0,0,0,0,0,0,4028,60,0,0,0,0,0,0,1,0,0,0,2021-07-30T12:00:00,2100-12-31T00:00:00,2100-12-01T00:00:00,0,0,710007001,0,0,0,0,0
14008,7200066,7210113,1,0,3115009,0,0,0,0,0,0,4028,90,0,0,0,0,0,0,1,0,0,0,2021-07-30T12:00:00,2100-12-31T00:00:00,2100-12-01T00:00:00,0,0,710007001,0,0,0,0,0
14009,7200067,7210114,1,0,3115010,0,0,0,0,0,0,4028,90,0,0,0,0,0,0,1,0,0,0,2021-07-30T12:00:00,2100-12-31T00:00:00,2100-12-01T00:00:00,0,0,710007001,0,0,0,0,0
14010,7200169,7210163,1,0,3115011,0,0,0,0,0,0,4028,120,0,0,0,0,0,0,6,0,0,0,2021-07-30T12:00:00,2100-12-31T00:00:00,2100-12-01T00:00:00,0,0,710007001,0,0,0,0,0
14011,7200170,7210164,1,0,3115012,0,0,0,0,0,0,4028,120,0,0,0,0,0,0,6,0,0,0,2021-07-30T12:00:00,2100-12-31T00:00:00,2100-12-01T00:00:00,0,0,710007001,0,0,0,0,0
14012,7200171,7210165,1,0,3115013,0,0,0,0,0,0,4028,120,0,0,0,0,0,0,6,0,0,0,2021-07-30T12:00:00,2100-12-31T00:00:00,2100-12-01T00:00:00,0,0,710007001,0,0,0,0,0
14013,7200172,7210166,1,0,3115014,0,0,0,0,0,0,4028,150,0,0,0,0,0,0,5,0,0,0,2021-07-30T12:00:00,2100-12-31T00:00:00,2100-12-01T00:00:00,0,0,710007001,0,0,0,0,0
14014,7200173,7210166,1,0,3115015,0,0,0,0,0,0,4028,150,0,0,0,0,0,0,5,0,0,0,2021-07-30T12:00:00,2100-12-31T00:00:00,2100-12-01T00:00:00,0,0,710007001,0,0,0,0,0
14015,7200174,7210167,1,0,3115016,0,0,0,0,0,0,4028,180,0,0,0,0,0,0,1,0,0,0,2021-07-30T12:00:00,2100-12-31T00:00:00,2100-12-01T00:00:00,0,0,710007001,0,0,0,0,0
14016,7200175,7210168,1,0,3115017,0,0,0,0,0,0,4028,180,0,0,0,0,0,0,1,0,0,0,2021-07-30T12:00:00,2100-12-31T00:00:00,2100-12-01T00:00:00,0,0,710007001,0,0,0,0,0
14017,7200176,7210169,1,0,3115018,0,0,0,0,0,0,4028,210,0,0,0,0,0,0,1,0,0,0,2021-07-30T12:00:00,2100-12-31T00:00:00,2100-12-01T00:00:00,0,0,710007001,0,0,0,0,0
14018,7200177,7210170,1,0,3115019,0,0,0,0,0,0,4028,3,0,0,0,0,0,0,1,0,0,0,2021-07-30T12:00:00,2100-12-31T00:00:00,2100-12-01T00:00:00,0,0,710007001,0,0,0,0,0
14019,7200178,7210171,1,0,3115020,0,0,0,0,0,0,4028,3,0,0,0,0,0,0,1,0,0,0,2021-07-30T12:00:00,2100-12-31T00:00:00,2100-12-01T00:00:00,0,0,710007001,0,0,0,0,0
14020,7200179,7210172,1,0,3115021,0,0,0,0,0,0,4028,3,0,0,0,0,0,0,1,0,0,0,2021-07-30T12:00:00,2100-12-31T00:00:00,2100-12-01T00:00:00,0,0,710007001,0,0,0,0,0
14021,7200184,7210176,1,0,3115022,0,0,0,0,0,0,4028,210,0,0,0,0,0,0,1,0,0,0,2021-07-30T12:00:00,2100-12-31T00:00:00,2100-12-01T00:00:00,0,0,710007001,0,0,0,0,0
14022,7200185,7210177,1,0,3115023,0,0,0,0,0,0,4028,210,0,0,0,0,0,0,1,0,0,0,2021-07-30T12:00:00,2100-12-31T00:00:00,2100-12-01T00:00:00,0,0,710007001,0,0,0,0,0
14023,7200186,7210178,1,0,3115024,0,0,0,0,0,0,4028,210,0,0,0,0,0,0,1,0,0,0,2021-07-30T12:00:00,2100-12-31T00:00:00,2100-12-01T00:00:00,0,0,710007001,0,0,0,0,0
14024,7200197,7210188,1,0,3115025,0,0,0,0,0,0,4028,121,0,0,0,0,0,0,6,0,0,0,2021-07-30T12:00:00,2100-12-31T00:00:00,2100-12-01T00:00:00,0,0,710007001,0,0,0,0,0
14025,7200198,7210189,1,0,3115026,0,0,0,0,0,0,4028,121,0,0,0,0,0,0,6,0,0,0,2021-07-30T12:00:00,2100-12-31T00:00:00,2100-12-01T00:00:00,0,0,710007001,0,0,0,0,0
14026,7200199,7210190,1,0,3115027,0,0,0,0,0,0,4028,121,0,0,0,0,0,0,6,0,0,0,2021-07-30T12:00:00,2100-12-31T00:00:00,2100-12-01T00:00:00,0,0,710007001,0,0,0,0,0
14027,7200200,7210191,1,0,3115028,0,0,0,0,0,0,4028,121,0,0,0,0,0,0,6,0,0,0,2021-07-30T12:00:00,2100-12-31T00:00:00,2100-12-01T00:00:00,0,0,710007001,0,0,0,0,0
14028,7200201,7210192,1,0,3115029,0,0,0,0,0,0,4028,121,0,0,0,0,0,0,6,0,0,0,2021-07-30T12:00:00,2100-12-31T00:00:00,2100-12-01T00:00:00,0,0,710007001,0,0,0,0,0
14029,7200202,7210193,1,0,3115030,0,0,0,0,0,0,4028,121,0,0,0,0,0,0,6,0,0,0,2021-07-30T12:00:00,2100-12-31T00:00:00,2100-12-01T00:00:00,0,0,710007001,0,0,0,0,0
14030,7200203,7210194,1,0,3115031,0,0,0,0,0,0,4028,121,0,0,0,0,0,0,6,0,0,0,2021-07-30T12:00:00,2100-12-31T00:00:00,2100-12-01T00:00:00,0,0,710007001,0,0,0,0,0
14031,7200204,7210195,1,0,3115032,0,0,0,0,0,0,4028,121,0,0,0,0,0,0,6,0,0,0,2021-07-30T12:00:00,2100-12-31T00:00:00,2100-12-01T00:00:00,0,0,710007001,0,0,0,0,0
14032,7200205,7210196,1,0,3115033,0,0,0,0,0,0,4028,151,0,0,0,0,0,0,5,0,0,0,2021-07-30T12:00:00,2100-12-31T00:00:00,2100-12-01T00:00:00,0,0,710007001,0,0,0,0,0
14033,7200206,7210197,1,0,3115034,0,0,0,0,0,0,4028,151,0,0,0,0,0,0,5,0,0,0,2021-07-30T12:00:00,2100-12-31T00:00:00,2100-12-01T00:00:00,0,0,710007001,0,0,0,0,0
14034,7200207,7210198,1,0,3115035,0,0,0,0,0,0,4028,151,0,0,0,0,0,0,5,0,0,0,2021-07-30T12:00:00,2100-12-31T00:00:00,2100-12-01T00:00:00,0,0,710007001,0,0,0,0,0
14035,7200208,7210199,1,0,3115036,0,0,0,0,0,0,4028,151,0,0,0,0,0,0,5,0,0,0,2021-07-30T12:00:00,2100-12-31T00:00:00,2100-12-01T00:00:00,0,0,710007001,0,0,0,0,0
14036,7200209,7210200,1,0,3115037,0,0,0,0,0,0,4028,151,0,0,0,0,0,0,5,0,0,0,2021-07-30T12:00:00,2100-12-31T00:00:00,2100-12-01T00:00:00,0,0,710007001,0,0,0,0,0
14037,7200210,7210201,1,0,3115038,0,0,0,0,0,0,4028,211,0,0,0,0,0,0,1,0,0,0,2021-07-30T12:00:00,2100-12-31T00:00:00,2100-12-01T00:00:00,0,0,710007001,0,0,0,0,0
14038,7200213,7210204,1,0,3115039,0,0,0,0,0,0,4028,211,0,0,0,0,0,0,1,0,0,0,2021-07-30T12:00:00,2100-12-31T00:00:00,2100-12-01T00:00:00,0,0,710007001,0,0,0,0,0
14039,7200214,7210205,1,0,3115040,0,0,0,0,0,0,4028,30,0,0,0,0,0,0,1,0,0,0,2021-07-30T12:00:00,2100-12-31T00:00:00,2100-12-01T00:00:00,0,0,710007001,0,0,0,0,0
14041,7200216,7210207,1,0,3115042,0,0,0,0,0,0,4028,152,0,0,0,0,0,0,5,0,0,0,2021-07-30T12:00:00,2100-12-31T00:00:00,2100-12-01T00:00:00,0,0,710007001,0,0,0,0,0
14042,7200217,7210208,1,0,3115043,0,0,0,0,0,0,4028,152,0,0,0,0,0,0,5,0,0,0,2021-07-30T12:00:00,2100-12-31T00:00:00,2100-12-01T00:00:00,0,0,710007001,0,0,0,0,0
14043,7200218,7210209,1,0,3115044,0,0,0,0,0,0,4028,152,0,0,0,0,0,0,5,0,0,0,2021-07-30T12:00:00,2100-12-31T00:00:00,2100-12-01T00:00:00,0,0,710007001,0,0,0,0,0
14044,7200219,7210210,1,0,3115045,0,0,0,0,0,0,4028,152,0,0,0,0,0,0,5,0,0,0,2021-07-30T12:00:00,2100-12-31T00:00:00,2100-12-01T00:00:00,0,0,710007001,0,0,0,0,0
14045,7200220,7210211,1,0,3115046,0,0,0,0,0,0,4028,152,0,0,0,0,0,0,5,0,0,0,2021-07-30T12:00:00,2100-12-31T00:00:00,2100-12-01T00:00:00,0,0,710007001,0,0,0,0,0
14046,7200221,7210212,1,0,3115047,0,0,0,0,0,0,4028,1,0,0,0,0,0,0,1,0,0,0,2021-07-30T12:00:00,2100-12-31T00:00:00,2100-12-01T00:00:00,0,0,710007001,0,0,0,0,0
14047,7200222,7210213,1,0,3115048,0,0,0,0,0,0,4028,1,0,0,0,0,0,0,1,0,0,0,2021-07-30T12:00:00,2100-12-31T00:00:00,2100-12-01T00:00:00,0,0,710007001,0,0,0,0,0
14048,7200223,7210214,1,0,3115049,0,0,0,0,0,0,4028,1,0,0,0,0,0,0,1,0,0,0,2021-07-30T12:00:00,2100-12-31T00:00:00,2100-12-01T00:00:00,0,0,710007001,0,0,0,0,0
14049,7200224,7210215,1,0,3115050,0,0,0,0,0,0,4028,61,0,0,0,0,0,0,1,0,0,0,2021-07-30T12:00:00,2100-12-31T00:00:00,2100-12-01T00:00:00,0,0,710007001,0,0,0,0,0
14050,7200225,7210216,1,0,3115051,0,0,0,0,0,0,4028,61,0,0,0,0,0,0,1,0,0,0,2021-07-30T12:00:00,2100-12-31T00:00:00,2100-12-01T00:00:00,0,0,710007001,0,0,0,0,0
14051,7200226,7210217,1,0,3115052,0,0,0,0,0,0,4028,61,0,0,0,0,0,0,1,0,0,0,2021-07-30T12:00:00,2100-12-31T00:00:00,2100-12-01T00:00:00,0,0,710007001,0,0,0,0,0
14052,7200227,7210218,1,0,3115053,0,0,0,0,0,0,4028,61,0,0,0,0,0,0,1,0,0,0,2021-07-30T12:00:00,2100-12-31T00:00:00,2100-12-01T00:00:00,0,0,710007001,0,0,0,0,0
14053,7200228,7210219,1,0,3115054,0,0,0,0,0,0,4028,61,0,0,0,0,0,0,1,0,0,0,2021-07-30T12:00:00,2100-12-31T00:00:00,2100-12-01T00:00:00,0,0,710007001,0,0,0,0,0
14054,7200230,7210221,1,0,3115055,0,0,0,0,0,0,4028,120,0,0,0,0,0,0,6,0,0,0,2021-07-30T12:00:00,2100-12-31T00:00:00,2100-12-01T00:00:00,0,0,710007001,0,0,0,0,0
14055,7200249,7210240,1,0,3115056,0,0,0,0,0,0,4028,31,0,0,0,0,0,0,1,0,0,0,2022-02-28T11:00:00,2100-12-31T00:00:00,2100-12-01T00:00:00,0,0,710007001,0,0,0,0,0
14056,7200250,7210241,1,0,3115057,0,0,0,0,0,0,4028,31,0,0,0,0,0,0,1,0,0,0,2022-02-28T11:00:00,2100-12-31T00:00:00,2100-12-01T00:00:00,0,0,710007001,0,0,0,0,0
14057,7200251,7210242,1,0,3115058,0,0,0,0,0,0,4028,31,0,0,0,0,0,0,1,0,0,0,2022-02-28T11:00:00,2100-12-31T00:00:00,2100-12-01T00:00:00,0,0,710007001,0,0,0,0,0
14058,7200252,7210243,1,0,3115059,0,0,0,0,0,0,4028,62,0,0,0,0,0,0,1,0,0,0,2022-02-28T11:00:00,2100-12-31T00:00:00,2100-12-01T00:00:00,0,0,710007001,0,0,0,0,0
14059,7200253,7210244,1,0,3115060,0,0,0,0,0,0,4028,122,0,0,0,0,0,0,6,0,0,0,2022-02-28T11:00:00,2100-12-31T00:00:00,2100-12-01T00:00:00,0,0,710007001,0,0,0,0,0
14060,7200254,7210245,1,0,3115061,0,0,0,0,0,0,4028,122,0,0,0,0,0,0,6,0,0,0,2022-02-28T11:00:00,2100-12-31T00:00:00,2100-12-01T00:00:00,0,0,710007001,0,0,0,0,0
14061,7200255,7210246,1,0,3115062,0,0,0,0,0,0,4028,153,0,0,0,0,0,0,5,0,0,0,2022-02-28T11:00:00,2100-12-31T00:00:00,2100-12-01T00:00:00,0,0,710007001,0,0,0,0,0
14062,7200256,7210247,1,0,3115063,0,0,0,0,0,0,4028,153,0,0,0,0,0,0,5,0,0,0,2022-02-28T11:00:00,2100-12-31T00:00:00,2100-12-01T00:00:00,0,0,710007001,0,0,0,0,0
14063,7200257,7210248,1,0,3115064,0,0,0,0,0,0,4028,153,0,0,0,0,0,0,5,0,0,0,2022-02-28T11:00:00,2100-12-31T00:00:00,2100-12-01T00:00:00,0,0,710007001,0,0,0,0,0
14064,7200258,7210249,1,0,3115065,0,0,0,0,0,0,4028,153,0,0,0,0,0,0,5,0,0,0,2022-02-28T11:00:00,2100-12-31T00:00:00,2100-12-01T00:00:00,0,0,710007001,0,0,0,0,0
14065,7200259,7210250,1,0,3115066,0,0,0,0,0,0,4028,153,0,0,0,0,0,0,5,0,0,0,2022-02-28T11:00:00,2100-12-31T00:00:00,2100-12-01T00:00:00,0,0,710007001,0,0,0,0,0
14066,7200260,7210251,1,0,3115067,0,0,0,0,0,0,4028,153,0,0,0,0,0,0,5,0,0,0,2022-02-28T11:00:00,2100-12-31T00:00:00,2100-12-01T00:00:00,0,0,710007001,0,0,0,0,0
14067,7200306,7210297,1,0,3115068,0,0,0,0,0,0,4028,4,0,0,0,0,0,0,1,0,0,0,2022-03-31T10:35:00,2100-12-31T00:00:00,2100-12-01T00:00:00,0,0,710007001,0,0,0,0,0
14068,7200307,7210298,1,0,3115069,0,0,0,0,0,0,4028,4,0,0,0,0,0,0,1,0,0,0,2022-03-31T10:35:00,2100-12-31T00:00:00,2100-12-01T00:00:00,0,0,710007001,0,0,0,0,0
14069,7200308,7210299,1,0,3115070,0,0,0,0,0,0,4028,4,0,0,0,0,0,0,1,0,0,0,2022-03-31T10:35:00,2100-12-31T00:00:00,2100-12-01T00:00:00,0,0,710007001,0,0,0,0,0
14070,7200309,7210300,1,0,3115071,0,0,0,0,0,0,4028,32,0,0,0,0,0,0,1,0,0,0,2022-03-31T10:35:00,2100-12-31T00:00:00,2100-12-01T00:00:00,0,0,710007001,0,0,0,0,0
14072,7200311,7210302,1,0,3115073,0,0,0,0,0,0,4028,154,0,0,0,0,0,0,5,0,0,0,2022-03-31T10:35:00,2100-12-31T00:00:00,2100-12-01T00:00:00,0,0,710007001,0,0,0,0,0
14073,7200312,7210303,1,0,3115074,0,0,0,0,0,0,4028,154,0,0,0,0,0,0,5,0,0,0,2022-03-31T10:35:00,2100-12-31T00:00:00,2100-12-01T00:00:00,0,0,710007001,0,0,0,0,0
14074,7200313,7210304,1,0,3115075,0,0,0,0,0,0,4028,154,0,0,0,0,0,0,5,0,0,0,2022-03-31T10:35:00,2100-12-31T00:00:00,2100-12-01T00:00:00,0,0,710007001,0,0,0,0,0
14075,7200314,7210305,1,0,3115076,0,0,0,0,0,0,4028,154,0,0,0,0,0,0,5,0,0,0,2122-03-31T10:35:00,2200-12-31T00:00:00,2100-12-01T00:00:00,0,0,710007001,0,0,0,0,0
14076,7200315,7210306,1,0,3115077,0,0,0,0,0,0,4028,123,0,0,0,0,0,0,6,0,0,0,2022-03-31T10:35:00,2100-12-31T00:00:00,2100-12-01T00:00:00,0,0,710007001,0,0,0,0,0
14077,7200316,7210307,1,0,3115078,0,0,0,0,0,0,4028,123,0,0,0,0,0,0,6,0,0,0,2022-03-31T10:35:00,2100-12-31T00:00:00,2100-12-01T00:00:00,0,0,710007001,0,0,0,0,0
14078,7200338,7210326,1,0,3115079,0,0,0,0,0,0,4028,0,0,0,0,0,0,0,4,0,0,0,2022-04-08T10:35:00,2022-04-22T10:29:59,2100-12-01T00:00:00,0,0,710007001,0,2,0,0,0
14079,7200337,7210325,1,0,3115080,0,0,0,0,0,0,4028,0,0,0,0,0,0,0,5,0,0,0,2022-04-08T10:35:00,2022-04-22T10:29:59,2100-12-01T00:00:00,0,0,710007001,0,2,0,0,0
14080,7200344,7210333,1,0,3115081,0,0,0,0,0,0,4028,0,0,0,0,0,0,0,1,0,0,0,2022-04-15T10:35:00,2022-05-05T10:29:59,2100-12-01T00:00:00,0,0,710007001,0,2,0,0,0
14081,7200372,7210362,1,0,3115082,0,0,0,0,0,0,4028,33,0,0,0,0,0,0,1,0,0,0,2022-04-28T10:35:00,2100-12-31T00:00:00,2100-12-01T00:00:00,0,0,710007001,0,0,0,0,0
14082,7200373,7210363,1,0,3115083,0,0,0,0,0,0,4028,91,0,0,0,0,0,0,1,0,0,0,2022-04-28T10:35:00,2100-12-31T00:00:00,2100-12-01T00:00:00,0,0,710007001,0,0,0,0,0
14083,7200374,7210364,1,0,3115084,0,0,0,0,0,0,4028,155,0,0,0,0,0,0,5,0,0,0,2022-04-28T10:35:00,2100-12-31T00:00:00,2100-12-01T00:00:00,0,0,710007001,0,0,0,0,0
14084,7200375,7210365,1,0,3115085,0,0,0,0,0,0,4028,155,0,0,0,0,0,0,5,0,0,0,2022-04-28T10:35:00,2100-12-31T00:00:00,2100-12-01T00:00:00,0,0,710007001,0,0,0,0,0
14085,7200376,7210366,1,0,3115086,0,0,0,0,0,0,4028,155,0,0,0,0,0,0,5,0,0,0,2022-04-28T10:35:00,2100-12-31T00:00:00,2100-12-01T00:00:00,0,0,710007001,0,0,0,0,0
14086,7200377,7210367,1,0,3115087,0,0,0,0,0,0,4028,181,0,0,0,0,0,0,1,0,0,0,2022-04-28T10:35:00,2100-12-31T00:00:00,2100-12-01T00:00:00,0,0,710007001,0,0,0,0,0
14087,7200378,7210368,1,0,3115088,0,0,0,0,0,0,4028,181,0,0,0,0,0,0,1,0,0,0,2022-04-28T10:35:00,2100-12-31T00:00:00,2100-12-01T00:00:00,0,0,710007001,0,0,0,0,0
14088,7200379,7210369,1,0,3115089,0,0,0,0,0,0,4028,212,0,0,0,0,0,0,1,0,0,0,2022-04-28T10:35:00,2100-12-31T00:00:00,2100-12-01T00:00:00,0,0,710007001,0,0,0,0,0
14089,7200422,7210405,1,0,3115090,0,0,0,0,0,0,4028,4,0,0,0,0,0,0,1,0,0,0,2022-05-31T10:35:00,2100-12-31T00:00:00,2100-12-01T00:00:00,0,0,710007001,0,0,0,0,0
14090,7200423,7210406,1,0,3115091,0,0,0,0,0,0,4028,4,0,0,0,0,0,0,1,0,0,0,2022-05-31T10:35:00,2100-12-31T00:00:00,2100-12-01T00:00:00,0,0,710007001,0,0,0,0,0
14091,7200424,7210407,1,0,3115092,0,0,0,0,0,0,4028,4,0,0,0,0,0,0,1,0,0,0,2022-05-31T10:35:00,2100-12-31T00:00:00,2100-12-01T00:00:00,0,0,710007001,0,0,0,0,0
14092,7200425,7210408,1,0,3115093,0,0,0,0,0,0,4028,33,0,0,0,0,0,0,1,0,0,0,2022-05-31T10:35:00,2100-12-31T00:00:00,2100-12-01T00:00:00,0,0,710007001,0,0,0,0,0
14093,7200426,7210409,1,0,3115094,0,0,0,0,0,0,4028,33,0,0,0,0,0,0,1,0,0,0,2022-05-31T10:35:00,2100-12-31T00:00:00,2100-12-01T00:00:00,0,0,710007001,0,0,0,0,0
14094,7200427,7210410,1,0,3115095,0,0,0,0,0,0,4028,155,0,0,0,0,0,0,5,0,0,0,2022-05-31T10:35:00,2100-12-31T00:00:00,2100-12-01T00:00:00,0,0,710007001,0,0,0,0,0
14095,7200428,7210411,1,0,3115096,0,0,0,0,0,0,4028,123,0,0,0,0,0,0,6,0,0,0,2022-05-31T10:35:00,2100-12-31T00:00:00,2100-12-01T00:00:00,0,0,710007001,0,0,0,0,0
14096,7200429,7210412,1,0,3115097,0,0,0,0,0,0,4028,123,0,0,0,0,0,0,6,0,0,0,2022-05-31T10:35:00,2100-12-31T00:00:00,2100-12-01T00:00:00,0,0,710007001,0,0,0,0,0
14097,7200430,7210413,1,0,3115098,0,0,0,0,0,0,4028,212,0,0,0,0,0,0,1,0,0,0,2022-05-31T10:35:00,2100-12-31T00:00:00,2100-12-01T00:00:00,0,0,710007001,0,0,0,0,0
14098,7200487,7210450,1,0,3115099,0,0,0,0,0,0,4028,5,0,0,0,0,0,0,1,0,0,0,2022-06-30T10:35:00,2100-12-31T00:00:00,2100-12-01T00:00:00,0,0,710007001,0,0,0,0,0
14099,7200488,7210451,1,0,3115100,0,0,0,0,0,0,4028,5,0,0,0,0,0,0,1,0,0,0,2022-06-30T10:35:00,2100-12-31T00:00:00,2100-12-01T00:00:00,0,0,710007001,0,0,0,0,0
14100,7200489,7210452,1,0,3115101,0,0,0,0,0,0,4028,5,0,0,0,0,0,0,1,0,0,0,2022-06-30T10:35:00,2100-12-31T00:00:00,2100-12-01T00:00:00,0,0,710007001,0,0,0,0,0
14101,7200490,7210453,1,0,3115102,0,0,0,0,0,0,4028,182,0,0,0,0,0,0,5,0,0,0,2022-06-30T10:35:00,2100-12-31T00:00:00,2100-12-01T00:00:00,0,0,710007001,0,0,0,0,0
14102,7200491,7210454,1,0,3115103,0,0,0,0,0,0,4028,157,0,0,0,0,0,0,5,0,0,0,2022-06-30T10:35:00,2100-12-31T00:00:00,2100-12-01T00:00:00,0,0,710007001,0,0,0,0,0
14103,7200492,7210455,1,0,3115104,0,0,0,0,0,0,4028,124,0,0,0,0,0,0,6,0,0,0,2022-06-30T10:35:00,2100-12-31T00:00:00,2100-12-01T00:00:00,0,0,710007001,0,0,0,0,0
14104,7200493,7210456,1,0,3115105,0,0,0,0,0,0,4028,213,0,0,0,0,0,0,1,0,0,0,2022-06-30T10:35:00,2100-12-31T00:00:00,2100-12-01T00:00:00,0,0,710007001,0,0,0,0,0
14105,7200494,7210457,1,0,3115106,0,0,0,0,0,0,4028,34,0,0,0,0,0,0,1,0,0,0,2022-06-30T10:35:00,2100-12-31T00:00:00,2100-12-01T00:00:00,0,0,710007001,0,0,0,0,0
14106,7200495,7210458,1,0,3115107,0,0,0,0,0,0,4028,34,0,0,0,0,0,0,1,0,0,0,2022-06-30T10:35:00,2100-12-31T00:00:00,2100-12-01T00:00:00,0,0,710007001,0,0,0,0,0
14107,7200496,7210459,1,0,3115108,0,0,0,0,0,0,4028,156,0,0,0,0,0,0,5,0,0,0,2022-06-30T10:35:00,2100-12-31T00:00:00,2100-12-01T00:00:00,0,0,710007001,0,0,0,0,0
14108,7200581,7210527,1,0,3115109,0,0,0,0,0,0,4028,62,0,0,0,0,0,0,1,0,0,0,2022-07-28T10:35:00,2100-12-31T00:00:00,2100-12-01T00:00:00,0,0,710007001,0,0,0,0,0
14109,7200582,7210528,1,0,3115110,0,0,0,0,0,0,4028,62,0,0,0,0,0,0,1,0,0,0,2022-07-28T10:35:00,2100-12-31T00:00:00,2100-12-01T00:00:00,0,0,710007001,0,0,0,0,0
14110,7200583,7210529,1,0,3115111,0,0,0,0,0,0,4028,62,0,0,0,0,0,0,1,0,0,0,2022-07-28T10:35:00,2100-12-31T00:00:00,2100-12-01T00:00:00,0,0,710007001,0,0,0,0,0
14111,7200584,7210530,1,0,3115112,0,0,0,0,0,0,4028,157,0,0,0,0,0,0,5,0,0,0,2022-07-28T10:35:00,2100-12-31T00:00:00,2100-12-01T00:00:00,0,0,710007001,0,0,0,0,0
14112,7200585,7210531,1,0,3115113,0,0,0,0,0,0,4028,213,0,0,0,0,0,0,1,0,0,0,2022-07-28T10:35:00,2100-12-31T00:00:00,2100-12-01T00:00:00,0,0,710007001,0,0,0,0,0
14113,7200586,7210532,1,0,3115114,0,0,0,0,0,0,4028,124,0,0,0,0,0,0,6,0,0,0,2022-07-28T10:35:00,2100-12-31T00:00:00,2100-12-01T00:00:00,0,0,710007001,0,0,0,0,0
14114,7200587,7210533,1,0,3115115,0,0,0,0,0,0,4028,124,0,0,0,0,0,0,6,0,0,0,2022-07-28T10:35:00,2100-12-31T00:00:00,2100-12-01T00:00:00,0,0,710007001,0,0,0,0,0
14115,7200588,7210534,1,0,3115116,0,0,0,0,0,0,4028,124,0,0,0,0,0,0,6,0,0,0,2022-07-28T10:35:00,2100-12-31T00:00:00,2100-12-01T00:00:00,0,0,710007001,0,0,0,0,0
14116,7200589,7210535,1,0,3115117,0,0,0,0,0,0,4028,124,0,0,0,0,0,0,6,0,0,0,2022-07-28T10:35:00,2100-12-31T00:00:00,2100-12-01T00:00:00,0,0,710007001,0,0,0,0,0
14117,7200633,7210553,1,0,3115118,0,0,0,0,0,0,4028,0,0,0,0,0,0,0,5,0,0,0,2022-08-18T10:35:00,2022-09-06T10:29:00,2100-12-01T00:00:00,0,0,710007001,0,2,0,0,0
14118,7200636,7210559,1,0,3115119,0,0,0,0,0,0,4028,183,0,0,0,0,0,0,1,0,0,0,2022-08-30T10:35:00,2100-12-31T00:00:00,2100-12-01T00:00:00,0,0,710007001,0,0,0,0,0
14119,7200637,7210560,1,0,3115120,0,0,0,0,0,0,4028,34,0,0,0,0,0,0,1,0,0,0,2022-08-30T10:35:00,2100-12-31T00:00:00,2100-12-01T00:00:00,0,0,710007001,0,0,0,0,0
14120,7200638,7210561,1,0,3115121,0,0,0,0,0,0,4028,34,0,0,0,0,0,0,1,0,0,0,2022-08-30T10:35:00,2100-12-31T00:00:00,2100-12-01T00:00:00,0,0,710007001,0,0,0,0,0
14121,7200639,7210562,1,0,3115122,0,0,0,0,0,0,4028,34,0,0,0,0,0,0,1,0,0,0,2022-08-30T10:35:00,2100-12-31T00:00:00,2100-12-01T00:00:00,0,0,710007001,0,0,0,0,0
14122,7200640,7210563,1,0,3115123,0,0,0,0,0,0,4028,34,0,0,0,0,0,0,1,0,0,0,2022-08-30T10:35:00,2100-12-31T00:00:00,2100-12-01T00:00:00,0,0,710007001,0,0,0,0,0
14123,7200641,7210564,1,0,3115124,0,0,0,0,0,0,4028,182,0,0,0,0,0,0,1,0,0,0,2022-08-30T10:35:00,2100-12-31T00:00:00,2100-12-01T00:00:00,0,0,710007001,0,0,0,0,0
14124,7200642,7210565,1,0,3115125,0,0,0,0,0,0,4028,182,0,0,0,0,0,0,1,0,0,0,2022-08-30T10:35:00,2100-12-31T00:00:00,2100-12-01T00:00:00,0,0,710007001,0,0,0,0,0
14125,7200643,7210566,1,0,3115126,0,0,0,0,0,0,4028,182,0,0,0,0,0,0,1,0,0,0,2022-08-30T10:35:00,2100-12-31T00:00:00,2100-12-01T00:00:00,0,0,710007001,0,0,0,0,0
14126,7200644,7210567,1,0,3115127,0,0,0,0,0,0,4028,213,0,0,0,0,0,0,1,0,0,0,2022-08-30T10:35:00,2100-12-31T00:00:00,2100-12-01T00:00:00,0,0,710007001,0,0,0,0,0
14127,7200697,7210591,1,0,3115128,0,0,0,0,0,0,4028,91,0,0,0,0,0,0,1,0,0,0,2022-09-30T10:35:00,2100-12-31T00:00:00,2100-12-01T00:00:00,0,0,710007001,0,0,0,0,0
14128,7200698,7210592,1,0,3115129,0,0,0,0,0,0,4028,91,0,0,0,0,0,0,1,0,0,0,2022-09-30T10:35:00,2100-12-31T00:00:00,2100-12-01T00:00:00,0,0,710007001,0,0,0,0,0
14129,7200699,7210593,1,0,3115130,0,0,0,0,0,0,4028,91,0,0,0,0,0,0,1,0,0,0,2022-09-30T10:35:00,2100-12-31T00:00:00,2100-12-01T00:00:00,0,0,710007001,0,0,0,0,0
14130,7200700,7210594,1,0,3115131,0,0,0,0,0,0,4028,183,0,0,0,0,0,0,5,0,0,0,2022-09-30T10:35:00,2100-12-31T00:00:00,2100-12-01T00:00:00,0,0,710007001,0,0,0,0,0
14131,7200701,7210595,1,0,3115132,0,0,0,0,0,0,4028,183,0,0,0,0,0,0,5,0,0,0,2022-09-30T10:35:00,2100-12-31T00:00:00,2100-12-01T00:00:00,0,0,710007001,0,0,0,0,0
14132,7200702,7210596,1,0,3115133,0,0,0,0,0,0,4028,213,0,0,0,0,0,0,1,0,0,0,2022-09-30T10:35:00,2100-12-31T00:00:00,2100-12-01T00:00:00,0,0,710007001,0,0,0,0,0
14133,7200703,7210597,1,0,3115134,0,0,0,0,0,0,4028,213,0,0,0,0,0,0,1,0,0,0,2022-09-30T10:35:00,2100-12-31T00:00:00,2100-12-01T00:00:00,0,0,710007001,0,0,0,0,0
14134,7200704,7210598,1,0,3115135,0,0,0,0,0,0,4028,213,0,0,0,0,0,0,1,0,0,0,2022-09-30T10:35:00,2100-12-31T00:00:00,2100-12-01T00:00:00,0,0,710007001,0,0,0,0,0
14135,7200753,7210622,1,0,3115136,0,0,0,0,0,0,4028,62,0,0,0,0,0,0,1,0,0,0,2022-10-31T10:35:00,2100-12-31T00:00:00,2100-12-01T00:00:00,0,0,710007001,0,0,0,0,0
14136,7200754,7210623,1,0,3115137,0,0,0,0,0,0,4028,62,0,0,0,0,0,0,1,0,0,0,2022-10-31T10:35:00,2100-12-31T00:00:00,2100-12-01T00:00:00,0,0,710007001,0,0,0,0,0
14137,7200755,7210624,1,0,3115138,0,0,0,0,0,0,4028,62,0,0,0,0,0,0,1,0,0,0,2022-10-31T10:35:00,2100-12-31T00:00:00,2100-12-01T00:00:00,0,0,710007001,0,0,0,0,0
14138,7200756,7210625,1,0,3115139,0,0,0,0,0,0,4028,62,0,0,0,0,0,0,1,0,0,0,2022-10-31T10:35:00,2100-12-31T00:00:00,2100-12-01T00:00:00,0,0,710007001,0,0,0,0,0
14139,7200757,7210627,1,0,3115140,0,0,0,0,0,0,4028,157,0,0,0,0,0,0,5,0,0,0,2022-10-31T10:35:00,2100-12-31T00:00:00,2100-12-01T00:00:00,0,0,710007001,0,0,0,0,0
14140,7200758,7210628,1,0,3115141,0,0,0,0,0,0,4028,157,0,0,0,0,0,0,5,0,0,0,2022-10-31T10:35:00,2100-12-31T00:00:00,2100-12-01T00:00:00,0,0,710007001,0,0,0,0,0
14141,7200759,7210629,1,0,3115142,0,0,0,0,0,0,4028,157,0,0,0,0,0,0,5,0,0,0,2022-10-31T10:35:00,2100-12-31T00:00:00,2100-12-01T00:00:00,0,0,710007001,0,0,0,0,0
14142,7200760,7210630,1,0,3115143,0,0,0,0,0,0,4028,157,0,0,0,0,0,0,5,0,0,0,2022-10-31T10:35:00,2100-12-31T00:00:00,2100-12-01T00:00:00,0,0,710007001,0,0,0,0,0
14143,7200761,7210632,1,0,3115144,0,0,0,0,0,0,4028,213,0,0,0,0,0,0,1,0,0,0,2022-10-31T10:35:00,2100-12-31T00:00:00,2100-12-01T00:00:00,0,0,710007001,0,0,0,0,0
14144,7200802,7210655,1,0,3115145,0,0,0,0,0,0,4028,35,0,0,0,0,0,0,1,0,0,0,2022-11-15T10:35:00,2100-12-31T00:00:00,2100-12-01T00:00:00,0,0,710007001,0,0,0,0,0
14145,7200803,7210656,1,0,3115146,0,0,0,0,0,0,4028,63,0,0,0,0,0,0,1,0,0,0,2022-11-15T10:35:00,2100-12-31T00:00:00,2100-12-01T00:00:00,0,0,710007001,0,0,0,0,0
14146,7200804,7210657,1,0,3115147,0,0,0,0,0,0,4028,158,0,0,0,0,0,0,5,0,0,0,2022-11-15T10:35:00,2100-12-31T00:00:00,2100-12-01T00:00:00,0,0,710007001,0,0,0,0,0
14147,7200821,7210670,1,0,3115148,0,0,0,0,0,0,4028,0,0,0,0,0,0,0,1,0,0,0,2022-11-30T10:35:00,2022-12-18T23:59:59,2100-12-01T00:00:00,0,0,710007001,0,2,0,0,0
14148,7200822,7210671,1,0,3115149,0,0,0,0,0,0,4028,0,0,0,0,0,0,0,1,0,0,0,2022-11-30T10:35:00,2022-12-18T23:59:59,2100-12-01T00:00:00,0,0,710007001,0,2,0,0,0
14149,7200823,7210672,1,0,3115150,0,0,0,0,0,0,4028,0,0,0,0,0,0,0,1,0,0,0,2022-11-30T10:35:00,2022-12-18T23:59:59,2100-12-01T00:00:00,0,0,710007001,0,2,0,0,0
14150,7200824,7210673,1,0,3115151,0,0,0,0,0,0,4028,0,0,0,0,0,0,0,1,0,0,0,2022-11-30T10:35:00,2022-12-18T23:59:59,2100-12-01T00:00:00,0,0,710007001,0,2,0,0,0
14151,7200825,7210674,1,0,3115152,0,0,0,0,0,0,4028,0,0,0,0,0,0,0,1,0,0,0,2022-11-30T10:35:00,2022-12-18T23:59:59,2100-12-01T00:00:00,0,0,710007001,0,2,0,0,0
14152,7200826,7210675,1,0,3115153,0,0,0,0,0,0,4028,0,0,0,0,0,0,0,1,0,0,0,2022-11-30T10:35:00,2022-12-18T23:59:59,2100-12-01T00:00:00,0,0,710007001,0,2,0,0,0
14153,7200827,7210676,1,0,3115154,0,0,0,0,0,0,4028,0,0,0,0,0,0,0,1,0,0,0,2022-11-30T10:35:00,2022-12-18T23:59:59,2100-12-01T00:00:00,0,0,710007001,0,2,0,0,0
14154,7200828,7210677,1,0,3115155,0,0,0,0,0,0,4028,0,0,0,0,0,0,0,1,0,0,0,2022-11-30T10:35:00,2022-12-18T23:59:59,2100-12-01T00:00:00,0,0,710007001,0,2,0,0,0
14155,7200829,7210678,1,0,3115156,0,0,0,0,0,0,4028,62,0,0,0,0,0,0,1,0,0,0,2022-11-30T10:35:00,2100-12-31T00:00:00,2100-12-01T00:00:00,0,0,710007001,0,0,0,0,0
14156,7200830,7210679,1,0,3115157,0,0,0,0,0,0,4028,62,0,0,0,0,0,0,1,0,0,0,2022-11-30T10:35:00,2100-12-31T00:00:00,2100-12-01T00:00:00,0,0,710007001,0,0,0,0,0
14157,7200831,7210680,1,0,3115158,0,0,0,0,0,0,4028,62,0,0,0,0,0,0,1,0,0,0,2022-11-30T10:35:00,2100-12-31T00:00:00,2100-12-01T00:00:00,0,0,710007001,0,0,0,0,0
14158,7200832,7210681,1,0,3115159,0,0,0,0,0,0,4028,62,0,0,0,0,0,0,1,0,0,0,2022-11-30T10:35:00,2100-12-31T00:00:00,2100-12-01T00:00:00,0,0,710007001,0,0,0,0,0
14159,7200833,7210682,1,0,3115160,0,0,0,0,0,0,4028,124,0,0,0,0,0,0,6,0,0,0,2022-11-30T10:35:00,2100-12-31T00:00:00,2100-12-01T00:00:00,0,0,710007001,0,0,0,0,0
14160,7200834,7210683,1,0,3115161,0,0,0,0,0,0,4028,124,0,0,0,0,0,0,6,0,0,0,2022-11-30T10:35:00,2100-12-31T00:00:00,2100-12-01T00:00:00,0,0,710007001,0,0,0,0,0
14161,7200835,7210684,1,0,3115162,0,0,0,0,0,0,4028,124,0,0,0,0,0,0,6,0,0,0,2022-11-30T10:35:00,2100-12-31T00:00:00,2100-12-01T00:00:00,0,0,710007001,0,0,0,0,0
14162,7200836,7210685,1,0,3115163,0,0,0,0,0,0,4028,183,0,0,0,0,0,0,5,0,0,0,2022-11-30T10:35:00,2100-12-31T00:00:00,2100-12-01T00:00:00,0,0,710007001,0,0,0,0,0
14163,7200837,7210686,1,0,3115164,0,0,0,0,0,0,4028,183,0,0,0,0,0,0,5,0,0,0,2022-11-30T10:35:00,2100-12-31T00:00:00,2100-12-01T00:00:00,0,0,710007001,0,0,0,0,0
14164,7200914,7210736,1,0,3115165,0,0,0,0,0,0,4028,183,0,0,0,0,0,0,5,0,0,0,2022-12-31T10:30:00,2100-12-31T00:00:00,2100-12-01T00:00:00,0,0,710007001,0,0,0,0,0
14165,7200915,7210737,1,0,3115166,0,0,0,0,0,0,4028,183,0,0,0,0,0,0,5,0,0,0,2022-12-31T10:30:00,2100-12-31T00:00:00,2100-12-01T00:00:00,0,0,710007001,0,0,0,0,0
14166,7200916,7210738,1,0,3115167,0,0,0,0,0,0,4028,183,0,0,0,0,0,0,5,0,0,0,2022-12-31T10:30:00,2100-12-31T00:00:00,2100-12-01T00:00:00,0,0,710007001,0,0,0,0,0
14167,7200917,7210739,1,0,3115168,0,0,0,0,0,0,4028,183,0,0,0,0,0,0,5,0,0,0,2022-12-31T10:30:00,2100-12-31T00:00:00,2100-12-01T00:00:00,0,0,710007001,0,0,0,0,0
14168,7200918,7210740,1,0,3115169,0,0,0,0,0,0,4028,213,0,0,0,0,0,0,1,0,0,0,2022-12-31T10:30:00,2100-12-31T00:00:00,2100-12-01T00:00:00,0,0,710007001,0,0,0,0,0
14169,7200919,7210741,1,0,3115170,0,0,0,0,0,0,4028,35,0,0,0,0,0,0,1,0,0,0,2022-12-31T10:30:00,2100-12-31T00:00:00,2100-12-01T00:00:00,0,0,710007001,0,0,0,0,0
14170,7200920,7210742,1,0,3115171,0,0,0,0,0,0,4028,35,0,0,0,0,0,0,1,0,0,0,2022-12-31T10:30:00,2100-12-31T00:00:00,2100-12-01T00:00:00,0,0,710007001,0,0,0,0,0
14171,7200921,7210743,1,0,3115172,0,0,0,0,0,0,4028,35,0,0,0,0,0,0,1,0,0,0,2022-12-31T10:30:00,2100-12-31T00:00:00,2100-12-01T00:00:00,0,0,710007001,0,0,0,0,0
14172,7200922,7210744,1,0,3115173,0,0,0,0,0,0,4028,35,0,0,0,0,0,0,1,0,0,0,2022-12-31T10:30:00,2100-12-31T00:00:00,2100-12-01T00:00:00,0,0,710007001,0,0,0,0,0
14173,7200923,7210745,1,0,3115174,0,0,0,0,0,0,4028,35,0,0,0,0,0,0,1,0,0,0,2022-12-31T10:30:00,2100-12-31T00:00:00,2100-12-01T00:00:00,0,0,710007001,0,0,0,0,0
14174,7200983,7210782,1,0,3115175,0,0,0,0,0,0,4028,91,0,0,0,0,0,0,1,0,0,0,2023-01-31T10:35:00,2100-12-31T00:00:00,2100-12-01T00:00:00,0,0,710007001,0,0,0,0,0
14175,7200984,7210783,1,0,3115176,0,0,0,0,0,0,4028,91,0,0,0,0,0,0,1,0,0,0,2023-01-31T10:35:00,2100-12-31T00:00:00,2100-12-01T00:00:00,0,0,710007001,0,0,0,0,0
14176,7200985,7210784,1,0,3115177,0,0,0,0,0,0,4028,91,0,0,0,0,0,0,1,0,0,0,2023-01-31T10:35:00,2100-12-31T00:00:00,2100-12-01T00:00:00,0,0,710007001,0,0,0,0,0
14177,7200986,7210785,1,0,3115178,0,0,0,0,0,0,4028,91,0,0,0,0,0,0,1,0,0,0,2023-01-31T10:35:00,2100-12-31T00:00:00,2100-12-01T00:00:00,0,0,710007001,0,0,0,0,0
14178,7200987,7210786,1,0,3115179,0,0,0,0,0,0,4028,158,0,0,0,0,0,0,5,0,0,0,2023-01-31T10:35:00,2100-12-31T00:00:00,2100-12-01T00:00:00,0,0,710007001,0,0,0,0,0
14179,7200988,7210787,1,0,3115180,0,0,0,0,0,0,4028,158,0,0,0,0,0,0,5,0,0,0,2023-01-31T10:35:00,2100-12-31T00:00:00,2100-12-01T00:00:00,0,0,710007001,0,0,0,0,0
14180,7200989,7210788,1,0,3115181,0,0,0,0,0,0,4028,213,0,0,0,0,0,0,1,0,0,0,2023-01-31T10:35:00,2100-12-31T00:00:00,2100-12-01T00:00:00,0,0,710007001,0,0,0,0,0
14181,7200990,7210789,1,0,3115182,0,0,0,0,0,0,4028,213,0,0,0,0,0,0,1,0,0,0,2023-01-31T10:35:00,2100-12-31T00:00:00,2100-12-01T00:00:00,0,0,710007001,0,0,0,0,0
14182,7201035,7210821,1,0,3115183,0,0,0,0,0,0,4028,35,0,0,0,0,0,0,1,0,0,0,2023-02-28T10:35:00,2100-12-31T00:00:00,2100-12-01T00:00:00,0,0,710007001,0,0,0,0,0
14183,7201036,7210822,1,0,3115184,0,0,0,0,0,0,4028,35,0,0,0,0,0,0,1,0,0,0,2023-02-28T10:35:00,2100-12-31T00:00:00,2100-12-01T00:00:00,0,0,710007001,0,0,0,0,0
14184,7201037,7210823,1,0,3115185,0,0,0,0,0,0,4028,35,0,0,0,0,0,0,1,0,0,0,2023-02-28T10:35:00,2100-12-31T00:00:00,2100-12-01T00:00:00,0,0,710007001,0,0,0,0,0
14185,7201038,7210824,1,0,3115186,0,0,0,0,0,0,4028,35,0,0,0,0,0,0,1,0,0,0,2023-02-28T10:35:00,2100-12-31T00:00:00,2100-12-01T00:00:00,0,0,710007001,0,0,0,0,0
14186,7201041,7210825,1,0,3115187,0,0,0,0,0,0,4028,124,0,0,0,0,0,0,6,0,0,0,2023-02-28T10:35:00,2100-12-31T00:00:00,2100-12-01T00:00:00,0,0,710007001,0,0,0,0,0
14187,7201042,7210826,1,0,3115188,0,0,0,0,0,0,4028,124,0,0,0,0,0,0,6,0,0,0,2023-02-28T10:35:00,2100-12-31T00:00:00,2100-12-01T00:00:00,0,0,710007001,0,0,0,0,0
14188,7201043,7210827,1,0,3115189,0,0,0,0,0,0,4028,124,0,0,0,0,0,0,6,0,0,0,2023-02-28T10:35:00,2100-12-31T00:00:00,2100-12-01T00:00:00,0,0,710007001,0,0,0,0,0
14189,7201044,7210828,1,0,3115190,0,0,0,0,0,0,4028,213,0,0,0,0,0,0,1,0,0,0,2023-02-28T10:35:00,2100-12-31T00:00:00,2100-12-01T00:00:00,0,0,710007001,0,0,0,0,0
14190,7201107,7210859,1,0,3115191,0,0,0,0,0,0,4028,63,0,0,0,0,0,0,1,0,0,0,2023-03-31T10:35:00,2100-12-31T00:00:00,2100-12-01T00:00:00,0,0,710007001,0,0,0,0,0
14191,7201108,7210860,1,0,3115192,0,0,0,0,0,0,4028,63,0,0,0,0,0,0,1,0,0,0,2023-03-31T10:35:00,2100-12-31T00:00:00,2100-12-01T00:00:00,0,0,710007001,0,0,0,0,0
14192,7201109,7210861,1,0,3115193,0,0,0,0,0,0,4028,158,0,0,0,0,0,0,5,0,0,0,2023-03-31T10:35:00,2100-12-31T00:00:00,2100-12-01T00:00:00,0,0,710007001,0,0,0,0,0
14193,7201110,7210862,1,0,3115194,0,0,0,0,0,0,4028,213,0,0,0,0,0,0,1,0,0,0,2023-03-31T10:35:00,2100-12-31T00:00:00,2100-12-01T00:00:00,0,0,710007001,0,0,0,0,0
14194,7201135,7210881,1,0,3115195,0,0,0,0,0,0,4028,63,0,0,0,0,0,0,1,0,0,0,2023-04-28T10:35:00,2100-12-31T00:00:00,2100-12-01T00:00:00,0,0,710007001,0,0,0,0,0
14195,7201136,7210882,1,0,3115196,0,0,0,0,0,0,4028,63,0,0,0,0,0,0,1,0,0,0,2023-04-28T10:35:00,2100-12-31T00:00:00,2100-12-01T00:00:00,0,0,710007001,0,0,0,0,0
14196,7201137,7210883,1,0,3115197,0,0,0,0,0,0,4028,158,0,0,0,0,0,0,5,0,0,0,2023-04-28T10:35:00,2100-12-31T00:00:00,2100-12-01T00:00:00,0,0,710007001,0,0,0,0,0
14197,7201199,7210925,1,0,3115198,0,0,0,0,0,0,4028,91,0,0,0,0,0,0,1,0,0,0,2023-05-31T10:35:00,2100-12-31T00:00:00,2100-12-01T00:00:00,0,0,710007001,0,0,0,0,0
14198,7201200,7210926,1,0,3115199,0,0,0,0,0,0,4028,91,0,0,0,0,0,0,1,0,0,0,2023-05-31T10:35:00,2100-12-31T00:00:00,2100-12-01T00:00:00,0,0,710007001,0,0,0,0,0
14199,7201201,7210927,1,0,3115200,0,0,0,0,0,0,4028,184,0,0,0,0,0,0,1,0,0,0,2023-05-31T10:35:00,2100-12-31T00:00:00,2100-12-01T00:00:00,0,0,710007001,0,0,0,0,0
14200,7201202,7210928,1,0,3115201,0,0,0,0,0,0,4028,184,0,0,0,0,0,0,1,0,0,0,2023-05-31T10:35:00,2100-12-31T00:00:00,2100-12-01T00:00:00,0,0,710007001,0,0,0,0,0
14201,7201268,7210964,1,0,3115202,0,0,0,0,0,0,4028,91,0,0,0,0,0,0,1,0,0,0,2023-06-30T10:35:00,2100-12-31T00:00:00,2100-12-01T00:00:00,0,0,710007001,0,0,0,0,0
14202,7201269,7210965,1,0,3115203,0,0,0,0,0,0,4028,91,0,0,0,0,0,0,1,0,0,0,2023-06-30T10:35:00,2100-12-31T00:00:00,2100-12-01T00:00:00,0,0,710007001,0,0,0,0,0
14203,7201270,7210966,1,0,3115204,0,0,0,0,0,0,4028,158,0,0,0,0,0,0,5,0,0,0,2023-06-30T10:35:00,2100-12-31T00:00:00,2100-12-01T00:00:00,0,0,710007001,0,0,0,0,0
14204,7201271,7210967,1,0,3115205,0,0,0,0,0,0,4028,184,0,0,0,0,0,0,1,0,0,0,2023-06-30T10:35:00,2100-12-31T00:00:00,2100-12-01T00:00:00,0,0,710007001,0,0,0,0,0
14205,7201272,7210968,1,0,3115206,0,0,0,0,0,0,4028,213,0,0,0,0,0,0,1,0,0,0,2023-06-30T10:35:00,2100-12-31T00:00:00,2100-12-01T00:00:00,0,0,710007001,0,0,0,0,0
14206,7201321,7211004,1,0,3115207,0,0,0,0,0,0,4028,35,0,0,0,0,0,0,1,0,0,0,2023-07-31T10:35:00,2100-12-31T00:00:00,2100-12-01T00:00:00,0,0,710007001,0,0,0,0,0
14207,7201322,7211005,1,0,3115208,0,0,0,0,0,0,4028,35,0,0,0,0,0,0,1,0,0,0,2023-07-31T10:35:00,2100-12-31T00:00:00,2100-12-01T00:00:00,0,0,710007001,0,0,0,0,0
14208,7201323,7211006,1,0,3115209,0,0,0,0,0,0,4028,35,0,0,0,0,0,0,1,0,0,0,2023-07-31T10:35:00,2100-12-31T00:00:00,2100-12-01T00:00:00,0,0,710007001,0,0,0,0,0
14209,7201324,7211007,1,0,3115210,0,0,0,0,0,0,4028,158,0,0,0,0,0,0,5,0,0,0,2023-07-31T10:35:00,2100-12-31T00:00:00,2100-12-01T00:00:00,0,0,710007001,0,0,0,0,0
14210,7201325,7211008,1,0,3115211,0,0,0,0,0,0,4028,213,0,0,0,0,0,0,1,0,0,0,2023-07-31T10:35:00,2100-12-31T00:00:00,2100-12-01T00:00:00,0,0,710007001,0,0,0,0,0
14211,7201397,7211056,1,0,3115212,0,0,0,0,0,0,4028,35,0,0,0,0,0,0,1,0,0,0,2023-08-31T10:35:00,2100-12-31T00:00:00,2100-12-01T00:00:00,0,0,710007001,0,0,0,0,0
14212,7201398,7211057,1,0,3115213,0,0,0,0,0,0,4028,92,0,0,0,0,0,0,1,0,0,0,2023-08-31T10:35:00,2100-12-31T00:00:00,2100-12-01T00:00:00,0,0,710007001,0,0,0,0,0
14213,7201399,7211058,1,0,3115214,0,0,0,0,0,0,4028,92,0,0,0,0,0,0,1,0,0,0,2023-08-31T10:35:00,2100-12-31T00:00:00,2100-12-01T00:00:00,0,0,710007001,0,0,0,0,0
14214,7201400,7211059,1,0,3115215,0,0,0,0,0,0,4028,124,0,0,0,0,0,0,6,0,0,0,2023-08-31T10:35:00,2100-12-31T00:00:00,2100-12-01T00:00:00,0,0,710007001,0,0,0,0,0
14215,7201445,7211082,1,0,3115216,0,0,0,0,0,0,4028,124,0,0,0,0,0,0,6,0,0,0,2023-09-29T10:35:00,2100-12-31T00:00:00,2100-12-01T00:00:00,0,0,710007001,0,0,0,0,0
14216,7201446,7211083,1,0,3115217,0,0,0,0,0,0,4028,124,0,0,0,0,0,0,6,0,0,0,2023-09-29T10:35:00,2100-12-31T00:00:00,2100-12-01T00:00:00,0,0,710007001,0,0,0,0,0
14217,7201447,7211084,1,0,3115218,0,0,0,0,0,0,4028,92,0,0,0,0,0,0,1,0,0,0,2023-09-29T10:35:00,2100-12-31T00:00:00,2100-12-01T00:00:00,0,0,710007001,0,0,0,0,0
14218,7201448,7211085,1,0,3115219,0,0,0,0,0,0,4028,92,0,0,0,0,0,0,1,0,0,0,2023-09-29T10:35:00,2100-12-31T00:00:00,2100-12-01T00:00:00,0,0,710007001,0,0,0,0,0
14219,7201504,7211119,1,0,3115220,0,0,0,0,0,0,4028,35,0,0,0,0,0,0,1,0,0,0,2023-10-30T10:35:00,2100-12-31T00:00:00,2100-12-01T00:00:00,0,0,710007001,0,0,0,0,0
14220,7201505,7211120,1,0,3115221,0,0,0,0,0,0,4028,63,0,0,0,0,0,0,1,0,0,0,2023-10-30T10:35:00,2100-12-31T00:00:00,2100-12-01T00:00:00,0,0,710007001,0,0,0,0,0
14221,7201506,7211121,1,0,3115222,0,0,0,0,0,0,4028,92,0,0,0,0,0,0,1,0,0,0,2023-10-30T10:35:00,2100-12-31T00:00:00,2100-12-01T00:00:00,0,0,710007001,0,0,0,0,0
14222,7201580,7211190,1,0,3115223,0,0,0,0,0,0,4028,213,0,0,0,0,0,0,1,0,0,0,2023-11-30T10:35:00,2100-12-31T00:00:00,2100-12-01T00:00:00,0,0,710007001,0,0,0,0,0
14223,7201581,7211191,1,0,3115224,0,0,0,0,0,0,4028,158,0,0,0,0,0,0,5,0,0,0,2023-11-30T10:35:00,2100-12-31T00:00:00,2100-12-01T00:00:00,0,0,710007001,0,0,0,0,0
14224,7201582,7211192,1,0,3115225,0,0,0,0,0,0,4028,92,0,0,0,0,0,0,1,0,0,0,2023-11-30T10:35:00,2100-12-31T00:00:00,2100-12-01T00:00:00,0,0,710007001,0,0,0,0,0
14225,7201583,7211193,1,0,3115226,0,0,0,0,0,0,4028,35,0,0,0,0,0,0,1,0,0,0,2023-11-30T10:35:00,2100-12-31T00:00:00,2100-12-01T00:00:00,0,0,710007001,0,0,0,0,0
14226,7201638,7211223,1,0,3115227,0,0,0,0,0,0,4028,184,0,0,0,0,0,0,1,0,0,0,2023-12-29T10:35:00,2100-12-31T00:00:00,2100-12-01T00:00:00,0,0,710007001,0,0,0,0,0
14227,7201639,7211224,1,0,3115228,0,0,0,0,0,0,4028,184,0,0,0,0,0,0,1,0,0,0,2023-12-29T10:35:00,2100-12-31T00:00:00,2100-12-01T00:00:00,0,0,710007001,0,0,0,0,0
14228,7201640,7211225,1,0,3115229,0,0,0,0,0,0,4028,184,0,0,0,0,0,0,1,0,0,0,2023-12-29T10:35:00,2100-12-31T00:00:00,2100-12-01T00:00:00,0,0,710007001,0,0,0,0,0
14229,7201641,7211226,1,0,3115230,0,0,0,0,0,0,4028,184,0,0,0,0,0,0,1,0,0,0,2023-12-29T10:35:00,2100-12-31T00:00:00,2100-12-01T00:00:00,0,0,710007001,0,0,0,0,0
14230,7201642,7211227,1,0,3115231,0,0,0,0,0,0,4028,35,0,0,0,0,0,0,1,0,0,0,2023-12-29T10:35:00,2100-12-31T00:00:00,2100-12-01T00:00:00,0,0,710007001,0,0,0,0,0
14231,7201643,7211228,1,0,3115232,0,0,0,0,0,0,4028,158,0,0,0,0,0,0,5,0,0,0,2023-12-29T10:35:00,2100-12-31T00:00:00,2100-12-01T00:00:00,0,0,710007001,0,0,0,0,0
14232,7201644,7211229,1,0,3115233,0,0,0,0,0,0,4028,158,0,0,0,0,0,0,5,0,0,0,2023-12-29T10:35:00,2100-12-31T00:00:00,2100-12-01T00:00:00,0,0,710007001,0,0,0,0,0
14233,7201645,7211230,1,0,3115234,0,0,0,0,0,0,4028,158,0,0,0,0,0,0,5,0,0,0,2023-12-29T10:35:00,2100-12-31T00:00:00,2100-12-01T00:00:00,0,0,710007001,0,0,0,0,0
14234,7201646,7211231,1,0,3115235,0,0,0,0,0,0,4028,158,0,0,0,0,0,0,5,0,0,0,2023-12-29T10:35:00,2100-12-31T00:00:00,2100-12-01T00:00:00,0,0,710007001,0,0,0,0,0
14235,7201647,7211232,1,0,3115236,0,0,0,0,0,0,4028,63,0,0,0,0,0,0,1,0,0,0,2023-12-29T10:35:00,2100-12-31T00:00:00,2100-12-01T00:00:00,0,0,710007001,0,0,0,0,0
14236,7201648,7211233,1,0,3115237,0,0,0,0,0,0,4028,92,0,0,0,0,0,0,1,0,0,0,2023-12-29T10:35:00,2100-12-31T00:00:00,2100-12-01T00:00:00,0,0,710007001,0,0,0,0,0
14237,7201696,7211262,1,0,3115238,0,0,0,0,0,0,4028,35,0,0,0,0,0,0,1,0,0,0,2024-01-31T10:35:00,2100-12-31T00:00:00,2100-12-01T00:00:00,0,0,710007001,0,0,0,0,0
14238,7201697,7211263,1,0,3115239,0,0,0,0,0,0,4028,63,0,0,0,0,0,0,1,0,0,0,2024-01-31T10:35:00,2100-12-31T00:00:00,2100-12-01T00:00:00,0,0,710007001,0,0,0,0,0
14239,7201698,7211264,1,0,3115240,0,0,0,0,0,0,4028,63,0,0,0,0,0,0,1,0,0,0,2024-01-31T10:35:00,2100-12-31T00:00:00,2100-12-01T00:00:00,0,0,710007001,0,0,0,0,0
14240,7201699,7211265,1,0,3115241,0,0,0,0,0,0,4028,92,0,0,0,0,0,0,1,0,0,0,2024-01-31T10:35:00,2100-12-31T00:00:00,2100-12-01T00:00:00,0,0,710007001,0,0,0,0,0
14241,7201700,7211266,1,0,3115242,0,0,0,0,0,0,4028,213,0,0,0,0,0,0,1,0,0,0,2024-01-31T10:35:00,2100-12-31T00:00:00,2100-12-01T00:00:00,0,0,710007001,0,0,0,0,0
14242,7201726,7211276,1,0,3115243,0,0,0,0,0,0,4028,184,0,0,0,0,0,0,1,0,0,0,2024-02-08T10:35:00,2024-02-29T10:39:59,2100-12-01T00:00:00,0,0,710007001,0,1,0,0,0
14243,7201727,7211277,1,0,3115244,0,0,0,0,0,0,4028,184,0,0,0,0,0,0,1,0,0,0,2024-02-08T10:35:00,2024-02-29T10:39:59,2100-12-01T00:00:00,0,0,710007001,0,1,0,0,0
14244,7201728,7211278,1,0,3115245,0,0,0,0,0,0,4028,184,0,0,0,0,0,0,1,0,0,0,2024-02-08T10:35:00,2024-02-29T10:39:59,2100-12-01T00:00:00,0,0,710007001,0,1,0,0,0
14245,7201743,7211294,1,0,3115246,0,0,0,0,0,0,4028,213,0,0,0,0,0,0,1,0,0,0,2024-02-29T10:35:00,2100-12-31T00:00:00,2100-12-01T00:00:00,0,0,710007001,0,0,0,0,0
14246,7201744,7211295,1,0,3115247,0,0,0,0,0,0,4028,213,0,0,0,0,0,0,1,0,0,0,2024-02-29T10:35:00,2100-12-31T00:00:00,2100-12-01T00:00:00,0,0,710007001,0,0,0,0,0
14247,7201745,7211296,1,0,3115248,0,0,0,0,0,0,4028,35,0,0,0,0,0,0,1,0,0,0,2024-02-29T10:35:00,2100-12-31T00:00:00,2100-12-01T00:00:00,0,0,710007001,0,0,0,0,0
14248,7201746,7211297,1,0,3115249,0,0,0,0,0,0,4028,63,0,0,0,0,0,0,1,0,0,0,2024-02-29T10:35:00,2100-12-31T00:00:00,2100-12-01T00:00:00,0,0,710007001,0,0,0,0,0
14249,7201747,7211298,1,0,3115250,0,0,0,0,0,0,4028,92,0,0,0,0,0,0,1,0,0,0,2024-02-29T10:35:00,2100-12-31T00:00:00,2100-12-01T00:00:00,0,0,710007001,0,0,0,0,0
14250,7201748,7211299,1,0,3115251,0,0,0,0,0,0,4028,184,0,0,0,0,0,0,5,0,0,0,2024-02-29T10:35:00,2100-12-31T00:00:00,2100-12-01T00:00:00,0,0,710007001,0,0,0,0,0
14251,7201749,7211300,1,0,3115252,0,0,0,0,0,0,4028,184,0,0,0,0,0,0,5,0,0,0,2024-02-29T10:35:00,2100-12-31T00:00:00,2100-12-01T00:00:00,0,0,710007001,0,0,0,0,0
14252,7201773,7211311,1,0,3115253,0,0,0,0,0,0,4028,35,0,0,0,0,0,0,1,0,0,0,2024-03-30T10:35:00,2100-12-31T00:00:00,2100-12-01T00:00:00,0,0,710007001,0,0,0,0,0
14253,7201774,7211312,1,0,3115254,0,0,0,0,0,0,4028,63,0,0,0,0,0,0,1,0,0,0,2024-03-30T10:35:00,2100-12-31T00:00:00,2100-12-01T00:00:00,0,0,710007001,0,0,0,0,0
14254,7201775,7211313,1,0,3115255,0,0,0,0,0,0,4028,92,0,0,0,0,0,0,1,0,0,0,2024-03-30T10:35:00,2100-12-31T00:00:00,2100-12-01T00:00:00,0,0,710007001,0,0,0,0,0
14255,7201776,7211314,1,0,3115256,0,0,0,0,0,0,4028,124,0,0,0,0,0,0,6,0,0,0,2024-03-30T10:35:00,2100-12-31T00:00:00,2100-12-01T00:00:00,0,0,710007001,0,0,0,0,0
14256,7201777,7211315,1,0,3115257,0,0,0,0,0,0,4028,184,0,0,0,0,0,0,5,0,0,0,2024-03-30T10:35:00,2100-12-31T00:00:00,2100-12-01T00:00:00,0,0,710007001,0,0,0,0,0
14257,7201836,7211348,1,0,3115258,0,0,0,0,0,0,4028,124,0,0,0,0,0,0,6,0,0,0,2024-04-30T10:35:00,2100-12-31T00:00:00,2100-12-01T00:00:00,0,0,710007001,0,0,0,0,0
14258,7201837,7211349,1,0,3115259,0,0,0,0,0,0,4028,184,0,0,0,0,0,0,5,0,0,0,2024-04-30T10:35:00,2100-12-31T00:00:00,2100-12-01T00:00:00,0,0,710007001,0,0,0,0,0
14259,7201838,7211350,1,0,3115260,0,0,0,0,0,0,4028,35,0,0,0,0,0,0,1,0,0,0,2024-04-30T10:35:00,2100-12-31T00:00:00,2100-12-01T00:00:00,0,0,710007001,0,0,0,0,0
14260,7201839,7211351,1,0,3115261,0,0,0,0,0,0,4028,63,0,0,0,0,0,0,1,0,0,0,2024-04-30T10:35:00,2100-12-31T00:00:00,2100-12-01T00:00:00,0,0,710007001,0,0,0,0,0
14261,7201840,7211352,1,0,3115262,0,0,0,0,0,0,4028,92,0,0,0,0,0,0,1,0,0,0,2024-04-30T10:35:00,2100-12-31T00:00:00,2100-12-01T00:00:00,0,0,710007001,0,0,0,0,0
14262,7201841,7211353,1,0,3115263,0,0,0,0,0,0,4028,124,0,0,0,0,0,0,6,0,0,0,2024-04-30T10:35:00,2100-12-31T00:00:00,2100-12-01T00:00:00,0,0,710007001,0,0,0,0,0
14263,7201842,7211354,1,0,3115264,0,0,0,0,0,0,4028,213,0,0,0,0,0,0,1,0,0,0,2024-04-30T10:35:00,2100-12-31T00:00:00,2100-12-01T00:00:00,0,0,710007001,0,0,0,0,0
14264,7201843,7211355,1,0,3115265,0,0,0,0,0,0,4028,35,0,0,0,0,0,0,1,0,0,0,2024-04-30T10:35:00,2100-12-31T00:00:00,2100-12-01T00:00:00,0,0,710007001,0,0,0,0,0
14265,7201844,7211356,1,0,3115266,0,0,0,0,0,0,4028,63,0,0,0,0,0,0,1,0,0,0,2024-04-30T10:35:00,2100-12-31T00:00:00,2100-12-01T00:00:00,0,0,710007001,0,0,0,0,0
14266,7201845,7211357,1,0,3115267,0,0,0,0,0,0,4028,92,0,0,0,0,0,0,1,0,0,0,2024-04-30T10:35:00,2100-12-31T00:00:00,2100-12-01T00:00:00,0,0,710007001,0,0,0,0,0
14267,7201895,7211390,1,0,3115268,0,0,0,0,0,0,4028,35,0,0,0,0,0,0,1,0,0,0,2024-05-31T10:35:00,2100-12-31T00:00:00,2100-12-01T00:00:00,0,0,710007001,0,0,0,0,0
14268,7201896,7211391,1,0,3115269,0,0,0,0,0,0,4028,63,0,0,0,0,0,0,1,0,0,0,2024-05-31T10:35:00,2100-12-31T00:00:00,2100-12-01T00:00:00,0,0,710007001,0,0,0,0,0
14269,7201897,7211392,1,0,3115270,0,0,0,0,0,0,4028,92,0,0,0,0,0,0,1,0,0,0,2024-05-31T10:35:00,2100-12-31T00:00:00,2100-12-01T00:00:00,0,0,710007001,0,0,0,0,0
14270,7201898,7211393,1,0,3115271,0,0,0,0,0,0,4028,184,0,0,0,0,0,0,5,0,0,0,2024-05-31T10:35:00,2100-12-31T00:00:00,2100-12-01T00:00:00,0,0,710007001,0,0,0,0,0
14271,7201899,7211394,1,0,3115272,0,0,0,0,0,0,4028,124,0,0,0,0,0,0,6,0,0,0,2024-05-31T10:35:00,2100-12-31T00:00:00,2100-12-01T00:00:00,0,0,710007001,0,0,0,0,0
14272,7201932,7211409,1,0,3115273,0,0,0,0,0,0,4028,213,0,0,0,0,0,0,1,0,0,0,2024-06-28T10:35:00,2100-12-31T00:00:00,2100-12-01T00:00:00,0,0,710007001,0,0,0,0,0
14273,7201933,7211410,1,0,3115274,0,0,0,0,0,0,4028,92,0,0,0,0,0,0,1,0,0,0,2024-06-28T10:35:00,2100-12-31T00:00:00,2100-12-01T00:00:00,0,0,710007001,0,0,0,0,0
14274,7201934,7211411,1,0,3115275,0,0,0,0,0,0,4028,63,0,0,0,0,0,0,1,0,0,0,2024-06-28T10:35:00,2100-12-31T00:00:00,2100-12-01T00:00:00,0,0,710007001,0,0,0,0,0
14275,7201935,7211412,1,0,3115276,0,0,0,0,0,0,4028,35,0,0,0,0,0,0,1,0,0,0,2024-06-28T10:35:00,2100-12-31T00:00:00,2100-12-01T00:00:00,0,0,710007001,0,0,0,0,0
14276,7201985,7211430,1,0,3115277,0,0,0,0,0,0,4028,184,0,0,0,0,0,0,5,0,0,0,2024-07-30T10:35:00,2100-12-31T00:00:00,2100-12-01T00:00:00,0,0,710007001,0,0,0,0,0
14277,7201986,7211431,1,0,3115278,0,0,0,0,0,0,4028,124,0,0,0,0,0,0,6,0,0,0,2024-07-30T10:35:00,2100-12-31T00:00:00,2100-12-01T00:00:00,0,0,710007001,0,0,0,0,0
14278,7201987,7211432,1,0,3115279,0,0,0,0,0,0,4028,213,0,0,0,0,0,0,1,0,0,0,2024-07-30T10:35:00,2100-12-31T00:00:00,2100-12-01T00:00:00,0,0,710007001,0,0,0,0,0
14279,7201988,7211433,1,0,3115280,0,0,0,0,0,0,4028,35,0,0,0,0,0,0,1,0,0,0,2024-07-30T10:35:00,2100-12-31T00:00:00,2100-12-01T00:00:00,0,0,710007001,0,0,0,0,0
14280,7201989,7211434,1,0,3115281,0,0,0,0,0,0,4028,63,0,0,0,0,0,0,1,0,0,0,2024-07-30T10:35:00,2100-12-31T00:00:00,2100-12-01T00:00:00,0,0,710007001,0,0,0,0,0
14281,7202039,7211459,1,0,3115282,0,0,0,0,0,0,4028,124,0,0,0,0,0,0,6,0,0,0,2024-08-29T10:35:00,2100-12-31T00:00:00,2100-12-01T00:00:00,0,0,710007001,0,0,0,0,0
14282,7202040,7211460,1,0,3115283,0,0,0,0,0,0,4028,184,0,0,0,0,0,0,5,0,0,0,2024-08-29T10:35:00,2100-12-31T00:00:00,2100-12-01T00:00:00,0,0,710007001,0,0,0,0,0
14283,7202041,7211461,1,0,3115284,0,0,0,0,0,0,4028,35,0,0,0,0,0,0,1,0,0,0,2024-08-29T10:35:00,2100-12-31T00:00:00,2100-12-01T00:00:00,0,0,710007001,0,0,0,0,0
14284,7202042,7211462,1,0,3115285,0,0,0,0,0,0,4028,63,0,0,0,0,0,0,1,0,0,0,2024-08-29T10:35:00,2100-12-31T00:00:00,2100-12-01T00:00:00,0,0,710007001,0,0,0,0,0
14285,7202043,7211463,1,0,3115286,0,0,0,0,0,0,4028,92,0,0,0,0,0,0,1,0,0,0,2024-08-29T10:35:00,2100-12-31T00:00:00,2100-12-01T00:00:00,0,0,710007001,0,0,0,0,0
14286,7202105,7211483,1,0,3115287,0,0,0,0,0,0,4028,35,0,0,0,0,0,0,1,0,0,0,2024-09-27T10:35:00,2100-12-31T00:00:00,2100-12-01T00:00:00,0,0,710007001,0,0,0,0,0
14287,7202106,7211484,1,0,3115288,0,0,0,0,0,0,4028,63,0,0,0,0,0,0,1,0,0,0,2024-09-27T10:35:00,2100-12-31T00:00:00,2100-12-01T00:00:00,0,0,710007001,0,0,0,0,0
14288,7202107,7211485,1,0,3115289,0,0,0,0,0,0,4028,92,0,0,0,0,0,0,1,0,0,0,2024-09-27T10:35:00,2100-12-31T00:00:00,2100-12-01T00:00:00,0,0,710007001,0,0,0,0,0
14289,7202108,7211486,1,0,3115290,0,0,0,0,0,0,4028,213,0,0,0,0,0,0,1,0,0,0,2024-09-27T10:35:00,2100-12-31T00:00:00,2100-12-01T00:00:00,0,0,710007001,0,0,0,0,0
14290,7202109,7211487,1,0,3115291,0,0,0,0,0,0,4028,35,0,0,0,0,0,0,1,0,0,0,2024-09-27T10:35:00,2100-12-31T00:00:00,2100-12-01T00:00:00,0,0,710007001,0,0,0,0,0
14291,7202110,7211488,1,0,3115292,0,0,0,0,0,0,4028,63,0,0,0,0,0,0,1,0,0,0,2024-09-27T10:35:00,2100-12-31T00:00:00,2100-12-01T00:00:00,0,0,710007001,0,0,0,0,0
14292,7202111,7211489,1,0,3115293,0,0,0,0,0,0,4028,92,0,0,0,0,0,0,1,0,0,0,2024-09-27T10:35:00,2100-12-31T00:00:00,2100-12-01T00:00:00,0,0,710007001,0,0,0,0,0
14293,7202112,7211490,1,0,3115294,0,0,0,0,0,0,4028,184,0,0,0,0,0,0,5,0,0,0,2024-09-27T10:35:00,2100-12-31T00:00:00,2100-12-01T00:00:00,0,0,710007001,0,0,0,0,0
14294,7202113,7211491,1,0,3115295,0,0,0,0,0,0,4028,124,0,0,0,0,0,0,6,0,0,0,2024-09-27T10:35:00,2100-12-31T00:00:00,2100-12-01T00:00:00,0,0,710007001,0,0,0,0,0
14295,7202155,7211504,1,0,3115296,0,0,0,0,0,0,4028,184,0,0,0,0,0,0,5,0,0,0,2024-10-31T10:35:00,2100-12-31T00:00:00,2100-12-01T00:00:00,0,0,710007001,0,0,0,0,0
14296,7202156,7211505,1,0,3115297,0,0,0,0,0,0,4028,124,0,0,0,0,0,0,6,0,0,0,2024-10-31T10:35:00,2100-12-31T00:00:00,2100-12-01T00:00:00,0,0,710007001,0,0,0,0,0
14297,7202157,7211506,1,0,3115298,0,0,0,0,0,0,4028,213,0,0,0,0,0,0,1,0,0,0,2024-10-31T10:35:00,2100-12-31T00:00:00,2100-12-01T00:00:00,0,0,710007001,0,0,0,0,0
14298,7202158,7211507,1,0,3115299,0,0,0,0,0,0,4028,35,0,0,0,0,0,0,1,0,0,0,2024-10-31T10:35:00,2100-12-31T00:00:00,2100-12-01T00:00:00,0,0,710007001,0,0,0,0,0
14299,7202159,7211508,1,0,3115300,0,0,0,0,0,0,4028,63,0,0,0,0,0,0,1,0,0,0,2024-10-31T10:35:00,2100-12-31T00:00:00,2100-12-01T00:00:00,0,0,710007001,0,0,0,0,0
14300,7202205,7211545,1,0,3115301,0,0,0,0,0,0,4028,35,0,0,0,0,0,0,1,0,0,0,2024-11-29T10:35:00,2100-12-31T00:00:00,2100-12-01T00:00:00,0,0,710007001,0,0,0,0,0
14301,7202206,7211546,1,0,3115302,0,0,0,0,0,0,4028,63,0,0,0,0,0,0,1,0,0,0,2024-11-29T10:35:00,2100-12-31T00:00:00,2100-12-01T00:00:00,0,0,710007001,0,0,0,0,0
14302,7202207,7211547,1,0,3115303,0,0,0,0,0,0,4028,92,0,0,0,0,0,0,1,0,0,0,2024-11-29T10:35:00,2100-12-31T00:00:00,2100-12-01T00:00:00,0,0,710007001,0,0,0,0,0
14303,7202208,7211548,1,0,3115304,0,0,0,0,0,0,4028,124,0,0,0,0,0,0,6,0,0,0,2024-11-29T10:35:00,2100-12-31T00:00:00,2100-12-01T00:00:00,0,0,710007001,0,0,0,0,0
14304,7202209,7211549,1,0,3115305,0,0,0,0,0,0,4028,213,0,0,0,0,0,0,1,0,0,0,2024-11-29T10:35:00,2100-12-31T00:00:00,2100-12-01T00:00:00,0,0,710007001,0,0,0,0,0
14305,7202249,7211571,1,0,3115306,0,0,0,0,0,0,4028,35,0,0,0,0,0,0,1,0,0,0,2024-12-30T10:35:00,2100-12-31T00:00:00,2100-12-01T00:00:00,0,0,710007001,0,0,0,0,0
14306,7202250,7211572,1,0,3115307,0,0,0,0,0,0,4028,63,0,0,0,0,0,0,1,0,0,0,2024-12-30T10:35:00,2100-12-31T00:00:00,2100-12-01T00:00:00,0,0,710007001,0,0,0,0,0
14307,7202251,7211573,1,0,3115308,0,0,0,0,0,0,4028,92,0,0,0,0,0,0,1,0,0,0,2024-12-30T10:35:00,2100-12-31T00:00:00,2100-12-01T00:00:00,0,0,710007001,0,0,0,0,0
14308,7202252,7211570,1,0,3115309,0,0,0,0,0,0,4028,184,0,0,0,0,0,0,5,0,0,0,2024-12-30T10:35:00,2100-12-31T00:00:00,2100-12-01T00:00:00,0,0,710007001,0,0,0,0,0
14309,7202253,7211569,1,0,3115310,0,0,0,0,0,0,4028,213,0,0,0,0,0,0,1,0,0,0,2024-12-30T10:35:00,2100-12-31T00:00:00,2100-12-01T00:00:00,0,0,710007001,0,0,0,0,0
14310,7202254,7211575,1,0,3115311,0,0,0,0,0,0,4028,213,0,0,0,0,0,0,1,0,0,0,2024-12-30T10:35:00,2100-12-31T00:00:00,2100-12-01T00:00:00,0,0,710007001,0,0,0,0,0
14311,7202255,7211574,1,0,3115312,0,0,0,0,0,0,4028,124,0,0,0,0,0,0,6,0,0,0,2024-12-30T10:35:00,2100-12-31T00:00:00,2100-12-01T00:00:00,0,0,710007001,0,0,0,0,0
14312,7202288,7211591,1,0,3115313,0,0,0,0,0,0,4028,35,0,0,0,0,0,0,1,0,0,0,2025-01-29T10:35:00,2100-12-31T00:00:00,2100-12-01T00:00:00,0,0,710007001,0,0,0,0,0
14313,7202289,7211592,1,0,3115314,0,0,0,0,0,0,4028,63,0,0,0,0,0,0,1,0,0,0,2025-01-29T10:35:00,2100-12-31T00:00:00,2100-12-01T00:00:00,0,0,710007001,0,0,0,0,0
14314,7202290,7211593,1,0,3115315,0,0,0,0,0,0,4028,92,0,0,0,0,0,0,1,0,0,0,2025-01-29T10:35:00,2100-12-31T00:00:00,2100-12-01T00:00:00,0,0,710007001,0,0,0,0,0
14315,7202291,7211594,1,0,3115316,0,0,0,0,0,0,4028,124,0,0,0,0,0,0,6,0,0,0,2025-01-29T10:35:00,2100-12-31T00:00:00,2100-12-01T00:00:00,0,0,710007001,0,0,0,0,0
14316,7202292,7211595,1,0,3115317,0,0,0,0,0,0,4028,184,0,0,0,0,0,0,5,0,0,0,2025-01-29T10:35:00,2100-12-31T00:00:00,2100-12-01T00:00:00,0,0,710007001,0,0,0,0,0
14323,7202378,7211640,1,0,3115324,0,0,0,0,0,0,4028,35,0,0,0,0,0,0,1,0,0,0,2025-02-27T10:35:00,2100-12-31T00:00:00,2100-12-01T00:00:00,0,0,710007001,0,0,0,0,0
14324,7202379,7211641,1,0,3115325,0,0,0,0,0,0,4028,63,0,0,0,0,0,0,1,0,0,0,2025-02-27T10:35:00,2100-12-31T00:00:00,2100-12-01T00:00:00,0,0,710007001,0,0,0,0,0
14325,7202380,7211642,1,0,3115326,0,0,0,0,0,0,4028,92,0,0,0,0,0,0,1,0,0,0,2025-02-27T10:35:00,2100-12-31T00:00:00,2100-12-01T00:00:00,0,0,710007001,0,0,0,0,0
14326,7202381,7211643,1,0,3115327,0,0,0,0,0,0,4028,213,0,0,0,0,0,0,1,0,0,0,2025-02-27T10:35:00,2100-12-31T00:00:00,2100-12-01T00:00:00,0,0,710007001,0,0,0,0,0
14327,7202382,7211644,1,0,3115328,0,0,0,0,0,0,4028,124,0,0,0,0,0,0,6,0,0,0,2025-02-27T10:35:00,2100-12-31T00:00:00,2100-12-01T00:00:00,0,0,710007001,0,0,0,0,0
14328,7202383,7211645,1,0,3115329,0,0,0,0,0,0,4028,35,0,0,0,0,0,0,1,0,0,0,2025-03-28T10:35:00,2100-12-31T00:00:00,2100-12-01T00:00:00,0,0,710007001,0,0,0,0,0
14329,7202384,7211646,1,0,3115330,0,0,0,0,0,0,4028,63,0,0,0,0,0,0,1,0,0,0,2025-03-28T10:35:00,2100-12-31T00:00:00,2100-12-01T00:00:00,0,0,710007001,0,0,0,0,0
14330,7202385,7211647,1,0,3115331,0,0,0,0,0,0,4028,92,0,0,0,0,0,0,1,0,0,0,2025-03-28T10:35:00,2100-12-31T00:00:00,2100-12-01T00:00:00,0,0,710007001,0,0,0,0,0
14331,7202386,7211648,1,0,3115332,0,0,0,0,0,0,4028,213,0,0,0,0,0,0,1,0,0,0,2025-03-28T10:35:00,2100-12-31T00:00:00,2100-12-01T00:00:00,0,0,710007001,0,0,0,0,0
14332,7202387,7211649,1,0,3115333,0,0,0,0,0,0,4028,124,0,0,0,0,0,0,6,0,0,0,2025-03-28T10:35:00,2100-12-31T00:00:00,2100-12-01T00:00:00,0,0,710007001,0,0,0,0,0
14333,7202487,7211703,1,0,3115334,0,0,0,0,0,0,4028,35,0,0,0,0,0,0,1,0,0,0,2025-04-30T10:35:00,2100-12-31T00:00:00,2100-12-01T00:00:00,0,0,710007001,0,0,0,0,0
14334,7202488,7211704,1,0,3115335,0,0,0,0,0,0,4028,63,0,0,0,0,0,0,1,0,0,0,2025-04-30T10:35:00,2100-12-31T00:00:00,2100-12-01T00:00:00,0,0,710007001,0,0,0,0,0
14335,7202489,7211705,1,0,3115336,0,0,0,0,0,0,4028,213,0,0,0,0,0,0,1,0,0,0,2025-04-30T10:35:00,2100-12-31T00:00:00,2100-12-01T00:00:00,0,0,710007001,0,0,0,0,0
14336,7202490,7211706,1,0,3115337,0,0,0,0,0,0,4028,124,0,0,0,0,0,0,6,0,0,0,2025-04-30T10:35:00,2100-12-31T00:00:00,2100-12-01T00:00:00,0,0,710007001,0,0,0,0,0
14337,7202491,7211707,1,0,3115338,0,0,0,0,0,0,4028,184,0,0,0,0,0,0,5,0,0,0,2025-04-30T10:35:00,2100-12-31T00:00:00,2100-12-01T00:00:00,0,0,710007001,0,0,0,0,0
14338,7202492,7211708,1,0,3115339,0,0,0,0,0,0,4028,184,0,0,0,0,0,0,5,0,0,0,2025-04-30T10:35:00,2100-12-31T00:00:00,2100-12-01T00:00:00,0,0,710007001,0,0,0,0,0
14339,7202523,7211723,1,0,3115340,0,0,0,0,0,0,4028,35,0,0,0,0,0,0,1,0,0,0,2025-05-22T10:35:00,2100-12-31T00:00:00,2100-12-01T00:00:00,0,0,710007001,0,0,0,0,0
14340,7202524,7211724,1,0,3115341,0,0,0,0,0,0,4028,63,0,0,0,0,0,0,1,0,0,0,2025-05-22T10:35:00,2100-12-31T00:00:00,2100-12-01T00:00:00,0,0,710007001,0,0,0,0,0
14341,7202525,7211725,1,0,3115342,0,0,0,0,0,0,4028,92,0,0,0,0,0,0,1,0,0,0,2025-05-22T10:35:00,2100-12-31T00:00:00,2100-12-01T00:00:00,0,0,710007001,0,0,0,0,0
14342,7202526,7211726,1,0,3115343,0,0,0,0,0,0,4028,213,0,0,0,0,0,0,1,0,0,0,2025-05-22T10:35:00,2100-12-31T00:00:00,2100-12-01T00:00:00,0,0,710007001,0,0,0,0,0
14343,7202541,7211735,1,0,3115344,0,0,0,0,0,0,4028,35,0,0,0,0,0,0,1,0,0,0,2025-05-30T10:35:00,2100-12-31T00:00:00,2100-12-01T00:00:00,0,0,710007001,0,0,0,0,0
14344,7202542,7211736,1,0,3115345,0,0,0,0,0,0,4028,63,0,0,0,0,0,0,1,0,0,0,2025-05-30T10:35:00,2100-12-31T00:00:00,2100-12-01T00:00:00,0,0,710007001,0,0,0,0,0
14345,7202543,7211737,1,0,3115346,0,0,0,0,0,0,4028,92,0,0,0,0,0,0,1,0,0,0,2025-05-30T10:35:00,2100-12-31T00:00:00,2100-12-01T00:00:00,0,0,710007001,0,0,0,0,0
14346,7202544,7211738,1,0,3115347,0,0,0,0,0,0,4028,124,0,0,0,0,0,0,6,0,0,0,2025-05-30T10:35:00,2100-12-31T00:00:00,2100-12-01T00:00:00,0,0,710007001,0,0,0,0,0
14347,7202545,7211739,1,0,3115348,0,0,0,0,0,0,4028,213,0,0,0,0,0,0,1,0,0,0,2025-05-30T10:35:00,2100-12-31T00:00:00,2100-12-01T00:00:00,0,0,710007001,0,0,0,0,0
14348,7202590,7211758,1,0,3115349,0,0,0,0,0,0,4028,35,0,0,0,0,0,0,1,0,0,0,2025-06-27T10:35:00,2100-12-31T00:00:00,2100-12-01T00:00:00,0,0,710007001,0,0,0,0,0
14349,7202591,7211759,1,0,3115350,0,0,0,0,0,0,4028,63,0,0,0,0,0,0,1,0,0,0,2025-06-27T10:35:00,2100-12-31T00:00:00,2100-12-01T00:00:00,0,0,710007001,0,0,0,0,0
14350,7202592,7211760,1,0,3115351,0,0,0,0,0,0,4028,92,0,0,0,0,0,0,1,0,0,0,2025-06-27T10:35:00,2100-12-31T00:00:00,2100-12-01T00:00:00,0,0,710007001,0,0,0,0,0
14351,7202593,7211761,1,0,3115352,0,0,0,0,0,0,4028,124,0,0,0,0,0,0,6,0,0,0,2025-06-27T10:35:00,2100-12-31T00:00:00,2100-12-01T00:00:00,0,0,710007001,0,0,0,0,0
14352,7202594,7211762,1,0,3115353,0,0,0,0,0,0,4028,213,0,0,0,0,0,0,1,0,0,0,2025-06-27T10:35:00,2100-12-31T00:00:00,2100-12-01T00:00:00,0,0,710007001,0,0,0,0,0
14353,7202643,7211779,1,0,3115354,0,0,0,0,0,0,4028,35,0,0,0,0,0,0,1,0,0,0,2025-07-25T10:35:00,2100-12-31T00:00:00,2100-12-01T00:00:00,0,0,710007001,0,0,0,0,0
14354,7202644,7211780,1,0,3115355,0,0,0,0,0,0,4028,63,0,0,0,0,0,0,1,0,0,0,2025-07-25T10:35:00,2100-12-31T00:00:00,2100-12-01T00:00:00,0,0,710007001,0,0,0,0,0
14355,7202645,7211781,1,0,3115356,0,0,0,0,0,0,4028,92,0,0,0,0,0,0,1,0,0,0,2025-07-25T10:35:00,2100-12-31T00:00:00,2100-12-01T00:00:00,0,0,710007001,0,0,0,0,0
14356,7202646,7211782,1,0,3115357,0,0,0,0,0,0,4028,184,0,0,0,0,0,0,5,0,0,0,2025-07-25T10:35:00,2100-12-31T00:00:00,2100-12-01T00:00:00,0,0,710007001,0,0,0,0,0
14357,7202647,7211783,1,0,3115358,0,0,0,0,0,0,4028,124,0,0,0,0,0,0,6,0,0,0,2025-07-25T10:35:00,2100-12-31T00:00:00,2100-12-01T00:00:00,0,0,710007001,0,0,0,0,0
14358,7202648,7211784,1,0,3115359,0,0,0,0,0,0,4028,213,0,0,0,0,0,0,1,0,0,0,2025-07-25T10:35:00,2100-12-31T00:00:00,2100-12-01T00:00:00,0,0,710007001,0,0,0,0,0
14359,7202293,7211596,1,0,3115318,0,0,0,0,0,0,4028,35,0,0,0,0,0,0,1,0,0,0,2025-08-29T10:35:00,2100-12-31T00:00:00,2100-12-01T00:00:00,0,0,710007001,0,0,0,0,0
14360,7202294,7211597,1,0,3115319,0,0,0,0,0,0,4028,63,0,0,0,0,0,0,1,0,0,0,2025-08-29T10:35:00,2100-12-31T00:00:00,2100-12-01T00:00:00,0,0,710007001,0,0,0,0,0
14361,7202295,7211598,1,0,3115320,0,0,0,0,0,0,4028,92,0,0,0,0,0,0,1,0,0,0,2025-08-29T10:35:00,2100-12-31T00:00:00,2100-12-01T00:00:00,0,0,710007001,0,0,0,0,0
14362,7202297,7211600,1,0,3115322,0,0,0,0,0,0,4028,184,0,0,0,0,0,0,5,0,0,0,2025-08-29T10:35:00,2100-12-31T00:00:00,2100-12-01T00:00:00,0,0,710007001,0,0,0,0,0
14363,7202298,7211601,1,0,3115323,0,0,0,0,0,0,4028,213,0,0,0,0,0,0,1,0,0,0,2025-08-29T10:35:00,2100-12-31T00:00:00,2100-12-01T00:00:00,0,0,710007001,0,0,0,0,0
14364,7202737,7211820,1,0,3115360,0,0,0,0,0,0,4028,35,0,0,0,0,0,0,1,0,0,0,2025-09-26T10:35:00,2100-12-31T00:00:00,2100-12-01T00:00:00,0,0,710007001,0,0,0,0,0
14365,7202738,7211821,1,0,3115361,0,0,0,0,0,0,4028,63,0,0,0,0,0,0,1,0,0,0,2025-09-26T10:35:00,2100-12-31T00:00:00,2100-12-01T00:00:00,0,0,710007001,0,0,0,0,0
14366,7202739,7211822,1,0,3115362,0,0,0,0,0,0,4028,124,0,0,0,0,0,0,6,0,0,0,2025-09-26T10:35:00,2100-12-31T00:00:00,2100-12-01T00:00:00,0,0,710007001,0,0,0,0,0
14367,7202740,7211823,1,0,3115363,0,0,0,0,0,0,4028,184,0,0,0,0,0,0,5,0,0,0,2025-09-26T10:35:00,2100-12-31T00:00:00,2100-12-01T00:00:00,0,0,710007001,0,0,0,0,0
14368,7202741,7211824,1,0,3115364,0,0,0,0,0,0,4028,184,0,0,0,0,0,0,5,0,0,0,2025-09-26T10:35:00,2100-12-31T00:00:00,2100-12-01T00:00:00,0,0,710007001,0,0,0,0,0
14369,7202786,7211857,1,0,3115365,0,0,0,0,0,0,4028,35,0,0,0,0,0,0,1,0,0,0,2025-10-30T10:35:00,2100-12-31T00:00:00,2100-12-01T00:00:00,0,0,710007001,0,0,0,0,0
14370,7202787,7211858,1,0,3115366,0,0,0,0,0,0,4028,63,0,0,0,0,0,0,1,0,0,0,2025-10-30T10:35:00,2100-12-31T00:00:00,2100-12-01T00:00:00,0,0,710007001,0,0,0,0,0
14371,7202788,7211859,1,0,3115367,0,0,0,0,0,0,4028,92,0,0,0,0,0,0,1,0,0,0,2025-10-30T10:35:00,2100-12-31T00:00:00,2100-12-01T00:00:00,0,0,710007001,0,0,0,0,0
14372,7202789,7211860,1,0,3115368,0,0,0,0,0,0,4028,124,0,0,0,0,0,0,6,0,0,0,2025-10-30T10:35:00,2100-12-31T00:00:00,2100-12-01T00:00:00,0,0,710007001,0,0,0,0,0
14373,7202790,7211861,1,0,3115369,0,0,0,0,0,0,4028,184,0,0,0,0,0,0,5,0,0,0,2025-10-30T10:35:00,2100-12-31T00:00:00,2100-12-01T00:00:00,0,0,710007001,0,0,0,0,0
14374,7202791,7211862,1,0,3115370,0,0,0,0,0,0,4028,213,0,0,0,0,0,0,1,0,0,0,2025-10-30T10:35:00,2100-12-31T00:00:00,2100-12-01T00:00:00,0,0,710007001,0,0,0,0,0
14375,7202836,7211889,1,0,3115371,0,0,0,0,0,0,4028,35,0,0,0,0,0,0,1,0,0,0,2025-11-28T10:35:00,2100-12-31T00:00:00,2100-12-01T00:00:00,0,0,710007001,0,0,0,0,0
14376,7202837,7211890,1,0,3115372,0,0,0,0,0,0,4028,63,0,0,0,0,0,0,1,0,0,0,2025-11-28T10:35:00,2100-12-31T00:00:00,2100-12-01T00:00:00,0,0,710007001,0,0,0,0,0
14377,7202838,7211891,1,0,3115373,0,0,0,0,0,0,4028,92,0,0,0,0,0,0,1,0,0,0,2025-11-28T10:35:00,2100-12-31T00:00:00,2100-12-01T00:00:00,0,0,710007001,0,0,0,0,0
14378,7202839,7211892,1,0,3115374,0,0,0,0,0,0,4028,124,0,0,0,0,0,0,6,0,0,0,2025-11-28T10:35:00,2100-12-31T00:00:00,2100-12-01T00:00:00,0,0,710007001,0,0,0,0,0
14379,7202840,7211893,1,0,3115375,0,0,0,0,0,0,4028,213,0,0,0,0,0,0,1,0,0,0,2025-11-28T10:35:00,2100-12-31T00:00:00,2100-12-01T00:00:00,0,0,710007001,0,0,0,0,0
14380,7202875,7211911,1,0,3115376,0,0,0,0,0,0,4028,35,0,0,0,0,0,0,1,0,0,0,2025-12-29T10:35:00,2100-12-31T00:00:00,2100-12-01T00:00:00,0,0,710007001,0,0,0,0,0
14381,7202876,7211912,1,0,3115377,0,0,0,0,0,0,4028,63,0,0,0,0,0,0,1,0,0,0,2025-12-29T10:35:00,2100-12-31T00:00:00,2100-12-01T00:00:00,0,0,710007001,0,0,0,0,0
14382,7202877,7211913,1,0,3115378,0,0,0,0,0,0,4028,92,0,0,0,0,0,0,1,0,0,0,2025-12-29T10:35:00,2100-12-31T00:00:00,2100-12-01T00:00:00,0,0,710007001,0,0,0,0,0
14383,7202878,7211914,1,0,3115379,0,0,0,0,0,0,4028,124,0,0,0,0,0,0,6,0,0,0,2025-12-29T10:35:00,2100-12-31T00:00:00,2100-12-01T00:00:00,0,0,710007001,0,0,0,0,0
14384,7202879,7211915,1,0,3115380,0,0,0,0,0,0,4028,213,0,0,0,0,0,0,1,0,0,0,2025-12-29T10:35:00,2100-12-31T00:00:00,2100-12-01T00:00:00,0,0,710007001,0,0,0,0,0
14385,7202918,7211938,1,0,3115381,0,0,0,0,0,0,4028,35,0,0,0,0,0,0,1,0,0,0,2026-01-27T10:35:00,2100-12-31T00:00:00,2100-12-01T00:00:00,0,0,710007001,0,0,0,0,0
14386,7202919,7211939,1,0,3115382,0,0,0,0,0,0,4028,63,0,0,0,0,0,0,1,0,0,0,2026-01-27T10:35:00,2100-12-31T00:00:00,2100-12-01T00:00:00,0,0,710007001,0,0,0,0,0
14387,7202920,7211940,1,0,3115383,0,0,0,0,0,0,4028,92,0,0,0,0,0,0,1,0,0,0,2026-01-27T10:35:00,2100-12-31T00:00:00,2100-12-01T00:00:00,0,0,710007001,0,0,0,0,0
14388,7202921,7211941,1,0,3115384,0,0,0,0,0,0,4028,124,0,0,0,0,0,0,6,0,0,0,2026-01-27T10:35:00,2100-12-31T00:00:00,2100-12-01T00:00:00,0,0,710007001,0,0,0,0,0
14389,7202922,7211942,1,0,3115385,0,0,0,0,0,0,4028,184,0,0,0,0,0,0,5,0,0,0,2026-01-27T10:35:00,2100-12-31T00:00:00,2100-12-01T00:00:00,0,0,710007001,0,0,0,0,0
14390,7202923,7211943,1,0,3115386,0,0,0,0,0,0,4028,213,0,0,0,0,0,0,1,0,0,0,2026-01-27T10:35:00,2100-12-31T00:00:00,2100-12-01T00:00:00,0,0,710007001,0,0,0,0,0
14391,7202976,7211972,1,0,3115387,0,0,0,0,0,0,4028,35,0,0,0,0,0,0,1,0,0,0,2026-02-27T10:35:00,2100-12-31T00:00:00,2100-12-01T00:00:00,0,0,710007001,0,0,0,0,0
14392,7202977,7211973,1,0,3115388,0,0,0,0,0,0,4028,63,0,0,0,0,0,0,1,0,0,0,2026-02-27T10:35:00,2100-12-31T00:00:00,2100-12-01T00:00:00,0,0,710007001,0,0,0,0,0
14393,7202978,7211974,1,0,3115389,0,0,0,0,0,0,4028,92,0,0,0,0,0,0,1,0,0,0,2026-02-27T10:35:00,2100-12-31T00:00:00,2100-12-01T00:00:00,0,0,710007001,0,0,0,0,0
14394,7202979,7211975,1,0,3115390,0,0,0,0,0,0,4028,124,0,0,0,0,0,0,6,0,0,0,2026-02-27T10:35:00,2100-12-31T00:00:00,2100-12-01T00:00:00,0,0,710007001,0,0,0,0,0
14395,7202980,7211976,1,0,3115391,0,0,0,0,0,0,4028,184,0,0,0,0,0,0,5,0,0,0,2026-02-27T10:35:00,2100-12-31T00:00:00,2100-12-01T00:00:00,0,0,710007001,0,0,0,0,0
14396,7202981,7211977,1,0,3115392,0,0,0,0,0,0,4028,213,0,0,0,0,0,0,1,0,0,0,2026-02-27T10:35:00,2100-12-31T00:00:00,2100-12-01T00:00:00,0,0,710007001,0,0,0,0,0
14397,7203001,7211987,1,0,3115393,0,0,0,0,0,0,4028,35,0,0,0,0,0,0,1,0,0,0,2026-03-27T10:35:00,2100-12-31T00:00:00,2100-12-01T00:00:00,0,0,710007001,0,0,0,0,0
14398,7203002,7211988,1,0,3115394,0,0,0,0,0,0,4028,63,0,0,0,0,0,0,1,0,0,0,2026-03-27T10:35:00,2100-12-31T00:00:00,2100-12-01T00:00:00,0,0,710007001,0,0,0,0,0
14399,7203003,7211989,1,0,3115395,0,0,0,0,0,0,4028,92,0,0,0,0,0,0,1,0,0,0,2026-03-27T10:35:00,2100-12-31T00:00:00,2100-12-01T00:00:00,0,0,710007001,0,0,0,0,0
14400,7203004,7211990,1,0,3115396,0,0,0,0,0,0,4028,124,0,0,0,0,0,0,6,0,0,0,2026-03-27T10:35:00,2100-12-31T00:00:00,2100-12-01T00:00:00,0,0,710007001,0,0,0,0,0
14401,7203005,7211991,1,0,3115397,0,0,0,0,0,0,4028,184,0,0,0,0,0,0,5,0,0,0,2026-03-27T10:35:00,2100-12-31T00:00:00,2100-12-01T00:00:00,0,0,710007001,0,0,0,0,0
14402,7203006,7211992,1,0,3115398,0,0,0,0,0,0,4028,213,0,0,0,0,0,0,1,0,0,0,2026-03-27T10:35:00,2100-12-31T00:00:00,2100-12-01T00:00:00,0,0,710007001,0,0,0,0,0
14403,7203062,7212038,1,0,3115399,0,0,0,0,0,0,4028,35,0,0,0,0,0,0,1,0,0,0,2026-04-24T10:35:00,2100-12-31T00:00:00,2100-12-01T00:00:00,0,0,710007001,0,0,0,0,0
14404,7203063,7212039,1,0,3115400,0,0,0,0,0,0,4028,63,0,0,0,0,0,0,1,0,0,0,2026-04-24T10:35:00,2100-12-31T00:00:00,2100-12-01T00:00:00,0,0,710007001,0,0,0,0,0
14405,7203064,7212040,1,0,3115401,0,0,0,0,0,0,4028,92,0,0,0,0,0,0,1,0,0,0,2026-04-24T10:35:00,2100-12-31T00:00:00,2100-12-01T00:00:00,0,0,710007001,0,0,0,0,0
14406,7203065,7212041,1,0,3115402,0,0,0,0,0,0,4028,124,0,0,0,0,0,0,6,0,0,0,2026-04-24T10:35:00,2100-12-31T00:00:00,2100-12-01T00:00:00,0,0,710007001,0,0,0,0,0
14407,7203066,7212042,1,0,3115403,0,0,0,0,0,0,4028,184,0,0,0,0,0,0,5,0,0,0,2026-04-24T10:35:00,2100-12-31T00:00:00,2100-12-01T00:00:00,0,0,710007001,0,0,0,0,0
14408,7203067,7212043,1,0,3115404,0,0,0,0,0,0,4028,213,0,0,0,0,0,0,1,0,0,0,2026-04-24T10:35:00,2100-12-31T00:00:00,2100-12-01T00:00:00,0,0,710007001,0,0,0,0,0
14409,7203099,7212081,1,0,3115405,0,0,0,0,0,0,4028,35,0,0,0,0,0,0,1,0,0,0,2026-05-29T10:35:00,2100-12-31T00:00:00,2100-12-01T00:00:00,0,0,710007001,0,0,0,0,0
14410,7203100,7212082,1,0,3115406,0,0,0,0,0,0,4028,63,0,0,0,0,0,0,1,0,0,0,2026-05-29T10:35:00,2100-12-31T00:00:00,2100-12-01T00:00:00,0,0,710007001,0,0,0,0,0
14411,7203101,7212083,1,0,3115407,0,0,0,0,0,0,4028,92,0,0,0,0,0,0,1,0,0,0,2026-05-29T10:35:00,2100-12-31T00:00:00,2100-12-01T00:00:00,0,0,710007001,0,0,0,0,0
14412,7203102,7212084,1,0,3115408,0,0,0,0,0,0,4028,184,0,0,0,0,0,0,5,0,0,0,2026-05-29T10:35:00,2100-12-31T00:00:00,2100-12-01T00:00:00,0,0,710007001,0,0,0,0,0
14413,7203103,7212085,1,0,3115409,0,0,0,0,0,0,4028,213,0,0,0,0,0,0,1,0,0,0,2026-05-29T10:35:00,2100-12-31T00:00:00,2100-12-01T00:00:00,0,0,710007001,0,0,0,0,0
14414,7203140,7212099,1,0,3115410,0,0,0,0,0,0,4028,35,0,0,0,0,0,0,1,0,0,0,2026-06-29T10:35:00,2100-12-31T00:00:00,2100-12-01T00:00:00,0,0,710007001,0,0,0,0,0
14415,7203141,7212100,1,0,3115411,0,0,0,0,0,0,4028,63,0,0,0,0,0,0,1,0,0,0,2026-06-29T10:35:00,2100-12-31T00:00:00,2100-12-01T00:00:00,0,0,710007001,0,0,0,0,0
14416,7203142,7212101,1,0,3115412,0,0,0,0,0,0,4028,124,0,0,0,0,0,0,6,0,0,0,2026-06-29T10:35:00,2100-12-31T00:00:00,2100-12-01T00:00:00,0,0,710007001,0,0,0,0,0
14417,7203143,7212102,1,0,3115413,0,0,0,0,0,0,4028,184,0,0,0,0,0,0,5,0,0,0,2026-06-29T10:35:00,2100-12-31T00:00:00,2100-12-01T00:00:00,0,0,710007001,0,0,0,0,0
14418,7203144,7212103,1,0,3115414,0,0,0,0,0,0,4028,213,0,0,0,0,0,0,1,0,0,0,2026-06-29T10:35:00,2100-12-31T00:00:00,2100-12-01T00:00:00,0,0,710007001,0,0,0,0,0
14419,7203189,7212122,1,0,3115415,0,0,0,0,0,0,4028,35,0,0,0,0,0,0,1,0,0,0,2026-07-30T10:35:00,2100-12-31T00:00:00,2100-12-01T00:00:00,0,0,710007001,0,0,0,0,0
14420,7203190,7212123,1,0,3115416,0,0,0,0,0,0,4028,63,0,0,0,0,0,0,1,0,0,0,2026-07-30T10:35:00,2100-12-31T00:00:00,2100-12-01T00:00:00,0,0,710007001,0,0,0,0,0
14421,7203191,7212124,1,0,3115417,0,0,0,0,0,0,4028,92,0,0,0,0,0,0,1,0,0,0,2026-07-30T10:35:00,2100-12-31T00:00:00,2100-12-01T00:00:00,0,0,710007001,0,0,0,0,0
14422,7203192,7212125,1,0,3115418,0,0,0,0,0,0,4028,124,0,0,0,0,0,0,6,0,0,0,2026-07-30T10:35:00,2100-12-31T00:00:00,2100-12-01T00:00:00,0,0,710007001,0,0,0,0,0
14423,7203193,7212126,1,0,3115419,0,0,0,0,0,0,4028,184,0,0,0,0,0,0,5,0,0,0,2026-07-30T10:35:00,2100-12-31T00:00:00,2100-12-01T00:00:00,0,0,710007001,0,0,0,0,0
14424,7201106,7212127,1,0,3115420,0,0,0,0,0,0,4028,213,0,0,0,0,0,0,1,0,0,0,2026-07-30T10:35:00,2100-12-31T00:00:00,2100-12-01T00:00:00,0,0,710007001,0,0,0,0,0
14425,7203223,7212150,1,0,3115421,0,0,0,0,0,0,4028,213,0,0,0,0,0,0,1,0,0,0,2026-08-28T10:35:00,2100-12-31T00:00:00,2100-12-01T00:00:00,0,0,710007001,0,0,0,0,0
14426,7203224,7212151,1,0,3115422,0,0,0,0,0,0,4028,213,0,0,0,0,0,0,1,0,0,0,2026-08-28T10:35:00,2100-12-31T00:00:00,2100-12-01T00:00:00,0,0,710007001,0,0,0,0,0
14427,7203225,7212152,1,0,3115423,0,0,0,0,0,0,4028,213,0,0,0,0,0,0,1,0,0,0,2026-08-28T10:35:00,2100-12-31T00:00:00,2100-12-01T00:00:00,0,0,710007001,0,0,0,0,0
14428,7203226,7212153,1,0,3115424,0,0,0,0,0,0,4028,213,0,0,0,0,0,0,6,0,0,0,2026-08-28T10:35:00,2100-12-31T00:00:00,2100-12-01T00:00:00,0,0,710007001,0,0,0,0,0
14429,7203227,7212154,1,0,3115425,0,0,0,0,0,0,4028,213,0,0,0,0,0,0,5,0,0,0,2026-08-28T10:35:00,2100-12-31T00:00:00,2100-12-01T00:00:00,0,0,710007001,0,0,0,0,0
14430,7203228,7212155,1,0,3115426,0,0,0,0,0,0,4028,213,0,0,0,0,0,0,1,0,0,0,2026-08-28T10:35:00,2100-12-31T00:00:00,2100-12-01T00:00:00,0,0,710007001,0,0,0,0,0
14431,7203229,7212156,1,0,3115427,0,0,0,0,0,0,4028,213,0,0,0,0,0,0,1,0,0,0,2026-08-28T10:35:00,2100-12-31T00:00:00,2100-12-01T00:00:00,0,0,710007001,0,0,0,0,0
14432,7203230,7212157,1,0,3115428,0,0,0,0,0,0,4028,213,0,0,0,0,0,0,1,0,0,0,2026-08-28T10:35:00,2100-12-31T00:00:00,2100-12-01T00:00:00,0,0,710007001,0,0,0,0,0
14433,7203231,7212158,1,0,3115429,0,0,0,0,0,0,4028,213,0,0,0,0,0,0,6,0,0,0,2026-08-28T10:35:00,2100-12-31T00:00:00,2100-12-01T00:00:00,0,0,710007001,0,0,0,0,0
14434,7203232,7212159,1,0,3115430,0,0,0,0,0,0,4028,213,0,0,0,0,0,0,5,0,0,0,2026-08-28T10:35:00,2100-12-31T00:00:00,2100-12-01T00:00:00,0,0,710007001,0,0,0,0,0
14435,7203233,7212160,1,0,3115431,0,0,0,0,0,0,4028,213,0,0,0,0,0,0,1,0,0,0,2026-08-28T10:35:00,2100-12-31T00:00:00,2100-12-01T00:00:00,0,0,710007001,0,0,0,0,0
14436,7203234,7212161,1,0,3115432,0,0,0,0,0,0,4028,213,0,0,0,0,0,0,1,0,0,0,2026-08-28T10:35:00,2100-12-31T00:00:00,2100-12-01T00:00:00,0,0,710007001,0,0,0,0,0
14437,7203235,7212162,1,0,3115433,0,0,0,0,0,0,4028,213,0,0,0,0,0,0,1,0,0,0,2026-08-28T10:35:00,2100-12-31T00:00:00,2100-12-01T00:00:00,0,0,710007001,0,0,0,0,0
14438,7203236,7212163,1,0,3115434,0,0,0,0,0,0,4028,213,0,0,0,0,0,0,1,0,0,0,2026-08-28T10:35:00,2100-12-31T00:00:00,2100-12-01T00:00:00,0,0,710007001,0,0,0,0,0
14439,7203237,7212164,1,0,3115435,0,0,0,0,0,0,4028,213,0,0,0,0,0,0,6,0,0,0,2026-08-28T10:35:00,2100-12-31T00:00:00,2100-12-01T00:00:00,0,0,710007001,0,0,0,0,0
14440,7203238,7212165,1,0,3115436,0,0,0,0,0,0,4028,213,0,0,0,0,0,0,5,0,0,0,2026-08-28T10:35:00,2100-12-31T00:00:00,2100-12-01T00:00:00,0,0,710007001,0,0,0,0,0
14441,7203239,7212166,1,0,3115437,0,0,0,0,0,0,4028,213,0,0,0,0,0,0,5,0,0,0,2026-08-28T10:35:00,2100-12-31T00:00:00,2100-12-01T00:00:00,0,0,710007001,0,0,0,0,0
14442,7203240,7212167,1,0,3115438,0,0,0,0,0,0,4028,213,0,0,0,0,0,0,1,0,0,0,2026-08-28T10:35:00,2100-12-31T00:00:00,2100-12-01T00:00:00,0,0,710007001,0,0,0,0,0
14443,7203241,7212168,1,0,3115439,0,0,0,0,0,0,4028,213,0,0,0,0,0,0,1,0,0,0,2026-08-28T10:35:00,2100-12-31T00:00:00,2100-12-01T00:00:00,0,0,710007001,0,0,0,0,0
14444,7203242,7212169,1,0,3115440,0,0,0,0,0,0,4028,213,0,0,0,0,0,0,1,0,0,0,2026-08-28T10:35:00,2100-12-31T00:00:00,2100-12-01T00:00:00,0,0,710007001,0,0,0,0,0
14445,7203243,7212170,1,0,3115441,0,0,0,0,0,0,4028,213,0,0,0,0,0,0,1,0,0,0,2026-08-28T10:35:00,2100-12-31T00:00:00,2100-12-01T00:00:00,0,0,710007001,0,0,0,0,0
14446,7203244,7212171,1,0,3115442,0,0,0,0,0,0,4028,213,0,0,0,0,0,0,6,0,0,0,2026-08-28T10:35:00,2100-12-31T00:00:00,2100-12-01T00:00:00,0,0,710007001,0,0,0,0,0
14447,7203245,7212172,1,0,3115443,0,0,0,0,0,0,4028,213,0,0,0,0,0,0,5,0,0,0,2026-08-28T10:35:00,2100-12-31T00:00:00,2100-12-01T00:00:00,0,0,710007001,0,0,0,0,0
14448,7203246,7212173,1,0,3115444,0,0,0,0,0,0,4028,213,0,0,0,0,0,0,5,0,0,0,2026-08-28T10:35:00,2100-12-31T00:00:00,2100-12-01T00:00:00,0,0,710007001,0,0,0,0,0
14449,7203247,7212174,1,0,3115445,0,0,0,0,0,0,4028,213,0,0,0,0,0,0,1,0,0,0,2026-08-28T10:35:00,2100-12-31T00:00:00,2100-12-01T00:00:00,0,0,710007001,0,0,0,0,0
14450,7203248,7212175,1,0,3115446,0,0,0,0,0,0,4028,213,0,0,0,0,0,0,1,0,0,0,2026-08-28T10:35:00,2100-12-31T00:00:00,2100-12-01T00:00:00,0,0,710007001,0,0,0,0,0
14451,7203249,7212176,1,0,3115447,0,0,0,0,0,0,4028,213,0,0,0,0,0,0,1,0,0,0,2026-08-28T10:35:00,2100-12-31T00:00:00,2100-12-01T00:00:00,0,0,710007001,0,0,0,0,0
14452,7203250,7212177,1,0,3115448,0,0,0,0,0,0,4028,213,0,0,0,0,0,0,6,0,0,0,2026-08-28T10:35:00,2100-12-31T00:00:00,2100-12-01T00:00:00,0,0,710007001,0,0,0,0,0
14453,7203251,7212178,1,0,3115449,0,0,0,0,0,0,4028,213,0,0,0,0,0,0,5,0,0,0,2026-08-28T10:35:00,2100-12-31T00:00:00,2100-12-01T00:00:00,0,0,710007001,0,0,0,0,0
14454,7203252,7212179,1,0,3115450,0,0,0,0,0,0,4028,213,0,0,0,0,0,0,1,0,0,0,2026-08-28T10:35:00,2100-12-31T00:00:00,2100-12-01T00:00:00,0,0,710007001,0,0,0,0,0
14455,7203253,7212180,1,0,3115451,0,0,0,0,0,0,4028,213,0,0,0,0,0,0,1,0,0,0,2026-08-28T10:35:00,2100-12-31T00:00:00,2100-12-01T00:00:00,0,0,710007001,0,0,0,0,0
14456,7203254,7212181,1,0,3115452,0,0,0,0,0,0,4028,213,0,0,0,0,0,0,1,0,0,0,2026-08-28T10:35:00,2100-12-31T00:00:00,2100-12-01T00:00:00,0,0,710007001,0,0,0,0,0
14457,7203255,7212182,1,0,3115453,0,0,0,0,0,0,4028,213,0,0,0,0,0,0,1,0,0,0,2026-08-28T10:35:00,2100-12-31T00:00:00,2100-12-01T00:00:00,0,0,710007001,0,0,0,0,0
14458,7203256,7212183,1,0,3115454,0,0,0,0,0,0,4028,213,0,0,0,0,0,0,6,0,0,0,2026-08-28T10:35:00,2100-12-31T00:00:00,2100-12-01T00:00:00,0,0,710007001,0,0,0,0,0
14459,7203257,7212184,1,0,3115455,0,0,0,0,0,0,4028,213,0,0,0,0,0,0,5,0,0,0,2026-08-28T10:35:00,2100-12-31T00:00:00,2100-12-01T00:00:00,0,0,710007001,0,0,0,0,0
14460,7203258,7212185,1,0,3115456,0,0,0,0,0,0,4028,213,0,0,0,0,0,0,1,0,0,0,2026-08-28T10:35:00,2100-12-31T00:00:00,2100-12-01T00:00:00,0,0,710007001,0,0,0,0,0
14461,7203259,7212186,1,0,3115457,0,0,0,0,0,0,4028,213,0,0,0,0,0,0,1,0,0,0,2026-08-28T10:35:00,2100-12-31T00:00:00,2100-12-01T00:00:00,0,0,710007001,0,0,0,0,0
14462,7203260,7212187,1,0,3115458,0,0,0,0,0,0,4028,213,0,0,0,0,0,0,1,0,0,0,2026-08-28T10:35:00,2100-12-31T00:00:00,2100-12-01T00:00:00,0,0,710007001,0,0,0,0,0
14463,7203261,7212188,1,0,3115459,0,0,0,0,0,0,4028,213,0,0,0,0,0,0,1,0,0,0,2026-08-28T10:35:00,2100-12-31T00:00:00,2100-12-01T00:00:00,0,0,710007001,0,0,0,0,0
14464,7203262,7212189,1,0,3115460,0,0,0,0,0,0,4028,213,0,0,0,0,0,0,6,0,0,0,2026-08-28T10:35:00,2100-12-31T00:00:00,2100-12-01T00:00:00,0,0,710007001,0,0,0,0,0
14465,7203263,7212190,1,0,3115461,0,0,0,0,0,0,4028,213,0,0,0,0,0,0,5,0,0,0,2026-08-28T10:35:00,2100-12-31T00:00:00,2100-12-01T00:00:00,0,0,710007001,0,0,0,0,0
14466,7203264,7212191,1,0,3115462,0,0,0,0,0,0,4028,213,0,0,0,0,0,0,1,0,0,0,2026-08-28T10:35:00,2100-12-31T00:00:00,2100-12-01T00:00:00,0,0,710007001,0,0,0,0,0
14467,7203265,7212192,1,0,3115463,0,0,0,0,0,0,4028,213,0,0,0,0,0,0,1,0,0,0,2026-08-28T10:35:00,2100-12-31T00:00:00,2100-12-01T00:00:00,0,0,710007001,0,0,0,0,0
14468,7203266,7212193,1,0,3115464,0,0,0,0,0,0,4028,213,0,0,0,0,0,0,1,0,0,0,2026-08-28T10:35:00,2100-12-31T00:00:00,2100-12-01T00:00:00,0,0,710007001,0,0,0,0,0
14469,7203267,7212194,1,0,3115465,0,0,0,0,0,0,4028,213,0,0,0,0,0,0,1,0,0,0,2026-08-28T10:35:00,2100-12-31T00:00:00,2100-12-01T00:00:00,0,0,710007001,0,0,0,0,0
14470,7203268,7212195,1,0,3115466,0,0,0,0,0,0,4028,213,0,0,0,0,0,0,6,0,0,0,2026-08-28T10:35:00,2100-12-31T00:00:00,2100-12-01T00:00:00,0,0,710007001,0,0,0,0,0
14471,7203269,7212196,1,0,3115467,0,0,0,0,0,0,4028,213,0,0,0,0,0,0,5,0,0,0,2026-08-28T10:35:00,2100-12-31T00:00:00,2100-12-01T00:00:00,0,0,710007001,0,0,0,0,0
14472,7203270,7212197,1,0,3115468,0,0,0,0,0,0,4028,213,0,0,0,0,0,0,1,0,0,0,2026-08-28T10:35:00,2100-12-31T00:00:00,2100-12-01T00:00:00,0,0,710007001,0,0,0,0,0
14473,7203271,7212198,1,0,3115469,0,0,0,0,0,0,4028,213,0,0,0,0,0,0,1,0,0,0,2026-08-28T10:35:00,2100-12-31T00:00:00,2100-12-01T00:00:00,0,0,710007001,0,0,0,0,0
14474,7203272,7212199,1,0,3115470,0,0,0,0,0,0,4028,213,0,0,0,0,0,0,6,0,0,0,2026-08-28T10:35:00,2100-12-31T00:00:00,2100-12-01T00:00:00,0,0,710007001,0,0,0,0,0
14475,7203273,7212200,1,0,3115471,0,0,0,0,0,0,4028,213,0,0,0,0,0,0,5,0,0,0,2026-08-28T10:35:00,2100-12-31T00:00:00,2100-12-01T00:00:00,0,0,710007001,0,0,0,0,0
14476,7203274,7212201,1,0,3115472,0,0,0,0,0,0,4028,213,0,0,0,0,0,0,1,0,0,0,2026-08-28T10:35:00,2100-12-31T00:00:00,2100-12-01T00:00:00,0,0,710007001,0,0,0,0,0
14477,7203275,7212202,1,0,3115473,0,0,0,0,0,0,4028,213,0,0,0,0,0,0,1,0,0,0,2026-08-28T10:35:00,2100-12-31T00:00:00,2100-12-01T00:00:00,0,0,710007001,0,0,0,0,0
14478,7203276,7212203,1,0,3115474,0,0,0,0,0,0,4028,213,0,0,0,0,0,0,1,0,0,0,2026-08-28T10:35:00,2100-12-31T00:00:00,2100-12-01T00:00:00,0,0,710007001,0,0,0,0,0
14479,7203277,7212204,1,0,3115475,0,0,0,0,0,0,4028,213,0,0,0,0,0,0,1,0,0,0,2026-08-28T10:35:00,2100-12-31T00:00:00,2100-12-01T00:00:00,0,0,710007001,0,0,0,0,0
14480,7203278,7212205,1,0,3115476,0,0,0,0,0,0,4028,213,0,0,0,0,0,0,6,0,0,0,2026-08-28T10:35:00,2100-12-31T00:00:00,2100-12-01T00:00:00,0,0,710007001,0,0,0,0,0
14481,7203279,7212206,1,0,3115477,0,0,0,0,0,0,4028,213,0,0,0,0,0,0,5,0,0,0,2026-08-28T10:35:00,2100-12-31T00:00:00,2100-12-01T00:00:00,0,0,710007001,0,0,0,0,0
14482,7203280,7212207,1,0,3115478,0,0,0,0,0,0,4028,213,0,0,0,0,0,0,1,0,0,0,2026-08-28T10:35:00,2100-12-31T00:00:00,2100-12-01T00:00:00,0,0,710007001,0,0,0,0,0
14483,7203281,7212208,1,0,3115479,0,0,0,0,0,0,4028,213,0,0,0,0,0,0,1,0,0,0,2026-08-28T10:35:00,2100-12-31T00:00:00,2100-12-01T00:00:00,0,0,710007001,0,0,0,0,0
14484,7203282,7212209,1,0,3115480,0,0,0,0,0,0,4028,213,0,0,0,0,0,0,1,0,0,0,2026-08-28T10:35:00,2100-12-31T00:00:00,2100-12-01T00:00:00,0,0,710007001,0,0,0,0,0
14485,7203283,7212210,1,0,3115481,0,0,0,0,0,0,4028,213,0,0,0,0,0,0,1,0,0,0,2026-08-28T10:35:00,2100-12-31T00:00:00,2100-12-01T00:00:00,0,0,710007001,0,0,0,0,0
14486,7203284,7212211,1,0,3115482,0,0,0,0,0,0,4028,213,0,0,0,0,0,0,6,0,0,0,2026-08-28T10:35:00,2100-12-31T00:00:00,2100-12-01T00:00:00,0,0,710007001,0,0,0,0,0
14487,7203285,7212212,1,0,3115483,0,0,0,0,0,0,4028,213,0,0,0,0,0,0,5,0,0,0,2026-08-28T10:35:00,2100-12-31T00:00:00,2100-12-01T00:00:00,0,0,710007001,0,0,0,0,0
14488,7203286,7212213,1,0,3115484,0,0,0,0,0,0,4028,213,0,0,0,0,0,0,1,0,0,0,2026-08-28T10:35:00,2100-12-31T00:00:00,2100-12-01T00:00:00,0,0,710007001,0,0,0,0,0
14489,7203287,7212214,1,0,3115485,0,0,0,0,0,0,4028,213,0,0,0,0,0,0,1,0,0,0,2026-08-28T10:35:00,2100-12-31T00:00:00,2100-12-01T00:00:00,0,0,710007001,0,0,0,0,0
14490,7203288,7212215,1,0,3115486,0,0,0,0,0,0,4028,213,0,0,0,0,0,0,1,0,0,0,2026-08-28T10:35:00,2100-12-31T00:00:00,2100-12-01T00:00:00,0,0,710007001,0,0,0,0,0
14491,7203289,7212216,1,0,3115487,0,0,0,0,0,0,4028,213,0,0,0,0,0,0,1,0,0,0,2026-08-28T10:35:00,2100-12-31T00:00:00,2100-12-01T00:00:00,0,0,710007001,0,0,0,0,0
14492,7203290,7212217,1,0,3115488,0,0,0,0,0,0,4028,213,0,0,0,0,0,0,6,0,0,0,2026-08-28T10:35:00,2100-12-31T00:00:00,2100-12-01T00:00:00,0,0,710007001,0,0,0,0,0
14493,7203291,7212218,1,0,3115489,0,0,0,0,0,0,4028,213,0,0,0,0,0,0,5,0,0,0,2026-08-28T10:35:00,2100-12-31T00:00:00,2100-12-01T00:00:00,0,0,710007001,0,0,0,0,0
14494,7203292,7212219,1,0,3115490,0,0,0,0,0,0,4028,213,0,0,0,0,0,0,1,0,0,0,2026-08-28T10:35:00,2100-12-31T00:00:00,2100-12-01T00:00:00,0,0,710007001,0,0,0,0,0
14495,7203293,7212220,1,0,3115491,0,0,0,0,0,0,4028,213,0,0,0,0,0,0,1,0,0,0,2026-08-28T10:35:00,2100-12-31T00:00:00,2100-12-01T00:00:00,0,0,710007001,0,0,0,0,0
14496,7203294,7212221,1,0,3115492,0,0,0,0,0,0,4028,213,0,0,0,0,0,0,1,0,0,0,2026-08-28T10:35:00,2100-12-31T00:00:00,2100-12-01T00:00:00,0,0,710007001,0,0,0,0,0
14497,7203295,7212222,1,0,3115493,0,0,0,0,0,0,4028,213,0,0,0,0,0,0,1,0,0,0,2026-08-28T10:35:00,2100-12-31T00:00:00,2100-12-01T00:00:00,0,0,710007001,0,0,0,0,0
14498,7203296,7212223,1,0,3115494,0,0,0,0,0,0,4028,213,0,0,0,0,0,0,6,0,0,0,2026-08-28T10:35:00,2100-12-31T00:00:00,2100-12-01T00:00:00,0,0,710007001,0,0,0,0,0
14499,7203297,7212224,1,0,3115495,0,0,0,0,0,0,4028,213,0,0,0,0,0,0,5,0,0,0,2026-08-28T10:35:00,2100-12-31T00:00:00,2100-12-01T00:00:00,0,0,710007001,0,0,0,0,0
14500,7203298,7212225,1,0,3115496,0,0,0,0,0,0,4028,213,0,0,0,0,0,0,1,0,0,0,2026-08-28T10:35:00,2100-12-31T00:00:00,2100-12-01T00:00:00,0,0,710007001,0,0,0,0,0
14501,7203299,7212226,1,0,3115497,0,0,0,0,0,0,4028,213,0,0,0,0,0,0,1,0,0,0,2026-08-28T10:35:00,2100-12-31T00:00:00,2100-12-01T00:00:00,0,0,710007001,0,0,0,0,0
14502,7203300,7212227,1,0,3115498,0,0,0,0,0,0,4028,213,0,0,0,0,0,0,1,0,0,0,2026-08-28T10:35:00,2100-12-31T00:00:00,2100-12-01T00:00:00,0,0,710007001,0,0,0,0,0
14503,7203301,7212228,1,0,3115499,0,0,0,0,0,0,4028,213,0,0,0,0,0,0,1,0,0,0,2026-08-28T10:35:00,2100-12-31T00:00:00,2100-12-01T00:00:00,0,0,710007001,0,0,0,0,0
14504,7203302,7212229,1,0,3115500,0,0,0,0,0,0,4028,213,0,0,0,0,0,0,6,0,0,0,2026-08-28T10:35:00,2100-12-31T00:00:00,2100-12-01T00:00:00,0,0,710007001,0,0,0,0,0
14505,7203303,7212230,1,0,3115501,0,0,0,0,0,0,4028,213,0,0,0,0,0,0,5,0,0,0,2026-08-28T10:35:00,2100-12-31T00:00:00,2100-12-01T00:00:00,0,0,710007001,0,0,0,0,0
14506,7203304,7212231,1,0,3115502,0,0,0,0,0,0,4028,213,0,0,0,0,0,0,1,0,0,0,2026-08-28T10:35:00,2100-12-31T00:00:00,2100-12-01T00:00:00,0,0,710007001,0,0,0,0,0
14507,7203305,7212232,1,0,3115503,0,0,0,0,0,0,4028,213,0,0,0,0,0,0,1,0,0,0,2026-08-28T10:35:00,2100-12-31T00:00:00,2100-12-01T00:00:00,0,0,710007001,0,0,0,0,0
14508,7203306,7212233,1,0,3115504,0,0,0,0,0,0,4028,213,0,0,0,0,0,0,1,0,0,0,2026-08-28T10:35:00,2100-12-31T00:00:00,2100-12-01T00:00:00,0,0,710007001,0,0,0,0,0
14509,7203307,7212234,1,0,3115505,0,0,0,0,0,0,4028,213,0,0,0,0,0,0,1,0,0,0,2026-08-28T10:35:00,2100-12-31T00:00:00,2100-12-01T00:00:00,0,0,710007001,0,0,0,0,0
14510,7203308,7212235,1,0,3115506,0,0,0,0,0,0,4028,213,0,0,0,0,0,0,6,0,0,0,2026-08-28T10:35:00,2100-12-31T00:00:00,2100-12-01T00:00:00,0,0,710007001,0,0,0,0,0
14511,7203309,7212236,1,0,3115507,0,0,0,0,0,0,4028,213,0,0,0,0,0,0,5,0,0,0,2026-08-28T10:35:00,2100-12-31T00:00:00,2100-12-01T00:00:00,0,0,710007001,0,0,0,0,0
14512,7203310,7212237,1,0,3115508,0,0,0,0,0,0,4028,213,0,0,0,0,0,0,1,0,0,0,2026-08-28T10:35:00,2100-12-31T00:00:00,2100-12-01T00:00:00,0,0,710007001,0,0,0,0,0
14513,7203311,7212238,1,0,3115509,0,0,0,0,0,0,4028,213,0,0,0,0,0,0,1,0,0,0,2026-08-28T10:35:00,2100-12-31T00:00:00,2100-12-01T00:00:00,0,0,710007001,0,0,0,0,0
14514,7203312,7212239,1,0,3115510,0,0,0,0,0,0,4028,213,0,0,0,0,0,0,1,0,0,0,2026-08-28T10:35:00,2100-12-31T00:00:00,2100-12-01T00:00:00,0,0,710007001,0,0,0,0,0
14515,7203313,7212240,1,0,3115511,0,0,0,0,0,0,4028,213,0,0,0,0,0,0,1,0,0,0,2026-08-28T10:35:00,2100-12-31T00:00:00,2100-12-01T00:00:00,0,0,710007001,0,0,0,0,0
14516,7203314,7212241,1,0,3115512,0,0,0,0,0,0,4028,213,0,0,0,0,0,0,6,0,0,0,2026-08-28T10:35:00,2100-12-31T00:00:00,2100-12-01T00:00:00,0,0,710007001,0,0,0,0,0
14517,7203315,7212242,1,0,3115513,0,0,0,0,0,0,4028,213,0,0,0,0,0,0,5,0,0,0,2026-08-28T10:35:00,2100-12-31T00:00:00,2100-12-01T00:00:00,0,0,710007001,0,0,0,0,0
14518,7203316,7212243,1,0,3115514,0,0,0,0,0,0,4028,213,0,0,0,0,0,0,1,0,0,0,2026-08-28T10:35:00,2100-12-31T00:00:00,2100-12-01T00:00:00,0,0,710007001,0,0,0,0,0
14519,7203317,7212244,1,0,3115515,0,0,0,0,0,0,4028,213,0,0,0,0,0,0,1,0,0,0,2026-08-28T10:35:00,2100-12-31T00:00:00,2100-12-01T00:00:00,0,0,710007001,0,0,0,0,0
14520,7203318,7212245,1,0,3115516,0,0,0,0,0,0,4028,213,0,0,0,0,0,0,1,0,0,0,2026-08-28T10:35:00,2100-12-31T00:00:00,2100-12-01T00:00:00,0,0,710007001,0,0,0,0,0
14521,7203319,7212246,1,0,3115517,0,0,0,0,0,0,4028,213,0,0,0,0,0,0,1,0,0,0,2026-08-28T10:35:00,2100-12-31T00:00:00,2100-12-01T00:00:00,0,0,710007001,0,0,0,0,0
14522,7203320,7212247,1,0,3115518,0,0,0,0,0,0,4028,213,0,0,0,0,0,0,6,0,0,0,2026-08-28T10:35:00,2100-12-31T00:00:00,2100-12-01T00:00:00,0,0,710007001,0,0,0,0,0
14523,7203321,7212248,1,0,3115519,0,0,0,0,0,0,4028,213,0,0,0,0,0,0,5,0,0,0,2026-08-28T10:35:00,2100-12-31T00:00:00,2100-12-01T00:00:00,0,0,710007001,0,0,0,0,0
14524,7203322,7212249,1,0,3115520,0,0,0,0,0,0,4028,213,0,0,0,0,0,0,1,0,0,0,2026-08-28T10:35:00,2100-12-31T00:00:00,2100-12-01T00:00:00,0,0,710007001,0,0,0,0,0
14525,7203323,7212250,1,0,3115521,0,0,0,0,0,0,4028,213,0,0,0,0,0,0,1,0,0,0,2026-08-28T10:35:00,2100-12-31T00:00:00,2100-12-01T00:00:00,0,0,710007001,0,0,0,0,0
14526,7203324,7212251,1,0,3115522,0,0,0,0,0,0,4028,213,0,0,0,0,0,0,1,0,0,0,2026-08-28T10:35:00,2100-12-31T00:00:00,2100-12-01T00:00:00,0,0,710007001,0,0,0,0,0
14527,7203325,7212252,1,0,3115523,0,0,0,0,0,0,4028,213,0,0,0,0,0,0,1,0,0,0,2026-08-28T10:35:00,2100-12-31T00:00:00,2100-12-01T00:00:00,0,0,710007001,0,0,0,0,0
14528,7203326,7212253,1,0,3115524,0,0,0,0,0,0,4028,213,0,0,0,0,0,0,6,0,0,0,2026-08-28T10:35:00,2100-12-31T00:00:00,2100-12-01T00:00:00,0,0,710007001,0,0,0,0,0
14529,7203327,7212254,1,0,3115525,0,0,0,0,0,0,4028,213,0,0,0,0,0,0,5,0,0,0,2026-08-28T10:35:00,2100-12-31T00:00:00,2100-12-01T00:00:00,0,0,710007001,0,0,0,0,0
14530,7203328,7212255,1,0,3115526,0,0,0,0,0,0,4028,213,0,0,0,0,0,0,1,0,0,0,2026-08-28T10:35:00,2100-12-31T00:00:00,2100-12-01T00:00:00,0,0,710007001,0,0,0,0,0
14531,7203329,7212256,1,0,3115527,0,0,0,0,0,0,4028,213,0,0,0,0,0,0,1,0,0,0,2026-08-28T10:35:00,2100-12-31T00:00:00,2100-12-01T00:00:00,0,0,710007001,0,0,0,0,0
14532,7203330,7212257,1,0,3115528,0,0,0,0,0,0,4028,213,0,0,0,0,0,0,1,0,0,0,2026-08-28T10:35:00,2100-12-31T00:00:00,2100-12-01T00:00:00,0,0,710007001,0,0,0,0,0
14533,7203331,7212258,1,0,3115529,0,0,0,0,0,0,4028,213,0,0,0,0,0,0,1,0,0,0,2026-08-28T10:35:00,2100-12-31T00:00:00,2100-12-01T00:00:00,0,0,710007001,0,0,0,0,0
14534,7203332,7212259,1,0,3115530,0,0,0,0,0,0,4028,213,0,0,0,0,0,0,6,0,0,0,2026-08-28T10:35:00,2100-12-31T00:00:00,2100-12-01T00:00:00,0,0,710007001,0,0,0,0,0
14535,7203333,7212260,1,0,3115531,0,0,0,0,0,0,4028,213,0,0,0,0,0,0,5,0,0,0,2026-08-28T10:35:00,2100-12-31T00:00:00,2100-12-01T00:00:00,0,0,710007001,0,0,0,0,0
14536,7203334,7212261,1,0,3115532,0,0,0,0,0,0,4028,213,0,0,0,0,0,0,1,0,0,0,2026-08-28T10:35:00,2100-12-31T00:00:00,2100-12-01T00:00:00,0,0,710007001,0,0,0,0,0
14537,7203335,7212262,1,0,3115533,0,0,0,0,0,0,4028,213,0,0,0,0,0,0,1,0,0,0,2026-08-28T10:35:00,2100-12-31T00:00:00,2100-12-01T00:00:00,0,0,710007001,0,0,0,0,0
14538,7203336,7212263,1,0,3115534,0,0,0,0,0,0,4028,213,0,0,0,0,0,0,1,0,0,0,2026-08-28T10:35:00,2100-12-31T00:00:00,2100-12-01T00:00:00,0,0,710007001,0,0,0,0,0
14539,7203337,7212264,1,0,3115535,0,0,0,0,0,0,4028,213,0,0,0,0,0,0,1,0,0,0,2026-08-28T10:35:00,2100-12-31T00:00:00,2100-12-01T00:00:00,0,0,710007001,0,0,0,0,0
14540,7203338,7212265,1,0,3115536,0,0,0,0,0,0,4028,213,0,0,0,0,0,0,6,0,0,0,2026-08-28T10:35:00,2100-12-31T00:00:00,2100-12-01T00:00:00,0,0,710007001,0,0,0,0,0
14541,7203339,7212266,1,0,3115537,0,0,0,0,0,0,4028,213,0,0,0,0,0,0,1,0,0,0,2026-08-28T10:35:00,2100-12-31T00:00:00,2100-12-01T00:00:00,0,0,710007001,0,0,0,0,0
14542,7203340,7212267,1,0,3115538,0,0,0,0,0,0,4028,213,0,0,0,0,0,0,1,0,0,0,2026-08-28T10:35:00,2100-12-31T00:00:00,2100-12-01T00:00:00,0,0,710007001,0,0,0,0,0
14543,7203341,7212268,1,0,3115539,0,0,0,0,0,0,4028,213,0,0,0,0,0,0,1,0,0,0,2026-08-28T10:35:00,2100-12-31T00:00:00,2100-12-01T00:00:00,0,0,710007001,0,0,0,0,0
14544,7203342,7212269,1,0,3115540,0,0,0,0,0,0,4028,213,0,0,0,0,0,0,1,0,0,0,2026-08-28T10:35:00,2100-12-31T00:00:00,2100-12-01T00:00:00,0,0,710007001,0,0,0,0,0
14545,7203343,7212270,1,0,3115541,0,0,0,0,0,0,4028,213,0,0,0,0,0,0,6,0,0,0,2026-08-28T10:35:00,2100-12-31T00:00:00,2100-12-01T00:00:00,0,0,710007001,0,0,0,0,0
14546,7203344,7212271,1,0,3115542,0,0,0,0,0,0,4028,213,0,0,0,0,0,0,5,0,0,0,2026-08-28T10:35:00,2100-12-31T00:00:00,2100-12-01T00:00:00,0,0,710007001,0,0,0,0,0
14547,7203345,7212272,1,0,3115543,0,0,0,0,0,0,4028,213,0,0,0,0,0,0,1,0,0,0,2026-08-28T10:35:00,2100-12-31T00:00:00,2100-12-01T00:00:00,0,0,710007001,0,0,0,0,0
14548,7203346,7212273,1,0,3115544,0,0,0,0,0,0,4028,213,0,0,0,0,0,0,1,0,0,0,2026-08-28T10:35:00,2100-12-31T00:00:00,2100-12-01T00:00:00,0,0,710007001,0,0,0,0,0
14549,7203347,7212274,1,0,3115545,0,0,0,0,0,0,4028,213,0,0,0,0,0,0,1,0,0,0,2026-08-28T10:35:00,2100-12-31T00:00:00,2100-12-01T00:00:00,0,0,710007001,0,0,0,0,0
14550,7203348,7212275,1,0,3115546,0,0,0,0,0,0,4028,213,0,0,0,0,0,0,1,0,0,0,2026-08-28T10:35:00,2100-12-31T00:00:00,2100-12-01T00:00:00,0,0,710007001,0,0,0,0,0
14551,7203349,7212276,1,0,3115547,0,0,0,0,0,0,4028,213,0,0,0,0,0,0,6,0,0,0,2026-08-28T10:35:00,2100-12-31T00:00:00,2100-12-01T00:00:00,0,0,710007001,0,0,0,0,0
14552,7203350,7212277,1,0,3115548,0,0,0,0,0,0,4028,213,0,0,0,0,0,0,5,0,0,0,2026-08-28T10:35:00,2100-12-31T00:00:00,2100-12-01T00:00:00,0,0,710007001,0,0,0,0,0
14553,7203351,7212278,1,0,3115549,0,0,0,0,0,0,4028,213,0,0,0,0,0,0,1,0,0,0,2026-08-28T10:35:00,2100-12-31T00:00:00,2100-12-01T00:00:00,0,0,710007001,0,0,0,0,0
14554,7203352,7212279,1,0,3115550,0,0,0,0,0,0,4028,213,0,0,0,0,0,0,1,0,0,0,2026-08-28T10:35:00,2100-12-31T00:00:00,2100-12-01T00:00:00,0,0,710007001,0,0,0,0,0
14555,7203353,7212280,1,0,3115551,0,0,0,0,0,0,4028,213,0,0,0,0,0,0,1,0,0,0,2026-08-28T10:35:00,2100-12-31T00:00:00,2100-12-01T00:00:00,0,0,710007001,0,0,0,0,0
14556,7203354,7212281,1,0,3115552,0,0,0,0,0,0,4028,213,0,0,0,0,0,0,1,0,0,0,2026-08-28T10:35:00,2100-12-31T00:00:00,2100-12-01T00:00:00,0,0,710007001,0,0,0,0,0
14557,7203355,7212282,1,0,3115553,0,0,0,0,0,0,4028,213,0,0,0,0,0,0,6,0,0,0,2026-08-28T10:35:00,2100-12-31T00:00:00,2100-12-01T00:00:00,0,0,710007001,0,0,0,0,0
14558,7203356,7212283,1,0,3115554,0,0,0,0,0,0,4028,213,0,0,0,0,0,0,1,0,0,0,2026-08-28T10:35:00,2100-12-31T00:00:00,2100-12-01T00:00:00,0,0,710007001,0,0,0,0,0
14559,7203357,7212284,1,0,3115555,0,0,0,0,0,0,4028,213,0,0,0,0,0,0,1,0,0,0,2026-08-28T10:35:00,2100-12-31T00:00:00,2100-12-01T00:00:00,0,0,710007001,0,0,0,0,0
14560,7203358,7212285,1,0,3115556,0,0,0,0,0,0,4028,213,0,0,0,0,0,0,1,0,0,0,2026-08-28T10:35:00,2100-12-31T00:00:00,2100-12-01T00:00:00,0,0,710007001,0,0,0,0,0
14561,7203359,7212286,1,0,3115557,0,0,0,0,0,0,4028,213,0,0,0,0,0,0,1,0,0,0,2026-08-28T10:35:00,2100-12-31T00:00:00,2100-12-01T00:00:00,0,0,710007001,0,0,0,0,0
14562,7203360,7212287,1,0,3115558,0,0,0,0,0,0,4028,213,0,0,0,0,0,0,6,0,0,0,2026-08-28T10:35:00,2100-12-31T00:00:00,2100-12-01T00:00:00,0,0,710007001,0,0,0,0,0
14563,7203361,7212288,1,0,3115559,0,0,0,0,0,0,4028,213,0,0,0,0,0,0,5,0,0,0,2026-08-28T10:35:00,2100-12-31T00:00:00,2100-12-01T00:00:00,0,0,710007001,0,0,0,0,0
14564,7203362,7212289,1,0,3115560,0,0,0,0,0,0,4028,213,0,0,0,0,0,0,1,0,0,0,2026-08-28T10:35:00,2100-12-31T00:00:00,2100-12-01T00:00:00,0,0,710007001,0,0,0,0,0
14565,7203363,7212290,1,0,3115561,0,0,0,0,0,0,4028,213,0,0,0,0,0,0,1,0,0,0,2026-08-28T10:35:00,2100-12-31T00:00:00,2100-12-01T00:00:00,0,0,710007001,0,0,0,0,0
14566,7203364,7212291,1,0,3115562,0,0,0,0,0,0,4028,213,0,0,0,0,0,0,1,0,0,0,2026-08-28T10:35:00,2100-12-31T00:00:00,2100-12-01T00:00:00,0,0,710007001,0,0,0,0,0
14567,7203365,7212292,1,0,3115563,0,0,0,0,0,0,4028,213,0,0,0,0,0,0,1,0,0,0,2026-08-28T10:35:00,2100-12-31T00:00:00,2100-12-01T00:00:00,0,0,710007001,0,0,0,0,0
14568,7203366,7212293,1,0,3115564,0,0,0,0,0,0,4028,213,0,0,0,0,0,0,6,0,0,0,2026-08-28T10:35:00,2100-12-31T00:00:00,2100-12-01T00:00:00,0,0,710007001,0,0,0,0,0
14569,7203367,7212294,1,0,3115565,0,0,0,0,0,0,4028,213,0,0,0,0,0,0,5,0,0,0,2026-08-28T10:35:00,2100-12-31T00:00:00,2100-12-01T00:00:00,0,0,710007001,0,0,0,0,0
14570,7203368,7212295,1,0,3115566,0,0,0,0,0,0,4028,213,0,0,0,0,0,0,1,0,0,0,2026-08-28T10:35:00,2100-12-31T00:00:00,2100-12-01T00:00:00,0,0,710007001,0,0,0,0,0
14571,7203369,7212296,1,0,3115567,0,0,0,0,0,0,4028,213,0,0,0,0,0,0,1,0,0,0,2026-08-28T10:35:00,2100-12-31T00:00:00,2100-12-01T00:00:00,0,0,710007001,0,0,0,0,0
14572,7203370,7212297,1,0,3115568,0,0,0,0,0,0,4028,213,0,0,0,0,0,0,1,0,0,0,2026-08-28T10:35:00,2100-12-31T00:00:00,2100-12-01T00:00:00,0,0,710007001,0,0,0,0,0
14573,7203371,7212298,1,0,3115569,0,0,0,0,0,0,4028,213,0,0,0,0,0,0,1,0,0,0,2026-08-28T10:35:00,2100-12-31T00:00:00,2100-12-01T00:00:00,0,0,710007001,0,0,0,0,0
14574,7203372,7212299,1,0,3115570,0,0,0,0,0,0,4028,213,0,0,0,0,0,0,6,0,0,0,2026-08-28T10:35:00,2100-12-31T00:00:00,2100-12-01T00:00:00,0,0,710007001,0,0,0,0,0
14575,7203373,7212300,1,0,3115571,0,0,0,0,0,0,4028,213,0,0,0,0,0,0,5,0,0,0,2026-08-28T10:35:00,2100-12-31T00:00:00,2100-12-01T00:00:00,0,0,710007001,0,0,0,0,0
14576,7203374,7212301,1,0,3115572,0,0,0,0,0,0,4028,213,0,0,0,0,0,0,1,0,0,0,2026-08-28T10:35:00,2100-12-31T00:00:00,2100-12-01T00:00:00,0,0,710007001,0,0,0,0,0
14577,7203375,7212302,1,0,3115573,0,0,0,0,0,0,4028,213,0,0,0,0,0,0,1,0,0,0,2026-08-28T10:35:00,2100-12-31T00:00:00,2100-12-01T00:00:00,0,0,710007001,0,0,0,0,0
14578,7203376,7212303,1,0,3115574,0,0,0,0,0,0,4028,213,0,0,0,0,0,0,1,0,0,0,2026-08-28T10:35:00,2100-12-31T00:00:00,2100-12-01T00:00:00,0,0,710007001,0,0,0,0,0
14579,7203377,7212304,1,0,3115575,0,0,0,0,0,0,4028,213,0,0,0,0,0,0,5,0,0,0,2026-08-28T10:35:00,2100-12-31T00:00:00,2100-12-01T00:00:00,0,0,710007001,0,0,0,0,0
14580,7203378,7212305,1,0,3115576,0,0,0,0,0,0,4028,213,0,0,0,0,0,0,1,0,0,0,2026-08-28T10:35:00,2100-12-31T00:00:00,2100-12-01T00:00:00,0,0,710007001,0,0,0,0,0
14581,7203379,7212306,1,0,3115577,0,0,0,0,0,0,4028,213,0,0,0,0,0,0,5,0,0,0,2026-08-28T10:35:00,2100-12-31T00:00:00,2100-12-01T00:00:00,0,0,710007001,0,0,0,0,0
14582,7203380,7212307,1,0,3115578,0,0,0,0,0,0,4028,213,0,0,0,0,0,0,1,0,0,0,2026-08-28T10:35:00,2100-12-31T00:00:00,2100-12-01T00:00:00,0,0,710007001,0,0,0,0,0
14583,7203381,7212308,1,0,3115579,0,0,0,0,0,0,4028,213,0,0,0,0,0,0,1,0,0,0,2026-08-28T10:35:00,2100-12-31T00:00:00,2100-12-01T00:00:00,0,0,710007001,0,0,0,0,0
14584,7203382,7212309,1,0,3115580,0,0,0,0,0,0,4028,213,0,0,0,0,0,0,1,0,0,0,2026-08-28T10:35:00,2100-12-31T00:00:00,2100-12-01T00:00:00,0,0,710007001,0,0,0,0,0
14585,7203383,7212310,1,0,3115581,0,0,0,0,0,0,4028,213,0,0,0,0,0,0,6,0,0,0,2026-08-28T10:35:00,2100-12-31T00:00:00,2100-12-01T00:00:00,0,0,710007001,0,0,0,0,0
14586,7203384,7212311,1,0,3115582,0,0,0,0,0,0,4028,213,0,0,0,0,0,0,5,0,0,0,2026-08-28T10:35:00,2100-12-31T00:00:00,2100-12-01T00:00:00,0,0,710007001,0,0,0,0,0
14587,7203385,7212312,1,0,3115583,0,0,0,0,0,0,4028,213,0,0,0,0,0,0,1,0,0,0,2026-08-28T10:35:00,2100-12-31T00:00:00,2100-12-01T00:00:00,0,0,710007001,0,0,0,0,0
14588,7203386,7212313,1,0,3115584,0,0,0,0,0,0,4028,213,0,0,0,0,0,0,1,0,0,0,2026-08-28T10:35:00,2100-12-31T00:00:00,2100-12-01T00:00:00,0,0,710007001,0,0,0,0,0
14589,7203387,7212314,1,0,3115585,0,0,0,0,0,0,4028,213,0,0,0,0,0,0,1,0,0,0,2026-08-28T10:35:00,2100-12-31T00:00:00,2100-12-01T00:00:00,0,0,710007001,0,0,0,0,0
14590,7203388,7212315,1,0,3115586,0,0,0,0,0,0,4028,213,0,0,0,0,0,0,1,0,0,0,2026-08-28T10:35:00,2100-12-31T00:00:00,2100-12-01T00:00:00,0,0,710007001,0,0,0,0,0
14591,7203389,7212316,1,0,3115587,0,0,0,0,0,0,4028,213,0,0,0,0,0,0,6,0,0,0,2026-08-28T10:35:00,2100-12-31T00:00:00,2100-12-01T00:00:00,0,0,710007001,0,0,0,0,0
14592,7203390,7212317,1,0,3115588,0,0,0,0,0,0,4028,213,0,0,0,0,0,0,5,0,0,0,2026-08-28T10:35:00,2100-12-31T00:00:00,2100-12-01T00:00:00,0,0,710007001,0,0,0,0,0
14593,7203391,7212318,1,0,3115589,0,0,0,0,0,0,4028,213,0,0,0,0,0,0,1,0,0,0,2026-08-28T10:35:00,2100-12-31T00:00:00,2100-12-01T00:00:00,0,0,710007001,0,0,0,0,0
14594,7203392,7212319,1,0,3115590,0,0,0,0,0,0,4028,213,0,0,0,0,0,0,1,0,0,0,2026-08-28T10:35:00,2100-12-31T00:00:00,2100-12-01T00:00:00,0,0,710007001,0,0,0,0,0
14595,7203393,7212320,1,0,3115591,0,0,0,0,0,0,4028,213,0,0,0,0,0,0,1,0,0,0,2026-08-28T10:35:00,2100-12-31T00:00:00,2100-12-01T00:00:00,0,0,710007001,0,0,0,0,0
14596,7203394,7212321,1,0,3115592,0,0,0,0,0,0,4028,213,0,0,0,0,0,0,1,0,0,0,2026-08-28T10:35:00,2100-12-31T00:00:00,2100-12-01T00:00:00,0,0,710007001,0,0,0,0,0
14597,7203395,7212322,1,0,3115593,0,0,0,0,0,0,4028,213,0,0,0,0,0,0,6,0,0,0,2026-08-28T10:35:00,2100-12-31T00:00:00,2100-12-01T00:00:00,0,0,710007001,0,0,0,0,0
14598,7203396,7212323,1,0,3115594,0,0,0,0,0,0,4028,213,0,0,0,0,0,0,5,0,0,0,2026-08-28T10:35:00,2100-12-31T00:00:00,2100-12-01T00:00:00,0,0,710007001,0,0,0,0,0
14599,7203397,7212324,1,0,3115595,0,0,0,0,0,0,4028,213,0,0,0,0,0,0,1,0,0,0,2026-08-28T10:35:00,2100-12-31T00:00:00,2100-12-01T00:00:00,0,0,710007001,0,0,0,0,0
14600,7203398,7212325,1,0,3115596,0,0,0,0,0,0,4028,213,0,0,0,0,0,0,1,0,0,0,2026-08-28T10:35:00,2100-12-31T00:00:00,2100-12-01T00:00:00,0,0,710007001,0,0,0,0,0
14601,7203399,7212326,1,0,3115597,0,0,0,0,0,0,4028,213,0,0,0,0,0,0,1,0,0,0,2026-08-28T10:35:00,2100-12-31T00:00:00,2100-12-01T00:00:00,0,0,710007001,0,0,0,0,0
14602,7203400,7212327,1,0,3115598,0,0,0,0,0,0,4028,213,0,0,0,0,0,0,1,0,0,0,2026-08-28T10:35:00,2100-12-31T00:00:00,2100-12-01T00:00:00,0,0,710007001,0,0,0,0,0
14603,7203401,7212328,1,0,3115599,0,0,0,0,0,0,4028,213,0,0,0,0,0,0,6,0,0,0,2026-08-28T10:35:00,2100-12-31T00:00:00,2100-12-01T00:00:00,0,0,710007001,0,0,0,0,0
14604,7203402,7212329,1,0,3115600,0,0,0,0,0,0,4028,213,0,0,0,0,0,0,5,0,0,0,2026-08-28T10:35:00,2100-12-31T00:00:00,2100-12-01T00:00:00,0,0,710007001,0,0,0,0,0
14605,7203403,7212330,1,0,3115601,0,0,0,0,0,0,4028,213,0,0,0,0,0,0,1,0,0,0,2026-08-28T10:35:00,2100-12-31T00:00:00,2100-12-01T00:00:00,0,0,710007001,0,0,0,0,0
14606,7203404,7212331,1,0,3115602,0,0,0,0,0,0,4028,213,0,0,0,0,0,0,1,0,0,0,2026-08-28T10:35:00,2100-12-31T00:00:00,2100-12-01T00:00:00,0,0,710007001,0,0,0,0,0
14607,7203405,7212332,1,0,3115603,0,0,0,0,0,0,4028,213,0,0,0,0,0,0,1,0,0,0,2026-08-28T10:35:00,2100-12-31T00:00:00,2100-12-01T00:00:00,0,0,710007001,0,0,0,0,0
14608,7203406,7212333,1,0,3115604,0,0,0,0,0,0,4028,213,0,0,0,0,0,0,1,0,0,0,2026-08-28T10:35:00,2100-12-31T00:00:00,2100-12-01T00:00:00,0,0,710007001,0,0,0,0,0
14609,7203407,7212334,1,0,3115605,0,0,0,0,0,0,4028,213,0,0,0,0,0,0,6,0,0,0,2026-08-28T10:35:00,2100-12-31T00:00:00,2100-12-01T00:00:00,0,0,710007001,0,0,0,0,0
14610,7203408,7212335,1,0,3115606,0,0,0,0,0,0,4028,213,0,0,0,0,0,0,1,0,0,0,2026-08-28T10:35:00,2100-12-31T00:00:00,2100-12-01T00:00:00,0,0,710007001,0,0,0,0,0
14611,7203409,7212336,1,0,3115607,0,0,0,0,0,0,4028,213,0,0,0,0,0,0,1,0,0,0,2026-08-28T10:35:00,2100-12-31T00:00:00,2100-12-01T00:00:00,0,0,710007001,0,0,0,0,0
14612,7203410,7212337,1,0,3115608,0,0,0,0,0,0,4028,213,0,0,0,0,0,0,1,0,0,0,2026-08-28T10:35:00,2100-12-31T00:00:00,2100-12-01T00:00:00,0,0,710007001,0,0,0,0,0
14613,7203411,7212338,1,0,3115609,0,0,0,0,0,0,4028,213,0,0,0,0,0,0,1,0,0,0,2026-08-28T10:35:00,2100-12-31T00:00:00,2100-12-01T00:00:00,0,0,710007001,0,0,0,0,0
14614,7203412,7212339,1,0,3115610,0,0,0,0,0,0,4028,213,0,0,0,0,0,0,6,0,0,0,2026-08-28T10:35:00,2100-12-31T00:00:00,2100-12-01T00:00:00,0,0,710007001,0,0,0,0,0
14615,7203413,7212340,1,0,3115611,0,0,0,0,0,0,4028,213,0,0,0,0,0,0,5,0,0,0,2026-08-28T10:35:00,2100-12-31T00:00:00,2100-12-01T00:00:00,0,0,710007001,0,0,0,0,0
14616,7203414,7212341,1,0,3115612,0,0,0,0,0,0,4028,213,0,0,0,0,0,0,1,0,0,0,2026-08-28T10:35:00,2100-12-31T00:00:00,2100-12-01T00:00:00,0,0,710007001,0,0,0,0,0
14617,7203415,7212342,1,0,3115613,0,0,0,0,0,0,4028,213,0,0,0,0,0,0,1,0,0,0,2026-08-28T10:35:00,2100-12-31T00:00:00,2100-12-01T00:00:00,0,0,710007001,0,0,0,0,0
14618,7203416,7212343,1,0,3115614,0,0,0,0,0,0,4028,213,0,0,0,0,0,0,1,0,0,0,2026-08-28T10:35:00,2100-12-31T00:00:00,2100-12-01T00:00:00,0,0,710007001,0,0,0,0,0
14619,7203417,7212344,1,0,3115615,0,0,0,0,0,0,4028,213,0,0,0,0,0,0,1,0,0,0,2026-08-28T10:35:00,2100-12-31T00:00:00,2100-12-01T00:00:00,0,0,710007001,0,0,0,0,0
14620,7203418,7212345,1,0,3115616,0,0,0,0,0,0,4028,213,0,0,0,0,0,0,6,0,0,0,2026-08-28T10:35:00,2100-12-31T00:00:00,2100-12-01T00:00:00,0,0,710007001,0,0,0,0,0
14621,7203419,7212346,1,0,3115617,0,0,0,0,0,0,4028,213,0,0,0,0,0,0,5,0,0,0,2026-08-28T10:35:00,2100-12-31T00:00:00,2100-12-01T00:00:00,0,0,710007001,0,0,0,0,0
14622,7203420,7212347,1,0,3115618,0,0,0,0,0,0,4028,213,0,0,0,0,0,0,1,0,0,0,2026-08-28T10:35:00,2100-12-31T00:00:00,2100-12-01T00:00:00,0,0,710007001,0,0,0,0,0
14623,7203421,7212348,1,0,3115619,0,0,0,0,0,0,4028,213,0,0,0,0,0,0,1,0,0,0,2026-08-28T10:35:00,2100-12-31T00:00:00,2100-12-01T00:00:00,0,0,710007001,0,0,0,0,0
14624,7203422,7212349,1,0,3115620,0,0,0,0,0,0,4028,213,0,0,0,0,0,0,1,0,0,0,2026-08-28T10:35:00,2100-12-31T00:00:00,2100-12-01T00:00:00,0,0,710007001,0,0,0,0,0
14625,7203423,7212350,1,0,3115621,0,0,0,0,0,0,4028,213,0,0,0,0,0,0,1,0,0,0,2026-08-28T10:35:00,2100-12-31T00:00:00,2100-12-01T00:00:00,0,0,710007001,0,0,0,0,0
14626,7203424,7212351,1,0,3115622,0,0,0,0,0,0,4028,213,0,0,0,0,0,0,6,0,0,0,2026-08-28T10:35:00,2100-12-31T00:00:00,2100-12-01T00:00:00,0,0,710007001,0,0,0,0,0
14627,7203425,7212352,1,0,3115623,0,0,0,0,0,0,4028,213,0,0,0,0,0,0,5,0,0,0,2026-08-28T10:35:00,2100-12-31T00:00:00,2100-12-01T00:00:00,0,0,710007001,0,0,0,0,0
14628,7203426,7212353,1,0,3115624,0,0,0,0,0,0,4028,213,0,0,0,0,0,0,1,0,0,0,2026-08-28T10:35:00,2100-12-31T00:00:00,2100-12-01T00:00:00,0,0,710007001,0,0,0,0,0
14629,7203427,7212354,1,0,3115625,0,0,0,0,0,0,4028,213,0,0,0,0,0,0,1,0,0,0,2026-08-28T10:35:00,2100-12-31T00:00:00,2100-12-01T00:00:00,0,0,710007001,0,0,0,0,0
14630,7203428,7212355,1,0,3115626,0,0,0,0,0,0,4028,213,0,0,0,0,0,0,1,0,0,0,2026-08-28T10:35:00,2100-12-31T00:00:00,2100-12-01T00:00:00,0,0,710007001,0,0,0,0,0
14631,7203429,7212356,1,0,3115627,0,0,0,0,0,0,4028,213,0,0,0,0,0,0,1,0,0,0,2026-08-28T10:35:00,2100-12-31T00:00:00,2100-12-01T00:00:00,0,0,710007001,0,0,0,0,0
14632,7203430,7212357,1,0,3115628,0,0,0,0,0,0,4028,213,0,0,0,0,0,0,6,0,0,0,2026-08-28T10:35:00,2100-12-31T00:00:00,2100-12-01T00:00:00,0,0,710007001,0,0,0,0,0
14633,7203431,7212358,1,0,3115629,0,0,0,0,0,0,4028,213,0,0,0,0,0,0,5,0,0,0,2026-08-28T10:35:00,2100-12-31T00:00:00,2100-12-01T00:00:00,0,0,710007001,0,0,0,0,0
14634,7203432,7212359,1,0,3115630,0,0,0,0,0,0,4028,213,0,0,0,0,0,0,1,0,0,0,2026-08-28T10:35:00,2100-12-31T00:00:00,2100-12-01T00:00:00,0,0,710007001,0,0,0,0,0
14635,7203433,7212360,1,0,3115631,0,0,0,0,0,0,4028,213,0,0,0,0,0,0,1,0,0,0,2026-08-28T10:35:00,2100-12-31T00:00:00,2100-12-01T00:00:00,0,0,710007001,0,0,0,0,0
14636,7203434,7212361,1,0,3115632,0,0,0,0,0,0,4028,213,0,0,0,0,0,0,1,0,0,0,2026-08-28T10:35:00,2100-12-31T00:00:00,2100-12-01T00:00:00,0,0,710007001,0,0,0,0,0
14637,7203435,7212362,1,0,3115633,0,0,0,0,0,0,4028,213,0,0,0,0,0,0,1,0,0,0,2026-08-28T10:35:00,2100-12-31T00:00:00,2100-12-01T00:00:00,0,0,710007001,0,0,0,0,0
14638,7203436,7212363,1,0,3115634,0,0,0,0,0,0,4028,213,0,0,0,0,0,0,6,0,0,0,2026-08-28T10:35:00,2100-12-31T00:00:00,2100-12-01T00:00:00,0,0,710007001,0,0,0,0,0
14639,7203437,7212364,1,0,3115635,0,0,0,0,0,0,4028,213,0,0,0,0,0,0,5,0,0,0,2026-08-28T10:35:00,2100-12-31T00:00:00,2100-12-01T00:00:00,0,0,710007001,0,0,0,0,0
14640,7203438,7212365,1,0,3115636,0,0,0,0,0,0,4028,213,0,0,0,0,0,0,1,0,0,0,2026-08-28T10:35:00,2100-12-31T00:00:00,2100-12-01T00:00:00,0,0,710007001,0,0,0,0,0
14641,7203439,7212366,1,0,3115637,0,0,0,0,0,0,4028,213,0,0,0,0,0,0,1,0,0,0,2026-08-28T10:35:00,2100-12-31T00:00:00,2100-12-01T00:00:00,0,0,710007001,0,0,0,0,0
14642,7203440,7212367,1,0,3115638,0,0,0,0,0,0,4028,213,0,0,0,0,0,0,1,0,0,0,2026-08-28T10:35:00,2100-12-31T00:00:00,2100-12-01T00:00:00,0,0,710007001,0,0,0,0,0
14643,7203441,7212368,1,0,3115639,0,0,0,0,0,0,4028,213,0,0,0,0,0,0,6,0,0,0,2026-08-28T10:35:00,2100-12-31T00:00:00,2100-12-01T00:00:00,0,0,710007001,0,0,0,0,0
14644,7203442,7212369,1,0,3115640,0,0,0,0,0,0,4028,213,0,0,0,0,0,0,5,0,0,0,2026-08-28T10:35:00,2100-12-31T00:00:00,2100-12-01T00:00:00,0,0,710007001,0,0,0,0,0
14645,7203443,7212370,1,0,3115641,0,0,0,0,0,0,4028,213,0,0,0,0,0,0,1,0,0,0,2026-08-28T10:35:00,2100-12-31T00:00:00,2100-12-01T00:00:00,0,0,710007001,0,0,0,0,0
14646,7203444,7212371,1,0,3115642,0,0,0,0,0,0,4028,213,0,0,0,0,0,0,1,0,0,0,2026-08-28T10:35:00,2100-12-31T00:00:00,2100-12-01T00:00:00,0,0,710007001,0,0,0,0,0
14647,7203445,7212372,1,0,3115643,0,0,0,0,0,0,4028,213,0,0,0,0,0,0,1,0,0,0,2026-08-28T10:35:00,2100-12-31T00:00:00,2100-12-01T00:00:00,0,0,710007001,0,0,0,0,0
14648,7203446,7212373,1,0,3115644,0,0,0,0,0,0,4028,213,0,0,0,0,0,0,1,0,0,0,2026-08-28T10:35:00,2100-12-31T00:00:00,2100-12-01T00:00:00,0,0,710007001,0,0,0,0,0
14649,7203447,7212374,1,0,3115645,0,0,0,0,0,0,4028,213,0,0,0,0,0,0,5,0,0,0,2026-08-28T10:35:00,2100-12-31T00:00:00,2100-12-01T00:00:00,0,0,710007001,0,0,0,0,0
14650,7203448,7212375,1,0,3115646,0,0,0,0,0,0,4028,213,0,0,0,0,0,0,1,0,0,0,2026-08-28T10:35:00,2100-12-31T00:00:00,2100-12-01T00:00:00,0,0,710007001,0,0,0,0,0
15000,7200367,7210353,1,0,3111001,0,0,0,0,0,0,1016,1,0,0,0,3,0,0,3,0,0,0,2022-04-28T10:35:00,2100-12-31T00:00:00,2100-12-01T00:00:00,0,0,710000039,0,0,0,0,0
15001,7200113,7210354,1,0,3111002,0,0,0,0,0,0,1016,22,0,0,0,3,0,0,5,0,0,0,2022-04-28T10:35:00,2100-12-31T00:00:00,2100-12-01T00:00:00,0,0,710000010,0,0,0,0,0
15002,7200114,7210354,1,0,3111003,0,0,0,0,0,0,1016,23,0,0,0,3,0,0,1,0,0,0,2022-04-28T10:35:00,2100-12-31T00:00:00,2100-12-01T00:00:00,0,0,710000011,0,0,0,0,0
15003,7200128,7210355,1,0,3111004,0,0,0,0,0,0,1016,24,0,0,0,3,0,0,30,0,0,0,2022-04-28T10:35:00,2100-12-31T00:00:00,2100-12-01T00:00:00,0,0,710000015,0,0,0,0,0
15004,7200129,7210356,1,0,3111005,0,0,0,0,0,0,1016,25,0,0,0,3,0,0,30,0,0,0,2022-04-28T10:35:00,2100-12-31T00:00:00,2100-12-01T00:00:00,0,0,710000016,0,0,0,0,0
15005,7200130,7210357,1,0,3111006,0,0,0,0,0,0,1016,26,0,0,0,3,0,0,30,0,0,0,2022-04-28T10:35:00,2100-12-31T00:00:00,2100-12-01T00:00:00,0,0,710000017,0,0,0,0,0
15006,7200368,7210358,1,0,3111007,0,0,0,0,0,0,1016,27,0,0,0,3,0,0,3,0,0,0,2022-04-28T10:35:00,2100-12-31T00:00:00,2100-12-01T00:00:00,0,0,710000018,0,0,0,0,0
15007,7200369,7210359,1,0,3111008,0,0,0,0,0,0,1016,28,0,0,0,3,0,0,3,0,0,0,2022-04-28T10:35:00,2100-12-31T00:00:00,2100-12-01T00:00:00,0,0,710000019,0,0,0,0,0
15008,7200370,7210360,1,0,3111009,0,0,0,0,0,0,1016,29,0,0,0,3,0,0,3,0,0,0,2022-04-28T10:35:00,2100-12-31T00:00:00,2100-12-01T00:00:00,0,0,710000020,0,0,0,0,0
15009,7200482,7210445,1,0,3111010,0,0,0,0,0,0,1016,2,0,0,0,3,0,0,3,0,0,0,2022-06-23T10:35:00,2100-12-31T00:00:00,2100-12-01T00:00:00,0,0,710000039,0,0,0,0,0
15010,7200818,7210667,1,0,3111011,0,0,0,0,0,0,1016,3,0,0,0,3,0,0,3,0,0,0,2022-11-22T10:35:00,2100-12-31T00:00:00,2100-12-01T00:00:00,0,0,710000039,0,0,0,0,0
15011,7201073,7210843,1,0,3111012,0,0,0,0,0,0,1016,4,0,0,0,3,0,0,3,0,0,0,2023-03-16T10:35:00,2100-12-31T00:00:00,2100-12-01T00:00:00,0,0,710000039,0,0,0,0,0
15012,7201343,7211018,1,0,3111013,0,0,0,0,0,0,1016,5,0,0,0,3,0,0,3,0,0,0,2023-08-10T10:35:00,2100-12-31T00:00:00,2100-12-01T00:00:00,0,0,710000039,0,0,0,0,0
15013,7201549,7211166,1,0,3111014,0,0,0,0,0,0,1016,5,0,0,0,3,0,0,3,0,0,0,2023-11-16T10:35:00,2100-12-31T00:00:00,2100-12-01T00:00:00,0,0,710000039,0,0,0,0,0
15014,7201772,7211310,1,0,3111015,0,0,0,0,0,0,1016,6,0,0,0,3,0,0,3,0,0,0,2024-03-16T10:35:00,2100-12-31T00:00:00,2100-12-01T00:00:00,0,0,710000039,0,0,0,0,0
15015,7202005,7211444,1,0,3111016,0,0,0,0,0,0,1016,8,0,0,0,3,0,0,30,0,0,0,2024-08-06T10:35:00,2100-12-31T00:00:00,2100-12-31T00:00:00,0,0,710000207,0,0,0,0,0
15016,7202176,7211520,1,0,3111017,0,0,0,0,0,0,1016,9,0,0,0,3,0,0,30,0,0,0,2024-11-07T10:35:00,2100-12-31T00:00:00,2100-12-01T00:00:00,0,0,710000207,0,0,0,0,0
15017,7202204,7211544,1,0,3111018,0,0,0,0,0,0,1016,10,0,0,0,3,0,0,30,0,0,0,2024-11-29T10:35:00,2100-12-31T00:00:00,2100-12-01T00:00:00,0,0,710000207,0,0,0,0,0
15018,7202430,7211675,1,0,3111019,0,0,0,0,0,0,1016,11,0,0,0,3,0,0,30,0,0,0,2025-03-28T10:35:00,2100-12-31T00:00:00,2100-12-01T00:00:00,0,0,710000207,0,0,0,0,0
15019,7202548,7211742,1,0,3111020,0,0,0,0,0,0,1016,12,0,0,0,3,0,0,30,0,0,0,2025-05-30T10:35:00,2100-12-31T00:00:00,2100-12-01T00:00:00,0,0,710000207,0,0,0,0,0
15020,7202619,7211768,1,0,3111021,0,0,0,0,0,0,1016,13,0,0,0,3,0,0,30,0,0,0,2025-07-11T10:35:00,2100-12-31T00:00:00,2100-12-01T00:00:00,0,0,710000207,0,0,0,0,0
15021,7202742,7211825,1,0,3111022,0,0,0,0,0,0,1016,14,0,0,0,3,0,0,30,0,0,0,2025-09-26T10:35:00,2100-12-31T00:00:00,2100-12-01T00:00:00,0,0,710000207,0,0,0,0,0
15022,7202843,7211894,1,0,3111023,0,0,0,0,0,0,1016,7,0,0,0,3,0,0,3,0,0,0,2025-11-28T10:35:00,2100-12-31T00:00:00,2100-12-01T00:00:00,0,0,710000039,0,0,0,0,0
15023,7202882,7211918,1,0,3111024,0,0,0,0,0,0,1016,17,0,0,0,3,0,0,30,0,0,0,2025-12-29T10:35:00,2100-12-31T00:00:00,2100-12-01T00:00:00,0,0,710000678,0,0,0,0,0
15024,7202924,7211944,1,0,3111025,0,0,0,0,0,0,1016,7,0,0,0,3,0,0,3,0,0,0,2026-01-27T10:35:00,2100-12-31T00:00:00,2100-12-01T00:00:00,0,0,710000039,0,0,0,0,0
15025,7202998,7211986,1,0,3111026,0,0,0,0,0,0,1016,18,0,0,0,3,0,0,30,0,0,0,2026-03-27T10:35:00,2100-12-31T00:00:00,2100-12-01T00:00:00,0,0,710000678,0,0,0,0,0
15026,7203059,7212035,1,0,3111027,0,0,0,0,0,0,1016,19,0,0,0,3,0,0,30,0,0,0,2026-04-24T10:35:00,2100-12-31T00:00:00,2100-12-01T00:00:00,0,0,710000678,0,0,0,0,0
15027,7203083,7212064,1,0,3111028,0,0,0,0,0,0,1016,20,0,0,0,3,0,0,30,0,0,0,2026-05-15T10:35:00,2100-12-31T00:00:00,2100-12-01T00:00:00,0,0,710000678,0,0,0,0,0
15028,7203136,7212095,1,0,3111029,0,0,0,0,0,0,1016,15,0,0,0,3,0,0,30,0,0,0,2026-06-16T10:35:00,2100-12-31T00:00:00,2100-12-01T00:00:00,0,0,710000207,0,0,0,0,0
15029,7203152,7212109,1,0,3111030,0,0,0,0,0,0,1016,21,0,0,0,3,0,0,30,0,0,0,2026-07-14T10:35:00,2100-12-31T00:00:00,2100-12-01T00:00:00,0,0,710000678,0,0,0,0,0
15030,7203194,7212128,1,0,3111031,0,0,0,0,0,0,1016,16,0,0,0,3,0,0,30,0,0,0,2026-08-06T10:35:00,2100-12-31T00:00:00,2100-12-01T00:00:00,0,0,710000207,0,0,0,0,0
16000,7203200,7212061,1,crow16000,3118690,0,0,0,0,0,0,1023,6,0,0,0,0,0,0,2,0,0,0,2026-08-06T10:35:00,2026-08-13T10:29:59,2100-12-01T00:00:00,0,0,800011727,0,0,0,0,0
16001,7203201,7212005,1,crow16001,3118691,0,0,0,0,0,0,1023,7,0,0,0,0,0,0,2,0,0,0,2026-08-06T10:35:00,2026-08-13T10:29:59,2100-12-01T00:00:00,0,0,800012051,0,0,0,0,0
16002,7203202,7212063,1,crow16002,3118692,0,0,0,0,0,0,1023,8,0,0,0,0,0,0,3,0,0,0,2026-08-06T10:35:00,2026-08-13T10:29:59,2100-12-01T00:00:00,0,0,800011546,0,0,0,0,0
16003,7203203,7212076,1,crow16003,3118693,0,0,0,0,0,0,1023,9,0,0,0,0,0,0,3,0,0,0,2026-08-06T10:35:00,2026-08-13T10:29:59,2100-12-01T00:00:00,0,0,800012400,0,0,0,0,0
16004,7203204,7211998,1,crow16004,3118694,0,0,0,0,0,0,1023,10,0,0,0,0,0,0,2,0,0,0,2026-08-06T10:35:00,2026-08-13T10:29:59,2100-12-01T00:00:00,0,0,800011762,0,0,0,0,0
16005,7202173,7211656,1,crow16005,3118018,0,0,0,0,0,0,1023,11,0,0,0,0,0,0,1,0,0,0,2026-08-06T10:35:00,2026-08-13T10:29:59,2100-12-01T00:00:00,0,0,800010584,0,0,0,0,0
16006,7202174,7211242,1,crow16006,3117802,0,0,0,0,0,0,1023,12,0,0,0,2,0,0,3,0,0,0,2026-08-06T10:35:00,2026-08-13T10:29:59,2100-12-01T00:00:00,0,0,800010146,0,0,0,0,0
16007,7202767,7211841,1,crow16007,3118349,0,0,0,0,0,0,1023,13,0,0,0,0,0,0,2,0,0,0,2026-08-06T10:35:00,2026-08-13T10:29:59,2100-12-01T00:00:00,0,0,800012595,0,0,0,0,0
16008,7203207,7212131,1,crow16008,3118699,0,0,0,0,0,0,1025,108,0,0,0,0,0,0,1,0,0,0,2026-08-06T10:35:00,2026-08-28T10:29:59,2100-12-01T00:00:00,760,0,800012983,0,0,0,0,0
16009,7203208,7212135,1,0,3118700,0,0,0,0,0,0,1023,1,0,0,0,0,0,0,5,0,0,0,2026-08-28T10:35:00,2026-09-28T10:29:59,2100-12-01T00:00:00,0,0,800012984,0,0,0,0,0
16010,7203209,7212136,1,0,3118701,0,0,0,0,0,0,1023,2,0,0,0,0,0,0,5,0,0,0,2026-08-28T10:35:00,2026-09-28T10:29:59,2100-12-01T00:00:00,0,0,800012985,0,0,0,0,0
16011,7203210,7212137,1,0,3118702,0,0,0,0,0,0,1023,3,0,0,0,0,0,0,1,0,0,0,2026-08-28T10:35:00,2026-09-28T10:29:59,2100-12-01T00:00:00,0,0,800012986,0,0,0,0,0
16012,7203211,7212138,1,0,3118703,0,0,0,0,0,0,1023,4,0,0,0,0,0,0,5,0,0,0,2026-08-28T10:35:00,2026-09-28T10:29:59,2100-12-01T00:00:00,0,0,800012987,0,0,0,0,0
16013,7203212,7212139,1,0,3118704,0,0,0,0,0,0,1023,5,0,0,0,0,0,0,5,0,0,0,2026-08-28T10:35:00,2026-09-28T10:29:59,2100-12-01T00:00:00,0,0,800012988,0,0,0,0,0
16014,7203213,7212140,1,0,3118705,0,0,0,0,0,0,1023,6,0,0,0,0,0,0,5,0,0,0,2026-08-28T10:35:00,2026-09-28T10:29:59,2100-12-01T00:00:00,0,0,800012989,0,0,0,0,0
19001,7202565,7211716,1,crow19001,3119002,0,0,0,0,0,0,6000,1,0,0,0,0,0,0,0,0,0,0,2025-05-01T10:35:00,2100-12-31T00:00:00,2100-12-01T00:00:00,0,0,790000001,0,0,0,0,0
19002,7202566,7211717,1,crow19002,3119003,0,0,0,0,0,0,6000,1,0,0,0,0,0,0,0,0,0,0,2025-05-01T10:35:00,2100-12-31T00:00:00,2100-12-01T00:00:00,0,0,790000001,0,0,0,0,0
19003,7202567,7211718,1,crow19003,3119004,0,0,0,0,0,0,6000,1,0,0,0,0,0,0,0,0,0,0,2025-05-01T10:35:00,2100-12-31T00:00:00,2100-12-01T00:00:00,0,0,790000001,0,0,0,0,0
19004,7202517,7211719,1,crow19004,0,0,0,0,0,0,0,6000,1,0,0,0,0,0,0,1,0,0,0,2025-05-01T10:35:00,2100-12-31T00:00:00,2100-12-01T00:00:00,0,0,790000001,0,0,0,0,0
19005,7202518,7210990,1,crow19005,0,0,0,0,0,0,0,6000,1,0,0,0,0,0,0,1,0,0,0,2025-05-01T10:35:00,2100-12-31T00:00:00,2100-12-01T00:00:00,0,0,790000001,0,0,0,0,0
19006,7202519,7211722,1,crow19006,0,0,0,0,0,0,0,6000,1,0,0,0,0,0,0,1,0,0,0,2025-05-01T10:35:00,2100-12-31T00:00:00,2100-12-01T00:00:00,0,0,790000001,0,0,0,0,0
19007,7202520,7211720,1,crow19007,3119005,0,0,0,0,0,0,6000,1,0,0,0,0,0,0,2,0,0,0,2025-05-01T10:35:00,2100-12-31T00:00:00,2100-12-01T00:00:00,0,0,790000001,0,0,0,0,0
19008,7202521,7211721,1,crow19008,3119006,0,0,0,0,0,0,6000,1,0,0,0,0,0,0,1,0,0,0,2025-05-01T10:35:00,2100-12-31T00:00:00,2100-12-01T00:00:00,0,0,790000001,0,0,0,0,0
19010,7202674,7211719,1,crow19010,0,0,0,0,0,0,0,6000,1,0,0,0,0,0,0,1,0,0,0,2025-08-07T10:35:00,2100-12-31T00:00:00,2100-12-01T00:00:00,0,0,790000001,0,0,0,0,0
19011,7202675,7210990,1,crow19011,0,0,0,0,0,0,0,6000,1,0,0,0,0,0,0,1,0,0,0,2025-08-07T10:35:00,2100-12-31T00:00:00,2100-12-01T00:00:00,0,0,790000001,0,0,0,0,0
19012,7202676,7211722,1,crow19012,0,0,0,0,0,0,0,6000,1,0,0,0,0,0,0,1,0,0,0,2025-08-07T10:35:00,2100-12-31T00:00:00,2100-12-01T00:00:00,0,0,790000001,0,0,0,0,0
19013,7202677,7211720,1,crow19013,3119008,0,0,0,0,0,0,6000,1,0,0,0,0,0,0,2,0,0,0,2025-08-07T10:35:00,2100-12-31T00:00:00,2100-12-01T00:00:00,0,0,790000001,0,0,0,0,0
19014,7202678,7211797,1,crow19014,3119009,0,0,0,0,0,0,6000,1,0,0,0,0,0,0,1,0,0,0,2025-08-07T10:35:00,2100-12-31T00:00:00,2100-12-01T00:00:00,0,0,790000001,0,0,0,0,0
19017,7202806,7211719,1,crow19017,0,0,0,0,0,0,0,6000,1,0,0,0,0,0,0,1,0,0,0,2025-11-10T10:35:00,2025-11-28T10:29:59,2100-12-01T00:00:00,0,0,790000001,0,0,0,0,0
19018,7202807,7210990,1,crow19018,0,0,0,0,0,0,0,6000,1,0,0,0,0,0,0,1,0,0,0,2025-11-10T10:35:00,2025-11-28T10:29:59,2100-12-01T00:00:00,0,0,790000001,0,0,0,0,0
19019,7202808,7211722,1,crow19019,0,0,0,0,0,0,0,6000,1,0,0,0,0,0,0,1,0,0,0,2025-11-10T10:35:00,2025-11-28T10:29:59,2100-12-01T00:00:00,0,0,790000001,0,0,0,0,0
19020,7202809,7211871,1,crow19020,3119012,0,0,0,0,0,0,6000,1,0,0,0,0,0,0,1,0,0,0,2025-11-10T10:35:00,2025-11-28T10:29:59,2100-12-01T00:00:00,0,0,790000001,0,0,0,0,0
19021,7202810,7211872,1,crow19021,3119013,0,0,0,0,0,0,6000,1,0,0,0,0,0,0,1,0,0,0,2025-11-10T10:35:00,2025-11-28T10:29:59,2100-12-01T00:00:00,0,0,790000001,0,0,0,0,0
19022,7202811,7211873,1,crow19022,3119014,0,0,0,0,0,0,6000,1,0,0,0,0,0,0,1,0,0,0,2025-11-10T10:35:00,2025-11-28T10:29:59,2100-12-01T00:00:00,0,0,790000001,0,0,0,0,0
19023,7202517,7211719,1,crow19023,0,0,0,0,0,0,0,6000,1,0,0,0,0,0,0,1,0,0,0,2025-12-29T10:35:00,2100-12-31T00:00:00,2100-12-01T00:00:00,0,0,790000001,0,0,0,0,0
19024,7202518,7210990,1,crow19024,0,0,0,0,0,0,0,6000,1,0,0,0,0,0,0,1,0,0,0,2025-12-29T10:35:00,2100-12-31T00:00:00,2100-12-01T00:00:00,0,0,790000001,0,0,0,0,0
19025,7202519,7211722,1,crow19025,0,0,0,0,0,0,0,6000,1,0,0,0,0,0,0,1,0,0,0,2025-12-29T10:35:00,2100-12-31T00:00:00,2100-12-01T00:00:00,0,0,790000001,0,0,0,0,0
19026,7202520,7211720,1,crow19026,3119005,0,0,0,0,0,0,6000,1,0,0,0,0,0,0,2,0,0,0,2025-12-29T10:35:00,2100-12-31T00:00:00,2100-12-01T00:00:00,0,0,790000001,0,0,0,0,0
19027,7202521,7211721,1,crow19027,3119006,0,0,0,0,0,0,6000,1,0,0,0,0,0,0,1,0,0,0,2025-12-29T10:35:00,2100-12-31T00:00:00,2100-12-01T00:00:00,0,0,790000001,0,0,0,0,0
19028,7202886,7211919,1,crow19028,3119015,0,0,0,0,0,0,6000,1,0,0,0,0,0,0,1,0,0,0,2026-01-09T06:00:00,2026-03-13T10:29:59,2100-12-01T00:00:00,0,0,790000001,0,0,0,0,0
19029,7202899,7211928,1,crow19029,3119016,0,0,0,0,0,0,6000,1,0,0,0,0,0,0,1,0,0,0,2026-01-13T10:35:00,2026-02-17T10:29:59,2100-12-01T00:00:00,0,0,790000001,0,0,0,0,0
19030,7202900,7211929,1,crow19030,3119017,0,0,0,0,0,0,6000,1,0,0,0,0,0,0,1,0,0,0,2026-01-20T10:35:00,2026-02-17T10:29:59,2100-12-01T00:00:00,0,0,790000001,0,0,0,0,0
19031,7202901,7211930,1,crow19031,3119018,0,0,0,0,0,0,6000,1,0,0,0,0,0,0,1,0,0,0,2026-01-27T10:35:00,2026-02-17T10:29:59,2100-12-01T00:00:00,0,0,790000001,0,0,0,0,0
19032,7202902,7211931,1,crow19032,3119019,0,0,0,0,0,0,6000,1,0,0,0,0,0,0,1,0,0,0,2026-02-03T10:35:00,2026-02-17T10:29:59,2100-12-01T00:00:00,0,0,790000001,0,0,0,0,0
19033,7202946,7211873,1,crow19033,3119020,0,0,0,0,0,0,6000,1,0,0,0,0,0,0,1,0,0,0,2026-02-10T10:35:00,2026-02-27T10:29:59,2100-12-01T00:00:00,0,0,790000001,0,0,0,0,0
19034,7202948,7211719,1,crow19034,0,0,0,0,0,0,0,6000,1,0,0,0,0,0,0,1,0,0,0,2026-02-10T10:35:00,2026-02-27T10:29:59,2100-12-01T00:00:00,0,0,790000001,0,0,0,0,0
19035,7202949,7210990,1,crow19035,0,0,0,0,0,0,0,6000,1,0,0,0,0,0,0,1,0,0,0,2026-02-10T10:35:00,2026-02-27T10:29:59,2100-12-01T00:00:00,0,0,790000001,0,0,0,0,0
19036,7202950,7211722,1,crow19036,0,0,0,0,0,0,0,6000,1,0,0,0,0,0,0,1,0,0,0,2026-02-10T10:35:00,2026-02-27T10:29:59,2100-12-01T00:00:00,0,0,790000001,0,0,0,0,0
19037,7202951,7211871,1,crow19037,3119021,0,0,0,0,0,0,6000,1,0,0,0,0,0,0,1,0,0,0,2026-02-10T10:35:00,2026-02-27T10:29:59,2100-12-01T00:00:00,0,0,790000001,0,0,0,0,0
19038,7202952,7211872,1,crow19038,3119022,0,0,0,0,0,0,6000,1,0,0,0,0,0,0,1,0,0,0,2026-02-10T10:35:00,2026-02-27T10:29:59,2100-12-01T00:00:00,0,0,790000001,0,0,0,0,0
19039,7203017,7211999,1,crow19039,3119023,0,0,0,0,0,0,6000,1,0,0,0,0,0,0,1,0,0,0,2026-05-01T10:35:00,2026-05-15T10:29:59,2100-12-01T00:00:00,0,0,790000001,0,0,0,0,0
19040,7203018,7212000,1,crow19040,3119024,0,0,0,0,0,0,6000,1,0,0,0,0,0,0,1,0,0,0,2026-05-01T10:35:00,2026-05-15T10:29:59,2100-12-01T00:00:00,0,0,790000001,0,0,0,0,0
19041,7203053,7211873,1,crow19041,3119025,0,0,0,0,0,0,6000,1,0,0,0,0,0,0,1,0,0,0,2026-04-24T10:35:00,2026-05-15T10:29:59,2100-12-01T00:00:00,0,0,790000001,0,0,0,0,0
19042,7203054,7211719,1,crow19042,0,0,0,0,0,0,0,6000,1,0,0,0,0,0,0,1,0,0,0,2026-04-24T10:35:00,2026-05-15T10:29:59,2100-12-01T00:00:00,0,0,790000001,0,0,0,0,0
19043,7203055,7210990,1,crow19043,0,0,0,0,0,0,0,6000,1,0,0,0,0,0,0,1,0,0,0,2026-04-24T10:35:00,2026-05-15T10:29:59,2100-12-01T00:00:00,0,0,790000001,0,0,0,0,0
19044,7203056,7211722,1,crow19044,0,0,0,0,0,0,0,6000,1,0,0,0,0,0,0,1,0,0,0,2026-04-24T10:35:00,2026-05-15T10:29:59,2100-12-01T00:00:00,0,0,790000001,0,0,0,0,0
19045,7203057,7212033,1,crow19045,3119026,0,0,0,0,0,0,6000,1,0,0,0,0,0,0,1,0,0,0,2026-04-24T10:35:00,2026-05-15T10:29:59,2100-12-01T00:00:00,0,0,790000001,0,0,0,0,0
19046,7203058,7212034,1,crow19046,3119027,0,0,0,0,0,0,6000,1,0,0,0,0,0,0,1,0,0,0,2026-04-24T10:35:00,2026-05-15T10:29:59,2100-12-01T00:00:00,0,0,790000001,0,0,0,0,0
19047,7203018,7212000,1,crow19047,3119024,0,0,0,0,0,0,6000,1,0,0,0,0,0,0,1,0,0,0,2026-05-01T10:35:00,2026-05-15T10:29:59,2100-12-01T00:00:00,0,0,790000001,0,0,0,0,0
19048,7203167,7212114,1,crow19048,3119028,0,0,0,0,0,0,6000,1,0,0,0,0,0,0,1,0,0,0,2026-07-14T10:35:00,2026-08-05T10:29:59,2100-12-01T00:00:00,0,0,790000001,0,0,0,0,0
19049,7203168,7211719,1,crow19049,0,0,0,0,0,0,0,6000,1,0,0,0,0,0,0,1,0,0,0,2026-07-14T10:35:00,2026-08-05T10:29:59,2100-12-01T00:00:00,0,0,790000001,0,0,0,0,0
19050,7203169,7210990,1,crow19050,0,0,0,0,0,0,0,6000,1,0,0,0,0,0,0,1,0,0,0,2026-07-14T10:35:00,2026-08-05T10:29:59,2100-12-01T00:00:00,0,0,790000001,0,0,0,0,0
19051,7203170,7211722,1,crow19051,0,0,0,0,0,0,0,6000,1,0,0,0,0,0,0,1,0,0,0,2026-07-14T10:35:00,2026-08-05T10:29:59,2100-12-01T00:00:00,0,0,790000001,0,0,0,0,0
19052,7203171,7211871,1,crow19052,3119029,0,0,0,0,0,0,6000,1,0,0,0,0,0,0,1,0,0,0,2026-07-14T10:35:00,2026-08-05T10:29:59,2100-12-01T00:00:00,0,0,790000001,0,0,0,0,0
19053,7203172,7211872,1,crow19053,3119030,0,0,0,0,0,0,6000,1,0,0,0,0,0,0,1,0,0,0,2026-07-14T10:35:00,2026-08-05T10:29:59,2100-12-01T00:00:00,0,0,790000001,0,0,0,0,0
40001,7200009,7210117,4,0,3201001,0,0,0,0,0,0,2010,2,4,1,0,1,0,0,10,0,0,0,2023-11-30T10:35:00,2100-12-31T00:00:00,2100-12-01T00:00:00,0,0,712000015,0,0,0,0,0
40002,7200081,7210118,4,0,3201002,0,0,0,0,0,0,2010,5,4,5,0,1,0,0,1,0,0,0,2023-11-30T10:35:00,2100-12-31T00:00:00,2100-12-01T00:00:00,0,0,712000020,0,0,0,0,0
40003,7200082,7210119,4,0,3201003,0,0,0,0,0,0,2010,2,4,1,0,1,0,0,1,0,0,0,2018-01-01T00:00:00,2100-12-31T00:00:00,2100-12-01T00:00:00,0,0,712000023,0,0,0,0,0
40004,7200083,7210120,4,0,3201004,0,0,0,0,0,0,2010,4,4,4,0,1,0,0,1,0,0,0,2018-01-01T00:00:00,2100-12-31T00:00:00,2100-12-01T00:00:00,0,0,711000057,0,0,0,0,0
40005,7200084,7210121,4,0,3201005,0,0,0,0,0,0,2010,6,4,6,0,2,0,0,1,0,0,0,2018-01-01T00:00:00,2100-12-31T00:00:00,2100-12-01T00:00:00,0,0,711000061,0,0,0,0,0
40006,7200085,7210122,4,0,3201006,0,0,0,0,0,0,2010,7,4,7,0,1,0,0,2,0,0,0,2018-01-01T00:00:00,2100-12-31T00:00:00,2100-12-01T00:00:00,0,0,710000022,0,0,0,0,0
40007,7200086,7210123,4,0,3201007,0,0,0,0,0,0,2010,8,4,8,0,2,0,0,3,0,0,0,2018-01-01T00:00:00,2100-12-31T00:00:00,2100-12-01T00:00:00,0,0,711000059,0,0,0,0,0
40008,7200087,7210124,4,0,3201008,0,0,0,0,0,0,2010,9,4,9,0,3,0,0,3,0,0,0,2018-01-01T00:00:00,2100-12-31T00:00:00,2100-12-01T00:00:00,0,0,710000023,0,0,0,0,0
40009,7200088,7210125,4,0,3201009,0,0,0,0,0,0,2010,10,4,10,0,3,0,0,3,0,0,0,2018-01-01T00:00:00,2100-12-31T00:00:00,2100-12-01T00:00:00,0,0,711000024,0,0,0,0,0
40011,7200383,7210373,4,0,3201010,0,0,0,0,0,0,2010,3,4,3,0,1,0,0,1,0,0,0,2018-01-01T00:00:00,2100-12-31T00:00:00,2100-12-01T00:00:00,0,0,711000089,0,0,0,0,0
40014,7200195,7210186,4,crow40014,3102035,3102036,0,0,0,0,0,1023,110,0,0,0,0,0,0,1,0,0,0,2018-01-01T00:00:00,2022-02-25T10:59:59,2100-12-01T00:00:00,0,0,800040014,0,0,0,0,0
40015,7200248,7210239,4,crow40015,3102052,3102053,0,0,0,0,0,1023,150,0,0,0,0,0,0,1,0,0,0,2022-02-25T08:10:00,2022-03-11T23:59:59,2100-12-01T00:00:00,0,0,800040014,0,0,0,0,0
40016,7200275,7210266,4,crow10104,3102067,3102068,0,0,0,0,0,1023,95,0,0,0,0,0,0,1,0,0,0,2022-03-10T10:35:00,2022-03-30T23:59:59,2100-12-01T00:00:00,0,0,800040016,0,0,0,0,0
40018,7200295,7210288,4,crow40018,3102087,3102088,0,0,0,0,0,1023,78,0,0,0,0,0,0,1,0,0,0,2022-03-25T10:35:00,2022-04-15T23:59:59,2100-12-01T00:00:00,0,0,800040018,0,0,0,0,0
40019,7200296,7210289,4,crow40019,3102089,3102090,0,0,0,0,0,1023,81,0,0,0,0,0,0,1,0,0,0,2022-03-25T10:35:00,2022-04-15T23:59:59,2100-12-01T00:00:00,0,0,800040019,0,0,0,0,0
40020,7200328,7210288,4,crow40020,3102115,3102116,0,0,0,0,0,1023,25,0,0,0,0,0,0,1,0,0,0,2022-04-15T10:35:00,2022-05-06T23:59:59,2100-12-01T00:00:00,0,0,800040018,0,0,0,0,0
40021,7200366,7210352,4,crow40021,3102147,3102148,0,0,0,0,0,1023,41,0,0,0,0,0,0,1,0,0,0,2022-05-12T10:35:00,2022-06-01T23:59:59,2100-12-01T00:00:00,0,0,800040021,0,0,0,0,0
40022,7200408,7210352,4,crow40022,3102173,3102174,0,0,0,0,0,1023,28,0,0,0,0,0,0,1,0,0,0,2022-05-25T10:35:00,2022-06-12T10:29:59,2100-12-01T00:00:00,0,0,800040021,0,0,0,0,0
40023,7200445,7210422,4,crow40023,3102199,3102200,0,0,0,0,0,1023,15,0,0,0,0,0,0,1,0,0,0,2022-06-11T10:30:00,2022-06-16T22:00:00,2100-12-01T00:00:00,0,0,800040021,0,0,0,0,0
40024,7200446,7210423,4,crow40024,3102201,3102202,0,0,0,0,0,1023,33,0,0,0,0,0,0,1,0,0,0,2022-06-11T10:30:00,2022-06-22T23:59:59,2100-12-01T00:00:00,0,0,800040024,0,0,0,0,0
40025,7200544,7210499,4,crow40025,3102278,3102279,0,0,0,0,0,1033,7,0,0,0,0,0,0,1,0,0,0,2022-07-22T10:35:00,2022-08-11T10:29:59,2100-12-01T00:00:00,0,0,800010307,0,0,0,0,0
40026,7200520,7210469,4,0,3112024,0,0,0,0,0,0,2017,8,0,0,0,2,0,0,5,0,0,0,2022-08-18T10:35:00,2100-12-31T00:00:00,2100-12-01T00:00:00,0,0,711000056,0,0,0,0,0
40027,7200086,7210470,4,0,3112025,0,0,0,0,0,0,2017,8,0,0,0,2,0,0,10,0,0,0,2022-08-18T10:35:00,2100-12-31T00:00:00,2100-12-01T00:00:00,0,0,711000059,0,0,0,0,0
40028,7200521,7210471,4,0,3112026,0,0,0,0,0,0,2017,8,0,0,0,2,0,0,3,0,0,0,2022-08-18T10:35:00,2100-12-31T00:00:00,2100-12-01T00:00:00,0,0,710000007,0,0,0,0,0
40029,7200522,7210472,4,0,3112027,0,0,0,0,0,0,2017,8,0,0,0,2,0,0,3,0,0,0,2022-08-18T10:35:00,2100-12-31T00:00:00,2100-12-01T00:00:00,0,0,710000008,0,0,0,0,0
40030,7200523,7210473,4,0,3112028,0,0,0,0,0,0,2017,8,0,0,0,2,0,0,3,0,0,0,2022-08-18T10:35:00,2100-12-31T00:00:00,2100-12-01T00:00:00,0,0,711000024,0,0,0,0,0
40031,7200524,7210474,4,0,3112029,0,0,0,0,0,0,2017,8,0,0,0,2,0,0,5,0,0,0,2022-08-18T10:35:00,2100-12-31T00:00:00,2100-12-01T00:00:00,0,0,710000141,0,0,0,0,0
40032,7200525,7210475,4,0,3204017,0,0,0,0,0,0,2014,8,21,1,0,1,0,0,1,0,0,0,2022-08-18T10:35:00,2100-12-31T00:00:00,2100-12-01T00:00:00,0,0,710000024,0,0,0,0,0
40033,7200125,7210476,4,0,3204018,0,0,0,0,0,0,2014,8,21,1,0,2,0,0,3,0,0,0,2022-08-18T10:35:00,2100-12-31T00:00:00,2100-12-01T00:00:00,0,0,710000005,0,0,0,0,0
40034,7200126,7210477,4,0,3204019,0,0,0,0,0,0,2014,8,21,1,0,2,0,0,3,0,0,0,2022-08-18T10:35:00,2100-12-31T00:00:00,2100-12-01T00:00:00,0,0,710000006,0,0,0,0,0
40035,7200127,7210478,4,0,3204020,0,0,0,0,0,0,2014,8,21,1,0,2,0,0,3,0,0,0,2022-08-18T10:35:00,2100-12-31T00:00:00,2100-12-01T00:00:00,0,0,710000013,0,0,0,0,0
40036,7200526,7210479,4,0,3204021,0,0,0,0,0,0,2014,8,21,2,0,1,0,0,1,0,0,0,2022-08-18T10:35:00,2100-12-31T00:00:00,2100-12-01T00:00:00,0,0,710000025,0,0,0,0,0
40037,7200527,7210480,4,0,3204022,0,0,0,0,0,0,2014,8,21,2,0,2,1,0,3,0,0,0,2022-08-18T10:35:00,2100-12-31T00:00:00,2100-12-01T00:00:00,0,0,711000060,0,0,0,0,0
40038,7200113,7210481,4,0,3204023,0,0,0,0,0,0,2014,8,21,2,0,2,1,0,5,0,0,0,2022-08-18T10:35:00,2100-12-31T00:00:00,2100-12-01T00:00:00,0,0,710000010,0,0,0,0,0
40039,7200114,7210482,4,0,3204024,0,0,0,0,0,0,2014,8,21,2,0,2,1,0,1,0,0,0,2022-08-18T10:35:00,2100-12-31T00:00:00,2100-12-01T00:00:00,0,0,710000011,0,0,0,0,0
40040,7200118,7210483,4,0,3204025,0,0,0,0,0,0,2014,8,21,2,0,2,1,0,1,0,0,0,2022-08-18T10:35:00,2100-12-31T00:00:00,2100-12-01T00:00:00,0,0,710000021,0,0,0,0,0
40041,7200528,7210484,4,0,3204026,0,0,0,0,0,0,2014,8,21,3,0,2,1,0,1,0,0,0,2022-08-18T10:35:00,2100-12-31T00:00:00,2100-12-01T00:00:00,0,0,711000100,0,0,0,0,0
40042,7200578,7210352,4,crow40042,3102311,3102312,0,0,0,0,0,1034,8,0,0,0,0,0,0,1,0,0,0,2022-08-11T10:35:00,2022-08-31T23:59:59,2100-12-01T00:00:00,0,0,800040026,0,0,0,0,0
40043,7200579,7210525,4,crow40043,3102313,3102314,0,0,0,0,0,1034,9,0,0,0,0,0,0,1,0,0,0,2022-08-11T10:35:00,2022-08-31T23:59:59,2100-12-01T00:00:00,0,0,800040027,0,0,0,0,0
40044,7200660,7210576,4,crow40044,3102373,3102374,0,0,0,0,0,1023,17,0,0,0,0,0,0,1,0,0,0,2022-09-10T10:35:00,2022-09-15T22:00:00,2100-12-01T00:00:00,0,0,800040021,0,0,0,0,0
40045,7200661,7210525,4,crow40045,3102375,3102376,0,0,0,0,0,1023,29,0,0,0,0,0,0,1,0,0,0,2022-09-10T10:35:00,2022-09-23T10:29:59,2100-12-01T00:00:00,0,0,800040024,0,0,0,0,0
40046,7200738,7210616,4,crow40046,3102444,3102445,0,0,0,0,0,1023,39,0,0,0,0,0,0,1,0,0,0,2022-10-24T10:35:00,2022-11-13T10:29:59,2100-12-01T00:00:00,0,0,800040046,0,0,0,0,0
40047,7200662,7210578,4,0,3201011,0,0,0,0,0,0,2010,2,4,2,0,3,0,0,3,0,0,0,2022-10-24T10:35:00,2100-12-31T00:00:00,2100-12-01T00:00:00,0,0,710000151,0,0,0,0,0
40048,7200663,7210579,4,0,3201012,0,0,0,0,0,0,2010,3,4,3,0,3,0,0,3,0,0,0,2022-10-24T10:35:00,2100-12-31T00:00:00,2100-12-01T00:00:00,0,0,710000151,0,0,0,0,0
40049,7200775,7210639,4,crow40049,3102471,3102472,0,0,0,0,0,1023,56,0,0,0,0,0,0,1,0,0,0,2022-11-08T10:35:00,2022-12-12T10:29:59,2100-12-01T00:00:00,0,0,800040046,0,0,0,0,0
40050,7200817,7210666,4,crow40050,3102509,3102510,0,0,0,0,0,1023,38,0,0,0,0,0,0,1,0,0,0,2022-11-22T10:35:00,2022-12-12T10:29:59,2100-12-01T00:00:00,0,0,800040050,0,0,0,0,0
40051,7200854,7210699,4,crow40051,3102532,3102533,0,0,0,0,0,1023,19,0,0,0,0,0,0,1,0,0,0,2022-12-07T10:35:00,2022-12-14T22:00:00,2100-12-01T00:00:00,0,0,800040050,0,0,0,0,0
40052,7200855,7210700,4,crow40052,3102534,3102535,0,0,0,0,0,1023,32,0,0,0,0,0,0,1,0,0,0,2022-12-07T10:35:00,2022-12-25T10:29:59,2100-12-01T00:00:00,0,0,800040052,0,0,0,0,0
40053,7200877,7210666,4,crow40053,3102559,3102560,0,0,0,0,0,1023,40,0,0,0,0,0,0,1,0,0,0,2022-12-23T10:35:00,2023-01-12T10:29:59,2100-12-01T00:00:00,0,0,800040050,0,0,0,0,0
40054,7200946,7210758,4,crow40054,3102621,3102622,0,0,0,0,0,1023,42,0,0,0,0,0,0,1,0,0,0,2023-01-24T10:35:00,2023-02-10T10:29:59,2100-12-01T00:00:00,0,0,800040046,0,0,0,0,0
40055,7200947,7210757,4,0,3201013,0,0,0,0,0,0,2010,4,4,4,0,3,0,0,3,0,0,0,2023-01-10T10:35:00,2100-12-31T00:00:00,2100-12-01T00:00:00,0,0,710000151,0,0,0,0,0
40056,7200445,7210803,4,crow40056,3102687,3102688,0,0,0,0,0,1023,16,0,0,0,0,0,0,1,0,0,0,2023-02-17T10:35:00,2023-02-24T22:00:00,2100-12-01T00:00:00,0,0,800040050,0,0,0,0,0
40057,7200446,7210804,4,crow40057,3102689,3102690,0,0,0,0,0,1023,47,0,0,0,0,0,0,1,0,0,0,2023-02-17T10:35:00,2023-03-09T10:29:59,2100-12-01T00:00:00,0,0,800010707,0,0,0,0,0
40058,7201072,7210842,4,crow40058,3102743,3102744,0,0,0,0,0,1023,56,0,0,0,0,0,0,1,0,0,0,2023-03-16T10:35:00,2023-04-06T10:29:59,2100-12-01T00:00:00,0,0,800040058,0,0,0,0,0
40059,7201119,7210758,4,crow40059,3102790,3102791,0,0,0,0,0,1023,38,0,0,0,0,0,0,1,0,0,0,2023-04-07T10:35:00,2023-04-27T10:29:59,2100-12-01T00:00:00,0,0,800040046,0,0,0,0,0
40060,7201134,7210878,4,0,3201014,0,0,0,0,0,0,2010,5,4,4,0,3,0,0,3,0,0,0,2023-04-20T10:35:00,2100-12-31T00:00:00,2100-12-01T00:00:00,0,0,710000151,0,0,0,0,0
40061,7201176,7210908,4,0,3201015,0,0,0,0,0,0,2010,1,0,0,0,1,0,0,3,0,0,0,2023-05-13T10:35:00,2023-05-13T17:00:00,2100-12-01T00:00:00,0,0,710000306,0,0,0,0,0
40062,7200660,7210916,4,crow40062,3102874,3102875,0,0,0,0,0,1023,13,0,0,0,0,0,0,1,0,0,0,2023-05-19T10:35:00,2023-05-26T22:00:00,2100-12-01T00:00:00,0,0,800040050,0,0,0,0,0
40063,7200661,7210917,4,crow40063,3102876,3102877,0,0,0,0,0,1023,44,0,0,0,0,0,0,1,0,0,0,2023-05-19T10:35:00,2023-06-08T10:29:59,2100-12-01T00:00:00,0,0,800010707,0,0,0,0,0
40064,7201230,7210943,4,crow40064,3102914,3102915,0,0,0,0,0,1023,40,0,0,0,0,0,0,1,0,0,0,2023-06-07T10:35:00,2023-06-27T10:29:59,2100-12-01T00:00:00,0,0,800040050,0,0,0,0,0
40065,7201281,7210842,4,crow40065,3102964,3102965,0,0,0,0,0,1023,38,0,0,0,0,0,0,1,0,0,0,2023-07-07T10:35:00,2023-07-27T10:29:59,2100-12-01T00:00:00,0,0,800040058,0,0,0,0,0
40067,7200854,7211045,4,crow40067,3117065,3117066,0,0,0,0,0,1023,24,0,0,0,0,0,0,1,0,0,0,2023-08-24T10:35:00,2023-08-30T22:00:00,2100-12-01T00:00:00,0,0,800040050,0,0,0,0,0
40068,7200661,7211046,4,crow40068,3117067,3117068,0,0,0,0,0,1023,35,0,0,0,0,0,0,1,0,0,0,2023-08-24T10:35:00,2023-09-13T10:29:59,2100-12-01T00:00:00,0,0,800040052,0,0,0,0,0
40069,7201425,7211072,4,0,3201017,0,0,0,0,0,0,2010,6,4,4,0,3,0,0,3,0,0,0,2023-09-15T10:35:00,2100-12-31T00:00:00,2100-12-01T00:00:00,0,0,710000151,0,0,0,0,0
40070,7201451,7210943,4,crow40070,3117128,3117129,0,0,0,0,0,1023,49,0,0,0,0,0,0,1,0,0,0,2023-10-06T10:35:00,2023-10-26T10:29:59,2100-12-01T00:00:00,0,0,800040050,0,0,0,0,0
40071,7201483,7211103,4,0,3117166,3117167,0,0,0,0,0,1023,1,0,0,0,1,0,0,1,1,0,0,2023-10-24T10:35:00,2023-10-31T23:59:59,2100-12-01T00:00:00,0,0,800040071,0,0,0,0,0
40072,7201484,7211104,4,crow40072,3117168,3117169,0,0,0,0,0,1023,17,0,0,0,0,0,0,1,0,0,0,2023-10-24T10:35:00,2023-11-13T10:29:59,2100-12-01T00:00:00,0,0,800040072,0,0,0,0,0
40073,7201485,7211105,4,crow40073,3117170,3117171,0,0,0,0,0,1023,18,0,0,0,0,0,0,1,0,0,0,2023-10-24T10:35:00,2023-11-13T10:29:59,2100-12-01T00:00:00,0,0,800040073,0,0,0,0,0
40074,7200445,7211169,4,crow40074,3117231,3117232,0,0,0,0,0,1023,20,0,0,0,0,0,0,1,0,0,0,2023-11-23T10:35:00,2023-11-29T22:00:00,2100-12-01T00:00:00,0,0,800040050,0,0,0,0,0
40075,7200661,7211170,4,crow40075,3117233,3117234,0,0,0,0,0,1023,31,0,0,0,0,0,0,1,0,0,0,2023-11-23T10:35:00,2023-12-13T10:29:59,2100-12-01T00:00:00,0,0,800040075,0,0,0,0,0
40076,7201602,7211205,4,0,3117284,3117285,0,0,0,0,0,1023,1,0,0,0,1,0,0,1,1,0,0,2023-12-15T10:35:00,2023-12-25T23:59:59,2100-12-01T00:00:00,0,0,800040076,0,0,0,0,0
40077,7201603,7211206,4,0,3201018,0,0,0,0,0,0,2010,7,4,4,0,3,0,0,3,0,0,0,2023-12-15T10:35:00,2100-12-31T00:00:00,2100-12-01T00:00:00,0,0,710000151,0,0,0,0,0
40078,7201072,7211243,4,crow40078,3117337,3117338,0,0,0,0,0,1023,34,0,0,0,0,0,0,1,0,0,0,2024-01-12T10:35:00,2024-02-01T10:29:59,2100-12-01T00:00:00,0,0,800040058,0,0,0,0,0
40079,7200295,7211282,4,crow40079,3117399,3117400,0,0,0,0,0,1023,29,0,0,0,0,0,0,1,0,0,0,2024-02-22T10:35:00,2024-02-28T22:00:00,2100-12-01T00:00:00,0,0,800040050,0,0,0,0,0
40080,7200661,7211283,4,crow40080,3117402,3117403,0,0,0,0,0,1023,38,0,0,0,0,0,0,1,0,0,0,2024-02-22T10:35:00,2024-03-13T10:29:59,2100-12-01T00:00:00,0,0,800040075,0,0,0,0,0
40081,7201756,7211303,4,0,3117423,3117424,0,0,0,0,0,1023,1,0,0,0,1,0,0,1,1,0,0,2024-03-08T10:35:00,2024-03-15T10:29:59,2100-12-01T00:00:00,0,0,800040081,0,0,0,0,0
40082,7201757,7211304,4,crow40082,3117425,3117426,0,0,0,0,0,1023,2,0,0,0,0,0,0,1,0,0,0,2024-03-08T10:35:00,2024-03-15T10:29:59,2100-12-01T00:00:00,0,0,800040082,0,0,0,0,0
40083,7201758,7211305,4,crow40083,3117427,3117428,0,0,0,0,0,1023,3,0,0,0,0,0,0,1,0,0,0,2024-03-08T10:35:00,2024-03-15T10:29:59,2100-12-01T00:00:00,0,0,800040083,0,0,0,0,0
40084,7201824,7211340,4,0,3201019,0,0,0,0,0,0,2010,8,4,4,0,3,0,0,3,0,0,0,2024-04-12T10:35:00,2100-12-31T00:00:00,2100-12-01T00:00:00,0,0,710000151,0,0,0,0,0
40085,7200660,7211377,4,crow40085,3117538,3117539,0,0,0,0,0,1023,14,0,0,0,0,0,0,1,0,0,0,2024-05-23T10:35:00,2024-05-29T22:00:00,2100-12-01T00:00:00,0,0,800040050,0,0,0,0,0
40086,7200661,7211378,4,crow40086,3117540,3117541,0,0,0,0,0,1023,21,0,0,0,0,0,0,1,0,0,0,2024-05-23T10:35:00,2024-06-12T10:29:59,2100-12-01T00:00:00,0,0,800040075,0,0,0,0,0
40087,7200660,7211454,4,crow40087,3117672,3117673,0,0,0,0,0,1023,16,0,0,0,0,0,0,1,0,0,0,2024-08-22T10:35:00,2024-08-28T22:00:00,2100-12-01T00:00:00,0,0,800040050,0,0,0,0,0
40088,7200661,7211452,4,crow40088,3117674,3117675,0,0,0,0,0,1023,26,0,0,0,0,0,0,1,0,0,0,2024-08-22T10:35:00,2024-09-11T10:29:59,2100-12-01T00:00:00,0,0,800040075,0,0,0,0,0
40089,7200660,7211535,4,crow40089,3117830,3117831,0,0,0,0,0,1023,1,0,0,0,0,0,0,1,0,0,0,2024-11-21T10:35:00,2024-11-27T22:00:00,2100-12-01T00:00:00,0,0,800040050,0,0,0,0,0
40090,7200661,7211534,4,crow40090,3117832,3117833,0,0,0,0,0,1023,22,0,0,0,0,0,0,1,0,0,0,2024-11-21T10:35:00,2024-12-11T10:29:59,2100-12-01T00:00:00,0,0,800040075,0,0,0,0,0
40091,7201602,7211559,4,0,3117869,3117870,0,0,0,0,0,1023,1,0,0,0,1,0,0,1,1,0,0,2024-12-16T10:35:00,2024-12-27T23:59:59,2100-12-01T00:00:00,0,0,800040076,0,0,0,0,0
40092,7200660,7211629,4,crow40092,3117987,3117988,0,0,0,0,0,1023,18,0,0,0,0,0,0,1,0,0,0,2025-02-18T10:35:00,2025-02-26T22:00:00,2100-12-01T00:00:00,0,0,800040050,0,0,0,0,0
40093,7200661,7211630,4,crow40093,3117989,3117990,0,0,0,0,0,1023,26,0,0,0,0,0,0,1,0,0,0,2025-02-18T10:35:00,2025-03-10T10:29:59,2100-12-01T00:00:00,0,0,800040075,0,0,0,0,0
40094,7200660,7211713,4,crow40094,3118135,3118136,0,0,0,0,0,1023,15,0,0,0,0,0,0,1,0,0,0,2025-05-22T10:35:00,2025-05-28T22:00:00,2100-12-01T00:00:00,0,0,800040050,0,0,0,0,0
40095,7200661,7211714,4,crow40095,3118137,3118138,0,0,0,0,0,1023,26,0,0,0,0,0,0,1,0,0,0,2025-05-22T10:35:00,2025-06-11T10:29:59,2100-12-01T00:00:00,0,0,800040075,0,0,0,0,0
40096,7202568,7211751,4,0,3112030,0,0,0,0,0,0,2017,1,0,0,0,2,0,0,2,0,0,0,2025-06-13T10:35:00,2100-12-31T00:00:00,2100-12-01T00:00:00,0,0,711000168,0,0,0,0,0
40097,7200295,7211803,4,crow40097,3118287,3118288,0,0,0,0,0,1023,10,0,0,0,0,0,0,1,0,0,0,2025-08-21T10:35:00,2025-08-27T22:00:00,2100-12-01T00:00:00,0,0,800040050,0,0,0,0,0
40098,7200296,7211534,4,crow40098,3117832,3117833,0,0,0,0,0,1023,14,0,0,0,0,0,0,1,0,0,0,2025-08-21T10:35:00,2025-09-10T10:29:59,2100-12-01T00:00:00,0,0,800040075,0,0,0,0,0
40099,7200445,7211877,4,crow40099,3118287,3118393,0,0,0,0,0,1023,11,0,0,0,0,0,0,1,0,0,0,2025-11-18T10:35:00,2025-11-26T22:00:00,2100-12-01T00:00:00,0,0,800040050,0,0,0,0,0
40100,7200296,7211378,4,crow40100,3117540,3117541,0,0,0,0,0,1023,17,0,0,0,0,0,0,1,0,0,0,2025-11-18T10:35:00,2025-12-08T10:29:59,2100-12-01T00:00:00,0,0,800040052,0,0,0,0,0
40101,7201602,7211901,4,0,3118431,3118432,0,0,0,0,0,1023,13,0,0,0,1,0,0,1,1,0,0,2025-12-19T10:35:00,2025-12-29T10:29:59,2100-12-01T00:00:00,0,0,800040076,0,0,0,0,0
40103,7200445,7211967,4,crow40103,3118287,3118511,0,0,0,0,0,1023,10,0,0,0,0,0,0,1,0,0,0,2026-02-17T10:35:00,2026-02-25T22:00:00,2100-12-01T00:00:00,0,0,800040050,0,0,0,0,0
40104,7200296,7211968,4,crow40104,3118512,3117541,0,0,0,0,0,1023,11,0,0,0,0,0,0,1,0,0,0,2026-02-17T10:35:00,2026-03-09T10:29:59,2100-12-01T00:00:00,0,0,800040052,0,0,0,0,0
40105,7200295,7212055,4,crow40105,3118287,3118595,0,0,0,0,0,1023,16,0,0,0,0,0,0,1,0,0,0,2026-05-07T10:35:00,2026-05-13T21:59:59,2100-12-01T00:00:00,0,0,800040050,0,0,0,0,0
40106,7200296,7212056,4,crow40106,3118596,3117541,0,0,0,0,0,1023,17,0,0,0,0,0,0,1,0,0,0,2026-05-07T10:35:00,2026-05-27T10:29:59,2100-12-01T00:00:00,0,0,800040052,0,0,0,0,0
40107,7200295,7212119,4,crow40107,3118287,3118685,0,0,0,0,0,1023,14,0,0,0,0,0,0,1,0,0,0,2026-07-30T10:35:00,2026-08-05T22:00:00,2100-12-01T00:00:00,0,0,800040050,0,0,0,0,0
40108,7200296,7212118,4,crow40108,3118684,3117541,0,0,0,0,0,1023,15,0,0,0,0,0,0,1,0,0,0,2026-07-30T10:35:00,2026-08-12T10:29:59,2100-12-01T00:00:00,0,0,800040052,0,0,0,0,0
50001,7200015,7210126,5,0,3202001,0,0,0,0,0,0,2011,50,0,0,0,1,0,0,3,0,0,0,2018-01-01T00:00:00,2100-12-31T00:00:00,2100-12-01T00:00:00,0,0,800050001,0,0,0,0,0
50002,7200101,7210127,5,0,3202002,0,0,0,0,0,0,2011,50,0,0,0,1,0,0,3,0,0,0,2018-01-01T00:00:00,2100-12-31T00:00:00,2100-12-01T00:00:00,0,0,800050002,0,0,0,0,0
50003,7200102,7210032,5,0,3202003,0,0,0,0,0,0,2011,50,0,0,0,1,0,0,3,0,0,0,2018-01-01T00:00:00,2100-12-31T00:00:00,2100-12-01T00:00:00,0,0,800050003,0,0,0,0,0
50004,7200103,7210033,5,0,3202004,0,0,0,0,0,0,2011,50,0,0,0,1,0,0,3,0,0,0,2018-01-01T00:00:00,2100-12-31T00:00:00,2100-12-01T00:00:00,0,0,800050004,0,0,0,0,0
50005,7200104,7210034,5,0,3202005,0,0,0,0,0,0,2011,50,0,0,0,1,0,0,3,0,0,0,2018-01-01T00:00:00,2100-12-31T00:00:00,2100-12-01T00:00:00,0,0,800050005,0,0,0,0,0
50006,7200105,7210035,5,0,3202006,0,0,0,0,0,0,2011,51,0,0,0,1,0,0,3,0,0,0,2018-01-01T00:00:00,2100-12-31T00:00:00,2100-12-01T00:00:00,0,0,800050006,0,0,0,0,0
50007,7200167,7210066,5,0,3202007,0,0,0,0,0,0,2011,50,0,0,0,1,0,0,3,0,0,0,2018-01-01T00:00:00,2100-12-31T00:00:00,2100-12-01T00:00:00,0,0,800050007,0,0,0,0,0
50008,7200966,7210768,5,0,3102646,0,0,0,0,0,0,2011,1,0,0,0,0,0,0,5,0,0,0,2023-01-31T10:35:00,2023-02-20T10:29:59,2100-12-01T00:00:00,0,0,800050008,0,0,0,0,0
50009,7200967,7210769,5,0,3102647,0,0,0,0,0,0,2011,1,0,0,0,0,0,0,3,0,0,0,2023-01-31T10:35:00,2023-02-20T10:29:59,2100-12-01T00:00:00,0,0,800050009,0,0,0,0,0
50010,7200968,7210770,5,0,3102648,0,0,0,0,0,0,2011,1,0,0,0,0,0,0,3,0,0,0,2023-01-31T10:35:00,2023-02-20T10:29:59,2100-12-01T00:00:00,0,0,800050010,0,0,0,0,0
70001,7200164,7210063,7,0,3205001,0,0,0,0,0,0,2013,1,0,0,0,1,1,0,1,0,0,0,2018-01-01T00:00:00,2100-12-31T00:00:00,2100-12-01T00:00:00,0,0,710000028,0,0,0,0,0
70002,7200165,7210064,7,0,3205003,0,0,0,0,0,0,2013,2,20,3,0,1,1,0,1,0,0,0,2018-01-01T00:00:00,2100-12-31T00:00:00,2100-12-01T00:00:00,0,0,710000026,0,0,0,0,0
70003,7200166,7210065,7,0,3205002,0,0,0,0,0,0,2013,3,20,5,0,1,1,0,1,0,0,0,2018-01-01T00:00:00,2100-12-31T00:00:00,2100-12-01T00:00:00,0,0,710000027,0,0,0,0,0
110001,7200001,7210002,11,crow110001_1,3101001,0,0,0,0,0,0,1001,253,0,0,0,0,0,0,0,0,0,0,2020-01-28T10:10:00,2100-12-31T00:00:00,2026-08-29T12:29:59,0,0,801110001,0,1,0,0,0
110002,7200002,7210003,11,crow110002_1,3101005,0,0,0,0,0,0,1001,254,0,0,0,0,0,0,0,0,0,0,2020-01-28T10:10:00,2100-12-31T00:00:00,2026-08-29T12:29:59,0,0,801110002,0,1,0,0,0
110003,7200068,7210005,11,crow110003,3101011,0,0,0,0,0,0,1001,253,0,0,0,0,0,0,0,0,0,0,2020-01-28T10:10:00,2022-02-03T00:00:00,2100-12-01T00:00:00,0,0,801190001,0,1,0,0,0
110004,7200279,7210270,11,crow110004_1,3101015,0,0,0,0,0,0,1001,69,0,0,0,0,0,0,0,0,0,0,2022-03-10T10:35:00,2100-12-31T00:00:00,2026-08-29T12:29:59,0,0,801110004,0,0,0,0,0
110005,7200280,7210271,11,crow110005_1,3101019,0,0,0,0,0,0,1001,72,0,0,0,0,0,0,0,0,0,0,2022-03-10T10:35:00,2100-12-31T00:00:00,2026-08-29T12:29:59,0,0,801110005,0,0,0,0,0
110006,7201305,7210989,11,crow110006,3101023,0,0,0,0,0,0,1001,68,0,0,0,0,0,0,0,0,0,0,2023-07-21T10:35:00,2100-12-31T00:00:00,2026-08-29T12:29:59,0,0,801110016,0,1,0,0,0
120001,7200007,7210008,12,crow120001_1,3102019,0,0,0,0,0,0,1025,40,0,0,0,0,0,0,0,0,0,0,2018-01-01T00:00:00,2026-09-08T12:30:00,2026-08-28T10:29:59,0,0,800120001,0,0,0,0,0
130001,7200004,7210006,13,crow130001_1,3102001,0,0,0,0,0,0,1029,90,0,0,0,0,0,0,1,0,0,0,2018-01-01T00:00:00,2100-12-31T00:00:00,2026-08-28T10:29:59,0,0,800130001,0,0,0,0,0
130002,7200073,7210012,13,crow130002_1,3102003,0,0,0,0,0,0,1029,90,0,0,0,0,0,0,1,0,0,0,2018-01-01T00:00:00,2100-12-31T00:00:00,2026-08-28T10:29:59,0,0,800130002,0,0,0,0,0
130003,7200074,7210013,13,crow130003_1,3102005,0,0,0,0,0,0,1029,90,0,0,0,0,0,0,1,0,0,0,2018-01-01T00:00:00,2100-12-31T00:00:00,2026-08-28T10:29:59,0,0,800130003,0,0,0,0,0
130004,7200075,7210014,13,crow130004_1,3102007,0,0,0,0,0,0,1029,90,0,0,0,0,0,0,1,0,0,0,2018-01-01T00:00:00,2100-12-31T00:00:00,2026-08-28T10:29:59,0,0,800130004,0,0,0,0,0
130005,7200076,7210015,13,crow130005_1,3102009,0,0,0,0,0,0,1029,90,0,0,0,0,0,0,1,0,0,0,2018-01-01T00:00:00,2100-12-31T00:00:00,2026-08-28T10:29:59,0,0,800130005,0,0,0,0,0
130006,7200077,7210016,13,crow130006_1,3102011,0,0,0,0,0,0,1029,90,0,0,0,0,0,0,1,0,0,0,2018-01-01T00:00:00,2100-12-31T00:00:00,2026-08-28T10:29:59,0,0,800130006,0,0,0,0,0
130007,7200078,7210017,13,crow130007_1,3102013,0,0,0,0,0,0,1029,90,0,0,0,0,0,0,1,0,0,0,2018-01-01T00:00:00,2100-12-31T00:00:00,2026-08-28T10:29:59,0,0,800130007,0,0,0,0,0
130008,7200322,7210314,13,crow130008_1,3102107,0,0,0,0,0,0,1029,90,0,0,0,0,0,0,1,0,0,0,2022-04-08T10:35:00,2100-12-31T00:00:00,2026-08-28T10:29:59,0,0,800130008,0,0,0,0,0
130009,7200323,7210315,13,crow130009_1,3102109,0,0,0,0,0,0,1029,90,0,0,0,0,0,0,1,0,0,0,2022-04-08T10:35:00,2100-12-31T00:00:00,2026-08-28T10:29:59,0,0,800130009,0,0,0,0,0
130010,7200536,7210491,13,crow130010_1,3102268,0,0,0,0,0,0,1029,95,0,0,0,0,0,0,1,0,0,0,2022-07-22T10:35:00,2100-12-31T00:00:00,2026-08-28T10:29:59,0,0,800130010,0,0,0,0,0
130011,7200537,7210492,13,crow130011_1,3102270,0,0,0,0,0,0,1029,95,0,0,0,0,0,0,1,0,0,0,2022-07-22T10:35:00,2100-12-31T00:00:00,2026-08-28T10:29:59,0,0,800130011,0,0,0,0,0
130012,7200879,7210715,13,crow130012,3102564,0,0,0,0,0,0,1029,96,0,0,0,0,0,0,1,0,0,0,2022-12-23T10:35:00,2100-12-31T00:00:00,2026-08-28T10:29:59,0,0,800130012,0,0,0,0,0
130013,7200880,7210716,13,crow130013,3102566,0,0,0,0,0,0,1029,96,0,0,0,0,0,0,1,0,0,0,2022-12-23T10:35:00,2100-12-31T00:00:00,2026-08-28T10:29:59,0,0,800130013,0,0,0,0,0
130014,7201086,7210847,13,crow130014,3102758,0,0,0,0,0,0,1029,97,0,0,0,0,0,0,1,0,0,0,2023-03-24T10:35:00,2100-12-31T00:00:00,2026-08-28T10:29:59,0,0,800130014,0,0,0,0,0
130015,7201087,7210848,13,crow130015,3102760,0,0,0,0,0,0,1029,97,0,0,0,0,0,0,1,0,0,0,2023-03-24T10:35:00,2100-12-31T00:00:00,2026-08-28T10:29:59,0,0,800130015,0,0,0,0,0
130016,7201282,7210977,13,crow130016,3102967,0,0,0,0,0,0,1029,98,0,0,0,0,0,0,1,0,0,0,2023-07-07T10:35:00,2100-12-31T00:00:00,2026-08-28T10:29:59,0,0,800130016,0,0,0,0,0
130017,7201283,7210978,13,crow130017,3102969,0,0,0,0,0,0,1029,98,0,0,0,0,0,0,1,0,0,0,2023-07-07T10:35:00,2100-12-31T00:00:00,2026-08-28T10:29:59,0,0,800130017,0,0,0,0,0
130018,7201454,7211086,13,crow130018,3117130,0,0,0,0,0,0,1029,99,0,0,0,0,0,0,1,0,0,0,2023-10-06T10:35:00,2100-12-31T00:00:00,2026-08-28T10:29:59,0,0,800130018,0,0,0,0,0
130019,7201455,7211087,13,crow130019,3117132,0,0,0,0,0,0,1029,99,0,0,0,0,0,0,1,0,0,0,2023-10-06T10:35:00,2100-12-31T00:00:00,2026-08-28T10:29:59,0,0,800130019,0,0,0,0,0
130020,7201667,7211246,13,crow130020,3117341,0,0,0,0,0,0,1029,100,0,0,0,0,0,0,1,0,0,0,2024-01-12T10:35:00,2100-12-31T00:00:00,2026-08-28T10:29:59,0,0,800130020,0,0,0,0,0
130021,7201668,7211247,13,crow130021,3117343,0,0,0,0,0,0,1029,100,0,0,0,0,0,0,1,0,0,0,2024-01-12T10:35:00,2100-12-31T00:00:00,2026-08-28T10:29:59,0,0,800130021,0,0,0,0,0
130022,7201807,7211330,13,crow130022,3117469,0,0,0,0,0,0,1029,100,0,0,0,0,0,0,1,0,0,0,2024-04-12T10:35:00,2100-12-31T00:00:00,2026-08-28T10:29:59,0,0,800130022,0,0,0,0,0
130023,7201808,7211331,13,crow130023,3117471,0,0,0,0,0,0,1029,100,0,0,0,0,0,0,1,0,0,0,2024-04-12T10:35:00,2100-12-31T00:00:00,2026-08-28T10:29:59,0,0,800130023,0,0,0,0,0
130024,7201962,7211418,13,crow130024,3117613,0,0,0,0,0,0,1029,100,0,0,0,0,0,0,1,0,0,0,2024-07-12T10:35:00,2100-12-31T00:00:00,2026-08-28T10:29:59,0,0,800130024,0,0,0,0,0
130025,7201963,7211419,13,crow130025,3117615,0,0,0,0,0,0,1029,100,0,0,0,0,0,0,1,0,0,0,2024-07-12T10:35:00,2100-12-31T00:00:00,2026-08-28T10:29:59,0,0,800130025,0,0,0,0,0
130026,7202149,7211498,13,crow130026,3117779,0,0,0,0,0,0,1029,101,0,0,0,0,0,0,1,0,0,0,2024-11-07T10:35:00,2100-12-31T00:00:00,2026-08-28T10:29:59,0,0,800130026,0,0,0,0,0
130027,7202150,7211499,13,crow130027,3117781,0,0,0,0,0,0,1029,101,0,0,0,0,0,0,1,0,0,0,2024-11-07T10:35:00,2100-12-31T00:00:00,2026-08-28T10:29:59,0,0,800130027,0,0,0,0,0
130028,7202388,7211650,13,crow130028,3118006,0,0,0,0,0,0,1029,102,0,0,0,0,0,0,1,0,0,0,2025-03-06T10:35:00,2100-12-01T00:00:00,2026-08-28T10:29:59,0,0,800130028,0,0,0,0,0
130029,7202389,7211651,13,crow130029,3118008,0,0,0,0,0,0,1029,102,0,0,0,0,0,0,1,0,0,0,2025-03-06T10:35:00,2100-12-01T00:00:00,2026-08-28T10:29:59,0,0,800130029,0,0,0,0,0
130030,7202640,7211777,13,crow130030,3118242,0,0,0,0,0,0,1029,102,0,0,0,0,0,0,1,0,0,0,2025-07-25T10:35:00,2100-12-01T00:00:00,2026-08-28T10:29:59,0,0,800130030,0,0,0,0,0
130031,7202641,7211778,13,crow130031,3118244,0,0,0,0,0,0,1029,102,0,0,0,0,0,0,1,0,0,0,2025-07-25T10:35:00,2100-12-01T00:00:00,2026-08-28T10:29:59,0,0,800130031,0,0,0,0,0
130032,7202768,7211842,13,crow130032,3118350,0,0,0,0,0,0,1029,102,0,0,0,0,0,0,1,0,0,0,2025-10-23T10:35:00,2100-12-01T00:00:00,2026-08-28T10:29:59,0,0,800130032,0,0,0,0,0
130033,7202769,7211843,13,crow130033,3118352,0,0,0,0,0,0,1029,102,0,0,0,0,0,0,1,0,0,0,2025-10-23T10:35:00,2100-12-01T00:00:00,2026-08-28T10:29:59,0,0,800130033,0,0,0,0,0
130034,7202896,7211924,13,crow130034,3118460,0,0,0,0,0,0,1029,102,0,0,0,0,0,0,1,0,0,0,2026-01-13T10:35:00,2100-12-01T00:00:00,2026-08-28T10:29:59,0,0,800130034,0,0,0,0,0
130035,7202897,7211925,13,crow130035,3118462,0,0,0,0,0,0,1029,102,0,0,0,0,0,0,1,0,0,0,2026-01-13T10:35:00,2100-12-01T00:00:00,2026-08-28T10:29:59,0,0,800130035,0,0,0,0,0
130036,7203031,7212006,13,crow130036,3118554,0,0,0,0,0,0,1029,102,0,0,0,0,0,0,1,0,0,0,2026-04-10T10:35:00,2100-12-01T00:00:00,2026-08-28T10:29:59,0,0,800130036,0,0,0,0,0
130037,7203032,7212007,13,crow130037,3118556,0,0,0,0,0,0,1029,102,0,0,0,0,0,0,1,0,0,0,2026-04-10T10:35:00,2100-12-01T00:00:00,2026-08-28T10:29:59,0,0,800130037,0,0,0,0,0
130038,7203133,7212092,13,crow130038,3118645,0,0,0,0,0,0,1029,102,0,0,0,0,0,0,1,0,0,0,2026-06-29T10:35:00,2100-12-01T00:00:00,2026-08-28T10:29:59,0,0,800130038,0,0,0,0,0
130039,7203134,7212093,13,crow130039,3118647,0,0,0,0,0,0,1029,102,0,0,0,0,0,0,1,0,0,0,2026-06-29T10:35:00,2100-12-01T00:00:00,2026-08-28T10:29:59,0,0,800130039,0,0,0,0,0
130040,7203205,7212129,13,crow130040,3118695,0,0,0,0,0,0,1029,102,0,0,0,0,0,0,1,0,0,0,2026-08-06T10:35:00,2100-12-31T00:00:00,2026-08-28T10:29:59,0,0,800130040,0,0,0,0,0
130041,7203206,7212130,13,crow130041,3118697,0,0,0,0,0,0,1029,102,0,0,0,0,0,0,1,0,0,0,2026-08-06T10:35:00,2100-12-31T00:00:00,2026-08-28T10:29:59,0,0,800130041,0,0,0,0,0
140001,7200005,7210007,14,crow140001_1,3102015,0,0,0,0,0,0,1025,60,0,0,0,0,0,0,1,0,0,0,2018-01-01T00:00:00,2026-09-08T12:30:00,2026-08-28T10:29:59,0,0,800140001,0,0,0,0,0
160000,7201689,7211256,22,0,0,0,0,0,0,0,0,2012,1,0,0,0,0,0,0,0,0,0,0,2018-01-01T00:00:01,2100-12-31T00:00:01,2100-12-01T00:00:00,0,0,730010001,0,0,0,0,0
160001,7200010,7210054,16,0,0,0,0,0,0,0,0,2012,2,0,0,0,0,0,0,0,0,0,0,2018-01-01T00:00:00,2100-12-31T00:00:00,2100-12-01T00:00:00,0,0,730010001,0,0,0,0,0
160002,7200156,7210055,16,0,0,0,0,0,0,0,0,2012,3,0,0,0,0,0,0,0,0,0,0,2018-01-01T00:00:00,2100-12-31T00:00:00,2100-12-01T00:00:00,0,0,730010002,0,0,0,0,0
160003,7200157,7210056,16,0,0,0,0,0,0,0,0,2012,4,0,0,0,0,0,0,0,0,0,0,2018-01-01T00:00:00,2100-12-31T00:00:00,2100-12-01T00:00:00,0,0,730010003,0,0,0,0,0
160004,7200158,7210057,16,0,0,0,0,0,0,0,0,2012,5,0,0,0,0,0,0,0,0,0,0,2018-01-01T00:00:00,2100-12-31T00:00:00,2100-12-01T00:00:00,0,0,730010004,0,0,0,0,0
160005,7200159,7210058,16,0,0,0,0,0,0,0,0,2012,6,0,0,0,0,0,0,0,0,0,0,2018-01-01T00:00:00,2100-12-31T00:00:00,2100-12-01T00:00:00,0,0,730010005,0,0,0,0,0
160006,7200160,7210059,16,0,0,0,0,0,0,0,0,2012,7,0,0,0,0,0,0,0,0,0,0,2018-01-01T00:00:00,2100-12-31T00:00:00,2100-12-01T00:00:00,0,0,730010006,0,0,0,0,0
160007,7200161,7210060,16,0,0,0,0,0,0,0,0,2012,8,0,0,0,0,0,0,0,0,0,0,2018-01-01T00:00:00,2100-12-31T00:00:00,2100-12-01T00:00:00,0,0,730010007,0,0,0,0,0
160008,7200162,7210061,16,0,0,0,0,0,0,0,0,2012,9,0,0,0,0,0,0,0,0,0,0,2018-01-01T00:00:00,2100-12-31T00:00:00,2100-12-01T00:00:00,0,0,730010008,0,0,0,0,0
160009,7200163,7210062,16,0,0,0,0,0,0,0,0,2012,10,0,0,0,0,0,0,0,0,0,0,2018-01-01T00:00:00,2100-12-31T00:00:00,2100-12-01T00:00:00,0,0,730010009,0,0,0,0,0
170001,7200006,7210053,17,crow170001_1,3102017,0,0,0,0,0,0,1025,70,0,0,0,0,0,0,1,0,0,0,2018-01-01T00:00:00,2026-09-08T12:30:00,2026-08-28T10:29:59,0,0,800170001,0,0,0,0,0
190001,7200003,7210004,19,crow190001_1,3101009,0,0,3101010,0,0,0,1001,255,0,0,0,0,0,0,0,0,0,0,2020-01-28T10:10:00,2100-12-31T00:00:00,2026-08-28T10:29:59,0,0,801110003,0,1,0,0,0
200001,7200016,7210276,20,0,0,0,0,0,0,0,0,2015,1,0,0,0,0,0,0,0,0,0,0,2022-03-25T12:00:00,2026-08-05T21:59:59,2100-12-01T00:00:00,0,0,791300006,0,0,0,0,0
200002,7200017,7210277,20,0,0,0,0,0,0,0,0,2015,2,0,0,0,0,0,0,0,0,0,0,2022-03-25T12:00:00,2026-08-05T21:59:59,2100-12-01T00:00:00,0,0,791300007,0,0,0,0,0
200003,7200018,7210278,20,0,0,0,0,0,0,0,0,2015,3,0,0,0,0,0,0,0,0,0,0,2022-03-25T12:00:00,2026-08-05T21:59:59,2100-12-01T00:00:00,0,0,791300008,0,0,0,0,0
200004,7200019,7210278,20,0,0,0,0,0,0,0,0,2015,4,0,0,0,0,0,0,0,0,0,0,2022-03-25T12:00:00,2022-04-01T12:00:00,2100-12-01T00:00:00,0,0,791300009,0,0,0,0,0
200005,7200020,7210279,20,0,0,0,0,0,0,0,0,2015,5,0,0,0,0,2,0,0,0,0,0,2022-03-25T12:00:00,2026-08-05T21:59:59,2100-12-01T00:00:00,0,0,791300010,0,0,0,0,0
200006,7200019,7210278,20,0,0,0,0,0,0,0,0,2015,4,0,0,0,0,0,0,0,0,0,0,2022-06-11T12:00:00,2022-06-23T23:59:59,2100-12-01T00:00:00,0,0,791300009,0,0,0,0,0
200007,7200019,7210278,20,0,0,0,0,0,0,0,0,2015,4,0,0,0,0,0,0,0,0,0,0,2022-09-10T12:00:00,2022-09-15T22:59:59,2100-12-01T00:00:00,0,0,791300009,0,0,0,0,0
200008,7200019,7210278,20,0,0,0,0,0,0,0,0,2015,4,0,0,0,0,0,0,0,0,0,0,2022-12-09T12:00:00,2022-12-19T22:59:59,2100-12-01T00:00:00,0,0,791300009,0,0,0,0,0
200009,7200019,7210278,20,0,0,0,0,0,0,0,0,2015,4,0,0,0,0,0,0,0,0,0,0,2023-02-18T10:30:00,2023-02-24T22:59:59,2100-12-01T00:00:00,0,0,791300009,0,0,0,0,0
200010,7200019,7210278,20,0,0,0,0,0,0,0,0,2015,4,0,0,0,0,0,0,0,0,0,0,2023-05-20T12:00:00,2023-05-26T22:59:59,2100-12-01T00:00:00,0,0,791300009,0,0,0,0,0
200011,7200019,7210278,20,0,0,0,0,0,0,0,0,2015,4,0,0,0,0,0,0,0,0,0,0,2023-08-24T12:00:00,2023-08-30T22:59:59,2100-12-01T00:00:00,0,0,791300009,0,0,0,0,0
200012,7200019,7210278,20,0,0,0,0,0,0,0,0,2015,4,0,0,0,0,0,0,0,0,0,0,2023-11-23T12:00:00,2023-11-29T22:59:59,2100-12-01T00:00:00,0,0,791300009,0,0,0,0,0
200013,7200019,7210278,20,0,0,0,0,0,0,0,0,2015,4,0,0,0,0,0,0,0,0,0,0,2024-02-22T12:00:00,2024-02-28T22:59:59,2100-12-01T00:00:00,0,0,791300009,0,0,0,0,0
200014,7200019,7210278,20,0,0,0,0,0,0,0,0,2015,4,0,0,0,0,0,0,0,0,0,0,2024-05-23T12:00:00,2024-05-29T22:59:59,2100-12-01T00:00:00,0,0,791300009,0,0,0,0,0
200015,7200019,7210278,20,0,0,0,0,0,0,0,0,2015,4,0,0,0,0,0,0,0,0,0,0,2024-08-22T12:00:00,2024-08-28T22:59:59,2100-12-01T00:00:00,0,0,791300009,0,0,0,0,0
200016,7200019,7210278,20,0,0,0,0,0,0,0,0,2015,4,0,0,0,0,0,0,0,0,0,0,2024-11-21T12:00:00,2024-11-27T22:59:59,2100-12-01T00:00:00,0,0,791300009,0,0,0,0,0
200017,7200019,7210278,20,0,0,0,0,0,0,0,0,2015,4,0,0,0,0,0,0,0,0,0,0,2025-02-20T12:00:00,2025-02-26T22:59:59,2100-12-01T00:00:00,0,0,791300009,0,0,0,0,0
200018,7200019,7210278,20,0,0,0,0,0,0,0,0,2015,4,0,0,0,0,0,0,0,0,0,0,2025-05-22T12:00:00,2025-05-28T22:59:59,2100-12-01T00:00:00,0,0,791300009,0,0,0,0,0
200019,7200019,7210278,20,0,0,0,0,0,0,0,0,2015,4,0,0,0,0,0,0,0,0,0,0,2025-08-21T12:00:00,2025-08-27T22:59:59,2100-12-01T00:00:00,0,0,791300009,0,0,0,0,0
200020,7200019,7210278,20,0,0,0,0,0,0,0,0,2015,4,0,0,0,0,0,0,0,0,0,0,2025-11-20T12:00:00,2025-11-26T22:59:59,2100-12-01T00:00:00,0,0,791300009,0,0,0,0,0
200021,7200019,7210278,20,0,0,0,0,0,0,0,0,2015,8,0,0,0,0,0,0,0,0,0,0,2026-02-19T12:00:00,2026-02-25T22:59:59,2100-12-01T00:00:00,0,0,791300009,0,0,0,0,0
200022,7200019,7210278,20,0,0,0,0,0,0,0,0,2015,4,0,0,0,0,0,0,0,0,0,0,2026-05-07T12:00:00,2026-05-13T21:59:59,2100-12-01T00:00:00,0,0,791300009,0,0,0,0,0
200023,7200019,7210278,20,0,0,0,0,0,0,0,0,2015,4,0,0,0,0,0,0,0,0,0,0,2026-07-30T12:00:00,2026-08-05T21:59:59,2100-12-01T00:00:00,0,0,791300009,0,0,0,0,0
210001,7201572,7211182,21,crow210001,3117257,0,0,0,0,0,0,1040,1,0,0,0,0,0,0,1,0,0,0,2023-12-22T10:35:00,2026-08-28T10:29:59,2100-12-01T00:00:00,0,0,800210001,0,0,0,0,0
210002,7201573,7211183,21,crow210002,3117258,0,0,0,0,0,0,1040,2,0,0,0,0,0,0,1,0,0,0,2023-12-22T10:35:00,2026-08-28T10:29:59,2100-12-01T00:00:00,0,0,800210002,0,0,0,0,0
210003,7201574,7211184,21,crow210003,3117259,0,0,0,0,0,0,1040,3,0,0,0,0,0,0,1,0,0,0,2023-12-22T10:35:00,2026-08-28T10:29:59,2100-12-01T00:00:00,0,0,800210003,0,0,0,0,0
210004,7201575,7211185,21,crow210004,3117260,0,0,0,0,0,0,1040,4,0,0,0,0,0,0,1,0,0,0,2023-12-22T10:35:00,2026-08-28T10:29:59,2100-12-01T00:00:00,0,0,800210004,0,0,0,0,0
210005,7201576,7211186,21,crow210005,3117261,0,0,0,0,0,0,1040,5,0,0,0,0,0,0,1,0,0,0,2023-12-22T10:35:00,2026-08-28T10:29:59,2100-12-01T00:00:00,0,0,800210005,0,0,0,0,0
210006,7201577,7211187,21,crow210006,3117262,0,0,0,0,0,0,1040,6,0,0,0,0,0,0,1,0,0,0,2023-12-22T10:35:00,2026-08-28T10:29:59,2100-12-01T00:00:00,0,0,800210006,0,0,0,0,0
210007,7201575,7211185,21,crow210007,3117260,0,0,0,0,0,0,1040,7,0,0,0,0,0,0,1,0,0,0,2023-12-22T10:35:00,2026-08-28T10:29:59,2100-12-01T00:00:00,0,0,800210004,0,0,0,0,0
210008,7201576,7211186,21,crow210008,3117261,0,0,0,0,0,0,1040,8,0,0,0,0,0,0,1,0,0,0,2023-12-22T10:35:00,2026-08-28T10:29:59,2100-12-01T00:00:00,0,0,800210005,0,0,0,0,0
210009,7201577,7211187,21,crow210009,3117262,0,0,0,0,0,0,1040,9,0,0,0,0,0,0,1,0,0,0,2023-12-22T10:35:00,2026-08-28T10:29:59,2100-12-01T00:00:00,0,0,800210006,0,0,0,0,0
210010,7201575,7211185,21,crow210010,3117260,0,0,0,0,0,0,1040,10,0,0,0,0,0,0,1,0,0,0,2023-12-22T10:35:00,2026-08-28T10:29:59,2100-12-01T00:00:00,0,0,800210004,0,0,0,0,0
210011,7201576,7211186,21,crow210011,3117261,0,0,0,0,0,0,1040,11,0,0,0,0,0,0,1,0,0,0,2023-12-22T10:35:00,2026-08-28T10:29:59,2100-12-01T00:00:00,0,0,800210005,0,0,0,0,0
210012,7201577,7211187,21,crow210012,3117262,0,0,0,0,0,0,1040,12,0,0,0,0,0,0,1,0,0,0,2023-12-22T10:35:00,2026-08-28T10:29:59,2100-12-01T00:00:00,0,0,800210006,0,0,0,0,0
210013,7201575,7211185,21,crow210013,3117260,0,0,0,0,0,0,1040,13,0,0,0,0,0,0,1,0,0,0,2023-12-22T10:35:00,2026-08-28T10:29:59,2100-12-01T00:00:00,0,0,800210004,0,0,0,0,0
210014,7201576,7211186,21,crow210014,3117261,0,0,0,0,0,0,1040,14,0,0,0,0,0,0,1,0,0,0,2023-12-22T10:35:00,2026-08-28T10:29:59,2100-12-01T00:00:00,0,0,800210005,0,0,0,0,0
210015,7201577,7211187,21,crow210015,3117262,0,0,0,0,0,0,1040,15,0,0,0,0,0,0,1,0,0,0,2023-12-22T10:35:00,2026-08-28T10:29:59,2100-12-01T00:00:00,0,0,800210006,0,0,0,0,0
210016,7201575,7211185,21,crow210016,3117260,0,0,0,0,0,0,1040,16,0,0,0,0,0,0,1,0,0,0,2023-12-22T10:35:00,2026-08-28T10:29:59,2100-12-01T00:00:00,0,0,800210004,0,0,0,0,0
210017,7201576,7211186,21,crow210017,3117261,0,0,0,0,0,0,1040,17,0,0,0,0,0,0,1,0,0,0,2023-12-22T10:35:00,2026-08-28T10:29:59,2100-12-01T00:00:00,0,0,800210005,0,0,0,0,0
210018,7201577,7211187,21,crow210018,3117262,0,0,0,0,0,0,1040,18,0,0,0,0,0,0,1,0,0,0,2023-12-22T10:35:00,2026-08-28T10:29:59,2100-12-01T00:00:00,0,0,800210006,0,0,0,0,0
210019,7201575,7211185,21,crow210019,3117260,0,0,0,0,0,0,1040,19,0,0,0,0,0,0,1,0,0,0,2023-12-22T10:35:00,2026-08-28T10:29:59,2100-12-01T00:00:00,0,0,800210004,0,0,0,0,0
210020,7201576,7211186,21,crow210020,3117261,0,0,0,0,0,0,1040,20,0,0,0,0,0,0,1,0,0,0,2023-12-22T10:35:00,2026-08-28T10:29:59,2100-12-01T00:00:00,0,0,800210005,0,0,0,0,0
210021,7201577,7211187,21,crow210021,3117262,0,0,0,0,0,0,1040,21,0,0,0,0,0,0,1,0,0,0,2023-12-22T10:35:00,2026-08-28T10:29:59,2100-12-01T00:00:00,0,0,800210006,0,0,0,0,0
210022,7201575,7211185,21,crow210022,3117260,0,0,0,0,0,0,1040,22,0,0,0,0,0,0,1,0,0,0,2024-01-12T10:35:00,2026-08-28T10:29:59,2100-12-01T00:00:00,0,0,800210004,0,0,0,0,0
210023,7201576,7211186,21,crow210023,3117261,0,0,0,0,0,0,1040,23,0,0,0,0,0,0,1,0,0,0,2024-01-12T10:35:00,2026-08-28T10:29:59,2100-12-01T00:00:00,0,0,800210005,0,0,0,0,0
210024,7201577,7211187,21,crow210024,3117262,0,0,0,0,0,0,1040,24,0,0,0,0,0,0,1,0,0,0,2024-01-12T10:35:00,2026-08-28T10:29:59,2100-12-01T00:00:00,0,0,800210006,0,0,0,0,0
210025,7201575,7211185,21,crow210025,3117260,0,0,0,0,0,0,1040,25,0,0,0,0,0,0,1,0,0,0,2024-04-12T10:35:00,2026-08-28T10:29:59,2100-12-01T00:00:00,0,0,800210004,0,0,0,0,0
210026,7201576,7211186,21,crow210026,3117261,0,0,0,0,0,0,1040,26,0,0,0,0,0,0,1,0,0,0,2024-04-12T10:35:00,2026-08-28T10:29:59,2100-12-01T00:00:00,0,0,800210005,0,0,0,0,0
210027,7201577,7211187,21,crow210027,3117262,0,0,0,0,0,0,1040,27,0,0,0,0,0,0,1,0,0,0,2024-04-12T10:35:00,2026-08-28T10:29:59,2100-12-01T00:00:00,0,0,800210006,0,0,0,0,0
210028,7201575,7211185,21,crow210028,3117260,0,0,0,0,0,0,1040,28,0,0,0,0,0,0,1,0,0,0,2024-07-12T10:35:00,2026-08-28T10:29:59,2100-12-01T00:00:00,0,0,800210004,0,0,0,0,0
210029,7201576,7211422,21,crow210029,3117618,0,0,0,0,0,0,1040,29,0,0,0,0,0,0,1,0,0,0,2024-07-12T10:35:00,2026-08-28T10:29:59,2100-12-01T00:00:00,0,0,800210005,0,0,0,0,0
210030,7201577,7211423,21,crow210030,3117619,0,0,0,0,0,0,1040,30,0,0,0,0,0,0,1,0,0,0,2024-07-12T10:35:00,2026-08-28T10:29:59,2100-12-01T00:00:00,0,0,800210006,0,0,0,0,0
210031,7201575,7211501,21,crow210031,3117784,0,0,0,0,0,0,1040,31,0,0,0,0,0,0,1,0,0,0,2024-11-07T10:35:00,2026-08-28T10:29:59,2100-12-01T00:00:00,0,0,800210004,0,0,0,0,0
210032,7201576,7211502,21,crow210032,3117785,0,0,0,0,0,0,1040,32,0,0,0,0,0,0,1,0,0,0,2024-11-07T10:35:00,2026-08-28T10:29:59,2100-12-01T00:00:00,0,0,800210005,0,0,0,0,0
210033,7201577,7211503,21,crow210033,3117786,0,0,0,0,0,0,1040,33,0,0,0,0,0,0,1,0,0,0,2024-11-07T10:35:00,2026-08-28T10:29:59,2100-12-01T00:00:00,0,0,800210006,0,0,0,0,0
210034,7201575,7211653,21,crow210034,3118011,0,0,0,0,0,0,1040,34,0,0,0,0,0,0,1,0,0,0,2025-03-06T10:35:00,2026-08-28T10:29:59,2100-12-01T00:00:00,0,0,800210004,0,0,0,0,0
210035,7201576,7211654,21,crow210035,3118012,0,0,0,0,0,0,1040,35,0,0,0,0,0,0,1,0,0,0,2025-03-06T10:35:00,2026-08-28T10:29:59,2100-12-01T00:00:00,0,0,800210005,0,0,0,0,0
210036,7201577,7211655,21,crow210036,3118013,0,0,0,0,0,0,1040,36,0,0,0,0,0,0,1,0,0,0,2025-03-06T10:35:00,2026-08-28T10:29:59,2100-12-01T00:00:00,0,0,800210006,0,0,0,0,0
210037,7201575,7211774,21,crow210037,3118246,0,0,0,0,0,0,1040,37,0,0,0,0,0,0,1,0,0,0,2025-07-25T10:35:00,2026-08-28T10:29:59,2100-12-01T00:00:00,0,0,800210004,0,0,0,0,0
210038,7201576,7211775,21,crow210038,3118247,0,0,0,0,0,0,1040,38,0,0,0,0,0,0,1,0,0,0,2025-07-25T10:35:00,2026-08-28T10:29:59,2100-12-01T00:00:00,0,0,800210005,0,0,0,0,0
210039,7201577,7211776,21,crow210039,3118248,0,0,0,0,0,0,1040,39,0,0,0,0,0,0,1,0,0,0,2025-07-25T10:35:00,2026-08-28T10:29:59,2100-12-01T00:00:00,0,0,800210006,0,0,0,0,0
210040,7201575,7211774,21,crow210040,3118354,0,0,0,0,0,0,1040,40,0,0,0,0,0,0,1,0,0,0,2025-10-23T10:35:00,2026-08-28T10:29:59,2100-12-01T00:00:00,0,0,800210004,0,0,0,0,0
210041,7201576,7211775,21,crow210041,3118355,0,0,0,0,0,0,1040,41,0,0,0,0,0,0,1,0,0,0,2025-10-23T10:35:00,2026-08-28T10:29:59,2100-12-01T00:00:00,0,0,800210005,0,0,0,0,0
210042,7201577,7211776,21,crow210042,3118356,0,0,0,0,0,0,1040,42,0,0,0,0,0,0,1,0,0,0,2025-10-23T10:35:00,2026-08-28T10:29:59,2100-12-01T00:00:00,0,0,800210006,0,0,0,0,0
210043,7201575,7211774,21,crow210043,3118354,0,0,0,0,0,0,1040,43,0,0,0,0,0,0,1,0,0,0,2026-01-13T10:35:00,2026-08-28T10:29:59,2100-12-01T00:00:00,0,0,800210004,0,0,0,0,0
210044,7201576,7211775,21,crow210044,3118355,0,0,0,0,0,0,1040,44,0,0,0,0,0,0,1,0,0,0,2026-01-13T10:35:00,2026-08-28T10:29:59,2100-12-01T00:00:00,0,0,800210005,0,0,0,0,0
210045,7201577,7211776,21,crow210045,3118356,0,0,0,0,0,0,1040,45,0,0,0,0,0,0,1,0,0,0,2026-01-13T10:35:00,2026-08-28T10:29:59,2100-12-01T00:00:00,0,0,800210006,0,0,0,0,0
210046,7201575,7211774,21,crow210046,3118354,0,0,0,0,0,0,1040,46,0,0,0,0,0,0,1,0,0,0,2026-04-10T10:35:00,2026-08-28T10:29:59,2100-12-01T00:00:00,0,0,800210004,0,0,0,0,0
210047,7201576,7211775,21,crow210047,3118355,0,0,0,0,0,0,1040,47,0,0,0,0,0,0,1,0,0,0,2026-04-10T10:35:00,2026-08-28T10:29:59,2100-12-01T00:00:00,0,0,800210005,0,0,0,0,0
210048,7201577,7211776,21,crow210048,3118356,0,0,0,0,0,0,1040,48,0,0,0,0,0,0,1,0,0,0,2026-04-10T10:35:00,2026-08-28T10:29:59,2100-12-01T00:00:00,0,0,800210006,0,0,0,0,0
210049,7201575,7211774,21,crow210049,3118354,0,0,0,0,0,0,1040,49,0,0,0,0,0,0,1,0,0,0,2026-06-29T10:35:00,2026-08-28T10:29:59,2100-12-01T00:00:00,0,0,800210004,0,0,0,0,0
210050,7201576,7211775,21,crow210050,3118355,0,0,0,0,0,0,1040,50,0,0,0,0,0,0,1,0,0,0,2026-06-29T10:35:00,2026-08-28T10:29:59,2100-12-01T00:00:00,0,0,800210005,0,0,0,0,0
210051,7201577,7211776,21,crow210051_1,3118356,0,0,0,0,0,0,1040,51,0,0,0,0,0,0,1,0,0,0,2026-06-29T10:35:00,2026-08-28T10:29:59,2100-12-01T00:00:00,0,0,800210006,0,0,0,0,0
210052,7201575,7211774,21,crow210052,3118354,0,0,0,0,0,0,1040,52,0,0,0,0,0,0,1,0,0,0,2026-08-06T10:35:00,2026-08-28T10:29:59,2100-12-01T00:00:00,0,0,800210004,0,0,0,0,0
210053,7201576,7211775,21,crow210053,3118355,0,0,0,0,0,0,1040,53,0,0,0,0,0,0,1,0,0,0,2026-08-06T10:35:00,2026-08-28T10:29:59,2100-12-01T00:00:00,0,0,800210005,0,0,0,0,0
210054,7201577,7211776,21,crow210054,3118356,0,0,0,0,0,0,1040,54,0,0,0,0,0,0,1,0,0,0,2026-08-06T10:35:00,2026-08-28T10:29:59,2100-12-01T00:00:00,0,0,800210006,0,0,0,0,0
