id,sub_id,wave_type,weight,boss_start_id,camera_id,bgm_id,enemy_pattern_num,ally_pattern_num,monster_position_z,event_id
1,1,0,100,1,22,0,13,0,0,0
4,1,0,100,1,22,0,0,0,0,0
5,1,0,100,1,22,0,0,0,0,0
6,1,0,100,0,12,0,0,0,0,0
7,1,0,100,0,22,0,0,0,0,0
8,1,0,100,0,22,0,0,0,0,0
9,1,0,100,0,22,0,0,0,0,0
10,1,0,100,0,22,0,0,0,0,0
11,1,0,100,0,22,0,0,0,0,0
12,1,0,100,0,22,0,0,0,0,0
13,1,0,100,1,22,0,0,0,-10,0
14,1,0,100,1,23,0,0,0,-10,0
15,1,0,100,0,22,0,0,0,0,0
16,1,0,100,0,22,0,0,0,0,0
17,1,0,100,0,22,0,0,0,0,0
18,1,0,100,1,23,0,0,0,0,0
19,1,0,100,0,23,0,0,0,0,0
20,1,0,100,0,23,0,0,0,0,0
21,1,0,100,0,23,0,0,0,0,0
22,1,0,100,1,22,0,13,0,0,0
23,1,0,100,1,22,0,13,0,0,0
129,1,0,100,1,0,0,0,0,0,0
130,1,0,500,0,0,0,0,0,0,0
130,2,0,500,0,0,0,0,0,0,0
131,1,0,500,0,0,0,0,0,0,0
132,1,0,500,0,0,0,0,0,0,0
133,1,0,100,1,101,0,33,0,0,0
300,1,0,100,1,0,0,0,0,0,0
301,1,0,100,1,0,0,0,0,0,0
302,1,0,100,1,0,0,0,0,0,0
303,1,0,100,1,0,0,0,0,0,0
304,1,0,100,1,0,0,0,0,0,0
305,1,0,100,1,0,0,0,0,0,0
306,1,0,100,1,0,0,0,0,0,0
307,1,0,100,1,0,0,0,0,0,0
308,1,0,100,1,0,0,0,0,0,0
401,1,0,100,0,22,0,0,0,0,0
402,1,0,100,1,101,0,0,0,0,0
403,1,0,100,1,101,0,0,0,0,0
404,1,0,100,0,12,0,0,0,0,0
405,1,0,100,1,101,0,0,0,0,0
406,1,0,100,1,101,0,0,0,0,0
407,1,0,100,0,101,0,0,0,0,0
408,1,0,100,0,101,0,0,0,0,0
410,1,0,100,2,106,0,33,0,0,0
413,1,0,100,1,101,0,33,0,0,0
414,1,0,100,1,101,0,33,0,0,0
415,1,0,100,0,22,0,33,0,0,0
416,1,0,100,0,22,0,33,0,0,0
417,1,0,100,0,22,0,33,0,0,0
500,1,0,100,1,105,0,0,0,0,0
501,1,0,100,1,104,0,0,0,0,0
502,1,0,100,1,101,0,31,0,0,0
503,1,0,100,1,101,0,21,0,0,0
504,1,0,100,1,101,0,11,0,-10,0
505,1,0,100,1,106,0,11,0,-5,0
506,1,0,100,1,12,0,0,0,0,0
507,1,0,100,1,12,0,0,0,0,0
509,1,0,100,0,116,0,71,0,0,0
510,1,0,100,1,101,0,0,0,0,0
511,1,0,100,1,110,0,0,0,0,0
512,1,0,100,1,101,0,13,0,0,0
513,1,0,100,1,101,0,0,0,0,0
514,1,0,100,1,104,0,0,0,0,0
515,1,0,100,1,106,0,13,0,0,0
516,1,0,100,0,21,0,13,0,0,0
517,1,0,100,1,12,0,13,0,0,0
518,1,0,100,1,12,0,13,0,0,0
519,1,0,100,1,12,0,0,0,0,0
520,1,0,100,1,12,0,0,0,0,0
521,1,0,100,1,12,0,11,0,0,0
522,1,0,100,1,12,0,11,0,0,0
523,1,0,100,1,12,0,11,0,0,0
524,1,0,100,1,12,0,11,0,0,0
525,1,0,100,1,12,0,0,0,0,0
526,1,0,100,1,12,0,33,0,0,0
527,1,0,100,1,12,0,33,0,0,0
528,1,0,100,1,105,0,12,0,0,0
529,1,0,100,1,105,0,12,0,0,0
530,1,0,100,1,104,0,11,0,0,0
531,1,0,100,1,104,0,13,0,0,0
532,1,0,100,1,104,0,13,0,0,0
533,1,0,100,1,104,0,11,0,0,0
534,1,0,100,1,104,0,11,0,0,0
535,1,0,100,1,104,0,11,0,0,0
536,1,0,100,1,104,0,11,0,0,0
537,1,0,100,1,106,0,13,0,0,0
538,1,0,100,1,101,0,11,0,0,0
539,1,0,100,1,101,0,11,0,0,0
540,1,0,100,1,101,0,11,0,0,0
541,1,0,100,1,101,0,0,0,0,0
542,1,0,100,1,101,0,0,0,0,0
543,1,0,100,1,105,0,11,0,0,0
544,1,0,100,1,12,0,0,0,0,0
545,1,0,100,1,101,0,11,0,0,0
546,1,0,100,1,101,0,13,0,15,0
547,1,0,100,1,101,0,0,0,0,0
548,1,0,100,1,106,0,13,0,35,0
549,1,0,100,1,10,0,0,0,0,0
550,1,0,100,1,101,0,0,0,0,0
551,1,0,100,0,20,0,0,0,0,0
552,1,0,100,0,21,0,0,0,0,0
553,1,0,100,0,22,0,0,0,0,0
554,1,0,100,0,23,0,0,0,0,0
555,1,0,100,0,24,0,0,0,0,0
556,1,0,100,0,20,0,0,0,0,0
557,1,0,100,0,20,0,0,0,0,0
558,1,0,100,0,21,0,0,0,0,0
559,1,0,100,0,21,0,0,0,0,0
560,1,0,100,0,22,0,0,0,0,0
561,1,0,100,0,22,0,0,0,0,0
562,1,0,100,1,102,0,0,0,0,0
564,1,0,100,1,102,0,0,0,0,0
565,1,0,100,0,108,0,0,0,0,0
566,1,0,100,1,101,0,0,0,0,0
567,1,0,100,1,101,0,0,0,0,0
568,1,0,100,1,101,0,0,0,0,0
569,1,0,100,1,101,0,0,0,0,0
570,1,0,100,1,101,0,0,0,0,0
701,1,0,100,1,10,0,0,0,0,0
703,1,0,100,1,10,0,0,0,0,0
705,1,0,100,0,21,0,21,0,0,0
706,1,0,100,0,21,0,21,0,0,0
707,1,0,100,1,10,0,31,0,0,0
708,1,0,100,1,10,0,31,0,0,0
709,1,0,100,1,10,0,0,0,0,0
710,1,0,100,1,10,0,0,0,0,0
711,1,0,100,1,10,0,0,0,0,0
712,1,0,100,1,10,0,0,0,0,0
713,1,0,100,1,10,0,0,0,0,0
714,1,0,100,1,10,0,0,0,0,0
715,1,0,100,1,10,0,0,0,0,0
716,1,0,100,1,10,0,0,0,0,0
717,1,0,100,1,10,0,0,0,0,0
718,1,0,100,1,10,0,0,0,0,0
719,1,0,100,1,10,0,0,0,0,0
720,1,0,100,1,10,0,0,0,0,0
721,1,0,100,1,101,0,0,0,0,0
722,1,0,100,1,10,0,0,0,0,0
723,1,0,100,0,10,0,0,0,0,0
724,1,0,100,0,10,0,0,0,0,0
725,1,0,100,0,22,0,0,0,0,0
726,1,0,100,0,23,0,0,0,0,0
727,1,0,100,0,23,0,0,0,0,0
1000,1,0,100,1,102,0,0,0,0,0
1001,1,0,100,1,10,0,0,0,0,0
1002,1,0,100,1,10,0,33,0,0,0
1003,1,0,100,1,10,0,33,0,0,0
1004,1,0,100,1,10,0,0,0,0,0
1005,1,0,100,1,10,0,33,0,0,0
1006,1,0,100,1,10,0,33,0,0,0
1007,1,0,100,0,10,0,0,0,0,0
1008,1,0,100,0,10,0,0,0,0,0
1009,1,0,100,1,102,0,0,0,0,0
1010,1,0,100,1,20,0,0,0,0,0
1011,1,0,100,1,20,0,0,0,0,0
1012,1,0,100,1,10,0,0,0,0,0
1013,1,0,100,1,10,0,0,0,0,0
1014,1,0,100,1,10,0,0,0,0,0
1015,1,0,100,1,10,0,0,0,0,0
2000,1,0,100,0,10,0,0,0,0,0
3000,1,0,100,1,101,0,0,0,0,0
3001,1,0,100,1,101,0,0,0,0,0
3002,1,0,100,1,101,0,0,0,0,0
3003,1,0,100,1,101,0,0,0,0,0
3004,1,0,100,1,101,0,0,0,0,0
3005,1,0,100,1,101,0,0,0,0,0
3006,1,0,100,1,101,0,0,0,0,0
3007,1,0,100,1,101,0,0,0,0,0
3008,1,0,100,1,101,0,0,0,0,0
3009,1,0,100,1,101,0,0,0,0,0
3010,1,0,100,1,101,0,0,0,0,0
3011,1,0,100,1,101,0,0,0,0,0
3012,1,0,100,1,101,0,0,0,0,0
3013,1,0,100,1,101,0,0,0,0,0
3014,1,0,100,1,101,0,0,0,0,0
3015,1,0,100,1,101,0,0,0,0,0
3016,1,0,100,1,101,0,0,0,0,0
3017,1,0,100,1,101,0,0,0,0,0
3018,1,0,100,1,101,0,0,0,0,0
3019,1,0,100,1,101,0,0,0,0,0
3020,1,0,100,1,101,0,0,0,0,0
3021,1,0,100,1,101,0,0,0,0,0
3022,1,0,100,1,101,0,0,0,0,0
3023,1,0,100,1,101,0,0,0,0,0
3024,1,0,100,1,101,0,0,0,0,0
3025,1,0,100,1,101,0,0,0,0,0
3026,1,0,100,1,101,0,0,0,0,0
3027,1,0,100,1,101,0,0,0,0,0
3028,1,0,100,1,101,0,0,0,0,0
3029,1,0,100,1,101,0,0,0,0,0
3030,1,0,100,1,101,0,0,0,0,0
3031,1,0,100,1,101,0,0,0,0,0
3032,1,0,100,1,101,0,0,0,0,0
3033,1,0,100,1,101,0,0,0,0,0
3034,1,0,100,1,101,0,0,0,0,0
3035,1,0,100,1,101,0,0,0,0,0
4071,1,0,100,1,101,0,0,0,0,0
4072,1,0,100,1,101,0,0,0,0,0
5000,1,0,100,0,10,0,0,0,0,0
6000,1,0,100,1,22,0,0,0,0,0
7100,1,0,100,1,22,0,0,0,0,0
7200,1,0,100,1,22,0,0,0,0,0
8100,1,0,100,1,23,0,0,0,0,0
8200,1,0,100,1,23,0,0,0,0,0
8300,1,0,100,0,22,0,0,0,0,0
8301,1,0,100,1,22,0,0,0,0,0
8302,1,0,100,1,22,0,0,0,0,0
8303,1,0,100,1,22,0,0,0,0,0
8304,1,0,100,1,22,0,0,0,0,0
8305,1,0,100,1,22,0,0,0,0,0
8306,1,0,100,1,22,0,0,0,0,0
8411,1,0,100,0,24,0,0,0,0,0
8412,1,0,100,0,24,0,0,0,0,0
8413,1,0,100,0,24,0,0,0,0,0
8421,1,0,100,0,24,0,0,0,0,0
8422,1,0,100,0,24,0,0,0,0,0
8423,1,0,100,0,24,0,0,0,0,0
8431,1,0,100,0,24,0,0,0,0,0
8432,1,0,100,0,24,0,0,0,0,0
8433,1,0,100,0,24,0,0,0,0,0
8436,1,0,100,1,22,0,0,0,2,0
8437,1,0,100,1,22,0,0,0,2,0
8438,1,0,100,1,22,0,0,0,2,0
8439,1,0,100,1,22,0,0,0,1,0
8440,1,0,100,1,22,0,0,0,1,0
8441,1,0,100,1,22,0,0,0,1,0
8442,1,0,100,1,22,0,0,0,1,0
8443,1,0,100,1,22,0,0,0,1,0
8444,1,0,100,1,22,0,0,0,1,0
8445,1,0,100,1,22,0,0,0,1,0
10000,1,0,100,1,108,0,42,4,0,0
10101,1,0,100,1,108,0,42,4,0,0
10102,1,0,100,1,108,0,42,4,0,0
10103,1,0,100,1,108,0,42,4,0,0
10104,1,0,100,1,108,0,42,4,0,0
10105,1,0,100,1,108,0,42,4,0,0
10106,1,0,100,1,108,0,42,4,0,0
10107,1,0,100,1,108,0,42,4,0,0
10108,1,0,100,1,108,0,42,4,0,0
10109,1,0,100,1,108,0,42,4,0,0
10110,1,0,100,1,108,0,42,4,0,0
10201,1,0,100,1,108,0,42,4,0,0
10202,1,0,100,1,108,0,42,4,0,0
10203,1,0,100,1,108,0,42,4,0,0
10204,1,0,100,1,108,0,42,4,0,0
10205,1,0,100,1,108,0,42,4,0,0
10206,1,0,100,1,108,0,42,4,0,0
10207,1,0,100,1,108,0,42,4,0,0
10208,1,0,100,1,108,0,42,4,0,0
10209,1,0,100,1,108,0,42,4,0,0
10210,1,0,100,1,108,0,42,4,0,0
10301,1,0,100,1,108,0,42,4,0,0
10302,1,0,100,1,108,0,42,4,0,0
10303,1,0,100,1,108,0,42,4,0,0
10304,1,0,100,1,108,0,42,4,0,0
10305,1,0,100,1,108,0,42,4,0,0
10306,1,0,100,1,108,0,42,4,0,0
10307,1,0,100,1,108,0,42,4,0,0
10308,1,0,100,1,108,0,42,4,0,0
10309,1,0,100,1,108,0,42,4,0,0
10310,1,0,100,1,108,0,42,4,0,0
10401,1,0,100,1,108,0,42,4,0,0
10402,1,0,100,1,108,0,42,4,0,0
10403,1,0,100,1,108,0,42,4,0,0
10404,1,0,100,1,108,0,42,4,0,0
10405,1,0,100,1,108,0,42,4,0,0
10406,1,0,100,1,108,0,42,4,0,0
10407,1,0,100,1,108,0,42,4,0,0
10408,1,0,100,1,108,0,42,4,0,0
10409,1,0,100,1,108,0,42,4,0,0
10410,1,0,100,1,108,0,42,4,0,0
10501,1,0,100,1,108,0,42,4,0,0
10502,1,0,100,1,108,0,42,4,0,0
10503,1,0,100,1,108,0,42,4,0,0
10504,1,0,100,1,108,0,42,4,0,0
10505,1,0,100,1,108,0,42,4,0,0
10506,1,0,100,1,108,0,42,4,0,0
10507,1,0,100,1,108,0,42,4,0,0
10508,1,0,100,1,108,0,42,4,0,0
10509,1,0,100,1,108,0,42,4,0,0
10510,1,0,100,1,108,0,42,4,0,0
10601,1,0,100,1,108,0,42,4,0,0
10602,1,0,100,1,108,0,42,4,0,0
10603,1,0,100,1,108,0,42,4,0,0
10604,1,0,100,1,108,0,42,4,0,0
10605,1,0,100,1,108,0,42,4,0,0
10606,1,0,100,1,108,0,42,4,0,0
10607,1,0,100,1,108,0,42,4,0,0
10608,1,0,100,1,108,0,42,4,0,0
10609,1,0,100,1,108,0,42,4,0,0
10610,1,0,100,1,108,0,42,4,0,0
10701,1,0,100,1,108,0,42,4,0,0
10702,1,0,100,1,108,0,42,4,0,0
10703,1,0,100,1,108,0,42,4,0,0
10704,1,0,100,1,108,0,42,4,0,0
10705,1,0,100,1,108,0,42,4,0,0
10706,1,0,100,1,108,0,42,4,0,0
10707,1,0,100,1,108,0,42,4,0,0
10708,1,0,100,1,108,0,42,4,0,0
10709,1,0,100,1,108,0,42,4,0,0
10710,1,0,100,1,108,0,42,4,0,0
10801,1,0,100,1,108,0,42,4,0,0
10802,1,0,100,1,108,0,42,4,0,0
10803,1,0,100,1,108,0,42,4,0,0
10804,1,0,100,1,108,0,42,4,0,0
10805,1,0,100,1,108,0,42,4,0,0
10806,1,0,100,1,108,0,42,4,0,0
10807,1,0,100,1,108,0,42,4,0,0
10808,1,0,100,1,108,0,42,4,0,0
10809,1,0,100,1,108,0,42,4,0,0
10810,1,0,100,1,108,0,42,4,0,0
10901,1,0,100,1,108,0,42,4,0,0
10902,1,0,100,1,108,0,42,4,0,0
10903,1,0,100,1,108,0,42,4,0,0
10904,1,0,100,1,108,0,42,4,0,0
10905,1,0,100,1,108,0,42,4,0,0
10906,1,0,100,1,108,0,42,4,0,0
10907,1,0,100,1,108,0,42,4,0,0
10908,1,0,100,1,108,0,42,4,0,0
10909,1,0,100,1,108,0,42,4,0,0
10910,1,0,100,1,108,0,42,4,0,0
20000,1,0,100,1,20,0,33,0,0,0
20600,1,0,100,1,20,0,33,0,0,0
20700,1,0,100,1,20,0,33,0,0,0
20800,1,0,100,1,20,0,33,0,0,0
20900,1,0,100,1,20,0,33,0,0,0
30001,1,0,100,1,20,0,42,4,0,0
30002,1,0,100,1,20,0,42,4,0,0
30003,1,0,100,1,20,0,42,4,0,0
30010,1,0,100,1,22,0,42,4,0,0
101101,1,0,3,0,21,0,0,0,0,100021
101102,1,0,3,0,21,0,0,0,0,100021
102101,1,0,3,0,21,10401,0,0,0,100032
102102,1,0,3,0,21,10401,0,0,0,100032
102103,1,0,1,0,21,10401,0,0,0,100032
103101,1,0,3,0,21,10401,0,0,0,100043
103102,1,0,3,0,22,10401,0,0,0,100043
103103,1,0,1,0,22,10401,0,0,0,100043
104101,1,0,3,0,20,10401,0,0,0,100054
104102,1,0,3,0,21,10401,0,0,0,100054
104103,1,0,1,0,21,10401,0,0,0,100054
105101,1,0,3,0,20,10401,0,0,0,100061
105102,1,0,3,0,21,10401,0,0,0,100061
105103,1,0,1,0,22,10401,0,0,0,100061
106101,1,0,3,0,20,10401,0,0,0,100071
106102,1,0,3,0,21,10401,0,0,0,100071
106103,1,0,1,0,22,10401,0,0,0,100071
107101,1,0,3,0,20,10401,0,0,0,100081
107102,1,0,3,0,21,10401,0,0,0,100081
107103,1,0,1,0,22,10401,0,0,0,100081
108101,1,0,3,0,20,10401,0,0,0,100091
108102,1,0,3,0,21,10401,0,0,0,100091
108103,1,0,1,0,22,10401,0,0,0,100091
109101,1,0,3,0,20,10401,0,0,0,100101
109102,1,0,3,0,21,10401,0,0,0,100101
109103,1,0,1,0,22,10401,0,0,0,100101
110101,1,0,3,0,20,10401,0,0,0,100111
110102,1,0,3,0,21,10401,0,0,0,100111
110103,1,0,1,0,22,10401,0,0,0,100111
111101,1,0,3,0,20,10401,0,0,0,100131
111102,1,0,3,0,21,10401,0,0,0,100131
111103,1,0,1,0,22,10401,0,0,0,100131
112101,1,0,3,0,20,10401,0,0,0,100151
112102,1,0,3,0,21,10401,0,0,0,100151
112103,1,0,1,0,22,10401,0,0,0,100151
113101,1,0,3,0,20,10401,0,0,0,100171
113102,1,0,3,0,21,10401,0,0,0,100171
113103,1,0,1,0,22,10401,0,0,0,100171
114101,1,0,3,0,20,10401,0,0,0,100191
114102,1,0,3,0,21,10401,0,0,0,100191
114103,1,0,1,0,22,10401,0,0,0,100191
115101,1,0,3,0,20,10401,0,0,0,100201
115102,1,0,3,0,20,10401,0,0,0,100201
115103,1,0,1,0,108,10401,0,0,0,100201
116101,1,0,3,0,20,10401,0,0,0,100211
116102,1,0,3,0,21,10401,0,0,0,100211
116103,1,0,1,0,22,10401,0,0,0,100211
117101,1,0,3,0,20,10401,0,0,0,100221
117102,1,0,3,0,21,10401,0,0,0,100221
117103,1,0,1,0,22,10401,0,0,0,100221
118101,1,0,4,0,20,10401,0,0,0,100241
118102,1,0,2,0,21,10401,0,0,0,100241
118103,1,0,1,0,22,10401,0,0,0,100241
119101,1,0,3,0,20,10401,0,0,0,100251
119102,1,0,3,0,21,10401,0,0,0,100251
119103,1,0,1,0,22,10401,0,0,0,100251
120101,1,0,4,0,20,10401,0,0,0,100261
120102,1,0,2,0,21,10401,0,0,0,100261
120103,1,0,1,0,22,10401,0,0,0,100261
121101,1,0,3,0,20,10401,0,0,0,100271
121102,1,0,3,0,21,10401,0,0,0,100271
121103,1,0,1,0,22,10401,0,0,0,100271
122101,1,0,3,0,20,10401,0,0,0,100281
122102,1,0,3,0,21,10401,0,0,0,100281
122103,1,0,1,0,22,10401,0,0,0,100281
123101,1,0,3,0,20,10401,0,0,0,100301
123102,1,0,3,0,21,10401,0,0,0,100301
123103,1,0,1,0,22,10401,0,0,0,100301
124101,1,0,3,0,20,10401,0,0,0,100311
124102,1,0,3,0,21,10401,0,0,0,100311
124103,1,0,1,0,22,10401,0,0,0,100311
125101,1,0,3,0,22,10401,0,0,0,100321
125102,1,0,3,0,22,10401,0,0,0,100321
125103,1,0,1,0,22,10401,0,0,0,100321
126101,1,0,3,0,22,10401,0,0,0,100331
126102,1,0,3,0,22,10401,0,0,0,100331
126103,1,0,1,0,22,10401,0,0,0,100331
127101,1,0,3,0,22,10401,0,0,0,100341
127102,1,0,3,0,22,10401,0,0,0,100341
127103,1,0,1,0,22,10401,0,0,0,100341
128101,1,0,3,0,108,10401,0,0,0,100361
128102,1,0,3,0,108,10401,0,0,0,100361
128103,1,0,1,0,108,10401,0,0,0,100361
129101,1,0,3,0,22,10401,0,0,0,100391
129102,1,0,3,0,22,10401,0,0,0,100391
129103,1,0,1,0,22,10401,0,0,0,100391
130101,1,0,4,0,20,10401,0,0,0,100381
130102,1,0,2,0,21,10401,0,0,0,100381
130103,1,0,1,0,22,10401,0,0,0,100381
131101,1,0,3,0,22,10401,0,0,0,100401
131102,1,0,3,0,22,10401,0,0,0,100401
131103,1,0,1,0,22,10401,0,0,0,100401
132101,1,0,3,0,22,10401,0,0,0,100411
132102,1,0,3,0,22,10401,0,0,0,100411
132103,1,0,1,0,22,10401,0,0,0,100411
133101,1,0,3,0,22,10401,0,0,0,100421
133102,1,0,3,0,22,10401,0,0,0,100421
133103,1,0,1,0,22,10401,0,0,0,100421
134101,1,0,4,0,20,10401,0,0,0,100441
134102,1,0,2,0,21,10401,0,0,0,100441
134103,1,0,1,0,22,10401,0,0,0,100441
135101,1,0,3,0,108,10401,0,0,0,100461
135102,1,0,3,0,108,10401,0,0,0,100461
135103,1,0,1,0,108,10401,0,0,0,100461
136101,1,0,4,0,20,10401,0,0,0,100491
136102,1,0,2,0,21,10401,0,0,0,100491
136103,1,0,1,0,22,10401,0,0,0,100491
137101,1,0,3,0,22,10401,0,0,0,100501
137102,1,0,3,0,22,10401,0,0,0,100501
137103,1,0,1,0,22,10401,0,0,0,100501
138101,1,0,4,0,108,10401,0,0,0,100511
138102,1,0,2,0,108,10401,0,0,0,100511
138103,1,0,1,0,108,10401,0,0,0,100511
139101,1,0,4,0,22,10401,0,0,0,100521
139102,1,0,2,0,22,10401,0,0,0,100521
139103,1,0,1,0,22,10401,0,0,0,100521
140101,1,0,4,0,22,10401,0,0,0,100531
140102,1,0,2,0,22,10401,0,0,0,100531
140103,1,0,1,0,22,10401,0,0,0,100531
141101,1,0,4,0,22,10401,0,0,0,100541
141102,1,0,2,0,22,10401,0,0,0,100541
141103,1,0,1,0,22,10401,0,0,0,100541
142101,1,0,4,0,20,10401,0,0,0,100551
142102,1,0,2,0,21,10401,0,0,0,100551
142103,1,0,1,0,22,10401,0,0,0,100551
143101,1,0,4,0,22,10401,0,0,0,100561
143102,1,0,2,0,22,10401,0,0,0,100561
143103,1,0,1,0,22,10401,0,0,0,100561
144101,1,0,4,0,22,10401,0,0,0,100571
144102,1,0,2,0,22,10401,0,0,0,100571
144103,1,0,1,0,22,10401,0,0,0,100571
145101,1,0,4,0,22,10401,0,0,0,100581
145102,1,0,2,0,22,10401,0,0,0,100581
145103,1,0,1,0,22,10401,0,0,0,100581
146101,1,0,4,0,22,10401,0,0,0,100591
146102,1,0,2,0,22,10401,0,0,0,100591
146103,1,0,1,0,22,10401,0,0,0,100591
147101,1,0,4,0,22,10401,0,0,0,100601
147102,1,0,2,0,22,10401,0,0,0,100601
147103,1,0,1,0,22,10401,0,0,0,100601
148101,1,0,4,0,20,10401,0,0,0,100611
148102,1,0,2,0,21,10401,0,0,0,100611
148103,1,0,1,0,22,10401,0,0,0,100611
149101,1,0,4,0,22,10401,0,0,0,100621
149102,1,0,2,0,22,10401,0,0,0,100621
149103,1,0,1,0,22,10401,0,0,0,100621
150101,1,0,4,0,22,10401,0,0,0,100631
150102,1,0,2,0,22,10401,0,0,0,100631
150103,1,0,1,0,22,10401,0,0,0,100631
151101,1,0,4,0,22,10401,0,0,0,100641
151102,1,0,2,0,22,10401,0,0,0,100641
151103,1,0,1,0,22,10401,0,0,0,100641
152101,1,0,4,0,22,10401,0,0,0,100651
152102,1,0,2,0,22,10401,0,0,0,100651
152103,1,0,1,0,22,10401,0,0,0,100651
153101,1,0,4,0,22,10401,0,0,0,100681
153102,1,0,2,0,22,10401,0,0,0,100681
153103,1,0,1,0,22,10401,0,0,0,100681
154101,1,0,4,0,22,10401,0,0,0,100691
154102,1,0,2,0,22,10401,0,0,0,100691
154103,1,0,1,0,22,10401,0,0,0,100691
155101,1,0,4,0,22,10401,0,0,0,100701
155102,1,0,2,0,22,10401,0,0,0,100701
155103,1,0,1,0,22,10401,0,0,0,100701
156101,1,0,4,0,20,10401,0,0,0,100671
156102,1,0,2,0,21,10401,0,0,0,100671
156103,1,0,1,0,22,10401,0,0,0,100671
157101,1,0,4,0,22,10401,0,0,0,100711
157102,1,0,2,0,22,10401,0,0,0,100711
157103,1,0,1,0,22,10401,0,0,0,100711
158101,1,0,4,0,22,10401,0,0,0,100721
158102,1,0,2,0,22,10401,0,0,0,100721
158103,1,0,1,0,22,10401,0,0,0,100721
159101,1,0,4,0,22,10401,0,0,0,100741
159102,1,0,2,0,22,10401,0,0,0,100741
159103,1,0,1,0,22,10401,0,0,0,100741
160101,1,0,4,0,22,10401,0,0,0,100751
160102,1,0,2,0,22,10401,0,0,0,100751
160103,1,0,1,0,22,10401,0,0,0,100751
161101,1,0,4,0,22,10401,0,0,0,100761
161102,1,0,2,0,22,10401,0,0,0,100761
161103,1,0,1,0,22,10401,0,0,0,100761
162101,1,0,4,0,20,10401,0,0,0,100731
162102,1,0,2,0,21,10401,0,0,0,100731
162103,1,0,1,0,22,10401,0,0,0,100731
163101,1,0,4,0,22,10401,0,0,0,100771
163102,1,0,2,0,22,10401,0,0,0,100771
163103,1,0,1,0,22,10401,0,0,0,100771
164101,1,0,4,0,22,10401,0,0,0,100781
164102,1,0,2,0,22,10401,0,0,0,100781
164103,1,0,1,0,22,10401,0,0,0,100781
165101,1,0,4,0,20,10401,0,0,0,100791
165102,1,0,2,0,21,10401,0,0,0,100791
165103,1,0,1,0,22,10401,0,0,0,100791
166101,1,0,4,0,22,10401,0,0,0,100801
166102,1,0,2,0,22,10401,0,0,0,100801
166103,1,0,1,0,22,10401,0,0,0,100801
167101,1,0,4,0,22,10401,0,0,0,100811
167102,1,0,2,0,22,10401,0,0,0,100811
167103,1,0,1,0,22,10401,0,0,0,100811
168101,1,0,4,0,22,10401,0,0,0,100821
168102,1,0,2,0,22,10401,0,0,0,100821
168103,1,0,1,0,22,10401,0,0,0,100821
169101,1,0,4,0,22,10401,0,0,0,100831
169102,1,0,2,0,22,10401,0,0,0,100831
169103,1,0,1,0,22,10401,0,0,0,100831
170101,1,0,4,0,22,10401,0,0,0,100841
170102,1,0,2,0,22,10401,0,0,0,100841
170103,1,0,1,0,22,10401,0,0,0,100841
171101,1,0,4,0,20,10401,0,0,0,100851
171102,1,0,2,0,21,10401,0,0,0,100851
171103,1,0,1,0,22,10401,0,0,0,100851
172101,1,0,4,0,22,10401,0,0,0,100861
172102,1,0,2,0,22,10401,0,0,0,100861
172103,1,0,1,0,22,10401,0,0,0,100861
173101,1,0,4,0,22,10401,0,0,0,100871
173102,1,0,2,0,22,10401,0,0,0,100871
173103,1,0,1,0,22,10401,0,0,0,100871
174101,1,0,4,0,22,10401,0,0,0,100881
174102,1,0,2,0,22,10401,0,0,0,100881
174103,1,0,1,0,22,10401,0,0,0,100881
175101,1,0,4,0,22,10401,0,0,0,100891
175102,1,0,2,0,22,10401,0,0,0,100891
175103,1,0,1,0,22,10401,0,0,0,100891
176101,1,0,4,0,20,10401,0,0,0,100901
176102,1,0,2,0,21,10401,0,0,0,100901
176103,1,0,1,0,22,10401,0,0,0,100901
177101,1,0,4,0,22,10401,0,0,0,100911
177102,1,0,2,0,22,10401,0,0,0,100911
177103,1,0,1,0,22,10401,0,0,0,100911
178101,1,0,4,0,22,10401,0,0,0,100921
178102,1,0,2,0,22,10401,0,0,0,100921
178103,1,0,1,0,22,10401,0,0,0,100921
179101,1,0,4,0,22,10401,0,0,0,100931
179102,1,0,2,0,22,10401,0,0,0,100931
179103,1,0,1,0,22,10401,0,0,0,100931
180101,1,0,4,0,22,10401,0,0,0,100941
180102,1,0,2,0,22,10401,0,0,0,100941
180103,1,0,1,0,22,10401,0,0,0,100941
181101,1,0,4,0,22,10401,0,0,0,100951
181102,1,0,2,0,22,10401,0,0,0,100951
181103,1,0,1,0,22,10401,0,0,0,100951
182101,1,0,4,0,22,10401,0,0,0,100961
182102,1,0,2,0,22,10401,0,0,0,100961
182103,1,0,1,0,22,10401,0,0,0,100961
183101,1,0,4,0,20,10401,0,0,0,100971
183102,1,0,2,0,21,10401,0,0,0,100971
183103,1,0,1,0,22,10401,0,0,0,100971
184101,1,0,4,0,22,10401,0,0,0,100981
184102,1,0,2,0,22,10401,0,0,0,100981
184103,1,0,1,0,22,10401,0,0,0,100981
185101,1,0,4,0,22,10401,0,0,0,100991
185102,1,0,2,0,22,10401,0,0,0,100991
185103,1,0,1,0,22,10401,0,0,0,100991
186101,1,0,4,0,22,10401,0,0,0,101001
186102,1,0,2,0,22,10401,0,0,0,101001
186103,1,0,1,0,22,10401,0,0,0,101001
187101,1,0,4,0,22,10401,0,0,0,101011
187102,1,0,2,0,22,10401,0,0,0,101011
187103,1,0,1,0,22,10401,0,0,0,101011
188101,1,0,4,0,22,10401,0,0,0,101021
188102,1,0,2,0,22,10401,0,0,0,101021
188103,1,0,1,0,22,10401,0,0,0,101021
189101,1,0,4,0,20,10401,0,0,0,101031
189102,1,0,2,0,21,10401,0,0,0,101031
189103,1,0,1,0,22,10401,0,0,0,101031
190101,1,0,4,0,22,10401,0,0,0,101041
190102,1,0,2,0,22,10401,0,0,0,101041
190103,1,0,1,0,22,10401,0,0,0,101041
191101,1,0,4,0,22,10401,0,0,0,101051
191102,1,0,2,0,22,10401,0,0,0,101051
191103,1,0,1,0,22,10401,0,0,0,101051
193101,1,0,4,0,22,10401,0,0,0,101061
193102,1,0,2,0,22,10401,0,0,0,101061
193103,1,0,1,0,22,10401,0,0,0,101061
194101,1,0,4,0,22,10401,0,0,0,101071
194102,1,0,2,0,22,10401,0,0,0,101071
194103,1,0,1,0,22,10401,0,0,0,101071
195101,1,0,4,0,22,10401,0,0,0,101081
195102,1,0,2,0,22,10401,0,0,0,101081
195103,1,0,1,0,22,10401,0,0,0,101081
196101,1,0,4,0,20,10401,0,0,0,101091
196102,1,0,2,0,21,10401,0,0,0,101091
196103,1,0,1,0,22,10401,0,0,0,101091
197101,1,0,4,0,22,10401,0,0,0,101101
197102,1,0,2,0,22,10401,0,0,0,101101
197103,1,0,1,0,22,10401,0,0,0,101101
198101,1,0,4,0,22,10401,0,0,0,101111
198102,1,0,2,0,22,10401,0,0,0,101111
198103,1,0,1,0,22,10401,0,0,0,101111
199101,1,0,4,0,22,10401,0,0,0,101121
199102,1,0,2,0,22,10401,0,0,0,101121
199103,1,0,1,0,22,10401,0,0,0,101121
200101,1,0,4,0,22,10401,0,0,0,101131
200102,1,0,2,0,22,10401,0,0,0,101131
200103,1,0,1,0,22,10401,0,0,0,101131
202101,1,0,4,0,20,10401,0,0,0,101141
202102,1,0,2,0,21,10401,0,0,0,101141
202103,1,0,1,0,22,10401,0,0,0,101141
203101,1,0,4,0,22,10401,0,0,0,101151
203102,1,0,2,0,22,10401,0,0,0,101151
203103,1,0,1,0,22,10401,0,0,0,101151
204101,1,0,4,0,22,10401,0,0,0,101161
204102,1,0,2,0,22,10401,0,0,0,101161
204103,1,0,1,0,22,10401,0,0,0,101161
205101,1,0,4,0,22,10401,0,0,0,101171
205102,1,0,2,0,22,10401,0,0,0,101171
205103,1,0,1,0,22,10401,0,0,0,101171
206101,1,0,4,0,22,10401,0,0,0,101181
206102,1,0,2,0,22,10401,0,0,0,101181
206103,1,0,1,0,22,10401,0,0,0,101181
206201,1,0,4,0,20,10401,0,0,0,101191
206202,1,0,2,0,21,10401,0,0,0,101191
206203,1,0,1,0,22,10401,0,0,0,101191
207101,1,0,4,0,22,10401,0,0,0,101201
207102,1,0,2,0,22,10401,0,0,0,101201
207103,1,0,1,0,22,10401,0,0,0,101201
11100201,1,0,100,0,20,0,0,0,0,0
11100202,1,0,100,0,20,0,21,0,0,0
11100203,1,0,100,0,21,0,31,0,0,0
11100401,1,0,100,0,20,0,0,0,0,0
11100402,1,0,100,0,20,0,0,0,0,0
11100403,1,0,90,0,20,0,0,0,0,0
11100403,2,0,10,0,20,0,0,0,0,0
11100601,1,0,100,0,20,0,0,0,0,0
11100602,1,0,100,0,20,0,0,0,0,0
11100603,1,0,90,0,20,0,0,0,0,0
11100603,2,0,10,0,20,0,0,0,0,0
11100801,1,0,100,0,21,0,0,0,0,0
11100802,1,0,100,0,21,0,0,0,0,0
11100803,1,0,90,0,21,0,0,0,0,0
11100803,2,0,10,0,20,0,0,0,0,0
11200401,1,0,100,0,21,0,0,0,0,0
12100201,1,0,100,0,21,0,0,0,0,0
12100202,1,0,100,0,21,0,0,0,0,0
12100203,1,0,90,0,21,0,0,0,0,0
12100203,2,0,10,0,20,0,0,0,0,0
12100401,1,0,100,0,22,0,0,0,0,0
12100402,1,0,100,0,22,0,0,0,0,0
12100403,1,0,90,0,22,0,0,0,0,0
12100403,2,0,10,0,22,0,0,0,0,0
12100601,1,0,100,0,21,0,0,0,0,0
12100602,1,0,100,0,21,0,0,0,0,0
12100603,1,0,90,0,21,0,0,0,0,0
12100603,2,0,10,0,20,0,0,0,0,0
12100701,1,0,100,0,21,0,0,0,0,0
12100702,1,0,100,0,21,0,0,0,0,0
12100703,1,0,90,0,21,0,0,0,0,0
12100703,2,0,10,0,20,0,0,0,0,0
13100201,1,0,100,0,22,0,0,0,0,0
13100202,1,0,100,0,22,0,0,0,0,0
13100203,1,0,90,0,22,0,0,0,0,0
13100203,2,0,10,0,20,0,0,0,0,0
13100301,1,0,100,0,21,0,0,0,0,0
13100302,1,0,100,0,21,0,0,0,0,0
13100303,1,0,90,0,21,0,0,0,0,0
13100303,2,0,10,0,20,0,0,0,0,0
13100501,1,0,100,0,21,0,0,0,0,0
13100502,1,0,100,0,21,0,0,0,0,0
13100503,1,0,90,0,21,0,0,0,0,0
13100503,2,0,10,0,20,0,0,0,0,0
13100601,1,0,100,0,22,0,0,0,0,0
13100602,1,0,100,0,22,0,0,0,0,0
13100603,1,0,90,0,22,0,0,0,0,0
13100603,2,0,10,0,20,0,0,0,0,0
13100801,1,0,100,0,21,0,0,0,0,0
13100802,1,0,100,0,21,0,0,0,0,0
13100803,1,0,90,0,21,0,0,0,0,0
13100803,2,0,10,0,20,0,0,0,0,0
13100901,1,0,100,0,21,0,0,0,0,0
13100902,1,0,100,0,21,0,0,0,0,0
13100903,1,0,90,0,21,0,0,0,0,0
13100903,2,0,10,0,20,0,0,0,0,0
13101101,1,0,100,1,102,10402,0,0,0,0
21100201,1,0,100,0,21,0,0,0,0,0
21100202,1,0,100,0,21,0,0,0,0,0
21100203,1,0,90,0,21,0,0,0,0,0
21100203,2,0,10,0,21,0,0,0,0,0
21100401,1,0,100,0,21,0,0,0,0,0
21100402,1,0,100,0,21,0,0,0,0,0
21100403,1,0,90,0,21,0,0,0,0,0
21100403,2,0,10,0,20,0,0,0,0,0
21100601,1,0,100,0,21,0,0,0,0,0
21100602,1,0,100,0,21,0,0,0,0,0
21100603,1,0,90,0,21,0,0,0,0,0
21100603,2,0,10,0,20,0,0,0,0,0
21100801,1,0,100,0,22,0,0,0,0,0
21100802,1,0,100,0,22,0,0,0,0,0
21100803,1,0,90,0,22,0,0,0,0,0
21100803,2,0,10,0,20,0,0,0,0,0
21100901,1,0,100,0,21,0,0,0,0,0
21100902,1,0,100,0,21,0,0,0,0,0
21100903,1,0,90,0,21,0,0,0,0,0
21100903,2,0,10,0,20,0,0,0,0,0
21101101,1,0,100,0,21,0,0,0,0,0
21101102,1,0,100,0,21,0,0,0,0,0
21101103,1,0,90,0,21,0,0,0,0,0
21101103,2,0,10,0,20,0,0,0,0,0
21101201,1,0,100,0,21,0,0,0,0,0
21101202,1,0,100,0,21,0,0,0,0,0
21101203,1,0,90,0,21,0,0,0,0,0
21101203,2,0,10,0,21,0,0,0,0,0
21101401,1,0,100,0,21,0,0,0,0,0
21101402,1,0,100,0,21,0,0,0,0,0
21101403,1,0,90,0,21,0,0,0,0,0
21101403,2,0,10,0,20,0,0,0,0,0
21101501,1,0,100,0,22,0,0,0,0,0
21101502,1,0,100,0,22,0,0,0,0,0
21101503,1,0,100,1,21,10402,0,0,0,0
22100201,1,0,100,0,21,0,0,0,0,0
22100202,1,0,100,0,21,0,0,0,0,0
22100203,1,0,90,0,21,0,0,0,0,0
22100203,2,0,10,0,20,0,0,0,0,0
22100301,1,0,100,0,22,0,0,0,0,0
22100302,1,0,100,0,22,0,0,0,0,0
22100303,1,0,90,0,22,0,0,0,0,0
22100303,2,0,10,0,20,0,0,0,0,0
22100501,1,0,100,0,21,0,0,0,0,0
22100502,1,0,100,0,21,0,0,0,0,0
22100503,1,0,90,0,21,0,0,0,0,0
22100503,2,0,10,0,21,0,0,0,0,0
22100601,1,0,100,0,22,0,0,0,0,0
22100602,1,0,100,0,22,0,0,0,0,0
22100603,1,0,90,0,22,0,0,0,0,0
22100603,2,0,10,0,20,0,0,0,0,0
22100701,1,0,100,0,22,0,0,0,0,0
22100702,1,0,100,0,22,0,0,0,0,0
22100703,1,0,90,0,22,0,0,0,0,0
22100703,2,0,10,0,20,0,0,0,0,0
22100901,1,0,100,0,22,0,0,0,0,0
22100902,1,0,100,0,22,0,0,0,0,0
22100903,1,0,90,0,22,0,0,0,0,0
22100903,2,0,10,0,21,0,0,0,0,0
22101001,1,0,100,0,22,0,0,0,0,0
22101002,1,0,100,0,22,0,0,0,0,0
22101003,1,0,90,0,22,0,0,0,0,0
22101003,2,0,10,0,20,0,0,0,0,0
22101101,1,0,100,0,21,0,0,0,0,0
22101102,1,0,100,0,21,0,0,0,0,0
22101103,1,0,90,0,21,0,0,0,0,0
22101103,2,0,10,0,20,0,0,0,0,0
22101301,1,0,100,0,22,0,0,0,0,0
22101302,1,0,100,0,22,0,0,0,0,0
22101303,1,0,90,0,22,0,0,0,0,0
22101303,2,0,10,0,20,0,0,0,0,0
22101401,1,0,100,0,21,0,0,0,0,0
22101402,1,0,100,0,21,0,0,0,0,0
22101403,1,0,100,1,21,10402,0,0,0,0
23100201,1,0,100,0,22,0,0,0,0,0
23100202,1,0,100,0,22,0,0,0,0,0
23100203,1,0,90,0,22,0,0,0,0,0
23100203,2,0,10,0,20,0,0,0,0,0
23100301,1,0,100,0,21,0,0,0,0,0
23100302,1,0,100,0,21,0,0,0,0,0
23100303,1,0,90,0,21,0,0,0,0,0
23100303,2,0,10,0,21,0,0,0,0,0
23100401,1,0,100,0,22,0,0,0,0,0
23100402,1,0,100,0,22,0,0,0,0,0
23100403,1,0,90,0,22,0,0,0,0,0
23100403,2,0,10,0,20,0,0,0,0,0
23100601,1,0,100,0,21,0,0,0,0,0
23100602,1,0,100,0,21,0,0,0,0,0
23100603,1,0,90,0,21,0,0,0,0,0
23100603,2,0,10,0,20,0,0,0,0,0
23100701,1,0,100,0,21,0,0,0,0,0
23100702,1,0,100,0,21,0,0,0,0,0
23100703,1,0,90,0,21,0,0,0,0,0
23100703,2,0,10,0,20,0,0,0,0,0
23100801,1,0,100,0,22,0,0,0,0,0
23100802,1,0,100,0,22,0,0,0,0,0
23100803,1,0,100,1,22,10402,0,0,0,0
31100201,1,0,100,0,22,0,0,0,0,0
31100202,1,0,100,0,22,0,0,0,0,0
31100203,1,0,90,0,22,0,0,0,0,0
31100203,2,0,10,0,22,0,0,0,0,0
31100301,1,0,100,0,22,0,0,0,0,0
31100302,1,0,100,0,22,0,0,0,0,0
31100303,1,0,90,0,22,0,0,0,0,0
31100303,2,0,10,0,22,0,0,0,0,0
31100501,1,0,100,0,20,0,0,0,0,0
31100502,1,0,100,0,20,0,0,0,0,0
31100503,1,0,90,0,20,0,0,0,0,0
31100503,2,0,10,0,20,0,0,0,0,0
31100601,1,0,100,0,21,0,0,0,0,0
31100602,1,0,100,0,21,0,0,0,0,0
31100603,1,0,90,0,21,0,0,0,0,0
31100603,2,0,10,0,20,0,0,0,0,0
31100801,1,0,100,0,20,0,0,0,0,0
31100802,1,0,100,0,20,0,0,0,0,0
31100803,1,0,90,0,20,0,0,0,0,0
31100803,2,0,10,0,20,0,0,0,0,0
31100901,1,0,100,0,20,0,0,0,0,0
31100902,1,0,100,0,20,0,0,0,0,0
31100903,1,0,90,0,20,0,0,0,0,0
31100903,2,0,10,0,20,0,0,0,0,0
31101101,1,0,100,0,20,0,0,0,0,0
31101102,1,0,100,0,20,0,0,0,0,0
31101103,1,0,90,0,20,0,0,0,0,0
31101103,2,0,10,0,20,0,0,0,0,0
31101201,1,0,100,0,21,0,0,0,0,0
31101202,1,0,100,0,21,0,0,0,0,0
31101203,1,0,90,0,21,0,0,0,0,0
31101203,2,0,10,0,20,0,0,0,0,0
31101301,1,0,100,0,21,0,0,0,0,0
31101302,1,0,100,0,21,0,0,0,0,0
31101303,1,0,90,0,21,0,0,0,0,0
31101303,2,0,10,0,20,0,0,0,0,0
31101501,1,0,100,0,20,0,0,0,0,0
31101502,1,0,100,0,20,0,0,0,0,0
31101503,1,0,90,0,20,0,0,0,0,0
31101503,2,0,10,0,20,0,0,0,0,0
31101601,1,0,100,0,20,0,0,0,0,0
31101602,1,0,100,0,20,0,0,0,0,0
31101603,1,0,90,0,20,0,0,0,0,0
31101603,2,0,10,0,20,0,0,0,0,0
31101801,1,0,100,0,21,0,0,0,0,0
31101802,1,0,100,0,21,0,0,0,0,0
31101803,1,0,90,0,21,0,0,0,0,0
31101803,2,0,10,0,20,0,0,0,0,0
31101901,1,0,100,0,21,0,0,0,0,0
31101902,1,0,100,0,21,0,0,0,0,0
31101903,1,0,100,1,21,10402,0,0,0,0
32100201,1,0,100,0,22,0,0,0,0,0
32100202,1,0,100,0,22,0,0,0,0,0
32100203,1,0,90,0,22,0,0,0,0,0
32100203,2,0,10,0,21,0,0,0,0,0
32100301,1,0,100,0,22,0,0,0,0,0
32100302,1,0,100,0,22,0,0,0,0,0
32100303,1,0,90,0,22,0,0,0,0,0
32100303,2,0,10,0,21,0,0,0,0,0
32100401,1,0,100,0,22,0,0,0,0,0
32100402,1,0,100,0,22,0,0,0,0,0
32100403,1,0,90,0,22,0,0,0,0,0
32100403,2,0,10,0,21,0,0,0,0,0
32100601,1,0,100,0,21,0,0,0,0,0
32100602,1,0,100,0,21,0,0,0,0,0
32100603,1,0,90,0,21,0,0,0,0,0
32100603,2,0,10,0,21,0,0,0,0,0
32100701,1,0,100,0,22,0,0,0,0,0
32100702,1,0,100,0,22,0,0,0,0,0
32100703,1,0,100,1,21,10402,0,0,0,0
33100201,1,0,100,0,21,0,0,0,0,0
33100202,1,0,100,0,21,0,0,0,0,0
33100203,1,0,90,0,21,0,0,0,0,0
33100203,2,0,10,0,21,0,0,0,0,0
33100301,1,0,100,0,21,0,0,0,0,0
33100302,1,0,100,0,21,0,0,0,0,0
33100303,1,0,90,0,21,0,0,0,0,0
33100303,2,0,10,0,20,0,0,0,0,0
33100501,1,0,100,0,22,0,0,0,0,0
33100502,1,0,100,0,22,0,0,0,0,0
33100503,1,0,90,0,22,0,0,0,0,0
33100503,2,0,10,0,21,0,0,0,0,0
33100601,1,0,100,0,21,0,0,0,0,0
33100602,1,0,100,0,21,0,0,0,0,0
33100603,1,0,90,0,21,0,0,0,0,0
33100603,2,0,10,0,20,0,0,0,0,0
33100701,1,0,100,0,21,0,0,0,0,0
33100702,1,0,100,0,21,0,0,0,0,0
33100703,1,0,90,0,21,0,0,0,0,0
33100703,2,0,10,0,20,0,0,0,0,0
33100901,1,0,100,0,21,0,0,0,0,0
33100902,1,0,100,0,21,0,0,0,0,0
33100903,1,0,90,0,21,0,0,0,0,0
33100903,2,0,10,0,21,0,0,0,0,0
33101001,1,0,100,0,22,0,0,0,0,0
33101002,1,0,100,0,22,0,0,0,0,0
33101003,1,0,100,1,22,10402,0,0,0,0
41100201,1,0,100,0,21,0,0,0,0,0
41100202,1,0,100,0,21,0,0,0,0,0
41100203,1,0,90,0,21,0,0,0,0,0
41100203,2,0,10,0,20,0,0,0,0,0
41100301,1,0,100,0,21,0,0,0,0,0
41100302,1,0,100,0,21,0,0,0,0,0
41100303,1,0,90,0,21,0,0,0,0,0
41100303,2,0,10,0,20,0,0,0,0,0
41100501,1,0,100,0,22,0,0,0,0,0
41100502,1,0,100,0,22,0,0,0,0,0
41100503,1,0,90,0,22,0,0,0,0,0
41100503,2,0,10,0,21,0,0,0,0,0
41100601,1,0,100,0,20,0,0,0,0,0
41100602,1,0,100,0,20,0,0,0,0,0
41100603,1,0,90,0,20,0,0,0,0,0
41100603,2,0,10,0,20,0,0,0,0,0
41100801,1,0,100,0,21,0,0,0,0,0
41100802,1,0,100,0,21,0,0,0,0,0
41100803,1,0,90,0,21,0,0,0,0,0
41100803,2,0,10,0,21,0,0,0,0,0
41100901,1,0,100,0,22,0,0,0,0,0
41100902,1,0,100,0,22,0,0,0,0,0
41100903,1,0,90,0,22,0,0,0,0,0
41100903,2,0,10,0,21,0,0,0,0,0
41101101,1,0,100,0,20,0,0,0,0,0
41101102,1,0,100,0,20,0,0,0,0,0
41101103,1,0,90,0,20,0,0,0,0,0
41101103,2,0,10,0,22,0,0,0,0,0
41101201,1,0,100,0,21,0,0,0,0,0
41101202,1,0,100,0,21,0,0,0,0,0
41101203,1,0,90,0,21,0,0,0,0,0
41101203,2,0,10,0,22,0,0,0,0,0
41101301,1,0,100,0,22,0,0,0,0,0
41101302,1,0,100,0,22,0,0,0,0,0
41101303,1,0,100,1,21,10402,0,0,0,0
42100201,1,0,100,0,22,0,0,0,0,0
42100202,1,0,100,0,22,0,0,0,0,0
42100203,1,0,90,0,22,0,0,0,0,0
42100203,2,0,10,0,20,0,0,0,0,0
42100301,1,0,100,0,21,0,0,0,0,0
42100302,1,0,100,0,21,0,0,0,0,0
42100303,1,0,90,0,21,0,0,0,0,0
42100303,2,0,10,0,22,0,0,0,0,0
42100401,1,0,100,0,21,0,0,0,0,0
42100402,1,0,100,0,21,0,0,0,0,0
42100403,1,0,90,0,21,0,0,0,0,0
42100403,2,0,10,0,21,0,0,0,0,0
42100601,1,0,100,0,21,0,0,0,0,0
42100602,1,0,100,0,21,0,0,0,0,0
42100603,1,0,90,0,21,0,0,0,0,0
42100603,2,0,10,0,20,0,0,0,0,0
42100701,1,0,100,0,21,0,0,0,0,0
42100702,1,0,100,0,21,0,0,0,0,0
42100703,1,0,90,0,21,0,0,0,0,0
42100703,2,0,10,0,21,0,0,0,0,0
42100801,1,0,100,0,21,0,0,0,0,0
42100802,1,0,100,0,21,0,0,0,0,0
42100803,1,0,90,0,21,0,0,0,0,0
42100803,2,0,10,0,22,0,0,0,0,0
42101001,1,0,100,0,21,0,0,0,0,0
42101002,1,0,100,0,21,0,0,0,0,0
42101003,1,0,90,0,21,0,0,0,0,0
42101003,2,0,10,0,21,0,0,0,0,0
42101101,1,0,100,0,22,0,0,0,0,0
42101102,1,0,100,0,22,0,0,0,0,0
42101103,1,0,90,0,22,0,0,0,0,0
42101103,2,0,10,0,20,0,0,0,0,0
42101201,1,0,100,0,21,0,0,0,0,0
42101202,1,0,100,0,21,0,0,0,0,0
42101203,1,0,100,1,21,10402,0,0,0,0
43100201,1,0,100,0,22,0,0,0,0,0
43100202,1,0,100,0,22,0,0,0,0,0
43100203,1,0,90,0,22,0,0,0,0,0
43100203,2,0,10,0,21,0,0,0,0,0
43100301,1,0,100,0,21,0,0,0,0,0
43100302,1,0,100,0,21,0,0,0,0,0
43100303,1,0,90,0,21,0,0,0,0,0
43100303,2,0,10,0,21,0,0,0,0,0
43100401,1,0,100,0,21,0,0,0,0,0
43100402,1,0,100,0,21,0,0,0,0,0
43100403,1,0,90,0,21,0,0,0,0,0
43100403,2,0,10,0,20,0,0,0,0,0
43100601,1,0,100,0,21,0,0,0,0,0
43100602,1,0,100,0,21,0,0,0,0,0
43100603,1,0,90,0,21,0,0,0,0,0
43100603,2,0,10,0,22,0,0,0,0,0
43100701,1,0,100,0,21,0,0,0,0,0
43100702,1,0,100,0,21,0,0,0,0,0
43100703,1,0,90,0,21,0,0,0,0,0
43100703,2,0,10,0,21,0,0,0,0,0
43100801,1,0,100,0,22,0,0,0,0,0
43100802,1,0,100,0,22,0,0,0,0,0
43100803,1,0,90,0,22,0,0,0,0,0
43100803,2,0,10,0,20,0,0,0,0,0
43100901,1,0,100,0,22,0,0,0,0,0
43100902,1,0,100,0,22,0,0,0,0,0
43100903,1,0,100,1,22,10402,0,0,0,0
51100201,1,0,100,0,22,0,0,0,0,0
51100202,1,0,100,0,22,0,0,0,0,0
51100203,1,0,90,0,22,0,0,0,0,0
51100203,2,0,10,0,20,0,0,0,0,0
51100301,1,0,100,0,21,0,0,0,0,0
51100302,1,0,100,0,21,0,0,0,0,0
51100303,1,0,90,0,21,0,0,0,0,0
51100303,2,0,10,0,21,0,0,0,0,0
51100401,1,0,100,0,21,0,0,0,0,0
51100402,1,0,100,0,21,0,0,0,0,0
51100403,1,0,90,0,21,0,0,0,0,0
51100403,2,0,10,0,21,0,0,0,0,0
51100601,1,0,100,0,21,0,0,0,0,0
51100602,1,0,100,0,21,0,0,0,0,0
51100603,1,0,90,0,21,0,0,0,0,0
51100603,2,0,10,0,22,0,0,0,0,0
51100701,1,0,100,0,21,0,0,0,0,0
51100702,1,0,100,0,21,0,0,0,0,0
51100703,1,0,90,0,21,0,0,0,0,0
51100703,2,0,10,0,20,0,0,0,0,0
51100901,1,0,100,0,21,0,0,0,0,0
51100902,1,0,100,0,21,0,0,0,0,0
51100903,1,0,90,0,21,0,0,0,0,0
51100903,2,0,10,0,21,0,0,0,0,0
51101001,1,0,100,0,21,0,0,0,0,0
51101002,1,0,100,0,21,0,0,0,0,0
51101003,1,0,90,0,21,0,0,0,0,0
51101003,2,0,10,0,21,0,0,0,0,0
51101101,1,0,100,0,22,0,0,0,0,0
51101102,1,0,100,0,22,0,0,0,0,0
51101103,1,0,100,1,22,10402,0,0,0,0
52100201,1,0,100,0,22,0,0,0,0,0
52100202,1,0,100,0,22,0,0,0,0,0
52100203,1,0,90,0,22,0,0,0,0,0
52100203,2,0,10,0,22,0,0,0,0,0
52100301,1,0,100,0,22,0,0,0,0,0
52100302,1,0,100,0,22,0,0,0,0,0
52100303,1,0,90,0,22,0,0,0,0,0
52100303,2,0,10,0,21,0,0,0,0,0
52100401,1,0,100,0,21,0,0,0,0,0
52100402,1,0,100,0,21,0,0,0,0,0
52100403,1,0,90,0,21,0,0,0,0,0
52100403,2,0,10,0,21,0,0,0,0,0
52100601,1,0,100,0,22,0,0,0,0,0
52100602,1,0,100,0,22,0,0,0,0,0
52100603,1,0,90,0,22,0,0,0,0,0
52100603,2,0,10,0,20,0,0,0,0,0
52100701,1,0,100,0,21,0,0,0,0,0
52100702,1,0,100,0,21,0,0,0,0,0
52100703,1,0,90,0,21,0,0,0,0,0
52100703,2,0,10,0,22,0,0,0,0,0
52100801,1,0,100,0,22,0,0,0,0,0
52100802,1,0,100,0,22,0,0,0,0,0
52100803,1,0,100,1,22,10402,0,0,0,0
53100201,1,0,100,0,21,0,0,0,0,0
53100202,1,0,100,0,21,0,0,0,0,0
53100203,1,0,90,0,21,0,0,0,0,0
53100203,2,0,10,0,21,0,0,0,0,0
53100301,1,0,100,0,22,0,0,0,0,0
53100302,1,0,100,0,22,0,0,0,0,0
53100303,1,0,90,0,22,0,0,0,0,0
53100303,2,0,10,0,21,0,0,0,0,0
53100401,1,0,100,0,21,0,0,0,0,0
53100402,1,0,100,0,21,0,0,0,0,0
53100403,1,0,90,0,21,0,0,0,0,0
53100403,2,0,10,0,22,0,0,0,0,0
53100601,1,0,100,0,22,0,0,0,0,0
53100602,1,0,100,0,22,0,0,0,0,0
53100603,1,0,90,0,22,0,0,0,0,0
53100603,2,0,10,0,22,0,0,0,0,0
53100701,1,0,100,0,21,0,0,0,0,0
53100702,1,0,100,0,21,0,0,0,0,0
53100703,1,0,90,0,21,0,0,0,0,0
53100703,2,0,10,0,21,0,0,0,0,0
53100801,1,0,100,0,21,0,0,0,0,0
53100802,1,0,100,0,21,0,0,0,0,0
53100803,1,0,90,0,21,0,0,0,0,0
53100803,2,0,10,0,21,0,0,0,0,0
53100901,1,0,100,0,21,0,0,0,0,0
53100902,1,0,100,0,21,0,0,0,0,0
53100903,1,0,90,0,21,0,0,0,0,0
53100903,2,0,10,0,21,0,0,0,0,0
53101101,1,0,100,0,22,0,0,0,0,0
53101102,1,0,100,0,22,0,0,0,0,0
53101103,1,0,90,0,22,0,0,0,0,0
53101103,2,0,10,0,22,0,0,0,0,0
53101201,1,0,100,0,21,0,0,0,0,0
53101202,1,0,100,0,21,0,0,0,0,0
53101203,1,0,90,0,21,0,0,0,0,0
53101203,2,0,10,0,20,0,0,0,0,0
53101301,1,0,100,0,22,0,0,0,0,0
53101302,1,0,100,0,22,0,0,0,0,0
53101303,1,0,90,0,22,0,0,0,0,0
53101303,2,0,10,0,21,0,0,0,0,0
53101401,1,0,100,0,22,0,0,0,0,0
53101402,1,0,100,0,22,0,0,0,0,0
53101403,1,0,100,1,22,10402,0,0,0,0
61100201,1,0,100,0,21,0,0,0,0,0
61100202,1,0,100,0,21,0,0,0,0,0
61100203,1,0,90,0,21,0,0,0,0,0
61100203,2,0,10,0,21,0,0,0,0,0
61100301,1,0,100,0,21,0,0,0,0,0
61100302,1,0,100,0,21,0,0,0,0,0
61100303,1,0,90,0,21,0,0,0,0,0
61100303,2,0,10,0,21,0,0,0,0,0
61100501,1,0,100,0,21,0,0,0,0,0
61100502,1,0,100,0,21,0,0,0,0,0
61100503,1,0,90,0,21,0,0,0,0,0
61100503,2,0,10,0,20,0,0,0,0,0
61100601,1,0,100,0,21,0,0,0,0,0
61100602,1,0,100,0,21,0,0,0,0,0
61100603,1,0,90,0,21,0,0,0,0,0
61100603,2,0,10,0,21,0,0,0,0,0
61100701,1,0,100,0,22,0,0,0,0,0
61100702,1,0,100,0,22,0,0,0,0,0
61100703,1,0,90,0,22,0,0,0,0,0
61100703,2,0,10,0,22,0,0,0,0,0
61100901,1,0,100,0,20,0,0,0,0,0
61100902,1,0,100,0,20,0,0,0,0,0
61100903,1,0,90,0,20,0,0,0,0,0
61100903,2,0,10,0,21,0,0,0,0,0
61101001,1,0,100,0,21,0,0,0,0,0
61101002,1,0,100,0,21,0,0,0,0,0
61101003,1,0,90,0,21,0,0,0,0,0
61101003,2,0,10,0,22,0,0,0,0,0
61101101,1,0,100,0,21,0,0,0,0,0
61101102,1,0,100,0,21,0,0,0,0,0
61101103,1,0,100,1,22,10402,0,0,0,0
62100201,1,0,100,0,21,0,0,0,0,0
62100202,1,0,100,0,21,0,0,0,0,0
62100203,1,0,90,0,21,0,0,0,0,0
62100203,2,0,10,0,22,0,0,0,0,0
62100301,1,0,100,0,21,0,0,0,0,0
62100302,1,0,100,0,21,0,0,0,0,0
62100303,1,0,90,0,21,0,0,0,0,0
62100303,2,0,10,0,21,0,0,0,0,0
62100401,1,0,100,0,21,0,0,0,0,0
62100402,1,0,100,0,21,0,0,0,0,0
62100403,1,0,90,0,21,0,0,0,0,0
62100403,2,0,10,0,22,0,0,0,0,0
62100601,1,0,100,0,22,0,0,0,0,0
62100602,1,0,100,0,22,0,0,0,0,0
62100603,1,0,90,0,22,0,0,0,0,0
62100603,2,0,10,0,20,0,0,0,0,0
62100701,1,0,100,0,22,0,0,0,0,0
62100702,1,0,100,0,22,0,0,0,0,0
62100703,1,0,90,0,22,0,0,0,0,0
62100703,2,0,10,0,22,0,0,0,0,0
62100801,1,0,100,0,21,0,0,0,0,0
62100802,1,0,100,0,21,0,0,0,0,0
62100803,1,0,90,0,21,0,0,0,0,0
62100803,2,0,10,0,22,0,0,0,0,0
62101001,1,0,100,0,21,0,0,0,0,0
62101002,1,0,100,0,21,0,0,0,0,0
62101003,1,0,90,0,21,0,0,0,0,0
62101003,2,0,10,0,21,0,0,0,0,0
62101101,1,0,100,0,22,0,0,0,0,0
62101102,1,0,100,0,22,0,0,0,0,0
62101103,1,0,100,1,22,10402,0,0,0,0
63100201,1,0,100,0,22,0,0,0,0,0
63100202,1,0,100,0,22,0,0,0,0,0
63100203,1,0,90,0,22,0,0,0,0,0
63100203,2,0,10,0,22,0,0,0,0,0
63100301,1,0,100,0,21,0,0,0,0,0
63100302,1,0,100,0,21,0,0,0,0,0
63100303,1,0,90,0,21,0,0,0,0,0
63100303,2,0,10,0,20,0,0,0,0,0
63100401,1,0,100,0,22,0,0,0,0,0
63100402,1,0,100,0,22,0,0,0,0,0
63100403,1,0,90,0,22,0,0,0,0,0
63100403,2,0,10,0,22,0,0,0,0,0
63100601,1,0,100,0,21,0,0,0,0,0
63100602,1,0,100,0,21,0,0,0,0,0
63100603,1,0,90,0,21,0,0,0,0,0
63100603,2,0,10,0,21,0,0,0,0,0
63100701,1,0,100,0,22,0,0,0,0,0
63100702,1,0,100,0,22,0,0,0,0,0
63100703,1,0,90,0,22,0,0,0,0,0
63100703,2,0,10,0,21,0,0,0,0,0
63100801,1,0,100,0,22,0,0,0,0,0
63100802,1,0,100,0,22,0,0,0,0,0
63100803,1,0,90,0,22,0,0,0,0,0
63100803,2,0,10,0,21,0,0,0,0,0
63101001,1,0,100,0,21,0,0,0,0,0
63101002,1,0,100,0,21,0,0,0,0,0
63101003,1,0,90,0,21,0,0,0,0,0
63101003,2,0,10,0,22,0,0,0,0,0
63101101,1,0,100,0,20,0,0,0,0,0
63101102,1,0,100,0,20,0,0,0,0,0
63101103,1,0,90,0,20,0,0,0,0,0
63101103,2,0,10,0,21,0,0,0,0,0
63101201,1,0,100,0,22,0,0,0,0,0
63101202,1,0,100,0,22,0,0,0,0,0
63101203,1,0,100,1,22,10402,0,0,0,0
71100201,1,0,100,0,21,0,0,0,0,0
71100202,1,0,100,0,21,0,0,0,0,0
71100203,1,0,90,0,21,0,0,0,0,0
71100203,2,0,10,0,22,0,0,0,0,0
71100301,1,0,100,0,21,0,0,0,0,0
71100302,1,0,100,0,21,0,0,0,0,0
71100303,1,0,90,0,21,0,0,0,0,0
71100303,2,0,10,0,21,0,0,0,0,0
71100401,1,0,100,0,21,0,0,0,0,0
71100402,1,0,100,0,21,0,0,0,0,0
71100403,1,0,90,0,21,0,0,0,0,0
71100403,2,0,10,0,22,0,0,0,0,0
71100601,1,0,100,0,22,0,0,0,0,0
71100602,1,0,100,0,22,0,0,0,0,0
71100603,1,0,90,0,22,0,0,0,0,0
71100603,2,0,10,0,21,0,0,0,0,0
71100701,1,0,100,0,21,0,0,0,0,0
71100702,1,0,100,0,21,0,0,0,0,0
71100703,1,0,90,0,21,0,0,0,0,0
71100703,2,0,10,0,21,0,0,0,0,0
71100801,1,0,100,0,21,0,0,0,0,0
71100802,1,0,100,0,21,0,0,0,0,0
71100803,1,0,90,0,21,0,0,0,0,0
71100803,2,0,10,0,21,0,0,0,0,0
71101001,1,0,100,0,22,0,0,0,0,0
71101002,1,0,100,0,22,0,0,0,0,0
71101003,1,0,90,0,22,0,0,0,0,0
71101003,2,0,10,0,22,0,0,0,0,0
71101101,1,0,100,0,21,0,0,0,0,0
71101102,1,0,100,0,21,0,0,0,0,0
71101103,1,0,90,0,21,0,0,0,0,0
71101103,2,0,10,0,21,0,0,0,0,0
71101201,1,0,100,0,21,0,0,0,0,0
71101202,1,0,100,0,21,0,0,0,0,0
71101203,1,0,90,0,21,0,0,0,0,0
71101203,2,0,10,0,21,0,0,0,0,0
72100201,1,0,100,0,22,0,0,0,0,0
72100202,1,0,100,0,22,0,0,0,0,0
72100203,1,0,90,0,22,0,0,0,0,0
72100203,2,0,10,0,21,0,0,0,0,0
72100301,1,0,100,0,21,0,0,0,0,0
72100302,1,0,100,0,21,0,0,0,0,0
72100303,1,0,90,0,21,0,0,0,0,0
72100303,2,0,10,0,21,0,0,0,0,0
72100401,1,0,100,0,21,0,0,0,0,0
72100402,1,0,100,0,21,0,0,0,0,0
72100403,1,0,90,0,21,0,0,0,0,0
72100403,2,0,10,0,21,0,0,0,0,0
72100601,1,0,100,0,21,0,0,0,0,0
72100602,1,0,100,0,21,0,0,0,0,0
72100603,1,0,90,0,21,0,0,0,0,0
72100603,2,0,10,0,22,0,0,0,0,0
72100701,1,0,100,0,22,0,0,0,0,0
72100702,1,0,100,0,22,0,0,0,0,0
72100703,1,0,90,0,22,0,0,0,0,0
72100703,2,0,10,0,21,0,0,0,0,0
72100801,1,0,100,1,22,10405,0,0,0,0
72101001,1,0,100,0,22,0,0,0,0,0
72101002,1,0,100,0,22,0,0,0,0,0
72101003,1,0,90,0,22,0,0,0,0,0
72101003,2,0,10,0,21,0,0,0,0,0
72101101,1,0,100,0,22,0,0,0,0,0
72101102,1,0,100,0,22,0,0,0,0,0
72101103,1,0,90,0,22,0,0,0,0,0
72101103,2,0,10,0,20,0,0,0,0,0
72101201,1,0,100,0,21,0,0,0,0,0
72101202,1,0,100,0,21,0,0,0,0,0
72101203,1,0,90,0,21,0,0,0,0,0
72101203,2,0,10,0,21,0,0,0,0,0
72101401,1,0,100,1,22,0,0,0,0,0
72101601,1,0,100,0,22,0,0,0,0,0
72101602,1,0,100,0,22,0,0,0,0,0
72101603,1,0,90,0,22,0,0,0,0,0
72101603,2,0,10,0,21,0,0,0,0,0
72101701,1,0,100,0,22,0,0,0,0,0
72101702,1,0,100,0,22,0,0,0,0,0
72101703,1,0,90,0,22,0,0,0,0,0
72101703,2,0,10,0,21,0,0,0,0,0
72101801,1,0,100,0,22,0,0,0,0,0
72101802,1,0,100,0,22,0,0,0,0,0
72101803,1,0,90,0,22,0,0,0,0,0
72101803,2,0,10,0,22,0,0,0,0,0
72101901,1,0,100,0,21,0,0,0,0,0
72101902,1,0,100,0,21,0,0,0,0,0
72101903,1,0,90,0,21,0,0,0,0,0
72101903,2,0,10,0,21,0,0,0,0,0
73100201,1,0,100,1,22,0,0,0,0,0
73100401,1,0,100,1,22,0,0,0,0,0
73100601,1,0,100,0,21,0,0,0,0,0
73100602,1,0,100,0,21,0,0,0,0,0
73100603,1,0,90,0,21,0,0,0,0,0
73100603,2,0,10,0,22,0,0,0,0,0
73100701,1,0,100,0,21,0,0,0,0,0
73100702,1,0,100,0,21,0,0,0,0,0
73100703,1,0,90,0,21,0,0,0,0,0
73100703,2,0,10,0,21,0,0,0,0,0
73100801,1,0,100,0,22,0,33,0,0,0
73100802,1,0,100,0,22,0,33,0,0,0
73100803,1,0,90,0,22,0,33,0,0,0
73100803,2,0,10,0,22,0,0,0,0,0
73100901,1,0,100,0,22,0,0,0,0,0
73100902,1,0,90,0,22,0,0,0,0,0
73100902,2,0,10,0,21,0,0,0,0,0
73100903,1,0,100,1,22,10402,0,0,0,0
73101101,1,0,100,1,22,0,0,0,0,0
81100201,1,0,100,0,21,0,0,0,0,0
81100202,1,0,100,0,21,0,0,0,0,0
81100203,1,0,90,0,21,0,0,0,0,0
81100203,2,0,10,0,22,0,0,0,0,0
81100401,1,0,100,0,21,0,0,0,0,0
81100402,1,0,100,0,21,0,0,0,0,0
81100403,1,0,90,0,21,0,0,0,0,0
81100403,2,0,10,0,21,0,0,0,0,0
81100601,1,0,100,0,21,0,0,0,0,0
81100602,1,0,100,0,21,0,0,0,0,0
81100603,1,0,90,0,21,0,0,0,0,0
81100603,2,0,10,0,21,0,0,0,0,0
81100801,1,0,100,0,21,0,0,0,0,0
81100802,1,0,100,0,21,0,0,0,0,0
81100803,1,0,90,0,21,0,0,0,0,0
81100803,2,0,10,0,21,0,0,0,0,0
81101001,1,0,100,0,21,0,0,0,0,0
81101002,1,0,100,0,21,0,0,0,0,0
81101003,1,0,90,0,21,0,0,0,0,0
81101003,2,0,10,0,21,0,0,0,0,0
81101101,1,0,100,0,21,0,0,0,0,0
81101102,1,0,100,0,21,0,0,0,0,0
81101103,1,0,90,0,21,0,0,0,0,0
81101103,2,0,10,0,21,0,0,0,0,0
81101201,1,0,100,0,21,0,0,0,0,0
81101202,1,0,100,0,21,0,0,0,0,0
81101203,1,0,90,0,21,0,0,0,0,0
81101203,2,0,10,0,21,0,0,0,0,0
81101401,1,0,100,0,21,0,0,0,0,0
81101402,1,0,100,0,21,0,0,0,0,0
81101403,1,0,90,0,21,0,0,0,0,0
81101403,2,0,10,0,21,0,0,0,0,0
81101601,1,0,100,0,21,0,0,0,0,0
81101602,1,0,90,0,21,0,0,0,0,0
81101602,2,0,10,0,21,0,0,0,0,0
81101603,1,0,100,1,21,10402,0,0,0,0
82100201,1,0,100,0,21,0,0,0,0,0
82100202,1,0,100,0,21,0,0,0,0,0
82100203,1,0,90,0,21,0,0,0,0,0
82100203,2,0,10,0,21,0,0,0,0,0
82100301,1,0,100,0,21,0,0,0,0,0
82100302,1,0,100,0,21,0,0,0,0,0
82100303,1,0,90,0,21,0,0,0,0,0
82100303,2,0,10,0,21,0,0,0,0,0
82100401,1,0,100,0,21,0,0,0,0,0
82100402,1,0,100,0,21,0,0,0,0,0
82100403,1,0,90,0,21,0,0,0,0,0
82100403,2,0,10,0,21,0,0,0,0,0
82100501,1,0,100,0,21,0,0,0,0,0
82100502,1,0,100,0,21,0,0,0,0,0
82100503,1,0,90,0,21,0,0,0,0,0
82100503,2,0,10,0,21,0,0,0,0,0
82100701,1,0,100,0,21,0,0,0,0,0
82100702,1,0,100,0,21,0,0,0,0,0
82100703,1,0,90,0,21,0,0,0,0,0
82100703,2,0,10,0,22,0,0,0,0,0
82100801,1,0,100,1,23,0,0,0,0,0
82101001,1,0,100,0,22,0,0,0,0,0
82101002,1,0,100,0,22,0,0,0,0,0
82101003,1,0,90,0,22,0,0,0,0,0
82101003,2,0,10,0,21,0,0,0,0,0
82101101,1,0,100,1,23,0,0,0,0,0
82101301,1,0,100,0,22,0,0,0,0,0
82101302,1,0,100,0,22,0,0,0,0,0
82101303,1,0,90,0,22,0,0,0,0,0
82101303,2,0,10,0,20,0,0,0,0,0
82101401,1,0,90,1,23,0,0,0,0,0
83100201,1,0,100,0,21,0,0,0,0,0
83100202,1,0,100,0,21,0,0,0,0,0
83100203,1,0,90,0,21,0,0,0,0,0
83100203,2,0,10,0,21,0,0,0,0,0
83100301,1,0,100,1,23,0,0,0,0,0
83100501,1,0,100,0,22,0,0,0,0,0
83100502,1,0,100,0,22,0,0,0,0,0
83100503,1,0,90,0,22,0,0,0,0,0
83100503,2,0,10,0,21,0,0,0,0,0
83100601,1,0,100,0,22,0,0,0,0,0
83100602,1,0,100,0,22,0,0,0,0,0
83100603,1,0,90,0,22,0,0,0,0,0
83100603,2,0,10,0,22,0,0,0,0,0
83100701,1,0,100,0,21,0,0,0,0,0
83100702,1,0,100,0,21,0,0,0,0,0
83100703,1,0,90,0,21,0,0,0,0,0
83100703,2,0,10,0,21,0,0,0,0,0
83100801,1,0,100,0,21,0,0,0,0,0
83100802,1,0,100,0,21,0,0,0,0,0
83100803,1,0,90,0,21,0,0,0,0,0
83100803,2,0,10,0,21,0,0,0,0,0
83101001,1,0,100,0,21,0,0,0,0,0
83101002,1,0,100,0,21,0,0,0,0,0
83101003,1,0,90,0,21,0,0,0,0,0
83101003,2,0,10,0,22,0,0,0,0,0
83101101,1,0,100,0,22,0,0,0,0,0
83101102,1,0,100,0,22,0,0,0,0,0
83101103,1,0,90,0,22,0,0,0,0,0
83101103,2,0,10,0,22,0,0,0,0,0
83101201,1,0,100,0,22,0,0,0,0,0
83101202,1,0,100,0,22,0,0,0,0,0
83101203,1,0,90,0,22,0,0,0,0,0
83101203,2,0,10,0,22,0,0,0,0,0
83101301,1,0,100,0,22,0,0,0,0,0
83101302,1,0,90,0,22,0,0,0,0,0
83101302,2,0,10,0,22,0,0,0,0,0
83101303,1,0,100,1,22,10402,0,0,0,0
91100201,1,0,100,0,21,0,0,0,0,0
91100202,1,0,100,0,21,0,0,0,0,0
91100203,1,0,90,0,21,0,0,0,0,0
91100203,2,0,10,0,22,0,0,0,0,0
91100401,1,0,100,0,21,0,0,0,0,0
91100402,1,0,100,0,21,0,0,0,0,0
91100403,1,0,90,0,21,0,0,0,0,0
91100403,2,0,10,0,21,0,0,0,0,0
91100501,1,0,100,0,21,0,0,0,0,0
91100502,1,0,100,0,21,0,0,0,0,0
91100503,1,0,90,0,21,0,0,0,0,0
91100503,2,0,10,0,22,0,0,0,0,0
91100701,1,0,100,0,22,0,0,0,0,0
91100702,1,0,100,0,22,0,0,0,0,0
91100703,1,0,90,0,22,0,0,0,0,0
91100703,2,0,10,0,21,0,0,0,0,0
91100801,1,0,100,0,21,0,0,0,0,0
91100802,1,0,100,0,21,0,0,0,0,0
91100803,1,0,90,0,21,0,0,0,0,0
91100803,2,0,10,0,21,0,0,0,0,0
91101001,1,0,100,0,21,0,0,0,0,0
91101002,1,0,100,0,21,0,0,0,0,0
91101003,1,0,90,0,21,0,0,0,0,0
91101003,2,0,10,0,21,0,0,0,0,0
91101101,1,0,100,0,22,0,0,0,0,0
91101102,1,0,100,0,22,0,0,0,0,0
91101103,1,0,90,0,22,0,0,0,0,0
91101103,2,0,10,0,22,0,0,0,0,0
91101301,1,0,100,0,21,0,0,0,0,0
91101302,1,0,90,0,21,0,0,0,0,0
91101302,2,0,10,0,21,0,0,0,0,0
91101303,1,0,100,1,21,10402,0,0,0,0
92100201,1,0,100,0,21,0,0,0,0,0
92100202,1,0,100,0,21,0,0,0,0,0
92100203,1,0,90,0,21,0,0,0,0,0
92100203,2,0,10,0,21,0,0,0,0,0
92100401,1,0,100,0,22,0,0,0,0,0
92100402,1,0,100,0,22,0,0,0,0,0
92100403,1,0,90,0,22,0,0,0,0,0
92100403,2,0,10,0,21,0,0,0,0,0
92100501,1,0,100,0,21,0,0,0,0,0
92100502,1,0,100,0,21,0,0,0,0,0
92100503,1,0,90,0,21,0,0,0,0,0
92100503,2,0,10,0,21,0,0,0,0,0
92100701,1,0,100,0,21,0,0,0,0,0
92100702,1,0,100,0,21,0,0,0,0,0
92100703,1,0,90,0,21,0,0,0,0,0
92100703,2,0,10,0,21,0,0,0,0,0
92100801,1,0,100,0,21,0,0,0,0,0
92100802,1,0,100,0,21,0,0,0,0,0
92100803,1,0,90,0,21,0,0,0,0,0
92100803,2,0,10,0,21,0,0,0,0,0
92101001,1,0,100,0,21,0,0,0,0,0
92101002,1,0,100,0,21,0,0,0,0,0
92101003,1,0,90,0,21,0,0,0,0,0
92101003,2,0,10,0,22,0,0,0,0,0
92101101,1,0,100,0,22,0,0,0,0,0
92101102,1,0,100,0,22,0,0,0,0,0
92101103,1,0,90,0,22,0,0,0,0,0
92101103,2,0,10,0,21,0,0,0,0,0
92101301,1,0,100,0,22,0,0,0,0,0
92101302,1,0,100,0,22,0,0,0,0,0
92101303,1,0,90,0,22,0,0,0,0,0
92101303,2,0,10,0,21,0,0,0,0,0
92101401,1,0,100,0,22,0,0,0,0,0
92101402,1,0,90,0,22,0,0,0,0,0
92101402,2,0,10,0,22,0,0,0,0,0
92101403,1,0,100,1,22,10402,0,0,0,0
93100201,1,0,100,0,22,0,0,0,0,0
93100202,1,0,100,0,22,0,0,0,0,0
93100203,1,0,90,0,22,0,0,0,0,0
93100203,2,0,10,0,21,0,0,0,0,0
93100301,1,0,100,0,22,0,0,0,0,0
93100302,1,0,100,0,22,0,0,0,0,0
93100303,1,0,90,0,22,0,0,0,0,0
93100303,2,0,10,0,22,0,0,0,0,0
93100401,1,0,100,0,22,0,0,0,0,0
93100402,1,0,100,0,22,0,0,0,0,0
93100403,1,0,90,0,22,0,0,0,0,0
93100403,2,0,10,0,22,0,0,0,0,0
93100601,1,0,100,0,21,0,0,0,0,0
93100602,1,0,100,0,21,0,0,0,0,0
93100603,1,0,90,0,21,0,0,0,0,0
93100603,2,0,10,0,21,0,0,0,0,0
93100701,1,0,100,0,21,0,0,0,0,0
93100702,1,0,100,0,21,0,0,0,0,0
93100703,1,0,90,0,21,0,0,0,0,0
93100703,2,0,10,0,21,0,0,0,0,0
93100801,1,0,100,0,21,0,0,0,0,0
93100802,1,0,100,0,21,0,0,0,0,0
93100803,1,0,90,0,21,0,0,0,0,0
93100803,2,0,10,0,22,0,0,0,0,0
93101001,1,0,100,0,22,0,0,0,0,0
93101002,1,0,100,0,22,0,0,0,0,0
93101003,1,0,90,0,22,0,0,0,0,0
93101003,2,0,10,0,22,0,0,0,0,0
93101101,1,0,100,1,23,0,0,0,0,0
93101301,1,0,100,0,22,0,0,0,0,0
93101302,1,0,100,0,22,0,0,0,0,0
93101303,1,0,90,0,22,0,0,0,0,0
93101303,2,0,10,0,22,0,0,0,0,0
93101401,1,0,100,1,23,0,0,0,0,0
101100201,1,0,100,0,21,0,0,0,0,0
101100202,1,0,100,0,21,0,0,0,0,0
101100203,1,0,90,0,21,0,0,0,0,0
101100203,2,0,10,0,21,0,0,0,0,0
101100301,1,0,100,0,21,0,0,0,0,0
101100302,1,0,100,0,21,0,0,0,0,0
101100303,1,0,90,0,21,0,0,0,0,0
101100303,2,0,10,0,21,0,0,0,0,0
101100501,1,0,100,0,21,0,0,0,0,0
101100502,1,0,100,0,21,0,0,0,0,0
101100503,1,0,90,0,21,0,0,0,0,0
101100503,2,0,10,0,21,0,0,0,0,0
101100601,1,0,100,0,21,0,0,0,0,0
101100602,1,0,100,0,21,0,0,0,0,0
101100603,1,0,90,0,21,0,0,0,0,0
101100603,2,0,10,0,21,0,0,0,0,0
101100801,1,0,100,0,21,0,0,0,0,0
101100802,1,0,100,0,21,0,0,0,0,0
101100803,1,0,90,0,21,0,0,0,0,0
101100803,2,0,10,0,0,0,0,0,0,0
101100901,1,0,100,0,21,0,0,0,0,0
101100902,1,0,100,0,21,0,0,0,0,0
101100903,1,0,90,0,21,0,0,0,0,0
101100903,2,0,10,0,22,0,0,0,0,0
101101101,1,0,100,0,21,0,0,0,0,0
101101102,1,0,100,0,21,0,0,0,0,0
101101103,1,0,90,0,21,0,0,0,0,0
101101103,2,0,10,0,21,0,0,0,0,0
101101201,1,0,100,0,21,0,0,0,0,0
101101202,1,0,90,0,21,0,0,0,0,0
101101202,2,0,10,0,21,0,0,0,0,0
101101203,1,0,100,1,22,10402,0,0,0,0
102100201,1,0,100,0,21,0,0,0,0,0
102100202,1,0,100,0,21,0,0,0,0,0
102100203,1,0,90,0,21,0,0,0,0,0
102100203,2,0,10,0,21,0,0,0,0,0
102100301,1,0,100,0,22,0,0,0,0,0
102100302,1,0,100,0,22,0,0,0,0,0
102100303,1,0,90,0,22,0,0,0,0,0
102100303,2,0,10,0,22,0,0,0,0,0
102100501,1,0,100,0,22,0,0,0,0,0
102100502,1,0,100,0,22,0,0,0,0,0
102100503,1,0,90,0,22,0,0,0,0,0
102100503,2,0,10,0,22,0,0,0,0,0
102100601,1,0,100,0,22,0,0,0,0,0
102100602,1,0,100,0,22,0,0,0,0,0
102100603,1,0,90,0,22,0,0,0,0,0
102100603,2,0,10,0,21,0,0,0,0,0
102100801,1,0,100,0,22,0,0,0,0,0
102100802,1,0,100,0,22,0,0,0,0,0
102100803,1,0,90,0,22,0,0,0,0,0
102100803,2,0,10,0,22,0,0,0,0,0
102100901,1,0,100,0,21,0,0,0,0,0
102100902,1,0,100,0,21,0,0,0,0,0
102100903,1,0,90,0,21,0,0,0,0,0
102100903,2,0,10,0,21,0,0,0,0,0
102101101,1,0,100,0,22,0,0,0,0,0
102101102,1,0,100,0,22,0,0,0,0,0
102101103,1,0,90,0,22,0,0,0,0,0
102101103,2,0,10,0,22,0,0,0,0,0
102101201,1,0,100,0,22,0,0,0,0,0
102101202,1,0,90,0,22,0,0,0,0,0
102101202,2,0,10,0,22,0,0,0,0,0
102101203,1,0,100,1,22,10402,0,0,0,0
103100201,1,0,100,0,22,0,0,0,0,0
103100202,1,0,100,0,22,0,0,0,0,0
103100203,1,0,90,0,22,0,0,0,0,0
103100203,2,0,10,0,21,0,0,0,0,0
103100301,1,0,100,0,22,0,0,0,0,0
103100302,1,0,100,0,22,0,0,0,0,0
103100303,1,0,90,0,22,0,0,0,0,0
103100303,2,0,10,0,22,0,0,0,0,0
103100501,1,0,100,0,21,0,0,0,0,0
103100502,1,0,100,0,21,0,0,0,0,0
103100503,1,0,90,0,21,0,0,0,0,0
103100503,2,0,10,0,21,0,0,0,0,0
103100601,1,0,100,0,21,0,0,0,0,0
103100602,1,0,100,0,21,0,0,0,0,0
103100603,1,0,90,0,21,0,0,0,0,0
103100603,2,0,10,0,21,0,0,0,0,0
103100801,1,0,100,0,21,0,0,0,0,0
103100802,1,0,100,0,21,0,0,0,0,0
103100803,1,0,90,0,21,0,0,0,0,0
103100803,2,0,10,0,21,0,0,0,0,0
103100901,1,0,100,0,22,0,0,0,0,0
103100902,1,0,100,0,22,0,0,0,0,0
103100903,1,0,90,0,22,0,0,0,0,0
103100903,2,0,10,0,21,0,0,0,0,0
103101101,1,0,100,0,22,0,0,0,0,0
103101102,1,0,100,0,22,0,0,0,0,0
103101103,1,0,90,0,22,0,0,0,0,0
103101103,2,0,10,0,22,0,0,0,0,0
103101201,1,0,100,0,22,0,0,0,0,0
103101202,1,0,100,0,22,0,0,0,0,0
103101203,1,0,90,0,22,0,0,0,0,0
103101203,2,0,10,0,22,0,0,0,0,0
103101301,1,0,100,0,21,0,0,0,0,0
103101302,1,0,100,0,21,0,0,0,0,0
103101302,2,0,90,0,22,0,0,0,0,0
103101303,1,0,10,1,22,10402,0,0,0,0
111100201,1,0,100,0,21,0,0,0,0,0
111100202,1,0,100,0,21,0,0,0,0,0
111100203,1,0,90,0,21,0,0,0,0,0
111100203,2,0,10,0,21,0,0,0,0,0
111100301,1,0,100,0,22,0,0,0,0,0
111100302,1,0,100,0,22,0,0,0,0,0
111100303,1,0,90,0,22,0,0,0,0,0
111100303,2,0,10,0,21,0,0,0,0,0
111100501,1,0,100,0,21,0,0,0,0,0
111100502,1,0,100,0,21,0,0,0,0,0
111100503,1,0,90,0,21,0,0,0,0,0
111100503,2,0,10,0,21,0,0,0,0,0
111100601,1,0,100,0,22,0,0,0,0,0
111100602,1,0,100,0,22,0,0,0,0,0
111100603,1,0,90,0,22,0,0,0,0,0
111100603,2,0,10,0,21,0,0,0,0,0
111100801,1,0,100,0,21,0,0,0,0,0
111100802,1,0,100,0,21,0,0,0,0,0
111100803,1,0,90,0,21,0,0,0,0,0
111100803,2,0,10,0,21,0,0,0,0,0
111100901,1,0,100,0,22,0,0,0,0,0
111100902,1,0,100,0,22,0,0,0,0,0
111100903,1,0,90,0,22,0,0,0,0,0
111100903,2,0,10,0,22,0,0,0,0,0
111101101,1,0,100,0,22,0,0,0,0,0
111101102,1,0,100,0,22,0,0,0,0,0
111101103,1,0,90,0,22,0,0,0,0,0
111101103,2,0,10,0,21,0,0,0,0,0
111101201,1,0,100,0,22,0,0,0,0,0
111101202,1,0,90,0,22,0,0,0,0,0
111101202,2,0,10,0,22,0,0,0,0,0
111101203,1,0,100,1,22,10402,0,0,0,0
112100201,1,0,100,0,22,0,0,0,0,0
112100202,1,0,100,0,22,0,0,0,0,0
112100203,1,0,90,0,22,0,0,0,0,0
112100203,2,0,10,0,21,0,0,0,0,0
112100301,1,0,100,0,22,0,0,0,0,0
112100302,1,0,100,0,22,0,0,0,0,0
112100303,1,0,90,0,22,0,0,0,0,0
112100303,2,0,10,0,22,0,0,0,0,0
112100501,1,0,100,0,21,0,0,0,0,0
112100502,1,0,100,0,21,0,0,0,0,0
112100503,1,0,90,0,21,0,0,0,0,0
112100503,2,0,10,0,21,0,0,0,0,0
112100601,1,0,100,0,22,0,0,0,0,0
112100602,1,0,100,0,22,0,0,0,0,0
112100603,1,0,90,0,22,0,0,0,0,0
112100603,2,0,10,0,22,0,0,0,0,0
112100801,1,0,100,0,22,0,0,0,0,0
112100802,1,0,100,0,22,0,0,0,0,0
112100803,1,0,90,0,22,0,0,0,0,0
112100803,2,0,10,0,21,0,0,0,0,0
112100901,1,0,100,0,22,0,0,0,0,0
112100902,1,0,100,0,22,0,0,0,0,0
112100903,1,0,90,0,22,0,0,0,0,0
112100903,2,0,10,0,22,0,0,0,0,0
112101101,1,0,100,0,22,0,0,0,0,0
112101102,1,0,100,0,22,0,0,0,0,0
112101103,1,0,90,0,22,0,0,0,0,0
112101103,2,0,10,0,21,0,0,0,0,0
112101201,1,0,100,0,21,0,0,0,0,0
112101202,1,0,100,0,21,0,0,0,0,0
112101203,1,0,90,0,21,0,0,0,0,0
112101203,2,0,10,0,21,0,0,0,0,0
112101301,1,0,100,0,22,0,0,0,0,0
112101302,1,0,90,0,22,0,0,0,0,0
112101302,2,0,10,0,22,0,0,0,0,0
112101303,1,0,100,1,22,10402,0,0,0,0
113100201,1,0,100,0,22,0,0,0,0,0
113100202,1,0,100,0,22,0,0,0,0,0
113100203,1,0,90,0,22,0,0,0,0,0
113100203,2,0,10,0,22,0,0,0,0,0
113100301,1,0,100,0,21,0,0,0,0,0
113100302,1,0,100,0,21,0,0,0,0,0
113100303,1,0,90,0,21,0,0,0,0,0
113100303,2,0,10,0,21,0,0,0,0,0
113100501,1,0,100,0,22,0,0,0,0,0
113100502,1,0,100,0,22,0,0,0,0,0
113100503,1,0,90,0,22,0,0,0,0,0
113100503,2,0,10,0,21,0,0,0,0,0
113100601,1,0,100,0,22,0,0,0,0,0
113100602,1,0,100,0,22,0,0,0,0,0
113100603,1,0,90,0,22,0,0,0,0,0
113100603,2,0,10,0,22,0,0,0,0,0
113100701,1,0,100,0,22,0,0,0,0,0
113100702,1,0,100,0,22,0,0,0,0,0
113100703,1,0,90,0,22,0,0,0,0,0
113100703,2,0,10,0,21,0,0,0,0,0
113100901,1,0,100,0,22,0,0,0,0,0
113100902,1,0,100,0,22,0,0,0,0,0
113100903,1,0,90,0,22,0,0,0,0,0
113100903,2,0,10,0,21,0,0,0,0,0
113101001,1,0,100,0,21,0,0,0,0,0
113101002,1,0,100,0,21,0,0,0,0,0
113101003,1,0,90,0,21,0,0,0,0,0
113101003,2,0,10,0,22,0,0,0,0,0
113101101,1,0,100,0,21,0,0,0,0,0
113101102,1,0,90,0,21,0,0,0,0,0
113101102,2,0,10,0,21,0,0,0,0,0
113101103,1,0,100,1,22,10402,0,0,0,0
121100201,1,0,100,0,21,0,0,0,0,0
121100202,1,0,100,0,21,0,0,0,0,0
121100203,1,0,90,0,21,0,0,0,0,0
121100203,2,0,10,0,21,0,0,0,0,0
121100301,1,0,100,0,22,0,0,0,0,0
121100302,1,0,100,0,22,0,0,0,0,0
121100303,1,0,90,0,22,0,0,0,0,0
121100303,2,0,10,0,21,0,0,0,0,0
121100401,1,0,100,0,21,0,0,0,0,0
121100402,1,0,100,0,21,0,0,0,0,0
121100403,1,0,90,0,21,0,0,0,0,0
121100403,2,0,10,0,21,0,0,0,0,0
121100501,1,0,100,0,21,0,0,0,0,0
121100502,1,0,100,0,22,0,0,0,0,0
121100503,1,0,90,0,22,0,0,0,0,0
121100503,2,0,10,0,22,0,0,0,0,0
121100701,1,0,100,0,21,0,0,0,0,0
121100702,1,0,100,0,21,0,0,0,0,0
121100703,1,0,90,0,21,0,0,0,0,0
121100703,2,0,10,0,21,0,0,0,0,0
121100801,1,0,100,0,21,0,0,0,0,0
121100802,1,0,100,0,22,0,0,0,0,0
121100803,1,0,90,0,22,0,0,0,0,0
121100803,2,0,10,0,22,0,0,0,0,0
121100901,1,0,100,0,22,0,0,0,0,0
121100902,1,0,100,0,22,0,0,0,0,0
121100903,1,0,90,0,22,0,0,0,0,0
121100903,2,0,10,0,22,0,0,0,0,0
121101001,1,0,100,0,22,0,0,0,0,0
121101002,1,0,90,0,21,0,0,0,0,0
121101002,2,0,10,0,21,0,0,0,0,0
121101003,1,0,100,1,22,0,0,0,0,0
122100201,1,0,100,0,22,0,0,0,0,0
122100202,1,0,100,0,22,0,0,0,0,0
122100203,1,0,90,0,22,0,0,0,0,0
122100203,2,0,10,0,21,0,0,0,0,0
122100301,1,0,100,0,22,0,0,0,0,0
122100302,1,0,100,0,22,0,0,0,0,0
122100303,1,0,90,0,22,0,0,0,0,0
122100303,2,0,10,0,22,0,0,0,0,0
122100501,1,0,100,0,21,0,0,0,0,0
122100502,1,0,100,0,21,0,0,0,0,0
122100503,1,0,90,0,21,0,0,0,0,0
122100503,2,0,10,0,21,0,0,0,0,0
122100601,1,0,100,0,22,0,0,0,0,0
122100602,1,0,100,0,22,0,0,0,0,0
122100603,1,0,90,0,22,0,0,0,0,0
122100603,2,0,10,0,22,0,0,0,0,0
122100801,1,0,100,0,22,0,0,0,0,0
122100802,1,0,100,0,22,0,0,0,0,0
122100803,1,0,90,0,22,0,0,0,0,0
122100803,2,0,10,0,21,0,0,0,0,0
122100901,1,0,100,0,22,0,0,0,0,0
122100902,1,0,100,0,22,0,0,0,0,0
122100903,1,0,90,0,22,0,0,0,0,0
122100903,2,0,10,0,22,0,0,0,0,0
122101101,1,0,100,0,22,0,0,0,0,0
122101102,1,0,100,0,22,0,0,0,0,0
122101103,1,0,90,0,22,0,0,0,0,0
122101103,2,0,10,0,21,0,0,0,0,0
122101201,1,0,100,0,21,0,0,0,0,0
122101202,1,0,100,0,21,0,0,0,0,0
122101203,1,0,90,0,21,0,0,0,0,0
122101203,2,0,10,0,21,0,0,0,0,0
122101301,1,0,100,0,22,0,0,0,0,0
122101302,1,0,90,0,22,0,0,0,0,0
122101302,2,0,10,0,22,0,0,0,0,0
122101303,1,0,100,1,22,0,0,0,0,0
123100201,1,0,100,0,21,0,0,0,0,0
123100202,1,0,100,0,21,0,0,0,0,0
123100203,1,0,90,0,22,0,0,0,0,0
123100203,2,0,10,0,22,0,0,0,0,0
123100301,1,0,100,0,22,0,0,0,0,0
123100302,1,0,100,0,22,0,0,0,0,0
123100303,1,0,90,0,22,0,0,0,0,0
123100303,2,0,10,0,22,0,0,0,0,0
123100501,1,0,100,0,22,0,0,0,0,0
123100502,1,0,100,0,21,0,0,0,0,0
123100503,1,0,90,0,21,0,0,0,0,0
123100503,2,0,10,0,21,0,0,0,0,0
123100601,1,0,100,0,22,0,0,0,0,0
123100602,1,0,100,0,22,0,0,0,0,0
123100603,1,0,90,0,22,0,0,0,0,0
123100603,2,0,10,0,22,0,0,0,0,0
123100701,1,0,100,0,21,0,0,0,0,0
123100702,1,0,100,0,21,0,0,0,0,0
123100703,1,0,90,0,21,0,0,0,0,0
123100703,2,0,10,0,21,0,0,0,0,0
123100901,1,0,100,0,21,0,0,0,0,0
123100902,1,0,100,0,21,0,0,0,0,0
123100903,1,0,90,0,21,0,0,0,0,0
123100903,2,0,10,0,21,0,0,0,0,0
123101001,1,0,100,0,21,0,0,0,0,0
123101002,1,0,100,0,21,0,0,0,0,0
123101003,1,0,90,0,21,0,0,0,0,0
123101003,2,0,10,0,21,0,0,0,0,0
123101101,1,0,100,0,22,10402,0,0,0,0
123101102,1,0,90,0,22,0,0,0,0,0
123101102,2,0,10,0,22,0,0,0,0,0
123101103,1,0,100,1,22,0,0,0,0,0
131100201,1,0,100,0,21,0,0,0,0,0
131100202,1,0,100,0,21,0,0,0,0,0
131100203,1,0,90,0,21,0,0,0,0,0
131100203,2,0,10,0,21,0,0,0,0,0
131100401,1,0,100,0,22,0,0,0,0,0
131100402,1,0,100,0,22,0,0,0,0,0
131100403,1,0,90,0,21,0,0,0,0,0
131100403,2,0,10,0,21,0,0,0,0,0
131100601,1,0,100,0,21,0,0,0,0,0
131100602,1,0,100,0,21,0,0,0,0,0
131100603,1,0,90,0,21,0,0,0,0,0
131100603,2,0,10,0,22,0,0,0,0,0
131100701,1,0,100,0,22,0,0,0,0,0
131100702,1,0,100,0,22,0,0,0,0,0
131100703,1,0,90,0,21,0,0,0,0,0
131100703,2,0,10,0,21,0,0,0,0,0
131100901,1,0,100,0,21,0,0,0,0,0
131100902,1,0,100,0,21,0,0,0,0,0
131100903,1,0,90,0,21,0,0,0,0,0
131100903,2,0,10,0,22,0,0,0,0,0
131101001,1,0,100,0,22,0,0,0,0,0
131101002,1,0,100,0,22,0,0,0,0,0
131101003,1,0,90,0,22,0,0,0,0,0
131101003,2,0,10,0,22,0,0,0,0,0
131101201,1,0,100,0,22,0,0,0,0,0
131101202,1,0,100,0,22,0,0,0,0,0
131101203,1,0,90,0,22,0,0,0,0,0
131101203,2,0,10,0,22,0,0,0,0,0
131101301,1,0,100,0,21,0,0,0,0,0
131101302,1,0,90,0,21,0,0,0,0,0
131101302,2,0,10,0,21,0,0,0,0,0
131101303,1,0,100,1,22,0,0,0,0,0
132100201,1,0,100,1,102,10402,0,0,0,0
132100401,1,0,100,0,22,0,0,0,0,0
132100402,1,0,100,0,22,0,0,0,0,0
132100403,1,0,90,0,22,0,0,0,0,0
132100403,2,0,10,0,21,0,0,0,0,0
132100501,1,0,100,0,21,0,0,0,0,0
132100502,1,0,100,0,21,0,0,0,0,0
132100503,1,0,90,0,21,0,0,0,0,0
132100503,2,0,10,0,22,0,0,0,0,0
132100701,1,0,100,0,22,0,0,0,0,0
132100702,1,0,100,0,22,0,0,0,0,0
132100703,1,0,90,0,22,0,0,0,0,0
132100703,2,0,10,0,22,0,0,0,0,0
132100801,1,0,100,0,22,0,0,0,0,0
132100802,1,0,90,0,22,0,0,0,0,0
132100802,2,0,10,0,22,0,0,0,0,0
132100803,1,0,100,1,22,0,0,0,0,0
132101001,1,0,100,0,109,0,0,0,0,0
133100201,1,0,100,0,22,0,0,0,0,0
133100202,1,0,100,0,22,0,0,0,0,0
133100203,1,0,90,0,22,0,0,0,0,0
133100203,2,0,10,0,21,0,0,0,0,0
133100301,1,0,100,0,21,0,0,0,0,0
133100302,1,0,100,0,21,0,0,0,0,0
133100303,1,0,90,0,22,0,0,0,0,0
133100303,2,0,10,0,22,0,0,0,0,0
133100401,1,0,100,0,22,0,0,0,0,0
133100402,1,0,100,0,22,0,0,0,0,0
133100403,1,0,90,0,22,0,0,0,0,0
133100403,2,0,10,0,22,0,0,0,0,0
133100501,1,0,100,0,22,0,0,0,0,0
133100502,1,0,100,0,22,0,0,0,0,0
133100502,2,0,100,0,22,0,0,0,0,0
133100503,1,0,90,1,21,0,0,0,0,0
133100701,1,0,100,0,22,0,0,0,0,0
133100702,1,0,100,0,22,0,0,0,0,0
133100703,1,0,90,0,21,0,0,0,0,0
133100703,2,0,10,0,21,0,0,0,0,0
133100801,1,0,100,0,21,0,0,0,0,0
133100802,1,0,100,0,21,0,0,0,0,0
133100803,1,0,90,0,21,0,0,0,0,0
133100803,2,0,10,0,21,0,0,0,0,0
133100901,1,0,100,0,21,0,0,0,0,0
133100902,1,0,100,0,21,0,0,0,0,0
133100902,2,0,100,0,21,0,0,0,0,0
133100903,1,0,90,1,21,0,0,0,0,0
133101101,1,0,100,0,22,0,0,0,0,0
133101102,1,0,100,0,22,0,0,0,0,0
133101103,1,0,90,0,22,0,0,0,0,0
133101103,2,0,10,0,22,0,0,0,0,0
133101201,1,0,100,0,22,0,0,0,0,0
133101202,1,0,100,0,22,0,0,0,0,0
133101203,1,0,90,0,22,0,0,0,0,0
133101203,2,0,10,0,22,0,0,0,0,0
133101301,1,0,100,0,22,0,0,0,0,0
133101302,1,0,100,0,22,0,0,0,0,0
133101303,1,0,90,0,22,0,0,0,0,0
133101303,2,0,10,0,22,0,0,0,0,0
133101401,1,0,100,1,22,0,0,0,0,0
141100201,1,0,100,0,22,0,0,0,0,0
141100202,1,0,100,0,22,0,0,0,0,0
141100203,1,0,90,0,22,0,0,0,0,0
141100203,2,0,10,0,22,0,0,0,0,0
141100301,1,0,100,0,22,0,0,0,0,0
141100302,1,0,100,0,22,0,0,0,0,0
141100303,1,0,90,0,22,0,0,0,0,0
141100303,2,0,10,0,22,0,0,0,0,0
141100501,1,0,100,0,22,0,0,0,0,0
141100502,1,0,100,0,22,0,0,0,0,0
141100503,1,0,90,0,22,0,0,0,0,0
141100503,2,0,10,0,22,0,0,0,0,0
141100601,1,0,100,0,22,0,0,0,0,0
141100602,1,0,100,0,22,0,0,0,0,0
141100603,1,0,90,0,22,0,0,0,0,0
141100603,2,0,10,0,22,0,0,0,0,0
141100801,1,0,100,0,22,0,0,0,0,0
141100802,1,0,100,0,22,0,0,0,0,0
141100803,1,0,90,0,22,0,0,0,0,0
141100803,2,0,10,0,22,0,0,0,0,0
141100901,1,0,100,0,22,0,0,0,0,0
141100902,1,0,100,0,22,0,0,0,0,0
141100903,1,0,90,0,22,0,0,0,0,0
141100903,2,0,10,0,22,0,0,0,0,0
141101101,1,0,100,0,22,0,0,0,0,0
141101102,1,0,100,0,22,0,0,0,0,0
141101103,1,0,90,0,22,0,0,0,0,0
141101103,2,0,10,0,22,0,0,0,0,0
141101201,1,0,100,0,22,0,0,0,0,0
141101202,1,0,90,0,22,0,0,0,0,0
141101202,2,0,10,0,22,0,0,0,0,0
141101203,1,0,100,1,22,0,0,0,0,0
142100201,1,0,100,0,22,0,0,0,0,0
142100202,1,0,100,0,22,0,0,0,0,0
142100203,1,0,90,0,22,0,0,0,0,0
142100203,2,0,10,0,22,0,0,0,0,0
142100301,1,0,100,0,22,0,0,0,0,0
142100302,1,0,100,0,22,0,0,0,0,0
142100303,1,0,90,0,22,0,0,0,0,0
142100303,2,0,10,0,22,0,0,0,0,0
142100501,1,0,100,0,22,0,0,0,0,0
142100502,1,0,100,0,22,0,0,0,0,0
142100503,1,0,90,0,22,0,0,0,0,0
142100503,2,0,10,0,22,0,0,0,0,0
142100601,1,0,100,0,22,0,0,0,0,0
142100602,1,0,100,0,22,0,0,0,0,0
142100603,1,0,90,0,22,0,0,0,0,0
142100603,2,0,10,0,22,0,0,0,0,0
142100801,1,0,100,0,22,0,0,0,0,0
142100802,1,0,100,0,22,0,0,0,0,0
142100803,1,0,90,0,22,0,0,0,0,0
142100803,2,0,10,0,22,0,0,0,0,0
142100901,1,0,100,0,22,0,0,0,0,0
142100902,1,0,100,0,22,0,0,0,0,0
142100903,1,0,90,0,22,0,0,0,0,0
142100903,2,0,10,0,22,0,0,0,0,0
142101101,1,0,100,0,22,0,0,0,0,0
142101102,1,0,100,0,22,0,0,0,0,0
142101103,1,0,90,0,22,0,0,0,0,0
142101103,2,0,10,0,22,0,0,0,0,0
142101201,1,0,100,0,22,0,0,0,0,0
142101202,1,0,90,0,22,0,0,0,0,0
142101202,2,0,10,0,22,0,0,0,0,0
142101203,1,0,100,1,22,0,0,0,0,0
143100201,1,0,100,0,22,0,0,0,0,0
143100202,1,0,100,0,22,0,0,0,0,0
143100203,1,0,90,0,22,0,0,0,0,0
143100203,2,0,10,0,22,0,0,0,0,0
143100301,1,0,100,0,22,0,0,0,0,0
143100302,1,0,100,0,22,0,0,0,0,0
143100303,1,0,90,0,22,0,0,0,0,0
143100303,2,0,10,0,22,0,0,0,0,0
143100501,1,0,100,0,22,0,0,0,0,0
143100502,1,0,100,0,22,0,0,0,0,0
143100503,1,0,90,0,22,0,0,0,0,0
143100503,2,0,10,0,22,0,0,0,0,0
143100601,1,0,100,0,22,0,0,0,0,0
143100602,1,0,100,0,22,0,0,0,0,0
143100603,1,0,90,0,22,0,0,0,0,0
143100603,2,0,10,0,22,0,0,0,0,0
143100801,1,0,100,0,22,0,0,0,0,0
143100802,1,0,100,0,22,0,0,0,0,0
143100803,1,0,90,0,22,0,0,0,0,0
143100803,2,0,10,0,22,0,0,0,0,0
143100901,1,0,100,0,22,0,0,0,0,0
143100902,1,0,100,0,22,0,0,0,0,0
143100903,1,0,90,0,22,0,0,0,0,0
143100903,2,0,10,0,22,0,0,0,0,0
143101101,1,0,100,0,22,0,0,0,0,0
143101102,1,0,100,0,22,0,0,0,0,0
143101103,1,0,90,0,22,0,0,0,0,0
143101103,2,0,10,0,22,0,0,0,0,0
143101201,1,0,100,0,22,0,0,0,0,0
143101202,1,0,100,0,22,0,0,0,0,0
143101203,1,0,90,0,22,0,0,0,0,0
143101203,2,0,10,0,22,0,0,0,0,0
143101301,1,0,100,0,22,0,0,0,0,0
143101302,1,0,90,0,22,0,0,0,0,0
143101302,2,0,10,0,22,0,0,0,0,0
143101303,1,0,100,1,22,0,0,0,0,0
151100201,1,0,100,0,22,0,0,0,0,0
151100202,1,0,100,0,22,0,0,0,0,0
151100203,1,0,90,0,22,0,0,0,0,0
151100203,2,0,10,0,22,0,0,0,0,0
151100401,1,0,100,0,22,0,0,0,0,0
151100402,1,0,100,0,22,0,0,0,0,0
151100403,1,0,90,0,22,0,0,0,0,0
151100403,2,0,10,0,22,0,0,0,0,0
151100601,1,0,100,0,22,0,0,0,0,0
151100602,1,0,100,0,22,0,0,0,0,0
151100603,1,0,90,0,22,0,0,0,0,0
151100603,2,0,10,0,22,0,0,0,0,0
151100801,1,0,100,0,22,0,0,0,0,0
151100802,1,0,100,0,22,0,0,0,0,0
151100803,1,0,90,0,22,0,0,0,0,0
151100803,2,0,10,0,22,0,0,0,0,0
151101001,1,0,100,0,22,0,0,0,0,0
151101002,1,0,100,0,22,0,0,0,0,0
151101003,1,0,90,0,22,0,0,0,0,0
151101003,2,0,10,0,22,0,0,0,0,0
151101101,1,0,100,0,22,0,0,0,0,0
151101102,1,0,100,0,22,0,0,0,0,0
151101103,1,0,90,0,22,0,0,0,0,0
151101103,2,0,10,0,22,0,0,0,0,0
151101301,1,0,100,0,22,0,0,0,0,0
151101302,1,0,100,0,22,0,0,0,0,0
151101303,1,0,90,0,22,0,0,0,0,0
151101303,2,0,10,0,22,0,0,0,0,0
151101401,1,0,100,0,22,0,0,0,0,0
151101402,1,0,90,0,22,0,0,0,0,0
151101402,2,0,10,0,22,0,0,0,0,0
151101403,1,0,100,1,22,0,0,0,0,0
152100201,1,0,100,0,22,0,0,0,0,0
152100202,1,0,100,0,22,0,0,0,0,0
152100203,1,0,90,0,22,0,0,0,0,0
152100203,2,0,10,0,22,0,0,0,0,0
152100401,1,0,100,0,22,0,0,0,0,0
152100402,1,0,100,0,22,0,0,0,0,0
152100403,1,0,90,0,22,0,0,0,0,0
152100403,2,0,10,0,22,0,0,0,0,0
152100501,1,0,100,0,22,0,0,0,0,0
152100502,1,0,100,0,22,0,0,0,0,0
152100503,1,0,90,0,22,0,0,0,0,0
152100503,2,0,10,0,22,0,0,0,0,0
152100701,1,0,100,0,22,0,0,0,0,0
152100702,1,0,100,0,22,0,0,0,0,0
152100703,1,0,90,0,22,0,0,0,0,0
152100703,2,0,10,0,22,0,0,0,0,0
152100801,1,0,100,0,22,0,0,0,0,0
152100802,1,0,100,0,22,0,0,0,0,0
152100803,1,0,90,0,22,0,0,0,0,0
152100803,2,0,10,0,22,0,0,0,0,0
152101001,1,0,100,0,22,0,0,0,0,0
152101002,1,0,100,0,22,0,0,0,0,0
152101003,1,0,90,0,22,0,0,0,0,0
152101003,2,0,10,0,22,0,0,0,0,0
152101101,1,0,100,0,22,0,0,0,0,0
152101102,1,0,100,0,22,0,0,0,0,0
152101103,1,0,90,0,22,0,0,0,0,0
152101103,2,0,10,0,22,0,0,0,0,0
152101301,1,0,100,0,22,0,0,0,0,0
152101302,1,0,100,0,22,0,0,0,0,0
152101303,1,0,90,0,22,0,0,0,0,0
152101303,2,0,10,0,22,0,0,0,0,0
152101401,1,0,100,0,22,0,0,0,0,0
152101402,1,0,90,0,22,0,0,0,0,0
152101402,2,0,10,0,22,0,0,0,0,0
152101403,1,0,100,1,22,0,0,0,0,0
153100201,1,0,100,0,22,0,0,0,0,0
153100202,1,0,100,0,22,0,0,0,0,0
153100203,1,0,90,0,22,0,0,0,0,0
153100203,2,0,10,0,22,0,0,0,0,0
153100301,1,0,100,0,22,0,0,0,0,0
153100302,1,0,100,0,22,0,0,0,0,0
153100303,1,0,90,0,22,0,0,0,0,0
153100303,2,0,10,0,22,0,0,0,0,0
153100501,1,0,100,0,22,0,0,0,0,0
153100502,1,0,100,0,22,0,0,0,0,0
153100503,1,0,90,0,22,0,0,0,0,0
153100503,2,0,10,0,22,0,0,0,0,0
153100601,1,0,100,0,22,0,0,0,0,0
153100602,1,0,100,0,22,0,0,0,0,0
153100603,1,0,90,0,22,0,0,0,0,0
153100603,2,0,10,0,22,0,0,0,0,0
153100701,1,0,100,0,22,0,0,0,0,0
153100702,1,0,100,0,22,0,0,0,0,0
153100703,1,0,90,0,22,0,0,0,0,0
153100703,2,0,10,0,22,0,0,0,0,0
153100901,1,0,100,0,22,0,0,0,0,0
153100902,1,0,100,0,22,0,0,0,0,0
153100903,1,0,90,0,22,0,0,0,0,0
153100903,2,0,10,0,22,0,0,0,0,0
153101001,1,0,100,0,22,0,0,0,0,0
153101002,1,0,100,0,22,0,0,0,0,0
153101003,1,0,90,0,22,0,0,0,0,0
153101003,2,0,10,0,22,0,0,0,0,0
153101101,1,0,100,0,22,0,0,0,0,0
153101102,1,0,90,0,22,0,0,0,0,0
153101102,2,0,10,0,22,0,0,0,0,0
153101103,1,0,100,0,22,0,0,0,0,0
161100201,1,0,100,0,22,0,0,0,0,0
161100202,1,0,100,0,22,0,0,0,0,0
161100203,1,0,90,0,22,0,0,0,0,0
161100203,2,0,10,0,22,0,0,0,0,0
161100301,1,0,100,0,22,0,0,0,0,0
161100302,1,0,100,0,22,0,0,0,0,0
161100303,1,0,90,0,22,0,0,0,0,0
161100303,2,0,10,0,22,0,0,0,0,0
161100501,1,0,100,1,22,0,0,0,0,0
161100601,1,0,100,1,22,0,0,0,0,0
161100801,1,0,100,0,22,0,0,0,0,0
161100802,1,0,100,0,22,0,0,0,0,0
161100803,1,0,90,0,22,0,0,0,0,0
161100803,2,0,10,0,22,0,0,0,0,0
161100901,1,0,100,0,22,0,0,0,0,0
161100902,1,0,100,0,22,0,0,0,0,0
161100903,1,0,90,0,22,0,0,0,0,0
161100903,2,0,10,0,22,0,0,0,0,0
161101101,1,0,100,0,22,0,0,0,0,0
161101102,1,0,100,0,22,0,0,0,0,0
161101103,1,0,90,0,22,0,0,0,0,0
161101103,2,0,10,0,22,0,0,0,0,0
161101201,1,0,100,0,22,0,0,0,0,0
161101202,1,0,90,0,22,0,0,0,0,0
161101202,2,0,10,0,22,0,0,0,0,0
161101203,1,0,100,1,22,0,0,0,0,0
162100201,1,0,100,0,22,0,0,0,0,0
162100202,1,0,100,0,22,0,0,0,0,0
162100203,1,0,90,0,22,0,0,0,0,0
162100203,2,0,10,0,22,0,0,0,0,0
162100301,1,0,100,0,22,0,0,0,0,0
162100302,1,0,100,0,22,0,0,0,0,0
162100303,1,0,90,0,22,0,0,0,0,0
162100303,2,0,10,0,22,0,0,0,0,0
162100501,1,0,100,0,22,0,0,0,0,0
162100502,1,0,100,0,22,0,0,0,0,0
162100503,1,0,90,0,22,0,0,0,0,0
162100503,2,0,10,0,22,0,0,0,0,0
162100601,1,0,100,0,22,0,0,0,0,0
162100602,1,0,100,0,22,0,0,0,0,0
162100603,1,0,90,0,22,0,0,0,0,0
162100603,2,0,10,0,22,0,0,0,0,0
162100801,1,0,100,0,22,0,0,0,0,0
162100802,1,0,100,0,22,0,0,0,0,0
162100803,1,0,90,0,22,0,0,0,0,0
162100803,2,0,10,0,22,0,0,0,0,0
162100901,1,0,100,0,22,0,0,0,0,0
162100902,1,0,100,0,22,0,0,0,0,0
162100903,1,0,90,0,22,0,0,0,0,0
162100903,2,0,10,0,22,0,0,0,0,0
162101101,1,0,100,0,24,0,0,0,0,0
162101102,1,0,100,0,24,0,0,0,0,0
162101103,1,0,90,0,24,0,0,0,0,0
162101103,2,0,10,0,24,0,0,0,0,0
162101201,1,0,100,0,22,0,0,0,0,0
162101202,1,0,90,0,24,0,0,0,0,0
162101202,2,0,10,0,24,0,0,0,0,0
162101203,1,0,100,1,22,0,0,0,0,0
163100201,1,0,100,0,24,0,0,0,0,0
163100202,1,0,100,0,24,0,0,0,0,0
163100203,1,0,90,0,24,0,0,0,0,0
163100203,2,0,10,0,24,0,0,0,0,0
163100301,1,0,100,0,24,0,0,0,0,0
163100302,1,0,90,0,24,0,0,0,0,0
163100302,2,0,10,0,24,0,0,0,0,0
163100303,1,0,100,0,24,0,0,0,0,0
163100401,1,0,100,0,24,0,0,0,0,0
163100402,1,0,100,0,24,0,0,0,0,0
163100403,1,0,90,0,24,0,0,0,0,0
163100403,2,0,10,0,24,0,0,0,0,0
163100501,1,0,100,0,24,0,0,0,0,0
163100502,1,0,100,0,24,0,0,0,0,0
163100503,1,0,90,0,24,0,0,0,0,0
163100503,2,0,10,0,24,0,0,0,0,0
163100701,1,0,100,0,24,0,0,0,0,0
163100801,1,0,100,0,24,0,0,0,0,0
163100802,1,0,100,0,24,0,0,0,0,0
163100803,1,0,90,0,24,0,0,0,0,0
163100803,2,0,10,0,24,0,0,0,0,0
163101001,1,0,100,0,22,0,0,0,0,0
163101002,1,0,100,0,24,0,0,0,0,0
163101003,1,0,90,0,22,0,0,0,0,0
163101003,2,0,10,0,22,0,0,0,0,0
163101101,1,0,100,0,22,0,0,0,0,0
163101102,1,0,100,0,24,0,0,0,0,0
163101103,1,0,90,0,22,0,0,0,0,0
163101103,2,0,10,0,22,0,0,0,0,0
163101301,1,0,100,0,22,0,0,0,0,0
163101302,1,0,90,0,24,0,0,0,0,0
163101302,2,0,10,0,24,0,0,0,0,0
163101303,1,0,100,1,22,0,0,0,0,0
171100201,1,0,100,0,22,0,0,0,0,0
171100202,1,0,100,0,24,0,0,0,0,0
171100203,1,0,90,0,22,0,0,0,0,0
171100203,2,0,10,0,22,0,0,0,0,0
171100301,1,0,100,0,22,0,0,0,0,0
171100302,1,0,100,0,24,0,0,0,0,0
171100303,1,0,90,0,22,0,0,0,0,0
171100303,2,0,10,0,22,0,0,0,0,0
171100501,1,0,100,0,22,0,0,0,0,0
171100502,1,0,100,0,24,0,0,0,0,0
171100503,1,0,90,0,22,0,0,0,0,0
171100503,2,0,10,0,22,0,0,0,0,0
171100601,1,0,100,0,22,0,0,0,0,0
171100602,1,0,100,0,24,0,0,0,0,0
171100603,1,0,90,0,22,0,0,0,0,0
171100603,2,0,10,0,22,0,0,0,0,0
171100801,1,0,100,0,22,0,0,0,0,0
171100802,1,0,100,0,24,0,0,0,0,0
171100803,1,0,90,0,22,0,0,0,0,0
171100803,2,0,10,0,22,0,0,0,0,0
171100901,1,0,100,0,22,0,0,0,0,0
171100902,1,0,100,0,24,0,0,0,0,0
171100903,1,0,90,0,22,0,0,0,0,0
171100903,2,0,10,0,22,0,0,0,0,0
171101101,1,0,100,0,22,0,0,0,0,0
171101102,1,0,100,0,22,0,0,0,0,0
171101103,1,0,90,0,22,0,0,0,0,0
171101103,2,0,10,0,22,0,0,0,0,0
171101201,1,0,100,0,22,0,0,0,0,0
171101202,1,0,90,0,22,0,0,0,0,0
171101202,2,0,10,0,22,0,0,0,0,0
171101203,1,0,100,1,22,0,0,0,0,0
172100201,1,0,100,0,22,0,0,0,0,0
172100202,1,0,100,0,22,0,0,0,0,0
172100203,1,0,90,0,22,0,0,0,0,0
172100203,2,0,10,0,22,0,0,0,0,0
172100301,1,0,100,0,22,0,0,0,0,0
172100302,1,0,100,0,22,0,0,0,0,0
172100303,1,0,90,0,22,0,0,0,0,0
172100303,2,0,10,0,22,0,0,0,0,0
172100501,1,0,100,0,22,0,0,0,0,0
172100502,1,0,100,0,22,0,0,0,0,0
172100503,1,0,90,0,22,0,0,0,0,0
172100503,2,0,10,0,22,0,0,0,0,0
172100601,1,0,100,0,22,0,0,0,0,0
172100602,1,0,100,0,22,0,0,0,0,0
172100603,1,0,90,0,22,0,0,0,0,0
172100603,2,0,10,0,22,0,0,0,0,0
172100801,1,0,100,0,22,0,0,0,0,0
172100802,1,0,100,0,24,0,0,0,0,0
172100803,1,0,90,0,22,0,0,0,0,0
172100803,2,0,10,0,22,0,0,0,0,0
172100901,1,0,100,0,22,0,0,0,0,0
172100902,1,0,90,0,24,0,0,0,0,0
172100902,2,0,10,0,24,0,0,0,0,0
172100903,1,0,100,1,22,0,0,0,0,0
173100201,1,0,100,0,22,0,0,0,0,0
173100202,1,0,100,0,24,0,0,0,0,0
173100203,1,0,90,0,22,0,0,0,0,0
173100203,2,0,10,0,22,0,0,0,0,0
173100301,1,0,100,0,22,0,0,0,0,0
173100302,1,0,100,0,24,0,0,0,0,0
173100303,1,0,90,0,22,0,0,0,0,0
173100303,2,0,10,0,22,0,0,0,0,0
173100501,1,0,100,0,22,0,0,0,0,0
173100502,1,0,100,0,24,0,0,0,0,0
173100503,1,0,90,0,22,0,0,0,0,0
173100503,2,0,10,0,22,0,0,0,0,0
173100601,1,0,100,0,22,0,0,0,0,0
173100602,1,0,100,0,24,0,0,0,0,0
173100603,1,0,90,0,22,0,0,0,0,0
173100603,2,0,10,0,22,0,0,0,0,0
173100801,1,0,100,0,22,0,0,0,0,0
173100802,1,0,100,0,24,0,0,0,0,0
173100803,1,0,90,0,22,0,0,0,0,0
173100803,2,0,10,0,22,0,0,0,0,0
173100901,1,0,100,0,22,0,0,0,0,0
173100902,1,0,100,0,24,0,0,0,0,0
173100903,1,0,90,0,22,0,0,0,0,0
173100903,2,0,10,0,22,0,0,0,0,0
173101101,1,0,100,0,22,0,0,0,0,0
173101102,1,0,100,0,22,0,0,0,0,0
173101103,1,0,90,0,22,0,0,0,0,0
173101103,2,0,10,0,22,0,0,0,0,0
173101201,1,0,100,0,22,0,0,0,0,0
173101202,1,0,100,0,22,0,0,0,0,0
173101203,1,0,90,0,22,0,0,0,0,0
173101203,2,0,10,0,22,0,0,0,0,0
173101401,1,0,100,0,22,0,0,0,0,0
173101402,1,0,100,0,24,0,0,0,0,0
173101403,1,0,90,0,22,0,0,0,0,0
173101403,2,0,10,0,22,0,0,0,0,0
173101501,1,0,100,0,22,0,0,0,0,0
173101502,1,0,100,0,24,0,0,0,0,0
173101503,1,0,90,0,22,0,0,0,0,0
173101503,2,0,10,0,22,0,0,0,0,0
173101601,1,0,100,0,22,0,0,0,0,0
173101602,1,0,90,0,24,0,0,0,0,0
173101602,2,0,10,0,24,0,0,0,0,0
173101603,1,0,100,1,22,0,0,0,0,0
181100201,1,0,100,0,24,0,0,0,0,0
181100202,1,0,100,0,24,0,0,0,0,0
181100203,1,0,90,0,24,0,0,0,0,0
181100203,2,0,10,0,24,0,0,0,0,0
181100301,1,0,100,0,24,0,0,0,0,0
181100302,1,0,100,0,24,0,0,0,0,0
181100303,1,0,90,0,24,0,0,0,0,0
181100303,2,0,10,0,24,0,0,0,0,0
181100501,1,0,100,0,24,0,0,0,0,0
181100502,1,0,100,0,24,0,0,0,0,0
181100503,1,0,90,0,24,0,0,0,0,0
181100503,2,0,10,0,24,0,0,0,0,0
181100601,1,0,100,0,24,0,0,0,0,0
181100602,1,0,100,0,24,0,0,0,0,0
181100603,1,0,90,0,24,0,0,0,0,0
181100603,2,0,10,0,24,0,0,0,0,0
181100801,1,0,100,0,24,0,0,0,0,0
181100802,1,0,100,0,24,0,0,0,0,0
181100803,1,0,90,0,24,0,0,0,0,0
181100803,2,0,10,0,24,0,0,0,0,0
181100901,1,0,100,0,24,0,0,0,0,0
181100902,1,0,100,0,24,0,0,0,0,0
181100903,1,0,90,0,24,0,0,0,0,0
181100903,2,0,10,0,24,0,0,0,0,0
181101101,1,0,100,0,24,0,0,0,0,0
181101102,1,0,100,0,24,0,0,0,0,0
181101103,1,0,90,0,24,0,0,0,0,0
181101103,2,0,10,0,24,0,0,0,0,0
181101201,1,0,100,0,24,0,0,0,0,0
181101202,1,0,100,0,24,0,0,0,0,0
181101203,1,0,90,0,24,0,0,0,0,0
181101203,2,0,10,0,24,0,0,0,0,0
181101401,1,0,100,0,22,0,0,0,0,0
181101402,1,0,90,0,24,0,0,0,0,0
181101402,2,0,10,0,24,0,0,0,0,0
181101403,1,0,100,1,22,0,0,0,0,0
182100201,1,0,100,0,24,0,0,0,0,0
182100202,1,0,100,0,24,0,0,0,0,0
182100203,1,0,90,0,24,0,0,0,0,0
182100203,2,0,10,0,24,0,0,0,0,0
182100301,1,0,100,0,24,0,0,0,0,0
182100302,1,0,100,0,24,0,0,0,0,0
182100303,1,0,90,0,24,0,0,0,0,0
182100303,2,0,10,0,24,0,0,0,0,0
182100401,1,0,100,0,24,0,0,0,0,0
182100402,1,0,100,0,24,0,0,0,0,0
182100403,1,0,90,0,24,0,0,0,0,0
182100403,2,0,10,0,24,0,0,0,0,0
182100601,1,0,100,0,24,0,0,0,0,0
182100602,1,0,100,0,24,0,0,0,0,0
182100603,1,0,90,0,24,0,0,0,0,0
182100603,2,0,10,0,24,0,0,0,0,0
182100701,1,0,100,0,24,0,0,0,0,0
182100702,1,0,100,0,24,0,0,0,0,0
182100703,1,0,90,0,24,0,0,0,0,0
182100703,2,0,10,0,24,0,0,0,0,0
182100901,1,0,100,0,24,0,0,0,0,0
182100902,1,0,100,0,24,0,0,0,0,0
182100903,1,0,90,0,24,0,0,0,0,0
182100903,2,0,10,0,24,0,0,0,0,0
182101001,1,0,100,0,24,0,0,0,0,0
182101002,1,0,100,0,24,0,0,0,0,0
182101003,1,0,90,0,24,0,0,0,0,0
182101003,2,0,10,0,24,0,0,0,0,0
182101201,1,0,100,0,24,0,0,0,0,0
182101202,1,0,100,0,24,0,0,0,0,0
182101203,1,0,90,0,24,0,0,0,0,0
182101203,2,0,10,0,24,0,0,0,0,0
182101301,1,0,100,0,22,0,0,0,0,0
182101302,1,0,90,0,24,0,0,0,0,0
182101302,2,0,10,0,24,0,0,0,0,0
182101303,1,0,100,1,22,0,0,0,0,0
183100201,1,0,100,0,24,0,0,0,0,0
183100202,1,0,100,0,24,0,0,0,0,0
183100203,1,0,90,0,24,0,0,0,0,0
183100203,2,0,10,0,24,0,0,0,0,0
183100301,1,0,100,0,24,0,0,0,0,0
183100302,1,0,100,0,24,0,0,0,0,0
183100303,1,0,90,0,24,0,0,0,0,0
183100303,2,0,10,0,24,0,0,0,0,0
183100401,1,0,100,0,24,0,0,0,0,0
183100402,1,0,100,0,24,0,0,0,0,0
183100403,1,0,90,0,24,0,0,0,0,0
183100403,2,0,10,0,24,0,0,0,0,0
183100601,1,0,100,0,24,0,0,0,0,0
183100602,1,0,100,0,24,0,0,0,0,0
183100603,1,0,90,0,24,0,0,0,0,0
183100603,2,0,10,0,24,0,0,0,0,0
183100701,1,0,100,0,24,0,0,0,0,0
183100702,1,0,100,0,24,0,0,0,0,0
183100703,1,0,90,0,24,0,0,0,0,0
183100703,2,0,10,0,24,0,0,0,0,0
183100901,1,0,100,0,24,0,0,0,0,0
183100902,1,0,100,0,24,0,0,0,0,0
183100903,1,0,90,0,24,0,0,0,0,0
183100903,2,0,10,0,24,0,0,0,0,0
183101001,1,0,100,0,22,0,0,0,0,0
183101002,1,0,90,0,22,0,0,0,0,0
183101002,2,0,10,0,22,0,0,0,0,0
183101003,1,0,100,1,22,0,0,0,0,0
191100201,1,0,100,0,22,0,0,0,0,0
191100202,1,0,100,0,22,0,0,0,0,0
191100203,1,0,90,0,22,0,0,0,0,0
191100203,2,0,10,0,22,0,0,0,0,0
191100301,1,0,100,0,22,0,0,0,0,0
191100302,1,0,100,0,22,0,0,0,0,0
191100303,1,0,90,0,22,0,0,0,0,0
191100303,2,0,10,0,22,0,0,0,0,0
191100501,1,0,100,0,22,0,0,0,0,0
191100502,1,0,100,0,22,0,0,0,0,0
191100503,1,0,90,0,22,0,0,0,0,0
191100503,2,0,10,0,22,0,0,0,0,0
191100601,1,0,100,0,22,0,0,0,0,0
191100602,1,0,100,0,22,0,0,0,0,0
191100603,1,0,90,0,22,0,0,0,0,0
191100603,2,0,10,0,22,0,0,0,0,0
191100801,1,0,100,0,22,0,0,0,0,0
191100802,1,0,100,0,22,0,0,0,0,0
191100803,1,0,90,0,22,0,0,0,0,0
191100803,2,0,10,0,22,0,0,0,0,0
191100901,1,0,100,0,22,0,0,0,0,0
191100902,1,0,100,0,22,0,0,0,0,0
191100903,1,0,90,0,22,0,0,0,0,0
191100903,2,0,10,0,22,0,0,0,0,0
191101001,1,0,100,0,22,0,0,0,0,0
191101002,1,0,90,0,22,0,0,0,0,0
191101002,2,0,10,0,22,0,0,0,0,0
191101003,1,0,100,1,22,0,0,0,0,0
192100201,1,0,100,0,22,0,0,0,0,0
192100202,1,0,100,0,22,0,0,0,0,0
192100203,1,0,90,0,22,0,0,0,0,0
192100203,2,0,10,0,22,0,0,0,0,0
192100301,1,0,100,0,22,0,0,0,0,0
192100302,1,0,100,0,22,0,0,0,0,0
192100303,1,0,90,0,22,0,0,0,0,0
192100303,2,0,10,0,22,0,0,0,0,0
192100501,1,0,100,0,22,0,0,0,0,0
192100502,1,0,100,0,22,0,0,0,0,0
192100503,1,0,90,0,22,0,0,0,0,0
192100503,2,0,10,0,22,0,0,0,0,0
192100601,1,0,100,0,22,0,0,0,0,0
192100602,1,0,100,0,22,0,0,0,0,0
192100603,1,0,90,0,22,0,0,0,0,0
192100603,2,0,10,0,22,0,0,0,0,0
192100801,1,0,100,0,22,0,0,0,0,0
192100802,1,0,100,0,22,0,0,0,0,0
192100803,1,0,90,0,22,0,0,0,0,0
192100803,2,0,10,0,22,0,0,0,0,0
192100901,1,0,100,0,22,0,0,0,0,0
192100902,1,0,100,0,22,0,0,0,0,0
192100903,1,0,90,0,22,0,0,0,0,0
192100903,2,0,10,0,22,0,0,0,0,0
192101101,1,0,100,0,22,0,0,0,0,0
192101102,1,0,100,0,22,0,0,0,0,0
192101103,1,0,90,0,22,0,0,0,0,0
192101103,2,0,10,0,22,0,0,0,0,0
192101201,1,0,100,0,22,0,0,0,0,0
192101202,1,0,90,0,22,0,0,0,0,0
192101202,2,0,10,0,22,0,0,0,0,0
192101203,1,0,100,1,22,0,0,0,0,0
193100201,1,0,100,0,24,0,0,0,0,0
193100202,1,0,100,0,24,0,0,0,0,0
193100203,1,0,90,0,24,0,0,0,0,0
193100203,2,0,10,0,24,0,0,0,0,0
193100301,1,0,100,0,24,0,0,0,0,0
193100302,1,0,100,0,24,0,0,0,0,0
193100303,1,0,90,0,24,0,0,0,0,0
193100303,2,0,10,0,24,0,0,0,0,0
193100401,1,0,100,0,24,0,0,0,0,0
193100402,1,0,100,0,24,0,0,0,0,0
193100403,1,0,90,0,24,0,0,0,0,0
193100403,2,0,10,0,24,0,0,0,0,0
193100601,1,0,100,0,24,0,0,0,0,0
193100602,1,0,100,0,24,0,0,0,0,0
193100603,1,0,90,0,24,0,0,0,0,0
193100603,2,0,10,0,24,0,0,0,0,0
193100701,1,0,100,0,24,0,0,0,0,0
193100702,1,0,100,0,24,0,0,0,0,0
193100703,1,0,90,0,24,0,0,0,0,0
193100703,2,0,10,0,24,0,0,0,0,0
193100801,1,0,100,0,24,0,0,0,0,0
193100802,1,0,100,0,24,0,0,0,0,0
193100802,2,0,10,0,24,0,0,0,0,0
193100803,1,0,100,0,24,0,0,0,0,0
193101001,1,0,100,0,24,0,0,0,0,0
193101002,1,0,100,0,24,0,0,0,0,0
193101003,1,0,90,0,24,0,0,0,0,0
193101003,2,0,10,0,24,0,0,0,0,0
193101201,1,0,100,0,24,0,0,0,0,0
193101202,1,0,100,0,24,0,0,0,0,0
193101203,1,0,90,0,24,0,0,0,0,0
193101203,2,0,10,0,24,0,0,0,0,0
193101401,1,0,100,0,24,0,0,0,0,0
193101402,1,0,100,0,24,0,0,0,0,0
193101403,1,0,90,0,24,0,0,0,0,0
193101403,2,0,10,0,24,0,0,0,0,0
193101601,1,0,100,0,22,0,0,0,0,0
193101602,1,0,90,0,24,0,0,0,0,0
193101602,2,0,10,0,24,0,0,0,0,0
193101603,1,0,100,1,22,0,0,0,0,0
201100201,1,0,100,0,22,0,0,0,0,0
201100202,1,0,100,0,22,0,0,0,0,0
201100203,1,0,90,0,22,0,0,0,0,0
201100203,2,0,10,0,22,0,0,0,0,0
201100301,1,0,100,0,22,0,0,0,0,0
201100302,1,0,100,0,22,0,0,0,0,0
201100303,1,0,90,0,22,0,0,0,0,0
201100303,2,0,10,0,22,0,0,0,0,0
201100501,1,0,100,0,22,0,0,0,0,0
201100502,1,0,100,0,22,0,0,0,0,0
201100503,1,0,90,0,22,0,0,0,0,0
201100503,2,0,10,0,22,0,0,0,0,0
201100601,1,0,100,0,22,0,0,0,0,0
201100602,1,0,100,0,22,0,0,0,0,0
201100603,1,0,90,0,22,0,0,0,0,0
201100603,2,0,10,0,22,0,0,0,0,0
201100701,1,0,100,0,22,0,0,0,0,0
201100702,1,0,100,0,22,0,0,0,0,0
201100703,1,0,90,0,22,0,0,0,0,0
201100703,2,0,10,0,22,0,0,0,0,0
201100901,1,0,100,0,22,0,0,0,0,0
201100902,1,0,100,0,22,0,0,0,0,0
201100903,1,0,90,0,22,0,0,0,0,0
201100903,2,0,10,0,22,0,0,0,0,0
201101001,1,0,100,0,22,0,0,0,0,0
201101002,1,0,100,0,22,0,0,0,0,0
201101003,1,0,90,0,22,0,0,0,0,0
201101003,2,0,10,0,22,0,0,0,0,0
201101101,1,0,100,0,22,0,0,0,0,0
201101102,1,0,90,0,22,0,0,0,0,0
201101102,2,0,10,0,22,0,0,0,0,0
201101103,1,0,100,1,22,0,0,0,0,0
202100201,1,0,100,0,22,0,0,0,0,0
202100202,1,0,100,0,22,0,0,0,0,0
202100203,1,0,90,0,22,0,0,0,0,0
202100203,2,0,10,0,22,0,0,0,0,0
202100301,1,0,100,0,22,0,0,0,0,0
202100302,1,0,100,0,22,0,0,0,0,0
202100303,1,0,90,0,22,0,0,0,0,0
202100303,2,0,10,0,22,0,0,0,0,0
202100501,1,0,100,0,22,0,0,0,0,0
202100502,1,0,100,0,22,0,0,0,0,0
202100503,1,0,90,0,22,0,0,0,0,0
202100503,2,0,10,0,22,0,0,0,0,0
202100601,1,0,100,0,22,0,0,0,0,0
202100602,1,0,100,0,22,0,0,0,0,0
202100603,1,0,90,0,22,0,0,0,0,0
202100603,2,0,10,0,22,0,0,0,0,0
202100801,1,0,100,0,22,0,0,0,0,0
202100802,1,0,100,0,22,0,0,0,0,0
202100803,1,0,90,0,22,0,0,0,0,0
202100803,2,0,10,0,22,0,0,0,0,0
202100901,1,0,100,0,22,0,0,0,0,0
202100902,1,0,100,0,22,0,0,0,0,0
202100903,1,0,90,0,22,0,0,0,0,0
202100903,2,0,10,0,22,0,0,0,0,0
202101101,1,0,100,0,22,0,0,0,0,0
202101102,1,0,100,0,22,0,0,0,0,0
202101103,1,0,90,0,22,0,0,0,0,0
202101103,2,0,10,0,22,0,0,0,0,0
202101201,1,0,100,0,22,0,0,0,0,0
202101202,1,0,100,0,22,0,0,0,0,0
202101203,1,0,90,0,22,0,0,0,0,0
202101203,2,0,10,0,22,0,0,0,0,0
202101301,1,0,100,0,22,0,0,0,0,0
202101302,1,0,90,0,22,0,0,0,0,0
202101302,2,0,10,0,22,0,0,0,0,0
202101303,1,0,100,1,22,0,0,0,0,0
203100201,1,0,100,0,22,0,0,0,0,0
203100202,1,0,100,0,22,0,0,0,0,0
203100203,1,0,90,0,22,0,0,0,0,0
203100203,2,0,10,0,22,0,0,0,0,0
203100301,1,0,100,0,22,0,0,0,0,0
203100302,1,0,100,0,22,0,0,0,0,0
203100303,1,0,90,0,22,0,0,0,0,0
203100303,2,0,10,0,22,0,0,0,0,0
203100401,1,0,100,0,22,0,0,0,0,0
203100402,1,0,100,0,22,0,0,0,0,0
203100403,1,0,90,0,22,0,0,0,0,0
203100403,2,0,10,0,22,0,0,0,0,0
203100601,1,0,100,0,22,0,0,0,0,0
203100602,1,0,100,0,22,0,0,0,0,0
203100603,1,0,90,0,22,0,0,0,0,0
203100603,2,0,10,0,22,0,0,0,0,0
203100701,1,0,100,0,22,0,0,0,0,0
203100702,1,0,100,0,22,0,0,0,0,0
203100703,1,0,90,0,22,0,0,0,0,0
203100703,2,0,10,0,22,0,0,0,0,0
203100801,1,0,100,0,22,0,0,0,0,0
203100802,1,0,100,0,22,0,0,0,0,0
203100803,1,0,90,0,22,0,0,0,0,0
203100803,2,0,10,0,22,0,0,0,0,0
203101001,1,0,100,0,22,0,0,0,0,0
203101002,1,0,100,0,22,0,0,0,0,0
203101003,1,0,90,0,22,0,0,0,0,0
203101003,2,0,10,0,22,0,0,0,0,0
203101101,1,0,100,0,22,0,0,0,0,0
203101102,1,0,90,0,22,0,0,0,0,0
203101102,2,0,10,0,22,0,0,0,0,0
203101103,1,0,100,1,22,0,0,0,0,0
211100201,1,0,100,0,22,0,0,0,0,0
211100202,1,0,100,0,22,0,0,0,0,0
211100203,1,0,90,0,22,0,0,0,0,0
211100203,2,0,10,0,22,0,0,0,0,0
211100301,1,0,100,0,22,0,0,0,0,0
211100302,1,0,100,0,22,0,0,0,0,0
211100303,1,0,90,0,22,0,0,0,0,0
211100303,2,0,10,0,22,0,0,0,0,0
211100501,1,0,100,0,22,0,0,0,0,0
211100502,1,0,100,0,22,0,0,0,0,0
211100503,1,0,90,0,22,0,0,0,0,0
211100503,2,0,10,0,22,0,0,0,0,0
211100701,1,0,100,0,22,0,0,0,0,0
211100702,1,0,100,0,22,0,0,0,0,0
211100703,1,0,90,0,22,0,0,0,0,0
211100703,2,0,10,0,22,0,0,0,0,0
211100801,1,0,100,0,22,0,0,0,0,0
211100802,1,0,100,0,22,0,0,0,0,0
211100803,1,0,90,0,22,0,0,0,0,0
211100803,2,0,10,0,22,0,0,0,0,0
211101001,1,0,100,0,22,0,0,0,0,0
211101002,1,0,100,0,22,0,0,0,0,0
211101003,1,0,90,0,22,0,0,0,0,0
211101003,2,0,10,0,22,0,0,0,0,0
211101201,1,0,100,0,22,0,0,0,0,0
211101202,1,0,100,0,22,0,0,0,0,0
211101203,1,0,90,0,22,0,0,0,0,0
211101203,2,0,10,0,22,0,0,0,0,0
211101401,1,0,100,0,22,0,0,0,0,0
211101402,1,0,100,0,22,0,0,0,0,0
211101403,1,0,90,0,22,0,0,0,0,0
211101403,2,0,10,0,22,0,0,0,0,0
211101601,1,0,100,0,22,0,0,0,0,0
211101602,1,0,90,0,22,0,0,0,0,0
211101602,2,0,10,0,22,0,0,0,0,0
211101603,1,0,100,1,22,0,0,0,0,0
212100201,1,0,100,0,22,0,0,0,0,0
212100202,1,0,100,0,22,0,0,0,0,0
212100203,1,0,90,0,22,0,0,0,0,0
212100203,2,0,10,0,22,0,0,0,0,0
212100301,1,0,100,0,22,0,0,0,0,0
212100302,1,0,100,0,22,0,0,0,0,0
212100303,1,0,90,0,22,0,0,0,0,0
212100303,2,0,10,0,22,0,0,0,0,0
212100401,1,0,100,0,22,0,0,0,0,0
212100402,1,0,100,0,22,0,0,0,0,0
212100403,1,0,90,0,22,0,0,0,0,0
212100403,2,0,10,0,22,0,0,0,0,0
212100601,1,0,100,0,22,0,0,0,0,0
212100602,1,0,100,0,22,0,0,0,0,0
212100603,1,0,90,0,22,0,0,0,0,0
212100603,2,0,10,0,22,0,0,0,0,0
212100701,1,0,100,0,22,0,0,0,0,0
212100702,1,0,100,0,22,0,0,0,0,0
212100703,1,0,90,0,22,0,0,0,0,0
212100703,2,0,10,0,22,0,0,0,0,0
212100801,1,0,100,0,22,0,0,0,0,0
212100802,1,0,100,0,22,0,0,0,0,0
212100803,1,0,90,0,22,0,0,0,0,0
212100803,2,0,10,0,22,0,0,0,0,0
212101001,1,0,100,0,22,0,0,0,0,0
212101002,1,0,100,0,22,0,0,0,0,0
212101003,1,0,90,0,22,0,0,0,0,0
212101003,2,0,10,0,22,0,0,0,0,0
212101101,1,0,100,0,22,0,0,0,0,0
212101102,1,0,90,0,22,0,0,0,0,0
212101102,2,0,10,0,22,0,0,0,0,0
212101103,1,0,100,1,22,0,0,0,0,0
213100201,1,0,100,0,22,0,0,0,0,0
213100202,1,0,100,0,22,0,0,0,0,0
213100203,1,0,90,0,22,0,0,0,0,0
213100203,2,0,10,0,22,0,0,0,0,0
213100301,1,0,100,0,22,0,0,0,0,0
213100302,1,0,100,0,22,0,0,0,0,0
213100303,1,0,90,0,22,0,0,0,0,0
213100303,2,0,10,0,22,0,0,0,0,0
213100501,1,0,100,0,22,0,0,0,0,0
213100502,1,0,100,0,22,0,0,0,0,0
213100503,1,0,90,0,22,0,0,0,0,0
213100503,2,0,10,0,22,0,0,0,0,0
213100601,1,0,100,0,22,0,0,0,0,0
213100602,1,0,100,0,22,0,0,0,0,0
213100603,1,0,90,0,22,0,0,0,0,0
213100603,2,0,10,0,22,0,0,0,0,0
213100801,1,0,100,0,22,0,0,0,0,0
213100802,1,0,90,0,22,0,0,0,0,0
213100803,1,0,10,0,22,0,0,0,0,0
213100803,2,0,100,0,22,0,0,0,0,0
213100901,1,0,100,0,22,0,0,0,0,0
213100902,1,0,90,0,22,0,0,0,0,0
213100903,1,0,10,0,22,0,0,0,0,0
213100903,2,0,100,0,22,0,0,0,0,0
213101101,1,0,100,0,22,0,0,0,0,0
213101102,1,0,100,0,22,0,0,0,0,0
213101103,1,0,90,0,22,0,0,0,0,0
213101103,2,0,10,0,22,0,0,0,0,0
213101201,1,0,100,0,22,0,0,0,0,0
213101202,1,0,90,0,22,0,0,0,0,0
213101202,2,0,10,0,22,0,0,0,0,0
213101203,1,0,100,1,22,0,0,0,0,0
221100201,1,0,100,0,22,0,0,0,0,0
221100202,1,0,100,0,22,0,0,0,0,0
221100203,1,0,90,0,22,0,0,0,0,0
221100203,2,0,10,0,22,0,0,0,0,0
221100301,1,0,100,0,22,0,0,0,0,0
221100302,1,0,100,0,22,0,0,0,0,0
221100303,1,0,90,0,22,0,0,0,0,0
221100303,2,0,10,0,22,0,0,0,0,0
221100501,1,0,100,0,22,0,0,0,0,0
221100502,1,0,100,0,22,0,0,0,0,0
221100503,1,0,90,0,22,0,0,0,0,0
221100503,2,0,10,0,22,0,0,0,0,0
221100601,1,0,100,0,22,0,0,0,0,0
221100602,1,0,100,0,22,0,0,0,0,0
221100603,1,0,90,0,22,0,0,0,0,0
221100603,2,0,10,0,22,0,0,0,0,0
221100801,1,0,100,0,22,0,0,0,0,0
221100802,1,0,100,0,22,0,0,0,0,0
221100803,1,0,90,0,22,0,0,0,0,0
221100803,2,0,10,0,22,0,0,0,0,0
221100901,1,0,100,0,22,0,0,0,0,0
221100902,1,0,100,0,22,0,0,0,0,0
221100903,1,0,90,0,22,0,0,0,0,0
221100903,2,0,10,0,22,0,0,0,0,0
221101001,1,0,100,0,22,0,0,0,0,0
221101002,1,0,90,0,22,0,0,0,0,0
221101002,2,0,10,0,22,0,0,0,0,0
221101003,1,0,100,0,22,0,0,0,0,0
222100201,1,0,100,0,22,0,0,0,0,0
222100202,1,0,100,0,22,0,0,0,0,0
222100203,1,0,90,0,22,0,0,0,0,0
222100203,2,0,10,0,22,0,0,0,0,0
222100401,1,0,100,0,22,0,0,0,0,0
222100402,1,0,100,0,22,0,0,0,0,0
222100403,1,0,90,0,22,0,0,0,0,0
222100403,2,0,10,0,22,0,0,0,0,0
222100601,1,0,100,0,22,0,0,0,0,0
222100602,1,0,100,0,22,0,0,0,0,0
222100603,1,0,90,0,22,0,0,0,0,0
222100603,2,0,10,0,22,0,0,0,0,0
222100701,1,0,100,0,22,0,0,0,0,0
222100702,1,0,100,0,22,0,0,0,0,0
222100703,1,0,90,0,22,0,0,0,0,0
222100703,2,0,10,0,22,0,0,0,0,0
222100901,1,0,100,0,22,0,0,0,0,0
222100902,1,0,100,0,22,0,0,0,0,0
222100903,1,0,90,0,22,0,0,0,0,0
222100903,2,0,10,0,22,0,0,0,0,0
222101001,1,0,100,0,22,0,0,0,0,0
222101002,1,0,100,0,22,0,0,0,0,0
222101003,1,0,90,0,22,0,0,0,0,0
222101003,2,0,10,0,22,0,0,0,0,0
222101101,1,0,100,0,22,0,0,0,0,0
222101102,1,0,90,0,22,0,0,0,0,0
222101102,2,0,10,0,22,0,0,0,0,0
222101103,1,0,100,0,22,0,0,0,0,0
223100201,1,0,100,0,22,0,0,0,0,0
223100202,1,0,100,0,22,0,0,0,0,0
223100203,1,0,90,0,22,0,0,0,0,0
223100203,2,0,10,0,22,0,0,0,0,0
223100301,1,0,100,0,22,0,0,0,0,0
223100302,1,0,100,0,22,0,0,0,0,0
223100303,1,0,90,0,22,0,0,0,0,0
223100303,2,0,10,0,22,0,0,0,0,0
223100401,1,0,100,0,22,0,0,0,0,0
223100402,1,0,100,0,22,0,0,0,0,0
223100403,1,0,90,0,22,0,0,0,0,0
223100403,2,0,10,0,22,0,0,0,0,0
223100601,1,0,100,0,22,0,0,0,0,0
223100602,1,0,100,0,22,0,0,0,0,0
223100603,1,0,90,0,22,0,0,0,0,0
223100603,2,0,10,0,22,0,0,0,0,0
223100701,1,0,100,0,22,0,0,0,0,0
223100702,1,0,100,0,22,0,0,0,0,0
223100703,1,0,90,0,22,0,0,0,0,0
223100703,2,0,10,0,22,0,0,0,0,0
223100901,1,0,100,0,22,0,0,0,0,0
223100902,1,0,100,0,22,0,0,0,0,0
223100903,1,0,90,0,22,0,0,0,0,0
223100903,2,0,10,0,22,0,0,0,0,0
223101001,1,0,100,0,22,0,0,0,0,0
223101002,1,0,100,0,22,0,0,0,0,0
223101003,1,0,90,0,22,0,0,0,0,0
223101003,2,0,10,0,22,0,0,0,0,0
223101201,1,0,100,0,22,0,0,0,0,0
223101202,1,0,100,0,22,0,0,0,0,0
223101203,1,0,90,0,22,0,0,0,0,0
223101203,2,0,10,0,22,0,0,0,0,0
223101301,1,0,100,0,22,0,0,0,0,0
223101302,1,0,100,0,22,0,0,0,0,0
223101303,1,0,90,0,22,0,0,0,0,0
223101303,2,0,10,0,22,0,0,0,0,0
223101501,1,0,100,0,22,0,0,0,0,0
223101502,1,0,100,0,22,0,0,0,0,0
223101503,1,0,90,0,22,0,0,0,0,0
223101503,2,0,10,0,22,0,0,0,0,0
223101601,1,0,100,0,22,0,0,0,0,0
223101602,1,0,90,0,22,0,0,0,0,0
223101602,2,0,10,0,22,0,0,0,0,0
223101603,1,0,100,0,22,0,0,0,0,0
231100201,1,0,100,0,22,0,0,0,0,0
231100202,1,0,100,0,22,0,0,0,0,0
231100203,1,0,90,0,22,0,0,0,0,0
231100203,2,0,10,0,22,0,0,0,0,0
231100301,1,0,100,0,22,0,0,0,0,0
231100302,1,0,100,0,22,0,0,0,0,0
231100303,1,0,90,0,22,0,0,0,0,0
231100303,2,0,10,0,22,0,0,0,0,0
231100401,1,0,100,0,22,0,0,0,0,0
231100402,1,0,100,0,22,0,0,0,0,0
231100403,1,0,90,0,22,0,0,0,0,0
231100403,2,0,10,0,22,0,0,0,0,0
231100601,1,0,100,0,22,0,0,0,0,0
231100602,1,0,100,0,22,0,0,0,0,0
231100603,1,0,90,0,22,0,0,0,0,0
231100603,2,0,10,0,22,0,0,0,0,0
231100701,1,0,100,0,22,0,0,0,0,0
231100702,1,0,100,0,22,0,0,0,0,0
231100703,1,0,90,0,22,0,0,0,0,0
231100703,2,0,10,0,22,0,0,0,0,0
231100901,1,0,100,0,22,0,0,0,0,0
231101001,1,0,100,0,22,0,0,0,0,0
231101101,1,0,100,0,22,0,0,0,0,0
232100201,1,0,100,0,22,0,0,0,0,0
232100301,1,0,100,0,22,0,0,0,0,0
232100501,1,0,100,0,22,0,0,0,0,0
232100502,1,0,100,0,22,0,0,0,0,0
232100503,1,0,90,0,22,0,0,0,0,0
232100503,2,0,10,0,22,0,0,0,0,0
232100601,1,0,100,0,22,0,0,0,0,0
232100602,1,0,100,0,22,0,0,0,0,0
232100603,1,0,90,0,22,0,0,0,0,0
232100603,2,0,10,0,22,0,0,0,0,0
232100801,1,0,100,0,22,0,0,0,0,0
232100901,1,0,100,0,22,0,0,0,0,0
232101001,1,0,100,0,22,0,0,0,0,0
233100201,1,0,100,0,22,0,0,0,0,0
233100202,1,0,100,0,22,0,0,0,0,0
233100203,1,0,90,0,22,0,0,0,0,0
233100203,2,0,10,0,22,0,0,0,0,0
233100301,1,0,100,0,22,0,0,0,0,0
233100302,1,0,100,0,22,0,0,0,0,0
233100303,1,0,90,0,22,0,0,0,0,0
233100303,2,0,10,0,22,0,0,0,0,0
233100501,1,0,100,0,22,0,0,0,0,0
233100502,1,0,100,0,22,0,0,0,0,0
233100503,1,0,90,0,22,0,0,0,0,0
233100503,2,0,10,0,22,0,0,0,0,0
233100601,1,0,100,0,22,0,0,0,0,0
233100602,1,0,100,0,22,0,0,0,0,0
233100603,1,0,90,0,22,0,0,0,0,0
233100603,2,0,10,0,22,0,0,0,0,0
233100801,1,0,100,0,22,0,0,0,0,0
233100802,1,0,100,0,22,0,0,0,0,0
233100803,1,0,90,0,22,0,0,0,0,0
233100803,2,0,10,0,22,0,0,0,0,0
233100901,1,0,100,0,22,0,0,0,0,0
233100902,1,0,100,0,22,0,0,0,0,0
233100903,1,0,90,0,22,0,0,0,0,0
233100903,2,0,10,0,22,0,0,0,0,0
233101101,1,0,100,0,22,0,0,0,0,0
233101102,1,0,100,0,22,0,0,0,0,0
233101103,1,0,90,0,22,0,0,0,0,0
233101103,2,0,10,0,22,0,0,0,0,0
233101201,1,0,100,0,22,0,0,0,0,0
233101202,1,0,100,0,22,0,0,0,0,0
233101203,1,0,90,0,22,0,0,0,0,0
233101203,2,0,10,0,22,0,0,0,0,0
233101401,1,0,100,0,22,0,0,0,0,0
233101402,1,0,100,0,22,0,0,0,0,0
233101403,1,0,90,0,22,0,0,0,0,0
233101403,2,0,10,0,22,0,0,0,0,0
233101501,1,0,100,0,22,0,0,0,0,0
233101502,1,0,90,0,22,0,0,0,0,0
233101502,2,0,10,0,22,0,0,0,0,0
233101503,1,0,100,0,22,0,0,0,0,0
241100201,1,0,100,0,22,0,0,0,0,0
241100202,1,0,100,0,22,0,0,0,0,0
241100203,1,0,90,0,22,0,0,0,0,0
241100203,2,0,10,0,22,0,0,0,0,0
241100301,1,0,100,0,22,0,0,0,0,0
241100302,1,0,100,0,22,0,0,0,0,0
241100303,1,0,90,0,22,0,0,0,0,0
241100303,2,0,10,0,22,0,0,0,0,0
241100501,1,0,100,1,102,0,0,0,0,0
241100601,1,0,100,1,102,0,0,0,0,0
241100801,1,0,100,1,102,0,0,0,0,0
241100901,1,0,100,1,102,0,0,0,0,0
241101201,1,0,100,0,22,0,0,0,0,0
241101202,1,0,100,0,22,0,0,0,0,0
241101203,1,0,90,0,22,0,0,0,0,0
241101203,2,0,10,0,22,0,0,0,0,0
241101301,1,0,100,0,22,0,0,0,0,0
241101302,1,0,100,0,22,0,0,0,0,0
241101303,1,0,90,0,22,0,0,0,0,0
241101303,2,0,10,0,22,0,0,0,0,0
242100201,1,0,100,0,22,0,0,0,0,0
242100202,1,0,100,0,22,0,0,0,0,0
242100203,1,0,90,0,22,0,0,0,0,0
242100203,2,0,10,0,22,0,0,0,0,0
242100401,1,0,100,0,22,0,0,0,0,0
242100402,1,0,100,0,22,0,0,0,0,0
242100403,1,0,90,0,22,0,0,0,0,0
242100403,2,0,10,0,22,0,0,0,0,0
242100501,1,0,100,0,22,0,0,0,0,0
242100502,1,0,90,0,22,0,0,0,0,0
242100502,2,0,10,0,22,0,0,0,0,0
242100503,1,0,100,1,22,0,0,0,0,0
242100701,1,0,100,1,102,0,0,0,0,0
242100801,1,0,100,1,102,0,0,0,0,0
242101001,1,0,100,0,22,0,0,0,0,0
242101002,1,0,100,0,22,0,0,0,0,0
242101003,1,0,90,0,22,0,0,0,0,0
242101003,2,0,10,0,22,0,0,0,0,0
242101201,1,0,100,0,22,0,0,0,0,0
242101202,1,0,100,0,22,0,0,0,0,0
242101203,1,0,90,0,22,0,0,0,0,0
242101203,2,0,10,0,22,0,0,0,0,0
242101401,1,0,100,0,22,0,0,0,0,0
242101402,1,0,100,0,22,0,0,0,0,0
242101403,1,0,90,0,22,0,0,0,0,0
242101403,2,0,10,0,22,0,0,0,0,0
242101501,1,0,100,0,22,0,0,0,0,0
242101502,1,0,100,0,22,0,0,0,0,0
242101503,1,0,90,0,22,0,0,0,0,0
242101503,2,0,10,0,22,0,0,0,0,0
242101701,1,0,100,0,22,0,0,0,0,0
242101702,1,0,100,0,22,0,0,0,0,0
242101703,1,0,90,0,22,0,0,0,0,0
242101703,2,0,10,0,22,0,0,0,0,0
242101801,1,0,100,0,22,0,0,0,0,0
242101802,1,0,100,0,22,0,0,0,0,0
242101803,1,0,90,0,22,0,0,0,0,0
242101803,2,0,10,0,22,0,0,0,0,0
243100201,1,0,100,0,22,0,0,0,0,0
243100202,1,0,100,0,22,0,0,0,0,0
243100203,1,0,90,0,22,0,0,0,0,0
243100203,2,0,10,0,22,0,0,0,0,0
243100301,1,0,100,0,22,0,0,0,0,0
243100302,1,0,100,0,22,0,0,0,0,0
243100303,1,0,90,0,22,0,0,0,0,0
243100303,2,0,10,0,22,0,0,0,0,0
243100501,1,0,100,0,22,0,0,0,0,0
243100502,1,0,100,0,22,0,0,0,0,0
243100503,1,0,90,0,22,0,0,0,0,0
243100503,2,0,10,0,22,0,0,0,0,0
243100701,1,0,100,0,22,0,0,0,0,0
243100702,1,0,100,0,22,0,0,0,0,0
243100703,1,0,90,0,22,0,0,0,0,0
243100703,2,0,10,0,22,0,0,0,0,0
243100801,1,0,100,0,22,0,0,0,0,0
243100802,1,0,100,0,22,0,0,0,0,0
243100803,1,0,90,0,22,0,0,0,0,0
243100803,2,0,10,0,22,0,0,0,0,0
243101101,1,0,100,0,22,0,0,0,0,0
243101102,1,0,100,0,22,0,0,0,0,0
243101103,1,0,90,0,22,0,0,0,0,0
243101103,2,0,10,0,22,0,0,0,0,0
243101201,1,0,100,0,22,0,0,0,0,0
243101202,1,0,90,0,22,0,0,0,0,0
243101202,2,0,10,0,22,0,0,0,0,0
243101203,1,0,100,1,22,0,0,0,0,0
251100201,1,0,100,0,22,0,0,0,0,0
251100202,1,0,100,0,22,0,0,0,0,0
251100203,1,0,90,0,22,0,0,0,0,0
251100203,2,0,10,0,22,0,0,0,0,0
251100401,1,0,100,0,22,0,0,0,0,0
251100402,1,0,100,0,22,0,0,0,0,0
251100403,1,0,90,0,22,0,0,0,0,0
251100403,2,0,10,0,22,0,0,0,0,0
251100601,1,0,100,0,22,0,0,0,0,0
251100602,1,0,100,0,22,0,0,0,0,0
251100603,1,0,90,0,22,0,0,0,0,0
251100603,2,0,10,0,22,0,0,0,0,0
251100701,1,0,100,0,22,0,0,0,0,0
251100702,1,0,100,0,22,0,0,0,0,0
251100703,1,0,90,0,22,0,0,0,0,0
251100703,2,0,10,0,22,0,0,0,0,0
251100901,1,0,100,0,22,0,0,0,0,0
251100902,1,0,100,0,22,0,0,0,0,0
251100903,1,0,90,0,22,0,0,0,0,0
251100903,2,0,10,0,22,0,0,0,0,0
251101001,1,0,100,0,22,0,0,0,0,0
251101002,1,0,100,0,22,0,0,0,0,0
251101003,1,0,90,0,22,0,0,0,0,0
251101003,2,0,10,0,22,0,0,0,0,0
251101201,1,0,100,0,22,0,0,0,0,0
251101202,1,0,100,0,22,0,0,0,0,0
251101203,1,0,90,0,22,0,0,0,0,0
251101203,2,0,10,0,22,0,0,0,0,0
251101301,1,0,100,0,22,0,0,0,0,0
251101302,1,0,90,0,22,0,0,0,0,0
251101303,1,0,10,0,22,0,0,0,0,0
251101303,2,0,100,0,22,0,0,0,0,0
251101501,1,0,100,0,22,0,0,0,0,0
251101502,1,0,90,0,22,0,0,0,0,0
251101502,2,0,10,0,22,0,0,0,0,0
251101503,1,0,100,1,22,0,0,0,0,0
252100201,1,0,100,0,22,0,0,0,0,0
252100202,1,0,100,0,22,0,0,0,0,0
252100203,1,0,90,0,22,0,0,0,0,0
252100203,2,0,10,0,22,0,0,0,0,0
252100401,1,0,100,0,22,0,0,0,0,0
252100402,1,0,100,0,22,0,0,0,0,0
252100403,1,0,90,0,22,0,0,0,0,0
252100403,2,0,10,0,22,0,0,0,0,0
252100501,1,0,100,0,22,0,0,0,0,0
252100502,1,0,100,0,22,0,0,0,0,0
252100503,1,0,90,0,22,0,0,0,0,0
252100503,2,0,10,0,22,0,0,0,0,0
252100701,1,0,100,0,22,0,0,0,0,0
252100702,1,0,100,0,22,0,0,0,0,0
252100703,1,0,90,0,22,0,0,0,0,0
252100703,2,0,10,0,22,0,0,0,0,0
252100801,1,0,100,0,22,0,0,0,0,0
252100802,1,0,100,0,22,0,0,0,0,0
252100803,1,0,90,0,22,0,0,0,0,0
252100803,2,0,10,0,22,0,0,0,0,0
252101001,1,0,100,0,22,0,0,0,0,0
252101002,1,0,100,0,22,0,0,0,0,0
252101003,1,0,90,0,22,0,0,0,0,0
252101003,2,0,10,0,22,0,0,0,0,0
252101201,1,0,100,0,22,0,0,0,0,0
252101202,1,0,100,0,22,0,0,0,0,0
252101203,1,0,90,0,22,0,0,0,0,0
252101203,2,0,10,0,22,0,0,0,0,0
252101401,1,0,100,0,22,0,0,0,0,0
252101402,1,0,90,0,22,0,0,0,0,0
252101402,2,0,10,0,22,0,0,0,0,0
252101403,1,0,100,1,22,0,0,0,0,0
253100201,1,0,100,0,22,0,0,0,0,0
253100202,1,0,100,0,22,0,0,0,0,0
253100203,1,0,90,0,22,0,0,0,0,0
253100203,2,0,10,0,22,0,0,0,0,0
253100301,1,0,100,0,22,0,0,0,0,0
253100302,1,0,100,0,22,0,0,0,0,0
253100303,1,0,90,0,22,0,0,0,0,0
253100303,2,0,10,0,22,0,0,0,0,0
253100501,1,0,100,0,22,0,0,0,0,0
253100502,1,0,100,0,22,0,0,0,0,0
253100503,1,0,90,0,22,0,0,0,0,0
253100503,2,0,10,0,22,0,0,0,0,0
253100601,1,0,100,0,22,0,0,0,0,0
253100602,1,0,100,0,22,0,0,0,0,0
253100603,1,0,90,0,22,0,0,0,0,0
253100603,2,0,10,0,22,0,0,0,0,0
253100801,1,0,100,0,22,0,0,0,0,0
253100802,1,0,100,0,22,0,0,0,0,0
253100803,1,0,90,0,22,0,0,0,0,0
253100803,2,0,10,0,22,0,0,0,0,0
253100901,1,0,100,0,22,0,0,0,0,0
253100902,1,0,100,0,22,0,0,0,0,0
253100903,1,0,90,0,22,0,0,0,0,0
253100903,2,0,10,0,22,0,0,0,0,0
253101101,1,0,100,0,22,0,0,0,0,0
253101102,1,0,100,0,22,0,0,0,0,0
253101103,1,0,90,0,22,0,0,0,0,0
253101103,2,0,10,0,22,0,0,0,0,0
253101201,1,0,100,0,22,0,0,0,0,0
253101202,1,0,90,0,22,0,0,0,0,0
253101202,2,0,10,0,22,0,0,0,0,0
253101203,1,0,100,1,22,0,0,0,0,0
261100201,1,0,100,0,108,0,0,0,0,0
261100202,1,0,100,0,108,0,0,0,0,0
261100203,1,0,90,0,108,0,0,0,0,0
261100203,2,0,10,0,108,0,0,0,0,0
261100301,1,0,100,0,22,0,0,0,0,0
261100302,1,0,100,0,22,0,0,0,0,0
261100303,1,0,90,0,22,0,0,0,0,0
261100303,2,0,10,0,22,0,0,0,0,0
261100501,1,0,100,0,108,0,0,0,0,0
261100502,1,0,100,0,108,0,0,0,0,0
261100503,1,0,90,0,108,0,0,0,0,0
261100503,2,0,10,0,108,0,0,0,0,0
261100601,1,0,100,0,22,0,0,0,0,0
261100602,1,0,100,0,22,0,0,0,0,0
261100603,1,0,90,0,22,0,0,0,0,0
261100603,2,0,10,0,22,0,0,0,0,0
261100801,1,0,100,0,108,0,0,0,0,0
261100802,1,0,100,0,108,0,0,0,0,0
261100803,1,0,90,0,108,0,0,0,0,0
261100803,2,0,10,0,108,0,0,0,0,0
261100901,1,0,100,0,22,0,0,0,0,0
261100902,1,0,100,0,22,0,0,0,0,0
261100903,1,0,90,0,22,0,0,0,0,0
261100903,2,0,10,0,22,0,0,0,0,0
261101101,1,0,100,0,108,0,0,0,0,0
261101102,1,0,100,0,108,0,0,0,0,0
261101103,1,0,90,0,108,0,0,0,0,0
261101103,2,0,10,0,108,0,0,0,0,0
261101201,1,0,100,0,22,0,0,0,0,0
261101202,1,0,100,0,22,0,0,0,0,0
261101203,1,0,90,0,22,0,0,0,0,0
261101203,2,0,10,0,22,0,0,0,0,0
261101401,1,0,100,0,108,0,0,0,0,0
261101402,1,0,90,0,108,0,0,0,0,0
261101402,2,0,10,0,108,0,0,0,0,0
261101403,1,0,100,0,22,0,0,0,0,0
262100201,1,0,100,0,22,0,0,0,0,0
262100202,1,0,100,0,22,0,0,0,0,0
262100203,1,0,90,0,22,0,0,0,0,0
262100203,2,0,10,0,22,0,0,0,0,0
262100301,1,0,100,0,108,0,0,0,0,0
262100302,1,0,100,0,108,0,0,0,0,0
262100303,1,0,90,0,108,0,0,0,0,0
262100303,2,0,10,0,108,0,0,0,0,0
262100501,1,0,100,0,22,0,0,0,0,0
262100502,1,0,100,0,22,0,0,0,0,0
262100503,1,0,90,0,22,0,0,0,0,0
262100503,2,0,10,0,22,0,0,0,0,0
262100601,1,0,100,0,108,0,0,0,0,0
262100602,1,0,100,0,108,0,0,0,0,0
262100603,1,0,90,0,108,0,0,0,0,0
262100603,2,0,10,0,108,0,0,0,0,0
262100801,1,0,100,0,22,0,0,0,0,0
262100802,1,0,100,0,22,0,0,0,0,0
262100803,1,0,90,0,22,0,0,0,0,0
262100803,2,0,10,0,22,0,0,0,0,0
262100901,1,0,100,0,108,0,0,0,0,0
262100902,1,0,100,0,108,0,0,0,0,0
262100903,1,0,90,0,108,0,0,0,0,0
262100903,2,0,10,0,108,0,0,0,0,0
262101101,1,0,100,0,22,0,0,0,0,0
262101102,1,0,100,0,22,0,0,0,0,0
262101103,1,0,90,0,22,0,0,0,0,0
262101103,2,0,10,0,22,0,0,0,0,0
262101201,1,0,100,0,108,0,0,0,0,0
262101202,1,0,90,0,108,0,0,0,0,0
262101202,2,0,10,0,108,0,0,0,0,0
262101203,1,0,100,0,22,0,0,0,0,0
263100201,1,0,100,0,22,0,0,0,0,0
263100202,1,0,100,0,22,0,0,0,0,0
263100203,1,0,90,0,22,0,0,0,0,0
263100203,2,0,10,0,22,0,0,0,0,0
263100301,1,0,100,0,108,0,0,0,0,0
263100302,1,0,100,0,108,0,0,0,0,0
263100303,1,0,90,0,108,0,0,0,0,0
263100303,2,0,10,0,108,0,0,0,0,0
263100501,1,0,100,0,22,0,0,0,0,0
263100502,1,0,100,0,22,0,0,0,0,0
263100503,1,0,90,0,22,0,0,0,0,0
263100503,2,0,10,0,22,0,0,0,0,0
263100601,1,0,100,0,108,0,0,0,0,0
263100602,1,0,100,0,108,0,0,0,0,0
263100603,1,0,90,0,108,0,0,0,0,0
263100603,2,0,10,0,108,0,0,0,0,0
263100801,1,0,100,0,22,0,0,0,0,0
263100802,1,0,100,0,22,0,0,0,0,0
263100803,1,0,90,0,22,0,0,0,0,0
263100803,2,0,10,0,22,0,0,0,0,0
263100901,1,0,100,0,108,0,0,0,0,0
263100902,1,0,100,0,108,0,0,0,0,0
263100903,1,0,90,0,108,0,0,0,0,0
263100903,2,0,10,0,108,0,0,0,0,0
263101101,1,0,100,0,22,0,0,0,0,0
263101102,1,0,100,0,22,0,0,0,0,0
263101103,1,0,90,0,22,0,0,0,0,0
263101103,2,0,10,0,22,0,0,0,0,0
263101201,1,0,100,0,108,0,0,0,0,0
263101202,1,0,90,0,108,0,0,0,0,0
263101202,2,0,10,0,108,0,0,0,0,0
263101203,1,0,100,0,22,0,0,0,0,0
271100201,1,0,100,0,108,0,0,0,0,0
271100202,1,0,100,0,108,0,0,0,0,0
271100203,1,0,90,0,108,0,0,0,0,0
271100203,2,0,10,0,108,0,0,0,0,0
271100301,1,0,100,0,22,0,0,0,0,0
271100302,1,0,100,0,22,0,0,0,0,0
271100303,1,0,90,0,22,0,0,0,0,0
271100303,2,0,10,0,22,0,0,0,0,0
271100501,1,0,100,0,108,0,0,0,0,0
271100502,1,0,100,0,108,0,0,0,0,0
271100503,1,0,90,0,108,0,0,0,0,0
271100503,2,0,10,0,108,0,0,0,0,0
271100601,1,0,100,0,22,0,0,0,0,0
271100602,1,0,100,0,22,0,0,0,0,0
271100603,1,0,90,0,22,0,0,0,0,0
271100603,2,0,10,0,22,0,0,0,0,0
271100801,1,0,100,0,108,0,0,0,0,0
271100802,1,0,100,0,108,0,0,0,0,0
271100803,1,0,90,0,108,0,0,0,0,0
271100803,2,0,10,0,108,0,0,0,0,0
271101001,1,0,100,0,22,0,0,0,0,0
271101002,1,0,100,0,22,0,0,0,0,0
271101003,1,0,90,0,22,0,0,0,0,0
271101003,2,0,10,0,22,0,0,0,0,0
271101101,1,0,100,0,108,0,0,0,0,0
271101102,1,0,100,0,108,0,0,0,0,0
271101103,1,0,90,0,108,0,0,0,0,0
271101103,2,0,10,0,108,0,0,0,0,0
271101301,1,0,100,0,22,0,0,0,0,0
271101302,1,0,100,0,22,0,0,0,0,0
271101303,1,0,90,0,22,0,0,0,0,0
271101303,2,0,10,0,22,0,0,0,0,0
271101501,1,0,100,0,108,0,0,0,0,0
271101502,1,0,90,0,108,0,0,0,0,0
271101502,2,0,10,0,108,0,0,0,0,0
271101503,1,0,100,0,22,0,0,0,0,0
272100201,1,0,100,0,22,0,0,0,0,0
272100202,1,0,100,0,22,0,0,0,0,0
272100203,1,0,90,0,22,0,0,0,0,0
272100203,2,0,10,0,22,0,0,0,0,0
272100301,1,0,100,0,108,0,0,0,0,0
272100302,1,0,100,0,108,0,0,0,0,0
272100303,1,0,90,0,108,0,0,0,0,0
272100303,2,0,10,0,108,0,0,0,0,0
272100501,1,0,100,0,22,0,0,0,0,0
272100502,1,0,100,0,22,0,0,0,0,0
272100503,1,0,90,0,22,0,0,0,0,0
272100503,2,0,10,0,22,0,0,0,0,0
272100601,1,0,100,0,108,0,0,0,0,0
272100602,1,0,100,0,108,0,0,0,0,0
272100603,1,0,90,0,108,0,0,0,0,0
272100603,2,0,10,0,108,0,0,0,0,0
272100801,1,0,100,0,22,0,0,0,0,0
272100802,1,0,100,0,22,0,0,0,0,0
272100803,1,0,90,0,22,0,0,0,0,0
272100803,2,0,10,0,22,0,0,0,0,0
272100901,1,0,100,0,108,0,0,0,0,0
272100902,1,0,100,0,108,0,0,0,0,0
272100903,1,0,90,0,108,0,0,0,0,0
272100903,2,0,10,0,108,0,0,0,0,0
272101201,1,0,100,0,22,0,0,0,0,0
272101202,1,0,100,0,22,0,0,0,0,0
272101203,1,0,90,0,22,0,0,0,0,0
272101203,2,0,10,0,22,0,0,0,0,0
272101401,1,0,100,0,108,0,0,0,0,0
272101402,1,0,100,0,108,0,0,0,0,0
272101403,1,0,90,0,108,0,0,0,0,0
272101403,2,0,10,0,108,0,0,0,0,0
272101501,1,0,100,0,22,0,0,0,0,0
272101502,1,0,90,0,22,0,0,0,0,0
272101502,2,0,10,0,22,0,0,0,0,0
272101503,1,0,100,0,22,0,0,0,0,0
273100201,1,0,100,0,108,0,0,0,0,0
273100202,1,0,90,0,108,0,0,0,0,0
273100203,1,0,10,0,108,0,0,0,0,0
273100203,2,0,100,0,108,0,0,0,0,0
273100301,1,0,100,0,22,0,0,0,0,0
273100302,1,0,100,0,22,0,0,0,0,0
273100303,1,0,90,0,22,0,0,0,0,0
273100303,2,0,10,0,22,0,0,0,0,0
273100501,1,0,100,0,108,0,0,0,0,0
273100502,1,0,100,0,108,0,0,0,0,0
273100503,1,0,90,0,108,0,0,0,0,0
273100503,2,0,10,0,108,0,0,0,0,0
273100601,1,0,100,0,22,0,0,0,0,0
273100602,1,0,100,0,22,0,0,0,0,0
273100603,1,0,90,0,22,0,0,0,0,0
273100603,2,0,10,0,22,0,0,0,0,0
273100801,1,0,100,0,108,0,0,0,0,0
273100802,1,0,100,0,108,0,0,0,0,0
273100803,1,0,90,0,108,0,0,0,0,0
273100803,2,0,10,0,108,0,0,0,0,0
273100901,1,0,100,0,22,0,0,0,0,0
273100902,1,0,100,0,22,0,0,0,0,0
273100903,1,0,90,0,22,0,0,0,0,0
273100903,2,0,10,0,22,0,0,0,0,0
273101001,1,0,100,0,108,0,0,0,0,0
273101002,1,0,90,0,108,0,0,0,0,0
273101002,2,0,10,0,108,0,0,0,0,0
273101003,1,0,100,0,22,0,0,0,0,0
281100201,1,0,100,0,22,0,0,0,0,0
281100202,1,0,100,0,22,0,0,0,0,0
281100203,1,0,90,0,22,0,0,0,0,0
281100203,2,0,10,0,108,0,0,0,0,0
281100301,1,0,100,0,108,0,0,0,0,0
281100302,1,0,100,0,108,0,0,0,0,0
281100303,1,0,90,0,108,0,0,0,0,0
281100303,2,0,10,0,22,0,0,0,0,0
281100401,1,0,100,0,22,0,0,0,0,0
281100402,1,0,100,0,22,0,0,0,0,0
281100403,1,0,90,0,22,0,0,0,0,0
281100403,2,0,10,0,108,0,0,0,0,0
281100601,1,0,100,0,108,0,0,0,0,0
281100602,1,0,100,0,108,0,0,0,0,0
281100603,1,0,90,0,108,0,0,0,0,0
281100603,2,0,10,0,22,0,0,0,0,0
281100701,1,0,100,0,22,0,0,0,0,0
281100702,1,0,100,0,22,0,0,0,0,0
281100703,1,0,90,0,22,0,0,0,0,0
281100703,2,0,10,0,108,0,0,0,0,0
281100801,1,0,100,0,108,0,0,0,0,0
281100802,1,0,100,0,108,0,0,0,0,0
281100803,1,0,90,0,108,0,0,0,0,0
281100803,2,0,10,0,22,0,0,0,0,0
281101001,1,0,100,0,22,0,0,0,0,0
281101002,1,0,100,0,22,0,0,0,0,0
281101003,1,0,90,0,22,0,0,0,0,0
281101003,2,0,10,0,108,0,0,0,0,0
281101101,1,0,100,0,108,0,0,0,0,0
281101102,1,0,90,0,108,0,0,0,0,0
281101102,2,0,10,0,22,0,0,0,0,0
281101103,1,0,100,0,22,0,0,0,0,0
282100201,1,0,100,0,22,0,0,0,0,0
282100202,1,0,100,0,22,0,0,0,0,0
282100203,1,0,90,0,22,0,0,0,0,0
282100203,2,0,10,0,108,0,0,0,0,0
282100301,1,0,100,0,108,0,0,0,0,0
282100302,1,0,100,0,108,0,0,0,0,0
282100303,1,0,90,0,108,0,0,0,0,0
282100303,2,0,10,0,22,0,0,0,0,0
282100501,1,0,100,0,22,0,0,0,0,0
282100502,1,0,100,0,22,0,0,0,0,0
282100503,1,0,90,0,22,0,0,0,0,0
282100503,2,0,10,0,108,0,0,0,0,0
282100601,1,0,100,0,108,0,0,0,0,0
282100602,1,0,100,0,108,0,0,0,0,0
282100603,1,0,90,0,108,0,0,0,0,0
282100603,2,0,10,0,22,0,0,0,0,0
282100801,1,0,100,0,22,0,0,0,0,0
282100802,1,0,100,0,22,0,0,0,0,0
282100803,1,0,90,0,22,0,0,0,0,0
282100803,2,0,10,0,108,0,0,0,0,0
282100901,1,0,100,0,108,0,0,0,0,0
282100902,1,0,100,0,108,0,0,0,0,0
282100903,1,0,90,0,108,0,0,0,0,0
282100903,2,0,10,0,22,0,0,0,0,0
282101101,1,0,100,0,22,0,0,0,0,0
282101102,1,0,100,0,22,0,0,0,0,0
282101103,1,0,90,0,22,0,0,0,0,0
282101103,2,0,10,0,108,0,0,0,0,0
282101201,1,0,100,0,108,0,0,0,0,0
282101202,1,0,100,0,108,0,0,0,0,0
282101203,1,0,90,0,108,0,0,0,0,0
282101203,2,0,10,0,22,0,0,0,0,0
282101401,1,0,100,0,22,0,0,0,0,0
282101402,1,0,90,0,22,0,0,0,0,0
282101402,2,0,10,0,22,0,0,0,0,0
282101403,1,0,100,0,22,0,0,0,0,0
283100201,1,0,100,0,108,0,0,0,0,0
283100202,1,0,100,0,108,0,0,0,0,0
283100203,1,0,90,0,108,0,0,0,0,0
283100203,2,0,10,0,22,0,0,0,0,0
283100301,1,0,100,0,22,0,0,0,0,0
283100302,1,0,100,0,22,0,0,0,0,0
283100303,1,0,90,0,22,0,0,0,0,0
283100303,2,0,10,0,108,0,0,0,0,0
283100401,1,0,100,0,108,0,0,0,0,0
283100402,1,0,90,0,108,0,0,0,0,0
283100402,2,0,10,0,22,0,0,0,0,0
283100403,1,0,100,0,22,0,0,0,0,0
283100601,1,0,100,0,22,0,0,0,0,0
283100602,1,0,100,0,22,0,0,0,0,0
283100603,1,0,90,0,22,0,0,0,0,0
283100603,2,0,10,0,108,0,0,0,0,0
283100701,1,0,100,0,108,0,0,0,0,0
283100702,1,0,100,0,108,0,0,0,0,0
283100703,1,0,90,0,108,0,0,0,0,0
283100703,2,0,10,0,22,0,0,0,0,0
283100901,1,0,100,0,22,0,0,0,0,0
283100902,1,0,100,0,22,0,0,0,0,0
283100903,1,0,90,0,22,0,0,0,0,0
283100903,2,0,10,0,108,0,0,0,0,0
283101001,1,0,100,0,108,0,0,0,0,0
283101002,1,0,100,0,108,0,0,0,0,0
283101003,1,0,90,0,108,0,0,0,0,0
283101003,2,0,10,0,22,0,0,0,0,0
283101201,1,0,100,0,22,0,0,0,0,0
283101202,1,0,90,0,22,0,0,0,0,0
283101202,2,0,10,0,22,0,0,0,0,0
283101203,1,0,100,0,22,0,0,0,0,0
291100201,1,0,100,0,22,0,0,0,0,0
291100202,1,0,100,0,22,0,0,0,0,0
291100203,1,0,90,0,22,0,0,0,0,0
291100203,2,0,10,0,22,0,0,0,0,0
291100401,1,0,100,0,22,0,0,0,0,0
291100402,1,0,100,0,22,0,0,0,0,0
291100403,1,0,90,0,22,0,0,0,0,0
291100403,2,0,10,0,108,0,0,0,0,0
291100501,1,0,100,0,108,0,0,0,0,0
291100502,1,0,100,0,108,0,0,0,0,0
291100503,1,0,90,0,108,0,0,0,0,0
291100503,2,0,10,0,22,0,0,0,0,0
291100701,1,0,100,0,22,0,0,0,0,0
291100702,1,0,100,0,22,0,0,0,0,0
291100703,1,0,90,0,22,0,0,0,0,0
291100703,2,0,10,0,108,0,0,0,0,0
291100801,1,0,100,0,108,0,0,0,0,0
291100802,1,0,100,0,108,0,0,0,0,0
291100803,1,0,90,0,108,0,0,0,0,0
291100803,2,0,10,0,22,0,0,0,0,0
291101001,1,0,100,0,22,0,0,0,0,0
291101002,1,0,100,0,22,0,0,0,0,0
291101003,1,0,90,0,22,0,0,0,0,0
291101003,2,0,10,0,108,0,0,0,0,0
291101101,1,0,100,0,108,0,0,0,0,0
291101102,1,0,100,0,108,0,0,0,0,0
291101103,1,0,90,0,108,0,0,0,0,0
291101103,2,0,10,0,22,0,0,0,0,0
291101301,1,0,100,0,22,0,0,0,0,0
291101302,1,0,100,0,22,0,0,0,0,0
291101303,1,0,90,0,22,0,0,0,0,0
291101303,2,0,10,0,108,0,0,0,0,0
291101401,1,0,100,0,108,0,0,0,0,0
291101402,1,0,90,0,108,0,0,0,0,0
291101402,2,0,10,0,22,0,0,0,0,0
291101403,1,0,100,0,22,0,0,0,0,0
292100201,1,0,100,0,22,0,0,0,0,0
292100202,1,0,100,0,22,0,0,0,0,0
292100203,1,0,90,0,22,0,0,0,0,0
292100203,2,0,10,0,108,0,0,0,0,0
292100301,1,0,100,0,108,0,0,0,0,0
292100302,1,0,100,0,108,0,0,0,0,0
292100303,1,0,90,0,108,0,0,0,0,0
292100303,2,0,10,0,22,0,0,0,0,0
292100501,1,0,100,0,22,0,0,0,0,0
292100502,1,0,100,0,22,0,0,0,0,0
292100503,1,0,90,0,22,0,0,0,0,0
292100503,2,0,10,0,108,0,0,0,0,0
292100601,1,0,100,0,108,0,0,0,0,0
292100602,1,0,100,0,108,0,0,0,0,0
292100603,1,0,90,0,108,0,0,0,0,0
292100603,2,0,10,0,22,0,0,0,0,0
292100801,1,0,100,0,22,0,0,0,0,0
292100802,1,0,100,0,22,0,0,0,0,0
292100803,1,0,90,0,22,0,0,0,0,0
292100803,2,0,10,0,108,0,0,0,0,0
292100901,1,0,100,0,108,0,0,0,0,0
292100902,1,0,100,0,108,0,0,0,0,0
292100903,1,0,90,0,108,0,0,0,0,0
292100903,2,0,10,0,22,0,0,0,0,0
292101101,1,0,100,0,22,0,0,0,0,0
292101102,1,0,100,0,22,0,0,0,0,0
292101103,1,0,90,0,22,0,0,0,0,0
292101103,2,0,10,0,108,0,0,0,0,0
292101201,1,0,100,0,108,0,0,0,0,0
292101202,1,0,100,0,108,0,0,0,0,0
292101203,1,0,90,0,108,0,0,0,0,0
292101203,2,0,10,0,22,0,0,0,0,0
293100201,1,0,100,0,22,0,0,0,0,0
293100202,1,0,100,0,22,0,0,0,0,0
293100203,1,0,90,0,22,0,0,0,0,0
293100203,2,0,10,0,108,0,0,0,0,0
293100301,1,0,100,0,108,0,0,0,0,0
293100302,1,0,100,0,108,0,0,0,0,0
293100303,1,0,90,0,108,0,0,0,0,0
293100303,2,0,10,0,22,0,0,0,0,0
293100501,1,0,100,0,22,0,0,0,0,0
293100502,1,0,100,0,22,0,0,0,0,0
293100503,1,0,90,0,22,0,0,0,0,0
293100503,2,0,10,0,108,0,0,0,0,0
293100601,1,0,100,0,108,0,0,0,0,0
293100602,1,0,100,0,108,0,0,0,0,0
293100603,1,0,90,0,108,0,0,0,0,0
293100603,2,0,10,0,22,0,0,0,0,0
293100801,1,0,100,0,22,0,0,0,0,0
293100802,1,0,100,0,22,0,0,0,0,0
293100803,1,0,90,0,22,0,0,0,0,0
293100803,2,0,10,0,108,0,0,0,0,0
293100901,1,0,100,0,108,0,0,0,0,0
293100902,1,0,100,0,108,0,0,0,0,0
293100903,1,0,90,0,108,0,0,0,0,0
293100903,2,0,10,0,108,0,0,0,0,0
293101101,1,0,100,0,108,0,0,0,0,0
293101102,1,0,100,0,108,0,0,0,0,0
293101103,1,0,90,0,108,0,0,0,0,0
293101103,2,0,10,0,22,0,0,0,0,0
293101201,1,0,100,0,22,0,0,0,0,0
293101202,1,0,100,0,22,0,0,0,0,0
293101202,2,0,90,0,22,0,0,0,0,0
293101203,1,0,10,0,108,0,0,0,0,0
301100201,1,0,100,0,22,0,0,0,0,0
301100202,1,0,100,0,22,0,0,0,0,0
301100203,1,0,90,0,22,0,0,0,0,0
301100203,2,0,10,0,22,0,0,0,0,0
301100401,1,0,100,0,108,0,0,0,0,0
301100402,1,0,100,0,108,0,0,0,0,0
301100403,1,0,90,0,108,0,0,0,0,0
301100403,2,0,10,0,108,0,0,0,0,0
301100501,1,0,100,0,22,0,0,0,0,0
301100502,1,0,100,0,22,0,0,0,0,0
301100503,1,0,90,0,22,0,0,0,0,0
301100503,2,0,10,0,22,0,0,0,0,0
301100701,1,0,100,0,108,0,0,0,0,0
301100702,1,0,100,0,108,0,0,0,0,0
301100703,1,0,90,0,108,0,0,0,0,0
301100703,2,0,10,0,108,0,0,0,0,0
301100801,1,0,100,0,22,0,0,0,0,0
301100802,1,0,100,0,22,0,0,0,0,0
301100803,1,0,90,0,22,0,0,0,0,0
301100803,2,0,10,0,22,0,0,0,0,0
301101001,1,0,100,0,108,0,0,0,0,0
301101002,1,0,100,0,108,0,0,0,0,0
301101003,1,0,90,0,108,0,0,0,0,0
301101003,2,0,10,0,108,0,0,0,0,0
301101101,1,0,100,0,22,0,0,0,0,0
301101102,1,0,100,0,22,0,0,0,0,0
301101103,1,0,90,0,22,0,0,0,0,0
301101103,2,0,10,0,22,0,0,0,0,0
301101301,1,0,100,0,108,0,0,0,0,0
301101302,1,0,100,0,108,0,0,0,0,0
301101303,1,0,90,0,108,0,0,0,0,0
301101303,2,0,10,0,108,0,0,0,0,0
301101501,1,0,100,0,22,0,0,0,0,0
301101502,1,0,90,0,22,0,0,0,0,0
301101502,2,0,10,0,22,0,0,0,0,0
301101503,1,0,100,1,22,0,0,0,0,0
302100201,1,0,100,0,108,0,0,0,0,0
302100202,1,0,100,0,108,0,0,0,0,0
302100203,1,0,90,0,108,0,0,0,0,0
302100203,2,0,10,0,108,0,0,0,0,0
302100301,1,0,100,0,22,0,0,0,0,0
302100302,1,0,100,0,22,0,0,0,0,0
302100303,1,0,90,0,22,0,0,0,0,0
302100303,2,0,10,0,22,0,0,0,0,0
302100501,1,0,100,0,108,0,0,0,0,0
302100502,1,0,100,0,108,0,0,0,0,0
302100503,1,0,90,0,108,0,0,0,0,0
302100503,2,0,10,0,108,0,0,0,0,0
302100601,1,0,100,0,22,0,0,0,0,0
302100602,1,0,100,0,22,0,0,0,0,0
302100603,1,0,90,0,22,0,0,0,0,0
302100603,2,0,10,0,22,0,0,0,0,0
302100801,1,0,100,0,108,0,0,0,0,0
302100802,1,0,100,0,108,0,0,0,0,0
302100803,1,0,90,0,108,0,0,0,0,0
302100803,2,0,10,0,108,0,0,0,0,0
302100901,1,0,100,0,22,0,0,0,0,0
302100902,1,0,100,0,22,0,0,0,0,0
302100903,1,0,90,0,22,0,0,0,0,0
302100903,2,0,10,0,22,0,0,0,0,0
302101101,1,0,100,0,108,0,0,0,0,0
302101102,1,0,100,0,108,0,0,0,0,0
302101103,1,0,90,0,108,0,0,0,0,0
302101103,2,0,10,0,108,0,0,0,0,0
302101201,1,0,100,0,22,0,0,0,0,0
302101202,1,0,90,0,22,0,0,0,0,0
302101202,2,0,10,0,22,0,0,0,0,0
302101203,1,0,100,1,22,0,0,0,0,0
303100201,1,0,100,0,108,0,0,0,0,0
303100202,1,0,100,0,108,0,0,0,0,0
303100203,1,0,90,0,108,0,0,0,0,0
303100203,2,0,10,0,108,0,0,0,0,0
303100301,1,0,100,0,22,0,0,0,0,0
303100302,1,0,100,0,22,0,0,0,0,0
303100303,1,0,90,0,22,0,0,0,0,0
303100303,2,0,10,0,22,0,0,0,0,0
303100501,1,0,100,0,108,0,0,0,0,0
303100502,1,0,100,0,108,0,0,0,0,0
303100503,1,0,90,0,108,0,0,0,0,0
303100503,2,0,10,0,108,0,0,0,0,0
303100601,1,0,100,0,22,0,0,0,0,0
303100602,1,0,100,0,22,0,0,0,0,0
303100603,1,0,90,0,22,0,0,0,0,0
303100603,2,0,10,0,22,0,0,0,0,0
303100801,1,0,100,0,108,0,0,0,0,0
303100802,1,0,100,0,108,0,0,0,0,0
303100803,1,0,90,0,108,0,0,0,0,0
303100803,2,0,10,0,108,0,0,0,0,0
303100901,1,0,100,0,22,0,0,0,0,0
303100902,1,0,100,0,22,0,0,0,0,0
303100903,1,0,90,0,22,0,0,0,0,0
303100903,2,0,10,0,22,0,0,0,0,0
303101101,1,0,100,0,108,0,0,0,0,0
303101102,1,0,100,0,108,0,0,0,0,0
303101103,1,0,90,0,108,0,0,0,0,0
303101103,2,0,10,0,108,0,0,0,0,0
303101201,1,0,100,0,22,0,0,0,0,0
303101202,1,0,90,0,22,0,0,0,0,0
303101202,2,0,10,0,22,0,0,0,0,0
303101203,1,0,100,1,22,0,0,0,0,0
311100201,1,0,100,0,108,0,0,0,0,0
311100202,1,0,100,0,108,0,0,0,0,0
311100203,1,0,90,0,108,0,0,0,0,0
311100203,2,0,10,0,108,0,0,0,0,0
311100401,1,0,100,0,22,0,0,0,0,0
311100402,1,0,100,0,22,0,0,0,0,0
311100403,1,0,90,0,22,0,0,0,0,0
311100403,2,0,10,0,22,0,0,0,0,0
311100501,1,0,100,0,108,0,0,0,0,0
311100502,1,0,100,0,108,0,0,0,0,0
311100503,1,0,90,0,108,0,0,0,0,0
311100503,2,0,10,0,108,0,0,0,0,0
311100701,1,0,100,0,22,0,0,0,0,0
311100702,1,0,100,0,22,0,0,0,0,0
311100703,1,0,90,0,22,0,0,0,0,0
311100703,2,0,10,0,22,0,0,0,0,0
311100801,1,0,100,0,108,0,0,0,0,0
311100802,1,0,100,0,108,0,0,0,0,0
311100803,1,0,90,0,108,0,0,0,0,0
311100803,2,0,10,0,108,0,0,0,0,0
311101001,1,0,100,0,22,0,0,0,0,0
311101002,1,0,100,0,22,0,0,0,0,0
311101003,1,0,90,0,22,0,0,0,0,0
311101003,2,0,10,0,22,0,0,0,0,0
311101101,1,0,100,0,108,0,0,0,0,0
311101102,1,0,90,0,108,0,0,0,0,0
311101103,1,0,10,0,108,0,0,0,0,0
311101103,2,0,100,0,22,0,0,0,0,0
311101301,1,0,100,0,108,0,0,0,0,0
311101302,1,0,100,0,108,0,0,0,0,0
311101303,1,0,90,0,108,0,0,0,0,0
311101303,2,0,10,0,108,0,0,0,0,0
311101401,1,0,100,0,22,0,0,0,0,0
311101402,1,0,100,0,22,0,0,0,0,0
311101402,2,0,90,0,22,0,0,0,0,0
311101403,1,0,10,1,22,0,0,0,0,0
312100201,1,0,100,0,108,0,0,0,0,0
312100202,1,0,100,0,108,0,0,0,0,0
312100203,1,0,90,0,108,0,0,0,0,0
312100203,2,0,10,0,108,0,0,0,0,0
312100301,1,0,100,0,22,0,0,0,0,0
312100302,1,0,100,0,22,0,0,0,0,0
312100303,1,0,90,0,22,0,0,0,0,0
312100303,2,0,10,0,22,0,0,0,0,0
312100601,1,0,100,0,108,0,0,0,0,0
312100602,1,0,100,0,108,0,0,0,0,0
312100603,1,0,90,0,108,0,0,0,0,0
312100603,2,0,10,0,108,0,0,0,0,0
312100701,1,0,100,0,22,0,0,0,0,0
312100702,1,0,100,0,22,0,0,0,0,0
312100703,1,0,90,0,22,0,0,0,0,0
312100703,2,0,10,0,22,0,0,0,0,0
312100901,1,0,100,0,108,0,0,0,0,0
312100902,1,0,100,0,108,0,0,0,0,0
312100903,1,0,90,0,108,0,0,0,0,0
312100903,2,0,10,0,108,0,0,0,0,0
312101001,1,0,100,0,22,0,0,0,0,0
312101002,1,0,100,0,22,0,0,0,0,0
312101003,1,0,90,0,22,0,0,0,0,0
312101003,2,0,10,0,22,0,0,0,0,0
312101201,1,0,100,0,108,0,0,0,0,0
312101202,1,0,100,0,108,0,0,0,0,0
312101203,1,0,90,0,108,0,0,0,0,0
312101203,2,0,10,0,108,0,0,0,0,0
312101301,1,0,100,0,22,0,0,0,0,0
312101302,1,0,90,0,22,0,0,0,0,0
312101302,2,0,10,0,22,0,0,0,0,0
312101303,1,0,100,1,22,0,0,0,0,0
313100201,1,0,100,0,108,0,0,0,0,0
313100202,1,0,100,0,108,0,0,0,0,0
313100203,1,0,90,0,108,0,0,0,0,0
313100203,2,0,10,0,108,0,0,0,0,0
313100301,1,0,100,0,22,0,0,0,0,0
313100302,1,0,100,0,22,0,0,0,0,0
313100303,1,0,90,0,22,0,0,0,0,0
313100303,2,0,10,0,22,0,0,0,0,0
313100501,1,0,100,0,108,0,0,0,0,0
313100502,1,0,100,0,108,0,0,0,0,0
313100503,1,0,90,0,108,0,0,0,0,0
313100503,2,0,10,0,108,0,0,0,0,0
313100601,1,0,100,0,22,0,0,0,0,0
313100602,1,0,100,0,22,0,0,0,0,0
313100603,1,0,90,0,22,0,0,0,0,0
313100603,2,0,10,0,22,0,0,0,0,0
313100801,1,0,100,0,108,0,0,0,0,0
313100802,1,0,100,0,108,0,0,0,0,0
313100803,1,0,90,0,108,0,0,0,0,0
313100803,2,0,10,0,108,0,0,0,0,0
313100901,1,0,100,0,22,0,0,0,0,0
313100902,1,0,100,0,22,0,0,0,0,0
313100903,1,0,90,0,22,0,0,0,0,0
313100903,2,0,10,0,22,0,0,0,0,0
313101201,1,0,100,0,108,0,0,0,0,0
313101202,1,0,100,0,108,0,0,0,0,0
313101203,1,0,90,0,108,0,0,0,0,0
313101203,2,0,10,0,108,0,0,0,0,0
313101301,1,0,100,0,22,0,0,0,0,0
313101302,1,0,90,0,22,0,0,0,0,0
313101302,2,0,10,0,22,0,0,0,0,0
313101303,1,0,100,1,22,0,0,0,0,0
321100201,1,0,100,0,22,0,0,0,0,0
321100202,1,0,100,0,22,0,0,0,0,0
321100203,1,0,90,0,22,0,0,0,0,0
321100203,2,0,10,0,22,0,0,0,0,0
321100301,1,0,100,0,22,0,0,0,0,0
321100302,1,0,100,0,22,0,0,0,0,0
321100303,1,0,90,0,22,0,0,0,0,0
321100303,2,0,10,0,22,0,0,0,0,0
321100501,1,0,100,0,22,0,0,0,0,0
321100502,1,0,100,0,22,0,0,0,0,0
321100503,1,0,90,0,22,0,0,0,0,0
321100503,2,0,10,0,22,0,0,0,0,0
321100601,1,0,100,0,22,0,0,0,0,0
321100602,1,0,100,0,22,0,0,0,0,0
321100603,1,0,90,0,22,0,0,0,0,0
321100603,2,0,10,0,22,0,0,0,0,0
321100801,1,0,100,0,22,0,0,0,0,0
321100802,1,0,100,0,22,0,0,0,0,0
321100803,1,0,90,0,22,0,0,0,0,0
321100803,2,0,10,0,22,0,0,0,0,0
321100901,1,0,100,0,22,0,0,0,0,0
321100902,1,0,100,0,22,0,0,0,0,0
321100903,1,0,90,0,22,0,0,0,0,0
321100903,2,0,10,0,22,0,0,0,0,0
321101101,1,0,100,0,22,0,0,0,0,0
321101102,1,0,100,0,22,0,0,0,0,0
321101103,1,0,90,0,22,0,0,0,0,0
321101103,2,0,10,0,22,0,0,0,0,0
321101201,1,0,100,0,22,0,0,0,0,0
321101202,1,0,100,0,22,0,0,0,0,0
321101202,2,0,90,0,22,0,0,0,0,0
321101203,1,0,10,1,22,0,0,0,0,0
322100201,1,0,100,0,22,0,0,0,0,0
322100202,1,0,100,0,22,0,0,0,0,0
322100203,1,0,90,0,22,0,0,0,0,0
322100203,2,0,10,0,22,0,0,0,0,0
322100301,1,0,100,0,22,0,0,0,0,0
322100302,1,0,100,0,22,0,0,0,0,0
322100303,1,0,90,0,22,0,0,0,0,0
322100303,2,0,10,0,22,0,0,0,0,0
322100501,1,0,100,0,22,0,0,0,0,0
322100502,1,0,100,0,22,0,0,0,0,0
322100503,1,0,90,0,22,0,0,0,0,0
322100503,2,0,10,0,22,0,0,0,0,0
322100601,1,0,100,0,22,0,0,0,0,0
322100602,1,0,100,0,22,0,0,0,0,0
322100603,1,0,90,0,22,0,0,0,0,0
322100603,2,0,10,0,22,0,0,0,0,0
322100801,1,0,100,0,22,0,0,0,0,0
322100802,1,0,100,0,22,0,0,0,0,0
322100803,1,0,90,0,22,0,0,0,0,0
322100803,2,0,10,0,22,0,0,0,0,0
322100901,1,0,100,0,22,0,0,0,0,0
322100902,1,0,100,0,22,0,0,0,0,0
322100903,1,0,90,0,22,0,0,0,0,0
322100903,2,0,10,0,22,0,0,0,0,0
322101101,1,0,100,0,22,0,0,0,0,0
322101102,1,0,100,0,22,0,0,0,0,0
322101103,1,0,90,0,22,0,0,0,0,0
322101103,2,0,10,0,22,0,0,0,0,0
322101201,1,0,100,0,22,0,0,0,0,0
322101202,1,0,100,0,22,0,0,0,0,0
322101202,2,0,90,0,22,0,0,0,0,0
322101203,1,0,10,1,22,0,0,0,0,0
323100201,1,0,100,0,22,0,0,0,0,0
323100202,1,0,100,0,22,0,0,0,0,0
323100203,1,0,90,0,22,0,0,0,0,0
323100203,2,0,10,0,22,0,0,0,0,0
323100401,1,0,100,0,22,0,0,0,0,0
323100402,1,0,100,0,22,0,0,0,0,0
323100403,1,0,90,0,22,0,0,0,0,0
323100403,2,0,10,0,22,0,0,0,0,0
323100601,1,0,100,0,22,0,0,0,0,0
323100602,1,0,100,0,22,0,0,0,0,0
323100603,1,0,90,0,22,0,0,0,0,0
323100603,2,0,10,0,22,0,0,0,0,0
323100701,1,0,100,0,22,0,0,0,0,0
323100702,1,0,100,0,22,0,0,0,0,0
323100703,1,0,90,0,22,0,0,0,0,0
323100703,2,0,10,0,22,0,0,0,0,0
323100901,1,0,100,0,22,0,0,0,0,0
323100902,1,0,100,0,22,0,0,0,0,0
323100903,1,0,90,0,22,0,0,0,0,0
323100903,2,0,10,0,22,0,0,0,0,0
323101001,1,0,100,0,22,0,0,0,0,0
323101002,1,0,100,0,22,0,0,0,0,0
323101003,1,0,90,0,22,0,0,0,0,0
323101003,2,0,10,0,22,0,0,0,0,0
323101201,1,0,100,0,22,0,0,0,0,0
323101202,1,0,100,0,22,0,0,0,0,0
323101203,1,0,90,0,22,0,0,0,0,0
323101203,2,0,10,0,22,0,0,0,0,0
323101401,1,0,100,0,22,0,0,0,0,0
323101402,1,0,100,0,22,0,0,0,0,0
323101403,1,0,90,0,22,0,0,0,0,0
323101403,2,0,10,0,22,0,0,0,0,0
323101501,1,0,100,0,22,0,0,0,0,0
323101502,1,0,90,0,22,0,0,0,0,0
323101502,2,0,10,0,22,0,0,0,0,0
323101503,1,0,100,1,22,0,0,0,0,0
331100201,1,0,100,0,22,0,0,0,0,0
331100202,1,0,100,0,22,0,0,0,0,0
331100203,1,0,90,0,22,0,0,0,0,0
331100203,2,0,10,0,22,0,0,0,0,0
331100301,1,0,100,0,22,0,0,0,0,0
331100302,1,0,100,0,22,0,0,0,0,0
331100303,1,0,90,0,22,0,0,0,0,0
331100303,2,0,10,0,22,0,0,0,0,0
331100501,1,0,100,0,22,0,0,0,0,0
331100502,1,0,100,0,22,0,0,0,0,0
331100503,1,0,90,0,22,0,0,0,0,0
331100503,2,0,10,0,22,0,0,0,0,0
331100601,1,0,100,0,22,0,0,0,0,0
331100602,1,0,100,0,22,0,0,0,0,0
331100603,1,0,90,0,22,0,0,0,0,0
331100603,2,0,10,0,22,0,0,0,0,0
331100801,1,0,100,0,22,0,0,0,0,0
331100802,1,0,100,0,22,0,0,0,0,0
331100803,1,0,90,0,22,0,0,0,0,0
331100803,2,0,10,0,22,0,0,0,0,0
331100901,1,0,100,0,22,0,0,0,0,0
331100902,1,0,100,0,22,0,0,0,0,0
331100903,1,0,90,0,22,0,0,0,0,0
331100903,2,0,10,0,22,0,0,0,0,0
331101101,1,0,100,0,22,0,0,0,0,0
331101102,1,0,100,0,22,0,0,0,0,0
331101103,1,0,90,0,22,0,0,0,0,0
331101103,2,0,10,0,22,0,0,0,0,0
331101201,1,0,100,0,22,0,0,0,0,0
331101202,1,0,90,0,22,0,0,0,0,0
331101202,2,0,10,0,22,0,0,0,0,0
331101203,1,0,100,1,22,0,0,0,0,0
332100201,1,0,100,0,22,0,0,0,0,0
332100202,1,0,100,0,22,0,0,0,0,0
332100203,1,0,90,0,22,0,0,0,0,0
332100203,2,0,10,0,22,0,0,0,0,0
332100401,1,0,100,0,22,0,0,0,0,0
332100402,1,0,100,0,22,0,0,0,0,0
332100403,1,0,90,0,22,0,0,0,0,0
332100403,2,0,10,0,22,0,0,0,0,0
332100601,1,0,100,0,22,0,0,0,0,0
332100602,1,0,100,0,22,0,0,0,0,0
332100603,1,0,90,0,22,0,0,0,0,0
332100603,2,0,10,0,22,0,0,0,0,0
332100701,1,0,100,0,22,0,0,0,0,0
332100702,1,0,100,0,22,0,0,0,0,0
332100703,1,0,90,0,22,0,0,0,0,0
332100703,2,0,10,0,22,0,0,0,0,0
332100901,1,0,100,0,22,0,0,0,0,0
332100902,1,0,100,0,22,0,0,0,0,0
332100903,1,0,90,0,22,0,0,0,0,0
332100903,2,0,10,0,22,0,0,0,0,0
332101001,1,0,100,0,22,0,0,0,0,0
332101002,1,0,100,0,22,0,0,0,0,0
332101003,1,0,90,0,22,0,0,0,0,0
332101003,2,0,10,0,22,0,0,0,0,0
332101201,1,0,100,0,22,0,0,0,0,0
332101202,1,0,100,0,22,0,0,0,0,0
332101203,1,0,90,0,22,0,0,0,0,0
332101203,2,0,10,0,22,0,0,0,0,0
332101301,1,0,100,0,22,0,0,0,0,0
332101302,1,0,90,0,22,0,0,0,0,0
332101302,2,0,10,0,22,0,0,0,0,0
332101303,1,0,100,1,22,0,0,0,0,0
333100201,1,0,100,0,22,0,0,0,0,0
333100202,1,0,100,0,22,0,0,0,0,0
333100203,1,0,90,0,22,0,0,0,0,0
333100203,2,0,10,0,22,0,0,0,0,0
333100401,1,0,100,0,22,0,0,0,0,0
333100402,1,0,100,0,22,0,0,0,0,0
333100403,1,0,90,0,22,0,0,0,0,0
333100403,2,0,10,0,22,0,0,0,0,0
333100501,1,0,100,0,22,0,0,0,0,0
333100502,1,0,100,0,22,0,0,0,0,0
333100503,1,0,90,0,22,0,0,0,0,0
333100503,2,0,10,0,22,0,0,0,0,0
333100701,1,0,100,0,22,0,0,0,0,0
333100702,1,0,100,0,22,0,0,0,0,0
333100703,1,0,90,0,22,0,0,0,0,0
333100703,2,0,10,0,22,0,0,0,0,0
333100801,1,0,100,0,22,0,0,0,0,0
333100802,1,0,100,0,22,0,0,0,0,0
333100803,1,0,90,0,22,0,0,0,0,0
333100803,2,0,10,0,22,0,0,0,0,0
333101001,1,0,100,0,22,0,0,0,0,0
333101002,1,0,100,0,22,0,0,0,0,0
333101003,1,0,90,0,22,0,0,0,0,0
333101003,2,0,10,0,22,0,0,0,0,0
333101101,1,0,100,0,22,0,0,0,0,0
333101102,1,0,100,0,22,0,0,0,0,0
333101103,1,0,90,0,22,0,0,0,0,0
333101103,2,0,10,0,22,0,0,0,0,0
333101301,1,0,100,0,22,0,0,0,0,0
333101302,1,0,100,0,22,0,0,0,0,0
333101303,1,0,90,0,22,0,0,0,0,0
333101303,2,0,10,0,22,0,0,0,0,0
333101401,1,0,100,0,22,0,0,0,0,0
333101402,1,0,90,0,22,0,0,0,0,0
333101402,2,0,10,0,22,0,0,0,0,0
333101403,1,0,100,1,22,0,0,0,0,0
341100201,1,0,100,0,22,0,0,0,0,0
341100202,1,0,100,0,22,0,0,0,0,0
341100203,1,0,90,0,22,0,0,0,0,0
341100203,2,0,10,0,22,0,0,0,0,0
341100301,1,0,100,0,22,0,0,0,0,0
341100302,1,0,100,0,22,0,0,0,0,0
341100303,1,0,90,0,22,0,0,0,0,0
341100303,2,0,10,0,22,0,0,0,0,0
341100501,1,0,100,0,108,0,0,0,0,0
341100502,1,0,100,0,108,0,0,0,0,0
341100503,1,0,90,0,108,0,0,0,0,0
341100503,2,0,10,0,108,0,0,0,0,0
341100601,1,0,100,0,22,0,0,0,0,0
341100602,1,0,100,0,22,0,0,0,0,0
341100603,1,0,90,0,22,0,0,0,0,0
341100603,2,0,10,0,22,0,0,0,0,0
341100801,1,0,100,0,108,0,0,0,0,0
341100802,1,0,100,0,108,0,0,0,0,0
341100803,1,0,90,0,108,0,0,0,0,0
341100803,2,0,10,0,108,0,0,0,0,0
341100901,1,0,100,0,22,0,0,0,0,0
341100902,1,0,100,0,22,0,0,0,0,0
341100903,1,0,90,0,22,0,0,0,0,0
341100903,2,0,10,0,22,0,0,0,0,0
341101101,1,0,100,0,22,0,0,0,0,0
341101102,1,0,100,0,22,0,0,0,0,0
341101103,1,0,90,0,22,0,0,0,0,0
341101103,2,0,10,0,22,0,0,0,0,0
341101201,1,0,100,0,22,0,0,0,0,0
341101202,1,0,90,0,22,0,0,0,0,0
341101202,2,0,10,0,22,0,0,0,0,0
341101203,1,0,100,1,22,0,0,0,0,0
342100201,1,0,100,0,108,0,0,0,0,0
342100202,1,0,100,0,108,0,0,0,0,0
342100203,1,0,90,0,108,0,0,0,0,0
342100203,2,0,10,0,108,0,0,0,0,0
342100301,1,0,100,0,22,0,0,0,0,0
342100302,1,0,100,0,22,0,0,0,0,0
342100303,1,0,90,0,22,0,0,0,0,0
342100303,2,0,10,0,22,0,0,0,0,0
342100501,1,0,100,0,108,0,0,0,0,0
342100502,1,0,100,0,108,0,0,0,0,0
342100503,1,0,90,0,108,0,0,0,0,0
342100503,2,0,10,0,108,0,0,0,0,0
342100601,1,0,100,0,22,0,0,0,0,0
342100602,1,0,100,0,22,0,0,0,0,0
342100603,1,0,90,0,22,0,0,0,0,0
342100603,2,0,10,0,22,0,0,0,0,0
342100801,1,0,100,0,108,0,0,0,0,0
342100802,1,0,100,0,108,0,0,0,0,0
342100803,1,0,90,0,108,0,0,0,0,0
342100803,2,0,10,0,108,0,0,0,0,0
342100901,1,0,100,0,22,0,0,0,0,0
342100902,1,0,100,0,22,0,0,0,0,0
342100903,1,0,90,0,22,0,0,0,0,0
342100903,2,0,10,0,22,0,0,0,0,0
342101101,1,0,100,0,22,0,0,0,0,0
342101102,1,0,90,0,22,0,0,0,0,0
342101103,1,0,10,0,22,0,0,0,0,0
342101103,2,0,100,0,22,0,0,0,0,0
342101201,1,0,100,1,22,0,0,0,0,0
343100201,1,0,100,0,108,0,0,0,0,0
343100202,1,0,100,0,108,0,0,0,0,0
343100203,1,0,90,0,108,0,0,0,0,0
343100203,2,0,10,0,108,0,0,0,0,0
343100401,1,0,100,0,108,0,0,0,0,0
343100402,1,0,100,0,108,0,0,0,0,0
343100403,1,0,90,0,108,0,0,0,0,0
343100403,2,0,10,0,108,0,0,0,0,0
343100601,1,0,100,0,22,0,0,0,0,0
343100602,1,0,100,0,22,0,0,0,0,0
343100603,1,0,90,0,22,0,0,0,0,0
343100603,2,0,10,0,22,0,0,0,0,0
343100801,1,0,100,0,108,0,0,0,0,0
343100802,1,0,100,0,108,0,0,0,0,0
343100803,1,0,90,0,108,0,0,0,0,0
343100803,2,0,10,0,108,0,0,0,0,0
343100901,1,0,100,0,22,0,0,0,0,0
343100902,1,0,100,0,22,0,0,0,0,0
343100903,1,0,90,0,22,0,0,0,0,0
343100903,2,0,10,0,22,0,0,0,0,0
343101101,1,0,100,0,108,0,0,0,0,0
343101102,1,0,100,0,108,0,0,0,0,0
343101103,1,0,90,0,108,0,0,0,0,0
343101103,2,0,10,0,108,0,0,0,0,0
343101201,1,0,100,0,22,0,0,0,0,0
343101202,1,0,100,0,22,0,0,0,0,0
343101203,1,0,90,0,22,0,0,0,0,0
343101203,2,0,10,0,22,0,0,0,0,0
343101401,1,0,100,0,108,0,0,0,0,0
343101402,1,0,100,0,108,0,0,0,0,0
343101403,1,0,90,0,108,0,0,0,0,0
343101403,2,0,10,0,108,0,0,0,0,0
343101501,1,0,100,0,22,0,0,0,0,0
343101502,1,0,90,0,22,0,0,0,0,0
343101502,2,0,10,0,22,0,0,0,0,0
343101503,1,0,100,1,22,0,0,0,0,0
351100201,1,0,100,0,108,0,0,0,0,0
351100202,1,0,100,0,108,0,0,0,0,0
351100203,1,0,90,0,108,0,0,0,0,0
351100203,2,0,10,0,108,0,0,0,0,0
351100301,1,0,100,0,108,0,0,0,0,0
351100302,1,0,100,0,108,0,0,0,0,0
351100303,1,0,90,0,108,0,0,0,0,0
351100303,2,0,10,0,108,0,0,0,0,0
351100501,1,0,100,0,22,0,0,0,0,0
351100502,1,0,100,0,22,0,0,0,0,0
351100503,1,0,90,0,22,0,0,0,0,0
351100503,2,0,10,0,22,0,0,0,0,0
351100601,1,0,100,0,22,0,0,0,0,0
351100602,1,0,100,0,22,0,0,0,0,0
351100603,1,0,90,0,22,0,0,0,0,0
351100603,2,0,10,0,22,0,0,0,0,0
351100801,1,0,100,0,22,0,0,0,0,0
351100802,1,0,100,0,22,0,0,0,0,0
351100803,1,0,90,0,22,0,0,0,0,0
351100803,2,0,10,0,22,0,0,0,0,0
351100901,1,0,100,0,22,0,0,0,0,0
351100902,1,0,100,0,22,0,0,0,0,0
351100903,1,0,90,0,22,0,0,0,0,0
351100903,2,0,10,0,22,0,0,0,0,0
351101101,1,0,100,0,108,0,0,0,0,0
351101102,1,0,100,0,108,0,0,0,0,0
351101103,1,0,90,0,108,0,0,0,0,0
351101103,2,0,10,0,108,0,0,0,0,0
351101201,1,0,100,0,22,0,0,0,0,0
351101202,1,0,90,0,22,0,0,0,0,0
351101202,2,0,10,0,22,0,0,0,0,0
351101203,1,0,100,1,22,0,0,0,0,0
352100201,1,0,100,0,22,0,0,0,0,0
352100202,1,0,100,0,22,0,0,0,0,0
352100203,1,0,90,0,22,0,0,0,0,0
352100203,2,0,10,0,22,0,0,0,0,0
352100301,1,0,100,0,22,0,0,0,0,0
352100302,1,0,100,0,22,0,0,0,0,0
352100303,1,0,90,0,22,0,0,0,0,0
352100303,2,0,10,0,22,0,0,0,0,0
352100501,1,0,100,0,22,0,0,0,0,0
352100502,1,0,100,0,22,0,0,0,0,0
352100503,1,0,90,0,22,0,0,0,0,0
352100503,2,0,10,0,22,0,0,0,0,0
352100601,1,0,100,0,22,0,0,0,0,0
352100602,1,0,100,0,22,0,0,0,0,0
352100603,1,0,90,0,22,0,0,0,0,0
352100603,2,0,10,0,22,0,0,0,0,0
352100801,1,0,100,0,22,0,0,0,0,0
352100802,1,0,100,0,22,0,0,0,0,0
352100803,1,0,90,0,22,0,0,0,0,0
352100803,2,0,10,0,22,0,0,0,0,0
352100901,1,0,100,0,22,0,0,0,0,0
352100902,1,0,100,0,22,0,0,0,0,0
352100903,1,0,90,0,22,0,0,0,0,0
352100903,2,0,10,0,22,0,0,0,0,0
352101101,1,0,100,0,22,0,0,0,0,0
352101102,1,0,100,0,22,0,0,0,0,0
352101103,1,0,90,0,22,0,0,0,0,0
352101103,2,0,10,0,22,0,0,0,0,0
352101201,1,0,100,0,22,0,0,0,0,0
352101202,1,0,90,0,22,0,0,0,0,0
352101202,2,0,10,0,22,0,0,0,0,0
352101203,1,0,100,1,22,0,0,0,0,0
353100201,1,0,100,0,22,0,0,0,0,0
353100202,1,0,100,0,22,0,0,0,0,0
353100203,1,0,90,0,22,0,0,0,0,0
353100203,2,0,10,0,22,0,0,0,0,0
353100301,1,0,100,0,22,0,0,0,0,0
353100302,1,0,100,0,22,0,0,0,0,0
353100303,1,0,90,0,22,0,0,0,0,0
353100303,2,0,10,0,22,0,0,0,0,0
353100501,1,0,100,0,22,0,0,0,0,0
353100502,1,0,100,0,22,0,0,0,0,0
353100503,1,0,90,0,22,0,0,0,0,0
353100503,2,0,10,0,22,0,0,0,0,0
353100601,1,0,100,0,22,0,0,0,0,0
353100602,1,0,100,0,22,0,0,0,0,0
353100603,1,0,90,0,22,0,0,0,0,0
353100603,2,0,10,0,22,0,0,0,0,0
353100801,1,0,100,0,22,0,0,0,0,0
353100802,1,0,100,0,22,0,0,0,0,0
353100803,1,0,90,0,22,0,0,0,0,0
353100803,2,0,10,0,22,0,0,0,0,0
353100901,1,0,100,0,22,0,0,0,0,0
353100902,1,0,100,0,22,0,0,0,0,0
353100903,1,0,90,0,22,0,0,0,0,0
353100903,2,0,10,0,22,0,0,0,0,0
353101101,1,0,100,0,22,0,0,0,0,0
353101102,1,0,100,0,22,0,0,0,0,0
353101103,1,0,90,0,22,0,0,0,0,0
353101103,2,0,10,0,22,0,0,0,0,0
353101201,1,0,100,0,22,0,0,0,0,0
353101202,1,0,100,0,22,0,0,0,0,0
353101203,1,0,90,0,22,0,0,0,0,0
353101203,2,0,10,0,22,0,0,0,0,0
353101301,1,0,100,0,22,0,0,0,0,0
353101302,1,0,90,0,22,0,0,0,0,0
353101302,2,0,10,0,22,0,0,0,0,0
353101303,1,0,100,1,22,0,0,0,0,0
361100201,1,0,100,0,22,0,0,0,0,0
361100202,1,0,100,0,22,0,0,0,0,0
361100203,1,0,90,0,22,0,0,0,0,0
361100203,2,0,10,0,22,0,0,0,0,0
361100301,1,0,100,0,22,0,0,0,0,0
361100302,1,0,100,0,22,0,0,0,0,0
361100303,1,0,90,0,22,0,0,0,0,0
361100303,2,0,10,0,22,0,0,0,0,0
361100501,1,0,100,0,22,0,0,0,0,0
361100502,1,0,100,0,22,0,0,0,0,0
361100503,1,0,90,0,22,0,0,0,0,0
361100503,2,0,10,0,22,0,0,0,0,0
361100601,1,0,100,0,22,0,0,0,0,0
361100602,1,0,100,0,22,0,0,0,0,0
361100603,1,0,90,0,22,0,0,0,0,0
361100603,2,0,10,0,22,0,0,0,0,0
361100801,1,0,100,0,22,0,0,0,0,0
361100802,1,0,100,0,22,0,0,0,0,0
361100803,1,0,90,0,22,0,0,0,0,0
361100803,2,0,10,0,22,0,0,0,0,0
361100901,1,0,100,0,22,0,0,0,0,0
361100902,1,0,100,0,22,0,0,0,0,0
361100903,1,0,90,0,22,0,0,0,0,0
361100903,2,0,10,0,22,0,0,0,0,0
361101101,1,0,100,0,22,0,0,0,0,0
361101102,1,0,100,0,22,0,0,0,0,0
361101103,1,0,90,0,22,0,0,0,0,0
361101103,2,0,10,0,22,0,0,0,0,0
361101201,1,0,100,0,22,0,0,0,0,0
361101202,1,0,90,0,22,0,0,0,0,0
361101202,2,0,10,0,22,0,0,0,0,0
361101203,1,0,100,1,22,0,0,0,0,0
362100201,1,0,100,0,22,0,0,0,0,0
362100202,1,0,100,0,22,0,0,0,0,0
362100203,1,0,90,0,22,0,0,0,0,0
362100203,2,0,10,0,22,0,0,0,0,0
362100301,1,0,100,0,22,0,0,0,0,0
362100302,1,0,100,0,22,0,0,0,0,0
362100303,1,0,90,0,22,0,0,0,0,0
362100303,2,0,10,0,22,0,0,0,0,0
362100501,1,0,100,0,22,0,0,0,0,0
362100502,1,0,100,0,22,0,0,0,0,0
362100503,1,0,90,0,22,0,0,0,0,0
362100503,2,0,10,0,22,0,0,0,0,0
362100601,1,0,100,0,22,0,0,0,0,0
362100602,1,0,100,0,22,0,0,0,0,0
362100603,1,0,90,0,22,0,0,0,0,0
362100603,2,0,10,0,22,0,0,0,0,0
362100801,1,0,100,0,22,0,0,0,0,0
362100802,1,0,100,0,22,0,0,0,0,0
362100803,1,0,90,0,22,0,0,0,0,0
362100803,2,0,10,0,22,0,0,0,0,0
362100901,1,0,100,0,22,0,0,0,0,0
362100902,1,0,100,0,22,0,0,0,0,0
362100903,1,0,90,0,22,0,0,0,0,0
362100903,2,0,10,0,22,0,0,0,0,0
362101101,1,0,100,0,22,0,0,0,0,0
362101102,1,0,100,0,22,0,0,0,0,0
362101103,1,0,90,0,22,0,0,0,0,0
362101103,2,0,10,0,22,0,0,0,0,0
362101201,1,0,100,0,22,0,0,0,0,0
362101202,1,0,90,0,22,0,0,0,0,0
362101202,2,0,10,0,22,0,0,0,0,0
362101203,1,0,100,1,22,0,0,0,0,0
363100201,1,0,100,0,22,0,0,0,0,0
363100202,1,0,100,0,22,0,0,0,0,0
363100203,1,0,90,0,22,0,0,0,0,0
363100203,2,0,10,0,22,0,0,0,0,0
363100301,1,0,100,0,22,0,0,0,0,0
363100302,1,0,100,0,22,0,0,0,0,0
363100303,1,0,90,0,22,0,0,0,0,0
363100303,2,0,10,0,22,0,0,0,0,0
363100501,1,0,100,0,22,0,0,0,0,0
363100502,1,0,100,0,22,0,0,0,0,0
363100503,1,0,90,0,22,0,0,0,0,0
363100503,2,0,10,0,22,0,0,0,0,0
363100601,1,0,100,0,22,0,0,0,0,0
363100602,1,0,100,0,22,0,0,0,0,0
363100603,1,0,90,0,22,0,0,0,0,0
363100603,2,0,10,0,22,0,0,0,0,0
363100801,1,0,100,0,22,0,0,0,0,0
363100802,1,0,100,0,22,0,0,0,0,0
363100803,1,0,90,0,22,0,0,0,0,0
363100803,2,0,10,0,22,0,0,0,0,0
363100901,1,0,100,0,22,0,0,0,0,0
363100902,1,0,100,0,22,0,0,0,0,0
363100903,1,0,90,0,22,0,0,0,0,0
363100903,2,0,10,0,22,0,0,0,0,0
363101101,1,0,100,0,22,0,0,0,0,0
363101102,1,0,100,0,22,0,0,0,0,0
363101103,1,0,90,0,22,0,0,0,0,0
363101103,2,0,10,0,22,0,0,0,0,0
363101201,1,0,100,0,22,0,0,0,0,0
363101202,1,0,100,0,22,0,0,0,0,0
363101203,1,0,90,0,22,0,0,0,0,0
363101203,2,0,10,0,22,0,0,0,0,0
363101301,1,0,100,0,22,0,0,0,0,0
363101302,1,0,90,0,22,0,0,0,0,0
363101302,2,0,10,0,22,0,0,0,0,0
363101303,1,0,100,1,22,0,0,0,0,0
371100201,1,0,100,0,22,0,0,0,0,0
371100202,1,0,100,0,22,0,0,0,0,0
371100203,1,0,90,0,22,0,0,0,0,0
371100203,2,0,10,0,22,0,0,0,0,0
371100401,1,0,100,0,22,0,0,0,0,0
371100402,1,0,100,0,22,0,0,0,0,0
371100403,1,0,90,0,22,0,0,0,0,0
371100403,2,0,10,0,22,0,0,0,0,0
371100501,1,0,100,0,22,0,0,0,0,0
371100502,1,0,100,0,22,0,0,0,0,0
371100503,1,0,90,0,22,0,0,0,0,0
371100503,2,0,10,0,22,0,0,0,0,0
371100701,1,0,100,0,22,0,0,0,0,0
371100702,1,0,100,0,22,0,0,0,0,0
371100703,1,0,90,0,22,0,0,0,0,0
371100703,2,0,10,0,22,0,0,0,0,0
371100801,1,0,100,0,22,0,0,0,0,0
371100802,1,0,100,0,22,0,0,0,0,0
371100803,1,0,90,0,22,0,0,0,0,0
371100803,2,0,10,0,22,0,0,0,0,0
371101101,1,0,100,0,22,0,0,0,0,0
371101102,1,0,100,0,22,0,0,0,0,0
371101103,1,0,90,0,22,0,0,0,0,0
371101103,2,0,10,0,22,0,0,0,0,0
371101301,1,0,100,0,22,0,0,0,0,0
371101302,1,0,100,0,22,0,0,0,0,0
371101303,1,0,90,0,22,0,0,0,0,0
371101303,2,0,10,0,22,0,0,0,0,0
371101501,1,0,100,0,22,0,0,0,0,0
371101502,1,0,100,0,22,0,0,0,0,0
371101503,1,0,90,0,22,0,0,0,0,0
371101503,2,0,10,0,22,0,0,0,0,0
371101601,1,0,100,0,22,0,0,0,0,0
371101602,1,0,90,0,22,0,0,0,0,0
371101602,2,0,10,0,22,0,0,0,0,0
371101603,1,0,100,1,22,0,0,0,0,0
372100201,1,0,100,0,22,0,0,0,0,0
372100202,1,0,100,0,22,0,0,0,0,0
372100203,1,0,90,0,22,0,0,0,0,0
372100203,2,0,10,0,22,0,0,0,0,0
372100301,1,0,100,0,22,0,0,0,0,0
372100302,1,0,100,0,22,0,0,0,0,0
372100303,1,0,90,0,22,0,0,0,0,0
372100303,2,0,10,0,22,0,0,0,0,0
372100601,1,0,100,0,22,0,0,0,0,0
372100602,1,0,100,0,22,0,0,0,0,0
372100603,1,0,90,0,22,0,0,0,0,0
372100603,2,0,10,0,22,0,0,0,0,0
372100701,1,0,100,0,22,0,0,0,0,0
372100702,1,0,100,0,22,0,0,0,0,0
372100703,1,0,90,0,22,0,0,0,0,0
372100703,2,0,10,0,22,0,0,0,0,0
372100901,1,0,100,0,22,0,0,0,0,0
372100902,1,0,100,0,22,0,0,0,0,0
372100903,1,0,90,0,22,0,0,0,0,0
372100903,2,0,10,0,22,0,0,0,0,0
372101001,1,0,100,0,22,0,0,0,0,0
372101002,1,0,100,0,22,0,0,0,0,0
372101003,1,0,90,0,22,0,0,0,0,0
372101003,2,0,10,0,22,0,0,0,0,0
372101201,1,0,100,0,22,0,0,0,0,0
372101202,1,0,100,0,22,0,0,0,0,0
372101203,1,0,90,0,22,0,0,0,0,0
372101203,2,0,10,0,22,0,0,0,0,0
372101301,1,0,100,0,22,0,0,0,0,0
372101302,1,0,90,0,22,0,0,0,0,0
372101302,2,0,10,0,22,0,0,0,0,0
372101303,1,0,100,1,22,0,0,0,0,0
373100201,1,0,100,0,22,0,0,0,0,0
373100202,1,0,100,0,22,0,0,0,0,0
373100203,1,0,90,0,22,0,0,0,0,0
373100203,2,0,10,0,22,0,0,0,0,0
373100301,1,0,100,0,22,0,0,0,0,0
373100302,1,0,100,0,22,0,0,0,0,0
373100303,1,0,90,0,22,0,0,0,0,0
373100303,2,0,10,0,22,0,0,0,0,0
373100601,1,0,100,0,22,0,0,0,0,0
373100602,1,0,100,0,22,0,0,0,0,0
373100603,1,0,90,0,22,0,0,0,0,0
373100603,2,0,10,0,22,0,0,0,0,0
373100701,1,0,100,0,22,0,0,0,0,0
373100702,1,0,100,0,22,0,0,0,0,0
373100703,1,0,90,0,22,0,0,0,0,0
373100703,2,0,10,0,22,0,0,0,0,0
373100901,1,0,100,0,22,0,0,0,0,0
373100902,1,0,100,0,22,0,0,0,0,0
373100903,1,0,90,0,22,0,0,0,0,0
373100903,2,0,10,0,22,0,0,0,0,0
373101001,1,0,100,0,22,0,0,0,0,0
373101002,1,0,100,0,22,0,0,0,0,0
373101003,1,0,90,0,22,0,0,0,0,0
373101003,2,0,10,0,22,0,0,0,0,0
373101201,1,0,100,0,22,0,0,0,0,0
373101202,1,0,100,0,22,0,0,0,0,0
373101203,1,0,90,0,22,0,0,0,0,0
373101203,2,0,10,0,22,0,0,0,0,0
373101301,1,0,100,0,22,0,0,0,0,0
373101302,1,0,90,0,22,0,0,0,0,0
373101302,2,0,10,0,22,0,0,0,0,0
373101303,1,0,100,1,22,0,0,0,0,0
381100201,1,0,100,0,22,0,0,0,0,0
381100202,1,0,100,0,22,0,0,0,0,0
381100203,1,0,90,0,22,0,0,0,0,0
381100203,2,0,10,0,22,0,0,0,0,0
381100301,1,0,100,0,22,0,0,0,0,0
381100302,1,0,100,0,22,0,0,0,0,0
381100303,1,0,90,0,22,0,0,0,0,0
381100303,2,0,10,0,22,0,0,0,0,0
381100601,1,0,100,0,22,0,0,0,0,0
381100602,1,0,100,0,22,0,0,0,0,0
381100603,1,0,90,0,22,0,0,0,0,0
381100603,2,0,10,0,22,0,0,0,0,0
381100701,1,0,100,0,22,0,0,0,0,0
381100702,1,0,100,0,22,0,0,0,0,0
381100703,1,0,90,0,22,0,0,0,0,0
381100703,2,0,10,0,22,0,0,0,0,0
381101001,1,0,100,0,22,0,0,0,0,0
381101002,1,0,100,0,22,0,0,0,0,0
381101003,1,0,90,0,22,0,0,0,0,0
381101003,2,0,10,0,22,0,0,0,0,0
381101101,1,0,100,0,22,0,0,0,0,0
381101102,1,0,100,0,22,0,0,0,0,0
381101103,1,0,90,0,22,0,0,0,0,0
381101103,2,0,10,0,22,0,0,0,0,0
381101401,1,0,100,0,22,0,0,0,0,0
381101402,1,0,100,0,22,0,0,0,0,0
381101403,1,0,90,0,22,0,0,0,0,0
381101403,2,0,10,0,22,0,0,0,0,0
381101501,1,0,100,0,22,0,0,0,0,0
381101502,1,0,90,0,22,0,0,0,0,0
381101502,2,0,10,0,22,0,0,0,0,0
381101503,1,0,100,0,22,0,0,0,0,0
382100201,1,0,100,0,22,0,0,0,0,0
382100202,1,0,100,0,22,0,0,0,0,0
382100203,1,0,90,0,22,0,0,0,0,0
382100203,2,0,10,0,22,0,0,0,0,0
382100401,1,0,100,0,22,0,0,0,0,0
382100402,1,0,100,0,22,0,0,0,0,0
382100403,1,0,90,0,22,0,0,0,0,0
382100403,2,0,10,0,22,0,0,0,0,0
382100601,1,0,100,0,22,0,0,0,0,0
382100602,1,0,100,0,22,0,0,0,0,0
382100603,1,0,90,0,22,0,0,0,0,0
382100603,2,0,10,0,22,0,0,0,0,0
382100801,1,0,100,0,22,0,0,0,0,0
382100802,1,0,100,0,22,0,0,0,0,0
382100803,1,0,90,0,22,0,0,0,0,0
382100803,2,0,10,0,22,0,0,0,0,0
382101001,1,0,100,0,22,0,0,0,0,0
382101002,1,0,100,0,22,0,0,0,0,0
382101003,1,0,90,0,22,0,0,0,0,0
382101003,2,0,10,0,22,0,0,0,0,0
382101201,1,0,100,0,22,0,0,0,0,0
382101202,1,0,100,0,22,0,0,0,0,0
382101203,1,0,90,0,22,0,0,0,0,0
382101203,2,0,10,0,22,0,0,0,0,0
382101401,1,0,100,0,22,0,0,0,0,0
382101402,1,0,100,0,22,0,0,0,0,0
382101403,1,0,90,0,22,0,0,0,0,0
382101403,2,0,10,0,22,0,0,0,0,0
382101601,1,0,100,0,22,0,0,0,0,0
382101602,1,0,100,0,22,0,0,0,0,0
382101603,1,0,90,0,22,0,0,0,0,0
382101603,2,0,10,0,22,0,0,0,0,0
382101901,1,0,100,0,22,0,0,0,0,0
382101902,1,0,90,0,22,0,0,0,0,0
382101902,2,0,10,0,22,0,0,0,0,0
382101903,1,0,100,0,22,0,0,0,0,0
383100201,1,0,100,0,22,0,0,0,0,0
383100202,1,0,100,0,22,0,0,0,0,0
383100203,1,0,90,0,22,0,0,0,0,0
383100203,2,0,10,0,22,0,0,0,0,0
383100401,1,0,100,0,22,0,0,0,0,0
383100402,1,0,100,0,22,0,0,0,0,0
383100403,1,0,90,0,22,0,0,0,0,0
383100403,2,0,10,0,22,0,0,0,0,0
383100601,1,0,100,0,22,0,0,0,0,0
383100602,1,0,100,0,22,0,0,0,0,0
383100603,1,0,90,0,22,0,0,0,0,0
383100603,2,0,10,0,22,0,0,0,0,0
383100901,1,0,100,0,22,0,0,0,0,0
383100902,1,0,100,0,22,0,0,0,0,0
383100903,1,0,90,0,22,0,0,0,0,0
383100903,2,0,10,0,22,0,0,0,0,0
383101101,1,0,100,0,22,0,0,0,0,0
383101102,1,0,100,0,22,0,0,0,0,0
383101103,1,0,90,0,22,0,0,0,0,0
383101103,2,0,10,0,22,0,0,0,0,0
383101301,1,0,100,0,22,0,0,0,0,0
383101302,1,0,100,0,22,0,0,0,0,0
383101303,1,0,90,0,22,0,0,0,0,0
383101303,2,0,10,0,22,0,0,0,0,0
383101401,1,0,100,0,22,0,0,0,0,0
383101402,1,0,100,0,22,0,0,0,0,0
383101403,1,0,90,0,22,0,0,0,0,0
383101403,2,0,10,0,22,0,0,0,0,0
383101601,1,0,100,0,22,0,0,0,0,0
383101602,1,0,90,0,22,0,0,0,0,0
383101602,2,0,10,0,22,0,0,0,0,0
383101603,1,0,100,0,22,0,0,0,0,0
391100301,1,0,100,0,22,0,0,0,0,0
391100302,1,0,100,0,22,0,0,0,0,0
391100303,1,0,90,0,22,0,0,0,0,0
391100303,2,0,10,0,22,0,0,0,0,0
391100401,1,0,100,0,22,0,0,0,0,0
391100402,1,0,100,0,22,0,0,0,0,0
391100403,1,0,90,0,22,0,0,0,0,0
391100403,2,0,10,0,22,0,0,0,0,0
391100701,1,0,100,0,22,0,0,0,0,0
391100702,1,0,100,0,22,0,0,0,0,0
391100703,1,0,90,0,22,0,0,0,0,0
391100703,2,0,10,0,22,0,0,0,0,0
391100801,1,0,100,0,22,0,0,0,0,0
391100802,1,0,100,0,22,0,0,0,0,0
391100803,1,0,90,0,22,0,0,0,0,0
391100803,2,0,10,0,22,0,0,0,0,0
391101001,1,0,100,0,22,0,0,0,0,0
391101002,1,0,100,0,22,0,0,0,0,0
391101003,1,0,90,0,22,0,0,0,0,0
391101003,2,0,10,0,22,0,0,0,0,0
391101101,1,0,100,0,22,0,0,0,0,0
391101102,1,0,100,0,22,0,0,0,0,0
391101103,1,0,90,0,22,0,0,0,0,0
391101103,2,0,10,0,22,0,0,0,0,0
391101401,1,0,100,0,22,0,0,0,0,0
391101402,1,0,100,0,22,0,0,0,0,0
391101403,1,0,90,0,22,0,0,0,0,0
391101403,2,0,10,0,22,0,0,0,0,0
391101501,1,0,100,0,22,0,0,0,0,0
391101502,1,0,90,0,22,0,0,0,0,0
391101502,2,0,10,0,22,0,0,0,0,0
391101503,1,0,100,0,22,0,0,0,0,0
392100301,1,0,100,0,22,0,0,0,0,0
392100302,1,0,100,0,22,0,0,0,0,0
392100303,1,0,90,0,22,0,0,0,0,0
392100303,2,0,10,0,22,0,0,0,0,0
392100401,1,0,100,0,22,0,0,0,0,0
392100402,1,0,100,0,22,0,0,0,0,0
392100403,1,0,90,0,22,0,0,0,0,0
392100403,2,0,10,0,22,0,0,0,0,0
392100701,1,0,100,0,22,0,0,0,0,0
392100702,1,0,100,0,22,0,0,0,0,0
392100703,1,0,90,0,22,0,0,0,0,0
392100703,2,0,10,0,22,0,0,0,0,0
392100801,1,0,100,0,22,0,0,0,0,0
392100802,1,0,100,0,22,0,0,0,0,0
392100803,1,0,90,0,22,0,0,0,0,0
392100803,2,0,10,0,22,0,0,0,0,0
392101001,1,0,100,0,22,0,0,0,0,0
392101002,1,0,100,0,22,0,0,0,0,0
392101003,1,0,90,0,22,0,0,0,0,0
392101003,2,0,10,0,22,0,0,0,0,0
392101201,1,0,100,0,22,0,0,0,0,0
392101202,1,0,100,0,22,0,0,0,0,0
392101203,1,0,90,0,22,0,0,0,0,0
392101203,2,0,10,0,22,0,0,0,0,0
392101401,1,0,100,0,22,0,0,0,0,0
392101402,1,0,100,0,22,0,0,0,0,0
392101403,1,0,90,0,22,0,0,0,0,0
392101403,2,0,10,0,22,0,0,0,0,0
392101501,1,0,100,0,22,0,0,0,0,0
392101502,1,0,100,0,22,0,0,0,0,0
392101503,1,0,90,0,22,0,0,0,0,0
392101503,2,0,10,0,22,0,0,0,0,0
392101701,1,0,100,0,22,0,0,0,0,0
392101702,1,0,90,0,22,0,0,0,0,0
392101702,2,0,10,0,22,0,0,0,0,0
392101703,1,0,100,0,22,0,0,0,0,0
393100301,1,0,100,0,22,0,0,0,0,0
393100302,1,0,100,0,22,0,0,0,0,0
393100303,1,0,90,0,22,0,0,0,0,0
393100303,2,0,10,0,22,0,0,0,0,0
393100401,1,0,100,0,22,0,0,0,0,0
393100402,1,0,100,0,22,0,0,0,0,0
393100403,1,0,90,0,22,0,0,0,0,0
393100403,2,0,10,0,22,0,0,0,0,0
393100601,1,0,100,0,22,0,0,0,0,0
393100602,1,0,100,0,22,0,0,0,0,0
393100603,1,0,90,0,22,0,0,0,0,0
393100603,2,0,10,0,22,0,0,0,0,0
393100701,1,0,100,0,22,0,0,0,0,0
393100702,1,0,100,0,22,0,0,0,0,0
393100703,1,0,90,0,22,0,0,0,0,0
393100703,2,0,10,0,22,0,0,0,0,0
393100901,1,0,100,0,22,0,0,0,0,0
393100902,1,0,100,0,22,0,0,0,0,0
393100903,1,0,90,0,22,0,0,0,0,0
393100903,2,0,10,0,22,0,0,0,0,0
393101001,1,0,100,0,22,0,0,0,0,0
393101002,1,0,100,0,22,0,0,0,0,0
393101003,1,0,90,0,22,0,0,0,0,0
393101003,2,0,10,0,22,0,0,0,0,0
393101201,1,0,100,0,22,0,0,0,0,0
393101202,1,0,100,0,22,0,0,0,0,0
393101203,1,0,90,0,22,0,0,0,0,0
393101203,2,0,10,0,22,0,0,0,0,0
393101401,1,0,100,0,22,0,0,0,0,0
393101402,1,0,90,0,22,0,0,0,0,0
393101402,2,0,10,0,22,0,0,0,0,0
393101403,1,0,100,0,22,0,0,0,0,0
401100201,1,0,100,0,22,0,0,0,0,0
401100202,1,0,100,0,22,0,0,0,0,0
401100203,1,0,90,0,22,0,0,0,0,0
401100203,2,0,10,0,22,0,0,0,0,0
401100401,1,0,100,0,22,0,0,0,0,0
401100402,1,0,100,0,22,0,0,0,0,0
401100403,1,0,90,0,22,0,0,0,0,0
401100403,2,0,10,0,22,0,0,0,0,0
401100701,1,0,100,0,22,0,0,0,0,0
401100702,1,0,100,0,22,0,0,0,0,0
401100703,1,0,90,0,22,0,0,0,0,0
401100703,2,0,10,0,22,0,0,0,0,0
401100801,1,0,100,0,22,0,0,0,0,0
401100802,1,0,100,0,22,0,0,0,0,0
401100803,1,0,90,0,22,0,0,0,0,0
401100803,2,0,10,0,22,0,0,0,0,0
401101001,1,0,100,0,22,0,0,0,0,0
401101002,1,0,100,0,22,0,0,0,0,0
401101003,1,0,90,0,22,0,0,0,0,0
401101003,2,0,10,0,22,0,0,0,0,0
401101101,1,0,100,0,22,0,0,0,0,0
401101102,1,0,100,0,22,0,0,0,0,0
401101103,1,0,90,0,22,0,0,0,0,0
401101103,2,0,10,0,22,0,0,0,0,0
401101301,1,0,100,0,22,0,0,0,0,0
401101302,1,0,100,0,22,0,0,0,0,0
401101303,1,0,90,0,22,0,0,0,0,0
401101303,2,0,10,0,22,0,0,0,0,0
401101501,1,0,100,0,22,0,0,0,0,0
401101502,1,0,90,0,22,0,0,0,0,0
401101502,2,0,10,0,22,0,0,0,0,0
401101503,1,0,100,0,22,0,0,0,0,0
402100201,1,0,100,0,22,0,0,0,0,0
402100202,1,0,100,0,22,0,0,0,0,0
402100203,1,0,90,0,22,0,0,0,0,0
402100203,2,0,10,0,22,0,0,0,0,0
402100401,1,0,100,0,22,0,0,0,0,0
402100402,1,0,100,0,22,0,0,0,0,0
402100403,1,0,90,0,22,0,0,0,0,0
402100403,2,0,10,0,22,0,0,0,0,0
402100601,1,0,100,0,22,0,0,0,0,0
402100602,1,0,100,0,22,0,0,0,0,0
402100603,1,0,90,0,22,0,0,0,0,0
402100603,2,0,10,0,22,0,0,0,0,0
402100801,1,0,100,0,22,0,0,0,0,0
402100802,1,0,100,0,22,0,0,0,0,0
402100803,1,0,90,0,22,0,0,0,0,0
402100803,2,0,10,0,22,0,0,0,0,0
402101001,1,0,100,0,22,0,0,0,0,0
402101002,1,0,100,0,22,0,0,0,0,0
402101003,1,0,90,0,22,0,0,0,0,0
402101003,2,0,10,0,22,0,0,0,0,0
402101201,1,0,100,0,22,0,0,0,0,0
402101202,1,0,100,0,22,0,0,0,0,0
402101203,1,0,90,0,22,0,0,0,0,0
402101203,2,0,10,0,22,0,0,0,0,0
402101401,1,0,100,0,22,0,0,0,0,0
402101402,1,0,100,0,22,0,0,0,0,0
402101403,1,0,90,0,22,0,0,0,0,0
402101403,2,0,10,0,22,0,0,0,0,0
402101501,1,0,100,0,22,0,0,0,0,0
402101502,1,0,100,0,22,0,0,0,0,0
402101503,1,0,90,0,22,0,0,0,0,0
402101503,2,0,10,0,22,0,0,0,0,0
402101701,1,0,100,0,22,0,0,0,0,0
402101702,1,0,90,0,22,0,0,0,0,0
402101702,2,0,10,0,22,0,0,0,0,0
402101703,1,0,100,0,22,0,0,0,0,0
403100201,1,0,100,0,22,0,0,0,0,0
403100202,1,0,100,0,22,0,0,0,0,0
403100203,1,0,90,0,22,0,0,0,0,0
403100203,2,0,10,0,22,0,0,0,0,0
403100501,1,0,100,0,22,0,0,0,0,0
403100502,1,0,100,0,22,0,0,0,0,0
403100503,1,0,90,0,22,0,0,0,0,0
403100503,2,0,10,0,22,0,0,0,0,0
403100601,1,0,100,0,22,0,0,0,0,0
403100602,1,0,100,0,22,0,0,0,0,0
403100603,1,0,90,0,22,0,0,0,0,0
403100603,2,0,10,0,22,0,0,0,0,0
403100801,1,0,100,0,22,0,0,0,0,0
403100802,1,0,100,0,22,0,0,0,0,0
403100803,1,0,90,0,22,0,0,0,0,0
403100803,2,0,10,0,22,0,0,0,0,0
403101001,1,0,100,0,22,0,0,0,0,0
403101002,1,0,100,0,22,0,0,0,0,0
403101003,1,0,90,0,22,0,0,0,0,0
403101003,2,0,10,0,22,0,0,0,0,0
403101101,1,0,100,0,22,0,0,0,0,0
403101102,1,0,100,0,22,0,0,0,0,0
403101103,1,0,90,0,22,0,0,0,0,0
403101103,2,0,10,0,22,0,0,0,0,0
403101301,1,0,100,0,22,0,0,0,0,0
403101302,1,0,100,0,22,0,0,0,0,0
403101303,1,0,90,0,22,0,0,0,0,0
403101303,2,0,10,0,22,0,0,0,0,0
403101501,1,0,100,0,22,0,0,0,0,0
403101502,1,0,90,0,22,0,0,0,0,0
403101502,2,0,10,0,22,0,0,0,0,0
403101503,1,0,100,0,22,0,0,0,0,0
411100201,1,0,100,0,22,0,0,0,0,0
411100202,1,0,100,0,22,0,0,0,0,0
411100203,1,0,90,0,22,0,0,0,0,0
411100203,2,0,10,0,22,0,0,0,0,0
411100401,1,0,100,0,22,0,0,0,0,0
411100402,1,0,100,0,22,0,0,0,0,0
411100403,1,0,90,0,22,0,0,0,0,0
411100403,2,0,10,0,22,0,0,0,0,0
411100701,1,0,100,0,22,0,0,0,0,0
411100702,1,0,100,0,22,0,0,0,0,0
411100703,1,0,90,0,22,0,0,0,0,0
411100703,2,0,10,0,22,0,0,0,0,0
411100801,1,0,100,0,22,0,0,0,0,0
411100802,1,0,100,0,22,0,0,0,0,0
411100803,1,0,90,0,22,0,0,0,0,0
411100803,2,0,10,0,22,0,0,0,0,0
411101001,1,0,100,0,22,0,0,0,0,0
411101002,1,0,100,0,22,0,0,0,0,0
411101003,1,0,90,0,22,0,0,0,0,0
411101003,2,0,10,0,22,0,0,0,0,0
411101101,1,0,100,0,22,0,0,0,0,0
411101102,1,0,100,0,22,0,0,0,0,0
411101103,1,0,90,0,22,0,0,0,0,0
411101103,2,0,10,0,22,0,0,0,0,0
411101301,1,0,100,0,22,0,0,0,0,0
411101302,1,0,100,0,22,0,0,0,0,0
411101303,1,0,90,0,22,0,0,0,0,0
411101303,2,0,10,0,22,0,0,0,0,0
411101501,1,0,100,0,22,0,0,0,0,0
411101502,1,0,100,0,22,0,0,0,0,0
411101503,1,0,90,0,22,0,0,0,0,0
411101503,2,0,10,0,22,0,0,0,0,0
411101701,1,0,100,0,22,0,0,0,0,0
411101702,1,0,90,0,22,0,0,0,0,0
411101702,2,0,10,0,22,0,0,0,0,0
411101703,1,0,100,0,22,0,0,0,0,0
412100201,1,0,100,0,22,0,0,0,0,0
412100202,1,0,100,0,22,0,0,0,0,0
412100203,1,0,90,0,22,0,0,0,0,0
412100203,2,0,10,0,22,0,0,0,0,0
412100301,1,0,100,0,22,0,0,0,0,0
412100302,1,0,100,0,22,0,0,0,0,0
412100303,1,0,90,0,22,0,0,0,0,0
412100303,2,0,10,0,22,0,0,0,0,0
412100501,1,0,100,0,22,0,0,0,0,0
412100502,1,0,100,0,22,0,0,0,0,0
412100503,1,0,90,0,22,0,0,0,0,0
412100503,2,0,10,0,22,0,0,0,0,0
412100601,1,0,100,0,22,0,0,0,0,0
412100602,1,0,100,0,22,0,0,0,0,0
412100603,1,0,90,0,22,0,0,0,0,0
412100603,2,0,10,0,22,0,0,0,0,0
412100901,1,0,100,0,22,0,0,0,0,0
412100902,1,0,100,0,22,0,0,0,0,0
412100903,1,0,90,0,22,0,0,0,0,0
412100903,2,0,10,0,22,0,0,0,0,0
412101001,1,0,100,0,22,0,0,0,0,0
412101002,1,0,100,0,22,0,0,0,0,0
412101003,1,0,90,0,22,0,0,0,0,0
412101003,2,0,10,0,22,0,0,0,0,0
412101201,1,0,100,0,22,0,0,0,0,0
412101202,1,0,100,0,22,0,0,0,0,0
412101203,1,0,90,0,22,0,0,0,0,0
412101203,2,0,10,0,22,0,0,0,0,0
412101301,1,0,100,0,22,0,0,0,0,0
412101302,1,0,100,0,22,0,0,0,0,0
412101303,1,0,90,0,22,0,0,0,0,0
412101303,2,0,10,0,22,0,0,0,0,0
412101501,1,0,100,0,22,0,0,0,0,0
412101502,1,0,90,0,22,0,0,0,0,0
412101502,2,0,10,0,22,0,0,0,0,0
412101503,1,0,100,0,22,0,0,0,0,0
413100201,1,0,100,0,22,0,0,0,0,0
413100202,1,0,100,0,22,0,0,0,0,0
413100203,1,0,90,0,22,0,0,0,0,0
413100203,2,0,10,0,22,0,0,0,0,0
413100301,1,0,100,0,22,0,0,0,0,0
413100302,1,0,100,0,22,0,0,0,0,0
413100303,1,0,90,0,22,0,0,0,0,0
413100303,2,0,10,0,22,0,0,0,0,0
413100501,1,0,100,0,22,0,0,0,0,0
413100502,1,0,100,0,22,0,0,0,0,0
413100503,1,0,90,0,22,0,0,0,0,0
413100503,2,0,10,0,22,0,0,0,0,0
413100601,1,0,100,0,22,0,0,0,0,0
413100602,1,0,100,0,22,0,0,0,0,0
413100603,1,0,90,0,22,0,0,0,0,0
413100603,2,0,10,0,22,0,0,0,0,0
413100801,1,0,100,0,22,0,0,0,0,0
413100802,1,0,100,0,22,0,0,0,0,0
413100803,1,0,90,0,22,0,0,0,0,0
413100803,2,0,10,0,22,0,0,0,0,0
413100901,1,0,100,0,22,0,0,0,0,0
413100902,1,0,100,0,22,0,0,0,0,0
413100903,1,0,90,0,22,0,0,0,0,0
413100903,2,0,10,0,22,0,0,0,0,0
413101101,1,0,100,0,22,0,0,0,0,0
413101102,1,0,90,0,22,0,0,0,0,0
413101102,2,0,10,0,22,0,0,0,0,0
413101103,1,0,100,0,22,0,0,0,0,0
502100101,1,0,100,1,22,0,33,0,0,0
502100201,1,0,100,1,22,0,33,0,0,0
502100301,1,0,100,1,22,0,33,0,0,0
502100401,1,0,100,1,22,0,33,0,0,0
502100501,1,0,100,0,22,0,33,0,0,0
503100101,1,0,100,0,20,0,0,0,0,0
503100102,1,0,100,0,20,0,0,0,0,0
503100103,1,0,100,1,21,10402,13,0,0,0
503100201,1,0,100,0,20,0,0,0,0,0
503100202,1,0,100,0,20,0,0,0,0,0
503100203,1,0,100,1,21,10402,13,0,0,0
503100301,1,0,100,0,20,0,0,0,0,0
503100302,1,0,100,0,20,0,0,0,0,0
503100303,1,0,100,1,21,10402,13,0,0,0
503100401,1,0,100,0,20,0,0,0,0,0
503100402,1,0,100,0,20,0,0,0,0,0
503100403,1,0,100,1,21,10402,13,0,0,0
503100501,1,0,100,0,20,0,0,0,0,0
503100502,1,0,100,0,20,0,0,0,0,0
503100503,1,0,100,1,21,10402,13,0,0,0
503200101,1,0,100,0,20,0,0,0,0,0
503200102,1,0,100,0,20,0,0,0,0,0
503200103,1,0,100,1,22,10402,13,0,0,0
503200201,1,0,100,0,20,0,0,0,0,0
503200202,1,0,100,0,20,0,0,0,0,0
503200203,1,0,100,1,22,10402,13,0,0,0
503200301,1,0,100,0,20,0,0,0,0,0
503200302,1,0,100,0,20,0,0,0,0,0
503200303,1,0,100,1,22,10402,13,0,0,0
503200401,1,0,100,0,20,0,0,0,0,0
503200402,1,0,100,0,20,0,0,0,0,0
503200403,1,0,100,1,22,10402,13,0,0,0
503200501,1,0,100,0,20,0,0,0,0,0
503200502,1,0,100,0,20,0,0,0,0,0
503200503,1,0,100,1,22,10402,13,0,0,0
503300101,1,0,100,0,20,0,0,0,0,0
503300102,1,0,100,0,20,0,0,0,0,0
503300103,1,0,100,1,21,10402,13,0,0,0
503300201,1,0,100,0,20,0,0,0,0,0
503300202,1,0,100,0,20,0,0,0,0,0
503300203,1,0,100,1,21,10402,13,0,0,0
503300301,1,0,100,0,20,0,0,0,0,0
503300302,1,0,100,0,20,0,0,0,0,0
503300303,1,0,100,1,21,10402,13,0,0,0
503300401,1,0,100,0,20,0,0,0,0,0
503300402,1,0,100,0,20,0,0,0,0,0
503300403,1,0,100,1,21,10402,13,0,0,0
503300501,1,0,100,0,20,0,0,0,0,0
503300502,1,0,100,0,20,0,0,0,0,0
503300503,1,0,100,1,21,10402,13,0,0,0
503400101,1,0,100,0,20,0,0,0,0,0
503400102,1,0,100,0,20,0,0,0,0,0
503400103,1,0,100,1,22,10402,13,0,0,0
503400201,1,0,100,0,20,0,0,0,0,0
503400202,1,0,100,0,20,0,0,0,0,0
503400203,1,0,100,1,22,10402,13,0,0,0
503400301,1,0,100,0,20,0,0,0,0,0
503400302,1,0,100,0,20,0,0,0,0,0
503400303,1,0,100,1,22,10402,13,0,0,0
503400401,1,0,100,0,20,0,0,0,0,0
503400402,1,0,100,0,20,0,0,0,0,0
503400403,1,0,100,1,22,10402,13,0,0,0
503400501,1,0,100,0,20,0,0,0,0,0
503400502,1,0,100,0,20,0,0,0,0,0
503400503,1,0,100,1,22,10402,13,0,0,0
503500101,1,0,100,0,20,0,0,0,0,0
503500102,1,0,100,0,20,0,0,0,0,0
503500103,1,0,100,1,21,10402,13,0,0,0
503500201,1,0,100,0,20,0,0,0,0,0
503500202,1,0,100,0,20,0,0,0,0,0
503500203,1,0,100,1,21,10402,13,0,0,0
503500301,1,0,100,0,20,0,0,0,0,0
503500302,1,0,100,0,20,0,0,0,0,0
503500303,1,0,100,1,21,10402,13,0,0,0
503500401,1,0,100,0,20,0,0,0,0,0
503500402,1,0,100,0,20,0,0,0,0,0
503500403,1,0,100,1,21,10402,13,0,0,0
503500501,1,0,100,0,20,0,0,0,0,0
503500502,1,0,100,0,20,0,0,0,0,0
503500503,1,0,100,1,21,10402,13,0,0,0
503600101,1,0,100,0,20,0,0,0,0,0
503600102,1,0,100,0,20,0,0,0,0,0
503600103,1,0,100,1,22,10402,13,0,0,0
503600201,1,0,100,0,20,0,0,0,0,0
503600202,1,0,100,0,20,0,0,0,0,0
503600203,1,0,100,1,22,10402,13,0,0,0
503600301,1,0,100,0,20,0,0,0,0,0
503600302,1,0,100,0,20,0,0,0,0,0
503600303,1,0,100,1,22,10402,13,0,0,0
503600401,1,0,100,0,20,0,0,0,0,0
503600402,1,0,100,0,20,0,0,0,0,0
503600403,1,0,100,1,22,10402,13,0,0,0
503600501,1,0,100,0,20,0,0,0,0,0
503600502,1,0,100,0,20,0,0,0,0,0
503600503,1,0,100,1,22,10402,13,0,0,0
503700101,1,0,100,0,20,0,0,0,0,0
503700102,1,0,100,0,20,0,0,0,0,0
503700103,1,0,100,1,22,10402,13,0,0,0
503700201,1,0,100,0,20,0,0,0,0,0
503700202,1,0,100,0,20,0,0,0,0,0
503700203,1,0,100,1,22,10402,13,0,0,0
503700301,1,0,100,0,20,0,0,0,0,0
503700302,1,0,100,0,20,0,0,0,0,0
503700303,1,0,100,1,22,10402,13,0,0,0
503700401,1,0,100,0,20,0,0,0,0,0
503700402,1,0,100,0,20,0,0,0,0,0
503700403,1,0,100,1,22,10402,13,0,0,0
503700501,1,0,100,0,20,0,0,0,0,0
503700502,1,0,100,0,20,0,0,0,0,0
503700503,1,0,100,1,22,10402,13,0,0,0
504100101,1,0,100,0,20,0,0,0,0,0
504100201,1,0,100,0,20,0,0,0,0,0
504100301,1,0,100,0,20,0,0,0,0,0
504100401,1,0,100,0,20,0,0,0,0,0
504100501,1,0,100,0,21,0,13,0,0,0
504100601,1,0,100,0,20,0,0,0,0,0
504100701,1,0,100,0,20,0,0,0,0,0
504100801,1,0,100,0,21,0,0,0,0,0
504100901,1,0,100,0,20,0,0,0,0,0
504101001,1,0,100,0,21,0,13,0,0,0
504101101,1,0,100,0,20,0,0,0,0,0
504101201,1,0,100,0,20,0,0,0,0,0
504101301,1,0,100,0,21,0,0,0,0,0
504101401,1,0,100,0,20,0,0,0,0,0
504101501,1,0,100,0,21,0,13,0,0,0
504101601,1,0,100,0,21,0,0,0,0,0
504101701,1,0,100,0,21,0,0,0,0,0
504101801,1,0,100,0,21,0,0,0,0,0
504101901,1,0,100,0,21,0,0,0,0,0
504102001,1,0,100,1,22,0,13,0,0,0
504102101,1,0,100,0,20,0,0,0,0,0
504102201,1,0,100,0,21,0,0,0,0,0
504102301,1,0,100,0,21,0,0,0,0,0
504102401,1,0,100,0,21,0,0,0,0,0
504102501,1,0,100,0,22,0,13,0,0,0
504102601,1,0,100,0,20,0,0,0,0,0
504102701,1,0,100,0,21,0,0,0,0,0
504102801,1,0,100,0,21,0,0,0,0,0
504102901,1,0,100,0,22,0,0,0,0,0
504103001,1,0,100,0,22,0,13,0,0,0
504103101,1,0,100,0,20,0,0,0,0,0
504103201,1,0,100,0,22,0,0,0,0,0
504103301,1,0,100,0,21,0,0,0,0,0
504103401,1,0,100,0,22,0,0,0,0,0
504103501,1,0,100,0,22,0,13,0,0,0
504103601,1,0,100,0,22,0,0,0,0,0
504103701,1,0,100,0,21,0,0,0,0,0
504103801,1,0,100,0,22,0,0,0,0,0
504103901,1,0,100,0,22,0,0,0,0,0
504104001,1,0,100,1,22,0,13,0,0,0
504104101,1,0,100,0,20,0,0,0,0,0
504104201,1,0,100,0,20,0,0,0,0,0
504104301,1,0,100,0,21,0,0,0,0,0
504104401,1,0,100,0,20,0,0,0,0,0
504104501,1,0,100,0,21,0,0,0,0,0
504104601,1,0,100,0,20,0,0,0,0,0
504104701,1,0,100,0,20,0,0,0,0,0
504104801,1,0,100,0,21,0,0,0,0,0
504104901,1,0,100,0,20,0,0,0,0,0
504105001,1,0,100,1,22,0,13,0,0,0
504105101,1,0,100,0,20,0,0,0,0,0
504105201,1,0,100,0,21,0,0,0,0,0
504105301,1,0,100,0,21,0,0,0,0,0
504105401,1,0,100,0,21,0,0,0,0,0
504105501,1,0,100,0,21,0,21,0,0,0
504105601,1,0,100,0,20,0,0,0,0,0
504105701,1,0,100,0,21,0,0,0,0,0
504105801,1,0,100,0,21,0,0,0,0,0
504105901,1,0,100,0,22,0,0,0,0,0
504106001,1,0,100,0,22,0,13,0,0,0
504106101,1,0,100,0,20,0,0,0,0,0
504106201,1,0,100,0,22,0,0,0,0,0
504106301,1,0,100,0,21,0,0,0,0,0
504106401,1,0,100,0,22,0,0,0,0,0
504106501,1,0,100,0,22,0,13,0,0,0
504106601,1,0,100,0,22,0,0,0,0,0
504106701,1,0,100,0,21,0,0,0,0,0
504106801,1,0,100,0,22,0,0,0,0,0
504106901,1,0,100,0,22,0,0,0,0,0
504107001,1,0,100,1,22,0,13,0,0,0
504107101,1,0,100,0,22,0,0,0,0,0
504107201,1,0,100,0,22,0,0,0,0,0
504107301,1,0,100,0,22,0,0,0,0,0
504107401,1,0,100,0,22,0,0,0,0,0
504107501,1,0,100,0,22,0,13,0,0,0
504107601,1,0,100,0,22,0,0,0,0,0
504107701,1,0,100,0,22,0,0,0,0,0
504107801,1,0,100,0,22,0,0,0,0,0
504107901,1,0,100,0,22,0,0,0,0,0
504108001,1,0,100,0,22,0,13,0,0,0
504108101,1,0,100,0,22,0,0,0,0,0
504108201,1,0,100,0,22,0,0,0,0,0
504108301,1,0,100,0,22,0,0,0,0,0
504108401,1,0,100,0,22,0,0,0,0,0
504108501,1,0,100,0,22,0,13,0,0,0
504108601,1,0,100,0,22,0,0,0,0,0
504108701,1,0,100,0,22,0,0,0,0,0
504108801,1,0,100,0,22,0,0,0,0,0
504108901,1,0,100,0,22,0,0,0,0,0
504109001,1,0,100,1,22,0,13,0,0,0
504109101,1,0,100,0,22,0,0,0,0,0
504109201,1,0,100,0,22,0,0,0,0,0
504109301,1,0,100,0,22,0,0,0,0,0
504109401,1,0,100,0,22,0,0,0,0,0
504109501,1,0,100,0,22,0,13,0,0,0
504109601,1,0,100,0,22,0,0,0,0,0
504109701,1,0,100,0,22,0,0,0,0,0
504109801,1,0,100,0,22,0,0,0,0,0
504109901,1,0,100,0,22,0,0,0,0,0
504110001,1,0,100,1,22,0,13,0,0,0
504110101,1,0,100,0,22,0,0,0,0,0
504110201,1,0,100,0,22,0,0,0,0,0
504110301,1,0,100,0,22,0,0,0,0,0
504110401,1,0,100,0,22,0,0,0,0,0
504110500,1,0,100,1,22,0,13,0,0,0
504110601,1,0,100,0,22,0,0,0,0,0
504110701,1,0,100,0,22,0,0,0,0,0
504110801,1,0,100,0,22,0,0,0,0,0
504110901,1,0,100,0,22,0,0,0,0,0
504111000,1,0,100,1,22,0,13,0,0,0
504111101,1,0,100,0,22,0,0,0,0,0
504111201,1,0,100,0,22,0,0,0,0,0
504111301,1,0,100,0,22,0,0,0,0,0
504111401,1,0,100,0,22,0,0,0,0,0
504111500,1,0,100,1,22,0,13,0,0,0
504111601,1,0,100,0,22,0,0,0,0,0
504111701,1,0,100,0,22,0,0,0,0,0
504111801,1,0,100,0,22,0,0,0,0,0
504111901,1,0,100,0,22,0,0,0,0,0
504112000,1,0,100,1,22,0,13,0,0,0
504112101,1,0,100,0,22,0,0,0,0,0
504112201,1,0,100,0,22,0,0,0,0,0
504112301,1,0,100,0,22,0,0,0,0,0
504112401,1,0,100,0,22,0,0,0,0,0
504112500,1,0,100,1,22,0,13,0,0,0
504112601,1,0,100,0,22,0,0,0,0,0
504112701,1,0,100,0,22,0,0,0,0,0
504112801,1,0,100,0,22,0,0,0,0,0
504112901,1,0,100,0,22,0,0,0,0,0
504113000,1,0,100,1,22,0,13,0,0,0
504113101,1,0,100,0,22,0,0,0,0,0
504113201,1,0,100,0,22,0,0,0,0,0
504113301,1,0,100,0,22,0,0,0,0,0
504113401,1,0,100,0,22,0,0,0,0,0
504113500,1,0,100,1,22,0,13,0,0,0
504113601,1,0,100,0,22,0,0,0,0,0
504113701,1,0,100,0,22,0,0,0,0,0
504113801,1,0,100,0,22,0,0,0,0,0
504113901,1,0,100,0,22,0,0,0,0,0
504114000,1,0,100,1,22,0,13,0,0,0
504114101,1,0,100,0,22,0,0,0,0,0
504114201,1,0,100,0,22,0,0,0,0,0
504114301,1,0,100,0,22,0,0,0,0,0
504114401,1,0,100,0,22,0,0,0,0,0
504114500,1,0,100,1,22,0,13,0,0,0
504114601,1,0,100,0,22,0,0,0,0,0
504114701,1,0,100,0,22,0,0,0,0,0
504114801,1,0,100,0,22,0,0,0,0,0
504114901,1,0,100,0,22,0,0,0,0,0
504115000,1,0,100,1,22,0,13,0,0,0
504115101,1,0,100,0,22,0,0,0,0,0
504115201,1,0,100,0,22,0,0,0,0,0
504115301,1,0,100,0,22,0,0,0,0,0
504115401,1,0,100,0,22,0,0,0,0,0
504115500,1,0,100,1,22,0,13,0,0,0
504115601,1,0,100,0,22,0,0,0,0,0
504115701,1,0,100,0,22,0,0,0,0,0
504115801,1,0,100,0,22,0,0,0,0,0
504115901,1,0,100,0,22,0,0,0,0,0
504116000,1,0,100,1,22,0,13,0,0,0
504116101,1,0,100,0,22,0,0,0,0,0
504116201,1,0,100,0,22,0,0,0,0,0
504116301,1,0,100,0,22,0,0,0,0,0
504116401,1,0,100,0,22,0,0,0,0,0
504116500,1,0,100,1,22,0,13,0,0,0
504116601,1,0,100,0,22,0,0,0,0,0
504116701,1,0,100,0,22,0,0,0,0,0
504116801,1,0,100,0,22,0,0,0,0,0
504116901,1,0,100,0,22,0,0,0,0,0
504117000,1,0,100,1,22,0,13,0,0,0
504117101,1,0,100,0,22,0,0,0,0,0
504117201,1,0,100,0,22,0,0,0,0,0
504117301,1,0,100,0,22,0,0,0,0,0
504117401,1,0,100,0,22,0,0,0,0,0
504117500,1,0,100,0,22,0,25,0,0,0
504117601,1,0,100,0,22,0,0,0,0,0
504117701,1,0,100,0,22,0,0,0,0,0
504117801,1,0,100,0,22,0,0,0,0,0
504117901,1,0,100,0,22,0,0,0,0,0
504118000,1,0,100,1,22,0,13,0,0,0
504118101,1,0,100,0,22,0,0,0,0,0
504118201,1,0,100,0,22,0,0,0,0,0
504118301,1,0,100,0,22,0,0,0,0,0
504118401,1,0,100,0,22,0,0,0,0,0
504118500,1,0,100,1,22,0,13,0,0,0
504118601,1,0,100,0,22,0,0,0,0,0
504118701,1,0,100,0,22,0,0,0,0,0
504118801,1,0,100,0,22,0,0,0,0,0
504118901,1,0,100,0,22,0,0,0,0,0
504119000,1,0,100,1,22,0,13,0,0,0
504119101,1,0,100,0,22,0,0,0,0,0
504119201,1,0,100,0,22,0,0,0,0,0
504119301,1,0,100,0,22,0,0,0,0,0
504119401,1,0,100,0,22,0,0,0,0,0
504119500,1,0,100,1,22,0,13,0,0,0
504119601,1,0,100,0,22,0,0,0,0,0
504119701,1,0,100,0,22,0,0,0,0,0
504119801,1,0,100,0,22,0,0,0,0,0
504119901,1,0,100,0,22,0,0,0,0,0
504120000,1,0,100,1,22,0,13,0,0,0
504120101,1,0,100,0,22,0,0,0,0,0
504120201,1,0,100,0,22,0,0,0,0,0
504120301,1,0,100,0,22,0,0,0,0,0
504120401,1,0,100,0,22,0,0,0,0,0
504120500,1,0,100,1,22,0,13,0,0,0
504120601,1,0,100,0,22,0,0,0,0,0
504120701,1,0,100,0,22,0,0,0,0,0
504120801,1,0,100,0,22,0,0,0,0,0
504120901,1,0,100,0,22,0,0,0,0,0
504121000,1,0,100,1,22,0,13,0,0,0
504121101,1,0,100,0,22,0,0,0,0,0
504121201,1,0,100,0,22,0,0,0,0,0
504121301,1,0,100,0,22,0,0,0,0,0
504121401,1,0,100,0,22,0,0,0,0,0
504121500,1,0,100,0,22,0,33,0,0,0
504121601,1,0,100,0,22,0,0,0,0,0
504121701,1,0,100,0,22,0,0,0,0,0
504121801,1,0,100,0,22,0,0,0,0,0
504121901,1,0,100,0,22,0,0,0,0,0
504122000,1,0,100,1,22,0,13,0,0,0
504122101,1,0,100,0,22,0,0,0,0,0
504122201,1,0,100,0,22,0,0,0,0,0
504122301,1,0,100,0,22,0,0,0,0,0
504122401,1,0,100,0,22,0,0,0,0,0
504122501,1,0,100,1,22,0,13,0,0,0
504122601,1,0,100,0,22,0,0,0,0,0
504122701,1,0,100,0,22,0,0,0,0,0
504122801,1,0,100,0,22,0,0,0,0,0
504122901,1,0,100,0,22,0,0,0,0,0
504123001,1,0,100,1,22,0,13,0,0,0
504123101,1,0,100,0,22,0,0,0,0,0
504123201,1,0,100,0,22,0,0,0,0,0
504123301,1,0,100,0,22,0,0,0,0,0
504123401,1,0,100,0,22,0,0,0,0,0
504123501,1,0,100,1,22,0,13,0,0,0
504123601,1,0,100,0,22,0,0,0,0,0
504123701,1,0,100,0,22,0,0,0,0,0
504123801,1,0,100,0,22,0,0,0,0,0
504123901,1,0,100,0,22,0,0,0,0,0
504124001,1,0,100,1,22,0,13,0,0,0
504124101,1,0,100,0,22,0,0,0,0,0
504124201,1,0,100,0,22,0,0,0,0,0
504124301,1,0,100,0,22,0,0,0,0,0
504124401,1,0,100,0,22,0,0,0,0,0
504124501,1,0,100,0,22,0,13,0,0,0
504124601,1,0,100,0,22,0,0,0,0,0
504124701,1,0,100,0,22,0,0,0,0,0
504124801,1,0,100,0,22,0,0,0,0,0
504124901,1,0,100,0,22,0,0,0,0,0
504125001,1,0,100,1,22,0,13,0,0,0
504125101,1,0,100,0,22,0,0,0,0,0
504125201,1,0,100,0,22,0,0,0,0,0
504125301,1,0,100,0,22,0,0,0,0,0
504125401,1,0,100,0,22,0,0,0,0,0
504125501,1,0,100,0,22,0,13,0,0,0
504125601,1,0,100,0,22,0,0,0,0,0
504125701,1,0,100,0,22,0,0,0,0,0
504125801,1,0,100,0,22,0,0,0,0,0
504125901,1,0,100,0,22,0,0,0,0,0
504126001,1,0,100,0,22,0,13,0,0,0
504126101,1,0,100,0,22,0,0,0,0,0
504126201,1,0,100,0,22,0,0,0,0,0
504126301,1,0,100,0,22,0,0,0,0,0
504126401,1,0,100,0,22,0,0,0,0,0
504126501,1,0,100,0,22,0,13,0,0,0
504126601,1,0,100,0,22,0,0,0,0,0
504126701,1,0,100,0,22,0,0,0,0,0
504126801,1,0,100,0,22,0,0,0,0,0
504126901,1,0,100,0,22,0,0,0,0,0
504127001,1,0,100,0,22,0,13,0,0,0
504127101,1,0,100,0,22,0,0,0,0,0
504127201,1,0,100,0,22,0,0,0,0,0
504127301,1,0,100,0,22,0,0,0,0,0
504127401,1,0,100,0,22,0,0,0,0,0
504127501,1,0,100,0,22,0,13,0,0,0
504127601,1,0,100,0,22,0,0,0,0,0
504127701,1,0,100,0,22,0,0,0,0,0
504127801,1,0,100,0,22,0,0,0,0,0
504127901,1,0,100,0,22,0,0,0,0,0
504128001,1,0,100,0,22,0,13,0,0,0
504128101,1,0,100,0,22,0,0,0,0,0
504128201,1,0,100,0,22,0,0,0,0,0
504128301,1,0,100,0,22,0,0,0,0,0
504128401,1,0,100,0,22,0,0,0,0,0
504128501,1,0,100,0,22,0,13,0,0,0
504128601,1,0,100,0,22,0,0,0,0,0
504128701,1,0,100,0,22,0,0,0,0,0
504128801,1,0,100,0,22,0,0,0,0,0
504128901,1,0,100,0,22,0,0,0,0,0
504129001,1,0,100,0,22,0,13,0,0,0
504129101,1,0,100,0,22,0,0,0,0,0
504129201,1,0,100,0,22,0,0,0,0,0
504129301,1,0,100,0,22,0,0,0,0,0
504129401,1,0,100,0,22,0,0,0,0,0
504129501,1,0,100,0,22,0,13,0,0,0
504129601,1,0,100,0,22,0,0,0,0,0
504129701,1,0,100,0,22,0,0,0,0,0
504129801,1,0,100,0,22,0,0,0,0,0
504129901,1,0,100,0,22,0,0,0,0,0
504130001,1,0,100,0,22,0,13,0,0,0
504130101,1,0,100,0,22,0,0,0,0,0
504130201,1,0,100,0,22,0,0,0,0,0
504130301,1,0,100,0,22,0,0,0,0,0
504130401,1,0,100,0,22,0,0,0,0,0
504130501,1,0,100,0,22,0,13,0,0,0
504130601,1,0,100,0,22,0,0,0,0,0
504130701,1,0,100,0,22,0,0,0,0,0
504130801,1,0,100,0,22,0,0,0,0,0
504130901,1,0,100,0,22,0,0,0,0,0
504131001,1,0,100,0,22,0,13,0,0,0
504131101,1,0,100,0,22,0,0,0,0,0
504131201,1,0,100,0,22,0,0,0,0,0
504131301,1,0,100,0,22,0,0,0,0,0
504131401,1,0,100,0,22,0,0,0,0,0
504131501,1,0,100,0,22,0,13,0,0,0
504131601,1,0,100,0,22,0,0,0,0,0
504131701,1,0,100,0,22,0,0,0,0,0
504131801,1,0,100,0,22,0,0,0,0,0
504131901,1,0,100,0,22,0,0,0,0,0
504132001,1,0,100,0,22,0,13,0,0,0
504132101,1,0,100,0,22,0,0,0,0,0
504132201,1,0,100,0,22,0,0,0,0,0
504132301,1,0,100,0,22,0,0,0,0,0
504132401,1,0,100,0,22,0,0,0,0,0
504132501,1,0,100,0,22,0,13,0,0,0
504132601,1,0,100,0,22,0,0,0,0,0
504132701,1,0,100,0,22,0,0,0,0,0
504132801,1,0,100,0,22,0,0,0,0,0
504132901,1,0,100,0,22,0,0,0,0,0
504133001,1,0,100,0,22,0,13,0,0,0
504133101,1,0,100,0,22,0,0,0,0,0
504133201,1,0,100,0,22,0,0,0,0,0
504133301,1,0,100,0,22,0,0,0,0,0
504133401,1,0,100,0,22,0,0,0,0,0
504133501,1,0,100,0,22,0,13,0,0,0
504133601,1,0,100,0,22,0,0,0,0,0
504133701,1,0,100,0,22,0,0,0,0,0
504133801,1,0,100,0,22,0,0,0,0,0
504133901,1,0,100,0,22,0,0,0,0,0
504134001,1,0,100,0,22,0,13,0,0,0
504134101,1,0,100,0,22,0,0,0,0,0
504134201,1,0,100,0,22,0,0,0,0,0
504134301,1,0,100,0,22,0,0,0,0,0
504134401,1,0,100,0,22,0,0,0,0,0
504134501,1,0,100,1,22,0,13,0,0,0
504134601,1,0,100,0,22,0,0,0,0,0
504134701,1,0,100,0,22,0,0,0,0,0
504134801,1,0,100,0,22,0,0,0,0,0
504134901,1,0,100,0,22,0,0,0,0,0
504135001,1,0,100,1,22,0,13,0,0,0
504135101,1,0,100,0,22,0,0,0,0,0
504135201,1,0,100,0,22,0,0,0,0,0
504135301,1,0,100,0,22,0,0,0,0,0
504135401,1,0,100,0,22,0,0,0,0,0
504135501,1,0,100,1,22,0,13,0,0,0
504135601,1,0,100,0,22,0,0,0,0,0
504135701,1,0,100,0,22,0,0,0,0,0
504135801,1,0,100,0,22,0,0,0,0,0
504135901,1,0,100,0,22,0,0,0,0,0
504136001,1,0,100,1,22,0,13,0,0,0
504136101,1,0,100,0,22,0,0,0,0,0
504136201,1,0,100,0,22,0,0,0,0,0
504136301,1,0,100,0,22,0,0,0,0,0
504136401,1,0,100,0,22,0,0,0,0,0
504136501,1,0,100,1,22,0,13,0,0,0
504136601,1,0,100,0,22,0,0,0,0,0
504136701,1,0,100,0,22,0,0,0,0,0
504136801,1,0,100,0,22,0,0,0,0,0
504136901,1,0,100,0,22,0,0,0,0,0
504137001,1,0,100,1,22,0,13,0,0,0
504137101,1,0,100,0,22,0,0,0,0,0
504137201,1,0,100,0,22,0,0,0,0,0
504137301,1,0,100,0,22,0,0,0,0,0
504137401,1,0,100,0,22,0,0,0,0,0
504137501,1,0,100,1,22,0,13,0,0,0
504137601,1,0,100,0,22,0,0,0,0,0
504137701,1,0,100,0,22,0,0,0,0,0
504137801,1,0,100,0,22,0,0,0,0,0
504137901,1,0,100,0,22,0,0,0,0,0
504138001,1,0,100,1,22,0,13,0,0,0
504138101,1,0,100,0,22,0,0,0,0,0
504138201,1,0,100,0,22,0,0,0,0,0
504138301,1,0,100,0,22,0,0,0,0,0
504138401,1,0,100,0,22,0,0,0,0,0
504138501,1,0,100,1,22,0,13,0,0,0
504138601,1,0,100,0,22,0,0,0,0,0
504138701,1,0,100,0,22,0,0,0,0,0
504138801,1,0,100,0,22,0,0,0,0,0
504138901,1,0,100,0,22,0,0,0,0,0
504139001,1,0,100,1,22,0,13,0,0,0
504139101,1,0,100,0,22,0,0,0,0,0
504139201,1,0,100,0,22,0,0,0,0,0
504139301,1,0,100,0,22,0,0,0,0,0
504139401,1,0,100,0,22,0,0,0,0,0
504139501,1,0,100,1,22,0,13,0,0,0
504139601,1,0,100,0,22,0,0,0,0,0
504139701,1,0,100,0,22,0,0,0,0,0
504139801,1,0,100,0,22,0,0,0,0,0
504139901,1,0,100,0,22,0,0,0,0,0
504140001,1,0,100,1,22,0,13,0,0,0
504140101,1,0,100,0,22,0,0,0,0,0
504140201,1,0,100,0,22,0,0,0,0,0
504140301,1,0,100,0,22,0,0,0,0,0
504140401,1,0,100,0,22,0,0,0,0,0
504140501,1,0,100,1,22,0,13,0,0,0
504140601,1,0,100,0,22,0,0,0,0,0
504140701,1,0,100,0,22,0,0,0,0,0
504140801,1,0,100,0,22,0,0,0,0,0
504140901,1,0,100,0,22,0,0,0,0,0
504141001,1,0,100,1,22,0,13,0,0,0
504141101,1,0,100,0,22,0,0,0,0,0
504141201,1,0,100,0,22,0,0,0,0,0
504141301,1,0,100,0,22,0,0,0,0,0
504141401,1,0,100,0,22,0,0,0,0,0
504141501,1,0,100,1,22,0,13,0,0,0
504141601,1,0,100,0,22,0,0,0,0,0
504141701,1,0,100,0,22,0,0,0,0,0
504141801,1,0,100,0,22,0,0,0,0,0
504141901,1,0,100,0,22,0,0,0,0,0
504142001,1,0,100,1,22,0,13,0,0,0
504142101,1,0,100,0,22,0,0,0,0,0
504142201,1,0,100,0,22,0,0,0,0,0
504142301,1,0,100,0,22,0,0,0,0,0
504142401,1,0,100,0,22,0,0,0,0,0
504142501,1,0,100,1,22,0,13,0,0,0
504142601,1,0,100,0,22,0,0,0,0,0
504142701,1,0,100,0,22,0,0,0,0,0
504142801,1,0,100,0,22,0,0,0,0,0
504142901,1,0,100,0,22,0,0,0,0,0
504143001,1,0,100,1,22,0,13,0,0,0
504143101,1,0,100,0,22,0,0,0,0,0
504143201,1,0,100,0,22,0,0,0,0,0
504143301,1,0,100,0,22,0,0,0,0,0
504143401,1,0,100,0,22,0,0,0,0,0
504143501,1,0,100,1,22,0,13,0,0,0
504143601,1,0,100,0,22,0,0,0,0,0
504143701,1,0,100,0,22,0,0,0,0,0
504143801,1,0,100,0,22,0,0,0,0,0
504143901,1,0,100,0,22,0,0,0,0,0
504144001,1,0,100,1,22,0,13,0,0,0
504144101,1,0,100,0,22,0,0,0,0,0
504144201,1,0,100,0,22,0,0,0,0,0
504144301,1,0,100,0,22,0,0,0,0,0
504144401,1,0,100,0,22,0,0,0,0,0
504144501,1,0,100,1,22,0,13,0,0,0
504144601,1,0,100,0,22,0,0,0,0,0
504144701,1,0,100,0,22,0,0,0,0,0
504144801,1,0,100,0,22,0,0,0,0,0
504144901,1,0,100,0,22,0,0,0,0,0
504145001,1,0,100,1,22,0,13,0,0,0
504145101,1,0,100,0,22,0,0,0,0,0
504145201,1,0,100,0,22,0,0,0,0,0
504145301,1,0,100,0,22,0,0,0,0,0
504145401,1,0,100,0,22,0,0,0,0,0
504145501,1,0,100,1,22,0,13,0,0,0
504145601,1,0,100,0,22,0,0,0,0,0
504145701,1,0,100,0,22,0,0,0,0,0
504145801,1,0,100,0,22,0,0,0,0,0
504145901,1,0,100,0,22,0,0,0,0,0
504146001,1,0,100,1,22,0,13,0,0,0
504146101,1,0,100,0,22,0,0,0,0,0
504146201,1,0,100,0,22,0,0,0,0,0
504146301,1,0,100,0,22,0,0,0,0,0
504146401,1,0,100,0,22,0,0,0,0,0
504146501,1,0,100,1,22,0,13,0,0,0
504146601,1,0,100,0,22,0,0,0,0,0
504146701,1,0,100,0,22,0,0,0,0,0
504146801,1,0,100,0,22,0,0,0,0,0
504146901,1,0,100,0,22,0,0,0,0,0
504147001,1,0,100,1,22,0,13,0,0,0
504147101,1,0,100,0,22,0,0,0,0,0
504147201,1,0,100,0,22,0,0,0,0,0
504147301,1,0,100,0,22,0,0,0,0,0
504147401,1,0,100,0,22,0,0,0,0,0
504147501,1,0,100,1,22,0,13,0,0,0
504147601,1,0,100,0,22,0,0,0,0,0
504147701,1,0,100,0,22,0,0,0,0,0
504147801,1,0,100,0,22,0,0,0,0,0
504147901,1,0,100,0,22,0,0,0,0,0
504148001,1,0,100,1,22,0,13,0,0,0
504148101,1,0,100,0,22,0,0,0,0,0
504148201,1,0,100,0,22,0,0,0,0,0
504148301,1,0,100,0,22,0,0,0,0,0
504148401,1,0,100,0,22,0,0,0,0,0
504148501,1,0,100,1,22,0,13,0,0,0
504148601,1,0,100,0,22,0,0,0,0,0
504148701,1,0,100,0,22,0,0,0,0,0
504148801,1,0,100,0,22,0,0,0,0,0
504148901,1,0,100,0,22,0,0,0,0,0
504149001,1,0,100,1,22,0,13,0,0,0
504149101,1,0,100,0,22,0,0,0,0,0
504149201,1,0,100,0,22,0,0,0,0,0
504149301,1,0,100,0,22,0,0,0,0,0
504149401,1,0,100,0,22,0,0,0,0,0
504149501,1,0,100,1,22,0,13,0,0,0
504149601,1,0,100,0,22,0,0,0,0,0
504149701,1,0,100,0,22,0,0,0,0,0
504149801,1,0,100,0,22,0,0,0,0,0
504149901,1,0,100,0,22,0,0,0,0,0
504150001,1,0,100,1,22,0,13,0,0,0
504150101,1,0,100,0,22,0,0,0,0,0
504150201,1,0,100,0,22,0,0,0,0,0
504150301,1,0,100,0,22,0,0,0,0,0
504150401,1,0,100,0,22,0,0,0,0,0
504150501,1,0,100,1,22,0,13,0,0,0
504150601,1,0,100,0,22,0,0,0,0,0
504150701,1,0,100,0,22,0,0,0,0,0
504150801,1,0,100,0,22,0,0,0,0,0
504150901,1,0,100,0,22,0,0,0,0,0
504151001,1,0,100,1,22,0,13,0,0,0
504151101,1,0,100,0,22,0,0,0,0,0
504151201,1,0,100,0,22,0,0,0,0,0
504151301,1,0,100,0,22,0,0,0,0,0
504151401,1,0,100,0,22,0,0,0,0,0
504151501,1,0,100,1,22,0,13,0,0,0
504151601,1,0,100,0,22,0,0,0,0,0
504151701,1,0,100,0,22,0,0,0,0,0
504151801,1,0,100,0,22,0,0,0,0,0
504151901,1,0,100,0,22,0,0,0,0,0
504152001,1,0,100,1,22,0,13,0,0,0
504152101,1,0,100,0,22,0,0,0,0,0
504152201,1,0,100,0,22,0,0,0,0,0
504152301,1,0,100,0,22,0,0,0,0,0
504152401,1,0,100,0,22,0,0,0,0,0
504152501,1,0,100,1,22,0,13,0,0,0
504152601,1,0,100,0,22,0,0,0,0,0
504152701,1,0,100,0,22,0,0,0,0,0
504152801,1,0,100,0,22,0,0,0,0,0
504152901,1,0,100,0,22,0,0,0,0,0
504153001,1,0,100,1,22,0,13,0,0,0
504153101,1,0,100,0,22,0,0,0,0,0
504153201,1,0,100,0,22,0,0,0,0,0
504153301,1,0,100,0,22,0,0,0,0,0
504153401,1,0,100,0,22,0,0,0,0,0
504153501,1,0,100,1,22,0,13,0,0,0
504153601,1,0,100,0,22,0,0,0,0,0
504153701,1,0,100,0,22,0,0,0,0,0
504153801,1,0,100,0,22,0,0,0,0,0
504153901,1,0,100,0,22,0,0,0,0,0
504154001,1,0,100,1,22,0,13,0,0,0
504154101,1,0,100,0,22,0,0,0,0,0
504154201,1,0,100,0,22,0,0,0,0,0
504154301,1,0,100,0,22,0,0,0,0,0
504154401,1,0,100,0,22,0,0,0,0,0
504154501,1,0,100,1,22,0,13,0,0,0
504154601,1,0,100,0,22,0,0,0,0,0
504154701,1,0,100,0,22,0,0,0,0,0
504154801,1,0,100,0,22,0,0,0,0,0
504154901,1,0,100,0,22,0,0,0,0,0
504155001,1,0,100,1,22,0,13,0,0,0
505100101,1,0,100,1,102,0,13,0,0,0
505100201,1,0,100,1,23,0,13,0,0,0
505100301,1,0,100,1,23,0,13,0,0,0
505100401,1,0,100,0,23,0,13,0,0,0
505100501,1,0,100,0,23,0,13,0,0,0
505101101,1,0,100,1,102,0,13,0,0,0
505102201,1,0,100,1,23,0,13,0,0,0
505103301,1,0,100,1,23,0,13,0,0,0
505104401,1,0,100,0,23,0,13,0,0,0
505105501,1,0,100,0,23,0,13,0,0,0
506100101,1,0,100,0,20,0,0,0,0,0
506100102,1,0,100,0,21,0,0,0,0,0
506100103,1,0,100,0,21,0,0,0,0,0
506100104,1,0,100,0,21,0,0,0,0,0
506100105,1,0,100,0,21,0,0,0,0,0
506100106,1,0,100,0,21,0,0,0,0,0
506100201,1,0,100,0,20,0,0,0,0,0
506100202,1,0,100,0,21,0,0,0,0,0
506100203,1,0,100,0,21,0,0,0,0,0
506100204,1,0,100,0,21,0,0,0,0,0
506100205,1,0,100,0,21,0,0,0,0,0
506100206,1,0,100,0,21,0,0,0,0,0
506100301,1,0,100,0,20,0,0,0,0,0
506100302,1,0,100,0,21,0,0,0,0,0
506100303,1,0,100,0,21,0,0,0,0,0
506100304,1,0,100,0,21,0,0,0,0,0
506100305,1,0,100,0,21,0,0,0,0,0
506100306,1,0,100,0,21,0,0,0,0,0
506100401,1,0,100,0,20,0,0,0,0,0
506100402,1,0,100,0,21,0,0,0,0,0
506100403,1,0,100,0,21,0,0,0,0,0
506100404,1,0,100,0,21,0,0,0,0,0
506100405,1,0,100,0,21,0,0,0,0,0
506100406,1,0,100,0,21,0,0,0,0,0
506100501,1,0,100,0,20,0,0,0,0,0
506100502,1,0,100,0,21,0,0,0,0,0
506100503,1,0,100,0,21,0,0,0,0,0
506100504,1,0,100,0,21,0,0,0,0,0
506100505,1,0,100,0,21,0,0,0,0,0
506100506,1,0,100,0,21,0,0,0,0,0
508100101,1,0,100,0,109,0,26,3,0,0
509100001,1,0,100,1,22,0,0,0,0,0
509100101,1,0,100,1,22,0,0,0,0,0
509100201,1,0,100,1,22,0,0,0,0,0
509100301,1,0,100,1,22,0,0,0,0,0
509100302,1,0,100,1,22,0,0,0,0,0
509100401,1,0,100,1,22,0,0,0,0,0
509100402,1,0,100,1,22,0,0,0,0,0
509100403,1,0,100,1,22,0,0,0,0,0
509200001,1,0,100,1,22,0,0,0,0,0
509200101,1,0,100,1,22,0,0,0,0,0
509200201,1,0,100,1,22,0,0,0,0,0
509200301,1,0,100,1,22,0,0,0,0,0
509200302,1,0,100,1,22,0,0,0,0,0
509200401,1,0,100,0,22,0,0,0,0,0
509200402,1,0,100,0,22,0,0,0,0,0
509200403,1,0,100,0,22,0,0,0,0,0
509300001,1,0,100,1,22,0,0,0,0,0
509300101,1,0,100,1,22,0,0,0,0,0
509300201,1,0,100,1,22,0,0,0,0,0
509300301,1,0,100,1,22,0,0,0,0,0
509300302,1,0,100,1,22,0,0,0,0,0
509300401,1,0,100,0,22,0,0,0,0,0
509300402,1,0,100,0,22,0,0,0,0,0
509300403,1,0,100,0,22,0,0,0,0,0
509400101,1,0,100,1,22,0,0,0,0,0
509400201,1,0,100,1,22,0,0,0,0,0
509400301,1,0,100,1,22,0,0,0,0,0
509400401,1,0,100,1,22,0,0,0,0,0
509400402,1,0,100,1,22,0,0,0,0,0
509400501,1,0,100,1,22,0,0,0,0,0
509400502,1,0,100,1,22,0,0,0,0,0
509400503,1,0,100,1,22,0,0,0,0,0
509500101,1,0,100,1,22,0,0,0,0,0
509500201,1,0,100,1,22,0,0,0,0,0
509500301,1,0,100,1,22,0,0,0,0,0
509500401,1,0,100,1,22,0,0,0,0,0
509500402,1,0,100,1,22,0,0,0,0,0
509600101,1,0,100,1,22,0,0,0,0,0
509600201,1,0,100,1,22,0,0,0,0,0
509600301,1,0,100,0,22,0,0,0,0,0
509600401,1,0,100,1,22,0,0,0,0,0
509600402,1,0,100,1,22,0,0,0,0,0
509600501,1,0,100,0,22,0,0,0,0,0
509600502,1,0,100,0,22,0,0,0,0,0
509600503,1,0,100,0,22,0,0,0,0,0
509700101,1,0,100,0,22,0,0,0,0,0
509700201,1,0,100,1,22,0,0,0,0,0
509700301,1,0,100,0,22,0,0,0,0,0
509700401,1,0,100,1,22,0,0,0,0,0
509700402,1,0,100,1,22,0,0,0,0,0
509800101,1,0,100,0,22,0,0,0,0,0
509800201,1,0,100,0,22,0,0,0,0,0
509800301,1,0,100,0,22,0,0,0,0,0
509800302,1,0,100,0,22,0,0,0,0,0
509900101,1,0,100,1,22,0,0,0,0,0
509900201,1,0,100,1,22,0,0,0,0,0
509900301,1,0,100,1,22,0,0,0,0,0
509900302,2,0,100,1,22,0,0,0,0,0
510100101,1,0,100,0,20,0,0,0,0,0
510100102,1,0,100,0,21,0,0,0,0,0
510100103,1,0,100,1,23,10402,0,0,0,0
510100201,1,0,100,0,21,0,0,0,0,0
510100202,1,0,100,0,21,0,0,0,0,0
510100203,1,0,100,1,23,10405,0,0,0,0
510100301,1,0,100,0,20,0,0,0,0,0
510100302,1,0,100,0,21,0,0,0,0,0
510100303,1,0,100,1,22,10402,0,0,0,0
510100401,1,0,100,0,21,0,0,0,0,0
510100402,1,0,100,0,21,0,0,0,0,0
510100403,1,0,100,1,22,10405,0,0,0,0
510100501,1,0,100,0,20,0,0,0,0,0
510100502,1,0,100,0,21,0,0,0,0,0
510100503,1,0,100,1,22,10402,0,0,0,0
510100601,1,0,100,0,21,0,0,0,0,0
510100602,1,0,100,0,21,0,0,0,0,0
510100603,1,0,100,1,23,10405,0,0,0,0
510100701,1,0,100,0,20,0,0,0,0,0
510100702,1,0,100,0,21,0,0,0,0,0
510100703,1,0,100,1,22,10402,0,0,0,0
510100801,1,0,100,0,21,0,0,0,0,0
510100802,1,0,100,0,21,0,0,0,0,0
510100803,1,0,100,1,23,10405,0,0,0,0
510100901,1,0,100,0,20,0,0,0,0,0
510100902,1,0,100,0,21,0,0,0,0,0
510100903,1,0,100,0,22,10402,0,0,0,0
510101001,1,0,100,0,21,0,0,0,0,0
510101002,1,0,100,0,21,0,0,0,0,0
510101003,1,0,100,0,23,10405,0,0,0,0
510200101,1,0,100,0,20,0,0,0,0,0
510200102,1,0,100,0,21,0,0,0,0,0
510200103,1,0,100,1,22,10402,0,0,0,0
510200201,1,0,100,0,21,0,0,0,0,0
510200202,1,0,100,0,21,0,0,0,0,0
510200203,1,0,100,1,23,10405,0,0,0,0
510200301,1,0,100,0,20,0,0,0,0,0
510200302,1,0,100,0,21,0,0,0,0,0
510200303,1,0,100,1,22,10402,0,0,0,0
510200401,1,0,100,0,21,0,0,0,0,0
510200402,1,0,100,0,21,0,0,0,0,0
510200403,1,0,100,1,23,10405,0,0,0,0
510200501,1,0,100,0,20,0,0,0,0,0
510200502,1,0,100,0,21,0,0,0,0,0
510200503,1,0,100,1,22,10402,0,0,0,0
510200601,1,0,100,0,21,0,0,0,0,0
510200602,1,0,100,0,21,0,0,0,0,0
510200603,1,0,100,1,23,10405,0,0,0,0
510200701,1,0,100,0,21,0,0,0,0,0
510200702,1,0,100,0,21,0,0,0,0,0
510200703,1,0,100,1,23,10405,0,0,0,0
510200801,1,0,100,0,21,0,0,0,0,0
510200802,1,0,100,0,21,0,0,0,0,0
510200803,1,0,100,1,23,10405,0,0,0,0
510200901,1,0,100,0,21,0,0,0,0,0
510200902,1,0,100,0,21,0,0,0,0,0
510200903,1,0,100,1,23,10405,0,0,0,0
510201001,1,0,100,0,21,0,0,0,0,0
510201002,1,0,100,0,21,0,0,0,0,0
510201003,1,0,100,1,23,10405,0,0,0,0
510300101,1,0,100,0,22,0,0,0,0,0
510300102,1,0,100,0,22,0,0,0,0,0
510300103,1,0,100,1,22,10402,0,0,0,0
510300201,1,0,100,0,22,0,0,0,0,0
510300202,1,0,100,0,22,0,0,0,0,0
510300203,1,0,100,1,23,10405,0,0,0,0
510300301,1,0,100,0,22,0,0,0,0,0
510300302,1,0,100,0,22,0,0,0,0,0
510300303,1,0,100,1,22,10402,0,0,0,0
510300401,1,0,100,0,22,0,0,0,0,0
510300402,1,0,100,0,22,0,0,0,0,0
510300403,1,0,100,1,23,10405,0,0,0,0
510300501,1,0,100,0,22,0,0,0,0,0
510300502,1,0,100,0,22,0,0,0,0,0
510300503,1,0,100,1,22,10402,0,0,0,0
510300601,1,0,100,0,22,0,0,0,0,0
510300602,1,0,100,0,22,0,0,0,0,0
510300603,1,0,100,1,23,10405,0,0,0,0
510300701,1,0,100,0,22,0,0,0,0,0
510300702,1,0,100,0,22,0,0,0,0,0
510300703,1,0,100,1,22,10402,0,0,0,0
510300801,1,0,100,0,22,0,0,0,0,0
510300802,1,0,100,0,22,0,0,0,0,0
510300803,1,0,100,1,23,10405,0,0,0,0
510300901,1,0,100,0,22,0,0,0,0,0
510300902,1,0,100,0,22,0,0,0,0,0
510300903,1,0,100,1,22,10402,0,0,0,0
510301001,1,0,100,0,22,0,0,0,0,0
510301002,1,0,100,0,22,0,0,0,0,0
510301003,1,0,100,1,23,10405,0,0,0,0
510400101,1,0,100,0,22,0,0,0,0,0
510400102,1,0,100,0,22,0,0,0,0,0
510400103,1,0,100,1,22,10402,0,0,0,0
510400201,1,0,100,0,22,0,0,0,0,0
510400202,1,0,100,0,22,0,0,0,0,0
510400203,1,0,100,1,23,10405,0,0,0,0
510400301,1,0,100,0,22,0,0,0,0,0
510400302,1,0,100,0,22,0,0,0,0,0
510400303,1,0,100,1,22,10402,0,0,0,0
510400401,1,0,100,0,22,0,0,0,0,0
510400402,1,0,100,0,22,0,0,0,0,0
510400403,1,0,100,1,23,10405,0,0,0,0
510400501,1,0,100,0,22,0,0,0,0,0
510400502,1,0,100,0,22,0,0,0,0,0
510400503,1,0,100,0,22,10402,0,0,0,0
510400601,1,0,100,0,22,0,0,0,0,0
510400602,1,0,100,0,22,0,0,0,0,0
510400603,1,0,100,0,23,10405,0,0,0,0
510400701,1,0,100,0,22,0,0,0,0,0
510400702,1,0,100,0,22,0,0,0,0,0
510400703,1,0,100,1,22,10402,0,0,0,0
510400801,1,0,100,0,22,0,0,0,0,0
510400802,1,0,100,0,22,0,0,0,0,0
510400803,1,0,100,1,23,10405,0,0,0,0
510500101,1,0,100,0,22,0,0,0,0,0
510500102,1,0,100,0,22,0,0,0,0,0
510500103,1,0,100,1,22,10402,0,0,0,0
510500201,1,0,100,0,22,0,0,0,0,0
510500202,1,0,100,0,22,0,0,0,0,0
510500203,1,0,100,1,23,10405,0,0,0,0
510500301,1,0,100,0,22,0,0,0,0,0
510500302,1,0,100,0,22,0,0,0,0,0
510500303,1,0,100,1,22,10402,0,0,0,0
510500401,1,0,100,0,22,0,0,0,0,0
510500402,1,0,100,0,22,0,0,0,0,0
510500403,1,0,100,1,23,10405,0,0,0,0
510500501,1,0,100,0,22,0,0,0,0,0
510500502,1,0,100,0,22,0,0,0,0,0
510500503,1,0,100,0,22,10402,0,0,0,0
510500601,1,0,100,0,22,0,0,0,0,0
510500602,1,0,100,0,22,0,0,0,0,0
510500603,1,0,100,0,23,10405,0,0,0,0
510500701,1,0,100,0,22,0,0,0,0,0
510500702,1,0,100,0,22,0,0,0,0,0
510500703,1,0,100,1,22,10402,0,0,0,0
510500801,1,0,100,0,22,0,0,0,0,0
510500802,1,0,100,0,22,0,0,0,0,0
510500803,1,0,100,1,23,10405,0,0,0,0
510600101,1,0,100,0,22,0,0,0,0,0
510600102,1,0,100,0,22,0,0,0,0,0
510600103,1,0,100,1,22,10402,0,0,0,0
510600201,1,0,100,0,22,0,0,0,0,0
510600202,1,0,100,0,22,0,0,0,0,0
510600203,1,0,100,1,23,10405,0,0,0,0
510600301,1,0,100,0,22,0,0,0,0,0
510600302,1,0,100,0,22,0,0,0,0,0
510600303,1,0,100,1,22,10402,0,0,0,0
510600401,1,0,100,0,22,0,0,0,0,0
510600402,1,0,100,0,22,0,0,0,0,0
510600403,1,0,100,1,23,10405,0,0,0,0
510600501,1,0,100,0,22,0,0,0,0,0
510600502,1,0,100,0,22,0,0,0,0,0
510600503,1,0,100,1,22,10402,0,0,0,0
510600601,1,0,100,0,22,0,0,0,0,0
510600602,1,0,100,0,22,0,0,0,0,0
510600603,1,0,100,1,23,10405,0,0,0,0
510600701,1,0,100,0,22,0,0,0,0,0
510600702,1,0,100,0,22,0,0,0,0,0
510600703,1,0,100,1,22,10402,0,0,1,0
510600801,1,0,100,0,22,0,0,0,0,0
510600802,1,0,100,0,22,0,0,0,0,0
510600803,1,0,100,1,23,10405,0,0,1,0
510700101,1,0,100,0,22,0,0,0,0,0
510700102,1,0,100,0,22,0,0,0,0,0
510700103,1,0,100,0,22,10402,0,0,1,0
510700201,1,0,100,0,22,0,0,0,0,0
510700202,1,0,100,0,22,0,0,0,0,0
510700203,1,0,100,0,23,10405,0,0,1,0
510700301,1,0,100,0,22,0,0,0,0,0
510700302,1,0,100,0,22,0,0,0,0,0
510700303,1,0,100,0,22,10402,0,0,1,0
510700401,1,0,100,0,22,0,0,0,0,0
510700402,1,0,100,0,22,0,0,0,0,0
510700403,1,0,100,0,23,10405,0,0,1,0
510700501,1,0,100,0,22,0,0,0,0,0
510700502,1,0,100,0,22,0,0,0,0,0
510700503,1,0,100,0,22,10402,0,0,1,0
510700601,1,0,100,0,22,0,0,0,0,0
510700602,1,0,100,0,22,0,0,0,0,0
510700603,1,0,100,0,23,10405,0,0,1,0
510800101,1,0,100,0,22,0,0,0,0,0
510800102,1,0,100,0,22,0,0,0,0,0
510800103,1,0,100,1,22,10402,0,0,1,0
510800201,1,0,100,0,22,0,0,0,0,0
510800202,1,0,100,0,22,0,0,0,0,0
510800203,1,0,100,1,23,10405,0,0,1,0
510800301,1,0,100,0,22,0,0,0,0,0
510800302,1,0,100,0,22,0,0,0,0,0
510800303,1,0,100,1,22,10402,0,0,1,0
510800401,1,0,100,0,22,0,0,0,0,0
510800402,1,0,100,0,22,0,0,0,0,0
510800403,1,0,100,1,23,10405,0,0,1,0
510800501,1,0,100,0,22,0,0,0,0,0
510800502,1,0,100,0,22,0,0,0,0,0
510800503,1,0,100,0,22,10402,0,0,1,0
510800601,1,0,100,0,22,0,0,0,0,0
510800602,1,0,100,0,22,0,0,0,0,0
510800603,1,0,100,0,23,10405,0,0,1,0
511001101,1,0,100,1,102,0,0,0,0,0
511002101,1,0,100,1,102,0,0,0,0,0
511002201,1,0,100,1,102,0,0,0,0,0
511003101,1,0,100,1,22,0,0,0,0,0
511004101,1,0,100,1,102,0,0,0,0,0
511005101,1,0,100,1,22,0,0,0,0,0
511006101,1,0,100,1,102,0,0,0,0,0
511008201,1,0,100,1,22,0,0,0,0,0
511009201,1,0,100,1,102,0,0,0,0,0
511010201,1,0,100,1,22,0,0,0,0,0
511011301,1,0,100,0,22,0,0,0,0,0
511012301,1,0,100,0,102,0,0,0,0,0
511013401,1,0,100,0,22,0,0,0,0,0
511014301,1,0,100,1,102,0,0,0,0,0
511015301,1,0,100,1,22,0,0,0,0,0
511016501,1,0,100,0,22,0,0,0,0,0
511017401,1,0,100,0,102,0,0,0,0,0
511018601,1,0,100,0,22,0,0,0,0,0
511019401,1,0,100,0,102,0,0,0,0,0
511020401,1,0,100,0,22,0,0,0,0,0
511100101,1,0,100,1,102,0,0,0,0,0
511200101,1,0,100,1,22,0,33,0,0,0
511300101,1,0,100,1,22,0,0,0,0,0
511400101,1,0,100,1,22,0,25,0,0,0
511500101,1,0,100,1,22,0,0,0,0,0
511600101,1,0,100,1,22,0,0,0,0,0
512100101,1,0,100,0,20,0,0,0,0,0
512100102,1,0,100,0,20,0,0,0,0,0
512100103,1,0,90,0,20,0,0,0,0,0
512100103,2,0,10,0,20,0,0,0,0,0
512100201,1,0,100,0,20,0,0,0,0,0
512100202,1,0,100,0,20,0,0,0,0,0
512100203,1,0,90,0,20,0,0,0,0,0
512100203,2,0,10,0,20,0,0,0,0,0
512100301,1,0,100,0,20,0,0,0,0,0
512100302,1,0,100,0,20,0,0,0,0,0
512100303,1,0,90,0,20,0,0,0,0,0
512100303,2,0,10,0,20,0,0,0,0,0
512100401,1,0,100,0,20,0,0,0,0,0
512100402,1,0,100,0,20,0,0,0,0,0
512100403,1,0,90,0,20,0,0,0,0,0
512100403,2,0,10,0,20,0,0,0,0,0
512200101,1,0,100,0,20,0,0,0,0,0
512200102,1,0,100,0,20,0,0,0,0,0
512200103,1,0,90,0,20,0,0,0,0,0
512200103,2,0,10,0,20,0,0,0,0,0
512200201,1,0,100,0,20,0,0,0,0,0
512200202,1,0,100,0,20,0,0,0,0,0
512200203,1,0,90,0,20,0,0,0,0,0
512200203,2,0,10,0,20,0,0,0,0,0
512200301,1,0,100,0,20,0,0,0,0,0
512200302,1,0,100,0,20,0,0,0,0,0
512200303,1,0,90,0,20,0,0,0,0,0
512200303,2,0,10,0,20,0,0,0,0,0
512200401,1,0,100,0,20,0,0,0,0,0
512200402,1,0,100,0,20,0,0,0,0,0
512200403,1,0,90,0,20,0,0,0,0,0
512200403,2,0,10,0,20,0,0,0,0,0
512300101,1,0,100,0,21,0,0,0,0,0
512300102,1,0,100,0,21,0,0,0,0,0
512300103,1,0,90,0,21,0,0,0,0,0
512300103,2,0,10,0,21,0,0,0,0,0
512300201,1,0,100,0,20,0,0,0,0,0
512300202,1,0,100,0,20,0,0,0,0,0
512300203,1,0,90,0,20,0,0,0,0,0
512300203,2,0,10,0,20,0,0,0,0,0
512300301,1,0,100,0,20,0,0,0,0,0
512300302,1,0,100,0,20,0,0,0,0,0
512300303,1,0,90,0,20,0,0,0,0,0
512300303,2,0,10,0,20,0,0,0,0,0
512300401,1,0,100,0,20,0,0,0,0,0
512300402,1,0,100,0,20,0,0,0,0,0
512300403,1,0,90,0,20,0,0,0,0,0
512300403,2,0,10,0,20,0,0,0,0,0
512400101,1,0,100,0,20,0,0,0,0,0
512400102,1,0,100,0,20,0,0,0,0,0
512400103,1,0,90,0,20,0,0,0,0,0
512400103,2,0,10,0,20,0,0,0,0,0
512400201,1,0,100,0,20,0,0,0,0,0
512400202,1,0,100,0,20,0,0,0,0,0
512400203,1,0,90,0,20,0,0,0,0,0
512400203,2,0,10,0,20,0,0,0,0,0
512400301,1,0,100,0,20,0,0,0,0,0
512400302,1,0,100,0,20,0,0,0,0,0
512400303,1,0,90,0,20,0,0,0,0,0
512400303,2,0,10,0,20,0,0,0,0,0
512400401,1,0,100,0,20,0,0,0,0,0
512400402,1,0,100,0,20,0,0,0,0,0
512400403,1,0,90,0,20,0,0,0,0,0
512400403,2,0,10,0,21,0,0,0,0,0
512500101,1,0,100,0,21,0,0,0,0,0
512500102,1,0,100,0,21,0,0,0,0,0
512500103,1,0,90,0,21,0,0,0,0,0
512500103,2,0,10,0,20,0,0,0,0,0
512500201,1,0,100,0,20,0,0,0,0,0
512500202,1,0,100,0,20,0,0,0,0,0
512500203,1,0,90,0,20,0,0,0,0,0
512500203,2,0,10,0,20,0,0,0,0,0
512500301,1,0,100,0,21,0,0,0,0,0
512500302,1,0,100,0,21,0,0,0,0,0
512500303,1,0,90,0,21,0,0,0,0,0
512500303,2,0,10,0,21,0,0,0,0,0
512500401,1,0,100,0,21,0,0,0,0,0
512500402,1,0,100,0,21,0,0,0,0,0
512500403,1,0,90,0,21,0,0,0,0,0
512500403,2,0,10,0,21,0,0,0,0,0
512600101,1,0,100,0,20,0,0,0,0,0
512600102,1,0,100,0,20,0,0,0,0,0
512600103,1,0,90,0,20,0,0,0,0,0
512600103,2,0,10,0,20,0,0,0,0,0
512600201,1,0,100,0,20,0,0,0,0,0
512600202,1,0,100,0,20,0,0,0,0,0
512600203,1,0,90,0,20,0,0,0,0,0
512600203,2,0,10,0,20,0,0,0,0,0
512600301,1,0,100,0,20,0,0,0,0,0
512600302,1,0,100,0,20,0,0,0,0,0
512600303,1,0,90,0,20,0,0,0,0,0
512600303,2,0,10,0,20,0,0,0,0,0
512600401,1,0,100,0,21,0,0,0,0,0
512600402,1,0,100,0,21,0,0,0,0,0
512600403,1,0,90,0,21,0,0,0,0,0
512600403,2,0,10,0,21,0,0,0,0,0
512700101,1,0,100,0,21,0,0,0,0,0
512700102,1,0,100,0,21,0,0,0,0,0
512700103,1,0,90,0,21,0,0,0,0,0
512700103,2,0,10,0,21,0,0,0,0,0
512700201,1,0,100,0,21,0,0,0,0,0
512700202,1,0,100,0,21,0,0,0,0,0
512700203,1,0,90,0,21,0,0,0,0,0
512700203,2,0,10,0,21,0,0,0,0,0
512700301,1,0,100,0,21,0,0,0,0,0
512700302,1,0,100,0,21,0,0,0,0,0
512700303,1,0,90,0,21,0,0,0,0,0
512700303,2,0,10,0,21,0,0,0,0,0
512700401,1,0,100,0,21,0,0,0,0,0
512700402,1,0,100,0,21,0,0,0,0,0
512700403,1,0,90,0,21,0,0,0,0,0
512700403,2,0,10,0,21,0,0,0,0,0
512800101,1,0,100,0,20,0,0,0,0,0
512800102,1,0,100,0,20,0,0,0,0,0
512800103,1,0,90,0,20,0,0,0,0,0
512800103,2,0,10,0,20,0,0,0,0,0
512800201,1,0,100,0,20,0,0,0,0,0
512800202,1,0,100,0,20,0,0,0,0,0
512800203,1,0,90,0,20,0,0,0,0,0
512800203,2,0,10,0,20,0,0,0,0,0
512800301,1,0,100,0,20,0,0,0,0,0
512800302,1,0,100,0,20,0,0,0,0,0
512800303,1,0,90,0,20,0,0,0,0,0
512800303,2,0,10,0,20,0,0,0,0,0
512800401,1,0,100,0,21,0,0,0,0,0
512800402,1,0,100,0,21,0,0,0,0,0
512800403,1,0,90,0,21,0,0,0,0,0
512800403,2,0,10,0,21,0,0,0,0,0
512900101,1,0,100,0,21,0,0,0,0,0
512900102,1,0,100,0,21,0,0,0,0,0
512900103,1,0,90,0,21,0,0,0,0,0
512900103,2,0,10,0,21,0,0,0,0,0
512900201,1,0,100,0,21,0,0,0,0,0
512900202,1,0,100,0,21,0,0,0,0,0
512900203,1,0,90,0,21,0,0,0,0,0
512900203,2,0,10,0,21,0,0,0,0,0
512900301,1,0,100,0,21,0,0,0,0,0
512900302,1,0,100,0,21,0,0,0,0,0
512900303,1,0,90,0,21,0,0,0,0,0
512900303,2,0,10,0,21,0,0,0,0,0
512900401,1,0,100,0,21,0,0,0,0,0
512900402,1,0,100,0,21,0,0,0,0,0
512900403,1,0,90,0,21,0,0,0,0,0
512900403,2,0,10,0,21,0,0,0,0,0
513100101,1,0,100,0,20,0,0,0,0,0
513100201,1,0,100,0,21,0,0,0,0,0
513100301,1,0,100,1,22,0,0,0,0,0
513100401,1,0,100,0,20,0,0,0,0,0
513100501,1,0,100,0,21,0,0,0,0,0
513100601,1,0,100,1,22,0,0,0,0,0
513100701,1,0,100,0,20,0,0,0,0,0
513100801,1,0,100,0,21,0,0,0,0,0
513100901,1,0,100,1,22,0,0,0,0,0
513101001,1,0,100,0,20,0,0,0,0,0
513101101,1,0,100,0,21,0,0,0,0,0
513101201,1,0,100,1,22,0,0,0,0,0
513200101,1,0,100,0,20,0,0,0,0,0
513200201,1,0,100,0,21,0,0,0,0,0
513200301,1,0,100,1,22,0,0,0,0,0
513200401,1,0,100,0,20,0,0,0,0,0
513200501,1,0,100,0,21,0,0,0,0,0
513200601,1,0,100,1,22,0,0,0,0,0
513200701,1,0,100,0,20,0,0,0,0,0
513200801,1,0,100,0,21,0,0,0,0,0
513200901,1,0,100,1,22,0,0,0,0,0
513201001,1,0,100,0,20,0,0,0,0,0
513201101,1,0,100,0,21,0,0,0,0,0
513201201,1,0,100,1,22,0,0,0,0,0
513300101,1,0,100,1,23,0,0,0,0,0
513300201,1,0,100,1,23,0,0,0,0,0
513300301,1,0,100,1,23,0,0,0,0,0
513400101,1,0,100,0,21,0,0,0,0,0
513400201,1,0,100,0,22,0,0,0,0,0
513400301,1,0,100,1,22,0,0,0,0,0
513400401,1,0,100,0,21,0,0,0,0,0
513400501,1,0,100,0,22,0,0,0,0,0
513400601,1,0,100,1,22,0,0,0,0,0
513400701,1,0,100,0,21,0,0,0,0,0
513400801,1,0,100,0,22,0,0,0,0,0
513400901,1,0,100,1,22,0,0,0,0,0
513401001,1,0,100,0,21,0,0,0,0,0
513401101,1,0,100,0,22,0,0,0,0,0
513401201,1,0,100,0,22,0,0,0,0,0
513500101,1,0,100,0,21,0,0,0,0,0
513500201,1,0,100,0,22,0,0,0,0,0
513500301,1,0,100,1,22,0,0,0,0,0
513500401,1,0,100,0,21,0,0,0,0,0
513500501,1,0,100,0,22,0,0,0,0,0
513500601,1,0,100,1,22,0,0,0,0,0
513500701,1,0,100,0,21,0,0,0,0,0
513500801,1,0,100,0,22,0,0,0,0,0
513500901,1,0,100,0,22,0,0,0,0,0
513600101,1,0,100,0,21,0,0,0,0,0
513600201,1,0,100,0,22,0,0,0,0,0
513600301,1,0,100,1,22,0,0,0,0,0
513600401,1,0,100,0,21,0,0,0,0,0
513600501,1,0,100,0,22,0,0,0,0,0
513600601,1,0,100,1,22,0,0,0,0,0
513600701,1,0,100,0,21,0,0,0,0,0
513600801,1,0,100,0,22,0,0,0,0,0
513600901,1,0,100,0,22,0,0,0,0,0
514100101,1,0,100,0,108,0,32,0,0,0
515100101,1,0,100,1,106,0,21,0,0,0
516100101,1,0,100,1,102,0,0,0,0,0
519100101,1,0,100,0,20,0,0,0,0,0
519100101,2,0,100,0,20,0,0,0,0,0
519100101,3,0,100,0,20,0,0,0,0,0
519100101,4,0,100,0,20,0,0,0,0,0
519100101,5,0,100,0,20,0,0,0,0,0
519100101,6,0,100,0,20,0,0,0,0,0
519100201,1,0,100,0,20,0,0,0,0,0
519100201,2,0,100,0,20,0,0,0,0,0
519100201,3,0,100,0,20,0,0,0,0,0
519100201,4,0,100,0,20,0,0,0,0,0
519100201,5,0,100,0,20,0,0,0,0,0
519100201,6,0,100,0,20,0,0,0,0,0
519100301,1,0,15,0,20,0,0,0,0,0
519100301,2,0,20,0,20,0,0,0,0,0
519100301,3,0,20,0,20,0,0,0,0,0
519100301,4,0,15,0,20,0,0,0,0,0
519100301,5,0,20,0,20,0,0,0,0,0
519100301,6,0,20,0,20,0,0,0,0,0
519100401,1,0,15,0,20,0,0,0,0,0
519100401,2,0,15,0,20,0,0,0,0,0
519100401,3,0,15,0,20,0,0,0,0,0
519100401,4,0,15,0,20,0,0,0,0,0
519100401,5,0,20,0,20,0,0,0,0,0
519100401,6,0,20,0,20,0,0,0,0,0
519100501,1,0,15,0,21,0,0,0,0,0
519100501,2,0,15,0,21,0,0,0,0,0
519100501,3,0,15,0,21,0,0,0,0,0
519100501,4,0,15,0,21,0,0,0,0,0
519100501,5,0,20,0,21,0,0,0,0,0
519100501,6,0,20,0,21,0,0,0,0,0
519100601,1,0,15,0,20,0,0,0,0,0
519100601,2,0,15,0,20,0,0,0,0,0
519100601,3,0,15,0,20,0,0,0,0,0
519100601,4,0,15,0,20,0,0,0,0,0
519100601,5,0,20,0,20,0,0,0,0,0
519100601,6,0,20,0,20,0,0,0,0,0
519100701,1,0,15,0,20,0,0,0,0,0
519100701,2,0,15,0,20,0,0,0,0,0
519100701,3,0,15,0,20,0,0,0,0,0
519100701,4,0,15,0,20,0,0,0,0,0
519100701,5,0,20,0,20,0,0,0,0,0
519100701,6,0,20,0,20,0,0,0,0,0
519100801,1,0,15,0,21,0,0,0,0,0
519100801,2,0,15,0,21,0,0,0,0,0
519100801,3,0,15,0,21,0,0,0,0,0
519100801,4,0,15,0,21,0,0,0,0,0
519100801,5,0,20,0,21,0,0,0,0,0
519100801,6,0,20,0,21,0,0,0,0,0
519100901,1,0,15,0,20,0,0,0,0,0
519100901,2,0,15,0,20,0,0,0,0,0
519100901,3,0,15,0,20,0,0,0,0,0
519100901,4,0,15,0,20,0,0,0,0,0
519100901,5,0,20,0,20,0,0,0,0,0
519100901,6,0,20,0,20,0,0,0,0,0
519101001,1,0,15,0,22,0,0,0,0,0
519101001,2,0,15,0,22,0,0,0,0,0
519101001,3,0,15,0,22,0,0,0,0,0
519101001,4,0,15,0,22,0,0,0,0,0
519101001,5,0,20,0,22,0,0,0,0,0
519101001,6,0,20,0,22,0,0,0,0,0
519101101,1,0,15,0,21,0,0,0,0,0
519101101,2,0,15,0,21,0,0,0,0,0
519101101,3,0,15,0,21,0,0,0,0,0
519101101,4,0,15,0,21,0,0,0,0,0
519101101,5,0,20,0,21,0,0,0,0,0
519101101,6,0,20,0,21,0,0,0,0,0
519101201,1,0,15,0,20,0,0,0,0,0
519101201,2,0,15,0,20,0,0,0,0,0
519101201,3,0,15,0,20,0,0,0,0,0
519101201,4,0,15,0,20,0,0,0,0,0
519101201,5,0,20,0,20,0,0,0,0,0
519101201,6,0,20,0,20,0,0,0,0,0
519101301,1,0,15,0,21,0,0,0,0,0
519101301,2,0,15,0,21,0,0,0,0,0
519101301,3,0,15,0,21,0,0,0,0,0
519101301,4,0,15,0,21,0,0,0,0,0
519101301,5,0,20,0,21,0,0,0,0,0
519101301,6,0,20,0,21,0,0,0,0,0
519101401,1,0,15,0,20,0,0,0,0,0
519101401,2,0,15,0,20,0,0,0,0,0
519101401,3,0,15,0,20,0,0,0,0,0
519101401,4,0,15,0,20,0,0,0,0,0
519101401,5,0,20,0,20,0,0,0,0,0
519101401,6,0,20,0,20,0,0,0,0,0
519101501,1,0,15,0,20,0,0,0,0,0
519101501,2,0,15,0,20,0,0,0,0,0
519101501,3,0,15,0,20,0,0,0,0,0
519101501,4,0,15,0,20,0,0,0,0,0
519101501,5,0,20,0,20,0,0,0,0,0
519101501,6,0,20,0,20,0,0,0,0,0
519101601,1,0,15,0,21,0,0,0,0,0
519101601,2,0,15,0,21,0,0,0,0,0
519101601,3,0,15,0,21,0,0,0,0,0
519101601,4,0,15,0,21,0,0,0,0,0
519101601,5,0,20,0,21,0,0,0,0,0
519101601,6,0,20,0,21,0,0,0,0,0
519101701,1,0,15,0,22,0,0,0,0,0
519101701,2,0,15,0,22,0,0,0,0,0
519101701,3,0,15,0,22,0,0,0,0,0
519101701,4,0,15,0,22,0,0,0,0,0
519101701,5,0,20,0,22,0,0,0,0,0
519101701,6,0,20,0,22,0,0,0,0,0
519101801,1,0,15,0,22,0,0,0,0,0
519101801,2,0,15,0,22,0,0,0,0,0
519101801,3,0,15,0,22,0,0,0,0,0
519101801,4,0,15,0,22,0,0,0,0,0
519101801,5,0,20,0,22,0,0,0,0,0
519101801,6,0,20,0,22,0,0,0,0,0
519101901,1,0,15,0,21,0,0,0,0,0
519101901,2,0,15,0,21,0,0,0,0,0
519101901,3,0,15,0,21,0,0,0,0,0
519101901,4,0,15,0,21,0,0,0,0,0
519101901,5,0,20,0,21,0,0,0,0,0
519101901,6,0,20,0,21,0,0,0,0,0
519102001,1,0,20,0,22,0,0,0,0,0
519102001,2,0,20,0,22,0,0,0,0,0
519102001,3,0,20,0,22,0,0,0,0,0
519102001,4,0,20,0,22,0,0,0,0,0
519102001,5,0,20,0,22,0,0,0,0,0
519102001,6,0,20,0,22,0,0,0,0,0
519102101,1,0,20,0,21,0,0,0,0,0
519102101,2,0,20,0,21,0,0,0,0,0
519102101,3,0,20,0,21,0,0,0,0,0
519102101,4,0,20,0,21,0,0,0,0,0
519102101,5,0,20,0,21,0,0,0,0,0
519102101,6,0,20,0,21,0,0,0,0,0
519102201,1,0,15,0,20,0,0,0,0,0
519102201,2,0,20,0,20,0,0,0,0,0
519102201,3,0,20,0,20,0,0,0,0,0
519102201,4,0,15,0,20,0,0,0,0,0
519102201,5,0,20,0,20,0,0,0,0,0
519102201,6,0,20,0,20,0,0,0,0,0
519102301,1,0,15,0,20,0,0,0,0,0
519102301,2,0,20,0,20,0,0,0,0,0
519102301,3,0,20,0,20,0,0,0,0,0
519102301,4,0,15,0,20,0,0,0,0,0
519102301,5,0,20,0,20,0,0,0,0,0
519102301,6,0,20,0,20,0,0,0,0,0
519102401,1,0,15,0,20,0,0,0,0,0
519102401,2,0,20,0,20,0,0,0,0,0
519102401,3,0,20,0,20,0,0,0,0,0
519102401,4,0,15,0,20,0,0,0,0,0
519102401,5,0,20,0,20,0,0,0,0,0
519102401,6,0,20,0,20,0,0,0,0,0
519102501,1,0,15,0,20,0,0,0,0,0
519102501,2,0,15,0,20,0,0,0,0,0
519102501,3,0,15,0,20,0,0,0,0,0
519102501,4,0,15,0,20,0,0,0,0,0
519102501,5,0,20,0,20,0,0,0,0,0
519102501,6,0,20,0,20,0,0,0,0,0
519102601,1,0,15,0,20,0,0,0,0,0
519102601,2,0,15,0,20,0,0,0,0,0
519102601,3,0,15,0,20,0,0,0,0,0
519102601,4,0,15,0,20,0,0,0,0,0
519102601,5,0,20,0,20,0,0,0,0,0
519102601,6,0,20,0,20,0,0,0,0,0
519102701,1,0,15,0,20,0,0,0,0,0
519102701,2,0,15,0,20,0,0,0,0,0
519102701,3,0,15,0,20,0,0,0,0,0
519102701,4,0,15,0,20,0,0,0,0,0
519102701,5,0,20,0,20,0,0,0,0,0
519102701,6,0,20,0,20,0,0,0,0,0
519102801,1,0,15,0,20,0,0,0,0,0
519102801,2,0,15,0,20,0,0,0,0,0
519102801,3,0,15,0,20,0,0,0,0,0
519102801,4,0,15,0,20,0,0,0,0,0
519102801,5,0,20,0,20,0,0,0,0,0
519102801,6,0,20,0,20,0,0,0,0,0
519102901,1,0,15,0,20,0,0,0,0,0
519102901,2,0,15,0,20,0,0,0,0,0
519102901,3,0,15,0,20,0,0,0,0,0
519102901,4,0,15,0,20,0,0,0,0,0
519102901,5,0,20,0,20,0,0,0,0,0
519102901,6,0,20,0,20,0,0,0,0,0
519103001,1,0,15,0,21,0,0,0,0,0
519103001,2,0,15,0,21,0,0,0,0,0
519103001,3,0,15,0,21,0,0,0,0,0
519103001,4,0,15,0,21,0,0,0,0,0
519103001,5,0,20,0,21,0,0,0,0,0
519103001,6,0,20,0,21,0,0,0,0,0
519103101,1,0,15,0,20,0,0,0,0,0
519103101,2,0,15,0,20,0,0,0,0,0
519103101,3,0,15,0,20,0,0,0,0,0
519103101,4,0,15,0,20,0,0,0,0,0
519103101,5,0,20,0,20,0,0,0,0,0
519103101,6,0,20,0,20,0,0,0,0,0
519103201,1,0,15,0,20,0,0,0,0,0
519103201,2,0,15,0,20,0,0,0,0,0
519103201,3,0,15,0,20,0,0,0,0,0
519103201,4,0,15,0,20,0,0,0,0,0
519103201,5,0,20,0,20,0,0,0,0,0
519103201,6,0,20,0,20,0,0,0,0,0
519103301,1,0,15,0,20,0,0,0,0,0
519103301,2,0,15,0,20,0,0,0,0,0
519103301,3,0,15,0,20,0,0,0,0,0
519103301,4,0,15,0,20,0,0,0,0,0
519103301,5,0,20,0,20,0,0,0,0,0
519103301,6,0,20,0,20,0,0,0,0,0
519103401,1,0,15,0,20,0,0,0,0,0
519103401,2,0,15,0,20,0,0,0,0,0
519103401,3,0,15,0,20,0,0,0,0,0
519103401,4,0,15,0,20,0,0,0,0,0
519103401,5,0,20,0,20,0,0,0,0,0
519103401,6,0,20,0,20,0,0,0,0,0
519103501,1,0,15,0,20,0,0,0,0,0
519103501,2,0,15,0,20,0,0,0,0,0
519103501,3,0,15,0,20,0,0,0,0,0
519103501,4,0,15,0,20,0,0,0,0,0
519103501,5,0,20,0,20,0,0,0,0,0
519103501,6,0,20,0,20,0,0,0,0,0
519103601,1,0,15,0,20,0,0,0,0,0
519103601,2,0,15,0,20,0,0,0,0,0
519103601,3,0,15,0,20,0,0,0,0,0
519103601,4,0,15,0,20,0,0,0,0,0
519103601,5,0,20,0,20,0,0,0,0,0
519103601,6,0,20,0,20,0,0,0,0,0
519103701,1,0,15,0,21,0,0,0,0,0
519103701,2,0,15,0,21,0,0,0,0,0
519103701,3,0,15,0,21,0,0,0,0,0
519103701,4,0,15,0,21,0,0,0,0,0
519103701,5,0,20,0,21,0,0,0,0,0
519103701,6,0,20,0,21,0,0,0,0,0
519103801,1,0,15,0,20,0,0,0,0,0
519103801,2,0,15,0,20,0,0,0,0,0
519103801,3,0,15,0,20,0,0,0,0,0
519103801,4,0,15,0,20,0,0,0,0,0
519103801,5,0,20,0,20,0,0,0,0,0
519103801,6,0,20,0,20,0,0,0,0,0
519103901,1,0,15,0,20,0,0,0,0,0
519103901,2,0,15,0,20,0,0,0,0,0
519103901,3,0,15,0,20,0,0,0,0,0
519103901,4,0,15,0,20,0,0,0,0,0
519103901,5,0,20,0,20,0,0,0,0,0
519103901,6,0,20,0,20,0,0,0,0,0
519104001,1,0,15,0,21,0,0,0,0,0
519104001,2,0,15,0,21,0,0,0,0,0
519104001,3,0,15,0,21,0,0,0,0,0
519104001,4,0,15,0,21,0,0,0,0,0
519104001,5,0,20,0,21,0,0,0,0,0
519104001,6,0,20,0,21,0,0,0,0,0
519104101,1,0,15,0,21,0,0,0,0,0
519104101,2,0,15,0,21,0,0,0,0,0
519104101,3,0,15,0,21,0,0,0,0,0
519104101,4,0,15,0,21,0,0,0,0,0
519104101,5,0,20,0,21,0,0,0,0,0
519104101,6,0,20,0,21,0,0,0,0,0
519104201,1,0,10,0,21,0,0,0,0,0
519104201,2,0,15,0,21,0,0,0,0,0
519104201,3,0,20,0,21,0,0,0,0,0
519104201,4,0,10,0,21,0,0,0,0,0
519104201,5,0,20,0,21,0,0,0,0,0
519104201,6,0,25,0,21,0,0,0,0,0
519104301,1,0,10,0,22,0,0,0,0,0
519104301,2,0,15,0,22,0,0,0,0,0
519104301,3,0,20,0,22,0,0,0,0,0
519104301,4,0,10,0,22,0,0,0,0,0
519104301,5,0,20,0,22,0,0,0,0,0
519104301,6,0,25,0,22,0,0,0,0,0
519104401,1,0,15,0,22,0,0,0,0,0
519104401,2,0,15,0,22,0,0,0,0,0
519104401,3,0,15,0,22,0,0,0,0,0
519104401,4,0,15,0,22,0,0,0,0,0
519104401,5,0,20,0,22,0,0,0,0,0
519104401,6,0,20,0,22,0,0,0,0,0
519104501,1,0,10,0,21,0,0,0,0,0
519104501,2,0,15,0,21,0,0,0,0,0
519104501,3,0,20,0,21,0,0,0,0,0
519104501,4,0,10,0,21,0,0,0,0,0
519104501,5,0,20,0,21,0,0,0,0,0
519104501,6,0,25,0,21,0,0,0,0,0
519104601,1,0,10,0,22,0,0,0,0,0
519104601,2,0,15,0,22,0,0,0,0,0
519104601,3,0,20,0,22,0,0,0,0,0
519104601,4,0,10,0,22,0,0,0,0,0
519104601,5,0,20,0,22,0,0,0,0,0
519104601,6,0,25,0,22,0,0,0,0,0
519104701,1,0,10,0,21,0,0,0,0,0
519104701,2,0,15,0,21,0,0,0,0,0
519104701,3,0,20,0,21,0,0,0,0,0
519104701,4,0,10,0,21,0,0,0,0,0
519104701,5,0,20,0,21,0,0,0,0,0
519104701,6,0,25,0,21,0,0,0,0,0
519104801,1,0,15,0,20,0,0,0,0,0
519104801,2,0,20,0,20,0,0,0,0,0
519104801,3,0,20,0,20,0,0,0,0,0
519104801,4,0,15,0,20,0,0,0,0,0
519104801,5,0,20,0,20,0,0,0,0,0
519104801,6,0,20,0,20,0,0,0,0,0
519104901,1,0,15,0,20,0,0,0,0,0
519104901,2,0,20,0,20,0,0,0,0,0
519104901,3,0,20,0,20,0,0,0,0,0
519104901,4,0,15,0,20,0,0,0,0,0
519104901,5,0,20,0,20,0,0,0,0,0
519104901,6,0,20,0,20,0,0,0,0,0
519105001,1,0,15,0,20,0,0,0,0,0
519105001,2,0,20,0,20,0,0,0,0,0
519105001,3,0,20,0,20,0,0,0,0,0
519105001,4,0,15,0,20,0,0,0,0,0
519105001,5,0,20,0,20,0,0,0,0,0
519105001,6,0,20,0,20,0,0,0,0,0
519105101,1,0,15,0,21,0,0,0,0,0
519105101,2,0,20,0,21,0,0,0,0,0
519105101,3,0,20,0,21,0,0,0,0,0
519105101,4,0,15,0,21,0,0,0,0,0
519105101,5,0,20,0,21,0,0,0,0,0
519105101,6,0,20,0,21,0,0,0,0,0
519105201,1,0,15,0,20,0,0,0,0,0
519105201,2,0,20,0,20,0,0,0,0,0
519105201,3,0,20,0,20,0,0,0,0,0
519105201,4,0,15,0,20,0,0,0,0,0
519105201,5,0,20,0,20,0,0,0,0,0
519105201,6,0,20,0,20,0,0,0,0,0
519105301,1,0,15,0,20,0,0,0,0,0
519105301,2,0,20,0,20,0,0,0,0,0
519105301,3,0,20,0,20,0,0,0,0,0
519105301,4,0,15,0,20,0,0,0,0,0
519105301,5,0,20,0,20,0,0,0,0,0
519105301,6,0,20,0,20,0,0,0,0,0
519105401,1,0,15,0,21,0,0,0,0,0
519105401,2,0,20,0,21,0,0,0,0,0
519105401,3,0,20,0,21,0,0,0,0,0
519105401,4,0,15,0,21,0,0,0,0,0
519105401,5,0,20,0,21,0,0,0,0,0
519105401,6,0,20,0,21,0,0,0,0,0
519105501,1,0,15,0,21,0,0,0,0,0
519105501,2,0,20,0,21,0,0,0,0,0
519105501,3,0,20,0,21,0,0,0,0,0
519105501,4,0,15,0,21,0,0,0,0,0
519105501,5,0,20,0,21,0,0,0,0,0
519105501,6,0,20,0,21,0,0,0,0,0
519105601,1,0,10,0,21,0,0,0,0,0
519105601,2,0,15,0,21,0,0,0,0,0
519105601,3,0,20,0,21,0,0,0,0,0
519105601,4,0,10,0,21,0,0,0,0,0
519105601,5,0,20,0,21,0,0,0,0,0
519105601,6,0,25,0,21,0,0,0,0,0
519105701,1,0,10,0,22,0,0,0,0,0
519105701,2,0,15,0,22,0,0,0,0,0
519105701,3,0,20,0,22,0,0,0,0,0
519105701,4,0,10,0,22,0,0,0,0,0
519105701,5,0,20,0,22,0,0,0,0,0
519105701,6,0,25,0,22,0,0,0,0,0
519105801,1,0,10,0,20,0,0,0,0,0
519105801,2,0,15,0,20,0,0,0,0,0
519105801,3,0,20,0,20,0,0,0,0,0
519105801,4,0,10,0,20,0,0,0,0,0
519105801,5,0,20,0,20,0,0,0,0,0
519105801,6,0,25,0,20,0,0,0,0,0
519105901,1,0,10,0,20,0,0,0,0,0
519105901,2,0,15,0,20,0,0,0,0,0
519105901,3,0,20,0,20,0,0,0,0,0
519105901,4,0,10,0,20,0,0,0,0,0
519105901,5,0,20,0,20,0,0,0,0,0
519105901,6,0,25,0,20,0,0,0,0,0
519106001,1,0,10,0,22,0,0,0,0,0
519106001,2,0,15,0,22,0,0,0,0,0
519106001,3,0,20,0,22,0,0,0,0,0
519106001,4,0,10,0,22,0,0,0,0,0
519106001,5,0,20,0,22,0,0,0,0,0
519106001,6,0,25,0,22,0,0,0,0,0
519106101,1,0,15,0,21,0,0,0,0,0
519106101,2,0,15,0,21,0,0,0,0,0
519106101,3,0,15,0,21,0,0,0,0,0
519106101,4,0,15,0,21,0,0,0,0,0
519106101,5,0,20,0,21,0,0,0,0,0
519106101,6,0,20,0,21,0,0,0,0,0
519106201,1,0,15,0,20,0,0,0,0,0
519106201,2,0,20,0,20,0,0,0,0,0
519106201,3,0,20,0,20,0,0,0,0,0
519106201,4,0,15,0,20,0,0,0,0,0
519106201,5,0,20,0,20,0,0,0,0,0
519106201,6,0,20,0,20,0,0,0,0,0
519106301,1,0,15,0,20,0,0,0,0,0
519106301,2,0,20,0,20,0,0,0,0,0
519106301,3,0,20,0,20,0,0,0,0,0
519106301,4,0,15,0,20,0,0,0,0,0
519106301,5,0,20,0,20,0,0,0,0,0
519106301,6,0,20,0,20,0,0,0,0,0
519106401,1,0,15,0,20,0,0,0,0,0
519106401,2,0,20,0,20,0,0,0,0,0
519106401,3,0,20,0,20,0,0,0,0,0
519106401,4,0,15,0,20,0,0,0,0,0
519106401,5,0,20,0,20,0,0,0,0,0
519106401,6,0,20,0,20,0,0,0,0,0
519106501,1,0,15,0,20,0,0,0,0,0
519106501,2,0,20,0,20,0,0,0,0,0
519106501,3,0,20,0,20,0,0,0,0,0
519106501,4,0,15,0,20,0,0,0,0,0
519106501,5,0,20,0,20,0,0,0,0,0
519106501,6,0,20,0,20,0,0,0,0,0
519106601,1,0,15,0,20,0,0,0,0,0
519106601,2,0,20,0,20,0,0,0,0,0
519106601,3,0,20,0,20,0,0,0,0,0
519106601,4,0,15,0,20,0,0,0,0,0
519106601,5,0,20,0,20,0,0,0,0,0
519106601,6,0,20,0,20,0,0,0,0,0
519106701,1,0,15,0,20,0,0,0,0,0
519106701,2,0,20,0,20,0,0,0,0,0
519106701,3,0,20,0,20,0,0,0,0,0
519106701,4,0,15,0,20,0,0,0,0,0
519106701,5,0,20,0,20,0,0,0,0,0
519106701,6,0,20,0,20,0,0,0,0,0
519106801,1,0,15,0,20,0,0,0,0,0
519106801,2,0,20,0,20,0,0,0,0,0
519106801,3,0,20,0,20,0,0,0,0,0
519106801,4,0,15,0,20,0,0,0,0,0
519106801,5,0,20,0,20,0,0,0,0,0
519106801,6,0,20,0,20,0,0,0,0,0
519106901,1,0,15,0,20,0,0,0,0,0
519106901,2,0,20,0,20,0,0,0,0,0
519106901,3,0,20,0,20,0,0,0,0,0
519106901,4,0,15,0,20,0,0,0,0,0
519106901,5,0,20,0,20,0,0,0,0,0
519106901,6,0,20,0,20,0,0,0,0,0
519107001,1,0,15,0,20,0,0,0,0,0
519107001,2,0,20,0,20,0,0,0,0,0
519107001,3,0,20,0,20,0,0,0,0,0
519107001,4,0,15,0,20,0,0,0,0,0
519107001,5,0,20,0,20,0,0,0,0,0
519107001,6,0,20,0,20,0,0,0,0,0
519107101,1,0,15,0,20,0,0,0,0,0
519107101,2,0,20,0,20,0,0,0,0,0
519107101,3,0,20,0,20,0,0,0,0,0
519107101,4,0,15,0,20,0,0,0,0,0
519107101,5,0,20,0,20,0,0,0,0,0
519107101,6,0,20,0,20,0,0,0,0,0
519107201,1,0,15,0,20,0,0,0,0,0
519107201,2,0,20,0,20,0,0,0,0,0
519107201,3,0,20,0,20,0,0,0,0,0
519107201,4,0,15,0,20,0,0,0,0,0
519107201,5,0,20,0,20,0,0,0,0,0
519107201,6,0,20,0,20,0,0,0,0,0
519107301,1,0,15,0,20,0,0,0,0,0
519107301,2,0,20,0,20,0,0,0,0,0
519107301,3,0,20,0,20,0,0,0,0,0
519107301,4,0,15,0,20,0,0,0,0,0
519107301,5,0,20,0,20,0,0,0,0,0
519107301,6,0,20,0,20,0,0,0,0,0
519107401,1,0,15,0,20,0,0,0,0,0
519107401,2,0,20,0,20,0,0,0,0,0
519107401,3,0,20,0,20,0,0,0,0,0
519107401,4,0,15,0,20,0,0,0,0,0
519107401,5,0,20,0,20,0,0,0,0,0
519107401,6,0,20,0,20,0,0,0,0,0
519107501,1,0,15,0,20,0,0,0,0,0
519107501,2,0,20,0,20,0,0,0,0,0
519107501,3,0,20,0,20,0,0,0,0,0
519107501,4,0,15,0,20,0,0,0,0,0
519107501,5,0,20,0,20,0,0,0,0,0
519107501,6,0,20,0,20,0,0,0,0,0
519107601,1,0,15,0,20,0,0,0,0,0
519107601,2,0,20,0,20,0,0,0,0,0
519107601,3,0,20,0,20,0,0,0,0,0
519107601,4,0,15,0,20,0,0,0,0,0
519107601,5,0,20,0,20,0,0,0,0,0
519107601,6,0,20,0,20,0,0,0,0,0
519107701,1,0,15,0,20,0,0,0,0,0
519107701,2,0,20,0,20,0,0,0,0,0
519107701,3,0,20,0,20,0,0,0,0,0
519107701,4,0,15,0,20,0,0,0,0,0
519107701,5,0,20,0,20,0,0,0,0,0
519107701,6,0,20,0,20,0,0,0,0,0
519107801,1,0,15,0,20,0,0,0,0,0
519107801,2,0,20,0,20,0,0,0,0,0
519107801,3,0,20,0,20,0,0,0,0,0
519107801,4,0,15,0,20,0,0,0,0,0
519107801,5,0,20,0,20,0,0,0,0,0
519107801,6,0,20,0,20,0,0,0,0,0
519107901,1,0,15,0,20,0,0,0,0,0
519107901,2,0,20,0,20,0,0,0,0,0
519107901,3,0,20,0,20,0,0,0,0,0
519107901,4,0,15,0,20,0,0,0,0,0
519107901,5,0,20,0,20,0,0,0,0,0
519107901,6,0,20,0,20,0,0,0,0,0
519108001,1,0,15,0,20,0,0,0,0,0
519108001,2,0,20,0,20,0,0,0,0,0
519108001,3,0,20,0,20,0,0,0,0,0
519108001,4,0,15,0,20,0,0,0,0,0
519108001,5,0,20,0,20,0,0,0,0,0
519108001,6,0,20,0,20,0,0,0,0,0
519108101,1,0,15,0,20,0,0,0,0,0
519108101,2,0,20,0,20,0,0,0,0,0
519108101,3,0,20,0,20,0,0,0,0,0
519108101,4,0,15,0,20,0,0,0,0,0
519108101,5,0,20,0,20,0,0,0,0,0
519108101,6,0,20,0,20,0,0,0,0,0
519108201,1,0,15,0,20,0,0,0,0,0
519108201,2,0,20,0,20,0,0,0,0,0
519108201,3,0,20,0,20,0,0,0,0,0
519108201,4,0,15,0,20,0,0,0,0,0
519108201,5,0,20,0,20,0,0,0,0,0
519108201,6,0,20,0,20,0,0,0,0,0
519108301,1,0,15,0,20,0,0,0,0,0
519108301,2,0,20,0,20,0,0,0,0,0
519108301,3,0,20,0,20,0,0,0,0,0
519108301,4,0,15,0,20,0,0,0,0,0
519108301,5,0,20,0,20,0,0,0,0,0
519108301,6,0,20,0,20,0,0,0,0,0
519108401,1,0,15,0,21,0,0,0,0,0
519108401,2,0,20,0,21,0,0,0,0,0
519108401,3,0,20,0,21,0,0,0,0,0
519108401,4,0,15,0,21,0,0,0,0,0
519108401,5,0,20,0,21,0,0,0,0,0
519108401,6,0,20,0,21,0,0,0,0,0
519108501,1,0,15,0,21,0,0,0,0,0
519108501,2,0,20,0,21,0,0,0,0,0
519108501,3,0,20,0,21,0,0,0,0,0
519108501,4,0,15,0,21,0,0,0,0,0
519108501,5,0,20,0,21,0,0,0,0,0
519108501,6,0,20,0,21,0,0,0,0,0
519108601,1,0,15,0,21,0,0,0,0,0
519108601,2,0,20,0,21,0,0,0,0,0
519108601,3,0,20,0,21,0,0,0,0,0
519108601,4,0,15,0,21,0,0,0,0,0
519108601,5,0,20,0,21,0,0,0,0,0
519108601,6,0,20,0,21,0,0,0,0,0
519108701,1,0,15,0,21,0,0,0,0,0
519108701,2,0,20,0,21,0,0,0,0,0
519108701,3,0,20,0,21,0,0,0,0,0
519108701,4,0,15,0,21,0,0,0,0,0
519108701,5,0,20,0,21,0,0,0,0,0
519108701,6,0,20,0,21,0,0,0,0,0
519108801,1,0,15,0,21,0,0,0,0,0
519108801,2,0,20,0,21,0,0,0,0,0
519108801,3,0,20,0,21,0,0,0,0,0
519108801,4,0,15,0,21,0,0,0,0,0
519108801,5,0,20,0,21,0,0,0,0,0
519108801,6,0,20,0,21,0,0,0,0,0
519108901,1,0,15,0,21,0,0,0,0,0
519108901,2,0,20,0,21,0,0,0,0,0
519108901,3,0,20,0,21,0,0,0,0,0
519108901,4,0,15,0,21,0,0,0,0,0
519108901,5,0,20,0,21,0,0,0,0,0
519108901,6,0,20,0,21,0,0,0,0,0
519109001,1,0,15,0,21,0,0,0,0,0
519109001,2,0,20,0,21,0,0,0,0,0
519109001,3,0,20,0,21,0,0,0,0,0
519109001,4,0,15,0,21,0,0,0,0,0
519109001,5,0,20,0,21,0,0,0,0,0
519109001,6,0,20,0,21,0,0,0,0,0
519109101,1,0,15,0,21,0,0,0,0,0
519109101,2,0,20,0,21,0,0,0,0,0
519109101,3,0,20,0,21,0,0,0,0,0
519109101,4,0,15,0,21,0,0,0,0,0
519109101,5,0,20,0,21,0,0,0,0,0
519109101,6,0,20,0,21,0,0,0,0,0
519109201,1,0,15,0,21,0,0,0,0,0
519109201,2,0,20,0,21,0,0,0,0,0
519109201,3,0,20,0,21,0,0,0,0,0
519109201,4,0,15,0,21,0,0,0,0,0
519109201,5,0,20,0,21,0,0,0,0,0
519109201,6,0,20,0,21,0,0,0,0,0
519109301,1,0,15,0,21,0,0,0,0,0
519109301,2,0,20,0,21,0,0,0,0,0
519109301,3,0,20,0,21,0,0,0,0,0
519109301,4,0,15,0,21,0,0,0,0,0
519109301,5,0,20,0,21,0,0,0,0,0
519109301,6,0,20,0,21,0,0,0,0,0
519109401,1,0,15,0,21,0,0,0,0,0
519109401,2,0,20,0,21,0,0,0,0,0
519109401,3,0,20,0,21,0,0,0,0,0
519109401,4,0,15,0,21,0,0,0,0,0
519109401,5,0,20,0,21,0,0,0,0,0
519109401,6,0,20,0,21,0,0,0,0,0
519109501,1,0,15,0,21,0,0,0,0,0
519109501,2,0,20,0,21,0,0,0,0,0
519109501,3,0,20,0,21,0,0,0,0,0
519109501,4,0,15,0,21,0,0,0,0,0
519109501,5,0,20,0,21,0,0,0,0,0
519109501,6,0,20,0,21,0,0,0,0,0
519109601,1,0,15,0,21,0,0,0,0,0
519109601,2,0,20,0,21,0,0,0,0,0
519109601,3,0,20,0,21,0,0,0,0,0
519109601,4,0,15,0,21,0,0,0,0,0
519109601,5,0,20,0,21,0,0,0,0,0
519109601,6,0,20,0,21,0,0,0,0,0
519109701,1,0,15,0,21,0,0,0,0,0
519109701,2,0,20,0,21,0,0,0,0,0
519109701,3,0,20,0,21,0,0,0,0,0
519109701,4,0,15,0,21,0,0,0,0,0
519109701,5,0,20,0,21,0,0,0,0,0
519109701,6,0,20,0,21,0,0,0,0,0
519109801,1,0,10,0,21,0,0,0,0,0
519109801,2,0,15,0,21,0,0,0,0,0
519109801,3,0,20,0,21,0,0,0,0,0
519109801,4,0,10,0,21,0,0,0,0,0
519109801,5,0,20,0,21,0,0,0,0,0
519109801,6,0,25,0,21,0,0,0,0,0
519109901,1,0,10,0,21,0,0,0,0,0
519109901,2,0,15,0,21,0,0,0,0,0
519109901,3,0,20,0,21,0,0,0,0,0
519109901,4,0,10,0,21,0,0,0,0,0
519109901,5,0,20,0,21,0,0,0,0,0
519109901,6,0,25,0,21,0,0,0,0,0
519110001,1,0,10,0,21,0,0,0,0,0
519110001,2,0,15,0,21,0,0,0,0,0
519110001,3,0,20,0,21,0,0,0,0,0
519110001,4,0,10,0,21,0,0,0,0,0
519110001,5,0,20,0,21,0,0,0,0,0
519110001,6,0,25,0,21,0,0,0,0,0
519110101,1,0,10,0,21,0,0,0,0,0
519110101,2,0,15,0,21,0,0,0,0,0
519110101,3,0,20,0,21,0,0,0,0,0
519110101,4,0,10,0,21,0,0,0,0,0
519110101,5,0,20,0,21,0,0,0,0,0
519110101,6,0,25,0,21,0,0,0,0,0
519110201,1,0,10,0,21,0,0,0,0,0
519110201,2,0,15,0,21,0,0,0,0,0
519110201,3,0,20,0,21,0,0,0,0,0
519110201,4,0,10,0,21,0,0,0,0,0
519110201,5,0,20,0,21,0,0,0,0,0
519110201,6,0,25,0,21,0,0,0,0,0
519110301,1,0,10,0,21,0,0,0,0,0
519110301,2,0,15,0,21,0,0,0,0,0
519110301,3,0,20,0,21,0,0,0,0,0
519110301,4,0,10,0,21,0,0,0,0,0
519110301,5,0,20,0,21,0,0,0,0,0
519110301,6,0,25,0,21,0,0,0,0,0
519110401,1,0,10,0,22,0,0,0,0,0
519110401,2,0,15,0,22,0,0,0,0,0
519110401,3,0,20,0,22,0,32,0,0,0
519110401,4,0,10,0,22,0,0,0,0,0
519110401,5,0,20,0,22,0,0,0,0,0
519110401,6,0,25,0,22,0,0,0,0,0
519110501,1,0,10,0,22,0,0,0,0,0
519110501,2,0,15,0,22,0,0,0,0,0
519110501,3,0,20,0,22,0,0,0,0,0
519110501,4,0,10,0,22,0,0,0,0,0
519110501,5,0,20,0,22,0,0,0,0,0
519110501,6,0,25,0,22,0,0,0,0,0
519110601,1,0,10,0,22,0,0,0,0,0
519110601,2,0,15,0,22,0,0,0,0,0
519110601,3,0,20,0,22,0,32,0,0,0
519110601,4,0,10,0,22,0,0,0,0,0
519110601,5,0,20,0,22,0,0,0,0,0
519110601,6,0,25,0,22,0,0,0,0,0
519110701,1,0,10,0,22,0,0,0,0,0
519110701,2,0,15,0,22,0,0,0,0,0
519110701,3,0,20,0,22,0,32,0,0,0
519110701,4,0,10,0,22,0,0,0,0,0
519110701,5,0,20,0,22,0,0,0,0,0
519110701,6,0,25,0,22,0,0,0,0,0
519110801,1,0,10,0,22,0,0,0,0,0
519110801,2,0,15,0,22,0,0,0,0,0
519110801,3,0,20,0,22,0,0,0,0,0
519110801,4,0,10,0,22,0,0,0,0,0
519110801,5,0,20,0,22,0,0,0,0,0
519110801,6,0,25,0,22,0,32,0,0,0
519110901,1,0,10,0,22,0,0,0,0,0
519110901,2,0,15,0,22,0,0,0,0,0
519110901,3,0,20,0,22,0,0,0,0,0
519110901,4,0,10,0,22,0,0,0,0,0
519110901,5,0,20,0,22,0,0,0,0,0
519110901,6,0,25,0,22,0,32,0,0,0
519111001,1,0,10,0,22,0,0,0,0,0
519111001,2,0,15,0,22,0,0,0,0,0
519111001,3,0,20,0,22,0,32,0,0,0
519111001,4,0,10,0,22,0,0,0,0,0
519111001,5,0,20,0,22,0,0,0,0,0
519111001,6,0,25,0,22,0,32,0,0,0
519111101,1,0,10,0,22,0,0,0,0,0
519111101,2,0,15,0,22,0,0,0,0,0
519111101,3,0,20,0,22,0,32,0,0,0
519111101,4,0,10,0,22,0,0,0,0,0
519111101,5,0,20,0,22,0,0,0,0,0
519111101,6,0,25,0,22,0,0,0,0,0
519111201,1,0,10,0,24,0,0,0,0,0
519111201,2,0,15,0,24,0,0,0,0,0
519111201,3,0,20,0,24,0,0,0,0,0
519111201,4,0,10,0,24,0,0,0,0,0
519111201,5,0,20,0,24,0,0,0,0,0
519111201,6,0,25,0,24,0,0,0,0,0
519111301,1,0,10,0,24,0,0,0,0,0
519111301,2,0,15,0,24,0,0,0,0,0
519111301,3,0,20,0,24,0,0,0,0,0
519111301,4,0,10,0,24,0,0,0,0,0
519111301,5,0,20,0,24,0,0,0,0,0
519111301,6,0,25,0,24,0,0,0,0,0
519111401,1,0,10,0,24,0,0,0,0,0
519111401,2,0,15,0,24,0,0,0,0,0
519111401,3,0,20,0,24,0,0,0,0,0
519111401,4,0,10,0,24,0,0,0,0,0
519111401,5,0,20,0,24,0,0,0,0,0
519111401,6,0,25,0,24,0,0,0,0,0
519111501,1,0,10,0,21,0,0,0,0,0
519111501,2,0,15,0,21,0,0,0,0,0
519111501,3,0,20,0,21,0,0,0,0,0
519111501,4,0,10,0,21,0,0,0,0,0
519111501,5,0,20,0,21,0,0,0,0,0
519111501,6,0,25,0,21,0,0,0,0,0
519111601,1,0,10,0,21,0,0,0,0,0
519111601,2,0,15,0,21,0,0,0,0,0
519111601,3,0,20,0,21,0,0,0,0,0
519111601,4,0,10,0,21,0,0,0,0,0
519111601,5,0,20,0,21,0,0,0,0,0
519111601,6,0,25,0,21,0,0,0,0,0
519111701,1,0,10,0,24,0,0,0,0,0
519111701,2,0,15,0,24,0,0,0,0,0
519111701,3,0,20,0,24,0,0,0,0,0
519111701,4,0,10,0,24,0,0,0,0,0
519111701,5,0,20,0,24,0,0,0,0,0
519111701,6,0,25,0,24,0,0,0,0,0
519111801,1,0,10,0,22,0,0,0,0,0
519111801,2,0,15,0,22,0,0,0,0,0
519111801,3,0,20,0,22,0,0,0,0,0
519111801,4,0,10,0,22,0,0,0,0,0
519111801,5,0,20,0,22,0,0,0,0,0
519111801,6,0,25,0,22,0,0,0,0,0
519111901,1,0,10,0,22,0,0,0,0,0
519111901,2,0,15,0,22,0,0,0,0,0
519111901,3,0,20,0,22,0,0,0,0,0
519111901,4,0,10,0,22,0,0,0,0,0
519111901,5,0,20,0,22,0,0,0,0,0
519111901,6,0,25,0,22,0,0,0,0,0
519112001,1,0,10,0,22,0,0,0,0,0
519112001,2,0,15,0,22,0,0,0,0,0
519112001,3,0,20,0,22,0,0,0,0,0
519112001,4,0,10,0,22,0,0,0,0,0
519112001,5,0,20,0,22,0,0,0,0,0
519112001,6,0,25,0,22,0,0,0,0,0
519112101,1,0,10,0,22,0,0,0,0,0
519112101,2,0,15,0,22,0,0,0,0,0
519112101,3,0,20,0,22,0,0,0,0,0
519112101,4,0,10,0,22,0,0,0,0,0
519112101,5,0,20,0,22,0,0,0,0,0
519112101,6,0,25,0,22,0,0,0,0,0
519112201,1,0,10,0,22,0,0,0,0,0
519112201,2,0,15,0,22,0,0,0,0,0
519112201,3,0,20,0,22,0,0,0,0,0
519112201,4,0,10,0,22,0,0,0,0,0
519112201,5,0,20,0,22,0,0,0,0,0
519112201,6,0,25,0,22,0,0,0,0,0
519112301,1,0,10,0,22,0,0,0,0,0
519112301,2,0,15,0,22,0,0,0,0,0
519112301,3,0,20,0,22,0,0,0,0,0
519112301,4,0,10,0,22,0,0,0,0,0
519112301,5,0,20,0,22,0,0,0,0,0
519112301,6,0,25,0,22,0,0,0,0,0
519112401,1,0,10,0,22,0,0,0,0,0
519112401,2,0,15,0,22,0,0,0,0,0
519112401,3,0,20,0,22,0,0,0,0,0
519112401,4,0,10,0,22,0,0,0,0,0
519112401,5,0,20,0,22,0,0,0,0,0
519112401,6,0,25,0,22,0,0,0,0,0
519112501,1,0,10,0,22,0,0,0,0,0
519112501,2,0,15,0,22,0,0,0,0,0
519112501,3,0,20,0,22,0,0,0,0,0
519112501,4,0,10,0,22,0,0,0,0,0
519112501,5,0,20,0,22,0,0,0,0,0
519112501,6,0,25,0,22,0,0,0,0,0
519112601,1,0,10,0,22,0,0,0,0,0
519112601,2,0,15,0,22,0,0,0,0,0
519112601,3,0,20,0,22,0,0,0,0,0
519112601,4,0,10,0,22,0,0,0,0,0
519112601,5,0,20,0,22,0,0,0,0,0
519112601,6,0,25,0,22,0,0,0,0,0
519112701,1,0,10,0,22,0,0,0,0,0
519112701,2,0,15,0,22,0,0,0,0,0
519112701,3,0,20,0,22,0,0,0,0,0
519112701,4,0,10,0,22,0,0,0,0,0
519112701,5,0,20,0,22,0,0,0,0,0
519112701,6,0,25,0,22,0,0,0,0,0
519112801,1,0,10,0,22,0,0,0,0,0
519112801,2,0,15,0,22,0,0,0,0,0
519112801,3,0,20,0,22,0,0,0,0,0
519112801,4,0,10,0,22,0,0,0,0,0
519112801,5,0,20,0,22,0,0,0,0,0
519112801,6,0,25,0,22,0,0,0,0,0
519112901,1,0,10,0,22,0,0,0,0,0
519112901,2,0,15,0,22,0,0,0,0,0
519112901,3,0,20,0,22,0,0,0,0,0
519112901,4,0,10,0,22,0,0,0,0,0
519112901,5,0,20,0,22,0,0,0,0,0
519112901,6,0,25,0,22,0,0,0,0,0
519113001,1,0,10,0,22,0,0,0,0,0
519113001,2,0,15,0,22,0,0,0,0,0
519113001,3,0,20,0,22,0,0,0,0,0
519113001,4,0,10,0,22,0,0,0,0,0
519113001,5,0,20,0,22,0,0,0,0,0
519113001,6,0,25,0,22,0,0,0,0,0
519113101,1,0,10,0,22,0,0,0,0,0
519113101,2,0,15,0,22,0,0,0,0,0
519113101,3,0,20,0,22,0,0,0,0,0
519113101,4,0,10,0,22,0,0,0,0,0
519113101,5,0,20,0,22,0,0,0,0,0
519113101,6,0,25,0,22,0,0,0,0,0
519113201,1,0,10,0,22,0,0,0,0,0
519113201,2,0,15,0,22,0,0,0,0,0
519113201,3,0,20,0,22,0,0,0,0,0
519113201,4,0,10,0,22,0,0,0,0,0
519113201,5,0,20,0,22,0,0,0,0,0
519113201,6,0,25,0,22,0,0,0,0,0
519113301,1,0,10,0,22,0,0,0,0,0
519113301,2,0,15,0,22,0,0,0,0,0
519113301,3,0,20,0,22,0,0,0,0,0
519113301,4,0,10,0,22,0,0,0,0,0
519113301,5,0,20,0,22,0,0,0,0,0
519113301,6,0,25,0,22,0,0,0,0,0
519113401,1,0,10,0,22,0,0,0,0,0
519113401,2,0,15,0,22,0,0,0,0,0
519113401,3,0,20,0,22,0,0,0,0,0
519113401,4,0,10,0,22,0,0,0,0,0
519113401,5,0,20,0,22,0,0,0,0,0
519113401,6,0,25,0,22,0,0,0,0,0
519113501,1,0,10,0,22,0,0,0,0,0
519113501,2,0,15,0,22,0,0,0,0,0
519113501,3,0,20,0,22,0,0,0,0,0
519113501,4,0,10,0,22,0,0,0,0,0
519113501,5,0,20,0,22,0,0,0,0,0
519113501,6,0,25,0,22,0,0,0,0,0
519113601,1,0,10,0,22,0,0,0,0,0
519113601,2,0,15,0,22,0,0,0,0,0
519113601,3,0,20,0,22,0,0,0,0,0
519113601,4,0,10,0,22,0,0,0,0,0
519113601,5,0,20,0,22,0,0,0,0,0
519113601,6,0,25,0,22,0,0,0,0,0
519113701,1,0,10,0,22,0,0,0,0,0
519113701,2,0,15,0,22,0,0,0,0,0
519113701,3,0,20,0,22,0,0,0,0,0
519113701,4,0,10,0,22,0,0,0,0,0
519113701,5,0,20,0,22,0,0,0,0,0
519113701,6,0,25,0,22,0,0,0,0,0
519113801,1,0,10,0,22,0,0,0,0,0
519113801,2,0,15,0,22,0,0,0,0,0
519113801,3,0,20,0,22,0,0,0,0,0
519113801,4,0,10,0,22,0,0,0,0,0
519113801,5,0,20,0,22,0,0,0,0,0
519113801,6,0,25,0,22,0,0,0,0,0
519113901,1,0,10,0,22,0,0,0,0,0
519113901,2,0,15,0,22,0,0,0,0,0
519113901,3,0,20,0,22,0,0,0,0,0
519113901,4,0,10,0,22,0,0,0,0,0
519113901,5,0,20,0,22,0,0,0,0,0
519113901,6,0,25,0,22,0,0,0,0,0
519114001,1,0,10,0,22,0,0,0,0,0
519114001,2,0,15,0,22,0,0,0,0,0
519114001,3,0,20,0,22,0,0,0,0,0
519114001,4,0,10,0,22,0,0,0,0,0
519114001,5,0,20,0,22,0,0,0,0,0
519114001,6,0,25,0,22,0,0,0,0,0
519114101,1,0,10,0,22,0,0,0,0,0
519114101,2,0,15,0,22,0,0,0,0,0
519114101,3,0,20,0,22,0,0,0,0,0
519114101,4,0,10,0,22,0,0,0,0,0
519114101,5,0,20,0,22,0,0,0,0,0
519114101,6,0,25,0,22,0,0,0,0,0
519114201,1,0,10,0,22,0,0,0,0,0
519114201,2,0,15,0,22,0,0,0,0,0
519114201,3,0,20,0,22,0,0,0,0,0
519114201,4,0,10,0,22,0,0,0,0,0
519114201,5,0,20,0,22,0,0,0,0,0
519114201,6,0,25,0,22,0,0,0,0,0
519114301,1,0,10,0,22,0,0,0,0,0
519114301,2,0,15,0,22,0,0,0,0,0
519114301,3,0,20,0,22,0,0,0,0,0
519114301,4,0,10,0,22,0,0,0,0,0
519114301,5,0,20,0,22,0,0,0,0,0
519114301,6,0,25,0,22,0,0,0,0,0
519114401,1,0,10,0,22,0,0,0,0,0
519114401,2,0,15,0,22,0,0,0,0,0
519114401,3,0,20,0,22,0,0,0,0,0
519114401,4,0,10,0,22,0,0,0,0,0
519114401,5,0,20,0,22,0,0,0,0,0
519114401,6,0,25,0,22,0,0,0,0,0
519114501,1,0,10,0,22,0,0,0,0,0
519114501,2,0,15,0,22,0,0,0,0,0
519114501,3,0,20,0,22,0,0,0,0,0
519114501,4,0,10,0,22,0,0,0,0,0
519114501,5,0,20,0,22,0,0,0,0,0
519114501,6,0,25,0,22,0,0,0,0,0
519114601,1,0,10,0,22,0,0,0,0,0
519114601,2,0,15,0,22,0,0,0,0,0
519114601,3,0,20,0,22,0,0,0,0,0
519114601,4,0,10,0,22,0,0,0,0,0
519114601,5,0,20,0,22,0,0,0,0,0
519114601,6,0,25,0,22,0,0,0,0,0
519114701,1,0,10,0,22,0,0,0,0,0
519114701,2,0,15,0,22,0,0,0,0,0
519114701,3,0,20,0,22,0,0,0,0,0
519114701,4,0,10,0,22,0,0,0,0,0
519114701,5,0,20,0,22,0,0,0,0,0
519114701,6,0,25,0,22,0,0,0,0,0
519114801,1,0,10,0,22,0,0,0,0,0
519114801,2,0,15,0,22,0,0,0,0,0
519114801,3,0,20,0,22,0,0,0,0,0
519114801,4,0,10,0,22,0,0,0,0,0
519114801,5,0,20,0,22,0,0,0,0,0
519114801,6,0,25,0,22,0,0,0,0,0
519114901,1,0,10,0,22,0,0,0,0,0
519114901,2,0,15,0,22,0,0,0,0,0
519114901,3,0,20,0,22,0,0,0,0,0
519114901,4,0,10,0,22,0,0,0,0,0
519114901,5,0,20,0,22,0,0,0,0,0
519114901,6,0,25,0,22,0,0,0,0,0
519115001,1,0,10,0,22,0,0,0,0,0
519115001,2,0,15,0,22,0,0,0,0,0
519115001,3,0,20,0,22,0,0,0,0,0
519115001,4,0,10,0,22,0,0,0,0,0
519115001,5,0,20,0,22,0,0,0,0,0
519115001,6,0,25,0,22,0,0,0,0,0
519115101,1,0,10,0,22,0,0,0,0,0
519115101,2,0,15,0,22,0,0,0,0,0
519115101,3,0,20,0,22,0,0,0,0,0
519115101,4,0,10,0,22,0,0,0,0,0
519115101,5,0,20,0,22,0,0,0,0,0
519115101,6,0,25,0,22,0,0,0,0,0
519115201,1,0,10,0,22,0,0,0,0,0
519115201,2,0,15,0,22,0,0,0,0,0
519115201,3,0,20,0,22,0,0,0,0,0
519115201,4,0,10,0,22,0,0,0,0,0
519115201,5,0,20,0,22,0,0,0,0,0
519115201,6,0,25,0,22,0,0,0,0,0
519115301,1,0,10,0,22,0,0,0,0,0
519115301,2,0,15,0,22,0,0,0,0,0
519115301,3,0,20,0,22,0,0,0,0,0
519115301,4,0,10,0,22,0,0,0,0,0
519115301,5,0,20,0,22,0,0,0,0,0
519115301,6,0,25,0,22,0,0,0,0,0
519115401,1,0,10,0,22,0,0,0,0,0
519115401,2,0,15,0,22,0,0,0,0,0
519115401,3,0,20,0,22,0,0,0,0,0
519115401,4,0,10,0,22,0,0,0,0,0
519115401,5,0,20,0,22,0,0,0,0,0
519115401,6,0,25,0,22,0,0,0,0,0
519115501,1,0,10,0,22,0,0,0,0,0
519115501,2,0,15,0,22,0,0,0,0,0
519115501,3,0,20,0,22,0,0,0,0,0
519115501,4,0,10,0,22,0,0,0,0,0
519115501,5,0,20,0,22,0,0,0,0,0
519115501,6,0,25,0,22,0,0,0,0,0
519115601,1,0,10,0,22,0,0,0,0,0
519115601,2,0,15,0,22,0,0,0,0,0
519115601,3,0,20,0,22,0,0,0,0,0
519115601,4,0,10,0,22,0,0,0,0,0
519115601,5,0,20,0,22,0,0,0,0,0
519115601,6,0,25,0,22,0,0,0,0,0
519115701,1,0,10,0,22,0,0,0,0,0
519115701,2,0,15,0,22,0,0,0,0,0
519115701,3,0,20,0,22,0,0,0,0,0
519115701,4,0,10,0,22,0,0,0,0,0
519115701,5,0,20,0,22,0,0,0,0,0
519115701,6,0,25,0,22,0,0,0,0,0
519115801,1,0,10,0,22,0,0,0,0,0
519115801,2,0,15,0,22,0,0,0,0,0
519115801,3,0,20,0,22,0,0,0,0,0
519115801,4,0,10,0,22,0,0,0,0,0
519115801,5,0,20,0,22,0,0,0,0,0
519115801,6,0,25,0,22,0,0,0,0,0
519115901,1,0,10,0,22,0,0,0,0,0
519115901,2,0,15,0,22,0,0,0,0,0
519115901,3,0,20,0,22,0,0,0,0,0
519115901,4,0,10,0,22,0,0,0,0,0
519115901,5,0,20,0,22,0,0,0,0,0
519115901,6,0,25,0,22,0,0,0,0,0
519116001,1,0,10,0,22,0,0,0,0,0
519116001,2,0,15,0,22,0,0,0,0,0
519116001,3,0,20,0,22,0,0,0,0,0
519116001,4,0,10,0,22,0,0,0,0,0
519116001,5,0,20,0,22,0,0,0,0,0
519116001,6,0,25,0,22,0,0,0,0,0
519116101,1,0,10,0,22,0,0,0,0,0
519116101,2,0,15,0,22,0,0,0,0,0
519116101,3,0,20,0,22,0,0,0,0,0
519116101,4,0,10,0,22,0,0,0,0,0
519116101,5,0,20,0,22,0,0,0,0,0
519116101,6,0,25,0,22,0,0,0,0,0
519116201,1,0,10,0,22,0,0,0,0,0
519116201,2,0,15,0,22,0,0,0,0,0
519116201,3,0,20,0,22,0,0,0,0,0
519116201,4,0,10,0,22,0,0,0,0,0
519116201,5,0,20,0,22,0,0,0,0,0
519116201,6,0,25,0,22,0,0,0,0,0
519116301,1,0,10,0,22,0,0,0,0,0
519116301,2,0,15,0,22,0,0,0,0,0
519116301,3,0,20,0,22,0,0,0,0,0
519116301,4,0,10,0,22,0,0,0,0,0
519116301,5,0,20,0,22,0,0,0,0,0
519116301,6,0,25,0,22,0,0,0,0,0
519116401,1,0,10,0,22,0,0,0,0,0
519116401,2,0,15,0,22,0,0,0,0,0
519116401,3,0,20,0,22,0,0,0,0,0
519116401,4,0,10,0,22,0,0,0,0,0
519116401,5,0,20,0,22,0,0,0,0,0
519116401,6,0,25,0,22,0,0,0,0,0
519116501,1,0,10,0,22,0,0,0,0,0
519116501,2,0,15,0,22,0,0,0,0,0
519116501,3,0,20,0,22,0,0,0,0,0
519116501,4,0,10,0,22,0,0,0,0,0
519116501,5,0,20,0,22,0,0,0,0,0
519116501,6,0,25,0,22,0,0,0,0,0
519116601,1,0,10,0,22,0,0,0,0,0
519116601,2,0,15,0,22,0,0,0,0,0
519116601,3,0,20,0,22,0,0,0,0,0
519116601,4,0,10,0,22,0,0,0,0,0
519116601,5,0,20,0,22,0,0,0,0,0
519116601,6,0,25,0,22,0,0,0,0,0
519116701,1,0,10,0,22,0,0,0,0,0
519116701,2,0,15,0,22,0,0,0,0,0
519116701,3,0,20,0,22,0,0,0,0,0
519116701,4,0,10,0,22,0,0,0,0,0
519116701,5,0,20,0,22,0,0,0,0,0
519116701,6,0,25,0,22,0,0,0,0,0
519116801,1,0,10,0,22,0,0,0,0,0
519116801,2,0,15,0,22,0,0,0,0,0
519116801,3,0,20,0,22,0,0,0,0,0
519116801,4,0,10,0,22,0,0,0,0,0
519116801,5,0,20,0,22,0,0,0,0,0
519116801,6,0,25,0,22,0,0,0,0,0
519116901,1,0,10,0,22,0,0,0,0,0
519116901,2,0,15,0,22,0,0,0,0,0
519116901,3,0,20,0,22,0,0,0,0,0
519116901,4,0,10,0,22,0,0,0,0,0
519116901,5,0,20,0,22,0,0,0,0,0
519116901,6,0,25,0,22,0,0,0,0,0
519117001,1,0,10,0,22,0,0,0,0,0
519117001,2,0,15,0,22,0,0,0,0,0
519117001,3,0,20,0,22,0,0,0,0,0
519117001,4,0,10,0,22,0,0,0,0,0
519117001,5,0,20,0,22,0,0,0,0,0
519117001,6,0,25,0,22,0,0,0,0,0
519117101,1,0,10,0,22,0,0,0,0,0
519117101,2,0,15,0,22,0,0,0,0,0
519117101,3,0,20,0,22,0,0,0,0,0
519117101,4,0,10,0,22,0,0,0,0,0
519117101,5,0,20,0,22,0,0,0,0,0
519117101,6,0,25,0,22,0,0,0,0,0
519117201,1,0,10,0,22,0,0,0,0,0
519117201,2,0,15,0,22,0,0,0,0,0
519117201,3,0,20,0,22,0,0,0,0,0
519117201,4,0,10,0,22,0,0,0,0,0
519117201,5,0,20,0,22,0,0,0,0,0
519117201,6,0,25,0,22,0,0,0,0,0
519117301,1,0,10,0,22,0,0,0,0,0
519117301,2,0,15,0,22,0,0,0,0,0
519117301,3,0,20,0,22,0,0,0,0,0
519117301,4,0,10,0,22,0,0,0,0,0
519117301,5,0,20,0,22,0,0,0,0,0
519117301,6,0,25,0,22,0,0,0,0,0
519117401,1,0,10,0,22,0,0,0,0,0
519117401,2,0,15,0,22,0,0,0,0,0
519117401,3,0,20,0,22,0,0,0,0,0
519117401,4,0,10,0,22,0,0,0,0,0
519117401,5,0,20,0,22,0,0,0,0,0
519117401,6,0,25,0,22,0,0,0,0,0
519117501,1,0,10,0,22,0,0,0,0,0
519117501,2,0,15,0,22,0,0,0,0,0
519117501,3,0,20,0,22,0,0,0,0,0
519117501,4,0,10,0,22,0,0,0,0,0
519117501,5,0,20,0,22,0,0,0,0,0
519117501,6,0,25,0,22,0,0,0,0,0
519117601,1,0,10,0,22,0,0,0,0,0
519117601,2,0,15,0,22,0,0,0,0,0
519117601,3,0,20,0,22,0,0,0,0,0
519117601,4,0,10,0,22,0,0,0,0,0
519117601,5,0,20,0,22,0,0,0,0,0
519117601,6,0,25,0,22,0,0,0,0,0
519117701,1,0,10,0,22,0,0,0,0,0
519117701,2,0,15,0,22,0,0,0,0,0
519117701,3,0,20,0,22,0,0,0,0,0
519117701,4,0,10,0,22,0,0,0,0,0
519117701,5,0,20,0,22,0,0,0,0,0
519117701,6,0,25,0,22,0,0,0,0,0
519117801,1,0,10,0,22,0,0,0,0,0
519117801,2,0,15,0,22,0,0,0,0,0
519117801,3,0,20,0,22,0,0,0,0,0
519117801,4,0,10,0,22,0,0,0,0,0
519117801,5,0,20,0,22,0,0,0,0,0
519117801,6,0,25,0,22,0,0,0,0,0
519117901,1,0,10,0,22,0,0,0,0,0
519117901,2,0,15,0,22,0,0,0,0,0
519117901,3,0,20,0,22,0,0,0,0,0
519117901,4,0,10,0,22,0,0,0,0,0
519117901,5,0,20,0,22,0,0,0,0,0
519117901,6,0,25,0,22,0,0,0,0,0
519118001,1,0,10,0,22,0,0,0,0,0
519118001,2,0,15,0,22,0,0,0,0,0
519118001,3,0,20,0,22,0,0,0,0,0
519118001,4,0,10,0,22,0,0,0,0,0
519118001,5,0,20,0,22,0,0,0,0,0
519118001,6,0,25,0,22,0,0,0,0,0
519118101,1,0,10,0,22,0,0,0,0,0
519118101,2,0,15,0,22,0,0,0,0,0
519118101,3,0,20,0,22,0,0,0,0,0
519118101,4,0,10,0,22,0,0,0,0,0
519118101,5,0,20,0,22,0,0,0,0,0
519118101,6,0,25,0,22,0,0,0,0,0
519118201,1,0,10,0,22,0,0,0,0,0
519118201,2,0,15,0,22,0,0,0,0,0
519118201,3,0,20,0,22,0,0,0,0,0
519118201,4,0,10,0,22,0,0,0,0,0
519118201,5,0,20,0,22,0,0,0,0,0
519118201,6,0,25,0,22,0,0,0,0,0
519118301,1,0,10,0,22,0,0,0,0,0
519118301,2,0,15,0,22,0,0,0,0,0
519118301,3,0,20,0,22,0,0,0,0,0
519118301,4,0,10,0,22,0,0,0,0,0
519118301,5,0,20,0,22,0,0,0,0,0
519118301,6,0,25,0,22,0,0,0,0,0
519118401,1,0,10,0,22,0,0,0,0,0
519118401,2,0,15,0,22,0,0,0,0,0
519118401,3,0,20,0,22,0,0,0,0,0
519118401,4,0,10,0,22,0,0,0,0,0
519118401,5,0,20,0,22,0,0,0,0,0
519118401,6,0,25,0,22,0,0,0,0,0
519118501,1,0,10,0,22,0,0,0,0,0
519118501,2,0,15,0,22,0,0,0,0,0
519118501,3,0,20,0,22,0,0,0,0,0
519118501,4,0,10,0,22,0,0,0,0,0
519118501,5,0,20,0,22,0,0,0,0,0
519118501,6,0,25,0,22,0,0,0,0,0
519118601,1,0,10,0,22,0,0,0,0,0
519118601,2,0,15,0,22,0,0,0,0,0
519118601,3,0,20,0,22,0,0,0,0,0
519118601,4,0,10,0,22,0,0,0,0,0
519118601,5,0,20,0,22,0,0,0,0,0
519118601,6,0,25,0,22,0,0,0,0,0
519118701,1,0,10,0,22,0,0,0,0,0
519118701,2,0,15,0,22,0,0,0,0,0
519118701,3,0,20,0,22,0,0,0,0,0
519118701,4,0,10,0,22,0,0,0,0,0
519118701,5,0,20,0,22,0,0,0,0,0
519118701,6,0,25,0,22,0,0,0,0,0
519118801,1,0,10,0,22,0,0,0,0,0
519118801,2,0,15,0,22,0,0,0,0,0
519118801,3,0,20,0,22,0,0,0,0,0
519118801,4,0,10,0,22,0,0,0,0,0
519118801,5,0,20,0,22,0,0,0,0,0
519118801,6,0,25,0,22,0,0,0,0,0
519118901,1,0,10,0,22,0,0,0,0,0
519118901,2,0,15,0,22,0,0,0,0,0
519118901,3,0,20,0,22,0,0,0,0,0
519118901,4,0,10,0,22,0,0,0,0,0
519118901,5,0,20,0,22,0,0,0,0,0
519118901,6,0,25,0,22,0,0,0,0,0
519119001,1,0,10,0,22,0,0,0,0,0
519119001,2,0,15,0,22,0,0,0,0,0
519119001,3,0,20,0,22,0,0,0,0,0
519119001,4,0,10,0,22,0,0,0,0,0
519119001,5,0,20,0,22,0,0,0,0,0
519119001,6,0,25,0,22,0,0,0,0,0
519119101,1,0,10,0,22,0,0,0,0,0
519119101,2,0,15,0,22,0,0,0,0,0
519119101,3,0,20,0,22,0,0,0,0,0
519119101,4,0,10,0,22,0,0,0,0,0
519119101,5,0,20,0,22,0,0,0,0,0
519119101,6,0,25,0,22,0,0,0,0,0
519119201,1,0,10,0,22,0,0,0,0,0
519119201,2,0,15,0,22,0,0,0,0,0
519119201,3,0,20,0,22,0,0,0,0,0
519119201,4,0,10,0,22,0,0,0,0,0
519119201,5,0,20,0,22,0,0,0,0,0
519119201,6,0,25,0,22,0,0,0,0,0
519119301,1,0,10,0,22,0,0,0,0,0
519119301,2,0,15,0,22,0,0,0,0,0
519119301,3,0,20,0,22,0,0,0,0,0
519119301,4,0,10,0,22,0,0,0,0,0
519119301,5,0,20,0,22,0,0,0,0,0
519119301,6,0,25,0,22,0,0,0,0,0
519119401,1,0,10,0,22,0,0,0,0,0
519119401,2,0,15,0,22,0,0,0,0,0
519119401,3,0,20,0,22,0,0,0,0,0
519119401,4,0,10,0,22,0,0,0,0,0
519119401,5,0,20,0,22,0,0,0,0,0
519119401,6,0,25,0,22,0,0,0,0,0
519119501,1,0,10,0,22,0,0,0,0,0
519119501,2,0,15,0,22,0,0,0,0,0
519119501,3,0,20,0,22,0,0,0,0,0
519119501,4,0,10,0,22,0,0,0,0,0
519119501,5,0,20,0,22,0,0,0,0,0
519119501,6,0,25,0,22,0,0,0,0,0
519119601,1,0,10,0,108,0,0,0,0,0
519119601,2,0,15,0,108,0,0,0,0,0
519119601,3,0,20,0,108,0,0,0,0,0
519119601,4,0,10,0,108,0,0,0,0,0
519119601,5,0,20,0,108,0,0,0,0,0
519119601,6,0,25,0,108,0,0,0,0,0
519119701,1,0,10,0,22,0,0,0,0,0
519119701,2,0,15,0,22,0,0,0,0,0
519119701,3,0,20,0,22,0,0,0,0,0
519119701,4,0,10,0,22,0,0,0,0,0
519119701,5,0,20,0,22,0,0,0,0,0
519119701,6,0,25,0,22,0,0,0,0,0
519119801,1,0,10,0,108,0,0,0,0,0
519119801,2,0,15,0,108,0,0,0,0,0
519119801,3,0,20,0,108,0,0,0,0,0
519119801,4,0,10,0,108,0,0,0,0,0
519119801,5,0,20,0,108,0,0,0,0,0
519119801,6,0,25,0,108,0,0,0,0,0
519119901,1,0,10,0,22,0,0,0,0,0
519119901,2,0,15,0,22,0,0,0,0,0
519119901,3,0,20,0,22,0,0,0,0,0
519119901,4,0,10,0,22,0,0,0,0,0
519119901,5,0,20,0,22,0,0,0,0,0
519119901,6,0,25,0,22,0,0,0,0,0
519120001,1,0,10,0,108,0,0,0,0,0
519120001,2,0,15,0,108,0,0,0,0,0
519120001,3,0,20,0,108,0,0,0,0,0
519120001,4,0,10,0,108,0,0,0,0,0
519120001,5,0,20,0,108,0,0,0,0,0
519120001,6,0,25,0,108,0,0,0,0,0
519120101,1,0,10,0,22,0,0,0,0,0
519120101,2,0,15,0,22,0,0,0,0,0
519120101,3,0,20,0,22,0,0,0,0,0
519120101,4,0,10,0,22,0,0,0,0,0
519120101,5,0,20,0,22,0,0,0,0,0
519120101,6,0,25,0,22,0,0,0,0,0
519120201,1,0,10,0,22,0,0,0,0,0
519120201,2,0,15,0,22,0,0,0,0,0
519120201,3,0,20,0,22,0,0,0,0,0
519120201,4,0,10,0,22,0,0,0,0,0
519120201,5,0,20,0,22,0,0,0,0,0
519120201,6,0,25,0,22,0,0,0,0,0
519120301,1,0,10,0,22,0,0,0,0,0
519120301,2,0,15,0,22,0,0,0,0,0
519120301,3,0,20,0,22,0,0,0,0,0
519120301,4,0,10,0,22,0,0,0,0,0
519120301,5,0,20,0,22,0,0,0,0,0
519120301,6,0,25,0,22,0,0,0,0,0
519120401,1,0,10,0,22,0,0,0,0,0
519120401,2,0,15,0,22,0,0,0,0,0
519120401,3,0,20,0,22,0,0,0,0,0
519120401,4,0,10,0,22,0,0,0,0,0
519120401,5,0,20,0,22,0,0,0,0,0
519120401,6,0,25,0,22,0,0,0,0,0
519120501,1,0,10,0,22,0,0,0,0,0
519120501,2,0,15,0,22,0,0,0,0,0
519120501,3,0,20,0,22,0,0,0,0,0
519120501,4,0,10,0,22,0,0,0,0,0
519120501,5,0,20,0,22,0,0,0,0,0
519120501,6,0,25,0,22,0,0,0,0,0
519120601,1,0,10,0,22,0,0,0,0,0
519120601,2,0,15,0,22,0,0,0,0,0
519120601,3,0,20,0,22,0,0,0,0,0
519120601,4,0,10,0,22,0,0,0,0,0
519120601,5,0,20,0,22,0,0,0,0,0
519120601,6,0,25,0,22,0,0,0,0,0
519120701,1,0,10,0,22,0,0,0,0,0
519120701,2,0,15,0,22,0,0,0,0,0
519120701,3,0,20,0,22,0,0,0,0,0
519120701,4,0,10,0,22,0,0,0,0,0
519120701,5,0,20,0,22,0,0,0,0,0
519120701,6,0,25,0,22,0,0,0,0,0
519120801,1,0,10,0,22,0,0,0,0,0
519120801,2,0,15,0,22,0,0,0,0,0
519120801,3,0,20,0,22,0,0,0,0,0
519120801,4,0,10,0,22,0,0,0,0,0
519120801,5,0,20,0,22,0,0,0,0,0
519120801,6,0,25,0,22,0,0,0,0,0
519120901,1,0,10,0,22,0,0,0,0,0
519120901,2,0,15,0,22,0,0,0,0,0
519120901,3,0,20,0,22,0,0,0,0,0
519120901,4,0,10,0,22,0,0,0,0,0
519120901,5,0,20,0,22,0,0,0,0,0
519120901,6,0,25,0,22,0,0,0,0,0
519121001,1,0,10,0,22,0,0,0,0,0
519121001,2,0,15,0,22,0,0,0,0,0
519121001,3,0,20,0,22,0,0,0,0,0
519121001,4,0,10,0,22,0,0,0,0,0
519121001,5,0,20,0,22,0,0,0,0,0
519121001,6,0,25,0,22,0,0,0,0,0
519121101,1,0,10,0,22,0,0,0,0,0
519121101,2,0,15,0,22,0,0,0,0,0
519121101,3,0,20,0,22,0,0,0,0,0
519121101,4,0,10,0,22,0,0,0,0,0
519121101,5,0,20,0,22,0,0,0,0,0
519121101,6,0,25,0,22,0,0,0,0,0
519121201,1,0,10,0,22,0,0,0,0,0
519121201,2,0,15,0,22,0,0,0,0,0
519121201,3,0,20,0,22,0,0,0,0,0
519121201,4,0,10,0,22,0,0,0,0,0
519121201,5,0,20,0,22,0,0,0,0,0
519121201,6,0,25,0,22,0,0,0,0,0
519121301,1,0,10,0,22,0,0,0,0,0
519121301,2,0,15,0,22,0,0,0,0,0
519121301,3,0,20,0,22,0,0,0,0,0
519121301,4,0,10,0,22,0,0,0,0,0
519121301,5,0,20,0,22,0,0,0,0,0
519121301,6,0,25,0,22,0,0,0,0,0
519121401,1,0,10,0,22,0,0,0,0,0
519121401,2,0,15,0,22,0,0,0,0,0
519121401,3,0,20,0,22,0,0,0,0,0
519121401,4,0,10,0,22,0,0,0,0,0
519121401,5,0,20,0,22,0,0,0,0,0
519121401,6,0,25,0,22,0,0,0,0,0
519121501,1,0,10,0,22,0,0,0,0,0
519121501,2,0,15,0,22,0,0,0,0,0
519121501,3,0,20,0,22,0,0,0,0,0
519121501,4,0,10,0,22,0,0,0,0,0
519121501,5,0,20,0,22,0,0,0,0,0
519121501,6,0,25,0,22,0,0,0,0,0
519121601,1,0,10,0,22,0,0,0,0,0
519121601,2,0,15,0,22,0,0,0,0,0
519121601,3,0,20,0,22,0,0,0,0,0
519121601,4,0,10,0,22,0,0,0,0,0
519121601,5,0,20,0,22,0,0,0,0,0
519121601,6,0,25,0,22,0,0,0,0,0
519121701,1,0,10,0,22,0,0,0,0,0
519121701,2,0,15,0,22,0,0,0,0,0
519121701,3,0,20,0,22,0,0,0,0,0
519121701,4,0,10,0,22,0,0,0,0,0
519121701,5,0,20,0,22,0,0,0,0,0
519121701,6,0,25,0,22,0,0,0,0,0
519121801,1,0,10,0,22,0,0,0,0,0
519121801,2,0,15,0,22,0,0,0,0,0
519121801,3,0,20,0,22,0,0,0,0,0
519121801,4,0,10,0,22,0,0,0,0,0
519121801,5,0,20,0,22,0,0,0,0,0
519121801,6,0,25,0,22,0,0,0,0,0
519121901,1,0,10,0,22,0,0,0,0,0
519121901,2,0,15,0,22,0,0,0,0,0
519121901,3,0,20,0,22,0,0,0,0,0
519121901,4,0,10,0,22,0,0,0,0,0
519121901,5,0,20,0,22,0,0,0,0,0
519121901,6,0,25,0,22,0,0,0,0,0
519122001,1,0,10,0,22,0,0,0,0,0
519122001,2,0,15,0,22,0,0,0,0,0
519122001,3,0,20,0,22,0,0,0,0,0
519122001,4,0,10,0,22,0,0,0,0,0
519122001,5,0,20,0,22,0,0,0,0,0
519122001,6,0,25,0,22,0,0,0,0,0
519122101,1,0,10,0,22,0,0,0,0,0
519122101,2,0,15,0,22,0,0,0,0,0
519122101,3,0,20,0,22,0,0,0,0,0
519122101,4,0,10,0,22,0,0,0,0,0
519122101,5,0,20,0,22,0,0,0,0,0
519122101,6,0,25,0,22,0,0,0,0,0
519122201,1,0,10,0,22,0,0,0,0,0
519122201,2,0,15,0,22,0,0,0,0,0
519122201,3,0,20,0,22,0,0,0,0,0
519122201,4,0,10,0,22,0,0,0,0,0
519122201,5,0,20,0,22,0,0,0,0,0
519122201,6,0,25,0,22,0,0,0,0,0
519122301,1,0,10,0,22,0,0,0,0,0
519122301,2,0,15,0,22,0,0,0,0,0
519122301,3,0,20,0,22,0,0,0,0,0
519122301,4,0,10,0,22,0,0,0,0,0
519122301,5,0,20,0,22,0,0,0,0,0
519122301,6,0,25,0,22,0,0,0,0,0
519122401,1,0,10,0,22,0,0,0,0,0
519122401,2,0,15,0,22,0,0,0,0,0
519122401,3,0,20,0,22,0,0,0,0,0
519122401,4,0,10,0,22,0,0,0,0,0
519122401,5,0,20,0,22,0,0,0,0,0
519122401,6,0,25,0,22,0,0,0,0,0
519122501,1,0,10,0,22,0,0,0,0,0
519122501,2,0,15,0,22,0,0,0,0,0
519122501,3,0,20,0,22,0,0,0,0,0
519122501,4,0,10,0,22,0,0,0,0,0
519122501,5,0,20,0,22,0,0,0,0,0
519122501,6,0,25,0,22,0,0,0,0,0
519122601,1,0,10,0,22,0,0,0,0,0
519122601,2,0,15,0,22,0,0,0,0,0
519122601,3,0,20,0,22,0,0,0,0,0
519122601,4,0,10,0,22,0,0,0,0,0
519122601,5,0,20,0,22,0,0,0,0,0
519122601,6,0,25,0,22,0,0,0,0,0
519122701,1,0,10,0,22,0,0,0,0,0
519122701,2,0,15,0,22,0,0,0,0,0
519122701,3,0,20,0,22,0,0,0,0,0
519122701,4,0,10,0,22,0,0,0,0,0
519122701,5,0,20,0,22,0,0,0,0,0
519122701,6,0,25,0,22,0,0,0,0,0
519122801,1,0,10,0,22,0,0,0,0,0
519122801,2,0,15,0,22,0,0,0,0,0
519122801,3,0,20,0,22,0,0,0,0,0
519122801,4,0,10,0,22,0,0,0,0,0
519122801,5,0,20,0,22,0,0,0,0,0
519122801,6,0,25,0,22,0,0,0,0,0
519122901,1,0,10,0,22,0,0,0,0,0
519122901,2,0,15,0,22,0,0,0,0,0
519122901,3,0,20,0,22,0,0,0,0,0
519122901,4,0,10,0,22,0,0,0,0,0
519122901,5,0,20,0,22,0,0,0,0,0
519122901,6,0,25,0,22,0,0,0,0,0
519123001,1,0,10,0,22,0,0,0,0,0
519123001,2,0,15,0,22,0,0,0,0,0
519123001,3,0,20,0,22,0,0,0,0,0
519123001,4,0,10,0,22,0,0,0,0,0
519123001,5,0,20,0,22,0,0,0,0,0
519123001,6,0,25,0,22,0,0,0,0,0
519123101,1,0,10,0,22,0,0,0,0,0
519123101,2,0,15,0,22,0,0,0,0,0
519123101,3,0,20,0,22,0,0,0,0,0
519123101,4,0,10,0,22,0,0,0,0,0
519123101,5,0,20,0,22,0,0,0,0,0
519123101,6,0,25,0,22,0,0,0,0,0
519123201,1,0,10,0,22,0,0,0,0,0
519123201,2,0,15,0,22,0,0,0,0,0
519123201,3,0,20,0,22,0,0,0,0,0
519123201,4,0,10,0,22,0,0,0,0,0
519123201,5,0,20,0,22,0,0,0,0,0
519123201,6,0,25,0,22,0,0,0,0,0
519123301,1,0,10,0,22,0,0,0,0,0
519123301,2,0,15,0,22,0,0,0,0,0
519123301,3,0,20,0,22,0,0,0,0,0
519123301,4,0,10,0,22,0,0,0,0,0
519123301,5,0,20,0,22,0,0,0,0,0
519123301,6,0,25,0,22,0,0,0,0,0
519123401,1,0,10,0,22,0,0,0,0,0
519123401,2,0,15,0,22,0,0,0,0,0
519123401,3,0,20,0,22,0,0,0,0,0
519123401,4,0,10,0,22,0,0,0,0,0
519123401,5,0,20,0,22,0,0,0,0,0
519123401,6,0,25,0,22,0,0,0,0,0
519123501,1,0,10,0,22,0,0,0,0,0
519123501,2,0,15,0,22,0,0,0,0,0
519123501,3,0,20,0,22,0,0,0,0,0
519123501,4,0,10,0,22,0,0,0,0,0
519123501,5,0,20,0,22,0,0,0,0,0
519123501,6,0,25,0,22,0,0,0,0,0
519123601,1,0,10,0,22,0,0,0,0,0
519123601,2,0,15,0,22,0,0,0,0,0
519123601,3,0,20,0,22,0,0,0,0,0
519123601,4,0,10,0,22,0,0,0,0,0
519123601,5,0,20,0,22,0,0,0,0,0
519123601,6,0,25,0,22,0,0,0,0,0
519123701,1,0,10,0,22,0,0,0,0,0
519123701,2,0,15,0,22,0,0,0,0,0
519123701,3,0,20,0,22,0,0,0,0,0
519123701,4,0,10,0,22,0,0,0,0,0
519123701,5,0,20,0,22,0,0,0,0,0
519123701,6,0,25,0,22,0,0,0,0,0
519123801,1,0,10,0,22,0,0,0,0,0
519123801,2,0,15,0,22,0,0,0,0,0
519123801,3,0,20,0,22,0,0,0,0,0
519123801,4,0,10,0,22,0,0,0,0,0
519123801,5,0,20,0,22,0,0,0,0,0
519123801,6,0,25,0,22,0,0,0,0,0
519123901,1,0,10,0,22,0,0,0,0,0
519123901,2,0,15,0,22,0,0,0,0,0
519123901,3,0,20,0,22,0,0,0,0,0
519123901,4,0,10,0,22,0,0,0,0,0
519123901,5,0,20,0,22,0,0,0,0,0
519123901,6,0,25,0,22,0,0,0,0,0
519124001,1,0,10,0,22,0,0,0,0,0
519124001,2,0,15,0,22,0,0,0,0,0
519124001,3,0,20,0,22,0,0,0,0,0
519124001,4,0,10,0,22,0,0,0,0,0
519124001,5,0,20,0,22,0,0,0,0,0
519124001,6,0,25,0,22,0,0,0,0,0
519124101,1,0,10,0,22,0,0,0,0,0
519124101,2,0,15,0,22,0,0,0,0,0
519124101,3,0,20,0,22,0,0,0,0,0
519124101,4,0,10,0,22,0,0,0,0,0
519124101,5,0,20,0,22,0,0,0,0,0
519124101,6,0,25,0,22,0,0,0,0,0
519124201,1,0,10,0,22,0,0,0,0,0
519124201,2,0,15,0,22,0,0,0,0,0
519124201,3,0,20,0,22,0,0,0,0,0
519124201,4,0,10,0,22,0,0,0,0,0
519124201,5,0,20,0,22,0,0,0,0,0
519124201,6,0,25,0,22,0,0,0,0,0
519124301,1,0,10,0,22,0,0,0,0,0
519124301,2,0,15,0,22,0,0,0,0,0
519124301,3,0,20,0,22,0,0,0,0,0
519124301,4,0,10,0,22,0,0,0,0,0
519124301,5,0,20,0,22,0,0,0,0,0
519124301,6,0,25,0,22,0,0,0,0,0
519124401,1,0,10,0,22,0,0,0,0,0
519124401,2,0,15,0,22,0,0,0,0,0
519124401,3,0,20,0,22,0,0,0,0,0
519124401,4,0,10,0,22,0,0,0,0,0
519124401,5,0,20,0,22,0,0,0,0,0
519124401,6,0,25,0,22,0,0,0,0,0
519124501,1,0,10,0,22,0,0,0,0,0
519124501,2,0,15,0,22,0,0,0,0,0
519124501,3,0,20,0,22,0,0,0,0,0
519124501,4,0,10,0,22,0,0,0,0,0
519124501,5,0,20,0,22,0,0,0,0,0
519124501,6,0,25,0,22,0,0,0,0,0
519124601,1,0,10,0,22,0,0,0,0,0
519124601,2,0,15,0,22,0,0,0,0,0
519124601,3,0,20,0,22,0,0,0,0,0
519124601,4,0,10,0,22,0,0,0,0,0
519124601,5,0,20,0,22,0,0,0,0,0
519124601,6,0,25,0,22,0,0,0,0,0
519124701,1,0,10,0,22,0,0,0,0,0
519124701,2,0,15,0,22,0,0,0,0,0
519124701,3,0,20,0,22,0,0,0,0,0
519124701,4,0,10,0,22,0,0,0,0,0
519124701,5,0,20,0,22,0,0,0,0,0
519124701,6,0,25,0,22,0,0,0,0,0
519124801,1,0,10,0,22,0,0,0,0,0
519124801,2,0,15,0,22,0,0,0,0,0
519124801,3,0,20,0,22,0,0,0,0,0
519124801,4,0,10,0,22,0,0,0,0,0
519124801,5,0,20,0,22,0,0,0,0,0
519124801,6,0,25,0,22,0,0,0,0,0
519124901,1,0,10,0,22,0,0,0,0,0
519124901,2,0,15,0,22,0,0,0,0,0
519124901,3,0,20,0,22,0,0,0,0,0
519124901,4,0,10,0,22,0,0,0,0,0
519124901,5,0,20,0,22,0,0,0,0,0
519124901,6,0,25,0,22,0,0,0,0,0
519125001,1,0,10,0,22,0,0,0,0,0
519125001,2,0,15,0,22,0,0,0,0,0
519125001,3,0,20,0,22,0,0,0,0,0
519125001,4,0,10,0,22,0,0,0,0,0
519125001,5,0,20,0,22,0,0,0,0,0
519125001,6,0,25,0,22,0,0,0,0,0
519125101,1,0,10,0,22,0,0,0,0,0
519125101,2,0,15,0,22,0,0,0,0,0
519125101,3,0,20,0,22,0,0,0,0,0
519125101,4,0,10,0,22,0,0,0,0,0
519125101,5,0,20,0,22,0,0,0,0,0
519125101,6,0,25,0,22,0,0,0,0,0
519125201,1,0,10,0,22,0,0,0,0,0
519125201,2,0,15,0,22,0,0,0,0,0
519125201,3,0,20,0,22,0,0,0,0,0
519125201,4,0,10,0,22,0,0,0,0,0
519125201,5,0,20,0,22,0,0,0,0,0
519125201,6,0,25,0,22,0,0,0,0,0
519125301,1,0,10,0,22,0,0,0,0,0
519125301,2,0,15,0,22,0,0,0,0,0
519125301,3,0,20,0,22,0,0,0,0,0
519125301,4,0,10,0,22,0,0,0,0,0
519125301,5,0,20,0,22,0,0,0,0,0
519125301,6,0,25,0,22,0,0,0,0,0
519125401,1,0,10,0,22,0,0,0,0,0
519125401,2,0,15,0,22,0,0,0,0,0
519125401,3,0,20,0,22,0,0,0,0,0
519125401,4,0,10,0,22,0,0,0,0,0
519125401,5,0,20,0,22,0,0,0,0,0
519125401,6,0,25,0,22,0,0,0,0,0
519125501,1,0,10,0,22,0,0,0,0,0
519125501,2,0,15,0,22,0,0,0,0,0
519125501,3,0,20,0,22,0,0,0,0,0
519125501,4,0,10,0,22,0,0,0,0,0
519125501,5,0,20,0,22,0,0,0,0,0
519125501,6,0,25,0,22,0,0,0,0,0
519125601,1,0,10,0,22,0,0,0,0,0
519125601,2,0,15,0,22,0,0,0,0,0
519125601,3,0,20,0,22,0,0,0,0,0
519125601,4,0,10,0,22,0,0,0,0,0
519125601,5,0,20,0,22,0,0,0,0,0
519125601,6,0,25,0,22,0,0,0,0,0
519125701,1,0,10,0,22,0,0,0,0,0
519125701,2,0,15,0,22,0,0,0,0,0
519125701,3,0,20,0,22,0,0,0,0,0
519125701,4,0,10,0,22,0,0,0,0,0
519125701,5,0,20,0,22,0,0,0,0,0
519125701,6,0,25,0,22,0,0,0,0,0
519125801,1,0,10,0,22,0,0,0,0,0
519125801,2,0,15,0,22,0,0,0,0,0
519125801,3,0,20,0,22,0,0,0,0,0
519125801,4,0,10,0,22,0,0,0,0,0
519125801,5,0,20,0,22,0,0,0,0,0
519125801,6,0,25,0,22,0,0,0,0,0
519125901,1,0,10,0,22,0,0,0,0,0
519125901,2,0,15,0,22,0,0,0,0,0
519125901,3,0,20,0,22,0,0,0,0,0
519125901,4,0,10,0,22,0,0,0,0,0
519125901,5,0,20,0,22,0,0,0,0,0
519125901,6,0,25,0,22,0,0,0,0,0
519126001,1,0,10,0,22,0,0,0,0,0
519126001,2,0,15,0,22,0,0,0,0,0
519126001,3,0,20,0,22,0,0,0,0,0
519126001,4,0,10,0,22,0,0,0,0,0
519126001,5,0,20,0,22,0,0,0,0,0
519126001,6,0,25,0,22,0,0,0,0,0
519126101,1,0,10,0,22,0,0,0,0,0
519126101,2,0,15,0,22,0,0,0,0,0
519126101,3,0,20,0,22,0,0,0,0,0
519126101,4,0,10,0,22,0,0,0,0,0
519126101,5,0,20,0,22,0,0,0,0,0
519126101,6,0,25,0,22,0,0,0,0,0
519126201,1,0,10,0,22,0,0,0,0,0
519126201,2,0,15,0,22,0,0,0,0,0
519126201,3,0,20,0,22,0,0,0,0,0
519126201,4,0,10,0,22,0,0,0,0,0
519126201,5,0,20,0,22,0,0,0,0,0
519126201,6,0,25,0,22,0,0,0,0,0
519126301,1,0,10,0,22,0,0,0,0,0
519126301,2,0,15,0,22,0,0,0,0,0
519126301,3,0,20,0,22,0,0,0,0,0
519126301,4,0,10,0,22,0,0,0,0,0
519126301,5,0,20,0,22,0,0,0,0,0
519126301,6,0,25,0,22,0,0,0,0,0
519126401,1,0,10,0,22,0,0,0,0,0
519126401,2,0,15,0,22,0,0,0,0,0
519126401,3,0,20,0,22,0,0,0,0,0
519126401,4,0,10,0,22,0,0,0,0,0
519126401,5,0,20,0,22,0,0,0,0,0
519126401,6,0,25,0,22,0,0,0,0,0
519126501,1,0,10,0,22,0,0,0,0,0
519126501,2,0,15,0,22,0,0,0,0,0
519126501,3,0,20,0,22,0,0,0,0,0
519126501,4,0,10,0,22,0,0,0,0,0
519126501,5,0,20,0,22,0,0,0,0,0
519126501,6,0,25,0,22,0,0,0,0,0
519126601,1,0,10,0,22,0,0,0,0,0
519126601,2,0,15,0,22,0,0,0,0,0
519126601,3,0,20,0,22,0,0,0,0,0
519126601,4,0,10,0,22,0,0,0,0,0
519126601,5,0,20,0,22,0,0,0,0,0
519126601,6,0,25,0,22,0,0,0,0,0
519126701,1,0,10,0,22,0,0,0,0,0
519126701,2,0,15,0,22,0,0,0,0,0
519126701,3,0,20,0,22,0,0,0,0,0
519126701,4,0,10,0,22,0,0,0,0,0
519126701,5,0,20,0,22,0,0,0,0,0
519126701,6,0,25,0,22,0,0,0,0,0
519126801,1,0,10,0,22,0,0,0,0,0
519126801,2,0,15,0,22,0,0,0,0,0
519126801,3,0,20,0,22,0,0,0,0,0
519126801,4,0,10,0,22,0,0,0,0,0
519126801,5,0,20,0,22,0,0,0,0,0
519126801,6,0,25,0,22,0,0,0,0,0
519126901,1,0,10,0,22,0,0,0,0,0
519126901,2,0,15,0,22,0,0,0,0,0
519126901,3,0,20,0,22,0,0,0,0,0
519126901,4,0,10,0,22,0,0,0,0,0
519126901,5,0,20,0,22,0,0,0,0,0
519126901,6,0,25,0,22,0,0,0,0,0
519127001,1,0,10,0,22,0,0,0,0,0
519127001,2,0,15,0,22,0,0,0,0,0
519127001,3,0,20,0,22,0,0,0,0,0
519127001,4,0,10,0,22,0,0,0,0,0
519127001,5,0,20,0,22,0,0,0,0,0
519127001,6,0,25,0,22,0,0,0,0,0
519127101,1,0,10,0,22,0,0,0,0,0
519127101,2,0,15,0,22,0,0,0,0,0
519127101,3,0,20,0,22,0,0,0,0,0
519127101,4,0,10,0,22,0,0,0,0,0
519127101,5,0,20,0,22,0,0,0,0,0
519127101,6,0,25,0,22,0,0,0,0,0
519127201,1,0,10,0,22,0,0,0,0,0
519127201,2,0,15,0,22,0,0,0,0,0
519127201,3,0,20,0,22,0,0,0,0,0
519127201,4,0,10,0,22,0,0,0,0,0
519127201,5,0,20,0,22,0,0,0,0,0
519127201,6,0,25,0,22,0,0,0,0,0
519127301,1,0,10,0,22,0,0,0,0,0
519127301,2,0,15,0,22,0,0,0,0,0
519127301,3,0,20,0,22,0,0,0,0,0
519127301,4,0,10,0,22,0,0,0,0,0
519127301,5,0,20,0,22,0,0,0,0,0
519127301,6,0,25,0,22,0,0,0,0,0
519127401,1,0,10,0,22,0,0,0,0,0
519127401,2,0,15,0,22,0,0,0,0,0
519127401,3,0,20,0,22,0,0,0,0,0
519127401,4,0,10,0,22,0,0,0,0,0
519127401,5,0,20,0,22,0,0,0,0,0
519127401,6,0,25,0,22,0,0,0,0,0
519127501,1,0,10,0,22,0,0,0,0,0
519127501,2,0,15,0,22,0,0,0,0,0
519127501,3,0,20,0,22,0,0,0,0,0
519127501,4,0,10,0,22,0,0,0,0,0
519127501,5,0,20,0,22,0,0,0,0,0
519127501,6,0,25,0,22,0,0,0,0,0
519127601,1,0,10,0,22,0,0,0,0,0
519127601,2,0,15,0,22,0,0,0,0,0
519127601,3,0,20,0,22,0,0,0,0,0
519127601,4,0,10,0,22,0,0,0,0,0
519127601,5,0,20,0,22,0,0,0,0,0
519127601,6,0,25,0,22,0,0,0,0,0
519127701,1,0,10,0,22,0,0,0,0,0
519127701,2,0,15,0,22,0,0,0,0,0
519127701,3,0,20,0,22,0,0,0,0,0
519127701,4,0,10,0,22,0,0,0,0,0
519127701,5,0,20,0,22,0,0,0,0,0
519127701,6,0,25,0,22,0,0,0,0,0
519127801,1,0,10,0,22,0,0,0,0,0
519127801,2,0,15,0,22,0,0,0,0,0
519127801,3,0,20,0,22,0,0,0,0,0
519127801,4,0,10,0,22,0,0,0,0,0
519127801,5,0,20,0,22,0,0,0,0,0
519127801,6,0,25,0,22,0,0,0,0,0
519127901,1,0,10,0,22,0,0,0,0,0
519127901,2,0,15,0,22,0,0,0,0,0
519127901,3,0,20,0,22,0,0,0,0,0
519127901,4,0,10,0,22,0,0,0,0,0
519127901,5,0,20,0,22,0,0,0,0,0
519127901,6,0,25,0,22,0,0,0,0,0
519300101,1,0,100,1,21,0,0,0,0,0
519300201,1,0,34,0,22,0,0,0,0,200083
519300201,2,0,33,0,22,0,0,0,0,200083
519300201,3,0,33,0,22,0,0,0,0,200083
519300202,1,0,34,0,22,0,0,0,0,200083
519300202,2,0,33,0,22,0,0,0,0,200083
519300202,3,0,33,0,22,0,0,0,0,200083
519300203,1,0,34,0,22,0,0,0,0,200083
519300203,2,0,33,0,22,0,0,0,0,200083
519300203,3,0,33,0,22,0,0,0,0,200083
519300301,1,0,100,0,22,0,0,0,0,200083
519300401,1,0,100,0,22,0,0,0,0,200083
519300501,1,0,100,1,22,0,0,0,0,200083
519300601,1,0,100,1,22,0,0,0,0,200083
519300701,1,0,100,1,22,0,0,0,0,200083
519300801,1,0,100,0,22,0,0,0,0,200084
519300802,1,0,100,1,22,10405,0,0,0,200084
519300901,1,0,100,0,22,0,0,0,0,200084
519300902,1,0,100,1,22,10405,0,0,0,200084
519301001,1,0,100,0,22,0,0,0,0,200084
519301002,1,0,100,1,22,10405,0,0,0,200084
519301101,1,0,100,1,22,0,0,0,0,200084
519301201,1,0,100,0,22,0,0,0,0,100033
519301202,1,0,100,0,22,0,0,0,0,100033
519301203,1,0,100,0,22,10402,0,0,0,100033
519301301,1,0,100,0,22,0,0,0,0,100033
519301302,1,0,100,0,22,0,0,0,0,100033
519301303,1,0,100,0,22,10402,0,0,0,100033
519301401,1,0,100,0,22,0,0,0,0,100033
519301402,1,0,100,0,22,0,0,0,0,100033
519301403,1,0,100,0,22,10402,0,0,0,100033
519301501,1,0,100,0,20,0,0,0,0,100042
519301502,1,0,100,0,20,0,0,0,0,100042
519301503,1,0,985,0,20,10402,0,0,0,100042
519301503,2,0,15,0,20,10402,0,0,0,100042
519301601,1,0,100,0,21,0,0,0,0,100042
519301602,1,0,100,0,21,0,0,0,0,100042
519301603,1,0,95,0,21,10402,0,0,0,100042
519301603,2,0,5,0,21,10402,0,0,0,100042
519301701,1,0,100,0,21,0,0,0,0,100042
519301702,1,0,100,0,21,0,0,0,0,100042
519301703,1,0,90,0,21,10402,0,0,0,100042
519301703,2,0,10,0,22,10402,0,0,0,100042
519301801,1,0,100,0,20,0,0,0,0,100053
519301802,1,0,100,0,20,0,0,0,0,100053
519301803,1,0,100,0,20,10402,0,0,0,100053
519301901,1,0,100,0,20,0,0,0,0,100053
519301902,1,0,100,0,21,0,0,0,0,100053
519301903,1,0,100,0,21,10402,0,0,0,100053
519302001,1,0,100,0,20,0,0,0,0,100053
519302002,1,0,100,0,21,0,0,0,0,100053
519302003,1,0,100,0,21,10402,0,0,0,100053
519302101,1,0,100,0,21,0,0,0,0,100053
519302102,1,0,100,0,21,0,0,0,0,100053
519302103,1,0,100,0,22,10402,0,0,0,100053
519302201,1,0,100,0,20,0,0,0,0,100062
519302202,1,0,100,0,20,0,0,0,0,100062
519302203,1,0,100,0,20,10402,0,0,0,100062
519302301,1,0,100,0,20,0,0,0,0,100062
519302302,1,0,100,0,21,0,0,0,0,100062
519302303,1,0,100,0,21,10402,0,0,0,100062
519302401,1,0,100,0,21,0,0,0,0,100062
519302402,1,0,100,0,21,0,0,0,0,100062
519302403,1,0,100,0,22,10402,0,0,0,100062
519302501,1,0,100,0,21,0,0,0,0,100062
519302502,1,0,100,0,21,0,0,0,0,100062
519302503,1,0,100,0,22,10402,0,0,0,100062
519302601,1,0,100,0,22,0,0,0,0,100072
519302701,1,0,100,0,22,0,0,0,0,100072
519302801,1,0,100,0,22,0,0,0,0,100072
519302901,1,0,100,0,22,0,0,0,0,100072
519303001,1,0,100,0,20,0,0,0,0,100082
519303002,1,0,100,0,21,0,0,0,0,100082
519303003,1,0,100,0,22,10402,0,0,0,100082
519303101,1,0,100,0,20,0,0,0,0,100082
519303102,1,0,100,0,21,0,0,0,0,100082
519303103,1,0,100,0,22,10402,0,0,0,100082
519303201,1,0,100,0,20,0,0,0,0,100082
519303202,1,0,100,0,21,0,0,0,0,100082
519303203,1,0,100,0,22,10402,0,0,0,100082
519303301,1,0,100,0,20,0,0,0,0,100082
519303302,1,0,100,0,21,0,0,0,0,100082
519303303,1,0,100,0,22,10402,0,0,0,100082
519303401,1,0,100,0,22,0,0,0,0,100092
519303501,1,0,100,0,22,0,0,0,0,100092
519303601,1,0,100,0,22,0,0,0,0,100092
519303701,1,0,100,0,22,0,0,0,0,100092
519303801,1,0,100,0,21,0,0,0,0,100102
519303802,1,0,100,0,22,10402,0,0,0,100102
519303901,1,0,100,0,21,0,0,0,0,100102
519303902,1,0,100,0,22,10402,0,0,0,100102
519304001,1,0,100,0,21,0,0,0,0,100102
519304002,1,0,100,0,22,10402,0,0,0,100102
519304101,1,0,100,0,21,0,0,0,0,100102
519304102,1,0,100,0,22,10402,0,0,0,100102
519304201,1,0,100,0,22,0,0,0,0,100112
519304301,1,0,100,0,22,0,0,0,0,100112
519304401,1,0,100,0,102,0,0,0,0,100112
519304501,1,0,100,0,22,0,0,0,0,100112
519304601,1,0,100,0,102,0,0,0,0,100112
519304701,1,0,100,0,20,0,0,0,0,100132
519304702,1,0,100,0,21,0,0,0,0,100132
519304703,1,0,100,0,22,10402,0,0,0,100132
519304801,1,0,100,0,20,0,0,0,0,100132
519304802,1,0,100,0,21,0,0,0,0,100132
519304803,1,0,100,0,21,10402,0,0,0,100132
519304901,1,0,100,0,20,0,0,0,0,100132
519304902,1,0,100,0,21,0,0,0,0,100132
519304903,1,0,100,0,22,10402,0,0,0,100132
519305001,1,0,100,0,20,0,0,0,0,100132
519305002,1,0,100,0,21,0,0,0,0,100132
519305003,1,0,100,0,22,10402,0,0,0,100132
519305101,1,0,100,0,20,0,0,0,0,100152
519305102,1,0,100,0,21,0,0,0,0,100152
519305103,1,0,100,0,22,10402,33,0,0,100152
519305201,1,0,100,0,20,0,0,0,0,100152
519305202,1,0,100,0,21,0,0,0,0,100152
519305203,1,0,100,0,22,10402,33,0,0,100152
519305301,1,0,100,0,20,0,0,0,0,100152
519305302,1,0,100,0,21,0,0,0,0,100152
519305303,1,0,100,0,22,10402,33,0,0,100152
519305401,1,0,100,0,20,0,0,0,0,100152
519305402,1,0,100,0,21,0,0,0,0,100152
519305403,1,0,100,0,22,10402,33,0,0,100152
519305501,1,0,100,0,108,0,0,0,0,100172
519305502,1,0,100,0,108,10402,33,0,0,100172
519305601,1,0,100,0,108,0,0,0,0,100172
519305602,1,0,100,0,108,10402,33,0,0,100172
519305701,1,0,100,0,108,0,0,0,0,100172
519305702,1,0,100,0,108,10402,33,0,0,100172
519305801,1,0,100,0,108,0,0,0,0,100172
519305802,1,0,100,0,108,10402,33,0,0,100172
519305901,1,0,100,0,20,0,0,0,0,100192
519305902,1,0,100,0,21,0,0,0,0,100192
519305903,1,0,100,0,22,10402,0,0,0,100192
519306001,1,0,100,0,20,0,0,0,0,100192
519306002,1,0,100,0,21,0,0,0,0,100192
519306003,1,0,100,0,22,10402,0,0,0,100192
519306101,1,0,100,0,20,0,0,0,0,100192
519306102,1,0,100,0,21,0,0,0,0,100192
519306103,1,0,100,0,22,10402,0,0,0,100192
519306201,1,0,100,0,20,0,0,0,0,100192
519306202,1,0,100,0,21,0,0,0,0,100192
519306203,1,0,100,0,22,10402,0,0,0,100192
519306301,1,0,100,0,20,0,0,0,0,100202
519306302,1,0,100,0,20,0,0,0,0,100202
519306303,1,0,100,0,108,10402,0,0,0,100202
519306401,1,0,100,0,20,0,0,0,0,100202
519306402,1,0,100,0,20,0,0,0,0,100202
519306403,1,0,100,0,108,10402,0,0,0,100202
519306501,1,0,100,0,20,0,0,0,0,100202
519306502,1,0,100,0,20,0,0,0,0,100202
519306503,1,0,100,0,108,10402,0,0,0,100202
519306601,1,0,100,0,20,0,0,0,0,100202
519306602,1,0,100,0,20,0,0,0,0,100202
519306603,1,0,100,0,108,10402,0,0,0,100202
519306701,1,0,100,0,20,0,0,0,0,100212
519306702,1,0,100,1,22,10402,33,0,0,100212
519306801,1,0,100,0,20,0,0,0,0,100212
519306802,1,0,100,1,22,10402,33,0,0,100212
519306901,1,0,100,0,20,0,0,0,0,100212
519306902,1,0,100,1,22,10402,33,0,0,100212
519307001,1,0,100,0,20,0,0,0,0,100212
519307002,1,0,100,1,22,10402,33,0,0,100212
519307101,1,0,100,0,20,0,0,0,0,100222
519307102,1,0,100,0,21,0,0,0,0,100222
519307103,1,0,100,1,22,10402,0,0,0,100222
519307201,1,0,100,0,20,0,0,0,0,100222
519307202,1,0,100,0,21,0,0,0,0,100222
519307203,1,0,100,1,22,10402,0,0,0,100222
519307301,1,0,100,0,20,0,0,0,0,100222
519307302,1,0,100,0,21,0,0,0,0,100222
519307303,1,0,100,1,22,10402,0,0,0,100222
519307401,1,0,100,0,20,0,0,0,0,100222
519307402,1,0,100,0,21,0,0,0,0,100222
519307403,1,0,100,1,22,10402,0,0,0,100222
519307501,1,0,100,1,22,10402,0,0,0,100242
519307601,1,0,100,1,22,10402,0,0,0,100242
519307701,1,0,100,1,22,10402,0,0,0,100242
519307801,1,0,100,1,22,10402,0,0,0,100242
519307901,1,0,100,0,20,0,0,0,0,100252
519307902,1,0,100,0,21,0,0,0,0,100252
519307903,1,0,100,1,24,10402,0,0,0,100252
519308001,1,0,100,0,20,0,0,0,0,100252
519308002,1,0,100,0,21,0,0,0,0,100252
519308003,1,0,100,1,24,10402,0,0,0,100252
519308101,1,0,100,0,20,0,0,0,0,100252
519308102,1,0,100,0,21,0,0,0,0,100252
519308103,1,0,100,1,24,10402,0,0,0,100252
519308201,1,0,100,0,20,0,0,0,0,100252
519308202,1,0,100,0,21,0,0,0,0,100252
519308203,1,0,100,1,24,10402,0,0,0,100252
519308301,1,0,100,0,20,0,0,0,0,100262
519308302,1,0,100,0,21,0,0,0,0,100262
519308303,1,0,100,1,22,10402,0,0,0,100262
519308401,1,0,100,0,20,0,0,0,0,100262
519308402,1,0,100,0,21,0,0,0,0,100262
519308403,1,0,100,1,22,10402,0,0,0,100262
519308501,1,0,100,0,20,0,0,0,0,100262
519308502,1,0,100,0,21,0,0,0,0,100262
519308503,1,0,100,1,22,10402,0,0,0,100262
519308601,1,0,100,0,20,0,0,0,0,100262
519308602,1,0,100,0,21,0,0,0,0,100262
519308603,1,0,100,1,22,10402,0,0,0,100262
519308701,1,0,100,0,20,0,0,0,0,100272
519308702,1,0,100,0,20,0,0,0,0,100272
519308703,1,0,100,0,22,10402,22,0,0,100272
519308801,1,0,100,0,20,0,0,0,0,100272
519308802,1,0,100,0,20,0,0,0,0,100272
519308803,1,0,100,0,22,10402,22,0,0,100272
519308901,1,0,100,0,20,0,0,0,0,100272
519308902,1,0,100,0,20,0,0,0,0,100272
519308903,1,0,100,0,22,10402,22,0,0,100272
519309001,1,0,100,0,20,0,0,0,0,100272
519309002,1,0,100,0,20,0,0,0,0,100272
519309003,1,0,100,0,22,10402,22,0,0,100272
519309101,1,0,100,0,108,0,0,0,0,100282
519309102,1,0,100,0,108,0,0,0,0,100282
519309103,1,0,100,1,20,10402,0,0,0,100282
519309201,1,0,100,0,108,0,0,0,0,100282
519309202,1,0,100,0,108,0,0,0,0,100282
519309203,1,0,100,1,20,10402,0,0,0,100282
519309301,1,0,100,0,108,0,0,0,0,100282
519309302,1,0,100,0,108,0,0,0,0,100282
519309303,1,0,100,1,20,10402,0,0,0,100282
519309401,1,0,100,0,108,0,0,0,0,100282
519309402,1,0,100,0,108,0,0,0,0,100282
519309403,1,0,100,1,20,10402,0,0,0,100282
519309501,1,0,100,0,20,0,0,0,0,100302
519309502,1,0,100,0,21,0,0,0,0,100302
519309503,1,0,100,1,20,10402,0,0,0,100302
519309601,1,0,100,0,20,0,0,0,0,100302
519309602,1,0,100,0,21,0,0,0,0,100302
519309603,1,0,100,1,20,10402,0,0,0,100302
519309701,1,0,100,0,20,0,0,0,0,100302
519309702,1,0,100,0,21,0,0,0,0,100302
519309703,1,0,100,1,20,10402,0,0,0,100302
519309801,1,0,100,0,20,0,0,0,0,100302
519309802,1,0,100,0,21,0,0,0,0,100302
519309803,1,0,100,1,20,10402,0,0,0,100302
519309901,1,0,100,0,20,0,0,0,0,100322
519309902,1,0,100,0,20,0,0,0,0,100322
519309903,1,0,100,1,22,10402,0,0,0,100322
519310001,1,0,100,0,20,0,0,0,0,100322
519310002,1,0,100,0,20,0,0,0,0,100322
519310003,1,0,100,1,22,10402,0,0,0,100322
519310101,1,0,100,0,20,0,0,0,0,100322
519310102,1,0,100,0,20,0,0,0,0,100322
519310103,1,0,100,1,22,10402,0,0,0,100322
519310201,1,0,100,0,20,0,0,0,0,100322
519310202,1,0,100,0,20,0,0,0,0,100322
519310203,1,0,100,1,22,10402,0,0,0,100322
519310301,1,0,100,0,20,0,0,0,0,100332
519310302,1,0,100,0,21,0,0,0,0,100332
519310303,1,0,100,1,22,10402,0,0,0,100332
519310401,1,0,100,0,20,0,0,0,0,100332
519310402,1,0,100,0,21,0,0,0,0,100332
519310403,1,0,100,1,22,10402,0,0,0,100332
519310501,1,0,100,0,20,0,0,0,0,100332
519310502,1,0,100,0,21,0,0,0,0,100332
519310503,1,0,100,1,22,10402,0,0,0,100332
519310601,1,0,100,0,20,0,0,0,0,100332
519310602,1,0,100,0,21,0,0,0,0,100332
519310603,1,0,100,1,22,10402,0,0,0,100332
519310701,1,0,100,0,20,0,0,0,0,100342
519310702,1,0,100,0,21,0,0,0,0,100342
519310703,1,0,100,1,22,10402,0,0,0,100342
519310801,1,0,100,0,20,0,0,0,0,100342
519310802,1,0,100,0,21,0,0,0,0,100342
519310803,1,0,100,1,22,10402,0,0,0,100342
519310901,1,0,100,0,20,0,0,0,0,100342
519310902,1,0,100,0,21,0,0,0,0,100342
519310903,1,0,100,1,22,10402,0,0,0,100342
519311001,1,0,100,0,20,0,0,0,0,100342
519311002,1,0,100,0,21,0,0,0,0,100342
519311003,1,0,100,1,22,10402,0,0,0,100342
519311101,1,0,100,0,108,0,0,0,0,100362
519311102,1,0,100,0,108,0,0,0,0,100362
519311103,1,0,100,1,22,10402,0,0,0,100362
519311201,1,0,100,0,108,0,0,0,0,100362
519311202,1,0,100,0,108,0,0,0,0,100362
519311203,1,0,100,1,22,10402,0,0,0,100362
519311301,1,0,100,0,108,0,0,0,0,100362
519311302,1,0,100,0,108,0,0,0,0,100362
519311303,1,0,100,1,22,10402,0,0,0,100362
519311401,1,0,100,0,108,0,0,0,0,100362
519311402,1,0,100,0,108,0,0,0,0,100362
519311403,1,0,100,1,22,10402,0,0,0,100362
519311501,1,0,100,0,20,0,0,0,0,100392
519311502,1,0,100,0,21,0,0,0,0,100392
519311503,1,0,100,1,22,10402,0,0,0,100392
519311601,1,0,100,0,20,0,0,0,0,100392
519311602,1,0,100,0,21,0,0,0,0,100392
519311603,1,0,100,1,22,10402,0,0,0,100392
519311701,1,0,100,0,20,0,0,0,0,100392
519311702,1,0,100,0,21,0,0,0,0,100392
519311703,1,0,100,1,22,10402,0,0,0,100392
519311801,1,0,100,0,20,0,0,0,0,100392
519311802,1,0,100,0,21,0,0,0,0,100392
519311803,1,0,100,1,22,10402,0,0,0,100392
519311901,1,0,100,0,20,0,0,0,0,100402
519311902,1,0,100,0,21,0,0,0,0,100402
519311903,1,0,100,1,22,10402,0,0,0,100402
519312001,1,0,100,0,20,0,0,0,0,100402
519312002,1,0,100,0,21,0,0,0,0,100402
519312003,1,0,100,1,22,10402,0,0,0,100402
519312101,1,0,100,0,20,0,0,0,0,100402
519312102,1,0,100,0,21,0,0,0,0,100402
519312103,1,0,100,1,22,10402,0,0,0,100402
519312201,1,0,100,0,20,0,0,0,0,100402
519312202,1,0,100,0,21,0,0,0,0,100402
519312203,1,0,100,1,22,10402,0,0,0,100402
519312301,1,0,100,0,20,0,0,0,0,100412
519312302,1,0,100,0,21,0,0,0,0,100412
519312303,1,0,100,1,22,10402,0,0,0,100412
519312401,1,0,100,0,20,0,0,0,0,100412
519312402,1,0,100,0,21,0,0,0,0,100412
519312403,1,0,100,1,22,10402,0,0,0,100412
519312501,1,0,100,0,20,0,0,0,0,100412
519312502,1,0,100,0,21,0,0,0,0,100412
519312503,1,0,100,1,22,10402,0,0,0,100412
519312601,1,0,100,0,20,0,0,0,0,100412
519312602,1,0,100,0,21,0,0,0,0,100412
519312603,1,0,100,1,22,10402,0,0,0,100412
519312701,1,0,100,0,20,0,0,0,0,100422
519312702,1,0,100,0,21,0,0,0,0,100422
519312703,1,0,100,1,22,10402,0,0,0,100422
519312801,1,0,100,0,20,0,0,0,0,100422
519312802,1,0,100,0,21,0,0,0,0,100422
519312803,1,0,100,1,22,10402,0,0,0,100422
519312901,1,0,100,0,20,0,0,0,0,100422
519312902,1,0,100,0,21,0,0,0,0,100422
519312903,1,0,100,1,22,10402,0,0,0,100422
519313001,1,0,100,0,20,0,0,0,0,100422
519313002,1,0,100,0,21,0,0,0,0,100422
519313003,1,0,100,1,22,10402,0,0,0,100422
519313101,1,0,100,0,108,0,0,0,0,100462
519313102,1,0,100,0,108,0,0,0,0,100462
519313103,1,0,100,1,22,10402,0,0,0,100462
519313201,1,0,100,0,108,0,0,0,0,100462
519313202,1,0,100,0,108,0,0,0,0,100462
519313203,1,0,100,1,22,10402,0,0,0,100462
519313301,1,0,100,0,108,0,0,0,0,100462
519313302,1,0,100,0,108,0,0,0,0,100462
519313303,1,0,100,1,22,10402,0,0,0,100462
519313401,1,0,100,0,108,0,0,0,0,100462
519313402,1,0,100,0,108,0,0,0,0,100462
519313403,1,0,100,1,22,10402,0,0,0,100462
519313501,1,0,100,0,20,0,0,0,0,100502
519313502,1,0,100,0,21,0,0,0,0,100502
519313503,1,0,100,1,22,10402,0,0,0,100502
519313601,1,0,100,0,20,0,0,0,0,100502
519313602,1,0,100,0,21,0,0,0,0,100502
519313603,1,0,100,1,22,10402,0,0,0,100502
519313701,1,0,100,0,20,0,0,0,0,100502
519313702,1,0,100,0,21,0,0,0,0,100502
519313703,1,0,100,1,22,10402,0,0,0,100502
519313801,1,0,100,0,20,0,0,0,0,100502
519313802,1,0,100,0,21,0,0,0,0,100502
519313803,1,0,100,1,22,10402,0,0,0,100502
519313901,1,0,100,0,108,0,0,0,0,100512
519313902,1,0,100,0,108,0,0,0,0,100512
519313903,1,0,100,1,23,10402,13,0,0,100512
519314001,1,0,100,0,108,0,0,0,0,100512
519314002,1,0,100,0,108,0,0,0,0,100512
519314003,1,0,100,1,23,10402,13,0,0,100512
519314101,1,0,100,0,108,0,0,0,0,100512
519314102,1,0,100,0,108,0,0,0,0,100512
519314103,1,0,100,1,23,10402,13,0,0,100512
519314201,1,0,100,0,108,0,0,0,0,100512
519314202,1,0,100,0,108,0,0,0,0,100512
519314203,1,0,100,1,23,10402,13,0,0,100512
519314301,1,0,100,0,21,0,0,0,0,100522
519314302,1,0,100,0,21,0,0,0,0,100522
519314303,1,0,100,1,22,10402,0,0,0,100522
519314401,1,0,100,0,21,0,0,0,0,100522
519314402,1,0,100,0,21,0,0,0,0,100522
519314403,1,0,100,1,22,10402,0,0,0,100522
519314501,1,0,100,0,21,0,0,0,0,100522
519314502,1,0,100,0,21,0,0,0,0,100522
519314503,1,0,100,1,22,10402,0,0,0,100522
519314601,1,0,100,0,21,0,0,0,0,100522
519314602,1,0,100,0,21,0,0,0,0,100522
519314603,1,0,100,1,22,10402,0,0,0,100522
519314701,1,0,100,0,21,0,0,0,0,100532
519314702,1,0,100,0,22,0,0,0,0,100532
519314703,1,0,100,1,22,10402,0,0,0,100532
519314801,1,0,100,0,21,0,0,0,0,100532
519314802,1,0,100,0,22,0,0,0,0,100532
519314803,1,0,100,1,22,10402,0,0,0,100532
519314901,1,0,100,0,21,0,0,0,0,100532
519314902,1,0,100,0,22,0,0,0,0,100532
519314903,1,0,100,1,22,10402,0,0,0,100532
519315001,1,0,100,0,21,0,0,0,0,100532
519315002,1,0,100,0,22,0,0,0,0,100532
519315003,1,0,100,1,22,10402,0,0,0,100532
519315101,1,0,100,0,21,0,0,0,0,100542
519315102,1,0,100,0,22,0,0,0,0,100542
519315103,1,0,100,1,23,10402,0,0,0,100542
519315201,1,0,100,0,21,0,0,0,0,100542
519315202,1,0,100,0,22,0,0,0,0,100542
519315203,1,0,100,1,23,10402,0,0,0,100542
519315301,1,0,100,0,21,0,0,0,0,100542
519315302,1,0,100,0,22,0,0,0,0,100542
519315303,1,0,100,1,23,10402,0,0,0,100542
519315401,1,0,100,0,21,0,0,0,0,100542
519315402,1,0,100,0,22,0,0,0,0,100542
519315403,1,0,100,1,23,10402,0,0,0,100542
519315501,1,0,100,0,21,10402,0,0,0,0
519315601,1,0,100,0,22,10402,33,0,0,0
519315701,1,0,100,0,22,10402,33,0,0,0
519315801,1,0,100,0,21,0,0,0,0,100562
519315802,1,0,100,0,22,0,0,0,0,100562
519315803,1,0,100,1,23,10402,0,0,0,100562
519315901,1,0,100,0,21,0,0,0,0,100562
519315902,1,0,100,0,22,0,0,0,0,100562
519315903,1,0,100,1,23,10402,0,0,0,100562
519316001,1,0,100,0,21,0,0,0,0,100562
519316002,1,0,100,0,22,0,0,0,0,100562
519316003,1,0,100,1,23,10402,0,0,0,100562
519316101,1,0,100,0,21,0,0,0,0,100562
519316102,1,0,100,0,22,0,0,0,0,100562
519316103,1,0,100,1,23,10402,0,0,0,100562
519316201,1,0,100,0,21,0,0,0,0,100572
519316202,1,0,100,0,22,0,0,0,0,100572
519316203,1,0,100,1,23,10402,0,0,0,100572
519316301,1,0,100,0,21,0,0,0,0,100572
519316302,1,0,100,0,22,0,0,0,0,100572
519316303,1,0,100,1,23,10402,0,0,0,100572
519316401,1,0,100,0,21,0,0,0,0,100572
519316402,1,0,100,0,22,0,0,0,0,100572
519316403,1,0,100,1,23,10402,0,0,0,100572
519316501,1,0,100,0,21,0,0,0,0,100572
519316502,1,0,100,0,22,0,0,0,0,100572
519316503,1,0,100,1,23,10402,0,0,0,100572
519316601,1,0,100,0,21,10402,0,0,0,0
519316701,1,0,100,0,22,10402,33,0,0,0
519316801,1,0,100,0,22,10402,33,0,0,0
519316901,1,0,100,0,21,0,0,0,0,100582
519316902,1,0,100,0,22,0,0,0,0,100582
519316903,1,0,100,1,23,10402,0,0,0,100582
519317001,1,0,100,0,21,0,0,0,0,100582
519317002,1,0,100,0,22,0,0,0,0,100582
519317003,1,0,100,1,23,10402,0,0,0,100582
519317101,1,0,100,0,21,0,0,0,0,100582
519317102,1,0,100,0,22,0,0,0,0,100582
519317103,1,0,100,1,23,10402,0,0,0,100582
519317201,1,0,100,0,21,0,0,0,0,100582
519317202,1,0,100,0,22,0,0,0,0,100582
519317203,1,0,100,1,23,10402,0,0,0,100582
519317301,1,0,100,0,21,0,0,0,0,100592
519317302,1,0,100,0,22,0,0,0,0,100592
519317303,1,0,100,1,23,10402,0,0,0,100592
519317401,1,0,100,0,21,0,0,0,0,100592
519317402,1,0,100,0,22,0,0,0,0,100592
519317403,1,0,100,1,23,10402,0,0,0,100592
519317501,1,0,100,0,21,0,0,0,0,100592
519317502,1,0,100,0,22,0,0,0,0,100592
519317503,1,0,100,1,23,10402,0,0,0,100592
519317601,1,0,100,0,21,0,0,0,0,100592
519317602,1,0,100,0,22,0,0,0,0,100592
519317603,1,0,100,1,23,10402,0,0,0,100592
519317701,1,0,100,0,21,0,0,0,0,100602
519317702,1,0,100,0,22,0,0,0,0,100602
519317703,1,0,100,1,23,10402,0,0,0,100602
519317801,1,0,100,0,21,0,0,0,0,100602
519317802,1,0,100,0,22,0,0,0,0,100602
519317803,1,0,100,1,23,10402,0,0,0,100602
519317901,1,0,100,0,21,0,0,0,0,100602
519317902,1,0,100,0,22,0,0,0,0,100602
519317903,1,0,100,1,23,10402,0,0,0,100602
519318001,1,0,100,0,21,0,0,0,0,100602
519318002,1,0,100,0,22,0,0,0,0,100602
519318003,1,0,100,1,23,10402,0,0,0,100602
519318101,1,0,100,0,21,0,0,0,0,100622
519318102,1,0,100,0,22,0,0,0,0,100622
519318103,1,0,100,1,23,10402,0,0,0,100622
519318201,1,0,100,0,21,0,0,0,0,100622
519318202,1,0,100,0,22,0,0,0,0,100622
519318203,1,0,100,1,23,10402,0,0,0,100622
519318301,1,0,100,0,21,0,0,0,0,100622
519318302,1,0,100,0,22,0,0,0,0,100622
519318303,1,0,100,1,23,10402,0,0,0,100622
519318401,1,0,100,0,21,0,0,0,0,100622
519318402,1,0,100,0,22,0,0,0,0,100622
519318403,1,0,100,1,23,10402,0,0,0,100622
519318501,1,0,100,0,21,0,0,0,0,100632
519318502,1,0,100,0,22,0,0,0,0,100632
519318503,1,0,100,0,23,10402,0,0,0,100632
519318601,1,0,100,0,21,0,0,0,0,100632
519318602,1,0,100,0,22,0,0,0,0,100632
519318603,1,0,100,0,23,10402,0,0,0,100632
519318701,1,0,100,0,21,0,0,0,0,100632
519318702,1,0,100,0,22,0,0,0,0,100632
519318703,1,0,100,0,23,10402,0,0,0,100632
519318801,1,0,100,0,21,0,0,0,0,100632
519318802,1,0,100,0,22,0,0,0,0,100632
519318803,1,0,100,0,23,10402,0,0,0,100632
519318901,1,0,100,0,21,10402,0,0,0,0
519319001,1,0,100,0,22,10402,33,0,0,0
519319101,1,0,100,0,22,10402,33,0,0,0
519319201,1,0,100,0,21,0,0,0,0,100642
519319202,1,0,100,0,22,0,0,0,0,100642
519319203,1,0,100,0,23,10402,0,0,0,100642
519319301,1,0,100,0,21,0,0,0,0,100642
519319302,1,0,100,0,22,0,0,0,0,100642
519319303,1,0,100,0,23,10402,0,0,0,100642
519319401,1,0,100,0,21,0,0,0,0,100642
519319402,1,0,100,0,22,0,0,0,0,100642
519319403,1,0,100,0,23,10402,0,0,0,100642
519319501,1,0,100,0,21,0,0,0,0,100642
519319502,1,0,100,0,22,0,0,0,0,100642
519319503,1,0,100,0,23,10402,0,0,0,100642
519319601,1,0,100,0,21,0,0,0,0,100652
519319602,1,0,100,0,22,0,0,0,0,100652
519319603,1,0,100,0,23,10402,0,0,0,100652
519319701,1,0,100,0,21,0,0,0,0,100652
519319702,1,0,100,0,22,0,0,0,0,100652
519319703,1,0,100,0,23,10402,0,0,0,100652
519319801,1,0,100,0,21,0,0,0,0,100652
519319802,1,0,100,0,22,0,0,0,0,100652
519319803,1,0,100,0,23,10402,0,0,0,100652
519319901,1,0,100,0,21,0,0,0,0,100652
519319902,1,0,100,0,22,0,0,0,0,100652
519319903,1,0,100,0,23,10402,0,0,0,100652
519320001,1,0,100,0,21,0,0,0,0,100682
519320002,1,0,100,0,22,0,0,0,0,100682
519320003,1,0,100,1,23,10402,0,0,0,100682
519320101,1,0,100,0,21,0,0,0,0,100682
519320102,1,0,100,0,22,0,0,0,0,100682
519320103,1,0,100,1,23,10402,0,0,0,100682
519320201,1,0,100,0,21,0,0,0,0,100682
519320202,1,0,100,0,22,0,0,0,0,100682
519320203,1,0,100,1,23,10402,0,0,0,100682
519320301,1,0,100,0,21,0,0,0,0,100682
519320302,1,0,100,0,22,0,0,0,0,100682
519320303,1,0,100,1,23,10402,0,0,0,100682
519320401,1,0,100,0,21,0,0,0,0,100692
519320402,1,0,100,0,22,0,0,0,0,100692
519320403,1,0,100,0,23,10402,0,0,0,100692
519320501,1,0,100,0,21,0,0,0,0,100692
519320502,1,0,100,0,22,0,0,0,0,100692
519320503,1,0,100,0,23,10402,0,0,0,100692
519320601,1,0,100,0,21,0,0,0,0,100692
519320602,1,0,100,0,22,0,0,0,0,100692
519320603,1,0,100,0,23,10402,0,0,0,100692
519320701,1,0,100,0,21,0,0,0,0,100692
519320702,1,0,100,0,22,0,0,0,0,100692
519320703,1,0,100,0,23,10402,0,0,0,100692
519320801,1,0,100,0,21,0,0,0,0,100702
519320802,1,0,100,0,22,0,0,0,0,100702
519320803,1,0,100,0,23,10402,0,0,0,100702
519320901,1,0,100,0,21,0,0,0,0,100702
519320902,1,0,100,0,22,0,0,0,0,100702
519320903,1,0,100,0,23,10402,0,0,0,100702
519321001,1,0,100,0,21,0,0,0,0,100702
519321002,1,0,100,0,22,0,0,0,0,100702
519321003,1,0,100,0,23,10402,0,0,0,100702
519321101,1,0,100,0,21,0,0,0,0,100702
519321102,1,0,100,0,22,0,0,0,0,100702
519321103,1,0,100,0,23,10402,0,0,0,100702
519321201,1,0,100,0,21,0,0,0,0,100712
519321202,1,0,100,0,22,0,0,0,0,100712
519321203,1,0,100,0,23,10402,0,0,0,100712
519321301,1,0,100,0,21,0,0,0,0,100712
519321302,1,0,100,0,22,0,0,0,0,100712
519321303,1,0,100,0,23,10402,0,0,0,100712
519321401,1,0,100,0,21,0,0,0,0,100712
519321402,1,0,100,0,22,0,0,0,0,100712
519321403,1,0,100,0,23,10402,0,0,0,100712
519321501,1,0,100,0,21,0,0,0,0,100712
519321502,1,0,100,0,22,0,0,0,0,100712
519321503,1,0,100,0,23,10402,0,0,0,100712
519321601,1,0,100,0,21,0,0,0,0,100722
519321602,1,0,100,0,22,0,0,0,0,100722
519321603,1,0,100,1,23,10402,0,0,0,100722
519321701,1,0,100,0,21,0,0,0,0,100722
519321702,1,0,100,0,22,0,0,0,0,100722
519321703,1,0,100,1,23,10402,0,0,0,100722
519321801,1,0,100,0,21,0,0,0,0,100722
519321802,1,0,100,0,22,0,0,0,0,100722
519321803,1,0,100,1,23,10402,0,0,0,100722
519321901,1,0,100,0,21,0,0,0,0,100722
519321902,1,0,100,0,22,0,0,0,0,100722
519321903,1,0,100,1,23,10402,0,0,0,100722
519322001,1,0,100,0,21,0,0,0,0,100742
519322002,1,0,100,0,22,0,0,0,0,100742
519322003,1,0,100,0,23,10402,0,0,0,100742
519322101,1,0,100,0,21,0,0,0,0,100742
519322102,1,0,100,0,22,0,0,0,0,100742
519322103,1,0,100,0,23,10402,0,0,0,100742
519322201,1,0,100,0,21,0,0,0,0,100742
519322202,1,0,100,0,22,0,0,0,0,100742
519322203,1,0,100,0,23,10402,0,0,0,100742
519322301,1,0,100,0,21,0,0,0,0,100742
519322302,1,0,100,0,22,0,0,0,0,100742
519322303,1,0,100,0,23,10402,0,0,0,100742
519322401,1,0,100,0,21,0,0,0,0,100752
519322402,1,0,100,0,22,0,0,0,0,100752
519322403,1,0,100,0,23,10402,0,0,0,100752
519322501,1,0,100,0,21,0,0,0,0,100752
519322502,1,0,100,0,22,0,0,0,0,100752
519322503,1,0,100,0,23,10402,0,0,0,100752
519322601,1,0,100,0,21,0,0,0,0,100752
519322602,1,0,100,0,22,0,0,0,0,100752
519322603,1,0,100,0,23,10402,0,0,0,100752
519322701,1,0,100,0,21,0,0,0,0,100752
519322702,1,0,100,0,22,0,0,0,0,100752
519322703,1,0,100,0,23,10402,0,0,0,100752
519322801,1,0,100,0,21,0,0,0,0,100762
519322802,1,0,100,0,22,0,0,0,0,100762
519322803,1,0,100,0,23,10402,0,0,0,100762
519322901,1,0,100,0,21,0,0,0,0,100762
519322902,1,0,100,0,22,0,0,0,0,100762
519322903,1,0,100,0,23,10402,0,0,0,100762
519323001,1,0,100,0,21,0,0,0,0,100762
519323002,1,0,100,0,22,0,0,0,0,100762
519323003,1,0,100,0,23,10402,0,0,0,100762
519323101,1,0,100,0,21,0,0,0,0,100762
519323102,1,0,100,0,22,0,0,0,0,100762
519323103,1,0,100,0,23,10402,0,0,0,100762
519323201,1,0,100,0,21,0,0,0,0,100772
519323202,1,0,100,0,22,0,0,0,0,100772
519323203,1,0,100,0,23,10402,0,0,0,100772
519323301,1,0,100,0,21,0,0,0,0,100772
519323302,1,0,100,0,22,0,0,0,0,100772
519323303,1,0,100,0,23,10402,0,0,0,100772
519323401,1,0,100,0,21,0,0,0,0,100772
519323402,1,0,100,0,22,0,0,0,0,100772
519323403,1,0,100,0,23,10402,0,0,0,100772
519323501,1,0,100,0,21,0,0,0,0,100772
519323502,1,0,100,0,22,0,0,0,0,100772
519323503,1,0,100,0,23,10402,0,0,0,100772
519323601,1,0,100,0,21,10402,0,0,0,0
519323701,1,0,100,0,22,10402,33,0,0,0
519323801,1,0,100,0,22,10402,33,0,0,0
519323901,1,0,100,0,21,0,0,0,0,100782
519323902,1,0,100,0,22,0,0,0,0,100782
519323903,1,0,100,0,23,10402,0,0,0,100782
519324001,1,0,100,0,21,0,0,0,0,100782
519324002,1,0,100,0,22,0,0,0,0,100782
519324003,1,0,100,0,23,10402,0,0,0,100782
519324101,1,0,100,0,21,0,0,0,0,100782
519324102,1,0,100,0,22,0,0,0,0,100782
519324103,1,0,100,0,23,10402,0,0,0,100782
519324201,1,0,100,0,21,0,0,0,0,100782
519324202,1,0,100,0,22,0,0,0,0,100782
519324203,1,0,100,0,23,10402,0,0,0,100782
519324301,1,0,100,0,21,0,0,0,0,100802
519324302,1,0,100,0,22,0,0,0,0,100802
519324303,1,0,100,0,23,10402,0,0,0,100802
519324401,1,0,100,0,21,0,0,0,0,100802
519324402,1,0,100,0,22,0,0,0,0,100802
519324403,1,0,100,0,23,10402,0,0,0,100802
519324501,1,0,100,0,21,0,0,0,0,100802
519324502,1,0,100,0,22,0,0,0,0,100802
519324503,1,0,100,0,23,10402,0,0,0,100802
519324601,1,0,100,0,21,0,0,0,0,100802
519324602,1,0,100,0,22,0,0,0,0,100802
519324603,1,0,100,0,23,10402,0,0,0,100802
519324701,1,0,100,0,21,0,0,0,0,100812
519324702,1,0,100,0,22,0,0,0,0,100812
519324703,1,0,100,0,23,10402,0,0,0,100812
519324801,1,0,100,0,21,0,0,0,0,100812
519324802,1,0,100,0,22,0,0,0,0,100812
519324803,1,0,100,0,23,10402,0,0,0,100812
519324901,1,0,100,0,21,0,0,0,0,100812
519324902,1,0,100,0,22,0,0,0,0,100812
519324903,1,0,100,0,23,10402,0,0,0,100812
519325001,1,0,100,0,21,0,0,0,0,100812
519325002,1,0,100,0,22,0,0,0,0,100812
519325003,1,0,100,0,23,10402,0,0,0,100812
519325101,1,0,100,0,21,0,0,0,0,100822
519325102,1,0,100,0,22,0,0,0,0,100822
519325103,1,0,100,0,23,10402,0,0,0,100822
519325201,1,0,100,0,21,0,0,0,0,100822
519325202,1,0,100,0,22,0,0,0,0,100822
519325203,1,0,100,0,23,10402,0,0,0,100822
519325301,1,0,100,0,21,0,0,0,0,100822
519325302,1,0,100,0,22,0,0,0,0,100822
519325303,1,0,100,0,23,10402,0,0,0,100822
519325401,1,0,100,0,21,0,0,0,0,100822
519325402,1,0,100,0,22,0,0,0,0,100822
519325403,1,0,100,0,23,10402,0,0,0,100822
519325501,1,0,100,0,21,0,0,0,0,100832
519325502,1,0,100,0,22,0,0,0,0,100832
519325503,1,0,100,0,23,10402,0,0,0,100832
519325601,1,0,100,0,21,0,0,0,0,100832
519325602,1,0,100,0,22,0,0,0,0,100832
519325603,1,0,100,0,23,10402,0,0,0,100832
519325701,1,0,100,0,21,0,0,0,0,100832
519325702,1,0,100,0,22,0,0,0,0,100832
519325703,1,0,100,0,23,10402,0,0,0,100832
519325801,1,0,100,0,21,0,0,0,0,100832
519325802,1,0,100,0,22,0,0,0,0,100832
519325803,1,0,100,0,23,10402,0,0,0,100832
519325901,1,0,100,0,21,0,0,0,0,100842
519325902,1,0,100,0,22,0,0,0,0,100842
519325903,1,0,100,0,23,10402,0,0,0,100842
519326001,1,0,100,0,21,0,0,0,0,100842
519326002,1,0,100,0,22,0,0,0,0,100842
519326003,1,0,100,0,23,10402,0,0,0,100842
519326101,1,0,100,0,21,0,0,0,0,100842
519326102,1,0,100,0,22,0,0,0,0,100842
519326103,1,0,100,0,23,10402,0,0,0,100842
519326201,1,0,100,0,21,0,0,0,0,100842
519326202,1,0,100,0,22,0,0,0,0,100842
519326203,1,0,100,0,23,10402,0,0,0,100842
519326301,1,0,100,0,21,0,0,0,0,100862
519326302,1,0,100,0,22,0,0,0,0,100862
519326303,1,0,100,0,23,10402,0,0,0,100862
519326401,1,0,100,0,21,0,0,0,0,100862
519326402,1,0,100,0,22,0,0,0,0,100862
519326403,1,0,100,0,23,10402,0,0,0,100862
519326501,1,0,100,0,21,0,0,0,0,100862
519326502,1,0,100,0,22,0,0,0,0,100862
519326503,1,0,100,0,23,10402,0,0,0,100862
519326601,1,0,100,0,21,0,0,0,0,100862
519326602,1,0,100,0,22,0,0,0,0,100862
519326603,1,0,100,0,23,10402,0,0,0,100862
519326701,1,0,100,0,21,0,0,0,0,100872
519326702,1,0,100,0,22,0,0,0,0,100872
519326703,1,0,100,0,23,10402,0,0,0,100872
519326801,1,0,100,0,21,0,0,0,0,100872
519326802,1,0,100,0,22,0,0,0,0,100872
519326803,1,0,100,0,23,10402,0,0,0,100872
519326901,1,0,100,0,21,0,0,0,0,100872
519326902,1,0,100,0,22,0,0,0,0,100872
519326903,1,0,100,0,23,10402,0,0,0,100872
519327001,1,0,100,0,21,0,0,0,0,100872
519327002,1,0,100,0,22,0,0,0,0,100872
519327003,1,0,100,0,23,10402,0,0,0,100872
519327101,1,0,100,0,21,0,0,0,0,100882
519327102,1,0,100,0,22,0,0,0,0,100882
519327103,1,0,100,0,23,10402,0,0,0,100882
519327201,1,0,100,0,21,0,0,0,0,100882
519327202,1,0,100,0,22,0,0,0,0,100882
519327203,1,0,100,0,23,10402,0,0,0,100882
519327301,1,0,100,0,21,0,0,0,0,100882
519327302,1,0,100,0,22,0,0,0,0,100882
519327303,1,0,100,0,23,10402,0,0,0,100882
519327401,1,0,100,0,21,0,0,0,0,100882
519327402,1,0,100,0,22,0,0,0,0,100882
519327403,1,0,100,0,23,10402,0,0,0,100882
519327501,1,0,100,0,21,0,0,0,0,100892
519327502,1,0,100,0,22,0,0,0,0,100892
519327503,1,0,100,0,23,10402,0,0,0,100892
519327601,1,0,100,0,21,0,0,0,0,100892
519327602,1,0,100,0,22,0,0,0,0,100892
519327603,1,0,100,0,23,10402,0,0,0,100892
519327701,1,0,100,0,21,0,0,0,0,100892
519327702,1,0,100,0,22,0,0,0,0,100892
519327703,1,0,100,0,23,10402,0,0,0,100892
519327801,1,0,100,0,21,0,0,0,0,100892
519327802,1,0,100,0,22,0,0,0,0,100892
519327803,1,0,100,0,23,10402,0,0,0,100892
519327901,1,0,100,0,21,0,0,0,0,100912
519327902,1,0,100,0,22,0,0,0,0,100912
519327903,1,0,100,0,23,10402,0,0,0,100912
519328001,1,0,100,0,21,0,0,0,0,100912
519328002,1,0,100,0,22,0,0,0,0,100912
519328003,1,0,100,0,23,10402,0,0,0,100912
519328101,1,0,100,0,21,0,0,0,0,100912
519328102,1,0,100,0,22,0,0,0,0,100912
519328103,1,0,100,0,23,10402,0,0,0,100912
519328201,1,0,100,0,21,0,0,0,0,100912
519328202,1,0,100,0,22,0,0,0,0,100912
519328203,1,0,100,0,23,10402,0,0,0,100912
519328301,1,0,100,0,21,0,0,0,0,100922
519328302,1,0,100,0,22,0,0,0,0,100922
519328303,1,0,100,0,23,10402,0,0,0,100922
519328401,1,0,100,0,21,0,0,0,0,100922
519328402,1,0,100,0,22,0,0,0,0,100922
519328403,1,0,100,0,23,10402,0,0,0,100922
519328501,1,0,100,0,21,0,0,0,0,100922
519328502,1,0,100,0,22,0,0,0,0,100922
519328503,1,0,100,0,23,10402,0,0,0,100922
519328601,1,0,100,0,21,0,0,0,0,100922
519328602,1,0,100,0,22,0,0,0,0,100922
519328603,1,0,100,0,23,10402,0,0,0,100922
519328701,1,0,100,0,21,0,0,0,0,100932
519328702,1,0,100,0,22,0,0,0,0,100932
519328703,1,0,100,0,23,10402,0,0,0,100932
519328801,1,0,100,0,21,0,0,0,0,100932
519328802,1,0,100,0,22,0,0,0,0,100932
519328803,1,0,100,0,23,10402,0,0,0,100932
519328901,1,0,100,0,21,0,0,0,0,100932
519328902,1,0,100,0,22,0,0,0,0,100932
519328903,1,0,100,0,23,10402,0,0,0,100932
519329001,1,0,100,0,21,0,0,0,0,100932
519329002,1,0,100,0,22,0,0,0,0,100932
519329003,1,0,100,0,23,10402,0,0,0,100932
519329101,1,0,100,0,21,0,0,0,0,100942
519329102,1,0,100,0,22,0,0,0,0,100942
519329103,1,0,100,0,23,10402,0,0,0,100942
519329201,1,0,100,0,21,0,0,0,0,100942
519329202,1,0,100,0,22,0,0,0,0,100942
519329203,1,0,100,0,23,10402,0,0,0,100942
519329301,1,0,100,0,21,0,0,0,0,100942
519329302,1,0,100,0,22,0,0,0,0,100942
519329303,1,0,100,0,23,10402,0,0,0,100942
519329401,1,0,100,0,21,0,0,0,0,100942
519329402,1,0,100,0,22,0,0,0,0,100942
519329403,1,0,100,0,23,10402,0,0,0,100942
519329501,1,0,100,0,21,0,0,0,0,100952
519329502,1,0,100,0,22,0,0,0,0,100952
519329503,1,0,100,0,23,10402,0,0,0,100952
519329601,1,0,100,0,21,0,0,0,0,100952
519329602,1,0,100,0,22,0,0,0,0,100952
519329603,1,0,100,0,23,10402,0,0,0,100952
519329701,1,0,100,0,21,0,0,0,0,100952
519329702,1,0,100,0,22,0,0,0,0,100952
519329703,1,0,100,0,23,10402,0,0,0,100952
519329801,1,0,100,0,21,0,0,0,0,100952
519329802,1,0,100,0,22,0,0,0,0,100952
519329803,1,0,100,0,23,10402,0,0,0,100952
519329901,1,0,100,0,21,0,0,0,0,100962
519329902,1,0,100,0,22,0,0,0,0,100962
519329903,1,0,100,1,23,10402,0,0,0,100962
519330001,1,0,100,0,21,0,0,0,0,100962
519330002,1,0,100,0,22,0,0,0,0,100962
519330003,1,0,100,1,23,10402,0,0,0,100962
519330101,1,0,100,0,21,0,0,0,0,100962
519330102,1,0,100,0,22,0,0,0,0,100962
519330103,1,0,100,1,23,10402,0,0,0,100962
519330201,1,0,100,0,21,0,0,0,0,100962
519330202,1,0,100,0,22,0,0,0,0,100962
519330203,1,0,100,1,23,10402,0,0,0,100962
519330301,1,0,100,0,21,0,0,0,0,100982
519330302,1,0,100,0,22,0,0,0,0,100982
519330303,1,0,100,0,23,10402,0,0,0,100982
519330401,1,0,100,0,21,0,0,0,0,100982
519330402,1,0,100,0,22,0,0,0,0,100982
519330403,1,0,100,0,23,10402,0,0,0,100982
519330501,1,0,100,0,21,0,0,0,0,100982
519330502,1,0,100,0,22,0,0,0,0,100982
519330503,1,0,100,0,23,10402,0,0,0,100982
519330601,1,0,100,0,21,0,0,0,0,100982
519330602,1,0,100,0,22,0,0,0,0,100982
519330603,1,0,100,0,23,10402,0,0,0,100982
519330701,1,0,100,0,21,0,0,0,0,100992
519330702,1,0,100,0,22,0,0,0,0,100992
519330703,1,0,100,0,23,10402,0,0,0,100992
519330801,1,0,100,0,21,0,0,0,0,100992
519330802,1,0,100,0,22,0,0,0,0,100992
519330803,1,0,100,0,23,10402,0,0,0,100992
519330901,1,0,100,0,21,0,0,0,0,100992
519330902,1,0,100,0,22,0,0,0,0,100992
519330903,1,0,100,0,23,10402,0,0,0,100992
519331001,1,0,100,0,21,0,0,0,0,100992
519331002,1,0,100,0,22,0,0,0,0,100992
519331003,1,0,100,0,23,10402,0,0,0,100992
519331101,1,0,100,0,21,0,0,0,0,101002
519331102,1,0,100,0,22,0,0,0,0,101002
519331103,1,0,100,0,23,10402,0,0,0,101002
519331201,1,0,100,0,21,0,0,0,0,101002
519331202,1,0,100,0,22,0,0,0,0,101002
519331203,1,0,100,0,23,10402,0,0,0,101002
519331301,1,0,100,0,21,0,0,0,0,101002
519331302,1,0,100,0,22,0,0,0,0,101002
519331303,1,0,100,0,23,10402,0,0,0,101002
519331401,1,0,100,0,21,0,0,0,0,101002
519331402,1,0,100,0,22,0,0,0,0,101002
519331403,1,0,100,0,23,10402,0,0,0,101002
519331501,1,0,100,0,21,0,0,0,0,101012
519331502,1,0,100,0,22,0,0,0,0,101012
519331503,1,0,100,1,23,10402,0,0,0,101012
519331601,1,0,100,0,21,0,0,0,0,101012
519331602,1,0,100,0,22,0,0,0,0,101012
519331603,1,0,100,1,23,10402,0,0,0,101012
519331701,1,0,100,0,21,0,0,0,0,101012
519331702,1,0,100,0,22,0,0,0,0,101012
519331703,1,0,100,1,23,10402,0,0,0,101012
519331801,1,0,100,0,21,0,0,0,0,101012
519331802,1,0,100,0,22,0,0,0,0,101012
519331803,1,0,100,1,23,10402,0,0,0,101012
519331901,1,0,100,0,21,0,0,0,0,101022
519331902,1,0,100,0,22,0,0,0,0,101022
519331903,1,0,100,0,23,10402,0,0,0,101022
519332001,1,0,100,0,21,0,0,0,0,101022
519332002,1,0,100,0,22,0,0,0,0,101022
519332003,1,0,100,0,23,10402,0,0,0,101022
519332101,1,0,100,0,21,0,0,0,0,101022
519332102,1,0,100,0,22,0,0,0,0,101022
519332103,1,0,100,0,23,10402,0,0,0,101022
519332201,1,0,100,0,21,0,0,0,0,101022
519332202,1,0,100,0,22,0,0,0,0,101022
519332203,1,0,100,0,23,10402,0,0,0,101022
519332301,1,0,100,0,21,0,0,0,0,101042
519332302,1,0,100,0,22,0,0,0,0,101042
519332303,1,0,100,0,23,10402,0,0,0,101042
519332401,1,0,100,0,21,0,0,0,0,101042
519332402,1,0,100,0,22,0,0,0,0,101042
519332403,1,0,100,0,23,10402,0,0,0,101042
519332501,1,0,100,0,21,0,0,0,0,101042
519332502,1,0,100,0,22,0,0,0,0,101042
519332503,1,0,100,0,23,10402,0,0,0,101042
519332601,1,0,100,0,21,0,0,0,0,101042
519332602,1,0,100,0,22,0,0,0,0,101042
519332603,1,0,100,0,23,10402,0,0,0,101042
519332701,1,0,100,0,21,0,0,0,0,101052
519332702,1,0,100,0,22,0,0,0,0,101052
519332703,1,0,100,0,23,10402,0,0,0,101052
519332801,1,0,100,0,21,0,0,0,0,101052
519332802,1,0,100,0,22,0,0,0,0,101052
519332803,1,0,100,0,23,10402,0,0,0,101052
519332901,1,0,100,0,21,0,0,0,0,101052
519332902,1,0,100,0,22,0,0,0,0,101052
519332903,1,0,100,0,23,10402,0,0,0,101052
519333001,1,0,100,0,21,0,0,0,0,101052
519333002,1,0,100,0,22,0,0,0,0,101052
519333003,1,0,100,0,23,10402,0,0,0,101052
519333101,1,0,100,0,21,0,0,0,0,101062
519333102,1,0,100,0,22,0,0,0,0,101062
519333103,1,0,100,0,23,10402,0,0,0,101062
519333201,1,0,100,0,21,0,0,0,0,101062
519333202,1,0,100,0,22,0,0,0,0,101062
519333203,1,0,100,0,23,10402,0,0,0,101062
519333301,1,0,100,0,21,0,0,0,0,101062
519333302,1,0,100,0,22,0,0,0,0,101062
519333303,1,0,100,0,23,10402,0,0,0,101062
519333401,1,0,100,0,21,0,0,0,0,101062
519333402,1,0,100,0,22,0,0,0,0,101062
519333403,1,0,100,0,23,10402,0,0,0,101062
519333501,1,0,100,0,21,0,0,0,0,101072
519333502,1,0,100,0,22,0,0,0,0,101072
519333503,1,0,100,0,23,10402,0,0,0,101072
519333601,1,0,100,0,21,0,0,0,0,101072
519333602,1,0,100,0,22,0,0,0,0,101072
519333603,1,0,100,0,23,10402,0,0,0,101072
519333701,1,0,100,0,21,0,0,0,0,101072
519333702,1,0,100,0,22,0,0,0,0,101072
519333703,1,0,100,0,23,10402,0,0,0,101072
519333801,1,0,100,0,21,0,0,0,0,101072
519333802,1,0,100,0,22,0,0,0,0,101072
519333803,1,0,100,0,23,10402,0,0,0,101072
519333901,1,0,100,0,21,0,0,0,0,101082
519333902,1,0,100,0,22,0,0,0,0,101082
519333903,1,0,100,0,23,10402,0,0,0,101082
519334001,1,0,100,0,21,0,0,0,0,101082
519334002,1,0,100,0,22,0,0,0,0,101082
519334003,1,0,100,0,23,10402,0,0,0,101082
519334101,1,0,100,0,21,0,0,0,0,101082
519334102,1,0,100,0,22,0,0,0,0,101082
519334103,1,0,100,0,23,10402,0,0,0,101082
519334201,1,0,100,0,21,0,0,0,0,101082
519334202,1,0,100,0,22,0,0,0,0,101082
519334203,1,0,100,0,23,10402,0,0,0,101082
519334301,1,0,100,0,21,0,0,0,0,101102
519334302,1,0,100,0,22,0,0,0,0,101102
519334303,1,0,100,0,23,10402,0,0,0,101102
519334401,1,0,100,0,21,0,0,0,0,101102
519334402,1,0,100,0,22,0,0,0,0,101102
519334403,1,0,100,0,23,10402,0,0,0,101102
519334501,1,0,100,0,21,0,0,0,0,101102
519334502,1,0,100,0,22,0,0,0,0,101102
519334503,1,0,100,0,23,10402,0,0,0,101102
519334601,1,0,100,0,21,0,0,0,0,101102
519334602,1,0,100,0,22,0,0,0,0,101102
519334603,1,0,100,0,23,10402,0,0,0,101102
519334701,1,0,100,0,21,0,0,0,0,101112
519334702,1,0,100,0,22,0,0,0,0,101112
519334703,1,0,100,0,23,10402,0,0,0,101112
519334801,1,0,100,0,21,0,0,0,0,101112
519334802,1,0,100,0,22,0,0,0,0,101112
519334803,1,0,100,0,23,10402,0,0,0,101112
519334901,1,0,100,0,21,0,0,0,0,101112
519334902,1,0,100,0,22,0,0,0,0,101112
519334903,1,0,100,0,23,10402,0,0,0,101112
519335001,1,0,100,0,21,0,0,0,0,101112
519335002,1,0,100,0,22,0,0,0,0,101112
519335003,1,0,100,0,23,10402,0,0,0,101102
519335101,1,0,100,0,21,0,0,0,0,101122
519335102,1,0,100,0,22,0,0,0,0,101122
519335103,1,0,100,0,23,10402,0,0,0,101122
519335201,1,0,100,0,21,0,0,0,0,101122
519335202,1,0,100,0,22,0,0,0,0,101122
519335203,1,0,100,0,23,10402,0,0,0,101122
519335301,1,0,100,0,21,0,0,0,0,101122
519335302,1,0,100,0,22,0,0,0,0,101122
519335303,1,0,100,0,23,10402,0,0,0,101122
519335401,1,0,100,0,21,0,0,0,0,101122
519335402,1,0,100,0,22,0,0,0,0,101122
519335403,1,0,100,0,23,10402,0,0,0,101122
519335501,1,0,100,0,21,0,0,0,0,101132
519335502,1,0,100,0,22,0,0,0,0,101132
519335503,1,0,100,0,23,10402,0,0,0,101132
519335601,1,0,100,0,21,0,0,0,0,101132
519335602,1,0,100,0,22,0,0,0,0,101132
519335603,1,0,100,0,23,10402,0,0,0,101132
519335701,1,0,100,0,21,0,0,0,0,101132
519335702,1,0,100,0,22,0,0,0,0,101132
519335703,1,0,100,0,23,10402,0,0,0,101132
519335801,1,0,100,0,21,0,0,0,0,101132
519335802,1,0,100,0,22,0,0,0,0,101132
519335803,1,0,100,0,23,10402,0,0,0,101132
519335901,1,0,100,0,21,0,0,0,0,101152
519335902,1,0,100,0,22,0,0,0,0,101152
519335903,1,0,100,0,23,10402,0,0,0,101152
519336001,1,0,100,0,21,0,0,0,0,101152
519336002,1,0,100,0,22,0,0,0,0,101152
519336003,1,0,100,0,23,10402,0,0,0,101152
519336101,1,0,100,0,21,0,0,0,0,101152
519336102,1,0,100,0,22,0,0,0,0,101152
519336103,1,0,100,0,23,10402,0,0,0,101152
519336201,1,0,100,0,21,0,0,0,0,101152
519336202,1,0,100,0,22,0,0,0,0,101152
519336203,1,0,100,0,23,10402,0,0,0,101152
519336301,1,0,100,0,21,0,0,0,0,101162
519336302,1,0,100,0,22,0,0,0,0,101162
519336303,1,0,100,0,23,10402,0,0,0,101162
519336401,1,0,100,0,21,0,0,0,0,101162
519336402,1,0,100,0,22,0,0,0,0,101162
519336403,1,0,100,0,23,10402,0,0,0,101162
519336501,1,0,100,0,21,0,0,0,0,101162
519336502,1,0,100,0,22,0,0,0,0,101162
519336503,1,0,100,0,23,10402,0,0,0,101162
519336601,1,0,100,0,21,0,0,0,0,101162
519336602,1,0,100,0,22,0,0,0,0,101162
519336603,1,0,100,0,23,10402,0,0,0,101162
519336701,1,0,100,0,21,0,0,0,0,101172
519336702,1,0,100,0,22,0,0,0,0,101172
519336703,1,0,100,0,23,10402,0,0,0,101172
519336801,1,0,100,0,21,0,0,0,0,101172
519336802,1,0,100,0,22,0,0,0,0,101172
519336803,1,0,100,0,23,10402,0,0,0,101172
519336901,1,0,100,0,21,0,0,0,0,101172
519336902,1,0,100,0,22,0,0,0,0,101172
519336903,1,0,100,0,23,10402,0,0,0,101172
519337001,1,0,100,0,21,0,0,0,0,101172
519337002,1,0,100,0,22,0,0,0,0,101172
519337003,1,0,100,0,23,10402,0,0,0,101172
519337101,1,0,100,0,21,0,0,0,0,101182
519337102,1,0,100,0,22,0,0,0,0,101182
519337103,1,0,100,0,23,10402,0,0,0,101182
519337201,1,0,100,0,21,0,0,0,0,101182
519337202,1,0,100,0,22,0,0,0,0,101182
519337203,1,0,100,0,23,10402,0,0,0,101182
519337301,1,0,100,0,21,0,0,0,0,101182
519337302,1,0,100,0,22,0,0,0,0,101182
519337303,1,0,100,0,23,10402,0,0,0,101182
519337401,1,0,100,0,21,0,0,0,0,101182
519337402,1,0,100,0,22,0,0,0,0,101182
519337403,1,0,100,0,23,10402,0,0,0,101182
519337501,1,0,100,0,21,0,0,0,0,101202
519337502,1,0,100,0,22,0,0,0,0,101202
519337503,1,0,100,0,23,10402,0,0,0,101202
519337601,1,0,100,0,21,0,0,0,0,101202
519337602,1,0,100,0,22,0,0,0,0,101202
519337603,1,0,100,0,23,10402,0,0,0,101202
519337701,1,0,100,0,21,0,0,0,0,101202
519337702,1,0,100,0,22,0,0,0,0,101202
519337703,1,0,100,0,23,10402,0,0,0,101202
519337801,1,0,100,0,21,0,0,0,0,101202
519337802,1,0,100,0,22,0,0,0,0,101202
519337803,1,0,100,0,23,10402,0,0,0,101202
519400101,1,0,100,0,21,10402,0,0,0,0
519400201,1,0,100,0,22,10402,33,0,0,0
519400301,1,0,100,0,22,10402,33,0,0,0
519400401,1,0,100,0,20,10402,44,0,0,0
519400501,1,0,100,0,23,10402,25,0,0,0
519400601,1,0,100,0,22,10402,33,0,0,0
519400701,1,0,100,0,21,10402,33,0,0,0
519400801,1,0,100,0,22,10402,33,0,0,0
519400901,1,0,100,0,23,10402,33,0,0,0
519401001,1,0,100,0,21,10402,0,0,0,0
519401101,1,0,100,0,22,10402,33,0,0,0
519401201,1,0,100,0,22,10402,33,0,0,0
519401301,1,0,100,0,22,10402,33,0,0,0
519401401,1,0,100,0,22,10402,33,0,0,0
519401501,1,0,100,0,22,10402,33,0,0,0
519401601,1,0,100,0,22,10402,33,0,0,0
519401701,1,0,100,0,22,10402,33,0,0,0
519600101,1,0,100,0,108,0,0,0,0,100122
519600201,1,0,100,0,108,0,0,0,0,100122
519600301,1,0,100,0,108,0,0,0,0,100122
519600401,1,0,100,0,108,0,0,0,0,100122
519600501,1,0,100,0,108,0,0,0,0,100122
519600601,1,0,100,0,108,0,0,0,0,100122
519600701,1,0,100,0,108,0,0,0,0,200422
519600801,1,0,100,0,108,0,0,0,0,200422
519600901,1,0,100,0,108,0,0,0,0,200422
519601001,1,0,100,0,108,0,0,0,0,0
519601101,1,0,100,0,108,0,0,0,0,0
519601201,1,0,100,0,108,0,0,0,0,0
519601301,1,0,100,0,108,0,0,0,0,0
519601401,1,0,100,0,108,0,0,0,0,0
519601501,1,0,100,0,108,0,0,0,0,0
519700101,1,0,100,1,102,0,0,0,0,0
519700201,1,0,100,1,23,0,0,0,0,0
519700301,1,0,100,1,102,0,0,0,0,0
519700401,1,0,100,1,23,0,0,0,0,0
519700501,1,0,100,0,23,0,0,0,0,0
519700601,1,0,100,0,23,0,0,0,0,0
519700701,1,0,100,1,23,0,0,0,0,0
519700801,1,0,100,1,23,0,0,0,0,0
519700901,1,0,100,1,23,0,0,0,0,0
519701001,1,0,100,1,23,0,0,0,0,0
519701101,1,0,100,1,23,0,0,0,0,0
519701201,1,0,100,1,23,0,0,0,0,0
519701301,1,0,100,0,102,0,0,0,0,0
519701401,1,0,100,0,102,0,0,0,0,0
519701501,1,0,100,0,23,0,0,0,0,0
519701601,1,0,100,0,23,0,0,0,0,0
519701701,1,0,100,0,23,0,0,0,0,0
519701801,1,0,100,0,23,0,0,0,0,0
519701901,1,0,100,0,23,0,0,0,0,0
519702001,1,0,100,0,23,0,0,0,0,0
519702101,1,0,100,1,23,0,0,0,0,0
519702201,1,0,100,1,23,0,0,0,0,0
519702301,1,0,100,1,23,0,0,0,0,0
519702401,1,0,100,1,23,0,0,0,0,0
519702501,1,0,100,1,23,0,0,0,0,0
519702601,1,0,100,1,23,0,0,0,0,0
519702701,1,0,100,1,23,0,0,0,0,0
519702801,1,0,100,1,23,0,0,0,0,0
519702901,1,0,100,1,23,0,0,0,0,0
519703001,1,0,100,0,23,0,0,0,0,0
519800101,1,0,12,0,109,0,0,0,0,0
519800101,2,0,11,0,109,0,0,0,0,0
519800101,3,0,11,0,109,0,0,0,0,0
519800101,4,0,11,0,109,0,0,0,0,0
519800101,5,0,11,0,109,0,0,0,0,0
519800101,6,0,11,0,109,0,0,0,0,0
519800101,7,0,11,0,109,0,0,0,0,0
519800101,8,0,11,0,109,0,0,0,0,0
519800101,9,0,11,0,109,0,0,0,0,0
519800201,1,0,100,0,109,0,0,0,0,0
519800301,1,0,100,0,109,0,0,0,0,0
519800401,1,0,100,0,109,0,0,0,0,0
519800501,1,0,100,0,109,0,0,0,0,0
519800601,1,0,100,0,109,0,0,0,0,0
519800701,1,0,100,0,109,0,0,0,0,0
519800801,1,0,100,0,109,0,0,0,0,0
519800901,1,0,100,0,109,0,0,0,0,0
519801001,1,0,100,0,109,0,0,0,0,0
520100101,1,0,100,0,21,0,33,0,0,0
520100102,1,0,100,0,21,0,33,0,0,0
520100103,1,0,100,0,21,0,13,0,0,0
520100201,1,0,100,0,21,0,33,0,0,0
520100202,1,0,100,0,21,0,33,0,0,0
520100203,1,0,100,0,21,0,13,0,0,0
520100301,1,0,100,0,21,0,33,0,0,0
520100302,1,0,100,0,21,0,33,0,0,0
520100303,1,0,100,0,21,0,13,0,0,0
520100401,1,0,100,0,21,0,13,0,0,0
520100501,1,0,100,0,21,0,33,0,0,0
520100502,1,0,100,0,21,0,33,0,0,0
520100503,1,0,100,0,21,0,13,0,0,0
520100601,1,0,100,0,21,0,33,0,0,0
520100602,1,0,100,0,21,0,33,0,0,0
520100603,1,0,100,0,21,0,13,0,0,0
520100701,1,0,100,0,21,0,33,0,0,0
520100702,1,0,100,0,21,0,33,0,0,0
520100703,1,0,100,0,21,0,13,0,0,0
520100801,1,0,100,0,21,0,13,0,0,0
520100901,1,0,100,0,21,0,33,0,0,0
520100902,1,0,100,0,21,0,33,0,0,0
520100903,1,0,100,0,21,0,13,0,0,0
520101001,1,0,100,0,21,0,33,0,0,0
520101002,1,0,100,0,21,0,33,0,0,0
520101003,1,0,100,0,21,0,13,0,0,0
520101101,1,0,100,0,21,0,33,0,0,0
520101102,1,0,100,0,21,0,33,0,0,0
520101103,1,0,100,0,21,0,13,0,0,0
520101201,1,0,100,0,22,0,13,0,0,0
520101301,1,0,100,0,22,0,33,0,0,0
520101302,1,0,100,0,22,0,33,0,0,0
520101303,1,0,100,0,22,0,13,0,0,0
520101401,1,0,100,0,22,0,33,0,0,0
520101402,1,0,100,0,22,0,33,0,0,0
520101403,1,0,100,0,22,0,13,0,0,0
520101501,1,0,100,0,22,0,33,0,0,0
520101502,1,0,100,0,22,0,33,0,0,0
520101503,1,0,100,0,21,0,13,0,0,0
520101601,1,0,100,0,22,0,13,0,0,0
520101701,1,0,100,0,22,0,33,0,0,0
520101702,1,0,100,0,22,0,33,0,0,0
520101703,1,0,100,0,22,0,13,0,0,0
520101801,1,0,100,0,22,0,33,0,0,0
520101802,1,0,100,0,22,0,33,0,0,0
520101803,1,0,100,0,22,0,13,0,0,0
520101901,1,0,100,0,22,0,33,0,0,0
520101902,1,0,100,0,22,0,33,0,0,0
520101903,1,0,100,0,22,0,13,0,0,0
520102001,1,0,100,0,22,0,13,0,0,0
520102101,1,0,100,0,22,0,33,0,0,0
520102102,1,0,100,0,22,0,33,0,0,0
520102103,1,0,100,0,22,0,13,0,0,0
520102201,1,0,100,0,22,0,33,0,0,0
520102202,1,0,100,0,22,0,33,0,0,0
520102203,1,0,100,0,22,0,13,0,0,0
520102301,1,0,100,0,22,0,33,0,0,0
520102302,1,0,100,0,22,0,33,0,0,0
520102303,1,0,100,0,22,0,13,0,0,0
520102401,1,0,100,0,22,0,13,0,0,0
520102501,1,0,100,0,22,0,33,0,0,0
520102502,1,0,100,0,22,0,33,0,0,0
520102503,1,0,100,0,22,0,13,0,0,0
520102601,1,0,100,0,22,0,33,0,0,0
520102602,1,0,100,0,22,0,33,0,0,0
520102603,1,0,100,0,22,0,13,0,0,0
520102701,1,0,100,0,22,0,33,0,0,0
520102702,1,0,100,0,22,0,33,0,0,0
520102703,1,0,100,0,22,0,13,0,0,0
520102801,1,0,100,0,23,0,13,0,0,0
520102901,1,0,100,0,22,0,33,0,0,0
520102902,1,0,100,0,22,0,33,0,0,0
520102903,1,0,100,0,22,0,13,0,0,0
520103001,1,0,100,0,22,0,33,0,0,0
520103002,1,0,100,0,22,0,33,0,0,0
520103003,1,0,100,0,22,0,13,0,0,0
520103101,1,0,100,0,22,0,33,0,0,0
520103102,1,0,100,0,22,0,33,0,0,0
520103103,1,0,100,0,22,0,13,0,0,0
520103201,1,0,100,0,23,0,13,0,0,0
520103301,1,0,100,0,22,0,33,0,0,201121
520103302,1,0,100,0,22,0,33,0,0,201121
520103303,1,0,100,0,22,0,13,0,0,201121
520103401,1,0,100,0,22,0,33,0,0,201121
520103402,1,0,100,0,22,0,33,0,0,201121
520103403,1,0,100,0,22,0,13,0,0,201121
520103501,1,0,100,0,22,0,33,0,0,201121
520103502,1,0,100,0,22,0,33,0,0,201121
520103503,1,0,100,0,22,0,13,0,0,201121
520103601,1,0,100,0,23,0,13,0,0,201121
520103701,1,0,100,0,22,0,33,0,0,0
520103702,1,0,100,0,22,0,33,0,0,0
520103703,1,0,100,0,22,0,13,0,0,0
520103801,1,0,100,0,22,0,33,0,0,0
520103802,1,0,100,0,22,0,33,0,0,0
520103803,1,0,100,0,22,0,13,0,0,0
520103901,1,0,100,0,22,0,33,0,0,0
520103902,1,0,100,0,22,0,33,0,0,0
520103903,1,0,100,0,22,0,13,0,0,0
520104001,1,0,100,0,23,0,13,0,0,0
520104101,1,0,100,0,22,0,33,0,0,0
520104102,1,0,100,0,22,0,33,0,0,0
520104103,1,0,100,0,22,0,13,0,0,0
520104201,1,0,100,0,22,0,33,0,0,0
520104202,1,0,100,0,22,0,33,0,0,0
520104203,1,0,100,0,22,0,13,0,0,0
520104301,1,0,100,0,22,0,33,0,0,0
520104302,1,0,100,0,22,0,33,0,0,0
520104303,1,0,100,0,22,0,13,0,0,0
520104401,1,0,100,0,23,0,13,0,0,0
520104501,1,0,100,0,22,0,33,0,0,0
520104502,1,0,100,0,22,0,33,0,0,0
520104503,1,0,100,0,22,0,13,0,0,0
520104601,1,0,100,0,22,0,33,0,0,0
520104602,1,0,100,0,22,0,33,0,0,0
520104603,1,0,100,0,22,0,13,0,0,0
520104701,1,0,100,0,22,0,33,0,0,0
520104702,1,0,100,0,22,0,33,0,0,0
520104703,1,0,100,0,22,0,13,0,0,0
520104801,1,0,100,0,23,0,13,0,0,0
520104901,1,0,100,0,22,0,33,0,0,0
520104902,1,0,100,0,22,0,33,0,0,0
520104903,1,0,100,0,22,0,13,0,0,0
520105001,1,0,100,0,22,0,33,0,0,0
520105002,1,0,100,0,22,0,33,0,0,0
520105003,1,0,100,0,22,0,13,0,0,0
520105101,1,0,100,0,22,0,33,0,0,0
520105102,1,0,100,0,22,0,33,0,0,0
520105103,1,0,100,0,22,0,13,0,0,0
520105201,1,0,100,0,23,0,13,0,0,0
520105301,1,0,100,0,22,0,33,0,0,0
520105302,1,0,100,0,22,0,33,0,0,0
520105303,1,0,100,1,22,0,13,0,0,0
520105401,1,0,100,0,22,0,33,0,0,0
520105402,1,0,100,0,22,0,33,0,0,0
520105403,1,0,100,1,22,0,13,0,0,0
520105501,1,0,100,0,22,0,33,0,0,0
520105502,1,0,100,0,22,0,33,0,0,0
520105503,1,0,100,1,22,0,13,0,0,0
520105601,1,0,100,1,23,0,13,0,0,0
520105701,1,0,100,0,22,0,33,0,0,0
520105702,1,0,100,0,22,0,33,0,0,0
520105703,1,0,100,1,22,0,13,0,0,0
520105801,1,0,100,0,22,0,33,0,0,0
520105802,1,0,100,0,22,0,33,0,0,0
520105803,1,0,100,1,22,0,13,0,0,0
520105901,1,0,100,0,22,0,33,0,0,0
520105902,1,0,100,0,22,0,33,0,0,0
520105903,1,0,100,1,22,0,13,0,0,0
520106001,1,0,100,1,23,0,13,0,0,0
520106101,1,0,100,0,22,0,33,0,0,0
520106102,1,0,100,0,22,0,33,0,0,0
520106103,1,0,100,1,22,0,13,0,0,0
520106201,1,0,100,0,22,0,33,0,0,0
520106202,1,0,100,0,22,0,33,0,0,0
520106203,1,0,100,1,22,0,13,0,0,0
520106301,1,0,100,0,22,0,33,0,0,0
520106302,1,0,100,0,22,0,33,0,0,0
520106303,1,0,100,1,22,0,13,0,0,0
520106401,1,0,100,1,23,0,13,0,0,0
520106501,1,0,100,0,22,0,33,0,0,0
520106502,1,0,100,0,22,0,33,0,0,0
520106503,1,0,100,1,22,0,13,0,0,0
520106601,1,0,100,0,22,0,33,0,0,0
520106602,1,0,100,0,22,0,33,0,0,0
520106603,1,0,100,1,22,0,13,0,0,0
520106701,1,0,100,0,22,0,33,0,0,0
520106702,1,0,100,0,22,0,33,0,0,0
520106703,1,0,100,1,22,0,13,0,0,0
520106801,1,0,100,1,23,0,13,0,0,0
520106901,1,0,100,0,22,0,33,0,0,0
520106902,1,0,100,0,22,0,33,0,0,0
520106903,1,0,100,0,22,0,13,0,0,0
520107001,1,0,100,0,22,0,33,0,0,0
520107002,1,0,100,0,22,0,33,0,0,0
520107003,1,0,100,0,22,0,13,0,0,0
520107101,1,0,100,0,22,0,33,0,0,0
520107102,1,0,100,0,22,0,33,0,0,0
520107103,1,0,100,0,22,0,13,0,0,0
520107201,1,0,100,0,23,0,13,0,0,0
520107301,1,0,100,0,22,0,33,0,0,0
520107302,1,0,100,0,22,0,33,0,0,0
520107303,1,0,100,0,22,0,13,0,0,0
520107401,1,0,100,0,22,0,33,0,0,0
520107402,1,0,100,0,22,0,33,0,0,0
520107403,1,0,100,0,22,0,13,0,0,0
520107501,1,0,100,0,22,0,33,0,0,0
520107502,1,0,100,0,22,0,33,0,0,0
520107503,1,0,100,0,22,0,13,0,0,0
520107601,1,0,100,1,23,0,13,0,0,0
520200101,1,0,100,0,21,0,13,0,0,0
520200201,1,0,100,0,102,0,13,0,0,0
520200301,1,0,100,0,102,0,13,0,0,0
520200401,1,0,100,0,102,0,13,0,0,0
520200501,1,0,100,0,21,0,13,0,0,0
520200601,1,0,100,0,102,0,13,0,0,0
520200701,1,0,100,0,102,0,13,0,0,0
520200801,1,0,100,0,102,0,13,0,0,0
520200901,1,0,100,0,22,0,13,0,0,0
520201001,1,0,100,0,22,0,13,0,0,0
520201101,1,0,100,0,22,0,13,0,0,0
520201201,1,0,100,0,22,0,13,0,0,0
520201301,1,0,100,0,22,0,13,0,0,0
520201401,1,0,100,0,22,0,33,0,0,0
520201501,1,0,100,0,22,0,33,0,0,0
520201601,1,0,100,0,22,0,33,0,0,0
520201701,1,0,100,0,22,0,13,0,0,0
520201801,1,0,100,0,22,0,33,0,0,0
520201901,1,0,100,0,22,0,33,0,0,0
520202001,1,0,100,0,22,0,33,0,0,0
520202101,1,0,100,0,22,0,33,0,0,0
520202201,1,0,100,0,22,0,13,0,0,0
520202301,1,0,100,0,22,0,13,0,0,0
520202401,1,0,100,0,22,0,13,0,0,0
520202501,1,0,100,0,22,0,13,0,0,0
520202601,1,0,100,0,22,0,13,0,0,0
520202701,1,0,100,0,23,0,13,0,0,0
520202801,1,0,100,0,22,0,13,0,0,0
520202901,1,0,100,0,22,0,13,0,0,0
520203001,1,0,100,0,22,0,13,0,0,0
520203101,1,0,100,0,22,0,13,0,0,0
520203201,1,0,100,0,23,0,13,0,0,0
520203301,1,0,100,0,102,0,13,0,0,0
520203401,1,0,100,0,102,0,13,0,0,0
520203501,1,0,100,0,102,0,13,0,0,0
520203601,1,0,100,0,102,0,13,0,0,0
520203701,1,0,100,0,23,0,13,0,0,201121
520203801,1,0,100,0,102,0,13,0,0,201121
520203901,1,0,100,0,102,0,13,0,0,201121
520204001,1,0,100,0,102,0,13,0,0,201121
520204101,1,0,100,0,102,0,13,0,0,201121
520204201,1,0,100,0,23,0,13,0,0,0
520204301,1,0,100,0,22,0,13,0,0,0
520204401,1,0,100,0,22,0,13,0,0,0
520204501,1,0,100,0,22,0,13,0,0,0
520204601,1,0,100,0,22,0,13,0,0,0
520204701,1,0,100,0,23,0,13,0,0,0
520204801,1,0,100,0,22,0,13,0,0,0
520204901,1,0,100,0,22,0,13,0,0,0
520205001,1,0,100,0,22,0,13,0,0,0
520205101,1,0,100,0,22,0,13,0,0,0
520205201,1,0,100,0,23,0,13,0,0,0
520205301,1,0,100,0,23,0,33,0,0,0
520205401,1,0,100,0,23,0,33,0,0,0
520205501,1,0,100,0,23,0,33,0,0,0
520205601,1,0,100,0,23,0,33,0,0,0
520205701,1,0,100,0,23,0,13,0,0,0
520205801,1,0,100,0,22,0,33,0,0,0
520205901,1,0,100,0,22,0,33,0,0,0
520206001,1,0,100,0,22,0,33,0,0,0
520206101,1,0,100,0,22,0,33,0,0,0
520206201,1,0,100,0,23,0,13,0,0,0
520206301,1,0,100,0,22,0,33,0,0,0
520206401,1,0,100,0,22,0,33,0,0,0
520206501,1,0,100,0,22,0,33,0,0,0
520206601,1,0,100,0,22,0,33,0,0,0
520206701,1,0,100,1,23,0,13,0,0,0
520206801,1,0,100,0,22,0,33,0,0,0
520206901,1,0,100,0,22,0,33,0,0,0
520207001,1,0,100,0,22,0,33,0,0,0
520207101,1,0,100,0,22,0,33,0,0,0
520207201,1,0,100,1,23,0,13,0,0,0
520207301,1,0,100,0,22,0,33,0,0,0
520207401,1,0,100,0,22,0,33,0,0,0
520207501,1,0,100,0,22,0,33,0,0,0
520207601,1,0,100,0,22,0,33,0,0,0
520207701,1,0,100,1,23,0,13,0,0,0
520207801,1,0,100,0,22,0,33,0,0,0
520207901,1,0,100,0,22,0,33,0,0,0
520208001,1,0,100,0,22,0,33,0,0,0
520208101,1,0,100,0,22,0,33,0,0,0
520208201,1,0,100,0,23,0,13,0,0,0
520208301,1,0,100,0,22,0,33,0,0,0
520208401,1,0,100,0,22,0,33,0,0,0
520208501,1,0,100,0,22,0,33,0,0,0
520208601,1,0,100,0,22,0,33,0,0,0
520208701,1,0,100,0,23,0,13,0,0,0
520208801,1,0,100,0,22,0,33,0,0,0
520208901,1,0,100,0,22,0,33,0,0,0
520209001,1,0,100,0,22,0,33,0,0,0
520209101,1,0,100,0,22,0,33,0,0,0
521110101,1,0,100,0,20,0,0,0,0,0
521110201,1,0,100,0,21,0,0,0,0,0
521110301,1,0,100,0,20,0,0,0,0,0
521110401,1,0,100,0,20,0,0,0,0,0
521110501,1,0,100,0,22,0,13,0,0,0
521110601,1,0,100,0,22,0,0,0,0,0
521110701,1,0,100,0,21,0,0,0,0,0
521110801,1,0,100,0,21,0,0,0,0,0
521110901,1,0,100,0,21,0,0,0,0,0
521111001,1,0,100,0,22,0,13,0,0,0
521111101,1,0,100,0,21,0,0,0,0,0
521111201,1,0,100,0,20,0,0,0,0,0
521111301,1,0,100,0,21,0,0,0,0,0
521111401,1,0,100,0,21,0,0,0,0,0
521111501,1,0,100,0,22,0,13,0,0,0
521111601,1,0,100,0,21,0,0,0,0,0
521111701,1,0,100,0,21,0,0,0,0,0
521111801,1,0,100,0,21,0,0,0,0,0
521111901,1,0,100,0,22,0,0,0,0,0
521112001,1,0,100,0,22,0,0,0,0,0
521112101,1,0,100,0,21,0,0,0,0,0
521112201,1,0,100,0,22,0,0,0,0,0
521112301,1,0,100,0,21,0,0,0,0,0
521112401,1,0,100,0,22,0,0,0,0,0
521112501,1,0,100,0,22,0,13,0,0,0
521112601,1,0,100,0,22,0,0,0,0,0
521112701,1,0,100,0,22,0,0,0,0,0
521112801,1,0,100,0,21,0,0,0,0,0
521112901,1,0,100,0,22,0,0,0,0,0
521113001,1,0,100,0,22,0,13,0,0,0
522113101,1,0,100,0,22,0,0,0,0,0
522113201,1,0,100,0,22,0,0,0,0,0
522113301,1,0,100,0,21,0,0,0,0,0
522113401,1,0,100,0,22,0,0,0,0,0
522113501,1,0,100,0,22,0,13,0,0,0
522113601,1,0,100,0,22,0,0,0,0,0
522113701,1,0,100,0,22,0,0,0,0,0
522113801,1,0,100,0,22,0,33,0,0,0
522113901,1,0,100,0,22,0,0,0,0,0
522114001,1,0,100,0,22,0,33,0,0,0
523100101,1,0,2200,0,22,0,0,0,0,0
523100101,2,0,2200,0,22,0,0,0,0,0
523100101,3,0,2200,0,22,0,0,0,0,0
523100101,4,0,2200,0,22,0,0,0,0,0
523100101,5,1,1200,0,22,0,0,0,0,0
523100102,1,1,1200,0,22,0,0,0,0,0
523100102,6,0,2200,0,22,0,0,0,0,0
523100102,7,0,2200,0,22,0,0,0,0,0
523100102,8,0,2200,0,22,0,0,0,0,0
523100102,9,0,2200,0,22,0,0,0,0,0
523100103,1,1,1200,0,22,0,0,0,0,0
523100103,2,0,2200,0,22,0,0,0,0,0
523100103,3,0,2200,0,22,0,0,0,0,0
523100103,4,0,2200,0,22,0,0,0,0,0
523100103,5,0,2200,0,22,0,0,0,0,0
523100104,1,1,1200,0,22,0,0,0,0,0
523100104,2,0,2200,0,22,0,0,0,0,0
523100104,3,0,2200,0,22,0,0,0,0,0
523100104,4,0,2200,0,22,0,0,0,0,0
523100104,5,0,2200,0,22,0,0,0,0,0
523100105,1,1,1200,0,22,0,0,0,0,0
523100105,2,0,2200,0,22,0,0,0,0,0
523100105,3,0,2200,0,22,0,0,0,0,0
523100105,4,0,2200,0,22,0,0,0,0,0
523100105,5,0,2200,0,22,0,0,0,0,0
523100106,1,1,1200,0,22,0,0,0,0,0
523100106,2,0,2200,0,22,0,0,0,0,0
523100106,3,0,2200,0,22,0,0,0,0,0
523100106,4,0,2200,0,22,0,0,0,0,0
523100106,5,0,2200,0,22,0,0,0,0,0
523100107,1,0,2200,0,22,0,0,0,0,0
523100107,2,0,2200,0,22,0,0,0,0,0
523100107,3,0,2200,0,22,0,0,0,0,0
523100107,4,0,2200,0,22,0,0,0,0,0
523100107,5,1,1200,0,22,0,0,0,0,0
523100108,1,0,2200,0,22,0,0,0,0,0
523100108,2,0,2200,0,22,0,0,0,0,0
523100108,3,0,2200,0,22,0,0,0,0,0
523100108,4,0,2200,0,22,0,0,0,0,0
523100108,5,1,1200,0,22,0,0,0,0,0
523100109,1,0,2200,0,22,0,0,0,0,0
523100109,2,0,2200,0,22,0,0,0,0,0
523100109,3,0,2200,0,22,0,0,0,0,0
523100109,4,0,2200,0,22,0,0,0,0,0
523100109,5,1,1200,0,22,0,0,0,0,0
523100110,1,0,2200,0,22,0,0,0,0,0
523100110,2,0,2200,0,22,0,0,0,0,0
523100110,3,0,2200,0,22,0,0,0,0,0
523100110,4,0,2200,0,22,0,0,0,0,0
523100110,5,1,1200,0,22,0,0,0,0,0
523200101,1,0,2200,0,22,0,0,0,0,0
523200101,2,0,2200,0,22,0,0,0,0,0
523200101,3,0,2200,0,22,0,0,0,0,0
523200101,4,0,2200,0,22,0,0,0,0,0
523200101,5,1,1200,0,22,0,0,0,0,0
523200102,1,1,1200,0,22,0,0,0,0,0
523200102,6,0,2200,0,22,0,0,0,0,0
523200102,7,0,2200,0,22,0,0,0,0,0
523200102,8,0,2200,0,22,0,0,0,0,0
523200102,9,0,2200,0,22,0,0,0,0,0
523200103,1,1,1200,0,22,0,0,0,0,0
523200103,2,0,2200,0,22,0,0,0,0,0
523200103,3,0,2200,0,22,0,0,0,0,0
523200103,4,0,2200,0,22,0,0,0,0,0
523200103,5,0,2200,0,22,0,0,0,0,0
523200104,1,1,1200,0,22,0,0,0,0,0
523200104,2,0,2200,0,22,0,0,0,0,0
523200104,3,0,2200,0,22,0,0,0,0,0
523200104,4,0,2200,0,22,0,0,0,0,0
523200104,5,0,2200,0,22,0,0,0,0,0
523200105,1,1,1200,0,22,0,0,0,0,0
523200105,2,0,2200,0,22,0,0,0,0,0
523200105,3,0,2200,0,22,0,0,0,0,0
523200105,4,0,2200,0,22,0,0,0,0,0
523200105,5,0,2200,0,22,0,0,0,0,0
523200106,1,1,1200,0,22,0,0,0,0,0
523200106,2,0,2200,0,22,0,0,0,0,0
523200106,3,0,2200,0,22,0,0,0,0,0
523200106,4,0,2200,0,22,0,0,0,0,0
523200106,5,0,2200,0,22,0,0,0,0,0
523200107,1,0,2200,0,22,0,0,0,0,0
523200107,2,0,2200,0,22,0,0,0,0,0
523200107,3,0,2200,0,22,0,0,0,0,0
523200107,4,0,2200,0,22,0,0,0,0,0
523200107,5,1,1200,0,22,0,0,0,0,0
523200108,1,0,2200,0,22,0,0,0,0,0
523200108,2,0,2200,0,22,0,0,0,0,0
523200108,3,0,2200,0,22,0,0,0,0,0
523200108,4,0,2200,0,22,0,0,0,0,0
523200108,5,1,1200,0,22,0,0,0,0,0
523200109,1,0,2200,0,22,0,0,0,0,0
523200109,2,0,2200,0,22,0,0,0,0,0
523200109,3,0,2200,0,22,0,0,0,0,0
523200109,4,0,2200,0,22,0,0,0,0,0
523200109,5,1,1200,0,22,0,0,0,0,0
523200110,1,0,2200,0,22,0,0,0,0,0
523200110,2,0,2200,0,22,0,0,0,0,0
523200110,3,0,2200,0,22,0,0,0,0,0
523200110,4,0,2200,0,22,0,0,0,0,0
523200110,5,1,1200,0,22,0,0,0,0,0
523300101,1,0,2200,0,22,0,0,0,0,0
523300101,2,0,2200,0,22,0,0,0,0,0
523300101,3,0,2200,0,22,0,0,0,0,0
523300101,4,0,2200,0,22,0,0,0,0,0
523300101,5,1,1200,0,22,0,0,0,0,0
523300102,1,0,2200,0,22,0,0,0,0,0
523300102,2,0,2200,0,22,0,0,0,0,0
523300102,3,0,2200,0,22,0,0,0,0,0
523300102,4,0,2200,0,22,0,0,0,0,0
523300102,5,1,1200,0,22,0,0,0,0,0
523300103,1,0,2200,0,22,0,0,0,0,0
523300103,2,0,2200,0,22,0,0,0,0,0
523300103,3,0,2200,0,22,0,0,0,0,0
523300103,4,0,2200,0,22,0,0,0,0,0
523300103,5,1,1200,0,22,0,0,0,0,0
523300104,1,0,2200,0,22,0,0,0,0,0
523300104,2,0,2200,0,22,0,0,0,0,0
523300104,3,0,2200,0,22,0,0,0,0,0
523300104,4,0,2200,0,22,0,0,0,0,0
523300104,5,1,1200,0,22,0,0,0,0,0
523300105,1,0,2200,0,22,0,0,0,0,0
523300105,2,0,2200,0,22,0,0,0,0,0
523300105,3,0,2200,0,22,0,0,0,0,0
523300105,4,0,2200,0,22,0,0,0,0,0
523300105,5,1,1200,0,22,0,0,0,0,0
523300106,1,0,2200,0,22,0,0,0,0,0
523300106,2,0,2200,0,22,0,0,0,0,0
523300106,3,0,2200,0,22,0,0,0,0,0
523300106,4,0,2200,0,22,0,0,0,0,0
523300106,5,1,1200,0,22,0,0,0,0,0
523300107,1,0,2200,0,22,0,0,0,0,0
523300107,2,0,2200,0,22,0,0,0,0,0
523300107,3,0,2200,0,22,0,0,0,0,0
523300107,4,0,2200,0,22,0,0,0,0,0
523300107,5,1,1200,0,22,0,0,0,0,0
523300108,1,0,2200,0,22,0,0,0,0,0
523300108,2,0,2200,0,22,0,0,0,0,0
523300108,3,0,2200,0,22,0,0,0,0,0
523300108,4,0,2200,0,22,0,0,0,0,0
523300108,5,1,1200,0,22,0,0,0,0,0
523300109,1,0,2200,0,22,0,0,0,0,0
523300109,2,0,2200,0,22,0,0,0,0,0
523300109,3,0,2200,0,22,0,0,0,0,0
523300109,4,0,2200,0,22,0,0,0,0,0
523300109,5,1,1200,0,22,0,0,0,0,0
523300110,1,0,2200,0,22,0,0,0,0,0
523300110,2,0,2200,0,22,0,0,0,0,0
523300110,3,0,2200,0,22,0,0,0,0,0
523300110,4,0,2200,0,22,0,0,0,0,0
523300110,5,1,1200,0,22,0,0,0,0,0
523400101,1,0,2200,0,22,0,0,0,0,0
523400101,2,0,2200,0,22,0,0,0,0,0
523400101,3,0,2200,0,22,0,0,0,0,0
523400101,4,0,2200,0,22,0,0,0,0,0
523400101,5,1,1200,0,22,0,0,0,0,0
523400102,1,0,2200,0,22,0,0,0,0,0
523400102,2,0,2200,0,22,0,0,0,0,0
523400102,3,0,2200,0,22,0,0,0,0,0
523400102,4,0,2200,0,22,0,0,0,0,0
523400102,5,1,1200,0,22,0,0,0,0,0
523400103,1,0,2200,0,22,0,0,0,0,0
523400103,2,0,2200,0,22,0,0,0,0,0
523400103,3,0,2200,0,22,0,0,0,0,0
523400103,4,0,2200,0,22,0,0,0,0,0
523400103,5,1,1200,0,22,0,0,0,0,0
523400104,1,0,2200,0,22,0,0,0,0,0
523400104,2,0,2200,0,22,0,0,0,0,0
523400104,3,0,2200,0,22,0,0,0,0,0
523400104,4,0,2200,0,22,0,0,0,0,0
523400104,5,1,1200,0,22,0,0,0,0,0
523400105,1,0,2200,0,22,0,0,0,0,0
523400105,2,0,2200,0,22,0,0,0,0,0
523400105,3,0,2200,0,22,0,0,0,0,0
523400105,4,0,2200,0,22,0,0,0,0,0
523400105,5,1,1200,0,22,0,0,0,0,0
523400106,1,0,2200,0,22,0,0,0,0,0
523400106,2,0,2200,0,22,0,0,0,0,0
523400106,3,0,2200,0,22,0,0,0,0,0
523400106,4,0,2200,0,22,0,0,0,0,0
523400106,5,1,1200,0,22,0,0,0,0,0
523400107,1,0,2200,0,22,0,0,0,0,0
523400107,2,0,2200,0,22,0,0,0,0,0
523400107,3,0,2200,0,22,0,0,0,0,0
523400107,4,0,2200,0,22,0,0,0,0,0
523400107,5,1,1200,0,22,0,0,0,0,0
523400108,1,0,2200,0,22,0,0,0,0,0
523400108,2,0,2200,0,22,0,0,0,0,0
523400108,3,0,2200,0,22,0,0,0,0,0
523400108,4,0,2200,0,22,0,0,0,0,0
523400108,5,1,1200,0,22,0,0,0,0,0
523400109,1,0,2200,0,22,0,0,0,0,0
523400109,2,0,2200,0,22,0,0,0,0,0
523400109,3,0,2200,0,22,0,0,0,0,0
523400109,4,0,2200,0,22,0,0,0,0,0
523400109,5,1,1200,0,22,0,0,0,0,0
523400110,1,0,2200,0,22,0,0,0,0,0
523400110,2,0,2200,0,22,0,0,0,0,0
523400110,3,0,2200,0,22,0,0,0,0,0
523400110,4,0,2200,0,22,0,0,0,0,0
523400110,5,1,1200,0,22,0,0,0,0,0
523500101,1,0,2200,0,22,0,0,0,0,0
523500101,2,0,2200,0,22,0,0,0,0,0
523500101,3,0,2200,0,22,0,0,0,0,0
523500101,4,0,2200,0,22,0,0,0,0,0
523500101,5,1,1200,0,22,0,0,0,0,0
523500102,1,0,2200,0,22,0,0,0,0,0
523500102,2,0,2200,0,22,0,0,0,0,0
523500102,3,0,2200,0,22,0,0,0,0,0
523500102,4,0,2200,0,22,0,0,0,0,0
523500102,5,1,1200,0,22,0,0,0,0,0
523500103,1,0,2200,0,22,0,0,0,0,0
523500103,2,0,2200,0,22,0,0,0,0,0
523500103,3,0,2200,0,22,0,0,0,0,0
523500103,4,0,2200,0,22,0,0,0,0,0
523500103,5,1,1200,0,22,0,0,0,0,0
523500104,1,0,2200,0,22,0,0,0,0,0
523500104,2,0,2200,0,22,0,0,0,0,0
523500104,3,0,2200,0,22,0,0,0,0,0
523500104,4,0,2200,0,22,0,0,0,0,0
523500104,5,1,1200,0,22,0,0,0,0,0
523500105,1,0,2200,0,22,0,0,0,0,0
523500105,2,0,2200,0,22,0,0,0,0,0
523500105,3,0,2200,0,22,0,0,0,0,0
523500105,4,0,2200,0,22,0,0,0,0,0
523500105,5,1,1200,0,22,0,0,0,0,0
523500106,1,0,2200,0,22,0,0,0,0,0
523500106,2,0,2200,0,22,0,0,0,0,0
523500106,3,0,2200,0,22,0,0,0,0,0
523500106,4,0,2200,0,22,0,0,0,0,0
523500106,5,1,1200,0,22,0,0,0,0,0
523500107,1,0,2200,0,22,0,0,0,0,0
523500107,2,0,2200,0,22,0,0,0,0,0
523500107,3,0,2200,0,22,0,0,0,0,0
523500107,4,0,2200,0,22,0,0,0,0,0
523500107,5,1,1200,0,22,0,0,0,0,0
523500108,1,0,2200,0,22,0,0,0,0,0
523500108,2,0,2200,0,22,0,0,0,0,0
523500108,3,0,2200,0,22,0,0,0,0,0
523500108,4,0,2200,0,22,0,0,0,0,0
523500108,5,1,1200,0,22,0,0,0,0,0
523600101,1,0,2200,0,22,0,0,0,0,0
523600101,2,0,2200,0,22,0,0,0,0,0
523600101,3,0,2200,0,22,0,0,0,0,0
523600101,4,0,2200,0,22,0,0,0,0,0
523600101,5,1,1200,0,22,0,0,0,0,0
523600102,1,0,2200,0,22,0,0,0,0,0
523600102,2,0,2200,0,22,0,0,0,0,0
523600102,3,0,2200,0,22,0,0,0,0,0
523600102,4,0,2200,0,22,0,0,0,0,0
523600102,5,1,1200,0,22,0,0,0,0,0
523600103,1,0,2200,0,22,0,0,0,0,0
523600103,2,0,2200,0,22,0,0,0,0,0
523600103,3,0,2200,0,22,0,0,0,0,0
523600103,4,0,2200,0,22,0,0,0,0,0
523600103,5,1,1200,0,22,0,0,0,0,0
523600104,1,0,2200,0,22,0,0,0,0,0
523600104,2,0,2200,0,22,0,0,0,0,0
523600104,3,0,2200,0,22,0,0,0,0,0
523600104,4,0,2200,0,22,0,0,0,0,0
523600104,5,1,1200,0,22,0,0,0,0,0
523600105,1,0,2200,0,22,0,0,0,0,0
523600105,2,0,2200,0,22,0,0,0,0,0
523600105,3,0,2200,0,22,0,0,0,0,0
523600105,4,0,2200,0,22,0,0,0,0,0
523600105,5,1,1200,0,22,0,0,0,0,0
523600106,1,0,2200,0,22,0,0,0,0,0
523600106,2,0,2200,0,22,0,0,0,0,0
523600106,3,0,2200,0,22,0,0,0,0,0
523600106,4,0,2200,0,22,0,0,0,0,0
523600106,5,1,1200,0,22,0,0,0,0,0
523600107,1,0,2200,0,22,0,0,0,0,0
523600107,2,0,2200,0,22,0,0,0,0,0
523600107,3,0,2200,0,22,0,0,0,0,0
523600107,4,0,2200,0,22,0,0,0,0,0
523600107,5,1,1200,0,22,0,0,0,0,0
523600108,1,0,2200,0,22,0,0,0,0,0
523600108,2,0,2200,0,22,0,0,0,0,0
523600108,3,0,2200,0,22,0,0,0,0,0
523600108,4,0,2200,0,22,0,0,0,0,0
523600108,5,1,1200,0,22,0,0,0,0,0
523700101,1,0,2200,0,22,0,0,0,0,0
523700101,2,0,2200,0,22,0,0,0,0,0
523700101,3,0,2200,0,22,0,0,0,0,0
523700101,4,0,2200,0,22,0,0,0,0,0
523700101,5,1,1200,0,22,0,0,0,0,0
523700102,1,0,2200,0,22,0,0,0,0,0
523700102,2,0,2200,0,22,0,0,0,0,0
523700102,3,0,2200,0,22,0,0,0,0,0
523700102,4,0,2200,0,22,0,0,0,0,0
523700102,5,1,1200,0,22,0,0,0,0,0
523700103,1,0,2200,0,22,0,0,0,0,0
523700103,2,0,2200,0,22,0,0,0,0,0
523700103,3,0,2200,0,22,0,0,0,0,0
523700103,4,0,2200,0,22,0,0,0,0,0
523700103,5,1,1200,0,22,0,0,0,0,0
523700104,1,0,2200,0,22,0,0,0,0,0
523700104,2,0,2200,0,22,0,0,0,0,0
523700104,3,0,2200,0,22,0,0,0,0,0
523700104,4,0,2200,0,22,0,0,0,0,0
523700104,5,1,1200,0,22,0,0,0,0,0
523700105,1,0,2200,0,22,0,0,0,0,0
523700105,2,0,2200,0,22,0,0,0,0,0
523700105,3,0,2200,0,22,0,0,0,0,0
523700105,4,0,2200,0,22,0,0,0,0,0
523700105,5,1,1200,0,22,0,0,0,0,0
523700106,1,0,2200,0,22,0,0,0,0,0
523700106,2,0,2200,0,22,0,0,0,0,0
523700106,3,0,2200,0,22,0,0,0,0,0
523700106,4,0,2200,0,22,0,0,0,0,0
523700106,5,1,1200,0,22,0,0,0,0,0
523700107,1,0,2200,0,22,0,0,0,0,0
523700107,2,0,2200,0,22,0,0,0,0,0
523700107,3,0,2200,0,22,0,0,0,0,0
523700107,4,0,2200,0,22,0,0,0,0,0
523700107,5,1,1200,0,22,0,0,0,0,0
523700108,1,0,2200,0,22,0,0,0,0,0
523700108,2,0,2200,0,22,0,0,0,0,0
523700108,3,0,2200,0,22,0,0,0,0,0
523700108,4,0,2200,0,22,0,0,0,0,0
523700108,5,1,1200,0,22,0,0,0,0,0
524100101,1,0,2933,0,21,0,0,0,0,0
524100101,2,0,2933,0,21,0,0,0,0,0
524100101,3,0,2933,0,22,0,0,0,0,0
524100101,4,1,1200,0,20,0,0,0,0,0
524100102,1,0,2933,0,21,0,0,0,0,0
524100102,2,0,2933,0,21,0,0,0,0,0
524100102,3,0,2933,0,22,0,0,0,0,0
524100102,4,1,1200,0,20,0,0,0,0,0
524100103,1,0,2933,0,21,0,0,0,0,0
524100103,2,0,2933,0,21,0,0,0,0,0
524100103,3,0,2933,0,22,0,0,0,0,0
524100103,4,1,1200,0,20,0,0,0,0,0
524100104,1,0,2933,0,21,0,0,0,0,0
524100104,2,0,2933,0,21,0,0,0,0,0
524100104,3,0,2933,0,22,0,0,0,0,0
524100104,4,1,1200,0,20,0,0,0,0,0
524100105,1,0,2933,0,21,0,0,0,0,0
524100105,2,0,2933,0,21,0,0,0,0,0
524100105,3,0,2933,0,22,0,0,0,0,0
524100105,4,1,1200,0,20,0,0,0,0,0
524100106,1,0,2933,0,21,0,0,0,0,0
524100106,2,0,2933,0,21,0,0,0,0,0
524100106,3,0,2933,0,22,0,0,0,0,0
524100106,4,1,1200,0,20,0,0,0,0,0
524100107,1,0,2933,0,21,0,0,0,0,0
524100107,2,0,2933,0,21,0,0,0,0,0
524100107,3,0,2933,0,22,0,0,0,0,0
524100107,4,1,1200,0,20,0,0,0,0,0
525100101,1,0,100,0,22,0,33,0,0,0
525100102,1,0,100,0,22,0,33,0,0,0
526100101,1,0,100,1,20,0,33,0,0,0
526100201,1,0,100,0,21,0,0,0,0,0
526100301,1,0,100,0,20,0,0,0,0,0
526100401,1,0,100,0,20,0,0,0,0,0
526100501,1,0,100,1,22,0,33,0,0,0
526100601,1,0,100,0,22,0,0,0,0,0
526100701,1,0,100,1,21,0,13,0,0,0
526100801,1,0,100,1,21,0,13,0,0,0
526100901,1,0,100,1,21,0,13,0,0,0
526101001,1,0,100,1,22,0,33,0,0,0
527100101,1,0,100,1,22,0,33,0,0,0
527100201,1,0,100,0,22,0,0,0,0,0
527100301,1,0,100,0,22,0,0,0,0,0
527100401,1,0,100,0,20,0,0,0,0,0
527100501,1,0,100,0,22,0,33,0,0,0
527100601,1,0,100,0,21,0,0,0,0,0
527100701,1,0,100,0,22,0,0,0,0,0
527100801,1,0,100,0,21,0,0,0,0,0
527100901,1,0,100,0,21,0,0,0,0,0
527101001,1,0,100,1,22,0,13,0,0,0
527101101,1,0,100,0,20,0,0,0,0,0
527101201,1,0,100,0,22,0,0,0,0,0
527101301,1,0,100,0,22,0,0,0,0,0
527101401,1,0,100,0,22,0,0,0,0,0
527101501,1,0,100,1,22,0,13,0,0,0
527101601,1,0,100,0,20,0,0,0,0,0
527101701,1,0,100,1,22,0,13,0,0,0
527101801,1,0,100,1,22,0,13,0,0,0
527101901,1,0,100,1,22,0,13,0,0,0
527102001,1,0,100,1,22,0,25,0,0,0
530100101,1,0,100,0,22,0,13,0,0,0
530100201,1,0,100,0,22,0,0,0,0,0
530100301,1,0,100,0,22,0,33,0,0,0
530100401,1,0,100,0,22,0,0,0,0,0
530100501,1,0,100,0,22,0,13,0,0,0
530100601,1,0,100,0,22,0,0,0,0,0
530100701,1,0,100,0,22,0,0,0,0,0
530100801,1,0,100,0,22,0,0,0,0,0
530100901,1,0,100,0,22,0,0,0,0,0
530101001,1,0,100,0,22,0,13,0,0,0
530101101,1,0,100,0,22,0,0,0,0,0
530101201,1,0,100,0,22,0,0,0,0,0
530101301,1,0,100,0,22,0,0,0,0,0
530101401,1,0,100,0,22,0,0,0,0,0
530101501,1,0,100,0,22,0,13,0,0,0
530101601,1,0,100,0,22,0,0,0,0,0
530101701,1,0,100,0,22,0,0,0,0,0
530101801,1,0,100,0,22,0,0,0,0,0
530101901,1,0,100,0,22,0,0,0,0,0
530102001,1,0,100,0,22,0,13,0,0,0
530102101,1,0,100,0,22,0,13,0,0,0
530102201,1,0,100,0,22,0,13,0,0,0
530102301,1,0,100,0,22,0,13,0,0,0
530102401,1,0,100,0,22,0,13,0,0,0
530102501,1,0,100,0,22,0,13,0,0,0
531100101,1,0,100,0,108,0,13,0,0,0
531100201,1,0,100,0,108,0,13,0,0,0
531100301,1,0,100,0,108,0,13,0,0,0
531100401,1,0,100,0,108,0,13,0,0,0
531100501,1,0,100,0,108,0,13,0,0,0
531100601,1,0,100,0,108,0,13,0,0,0
531100701,1,0,100,0,108,0,13,0,0,0
531100801,1,0,100,0,108,0,13,0,0,0
531100901,1,0,100,0,108,0,13,0,0,0
531101001,1,0,100,0,108,0,13,0,0,0
531200101,1,0,100,0,22,10405,13,0,0,0
531300101,1,0,100,0,22,10405,13,0,0,0
531400101,1,0,100,0,22,10405,13,0,0,0
531500101,1,0,100,0,22,10405,13,0,0,0
536100101,1,0,100,0,108,0,13,0,0,0
536100201,1,0,100,0,108,0,13,0,0,0
536100301,1,0,100,0,108,0,13,0,0,0
536100401,1,0,100,0,108,0,13,0,0,0
536100501,1,0,100,0,108,0,13,0,0,0
536100601,1,0,100,0,108,0,13,0,0,0
536100701,1,0,100,0,108,0,13,0,0,0
538100101,1,0,100,0,22,0,13,0,0,0
538100201,1,0,100,0,22,0,0,0,0,0
538100301,1,0,100,0,22,0,0,0,0,0
538100401,1,0,100,0,22,0,0,0,0,0
538100501,1,0,100,0,22,0,13,0,0,0
538100601,1,0,100,0,22,0,0,0,0,0
538100701,1,0,100,0,22,0,0,0,0,0
538100801,1,0,100,0,22,0,0,0,0,0
538100901,1,0,100,0,22,0,0,0,0,0
538101001,1,0,100,0,22,0,13,0,0,0
538101101,1,0,100,0,22,0,0,0,0,0
538101201,1,0,100,0,22,0,0,0,0,0
538101301,1,0,100,0,22,0,0,0,0,0
538101401,1,0,100,0,22,0,0,0,0,0
538101501,1,0,100,0,22,0,13,0,0,0
538101601,1,0,100,0,22,0,0,0,0,0
538101701,1,0,100,0,22,0,0,0,0,0
538101801,1,0,100,0,22,0,13,0,0,0
538101901,1,0,100,0,22,0,0,0,0,0
538102001,1,0,100,0,22,0,0,0,0,0
538102101,1,0,100,0,22,0,13,0,0,0
538102201,1,0,100,0,22,0,13,0,0,0
538102301,1,0,100,0,22,0,13,0,0,0
538102401,1,0,100,0,22,0,13,0,0,0
538102501,1,0,100,0,22,0,13,0,0,0
539100101,1,0,2933,0,20,0,0,0,0,0
539100101,2,0,2933,0,22,0,0,0,0,0
539100101,3,0,2933,0,22,0,0,0,0,0
539100101,4,1,1200,0,20,0,0,0,0,0
539100102,1,0,2933,0,20,0,0,0,0,0
539100102,2,0,2933,0,22,0,0,0,0,0
539100102,3,0,2933,0,22,0,0,0,0,0
539100102,4,1,1200,0,20,0,0,0,0,0
539100103,1,0,2933,0,20,0,0,0,0,0
539100103,2,0,2933,0,22,0,0,0,0,0
539100103,3,0,2933,0,22,0,0,0,0,0
539100103,4,1,1200,0,20,0,0,0,0,0
539100104,1,0,2933,0,20,0,0,0,0,0
539100104,2,0,2933,0,22,0,0,0,0,0
539100104,3,0,2933,0,22,0,0,0,0,0
539100104,4,1,1200,0,20,0,0,0,0,0
539100105,1,0,2933,0,20,0,0,0,0,0
539100105,2,0,2933,0,22,0,0,0,0,0
539100105,3,0,2933,0,22,0,0,0,0,0
539100105,4,1,1200,0,23,0,0,0,0,0
539100106,1,0,2933,0,20,0,0,0,0,0
539100106,2,0,2933,0,22,0,0,0,0,0
539100106,3,0,2933,0,22,0,0,0,0,0
539100106,4,1,1200,0,23,0,0,0,0,0
539100107,1,0,2933,0,20,0,0,0,0,0
539100107,2,0,2933,0,22,0,0,0,0,0
539100107,3,0,2933,0,22,0,0,0,0,0
539100107,4,1,1200,0,23,0,0,0,0,0
539100108,1,0,2933,0,20,0,0,0,0,0
539100108,2,0,2933,0,22,0,0,0,0,0
539100108,3,0,2933,0,22,0,0,0,0,0
539100108,4,1,1200,0,20,0,0,0,0,0
540100101,1,0,100,0,22,0,13,0,0,0
540100201,1,0,100,0,22,0,0,0,0,0
540100301,1,0,100,0,22,0,0,0,0,0
540100401,1,0,100,0,22,0,0,0,0,0
540100501,1,0,100,0,22,0,13,0,0,0
540100601,1,0,100,0,22,0,0,0,0,0
540100701,1,0,100,0,22,0,0,0,0,0
540100801,1,0,100,0,22,0,0,0,0,0
540100901,1,0,100,0,22,0,0,0,0,0
540101001,1,0,100,0,22,0,13,0,0,0
540101101,1,0,100,0,22,0,0,0,0,0
540101201,1,0,100,0,22,0,0,0,0,0
540101301,1,0,100,0,22,0,0,0,0,0
540101401,1,0,100,0,22,0,0,0,0,0
540101501,1,0,100,0,22,0,13,0,0,0
540101601,1,0,100,0,22,0,0,0,0,0
540101701,1,0,100,0,22,0,0,0,0,0
540101801,1,0,100,0,22,0,0,0,0,0
540101901,1,0,100,0,22,0,0,0,0,0
540102001,1,0,100,0,22,0,13,0,0,0
540102101,1,0,100,0,22,0,13,0,0,0
540102201,1,0,100,0,22,0,13,0,0,0
540102301,1,0,100,0,22,0,13,0,0,0
540102401,1,0,100,0,22,0,13,0,0,0
540102501,1,0,100,0,22,0,13,0,0,0
541100101,1,0,2933,0,22,0,0,0,0,0
541100101,2,0,2933,0,22,0,0,0,0,0
541100101,3,0,2933,0,22,0,0,0,0,0
541100101,4,1,1200,0,22,0,0,0,0,0
541100102,1,0,2933,0,22,0,0,0,0,0
541100102,2,0,2933,0,22,0,0,0,0,0
541100102,3,0,2933,0,22,0,0,0,0,0
541100102,4,1,1200,0,22,0,0,0,0,0
541100103,1,0,2933,0,22,0,0,0,0,0
541100103,2,0,2933,0,22,0,0,0,0,0
541100103,3,0,2933,0,22,0,0,0,0,0
541100103,4,1,1200,0,22,0,0,0,0,0
541100104,1,0,2933,0,22,0,0,0,0,0
541100104,2,0,2933,0,22,0,0,0,0,0
541100104,3,0,2933,0,22,0,0,0,0,0
541100104,4,1,1200,0,22,0,0,0,0,0
541100105,1,0,2933,0,22,0,0,0,0,0
541100105,2,0,2933,0,22,0,0,0,0,0
541100105,3,0,2933,0,22,0,0,0,0,0
541100105,4,1,1200,0,22,0,0,0,0,0
541100106,1,0,2933,0,22,0,0,0,0,0
541100106,2,0,2933,0,22,0,0,0,0,0
541100106,3,0,2933,0,22,0,0,0,0,0
541100106,4,1,1200,0,22,0,0,0,0,0
541100107,1,0,2933,0,22,0,0,0,0,0
541100107,2,0,2933,0,22,0,0,0,0,0
541100107,3,0,2933,0,22,0,0,0,0,0
541100107,4,1,1200,0,22,0,0,0,0,0
541100108,1,0,2933,0,22,0,0,0,0,0
541100108,2,0,2933,0,22,0,0,0,0,0
541100108,3,0,2933,0,22,0,0,0,0,0
541100108,4,1,1200,0,22,0,0,0,0,0
542100101,1,0,100,0,108,0,33,0,0,0
542100201,1,0,100,0,108,0,33,0,0,0
542100301,1,0,100,0,108,0,33,0,0,0
542100401,1,0,100,0,108,0,33,0,0,0
542100501,1,0,100,0,108,0,33,0,0,0
542100601,1,0,100,0,108,0,33,0,0,0
542100701,1,0,100,0,108,0,33,0,0,0
543100101,1,0,100,0,108,0,33,0,0,0
543100201,1,0,100,0,108,0,33,0,0,0
543100301,1,0,100,0,108,0,33,0,0,0
543100401,1,0,100,0,108,0,33,0,0,0
543100501,1,0,100,0,108,0,33,0,0,0
543100601,1,0,100,0,108,0,33,0,0,0
543100701,1,0,100,0,108,0,33,0,0,0
544100101,1,0,2933,0,22,0,0,0,0,0
544100101,2,0,2933,0,22,0,0,0,0,0
544100101,3,0,2933,0,22,0,0,0,0,0
544100101,4,1,1200,0,22,0,0,0,0,0
544100102,1,0,2933,0,22,0,0,0,0,0
544100102,2,0,2933,0,22,0,0,0,0,0
544100102,3,0,2933,0,22,0,0,0,0,0
544100102,4,1,1200,0,22,0,0,0,0,0
544100103,1,0,2933,0,22,0,0,0,0,0
544100103,2,0,2933,0,22,0,0,0,0,0
544100103,3,0,2933,0,22,0,0,0,0,0
544100103,4,1,1200,0,22,0,0,0,0,0
544100104,1,0,2933,0,22,0,0,0,0,0
544100104,2,0,2933,0,22,0,0,0,0,0
544100104,3,0,2933,0,22,0,0,0,0,0
544100104,4,1,1200,0,22,0,0,0,0,0
544100105,1,0,2933,0,22,0,0,0,0,0
544100105,2,0,2933,0,22,0,0,0,0,0
544100105,3,0,2933,0,22,0,0,0,0,0
544100105,4,1,1200,0,22,0,0,0,0,0
544100106,1,0,2933,0,22,0,0,0,0,0
544100106,2,0,2933,0,22,0,0,0,0,0
544100106,3,0,2933,0,22,0,0,0,0,0
544100106,4,1,1200,0,22,0,0,0,0,0
544100107,1,0,2933,0,22,0,0,0,0,0
544100107,2,0,2933,0,22,0,0,0,0,0
544100107,3,0,2933,0,22,0,0,0,0,0
544100107,4,1,1200,0,22,0,0,0,0,0
544100108,1,0,2933,0,22,0,0,0,0,0
544100108,2,0,2933,0,22,0,0,0,0,0
544100108,3,0,2933,0,22,0,0,0,0,0
544100108,4,1,1200,0,22,0,0,0,0,0
545100101,1,0,100,0,22,0,0,0,0,0
545100201,1,0,100,0,22,0,0,0,0,0
545100301,1,0,100,0,22,0,0,0,0,0
545100401,1,0,100,0,22,0,0,0,0,0
545100501,1,0,100,0,22,0,13,0,0,0
545100601,1,0,100,0,22,0,0,0,0,0
545100701,1,0,100,0,22,0,0,0,0,0
545100801,1,0,100,0,22,0,0,0,0,0
545100901,1,0,100,0,22,0,0,0,0,0
545101001,1,0,100,0,22,0,13,0,0,0
545101101,1,0,100,0,22,0,0,0,0,0
545101201,1,0,100,0,22,0,0,0,0,0
545101301,1,0,100,0,22,0,0,0,0,0
545101401,1,0,100,0,22,0,0,0,0,0
545101501,1,0,100,0,22,0,13,0,0,0
545101601,1,0,100,0,22,0,0,0,0,0
545101701,1,0,100,0,22,0,0,0,0,0
545101801,1,0,100,0,22,0,0,0,0,0
545101901,1,0,100,0,22,0,0,0,0,0
545102001,1,0,100,0,22,0,13,0,0,0
545102101,1,0,100,0,22,0,13,0,0,0
545102201,1,0,100,0,22,0,13,0,0,0
545102301,1,0,100,0,22,0,13,0,0,0
545102401,1,0,100,0,22,0,13,0,0,0
545102501,1,0,100,0,22,0,13,0,0,0
546100101,1,0,2933,0,22,0,0,0,0,100552
546100101,2,0,2933,0,22,0,0,0,0,100552
546100101,3,0,2933,0,22,0,0,0,0,100552
546100101,4,1,1200,0,22,0,0,0,0,100552
546100102,1,0,2933,0,22,0,0,0,0,100552
546100102,2,0,2933,0,22,0,0,0,0,100552
546100102,3,0,2933,0,22,0,0,0,0,100552
546100102,4,1,1200,0,22,0,0,0,0,100552
546100103,1,0,2933,0,22,0,0,0,0,100552
546100103,2,0,2933,0,22,0,0,0,0,100552
546100103,3,0,2933,0,22,0,0,0,0,100552
546100103,4,1,1200,0,22,0,0,0,0,100552
546100104,1,0,2933,0,22,0,0,0,0,100552
546100104,2,0,2933,0,22,0,0,0,0,100552
546100104,3,0,2933,0,22,0,0,0,0,100552
546100104,4,1,1200,0,22,0,0,0,0,100552
546100105,1,0,2933,0,22,0,0,0,0,100552
546100105,2,0,2933,0,22,0,0,0,0,100552
546100105,3,0,2933,0,22,0,0,0,0,100552
546100105,4,1,1200,0,22,0,0,0,0,100552
546100106,1,0,2933,0,22,0,0,0,0,100552
546100106,2,0,2933,0,22,0,0,0,0,100552
546100106,3,0,2933,0,22,0,0,0,0,100552
546100106,4,1,1200,0,22,0,0,0,0,100552
546100107,1,0,2933,0,22,0,0,0,0,100552
546100107,2,0,2933,0,22,0,0,0,0,100552
546100107,3,0,2933,0,22,0,0,0,0,100552
546100107,4,1,1200,0,22,0,0,0,0,100552
546100108,1,0,2933,0,22,0,0,0,0,100552
546100108,2,0,2933,0,22,0,0,0,0,100552
546100108,3,0,2933,0,22,0,0,0,0,100552
546100108,4,1,1200,0,22,0,0,0,0,100552
547100101,1,0,100,0,22,0,0,0,0,0
547100201,1,0,100,0,22,0,0,0,0,0
547100301,1,0,100,0,22,0,0,0,0,0
547100401,1,0,100,0,22,0,0,0,0,0
547100501,1,0,100,0,22,0,13,0,0,0
547100601,1,0,100,0,22,0,0,0,0,0
547100701,1,0,100,0,22,0,0,0,0,0
547100801,1,0,100,0,22,0,0,0,0,0
547100901,1,0,100,0,22,0,0,0,0,0
547101001,1,0,100,0,22,0,13,0,0,0
547101101,1,0,100,0,22,0,0,0,0,0
547101201,1,0,100,0,22,0,0,0,0,0
547101301,1,0,100,0,22,0,0,0,0,0
547101401,1,0,100,0,22,0,0,0,0,0
547101501,1,0,100,0,22,0,13,0,0,0
547101601,1,0,100,0,22,0,0,0,0,0
547101701,1,0,100,0,22,0,0,0,0,0
547101801,1,0,100,0,22,0,0,0,0,0
547101901,1,0,100,0,22,0,0,0,0,0
547102001,1,0,100,0,22,0,13,0,0,0
547102101,1,0,100,0,22,0,13,0,0,0
547102201,1,0,100,0,22,0,13,0,0,0
547102301,1,0,100,0,22,0,13,0,0,0
547102401,1,0,100,0,22,0,13,0,0,0
547102501,1,0,100,0,22,0,13,0,0,0
549100101,1,0,2933,0,22,0,0,0,0,100612
549100101,2,0,2933,0,22,0,0,0,0,100612
549100101,3,0,2933,0,22,0,0,0,0,100612
549100101,4,1,1200,0,22,0,0,0,0,100612
549100102,1,0,2933,0,22,0,0,0,0,100612
549100102,2,0,2933,0,22,0,0,0,0,100612
549100102,3,0,2933,0,22,0,0,0,0,100612
549100102,4,1,1200,0,22,0,0,0,0,100612
549100103,1,0,2933,0,22,0,0,0,0,100612
549100103,2,0,2933,0,22,0,0,0,0,100612
549100103,3,0,2933,0,22,0,0,0,0,100612
549100103,4,1,1200,0,22,0,0,0,0,100612
549100104,1,0,2933,0,22,0,0,0,0,100612
549100104,2,0,2933,0,22,0,0,0,0,100612
549100104,3,0,2933,0,22,0,0,0,0,100612
549100104,4,1,1200,0,22,0,0,0,0,100612
549100105,1,0,2933,0,22,0,0,0,0,100612
549100105,2,0,2933,0,22,0,0,0,0,100612
549100105,3,0,2933,0,22,0,0,0,0,100612
549100105,4,1,1200,0,22,0,0,0,0,100612
549100106,1,0,2933,0,22,0,0,0,0,100612
549100106,2,0,2933,0,22,0,0,0,0,100612
549100106,3,0,2933,0,22,0,0,0,0,100612
549100106,4,1,1200,0,22,0,0,0,0,100612
549100107,1,0,2933,0,22,0,0,0,0,100612
549100107,2,0,2933,0,22,0,0,0,0,100612
549100107,3,0,2933,0,22,0,0,0,0,100612
549100107,4,1,1200,0,22,0,0,0,0,100612
549100108,1,0,2933,0,22,0,0,0,0,100612
549100108,2,0,2933,0,22,0,0,0,0,100612
549100108,3,0,2933,0,22,0,0,0,0,100612
549100108,4,1,1200,0,22,0,0,0,0,100612
550100101,1,0,100,0,22,0,0,0,0,0
550100201,1,0,100,0,22,0,0,0,0,0
550100301,1,0,100,0,22,0,0,0,0,0
550100401,1,0,100,0,22,0,0,0,0,0
550100501,1,0,100,0,22,0,13,0,0,0
550100601,1,0,100,0,22,0,0,0,0,0
550100701,1,0,100,0,22,0,0,0,0,0
550100801,1,0,100,0,22,0,0,0,0,0
550100901,1,0,100,0,22,0,0,0,0,0
550101001,1,0,100,0,22,0,13,0,0,0
550101101,1,0,100,0,22,0,0,0,0,0
550101201,1,0,100,0,22,0,0,0,0,0
550101301,1,0,100,0,22,0,0,0,0,0
550101401,1,0,100,0,22,0,0,0,0,0
550101501,1,0,100,0,22,0,13,0,0,0
550101601,1,0,100,0,22,0,0,0,0,0
550101701,1,0,100,0,22,0,0,0,0,0
550101801,1,0,100,0,22,0,0,0,0,0
550101901,1,0,100,0,22,0,0,0,0,0
550102001,1,0,100,0,22,0,13,0,0,0
550102101,1,0,100,0,22,0,13,0,0,0
550102201,1,0,100,0,22,0,13,0,0,0
550102301,1,0,100,0,22,0,13,0,0,0
550102401,1,0,100,0,22,0,13,0,0,0
550102501,1,0,100,0,22,0,13,0,0,0
551100101,1,0,2933,0,22,0,0,0,0,100672
551100101,2,0,2933,0,22,0,0,0,0,100672
551100101,3,0,2933,0,22,0,0,0,0,100672
551100101,4,1,1200,0,22,0,0,0,0,100672
551100102,1,0,2933,0,22,0,0,0,0,100672
551100102,2,0,2933,0,22,0,0,0,0,100672
551100102,3,0,2933,0,22,0,0,0,0,100672
551100102,4,1,1200,0,22,0,0,0,0,100672
551100103,1,0,2933,0,22,0,0,0,0,100672
551100103,2,0,2933,0,22,0,0,0,0,100672
551100103,3,0,2933,0,22,0,0,0,0,100672
551100103,4,1,1200,0,22,0,0,0,0,100672
551100104,1,0,2933,0,22,0,0,0,0,100672
551100104,2,0,2933,0,22,0,0,0,0,100672
551100104,3,0,2933,0,22,0,0,0,0,100672
551100104,4,1,1200,0,22,0,0,0,0,100672
551100105,1,0,2933,0,22,0,0,0,0,100672
551100105,2,0,2933,0,22,0,0,0,0,100672
551100105,3,0,2933,0,22,0,0,0,0,100672
551100105,4,1,1200,0,22,0,0,0,0,100672
551100106,1,0,2933,0,22,0,0,0,0,100672
551100106,2,0,2933,0,22,0,0,0,0,100672
551100106,3,0,2933,0,22,0,0,0,0,100672
551100106,4,1,1200,0,22,0,0,0,0,100672
551100107,1,0,2933,0,22,0,0,0,0,100672
551100107,2,0,2933,0,22,0,0,0,0,100672
551100107,3,0,2933,0,22,0,0,0,0,100672
551100107,4,1,1200,0,22,0,0,0,0,100672
551100108,1,0,2933,0,22,0,0,0,0,100672
551100108,2,0,2933,0,22,0,0,0,0,100672
551100108,3,0,2933,0,22,0,0,0,0,100672
551100108,4,1,1200,0,22,0,0,0,0,100672
552100101,1,0,100,0,22,0,0,0,0,0
552100201,1,0,100,0,22,0,0,0,0,0
552100301,1,0,100,0,22,0,0,0,0,0
552100401,1,0,100,0,22,0,0,0,0,0
552100501,1,0,100,0,22,0,13,0,0,0
552100601,1,0,100,0,22,0,0,0,0,0
552100701,1,0,100,0,22,0,0,0,0,0
552100801,1,0,100,0,22,0,0,0,0,0
552100901,1,0,100,0,22,0,0,0,0,0
552101001,1,0,100,0,22,0,13,0,0,0
552101101,1,0,100,0,22,0,0,0,0,0
552101201,1,0,100,0,22,0,0,0,0,0
552101301,1,0,100,0,22,0,0,0,0,0
552101401,1,0,100,0,22,0,0,0,0,0
552101501,1,0,100,0,22,0,13,0,0,0
552101601,1,0,100,0,22,0,0,0,0,0
552101701,1,0,100,0,22,0,0,0,0,0
552101801,1,0,100,0,22,0,0,0,0,0
552101901,1,0,100,0,22,0,0,0,0,0
552102001,1,0,100,0,22,0,13,0,0,0
552102101,1,0,100,0,22,0,13,0,0,0
552102201,1,0,100,0,22,0,13,0,0,0
552102301,1,0,100,0,22,0,13,0,0,0
552102401,1,0,100,0,22,0,13,0,0,0
552102501,1,0,100,0,22,0,13,0,0,0
554100101,1,0,2933,0,22,0,0,0,0,100732
554100101,2,0,2933,0,22,0,0,0,0,100732
554100101,3,0,2933,0,22,0,0,0,0,100732
554100101,4,1,1200,0,22,0,0,0,0,100732
554100102,1,0,2933,0,22,0,0,0,0,100732
554100102,2,0,2933,0,22,0,0,0,0,100732
554100102,3,0,2933,0,22,0,0,0,0,100732
554100102,4,1,1200,0,22,0,0,0,0,100732
554100103,1,0,2933,0,22,0,0,0,0,100732
554100103,2,0,2933,0,22,0,0,0,0,100732
554100103,3,0,2933,0,22,0,0,0,0,100732
554100103,4,1,1200,0,22,0,0,0,0,100732
554100104,1,0,2933,0,22,0,0,0,0,100732
554100104,2,0,2933,0,22,0,0,0,0,100732
554100104,3,0,2933,0,22,0,0,0,0,100732
554100104,4,1,1200,0,22,0,0,0,0,100732
554100105,1,0,2933,0,22,0,0,0,0,100732
554100105,2,0,2933,0,22,0,0,0,0,100732
554100105,3,0,2933,0,22,0,0,0,0,100732
554100105,4,1,1200,0,22,0,0,0,0,100732
554100106,1,0,2933,0,22,0,0,0,0,100732
554100106,2,0,2933,0,22,0,0,0,0,100732
554100106,3,0,2933,0,22,0,0,0,0,100732
554100106,4,1,1200,0,22,0,0,0,0,100732
554100107,1,0,2933,0,22,0,0,0,0,100732
554100107,2,0,2933,0,22,0,0,0,0,100732
554100107,3,0,2933,0,22,0,0,0,0,100732
554100107,4,1,1200,0,22,0,0,0,0,100732
554100108,1,0,2933,0,22,0,0,0,0,100732
554100108,2,0,2933,0,22,0,0,0,0,100732
554100108,3,0,2933,0,22,0,0,0,0,100732
554100108,4,1,1200,0,22,0,0,0,0,100732
555100101,1,0,100,0,22,0,0,0,0,0
555100201,1,0,100,0,22,0,0,0,0,0
555100301,1,0,100,0,22,0,0,0,0,0
555100401,1,0,100,0,22,0,0,0,0,0
555100501,1,0,100,0,22,0,13,0,0,0
555100601,1,0,100,0,22,0,0,0,0,0
555100701,1,0,100,0,22,0,0,0,0,0
555100801,1,0,100,0,22,0,0,0,0,0
555100901,1,0,100,0,22,0,0,0,0,0
555101001,1,0,100,0,22,0,13,0,0,0
555101101,1,0,100,0,22,0,0,0,0,0
555101201,1,0,100,0,22,0,0,0,0,0
555101301,1,0,100,0,22,0,0,0,0,0
555101401,1,0,100,0,22,0,0,0,0,0
555101501,1,0,100,0,22,0,0,0,0,0
555101601,1,0,100,0,22,0,0,0,0,0
555101701,1,0,100,0,22,0,0,0,0,0
555101801,1,0,100,0,22,0,0,0,0,0
555101901,1,0,100,0,22,0,0,0,0,0
555102001,1,0,100,0,22,0,13,0,0,0
555102101,1,0,100,0,22,0,13,0,0,0
555102201,1,0,100,0,22,0,13,0,0,0
555102301,1,0,100,0,22,0,13,0,0,0
555102401,1,0,100,0,22,0,13,0,0,0
555102501,1,0,100,0,22,0,13,0,0,0
556100101,1,0,2933,0,22,0,0,0,0,100792
556100101,2,0,2933,0,22,0,0,0,0,100792
556100101,3,0,2933,0,22,0,0,0,0,100792
556100101,4,1,1200,0,22,0,0,0,0,100792
556100102,1,0,2933,0,22,0,0,0,0,100792
556100102,2,0,2933,0,22,0,0,0,0,100792
556100102,3,0,2933,0,22,0,0,0,0,100792
556100102,4,1,1200,0,22,0,0,0,0,100792
556100103,1,0,2933,0,22,0,0,0,0,100792
556100103,2,0,2933,0,22,0,0,0,0,100792
556100103,3,0,2933,0,22,0,0,0,0,100792
556100103,4,1,1200,0,22,0,0,0,0,100792
556100104,1,0,2933,0,22,0,0,0,0,100792
556100104,2,0,2933,0,22,0,0,0,0,100792
556100104,3,0,2933,0,22,0,0,0,0,100792
556100104,4,1,1200,0,22,0,0,0,0,100792
556100105,1,0,2933,0,22,0,0,0,0,100792
556100105,2,0,2933,0,22,0,0,0,0,100792
556100105,3,0,2933,0,22,0,0,0,0,100792
556100105,4,1,1200,0,22,0,0,0,0,100792
556100106,1,0,2933,0,22,0,0,0,0,100792
556100106,2,0,2933,0,22,0,0,0,0,100792
556100106,3,0,2933,0,22,0,0,0,0,100792
556100106,4,1,1200,0,22,0,0,0,0,100792
556100107,1,0,2933,0,22,0,0,0,0,100792
556100107,2,0,2933,0,22,0,0,0,0,100792
556100107,3,0,2933,0,22,0,0,0,0,100792
556100107,4,1,1200,0,22,0,0,0,0,100792
556100108,1,0,2933,0,22,0,0,0,0,100792
556100108,2,0,2933,0,22,0,0,0,0,100792
556100108,3,0,2933,0,22,0,0,0,0,100792
556100108,4,1,1200,0,22,0,0,0,0,100792
557100101,1,0,100,0,22,0,0,0,0,0
557100201,1,0,100,0,22,0,0,0,0,0
557100301,1,0,100,0,22,0,0,0,0,0
557100401,1,0,100,0,22,0,0,0,0,0
557100501,1,0,100,0,22,0,13,0,0,0
557100601,1,0,100,0,22,0,0,0,0,0
557100701,1,0,100,0,22,0,0,0,0,0
557100801,1,0,100,0,22,0,0,0,0,0
557100901,1,0,100,0,22,0,0,0,0,0
557101001,1,0,100,0,22,0,13,0,0,0
557101101,1,0,100,0,22,0,0,0,0,0
557101201,1,0,100,0,22,0,0,0,0,0
557101301,1,0,100,0,22,0,0,0,0,0
557101401,1,0,100,0,22,0,0,0,0,0
557101501,1,0,100,0,22,0,13,0,0,0
557101601,1,0,100,0,22,0,0,0,0,0
557101701,1,0,100,0,22,0,0,0,0,0
557101801,1,0,100,0,22,0,0,0,0,0
557101901,1,0,100,0,22,0,0,0,0,0
557102001,1,0,100,0,22,0,13,0,0,0
557102101,1,0,100,0,22,0,13,0,0,0
557102201,1,0,100,0,22,0,13,0,0,0
557102301,1,0,100,0,22,0,13,0,0,0
557102401,1,0,100,0,22,0,13,0,0,0
557102501,1,0,100,0,22,0,13,0,0,0
558100101,1,0,2933,0,22,0,0,0,0,100852
558100101,2,0,2933,0,22,0,0,0,0,100852
558100101,3,0,2933,0,22,0,0,0,0,100852
558100101,4,1,1200,0,22,0,0,0,0,100852
558100102,1,0,2933,0,22,0,0,0,0,100852
558100102,2,0,2933,0,22,0,0,0,0,100852
558100102,3,0,2933,0,22,0,0,0,0,100852
558100102,4,1,1200,0,22,0,0,0,0,100852
558100103,1,0,2933,0,22,0,0,0,0,100852
558100103,2,0,2933,0,22,0,0,0,0,100852
558100103,3,0,2933,0,22,0,0,0,0,100852
558100103,4,1,1200,0,22,0,0,0,0,100852
558100104,1,0,2933,0,22,0,0,0,0,100852
558100104,2,0,2933,0,22,0,0,0,0,100852
558100104,3,0,2933,0,22,0,0,0,0,100852
558100104,4,1,1200,0,22,0,0,0,0,100852
558100105,1,0,2933,0,22,0,0,0,0,100852
558100105,2,0,2933,0,22,0,0,0,0,100852
558100105,3,0,2933,0,22,0,0,0,0,100852
558100105,4,1,1200,0,22,0,0,0,0,100852
558100106,1,0,2933,0,22,0,0,0,0,100852
558100106,2,0,2933,0,22,0,0,0,0,100852
558100106,3,0,2933,0,22,0,0,0,0,100852
558100106,4,1,1200,0,22,0,0,0,0,100852
558100107,1,0,2933,0,22,0,0,0,0,100852
558100107,2,0,2933,0,22,0,0,0,0,100852
558100107,3,0,2933,0,22,0,0,0,0,100852
558100107,4,1,1200,0,22,0,0,0,0,100852
558100108,1,0,2933,0,22,0,0,0,0,100852
558100108,2,0,2933,0,22,0,0,0,0,100852
558100108,3,0,2933,0,22,0,0,0,0,100852
558100108,4,1,1200,0,22,0,0,0,0,100852
559100101,1,0,100,0,22,0,0,0,0,0
559100201,1,0,100,0,22,0,0,0,0,0
559100301,1,0,100,0,22,0,0,0,0,0
559100401,1,0,100,0,22,0,0,0,0,0
559100501,1,0,100,1,22,0,13,0,0,0
559100601,1,0,100,0,22,0,0,0,0,0
559100701,1,0,100,0,22,0,0,0,0,0
559100801,1,0,100,0,22,0,0,0,0,0
559100901,1,0,100,0,22,0,0,0,0,0
559101001,1,0,100,1,22,0,13,0,0,0
559101101,1,0,100,0,22,0,0,0,0,0
559101201,1,0,100,0,22,0,0,0,0,0
559101301,1,0,100,0,22,0,0,0,0,0
559101401,1,0,100,0,22,0,0,0,0,0
559101501,1,0,100,1,22,0,13,0,0,0
559101601,1,0,100,0,22,0,0,0,0,0
559101701,1,0,100,0,22,0,0,0,0,0
559101801,1,0,100,0,22,0,0,0,0,0
559101901,1,0,100,0,22,0,0,0,0,0
559102001,1,0,100,1,22,0,13,0,0,0
559102101,1,0,100,1,22,0,13,0,0,0
559102201,1,0,100,1,22,0,13,0,0,0
559102301,1,0,100,1,22,0,13,0,0,0
559102401,1,0,100,1,22,0,13,0,0,0
559102501,1,0,100,1,22,0,13,0,0,0
560100101,1,0,2933,0,22,0,0,0,0,100902
560100101,2,0,2933,0,22,0,0,0,0,100902
560100101,3,0,2933,0,22,0,0,0,0,100902
560100101,4,1,1200,0,22,0,0,0,0,100902
560100102,1,0,2933,0,22,0,0,0,0,100902
560100102,2,0,2933,0,22,0,0,0,0,100902
560100102,3,0,2933,0,22,0,0,0,0,100902
560100102,4,1,1200,0,22,0,0,0,0,100902
560100103,1,0,2933,0,22,0,0,0,0,100902
560100103,2,0,2933,0,22,0,0,0,0,100902
560100103,3,0,2933,0,22,0,0,0,0,100902
560100103,4,1,1200,0,22,0,0,0,0,100902
560100104,1,0,2933,0,22,0,0,0,0,100902
560100104,2,0,2933,0,22,0,0,0,0,100902
560100104,3,0,2933,0,22,0,0,0,0,100902
560100104,4,1,1200,0,22,0,0,0,0,100902
560100105,1,0,2933,0,22,0,0,0,0,100902
560100105,2,0,2933,0,22,0,0,0,0,100902
560100105,3,0,2933,0,22,0,0,0,0,100902
560100105,4,1,1200,0,22,0,0,0,0,100902
560100106,1,0,2933,0,22,0,0,0,0,100902
560100106,2,0,2933,0,22,0,0,0,0,100902
560100106,3,0,2933,0,22,0,0,0,0,100902
560100106,4,1,1200,0,22,0,0,0,0,100902
560100107,1,0,2933,0,22,0,0,0,0,100902
560100107,2,0,2933,0,22,0,0,0,0,100902
560100107,3,0,2933,0,22,0,0,0,0,100902
560100107,4,1,1200,0,22,0,0,0,0,100902
560100108,1,0,2933,0,22,0,0,0,0,100902
560100108,2,0,2933,0,22,0,0,0,0,100902
560100108,3,0,2933,0,22,0,0,0,0,100902
560100108,4,1,1200,0,22,0,0,0,0,100902
561100101,1,0,100,0,22,0,0,0,0,0
561100102,1,0,100,0,22,0,0,0,0,0
561100103,1,0,100,1,22,0,13,0,0,0
561100104,1,0,100,0,22,0,0,0,0,0
561100105,1,0,100,1,22,0,25,0,0,0
561100201,1,0,100,0,22,0,0,0,0,0
561100202,1,0,100,0,22,0,0,0,0,0
561100203,1,0,100,1,22,0,13,0,0,0
561100204,1,0,100,0,22,0,0,0,0,0
561100205,1,0,100,1,22,0,25,0,0,0
561200101,1,0,100,0,22,0,0,0,0,0
561200102,1,0,100,0,22,0,0,0,0,0
561200103,1,0,100,1,22,0,13,0,0,0
561200104,1,0,100,0,22,0,0,0,0,0
561200105,1,0,100,1,22,0,25,0,0,0
561200201,1,0,100,0,22,0,0,0,0,0
561200202,1,0,100,0,22,0,0,0,0,0
561200203,1,0,100,1,22,0,13,0,0,0
561200204,1,0,100,0,22,0,0,0,0,0
561200205,1,0,100,1,22,0,25,0,0,0
561300101,1,0,100,0,22,0,0,0,0,0
561300102,1,0,100,0,22,0,0,0,0,0
561300103,1,0,100,1,22,0,13,0,0,0
561300104,1,0,100,1,22,0,0,0,0,0
561300105,1,0,100,1,22,0,13,0,0,0
561300201,1,0,100,0,22,0,0,0,0,0
561300202,1,0,100,0,22,0,0,0,0,0
561300203,1,0,100,1,22,0,13,0,0,0
561300204,1,0,100,1,22,0,0,0,0,0
561300205,1,0,100,1,22,0,13,0,0,0
561400101,1,0,100,0,22,0,0,0,0,0
561400102,1,0,100,0,22,0,0,0,0,0
561400103,1,0,100,0,22,0,0,0,0,0
561400104,1,0,100,1,22,0,13,0,0,0
561400105,1,0,100,1,22,0,13,0,0,0
561400201,1,0,100,0,22,0,0,0,0,0
561400202,1,0,100,0,22,0,0,0,0,0
561400203,1,0,100,0,22,0,0,0,0,0
561400204,1,0,100,1,22,0,13,0,0,0
561400205,1,0,100,1,22,0,13,0,0,0
561500101,1,0,100,0,22,0,0,0,0,0
561500102,1,0,100,0,22,0,0,0,0,0
561500103,1,0,100,1,22,0,13,0,0,0
561500104,1,0,100,1,22,0,13,0,0,0
561500105,1,0,100,1,22,0,13,0,0,0
561500201,1,0,100,0,22,0,0,0,0,0
561500202,1,0,100,0,22,0,0,0,0,0
561500203,1,0,100,1,22,0,13,0,0,0
561500204,1,0,100,1,22,0,13,0,0,0
561500205,1,0,100,1,22,0,13,0,0,0
561600101,1,0,100,1,22,0,13,0,0,0
561600102,1,0,100,0,22,0,0,0,0,0
561600103,1,0,100,0,22,0,0,0,0,0
561600104,1,0,100,1,22,0,13,0,0,0
561600105,1,0,100,1,22,0,13,0,0,0
561600201,1,0,100,1,22,0,13,0,0,0
561600202,1,0,100,0,22,0,0,0,0,0
561600203,1,0,100,0,22,0,0,0,0,0
561600204,1,0,100,1,22,0,13,0,0,0
561600205,1,0,100,1,22,0,13,0,0,0
561700101,1,0,100,0,22,0,0,0,0,0
561700102,1,0,100,1,22,0,13,0,0,0
561700103,1,0,100,1,22,0,13,0,0,0
561700104,1,0,100,0,22,0,0,0,0,0
561700105,1,0,100,1,22,0,13,0,0,0
561700201,1,0,100,0,22,0,0,0,0,0
561700202,1,0,100,1,22,0,13,0,0,0
561700203,1,0,100,1,22,0,13,0,0,0
561700204,1,0,100,0,22,0,0,0,0,0
561700205,1,0,100,1,22,0,13,0,0,0
562100101,1,0,100,0,22,0,0,0,0,0
562100201,1,0,100,0,22,0,0,0,0,0
562100301,1,0,100,0,22,0,0,0,0,0
562100401,1,0,100,0,22,0,0,0,0,0
562100501,1,0,100,1,22,0,13,0,0,0
562100601,1,0,100,0,22,0,0,0,0,0
562100701,1,0,100,0,22,0,0,0,0,0
562100801,1,0,100,0,22,0,0,0,0,0
562100901,1,0,100,0,22,0,0,0,0,0
562101001,1,0,100,1,22,0,13,0,0,0
562101101,1,0,100,0,22,0,0,0,0,0
562101201,1,0,100,0,22,0,0,0,0,0
562101301,1,0,100,0,22,0,0,0,0,0
562101401,1,0,100,0,22,0,0,0,0,0
562101501,1,0,100,1,22,0,13,0,0,0
562101601,1,0,100,0,22,0,0,0,0,0
562101701,1,0,100,0,22,0,0,0,0,0
562101801,1,0,100,0,22,0,0,0,0,0
562101901,1,0,100,0,22,0,0,0,0,0
562102001,1,0,100,1,22,0,13,0,0,0
562102101,1,0,100,1,22,0,13,0,0,0
562102201,1,0,100,1,22,0,13,0,0,0
562102301,1,0,100,1,22,0,13,0,0,0
562102401,1,0,100,1,22,0,13,0,0,0
562102501,1,0,100,1,22,0,13,0,0,0
563100101,1,0,2933,0,22,0,0,0,0,100972
563100101,2,0,2933,0,22,0,0,0,0,100972
563100101,3,0,2933,0,22,0,0,0,0,100972
563100101,4,1,1200,0,22,0,0,0,0,100972
563100102,1,0,2933,0,22,0,0,0,0,100972
563100102,2,0,2933,0,22,0,0,0,0,100972
563100102,3,0,2933,0,22,0,0,0,0,100972
563100102,4,1,1200,0,22,0,0,0,0,100972
563100103,1,0,2933,0,22,0,0,0,0,100972
563100103,2,0,2933,0,22,0,0,0,0,100972
563100103,3,0,2933,0,22,0,0,0,0,100972
563100103,4,1,1200,0,22,0,0,0,0,100972
563100104,1,0,2933,0,22,0,0,0,0,100972
563100104,2,0,2933,0,22,0,0,0,0,100972
563100104,3,0,2933,0,22,0,0,0,0,100972
563100104,4,1,1200,0,22,0,0,0,0,100972
563100105,1,0,2933,0,22,0,0,0,0,100972
563100105,2,0,2933,0,22,0,0,0,0,100972
563100105,3,0,2933,0,22,0,0,0,0,100972
563100105,4,1,1200,0,22,0,0,0,0,100972
563100106,1,0,2933,0,22,0,0,0,0,100972
563100106,2,0,2933,0,22,0,0,0,0,100972
563100106,3,0,2933,0,22,0,0,0,0,100972
563100106,4,1,1200,0,22,0,0,0,0,100972
563100107,1,0,2933,0,22,0,0,0,0,100972
563100107,2,0,2933,0,22,0,0,0,0,100972
563100107,3,0,2933,0,22,0,0,0,0,100972
563100107,4,1,1200,0,22,0,0,0,0,100972
563100108,1,0,2933,0,22,0,0,0,0,100972
563100108,2,0,2933,0,22,0,0,0,0,100972
563100108,3,0,2933,0,22,0,0,0,0,100972
563100108,4,1,1200,0,22,0,0,0,0,100972
564100101,1,0,100,0,22,0,0,0,0,0
564100201,1,0,100,0,22,0,0,0,0,0
564100301,1,0,100,0,22,0,0,0,0,0
564100401,1,0,100,0,22,0,0,0,0,0
564100501,1,0,100,1,22,0,13,0,0,0
564100601,1,0,100,0,22,0,0,0,0,0
564100701,1,0,100,0,22,0,0,0,0,0
564100801,1,0,100,0,22,0,0,0,0,0
564100901,1,0,100,0,22,0,0,0,0,0
564101001,1,0,100,1,22,0,13,0,0,0
564101101,1,0,100,0,22,0,0,0,0,0
564101201,1,0,100,0,22,0,0,0,0,0
564101301,1,0,100,0,22,0,0,0,0,0
564101401,1,0,100,0,22,0,0,0,0,0
564101501,1,0,100,1,22,0,13,0,0,0
564101601,1,0,100,0,22,0,0,0,0,0
564101701,1,0,100,0,22,0,0,0,0,0
564101801,1,0,100,0,22,0,0,0,0,0
564101901,1,0,100,0,22,0,0,0,0,0
564102001,1,0,100,1,22,0,13,0,0,0
564102101,1,0,100,1,22,0,13,0,0,0
564102201,1,0,100,1,22,0,13,0,0,0
564102301,1,0,100,1,22,0,13,0,0,0
564102401,1,0,100,1,22,0,13,0,0,0
564102501,1,0,100,1,22,0,13,0,0,0
565100101,1,0,2933,0,22,0,0,0,0,101032
565100101,2,0,2933,0,22,0,0,0,0,101032
565100101,3,0,2933,0,22,0,0,0,0,101032
565100101,4,1,1200,0,22,0,0,0,0,101032
565100102,1,0,2933,0,22,0,0,0,0,101032
565100102,2,0,2933,0,22,0,0,0,0,101032
565100102,3,0,2933,0,22,0,0,0,0,101032
565100102,4,1,1200,0,22,0,0,0,0,101032
565100103,1,0,2933,0,22,0,0,0,0,101032
565100103,2,0,2933,0,22,0,0,0,0,101032
565100103,3,0,2933,0,22,0,0,0,0,101032
565100103,4,1,1200,0,22,0,0,0,0,101032
565100104,1,0,2933,0,22,0,0,0,0,101032
565100104,2,0,2933,0,22,0,0,0,0,101032
565100104,3,0,2933,0,22,0,0,0,0,101032
565100104,4,1,1200,0,22,0,0,0,0,101032
565100105,1,0,2933,0,22,0,0,0,0,101032
565100105,2,0,2933,0,22,0,0,0,0,101032
565100105,3,0,2933,0,22,0,0,0,0,101032
565100105,4,1,1200,0,22,0,0,0,0,101032
565100106,1,0,2933,0,22,0,0,0,0,101032
565100106,2,0,2933,0,22,0,0,0,0,101032
565100106,3,0,2933,0,22,0,0,0,0,101032
565100106,4,1,1200,0,22,0,0,0,0,101032
565100107,1,0,2933,0,22,0,0,0,0,101032
565100107,2,0,2933,0,22,0,0,0,0,101032
565100107,3,0,2933,0,22,0,0,0,0,101032
565100107,4,1,1200,0,22,0,0,0,0,101032
565100108,1,0,2933,0,22,0,0,0,0,101032
565100108,2,0,2933,0,22,0,0,0,0,101032
565100108,3,0,2933,0,22,0,0,0,0,101032
565100108,4,1,1200,0,22,0,0,0,0,101032
566100101,1,0,100,0,22,0,0,0,0,0
566100201,1,0,100,0,22,0,0,0,0,0
566100301,1,0,100,0,22,0,0,0,0,0
566100401,1,0,100,0,22,0,0,0,0,0
566100501,1,0,100,1,22,0,13,0,0,0
566100601,1,0,100,0,22,0,0,0,0,0
566100701,1,0,100,0,22,0,0,0,0,0
566100801,1,0,100,0,22,0,0,0,0,0
566100901,1,0,100,0,22,0,0,0,0,0
566101001,1,0,100,1,22,0,13,0,0,0
566101101,1,0,100,0,22,0,0,0,0,0
566101201,1,0,100,0,22,0,0,0,0,0
566101301,1,0,100,0,22,0,0,0,0,0
566101401,1,0,100,0,22,0,0,0,0,0
566101501,1,0,100,1,22,0,13,0,0,0
566101601,1,0,100,0,22,0,0,0,0,0
566101701,1,0,100,0,22,0,0,0,0,0
566101801,1,0,100,0,22,0,0,0,0,0
566101901,1,0,100,0,22,0,0,0,0,0
566102001,1,0,100,1,22,0,13,0,0,0
566102101,1,0,100,1,22,0,13,0,0,0
566102201,1,0,100,1,22,0,13,0,0,0
566102301,1,0,100,1,22,0,13,0,0,0
566102401,1,0,100,1,22,0,13,0,0,0
566102501,1,0,100,1,22,0,13,0,0,0
567100101,1,0,2933,0,22,0,0,0,0,101092
567100101,2,0,2933,0,22,0,0,0,0,101092
567100101,3,0,2933,0,22,0,0,0,0,101092
567100101,4,1,1200,0,22,0,0,0,0,101092
567100102,1,0,2933,0,22,0,0,0,0,101092
567100102,2,0,2933,0,22,0,0,0,0,101092
567100102,3,0,2933,0,22,0,0,0,0,101092
567100102,4,1,1200,0,22,0,0,0,0,101092
567100103,1,0,2933,0,22,0,0,0,0,101092
567100103,2,0,2933,0,22,0,0,0,0,101092
567100103,3,0,2933,0,22,0,0,0,0,101092
567100103,4,1,1200,0,22,0,0,0,0,101092
567100104,1,0,2933,0,22,0,0,0,0,101092
567100104,2,0,2933,0,22,0,0,0,0,101092
567100104,3,0,2933,0,22,0,0,0,0,101092
567100104,4,1,1200,0,22,0,0,0,0,101092
567100105,1,0,2933,0,22,0,0,0,0,101092
567100105,2,0,2933,0,22,0,0,0,0,101092
567100105,3,0,2933,0,22,0,0,0,0,101092
567100105,4,1,1200,0,22,0,0,0,0,101092
567100106,1,0,2933,0,22,0,0,0,0,101092
567100106,2,0,2933,0,22,0,0,0,0,101092
567100106,3,0,2933,0,22,0,0,0,0,101092
567100106,4,1,1200,0,22,0,0,0,0,101092
567100107,1,0,2933,0,22,0,0,0,0,101092
567100107,2,0,2933,0,22,0,0,0,0,101092
567100107,3,0,2933,0,22,0,0,0,0,101092
567100107,4,1,1200,0,22,0,0,0,0,101092
567100108,1,0,2933,0,22,0,0,0,0,101092
567100108,2,0,2933,0,22,0,0,0,0,101092
567100108,3,0,2933,0,22,0,0,0,0,101092
567100108,4,1,1200,0,22,0,0,0,0,101092
568100101,1,0,100,0,22,0,0,0,0,0
568100201,1,0,100,0,22,0,0,0,0,0
568100301,1,0,100,0,22,0,0,0,0,0
568100401,1,0,100,0,22,0,0,0,0,0
568100501,1,0,100,1,22,0,13,0,0,0
568100601,1,0,100,0,22,0,0,0,0,0
568100701,1,0,100,0,22,0,0,0,0,0
568100801,1,0,100,0,22,0,0,0,0,0
568100901,1,0,100,0,22,0,0,0,0,0
568101001,1,0,100,1,22,0,13,0,0,0
568101101,1,0,100,0,22,0,0,0,0,0
568101201,1,0,100,0,22,0,0,0,0,0
568101301,1,0,100,0,22,0,0,0,0,0
568101401,1,0,100,0,22,0,0,0,0,0
568101501,1,0,100,1,22,0,13,0,0,0
568101601,1,0,100,0,22,0,0,0,0,0
568101701,1,0,100,0,22,0,0,0,0,0
568101801,1,0,100,0,22,0,0,0,0,0
568101901,1,0,100,0,22,0,0,0,0,0
568102001,1,0,100,1,22,0,13,0,0,0
568102101,1,0,100,1,22,0,13,0,0,0
568102201,1,0,100,1,22,0,13,0,0,0
568102301,1,0,100,1,22,0,13,0,0,0
568102401,1,0,100,1,22,0,13,0,0,0
568102501,1,0,100,1,22,0,13,0,0,0
569100101,1,0,2933,0,22,0,0,0,0,101142
569100101,2,0,2933,0,22,0,0,0,0,101142
569100101,3,0,2933,0,22,0,0,0,0,101142
569100101,4,1,1200,0,22,0,0,0,0,101142
569100102,1,0,2933,0,22,0,0,0,0,101142
569100102,2,0,2933,0,22,0,0,0,0,101142
569100102,3,0,2933,0,22,0,0,0,0,101142
569100102,4,1,1200,0,22,0,0,0,0,101142
569100103,1,0,2933,0,22,0,0,0,0,101142
569100103,2,0,2933,0,22,0,0,0,0,101142
569100103,3,0,2933,0,22,0,0,0,0,101142
569100103,4,1,1200,0,22,0,0,0,0,101142
569100104,1,0,2933,0,22,0,0,0,0,101142
569100104,2,0,2933,0,22,0,0,0,0,101142
569100104,3,0,2933,0,22,0,0,0,0,101142
569100104,4,1,1200,0,22,0,0,0,0,101142
569100105,1,0,2933,0,22,0,0,0,0,101142
569100105,2,0,2933,0,22,0,0,0,0,101142
569100105,3,0,2933,0,22,0,0,0,0,101142
569100105,4,1,1200,0,22,0,0,0,0,101142
569100106,1,0,2933,0,22,0,0,0,0,101142
569100106,2,0,2933,0,22,0,0,0,0,101142
569100106,3,0,2933,0,22,0,0,0,0,101142
569100106,4,1,1200,0,22,0,0,0,0,101142
569100107,1,0,2933,0,22,0,0,0,0,101142
569100107,2,0,2933,0,22,0,0,0,0,101142
569100107,3,0,2933,0,22,0,0,0,0,101142
569100107,4,1,1200,0,22,0,0,0,0,101142
569100108,1,0,2933,0,22,0,0,0,0,101142
569100108,2,0,2933,0,22,0,0,0,0,101142
569100108,3,0,2933,0,22,0,0,0,0,101142
569100108,4,1,1200,0,22,0,0,0,0,101142
570100101,1,0,100,0,22,0,0,0,0,0
570100201,1,0,100,0,22,0,0,0,0,0
570100301,1,0,100,0,22,0,0,0,0,0
570100401,1,0,100,0,22,0,0,0,0,0
570100501,1,0,100,1,22,0,13,0,0,0
570100601,1,0,100,0,22,0,0,0,0,0
570100701,1,0,100,0,22,0,0,0,0,0
570100801,1,0,100,0,22,0,0,0,0,0
570100901,1,0,100,0,22,0,0,0,0,0
570101001,1,0,100,1,22,0,13,0,0,0
570101101,1,0,100,0,22,0,0,0,0,0
570101201,1,0,100,0,22,0,0,0,0,0
570101301,1,0,100,0,22,0,0,0,0,0
570101401,1,0,100,0,22,0,0,0,0,0
570101501,1,0,100,1,22,0,13,0,0,0
570101601,1,0,100,0,22,0,0,0,0,0
570101701,1,0,100,0,22,0,0,0,0,0
570101801,1,0,100,0,22,0,0,0,0,0
570101901,1,0,100,0,22,0,0,0,0,0
570102001,1,0,100,1,22,0,13,0,0,0
570102101,1,0,100,1,22,0,13,0,0,0
570102201,1,0,100,1,22,0,13,0,0,0
570102301,1,0,100,1,22,0,13,0,0,0
570102401,1,0,100,1,22,0,13,0,0,0
570102501,1,0,100,1,22,0,13,0,0,0
571100101,1,0,2933,0,22,0,0,0,0,101192
571100101,2,0,2933,0,22,0,0,0,0,101192
571100101,3,0,2933,0,22,0,0,0,0,101192
571100101,4,1,1200,0,22,0,0,0,0,101192
571100102,1,0,2933,0,22,0,0,0,0,101192
571100102,2,0,2933,0,22,0,0,0,0,101192
571100102,3,0,2933,0,22,0,0,0,0,101192
571100102,4,1,1200,0,22,0,0,0,0,101192
571100103,1,0,2933,0,22,0,0,0,0,101192
571100103,2,0,2933,0,22,0,0,0,0,101192
571100103,3,0,2933,0,22,0,0,0,0,101192
571100103,4,1,1200,0,22,0,0,0,0,101192
571100104,1,0,2933,0,22,0,0,0,0,101192
571100104,2,0,2933,0,22,0,0,0,0,101192
571100104,3,0,2933,0,22,0,0,0,0,101192
571100104,4,1,1200,0,22,0,0,0,0,101192
571100105,1,0,2933,0,22,0,0,0,0,101192
571100105,2,0,2933,0,22,0,0,0,0,101192
571100105,3,0,2933,0,22,0,0,0,0,101192
571100105,4,1,1200,0,22,0,0,0,0,101192
571100106,1,0,2933,0,22,0,0,0,0,101192
571100106,2,0,2933,0,22,0,0,0,0,101192
571100106,3,0,2933,0,22,0,0,0,0,101192
571100106,4,1,1200,0,22,0,0,0,0,101192
571100107,1,0,2933,0,22,0,0,0,0,101192
571100107,2,0,2933,0,22,0,0,0,0,101192
571100107,3,0,2933,0,22,0,0,0,0,101192
571100107,4,1,1200,0,22,0,0,0,0,101192
571100108,1,0,2933,0,22,0,0,0,0,101192
571100108,2,0,2933,0,22,0,0,0,0,101192
571100108,3,0,2933,0,22,0,0,0,0,101192
571100108,4,1,1200,0,22,0,0,0,0,101192
600100101,1,0,100,0,21,0,0,0,0,0
600100102,1,0,100,0,21,0,0,0,0,0
600100103,1,0,90,0,21,0,0,0,0,0
600100103,2,0,10,0,21,0,0,0,0,0
600100201,1,0,100,0,22,0,0,0,0,0
600100202,1,0,100,0,22,0,0,0,0,0
600100203,1,0,90,0,22,0,0,0,0,0
600100203,2,0,10,0,21,0,0,0,0,0
600100301,1,0,100,0,21,0,0,0,0,0
600100302,1,0,100,0,21,0,0,0,0,0
600100303,1,0,90,0,21,0,0,0,0,0
600100303,2,0,10,0,21,0,0,0,0,0
600100401,1,0,100,0,22,0,0,0,0,0
600100402,1,0,100,0,22,0,0,0,0,0
600100403,1,0,90,0,22,0,0,0,0,0
600100403,2,0,10,0,21,0,0,0,0,0
600200101,1,0,100,0,21,0,0,0,0,0
600200102,1,0,100,0,21,0,0,0,0,0
600200103,1,0,90,0,21,0,0,0,0,0
600200103,2,0,10,0,21,0,0,0,0,0
600200201,1,0,100,0,21,0,0,0,0,0
600200202,1,0,100,0,21,0,0,0,0,0
600200203,1,0,90,0,21,0,0,0,0,0
600200203,2,0,10,0,21,0,0,0,0,0
600200301,1,0,100,0,22,0,0,0,0,0
600200302,1,0,100,0,22,0,0,0,0,0
600200303,1,0,90,0,22,0,0,0,0,0
600200303,2,0,10,0,21,0,0,0,0,0
600200401,1,0,100,0,21,0,0,0,0,0
600200402,1,0,100,0,21,0,0,0,0,0
600200403,1,0,90,0,21,0,0,0,0,0
600200403,2,0,10,0,21,0,0,0,0,0
600700101,1,0,100,0,22,0,0,0,0,0
600700102,1,0,100,0,22,0,0,0,0,0
600700103,1,0,90,0,22,0,0,0,0,0
600700103,2,0,10,0,22,0,0,0,0,0
600700201,1,0,100,0,22,0,0,0,0,0
600700202,1,0,100,0,22,0,0,0,0,0
600700203,1,0,90,0,22,0,0,0,0,0
600700203,2,0,10,0,22,0,0,0,0,0
600700301,1,0,100,0,22,0,0,0,0,0
600700302,1,0,100,0,22,0,0,0,0,0
600700303,1,0,90,0,22,0,0,0,0,0
600700303,2,0,10,0,22,0,0,0,0,0
600700401,1,0,100,0,22,0,0,0,0,0
600700402,1,0,100,0,22,0,0,0,0,0
600700403,1,0,90,0,22,0,0,0,0,0
600700403,2,0,10,0,22,0,0,0,0,0
600800101,1,0,100,0,21,0,0,0,0,0
600800102,1,0,100,0,21,0,0,0,0,0
600800103,1,0,90,0,21,0,0,0,0,0
600800103,2,0,10,0,21,0,0,0,0,0
600800201,1,0,100,0,21,0,0,0,0,0
600800202,1,0,100,0,21,0,0,0,0,0
600800203,1,0,90,0,21,0,0,0,0,0
600800203,2,0,10,0,21,0,0,0,0,0
600800301,1,0,100,0,21,0,0,0,0,0
600800302,1,0,100,0,21,0,0,0,0,0
600800303,1,0,90,0,21,0,0,0,0,0
600800303,2,0,10,0,20,0,0,0,0,0
600800401,1,0,100,0,21,0,0,0,0,0
600800402,1,0,100,0,21,0,0,0,0,0
600800403,1,0,90,0,21,0,0,0,0,0
600800403,2,0,10,0,21,0,0,0,0,0
600900101,1,0,100,0,22,0,0,0,0,0
600900102,1,0,100,0,22,0,0,0,0,0
600900103,1,0,90,0,22,0,0,0,0,0
600900103,2,0,10,0,22,0,0,0,0,0
600900201,1,0,100,0,22,0,0,0,0,0
600900202,1,0,100,0,22,0,0,0,0,0
600900203,1,0,90,0,22,0,0,0,0,0
600900203,2,0,10,0,22,0,0,0,0,0
600900301,1,0,100,0,22,0,0,0,0,0
600900302,1,0,100,0,22,0,0,0,0,0
600900303,1,0,90,0,22,0,0,0,0,0
600900303,2,0,10,0,22,0,0,0,0,0
600900401,1,0,100,0,22,0,0,0,0,0
600900402,1,0,100,0,22,0,0,0,0,0
600900403,1,0,90,0,22,0,0,0,0,0
600900403,2,0,10,0,22,0,0,0,0,0
601000101,1,0,100,0,22,0,0,0,0,0
601000102,1,0,100,0,22,0,0,0,0,0
601000103,1,0,90,0,22,0,0,0,0,0
601000103,2,0,10,0,22,0,0,0,0,0
601000201,1,0,100,0,22,0,0,0,0,0
601000202,1,0,100,0,22,0,0,0,0,0
601000203,1,0,90,0,22,0,0,0,0,0
601000203,2,0,10,0,22,0,0,0,0,0
601000301,1,0,100,0,22,0,0,0,0,0
601000302,1,0,100,0,22,0,0,0,0,0
601000303,1,0,90,0,22,0,0,0,0,0
601000303,2,0,10,0,22,0,0,0,0,0
601000401,1,0,100,0,22,0,0,0,0,0
601000402,1,0,100,0,22,0,0,0,0,0
601000403,1,0,90,0,22,0,0,0,0,0
601000403,2,0,10,0,22,0,0,0,0,0
601100101,1,0,100,0,22,0,0,0,0,0
601100102,1,0,100,0,22,0,0,0,0,0
601100103,1,0,90,0,22,0,0,0,0,0
601100103,2,0,10,0,22,0,0,0,0,0
601100201,1,0,100,0,22,0,0,0,0,0
601100202,1,0,100,0,22,0,0,0,0,0
601100203,1,0,90,0,22,0,0,0,0,0
601100203,2,0,10,0,22,0,0,0,0,0
601100301,1,0,100,0,22,0,0,0,0,0
601100302,1,0,100,0,22,0,0,0,0,0
601100303,1,0,90,0,22,0,0,0,0,0
601100303,2,0,10,0,22,0,0,0,0,0
601100401,1,0,100,0,22,0,0,0,0,0
601100402,1,0,100,0,22,0,0,0,0,0
601100403,1,0,90,0,22,0,0,0,0,0
601100403,2,0,10,0,22,0,0,0,0,0
601200101,1,0,100,0,22,0,0,0,0,0
601200102,1,0,100,0,22,0,0,0,0,0
601200103,1,0,90,0,22,0,0,0,0,0
601200103,2,0,10,0,22,0,0,0,0,0
601200201,1,0,100,0,22,0,0,0,0,0
601200202,1,0,100,0,22,0,0,0,0,0
601200203,1,0,90,0,22,0,0,0,0,0
601200203,2,0,10,0,22,0,0,0,0,0
601200301,1,0,100,0,22,0,0,0,0,0
601200302,1,0,100,0,22,0,0,0,0,0
601200303,1,0,90,0,22,0,0,0,0,0
601200303,2,0,10,0,22,0,0,0,0,0
601200401,1,0,100,0,22,0,0,0,0,0
601200402,1,0,100,0,22,0,0,0,0,0
601200403,1,0,90,0,22,0,0,0,0,0
601200403,2,0,10,0,22,0,0,0,0,0
601300101,1,0,100,0,22,0,0,0,0,0
601300102,1,0,100,0,22,0,0,0,0,0
601300103,1,0,90,0,22,0,0,0,0,0
601300103,2,0,10,0,22,0,0,0,0,0
601300201,1,0,100,0,22,0,0,0,0,0
601300202,1,0,100,0,22,0,0,0,0,0
601300203,1,0,90,0,22,0,0,0,0,0
601300203,2,0,10,0,22,0,0,0,0,0
601300301,1,0,100,0,22,0,0,0,0,0
601300302,1,0,100,0,22,0,0,0,0,0
601300303,1,0,90,0,22,0,0,0,0,0
601300303,2,0,10,0,22,0,0,0,0,0
601300401,1,0,100,0,22,0,0,0,0,0
601300402,1,0,100,0,22,0,0,0,0,0
601300403,1,0,90,0,22,0,0,0,0,0
601300403,2,0,10,0,22,0,0,0,0,0
601400101,1,0,100,0,22,0,0,0,0,0
601400102,1,0,100,0,22,0,0,0,0,0
601400103,1,0,90,0,22,0,0,0,0,0
601400103,2,0,10,0,22,0,0,0,0,0
601400201,1,0,100,0,22,0,0,0,0,0
601400202,1,0,100,0,22,0,0,0,0,0
601400203,1,0,90,0,22,0,0,0,0,0
601400203,2,0,10,0,22,0,0,0,0,0
601400301,1,0,100,0,22,0,0,0,0,0
601400302,1,0,100,0,22,0,0,0,0,0
601400303,1,0,90,0,22,0,0,0,0,0
601400303,2,0,10,0,22,0,0,0,0,0
601400401,1,0,100,0,22,0,0,0,0,0
601400402,1,0,100,0,22,0,0,0,0,0
601400403,1,0,90,0,22,0,0,0,0,0
601400403,2,0,10,0,22,0,0,0,0,0
601500101,1,0,100,0,22,0,0,0,0,0
601500102,1,0,100,0,22,0,0,0,0,0
601500103,1,0,90,0,22,0,0,0,0,0
601500103,2,0,10,0,22,0,0,0,0,0
601500201,1,0,100,0,22,0,0,0,0,0
601500202,1,0,100,0,22,0,0,0,0,0
601500203,1,0,90,0,22,0,0,0,0,0
601500203,2,0,10,0,22,0,0,0,0,0
601500301,1,0,100,0,22,0,0,0,0,0
601500302,1,0,100,0,22,0,0,0,0,0
601500303,1,0,90,0,22,0,0,0,0,0
601500303,2,0,10,0,22,0,0,0,0,0
601500401,1,0,100,0,22,0,0,0,0,0
601500402,1,0,100,0,22,0,0,0,0,0
601500403,1,0,90,0,22,0,0,0,0,0
601500403,2,0,10,0,22,0,0,0,0,0
601600101,1,0,100,0,22,0,0,0,0,0
601600102,1,0,100,0,22,0,0,0,0,0
601600103,1,0,90,0,22,0,0,0,0,0
601600103,2,0,10,0,22,0,0,0,0,0
601600201,1,0,100,0,22,0,0,0,0,0
601600202,1,0,100,0,22,0,0,0,0,0
601600203,1,0,90,0,22,0,0,0,0,0
601600203,2,0,10,0,22,0,0,0,0,0
601600301,1,0,100,0,22,0,0,0,0,0
601600302,1,0,100,0,22,0,0,0,0,0
601600303,1,0,90,0,22,0,0,0,0,0
601600303,2,0,10,0,22,0,0,0,0,0
601600401,1,0,100,0,22,0,0,0,0,0
601600402,1,0,100,0,22,0,0,0,0,0
601600403,1,0,90,0,22,0,0,0,0,0
601600403,2,0,10,0,22,0,0,0,0,0
601700101,1,0,100,0,22,0,0,0,0,0
601700102,1,0,100,0,22,0,0,0,0,0
601700103,1,0,90,0,22,0,0,0,0,0
601700103,2,0,10,0,22,0,0,0,0,0
601700201,1,0,100,0,22,0,0,0,0,0
601700202,1,0,100,0,22,0,0,0,0,0
601700203,1,0,90,0,22,0,0,0,0,0
601700203,2,0,10,0,22,0,0,0,0,0
601700301,1,0,100,0,22,0,0,0,0,0
601700302,1,0,100,0,22,0,0,0,0,0
601700303,1,0,90,0,22,0,0,0,0,0
601700303,2,0,10,0,22,0,0,0,0,0
601700401,1,0,100,0,22,0,0,0,0,0
601700402,1,0,100,0,22,0,0,0,0,0
601700403,1,0,90,0,22,0,0,0,0,0
601700403,2,0,10,0,22,0,0,0,0,0
601800101,1,0,100,0,22,0,0,0,0,0
601800102,1,0,100,0,22,0,0,0,0,0
601800103,1,0,90,0,22,0,0,0,0,0
601800103,2,0,10,0,22,0,0,0,0,0
601800201,1,0,100,0,22,0,0,0,0,0
601800202,1,0,100,0,22,0,0,0,0,0
601800203,1,0,90,0,22,0,0,0,0,0
601800203,2,0,10,0,22,0,0,0,0,0
601800301,1,0,100,0,22,0,0,0,0,0
601800302,1,0,100,0,22,0,0,0,0,0
601800303,1,0,90,0,22,0,0,0,0,0
601800303,2,0,10,0,22,0,0,0,0,0
601800401,1,0,100,0,22,0,0,0,0,0
601800402,1,0,100,0,22,0,0,0,0,0
601800403,1,0,90,0,22,0,0,0,0,0
601800403,2,0,10,0,22,0,0,0,0,0
601900101,1,0,100,0,22,0,0,0,0,0
601900102,1,0,100,0,22,0,0,0,0,0
601900103,1,0,90,0,22,0,0,0,0,0
601900103,2,0,10,0,22,0,0,0,0,0
601900201,1,0,100,0,22,0,0,0,0,0
601900202,1,0,100,0,22,0,0,0,0,0
601900203,1,0,90,0,22,0,0,0,0,0
601900203,2,0,10,0,22,0,0,0,0,0
601900301,1,0,100,0,22,0,0,0,0,0
601900302,1,0,100,0,22,0,0,0,0,0
601900303,1,0,90,0,22,0,0,0,0,0
601900303,2,0,10,0,22,0,0,0,0,0
601900401,1,0,100,0,22,0,0,0,0,0
601900402,1,0,100,0,22,0,0,0,0,0
601900403,1,0,90,0,22,0,0,0,0,0
601900403,2,0,10,0,22,0,0,0,0,0
602000101,1,0,100,0,22,0,0,0,0,0
602000102,1,0,100,0,22,0,0,0,0,0
602000103,1,0,90,0,22,0,0,0,0,0
602000103,2,0,10,0,22,0,0,0,0,0
602000201,1,0,100,0,22,0,0,0,0,0
602000202,1,0,100,0,22,0,0,0,0,0
602000203,1,0,90,0,22,0,0,0,0,0
602000203,2,0,10,0,22,0,0,0,0,0
602000301,1,0,100,0,22,0,0,0,0,0
602000302,1,0,100,0,22,0,0,0,0,0
602000303,1,0,90,0,22,0,0,0,0,0
602000303,2,0,10,0,22,0,0,0,0,0
602000401,1,0,100,0,22,0,0,0,0,0
602000402,1,0,100,0,22,0,0,0,0,0
602000403,1,0,90,0,22,0,0,0,0,0
602000403,2,0,10,0,22,0,0,0,0,0
602200101,1,0,100,0,22,0,0,0,0,0
602200102,1,0,100,0,22,0,0,0,0,0
602200103,1,0,100,0,22,10402,0,0,0,0
602200201,1,0,100,0,22,0,0,0,0,0
602200202,1,0,100,0,22,0,0,0,0,0
602200203,1,0,100,0,23,10405,0,0,0,0
602200301,1,0,100,0,22,0,0,0,0,0
602200302,1,0,100,0,22,0,0,0,0,0
602200303,1,0,100,0,22,10402,0,0,0,0
602200401,1,0,100,0,22,0,0,0,0,0
602200402,1,0,100,0,22,0,0,0,0,0
602200403,1,0,100,0,23,10405,0,0,0,0
602200501,1,0,100,0,22,0,0,0,0,0
602200502,1,0,100,0,22,0,0,0,0,0
602200503,1,0,100,0,22,10402,0,0,0,0
602200601,1,0,100,0,22,0,0,0,0,0
602200602,1,0,100,0,22,0,0,0,0,0
602200603,1,0,100,0,23,10405,0,0,0,0
602600701,1,0,100,0,22,0,0,0,0,0
602600702,1,0,100,0,22,0,0,0,0,0
602600703,1,0,100,1,22,10402,0,0,0,0
602600801,1,0,100,0,22,0,0,0,0,0
602600802,1,0,100,0,22,0,0,0,0,0
602600803,1,0,100,1,23,10405,0,0,0,0
602600901,1,0,100,0,22,0,0,0,0,0
602600902,1,0,100,0,22,0,0,0,0,0
602600903,1,0,100,1,22,10402,0,0,0,0
602601001,1,0,100,0,22,0,0,0,0,0
602601002,1,0,100,0,22,0,0,0,0,0
602601003,1,0,100,1,23,10405,0,0,0,0
602601101,1,0,100,0,22,0,0,0,0,0
602601102,1,0,100,0,22,0,0,0,0,0
602601103,1,0,100,1,22,10402,0,0,0,0
602601201,1,0,100,0,22,0,0,0,0,0
602601202,1,0,100,0,22,0,0,0,0,0
602601203,1,0,100,1,23,10405,0,0,0,0
602700101,1,0,100,0,22,0,0,0,0,0
602700102,1,0,100,0,22,0,0,0,0,0
602700103,1,0,90,0,22,0,0,0,0,0
602700103,2,0,10,0,22,0,0,0,0,0
602700201,1,0,100,0,22,0,0,0,0,0
602700202,1,0,100,0,22,0,0,0,0,0
602700203,1,0,90,0,22,0,0,0,0,0
602700203,2,0,10,0,22,0,0,0,0,0
602700301,1,0,100,0,22,0,0,0,0,0
602700302,1,0,100,0,22,0,0,0,0,0
602700303,1,0,90,0,22,0,0,0,0,0
602700303,2,0,10,0,22,0,0,0,0,0
602700401,1,0,100,0,22,0,0,0,0,0
602700402,1,0,100,0,22,0,0,0,0,0
602700403,1,0,90,0,22,0,0,0,0,0
602700403,2,0,10,0,22,0,0,0,0,0
602800101,1,0,100,0,22,0,0,0,0,0
602800102,1,0,100,0,22,0,0,0,0,0
602800103,1,0,90,0,22,0,0,0,0,0
602800103,2,0,10,0,22,0,0,0,0,0
602800201,1,0,100,0,22,0,0,0,0,0
602800202,1,0,100,0,22,0,0,0,0,0
602800203,1,0,90,0,22,0,0,0,0,0
602800203,2,0,10,0,22,0,0,0,0,0
602800301,1,0,100,0,22,0,0,0,0,0
602800302,1,0,100,0,22,0,0,0,0,0
602800303,1,0,90,0,22,0,0,0,0,0
602800303,2,0,10,0,22,0,0,0,0,0
602800401,1,0,100,0,22,0,0,0,0,0
602800402,1,0,100,0,22,0,0,0,0,0
602800403,1,0,90,0,22,0,0,0,0,0
602800403,2,0,10,0,22,0,0,0,0,0
602901301,1,0,100,0,22,0,0,0,0,0
602901302,1,0,100,0,22,0,0,0,0,0
602901303,1,0,100,1,22,10402,0,0,0,0
602901401,1,0,100,0,22,0,0,0,0,0
602901402,1,0,100,0,22,0,0,0,0,0
602901403,1,0,100,1,23,10405,0,0,0,0
602901501,1,0,100,0,22,0,0,0,0,0
602901502,1,0,100,0,22,0,0,0,0,0
602901503,1,0,100,1,22,10402,0,0,0,0
602901601,1,0,100,0,22,0,0,0,0,0
602901602,1,0,100,0,22,0,0,0,0,0
602901603,1,0,100,1,23,10405,0,0,0,0
602901701,1,0,100,0,22,0,0,0,0,0
602901702,1,0,100,0,22,0,0,0,0,0
602901703,1,0,100,1,22,10402,0,0,0,0
602901801,1,0,100,0,22,0,0,0,0,0
602901802,1,0,100,0,22,0,0,0,0,0
602901803,1,0,100,1,23,10405,0,0,0,0
603000101,1,0,100,0,22,0,0,0,0,0
603000102,1,0,100,0,22,0,0,0,0,0
603000103,1,0,90,0,22,0,0,0,0,0
603000103,2,0,10,0,22,0,0,0,0,0
603000201,1,0,100,0,22,0,0,0,0,0
603000202,1,0,100,0,22,0,0,0,0,0
603000203,1,0,90,0,22,0,0,0,0,0
603000203,2,0,10,0,22,0,0,0,0,0
603000301,1,0,100,0,22,0,0,0,0,0
603000302,1,0,100,0,22,0,0,0,0,0
603000303,1,0,90,0,22,0,0,0,0,0
603000303,2,0,10,0,22,0,0,0,0,0
603000401,1,0,100,0,22,0,0,0,0,0
603000402,1,0,100,0,22,0,0,0,0,0
603000403,1,0,90,0,22,0,0,0,0,0
603000403,2,0,10,0,22,0,0,0,0,0
603100101,1,0,100,0,22,0,0,0,0,0
603100102,1,0,100,0,22,0,0,0,0,0
603100103,1,0,90,0,22,0,0,0,0,0
603100103,2,0,10,0,22,0,0,0,0,0
603100201,1,0,100,0,22,0,0,0,0,0
603100202,1,0,100,0,22,0,0,0,0,0
603100203,1,0,90,0,22,0,0,0,0,0
603100203,2,0,10,0,22,0,0,0,0,0
603100301,1,0,100,0,22,0,0,0,0,0
603100302,1,0,100,0,22,0,0,0,0,0
603100303,1,0,90,0,22,0,0,0,0,0
603100303,2,0,10,0,22,0,0,0,0,0
603100401,1,0,100,0,22,0,0,0,0,0
603100402,1,0,100,0,22,0,0,0,0,0
603100403,1,0,90,0,22,0,0,0,0,0
603100403,2,0,10,0,22,0,0,0,0,0
603201901,1,0,100,0,22,0,0,0,0,0
603201902,1,0,100,0,22,0,0,0,0,0
603201903,1,0,100,1,22,10402,0,0,0,0
603202001,1,0,100,0,22,0,0,0,0,0
603202002,1,0,100,0,22,0,0,0,0,0
603202003,1,0,100,1,23,10405,0,0,0,0
603202101,1,0,100,0,22,0,0,0,0,0
603202102,1,0,100,0,22,0,0,0,0,0
603202103,1,0,100,1,22,10402,0,0,0,0
603202201,1,0,100,0,22,0,0,0,0,0
603202202,1,0,100,0,22,0,0,0,0,0
603202203,1,0,100,1,23,10405,0,0,0,0
603202301,1,0,100,0,22,0,0,0,0,0
603202302,1,0,100,0,22,0,0,0,0,0
603202303,1,0,100,1,22,10402,0,0,0,0
603202401,1,0,100,0,22,0,0,0,0,0
603202402,1,0,100,0,22,0,0,0,0,0
603202403,1,0,100,1,23,10405,0,0,0,0
603300101,1,0,100,0,22,0,0,0,0,0
603300102,1,0,100,0,22,0,0,0,0,0
603300103,1,0,90,0,22,0,0,0,0,0
603300103,2,0,10,0,22,0,0,0,0,0
603300201,1,0,100,0,22,0,0,0,0,0
603300202,1,0,100,0,22,0,0,0,0,0
603300203,1,0,90,0,22,0,0,0,0,0
603300203,2,0,10,0,22,0,0,0,0,0
603300301,1,0,100,0,22,0,0,0,0,0
603300302,1,0,100,0,22,0,0,0,0,0
603300303,1,0,90,0,22,0,0,0,0,0
603300303,2,0,10,0,22,0,0,0,0,0
603300401,1,0,100,0,22,0,0,0,0,0
603300402,1,0,100,0,22,0,0,0,0,0
603300403,1,0,90,0,22,0,0,0,0,0
603300403,2,0,10,0,22,0,0,0,0,0
603400101,1,0,100,0,22,0,0,0,0,0
603400102,1,0,100,0,22,0,0,0,0,0
603400103,1,0,90,0,22,0,0,0,0,0
603400103,2,0,10,0,22,0,0,0,0,0
603400201,1,0,100,0,22,0,0,0,0,0
603400202,1,0,100,0,22,0,0,0,0,0
603400203,1,0,90,0,22,0,0,0,0,0
603400203,2,0,10,0,22,0,0,0,0,0
603400301,1,0,100,0,22,0,0,0,0,0
603400302,1,0,100,0,22,0,0,0,0,0
603400303,1,0,90,0,22,0,0,0,0,0
603400303,2,0,10,0,22,0,0,0,0,0
603400401,1,0,100,0,22,0,0,0,0,0
603400402,1,0,100,0,22,0,0,0,0,0
603400403,1,0,90,0,22,0,0,0,0,0
603400403,2,0,10,0,22,0,0,0,0,0
603502501,1,0,100,0,22,0,0,0,0,0
603502502,1,0,100,0,22,0,0,0,0,0
603502503,1,0,100,0,22,10402,0,0,0,0
603502601,1,0,100,0,22,0,0,0,0,0
603502602,1,0,100,0,22,0,0,0,0,0
603502603,1,0,100,0,23,10405,0,0,0,0
603502701,1,0,100,0,22,0,0,0,0,0
603502702,1,0,100,0,22,0,0,0,0,0
603502703,1,0,100,0,22,10402,0,0,0,0
603502801,1,0,100,0,22,0,0,0,0,0
603502802,1,0,100,0,22,0,0,0,0,0
603502803,1,0,100,0,23,10405,0,0,0,0
603502901,1,0,100,0,22,0,0,0,0,0
603502902,1,0,100,0,22,0,0,0,0,0
603502903,1,0,100,0,22,10402,0,0,0,0
603503001,1,0,100,0,22,0,0,0,0,0
603503002,1,0,100,0,22,0,0,0,0,0
603503003,1,0,100,0,23,10405,0,0,0,0
603600101,1,0,100,0,22,0,0,0,0,0
603600102,1,0,100,0,22,0,0,0,0,0
603600103,1,0,90,0,22,0,0,0,0,0
603600103,2,0,10,0,22,0,0,0,0,0
603600201,1,0,100,0,22,0,0,0,0,0
603600202,1,0,100,0,22,0,0,0,0,0
603600203,1,0,90,0,22,0,0,0,0,0
603600203,2,0,10,0,22,0,0,0,0,0
603600301,1,0,100,0,22,0,0,0,0,0
603600302,1,0,100,0,22,0,0,0,0,0
603600303,1,0,90,0,22,0,0,0,0,0
603600303,2,0,10,0,22,0,0,0,0,0
603600401,1,0,100,0,22,0,0,0,0,0
603600402,1,0,100,0,22,0,0,0,0,0
603600403,1,0,90,0,22,0,0,0,0,0
603600403,2,0,10,0,22,0,0,0,0,0
603700101,1,0,100,0,22,0,0,0,0,0
603700102,1,0,100,0,22,0,0,0,0,0
603700103,1,0,90,0,22,0,0,0,0,0
603700103,2,0,10,0,22,0,0,0,0,0
603700201,1,0,100,0,22,0,0,0,0,0
603700202,1,0,100,0,22,0,0,0,0,0
603700203,1,0,90,0,22,0,0,0,0,0
603700203,2,0,10,0,22,0,0,0,0,0
603700301,1,0,100,0,22,0,0,0,0,0
603700302,1,0,100,0,22,0,0,0,0,0
603700303,1,0,90,0,22,0,0,0,0,0
603700303,2,0,10,0,22,0,0,0,0,0
603700401,1,0,100,0,22,0,0,0,0,0
603700402,1,0,100,0,22,0,0,0,0,0
603700403,1,0,90,0,22,0,0,0,0,0
603700403,2,0,10,0,22,0,0,0,0,0
603803101,1,0,100,0,22,0,0,0,0,0
603803102,1,0,100,0,22,0,0,0,0,0
603803103,1,0,100,1,22,10402,0,0,0,0
603803201,1,0,100,0,22,0,0,0,0,0
603803202,1,0,100,0,22,0,0,0,0,0
603803203,1,0,100,1,23,10405,0,0,0,0
603803301,1,0,100,0,22,0,0,0,0,0
603803302,1,0,100,0,22,0,0,0,0,0
603803303,1,0,100,1,22,10402,0,0,0,0
603803401,1,0,100,0,22,0,0,0,0,0
603803402,1,0,100,0,22,0,0,0,0,0
603803403,1,0,100,1,23,10405,0,0,0,0
603803501,1,0,100,0,22,0,0,0,0,0
603803502,1,0,100,0,22,0,0,0,0,0
603803503,1,0,100,1,22,10402,0,0,0,0
603803601,1,0,100,0,22,0,0,0,0,0
603803602,1,0,100,0,22,0,0,0,0,0
603803603,1,0,100,1,23,10405,0,0,0,0
603900101,1,0,100,0,22,0,0,0,0,0
603900102,1,0,100,0,22,0,0,0,0,0
603900103,1,0,90,0,22,0,0,0,0,0
603900103,2,0,10,0,22,0,0,0,0,0
603900201,1,0,100,0,22,0,0,0,0,0
603900202,1,0,100,0,22,0,0,0,0,0
603900203,1,0,90,0,22,0,0,0,0,0
603900203,2,0,10,0,22,0,0,0,0,0
603900301,1,0,100,0,22,0,0,0,0,0
603900302,1,0,100,0,22,0,0,0,0,0
603900303,1,0,90,0,22,0,0,0,0,0
603900303,2,0,10,0,22,0,0,0,0,0
603900401,1,0,100,0,22,0,0,0,0,0
603900402,1,0,100,0,22,0,0,0,0,0
603900403,1,0,90,0,22,0,0,0,0,0
603900403,2,0,10,0,22,0,0,0,0,0
604000101,1,0,100,0,22,0,0,0,0,0
604000102,1,0,100,0,22,0,0,0,0,0
604000103,1,0,90,0,22,0,0,0,0,0
604000103,2,0,10,0,22,0,0,0,0,0
604000201,1,0,100,0,22,0,0,0,0,0
604000202,1,0,100,0,22,0,0,0,0,0
604000203,1,0,90,0,22,0,0,0,0,0
604000203,2,0,10,0,22,0,0,0,0,0
604000301,1,0,100,0,22,0,0,0,0,0
604000302,1,0,100,0,22,0,0,0,0,0
604000303,1,0,90,0,22,0,0,0,0,0
604000303,2,0,10,0,22,0,0,0,0,0
604000401,1,0,100,0,22,0,0,0,0,0
604000402,1,0,100,0,22,0,0,0,0,0
604000403,1,0,90,0,22,0,0,0,0,0
604000403,2,0,10,0,22,0,0,0,0,0
604103701,1,0,100,0,22,0,0,0,0,0
604103702,1,0,100,0,22,0,0,0,0,0
604103703,1,0,100,0,22,10402,0,0,0,0
604103801,1,0,100,0,22,0,0,0,0,0
604103802,1,0,100,0,22,0,0,0,0,0
604103803,1,0,100,0,23,10405,0,0,0,0
604103901,1,0,100,0,22,0,0,0,0,0
604103902,1,0,100,0,22,0,0,0,0,0
604103903,1,0,100,0,22,10402,0,0,0,0
604104001,1,0,100,0,22,0,0,0,0,0
604104002,1,0,100,0,22,0,0,0,0,0
604104003,1,0,100,0,23,10405,0,0,0,0
604104101,1,0,100,0,22,0,0,0,0,0
604104102,1,0,100,0,22,0,0,0,0,0
604104103,1,0,100,0,22,10402,0,0,0,0
604104201,1,0,100,0,22,0,0,0,0,0
604104202,1,0,100,0,22,0,0,0,0,0
604104203,1,0,100,0,23,10405,0,0,0,0
604104301,1,0,100,0,22,0,0,0,0,0
604104302,1,0,100,0,22,0,0,0,0,0
604104303,1,0,100,0,22,10402,0,0,0,0
604104401,1,0,100,0,22,0,0,0,0,0
604104402,1,0,100,0,22,0,0,0,0,0
604104403,1,0,100,0,23,10405,0,0,0,0
604200101,1,0,100,0,22,0,0,0,0,0
604200102,1,0,100,0,22,0,0,0,0,0
604200103,1,0,90,0,22,0,0,0,0,0
604200103,2,0,10,0,22,0,0,0,0,0
604200201,1,0,100,0,22,0,0,0,0,0
604200202,1,0,100,0,22,0,0,0,0,0
604200203,1,0,90,0,22,0,0,0,0,0
604200203,2,0,10,0,22,0,0,0,0,0
604200301,1,0,100,0,22,0,0,0,0,0
604200302,1,0,100,0,22,0,0,0,0,0
604200303,1,0,90,0,22,0,0,0,0,0
604200303,2,0,10,0,22,0,0,0,0,0
604200401,1,0,100,0,22,0,0,0,0,0
604200402,1,0,100,0,22,0,0,0,0,0
604200403,1,0,90,0,22,0,0,0,0,0
604200403,2,0,10,0,22,0,0,0,0,0
604300101,1,0,100,0,22,0,0,0,0,0
604300102,1,0,100,0,22,0,0,0,0,0
604300103,1,0,90,0,22,0,0,0,0,0
604300103,2,0,10,0,22,0,0,0,0,0
604300201,1,0,100,0,22,0,0,0,0,0
604300202,1,0,100,0,22,0,0,0,0,0
604300203,1,0,90,0,22,0,0,0,0,0
604300203,2,0,10,0,22,0,0,0,0,0
604300301,1,0,100,0,22,0,0,0,0,0
604300302,1,0,100,0,22,0,0,0,0,0
604300303,1,0,90,0,22,0,0,0,0,0
604300303,2,0,10,0,22,0,0,0,0,0
604300401,1,0,100,0,22,0,0,0,0,0
604300402,1,0,100,0,22,0,0,0,0,0
604300403,1,0,90,0,22,0,0,0,0,0
604300403,2,0,10,0,22,0,0,0,0,0
604405301,1,0,100,0,22,0,0,0,0,0
604405302,1,0,100,0,22,0,0,0,0,0
604405303,1,0,100,1,22,10402,0,0,0,0
604405401,1,0,100,0,22,0,0,0,0,0
604405402,1,0,100,0,22,0,0,0,0,0
604405403,1,0,100,1,23,10405,0,0,0,0
604405501,1,0,100,0,22,0,0,0,0,0
604405502,1,0,100,0,22,0,0,0,0,0
604405503,1,0,100,1,22,10402,0,0,0,0
604405601,1,0,100,0,22,0,0,0,0,0
604405602,1,0,100,0,22,0,0,0,0,0
604405603,1,0,100,1,23,10405,0,0,0,0
604405701,1,0,100,0,22,0,0,0,0,0
604405702,1,0,100,0,22,0,0,0,0,0
604405703,1,0,100,1,22,10402,0,0,0,0
604405801,1,0,100,0,22,0,0,0,0,0
604405802,1,0,100,0,22,0,0,0,0,0
604405803,1,0,100,1,23,10405,0,0,0,0
604405901,1,0,100,0,22,0,0,0,0,0
604405902,1,0,100,0,22,0,0,0,0,0
604405903,1,0,100,1,22,10402,0,0,0,0
604406001,1,0,100,0,22,0,0,0,0,0
604406002,1,0,100,0,22,0,0,0,0,0
604406003,1,0,100,1,23,10405,0,0,0,0
604500101,1,0,100,0,22,0,0,0,0,0
604500102,1,0,100,0,22,0,0,0,0,0
604500103,1,0,90,0,22,0,0,0,0,0
604500103,2,0,10,0,22,0,0,0,0,0
604500201,1,0,100,0,22,0,0,0,0,0
604500202,1,0,100,0,22,0,0,0,0,0
604500203,1,0,90,0,22,0,0,0,0,0
604500203,2,0,10,0,22,0,0,0,0,0
604500301,1,0,100,0,22,0,0,0,0,0
604500302,1,0,100,0,22,0,0,0,0,0
604500303,1,0,90,0,22,0,0,0,0,0
604500303,2,0,10,0,22,0,0,0,0,0
604500401,1,0,100,0,22,0,0,0,0,0
604500402,1,0,100,0,22,0,0,0,0,0
604500403,1,0,90,0,22,0,0,0,0,0
604500403,2,0,10,0,22,0,0,0,0,0
604600101,1,0,100,0,22,0,0,0,0,0
604600102,1,0,100,0,22,0,0,0,0,0
604600103,1,0,90,0,22,0,0,0,0,0
604600103,2,0,10,0,22,0,0,0,0,0
604600201,1,0,100,0,22,0,0,0,0,0
604600202,1,0,100,0,22,0,0,0,0,0
604600203,1,0,90,0,22,0,0,0,0,0
604600203,2,0,10,0,22,0,0,0,0,0
604600301,1,0,100,0,22,0,0,0,0,0
604600302,1,0,100,0,22,0,0,0,0,0
604600303,1,0,90,0,22,0,0,0,0,0
604600303,2,0,10,0,22,0,0,0,0,0
604600401,1,0,100,0,22,0,0,0,0,0
604600402,1,0,100,0,22,0,0,0,0,0
604600403,1,0,90,0,22,0,0,0,0,0
604600403,2,0,10,0,22,0,0,0,0,0
610200101,1,0,100,1,22,0,0,0,0,0
