wave_id,sub_id,seq_id,monster_id,wave_monster_reward_id,boss_type,dead_camera_type,raid
1,1,1,15051126,0,1,1,0
4,1,1,2,0,0,0,0
5,1,1,3,0,1,1,0
6,1,1,4,0,0,0,0
7,1,1,164,0,1,1,0
7,1,2,164,0,0,0,0
8,1,1,165,0,0,0,0
8,1,2,165,0,0,0,0
9,1,1,20071187,0,0,0,0
10,1,1,10321165,0,0,0,0
11,1,1,20161301,0,0,0,0
12,1,1,10041115,0,0,0,0
12,1,2,10041115,0,0,0,0
12,1,3,10041115,0,0,0,0
13,1,1,15111101,0,0,0,0
14,1,1,10301332,0,0,0,0
15,1,1,15041101,0,0,0,0
16,1,1,15041101,0,0,0,0
17,1,1,15041101,0,0,0,0
18,1,1,15041101,0,0,0,0
19,1,1,9,0,0,0,0
20,1,1,9,0,0,0,0
21,1,1,9,0,0,0,0
22,1,1,11,0,1,1,0
23,1,1,19999,0,0,0,0
129,1,1,10011101,0,1,0,0
130,1,1,10011101,0,0,0,0
130,2,1,10011101,0,0,0,0
130,2,2,10011101,0,0,0,0
131,1,1,10011101,0,0,0,0
132,1,1,10011101,0,0,0,0
133,1,1,10011101,0,0,0,0
133,1,2,10011101,0,1,1,0
133,1,3,10011101,0,0,0,0
300,1,1,10011101,0,1,1,0
301,1,1,10011101,0,1,1,0
302,1,1,10011101,0,1,1,0
302,1,2,10011101,0,1,1,0
303,1,1,10011101,0,1,1,0
304,1,1,10011101,0,1,1,0
305,1,1,10011101,0,1,1,0
305,1,2,10011101,0,1,1,0
306,1,1,10011101,0,1,1,0
306,1,2,10011101,0,1,1,0
307,1,1,10011101,0,1,1,0
307,1,2,10011101,0,1,1,0
308,1,1,10011101,0,0,0,0
401,1,1,10061401,0,0,0,0
402,1,1,10011101,0,1,1,1
403,1,1,10011101,0,1,1,1
404,1,1,10011101,0,0,0,0
404,1,2,10011101,0,0,0,0
405,1,1,10011101,0,1,1,1
406,1,1,10011101,0,1,1,1
407,1,1,10061401,0,1,1,1
408,1,1,10061401,0,1,1,1
410,1,1,10011101,0,0,0,0
410,1,2,10011101,0,1,1,0
410,1,3,10011101,0,0,0,0
413,1,1,10011101,0,0,0,0
414,1,1,10011101,0,0,0,0
414,1,2,10011101,0,1,1,0
414,1,3,10011101,0,0,0,0
415,1,1,10061208,0,1,0,0
416,1,2,10171224,0,1,0,0
417,1,3,10301301,0,1,0,0
500,1,1,10011101,0,1,1,0
501,1,1,10011101,0,1,1,0
502,1,1,10011101,0,0,0,0
502,1,2,10011101,0,1,1,0
502,1,3,10011101,0,0,0,0
503,1,1,10011101,0,1,1,0
503,1,2,10011101,0,0,0,0
504,1,1,10011101,0,1,1,0
505,1,1,10011101,0,1,1,0
506,1,1,10011101,0,0,0,0
506,1,2,10011101,0,0,0,0
506,1,3,10011101,0,0,0,0
506,1,4,10011101,0,0,0,0
506,1,5,10011101,0,0,0,0
507,1,1,10011101,0,0,0,0
509,1,1,10011101,0,1,1,0
509,1,2,10011101,0,0,0,0
509,1,3,10011101,0,0,0,0
509,1,4,10011101,0,0,0,0
509,1,5,10011101,0,0,0,0
509,1,6,10011101,0,0,0,0
509,1,7,10011101,0,0,0,0
510,1,1,10011101,0,1,1,0
511,1,1,10011101,0,1,1,0
512,1,1,10011101,0,1,1,0
513,1,1,10011101,0,1,1,0
514,1,1,10011101,0,1,1,0
515,1,1,10011101,0,1,1,0
516,1,1,275,0,0,0,0
517,1,1,166,0,0,0,0
518,1,1,20011199,0,0,0,0
519,1,1,167,0,0,0,0
519,1,2,167,0,0,0,0
520,1,1,167,0,0,0,0
520,1,2,167,0,0,0,0
520,1,3,167,0,0,0,0
520,1,4,167,0,0,0,0
520,1,5,167,0,0,0,0
521,1,1,10011101,0,0,0,0
522,1,1,171,0,0,0,0
523,1,1,171,0,0,0,0
524,1,1,171,0,0,0,0
525,1,1,174,0,0,0,0
525,1,2,174,0,0,0,0
526,1,1,174,0,0,0,0
526,1,2,175,0,0,0,0
526,1,3,174,0,0,0,0
527,1,1,175,0,0,0,0
527,1,2,174,0,0,0,0
527,1,3,175,0,0,0,0
528,1,1,10011101,0,1,1,0
529,1,1,10011101,0,1,1,0
530,1,1,10011101,0,1,1,0
531,1,1,10011101,0,1,1,0
532,1,1,10011101,0,1,1,0
533,1,1,10011101,0,1,1,0
534,1,1,10301301,0,1,1,0
535,1,1,10011101,0,1,1,0
535,1,2,10011101,0,0,0,0
535,1,3,10011101,0,0,0,0
536,1,1,10011101,0,1,1,0
536,1,2,10011101,0,0,0,0
537,1,1,10011101,0,1,1,0
538,1,1,10011101,0,1,1,0
539,1,1,10011101,0,1,1,0
540,1,1,10011101,0,1,1,0
541,1,1,10011101,0,1,1,0
542,1,1,10011101,0,1,1,0
543,1,1,10011101,0,1,1,0
544,1,1,10011101,0,0,0,0
544,1,2,10011101,0,0,0,0
545,1,1,10011101,0,1,1,0
546,1,1,10011101,0,1,1,0
547,1,1,10011101,0,1,1,0
548,1,1,10011101,0,1,1,0
549,1,1,176,0,0,0,0
550,1,1,179,0,0,0,0
551,1,1,262,0,0,0,0
551,1,2,262,0,0,0,0
551,1,3,262,0,0,0,0
552,1,1,263,0,0,0,0
552,1,2,263,0,0,0,0
553,1,1,262,0,0,0,0
553,1,2,264,0,0,0,0
553,1,3,262,0,0,0,0
554,1,1,262,0,0,0,0
554,1,2,265,0,0,0,0
554,1,3,262,0,0,0,0
555,1,1,266,0,0,0,0
555,1,2,266,0,0,0,0
555,1,3,266,0,0,0,0
555,1,4,266,0,0,0,0
556,1,1,235,0,0,0,0
556,1,2,230,0,0,0,0
557,1,1,236,0,0,0,0
557,1,2,237,0,0,0,0
557,1,3,231,0,0,0,0
558,1,1,243,0,0,0,0
558,1,2,238,0,0,0,0
559,1,1,244,0,0,0,0
559,1,2,245,0,0,0,0
559,1,3,238,0,0,0,0
560,1,1,249,0,0,0,0
560,1,2,238,0,0,0,0
560,1,3,239,0,0,0,0
561,1,1,250,0,0,0,0
561,1,2,239,0,0,0,0
561,1,3,240,0,0,0,0
562,1,1,269,0,1,1,0
564,1,1,270,0,1,1,0
565,1,1,271,0,0,0,0
565,1,2,272,0,1,0,0
565,1,3,273,0,0,0,0
566,1,1,10011101,0,1,1,0
567,1,1,10011101,0,1,1,0
568,1,1,10011101,0,1,1,0
569,1,1,278,0,1,1,0
570,1,1,279,0,1,1,0
701,1,1,10011101,0,0,0,0
703,1,1,10011101,0,0,0,0
705,1,1,276,0,0,0,0
706,1,1,277,0,0,0,0
707,1,1,166,0,0,0,0
707,1,2,166,0,0,0,0
707,1,3,166,0,0,0,0
708,1,1,20011101,0,0,0,0
708,1,2,20011101,0,0,0,0
708,1,3,20011101,0,0,0,0
709,1,1,167,0,0,0,0
710,1,1,167,0,0,0,0
711,1,1,167,0,0,0,0
711,1,2,167,0,0,0,0
711,1,3,167,0,0,0,0
711,1,4,167,0,0,0,0
711,1,5,167,0,0,0,0
712,1,1,170,0,0,0,0
713,1,1,170,0,0,0,0
714,1,1,170,0,0,0,0
715,1,1,171,0,0,0,0
716,1,1,171,0,0,0,0
717,1,1,171,0,0,0,0
718,1,1,178,0,0,0,0
718,1,2,178,0,0,0,0
718,1,3,178,0,0,0,0
719,1,1,178,0,0,0,0
719,1,2,178,0,0,0,0
719,1,3,178,0,0,0,0
720,1,1,178,0,0,0,0
720,1,2,178,0,0,0,0
720,1,3,178,0,0,0,0
721,1,1,179,0,1,1,0
722,1,1,180,0,1,1,0
723,1,1,180,0,1,1,0
724,1,1,180,0,1,1,0
725,1,1,267,0,1,1,0
726,1,1,268,0,1,1,0
727,1,1,20011101,0,1,1,0
1000,1,1,203,0,1,0,0
1001,1,1,10011101,0,0,0,0
1001,2,2,10061101,0,0,0,0
1002,1,3,10061101,0,0,0,0
1002,1,4,10011101,0,0,0,0
1002,1,5,10061101,0,0,0,0
1003,1,6,10011101,0,0,0,0
1003,1,7,10061101,0,0,0,0
1003,1,8,10011101,0,0,0,0
1004,1,1,10011101,0,0,0,0
1004,1,2,10061101,0,0,0,0
1005,1,1,10061101,0,0,0,0
1005,1,2,10011101,0,0,0,0
1005,1,3,10061101,0,0,0,0
1006,1,1,10011101,0,0,0,0
1006,1,2,10061101,0,0,0,0
1006,1,3,10011101,0,0,0,0
1007,1,1,177,0,0,0,0
1008,1,1,238,0,0,0,0
1009,1,1,177,0,0,0,0
1009,1,2,177,0,0,0,0
1009,1,3,177,0,0,0,0
1010,1,1,177,0,0,0,0
1010,1,2,177,0,0,0,0
1010,1,3,177,0,0,0,0
1011,1,1,177,0,0,0,0
1011,1,2,177,0,0,0,0
1011,1,3,177,0,0,0,0
1012,1,1,10061126,0,1,0,0
1013,1,1,10071128,0,1,0,0
1014,1,1,10081119,0,1,0,0
1015,1,1,8300,0,1,0,0
2000,1,1,2000,0,0,0,0
2000,1,2,2000,0,0,0,0
2000,1,3,2000,0,0,0,0
3000,1,1,300,0,0,1,0
3001,1,1,300,0,0,1,0
3001,1,2,300,0,0,1,0
3001,1,3,300,0,0,1,0
3002,1,1,301,0,0,1,0
3003,1,1,302,0,0,1,0
3004,1,1,302,0,0,1,0
3004,1,2,302,0,0,1,0
3004,1,3,302,0,0,1,0
3005,1,1,303,0,0,1,0
3006,1,1,304,0,0,1,0
3007,1,1,304,0,0,1,0
3007,1,2,304,0,0,1,0
3007,1,3,304,0,0,1,0
3008,1,1,305,0,0,1,0
3009,1,1,306,0,0,1,0
3010,1,1,306,0,0,1,0
3010,1,2,306,0,0,1,0
3010,1,3,306,0,0,1,0
3011,1,1,307,0,0,1,0
3012,1,1,308,0,0,1,0
3013,1,1,308,0,0,1,0
3013,1,2,308,0,0,1,0
3013,1,3,308,0,0,1,0
3014,1,1,309,0,0,1,0
3015,1,1,310,0,0,1,0
3016,1,1,310,0,0,1,0
3016,1,2,310,0,0,1,0
3016,1,3,310,0,0,1,0
3017,1,1,311,0,0,1,0
3018,1,1,312,0,0,1,0
3019,1,1,312,0,0,1,0
3019,1,2,312,0,0,1,0
3019,1,3,312,0,0,1,0
3020,1,1,313,0,0,1,0
3021,1,1,314,0,0,1,0
3022,1,1,314,0,0,1,0
3022,1,2,314,0,0,1,0
3022,1,3,314,0,0,1,0
3023,1,1,315,0,0,1,0
3024,1,1,316,0,0,1,0
3025,1,1,316,0,0,1,0
3025,1,2,316,0,0,1,0
3025,1,3,316,0,0,1,0
3026,1,1,317,0,0,1,0
3027,1,1,318,0,0,1,0
3028,1,1,318,0,0,1,0
3028,1,2,318,0,0,1,0
3028,1,3,318,0,0,1,0
3029,1,1,319,0,0,1,0
3030,1,1,320,0,0,1,0
3031,1,1,320,0,0,1,0
3031,1,2,320,0,0,1,0
3031,1,3,320,0,0,1,0
3032,1,1,321,0,0,1,0
3033,1,1,322,0,0,1,0
3034,1,1,322,0,0,1,0
3034,1,2,322,0,0,1,0
3034,1,3,322,0,0,1,0
3035,1,1,323,0,0,1,0
4071,1,1,10011101,0,1,1,1
4072,1,1,10011101,0,1,1,1
5000,1,1,5000,0,0,0,0
6000,1,1,6000,0,0,1,0
7100,1,1,7100,0,1,1,0
7200,1,1,7200,0,1,1,0
8100,1,1,8100,0,1,1,0
8200,1,1,8200,0,1,1,0
8300,1,1,7100,0,1,1,0
8301,1,1,7101,0,1,1,0
8302,1,1,7102,0,1,1,0
8303,1,1,7103,0,1,1,0
8304,1,1,7104,0,1,1,0
8305,1,1,7105,0,1,1,0
8306,1,1,7109,0,1,1,0
8411,1,1,8411,0,0,0,0
8412,1,1,8412,0,0,0,0
8413,1,1,8413,0,0,0,0
8421,1,1,8421,0,0,0,0
8422,1,1,8422,0,0,0,0
8423,1,1,8423,0,0,0,0
8431,1,1,8431,0,0,0,0
8432,1,1,8432,0,0,0,0
8433,1,1,8433,0,0,0,0
8436,1,1,7106,0,1,1,0
8437,1,1,7107,0,1,1,0
8438,1,1,7108,0,1,1,0
8439,1,1,7110,0,1,1,0
8440,1,1,7111,0,1,1,0
8441,1,1,7112,0,1,1,0
8442,1,1,7113,0,1,1,0
8443,1,1,7114,0,1,1,0
8444,1,1,7115,0,1,1,0
8445,1,1,7116,0,1,1,0
10000,1,1,10011101,0,1,1,1
10101,1,1,10271101,0,1,0,1
10102,1,1,10271102,0,1,0,1
10103,1,1,10271103,0,1,0,1
10104,1,1,10271104,0,1,0,1
10105,1,1,10271105,0,1,0,1
10106,1,1,10271106,0,1,0,1
10107,1,1,10271107,0,1,0,1
10108,1,1,10271108,0,1,0,1
10109,1,1,10271109,0,1,0,1
10110,1,1,10271110,0,1,0,1
10201,1,1,10271111,0,1,0,1
10202,1,1,10271112,0,1,0,1
10203,1,1,10271113,0,1,0,1
10204,1,1,10271114,0,1,0,1
10205,1,1,10271115,0,1,0,1
10206,1,1,10271116,0,1,0,1
10207,1,1,10271117,0,1,0,1
10208,1,1,10271118,0,1,0,1
10209,1,1,10271119,0,1,0,1
10210,1,1,10271120,0,1,0,1
10301,1,1,10271121,0,1,0,1
10302,1,1,10271122,0,1,0,1
10303,1,1,10271123,0,1,0,1
10304,1,1,10271124,0,1,0,1
10305,1,1,10271125,0,1,0,1
10306,1,1,10271126,0,1,0,1
10307,1,1,10271127,0,1,0,1
10308,1,1,10271128,0,1,0,1
10309,1,1,10271129,0,1,0,1
10310,1,1,10271130,0,1,0,1
10401,1,1,10271131,0,1,0,1
10402,1,1,10271132,0,1,0,1
10403,1,1,10271133,0,1,0,1
10404,1,1,10271134,0,1,0,1
10405,1,1,10271135,0,1,0,1
10406,1,1,10271136,0,1,0,1
10407,1,1,10271137,0,1,0,1
10408,1,1,10271138,0,1,0,1
10409,1,1,10271139,0,1,0,1
10410,1,1,10271140,0,1,0,1
10501,1,1,10271141,0,1,0,1
10502,1,1,10271142,0,1,0,1
10503,1,1,10271143,0,1,0,1
10504,1,1,10271144,0,1,0,1
10505,1,1,10271145,0,1,0,1
10506,1,1,10271146,0,1,0,1
10507,1,1,10271147,0,1,0,1
10508,1,1,10271148,0,1,0,1
10509,1,1,10271149,0,1,0,1
10510,1,1,10271150,0,1,0,1
10601,1,1,10271151,0,1,0,1
10602,1,1,10271152,0,1,0,1
10603,1,1,10271153,0,1,0,1
10604,1,1,10271154,0,1,0,1
10605,1,1,10271155,0,1,0,1
10606,1,1,10271156,0,1,0,1
10607,1,1,10271157,0,1,0,1
10608,1,1,10271158,0,1,0,1
10609,1,1,10271159,0,1,0,1
10610,1,1,10271160,0,1,0,1
10701,1,1,10271161,0,1,0,1
10702,1,1,10271162,0,1,0,1
10703,1,1,10271163,0,1,0,1
10704,1,1,10271164,0,1,0,1
10705,1,1,10271165,0,1,0,1
10706,1,1,10271166,0,1,0,1
10707,1,1,10271167,0,1,0,1
10708,1,1,10271168,0,1,0,1
10709,1,1,10271169,0,1,0,1
10710,1,1,10271170,0,1,0,1
10801,1,1,10271171,0,1,0,1
10802,1,1,10271172,0,1,0,1
10803,1,1,10271173,0,1,0,1
10804,1,1,10271174,0,1,0,1
10805,1,1,10271175,0,1,0,1
10806,1,1,10271176,0,1,0,1
10807,1,1,10271177,0,1,0,1
10808,1,1,10271178,0,1,0,1
10809,1,1,10271179,0,1,0,1
10810,1,1,10271180,0,1,0,1
10901,1,1,10271181,0,1,0,1
10902,1,1,10271182,0,1,0,1
10903,1,1,10271183,0,1,0,1
10904,1,1,10271184,0,1,0,1
10905,1,1,10271185,0,1,0,1
10906,1,1,10271186,0,1,0,1
10907,1,1,10271187,0,1,0,1
10908,1,1,10271188,0,1,0,1
10909,1,1,10271189,0,1,0,1
10910,1,1,10271190,0,1,0,1
20000,1,1,10011101,0,1,1,1
20000,1,2,10011101,0,0,0,0
20000,1,3,10011101,0,0,0,0
20600,1,1,10271191,0,0,0,0
20600,1,2,10271151,0,1,0,1
20600,1,3,10271191,0,0,0,0
20700,1,1,10271191,0,0,0,0
20700,1,2,10271161,0,1,0,1
20700,1,3,10271191,0,0,0,0
20800,1,1,10271191,0,0,0,0
20800,1,2,10271171,0,1,0,1
20800,1,3,10271191,0,0,0,0
20900,1,1,10271191,0,0,0,0
20900,1,2,10271181,0,1,0,1
20900,1,3,10271191,0,0,0,0
30001,1,1,10271201,0,1,0,0
30002,1,1,10271301,0,1,0,0
30003,1,1,10271401,0,1,0,0
30010,1,1,257,0,1,0,0
101101,1,1,10061401,26011102,0,0,0
101101,1,2,10141401,26011101,0,0,0
101102,1,1,10061401,26011102,0,0,0
101102,1,2,10141401,26011101,0,0,0
101102,1,3,10071401,26011101,0,0,0
102101,1,1,10081401,26011301,0,0,0
102101,1,2,10071402,26011301,0,0,0
102102,1,1,10081401,26011301,0,0,0
102102,1,2,10071402,26011301,0,0,0
102102,1,3,10141402,26011301,0,0,0
102103,1,1,10081401,26011302,0,0,0
103101,1,1,10061601,26011401,0,0,0
103101,1,2,10161601,26011401,0,0,0
103102,1,1,10061601,26011401,0,0,0
103102,1,2,10201601,26011401,0,0,0
103102,1,3,10161601,26011401,0,0,0
103103,1,1,10201602,26011402,0,0,0
104101,1,1,10081402,26011501,0,0,0
104101,1,2,10081402,26011501,0,0,0
104102,1,1,10081402,26011501,0,0,0
104102,1,2,10141403,26011502,0,0,0
104103,1,1,10141404,26011503,0,0,0
105101,1,1,10011701,26011601,0,0,0
105101,1,2,10011701,26011601,0,0,0
105102,1,1,10011701,26011601,0,0,0
105102,1,2,10141701,26011601,0,0,0
105103,1,1,10211701,26011602,0,0,0
106101,1,1,10021801,26011701,0,0,0
106101,1,2,10021801,26011701,0,0,0
106102,1,1,10021801,26011701,0,0,0
106102,1,2,10151801,26011701,0,0,0
106103,1,1,10021802,26011701,0,0,0
106103,1,2,10201801,26011701,0,0,0
106103,1,3,10021802,26011701,0,0,0
107101,1,1,10081901,26011801,0,0,0
107101,1,2,10081901,26011801,0,0,0
107101,1,3,10081901,26011801,0,0,0
107102,1,1,10081901,26011801,0,0,0
107102,1,2,10161901,26011801,0,0,0
107103,1,1,10211901,26013802,0,0,0
108101,1,1,10041501,26011901,0,0,0
108101,1,2,10041501,26011901,0,0,0
108101,1,3,10041501,26011901,0,0,0
108102,1,1,10041501,26011901,0,0,0
108102,1,2,10091501,26011901,0,0,0
108103,1,1,10201501,26011902,0,0,0
109101,1,1,10051601,260111001,0,0,0
109101,1,2,10051601,260111001,0,0,0
109101,1,3,10051601,260111001,0,0,0
109102,1,1,10051601,260111001,0,0,0
109102,1,2,10101601,260111001,0,0,0
109103,1,1,10181601,260111002,0,0,0
110101,1,1,10071701,260111101,0,0,0
110101,1,2,10071701,260111101,0,0,0
110101,1,3,10071701,260111101,0,0,0
110102,1,1,10071701,260111101,0,0,0
110102,1,2,10111701,260111101,0,0,0
110103,1,1,10191701,260111102,0,0,0
111101,1,1,10051801,260111201,0,0,0
111101,1,2,10051801,260111201,0,0,0
111101,1,3,10051801,260111201,0,0,0
111102,1,1,10051801,260111201,0,0,0
111102,1,2,10121801,260111201,0,0,0
111103,1,1,10171801,260111202,0,0,0
112101,1,1,10011901,260111301,0,0,0
112101,1,2,10011901,260111301,0,0,0
112101,1,3,10011901,260111301,0,0,0
112102,1,1,10011901,260111301,0,0,0
112102,1,2,10091901,260111301,0,0,0
112103,1,1,10191901,260111302,0,0,0
113101,1,1,10041401,260111401,0,0,0
113101,1,2,10041401,260111401,0,0,0
113101,1,3,10041401,260111401,0,0,0
113102,1,1,10041401,260111401,0,0,0
113102,1,2,10131401,260111401,0,0,0
113103,1,1,10181401,260111402,0,0,0
114101,1,1,10021501,260111501,0,0,0
114101,1,2,10021501,260111501,0,0,0
114101,1,3,10021501,260111501,0,0,0
114102,1,1,10021501,260111501,0,0,0
114102,1,2,10111501,260111501,0,0,0
114103,1,1,10171501,260111502,0,0,0
115101,1,1,10031601,260111601,0,0,0
115101,1,2,10031601,260111601,0,0,0
115101,1,3,10031601,260111601,0,0,0
115102,1,1,10031601,260111601,0,0,0
115102,1,2,10840201,260111601,0,0,0
115103,1,1,10830201,260111602,0,0,0
116101,1,1,10031701,260111701,0,0,0
116101,1,2,10031701,260111701,0,0,0
116101,1,3,10031701,260111701,0,0,0
116102,1,1,10121701,260111702,0,0,0
116102,1,2,10121701,260111702,0,0,0
116103,1,1,10181701,260111703,0,0,0
117101,1,1,10061801,260111801,0,0,0
117101,1,2,10061801,260111801,0,0,0
117101,1,3,10061801,260111801,0,0,0
117102,1,1,10101801,260111801,0,0,0
117102,1,2,10101801,260111801,0,0,0
117103,1,1,10191801,260111802,0,0,0
118101,1,1,10021901,260111901,0,0,0
118101,1,2,10021901,260111901,0,0,0
118101,1,3,10021901,260111901,0,0,0
118102,1,1,10121901,260111902,0,0,0
118102,1,2,10121901,260111902,0,0,0
118102,1,3,10121901,260111902,0,0,0
118103,1,1,10201901,260111903,0,0,0
118103,1,2,10121901,260111903,0,0,0
118103,1,3,10201901,260111903,0,0,0
119101,1,1,10031401,260112001,0,0,0
119101,1,2,10031401,260112001,0,0,0
119101,1,3,10031401,260112001,0,0,0
119102,1,1,10091401,260112001,0,0,0
119102,1,2,10091401,260112001,0,0,0
119103,1,1,10171401,260112002,0,0,0
120101,1,1,10061501,260112101,0,0,0
120101,1,2,10061501,260112101,0,0,0
120101,1,3,10061501,260112101,0,0,0
120102,1,1,10101501,260112102,0,0,0
120102,1,2,10101501,260112102,0,0,0
120102,1,3,10101501,260112102,0,0,0
120103,1,1,10181501,260112103,0,0,0
120103,1,2,10101501,260112102,0,0,0
120103,1,3,10181501,260112103,0,0,0
121101,1,1,10041601,260112301,0,0,0
121101,1,2,10071601,260112301,0,0,0
121101,1,3,10041601,260112301,0,0,0
121102,1,1,10041601,260112301,0,0,0
121102,1,2,10151601,260112301,0,0,0
121103,1,1,10191601,260112302,0,0,0
122101,1,1,10331101,260112401,0,0,0
122101,1,2,10331201,260112401,0,0,0
122101,1,3,10331101,260112401,0,0,0
122102,1,1,10331101,260112401,0,0,0
122102,1,2,10331201,260112401,0,0,0
122103,1,1,10331301,260112402,0,0,0
123101,1,1,10081701,260112501,0,0,0
123101,1,2,10081701,260112501,0,0,0
123101,1,3,10081701,260112501,0,0,0
123102,1,1,10091701,260112502,0,0,0
123102,1,2,10091701,260112502,0,0,0
123103,1,1,10201701,260112503,0,0,0
124101,1,1,10011801,260112601,0,0,0
124101,1,2,10111801,260112601,0,0,0
124101,1,3,10011801,260112601,0,0,0
124102,1,1,10011801,260112601,0,0,0
124102,1,2,10111801,260112601,0,0,0
124103,1,1,10171802,260112602,0,0,0
125101,1,1,10041901,260112701,0,0,0
125101,1,2,10101901,260112701,0,0,0
125101,1,3,10191902,260112701,0,0,0
125102,1,1,10041901,260112702,0,0,0
125102,1,2,10101901,260112702,0,0,0
125103,1,1,10041901,260112703,0,0,0
126101,1,1,10041402,260112801,0,0,0
126101,1,2,10041402,260112801,0,0,0
126101,1,3,10041402,260112801,0,0,0
126102,1,1,10091402,260112802,0,0,0
126102,1,2,10091402,260112802,0,0,0
126103,1,1,10171402,260112803,0,0,0
127101,1,1,10011802,260112901,0,0,0
127101,1,2,10011802,260112901,0,0,0
127101,1,3,10011802,260112901,0,0,0
127102,1,1,10101802,260112902,0,0,0
127102,1,2,10101802,260112902,0,0,0
127103,1,1,10171803,260112903,0,0,0
128101,1,1,10331110,260113001,0,0,0
128101,1,2,10331110,260113001,0,0,0
128101,1,3,10331110,260113001,0,0,0
128102,1,1,10331210,260113002,0,0,0
128102,1,2,10331210,260113002,0,0,0
128103,1,1,10331310,260113003,0,0,0
129101,1,1,10041602,260113201,0,0,0
129101,1,2,10041602,260113201,0,0,0
129101,1,3,10041602,260113201,0,0,0
129102,1,1,10101602,260113202,0,0,0
129102,1,2,10101602,260113202,0,0,0
129103,1,1,10191602,260113203,0,0,0
130101,1,1,10031501,260113101,0,0,0
130101,1,2,10031501,260113101,0,0,0
130101,1,3,10031501,260113101,0,0,0
130102,1,1,10141501,260113102,0,0,0
130102,1,2,10141501,260113102,0,0,0
130103,1,1,10211505,260113103,0,0,0
131101,1,1,10011702,260113301,0,0,0
131101,1,2,10011702,260113301,0,0,0
131101,1,3,10011702,260113301,0,0,0
131102,1,1,10111702,260113302,0,0,0
131102,1,2,10111702,260113302,0,0,0
131103,1,1,10181702,260113303,0,0,0
132101,1,1,10011902,260113401,0,0,0
132101,1,2,10011902,260113401,0,0,0
132101,1,3,10011902,260113401,0,0,0
132102,1,1,10161902,260113402,0,0,0
132102,1,2,10161902,260113402,0,0,0
132103,1,1,10211902,260113403,0,0,0
133101,1,1,10081403,260113501,0,0,0
133101,1,2,10081403,260113501,0,0,0
133101,1,3,10081403,260113501,0,0,0
133102,1,1,10091403,260113502,0,0,0
133102,1,2,10091403,260113502,0,0,0
133103,1,1,10181402,260113503,0,0,0
134101,1,1,10051802,260113601,0,0,0
134101,1,2,10051802,260113601,0,0,0
134101,1,3,10051802,260113601,0,0,0
134102,1,1,10121802,260113602,0,0,0
134102,1,2,10121802,260113602,0,0,0
134103,1,1,10201802,260113603,0,0,0
135101,1,1,10331311,260113701,0,0,0
135101,1,2,10331311,260113701,0,0,0
135101,1,3,10331311,260113701,0,0,0
135102,1,1,10331211,260113702,0,0,0
135102,1,2,10331211,260113702,0,0,0
135103,1,1,10331111,260113703,0,0,0
136101,1,1,10021502,260113801,0,0,0
136101,1,2,10021502,260113801,0,0,0
136101,1,3,10021502,260113801,0,0,0
136102,1,1,10091502,260113802,0,0,0
136102,1,2,10091502,260113802,0,0,0
136103,1,1,10211506,260113803,0,0,0
137101,1,1,10031602,260113901,0,0,0
137101,1,2,10031602,260113901,0,0,0
137101,1,3,10031602,260113901,0,0,0
137102,1,1,10151602,260113902,0,0,0
137102,1,2,10151602,260113902,0,0,0
137103,1,1,10191603,260113903,0,0,0
138101,1,1,10331116,260114001,0,0,0
138101,1,2,10331116,260114001,0,0,0
138101,1,3,10331116,260114001,0,0,0
138102,1,1,10331220,260114002,0,0,0
138102,1,2,10331220,260114002,0,0,0
138103,1,1,10331320,260114003,0,0,0
139101,1,1,10061603,260114101,0,0,0
139101,1,2,10061603,260114101,0,0,0
139101,1,3,10061603,260114101,0,0,0
139102,1,1,10121601,260114102,0,0,0
139102,1,2,10121601,260114102,0,0,0
139103,1,1,10171601,260114103,0,0,0
140101,1,1,10011703,260114201,0,0,0
140101,1,2,10011703,260114201,0,0,0
140101,1,3,10011703,260114201,0,0,0
140102,1,1,10111703,260114202,0,0,0
140102,1,2,10111703,260114202,0,0,0
140103,1,1,10181703,260114203,0,0,0
141101,1,1,10061802,260114401,0,0,0
141101,1,2,10061802,260114401,0,0,0
141101,1,3,10061802,260114401,0,0,0
141102,1,1,10151802,260114402,0,0,0
141102,1,2,10151802,260114402,0,0,0
141103,1,1,10201803,260114403,0,0,0
142101,1,1,10011903,260114501,0,0,0
142101,1,2,10011903,260114501,0,0,0
142101,1,3,10011903,260114501,0,0,0
142102,1,1,10091902,260114502,0,0,0
142102,1,2,10091902,260114502,0,0,0
142103,1,1,10191903,260114503,0,0,0
143101,1,1,10081404,260114601,0,0,0
143101,1,2,10081404,260114601,0,0,0
143101,1,3,10081404,260114601,0,0,0
143102,1,1,10131402,260114602,0,0,0
143102,1,2,10131402,260114602,0,0,0
143103,1,1,10181403,260114603,0,0,0
144101,1,1,10041502,260114801,0,0,0
144101,1,2,10041502,260114801,0,0,0
144101,1,3,10041502,260114801,0,0,0
144102,1,1,10091503,260114802,0,0,0
144102,1,2,10091503,260114802,0,0,0
144103,1,1,10211507,260114803,0,0,0
145101,1,1,10061605,260115001,0,0,0
145101,1,2,10061605,260115001,0,0,0
145101,1,3,10061605,260115001,0,0,0
145102,1,1,10151604,260115002,0,0,0
145102,1,2,10151604,260115002,0,0,0
145103,1,1,10201605,260115003,0,0,0
146101,1,1,10031702,260115101,0,0,0
146101,1,2,10031702,260115101,0,0,0
146101,1,3,10031702,260115101,0,0,0
146102,1,1,10121702,260115102,0,0,0
146102,1,2,10121702,260115102,0,0,0
146103,1,1,10211702,260115103,0,0,0
147101,1,1,10051803,260115201,0,0,0
147101,1,2,10051803,260115201,0,0,0
147101,1,3,10051803,260115201,0,0,0
147102,1,1,10101803,260115202,0,0,0
147102,1,2,10101803,260115202,0,0,0
147103,1,1,10201804,260115203,0,0,0
148101,1,1,10011904,260115301,0,0,0
148101,1,2,10011904,260115301,0,0,0
148101,1,3,10011904,260115301,0,0,0
148102,1,1,10161903,260115302,0,0,0
148102,1,2,10161903,260115302,0,0,0
148103,1,1,10211903,260115303,0,0,0
149101,1,1,10071403,260115501,0,0,0
149101,1,2,10071403,260115501,0,0,0
149101,1,3,10071403,260115501,0,0,0
149102,1,1,10141405,260115502,0,0,0
149102,1,2,10141405,260115502,0,0,0
149103,1,1,10171404,260115503,0,0,0
150101,1,1,10021503,260115701,0,0,0
150101,1,2,10021503,260115701,0,0,0
150101,1,3,10021503,260115701,0,0,0
150102,1,1,10151502,260115702,0,0,0
150102,1,2,10151502,260115702,0,0,0
150103,1,1,10201502,260115703,0,0,0
151101,1,1,10081601,260115801,0,0,0
151101,1,2,10081601,260115801,0,0,0
151101,1,3,10081601,260115801,0,0,0
151102,1,1,10111601,260115802,0,0,0
151102,1,2,10111601,260115802,0,0,0
151103,1,1,10211601,260115803,0,0,0
152101,1,1,10071702,260115901,0,0,0
152101,1,2,10071702,260115901,0,0,0
152101,1,3,10071702,260115901,0,0,0
152102,1,1,10141702,260115902,0,0,0
152102,1,2,10141702,260115902,0,0,0
152103,1,1,10181704,260115903,0,0,0
153101,1,1,10031901,260116101,0,0,0
153101,1,2,10031901,260116101,0,0,0
153101,1,3,10031901,260116101,0,0,0
153102,1,1,10151901,260116102,0,0,0
153102,1,2,10151901,260116102,0,0,0
153103,1,1,10201902,260116103,0,0,0
154101,1,1,10061402,260116201,0,0,0
154101,1,2,10061402,260116201,0,0,0
154101,1,3,10061402,260116201,0,0,0
154102,1,1,10111401,260116202,0,0,0
154102,1,2,10111401,260116202,0,0,0
154103,1,1,10211401,260116203,0,0,0
155101,1,1,10071501,260116301,0,0,0
155101,1,2,10071501,260116301,0,0,0
155101,1,3,10071501,260116301,0,0,0
155102,1,1,10141502,260116302,0,0,0
155102,1,2,10141502,260116302,0,0,0
155103,1,1,10191501,260116303,0,0,0
156101,1,1,10031802,260116001,0,0,0
156101,1,2,10031802,260116001,0,0,0
156101,1,3,10031802,260116001,0,0,0
156102,1,1,10111802,260116002,0,0,0
156102,1,2,10111802,260116002,0,0,0
156103,1,1,10201806,260116003,0,0,0
157101,1,1,10031603,260116401,0,0,0
157101,1,2,10031603,260116401,0,0,0
157101,1,3,10031603,260116401,0,0,0
157102,1,1,10151605,260116402,0,0,0
157102,1,2,10151605,260116402,0,0,0
157103,1,1,10201606,260116403,0,0,0
158101,1,1,10061701,260116501,0,0,0
158101,1,2,10061701,260116501,0,0,0
158101,1,3,10061701,260116501,0,0,0
158102,1,1,10111704,260116502,0,0,0
158102,1,2,10111704,260116502,0,0,0
158103,1,1,10211703,260116503,0,0,0
159101,1,1,10071901,260116701,0,0,0
159101,1,2,10071901,260116701,0,0,0
159101,1,3,10071901,260116701,0,0,0
159102,1,1,10141901,260116702,0,0,0
159102,1,2,10141901,260116702,0,0,0
159103,1,1,10191904,260116703,0,0,0
160101,1,1,10031402,260116801,0,0,0
160101,1,2,10031402,260116801,0,0,0
160101,1,3,10031402,260116801,0,0,0
160102,1,1,10151401,260116802,0,0,0
160102,1,2,10151401,260116802,0,0,0
160103,1,1,10201401,260116803,0,0,0
161101,1,1,10061502,260116901,0,0,0
161101,1,2,10061502,260116901,0,0,0
161101,1,3,10061502,260116901,0,0,0
161102,1,1,10111502,260116902,0,0,0
161102,1,2,10111502,260116902,0,0,0
161103,1,1,10211508,260116903,0,0,0
162101,1,1,10051804,260116601,0,0,0
162101,1,2,10051804,260116601,0,0,0
162101,1,3,10051804,260116601,0,0,0
162102,1,1,10121803,260116602,0,0,0
162102,1,2,10121803,260116602,0,0,0
162103,1,1,10191803,260116603,0,0,0
163101,1,1,10071602,260117101,0,0,0
163101,1,2,10071602,260117101,0,0,0
163101,1,3,10071602,260117101,0,0,0
163102,1,1,10141601,260117102,0,0,0
163102,1,2,10141601,260117102,0,0,0
163103,1,1,10191604,260117103,0,0,0
164101,1,1,10031703,260117201,0,0,0
164101,1,2,10031703,260117201,0,0,0
164101,1,3,10031703,260117201,0,0,0
164102,1,1,10151701,260117202,0,0,0
164102,1,2,10151701,260117202,0,0,0
164103,1,1,10201702,260117203,0,0,0
165101,1,1,10071801,260117301,0,0,0
165101,1,2,10071801,260117301,0,0,0
165101,1,3,10071801,260117301,0,0,0
165102,1,1,10161801,260117302,0,0,0
165102,1,2,10161801,260117302,0,0,0
165103,1,1,10171804,260117303,0,0,0
166101,1,1,10061901,260117401,0,0,0
166101,1,2,10061901,260117401,0,0,0
166101,1,3,10061901,260117401,0,0,0
166102,1,1,10111901,260117402,0,0,0
166102,1,2,10111901,260117402,0,0,0
166103,1,1,10211904,260117403,0,0,0
167101,1,1,10071404,260117501,0,0,0
167101,1,2,10071404,260117501,0,0,0
167101,1,3,10071404,260117501,0,0,0
167102,1,1,10141406,260117502,0,0,0
167102,1,2,10141406,260117502,0,0,0
167103,1,1,10191401,260117503,0,0,0
168101,1,1,10031502,260117601,0,0,0
168101,1,2,10031502,260117601,0,0,0
168101,1,3,10031502,260117601,0,0,0
168102,1,1,10151503,260117602,0,0,0
168102,1,2,10151503,260117602,0,0,0
168103,1,1,10201506,260117603,0,0,0
169101,1,1,10061606,260117701,0,0,0
169101,1,2,10061606,260117701,0,0,0
169101,1,3,10061606,260117701,0,0,0
169102,1,1,10111602,260117702,0,0,0
169102,1,2,10111602,260117702,0,0,0
169103,1,1,10211602,260117703,0,0,0
170101,1,1,10071703,260117801,0,0,0
170101,1,2,10071703,260117801,0,0,0
170101,1,3,10071703,260117801,0,0,0
170102,1,1,10141703,260117802,0,0,0
170102,1,2,10141703,260117802,0,0,0
170103,1,1,10191702,260117803,0,0,0
171101,1,1,10031803,260117901,0,0,0
171101,1,2,10031803,260117901,0,0,0
171101,1,3,10031803,260117901,0,0,0
171102,1,1,10151803,260117902,0,0,0
171102,1,2,10151803,260117902,0,0,0
171103,1,1,10201807,260117903,0,0,0
172101,1,1,10031902,260118001,0,0,0
172101,1,2,10031902,260118001,0,0,0
172101,1,3,10031902,260118001,0,0,0
172102,1,1,10151902,260118002,0,0,0
172102,1,2,10151902,260118002,0,0,0
172103,1,1,10201903,260118003,0,0,0
173101,1,1,10061403,260118101,0,0,0
173101,1,2,10061403,260118101,0,0,0
173101,1,3,10061403,260118101,0,0,0
173102,1,1,10111402,260118102,0,0,0
173102,1,2,10111402,260118102,0,0,0
173103,1,1,10211402,260118103,0,0,0
174101,1,1,10071505,260118201,0,0,0
174101,1,2,10071505,260118201,0,0,0
174101,1,3,10071505,260118201,0,0,0
174102,1,1,10141507,260118202,0,0,0
174102,1,2,10141507,260118202,0,0,0
174103,1,1,10191505,260118203,0,0,0
175101,1,1,10031604,260118301,0,0,0
175101,1,2,10031604,260118301,0,0,0
175101,1,3,10031604,260118301,0,0,0
175102,1,1,10101603,260118302,0,0,0
175102,1,2,10101603,260118302,0,0,0
175103,1,1,10201607,260118303,0,0,0
176101,1,1,10031707,260118401,0,0,0
176101,1,2,10031707,260118401,0,0,0
176101,1,3,10031707,260118401,0,0,0
176102,1,1,10121706,260118402,0,0,0
176102,1,2,10121706,260118402,0,0,0
176103,1,1,10201706,260118403,0,0,0
177101,1,1,10021803,260118501,0,0,0
177101,1,2,10021803,260118501,0,0,0
177101,1,3,10021803,260118501,0,0,0
177102,1,1,10161802,260118502,0,0,0
177102,1,2,10161802,260118502,0,0,0
177103,1,1,10171805,260118503,0,0,0
178101,1,1,10031903,260118601,0,0,0
178101,1,2,10031903,260118601,0,0,0
178101,1,3,10031903,260118601,0,0,0
178102,1,1,10091903,260118602,0,0,0
178102,1,2,10091903,260118602,0,0,0
178103,1,1,10211905,260118603,0,0,0
179101,1,1,10061404,260118701,0,0,0
179101,1,2,10061404,260118701,0,0,0
179101,1,3,10061404,260118701,0,0,0
179102,1,1,10111403,260118702,0,0,0
179102,1,2,10111403,260118702,0,0,0
179103,1,1,10181404,260118703,0,0,0
180101,1,1,10031503,260118801,0,0,0
180101,1,2,10031503,260118801,0,0,0
180101,1,3,10031503,260118801,0,0,0
180102,1,1,10141512,260118802,0,0,0
180102,1,2,10141512,260118802,0,0,0
180103,1,1,10211509,260118803,0,0,0
181101,1,1,10061607,260118901,0,0,0
181101,1,2,10061607,260118901,0,0,0
181101,1,3,10061607,260118901,0,0,0
181102,1,1,10121602,260118902,0,0,0
181102,1,2,10121602,260118902,0,0,0
181103,1,1,10191605,260118903,0,0,0
182101,1,1,10031708,260119001,0,0,0
182101,1,2,10031708,260119001,0,0,0
182101,1,3,10031708,260119001,0,0,0
182102,1,1,10151712,260119002,0,0,0
182102,1,2,10151712,260119002,0,0,0
182103,1,1,10201707,260119003,0,0,0
183101,1,1,10011806,260119101,0,0,0
183101,1,2,10011806,260119101,0,0,0
183101,1,3,10011806,260119101,0,0,0
183102,1,1,10101804,260119102,0,0,0
183102,1,2,10101804,260119102,0,0,0
183103,1,1,10191807,260119103,0,0,0
184101,1,1,20141262,260119201,0,0,0
184101,1,2,20141262,260119201,0,0,0
184101,1,3,20141262,260119201,0,0,0
184102,1,1,10091904,260119202,0,0,0
184102,1,2,10091904,260119202,0,0,0
184103,1,1,10191907,260119203,0,0,0
185101,1,1,10041404,260119301,0,0,0
185101,1,2,10041404,260119301,0,0,0
185101,1,3,10041404,260119301,0,0,0
185102,1,1,10111404,260119302,0,0,0
185102,1,2,10111404,260119302,0,0,0
185103,1,1,10211405,260119303,0,0,0
186101,1,1,10041506,260119401,0,0,0
186101,1,2,10041506,260119401,0,0,0
186101,1,3,10041506,260119401,0,0,0
186102,1,1,10151508,260119402,0,0,0
186102,1,2,10151508,260119402,0,0,0
186103,1,1,10191506,260119403,0,0,0
187101,1,1,10081602,260119501,0,0,0
187101,1,2,10081602,260119501,0,0,0
187101,1,3,10081602,260119501,0,0,0
187102,1,1,10101604,260119502,0,0,0
187102,1,2,10101604,260119502,0,0,0
187103,1,1,10201608,260119503,0,0,0
188101,1,1,10011707,260119601,0,0,0
188101,1,2,10011707,260119601,0,0,0
188101,1,3,10011707,260119601,0,0,0
188102,1,1,10121707,260119602,0,0,0
188102,1,2,10121707,260119602,0,0,0
188103,1,1,10211711,260119603,0,0,0
189101,1,1,10011905,260119701,0,0,0
189101,1,2,10011905,260119701,0,0,0
189101,1,3,10011905,260119701,0,0,0
189102,1,1,10121904,260119702,0,0,0
189102,1,2,10121904,260119702,0,0,0
189103,1,1,10201904,260119703,0,0,0
190101,1,1,10041405,260119801,0,0,0
190101,1,2,10041405,260119801,0,0,0
190101,1,3,10041405,260119801,0,0,0
190102,1,1,10141407,260119802,0,0,0
190102,1,2,10141407,260119802,0,0,0
190103,1,1,10181405,260119803,0,0,0
191101,1,1,10041507,260119901,0,0,0
191101,1,2,10041507,260119901,0,0,0
191101,1,3,10041507,260119901,0,0,0
191102,1,1,10151509,260119902,0,0,0
191102,1,2,10151509,260119902,0,0,0
191103,1,1,10201511,260119903,0,0,0
193101,1,1,10031605,2601110001,0,0,0
193101,1,2,10031605,2601110001,0,0,0
193101,1,3,10031605,2601110001,0,0,0
193102,1,1,10161604,2601110002,0,0,0
193102,1,2,10161604,2601110002,0,0,0
193103,1,1,10201609,2601110003,0,0,0
194101,1,1,10011708,2601110101,0,0,0
194101,1,2,10011708,2601110101,0,0,0
194101,1,3,10011708,2601110101,0,0,0
194102,1,1,10121708,2601110102,0,0,0
194102,1,2,10121708,2601110102,0,0,0
194103,1,1,10191709,2601110103,0,0,0
195101,1,1,10051810,2601110201,0,0,0
195101,1,2,10051810,2601110201,0,0,0
195101,1,3,10051810,2601110201,0,0,0
195102,1,1,10101805,2601110202,0,0,0
195102,1,2,10101805,2601110202,0,0,0
195103,1,1,10171806,2601110203,0,0,0
196101,1,1,10021806,2601110301,0,0,0
196101,1,2,10021806,2601110301,0,0,0
196101,1,3,10021806,2601110301,0,0,0
196102,1,1,10141803,2601110302,0,0,0
196102,1,2,10141803,2601110302,0,0,0
196103,1,1,10191808,2601110303,0,0,0
197101,1,1,10011906,2601110401,0,0,0
197101,1,2,10011906,2601110401,0,0,0
197101,1,3,10011906,2601110401,0,0,0
197102,1,1,10091905,2601110402,0,0,0
197102,1,2,10091905,2601110402,0,0,0
197103,1,1,10211906,2601110403,0,0,0
198101,1,1,10071405,2601110501,0,0,0
198101,1,2,10071405,2601110501,0,0,0
198101,1,3,10071405,2601110501,0,0,0
198102,1,1,10141408,2601110502,0,0,0
198102,1,2,10141408,2601110502,0,0,0
198103,1,1,10181406,2601110503,0,0,0
199101,1,1,10041508,2601110601,0,0,0
199101,1,2,10041508,2601110601,0,0,0
199101,1,3,10041508,2601110601,0,0,0
199102,1,1,10111503,2601110602,0,0,0
199102,1,2,10111503,2601110602,0,0,0
199103,1,1,10191509,2601110603,0,0,0
200101,1,1,10031606,2601110701,0,0,0
200101,1,2,10031606,2601110701,0,0,0
200101,1,3,10031606,2601110701,0,0,0
200102,1,1,10101605,2601110702,0,0,0
200102,1,2,10101605,2601110702,0,0,0
200103,1,1,10201610,2601110703,0,0,0
202101,1,1,10011709,2601110801,0,0,0
202101,1,2,10011709,2601110801,0,0,0
202101,1,3,10011709,2601110801,0,0,0
202102,1,1,10111714,2601110802,0,0,0
202102,1,2,10111714,2601110802,0,0,0
202103,1,1,10181714,2601110803,0,0,0
203101,1,1,10021812,2601110901,0,0,0
203101,1,2,10021812,2601110901,0,0,0
203101,1,3,10021812,2601110901,0,0,0
203102,1,1,10101811,2601110902,0,0,0
203102,1,2,10101811,2601110902,0,0,0
203103,1,1,10171811,2601110903,0,0,0
204101,1,1,10031904,2601111001,0,0,0
204101,1,2,10031904,2601111001,0,0,0
204101,1,3,10031904,2601111001,0,0,0
204102,1,1,10161904,2601111002,0,0,0
204102,1,2,10161904,2601111002,0,0,0
204103,1,1,10211907,2601111003,0,0,0
205101,1,1,20061401,2601111101,0,0,0
205101,1,2,20061401,2601111101,0,0,0
205101,1,3,20061401,2601111101,0,0,0
205102,1,1,10141409,2601111102,0,0,0
205102,1,2,10141409,2601111102,0,0,0
205103,1,1,10181407,2601111103,0,0,0
206101,1,1,10021507,2601111201,0,0,0
206101,1,2,10021507,2601111201,0,0,0
206101,1,3,10021507,2601111201,0,0,0
206102,1,1,10151510,2601111202,0,0,0
206102,1,2,10151510,2601111202,0,0,0
206103,1,1,10191513,2601111203,0,0,0
206201,1,1,10031607,2601111301,0,0,0
206201,1,2,10031607,2601111301,0,0,0
206201,1,3,10031607,2601111301,0,0,0
206202,1,1,10111603,2601111302,0,0,0
206202,1,2,10111603,2601111302,0,0,0
206203,1,1,10171602,2601111303,0,0,0
207101,1,1,10011710,2601111401,0,0,0
207101,1,2,10011710,2601111401,0,0,0
207101,1,3,10011710,2601111401,0,0,0
207102,1,1,10161707,2601111402,0,0,0
207102,1,2,10161707,2601111402,0,0,0
207103,1,1,10201708,2601111403,0,0,0
11100201,1,1,10011122,11011101,0,0,0
11100202,1,1,10011123,11011101,0,0,0
11100202,1,2,10021118,11011101,0,0,0
11100203,1,1,10011124,11011101,0,0,0
11100203,1,2,10091107,11011101,0,0,0
11100203,1,3,10021119,11011101,0,0,0
11100401,1,1,10011135,11011101,0,0,0
11100401,1,2,10031127,11011101,0,0,0
11100401,1,3,10061150,11011101,0,0,0
11100402,1,1,10011135,11011101,0,0,0
11100402,1,2,10031127,11011101,0,0,0
11100402,1,3,10061150,11011101,0,0,0
11100403,1,1,10011135,11011101,0,0,0
11100403,1,2,10031127,11011101,0,0,0
11100403,1,3,10061150,11011101,0,0,0
11100403,2,1,10041155,11012101,0,0,0
11100403,2,2,10041124,11011101,0,0,0
11100601,1,1,10021158,11011101,0,0,0
11100601,1,2,10051127,11011101,0,0,0
11100601,1,3,10071127,11011101,0,0,0
11100602,1,1,10021158,11011101,0,0,0
11100602,1,2,10051127,11011101,0,0,0
11100602,1,3,10071127,11011101,0,0,0
11100603,1,1,10021158,11011101,0,0,0
11100603,1,2,10051127,11011101,0,0,0
11100603,1,3,10071127,11011101,0,0,0
11100603,2,1,10051127,11011101,0,0,0
11100603,2,2,10051148,11012101,0,0,0
11100801,1,1,10061126,11011101,0,0,0
11100801,1,2,10081145,11011101,0,0,0
11100801,1,3,10101108,11011101,0,0,0
11100802,1,1,10061126,11011101,0,0,0
11100802,1,2,10081145,11011101,0,0,0
11100802,1,3,10101108,11011101,0,0,0
11100803,1,1,10061126,11011101,0,0,0
11100803,1,2,10081145,11011101,0,0,0
11100803,1,3,10101108,11011101,0,0,0
11100803,2,1,10071156,11012101,0,0,0
11100803,2,2,10071128,11011101,0,0,0
11200401,1,1,10061401,0,0,0,0
11200401,1,2,10071401,0,0,0,0
11200401,1,3,10141401,0,0,0,0
12100201,1,1,10091137,11011201,0,0,0
12100201,1,2,10031129,11011201,0,0,0
12100201,1,3,10071129,11011201,0,0,0
12100202,1,1,10091137,11011201,0,0,0
12100202,1,2,10031129,11011201,0,0,0
12100202,1,3,10071129,11011201,0,0,0
12100203,1,1,10091137,11011201,0,0,0
12100203,1,2,10031129,11011201,0,0,0
12100203,1,3,10071129,11011201,0,0,0
12100203,2,1,10031129,11011201,0,0,0
12100203,2,2,10031156,11012201,0,0,0
12100401,1,1,10031130,11011201,0,0,0
12100401,1,2,10171127,11011201,0,0,0
12100401,1,3,10011137,11011201,0,0,0
12100402,1,1,10031130,11011201,0,0,0
12100402,1,2,10171127,11011201,0,0,0
12100402,1,3,10011137,11011201,0,0,0
12100403,1,1,10031130,11011201,0,0,0
12100403,1,2,10171127,11011201,0,0,0
12100403,1,3,10011137,11011201,0,0,0
12100403,2,1,10181129,11012201,0,0,0
12100403,2,2,10181101,11011201,0,0,0
12100601,1,1,10061127,11011201,0,0,0
12100601,1,2,10111114,11011201,0,0,0
12100601,1,3,10041126,11011201,0,0,0
12100602,1,1,10061127,11011201,0,0,0
12100602,1,2,10111114,11011201,0,0,0
12100602,1,3,10041126,11011201,0,0,0
12100603,1,1,10061127,11011201,0,0,0
12100603,1,2,10111114,11011201,0,0,0
12100603,1,3,10041126,11011201,0,0,0
12100603,2,1,10061127,11011201,0,0,0
12100603,2,2,10061149,11012201,0,0,0
12100701,1,1,10121132,11011201,0,0,0
12100701,1,2,10071130,11011201,0,0,0
12100701,1,3,10061128,11011201,0,0,0
12100702,1,1,10121132,11011201,0,0,0
12100702,1,2,10071130,11011201,0,0,0
12100702,1,3,10061128,11011201,0,0,0
12100703,1,1,10121132,11011201,0,0,0
12100703,1,2,10071130,11011201,0,0,0
12100703,1,3,10061128,11011201,0,0,0
12100703,2,1,10011138,11012201,0,0,0
12100703,2,2,10011137,11011201,0,0,0
13100201,1,1,10051128,11011301,0,0,0
13100201,1,2,10181102,11011301,0,0,0
13100201,1,3,10011139,11011301,0,0,0
13100202,1,1,10051128,11011301,0,0,0
13100202,1,2,10181102,11011301,0,0,0
13100202,1,3,10011139,11011301,0,0,0
13100203,1,1,10051128,11011301,0,0,0
13100203,1,2,10181102,11011301,0,0,0
13100203,1,3,10011139,11011301,0,0,0
13100203,2,1,10031130,11011301,0,0,0
13100203,2,2,10031132,11012301,0,0,0
13100301,1,1,10061129,11011301,0,0,0
13100301,1,2,10041127,11011301,0,0,0
13100301,1,3,10131127,11011301,0,0,0
13100302,1,1,10061129,11011301,0,0,0
13100302,1,2,10041127,11011301,0,0,0
13100302,1,3,10131127,11011301,0,0,0
13100303,1,1,10061129,11011301,0,0,0
13100303,1,2,10041127,11011301,0,0,0
13100303,1,3,10131127,11011301,0,0,0
13100303,2,1,10011140,11012301,0,0,0
13100303,2,2,10011139,11011301,0,0,0
13100501,1,1,10141101,11011301,0,0,0
13100501,1,2,10071131,11011301,0,0,0
13100501,1,3,10101110,11011301,0,0,0
13100502,1,1,10141101,11011301,0,0,0
13100502,1,2,10071131,11011301,0,0,0
13100502,1,3,10101110,11011301,0,0,0
13100503,1,1,10141101,11011301,0,0,0
13100503,1,2,10071131,11011301,0,0,0
13100503,1,3,10101110,11011301,0,0,0
13100503,2,1,10141101,11011301,0,0,0
13100503,2,2,10061130,11012301,0,0,0
13100601,1,1,10181103,11011301,0,0,0
13100601,1,2,10161113,11011301,0,0,0
13100601,1,3,10041128,11011301,0,0,0
13100602,1,1,10181103,11011301,0,0,0
13100602,1,2,10161113,11011301,0,0,0
13100602,1,3,10041128,11011301,0,0,0
13100603,1,1,10181103,11011301,0,0,0
13100603,1,2,10161113,11011301,0,0,0
13100603,1,3,10041128,11011301,0,0,0
13100603,2,1,10031133,11012301,0,0,0
13100603,2,2,10031130,11011301,0,0,0
13100801,1,1,10031134,11011301,0,0,0
13100801,1,2,10111116,11011301,0,0,0
13100801,1,3,10041129,11011301,0,0,0
13100802,1,1,10031134,11011301,0,0,0
13100802,1,2,10111116,11011301,0,0,0
13100802,1,3,10041129,11011301,0,0,0
13100803,1,1,10031134,11011301,0,0,0
13100803,1,2,10111116,11011301,0,0,0
13100803,1,3,10041129,11011301,0,0,0
13100803,2,1,10061129,11011301,0,0,0
13100803,2,2,10061132,11012301,0,0,0
13100901,1,1,10151101,11011301,0,0,0
13100901,1,2,10101111,11011301,0,0,0
13100901,1,3,10071132,11011301,0,0,0
13100902,1,1,10151101,11011301,0,0,0
13100902,1,2,10101111,11011301,0,0,0
13100902,1,3,10071132,11011301,0,0,0
13100903,1,1,10151101,11011301,0,0,0
13100903,1,2,10101111,11011301,0,0,0
13100903,1,3,10071132,11011301,0,0,0
13100903,2,1,10011143,11012301,0,0,0
13100903,2,2,10011139,11011301,0,0,0
13101101,1,1,15021102,11013301,1,1,0
21100201,1,1,10011145,11021101,0,0,0
21100201,1,2,10101112,11021101,0,0,0
21100201,1,3,10031135,11021101,0,0,0
21100202,1,1,10011145,11021101,0,0,0
21100202,1,2,10101112,11021101,0,0,0
21100202,1,3,10031135,11021101,0,0,0
21100203,1,1,10011145,11021101,0,0,0
21100203,1,2,10101112,11021101,0,0,0
21100203,1,3,10031135,11021101,0,0,0
21100203,2,1,10101130,11022101,0,0,0
21100203,2,2,10101112,11021101,0,0,0
21100401,1,1,10111118,11021101,0,0,0
21100401,1,2,10031136,11021101,0,0,0
21100401,1,3,10041130,11021101,0,0,0
21100402,1,1,10111118,11021101,0,0,0
21100402,1,2,10031136,11021101,0,0,0
21100402,1,3,10041130,11021101,0,0,0
21100403,1,1,10111118,11021101,0,0,0
21100403,1,2,10031136,11021101,0,0,0
21100403,1,3,10041130,11021101,0,0,0
21100403,2,1,10041130,11021101,0,0,0
21100403,2,2,10041131,11022101,0,0,0
21100601,1,1,10081119,11021101,0,0,0
21100601,1,2,10141102,11021101,0,0,0
21100601,1,3,10071133,11021101,0,0,0
21100602,1,1,10081119,11021101,0,0,0
21100602,1,2,10141102,11021101,0,0,0
21100602,1,3,10071133,11021101,0,0,0
21100603,1,1,10081119,11021101,0,0,0
21100603,1,2,10141102,11021101,0,0,0
21100603,1,3,10071133,11021101,0,0,0
21100603,2,1,10021157,11022101,0,0,0
21100603,2,2,10021130,11021101,0,0,0
21100801,1,1,10191102,11021101,0,0,0
21100801,1,2,10021131,11021101,0,0,0
21100801,1,3,10031137,11021101,0,0,0
21100802,1,1,10191102,11021101,0,0,0
21100802,1,2,10021131,11021101,0,0,0
21100802,1,3,10031137,11021101,0,0,0
21100803,1,1,10191102,11021101,0,0,0
21100803,1,2,10021131,11021101,0,0,0
21100803,1,3,10031137,11021101,0,0,0
21100803,2,1,10071133,11021101,0,0,0
21100803,2,2,10071134,11022101,0,0,0
21100901,1,1,10061133,11021101,0,0,0
21100901,1,2,10071135,11021101,0,0,0
21100901,1,3,10111119,11021101,0,0,0
21100902,1,1,10061133,11021101,0,0,0
21100902,1,2,10071135,11021101,0,0,0
21100902,1,3,10111119,11021101,0,0,0
21100903,1,1,10061133,11021101,0,0,0
21100903,1,2,10071135,11021101,0,0,0
21100903,1,3,10111119,11021101,0,0,0
21100903,2,1,10011146,11022101,0,0,0
21100903,2,2,10011145,11021101,0,0,0
21101101,1,1,10011147,11021101,0,0,0
21101101,1,2,10101113,11021101,0,0,0
21101101,1,3,10031138,11021101,0,0,0
21101102,1,1,10011147,11021101,0,0,0
21101102,1,2,10101113,11021101,0,0,0
21101102,1,3,10031138,11021101,0,0,0
21101103,1,1,10011147,11021101,0,0,0
21101103,1,2,10101113,11021101,0,0,0
21101103,1,3,10031138,11021101,0,0,0
21101103,2,1,10031138,11021101,0,0,0
21101103,2,2,10031139,11022101,0,0,0
21101201,1,1,10011148,11021101,0,0,0
21101201,1,2,10161101,11021101,0,0,0
21101201,1,3,10171104,11021101,0,0,0
21101202,1,1,10011148,11021101,0,0,0
21101202,1,2,10161101,11021101,0,0,0
21101202,1,3,10171104,11021101,0,0,0
21101203,1,1,10011148,11021101,0,0,0
21101203,1,2,10161101,11021101,0,0,0
21101203,1,3,10171104,11021101,0,0,0
21101203,2,1,10101114,11022101,0,0,0
21101203,2,2,10101113,11021101,0,0,0
21101401,1,1,10121108,11021101,0,0,0
21101401,1,2,10141103,11021101,0,0,0
21101401,1,3,10021132,11021101,0,0,0
21101402,1,1,10121108,11021101,0,0,0
21101402,1,2,10141103,11021101,0,0,0
21101402,1,3,10021132,11021101,0,0,0
21101403,1,1,10121108,11021101,0,0,0
21101403,1,2,10141103,11021101,0,0,0
21101403,1,3,10021132,11021101,0,0,0
21101403,2,1,10011148,11021101,0,0,0
21101403,2,2,10011149,11022101,0,0,0
21101501,1,1,10081120,11021101,0,0,0
21101501,1,2,10161102,11021101,0,0,0
21101501,1,3,10171105,11021101,0,0,0
21101502,1,1,10081120,11021101,0,0,0
21101502,1,2,10161102,11021101,0,0,0
21101502,1,3,10171105,11021101,0,0,0
21101503,1,1,10141208,11023101,1,1,0
22100201,1,1,10081121,11021201,0,0,0
22100201,1,2,10111120,11021201,0,0,0
22100201,1,3,10061134,11021201,0,0,0
22100202,1,1,10081121,11021201,0,0,0
22100202,1,2,10111120,11021201,0,0,0
22100202,1,3,10061134,11021201,0,0,0
22100203,1,1,10081121,11021201,0,0,0
22100203,1,2,10111120,11021201,0,0,0
22100203,1,3,10061134,11021201,0,0,0
22100203,2,1,10041154,11022201,0,0,0
22100203,2,2,10041132,11021201,0,0,0
22100301,1,1,10201101,11021201,0,0,0
22100301,1,2,10021156,11021201,0,0,0
22100301,1,3,10031140,11021201,0,0,0
22100302,1,1,10201101,11021201,0,0,0
22100302,1,2,10021156,11021201,0,0,0
22100302,1,3,10031140,11021201,0,0,0
22100303,1,1,10201101,11021201,0,0,0
22100303,1,2,10021156,11021201,0,0,0
22100303,1,3,10031140,11021201,0,0,0
22100303,2,1,10021132,11021201,0,0,0
22100303,2,2,10021134,11022201,0,0,0
22100501,1,1,10041133,11021201,0,0,0
22100501,1,2,10161103,11021201,0,0,0
22100501,1,3,10061135,11021201,0,0,0
22100502,1,1,10041133,11021201,0,0,0
22100502,1,2,10161103,11021201,0,0,0
22100502,1,3,10061135,11021201,0,0,0
22100503,1,1,10041133,11021201,0,0,0
22100503,1,2,10161103,11021201,0,0,0
22100503,1,3,10061135,11021201,0,0,0
22100503,2,1,10101115,11022201,0,0,0
22100503,2,2,10101113,11021201,0,0,0
22100601,1,1,10011150,11021201,0,0,0
22100601,1,2,10181104,11021201,0,0,0
22100601,1,3,10071137,11021201,0,0,0
22100602,1,1,10011150,11021201,0,0,0
22100602,1,2,10181104,11021201,0,0,0
22100602,1,3,10071137,11021201,0,0,0
22100603,1,1,10011150,11021201,0,0,0
22100603,1,2,10181104,11021201,0,0,0
22100603,1,3,10071137,11021201,0,0,0
22100603,2,1,10071137,11021201,0,0,0
22100603,2,2,10071138,11022201,0,0,0
22100701,1,1,10191103,11021201,0,0,0
22100701,1,2,10141104,11021201,0,0,0
22100701,1,3,10021135,11021201,0,0,0
22100702,1,1,10191103,11021201,0,0,0
22100702,1,2,10141104,11021201,0,0,0
22100702,1,3,10021135,11021201,0,0,0
22100703,1,1,10191103,11021201,0,0,0
22100703,1,2,10141104,11021201,0,0,0
22100703,1,3,10021135,11021201,0,0,0
22100703,2,1,10011151,11022201,0,0,0
22100703,2,2,10011150,11021201,0,0,0
22100901,1,1,10031141,11021201,0,0,0
22100901,1,2,10161104,11021201,0,0,0
22100901,1,3,10201102,11021201,0,0,0
22100902,1,1,10031141,11021201,0,0,0
22100902,1,2,10161104,11021201,0,0,0
22100902,1,3,10201102,11021201,0,0,0
22100903,1,1,10031141,11021201,0,0,0
22100903,1,2,10161104,11021201,0,0,0
22100903,1,3,10201102,11021201,0,0,0
22100903,2,1,10101113,11021201,0,0,0
22100903,2,2,10101116,11022201,0,0,0
22101001,1,1,10011152,11021201,0,0,0
22101001,1,2,10191104,11021201,0,0,0
22101001,1,3,10061136,11021201,0,0,0
22101002,1,1,10011152,11021201,0,0,0
22101002,1,2,10191104,11021201,0,0,0
22101002,1,3,10061136,11021201,0,0,0
22101003,1,1,10011152,11021201,0,0,0
22101003,1,2,10191104,11021201,0,0,0
22101003,1,3,10061136,11021201,0,0,0
22101003,2,1,10031142,11022201,0,0,0
22101003,2,2,10031141,11021201,0,0,0
22101101,1,1,10071139,11021201,0,0,0
22101101,1,2,10021136,11021201,0,0,0
22101101,1,3,10161105,11021201,0,0,0
22101102,1,1,10071139,11021201,0,0,0
22101102,1,2,10021136,11021201,0,0,0
22101102,1,3,10161105,11021201,0,0,0
22101103,1,1,10071139,11021201,0,0,0
22101103,1,2,10021136,11021201,0,0,0
22101103,1,3,10161105,11021201,0,0,0
22101103,2,1,10041134,11021201,0,0,0
22101103,2,2,10041153,11022201,0,0,0
22101301,1,1,10011153,11021201,0,0,0
22101301,1,2,10171106,11021201,0,0,0
22101301,1,3,10031143,11021201,0,0,0
22101302,1,1,10011153,11021201,0,0,0
22101302,1,2,10171106,11021201,0,0,0
22101302,1,3,10031143,11021201,0,0,0
22101303,1,1,10011153,11021201,0,0,0
22101303,1,2,10171106,11021201,0,0,0
22101303,1,3,10031143,11021201,0,0,0
22101303,2,1,10021137,11022201,0,0,0
22101303,2,2,10021136,11021201,0,0,0
22101401,1,1,10081122,11021201,0,0,0
22101401,1,2,10021138,11021201,0,0,0
22101401,1,3,10141105,11021201,0,0,0
22101402,1,1,10081122,11021201,0,0,0
22101402,1,2,10021138,11021201,0,0,0
22101402,1,3,10141105,11021201,0,0,0
22101403,1,1,10141209,11023201,1,1,0
23100201,1,1,10181105,11021301,0,0,0
23100201,1,2,10121109,11021301,0,0,0
23100201,1,3,10041135,11021301,0,0,0
23100202,1,1,10181105,11021301,0,0,0
23100202,1,2,10121109,11021301,0,0,0
23100202,1,3,10041135,11021301,0,0,0
23100203,1,1,10181105,11021301,0,0,0
23100203,1,2,10121109,11021301,0,0,0
23100203,1,3,10041135,11021301,0,0,0
23100203,2,1,10071139,11021301,0,0,0
23100203,2,2,10071140,11022301,0,0,0
23100301,1,1,10061137,11021301,0,0,0
23100301,1,2,10161106,11021301,0,0,0
23100301,1,3,10101117,11021301,0,0,0
23100302,1,1,10061137,11021301,0,0,0
23100302,1,2,10161106,11021301,0,0,0
23100302,1,3,10101117,11021301,0,0,0
23100303,1,1,10061137,11021301,0,0,0
23100303,1,2,10161106,11021301,0,0,0
23100303,1,3,10101117,11021301,0,0,0
23100303,2,1,10101118,11022301,0,0,0
23100303,2,2,10101117,11021301,0,0,0
23100401,1,1,10081123,11021301,0,0,0
23100401,1,2,10161107,11021301,0,0,0
23100401,1,3,10201103,11021301,0,0,0
23100402,1,1,10081123,11021301,0,0,0
23100402,1,2,10161107,11021301,0,0,0
23100402,1,3,10201103,11021301,0,0,0
23100403,1,1,10081123,11021301,0,0,0
23100403,1,2,10161107,11021301,0,0,0
23100403,1,3,10201103,11021301,0,0,0
23100403,2,1,10011153,11021301,0,0,0
23100403,2,2,10011154,11022301,0,0,0
23100601,1,1,10071141,11021301,0,0,0
23100601,1,2,10011155,11021301,0,0,0
23100601,1,3,10101119,11021301,0,0,0
23100602,1,1,10071141,11021301,0,0,0
23100602,1,2,10011155,11021301,0,0,0
23100602,1,3,10101119,11021301,0,0,0
23100603,1,1,10071141,11021301,0,0,0
23100603,1,2,10011155,11021301,0,0,0
23100603,1,3,10101119,11021301,0,0,0
23100603,2,1,10041136,11022301,0,0,0
23100603,2,2,10041135,11021301,0,0,0
23100701,1,1,10071141,11021301,0,0,0
23100701,1,2,10011155,11021301,0,0,0
23100701,1,3,10101119,11021301,0,0,0
23100702,1,1,10071141,11021301,0,0,0
23100702,1,2,10011155,11021301,0,0,0
23100702,1,3,10101119,11021301,0,0,0
23100703,1,1,10071141,11021301,0,0,0
23100703,1,2,10011155,11021301,0,0,0
23100703,1,3,10101119,11021301,0,0,0
23100703,2,1,10021139,11021301,0,0,0
23100703,2,2,10021140,11022301,0,0,0
23100801,1,1,10081124,11021301,0,0,0
23100801,1,2,10171107,11021301,0,0,0
23100801,1,3,10181106,11021301,0,0,0
23100802,1,1,10081124,11021301,0,0,0
23100802,1,2,10171107,11021301,0,0,0
23100802,1,3,10181106,11021301,0,0,0
23100803,1,1,10171201,11023301,1,1,0
31100201,1,1,10041138,11031101,0,0,0
31100201,1,2,10071144,11031101,0,0,0
31100201,1,3,10181111,11031101,0,0,0
31100202,1,1,10041138,11031101,0,0,0
31100202,1,2,10071144,11031101,0,0,0
31100202,1,3,10181111,11031101,0,0,0
31100203,1,1,10041138,11031101,0,0,0
31100203,1,2,10071144,11031101,0,0,0
31100203,1,3,10181111,11031101,0,0,0
31100203,2,1,10181130,11032101,0,0,0
31100203,2,2,10181111,11031101,0,0,0
31100301,1,1,10111129,11031101,0,0,0
31100301,1,2,10141110,11031101,0,0,0
31100301,1,3,10191117,11031101,0,0,0
31100302,1,1,10111129,11031101,0,0,0
31100302,1,2,10141110,11031101,0,0,0
31100302,1,3,10191117,11031101,0,0,0
31100303,1,1,10111129,11031101,0,0,0
31100303,1,2,10141110,11031101,0,0,0
31100303,1,3,10191117,11031101,0,0,0
31100303,2,1,10191117,11031101,0,0,0
31100303,2,2,10191124,11032101,0,0,0
31100501,1,1,10021148,11031101,0,0,0
31100501,1,2,10051135,11031101,0,0,0
31100501,1,3,10061218,11031101,0,0,0
31100502,1,1,10021148,11031101,0,0,0
31100502,1,2,10051135,11031101,0,0,0
31100502,1,3,10061218,11031101,0,0,0
31100503,1,1,10021148,11031101,0,0,0
31100503,1,2,10051135,11031101,0,0,0
31100503,1,3,10061218,11031101,0,0,0
31100503,2,1,10021157,11032101,0,0,0
31100503,2,2,10021148,11031101,0,0,0
31100601,1,1,10041139,11031101,0,0,0
31100601,1,2,10111130,11031101,0,0,0
31100601,1,3,10131115,11031101,0,0,0
31100602,1,1,10041139,11031101,0,0,0
31100602,1,2,10111130,11031101,0,0,0
31100602,1,3,10131115,11031101,0,0,0
31100603,1,1,10041139,11031101,0,0,0
31100603,1,2,10111130,11031101,0,0,0
31100603,1,3,10131115,11031101,0,0,0
31100603,2,1,10041139,11031101,0,0,0
31100603,2,2,10041140,11032101,0,0,0
31100801,1,1,10041141,11031101,0,0,0
31100801,1,2,10051136,11031101,0,0,0
31100801,1,3,10071145,11031101,0,0,0
31100802,1,1,10041141,11031101,0,0,0
31100802,1,2,10051136,11031101,0,0,0
31100802,1,3,10071145,11031101,0,0,0
31100803,1,1,10041141,11031101,0,0,0
31100803,1,2,10051136,11031101,0,0,0
31100803,1,3,10071145,11031101,0,0,0
31100803,2,1,10071146,11032101,0,0,0
31100803,2,2,10071145,11031101,0,0,0
31100901,1,1,10031152,11031101,0,0,0
31100901,1,2,10061140,11031101,0,0,0
31100901,1,3,10081127,11031101,0,0,0
31100902,1,1,10031152,11031101,0,0,0
31100902,1,2,10061140,11031101,0,0,0
31100902,1,3,10081127,11031101,0,0,0
31100903,1,1,10031152,11031101,0,0,0
31100903,1,2,10061140,11031101,0,0,0
31100903,1,3,10081127,11031101,0,0,0
31100903,2,1,10031152,11031101,0,0,0
31100903,2,2,10101125,11032101,0,0,0
31101101,1,1,10011227,11031101,0,0,0
31101101,1,2,10041225,11031101,0,0,0
31101101,1,3,10061219,11031101,0,0,0
31101102,1,1,10011227,11031101,0,0,0
31101102,1,2,10041225,11031101,0,0,0
31101102,1,3,10061219,11031101,0,0,0
31101103,1,1,10011227,11031101,0,0,0
31101103,1,2,10041225,11031101,0,0,0
31101103,1,3,10061219,11031101,0,0,0
31101103,2,1,10051137,11032101,0,0,0
31101103,2,2,10051136,11031101,0,0,0
31101201,1,1,10081128,11031101,0,0,0
31101201,1,2,10141111,11031101,0,0,0
31101201,1,3,10191118,11031101,0,0,0
31101202,1,1,10081128,11031101,0,0,0
31101202,1,2,10141111,11031101,0,0,0
31101202,1,3,10191118,11031101,0,0,0
31101203,1,1,10081128,11031101,0,0,0
31101203,1,2,10141111,11031101,0,0,0
31101203,1,3,10191118,11031101,0,0,0
31101203,2,1,10081128,11031101,0,0,0
31101203,2,2,10081129,11032101,0,0,0
31101301,1,1,10071147,11031101,0,0,0
31101301,1,2,10131116,11031101,0,0,0
31101301,1,3,10181112,11031101,0,0,0
31101302,1,1,10071147,11031101,0,0,0
31101302,1,2,10131116,11031101,0,0,0
31101302,1,3,10181112,11031101,0,0,0
31101303,1,1,10071147,11031101,0,0,0
31101303,1,2,10131116,11031101,0,0,0
31101303,1,3,10181112,11031101,0,0,0
31101303,2,1,10011228,11032101,0,0,0
31101303,2,2,10011227,11031101,0,0,0
31101501,1,1,10011157,11031101,0,0,0
31101501,1,2,10031153,11031101,0,0,0
31101501,1,3,10081130,11031101,0,0,0
31101502,1,1,10011157,11031101,0,0,0
31101502,1,2,10031153,11031101,0,0,0
31101502,1,3,10081130,11031101,0,0,0
31101503,1,1,10011157,11031101,0,0,0
31101503,1,2,10031153,11031101,0,0,0
31101503,1,3,10081130,11031101,0,0,0
31101503,2,1,10081130,11031101,0,0,0
31101503,2,2,10081131,11032101,0,0,0
31101601,1,1,10051138,11031101,0,0,0
31101601,1,2,10061220,11031101,0,0,0
31101601,1,3,10181113,11031101,0,0,0
31101602,1,1,10051138,11031101,0,0,0
31101602,1,2,10061220,11031101,0,0,0
31101602,1,3,10181113,11031101,0,0,0
31101603,1,1,10051138,11031101,0,0,0
31101603,1,2,10061220,11031101,0,0,0
31101603,1,3,10181113,11031101,0,0,0
31101603,2,1,10051139,11032101,0,0,0
31101603,2,2,10051138,11031101,0,0,0
31101801,1,1,10021149,11031101,0,0,0
31101801,1,2,10031224,11031101,0,0,0
31101801,1,3,10131117,11031101,0,0,0
31101802,1,1,10021149,11031101,0,0,0
31101802,1,2,10031224,11031101,0,0,0
31101802,1,3,10131117,11031101,0,0,0
31101803,1,1,10021149,11031101,0,0,0
31101803,1,2,10031224,11031101,0,0,0
31101803,1,3,10131117,11031101,0,0,0
31101803,2,1,10061220,11031101,0,0,0
31101803,2,2,10061221,11032101,0,0,0
31101901,1,1,10041142,11031101,0,0,0
31101901,1,2,10051140,11031101,0,0,0
31101901,1,3,10121111,11031101,0,0,0
31101902,1,1,10041142,11031101,0,0,0
31101902,1,2,10051140,11031101,0,0,0
31101902,1,3,10121111,11031101,0,0,0
31101903,1,1,10161303,11033101,1,1,0
32100201,1,1,10071148,11031201,0,0,0
32100201,1,2,10151104,11031201,0,0,0
32100201,1,3,10191119,11031201,0,0,0
32100202,1,1,10071148,11031201,0,0,0
32100202,1,2,10151104,11031201,0,0,0
32100202,1,3,10191119,11031201,0,0,0
32100203,1,1,10071148,11031201,0,0,0
32100203,1,2,10151104,11031201,0,0,0
32100203,1,3,10191119,11031201,0,0,0
32100203,2,1,10141112,11032201,0,0,0
32100203,2,2,10141111,11031201,0,0,0
32100301,1,1,10021150,11031201,0,0,0
32100301,1,2,10081132,11031201,0,0,0
32100301,1,3,10201105,11031201,0,0,0
32100302,1,1,10021150,11031201,0,0,0
32100302,1,2,10081132,11031201,0,0,0
32100302,1,3,10201105,11031201,0,0,0
32100303,1,1,10021150,11031201,0,0,0
32100303,1,2,10081132,11031201,0,0,0
32100303,1,3,10201105,11031201,0,0,0
32100303,2,1,10061220,11031201,0,0,0
32100303,2,2,10061222,11032201,0,0,0
32100401,1,1,10141113,11031201,0,0,0
32100401,1,2,10151105,11031201,0,0,0
32100401,1,3,10181114,11031201,0,0,0
32100402,1,1,10141113,11031201,0,0,0
32100402,1,2,10151105,11031201,0,0,0
32100402,1,3,10181114,11031201,0,0,0
32100403,1,1,10141113,11031201,0,0,0
32100403,1,2,10151105,11031201,0,0,0
32100403,1,3,10181114,11031201,0,0,0
32100403,2,1,10111132,11032201,0,0,0
32100403,2,2,10111130,11031201,0,0,0
32100601,1,1,10021151,11031201,0,0,0
32100601,1,2,10061141,11031201,0,0,0
32100601,1,3,10091119,11031201,0,0,0
32100602,1,1,10021151,11031201,0,0,0
32100602,1,2,10061141,11031201,0,0,0
32100602,1,3,10091119,11031201,0,0,0
32100603,1,1,10021151,11031201,0,0,0
32100603,1,2,10061141,11031201,0,0,0
32100603,1,3,10091119,11031201,0,0,0
32100603,2,1,10111130,11031201,0,0,0
32100603,2,2,10111133,11032201,0,0,0
32100701,1,1,10051141,11031201,0,0,0
32100701,1,2,10141205,11031201,0,0,0
32100701,1,3,10201106,11031201,0,0,0
32100702,1,1,10051141,11031201,0,0,0
32100702,1,2,10141205,11031201,0,0,0
32100702,1,3,10201106,11031201,0,0,0
32100703,1,1,10141303,11033201,1,1,0
33100201,1,1,10041226,11031301,0,0,0
33100201,1,2,10091120,11031301,0,0,0
33100201,1,3,10151106,11031301,0,0,0
33100202,1,1,10041226,11031301,0,0,0
33100202,1,2,10091120,11031301,0,0,0
33100202,1,3,10151106,11031301,0,0,0
33100203,1,1,10041226,11031301,0,0,0
33100203,1,2,10091120,11031301,0,0,0
33100203,1,3,10151106,11031301,0,0,0
33100203,2,1,10141114,11032301,0,0,0
33100203,2,2,10141113,11031301,0,0,0
33100301,1,1,10091121,11031301,0,0,0
33100301,1,2,10101126,11031301,0,0,0
33100301,1,3,10121112,11031301,0,0,0
33100302,1,1,10091121,11031301,0,0,0
33100302,1,2,10101126,11031301,0,0,0
33100302,1,3,10121112,11031301,0,0,0
33100303,1,1,10091121,11031301,0,0,0
33100303,1,2,10101126,11031301,0,0,0
33100303,1,3,10121112,11031301,0,0,0
33100303,2,1,10061220,11031301,0,0,0
33100303,2,2,10061224,11032301,0,0,0
33100501,1,1,10021152,11031301,0,0,0
33100501,1,2,10111134,11031301,0,0,0
33100501,1,3,10181115,11031301,0,0,0
33100502,1,1,10021152,11031301,0,0,0
33100502,1,2,10111134,11031301,0,0,0
33100502,1,3,10181115,11031301,0,0,0
33100503,1,1,10021152,11031301,0,0,0
33100503,1,2,10111134,11031301,0,0,0
33100503,1,3,10181115,11031301,0,0,0
33100503,2,1,10111135,11032301,0,0,0
33100503,2,2,10111134,11031301,0,0,0
33100601,1,1,10041143,11031301,0,0,0
33100601,1,2,10071149,11031301,0,0,0
33100601,1,3,10131118,11031301,0,0,0
33100602,1,1,10041143,11031301,0,0,0
33100602,1,2,10071149,11031301,0,0,0
33100602,1,3,10131118,11031301,0,0,0
33100603,1,1,10041143,11031301,0,0,0
33100603,1,2,10071149,11031301,0,0,0
33100603,1,3,10131118,11031301,0,0,0
33100603,2,1,10011227,11031301,0,0,0
33100603,2,2,10011229,11032301,0,0,0
33100701,1,1,10051142,11031301,0,0,0
33100701,1,2,10061225,11031301,0,0,0
33100701,1,3,10121113,11031301,0,0,0
33100702,1,1,10051142,11031301,0,0,0
33100702,1,2,10061225,11031301,0,0,0
33100702,1,3,10121113,11031301,0,0,0
33100703,1,1,10051142,11031301,0,0,0
33100703,1,2,10061225,11031301,0,0,0
33100703,1,3,10121113,11031301,0,0,0
33100703,2,1,10011230,11032301,0,0,0
33100703,2,2,10011227,11031301,0,0,0
33100901,1,1,10071150,11031301,0,0,0
33100901,1,2,10121114,11031301,0,0,0
33100901,1,3,10151107,11031301,0,0,0
33100902,1,1,10071150,11031301,0,0,0
33100902,1,2,10121114,11031301,0,0,0
33100902,1,3,10151107,11031301,0,0,0
33100903,1,1,10071150,11031301,0,0,0
33100903,1,2,10121114,11031301,0,0,0
33100903,1,3,10151107,11031301,0,0,0
33100903,2,1,10111137,11031301,0,0,0
33100903,2,2,10111136,11032301,0,0,0
33101001,1,1,10081133,11031301,0,0,0
33101001,1,2,10111137,11031301,0,0,0
33101001,1,3,10191120,11031301,0,0,0
33101002,1,1,10081133,11031301,0,0,0
33101002,1,2,10111137,11031301,0,0,0
33101002,1,3,10191120,11031301,0,0,0
33101003,1,1,10171304,11033301,1,1,0
41100201,1,1,10011231,11041101,0,0,0
41100201,1,2,10031225,11041101,0,0,0
41100201,1,3,10111212,11041101,0,0,0
41100202,1,1,10011231,11041101,0,0,0
41100202,1,2,10031225,11041101,0,0,0
41100202,1,3,10111212,11041101,0,0,0
41100203,1,1,10011231,11041101,0,0,0
41100203,1,2,10031225,11041101,0,0,0
41100203,1,3,10111212,11041101,0,0,0
41100203,2,1,10011232,11042101,0,0,0
41100203,2,2,10011231,11041101,0,0,0
41100301,1,1,10061226,11041101,0,0,0
41100301,1,2,10101220,11041101,0,0,0
41100301,1,3,10141206,11041101,0,0,0
41100302,1,1,10061226,11041101,0,0,0
41100302,1,2,10101220,11041101,0,0,0
41100302,1,3,10141206,11041101,0,0,0
41100303,1,1,10061226,11041101,0,0,0
41100303,1,2,10101220,11041101,0,0,0
41100303,1,3,10141206,11041101,0,0,0
41100303,2,1,10081134,11041101,0,0,0
41100303,2,2,10081144,11042101,0,0,0
41100501,1,1,10041227,11041101,0,0,0
41100501,1,2,10151209,11041101,0,0,0
41100501,1,3,10171211,11041101,0,0,0
41100502,1,1,10041227,11041101,0,0,0
41100502,1,2,10151209,11041101,0,0,0
41100502,1,3,10171211,11041101,0,0,0
41100503,1,1,10041227,11041101,0,0,0
41100503,1,2,10151209,11041101,0,0,0
41100503,1,3,10171211,11041101,0,0,0
41100503,2,1,10081135,11042101,0,0,0
41100503,2,2,10111138,11041101,0,0,0
41100601,1,1,10011233,11041101,0,0,0
41100601,1,2,10051222,11041101,0,0,0
41100601,1,3,10061227,11041101,0,0,0
41100602,1,1,10011233,11041101,0,0,0
41100602,1,2,10051222,11041101,0,0,0
41100602,1,3,10061227,11041101,0,0,0
41100603,1,1,10011233,11041101,0,0,0
41100603,1,2,10051222,11041101,0,0,0
41100603,1,3,10061227,11041101,0,0,0
41100603,2,1,10041227,11041101,0,0,0
41100603,2,2,10041228,11042101,0,0,0
41100801,1,1,10071216,11041101,0,0,0
41100801,1,2,10081230,11041101,0,0,0
41100801,1,3,10101221,11041101,0,0,0
41100802,1,1,10071216,11041101,0,0,0
41100802,1,2,10081230,11041101,0,0,0
41100802,1,3,10101221,11041101,0,0,0
41100803,1,1,10071216,11041101,0,0,0
41100803,1,2,10081230,11041101,0,0,0
41100803,1,3,10101221,11041101,0,0,0
41100803,2,1,10091132,11042101,0,0,0
41100803,2,2,10091122,11041101,0,0,0
41100901,1,1,10031226,11041101,0,0,0
41100901,1,2,10041229,11041101,0,0,0
41100901,1,3,10201208,11041101,0,0,0
41100902,1,1,10031226,11041101,0,0,0
41100902,1,2,10041229,11041101,0,0,0
41100902,1,3,10201208,11041101,0,0,0
41100903,1,1,10031226,11041101,0,0,0
41100903,1,2,10041229,11041101,0,0,0
41100903,1,3,10201208,11041101,0,0,0
41100903,2,1,10151108,11041101,0,0,0
41100903,2,2,10151120,11042101,0,0,0
41101101,1,1,10051223,11041101,0,0,0
41101101,1,2,10071217,11041101,0,0,0
41101101,1,3,10081231,11041101,0,0,0
41101102,1,1,10051223,11041101,0,0,0
41101102,1,2,10071217,11041101,0,0,0
41101102,1,3,10081231,11041101,0,0,0
41101103,1,1,10051223,11041101,0,0,0
41101103,1,2,10071217,11041101,0,0,0
41101103,1,3,10081231,11041101,0,0,0
41101103,2,1,10171124,11042101,0,0,0
41101103,2,2,10171112,11041101,0,0,0
41101201,1,1,10111213,11041101,0,0,0
41101201,1,2,10141207,11041101,0,0,0
41101201,1,3,10151210,11041101,0,0,0
41101202,1,1,10111213,11041101,0,0,0
41101202,1,2,10141207,11041101,0,0,0
41101202,1,3,10151210,11041101,0,0,0
41101203,1,1,10111213,11041101,0,0,0
41101203,1,2,10141207,11041101,0,0,0
41101203,1,3,10151210,11041101,0,0,0
41101203,2,1,10201107,11041101,0,0,0
41101203,2,2,10201110,11042101,0,0,0
41101301,1,1,10011234,11041101,0,0,0
41101301,1,2,10041230,11041101,0,0,0
41101301,1,3,10171212,11041101,0,0,0
41101302,1,1,10011234,11041101,0,0,0
41101302,1,2,10041230,11041101,0,0,0
41101302,1,3,10171212,11041101,0,0,0
41101303,1,1,10151215,11043101,1,1,0
42100201,1,1,10011158,11041201,0,0,0
42100201,1,2,10131119,11041201,0,0,0
42100201,1,3,10181116,11041201,0,0,0
42100202,1,1,10011158,11041201,0,0,0
42100202,1,2,10131119,11041201,0,0,0
42100202,1,3,10181116,11041201,0,0,0
42100203,1,1,10011158,11041201,0,0,0
42100203,1,2,10131119,11041201,0,0,0
42100203,1,3,10181116,11041201,0,0,0
42100203,2,1,10041231,11042201,0,0,0
42100203,2,2,10041230,11041201,0,0,0
42100301,1,1,10071151,11041201,0,0,0
42100301,1,2,10121115,11041201,0,0,0
42100301,1,3,10151110,11041201,0,0,0
42100302,1,1,10071151,11041201,0,0,0
42100302,1,2,10121115,11041201,0,0,0
42100302,1,3,10151110,11041201,0,0,0
42100303,1,1,10071151,11041201,0,0,0
42100303,1,2,10121115,11041201,0,0,0
42100303,1,3,10151110,11041201,0,0,0
42100303,2,1,10171113,11041201,0,0,0
42100303,2,2,10171114,11042201,0,0,0
42100401,1,1,10041144,11041201,0,0,0
42100401,1,2,10061142,11041201,0,0,0
42100401,1,3,10131120,11041201,0,0,0
42100402,1,1,10041144,11041201,0,0,0
42100402,1,2,10061142,11041201,0,0,0
42100402,1,3,10131120,11041201,0,0,0
42100403,1,1,10041144,11041201,0,0,0
42100403,1,2,10061142,11041201,0,0,0
42100403,1,3,10131120,11041201,0,0,0
42100403,2,1,10101222,11042201,0,0,0
42100403,2,2,10101221,11041201,0,0,0
42100601,1,1,10011159,11041201,0,0,0
42100601,1,2,10121116,11041201,0,0,0
42100601,1,3,10151111,11041201,0,0,0
42100602,1,1,10011159,11041201,0,0,0
42100602,1,2,10121116,11041201,0,0,0
42100602,1,3,10151111,11041201,0,0,0
42100603,1,1,10011159,11041201,0,0,0
42100603,1,2,10121116,11041201,0,0,0
42100603,1,3,10151111,11041201,0,0,0
42100603,2,1,10041230,11041201,0,0,0
42100603,2,2,10041232,11042201,0,0,0
42100701,1,1,10041145,11041201,0,0,0
42100701,1,2,10071152,11041201,0,0,0
42100701,1,3,10101127,11041201,0,0,0
42100702,1,1,10041145,11041201,0,0,0
42100702,1,2,10071152,11041201,0,0,0
42100702,1,3,10101127,11041201,0,0,0
42100703,1,1,10041145,11041201,0,0,0
42100703,1,2,10071152,11041201,0,0,0
42100703,1,3,10101127,11041201,0,0,0
42100703,2,1,10151112,11042201,0,0,0
42100703,2,2,10151111,11041201,0,0,0
42100801,1,1,10051143,11041201,0,0,0
42100801,1,2,10151113,11041201,0,0,0
42100801,1,3,10181117,11041201,0,0,0
42100802,1,1,10051143,11041201,0,0,0
42100802,1,2,10151113,11041201,0,0,0
42100802,1,3,10181117,11041201,0,0,0
42100803,1,1,10051143,11041201,0,0,0
42100803,1,2,10151113,11041201,0,0,0
42100803,1,3,10181117,11041201,0,0,0
42100803,2,1,10201108,11041201,0,0,0
42100803,2,2,10201109,11041201,0,0,0
42101001,1,1,10051144,11041201,0,0,0
42101001,1,2,10081135,11041201,0,0,0
42101001,1,3,10111139,11041201,0,0,0
42101002,1,1,10051144,11041201,0,0,0
42101002,1,2,10081135,11041201,0,0,0
42101002,1,3,10111139,11041201,0,0,0
42101003,1,1,10051144,11041201,0,0,0
42101003,1,2,10081135,11041201,0,0,0
42101003,1,3,10111139,11041201,0,0,0
42101003,2,1,10091123,11041201,0,0,0
42101003,2,2,10091133,11042201,0,0,0
42101101,1,1,10021153,11041201,0,0,0
42101101,1,2,10041146,11041201,0,0,0
42101101,1,3,10171115,11041201,0,0,0
42101102,1,1,10021153,11041201,0,0,0
42101102,1,2,10041146,11041201,0,0,0
42101102,1,3,10171115,11041201,0,0,0
42101103,1,1,10021153,11041201,0,0,0
42101103,1,2,10041146,11041201,0,0,0
42101103,1,3,10171115,11041201,0,0,0
42101103,2,1,10041233,11042201,0,0,0
42101103,2,2,10041230,11041201,0,0,0
42101201,1,1,10071153,11041201,0,0,0
42101201,1,2,10111140,11041201,0,0,0
42101201,1,3,10121117,11041201,0,0,0
42101202,1,1,10071153,11041201,0,0,0
42101202,1,2,10111140,11041201,0,0,0
42101202,1,3,10121117,11041201,0,0,0
42101203,1,1,10151216,11043201,1,1,0
43100201,1,1,10021227,11041301,0,0,0
43100201,1,2,10081136,11041301,0,0,0
43100201,1,3,10181118,11041301,0,0,0
43100202,1,1,10021227,11041301,0,0,0
43100202,1,2,10081136,11041301,0,0,0
43100202,1,3,10181118,11041301,0,0,0
43100203,1,1,10021227,11041301,0,0,0
43100203,1,2,10081136,11041301,0,0,0
43100203,1,3,10181118,11041301,0,0,0
43100203,2,1,10151113,11041301,0,0,0
43100203,2,2,10151114,11042301,0,0,0
43100301,1,1,10011160,11041301,0,0,0
43100301,1,2,10061143,11041301,0,0,0
43100301,1,3,10111141,11041301,0,0,0
43100302,1,1,10011160,11041301,0,0,0
43100302,1,2,10061143,11041301,0,0,0
43100302,1,3,10111141,11041301,0,0,0
43100303,1,1,10011160,11041301,0,0,0
43100303,1,2,10061143,11041301,0,0,0
43100303,1,3,10111141,11041301,0,0,0
43100303,2,1,10091134,11042301,0,0,0
43100303,2,2,10091124,11041301,0,0,0
43100401,1,1,10041147,11041301,0,0,0
43100401,1,2,10121118,11041301,0,0,0
43100401,1,3,10131121,11041301,0,0,0
43100402,1,1,10041147,11041301,0,0,0
43100402,1,2,10121118,11041301,0,0,0
43100402,1,3,10131121,11041301,0,0,0
43100403,1,1,10041147,11041301,0,0,0
43100403,1,2,10121118,11041301,0,0,0
43100403,1,3,10131121,11041301,0,0,0
43100403,2,1,10041147,11041301,0,0,0
43100403,2,2,10071218,11042301,0,0,0
43100601,1,1,10051145,11041301,0,0,0
43100601,1,2,10081137,11041301,0,0,0
43100601,1,3,10101128,11041301,0,0,0
43100602,1,1,10051145,11041301,0,0,0
43100602,1,2,10081137,11041301,0,0,0
43100602,1,3,10101128,11041301,0,0,0
43100603,1,1,10051145,11041301,0,0,0
43100603,1,2,10081137,11041301,0,0,0
43100603,1,3,10101128,11041301,0,0,0
43100603,2,1,10171117,11042301,0,0,0
43100603,2,2,10171116,11041301,0,0,0
43100701,1,1,10021154,11041301,0,0,0
43100701,1,2,10071154,11041301,0,0,0
43100701,1,3,10121119,11041301,0,0,0
43100702,1,1,10021154,11041301,0,0,0
43100702,1,2,10071154,11041301,0,0,0
43100702,1,3,10121119,11041301,0,0,0
43100703,1,1,10021154,11041301,0,0,0
43100703,1,2,10071154,11041301,0,0,0
43100703,1,3,10121119,11041301,0,0,0
43100703,2,1,10151115,11041301,0,0,0
43100703,2,2,10151116,11042301,0,0,0
43100801,1,1,10011161,11041301,0,0,0
43100801,1,2,10051146,11041301,0,0,0
43100801,1,3,10171131,11041301,0,0,0
43100802,1,1,10011161,11041301,0,0,0
43100802,1,2,10051146,11041301,0,0,0
43100802,1,3,10171131,11041301,0,0,0
43100803,1,1,10011161,11041301,0,0,0
43100803,1,2,10051146,11041301,0,0,0
43100803,1,3,10171131,11041301,0,0,0
43100803,2,1,10071219,11042301,0,0,0
43100803,2,2,10051146,11041301,0,0,0
43100901,1,1,10101129,11041301,0,0,0
43100901,1,2,10151115,11041301,0,0,0
43100901,1,3,10181119,11041301,0,0,0
43100902,1,1,10101129,11041301,0,0,0
43100902,1,2,10151115,11041301,0,0,0
43100902,1,3,10181119,11041301,0,0,0
43100903,1,1,10181207,11043301,1,1,0
51100201,1,1,10011162,11051101,0,0,0
51100201,1,2,10171118,11051101,0,0,0
51100201,1,3,10181120,11051101,0,0,0
51100202,1,1,10011162,11051101,0,0,0
51100202,1,2,10171118,11051101,0,0,0
51100202,1,3,10181120,11051101,0,0,0
51100203,1,1,10011162,11051101,0,0,0
51100203,1,2,10171118,11051101,0,0,0
51100203,1,3,10181120,11051101,0,0,0
51100203,2,1,10011164,11052101,0,0,0
51100203,2,2,10011162,11051101,0,0,0
51100301,1,1,10021228,11051101,0,0,0
51100301,1,2,10071155,11051101,0,0,0
51100301,1,3,10161110,11051101,0,0,0
51100302,1,1,10021228,11051101,0,0,0
51100302,1,2,10071155,11051101,0,0,0
51100302,1,3,10161110,11051101,0,0,0
51100303,1,1,10021228,11051101,0,0,0
51100303,1,2,10071155,11051101,0,0,0
51100303,1,3,10161110,11051101,0,0,0
51100303,2,1,10091125,11051101,0,0,0
51100303,2,2,10091135,11052101,0,0,0
51100401,1,1,10031154,11051101,0,0,0
51100401,1,2,10041148,11051101,0,0,0
51100401,1,3,10141116,11051101,0,0,0
51100402,1,1,10031154,11051101,0,0,0
51100402,1,2,10041148,11051101,0,0,0
51100402,1,3,10141116,11051101,0,0,0
51100403,1,1,10031154,11051101,0,0,0
51100403,1,2,10041148,11051101,0,0,0
51100403,1,3,10141116,11051101,0,0,0
51100403,2,1,10181121,11052101,0,0,0
51100403,2,2,10181120,11051101,0,0,0
51100601,1,1,10051224,11051101,0,0,0
51100601,1,2,10061144,11051101,0,0,0
51100601,1,3,10151117,11051101,0,0,0
51100602,1,1,10051224,11051101,0,0,0
51100602,1,2,10061144,11051101,0,0,0
51100602,1,3,10151117,11051101,0,0,0
51100603,1,1,10051224,11051101,0,0,0
51100603,1,2,10061144,11051101,0,0,0
51100603,1,3,10151117,11051101,0,0,0
51100603,2,1,10171119,11051101,0,0,0
51100603,2,2,10171125,11052101,0,0,0
51100701,1,1,10081138,11051101,0,0,0
51100701,1,2,10091126,11051101,0,0,0
51100701,1,3,10121120,11051101,0,0,0
51100702,1,1,10081138,11051101,0,0,0
51100702,1,2,10091126,11051101,0,0,0
51100702,1,3,10121120,11051101,0,0,0
51100703,1,1,10081138,11051101,0,0,0
51100703,1,2,10091126,11051101,0,0,0
51100703,1,3,10121120,11051101,0,0,0
51100703,2,1,10051225,11052101,0,0,0
51100703,2,2,10051224,11051101,0,0,0
51100901,1,1,10121121,11051101,0,0,0
51100901,1,2,10151118,11051101,0,0,0
51100901,1,3,10031227,11051101,0,0,0
51100902,1,1,10121121,11051101,0,0,0
51100902,1,2,10151118,11051101,0,0,0
51100902,1,3,10031227,11051101,0,0,0
51100903,1,1,10121121,11051101,0,0,0
51100903,1,2,10151118,11051101,0,0,0
51100903,1,3,10031227,11051101,0,0,0
51100903,2,1,10111214,11051101,0,0,0
51100903,2,2,10111221,11052101,0,0,0
51101001,1,1,10041149,11051101,0,0,0
51101001,1,2,10141117,11051101,0,0,0
51101001,1,3,10161211,11051101,0,0,0
51101002,1,1,10041149,11051101,0,0,0
51101002,1,2,10141117,11051101,0,0,0
51101002,1,3,10161211,11051101,0,0,0
51101003,1,1,10041149,11051101,0,0,0
51101003,1,2,10141117,11051101,0,0,0
51101003,1,3,10161211,11051101,0,0,0
51101003,2,1,10121122,11052101,0,0,0
51101003,2,2,10121121,11051101,0,0,0
51101101,1,1,10051226,11051101,0,0,0
51101101,1,2,10061145,11051101,0,0,0
51101101,1,3,10171120,11051101,0,0,0
51101102,1,1,10051226,11051101,0,0,0
51101102,1,2,10061145,11051101,0,0,0
51101102,1,3,10171120,11051101,0,0,0
51101103,1,1,10181304,11053101,1,1,0
52100201,1,1,10041150,11051201,0,0,0
52100201,1,2,10081139,11051201,0,0,0
52100201,1,3,10191121,11051201,0,0,0
52100202,1,1,10041150,11051201,0,0,0
52100202,1,2,10081139,11051201,0,0,0
52100202,1,3,10191121,11051201,0,0,0
52100203,1,1,10041150,11051201,0,0,0
52100203,1,2,10081139,11051201,0,0,0
52100203,1,3,10191121,11051201,0,0,0
52100203,2,1,10211102,11051201,0,0,0
52100203,2,2,10211106,11052201,0,0,0
52100301,1,1,10161111,11051201,0,0,0
52100301,1,2,10181205,11051201,0,0,0
52100301,1,3,10211103,11051201,0,0,0
52100302,1,1,10161111,11051201,0,0,0
52100302,1,2,10181205,11051201,0,0,0
52100302,1,3,10211103,11051201,0,0,0
52100303,1,1,10161111,11051201,0,0,0
52100303,1,2,10181205,11051201,0,0,0
52100303,1,3,10211103,11051201,0,0,0
52100303,2,1,10121125,11052201,0,0,0
52100303,2,2,10121123,11051201,0,0,0
52100401,1,1,10011235,11051201,0,0,0
52100401,1,2,10061146,11051201,0,0,0
52100401,1,3,10121124,11051201,0,0,0
52100402,1,1,10011235,11051201,0,0,0
52100402,1,2,10061146,11051201,0,0,0
52100402,1,3,10121124,11051201,0,0,0
52100403,1,1,10011235,11051201,0,0,0
52100403,1,2,10061146,11051201,0,0,0
52100403,1,3,10121124,11051201,0,0,0
52100403,2,1,10111215,11051201,0,0,0
52100403,2,2,10111222,11052201,0,0,0
52100601,1,1,10071220,11051201,0,0,0
52100601,1,2,10141118,11051201,0,0,0
52100601,1,3,10171121,11051201,0,0,0
52100602,1,1,10071220,11051201,0,0,0
52100602,1,2,10141118,11051201,0,0,0
52100602,1,3,10171121,11051201,0,0,0
52100603,1,1,10071220,11051201,0,0,0
52100603,1,2,10141118,11051201,0,0,0
52100603,1,3,10171121,11051201,0,0,0
52100603,2,1,10051234,11052201,0,0,0
52100603,2,2,10051227,11051201,0,0,0
52100701,1,1,10091127,11051201,0,0,0
52100701,1,2,10121211,11051201,0,0,0
52100701,1,3,10031228,11051201,0,0,0
52100702,1,1,10091127,11051201,0,0,0
52100702,1,2,10121211,11051201,0,0,0
52100702,1,3,10031228,11051201,0,0,0
52100703,1,1,10091127,11051201,0,0,0
52100703,1,2,10121211,11051201,0,0,0
52100703,1,3,10031228,11051201,0,0,0
52100703,2,1,10181123,11051201,0,0,0
52100703,2,2,10181124,11052201,0,0,0
52100801,1,1,10031155,11051201,0,0,0
52100801,1,2,10051228,11051201,0,0,0
52100801,1,3,10181124,11051201,0,0,0
52100802,1,1,10031155,11051201,0,0,0
52100802,1,2,10051228,11051201,0,0,0
52100802,1,3,10181124,11051201,0,0,0
52100803,1,1,10181305,11053201,1,1,0
53100201,1,1,10071221,11051301,0,0,0
53100201,1,2,10081140,11051301,0,0,0
53100201,1,3,10161112,11051301,0,0,0
53100202,1,1,10071221,11051301,0,0,0
53100202,1,2,10081140,11051301,0,0,0
53100202,1,3,10161112,11051301,0,0,0
53100203,1,1,10071221,11051301,0,0,0
53100203,1,2,10081140,11051301,0,0,0
53100203,1,3,10161112,11051301,0,0,0
53100203,2,1,10121130,11052301,0,0,0
53100203,2,2,10121126,11051301,0,0,0
53100301,1,1,10071157,11051301,0,0,0
53100301,1,2,10181206,11051301,0,0,0
53100301,1,3,10191122,11051301,0,0,0
53100302,1,1,10071157,11051301,0,0,0
53100302,1,2,10181206,11051301,0,0,0
53100302,1,3,10191122,11051301,0,0,0
53100303,1,1,10071157,11051301,0,0,0
53100303,1,2,10181206,11051301,0,0,0
53100303,1,3,10191122,11051301,0,0,0
53100303,2,1,10111216,11051301,0,0,0
53100303,2,2,10111223,11052301,0,0,0
53100401,1,1,10051229,11051301,0,0,0
53100401,1,2,10071222,11051301,0,0,0
53100401,1,3,10141119,11051301,0,0,0
53100402,1,1,10051229,11051301,0,0,0
53100402,1,2,10071222,11051301,0,0,0
53100402,1,3,10141119,11051301,0,0,0
53100403,1,1,10051229,11051301,0,0,0
53100403,1,2,10071222,11051301,0,0,0
53100403,1,3,10141119,11051301,0,0,0
53100403,2,1,10211107,11052301,0,0,0
53100403,2,2,10211104,11051301,0,0,0
53100601,1,1,10041151,11051301,0,0,0
53100601,1,2,10211105,11051301,0,0,0
53100601,1,3,10031229,11051301,0,0,0
53100602,1,1,10041151,11051301,0,0,0
53100602,1,2,10211105,11051301,0,0,0
53100602,1,3,10031229,11051301,0,0,0
53100603,1,1,10041151,11051301,0,0,0
53100603,1,2,10211105,11051301,0,0,0
53100603,1,3,10031229,11051301,0,0,0
53100603,2,1,10181126,11051301,0,0,0
53100603,2,2,10181131,11052301,0,0,0
53100701,1,1,10061147,11051301,0,0,0
53100701,1,2,10091128,11051301,0,0,0
53100701,1,3,10111217,11051301,0,0,0
53100702,1,1,10061147,11051301,0,0,0
53100702,1,2,10091128,11051301,0,0,0
53100702,1,3,10111217,11051301,0,0,0
53100703,1,1,10061147,11051301,0,0,0
53100703,1,2,10091128,11051301,0,0,0
53100703,1,3,10111217,11051301,0,0,0
53100703,2,1,10121131,11052301,0,0,0
53100703,2,2,10121127,11051301,0,0,0
53100801,1,1,10021155,11051301,0,0,0
53100801,1,2,10081141,11051301,0,0,0
53100801,1,3,10141120,11051301,0,0,0
53100802,1,1,10021155,11051301,0,0,0
53100802,1,2,10081141,11051301,0,0,0
53100802,1,3,10141120,11051301,0,0,0
53100803,1,1,10021155,11051301,0,0,0
53100803,1,2,10081141,11051301,0,0,0
53100803,1,3,10141120,11051301,0,0,0
53100803,2,1,10091129,11051301,0,0,0
53100803,2,2,10091136,11052301,0,0,0
53100901,1,1,10051147,11051301,0,0,0
53100901,1,2,10071223,11051301,0,0,0
53100901,1,3,10151119,11051301,0,0,0
53100902,1,1,10051147,11051301,0,0,0
53100902,1,2,10071223,11051301,0,0,0
53100902,1,3,10151119,11051301,0,0,0
53100903,1,1,10051147,11051301,0,0,0
53100903,1,2,10071223,11051301,0,0,0
53100903,1,3,10151119,11051301,0,0,0
53100903,2,1,10111224,11052301,0,0,0
53100903,2,2,10111218,11051301,0,0,0
53101101,1,1,10061148,11051301,0,0,0
53101101,1,2,10171122,11051301,0,0,0
53101101,1,3,10031230,11051301,0,0,0
53101102,1,1,10061148,11051301,0,0,0
53101102,1,2,10171122,11051301,0,0,0
53101102,1,3,10031230,11051301,0,0,0
53101103,1,1,10061148,11051301,0,0,0
53101103,1,2,10171122,11051301,0,0,0
53101103,1,3,10031230,11051301,0,0,0
53101103,2,1,10181127,11051301,0,0,0
53101103,2,2,10181132,11052301,0,0,0
53101201,1,1,10041152,11051301,0,0,0
53101201,1,2,10111219,11051301,0,0,0
53101201,1,3,10121128,11051301,0,0,0
53101202,1,1,10041152,11051301,0,0,0
53101202,1,2,10111219,11051301,0,0,0
53101202,1,3,10121128,11051301,0,0,0
53101203,1,1,10041152,11051301,0,0,0
53101203,1,2,10111219,11051301,0,0,0
53101203,1,3,10121128,11051301,0,0,0
53101203,2,1,10051230,11052301,0,0,0
53101203,2,2,10051229,11051301,0,0,0
53101301,1,1,10091130,11051301,0,0,0
53101301,1,2,10131122,11051301,0,0,0
53101301,1,3,10181128,11051301,0,0,0
53101302,1,1,10091130,11051301,0,0,0
53101302,1,2,10131122,11051301,0,0,0
53101302,1,3,10181128,11051301,0,0,0
53101303,1,1,10091130,11051301,0,0,0
53101303,1,2,10131122,11051301,0,0,0
53101303,1,3,10181128,11051301,0,0,0
53101303,2,1,10091130,11051301,0,0,0
53101303,2,2,10091131,11052301,0,0,0
53101401,1,1,10081142,11051301,0,0,0
53101401,1,2,10171123,11051301,0,0,0
53101401,1,3,10191123,11051301,0,0,0
53101402,1,1,10081142,11051301,0,0,0
53101402,1,2,10171123,11051301,0,0,0
53101402,1,3,10191123,11051301,0,0,0
53101403,1,1,10201212,11053301,1,1,0
61100201,1,1,10011222,11061101,0,0,0
61100201,1,2,10091210,11061101,0,0,0
61100201,1,3,10121205,11061101,0,0,0
61100202,1,1,10011222,11061101,0,0,0
61100202,1,2,10091210,11061101,0,0,0
61100202,1,3,10121205,11061101,0,0,0
61100203,1,1,10011222,11061101,0,0,0
61100203,1,2,10091210,11061101,0,0,0
61100203,1,3,10121205,11061101,0,0,0
61100203,2,1,10121129,11061101,0,0,0
61100203,2,2,10121110,11062101,0,0,0
61100301,1,1,10021222,11061101,0,0,0
61100301,1,2,10051218,11061101,0,0,0
61100301,1,3,10131219,11061101,0,0,0
61100302,1,1,10021222,11061101,0,0,0
61100302,1,2,10051218,11061101,0,0,0
61100302,1,3,10131219,11061101,0,0,0
61100303,1,1,10021222,11061101,0,0,0
61100303,1,2,10051218,11061101,0,0,0
61100303,1,3,10131219,11061101,0,0,0
61100303,2,1,10111211,11062101,0,0,0
61100303,2,2,10111220,11061101,0,0,0
61100501,1,1,10071211,11061101,0,0,0
61100501,1,2,10081223,11061101,0,0,0
61100501,1,3,10121206,11061101,0,0,0
61100502,1,1,10071211,11061101,0,0,0
61100502,1,2,10081223,11061101,0,0,0
61100502,1,3,10121206,11061101,0,0,0
61100503,1,1,10071211,11061101,0,0,0
61100503,1,2,10081223,11061101,0,0,0
61100503,1,3,10121206,11061101,0,0,0
61100503,2,1,10081223,11061101,0,0,0
61100503,2,2,10081224,11062101,0,0,0
61100601,1,1,10021223,11061101,0,0,0
61100601,1,2,10091117,11061101,0,0,0
61100601,1,3,10161205,11061101,0,0,0
61100602,1,1,10021223,11061101,0,0,0
61100602,1,2,10091117,11061101,0,0,0
61100602,1,3,10161205,11061101,0,0,0
61100603,1,1,10021223,11061101,0,0,0
61100603,1,2,10091117,11061101,0,0,0
61100603,1,3,10161205,11061101,0,0,0
61100603,2,1,10091211,11062101,0,0,0
61100603,2,2,10091210,11061101,0,0,0
61100701,1,1,10011223,11061101,0,0,0
61100701,1,2,10131220,11061101,0,0,0
61100701,1,3,10191208,11061101,0,0,0
61100702,1,1,10011223,11061101,0,0,0
61100702,1,2,10131220,11061101,0,0,0
61100702,1,3,10191208,11061101,0,0,0
61100703,1,1,10011223,11061101,0,0,0
61100703,1,2,10131220,11061101,0,0,0
61100703,1,3,10191208,11061101,0,0,0
61100703,2,1,10171207,11061101,0,0,0
61100703,2,2,10171213,11062101,0,0,0
61100901,1,1,10021147,11061101,0,0,0
61100901,1,2,10051219,11061101,0,0,0
61100901,1,3,10071212,11061101,0,0,0
61100902,1,1,10021147,11061101,0,0,0
61100902,1,2,10051219,11061101,0,0,0
61100902,1,3,10071212,11061101,0,0,0
61100903,1,1,10021147,11061101,0,0,0
61100903,1,2,10051219,11061101,0,0,0
61100903,1,3,10071212,11061101,0,0,0
61100903,2,1,10131123,11062101,0,0,0
61100903,2,2,10131111,11061101,0,0,0
61101001,1,1,10061214,11061101,0,0,0
61101001,1,2,10091212,11061101,0,0,0
61101001,1,3,10121207,11061101,0,0,0
61101002,1,1,10061214,11061101,0,0,0
61101002,1,2,10091212,11061101,0,0,0
61101002,1,3,10121207,11061101,0,0,0
61101003,1,1,10061214,11061101,0,0,0
61101003,1,2,10091212,11061101,0,0,0
61101003,1,3,10121207,11061101,0,0,0
61101003,2,1,10201205,11061101,0,0,0
61101003,2,2,10201209,11062101,0,0,0
61101101,1,1,10081225,11061101,0,0,0
61101101,1,2,10131221,11061101,0,0,0
61101101,1,3,10161206,11061101,0,0,0
61101102,1,1,10081225,11061101,0,0,0
61101102,1,2,10131221,11061101,0,0,0
61101102,1,3,10161206,11061101,0,0,0
61101103,1,1,10191305,11063101,1,1,0
62100201,1,1,10031220,11061201,0,0,0
62100201,1,2,10041221,11061201,0,0,0
62100201,1,3,10091118,11061201,0,0,0
62100202,1,1,10031220,11061201,0,0,0
62100202,1,2,10041221,11061201,0,0,0
62100202,1,3,10091118,11061201,0,0,0
62100203,1,1,10031220,11061201,0,0,0
62100203,1,2,10041221,11061201,0,0,0
62100203,1,3,10091118,11061201,0,0,0
62100203,2,1,10191126,11062201,0,0,0
62100203,2,2,10191113,11061201,0,0,0
62100301,1,1,10021224,11061201,0,0,0
62100301,1,2,10121208,11061201,0,0,0
62100301,1,3,10131222,11061201,0,0,0
62100302,1,1,10021224,11061201,0,0,0
62100302,1,2,10121208,11061201,0,0,0
62100302,1,3,10131222,11061201,0,0,0
62100303,1,1,10021224,11061201,0,0,0
62100303,1,2,10121208,11061201,0,0,0
62100303,1,3,10131222,11061201,0,0,0
62100303,2,1,10131112,11061201,0,0,0
62100303,2,2,10131124,11062201,0,0,0
62100401,1,1,10011224,11061201,0,0,0
62100401,1,2,10091214,11061201,0,0,0
62100401,1,3,10161207,11061201,0,0,0
62100402,1,1,10011224,11061201,0,0,0
62100402,1,2,10091214,11061201,0,0,0
62100402,1,3,10161207,11061201,0,0,0
62100403,1,1,10011224,11061201,0,0,0
62100403,1,2,10091214,11061201,0,0,0
62100403,1,3,10161207,11061201,0,0,0
62100403,2,1,10171214,11062201,0,0,0
62100403,2,2,10171208,11061201,0,0,0
62100601,1,1,10041222,11061201,0,0,0
62100601,1,2,10071213,11061201,0,0,0
62100601,1,3,10211202,11061201,0,0,0
62100602,1,1,10041222,11061201,0,0,0
62100602,1,2,10071213,11061201,0,0,0
62100602,1,3,10211202,11061201,0,0,0
62100603,1,1,10041222,11061201,0,0,0
62100603,1,2,10071213,11061201,0,0,0
62100603,1,3,10211202,11061201,0,0,0
62100603,2,1,10081225,11061201,0,0,0
62100603,2,2,10081226,11062201,0,0,0
62100701,1,1,10061215,11061201,0,0,0
62100701,1,2,10131223,11061201,0,0,0
62100701,1,3,10191209,11061201,0,0,0
62100702,1,1,10061215,11061201,0,0,0
62100702,1,2,10131223,11061201,0,0,0
62100702,1,3,10191209,11061201,0,0,0
62100703,1,1,10061215,11061201,0,0,0
62100703,1,2,10131223,11061201,0,0,0
62100703,1,3,10191209,11061201,0,0,0
62100703,2,1,10201210,11062201,0,0,0
62100703,2,2,10201206,11061201,0,0,0
62100801,1,1,10031221,11061201,0,0,0
62100801,1,2,10051220,11061201,0,0,0
62100801,1,3,10121209,11061201,0,0,0
62100802,1,1,10031221,11061201,0,0,0
62100802,1,2,10051220,11061201,0,0,0
62100802,1,3,10121209,11061201,0,0,0
62100803,1,1,10031221,11061201,0,0,0
62100803,1,2,10051220,11061201,0,0,0
62100803,1,3,10121209,11061201,0,0,0
62100803,2,1,10191114,11061201,0,0,0
62100803,2,2,10191125,11062201,0,0,0
62101001,1,1,10011225,11061201,0,0,0
62101001,1,2,10081227,11061201,0,0,0
62101001,1,3,10091215,11061201,0,0,0
62101002,1,1,10011225,11061201,0,0,0
62101002,1,2,10081227,11061201,0,0,0
62101002,1,3,10091215,11061201,0,0,0
62101003,1,1,10011225,11061201,0,0,0
62101003,1,2,10081227,11061201,0,0,0
62101003,1,3,10091215,11061201,0,0,0
62101003,2,1,10131125,11062201,0,0,0
62101003,2,2,10131113,11061201,0,0,0
62101101,1,1,10041223,11061201,0,0,0
62101101,1,2,10131224,11061201,0,0,0
62101101,1,3,10191210,11061201,0,0,0
62101102,1,1,10041223,11061201,0,0,0
62101102,1,2,10131224,11061201,0,0,0
62101102,1,3,10191210,11061201,0,0,0
62101103,1,1,10191306,11063201,1,1,0
63100201,1,1,10031222,11061301,0,0,0
63100201,1,2,10071214,11061301,0,0,0
63100201,1,3,10191211,11061301,0,0,0
63100202,1,1,10031222,11061301,0,0,0
63100202,1,2,10071214,11061301,0,0,0
63100202,1,3,10191211,11061301,0,0,0
63100203,1,1,10031222,11061301,0,0,0
63100203,1,2,10071214,11061301,0,0,0
63100203,1,3,10191211,11061301,0,0,0
63100203,2,1,10171209,11061301,0,0,0
63100203,2,2,10171215,11062301,0,0,0
63100301,1,1,10021225,11061301,0,0,0
63100301,1,2,10061216,11061301,0,0,0
63100301,1,3,10091217,11061301,0,0,0
63100302,1,1,10021225,11061301,0,0,0
63100302,1,2,10061216,11061301,0,0,0
63100302,1,3,10091217,11061301,0,0,0
63100303,1,1,10021225,11061301,0,0,0
63100303,1,2,10061216,11061301,0,0,0
63100303,1,3,10091217,11061301,0,0,0
63100303,2,1,10081228,11062301,0,0,0
63100303,2,2,10081227,11061301,0,0,0
63100401,1,1,10121210,11061301,0,0,0
63100401,1,2,10161208,11061301,0,0,0
63100401,1,3,10211203,11061301,0,0,0
63100402,1,1,10121210,11061301,0,0,0
63100402,1,2,10161208,11061301,0,0,0
63100402,1,3,10211203,11061301,0,0,0
63100403,1,1,10121210,11061301,0,0,0
63100403,1,2,10161208,11061301,0,0,0
63100403,1,3,10211203,11061301,0,0,0
63100403,2,1,10191115,11061301,0,0,0
63100403,2,2,10191127,11062301,0,0,0
63100601,1,1,10021226,11061301,0,0,0
63100601,1,2,10091218,11061301,0,0,0
63100601,1,3,10131225,11061301,0,0,0
63100602,1,1,10021226,11061301,0,0,0
63100602,1,2,10091218,11061301,0,0,0
63100602,1,3,10131225,11061301,0,0,0
63100603,1,1,10021226,11061301,0,0,0
63100603,1,2,10091218,11061301,0,0,0
63100603,1,3,10131225,11061301,0,0,0
63100603,2,1,10091219,11062301,0,0,0
63100603,2,2,10091218,11061301,0,0,0
63100701,1,1,10031223,11061301,0,0,0
63100701,1,2,10041224,11061301,0,0,0
63100701,1,3,10191212,11061301,0,0,0
63100702,1,1,10031223,11061301,0,0,0
63100702,1,2,10041224,11061301,0,0,0
63100702,1,3,10191212,11061301,0,0,0
63100703,1,1,10031223,11061301,0,0,0
63100703,1,2,10041224,11061301,0,0,0
63100703,1,3,10191212,11061301,0,0,0
63100703,2,1,10131114,11061301,0,0,0
63100703,2,2,10131126,11062301,0,0,0
63100801,1,1,10061217,11061301,0,0,0
63100801,1,2,10071215,11061301,0,0,0
63100801,1,3,10191116,11061301,0,0,0
63100802,1,1,10061217,11061301,0,0,0
63100802,1,2,10071215,11061301,0,0,0
63100802,1,3,10191116,11061301,0,0,0
63100803,1,1,10061217,11061301,0,0,0
63100803,1,2,10071215,11061301,0,0,0
63100803,1,3,10191116,11061301,0,0,0
63100803,2,1,10091220,11062301,0,0,0
63100803,2,2,10091218,11061301,0,0,0
63101001,1,1,10011226,11061301,0,0,0
63101001,1,2,10091221,11061301,0,0,0
63101001,1,3,10161209,11061301,0,0,0
63101002,1,1,10011226,11061301,0,0,0
63101002,1,2,10091221,11061301,0,0,0
63101002,1,3,10161209,11061301,0,0,0
63101003,1,1,10011226,11061301,0,0,0
63101003,1,2,10091221,11061301,0,0,0
63101003,1,3,10161209,11061301,0,0,0
63101003,2,1,10171210,11061301,0,0,0
63101003,2,2,10171216,11062301,0,0,0
63101101,1,1,10031151,11061301,0,0,0
63101101,1,2,10051221,11061301,0,0,0
63101101,1,3,10081229,11061301,0,0,0
63101102,1,1,10031151,11061301,0,0,0
63101102,1,2,10051221,11061301,0,0,0
63101102,1,3,10081229,11061301,0,0,0
63101103,1,1,10031151,11061301,0,0,0
63101103,1,2,10051221,11061301,0,0,0
63101103,1,3,10081229,11061301,0,0,0
63101103,2,1,10091222,11062301,0,0,0
63101103,2,2,10091218,11061301,0,0,0
63101201,1,1,10161210,11061301,0,0,0
63101201,1,2,10191213,11061301,0,0,0
63101201,1,3,10211204,11061301,0,0,0
63101202,1,1,10161210,11061301,0,0,0
63101202,1,2,10191213,11061301,0,0,0
63101202,1,3,10211204,11061301,0,0,0
63101203,1,1,10211302,11063301,1,1,0
71100201,1,1,10021141,11071101,0,0,0
71100201,1,2,10081125,11071101,0,0,0
71100201,1,3,10091113,11071101,0,0,0
71100202,1,1,10021141,11071101,0,0,0
71100202,1,2,10081125,11071101,0,0,0
71100202,1,3,10091113,11071101,0,0,0
71100203,1,1,10021141,11071101,0,0,0
71100203,1,2,10081125,11071101,0,0,0
71100203,1,3,10091113,11071101,0,0,0
71100203,2,1,10081219,11071101,0,0,0
71100203,2,2,10081238,11072101,0,0,0
71100301,1,1,10031145,11071101,0,0,0
71100301,1,2,10051129,11071101,0,0,0
71100301,1,3,10111125,11071101,0,0,0
71100302,1,1,10031145,11071101,0,0,0
71100302,1,2,10051129,11071101,0,0,0
71100302,1,3,10111125,11071101,0,0,0
71100303,1,1,10031145,11071101,0,0,0
71100303,1,2,10051129,11071101,0,0,0
71100303,1,3,10111125,11071101,0,0,0
71100303,2,1,10091223,11072101,0,0,0
71100303,2,2,10091207,11071101,0,0,0
71100401,1,1,10041217,11071101,0,0,0
71100401,1,2,10101121,11071101,0,0,0
71100401,1,3,10131107,11071101,0,0,0
71100402,1,1,10041217,11071101,0,0,0
71100402,1,2,10101121,11071101,0,0,0
71100402,1,3,10131107,11071101,0,0,0
71100403,1,1,10041217,11071101,0,0,0
71100403,1,2,10101121,11071101,0,0,0
71100403,1,3,10131107,11071101,0,0,0
71100403,2,1,10191105,11071101,0,0,0
71100403,2,2,10191112,11072101,0,0,0
71100601,1,1,10061213,11071101,0,0,0
71100601,1,2,10151102,11071101,0,0,0
71100601,1,3,10191105,11071101,0,0,0
71100602,1,1,10061213,11071101,0,0,0
71100602,1,2,10151102,11071101,0,0,0
71100602,1,3,10191105,11071101,0,0,0
71100603,1,1,10061213,11071101,0,0,0
71100603,1,2,10151102,11071101,0,0,0
71100603,1,3,10191105,11071101,0,0,0
71100603,2,1,10131226,11072101,0,0,0
71100603,2,2,10131214,11071101,0,0,0
71100701,1,1,10021142,11071101,0,0,0
71100701,1,2,10021219,11071101,0,0,0
71100701,1,3,10141106,11071101,0,0,0
71100702,1,1,10021142,11071101,0,0,0
71100702,1,2,10021219,11071101,0,0,0
71100702,1,3,10141106,11071101,0,0,0
71100703,1,1,10021142,11071101,0,0,0
71100703,1,2,10021219,11071101,0,0,0
71100703,1,3,10141106,11071101,0,0,0
71100703,2,1,10151205,11071101,0,0,0
71100703,2,2,10151211,11072101,0,0,0
71100801,1,1,10031146,11071101,0,0,0
71100801,1,2,10091114,11071101,0,0,0
71100801,1,3,10111126,11071101,0,0,0
71100802,1,1,10031146,11071101,0,0,0
71100802,1,2,10091114,11071101,0,0,0
71100802,1,3,10111126,11071101,0,0,0
71100803,1,1,10031146,11071101,0,0,0
71100803,1,2,10091114,11071101,0,0,0
71100803,1,3,10111126,11071101,0,0,0
71100803,2,1,10101223,11072101,0,0,0
71100803,2,2,10101215,11071101,0,0,0
71101001,1,1,10041218,11071101,0,0,0
71101001,1,2,10081126,11071101,0,0,0
71101001,1,3,10171108,11071101,0,0,0
71101002,1,1,10041218,11071101,0,0,0
71101002,1,2,10081126,11071101,0,0,0
71101002,1,3,10171108,11071101,0,0,0
71101003,1,1,10041218,11071101,0,0,0
71101003,1,2,10081126,11071101,0,0,0
71101003,1,3,10171108,11071101,0,0,0
71101003,2,1,10191106,11071101,0,0,0
71101003,2,2,10191128,11072101,0,0,0
71101101,1,1,10031147,11071101,0,0,0
71101101,1,2,10051130,11071101,0,0,0
71101101,1,3,10141107,11071101,0,0,0
71101102,1,1,10031147,11071101,0,0,0
71101102,1,2,10051130,11071101,0,0,0
71101102,1,3,10141107,11071101,0,0,0
71101103,1,1,10031147,11071101,0,0,0
71101103,1,2,10051130,11071101,0,0,0
71101103,1,3,10141107,11071101,0,0,0
71101103,2,1,10151212,11072101,0,0,0
71101103,2,2,10151206,11071101,0,0,0
71101201,1,1,10021143,11071101,0,0,0
71101201,1,2,10021220,11071101,0,0,0
71101201,1,3,10131108,11071101,0,0,0
71101202,1,1,10021143,11071101,0,0,0
71101202,1,2,10021220,11071101,0,0,0
71101202,1,3,10131108,11071101,0,0,0
71101203,1,1,10021143,11071101,0,0,0
71101203,1,2,10021220,11071101,0,0,0
71101203,1,3,10131108,11071101,0,0,0
71101203,2,1,10101216,11071101,0,0,0
71101203,2,2,10101224,11072101,0,0,0
72100201,1,1,10051131,11071201,0,0,0
72100201,1,2,10181107,11071201,0,0,0
72100201,1,3,10191107,11071201,0,0,0
72100202,1,1,10051131,11071201,0,0,0
72100202,1,2,10181107,11071201,0,0,0
72100202,1,3,10191107,11071201,0,0,0
72100203,1,1,10051131,11071201,0,0,0
72100203,1,2,10181107,11071201,0,0,0
72100203,1,3,10191107,11071201,0,0,0
72100203,2,1,10131227,11072201,0,0,0
72100203,2,2,10131215,11071201,0,0,0
72100301,1,1,10021144,11071201,0,0,0
72100301,1,2,10081220,11071201,0,0,0
72100301,1,3,10161108,11071201,0,0,0
72100302,1,1,10021144,11071201,0,0,0
72100302,1,2,10081220,11071201,0,0,0
72100302,1,3,10161108,11071201,0,0,0
72100303,1,1,10021144,11071201,0,0,0
72100303,1,2,10081220,11071201,0,0,0
72100303,1,3,10161108,11071201,0,0,0
72100303,2,1,10091208,11071201,0,0,0
72100303,2,2,10091224,11072201,0,0,0
72100401,1,1,10061139,11071201,0,0,0
72100401,1,2,10071142,11071201,0,0,0
72100401,1,3,10141108,11071201,0,0,0
72100402,1,1,10061139,11071201,0,0,0
72100402,1,2,10071142,11071201,0,0,0
72100402,1,3,10141109,11071201,0,0,0
72100403,1,1,10061139,11071201,0,0,0
72100403,1,2,10071142,11071201,0,0,0
72100403,2,1,10101225,11072201,0,0,0
72100403,2,2,10101217,11071201,0,0,0
72100601,1,1,10021145,11071201,0,0,0
72100601,1,2,10051132,11071201,0,0,0
72100601,1,3,10131109,11071201,0,0,0
72100602,1,1,10021145,11071201,0,0,0
72100602,1,2,10051132,11071201,0,0,0
72100602,1,3,10131109,11071201,0,0,0
72100603,1,1,10021145,11071201,0,0,0
72100603,1,2,10051132,11071201,0,0,0
72100603,1,3,10131109,11071201,0,0,0
72100603,2,1,10191205,11071201,0,0,0
72100603,2,2,10191214,11072201,0,0,0
72100701,1,1,10021221,11071201,0,0,0
72100701,1,2,10041220,11071201,0,0,0
72100701,1,3,10191108,11071201,0,0,0
72100702,1,1,10021221,11071201,0,0,0
72100702,1,2,10041220,11071201,0,0,0
72100702,1,3,10191108,11071201,0,0,0
72100703,1,1,10021221,11071201,0,0,0
72100703,1,2,10041220,11071201,0,0,0
72100703,1,3,10191108,11071201,0,0,0
72100703,2,1,10151207,11071201,0,0,0
72100703,2,2,10151213,11072201,0,0,0
72100801,1,1,15041101,11073201,1,1,0
72101001,1,1,10031148,11071201,0,0,0
72101001,1,2,10041219,11071201,0,0,0
72101001,1,3,10181108,11071201,0,0,0
72101002,1,1,10031148,11071201,0,0,0
72101002,1,2,10041219,11071201,0,0,0
72101002,1,3,10181108,11071201,0,0,0
72101003,1,1,10031148,11071201,0,0,0
72101003,1,2,10041219,11071201,0,0,0
72101003,1,3,10181108,11071201,0,0,0
72101003,2,1,10131228,11072201,0,0,0
72101003,2,2,10131216,11071201,0,0,0
72101101,1,1,10051133,11071201,0,0,0
72101101,1,2,10081221,11071201,0,0,0
72101101,1,3,10171109,11071201,0,0,0
72101102,1,1,10051133,11071201,0,0,0
72101102,1,2,10081221,11071201,0,0,0
72101102,1,3,10171109,11071201,0,0,0
72101103,1,1,10051133,11071201,0,0,0
72101103,1,2,10081221,11071201,0,0,0
72101103,1,3,10171109,11071201,0,0,0
72101103,2,1,10081221,11071201,0,0,0
72101103,2,2,10081222,11072201,0,0,0
72101201,1,1,10021146,11071201,0,0,0
72101201,1,2,10101122,11071201,0,0,0
72101201,1,3,10131110,11071201,0,0,0
72101202,1,1,10021146,11071201,0,0,0
72101202,1,2,10101122,11071201,0,0,0
72101202,1,3,10131110,11071201,0,0,0
72101203,1,1,10021146,11071201,0,0,0
72101203,1,2,10101122,11071201,0,0,0
72101203,1,3,10131110,11071201,0,0,0
72101203,2,1,10091225,11072201,0,0,0
72101203,2,2,10091209,11071201,0,0,0
72101401,1,1,15041102,11073202,1,1,0
72101601,1,1,10111127,11071201,0,0,0
72101601,1,2,10181109,11071201,0,0,0
72101601,1,3,10191109,11071201,0,0,0
72101602,1,1,10111127,11071201,0,0,0
72101602,1,2,10181109,11071201,0,0,0
72101602,1,3,10191109,11071201,0,0,0
72101603,1,1,10111127,11071201,0,0,0
72101603,1,2,10181109,11071201,0,0,0
72101603,1,3,10191109,11071201,0,0,0
72101603,2,1,10131229,11072201,0,0,0
72101603,2,2,10131217,11071201,0,0,0
72101701,1,1,10031149,11071201,0,0,0
72101701,1,2,10071143,11071201,0,0,0
72101701,1,3,10171110,11071201,0,0,0
72101702,1,1,10031149,11071201,0,0,0
72101702,1,2,10071143,11071201,0,0,0
72101702,1,3,10171110,11071201,0,0,0
72101703,1,1,10031149,11071201,0,0,0
72101703,1,2,10071143,11071201,0,0,0
72101703,1,3,10171110,11071201,0,0,0
72101703,2,1,10101218,11071201,0,0,0
72101703,2,2,10101226,11072201,0,0,0
72101801,1,1,10081232,11071201,0,0,0
72101801,1,2,10101123,11071201,0,0,0
72101801,1,3,10191110,11071201,0,0,0
72101802,1,1,10081232,11071201,0,0,0
72101802,1,2,10101123,11071201,0,0,0
72101802,1,3,10191110,11071201,0,0,0
72101803,1,1,10081232,11071201,0,0,0
72101803,1,2,10101123,11071201,0,0,0
72101803,1,3,10191110,11071201,0,0,0
72101803,2,1,10191111,11072201,0,0,0
72101803,2,2,10191110,11071201,0,0,0
72101901,1,1,10041137,11071201,0,0,0
72101901,1,2,10051134,11071201,0,0,0
72101901,1,3,10091115,11071201,0,0,0
72101902,1,1,10041137,11071201,0,0,0
72101902,1,2,10051134,11071201,0,0,0
72101902,1,3,10091115,11071201,0,0,0
72101903,1,1,10041137,11071201,0,0,0
72101903,1,2,10051134,11071201,0,0,0
72101903,1,3,10091115,11071201,0,0,0
72101903,2,1,10131218,11071201,0,0,0
72101903,2,2,10131230,11072201,0,0,0
73100201,1,1,15041103,11073301,1,1,0
73100401,1,1,15041104,11073302,1,1,0
73100601,1,1,10031150,11071301,0,0,0
73100601,1,2,10101124,11071301,0,0,0
73100601,1,3,10161109,11071301,0,0,0
73100602,1,1,10031150,11071301,0,0,0
73100602,1,2,10101124,11071301,0,0,0
73100602,1,3,10161109,11071301,0,0,0
73100603,1,1,10031150,11071301,0,0,0
73100603,1,2,10101124,11071301,0,0,0
73100603,1,3,10161109,11071301,0,0,0
73100603,2,1,10191215,11072301,0,0,0
73100603,2,2,10191206,11071301,0,0,0
73100701,1,1,10091116,11071301,0,0,0
73100701,1,2,10111128,11071301,0,0,0
73100701,1,3,10141109,11071301,0,0,0
73100702,1,1,10091116,11071301,0,0,0
73100702,1,2,10111128,11071301,0,0,0
73100702,1,3,10141109,11071301,0,0,0
73100703,1,1,10091116,11071301,0,0,0
73100703,1,2,10111128,11071301,0,0,0
73100703,1,3,10141109,11071301,0,0,0
73100703,2,1,10151208,11071301,0,0,0
73100703,2,2,10151214,11072301,0,0,0
73100801,1,1,10171111,11071301,0,0,0
73100801,1,2,10151103,11071301,0,0,0
73100801,1,3,10211101,11071301,0,0,0
73100802,1,1,10171111,11071301,0,0,0
73100802,1,2,10151103,11071301,0,0,0
73100802,1,3,10211101,11071301,0,0,0
73100803,1,1,10171111,11071301,0,0,0
73100803,1,2,10151103,11071301,0,0,0
73100803,1,3,10211101,11071301,0,0,0
73100803,2,1,10191207,11071301,0,0,0
73100803,2,2,10191216,11072301,0,0,0
73100901,1,1,10011156,11071301,0,0,0
73100901,1,2,10201104,11071301,0,0,0
73100901,1,3,10181110,11071301,0,0,0
73100902,1,1,10011156,11071301,0,0,0
73100902,1,2,10201104,11071301,0,0,0
73100902,1,3,10181110,11071301,0,0,0
73100902,2,1,10101227,11072301,0,0,0
73100902,2,2,10101219,11071301,0,0,0
73100903,1,1,10201213,11073303,1,1,0
73101101,1,1,15041106,11073304,1,1,0
81100201,1,1,10011311,11081101,0,0,0
81100201,1,2,10091139,11081101,0,0,0
81100201,1,3,10061235,11081101,0,0,0
81100202,1,1,10011311,11081101,0,0,0
81100202,1,2,10091139,11081101,0,0,0
81100202,1,3,10061235,11081101,0,0,0
81100203,1,1,10011311,11081101,0,0,0
81100203,1,2,10091139,11081101,0,0,0
81100203,1,3,10061235,11081101,0,0,0
81100203,2,1,10011244,11082101,0,0,0
81100203,2,2,10091139,11081101,0,0,0
81100401,1,1,10021236,11081101,0,0,0
81100401,1,2,10081147,11081101,0,0,0
81100401,1,3,10101235,11081101,0,0,0
81100402,1,1,10021236,11081101,0,0,0
81100402,1,2,10081147,11081101,0,0,0
81100402,1,3,10101235,11081101,0,0,0
81100403,1,1,10021236,11081101,0,0,0
81100403,1,2,10081147,11081101,0,0,0
81100403,1,3,10101235,11081101,0,0,0
81100403,2,1,10021236,11081101,0,0,0
81100403,2,2,10171132,11082101,0,0,0
81100601,1,1,10071310,11081101,0,0,0
81100601,1,2,10101133,11081101,0,0,0
81100601,1,3,10191217,11081101,0,0,0
81100602,1,1,10071310,11081101,0,0,0
81100602,1,2,10101133,11081101,0,0,0
81100602,1,3,10191217,11081101,0,0,0
81100603,1,1,10071310,11081101,0,0,0
81100603,1,2,10101133,11081101,0,0,0
81100603,1,3,10191217,11081101,0,0,0
81100603,2,1,10131307,11082101,0,0,0
81100603,2,2,10101133,11081101,0,0,0
81100801,1,1,10141123,11081101,0,0,0
81100801,1,2,10021160,11081101,0,0,0
81100801,1,3,10011166,11081101,0,0,0
81100802,1,1,10141123,11081101,0,0,0
81100802,1,2,10021160,11081101,0,0,0
81100802,1,3,10011166,11081101,0,0,0
81100803,1,1,10141123,11081101,0,0,0
81100803,1,2,10021160,11081101,0,0,0
81100803,1,3,10011166,11081101,0,0,0
81100803,2,1,10141123,11081101,0,0,0
81100803,2,2,10091227,11082101,0,0,0
81101001,1,1,10091226,11081101,0,0,0
81101001,1,2,10101236,11081101,0,0,0
81101001,1,3,10061153,11081101,0,0,0
81101002,1,1,10091226,11081101,0,0,0
81101002,1,2,10101236,11081101,0,0,0
81101002,1,3,10061153,11081101,0,0,0
81101003,1,1,10091226,11081101,0,0,0
81101003,1,2,10101236,11081101,0,0,0
81101003,1,3,10061153,11081101,0,0,0
81101003,2,1,10011309,11082101,0,0,0
81101003,2,2,10101236,11081101,0,0,0
81101101,1,1,10041242,11081101,0,0,0
81101101,1,2,10081309,11081101,0,0,0
81101101,1,3,10181136,11081101,0,0,0
81101102,1,1,10041242,11081101,0,0,0
81101102,1,2,10081309,11081101,0,0,0
81101102,1,3,10181136,11081101,0,0,0
81101103,1,1,10041242,11081101,0,0,0
81101103,1,2,10081309,11081101,0,0,0
81101103,1,3,10181136,11081101,0,0,0
81101103,2,1,10041242,11081101,0,0,0
81101103,2,2,10191131,11082101,0,0,0
81101201,1,1,10051307,11081101,0,0,0
81101201,1,2,10141124,11081101,0,0,0
81101201,1,3,10031158,11081101,0,0,0
81101202,1,1,10051307,11081101,0,0,0
81101202,1,2,10141124,11081101,0,0,0
81101202,1,3,10031158,11081101,0,0,0
81101203,1,1,10051307,11081101,0,0,0
81101203,1,2,10141124,11081101,0,0,0
81101203,1,3,10031158,11081101,0,0,0
81101203,2,1,10041245,11082101,0,0,0
81101203,2,2,10141124,11081101,0,0,0
81101401,1,1,10021237,11081101,0,0,0
81101401,1,2,10131128,11081101,0,0,0
81101401,1,3,10021161,11081101,0,0,0
81101402,1,1,10021237,11081101,0,0,0
81101402,1,2,10131128,11081101,0,0,0
81101402,1,3,10021161,11081101,0,0,0
81101403,1,1,10021237,11081101,0,0,0
81101403,1,2,10131128,11081101,0,0,0
81101403,1,3,10021161,11081101,0,0,0
81101403,2,1,10021237,11081101,0,0,0
81101403,2,2,10091309,11082101,0,0,0
81101601,1,1,10181137,11081101,0,0,0
81101601,1,2,10071159,11081101,0,0,0
81101601,1,3,10111147,11081101,0,0,0
81101602,1,1,10181137,11081101,0,0,0
81101602,1,2,10071159,11081101,0,0,0
81101602,1,3,10111147,11081101,0,0,0
81101602,2,1,10181137,11081101,0,0,0
81101602,2,2,10041306,11082101,0,0,0
81101603,1,1,10141310,11083101,1,1,0
82100201,1,1,10031238,11081201,0,0,0
82100201,1,2,10161115,11081201,0,0,0
82100201,1,3,10081241,11081201,0,0,0
82100202,1,1,10031238,11081201,0,0,0
82100202,1,2,10161115,11081201,0,0,0
82100202,1,3,10081241,11081201,0,0,0
82100203,1,1,10031238,11081201,0,0,0
82100203,1,2,10161115,11081201,0,0,0
82100203,1,3,10081241,11081201,0,0,0
82100203,2,1,10091142,11082201,0,0,0
82100203,2,2,10161115,11081201,0,0,0
82100301,1,1,10061320,11081201,0,0,0
82100301,1,2,10101237,11081201,0,0,0
82100301,1,3,10011167,11081201,0,0,0
82100302,1,1,10061320,11081201,0,0,0
82100302,1,2,10101237,11081201,0,0,0
82100302,1,3,10011167,11081201,0,0,0
82100303,1,1,10061320,11081201,0,0,0
82100303,1,2,10101237,11081201,0,0,0
82100303,1,3,10011167,11081201,0,0,0
82100303,2,1,10061320,11081201,0,0,0
82100303,2,2,10181138,11082201,0,0,0
82100401,1,1,10021162,11081201,0,0,0
82100401,1,2,10091308,11081201,0,0,0
82100401,1,3,10051150,11081201,0,0,0
82100402,1,1,10021162,11081201,0,0,0
82100402,1,2,10091308,11081201,0,0,0
82100402,1,3,10051150,11081201,0,0,0
82100403,1,1,10021162,11081201,0,0,0
82100403,1,2,10091308,11081201,0,0,0
82100403,1,3,10051150,11081201,0,0,0
82100403,2,1,10131129,11082201,0,0,0
82100403,2,2,10091308,11081201,0,0,0
82100501,1,1,10031239,11081201,0,0,0
82100501,1,2,10061321,11081201,0,0,0
82100501,1,3,10171220,11081201,0,0,0
82100502,1,1,10031239,11081201,0,0,0
82100502,1,2,10061321,11081201,0,0,0
82100502,1,3,10171220,11081201,0,0,0
82100503,1,1,10031239,11081201,0,0,0
82100503,1,2,10061321,11081201,0,0,0
82100503,1,3,10171220,11081201,0,0,0
82100503,2,1,10031239,11081201,0,0,0
82100503,2,2,10041158,11082201,0,0,0
82100701,1,1,10081310,11081201,0,0,0
82100701,1,2,10191218,11081201,0,0,0
82100701,1,3,10041243,11081201,0,0,0
82100702,1,1,10081310,11081201,0,0,0
82100702,1,2,10191218,11081201,0,0,0
82100702,1,3,10041243,11081201,0,0,0
82100703,1,1,10081310,11081201,0,0,0
82100703,1,2,10191218,11081201,0,0,0
82100703,1,3,10041243,11081201,0,0,0
82100703,2,1,10111307,11082201,0,0,0
82100703,2,2,10191218,11081201,0,0,0
82100801,1,1,15041115,11083201,1,1,0
82101001,1,1,10181208,11081201,0,0,0
82101001,1,2,10011243,11081201,0,0,0
82101001,1,3,10091140,11081201,0,0,0
82101002,1,1,10181208,11081201,0,0,0
82101002,1,2,10011243,11081201,0,0,0
82101002,1,3,10091140,11081201,0,0,0
82101003,1,1,10181208,11081201,0,0,0
82101003,1,2,10011243,11081201,0,0,0
82101003,1,3,10091140,11081201,0,0,0
82101003,2,1,10181208,11081201,0,0,0
82101003,2,2,10031242,11082201,0,0,0
82101101,1,1,15041116,11083202,1,1,0
82101301,1,1,10021309,11081201,0,0,0
82101301,1,2,10081148,11081201,0,0,0
82101301,1,3,10171137,11081201,0,0,0
82101302,1,1,10021309,11081201,0,0,0
82101302,1,2,10081148,11081201,0,0,0
82101302,1,3,10171137,11081201,0,0,0
82101303,1,1,10021309,11081201,0,0,0
82101303,1,2,10081148,11081201,0,0,0
82101303,1,3,10171137,11081201,0,0,0
82101303,2,1,10141125,11082201,0,0,0
82101303,2,2,10081148,11081201,0,0,0
82101401,1,1,15041117,11083203,1,1,0
83100201,1,1,10191219,11081301,0,0,0
83100201,1,2,10071230,11081301,0,0,0
83100201,1,3,10121216,11081301,0,0,0
83100202,1,1,10191219,11081301,0,0,0
83100202,1,2,10071230,11081301,0,0,0
83100202,1,3,10121216,11081301,0,0,0
83100203,1,1,10191219,11081301,0,0,0
83100203,1,2,10071230,11081301,0,0,0
83100203,1,3,10121216,11081301,0,0,0
83100203,2,1,10191219,11081301,0,0,0
83100203,2,2,10081311,11082301,0,0,0
83100301,1,1,15041118,11083301,1,1,0
83100501,1,1,10031240,11081301,0,0,0
83100501,1,2,10061236,11081301,0,0,0
83100501,1,3,10021238,11081301,0,0,0
83100502,1,1,10031240,11081301,0,0,0
83100502,1,2,10061236,11081301,0,0,0
83100502,1,3,10021238,11081301,0,0,0
83100503,1,1,10031240,11081301,0,0,0
83100503,1,2,10061236,11081301,0,0,0
83100503,1,3,10021238,11081301,0,0,0
83100503,2,1,10121135,11082301,0,0,0
83100503,2,2,10061236,11081301,0,0,0
83100601,1,1,10091141,11081301,0,0,0
83100601,1,2,10081242,11081301,0,0,0
83100601,1,3,10101134,11081301,0,0,0
83100602,1,1,10091141,11081301,0,0,0
83100602,1,2,10081242,11081301,0,0,0
83100602,1,3,10101134,11081301,0,0,0
83100603,1,1,10091141,11081301,0,0,0
83100603,1,2,10081242,11081301,0,0,0
83100603,1,3,10101134,11081301,0,0,0
83100603,2,1,10091141,11081301,0,0,0
83100603,2,2,10181139,11082301,0,0,0
83100701,1,1,10151306,11081301,0,0,0
83100701,1,2,10041157,11081301,0,0,0
83100701,1,3,10121134,11081301,0,0,0
83100702,1,1,10151306,11081301,0,0,0
83100702,1,2,10041157,11081301,0,0,0
83100702,1,3,10121134,11081301,0,0,0
83100703,1,1,10151306,11081301,0,0,0
83100703,1,2,10041157,11081301,0,0,0
83100703,1,3,10121134,11081301,0,0,0
83100703,2,1,10011310,11082301,0,0,0
83100703,2,2,10041157,11081301,0,0,0
83100801,1,1,10161116,11081301,0,0,0
83100801,1,2,10131234,11081301,0,0,0
83100801,1,3,10031241,11081301,0,0,0
83100802,1,1,10161116,11081301,0,0,0
83100802,1,2,10131234,11081301,0,0,0
83100802,1,3,10031241,11081301,0,0,0
83100803,1,1,10161116,11081301,0,0,0
83100803,1,2,10131234,11081301,0,0,0
83100803,1,3,10031241,11081301,0,0,0
83100803,2,1,10161116,11081301,0,0,0
83100803,2,2,10191132,11082301,0,0,0
83101001,1,1,10071311,11081301,0,0,0
83101001,1,2,10191307,11081301,0,0,0
83101001,1,3,10011168,11081301,0,0,0
83101002,1,1,10071311,11081301,0,0,0
83101002,1,2,10191307,11081301,0,0,0
83101002,1,3,10011168,11081301,0,0,0
83101003,1,1,10071311,11081301,0,0,0
83101003,1,2,10191307,11081301,0,0,0
83101003,1,3,10011168,11081301,0,0,0
83101003,2,1,10071161,11082301,0,0,0
83101003,2,2,10191307,11081301,0,0,0
83101101,1,1,10051242,11081301,0,0,0
83101101,1,2,10161117,11081301,0,0,0
83101101,1,3,10041244,11081301,0,0,0
83101102,1,1,10051242,11081301,0,0,0
83101102,1,2,10161117,11081301,0,0,0
83101102,1,3,10041244,11081301,0,0,0
83101103,1,1,10051242,11081301,0,0,0
83101103,1,2,10161117,11081301,0,0,0
83101103,1,3,10041244,11081301,0,0,0
83101103,2,1,10051242,11081301,0,0,0
83101103,2,2,10151307,11082301,0,0,0
83101201,1,1,10101238,11081301,0,0,0
83101201,1,2,10021163,11081301,0,0,0
83101201,1,3,10081150,11081301,0,0,0
83101202,1,1,10101238,11081301,0,0,0
83101202,1,2,10021163,11081301,0,0,0
83101202,1,3,10081150,11081301,0,0,0
83101203,1,1,10101238,11081301,0,0,0
83101203,1,2,10021163,11081301,0,0,0
83101203,1,3,10081150,11081301,0,0,0
83101203,2,1,10171221,11082301,0,0,0
83101203,2,2,10021163,11081301,0,0,0
83101301,1,1,10101135,11081301,0,0,0
83101301,1,2,10151217,11081301,0,0,0
83101301,1,3,10181209,11081301,0,0,0
83101302,1,1,10101135,11081301,0,0,0
83101302,1,2,10151217,11081301,0,0,0
83101302,1,3,10181209,11081301,0,0,0
83101302,2,1,10101135,11081301,0,0,0
83101302,2,2,10121320,11082301,0,0,0
83101303,1,1,10201311,11083302,1,1,0
91100201,1,1,10131132,11091101,0,0,0
91100201,1,2,10101138,11091101,0,0,0
91100201,1,3,10071164,11091101,0,0,0
91100202,1,1,10131132,11091101,0,0,0
91100202,1,2,10101138,11091101,0,0,0
91100202,1,3,10071164,11091101,0,0,0
91100203,1,1,10131132,11091101,0,0,0
91100203,1,2,10101138,11091101,0,0,0
91100203,1,3,10071164,11091101,0,0,0
91100203,2,1,10191133,11092101,0,0,0
91100203,2,2,10101138,11091101,0,0,0
91100401,1,1,10031243,11091101,0,0,0
91100401,1,2,10011245,11091101,0,0,0
91100401,1,3,10071233,11091101,0,0,0
91100402,1,1,10031243,11091101,0,0,0
91100402,1,2,10011245,11091101,0,0,0
91100402,1,3,10071233,11091101,0,0,0
91100403,1,1,10031243,11091101,0,0,0
91100403,1,2,10011245,11091101,0,0,0
91100403,1,3,10071233,11091101,0,0,0
91100403,2,1,10031243,11091101,0,0,0
91100403,2,2,10071167,11092101,0,0,0
91100501,1,1,10111145,11091101,0,0,0
91100501,1,2,10161213,11091101,0,0,0
91100501,1,3,10091146,11091101,0,0,0
91100502,1,1,10111145,11091101,0,0,0
91100502,1,2,10161213,11091101,0,0,0
91100502,1,3,10091146,11091101,0,0,0
91100503,1,1,10111145,11091101,0,0,0
91100503,1,2,10161213,11091101,0,0,0
91100503,1,3,10091146,11091101,0,0,0
91100503,2,1,10131133,11092101,0,0,0
91100503,2,2,10161213,11091101,0,0,0
91100701,1,1,10071313,11091101,0,0,0
91100701,1,2,10041307,11091101,0,0,0
91100701,1,3,10181210,11091101,0,0,0
91100702,1,1,10071313,11091101,0,0,0
91100702,1,2,10041307,11091101,0,0,0
91100702,1,3,10181210,11091101,0,0,0
91100703,1,1,10071313,11091101,0,0,0
91100703,1,2,10041307,11091101,0,0,0
91100703,1,3,10181210,11091101,0,0,0
91100703,2,1,10071313,11091101,0,0,0
91100703,2,2,10021165,11092101,0,0,0
91100801,1,1,10011314,11091101,0,0,0
91100801,1,2,10081245,11091101,0,0,0
91100801,1,3,10191220,11091101,0,0,0
91100802,1,1,10011314,11091101,0,0,0
91100802,1,2,10081245,11091101,0,0,0
91100802,1,3,10191220,11091101,0,0,0
91100803,1,1,10011314,11091101,0,0,0
91100803,1,2,10081245,11091101,0,0,0
91100803,1,3,10191220,11091101,0,0,0
91100803,2,1,10051309,11092101,0,0,0
91100803,2,2,10081245,11091101,0,0,0
91101001,1,1,10021166,11091101,0,0,0
91101001,1,2,10091147,11091101,0,0,0
91101001,1,3,10061233,11091101,0,0,0
91101002,1,1,10021166,11091101,0,0,0
91101002,1,2,10091147,11091101,0,0,0
91101002,1,3,10061233,11091101,0,0,0
91101003,1,1,10021166,11091101,0,0,0
91101003,1,2,10091147,11091101,0,0,0
91101003,1,3,10061233,11091101,0,0,0
91101003,2,1,10021166,11091101,0,0,0
91101003,2,2,10101308,11092101,0,0,0
91101101,1,1,10111304,11091101,0,0,0
91101101,1,2,10071234,11091101,0,0,0
91101101,1,3,10101309,11091101,0,0,0
91101102,1,1,10111304,11091101,0,0,0
91101102,1,2,10071234,11091101,0,0,0
91101102,1,3,10101309,11091101,0,0,0
91101103,1,1,10111304,11091101,0,0,0
91101103,1,2,10071234,11091101,0,0,0
91101103,1,3,10101309,11091101,0,0,0
91101103,2,1,10051153,11092101,0,0,0
91101103,2,2,10071234,11091101,0,0,0
91101301,1,1,10041160,11091101,0,0,0
91101301,1,2,10061322,11091101,0,0,0
91101301,1,3,10131134,11091101,0,0,0
91101302,1,1,10041160,11091101,0,0,0
91101302,1,2,10061322,11091101,0,0,0
91101302,1,3,10131134,11091101,0,0,0
91101302,2,1,10041160,11091101,0,0,0
91101302,2,2,10181211,11092101,0,0,0
91101303,1,1,10161304,11093101,1,1,0
92100201,1,1,10021240,11091201,0,0,0
92100201,1,2,10081246,11091201,0,0,0
92100201,1,3,10171133,11091201,0,0,0
92100202,1,1,10021240,11091201,0,0,0
92100202,1,2,10081246,11091201,0,0,0
92100202,1,3,10171133,11091201,0,0,0
92100203,1,1,10021240,11091201,0,0,0
92100203,1,2,10081246,11091201,0,0,0
92100203,1,3,10171133,11091201,0,0,0
92100203,2,1,10061155,11092201,0,0,0
92100203,2,2,10081246,11091201,0,0,0
92100401,1,1,10051310,11091201,0,0,0
92100401,1,2,10141127,11091201,0,0,0
92100401,1,3,10081247,11091201,0,0,0
92100402,1,1,10051310,11091201,0,0,0
92100402,1,2,10141127,11091201,0,0,0
92100402,1,3,10081247,11091201,0,0,0
92100403,1,1,10051310,11091201,0,0,0
92100403,1,2,10141127,11091201,0,0,0
92100403,1,3,10081247,11091201,0,0,0
92100403,2,1,10051310,11091201,0,0,0
92100403,2,2,10011170,11092201,0,0,0
92100501,1,1,10031161,11091201,0,0,0
92100501,1,2,10081248,11091201,0,0,0
92100501,1,3,10131135,11091201,0,0,0
92100502,1,1,10031161,11091201,0,0,0
92100502,1,2,10081248,11091201,0,0,0
92100502,1,3,10131135,11091201,0,0,0
92100503,1,1,10031161,11091201,0,0,0
92100503,1,2,10081248,11091201,0,0,0
92100503,1,3,10131135,11091201,0,0,0
92100503,2,1,10121218,11092201,0,0,0
92100503,2,2,10081248,11091201,0,0,0
92100701,1,1,10121321,11091201,0,0,0
92100701,1,2,10011171,11091201,0,0,0
92100701,1,3,10151219,11091201,0,0,0
92100702,1,1,10121321,11091201,0,0,0
92100702,1,2,10011171,11091201,0,0,0
92100702,1,3,10151219,11091201,0,0,0
92100703,1,1,10121321,11091201,0,0,0
92100703,1,2,10011171,11091201,0,0,0
92100703,1,3,10151219,11091201,0,0,0
92100703,2,1,10121321,11091201,0,0,0
92100703,2,2,10021241,11092201,0,0,0
92100801,1,1,10131236,11091201,0,0,0
92100801,1,2,10101239,11091201,0,0,0
92100801,1,3,10191134,11091201,0,0,0
92100802,1,1,10131236,11091201,0,0,0
92100802,1,2,10101239,11091201,0,0,0
92100802,1,3,10191134,11091201,0,0,0
92100803,1,1,10131236,11091201,0,0,0
92100803,1,2,10101239,11091201,0,0,0
92100803,1,3,10191134,11091201,0,0,0
92100803,2,1,10011312,11092201,0,0,0
92100803,2,2,10101239,11091201,0,0,0
92101001,1,1,10081249,11091201,0,0,0
92101001,1,2,10171134,11091201,0,0,0
92101001,1,3,10051154,11091201,0,0,0
92101002,1,1,10081249,11091201,0,0,0
92101002,1,2,10171134,11091201,0,0,0
92101002,1,3,10051154,11091201,0,0,0
92101003,1,1,10081249,11091201,0,0,0
92101003,1,2,10171134,11091201,0,0,0
92101003,1,3,10051154,11091201,0,0,0
92101003,2,1,10081249,11091201,0,0,0
92101003,2,2,10021308,11092201,0,0,0
92101101,1,1,10031311,11091201,0,0,0
92101101,1,2,10111229,11091201,0,0,0
92101101,1,3,10071314,11091201,0,0,0
92101102,1,1,10031311,11091201,0,0,0
92101102,1,2,10111229,11091201,0,0,0
92101102,1,3,10071314,11091201,0,0,0
92101103,1,1,10031311,11091201,0,0,0
92101103,1,2,10111229,11091201,0,0,0
92101103,1,3,10071314,11091201,0,0,0
92101103,2,1,10041247,11092201,0,0,0
92101103,2,2,10111229,11091201,0,0,0
92101301,1,1,10111305,11091201,0,0,0
92101301,1,2,10101139,11091201,0,0,0
92101301,1,3,10181140,11091201,0,0,0
92101302,1,1,10111305,11091201,0,0,0
92101302,1,2,10101139,11091201,0,0,0
92101302,1,3,10181140,11091201,0,0,0
92101303,1,1,10111305,11091201,0,0,0
92101303,1,2,10101139,11091201,0,0,0
92101303,1,3,10181140,11091201,0,0,0
92101303,2,1,10111305,11091201,0,0,0
92101303,2,2,10041248,11092201,0,0,0
92101401,1,1,10191135,11091201,0,0,0
92101401,1,2,10171135,11091201,0,0,0
92101401,1,3,10071235,11091201,0,0,0
92101402,1,1,10191135,11091201,0,0,0
92101402,1,2,10171135,11091201,0,0,0
92101402,1,3,10071235,11091201,0,0,0
92101402,2,1,10051311,11092201,0,0,0
92101402,2,2,10171135,11091201,0,0,0
92101403,1,1,10151308,11093201,1,1,0
93100201,1,1,10061156,11091301,0,0,0
93100201,1,2,10121219,11091301,0,0,0
93100201,1,3,10101240,11091301,0,0,0
93100202,1,1,10061156,11091301,0,0,0
93100202,1,2,10121219,11091301,0,0,0
93100202,1,3,10101240,11091301,0,0,0
93100203,1,1,10061156,11091301,0,0,0
93100203,1,2,10121219,11091301,0,0,0
93100203,1,3,10101240,11091301,0,0,0
93100203,2,1,10061156,11091301,0,0,0
93100203,2,2,10181212,11092301,0,0,0
93100301,1,1,10181141,11091301,0,0,0
93100301,1,2,10081250,11091301,0,0,0
93100301,1,3,10101140,11091301,0,0,0
93100302,1,1,10181141,11091301,0,0,0
93100302,1,2,10081250,11091301,0,0,0
93100302,1,3,10101140,11091301,0,0,0
93100303,1,1,10181141,11091301,0,0,0
93100303,1,2,10081250,11091301,0,0,0
93100303,1,3,10101140,11091301,0,0,0
93100303,2,1,10021167,11092301,0,0,0
93100303,2,2,10081250,11091301,0,0,0
93100401,1,1,10171306,11091301,0,0,0
93100401,1,2,10051240,11091301,0,0,0
93100401,1,3,10091311,11091301,0,0,0
93100402,1,1,10171306,11091301,0,0,0
93100402,1,2,10051240,11091301,0,0,0
93100402,1,3,10091311,11091301,0,0,0
93100403,1,1,10171306,11091301,0,0,0
93100403,1,2,10051240,11091301,0,0,0
93100403,1,3,10091311,11091301,0,0,0
93100403,2,1,10171306,11091301,0,0,0
93100403,2,2,10111306,11092301,0,0,0
93100601,1,1,10071165,11091301,0,0,0
93100601,1,2,10161118,11091301,0,0,0
93100601,1,3,10031162,11091301,0,0,0
93100602,1,1,10071165,11091301,0,0,0
93100602,1,2,10161118,11091301,0,0,0
93100602,1,3,10031162,11091301,0,0,0
93100603,1,1,10071165,11091301,0,0,0
93100603,1,2,10161118,11091301,0,0,0
93100603,1,3,10031162,11091301,0,0,0
93100603,2,1,10051241,11092301,0,0,0
93100603,2,2,10161118,11091301,0,0,0
93100701,1,1,10061323,11091301,0,0,0
93100701,1,2,10121322,11091301,0,0,0
93100701,1,3,10131136,11091301,0,0,0
93100702,1,1,10061323,11091301,0,0,0
93100702,1,2,10121322,11091301,0,0,0
93100702,1,3,10131136,11091301,0,0,0
93100703,1,1,10061323,11091301,0,0,0
93100703,1,2,10121322,11091301,0,0,0
93100703,1,3,10131136,11091301,0,0,0
93100703,2,1,10061323,11091301,0,0,0
93100703,2,2,10171222,11092301,0,0,0
93100801,1,1,10171307,11091301,0,0,0
93100801,1,2,10041249,11091301,0,0,0
93100801,1,3,10141128,11091301,0,0,0
93100802,1,1,10171307,11091301,0,0,0
93100802,1,2,10041249,11091301,0,0,0
93100802,1,3,10141128,11091301,0,0,0
93100803,1,1,10171307,11091301,0,0,0
93100803,1,2,10041249,11091301,0,0,0
93100803,1,3,10141128,11091301,0,0,0
93100803,2,1,10071166,11092301,0,0,0
93100803,2,2,10041249,11091301,0,0,0
93101001,1,1,10011313,11091301,0,0,0
93101001,1,2,10061234,11091301,0,0,0
93101001,1,3,10181306,11091301,0,0,0
93101002,1,1,10011313,11091301,0,0,0
93101002,1,2,10061234,11091301,0,0,0
93101002,1,3,10181306,11091301,0,0,0
93101003,1,1,10011313,11091301,0,0,0
93101003,1,2,10061234,11091301,0,0,0
93101003,1,3,10181306,11091301,0,0,0
93101003,2,1,10011313,11091301,0,0,0
93101003,2,2,10111146,11092301,0,0,0
93101101,1,1,15041119,11093301,1,1,0
93101301,1,1,10081312,11091301,0,0,0
93101301,1,2,10121220,11091301,0,0,0
93101301,1,3,10101241,11091301,0,0,0
93101302,1,1,10081312,11091301,0,0,0
93101302,1,2,10121220,11091301,0,0,0
93101302,1,3,10101241,11091301,0,0,0
93101303,1,1,10081312,11091301,0,0,0
93101303,1,2,10121220,11091301,0,0,0
93101303,1,3,10101241,11091301,0,0,0
93101303,2,1,10171136,11092301,0,0,0
93101303,2,2,10121220,11091301,0,0,0
93101401,1,1,15041120,11093302,1,1,0
101100201,1,1,10021171,11101101,0,0,0
101100201,1,2,10131139,11101101,0,0,0
101100201,1,3,10161121,11101101,0,0,0
101100202,1,1,10021171,11101101,0,0,0
101100202,1,2,10131139,11101101,0,0,0
101100202,1,3,10161121,11101101,0,0,0
101100203,1,1,10021171,11101101,0,0,0
101100203,1,2,10131139,11101101,0,0,0
101100203,1,3,10161121,11101101,0,0,0
101100203,2,1,10161305,11102101,0,0,0
101100203,2,2,10131139,11101101,0,0,0
101100301,1,1,10031167,11101101,0,0,0
101100301,1,2,10021261,11101101,0,0,0
101100301,1,3,10151225,11101101,0,0,0
101100302,1,1,10031167,11101101,0,0,0
101100302,1,2,10021261,11101101,0,0,0
101100302,1,3,10151225,11101101,0,0,0
101100303,1,1,10031167,11101101,0,0,0
101100303,1,2,10021261,11101101,0,0,0
101100303,1,3,10151225,11101101,0,0,0
101100303,2,1,10031167,11101101,0,0,0
101100303,2,2,10111314,11102101,0,0,0
101100501,1,1,10091151,11101101,0,0,0
101100501,1,2,10131246,11101101,0,0,0
101100501,1,3,10041166,11101101,0,0,0
101100502,1,1,10091151,11101101,0,0,0
101100502,1,2,10131246,11101101,0,0,0
101100502,1,3,10041166,11101101,0,0,0
101100503,1,1,10091151,11101101,0,0,0
101100503,1,2,10131246,11101101,0,0,0
101100503,1,3,10041166,11101101,0,0,0
101100503,2,1,10091235,11102101,0,0,0
101100503,2,2,10131246,11101101,0,0,0
101100601,1,1,10061250,11101101,0,0,0
101100601,1,2,10171313,11101101,0,0,0
101100601,1,3,10031168,11101101,0,0,0
101100602,1,1,10061250,11101101,0,0,0
101100602,1,2,10171313,11101101,0,0,0
101100602,1,3,10031168,11101101,0,0,0
101100603,1,1,10061250,11101101,0,0,0
101100603,1,2,10171313,11101101,0,0,0
101100603,1,3,10031168,11101101,0,0,0
101100603,2,1,10061250,11101101,0,0,0
101100603,2,2,10031316,11102101,0,0,0
101100801,1,1,10021314,11101101,0,0,0
101100801,1,2,10161217,11101101,0,0,0
101100801,1,3,10141213,11101101,0,0,0
101100802,1,1,10021314,11101101,0,0,0
101100802,1,2,10161217,11101101,0,0,0
101100802,1,3,10141213,11101101,0,0,0
101100803,1,1,10021314,11101101,0,0,0
101100803,1,2,10161217,11101101,0,0,0
101100803,1,3,10141213,11101101,0,0,0
101100803,2,1,10011324,11102101,0,0,0
101100803,2,2,10161217,11101101,0,0,0
101100901,1,1,10071175,11101101,0,0,0
101100901,1,2,10111151,11101101,0,0,0
101100901,1,3,10091152,11101101,0,0,0
101100902,1,1,10071175,11101101,0,0,0
101100902,1,2,10111151,11101101,0,0,0
101100902,1,3,10091152,11101101,0,0,0
101100903,1,1,10071175,11101101,0,0,0
101100903,1,2,10111151,11101101,0,0,0
101100903,1,3,10091152,11101101,0,0,0
101100903,2,1,10071175,11101101,0,0,0
101100903,2,2,10191310,11102101,0,0,0
101101101,1,1,10091233,11101101,0,0,0
101101101,1,2,10081157,11101101,0,0,0
101101101,1,3,10011322,11101101,0,0,0
101101102,1,1,10091233,11101101,0,0,0
101101102,1,2,10081157,11101101,0,0,0
101101102,1,3,10011322,11101101,0,0,0
101101103,1,1,10091233,11101101,0,0,0
101101103,1,2,10081157,11101101,0,0,0
101101103,1,3,10011322,11101101,0,0,0
101101103,2,1,10141214,11102101,0,0,0
101101103,2,2,10081157,11101101,0,0,0
101101201,1,1,10021262,11101101,0,0,0
101101201,1,2,10181142,11101101,0,0,0
101101201,1,3,10121228,11101101,0,0,0
101101202,1,1,10021262,11101101,0,0,0
101101202,1,2,10181142,11101101,0,0,0
101101202,1,3,10121228,11101101,0,0,0
101101202,2,1,10021262,11101101,0,0,0
101101202,2,2,10081258,11102101,0,0,0
101101203,1,1,10201315,11103101,1,1,0
102100201,1,1,10011177,11101201,0,0,0
102100201,1,2,10041262,11101201,0,0,0
102100201,1,3,10091234,11101201,0,0,0
102100202,1,1,10011177,11101201,0,0,0
102100202,1,2,10041262,11101201,0,0,0
102100202,1,3,10091234,11101201,0,0,0
102100203,1,1,10011177,11101201,0,0,0
102100203,1,2,10041262,11101201,0,0,0
102100203,1,3,10091234,11101201,0,0,0
102100203,2,1,10061162,11102201,0,0,0
102100203,2,2,10041262,11101201,0,0,0
102100301,1,1,10121139,11101201,0,0,0
102100301,1,2,10191224,11101201,0,0,0
102100301,1,3,10131314,11101201,0,0,0
102100302,1,1,10121139,11101201,0,0,0
102100302,1,2,10191224,11101201,0,0,0
102100302,1,3,10131314,11101201,0,0,0
102100303,1,1,10121139,11101201,0,0,0
102100303,1,2,10191224,11101201,0,0,0
102100303,1,3,10131314,11101201,0,0,0
102100303,2,1,10121139,11101201,0,0,0
102100303,2,2,10111152,11102201,0,0,0
102100501,1,1,10141313,11101201,0,0,0
102100501,1,2,10181214,11101201,0,0,0
102100501,1,3,10011257,11101201,0,0,0
102100502,1,1,10141313,11101201,0,0,0
102100502,1,2,10181214,11101201,0,0,0
102100502,1,3,10011257,11101201,0,0,0
102100503,1,1,10141313,11101201,0,0,0
102100503,1,2,10181214,11101201,0,0,0
102100503,1,3,10011257,11101201,0,0,0
102100503,2,1,10121327,11102201,0,0,0
102100503,2,2,10181214,11101201,0,0,0
102100601,1,1,10151125,11101201,0,0,0
102100601,1,2,10191136,11101201,0,0,0
102100601,1,3,10021315,11101201,0,0,0
102100602,1,1,10151125,11101201,0,0,0
102100602,1,2,10191136,11101201,0,0,0
102100602,1,3,10021315,11101201,0,0,0
102100603,1,1,10151125,11101201,0,0,0
102100603,1,2,10191136,11101201,0,0,0
102100603,1,3,10021315,11101201,0,0,0
102100603,2,1,10151125,11101201,0,0,0
102100603,2,2,10131315,11102201,0,0,0
102100801,1,1,10031259,11101201,0,0,0
102100801,1,2,10191308,11101201,0,0,0
102100801,1,3,10121140,11101201,0,0,0
102100802,1,1,10031259,11101201,0,0,0
102100802,1,2,10191308,11101201,0,0,0
102100802,1,3,10121140,11101201,0,0,0
102100803,1,1,10031259,11101201,0,0,0
102100803,1,2,10191308,11101201,0,0,0
102100803,1,3,10121140,11101201,0,0,0
102100803,2,1,10181143,11102201,0,0,0
102100803,2,2,10031259,11101201,0,0,0
102100901,1,1,10141134,11101201,0,0,0
102100901,1,2,10101252,11101201,0,0,0
102100901,1,3,10011323,11101201,0,0,0
102100902,1,1,10141134,11101201,0,0,0
102100902,1,2,10101252,11101201,0,0,0
102100902,1,3,10011323,11101201,0,0,0
102100903,1,1,10141134,11101201,0,0,0
102100903,1,2,10101252,11101201,0,0,0
102100903,1,3,10011323,11101201,0,0,0
102100903,2,1,10141134,11101201,0,0,0
102100903,2,2,10121230,11102201,0,0,0
102101101,1,1,10101314,11101201,0,0,0
102101101,1,2,10171139,11101201,0,0,0
102101101,1,3,10021172,11101201,0,0,0
102101102,1,1,10101314,11101201,0,0,0
102101102,1,2,10171139,11101201,0,0,0
102101102,1,3,10021172,11101201,0,0,0
102101103,1,1,10101314,11101201,0,0,0
102101103,1,2,10171139,11101201,0,0,0
102101103,1,3,10021172,11101201,0,0,0
102101103,2,1,10191137,11102201,0,0,0
102101103,2,2,10171139,11101201,0,0,0
102101201,1,1,10051251,11101201,0,0,0
102101201,1,2,10181309,11101201,0,0,0
102101201,1,3,10101145,11101201,0,0,0
102101202,1,1,10051251,11101201,0,0,0
102101202,1,2,10181309,11101201,0,0,0
102101202,1,3,10101145,11101201,0,0,0
102101202,2,1,10051251,11101201,0,0,0
102101202,2,2,10171226,11102201,0,0,0
102101203,1,1,10301101,11103201,1,1,0
103100201,1,1,10041311,11101301,0,0,0
103100201,1,2,10191309,11101301,0,0,0
103100201,1,3,10121229,11101301,0,0,0
103100202,1,1,10041311,11101301,0,0,0
103100202,1,2,10191309,11101301,0,0,0
103100202,1,3,10121229,11101301,0,0,0
103100203,1,1,10041311,11101301,0,0,0
103100203,1,2,10191309,11101301,0,0,0
103100203,1,3,10121229,11101301,0,0,0
103100203,2,1,10121141,11102301,0,0,0
103100203,2,2,10121229,11101301,0,0,0
103100301,1,1,10301201,11101301,0,0,0
103100301,1,2,10171314,11101301,0,0,0
103100301,1,3,10031257,11101301,0,0,0
103100302,1,1,10301201,11101301,0,0,0
103100302,1,2,10171314,11101301,0,0,0
103100302,1,3,10031257,11101301,0,0,0
103100303,1,1,10301201,11101301,0,0,0
103100303,1,2,10171314,11101301,0,0,0
103100303,1,3,10031257,11101301,0,0,0
103100303,2,1,10301201,11101301,0,0,0
103100303,2,2,10171227,11102301,0,0,0
103100501,1,1,10031314,11101301,0,0,0
103100501,1,2,10061161,11101301,0,0,0
103100501,1,3,10151310,11101301,0,0,0
103100502,1,1,10031314,11101301,0,0,0
103100502,1,2,10061161,11101301,0,0,0
103100502,1,3,10151310,11101301,0,0,0
103100503,1,1,10031314,11101301,0,0,0
103100503,1,2,10061161,11101301,0,0,0
103100503,1,3,10151310,11101301,0,0,0
103100503,2,1,10021316,11102301,0,0,0
103100503,2,2,10061161,11101301,0,0,0
103100601,1,1,10051160,11101301,0,0,0
103100601,1,2,10091314,11101301,0,0,0
103100601,1,3,10071243,11101301,0,0,0
103100602,1,1,10051160,11101301,0,0,0
103100602,1,2,10091314,11101301,0,0,0
103100602,1,3,10071243,11101301,0,0,0
103100603,1,1,10051160,11101301,0,0,0
103100603,1,2,10091314,11101301,0,0,0
103100603,1,3,10071243,11101301,0,0,0
103100603,2,1,10051160,11101301,0,0,0
103100603,2,2,10111153,11102301,0,0,0
103100801,1,1,10011178,11101301,0,0,0
103100801,1,2,10081317,11101301,0,0,0
103100801,1,3,10041263,11101301,0,0,0
103100802,1,1,10011178,11101301,0,0,0
103100802,1,2,10081317,11101301,0,0,0
103100802,1,3,10041263,11101301,0,0,0
103100803,1,1,10011178,11101301,0,0,0
103100803,1,2,10081317,11101301,0,0,0
103100803,1,3,10041263,11101301,0,0,0
103100803,2,1,10071244,11102301,0,0,0
103100803,2,2,10081317,11101301,0,0,0
103100901,1,1,10061326,11101301,0,0,0
103100901,1,2,10181215,11101301,0,0,0
103100901,1,3,10051161,11101301,0,0,0
103100902,1,1,10061326,11101301,0,0,0
103100902,1,2,10181215,11101301,0,0,0
103100902,1,3,10051161,11101301,0,0,0
103100903,1,1,10061326,11101301,0,0,0
103100903,1,2,10181215,11101301,0,0,0
103100903,1,3,10051161,11101301,0,0,0
103100903,2,1,10061326,11101301,0,0,0
103100903,2,2,10081259,11102301,0,0,0
103101101,1,1,10031315,11101301,0,0,0
103101101,1,2,10191225,11101301,0,0,0
103101101,1,3,10071322,11101301,0,0,0
103101102,1,1,10031315,11101301,0,0,0
103101102,1,2,10191225,11101301,0,0,0
103101102,1,3,10071322,11101301,0,0,0
103101103,1,1,10031315,11101301,0,0,0
103101103,1,2,10191225,11101301,0,0,0
103101103,1,3,10071322,11101301,0,0,0
103101103,2,1,10181216,11102301,0,0,0
103101103,2,2,10191225,11101301,0,0,0
103101201,1,1,10081318,11101301,0,0,0
103101201,1,2,10171225,11101301,0,0,0
103101201,1,3,10011258,11101301,0,0,0
103101202,1,1,10081318,11101301,0,0,0
103101202,1,2,10171225,11101301,0,0,0
103101202,1,3,10011258,11101301,0,0,0
103101203,1,1,10081318,11101301,0,0,0
103101203,1,2,10171225,11101301,0,0,0
103101203,1,3,10011258,11101301,0,0,0
103101203,2,1,10171225,11101301,0,0,0
103101203,2,2,10061327,11102301,0,0,0
103101301,1,1,10051315,11101301,0,0,0
103101301,1,2,10161218,11101301,0,0,0
103101301,1,3,10121326,11101301,0,0,0
103101302,1,1,10051315,11101301,0,0,0
103101302,1,2,10161218,11101301,0,0,0
103101302,1,3,10121326,11101301,0,0,0
103101302,2,1,10051315,11101301,0,0,0
103101302,2,2,10181310,11102301,0,0,0
103101303,1,1,10311101,11103301,1,1,0
111100201,1,1,10041167,11111101,0,0,0
111100201,1,2,10121231,11111101,0,0,0
111100201,1,3,10061249,11111101,0,0,0
111100202,1,1,10041167,11111101,0,0,0
111100202,1,2,10121231,11111101,0,0,0
111100202,1,3,10061249,11111101,0,0,0
111100203,1,1,10041167,11111101,0,0,0
111100203,1,2,10121231,11111101,0,0,0
111100203,1,3,10061249,11111101,0,0,0
111100203,2,1,10131317,11112101,0,0,0
111100203,2,2,10121231,11111101,0,0,0
111100301,1,1,10051316,11111101,0,0,0
111100301,1,2,10181217,11111101,0,0,0
111100301,1,3,10071245,11111101,0,0,0
111100302,1,1,10051316,11111101,0,0,0
111100302,1,2,10181217,11111101,0,0,0
111100302,1,3,10071245,11111101,0,0,0
111100303,1,1,10051316,11111101,0,0,0
111100303,1,2,10181217,11111101,0,0,0
111100303,1,3,10071245,11111101,0,0,0
111100303,2,1,10051316,11111101,0,0,0
111100303,2,2,10071178,11112101,0,0,0
111100501,1,1,10031258,11111101,0,0,0
111100501,1,2,10101253,11111101,0,0,0
111100501,1,3,10081158,11111101,0,0,0
111100502,1,1,10031258,11111101,0,0,0
111100502,1,2,10101253,11111101,0,0,0
111100502,1,3,10081158,11111101,0,0,0
111100503,1,1,10031258,11111101,0,0,0
111100503,1,2,10101253,11111101,0,0,0
111100503,1,3,10081158,11111101,0,0,0
111100503,2,1,10061329,11112101,0,0,0
111100503,2,2,10031258,11111101,0,0,0
111100601,1,1,10321201,11111101,0,0,0
111100601,1,2,10191138,11111101,0,0,0
111100601,1,3,10011259,11111101,0,0,0
111100602,1,1,10321201,11111101,0,0,0
111100602,1,2,10191138,11111101,0,0,0
111100602,1,3,10011259,11111101,0,0,0
111100603,1,1,10321201,11111101,0,0,0
111100603,1,2,10191138,11111101,0,0,0
111100603,1,3,10011259,11111101,0,0,0
111100603,2,1,10321201,11111101,0,0,0
111100603,2,2,10021174,11112101,0,0,0
111100801,1,1,10081260,11111101,0,0,0
111100801,1,2,10101315,11111101,0,0,0
111100801,1,3,10111239,11111101,0,0,0
111100802,1,1,10081260,11111101,0,0,0
111100802,1,2,10101315,11111101,0,0,0
111100802,1,3,10111239,11111101,0,0,0
111100803,1,1,10081260,11111101,0,0,0
111100803,1,2,10101315,11111101,0,0,0
111100803,1,3,10111239,11111101,0,0,0
111100803,2,1,10141135,11112101,0,0,0
111100803,2,2,10101315,11111101,0,0,0
111100901,1,1,10311301,11111101,0,0,0
111100901,1,2,10151226,11111101,0,0,0
111100901,1,3,10021317,11111101,0,0,0
111100902,1,1,10311301,11111101,0,0,0
111100902,1,2,10151226,11111101,0,0,0
111100902,1,3,10021317,11111101,0,0,0
111100903,1,1,10311301,11111101,0,0,0
111100903,1,2,10151226,11111101,0,0,0
111100903,1,3,10021317,11111101,0,0,0
111100903,2,1,10311301,11111101,0,0,0
111100903,2,2,10101317,11112101,0,0,0
111101101,1,1,10011325,11111101,0,0,0
111101101,1,2,10171315,11111101,0,0,0
111101101,1,3,10091236,11111101,0,0,0
111101102,1,1,10011325,11111101,0,0,0
111101102,1,2,10171315,11111101,0,0,0
111101102,1,3,10091236,11111101,0,0,0
111101103,1,1,10011325,11111101,0,0,0
111101103,1,2,10171315,11111101,0,0,0
111101103,1,3,10091236,11111101,0,0,0
111101103,2,1,10051163,11112101,0,0,0
111101103,2,2,10091236,11111101,0,0,0
111101201,1,1,10111240,11111101,0,0,0
111101201,1,2,10171228,11111101,0,0,0
111101201,1,3,10031317,11111101,0,0,0
111101202,1,1,10111240,11111101,0,0,0
111101202,1,2,10171228,11111101,0,0,0
111101202,1,3,10031317,11111101,0,0,0
111101202,2,1,10111240,11111101,0,0,0
111101202,2,2,10181218,11112101,0,0,0
111101203,1,1,10161306,11113101,1,1,0
112100201,1,1,10091315,11111201,0,0,0
112100201,1,2,10181311,11111201,0,0,0
112100201,1,3,10081159,11111201,0,0,0
112100202,1,1,10091315,11111201,0,0,0
112100202,1,2,10181311,11111201,0,0,0
112100202,1,3,10081159,11111201,0,0,0
112100203,1,1,10091315,11111201,0,0,0
112100203,1,2,10181311,11111201,0,0,0
112100203,1,3,10081159,11111201,0,0,0
112100203,2,1,10011180,11112201,0,0,0
112100203,2,2,10081159,11111201,0,0,0
112100301,1,1,10291301,11111201,0,0,0
112100301,1,2,10101146,11111201,0,0,0
112100301,1,3,10041264,11111201,0,0,0
112100302,1,1,10291301,11111201,0,0,0
112100302,1,2,10101146,11111201,0,0,0
112100302,1,3,10041264,11111201,0,0,0
112100303,1,1,10291301,11111201,0,0,0
112100303,1,2,10101146,11111201,0,0,0
112100303,1,3,10041264,11111201,0,0,0
112100303,2,1,10291301,11111201,0,0,0
112100303,2,2,10161122,11112201,0,0,0
112100501,1,1,10151311,11111201,0,0,0
112100501,1,2,10071323,11111201,0,0,0
112100501,1,3,10131140,11111201,0,0,0
112100502,1,1,10151311,11111201,0,0,0
112100502,1,2,10071323,11111201,0,0,0
112100502,1,3,10131140,11111201,0,0,0
112100503,1,1,10151311,11111201,0,0,0
112100503,1,2,10071323,11111201,0,0,0
112100503,1,3,10131140,11111201,0,0,0
112100503,2,1,10081320,11112201,0,0,0
112100503,2,2,10071323,11111201,0,0,0
112100601,1,1,10141215,11111201,0,0,0
112100601,1,2,10111312,11111201,0,0,0
112100601,1,3,10181144,11111201,0,0,0
112100602,1,1,10141215,11111201,0,0,0
112100602,1,2,10111312,11111201,0,0,0
112100602,1,3,10181144,11111201,0,0,0
112100603,1,1,10141215,11111201,0,0,0
112100603,1,2,10111312,11111201,0,0,0
112100603,1,3,10181144,11111201,0,0,0
112100603,2,1,10141215,11111201,0,0,0
112100603,2,2,10121232,11112201,0,0,0
112100801,1,1,10011179,11111201,0,0,0
112100801,1,2,10171229,11111201,0,0,0
112100801,1,3,10071176,11111201,0,0,0
112100802,1,1,10011179,11111201,0,0,0
112100802,1,2,10171229,11111201,0,0,0
112100802,1,3,10071176,11111201,0,0,0
112100803,1,1,10011179,11111201,0,0,0
112100803,1,2,10171229,11111201,0,0,0
112100803,1,3,10071176,11111201,0,0,0
112100803,2,1,10161219,11112201,0,0,0
112100803,2,2,10011179,11111201,0,0,0
112100901,1,1,10291201,11111201,0,0,0
112100901,1,2,10111154,11111201,0,0,0
112100901,1,3,10041312,11111201,0,0,0
112100902,1,1,10291201,11111201,0,0,0
112100902,1,2,10111154,11111201,0,0,0
112100902,1,3,10041312,11111201,0,0,0
112100903,1,1,10291201,11111201,0,0,0
112100903,1,2,10111154,11111201,0,0,0
112100903,1,3,10041312,11111201,0,0,0
112100903,2,1,10111154,11111201,0,0,0
112100903,2,2,10191312,11112201,0,0,0
112101101,1,1,10121142,11111201,0,0,0
112101101,1,2,10171140,11111201,0,0,0
112101101,1,3,10061328,11111201,0,0,0
112101102,1,1,10121142,11111201,0,0,0
112101102,1,2,10171140,11111201,0,0,0
112101102,1,3,10061328,11111201,0,0,0
112101103,1,1,10121142,11111201,0,0,0
112101103,1,2,10171140,11111201,0,0,0
112101103,1,3,10061328,11111201,0,0,0
112101103,2,1,10121329,11112201,0,0,0
112101103,2,2,10121142,11111201,0,0,0
112101201,1,1,10051252,11111201,0,0,0
112101201,1,2,10151227,11111201,0,0,0
112101201,1,3,10071177,11111201,0,0,0
112101202,1,1,10051252,11111201,0,0,0
112101202,1,2,10151227,11111201,0,0,0
112101202,1,3,10071177,11111201,0,0,0
112101203,1,1,10051252,11111201,0,0,0
112101203,1,2,10151227,11111201,0,0,0
112101203,1,3,10071177,11111201,0,0,0
112101203,2,1,10051252,11111201,0,0,0
112101203,2,2,10141136,11112201,0,0,0
112101301,1,1,10021173,11111201,0,0,0
112101301,1,2,10191226,11111201,0,0,0
112101301,1,3,10091153,11111201,0,0,0
112101302,1,1,10021173,11111201,0,0,0
112101302,1,2,10191226,11111201,0,0,0
112101302,1,3,10091153,11111201,0,0,0
112101302,2,1,10051317,11112201,0,0,0
112101302,2,2,10191226,11111201,0,0,0
112101303,1,1,10211312,11113201,1,1,0
113100201,1,1,10131247,11111301,0,0,0
113100201,1,2,10191311,11111301,0,0,0
113100201,1,3,10021263,11111301,0,0,0
113100202,1,1,10131247,11111301,0,0,0
113100202,1,2,10191311,11111301,0,0,0
113100202,1,3,10021263,11111301,0,0,0
113100203,1,1,10131247,11111301,0,0,0
113100203,1,2,10191311,11111301,0,0,0
113100203,1,3,10021263,11111301,0,0,0
113100203,2,1,10131247,11111301,0,0,0
113100203,2,2,10191139,11112301,0,0,0
113100301,1,1,10301302,11111301,0,0,0
113100301,1,2,10031169,11111301,0,0,0
113100301,1,3,10121328,11111301,0,0,0
113100302,1,1,10301302,11111301,0,0,0
113100302,1,2,10031169,11111301,0,0,0
113100302,1,3,10121328,11111301,0,0,0
113100303,1,1,10301302,11111301,0,0,0
113100303,1,2,10031169,11111301,0,0,0
113100303,1,3,10121328,11111301,0,0,0
113100303,2,1,10101318,11112301,0,0,0
113100303,2,2,10031169,11111301,0,0,0
113100501,1,1,10081319,11111301,0,0,0
113100501,1,2,10181145,11111301,0,0,0
113100501,1,3,10051162,11111301,0,0,0
113100502,1,1,10081319,11111301,0,0,0
113100502,1,2,10181145,11111301,0,0,0
113100502,1,3,10051162,11111301,0,0,0
113100503,1,1,10081319,11111301,0,0,0
113100503,1,2,10181145,11111301,0,0,0
113100503,1,3,10051162,11111301,0,0,0
113100503,2,1,10081319,11111301,0,0,0
113100503,2,2,10081261,11112301,0,0,0
113100601,1,1,10131316,11111301,0,0,0
113100601,1,2,10191227,11111301,0,0,0
113100601,1,3,10011260,11111301,0,0,0
113100602,1,1,10131316,11111301,0,0,0
113100602,1,2,10191227,11111301,0,0,0
113100602,1,3,10011260,11111301,0,0,0
113100603,1,1,10131316,11111301,0,0,0
113100603,1,2,10191227,11111301,0,0,0
113100603,1,3,10011260,11111301,0,0,0
113100603,2,1,10181219,11112301,0,0,0
113100603,2,2,10191227,11111301,0,0,0
113100701,1,1,10021318,11111301,0,0,0
113100701,1,2,10181312,11111301,0,0,0
113100701,1,3,10101254,11111301,0,0,0
113100702,1,1,10021318,11111301,0,0,0
113100702,1,2,10181312,11111301,0,0,0
113100702,1,3,10101254,11111301,0,0,0
113100703,1,1,10021318,11111301,0,0,0
113100703,1,2,10181312,11111301,0,0,0
113100703,1,3,10101254,11111301,0,0,0
113100703,2,1,10021318,11111301,0,0,0
113100703,2,2,10061164,11112301,0,0,0
113100901,1,1,10311201,11111301,0,0,0
113100901,1,2,10091316,11111301,0,0,0
113100901,1,3,10041265,11111301,0,0,0
113100902,1,1,10311201,11111301,0,0,0
113100902,1,2,10091316,11111301,0,0,0
113100902,1,3,10041265,11111301,0,0,0
113100903,1,1,10311201,11111301,0,0,0
113100903,1,2,10091316,11111301,0,0,0
113100903,1,3,10041265,11111301,0,0,0
113100903,2,1,10111313,11112301,0,0,0
113100903,2,2,10091316,11111301,0,0,0
113101001,1,1,10011326,11111301,0,0,0
113101001,1,2,10141314,11111301,0,0,0
113101001,1,3,10061163,11111301,0,0,0
113101002,1,1,10011326,11111301,0,0,0
113101002,1,2,10141314,11111301,0,0,0
113101002,1,3,10061163,11111301,0,0,0
113101003,1,1,10011326,11111301,0,0,0
113101003,1,2,10141314,11111301,0,0,0
113101003,1,3,10061163,11111301,0,0,0
113101003,2,1,10011326,11111301,0,0,0
113101003,2,2,10191228,11112301,0,0,0
113101101,1,1,10151126,11111301,0,0,0
113101101,1,2,10061165,11111301,0,0,0
113101101,1,3,10021264,11111301,0,0,0
113101102,1,1,10151126,11111301,0,0,0
113101102,1,2,10061165,11111301,0,0,0
113101102,1,3,10021264,11111301,0,0,0
113101102,2,1,10041313,11112301,0,0,0
113101102,2,2,10061165,11111301,0,0,0
113101103,1,1,10291302,11113301,1,1,0
121100201,1,1,10151128,11121101,0,0,0
121100201,1,2,10011194,11121101,0,0,0
121100201,1,3,10181322,11121101,0,0,0
121100202,1,1,10291103,11121101,0,0,0
121100202,1,2,10031328,11121101,0,0,0
121100202,1,3,10011271,11121101,0,0,0
121100203,1,1,10181148,11121101,0,0,0
121100203,1,2,10121335,11121101,0,0,0
121100203,1,3,10291306,11121101,0,0,0
121100203,2,1,10101332,11122101,0,0,0
121100203,2,2,10031271,11121101,0,0,0
121100301,1,1,10121240,11121101,0,0,0
121100301,1,2,10191144,11121101,0,0,0
121100301,1,3,10061257,11121101,0,0,0
121100302,1,1,10101156,11121101,0,0,0
121100302,1,2,10291307,11121101,0,0,0
121100302,1,3,10021275,11121101,0,0,0
121100303,1,1,10181222,11121101,0,0,0
121100303,1,2,10141144,11121101,0,0,0
121100303,1,3,10301304,11121101,0,0,0
121100303,2,1,10171235,11121101,0,0,0
121100303,2,2,10041276,11122101,0,0,0
121100401,1,1,10181323,11121101,0,0,0
121100401,1,2,10111324,11121101,0,0,0
121100401,1,3,10041327,11121101,0,0,0
121100402,1,1,10111165,11121101,0,0,0
121100402,1,2,10011195,11121101,0,0,0
121100402,1,3,10191318,11121101,0,0,0
121100403,1,1,10161130,11121101,0,0,0
121100403,1,2,10121241,11121101,0,0,0
121100403,1,3,10301205,11121101,0,0,0
121100403,2,1,10081330,11122101,0,0,0
121100403,2,2,10151319,11121101,0,0,0
121100501,1,1,10171145,11121101,0,0,0
121100501,1,2,10171322,11121101,0,0,0
121100501,1,3,10141219,11121101,0,0,0
121100502,1,1,10051169,11121101,0,0,0
121100502,1,2,10091248,11121101,0,0,0
121100502,1,3,10071332,11121101,0,0,0
121100503,1,1,10061258,11121101,0,0,0
121100503,1,2,10071333,11121101,0,0,0
121100503,1,3,10071185,11121101,0,0,0
121100503,2,1,10071334,11121101,0,0,0
121100503,2,2,10061338,11122101,0,0,0
121100701,1,1,10021184,11121101,0,0,0
121100701,1,2,10061176,11121101,0,0,0
121100701,1,3,10291308,11121101,0,0,0
121100702,1,1,10291104,11121101,0,0,0
121100702,1,2,10191145,11121101,0,0,0
121100702,1,3,10061339,11121101,0,0,0
121100703,1,1,10141220,11121101,0,0,0
121100703,1,2,10321304,11121101,0,0,0
121100703,1,3,10141145,11121101,0,0,0
121100703,2,1,10051329,11122101,0,0,0
121100703,2,2,10121242,11121101,0,0,0
121100801,1,1,10071252,11121101,0,0,0
121100801,1,2,10301305,11121101,0,0,0
121100801,1,3,10011272,11121101,0,0,0
121100802,1,1,10161225,11121101,0,0,0
121100802,1,2,10321101,11121101,0,0,0
121100802,1,3,10051272,11121101,0,0,0
121100803,1,1,10321209,11121101,0,0,0
121100803,1,2,10181324,11121101,0,0,0
121100803,1,3,10131251,11121101,0,0,0
121100803,2,1,10181149,11121101,0,0,0
121100803,2,2,10101333,11122101,0,0,0
121100901,1,1,10301105,11121101,0,0,0
121100901,1,2,10121148,11121101,0,0,0
121100901,1,3,10191146,11121101,0,0,0
121100902,1,1,10051330,11121101,0,0,0
121100902,1,2,10131252,11121101,0,0,0
121100902,1,3,10081169,11121101,0,0,0
121100903,1,1,10071253,11121101,0,0,0
121100903,1,2,10101334,11121101,0,0,0
121100903,1,3,10321102,11121101,0,0,0
121100903,2,1,10051170,11122101,0,0,0
121100903,2,2,10131322,11121101,0,0,0
121101001,1,1,10031329,11121101,0,0,0
121101001,1,2,10041328,11121101,0,0,0
121101001,1,3,10111166,11121101,0,0,0
121101002,1,1,10041175,11121101,0,0,0
121101002,1,2,10101264,11121101,0,0,0
121101002,1,3,10101157,11121101,0,0,0
121101002,2,1,10031192,11121101,0,0,0
121101002,2,2,10071196,11122101,0,0,0
121101003,1,1,10201317,11123101,1,1,0
122100201,1,1,10011273,11121201,0,0,0
122100201,1,2,10021276,11121201,0,0,0
122100201,1,3,10061259,11121201,0,0,0
122100202,1,1,10121336,11121201,0,0,0
122100202,1,2,10151237,11121201,0,0,0
122100202,1,3,10181325,11121201,0,0,0
122100203,1,1,10321103,11121201,0,0,0
122100203,1,2,10021334,11121201,0,0,0
122100203,1,3,10191236,11121201,0,0,0
122100203,2,1,10111250,11122201,0,0,0
122100203,2,2,10191319,11121201,0,0,0
122100301,1,1,10131323,11121201,0,0,0
122100301,1,2,10131253,11121201,0,0,0
122100301,1,3,10191237,11121201,0,0,0
122100302,1,1,10011336,11121201,0,0,0
122100302,1,2,10301306,11121201,0,0,0
122100302,1,3,10111251,11121201,0,0,0
122100303,1,1,10021185,11121201,0,0,0
122100303,1,2,10041176,11121201,0,0,0
122100303,1,3,10301206,11121201,0,0,0
122100303,2,1,10161131,11121201,0,0,0
122100303,2,2,10031184,11122201,0,0,0
122100501,1,1,10011337,11121201,0,0,0
122100501,1,2,10131146,11121201,0,0,0
122100501,1,3,10061177,11121201,0,0,0
122100502,1,1,10071254,11121201,0,0,0
122100502,1,2,10151129,11121201,0,0,0
122100502,1,3,10061340,11121201,0,0,0
122100503,1,1,10161226,11121201,0,0,0
122100503,1,2,10091158,11121201,0,0,0
122100503,1,3,10301106,11121201,0,0,0
122100503,2,1,10141146,11122201,0,0,0
122100503,2,2,10081331,11121201,0,0,0
122100601,1,1,10121243,11121201,0,0,0
122100601,1,2,10061260,11121201,0,0,0
122100601,1,3,10151130,11121201,0,0,0
122100602,1,1,10081170,11121201,0,0,0
122100602,1,2,10171146,11121201,0,0,0
122100602,1,3,10061341,11121201,0,0,0
122100603,1,1,10081171,11121201,0,0,0
122100603,1,2,10081269,11121201,0,0,0
122100603,1,3,10071335,11121201,0,0,0
122100603,2,1,10181326,11121201,0,0,0
122100603,2,2,10111252,11122201,0,0,0
122100801,1,1,10111167,11121201,0,0,0
122100801,1,2,10141147,11121201,0,0,0
122100801,1,3,10031185,11121201,0,0,0
122100802,1,1,10171147,11121201,0,0,0
122100802,1,2,10161227,11121201,0,0,0
122100802,1,3,10131147,11121201,0,0,0
122100803,1,1,10191320,11121201,0,0,0
122100803,1,2,10051273,11121201,0,0,0
122100803,1,3,10041177,11121201,0,0,0
122100803,2,1,10111325,11122201,0,0,0
122100803,2,2,10141221,11121201,0,0,0
122100901,1,1,10131148,11121201,0,0,0
122100901,1,2,10161132,11121201,0,0,0
122100901,1,3,10121244,11121201,0,0,0
122100902,1,1,10291105,11121201,0,0,0
122100902,1,2,10081172,11121201,0,0,0
122100902,1,3,10141317,11121201,0,0,0
122100903,1,1,10031330,11121201,0,0,0
122100903,1,2,10131324,11121201,0,0,0
122100903,1,3,10161228,11121201,0,0,0
122100903,2,1,10181327,11121201,0,0,0
122100903,2,2,10061342,11122201,0,0,0
122101101,1,1,10041178,11121201,0,0,0
122101101,1,2,10041277,11121201,0,0,0
122101101,1,3,10291206,11121201,0,0,0
122101102,1,1,10091321,11121201,0,0,0
122101102,1,2,10171323,11121201,0,0,0
122101102,1,3,10071186,11121201,0,0,0
122101103,1,1,10131325,11121201,0,0,0
122101103,1,2,10161312,11121201,0,0,0
122101103,1,3,10121149,11121201,0,0,0
122101103,2,1,10031331,11122201,0,0,0
122101103,2,2,10321305,11121201,0,0,0
122101201,1,1,10031272,11121201,0,0,0
122101201,1,2,10111326,11121201,0,0,0
122101201,1,3,10081332,11121201,0,0,0
122101202,1,1,10021186,11121201,0,0,0
122101202,1,2,10091249,11121201,0,0,0
122101202,1,3,10151131,11121201,0,0,0
122101203,1,1,10021277,11121201,0,0,0
122101203,1,2,10291309,11121201,0,0,0
122101203,1,3,10071255,11121201,0,0,0
122101203,2,1,10101265,11121201,0,0,0
122101203,2,2,10041278,11122201,0,0,0
122101301,1,1,10151132,11121201,0,0,0
122101301,1,2,10091322,11121201,0,0,0
122101301,1,3,10081270,11121201,0,0,0
122101302,1,1,10011338,11121201,0,0,0
122101302,1,2,10161229,11121201,0,0,0
122101302,1,3,10021335,11121201,0,0,0
122101302,2,1,10041335,11122201,0,0,0
122101302,2,2,10121158,11121201,0,0,0
122101303,1,1,10321216,11123201,1,1,0
123100201,1,1,10021336,11121301,0,0,0
123100201,1,2,10191147,11121301,0,0,0
123100201,1,3,10181223,11121301,0,0,0
123100202,1,1,10071187,11121301,0,0,0
123100202,1,2,10041329,11121301,0,0,0
123100202,1,3,10321306,11121301,0,0,0
123100203,1,1,10151320,11121301,0,0,0
123100203,1,2,10171236,11121301,0,0,0
123100203,1,3,10191238,11121301,0,0,0
123100203,2,1,10031186,11121301,0,0,0
123100203,2,2,10141318,11122301,0,0,0
123100301,1,1,10301107,11121301,0,0,0
123100301,1,2,10291106,11121301,0,0,0
123100301,1,3,10091250,11121301,0,0,0
123100302,1,1,10081173,11121301,0,0,0
123100302,1,2,10021278,11121301,0,0,0
123100302,1,3,10121150,11121301,0,0,0
123100303,1,1,10151133,11121301,0,0,0
123100303,1,2,10301108,11121301,0,0,0
123100303,1,3,10291207,11121301,0,0,0
123100303,2,1,10071256,11122301,0,0,0
123100303,2,2,10191239,11121301,0,0,0
123100501,1,1,10041279,11121301,0,0,0
123100501,1,2,10031332,11121301,0,0,0
123100501,1,3,10161133,11121301,0,0,0
123100502,1,1,10061261,11121301,0,0,0
123100502,1,2,10101266,11121301,0,0,0
123100502,1,3,10031187,11121301,0,0,0
123100503,1,1,10151238,11121301,0,0,0
123100503,1,2,10071336,11121301,0,0,0
123100503,1,3,10041179,11121301,0,0,0
123100503,2,1,10021279,11121301,0,0,0
123100503,2,2,10071188,11122301,0,0,0
123100601,1,1,10321104,11121301,0,0,0
123100601,1,2,10081174,11121301,0,0,0
123100601,1,3,10121337,11121301,0,0,0
123100602,1,1,10011196,11121301,0,0,0
123100602,1,2,10051171,11121301,0,0,0
123100602,1,3,10191321,11121301,0,0,0
123100603,1,1,10081271,11121301,0,0,0
123100603,1,2,10041330,11121301,0,0,0
123100603,1,3,10091323,11121301,0,0,0
123100603,2,1,10041280,11122301,0,0,0
123100603,2,2,10121245,11121301,0,0,0
123100701,1,1,10101267,11121301,0,0,0
123100701,1,2,10071189,11121301,0,0,0
123100701,1,3,10291208,11121301,0,0,0
123100702,1,1,10161134,11121301,0,0,0
123100702,1,2,10101268,11121301,0,0,0
123100702,1,3,10031188,11121301,0,0,0
123100703,1,1,10161313,11121301,0,0,0
123100703,1,2,10091159,11121301,0,0,0
123100703,1,3,10291310,11121301,0,0,0
123100703,2,1,10151321,11121301,0,0,0
123100703,2,2,10321210,11122301,0,0,0
123100901,1,1,10151239,11121301,0,0,0
123100901,1,2,10041331,11121301,0,0,0
123100901,1,3,10041281,11121301,0,0,0
123100902,1,1,10151240,11121301,0,0,0
123100902,1,2,10181224,11121301,0,0,0
123100902,1,3,10021280,11121301,0,0,0
123100903,1,1,10051274,11121301,0,0,0
123100903,1,2,10061262,11121301,0,0,0
123100903,1,3,10141319,11121301,0,0,0
123100903,2,1,10171237,11122301,0,0,0
123100903,2,2,10291107,11121301,0,0,0
123101001,1,1,10191240,11121301,0,0,0
123101001,1,2,10041180,11121301,0,0,0
123101001,1,3,10061178,11121301,0,0,0
123101002,1,1,10301207,11121301,0,0,0
123101002,1,2,10121151,11121301,0,0,0
123101002,1,3,10101158,11121301,0,0,0
123101003,1,1,10031333,11121301,0,0,0
123101003,1,2,10121152,11121301,0,0,0
123101003,1,3,10181150,11121301,0,0,0
123101003,2,1,10051331,11121301,0,0,0
123101003,2,2,10091160,11122301,0,0,0
123101101,1,1,10301307,11121301,0,0,0
123101101,1,2,10161135,11121301,0,0,0
123101101,1,3,10291311,11121301,0,0,0
123101102,1,1,10321105,11121301,0,0,0
123101102,1,2,10031273,11121301,0,0,0
123101102,1,3,10291209,11121301,0,0,0
123101102,2,1,10061346,11122301,0,0,0
123101102,2,2,10161317,11121301,0,0,0
123101103,1,1,10311104,11123301,1,1,0
131100201,1,1,10021281,11131101,0,0,0
131100201,1,2,10181225,11131101,0,0,0
131100201,1,3,10121246,11131101,0,0,0
131100202,1,1,10111327,11131101,0,0,0
131100202,1,2,10131149,11131101,0,0,0
131100202,1,3,10081272,11131101,0,0,0
131100203,1,1,10191322,11131101,0,0,0
131100203,1,2,10071190,11131101,0,0,0
131100203,1,3,10031334,11131101,0,0,0
131100203,2,1,10141320,11131101,0,0,0
131100203,2,2,10011197,11132101,0,0,0
131100401,1,1,10111168,11131101,0,0,0
131100401,1,2,10041283,11131101,0,0,0
131100401,1,3,10081333,11131101,0,0,0
131100402,1,1,10091161,11131101,0,0,0
131100402,1,2,10171148,11131101,0,0,0
131100402,1,3,10081175,11131101,0,0,0
131100403,1,1,10321106,11131101,0,0,0
131100403,1,2,10021187,11131101,0,0,0
131100403,1,3,10181151,11131101,0,0,0
131100403,2,1,10151241,11132101,0,0,0
131100403,2,2,10181328,11131101,0,0,0
131100601,1,1,10191323,11131101,0,0,0
131100601,1,2,10041332,11131101,0,0,0
131100601,1,3,10061179,11131101,0,0,0
131100602,1,1,10011339,11131101,0,0,0
131100602,1,2,10131326,11131101,0,0,0
131100602,1,3,10101335,11131101,0,0,0
131100603,1,1,10121153,11131101,0,0,0
131100603,1,2,10131150,11131101,0,0,0
131100603,1,3,10111253,11131101,0,0,0
131100603,2,1,10171324,11131101,0,0,0
131100603,2,2,10101269,11132101,0,0,0
131100701,1,1,10111254,11131101,0,0,0
131100701,1,2,10081176,11131101,0,0,0
131100701,1,3,10041282,11131101,0,0,0
131100702,1,1,10131327,11131101,0,0,0
131100702,1,2,10021282,11131101,0,0,0
131100702,1,3,10091324,11131101,0,0,0
131100703,1,1,10031274,11131101,0,0,0
131100703,1,2,10071337,11131101,0,0,0
131100703,1,3,10071257,11131101,0,0,0
131100703,2,1,10131328,11132101,0,0,0
131100703,2,2,10291210,11131101,0,0,0
131100901,1,1,10021188,11131101,0,0,0
131100901,1,2,10321211,11131101,0,0,0
131100901,1,3,10091251,11131101,0,0,0
131100902,1,1,10121154,11131101,0,0,0
131100902,1,2,10061180,11131101,0,0,0
131100902,1,3,10181226,11131101,0,0,0
131100903,1,1,10321307,11131101,0,0,0
131100903,1,2,10181152,11131101,0,0,0
131100903,1,3,10011274,11131101,0,0,0
131100903,2,1,10081273,11131101,0,0,0
131100903,2,2,10071258,11132101,0,0,0
131101001,1,1,10321212,11131101,0,0,0
131101001,1,2,10161136,11131101,0,0,0
131101001,1,3,10111169,11131101,0,0,0
131101002,1,1,10061343,11131101,0,0,0
131101002,1,2,10101159,11131101,0,0,0
131101002,1,3,10011340,11131101,0,0,0
131101003,1,1,10071191,11131101,0,0,0
131101003,1,2,10111255,11131101,0,0,0
131101003,1,3,10191241,11131101,0,0,0
131101003,2,1,10041181,11132101,0,0,0
131101003,2,2,10101336,11131101,0,0,0
131101201,1,1,10141148,11131101,0,0,0
131101201,1,2,10011275,11131101,0,0,0
131101201,1,3,10301109,11131101,0,0,0
131101202,1,1,10161230,11131101,0,0,0
131101202,1,2,10051172,11131101,0,0,0
131101202,1,3,10101270,11131101,0,0,0
131101203,1,1,10141321,11131101,0,0,0
131101203,1,2,10191324,11131101,0,0,0
131101203,1,3,10151242,11131101,0,0,0
131101203,2,1,10051275,11131101,0,0,0
131101203,2,2,10081334,11132101,0,0,0
131101301,1,1,10151243,11131101,0,0,0
131101301,1,2,10111328,11131101,0,0,0
131101301,1,3,10301110,11131101,0,0,0
131101302,1,1,10111329,11131101,0,0,0
131101302,1,2,10321308,11131101,0,0,0
131101302,1,3,10031335,11131101,0,0,0
131101302,2,1,10021342,11132101,0,0,0
131101302,2,2,10191243,11131101,0,0,0
131101303,1,1,10161321,11133401,1,1,0
132100201,1,1,15021106,11133501,1,1,0
132100401,1,1,10061181,11131201,0,0,0
132100401,1,2,10031189,11131201,0,0,0
132100401,1,3,10291211,11131201,0,0,0
132100402,1,1,10161137,11131201,0,0,0
132100402,1,2,10101271,11131201,0,0,0
132100402,1,3,10021283,11131201,0,0,0
132100403,1,1,10111256,11131201,0,0,0
132100403,1,2,10291312,11131201,0,0,0
132100403,1,3,10191325,11131201,0,0,0
132100403,2,1,10131254,11131201,0,0,0
132100403,2,2,10091325,11132201,0,0,0
132100501,1,1,10101160,11131201,0,0,0
132100501,1,2,10031190,11131201,0,0,0
132100501,1,3,10061182,11131201,0,0,0
132100502,1,1,10111330,11131201,0,0,0
132100502,1,2,10121247,11131201,0,0,0
132100502,1,3,10301208,11131201,0,0,0
132100503,1,1,10131255,11131201,0,0,0
132100503,1,2,10121155,11131201,0,0,0
132100503,1,3,10051332,11131201,0,0,0
132100503,2,1,10051333,11132201,0,0,0
132100503,2,2,10181329,11131201,0,0,0
132100701,1,1,10291313,11131201,0,0,0
132100701,1,2,10191326,11131201,0,0,0
132100701,1,3,10061183,11131201,0,0,0
132100702,1,1,10151322,11131201,0,0,0
132100702,1,2,10111331,11131201,0,0,0
132100702,1,3,10321213,11131201,0,0,0
132100703,1,1,10301209,11131201,0,0,0
132100703,1,2,10111257,11131201,0,0,0
132100703,1,3,10121248,11131201,0,0,0
132100703,2,1,10071192,11131201,0,0,0
132100703,2,2,10011276,11132201,0,0,0
132100801,1,1,10091162,11131201,0,0,0
132100801,1,2,10121338,11131201,0,0,0
132100801,1,3,10151134,11131201,0,0,0
132100802,1,1,10191148,11131201,0,0,0
132100802,1,2,10041333,11131201,0,0,0
132100802,1,3,10081335,11131201,0,0,0
132100802,2,1,10121159,11132201,0,0,0
132100802,2,2,10141322,11131201,0,0,0
132100803,1,1,15031106,11133601,1,1,0
132101001,1,1,10850201,11131201,0,0,0
133100201,1,1,10151323,11131301,0,0,0
133100201,1,2,10061263,11131301,0,0,0
133100201,1,3,10191327,11131301,0,0,0
133100202,1,1,10081177,11131301,0,0,0
133100202,1,2,10071193,11131301,0,0,0
133100202,1,3,10181330,11131301,0,0,0
133100203,1,1,10171238,11131301,0,0,0
133100203,1,2,10321214,11131301,0,0,0
133100203,1,3,10011341,11131301,0,0,0
133100203,2,1,10131151,11132301,0,0,0
133100203,2,2,10101161,11131301,0,0,0
133100301,1,1,10101162,11131301,0,0,0
133100301,1,2,10301111,11131301,0,0,0
133100301,1,3,10041284,11131301,0,0,0
133100302,1,1,10161314,11131301,0,0,0
133100302,1,2,10061344,11131301,0,0,0
133100302,1,3,10051173,11131301,0,0,0
133100303,1,1,10071338,11131301,0,0,0
133100303,1,2,10111170,11131301,0,0,0
133100303,1,3,10171239,11131301,0,0,0
133100303,2,1,10031191,11131301,0,0,0
133100303,2,2,10141223,11132301,0,0,0
133100401,1,1,10151135,11131301,0,0,0
133100401,1,2,10061345,11131301,0,0,0
133100401,1,3,10191149,11131301,0,0,0
133100402,1,1,10181227,11131301,0,0,0
133100402,1,2,10321107,11131301,0,0,0
133100402,1,3,10051174,11131301,0,0,0
133100403,1,1,10121339,11131301,0,0,0
133100403,1,2,10161231,11131301,0,0,0
133100403,1,3,10081178,11131301,0,0,0
133100403,2,1,10041182,11132301,0,0,0
133100403,2,2,10181228,11131301,0,0,0
133100501,1,1,10171149,11131301,0,0,0
133100501,1,2,10171240,11131301,0,0,0
133100501,1,3,10051276,11131301,0,0,0
133100502,1,1,10301112,11131301,0,0,0
133100502,1,2,10091252,11131301,0,0,0
133100502,1,3,10181153,11131301,0,0,0
133100502,2,1,10131256,11131301,0,0,0
133100502,2,2,10111332,11132301,0,0,0
133100503,1,1,15031107,11133701,1,1,0
133100701,1,1,10301308,11131301,0,0,0
133100701,1,2,10111171,11131301,0,0,0
133100701,1,3,10041183,11131301,0,0,0
133100702,1,1,10141149,11131301,0,0,0
133100702,1,2,10161232,11131301,0,0,0
133100702,1,3,10051334,11131301,0,0,0
133100703,1,1,10131152,11131301,0,0,0
133100703,1,2,10161138,11131301,0,0,0
133100703,1,3,10191242,11131301,0,0,0
133100703,2,1,10131153,11132301,0,0,0
133100703,2,2,10161315,11131301,0,0,0
133100801,1,1,10171241,11131301,0,0,0
133100801,1,2,10021338,11131301,0,0,0
133100801,1,3,10141222,11131301,0,0,0
133100802,1,1,10111172,11131301,0,0,0
133100802,1,2,10191150,11131301,0,0,0
133100802,1,3,10321309,11131301,0,0,0
133100803,1,1,10171150,11131301,0,0,0
133100803,1,2,10301309,11131301,0,0,0
133100803,1,3,10171325,11131301,0,0,0
133100803,2,1,10111258,11131301,0,0,0
133100803,2,2,10161316,11132301,0,0,0
133100901,1,1,10021339,11131301,0,0,0
133100901,1,2,10031275,11131301,0,0,0
133100901,1,3,10121340,11131301,0,0,0
133100902,1,1,10051335,11131301,0,0,0
133100902,1,2,10051277,11131301,0,0,0
133100902,1,3,10181229,11131301,0,0,0
133100902,2,1,10151246,11132301,0,0,0
133100902,2,2,10041186,11131301,0,0,0
133100903,1,1,15031108,11133801,1,1,0
133101101,1,1,10151244,11131301,0,0,0
133101101,1,2,10011198,11131301,0,0,0
133101101,1,3,10301113,11131301,0,0,0
133101102,1,1,10041334,11131301,0,0,0
133101102,1,2,10071194,11131301,0,0,0
133101102,1,3,10051336,11131301,0,0,0
133101103,1,1,10091163,11131301,0,0,0
133101103,1,2,10081179,11131301,0,0,0
133101103,1,3,10051337,11131301,0,0,0
133101103,2,1,10181230,11131301,0,0,0
133101103,2,2,10151245,11132301,0,0,0
133101201,1,1,10171326,11131301,0,0,0
133101201,1,2,10071259,11131301,0,0,0
133101201,1,3,10021189,11131301,0,0,0
133101202,1,1,10101337,11131301,0,0,0
133101202,1,2,10061264,11131301,0,0,0
133101202,1,3,10021340,11131301,0,0,0
133101203,1,1,10041184,11131301,0,0,0
133101203,1,2,10321108,11131301,0,0,0
133101203,1,3,10031336,11131301,0,0,0
133101203,2,1,10321215,11132301,0,0,0
133101203,2,2,10091326,11131301,0,0,0
133101301,1,1,10101163,11131301,0,0,0
133101301,1,2,10121157,11131301,0,0,0
133101301,1,3,10151136,11131301,0,0,0
133101302,1,1,10171242,11131301,0,0,0
133101302,1,2,10021341,11131301,0,0,0
133101302,1,3,10101164,11131301,0,0,0
133101303,1,1,10081274,11131301,0,0,0
133101303,1,2,10041185,11131301,0,0,0
133101303,1,3,10291314,11131301,0,0,0
133101303,2,1,10061184,11131301,0,0,0
133101303,2,2,10061265,11132301,0,0,0
133101401,1,1,15031109,11133901,1,1,0
141100201,1,1,10301312,11141101,0,0,0
141100201,1,2,10061189,11141101,0,0,0
141100201,1,3,10181237,11141101,0,0,0
141100202,1,1,10301312,11141101,0,0,0
141100202,1,2,10061268,11141101,0,0,0
141100202,1,3,10091253,11141101,0,0,0
141100203,1,1,10301312,11141101,0,0,0
141100203,1,2,10091164,11141101,0,0,0
141100203,1,3,10111179,11141101,0,0,0
141100203,2,1,10301312,11141101,0,0,0
141100203,2,2,10011349,11142101,0,0,0
141100301,1,1,10151328,11141101,0,0,0
141100301,1,2,10291317,11141101,0,0,0
141100301,1,3,10171248,11141101,0,0,0
141100302,1,1,10071198,11141101,0,0,0
141100302,1,2,10291317,11141101,0,0,0
141100302,1,3,10031193,11141101,0,0,0
141100303,1,1,10101168,11141101,0,0,0
141100303,1,2,10291317,11141101,0,0,0
141100303,1,3,10071344,11141101,0,0,0
141100303,2,1,10141230,11142101,0,0,0
141100303,2,2,10291317,11141101,0,0,0
141100501,1,1,10051339,11141101,0,0,0
141100501,1,2,10151329,11141101,0,0,0
141100501,1,3,20011101,11141101,0,0,0
141100502,1,1,10021194,11141101,0,0,0
141100502,1,2,10061269,11141101,0,0,0
141100502,1,3,20011101,11141101,0,0,0
141100503,1,1,10041189,11141101,0,0,0
141100503,1,2,10141329,11141101,0,0,0
141100503,1,3,20011101,11141101,0,0,0
141100503,2,1,10041189,11141101,0,0,0
141100503,2,2,10121261,11142101,0,0,0
141100601,1,1,10091338,11141101,0,0,0
141100601,1,2,10141228,11141101,0,0,0
141100601,1,3,10171249,11141101,0,0,0
141100602,1,1,10091338,11141101,0,0,0
141100602,1,2,10321312,11141101,0,0,0
141100602,1,3,10161142,11141101,0,0,0
141100603,1,1,10091338,11141101,0,0,0
141100603,1,2,10291318,11141101,0,0,0
141100603,1,3,10011348,11141101,0,0,0
141100603,2,1,10121347,11142101,0,0,0
141100603,2,2,10291318,11141101,0,0,0
141100801,1,1,10181238,11141101,0,0,0
141100801,1,2,10031194,11141101,0,0,0
141100801,1,3,10321223,11141101,0,0,0
141100802,1,1,10321224,11141101,0,0,0
141100802,1,2,10031194,11141101,0,0,0
141100802,1,3,10161324,11141101,0,0,0
141100803,1,1,10181155,11141101,0,0,0
141100803,1,2,10031194,11141101,0,0,0
141100803,1,3,10031288,11141101,0,0,0
141100803,2,1,10031194,11141101,0,0,0
141100803,2,2,10131166,11142101,0,0,0
141100901,1,1,10031349,11141101,0,0,0
141100901,1,2,10021195,11141101,0,0,0
141100901,1,3,10061347,11141101,0,0,0
141100902,1,1,10071264,11141101,0,0,0
141100902,1,2,10091165,11141101,0,0,0
141100902,1,3,10061347,11141101,0,0,0
141100903,1,1,10121162,11141101,0,0,0
141100903,1,2,10021344,11141101,0,0,0
141100903,1,3,10061347,11141101,0,0,0
141100903,2,1,10051191,11142101,0,0,0
141100903,2,2,10021344,11141101,0,0,0
141101101,1,1,10151141,11141101,0,0,0
141101101,1,2,20011102,11141101,0,0,0
141101101,1,3,10291109,11141101,0,0,0
141101102,1,1,10151141,11141101,0,0,0
141101102,1,2,10141150,11141101,0,0,0
141101102,1,3,10151252,11141101,0,0,0
141101103,1,1,10151141,11141101,0,0,0
141101103,1,2,10041286,11141101,0,0,0
141101103,1,3,10091339,11141101,0,0,0
141101103,2,1,10151141,11141101,0,0,0
141101103,2,2,10011279,11142101,0,0,0
141101201,1,1,10301211,11141101,0,0,0
141101201,1,2,10021289,11141101,0,0,0
141101201,1,3,10031350,11141101,0,0,0
141101202,1,1,10071265,11141101,0,0,0
141101202,1,2,10021289,11141101,0,0,0
141101202,1,3,10011278,11141101,0,0,0
141101202,2,1,10041190,11142101,0,0,0
141101202,2,2,10021289,11141101,0,0,0
141101203,1,1,10211213,11143401,1,1,0
142100201,1,1,10131330,11141201,0,0,0
142100201,1,2,10081276,11141201,0,0,0
142100201,1,3,10131258,11141201,0,0,0
142100202,1,1,10151330,11141201,0,0,0
142100202,1,2,10081185,11141201,0,0,0
142100202,1,3,10131258,11141201,0,0,0
142100203,1,1,10171152,11141201,0,0,0
142100203,1,2,10191151,11141201,0,0,0
142100203,1,3,10131258,11141201,0,0,0
142100203,2,1,10171152,11141201,0,0,0
142100203,2,2,10011280,11142201,0,0,0
142100301,1,1,10181239,11141201,0,0,0
142100301,1,2,10321313,11141201,0,0,0
142100301,1,3,10021196,11141201,0,0,0
142100302,1,1,10181239,11141201,0,0,0
142100302,1,2,10051189,11141201,0,0,0
142100302,1,3,10051280,11141201,0,0,0
142100303,1,1,10181239,11141201,0,0,0
142100303,1,2,10121345,11141201,0,0,0
142100303,1,3,10181336,11141201,0,0,0
142100303,2,1,10141152,11142201,0,0,0
142100303,2,2,10121345,11141201,0,0,0
142100501,1,1,10041342,11141201,0,0,0
142100501,1,2,10161143,11141201,0,0,0
142100501,1,3,10321225,11141201,0,0,0
142100502,1,1,10061190,11141201,0,0,0
142100502,1,2,10161143,11141201,0,0,0
142100502,1,3,10121163,11141201,0,0,0
142100503,1,1,10121346,11141201,0,0,0
142100503,1,2,10161143,11141201,0,0,0
142100503,1,3,10171154,11141201,0,0,0
142100503,2,1,10121346,11141201,0,0,0
142100503,2,2,10141229,11142201,0,0,0
142100601,1,1,10161237,11141201,0,0,0
142100601,1,2,10291319,11141201,0,0,0
142100601,1,3,10071345,11141201,0,0,0
142100602,1,1,10171153,11141201,0,0,0
142100602,1,2,10291319,11141201,0,0,0
142100602,1,3,10321117,11141201,0,0,0
142100603,1,1,10301312,11141201,0,0,0
142100603,1,2,10291319,11141201,0,0,0
142100603,1,3,10111180,11141201,0,0,0
142100603,2,1,10301314,11142201,0,0,0
142100603,2,2,10291319,11141201,0,0,0
142100801,1,1,10191245,11141201,0,0,0
142100801,1,2,10301212,11141201,0,0,0
142100801,1,3,10161325,11141201,0,0,0
142100802,1,1,10191245,11141201,0,0,0
142100802,1,2,10021290,11141201,0,0,0
142100802,1,3,10191246,11141201,0,0,0
142100803,1,1,10191245,11141201,0,0,0
142100803,1,2,10191152,11141201,0,0,0
142100803,1,3,10151253,11141201,0,0,0
142100803,2,1,10191245,11141201,0,0,0
142100803,2,2,20011103,11142201,0,0,0
142100901,1,1,10091340,11141201,0,0,0
142100901,1,2,10151142,11141201,0,0,0
142100901,1,3,10171332,11141201,0,0,0
142100902,1,1,10061270,11141201,0,0,0
142100902,1,2,10151142,11141201,0,0,0
142100902,1,3,10111343,11141201,0,0,0
142100903,1,1,10041287,11141201,0,0,0
142100903,1,2,10151142,11141201,0,0,0
142100903,1,3,10071199,11141201,0,0,0
142100903,2,1,10011350,11142201,0,0,0
142100903,2,2,10151142,11141201,0,0,0
142101101,1,1,10301117,11141201,0,0,0
142101101,1,2,10111181,11141201,0,0,0
142101101,1,3,10051340,11141201,0,0,0
142101102,1,1,10301117,11141201,0,0,0
142101102,1,2,10121259,11141201,0,0,0
142101102,1,3,10111262,11141201,0,0,0
142101103,1,1,10301117,11141201,0,0,0
142101103,1,2,10131164,11141201,0,0,0
142101103,1,3,10141330,11141201,0,0,0
142101103,2,1,10301117,11141201,0,0,0
142101103,2,2,10111264,11142201,0,0,0
142101201,1,1,10051341,11141201,0,0,0
142101201,1,2,10041343,11141201,0,0,0
142101201,1,3,10181156,11141201,0,0,0
142101202,1,1,10041288,11141201,0,0,0
142101202,1,2,10041343,11141201,0,0,0
142101202,1,3,10291215,11141201,0,0,0
142101202,2,1,10301118,11142201,0,0,0
142101202,2,2,10041343,11141201,0,0,0
142101203,1,1,10321318,11143501,1,1,0
143100201,1,1,10301313,11141301,0,0,0
143100201,1,2,20071101,11141301,0,0,0
143100201,1,3,10151254,11141301,0,0,0
143100202,1,1,10301313,11141301,0,0,0
143100202,1,2,10301213,11141301,0,0,0
143100202,1,3,10191247,11141301,0,0,0
143100203,1,1,10301313,11141301,0,0,0
143100203,1,2,10031351,11141301,0,0,0
143100203,1,3,10161238,11141301,0,0,0
143100203,2,1,10301313,11141301,0,0,0
143100203,2,2,10171250,11142301,0,0,0
143100301,1,1,10081277,11141301,0,0,0
143100301,1,2,10191328,11141301,0,0,0
143100301,1,3,10151143,11141301,0,0,0
143100302,1,1,10071266,11141301,0,0,0
143100302,1,2,10191328,11141301,0,0,0
143100302,1,3,10321118,11141301,0,0,0
143100303,1,1,10181157,11141301,0,0,0
143100303,1,2,10191328,11141301,0,0,0
143100303,1,3,10101340,11141301,0,0,0
143100303,2,1,10191330,11142301,0,0,0
143100303,2,2,10191328,11141301,0,0,0
143100501,1,1,10021345,11141301,0,0,0
143100501,1,2,10181337,11141301,0,0,0
143100501,1,3,10291216,11141301,0,0,0
143100502,1,1,10021345,11141301,0,0,0
143100502,1,2,10091254,11141301,0,0,0
143100502,1,3,10031195,11141301,0,0,0
143100503,1,1,10021345,11141301,0,0,0
143100503,1,2,10171333,11141301,0,0,0
143100503,1,3,10081345,11141301,0,0,0
143100503,2,1,10021345,11141301,0,0,0
143100503,2,2,10051281,11142301,0,0,0
143100601,1,1,10081346,11141301,0,0,0
143100601,1,2,10161239,11141301,0,0,0
143100601,1,3,10031290,11141301,0,0,0
143100602,1,1,10081278,11141301,0,0,0
143100602,1,2,10161239,11141301,0,0,0
143100602,1,3,10131165,11141301,0,0,0
143100603,1,1,10181338,11141301,0,0,0
143100603,1,2,10161239,11141301,0,0,0
143100603,1,3,10171334,11141301,0,0,0
143100603,2,1,10081186,11142301,0,0,0
143100603,2,2,10161239,11141301,0,0,0
143100801,1,1,10191329,11141301,0,0,0
143100801,1,2,10161144,11141301,0,0,0
143100801,1,3,10021346,11141301,0,0,0
143100802,1,1,10191329,11141301,0,0,0
143100802,1,2,10091254,11141301,0,0,0
143100802,1,3,10101169,11141301,0,0,0
143100803,1,1,10191329,11141301,0,0,0
143100803,1,2,10121260,11141301,0,0,0
143100803,1,3,10031289,11141301,0,0,0
143100803,2,1,10191329,11141301,0,0,0
143100803,2,2,10141328,11142301,0,0,0
143100901,1,1,10111344,11141301,0,0,0
143100901,1,2,10091255,11141301,0,0,0
143100901,1,3,10081190,11141301,0,0,0
143100902,1,1,10111344,11141301,0,0,0
143100902,1,2,10091166,11141301,0,0,0
143100902,1,3,10101274,11141301,0,0,0
143100903,1,1,10111344,11141301,0,0,0
143100903,1,2,10301119,11141301,0,0,0
143100903,1,3,10101275,11141301,0,0,0
143100903,2,1,10101276,11142301,0,0,0
143100903,2,2,10301119,11141301,0,0,0
143101101,1,1,10101341,11141301,0,0,0
143101101,1,2,10131331,11141301,0,0,0
143101101,1,3,10141151,11141301,0,0,0
143101102,1,1,10321314,11141301,0,0,0
143101102,1,2,10131331,11141301,0,0,0
143101102,1,3,10081347,11141301,0,0,0
143101103,1,1,10131259,11141301,0,0,0
143101103,1,2,10131331,11141301,0,0,0
143101103,1,3,10291217,11141301,0,0,0
143101103,2,1,10131259,11141301,0,0,0
143101103,2,2,10101170,11142301,0,0,0
143101201,1,1,10121164,11141301,0,0,0
143101201,1,2,10321119,11141301,0,0,0
143101201,1,3,10291110,11141301,0,0,0
143101202,1,1,10051190,11141301,0,0,0
143101202,1,2,10061348,11141301,0,0,0
143101202,1,3,10291110,11141301,0,0,0
143101203,1,1,10111345,11141301,0,0,0
143101203,1,2,10191153,11141301,0,0,0
143101203,1,3,10291110,11141301,0,0,0
143101203,2,1,10101342,11142301,0,0,0
143101203,2,2,10191153,11141301,0,0,0
143101301,1,1,10111263,11141301,0,0,0
143101301,1,2,10131260,11141301,0,0,0
143101301,1,3,10131332,11141301,0,0,0
143101302,1,1,10111263,11141301,0,0,0
143101302,1,2,10161326,11141301,0,0,0
143101302,1,3,10061191,11141301,0,0,0
143101302,2,1,10111263,11141301,0,0,0
143101302,2,2,10061349,11142301,0,0,0
143101303,1,1,10311309,11143601,1,1,0
151100201,1,1,10171155,11151101,0,0,0
151100201,1,2,10301120,11151101,0,0,0
151100201,1,3,10071267,11151101,0,0,0
151100202,1,1,10151255,11151101,0,0,0
151100202,1,2,10301120,11151101,0,0,0
151100202,1,3,10181240,11151101,0,0,0
151100203,1,1,10091167,11151101,0,0,0
151100203,1,2,10301120,11151101,0,0,0
151100203,1,3,10041344,11151101,0,0,0
151100203,2,1,10161147,11152101,0,0,0
151100203,2,2,10301120,11151101,0,0,0
151100401,1,1,10031352,11151101,0,0,0
151100401,1,2,10061350,11151101,0,0,0
151100401,1,3,10131167,11151101,0,0,0
151100402,1,1,10031352,11151101,0,0,0
151100402,1,2,10321120,11151101,0,0,0
151100402,1,3,10051342,11151101,0,0,0
151100403,1,1,10031352,11151101,0,0,0
151100403,1,2,10301121,11151101,0,0,0
151100403,1,3,10051192,11151101,0,0,0
151100403,2,1,10031352,11151101,0,0,0
151100403,2,2,10041346,11152101,0,0,0
151100601,1,1,10291320,11151101,0,0,0
151100601,1,2,10071346,11151101,0,0,0
151100601,1,3,10191331,11151101,0,0,0
151100602,1,1,10161240,11151101,0,0,0
151100602,1,2,10131333,11151101,0,0,0
151100602,1,3,10051282,11151101,0,0,0
151100603,1,1,10021291,11151101,0,0,0
151100603,1,2,10291218,11151101,0,0,0
151100603,1,3,10081187,11151101,0,0,0
151100603,2,1,10151146,11152101,0,0,0
151100603,2,2,10291218,11151101,0,0,0
151100801,1,1,10191154,11151101,0,0,0
151100801,1,2,10161145,11151101,0,0,0
151100801,1,3,10121348,11151101,0,0,0
151100802,1,1,10191154,11151101,0,0,0
151100802,1,2,10151331,11151101,0,0,0
151100802,1,3,10061192,11151101,0,0,0
151100803,1,1,10191154,11151101,0,0,0
151100803,1,2,10301315,11151101,0,0,0
151100803,1,3,10111346,11151101,0,0,0
151100803,2,1,10191154,11151101,0,0,0
151100803,2,2,10061352,11152101,0,0,0
151101001,1,1,10031196,11151101,0,0,0
151101001,1,2,10161146,11151101,0,0,0
151101001,1,3,10141153,11151101,0,0,0
151101002,1,1,10321121,11151101,0,0,0
151101002,1,2,10161146,11151101,0,0,0
151101002,1,3,10041289,11151101,0,0,0
151101003,1,1,10091168,11151101,0,0,0
151101003,1,2,10161146,11151101,0,0,0
151101003,1,3,10021197,11151101,0,0,0
151101003,2,1,10101173,11152101,0,0,0
151101003,2,2,10161146,11151101,0,0,0
151101101,1,1,10321315,11151101,0,0,0
151101101,1,2,10031197,11151101,0,0,0
151101101,1,3,10111265,11151101,0,0,0
151101102,1,1,10321315,11151101,0,0,0
151101102,1,2,10031353,11151101,0,0,0
151101102,1,3,10111182,11151101,0,0,0
151101103,1,1,10321315,11151101,0,0,0
151101103,1,2,10151256,11151101,0,0,0
151101103,1,3,10161327,11151101,0,0,0
151101103,2,1,10321315,11151101,0,0,0
151101103,2,2,10101279,11152101,0,0,0
151101301,1,1,10061271,11151101,0,0,0
151101301,1,2,10121262,11151101,0,0,0
151101301,1,3,10091341,11151101,0,0,0
151101302,1,1,10111347,11151101,0,0,0
151101302,1,2,10121262,11151101,0,0,0
151101302,1,3,10171251,11151101,0,0,0
151101303,1,1,10151257,11151101,0,0,0
151101303,1,2,10121262,11151101,0,0,0
151101303,1,3,10141154,11151101,0,0,0
151101303,2,1,10301219,11152101,0,0,0
151101303,2,2,10121262,11151101,0,0,0
151101401,1,1,10161241,11151101,0,0,0
151101401,1,2,10041290,11151101,0,0,0
151101401,1,3,10101277,11151101,0,0,0
151101402,1,1,10141331,11151101,0,0,0
151101402,1,2,10121165,11151101,0,0,0
151101402,1,3,10101277,11151101,0,0,0
151101402,2,1,10131261,11151101,0,0,0
151101402,2,2,10061273,11152101,0,0,0
151101403,1,1,10321229,11153401,1,1,0
152100201,1,1,10061271,11151201,0,0,0
152100201,1,2,10191248,11151201,0,0,0
152100201,1,3,10081348,11151201,0,0,0
152100202,1,1,10061271,11151201,0,0,0
152100202,1,2,10081279,11151201,0,0,0
152100202,1,3,10301216,11151201,0,0,0
152100203,1,1,10061271,11151201,0,0,0
152100203,1,2,10181339,11151201,0,0,0
152100203,1,3,10171335,11151201,0,0,0
152100203,2,1,10061271,11151201,0,0,0
152100203,2,2,20011106,11152201,0,0,0
152100401,1,1,10291219,11151201,0,0,0
152100401,1,2,10061193,11151201,0,0,0
152100401,1,3,10161328,11151201,0,0,0
152100402,1,1,10131262,11151201,0,0,0
152100402,1,2,10061193,11151201,0,0,0
152100402,1,3,10171252,11151201,0,0,0
152100403,1,1,10031291,11151201,0,0,0
152100403,1,2,10061193,11151201,0,0,0
152100403,1,3,10191155,11151201,0,0,0
152100403,2,1,10321317,11152201,0,0,0
152100403,2,2,10061193,11151201,0,0,0
152100501,1,1,10041291,11151201,0,0,0
152100501,1,2,10161242,11151201,0,0,0
152100501,1,3,10181241,11151201,0,0,0
152100502,1,1,10061194,11151201,0,0,0
152100502,1,2,10161242,11151201,0,0,0
152100502,1,3,10191332,11151201,0,0,0
152100503,1,1,10131169,11151201,0,0,0
152100503,1,2,10161242,11151201,0,0,0
152100503,1,3,10111183,11151201,0,0,0
152100503,2,1,10161242,11151201,0,0,0
152100503,2,2,10191333,11152201,0,0,0
152100701,1,1,10181158,11151201,0,0,0
152100701,1,2,10291220,11151201,0,0,0
152100701,1,3,10091169,11151201,0,0,0
152100702,1,1,10321316,11151201,0,0,0
152100702,1,2,10291220,11151201,0,0,0
152100702,1,3,10021198,11151201,0,0,0
152100703,1,1,10301316,11151201,0,0,0
152100703,1,2,10291220,11151201,0,0,0
152100703,1,3,10121263,11151201,0,0,0
152100703,2,1,10011283,11152201,0,0,0
152100703,2,2,10291220,11151201,0,0,0
152100801,1,1,10061272,11151201,0,0,0
152100801,1,2,10041345,11151201,0,0,0
152100801,1,3,10181159,11151201,0,0,0
152100802,1,1,10061272,11151201,0,0,0
152100802,1,2,10171156,11151201,0,0,0
152100802,1,3,10151332,11151201,0,0,0
152100803,1,1,10061272,11151201,0,0,0
152100803,1,2,10191156,11151201,0,0,0
152100803,1,3,10091342,11151201,0,0,0
152100803,2,1,10061272,11151201,0,0,0
152100803,2,2,10141235,11152201,0,0,0
152101001,1,1,10171253,11151201,0,0,0
152101001,1,2,20011104,11151201,0,0,0
152101001,1,3,10031198,11151201,0,0,0
152101002,1,1,10131168,11151201,0,0,0
152101002,1,2,20011104,11151201,0,0,0
152101002,1,3,20071102,11151201,0,0,0
152101003,1,1,10131334,11151201,0,0,0
152101003,1,2,20011104,11151201,0,0,0
152101003,1,3,10081349,11151201,0,0,0
152101003,2,1,10051283,11152201,0,0,0
152101003,2,2,20011104,11151201,0,0,0
152101101,1,1,20071103,11151201,0,0,0
152101101,1,2,10141233,11151201,0,0,0
152101101,1,3,10111266,11151201,0,0,0
152101102,1,1,20071103,11151201,0,0,0
152101102,1,2,10081280,11151201,0,0,0
152101102,1,3,10091343,11151201,0,0,0
152101103,1,1,20071103,11151201,0,0,0
152101103,1,2,10061351,11151201,0,0,0
152101103,1,3,10031292,11151201,0,0,0
152101103,2,1,20071103,11151201,0,0,0
152101103,2,2,10021293,11152201,0,0,0
152101301,1,1,10111348,11151201,0,0,0
152101301,1,2,10291321,11151201,0,0,0
152101301,1,3,10121166,11151201,0,0,0
152101302,1,1,10041191,11151201,0,0,0
152101302,1,2,10291321,11151201,0,0,0
152101302,1,3,10091256,11151201,0,0,0
152101303,1,1,10141234,11151201,0,0,0
152101303,1,2,10291321,11151201,0,0,0
152101303,1,3,10301217,11151201,0,0,0
152101303,2,1,10301220,11152201,0,0,0
152101303,2,2,10291321,11151201,0,0,0
152101401,1,1,10081350,11151201,0,0,0
152101401,1,2,10021292,11151201,0,0,0
152101401,1,3,10121349,11151201,0,0,0
152101402,1,1,10081350,11151201,0,0,0
152101402,1,2,10131263,11151201,0,0,0
152101402,1,3,10181340,11151201,0,0,0
152101402,2,1,10081350,11151201,0,0,0
152101402,2,2,10121264,11152201,0,0,0
152101403,1,1,10211214,11153501,1,1,0
153100201,1,1,10101343,11151301,0,0,0
153100201,1,2,10121350,11151301,0,0,0
153100201,1,3,10161329,11151301,0,0,0
153100202,1,1,10051343,11151301,0,0,0
153100202,1,2,10121350,11151301,0,0,0
153100202,1,3,10171336,11151301,0,0,0
153100203,1,1,10321226,11151301,0,0,0
153100203,1,2,10121350,11151301,0,0,0
153100203,1,3,10021347,11151301,0,0,0
153100203,2,1,10011352,11152301,0,0,0
153100203,2,2,10121350,11151301,0,0,0
153100301,1,1,10091257,11151301,0,0,0
153100301,1,2,10181160,11151301,0,0,0
153100301,1,3,10181341,11151301,0,0,0
153100302,1,1,10091257,11151301,0,0,0
153100302,1,2,10071268,11151301,0,0,0
153100302,1,3,10051193,11151301,0,0,0
153100303,1,1,10091257,11151301,0,0,0
153100303,1,2,10051344,11151301,0,0,0
153100303,1,3,10321122,11151301,0,0,0
153100303,2,1,10091257,11151301,0,0,0
153100303,2,2,10141236,11152301,0,0,0
153100501,1,1,10191249,11151301,0,0,0
153100501,1,2,10321227,11151301,0,0,0
153100501,1,3,20011105,11151301,0,0,0
153100502,1,1,10101171,11151301,0,0,0
153100502,1,2,10321227,11151301,0,0,0
153100502,1,3,10171157,11151301,0,0,0
153100503,1,1,10011281,11151301,0,0,0
153100503,1,2,10321227,11151301,0,0,0
153100503,1,3,10141332,11151301,0,0,0
153100503,2,1,10081188,11152301,0,0,0
153100503,2,2,10321227,11151301,0,0,0
153100601,1,1,10151333,11151301,0,0,0
153100601,1,2,10031293,11151301,0,0,0
153100601,1,3,10291112,11151301,0,0,0
153100602,1,1,10151333,11151301,0,0,0
153100602,1,2,10011282,11151301,0,0,0
153100602,1,3,10021348,11151301,0,0,0
153100603,1,1,10151333,11151301,0,0,0
153100603,1,2,10141155,11151301,0,0,0
153100603,1,3,10041193,11151301,0,0,0
153100603,2,1,10151333,11151301,0,0,0
153100603,2,2,10051284,11152301,0,0,0
153100701,1,1,10321228,11151301,0,0,0
153100701,1,2,10291322,11151301,0,0,0
153100701,1,3,10301317,11151301,0,0,0
153100702,1,1,10031354,11151301,0,0,0
153100702,1,2,10291322,11151301,0,0,0
153100702,1,3,10151144,11151301,0,0,0
153100703,1,1,10301122,11151301,0,0,0
153100703,1,2,10291322,11151301,0,0,0
153100703,1,3,10181242,11151301,0,0,0
153100703,2,1,10041194,11152301,0,0,0
153100703,2,2,10291322,11151301,0,0,0
153100901,1,1,10101344,11151301,0,0,0
153100901,1,2,10051194,11151301,0,0,0
153100901,1,3,10171337,11151301,0,0,0
153100902,1,1,10101344,11151301,0,0,0
153100902,1,2,20071104,11151301,0,0,0
153100902,1,3,10111267,11151301,0,0,0
153100903,1,1,10101344,11151301,0,0,0
153100903,1,2,10151145,11151301,0,0,0
153100903,1,3,10191250,11151301,0,0,0
153100903,2,1,10101344,11151301,0,0,0
153100903,2,2,10011353,11152301,0,0,0
153101001,1,1,10011351,11151301,0,0,0
153101001,1,2,10021199,11151301,0,0,0
153101001,1,3,10131335,11151301,0,0,0
153101002,1,1,10101172,11151301,0,0,0
153101002,1,2,10021199,11151301,0,0,0
153101002,1,3,10121167,11151301,0,0,0
153101003,1,1,10291111,11151301,0,0,0
153101003,1,2,10021199,11151301,0,0,0
153101003,1,3,10071269,11151301,0,0,0
153101003,2,1,10141237,11152301,0,0,0
153101003,2,2,10021199,11151301,0,0,0
153101101,1,1,10301218,11151301,0,0,0
153101101,1,2,10081281,11151301,0,0,0
153101101,1,3,10071347,11151301,0,0,0
153101102,1,1,10091258,11151301,0,0,0
153101102,1,2,10101278,11151301,0,0,0
153101102,1,3,10141333,11151301,0,0,0
153101102,2,1,10021349,11151301,0,0,0
153101102,2,2,10081189,11152301,0,0,0
153101103,1,1,10211114,11153601,0,0,0
153101103,1,2,10311105,11152301,0,0,0
161100201,1,1,20071119,11161101,0,0,0
161100201,1,2,10011299,11161101,0,0,0
161100201,1,3,20041201,11161101,0,0,0
161100202,1,1,10161168,11161101,0,0,0
161100202,1,2,10151160,11161101,0,0,0
161100202,1,3,10091181,11161101,0,0,0
161100203,1,1,20061101,11161101,0,0,0
161100203,1,2,10111277,11161101,0,0,0
161100203,1,3,10201337,11161101,0,0,0
161100203,2,1,20061101,11161101,0,0,0
161100203,2,2,10151267,11162101,0,0,0
161100301,1,1,10301329,11161101,0,0,0
161100301,1,2,10151162,11161101,0,0,0
161100301,1,3,20011121,11161101,0,0,0
161100302,1,1,10101290,11161101,0,0,0
161100302,1,2,20031102,11161101,0,0,0
161100302,1,3,10061361,11161101,0,0,0
161100303,1,1,10141345,11161101,0,0,0
161100303,1,2,10071282,11161101,0,0,0
161100303,1,3,10091358,11161101,0,0,0
161100303,2,1,10141256,11162101,0,0,0
161100303,2,2,10071282,11161101,0,0,0
161100501,1,1,15011109,11163401,1,1,0
161100601,1,1,15011110,11163401,1,1,0
161100801,1,1,10181350,11161101,0,0,0
161100801,1,2,20031103,11161101,0,0,0
161100801,1,3,10111360,11161101,0,0,0
161100802,1,1,10131351,11161101,0,0,0
161100802,1,2,10301330,11161101,0,0,0
161100802,1,3,20031201,11161101,0,0,0
161100803,1,1,10141168,11161101,0,0,0
161100803,1,2,20021201,11161101,0,0,0
161100803,1,3,10031368,11161101,0,0,0
161100803,2,1,10141168,11161101,0,0,0
161100803,2,2,10151268,11162101,0,0,0
161100901,1,1,10201338,11161101,0,0,0
161100901,1,2,10111194,11161101,0,0,0
161100901,1,3,10101357,11161101,0,0,0
161100902,1,1,10301233,11161101,0,0,0
161100902,1,2,10011374,11161101,0,0,0
161100902,1,3,10131352,11161101,0,0,0
161100903,1,1,20041202,11161101,0,0,0
161100903,1,2,10101291,11161101,0,0,0
161100903,1,3,10111361,11161101,0,0,0
161100903,2,1,10141257,11162101,0,0,0
161100903,2,2,10101291,11161101,0,0,0
161101101,1,1,10091359,11161101,0,0,0
161101101,1,2,10121276,11161101,0,0,0
161101101,1,3,10071357,11161101,0,0,0
161101102,1,1,10181168,11161101,0,0,0
161101102,1,2,10131353,11161101,0,0,0
161101102,1,3,10061362,11161101,0,0,0
161101103,1,1,20021101,11161101,0,0,0
161101103,1,2,10061283,11161101,0,0,0
161101103,1,3,20011201,11161101,0,0,0
161101103,2,1,20021101,11161101,0,0,0
161101103,2,2,10301136,11162101,0,0,0
161101201,1,1,10141169,11161101,0,0,0
161101201,1,2,10121277,11161101,0,0,0
161101201,1,3,10101358,11161101,0,0,0
161101202,1,1,10301135,11161101,0,0,0
161101202,1,2,20041101,11161101,0,0,0
161101202,1,3,10151345,11161101,0,0,0
161101202,2,1,10151269,11162101,0,0,0
161101202,2,2,20041101,11161101,0,0,0
161101203,1,1,10211222,11163501,1,1,0
162100201,1,1,20021202,11161201,0,0,0
162100201,1,2,10161257,11161201,0,0,0
162100201,1,3,10301331,11161201,0,0,0
162100202,1,1,20021102,11161201,0,0,0
162100202,1,2,10121278,11161201,0,0,0
162100202,1,3,10201238,11161201,0,0,0
162100203,1,1,10091270,11161201,0,0,0
162100203,1,2,10201132,11161201,0,0,0
162100203,1,3,10011375,11161201,0,0,0
162100203,2,1,10091270,11161201,0,0,0
162100203,2,2,10141258,11162201,0,0,0
162100301,1,1,10161343,11161201,0,0,0
162100301,1,2,10061284,11161201,0,0,0
162100301,1,3,20011202,11161201,0,0,0
162100302,1,1,20011122,11161201,0,0,0
162100302,1,2,10201339,11161201,0,0,0
162100302,1,3,10021362,11161201,0,0,0
162100303,1,1,10101359,11161201,0,0,0
162100303,1,2,20071120,11161201,0,0,0
162100303,1,3,10131275,11161201,0,0,0
162100303,2,1,10141346,11162201,0,0,0
162100303,2,2,20071120,11161201,0,0,0
162100501,1,1,10161256,11161201,0,0,0
162100501,1,2,10091271,11161201,0,0,0
162100501,1,3,10171265,11161201,0,0,0
162100502,1,1,20041203,11161201,0,0,0
162100502,1,2,10031369,11161201,0,0,0
162100502,1,3,10161258,11161201,0,0,0
162100503,1,1,10181169,11161201,0,0,0
162100503,1,2,20031202,11161201,0,0,0
162100503,1,3,20021203,11161201,0,0,0
162100503,2,1,10181169,11161201,0,0,0
162100503,2,2,10161169,11162201,0,0,0
162100601,1,1,20011123,11161201,0,0,0
162100601,1,2,10181253,11161201,0,0,0
162100601,1,3,10301235,11161201,0,0,0
162100602,1,1,10171350,11161201,0,0,0
162100602,1,2,10101189,11161201,0,0,0
162100602,1,3,10111362,11161201,0,0,0
162100603,1,1,10111278,11161201,0,0,0
162100603,1,2,10171176,11161201,0,0,0
162100603,1,3,10121180,11161201,0,0,0
162100603,2,1,10021363,11162201,0,0,0
162100603,2,2,10171176,11161201,0,0,0
162100801,1,1,10071283,11161201,0,0,0
162100801,1,2,10301234,11161201,0,0,0
162100801,1,3,10111279,11161201,0,0,0
162100802,1,1,10121178,11161201,0,0,0
162100802,1,2,20031203,11161201,0,0,0
162100802,1,3,10131277,11161201,0,0,0
162100803,1,1,10171351,11161201,0,0,0
162100803,1,2,10101190,11161201,0,0,0
162100803,1,3,10151346,11161201,0,0,0
162100803,2,1,10171351,11161201,0,0,0
162100803,2,2,10121179,11162201,0,0,0
162100901,1,1,10021364,11161201,0,0,0
162100901,1,2,10061285,11161201,0,0,0
162100901,1,3,10171177,11161201,0,0,0
162100902,1,1,10131276,11161201,0,0,0
162100902,1,2,10161344,11161201,0,0,0
162100902,1,3,10151347,11161201,0,0,0
162100903,1,1,10161170,11161201,0,0,0
162100903,1,2,10181254,11161201,0,0,0
162100903,1,3,10111195,11161201,0,0,0
162100903,2,1,10101188,11162201,0,0,0
162100903,2,2,10181254,11161201,0,0,0
162101101,1,1,130221101,11161201,0,0,0
162101101,1,2,130231201,11161201,0,0,0
162101101,1,3,130221301,11161201,0,0,0
162101102,1,1,130221201,11161201,0,0,0
162101102,1,2,130221101,11161201,0,0,0
162101102,1,3,130231101,11161201,0,0,0
162101103,1,1,130221301,11161201,0,0,0
162101103,1,2,130231201,11161201,0,0,0
162101103,1,3,130221101,11161201,0,0,0
162101103,2,1,130221301,11161201,0,0,0
162101103,2,2,130231301,11162201,0,0,0
162101201,1,1,10011376,11161201,0,0,0
162101201,1,2,10171266,11161201,0,0,0
162101201,1,3,10031370,11161201,0,0,0
162101202,1,1,130221202,11161201,0,0,0
162101202,1,2,130231102,11161201,0,0,0
162101202,1,3,130231302,11161201,0,0,0
162101202,2,1,130221102,11162201,0,0,0
162101202,2,2,130231102,11161201,0,0,0
162101203,1,1,10321232,11163601,1,1,0
163100201,1,1,130241317,11161301,0,0,0
163100201,1,2,130241118,11161301,0,0,0
163100201,1,3,130251219,11161301,0,0,0
163100202,1,1,130251119,11161301,0,0,0
163100202,1,2,130241317,11161301,0,0,0
163100202,1,3,130251319,11161301,0,0,0
163100203,1,1,130251219,11161301,0,0,0
163100203,1,2,130241118,11161301,0,0,0
163100203,1,3,130241317,11161301,0,0,0
163100203,2,1,130251219,11161301,0,0,0
163100203,2,2,130241222,11162301,0,0,0
163100301,1,1,130251320,11161301,0,0,0
163100301,1,2,130251220,11161301,0,0,0
163100301,1,3,130241223,11161301,0,0,0
163100302,1,1,130251220,11161301,0,0,0
163100302,1,2,130241119,11161301,0,0,0
163100302,1,3,130241318,11161301,0,0,0
163100302,2,1,130251120,11162301,0,0,0
163100302,2,2,130241119,11161301,0,0,0
163100303,1,1,10490201,11161301,0,1,0
163100401,1,1,130241304,11161301,0,0,0
163100401,1,2,130241106,11161301,0,0,0
163100401,1,3,130251206,11161301,0,0,0
163100402,1,1,130251105,11161301,0,0,0
163100402,1,2,130241304,11161301,0,0,0
163100402,1,3,130251305,11161301,0,0,0
163100403,1,1,130251206,11161301,0,0,0
163100403,1,2,130241106,11161301,0,0,0
163100403,1,3,130241304,11161301,0,0,0
163100403,2,1,130251206,11161301,0,0,0
163100403,2,2,130241207,11162301,0,0,0
163100501,1,1,130251306,11161301,0,0,0
163100501,1,2,130241208,11161301,0,0,0
163100501,1,3,130251106,11161301,0,0,0
163100502,1,1,130251207,11161301,0,0,0
163100502,1,2,130251106,11161301,0,0,0
163100502,1,3,130241107,11161301,0,0,0
163100503,1,1,130251106,11161301,0,0,0
163100503,1,2,130251306,11161301,0,0,0
163100503,1,3,130241208,11161301,0,0,0
163100503,2,1,130241305,11162301,0,0,0
163100503,2,2,130251306,11161301,0,0,0
163100701,1,1,10490202,11161301,0,1,0
163100801,1,1,130251208,11161301,0,0,0
163100801,1,2,130241306,11161301,0,0,0
163100801,1,3,130241108,11161301,0,0,0
163100802,1,1,130251307,11161301,0,0,0
163100802,1,2,130251208,11161301,0,0,0
163100802,1,3,130241209,11161301,0,0,0
163100803,1,1,130241108,11161301,0,0,0
163100803,1,2,130241306,11161301,0,0,0
163100803,1,3,130251208,11161301,0,0,0
163100803,2,1,130241108,11161301,0,0,0
163100803,2,2,130251107,11162301,0,0,0
163101001,1,1,10201133,11161301,0,0,0
163101001,1,2,10111196,11161301,0,0,0
163101001,1,3,10061363,11161301,0,0,0
163101002,1,1,130241210,11161301,0,0,0
163101002,1,2,130251108,11161301,0,0,0
163101002,1,3,130241307,11161301,0,0,0
163101003,1,1,10071358,11161301,0,0,0
163101003,1,2,10091182,11161301,0,0,0
163101003,1,3,10201239,11161301,0,0,0
163101003,2,1,10201134,11162301,0,0,0
163101003,2,2,10091182,11161301,0,0,0
163101101,1,1,10141347,11161301,0,0,0
163101101,1,2,10071359,11161301,0,0,0
163101101,1,3,20041102,11161301,0,0,0
163101102,1,1,130241109,11161301,0,0,0
163101102,1,2,130251308,11161301,0,0,0
163101102,1,3,130241308,11161301,0,0,0
163101103,1,1,10181351,11161301,0,0,0
163101103,1,2,20031101,11161301,0,0,0
163101103,1,3,10151161,11161301,0,0,0
163101103,2,1,10181351,11161301,0,0,0
163101103,2,2,10301137,11162301,0,0,0
163101301,1,1,20061102,11161301,0,0,0
163101301,1,2,10091360,11161301,0,0,0
163101301,1,3,10161345,11161301,0,0,0
163101302,1,1,130251309,11161301,0,0,0
163101302,1,2,130241211,11161301,0,0,0
163101302,1,3,130251109,11161301,0,0,0
163101302,2,1,130251209,11162301,0,0,0
163101302,2,2,130241211,11161301,0,0,0
163101303,1,1,10311110,11163701,1,1,0
171100201,1,1,10051198,11171101,0,0,0
171100201,1,2,10101287,11171101,0,0,0
171100201,1,3,10211218,11171101,0,0,0
171100202,1,1,130241110,11171101,0,0,0
171100202,1,2,130251210,11171101,0,0,0
171100202,1,3,130241309,11171101,0,0,0
171100203,1,1,10061197,11171101,0,0,0
171100203,1,2,10041364,11171101,0,0,0
171100203,1,3,10131348,11171101,0,0,0
171100203,2,1,10061197,11171101,0,0,0
171100203,2,2,10091265,11172101,0,0,0
171100301,1,1,20041204,11171101,0,0,0
171100301,1,2,10151342,11171101,0,0,0
171100301,1,3,20031204,11171101,0,0,0
171100302,1,1,130241212,11171101,0,0,0
171100302,1,2,130241111,11171101,0,0,0
171100302,1,3,130251110,11171101,0,0,0
171100303,1,1,20031204,11171101,0,0,0
171100303,1,2,10071280,11171101,0,0,0
171100303,1,3,10141250,11171101,0,0,0
171100303,2,1,10091355,11172101,0,0,0
171100303,2,2,10071280,11171101,0,0,0
171100501,1,1,10171262,11171101,0,0,0
171100501,1,2,10111358,11171101,0,0,0
171100501,1,3,10161163,11171101,0,0,0
171100502,1,1,130241310,11171101,0,0,0
171100502,1,2,130251211,11171101,0,0,0
171100502,1,3,130241112,11171101,0,0,0
171100503,1,1,10151155,11171101,0,0,0
171100503,1,2,10011371,11171101,0,0,0
171100503,1,3,10081355,11171101,0,0,0
171100503,2,1,10151155,11171101,0,0,0
171100503,2,2,10061279,11172101,0,0,0
171100601,1,1,10081290,11171101,0,0,0
171100601,1,2,10051199,11171101,0,0,0
171100601,1,3,10181163,11171101,0,0,0
171100602,1,1,130251111,11171101,0,0,0
171100602,1,2,130251310,11171101,0,0,0
171100602,1,3,130241213,11171101,0,0,0
171100603,1,1,10161340,11171101,0,0,0
171100603,1,2,10301133,11171101,0,0,0
171100603,1,3,10101185,11171101,0,0,0
171100603,2,1,10141342,11172101,0,0,0
171100603,2,2,10301133,11171101,0,0,0
171100801,1,1,10191340,11171101,0,0,0
171100801,1,2,10011372,11171101,0,0,0
171100801,1,3,10091179,11171101,0,0,0
171100802,1,1,130241311,11171101,0,0,0
171100802,1,2,130241214,11171101,0,0,0
171100802,1,3,130251212,11171101,0,0,0
171100803,1,1,10021297,11171101,0,0,0
171100803,1,2,10151264,11171101,0,0,0
171100803,1,3,10091356,11171101,0,0,0
171100803,2,1,10021297,11171101,0,0,0
171100803,2,2,10161254,11172101,0,0,0
171100901,1,1,10191261,11171101,0,0,0
171100901,1,2,20031104,11171101,0,0,0
171100901,1,3,10051349,11171101,0,0,0
171100902,1,1,130241215,11171101,0,0,0
171100902,1,2,130251112,11171101,0,0,0
171100902,1,3,130251311,11171101,0,0,0
171100903,1,1,20031104,11171101,0,0,0
171100903,1,2,10131273,11171101,0,0,0
171100903,1,3,10141163,11171101,0,0,0
171100903,2,1,10161164,11172101,0,0,0
171100903,2,2,10131273,11171101,0,0,0
171101101,1,1,10091178,11171101,0,0,0
171101101,1,2,10171347,11171101,0,0,0
171101101,1,3,10301326,11171101,0,0,0
171101102,1,1,10111275,11171101,0,0,0
171101102,1,2,10081196,11171101,0,0,0
171101102,1,3,10151265,11171101,0,0,0
171101103,1,1,10061359,11171101,0,0,0
171101103,1,2,10141343,11171101,0,0,0
171101103,1,3,20031205,11171101,0,0,0
171101103,2,1,10061359,11171101,0,0,0
171101103,2,2,10301230,11172101,0,0,0
171101201,1,1,10081195,11171101,0,0,0
171101201,1,2,10201235,11171101,0,0,0
171101201,1,3,20031105,11171101,0,0,0
171101202,1,1,10141251,11171101,0,0,0
171101202,1,2,10021360,11171101,0,0,0
171101202,1,3,10171263,11171101,0,0,0
171101202,2,1,10201130,11172101,0,0,0
171101202,2,2,10021360,11171101,0,0,0
171101203,1,1,10311210,11173401,1,1,0
172100201,1,1,10141252,11171201,0,0,0
172100201,1,2,10161341,11171201,0,0,0
172100201,1,3,10121175,11171201,0,0,0
172100202,1,1,10071355,11171201,0,0,0
172100202,1,2,10151343,11171201,0,0,0
172100202,1,3,20011118,11171201,0,0,0
172100203,1,1,10201131,11171201,0,0,0
172100203,1,2,10011297,11171201,0,0,0
172100203,1,3,20051101,11171201,0,0,0
172100203,2,1,10201131,11171201,0,0,0
172100203,2,2,10131349,11172201,0,0,0
172100301,1,1,20071117,11171201,0,0,0
172100301,1,2,10171172,11171201,0,0,0
172100301,1,3,10121273,11171201,0,0,0
172100302,1,1,10061280,11171201,0,0,0
172100302,1,2,10111192,11171201,0,0,0
172100302,1,3,10141344,11171201,0,0,0
172100303,1,1,10031365,11171201,0,0,0
172100303,1,2,10181252,11171201,0,0,0
172100303,1,3,20011119,11171201,0,0,0
172100303,2,1,10301327,11172201,0,0,0
172100303,2,2,10181252,11171201,0,0,0
172100501,1,1,10061360,11171201,0,0,0
172100501,1,2,10131177,11171201,0,0,0
172100501,1,3,10011298,11171201,0,0,0
172100502,1,1,10051290,11171201,0,0,0
172100502,1,2,10151348,11171201,0,0,0
172100502,1,3,10101360,11171201,0,0,0
172100503,1,1,10101355,11171201,0,0,0
172100503,1,2,10161165,11171201,0,0,0
172100503,1,3,10091266,11171201,0,0,0
172100503,2,1,10101355,11171201,0,0,0
172100503,2,2,10141164,11172201,0,0,0
172100601,1,1,10081291,11171201,0,0,0
172100601,1,2,10111276,11171201,0,0,0
172100601,1,3,20041205,11171201,0,0,0
172100602,1,1,10171348,11171201,0,0,0
172100602,1,2,10301231,11171201,0,0,0
172100602,1,3,10101186,11171201,0,0,0
172100603,1,1,10121357,11171201,0,0,0
172100603,1,2,20021103,11171201,0,0,0
172100603,1,3,10201335,11171201,0,0,0
172100603,2,1,10201334,11172201,0,0,0
172100603,2,2,20021103,11171201,0,0,0
172100801,1,1,10121358,11171201,0,0,0
172100801,1,2,10041369,11171201,0,0,0
172100801,1,3,10131350,11171201,0,0,0
172100802,1,1,130251113,11171201,0,0,0
172100802,1,2,130241312,11171201,0,0,0
172100802,1,3,130251312,11171201,0,0,0
172100803,1,1,10041199,11171201,0,0,0
172100803,1,2,10111280,11171201,0,0,0
172100803,1,3,10081197,11171201,0,0,0
172100803,2,1,10041199,11171201,0,0,0
172100803,2,2,20061103,11172201,0,0,0
172100901,1,1,10101187,11171201,0,0,0
172100901,1,2,10181352,11171201,0,0,0
172100901,1,3,10091267,11171201,0,0,0
172100902,1,1,130251213,11171201,0,0,0
172100902,1,2,130241113,11171201,0,0,0
172100902,1,3,130241313,11171201,0,0,0
172100902,2,1,130251213,11171201,0,0,0
172100902,2,2,130241216,11172201,0,0,0
172100903,1,1,10291324,11173501,1,1,0
173100201,1,1,10091180,11171301,0,0,0
173100201,1,2,10181255,11171301,0,0,0
173100201,1,3,10101288,11171301,0,0,0
173100202,1,1,130251114,11171301,0,0,0
173100202,1,2,130241217,11171301,0,0,0
173100202,1,3,130251313,11171301,0,0,0
173100203,1,1,10141165,11171301,0,0,0
173100203,1,2,10071360,11171301,0,0,0
173100203,1,3,10121274,11171301,0,0,0
173100203,2,1,10141165,11171301,0,0,0
173100203,2,2,20061104,11172301,0,0,0
173100301,1,1,10181165,11171301,0,0,0
173100301,1,2,10031366,11171301,0,0,0
173100301,1,3,10121176,11171301,0,0,0
173100302,1,1,130251214,11171301,0,0,0
173100302,1,2,130251115,11171301,0,0,0
173100302,1,3,130241114,11171301,0,0,0
173100303,1,1,10141253,11171301,0,0,0
173100303,1,2,10091269,11171301,0,0,0
173100303,1,3,10021361,11171301,0,0,0
173100303,2,1,10151156,11172301,0,0,0
173100303,2,2,10091269,11171301,0,0,0
173100501,1,1,10301232,11171301,0,0,0
173100501,1,2,10081356,11171301,0,0,0
173100501,1,3,10101289,11171301,0,0,0
173100502,1,1,130251314,11171301,0,0,0
173100502,1,2,130241218,11171301,0,0,0
173100502,1,3,130251116,11171301,0,0,0
173100503,1,1,10131178,11171301,0,0,0
173100503,1,2,10201236,11171301,0,0,0
173100503,1,3,10081292,11171301,0,0,0
173100503,2,1,10131178,11171301,0,0,0
173100503,2,2,10201336,11172301,0,0,0
173100601,1,1,10181348,11171301,0,0,0
173100601,1,2,20021104,11171301,0,0,0
173100601,1,3,10071356,11171301,0,0,0
173100602,1,1,130241115,11171301,0,0,0
173100602,1,2,130241314,11171301,0,0,0
173100602,1,3,130251215,11171301,0,0,0
173100603,1,1,20041206,11171301,0,0,0
173100603,1,2,10161166,11171301,0,0,0
173100603,1,3,10301328,11171301,0,0,0
173100603,2,1,10091268,11172301,0,0,0
173100603,2,2,10161166,11171301,0,0,0
173100801,1,1,20041103,11171301,0,0,0
173100801,1,2,10191341,11171301,0,0,0
173100801,1,3,10141166,11171301,0,0,0
173100802,1,1,130251315,11171301,0,0,0
173100802,1,2,130251216,11171301,0,0,0
173100802,1,3,130241219,11171301,0,0,0
173100803,1,1,10191262,11171301,0,0,0
173100803,1,2,10111193,11171301,0,0,0
173100803,1,3,10061282,11171301,0,0,0
173100803,2,1,10191262,11171301,0,0,0
173100803,2,2,10151158,11172301,0,0,0
173100901,1,1,10211219,11171301,0,0,0
173100901,1,2,10151266,11171301,0,0,0
173100901,1,3,10021299,11171301,0,0,0
173100902,1,1,130251217,11171301,0,0,0
173100902,1,2,130241116,11171301,0,0,0
173100902,1,3,130241315,11171301,0,0,0
173100903,1,1,10121177,11171301,0,0,0
173100903,1,2,10161255,11171301,0,0,0
173100903,1,3,10181167,11171301,0,0,0
173100903,2,1,10061198,11172301,0,0,0
173100903,2,2,10161255,11171301,0,0,0
173101101,1,1,10161342,11171301,0,0,0
173101101,1,2,10111197,11171301,0,0,0
173101101,1,3,10191166,11171301,0,0,0
173101102,1,1,10201237,11171301,0,0,0
173101102,1,2,10031367,11171301,0,0,0
173101102,1,3,10121360,11171301,0,0,0
173101103,1,1,10111359,11171301,0,0,0
173101103,1,2,10191164,11171301,0,0,0
173101103,1,3,10171349,11171301,0,0,0
173101103,2,1,10111359,11171301,0,0,0
173101103,2,2,10211220,11172301,0,0,0
173101201,1,1,10131274,11171301,0,0,0
173101201,1,2,20011120,11171301,0,0,0
173101201,1,3,10081357,11171301,0,0,0
173101202,1,1,10141167,11171301,0,0,0
173101202,1,2,10191165,11171301,0,0,0
173101202,1,3,20011203,11171301,0,0,0
173101203,1,1,10171264,11171301,0,0,0
173101203,1,2,10051289,11171301,0,0,0
173101203,1,3,10181349,11171301,0,0,0
173101203,2,1,10151157,11172301,0,0,0
173101203,2,2,10051289,11171301,0,0,0
173101401,1,1,10011373,11171301,0,0,0
173101401,1,2,10071281,11171301,0,0,0
173101401,1,3,10171174,11171301,0,0,0
173101402,1,1,130241220,11171301,0,0,0
173101402,1,2,130251117,11171301,0,0,0
173101402,1,3,130251316,11171301,0,0,0
173101403,1,1,10051350,11171301,0,0,0
173101403,1,2,10151344,11171301,0,0,0
173101403,1,3,10141254,11171301,0,0,0
173101403,2,1,10051350,11171301,0,0,0
173101403,2,2,10161167,11172301,0,0,0
173101501,1,1,10061199,11171301,0,0,0
173101501,1,2,10171175,11171301,0,0,0
173101501,1,3,10141255,11171301,0,0,0
173101502,1,1,130241117,11171301,0,0,0
173101502,1,2,130251317,11171301,0,0,0
173101502,1,3,130241316,11171301,0,0,0
173101503,1,1,10191342,11171301,0,0,0
173101503,1,2,20071118,11171301,0,0,0
173101503,1,3,10101356,11171301,0,0,0
173101503,2,1,10151159,11172301,0,0,0
173101503,2,2,20071118,11171301,0,0,0
173101601,1,1,10301134,11171301,0,0,0
173101601,1,2,10091357,11171301,0,0,0
173101601,1,3,10121275,11171301,0,0,0
173101602,1,1,130251318,11171301,0,0,0
173101602,1,2,130241221,11171301,0,0,0
173101602,1,3,130251118,11171301,0,0,0
173101602,2,1,130251218,11172301,0,0,0
173101602,2,2,130241221,11171301,0,0,0
173101603,1,1,10321233,11173601,1,1,0
181100201,1,1,130241120,11181101,0,0,0
181100201,1,2,130251221,11181101,0,0,0
181100201,1,3,130361301,11181101,0,0,0
181100202,1,1,130361101,11181101,0,0,0
181100202,1,2,130241224,11181101,0,0,0
181100202,1,3,130251321,11181101,0,0,0
181100203,1,1,130251121,11181101,0,0,0
181100203,1,2,130361201,11181101,0,0,0
181100203,1,3,130241319,11181101,0,0,0
181100203,2,1,130251121,11181101,0,0,0
181100203,2,2,130241320,11182101,0,0,0
181100301,1,1,130241321,11181101,0,0,0
181100301,1,2,130251122,11181101,0,0,0
181100301,1,3,130361303,11181101,0,0,0
181100302,1,1,130251222,11181101,0,0,0
181100302,1,2,130361202,11181101,0,0,0
181100302,1,3,130241121,11181101,0,0,0
181100303,1,1,130361103,11181101,0,0,0
181100303,1,2,130241225,11181101,0,0,0
181100303,1,3,130251322,11181101,0,0,0
181100303,2,1,130251323,11182101,0,0,0
181100303,2,2,130241225,11181101,0,0,0
181100501,1,1,130261101,11181101,0,0,0
181100501,1,2,130371201,11181101,0,0,0
181100501,1,3,130381301,11181101,0,0,0
181100502,1,1,130381101,11181101,0,0,0
181100502,1,2,130261201,11181101,0,0,0
181100502,1,3,130371301,11181101,0,0,0
181100503,1,1,130371101,11181101,0,0,0
181100503,1,2,130381201,11181101,0,0,0
181100503,1,3,130261301,11181101,0,0,0
181100503,2,1,130371101,11181101,0,0,0
181100503,2,2,130261302,11182101,0,0,0
181100601,1,1,130371202,11181101,0,0,0
181100601,1,2,130381202,11181101,0,0,0
181100601,1,3,130261102,11181101,0,0,0
181100602,1,1,130381102,11181101,0,0,0
181100602,1,2,130261202,11181101,0,0,0
181100602,1,3,130371302,11181101,0,0,0
181100603,1,1,130261303,11181101,0,0,0
181100603,1,2,130371102,11181101,0,0,0
181100603,1,3,130381302,11181101,0,0,0
181100603,2,1,130381303,11182101,0,0,0
181100603,2,2,130371102,11181101,0,0,0
181100801,1,1,130381336,11181101,0,0,0
181100801,1,2,130261103,11181101,0,0,0
181100801,1,3,130371131,11181101,0,0,0
181100802,1,1,130371203,11181101,0,0,0
181100802,1,2,130381229,11181101,0,0,0
181100802,1,3,130261304,11181101,0,0,0
181100803,1,1,130261202,11181101,0,0,0
181100803,1,2,130371303,11181101,0,0,0
181100803,1,3,130381103,11181101,0,0,0
181100803,2,1,130261202,11181101,0,0,0
181100803,2,2,130381104,11182101,0,0,0
181100901,1,1,130371103,11181101,0,0,0
181100901,1,2,130381203,11181101,0,0,0
181100901,1,3,130261305,11181101,0,0,0
181100902,1,1,130261104,11181101,0,0,0
181100902,1,2,130371204,11181101,0,0,0
181100902,1,3,130381304,11181101,0,0,0
181100903,1,1,130381105,11181101,0,0,0
181100903,1,2,130261203,11181101,0,0,0
181100903,1,3,130371304,11181101,0,0,0
181100903,2,1,130371305,11182101,0,0,0
181100903,2,2,130261203,11181101,0,0,0
181101101,1,1,130381139,11181101,0,0,0
181101101,1,2,130261203,11181101,0,0,0
181101101,1,3,130371339,11181101,0,0,0
181101102,1,1,130261305,11181101,0,0,0
181101102,1,2,130371132,11181101,0,0,0
181101102,1,3,130381337,11181101,0,0,0
181101103,1,1,130371204,11181101,0,0,0
181101103,1,2,130381230,11181101,0,0,0
181101103,1,3,130261104,11181101,0,0,0
181101103,2,1,130371204,11181101,0,0,0
181101103,2,2,130261105,11182101,0,0,0
181101201,1,1,130381305,11181101,0,0,0
181101201,1,2,130261106,11181101,0,0,0
181101201,1,3,130371104,11181101,0,0,0
181101202,1,1,130371205,11181101,0,0,0
181101202,1,2,130381204,11181101,0,0,0
181101202,1,3,130261306,11181101,0,0,0
181101203,1,1,130381106,11181101,0,0,0
181101203,1,2,130261204,11181101,0,0,0
181101203,1,3,130371306,11181101,0,0,0
181101203,2,1,130371307,11182101,0,0,0
181101203,2,2,130261204,11181101,0,0,0
181101401,1,1,10171360,11181101,0,0,0
181101401,1,2,10041379,11181101,0,0,0
181101401,1,3,10131358,11181101,0,0,0
181101402,1,1,130371133,11181101,0,0,0
181101402,1,2,130261107,11181101,0,0,0
181101402,1,3,130381140,11181101,0,0,0
181101402,2,1,130371133,11181101,0,0,0
181101402,2,2,130381107,11182101,0,0,0
181101403,1,1,10301337,11183401,1,1,0
182100201,1,1,130381108,11181201,0,0,0
182100201,1,2,130261205,11181201,0,0,0
182100201,1,3,130371308,11181201,0,0,0
182100202,1,1,130261307,11181201,0,0,0
182100202,1,2,130371105,11181201,0,0,0
182100202,1,3,130381306,11181201,0,0,0
182100203,1,1,130381205,11181201,0,0,0
182100203,1,2,130371206,11181201,0,0,0
182100203,1,3,130261135,11181201,0,0,0
182100203,2,1,130261108,11182201,0,0,0
182100203,2,2,130371206,11181201,0,0,0
182100301,1,1,130381307,11181201,0,0,0
182100301,1,2,130261109,11181201,0,0,0
182100301,1,3,130371106,11181201,0,0,0
182100302,1,1,130371207,11181201,0,0,0
182100302,1,2,130381206,11181201,0,0,0
182100302,1,3,130261308,11181201,0,0,0
182100303,1,1,130261206,11181201,0,0,0
182100303,1,2,130371309,11181201,0,0,0
182100303,1,3,130381109,11181201,0,0,0
182100303,2,1,130261206,11181201,0,0,0
182100303,2,2,130381110,11182201,0,0,0
182100401,1,1,130371107,11181201,0,0,0
182100401,1,2,130381207,11181201,0,0,0
182100401,1,3,130261309,11181201,0,0,0
182100402,1,1,130261110,11181201,0,0,0
182100402,1,2,130371208,11181201,0,0,0
182100402,1,3,130381308,11181201,0,0,0
182100403,1,1,130381111,11181201,0,0,0
182100403,1,2,130261207,11181201,0,0,0
182100403,1,3,130371310,11181201,0,0,0
182100403,2,1,130371311,11182201,0,0,0
182100403,2,2,130261207,11181201,0,0,0
182100601,1,1,130381112,11181201,0,0,0
182100601,1,2,130261208,11181201,0,0,0
182100601,1,3,130371312,11181201,0,0,0
182100602,1,1,130261310,11181201,0,0,0
182100602,1,2,130371108,11181201,0,0,0
182100602,1,3,130381309,11181201,0,0,0
182100603,1,1,130371209,11181201,0,0,0
182100603,1,2,130381208,11181201,0,0,0
182100603,1,3,130261111,11181201,0,0,0
182100603,2,1,130371209,11181201,0,0,0
182100603,2,2,130261136,11182201,0,0,0
182100701,1,1,130381310,11181201,0,0,0
182100701,1,2,130261112,11181201,0,0,0
182100701,1,3,130371109,11181201,0,0,0
182100702,1,1,130371210,11181201,0,0,0
182100702,1,2,130381209,11181201,0,0,0
182100702,1,3,130261311,11181201,0,0,0
182100703,1,1,130381113,11181201,0,0,0
182100703,1,2,130261209,11181201,0,0,0
182100703,1,3,130371313,11181201,0,0,0
182100703,2,1,130371314,11182201,0,0,0
182100703,2,2,130261209,11181201,0,0,0
182100901,1,1,130261113,11181201,0,0,0
182100901,1,2,130371211,11181201,0,0,0
182100901,1,3,130381311,11181201,0,0,0
182100902,1,1,130381114,11181201,0,0,0
182100902,1,2,130261210,11181201,0,0,0
182100902,1,3,130371315,11181201,0,0,0
182100903,1,1,130371110,11181201,0,0,0
182100903,1,2,130381210,11181201,0,0,0
182100903,1,3,130261312,11181201,0,0,0
182100903,2,1,130371110,11181201,0,0,0
182100903,2,2,130261313,11182201,0,0,0
182101001,1,1,130371212,11181201,0,0,0
182101001,1,2,130381211,11181201,0,0,0
182101001,1,3,130261114,11181201,0,0,0
182101002,1,1,130381115,11181201,0,0,0
182101002,1,2,130261211,11181201,0,0,0
182101002,1,3,130371316,11181201,0,0,0
182101003,1,1,130261314,11181201,0,0,0
182101003,1,2,130371111,11181201,0,0,0
182101003,1,3,130381312,11181201,0,0,0
182101003,2,1,130381313,11182201,0,0,0
182101003,2,2,130371111,11181201,0,0,0
182101201,1,1,130381314,11181201,0,0,0
182101201,1,2,130261115,11181201,0,0,0
182101201,1,3,130371112,11181201,0,0,0
182101202,1,1,130371213,11181201,0,0,0
182101202,1,2,130381212,11181201,0,0,0
182101202,1,3,130261315,11181201,0,0,0
182101203,1,1,130261212,11181201,0,0,0
182101203,1,2,130371317,11181201,0,0,0
182101203,1,3,130381116,11181201,0,0,0
182101203,2,1,130261212,11181201,0,0,0
182101203,2,2,130381117,11182201,0,0,0
182101301,1,1,10151277,11181201,0,0,0
182101301,1,2,20071134,11181201,0,0,0
182101301,1,3,10101196,11181201,0,0,0
182101302,1,1,130381118,11181201,0,0,0
182101302,1,2,130261213,11181201,0,0,0
182101302,1,3,130371318,11181201,0,0,0
182101302,2,1,130371319,11182201,0,0,0
182101302,2,2,130261213,11181201,0,0,0
182101303,1,1,10191271,11183501,1,1,0
183100201,1,1,130381119,11181301,0,0,0
183100201,1,2,130261214,11181301,0,0,0
183100201,1,3,130371320,11181301,0,0,0
183100202,1,1,130261316,11181301,0,0,0
183100202,1,2,130371113,11181301,0,0,0
183100202,1,3,130381315,11181301,0,0,0
183100203,1,1,130371214,11181301,0,0,0
183100203,1,2,130381213,11181301,0,0,0
183100203,1,3,130261116,11181301,0,0,0
183100203,2,1,130371214,11181301,0,0,0
183100203,2,2,130261117,11182301,0,0,0
183100301,1,1,130381316,11181301,0,0,0
183100301,1,2,130261118,11181301,0,0,0
183100301,1,3,130371114,11181301,0,0,0
183100302,1,1,130371215,11181301,0,0,0
183100302,1,2,130381214,11181301,0,0,0
183100302,1,3,130261317,11181301,0,0,0
183100303,1,1,130381120,11181301,0,0,0
183100303,1,2,130261215,11181301,0,0,0
183100303,1,3,130371321,11181301,0,0,0
183100303,2,1,130371322,11182301,0,0,0
183100303,2,2,130261215,11181301,0,0,0
183100401,1,1,130261119,11181301,0,0,0
183100401,1,2,130371216,11181301,0,0,0
183100401,1,3,130381317,11181301,0,0,0
183100402,1,1,130381121,11181301,0,0,0
183100402,1,2,130261216,11181301,0,0,0
183100402,1,3,130371323,11181301,0,0,0
183100403,1,1,130371115,11181301,0,0,0
183100403,1,2,130381215,11181301,0,0,0
183100403,1,3,130261318,11181301,0,0,0
183100403,2,1,130371115,11181301,0,0,0
183100403,2,2,130261319,11182301,0,0,0
183100601,1,1,130371217,11181301,0,0,0
183100601,1,2,130381216,11181301,0,0,0
183100601,1,3,130261120,11181301,0,0,0
183100602,1,1,130381122,11181301,0,0,0
183100602,1,2,130261217,11181301,0,0,0
183100602,1,3,130371324,11181301,0,0,0
183100603,1,1,130261320,11181301,0,0,0
183100603,1,2,130371116,11181301,0,0,0
183100603,1,3,130381318,11181301,0,0,0
183100603,2,1,130381319,11182301,0,0,0
183100603,2,2,130371116,11181301,0,0,0
183100701,1,1,130381320,11181301,0,0,0
183100701,1,2,130261121,11181301,0,0,0
183100701,1,3,130371117,11181301,0,0,0
183100702,1,1,130371218,11181301,0,0,0
183100702,1,2,130381217,11181301,0,0,0
183100702,1,3,130261321,11181301,0,0,0
183100703,1,1,130261218,11181301,0,0,0
183100703,1,2,130371325,11181301,0,0,0
183100703,1,3,130381123,11181301,0,0,0
183100703,2,1,130261218,11181301,0,0,0
183100703,2,2,130381124,11182301,0,0,0
183100901,1,1,130361304,11181301,0,0,0
183100901,1,2,130241122,11181301,0,0,0
183100901,1,3,130251123,11181301,0,0,0
183100902,1,1,130251223,11181301,0,0,0
183100902,1,2,130361203,11181301,0,0,0
183100902,1,3,130241322,11181301,0,0,0
183100903,1,1,130361104,11181301,0,0,0
183100903,1,2,130241226,11181301,0,0,0
183100903,1,3,130251324,11181301,0,0,0
183100903,2,1,130251325,11182301,0,0,0
183100903,2,2,130241226,11181301,0,0,0
183101001,1,1,10111288,11181301,0,0,0
183101001,1,2,20081106,11181301,0,0,0
183101001,1,3,10151278,11181301,0,0,0
183101002,1,1,10131188,11181301,0,0,0
183101002,1,2,10061368,11181301,0,0,0
183101002,1,3,20011214,11181301,0,0,0
183101002,2,1,10131188,11181301,0,0,0
183101002,2,2,10161350,11182301,0,0,0
183101003,1,1,10201139,11183601,1,1,0
191100201,1,1,20041106,11191101,0,0,0
191100201,1,2,20021205,11191101,0,0,0
191100201,1,3,10091365,11191101,0,0,0
191100202,1,1,10141172,11191101,0,0,0
191100202,1,2,20021205,11191101,0,0,0
191100202,1,3,10161270,11191101,0,0,0
191100203,1,1,20111104,11191101,0,0,0
191100203,1,2,20021205,11191101,0,0,0
191100203,1,3,10171274,11191101,0,0,0
191100203,2,1,10051294,11192101,0,0,0
191100203,2,2,20021205,11191101,0,0,0
191100301,1,1,10061289,11191101,0,0,0
191100301,1,2,20041211,11191101,0,0,0
191100301,1,3,10121185,11191101,0,0,0
191100302,1,1,10061289,11191101,0,0,0
191100302,1,2,10051355,11191101,0,0,0
191100302,1,3,10101296,11191101,0,0,0
191100303,1,1,10061289,11191101,0,0,0
191100303,1,2,10071291,11191101,0,0,0
191100303,1,3,20031214,11191101,0,0,0
191100303,2,1,10061289,11191101,0,0,0
191100303,2,2,20051112,11192101,0,0,0
191100501,1,1,10161182,11191101,0,0,0
191100501,1,2,10171183,11191101,0,0,0
191100501,1,3,10121369,11191101,0,0,0
191100502,1,1,20011314,11191101,0,0,0
191100502,1,2,20081107,11191101,0,0,0
191100502,1,3,10121369,11191101,0,0,0
191100503,1,1,10111365,11191101,0,0,0
191100503,1,2,10141266,11191101,0,0,0
191100503,1,3,10121369,11191101,0,0,0
191100503,2,1,10151279,11192101,0,0,0
191100503,2,2,10141266,11191101,0,0,0
191100601,1,1,20061113,11191101,0,0,0
191100601,1,2,10151365,11191101,0,0,0
191100601,1,3,10121287,11191101,0,0,0
191100602,1,1,10161271,11191101,0,0,0
191100602,1,2,10151365,11191101,0,0,0
191100602,1,3,10181260,11191101,0,0,0
191100603,1,1,10021369,11191101,0,0,0
191100603,1,2,10151365,11191101,0,0,0
191100603,1,3,20031107,11191101,0,0,0
191100603,2,1,10021369,11191101,0,0,0
191100603,2,2,10101373,11192101,0,0,0
191100801,1,1,10071363,11191101,0,0,0
191100801,1,2,20081203,11191101,0,0,0
191100801,1,3,10301146,11191101,0,0,0
191100802,1,1,10071363,11191101,0,0,0
191100802,1,2,10051356,11191101,0,0,0
191100802,1,3,20041107,11191101,0,0,0
191100803,1,1,10071363,11191101,0,0,0
191100803,1,2,10091366,11191101,0,0,0
191100803,1,3,20011217,11191101,0,0,0
191100803,2,1,10101199,11192101,0,0,0
191100803,2,2,10091366,11191101,0,0,0
191100901,1,1,10051295,11191101,0,0,0
191100901,1,2,20111105,11191101,0,0,0
191100901,1,3,10091279,11191101,0,0,0
191100902,1,1,20011315,11191101,0,0,0
191100902,1,2,20041212,11191101,0,0,0
191100902,1,3,10091279,11191101,0,0,0
191100903,1,1,10101297,11191101,0,0,0
191100903,1,2,10071292,11191101,0,0,0
191100903,1,3,10091279,11191101,0,0,0
191100903,2,1,10101297,11191101,0,0,0
191100903,2,2,20031215,11192101,0,0,0
191101001,1,1,20071135,11191101,0,0,0
191101001,1,2,20011215,11191101,0,0,0
191101001,1,3,10041380,11191101,0,0,0
191101002,1,1,10171361,11191101,0,0,0
191101002,1,2,10301241,11191101,0,0,0
191101002,1,3,10101197,11191101,0,0,0
191101002,2,1,20011216,11192101,0,0,0
191101002,2,2,10301241,11191101,0,0,0
191101003,1,1,10321130,11193401,1,1,0
192100201,1,1,10121186,11191201,0,0,0
192100201,1,2,10161183,11191201,0,0,0
192100201,1,3,10141173,11191201,0,0,0
192100202,1,1,20051113,11191201,0,0,0
192100202,1,2,10161183,11191201,0,0,0
192100202,1,3,10171184,11191201,0,0,0
192100203,1,1,10111366,11191201,0,0,0
192100203,1,2,10161183,11191201,0,0,0
192100203,1,3,10151280,11191201,0,0,0
192100203,2,1,10111366,11191201,0,0,0
192100203,2,2,10181261,11192201,0,0,0
192100301,1,1,20081108,11191201,0,0,0
192100301,1,2,10141267,11191201,0,0,0
192100301,1,3,10121370,11191201,0,0,0
192100302,1,1,20081108,11191201,0,0,0
192100302,1,2,10161272,11191201,0,0,0
192100302,1,3,10071364,11191201,0,0,0
192100303,1,1,20081108,11191201,0,0,0
192100303,1,2,10151366,11191201,0,0,0
192100303,1,3,10051357,11191201,0,0,0
192100303,2,1,20031108,11192201,0,0,0
192100303,2,2,10151366,11191201,0,0,0
192100501,1,1,10171275,11191201,0,0,0
192100501,1,2,10061290,11191201,0,0,0
192100501,1,3,10021370,11191201,0,0,0
192100502,1,1,20011316,11191201,0,0,0
192100502,1,2,10051296,11191201,0,0,0
192100502,1,3,10021370,11191201,0,0,0
192100503,1,1,10101374,11191201,0,0,0
192100503,1,2,10121288,11191201,0,0,0
192100503,1,3,10021370,11191201,0,0,0
192100503,2,1,10101374,11191201,0,0,0
192100503,2,2,20081204,11192201,0,0,0
192100601,1,1,20111106,11191201,0,0,0
192100601,1,2,20031216,11191201,0,0,0
192100601,1,3,20041213,11191201,0,0,0
192100602,1,1,20021206,11191201,0,0,0
192100602,1,2,20031216,11191201,0,0,0
192100602,1,3,10091280,11191201,0,0,0
192100603,1,1,20061114,11191201,0,0,0
192100603,1,2,20031216,11191201,0,0,0
192100603,1,3,10101374,11191201,0,0,0
192100603,2,1,10181262,11192201,0,0,0
192100603,2,2,20031216,11191201,0,0,0
192100801,1,1,10171185,11191201,0,0,0
192100801,1,2,20031109,11191201,0,0,0
192100801,1,3,20041108,11191201,0,0,0
192100802,1,1,10171185,11191201,0,0,0
192100802,1,2,10151367,11191201,0,0,0
192100802,1,3,10101298,11191201,0,0,0
192100803,1,1,10171185,11191201,0,0,0
192100803,1,2,10121187,11191201,0,0,0
192100803,1,3,10091367,11191201,0,0,0
192100803,2,1,10171185,11191201,0,0,0
192100803,2,2,10161184,11192201,0,0,0
192100901,1,1,10141174,11191201,0,0,0
192100901,1,2,10121371,11191201,0,0,0
192100901,1,3,10031380,11191201,0,0,0
192100902,1,1,10071365,11191201,0,0,0
192100902,1,2,10111367,11191201,0,0,0
192100902,1,3,10031380,11191201,0,0,0
192100903,1,1,10151281,11191201,0,0,0
192100903,1,2,20051114,11191201,0,0,0
192100903,1,3,10031380,11191201,0,0,0
192100903,2,1,20061115,11192201,0,0,0
192100903,2,2,20051114,11191201,0,0,0
192101101,1,1,10021371,11191201,0,0,0
192101101,1,2,10121289,11191201,0,0,0
192101101,1,3,10171276,11191201,0,0,0
192101102,1,1,10061291,11191201,0,0,0
192101102,1,2,10121289,11191201,0,0,0
192101102,1,3,20081109,11191201,0,0,0
192101103,1,1,10141268,11191201,0,0,0
192101103,1,2,10121289,11191201,0,0,0
192101103,1,3,20021207,11191201,0,0,0
192101103,2,1,10141268,11191201,0,0,0
192101103,2,2,10091281,11192201,0,0,0
192101201,1,1,10131189,11191201,0,0,0
192101201,1,2,10061369,11191201,0,0,0
192101201,1,3,10101198,11191201,0,0,0
192101202,1,1,10161351,11191201,0,0,0
192101202,1,2,10131359,11191201,0,0,0
192101202,1,3,10301242,11191201,0,0,0
192101202,2,1,10041381,11192201,0,0,0
192101202,2,2,10131359,11191201,0,0,0
192101203,1,1,10291228,11193501,1,1,0
193100201,1,1,130241123,11191301,0,0,0
193100201,1,2,130251224,11191301,0,0,0
193100201,1,3,130361305,11191301,0,0,0
193100202,1,1,130361105,11191301,0,0,0
193100202,1,2,130241227,11191301,0,0,0
193100202,1,3,130251326,11191301,0,0,0
193100203,1,1,130251124,11191301,0,0,0
193100203,1,2,130361204,11191301,0,0,0
193100203,1,3,130241323,11191301,0,0,0
193100203,2,1,130251124,11191301,0,0,0
193100203,2,2,130241324,11192301,0,0,0
193100301,1,1,130241325,11191301,0,0,0
193100301,1,2,130251232,11191301,0,0,0
193100301,1,3,130361306,11191301,0,0,0
193100302,1,1,130251327,11191301,0,0,0
193100302,1,2,130361211,11191301,0,0,0
193100302,1,3,130241124,11191301,0,0,0
193100303,1,1,130241235,11191301,0,0,0
193100303,1,2,130251125,11191301,0,0,0
193100303,1,3,130361106,11191301,0,0,0
193100303,2,1,130361107,11192301,0,0,0
193100303,2,2,130251125,11191301,0,0,0
193100401,1,1,130361307,11191301,0,0,0
193100401,1,2,130241228,11191301,0,0,0
193100401,1,3,130251126,11191301,0,0,0
193100402,1,1,130251225,11191301,0,0,0
193100402,1,2,130361108,11191301,0,0,0
193100402,1,3,130241326,11191301,0,0,0
193100403,1,1,130361205,11191301,0,0,0
193100403,1,2,130241125,11191301,0,0,0
193100403,1,3,130251328,11191301,0,0,0
193100403,2,1,130241125,11191301,0,0,0
193100403,2,2,130251329,11192301,0,0,0
193100601,1,1,130361109,11191301,0,0,0
193100601,1,2,130241229,11191301,0,0,0
193100601,1,3,130251330,11191301,0,0,0
193100602,1,1,130251127,11191301,0,0,0
193100602,1,2,130361206,11191301,0,0,0
193100602,1,3,130241327,11191301,0,0,0
193100603,1,1,130241126,11191301,0,0,0
193100603,1,2,130251226,11191301,0,0,0
193100603,1,3,130361308,11191301,0,0,0
193100603,2,1,130361309,11192301,0,0,0
193100603,2,2,130251226,11191301,0,0,0
193100701,1,1,130361110,11191301,0,0,0
193100701,1,2,130241230,11191301,0,0,0
193100701,1,3,130251331,11191301,0,0,0
193100702,1,1,130241328,11191301,0,0,0
193100702,1,2,130251128,11191301,0,0,0
193100702,1,3,130361310,11191301,0,0,0
193100703,1,1,130251227,11191301,0,0,0
193100703,1,2,130361207,11191301,0,0,0
193100703,1,3,130241127,11191301,0,0,0
193100703,2,1,130251227,11191301,0,0,0
193100703,2,2,130241128,11192301,0,0,0
193100801,1,1,130241231,11191301,0,0,0
193100801,1,2,130251332,11191301,0,0,0
193100801,1,3,130361111,11191301,0,0,0
193100802,1,1,130361311,11191301,0,0,0
193100802,1,2,130241129,11191301,0,0,0
193100802,1,3,130251129,11191301,0,0,0
193100802,2,1,130251130,11192301,0,0,0
193100802,2,2,130241129,11191301,0,0,0
193100803,1,1,10490203,11193701,0,1,0
193101001,1,1,130241130,11191301,0,0,0
193101001,1,2,130251228,11191301,0,0,0
193101001,1,3,130361312,11191301,0,0,0
193101002,1,1,130361112,11191301,0,0,0
193101002,1,2,130241232,11191301,0,0,0
193101002,1,3,130251333,11191301,0,0,0
193101003,1,1,130251131,11191301,0,0,0
193101003,1,2,130361208,11191301,0,0,0
193101003,1,3,130241329,11191301,0,0,0
193101003,2,1,130251131,11191301,0,0,0
193101003,2,2,130241330,11192301,0,0,0
193101201,1,1,130241331,11191301,0,0,0
193101201,1,2,130251132,11191301,0,0,0
193101201,1,3,130361313,11191301,0,0,0
193101202,1,1,130251229,11191301,0,0,0
193101202,1,2,130361209,11191301,0,0,0
193101202,1,3,130241131,11191301,0,0,0
193101203,1,1,130361113,11191301,0,0,0
193101203,1,2,130241233,11191301,0,0,0
193101203,1,3,130251334,11191301,0,0,0
193101203,2,1,130251335,11192301,0,0,0
193101203,2,2,130241233,11191301,0,0,0
193101401,1,1,130361314,11191301,0,0,0
193101401,1,2,130241132,11191301,0,0,0
193101401,1,3,130251133,11191301,0,0,0
193101402,1,1,130251230,11191301,0,0,0
193101402,1,2,130361210,11191301,0,0,0
193101402,1,3,130241332,11191301,0,0,0
193101403,1,1,130241234,11191301,0,0,0
193101403,1,2,130251336,11191301,0,0,0
193101403,1,3,130361114,11191301,0,0,0
193101403,2,1,130241234,11191301,0,0,0
193101403,2,2,130361115,11192301,0,0,0
193101601,1,1,20071136,11191301,0,0,0
193101601,1,2,10171362,11191301,0,0,0
193101601,1,3,10111289,11191301,0,0,0
193101602,1,1,130241133,11191301,0,0,0
193101602,1,2,130251231,11191301,0,0,0
193101602,1,3,130361316,11191301,0,0,0
193101602,2,1,130361317,11192301,0,0,0
193101602,2,2,130251231,11191301,0,0,0
193101603,1,1,10291125,11193601,1,1,0
201100201,1,1,10091374,11201101,0,0,0
201100201,1,2,10161198,11201101,0,0,0
201100201,1,3,20061125,11201101,0,0,0
201100202,1,1,10091374,11201101,0,0,0
201100202,1,2,20021210,11201101,0,0,0
201100202,1,3,20081110,11201101,0,0,0
201100203,1,1,10091374,11201101,0,0,0
201100203,1,2,10111298,11201101,0,0,0
201100203,1,3,10141189,11201101,0,0,0
201100203,2,1,10091374,11201101,0,0,0
201100203,2,2,20031217,11202101,0,0,0
201100301,1,1,10101375,11201101,0,0,0
201100301,1,2,10071297,11201101,0,0,0
201100301,1,3,10151288,11201101,0,0,0
201100302,1,1,10121295,11201101,0,0,0
201100302,1,2,10071297,11201101,0,0,0
201100302,1,3,10051360,11201101,0,0,0
201100303,1,1,20111107,11201101,0,0,0
201100303,1,2,10071297,11201101,0,0,0
201100303,1,3,10171191,11201101,0,0,0
201100303,2,1,10131287,11202101,0,0,0
201100303,2,2,10071297,11201101,0,0,0
201100501,1,1,20041215,11201101,0,0,0
201100501,1,2,10181264,11201101,0,0,0
201100501,1,3,10131194,11201101,0,0,0
201100502,1,1,20041215,11201101,0,0,0
201100502,1,2,20011227,11201101,0,0,0
201100502,1,3,10081381,11201101,0,0,0
201100503,1,1,20041215,11201101,0,0,0
201100503,1,2,10061378,11201101,0,0,0
201100503,1,3,20031111,11201101,0,0,0
201100503,2,1,20041215,11201101,0,0,0
201100503,2,2,10141280,11202101,0,0,0
201100601,1,1,10161352,11201101,0,0,0
201100601,1,2,20101203,11201101,0,0,0
201100601,1,3,10171283,11201101,0,0,0
201100602,1,1,10021376,11201101,0,0,0
201100602,1,2,20101203,11201101,0,0,0
201100602,1,3,10301148,11201101,0,0,0
201100603,1,1,10111376,11201101,0,0,0
201100603,1,2,20101203,11201101,0,0,0
201100603,1,3,10321135,11201101,0,0,0
201100603,2,1,10051299,11202101,0,0,0
201100603,2,2,20101203,11201101,0,0,0
201100701,1,1,10121378,11201101,0,0,0
201100701,1,2,20081211,11201101,0,0,0
201100701,1,3,10091282,11201101,0,0,0
201100702,1,1,10121378,11201101,0,0,0
201100702,1,2,10031395,11201101,0,0,0
201100702,1,3,10191172,11201101,0,0,0
201100703,1,1,10121378,11201101,0,0,0
201100703,1,2,20071148,11201101,0,0,0
201100703,1,3,20111108,11201101,0,0,0
201100703,2,1,10121378,11201101,0,0,0
201100703,2,2,10151170,11202101,0,0,0
201100901,1,1,10131363,11201101,0,0,0
201100901,1,2,20021211,11201101,0,0,0
201100901,1,3,20031218,11201101,0,0,0
201100902,1,1,10141352,11201101,0,0,0
201100902,1,2,20021211,11201101,0,0,0
201100902,1,3,20051201,11201101,0,0,0
201100903,1,1,10171367,11201101,0,0,0
201100903,1,2,20021211,11201101,0,0,0
201100903,1,3,10061379,11201101,0,0,0
201100903,2,1,10161280,11202101,0,0,0
201100903,2,2,20021211,11201101,0,0,0
201101001,1,1,10041387,11201101,0,0,0
201101001,1,2,20051202,11201101,0,0,0
201101001,1,3,10081382,11201101,0,0,0
201101002,1,1,10041387,11201101,0,0,0
201101002,1,2,10151380,11201101,0,0,0
201101002,1,3,20101204,11201101,0,0,0
201101003,1,1,10041387,11201101,0,0,0
201101003,1,2,10181356,11201101,0,0,0
201101003,1,3,10071298,11201101,0,0,0
201101003,2,1,10041387,11201101,0,0,0
201101003,2,2,10061295,11202101,0,0,0
201101101,1,1,10111299,11201101,0,0,0
201101101,1,2,20081111,11201101,0,0,0
201101101,1,3,20011130,11201101,0,0,0
201101102,1,1,10121296,11201101,0,0,0
201101102,1,2,20081111,11201101,0,0,0
201101102,1,3,10191173,11201101,0,0,0
201101102,2,1,10301243,11202101,0,0,0
201101102,2,2,20081111,11201101,0,0,0
201101103,1,1,10321330,11203401,1,1,0
202100201,1,1,10141190,11201201,0,0,0
202100201,1,2,20031219,11201201,0,0,0
202100201,1,3,10091185,11201201,0,0,0
202100202,1,1,10141190,11201201,0,0,0
202100202,1,2,20011228,11201201,0,0,0
202100202,1,3,10291127,11201201,0,0,0
202100203,1,1,10141190,11201201,0,0,0
202100203,1,2,10181265,11201201,0,0,0
202100203,1,3,20111109,11201201,0,0,0
202100203,2,1,10141190,11201201,0,0,0
202100203,2,2,10151289,11202201,0,0,0
202100301,1,1,10091375,11201201,0,0,0
202100301,1,2,10051361,11201201,0,0,0
202100301,1,3,10161281,11201201,0,0,0
202100302,1,1,10301149,11201201,0,0,0
202100302,1,2,10051361,11201201,0,0,0
202100302,1,3,10131195,11201201,0,0,0
202100303,1,1,10061296,11201201,0,0,0
202100303,1,2,10051361,11201201,0,0,0
202100303,1,3,20021108,11201201,0,0,0
202100303,2,1,10071375,11202201,0,0,0
202100303,2,2,10051361,11201201,0,0,0
202100501,1,1,20081212,11201201,0,0,0
202100501,1,2,10101376,11201201,0,0,0
202100501,1,3,20041114,11201201,0,0,0
202100502,1,1,20081212,11201201,0,0,0
202100502,1,2,10121297,11201201,0,0,0
202100502,1,3,20031112,11201201,0,0,0
202100503,1,1,20081212,11201201,0,0,0
202100503,1,2,10191276,11201201,0,0,0
202100503,1,3,20011322,11201201,0,0,0
202100503,2,1,20081212,11201201,0,0,0
202100503,2,2,10171284,11202201,0,0,0
202100601,1,1,10151381,11201201,0,0,0
202100601,1,2,10131288,11201201,0,0,0
202100601,1,3,20101101,11201201,0,0,0
202100602,1,1,10161353,11201201,0,0,0
202100602,1,2,10131288,11201201,0,0,0
202100602,1,3,10121194,11201201,0,0,0
202100603,1,1,20011323,11201201,0,0,0
202100603,1,2,10131288,11201201,0,0,0
202100603,1,3,10321136,11201201,0,0,0
202100603,2,1,10301341,11202201,0,0,0
202100603,2,2,10131288,11201201,0,0,0
202100801,1,1,20011229,11201201,0,0,0
202100801,1,2,10031396,11201201,0,0,0
202100801,1,3,10141281,11201201,0,0,0
202100802,1,1,20011229,11201201,0,0,0
202100802,1,2,10091283,11201201,0,0,0
202100802,1,3,10061380,11201201,0,0,0
202100803,1,1,20011229,11201201,0,0,0
202100803,1,2,20051116,11201201,0,0,0
202100803,1,3,10191277,11201201,0,0,0
202100803,2,1,20011229,11201201,0,0,0
202100803,2,2,10081383,11202201,0,0,0
202100901,1,1,20041216,11201201,0,0,0
202100901,1,2,10111377,11201201,0,0,0
202100901,1,3,10301150,11201201,0,0,0
202100902,1,1,10171368,11201201,0,0,0
202100902,1,2,10111377,11201201,0,0,0
202100902,1,3,20021109,11201201,0,0,0
202100903,1,1,20061126,11201201,0,0,0
202100903,1,2,10111377,11201201,0,0,0
202100903,1,3,10081389,11201201,0,0,0
202100903,2,1,10161199,11202201,0,0,0
202100903,2,2,10111377,11201201,0,0,0
202101101,1,1,10151171,11201201,0,0,0
202101101,1,2,20021212,11201201,0,0,0
202101101,1,3,10191174,11201201,0,0,0
202101102,1,1,10151171,11201201,0,0,0
202101102,1,2,10071376,11201201,0,0,0
202101102,1,3,20011131,11201201,0,0,0
202101103,1,1,10151171,11201201,0,0,0
202101103,1,2,10181357,11201201,0,0,0
202101103,1,3,10091186,11201201,0,0,0
202101103,2,1,10151171,11201201,0,0,0
202101103,2,2,10141353,11202201,0,0,0
202101201,1,1,10041388,11201201,0,0,0
202101201,1,2,10031397,11201201,0,0,0
202101201,1,3,20081213,11201201,0,0,0
202101202,1,1,10131289,11201201,0,0,0
202101202,1,2,10031397,11201201,0,0,0
202101202,1,3,10171192,11201201,0,0,0
202101203,1,1,10301244,11201201,0,0,0
202101203,1,2,10031397,11201201,0,0,0
202101203,1,3,20051117,11201201,0,0,0
202101203,2,1,10121298,11202201,0,0,0
202101203,2,2,10031397,11201201,0,0,0
202101301,1,1,10101377,11201201,0,0,0
202101301,1,2,20011324,11201201,0,0,0
202101301,1,3,10291128,11201201,0,0,0
202101302,1,1,10101377,11201201,0,0,0
202101302,1,2,10061381,11201201,0,0,0
202101302,1,3,10091187,11201201,0,0,0
202101302,2,1,10101377,11201201,0,0,0
202101302,2,2,10181266,11202201,0,0,0
202101303,1,1,10211323,11203501,1,1,0
203100201,1,1,20031220,11201301,0,0,0
203100201,1,2,20111201,11201301,0,0,0
203100201,1,3,20051208,11201301,0,0,0
203100202,1,1,10071299,11201301,0,0,0
203100202,1,2,20111201,11201301,0,0,0
203100202,1,3,10301342,11201301,0,0,0
203100203,1,1,10091376,11201301,0,0,0
203100203,1,2,20111201,11201301,0,0,0
203100203,1,3,10121195,11201301,0,0,0
203100203,2,1,10141282,11202301,0,0,0
203100203,2,2,20111201,11201301,0,0,0
203100301,1,1,20161101,11201301,0,0,0
203100301,1,2,10131364,11201301,0,0,0
203100301,1,3,10141283,11201301,0,0,0
203100302,1,1,20161101,11201301,0,0,0
203100302,1,2,10061382,11201301,0,0,0
203100302,1,3,20041115,11201301,0,0,0
203100303,1,1,20161101,11201301,0,0,0
203100303,1,2,10181358,11201301,0,0,0
203100303,1,3,20011325,11201301,0,0,0
203100303,2,1,20161101,11201301,0,0,0
203100303,2,2,10121379,11202301,0,0,0
203100401,1,1,20081112,11201301,0,0,0
203100401,1,2,10021377,11201301,0,0,0
203100401,1,3,20101102,11201301,0,0,0
203100402,1,1,10151290,11201301,0,0,0
203100402,1,2,10021377,11201301,0,0,0
203100402,1,3,20031221,11201301,0,0,0
203100403,1,1,10171285,11201301,0,0,0
203100403,1,2,10021377,11201301,0,0,0
203100403,1,3,10131196,11201301,0,0,0
203100403,2,1,20071149,11202301,0,0,0
203100403,2,2,10021377,11201301,0,0,0
203100601,1,1,20061127,11201301,0,0,0
203100601,1,2,10041389,11201301,0,0,0
203100601,1,3,20101205,11201301,0,0,0
203100602,1,1,20061127,11201301,0,0,0
203100602,1,2,10141354,11201301,0,0,0
203100602,1,3,20011132,11201301,0,0,0
203100603,1,1,20061127,11201301,0,0,0
203100603,1,2,10171193,11201301,0,0,0
203100603,1,3,20051209,11201301,0,0,0
203100603,2,1,20061127,11201301,0,0,0
203100603,2,2,10121299,11202301,0,0,0
203100701,1,1,10111378,11201301,0,0,0
203100701,1,2,10091284,11201301,0,0,0
203100701,1,3,10151172,11201301,0,0,0
203100702,1,1,10051362,11201301,0,0,0
203100702,1,2,10091284,11201301,0,0,0
203100702,1,3,10301343,11201301,0,0,0
203100703,1,1,10021378,11201301,0,0,0
203100703,1,2,10091284,11201301,0,0,0
203100703,1,3,20101103,11201301,0,0,0
203100703,2,1,10141191,11202301,0,0,0
203100703,2,2,10091284,11201301,0,0,0
203100801,1,1,10161354,11201301,0,0,0
203100801,1,2,20031113,11201301,0,0,0
203100801,1,3,20071150,11201301,0,0,0
203100802,1,1,10161354,11201301,0,0,0
203100802,1,2,10121380,11201301,0,0,0
203100802,1,3,10191278,11201301,0,0,0
203100803,1,1,10161354,11201301,0,0,0
203100803,1,2,20051118,11201301,0,0,0
203100803,1,3,10291129,11201301,0,0,0
203100803,2,1,10161354,11201301,0,0,0
203100803,2,2,10171369,11202301,0,0,0
203101001,1,1,10081390,11201301,0,0,0
203101001,1,2,20011326,11201301,0,0,0
203101001,1,3,20021110,11201301,0,0,0
203101002,1,1,10071377,11201301,0,0,0
203101002,1,2,20011326,11201301,0,0,0
203101002,1,3,10091188,11201301,0,0,0
203101003,1,1,10301248,11201301,0,0,0
203101003,1,2,20011326,11201301,0,0,0
203101003,1,3,20041217,11201301,0,0,0
203101003,2,1,10151382,11202301,0,0,0
203101003,2,2,20011326,11201301,0,0,0
203101101,1,1,10131365,11201301,0,0,0
203101101,1,2,10061297,11201301,0,0,0
203101101,1,3,20041116,11201301,0,0,0
203101102,1,1,10131365,11201301,0,0,0
203101102,1,2,10161282,11201301,0,0,0
203101102,1,3,10121196,11201301,0,0,0
203101102,2,1,10131365,11201301,0,0,0
203101102,2,2,10321137,11202301,0,0,0
203101103,1,1,10311117,11203601,1,1,0
211100201,1,1,10041390,11211101,0,0,0
211100201,1,2,10021379,11211101,0,0,0
211100201,1,3,10301151,11211101,0,0,0
211100202,1,1,20011133,11211101,0,0,0
211100202,1,2,10021379,11211101,0,0,0
211100202,1,3,20051203,11211101,0,0,0
211100203,1,1,10171286,11211101,0,0,0
211100203,1,2,10021379,11211101,0,0,0
211100203,1,3,10061383,11211101,0,0,0
211100203,2,1,10141284,11212101,0,0,0
211100203,2,2,10021379,11211101,0,0,0
211100301,1,1,10101378,11211101,0,0,0
211100301,1,2,20031222,11211101,0,0,0
211100301,1,3,20121201,11211101,0,0,0
211100302,1,1,10101378,11211101,0,0,0
211100302,1,2,10091189,11211101,0,0,0
211100302,1,3,20071151,11211101,0,0,0
211100303,1,1,10101378,11211101,0,0,0
211100303,1,2,20081113,11211101,0,0,0
211100303,1,3,10131197,11211101,0,0,0
211100303,2,1,10101378,11211101,0,0,0
211100303,2,2,10161283,11212101,0,0,0
211100501,1,1,20011230,11211101,0,0,0
211100501,1,2,10111379,11211101,0,0,0
211100501,1,3,10101379,11211101,0,0,0
211100502,1,1,20041117,11211101,0,0,0
211100502,1,2,10111379,11211101,0,0,0
211100502,1,3,20061128,11211101,0,0,0
211100503,1,1,20021111,11211101,0,0,0
211100503,1,2,10111379,11211101,0,0,0
211100503,1,3,10201145,11211101,0,0,0
211100503,2,1,10151291,11212101,0,0,0
211100503,2,2,10111379,11211101,0,0,0
211100701,1,1,20081214,11211101,0,0,0
211100701,1,2,10181267,11211101,0,0,0
211100701,1,3,20051119,11211101,0,0,0
211100702,1,1,20081214,11211101,0,0,0
211100702,1,2,20011134,11211101,0,0,0
211100702,1,3,20071152,11211101,0,0,0
211100703,1,1,20081214,11211101,0,0,0
211100703,1,2,20031223,11211101,0,0,0
211100703,1,3,10131366,11211101,0,0,0
211100703,2,1,20081214,11211101,0,0,0
211100703,2,2,10301344,11212101,0,0,0
211100801,1,1,10171194,11211101,0,0,0
211100801,1,2,10121381,11211101,0,0,0
211100801,1,3,10091190,11211101,0,0,0
211100802,1,1,10191175,11211101,0,0,0
211100802,1,2,10121381,11211101,0,0,0
211100802,1,3,10111380,11211101,0,0,0
211100803,1,1,20041118,11211101,0,0,0
211100803,1,2,10121381,11211101,0,0,0
211100803,1,3,10061384,11211101,0,0,0
211100803,2,1,10141355,11212101,0,0,0
211100803,2,2,10121381,11211101,0,0,0
211101001,1,1,20071201,11211101,0,0,0
211101001,1,2,20021213,11211101,0,0,0
211101001,1,3,10151383,11211101,0,0,0
211101002,1,1,20071201,11211101,0,0,0
211101002,1,2,20101206,11211101,0,0,0
211101002,1,3,10161284,11211101,0,0,0
211101003,1,1,20071201,11211101,0,0,0
211101003,1,2,10181359,11211101,0,0,0
211101003,1,3,10131198,11211101,0,0,0
211101003,2,1,20071201,11211101,0,0,0
211101003,2,2,20121202,11212101,0,0,0
211101201,1,1,10031398,11211101,0,0,0
211101201,1,2,20011327,11211101,0,0,0
211101201,1,3,20051204,11211101,0,0,0
211101202,1,1,10091285,11211101,0,0,0
211101202,1,2,20011327,11211101,0,0,0
211101202,1,3,20081215,11211101,0,0,0
211101203,1,1,20041218,11211101,0,0,0
211101203,1,2,20011327,11211101,0,0,0
211101203,1,3,10141285,11211101,0,0,0
211101203,2,1,10151384,11212101,0,0,0
211101203,2,2,20011327,11211101,0,0,0
211101401,1,1,20061129,11211101,0,0,0
211101401,1,2,10021380,11211101,0,0,0
211101401,1,3,10071378,11211101,0,0,0
211101402,1,1,20061129,11211101,0,0,0
211101402,1,2,10171195,11211101,0,0,0
211101402,1,3,20111110,11211101,0,0,0
211101403,1,1,20061129,11211101,0,0,0
211101403,1,2,20101104,11211101,0,0,0
211101403,1,3,10081384,11211101,0,0,0
211101403,2,1,20061129,11211101,0,0,0
211101403,2,2,10131290,11212101,0,0,0
211101601,1,1,20031114,11211101,0,0,0
211101601,1,2,20111202,11211101,0,0,0
211101601,1,3,10181268,11211101,0,0,0
211101602,1,1,20011231,11211101,0,0,0
211101602,1,2,20111202,11211101,0,0,0
211101602,1,3,10091191,11211101,0,0,0
211101602,2,1,20161102,11212101,0,0,0
211101602,2,2,20111202,11211101,0,0,0
211101603,1,1,10291338,11213401,1,1,0
212100201,1,1,10151173,11211201,0,0,0
212100201,1,2,20021112,11211201,0,0,0
212100201,1,3,20071202,11211201,0,0,0
212100202,1,1,10151173,11211201,0,0,0
212100202,1,2,10041391,11211201,0,0,0
212100202,1,3,10121197,11211201,0,0,0
212100203,1,1,10151173,11211201,0,0,0
212100203,1,2,10171370,11211201,0,0,0
212100203,1,3,20051120,11211201,0,0,0
212100203,2,1,10151173,11211201,0,0,0
212100203,2,2,10301245,11212201,0,0,0
212100301,1,1,20031224,11211201,0,0,0
212100301,1,2,10131291,11211201,0,0,0
212100301,1,3,20081216,11211201,0,0,0
212100302,1,1,10051363,11211201,0,0,0
212100302,1,2,10131291,11211201,0,0,0
212100302,1,3,10301345,11211201,0,0,0
212100303,1,1,20101105,11211201,0,0,0
212100303,1,2,10131291,11211201,0,0,0
212100303,1,3,10191279,11211201,0,0,0
212100303,2,1,10171287,11212201,0,0,0
212100303,2,2,10131291,11211201,0,0,0
212100401,1,1,10141192,11211201,0,0,0
212100401,1,2,20031115,11211201,0,0,0
212100401,1,3,20121203,11211201,0,0,0
212100402,1,1,10141192,11211201,0,0,0
212100402,1,2,20011328,11211201,0,0,0
212100402,1,3,20161103,11211201,0,0,0
212100403,1,1,10141192,11211201,0,0,0
212100403,1,2,10091286,11211201,0,0,0
212100403,1,3,10291130,11211201,0,0,0
212100403,2,1,10141192,11211201,0,0,0
212100403,2,2,10151174,11212201,0,0,0
212100601,1,1,10191176,11211201,0,0,0
212100601,1,2,20021214,11211201,0,0,0
212100601,1,3,10301152,11211201,0,0,0
212100602,1,1,20051205,11211201,0,0,0
212100602,1,2,20021214,11211201,0,0,0
212100602,1,3,20061130,11211201,0,0,0
212100603,1,1,10081385,11211201,0,0,0
212100603,1,2,20021214,11211201,0,0,0
212100603,1,3,10291131,11211201,0,0,0
212100603,2,1,10181269,11212201,0,0,0
212100603,2,2,20021214,11211201,0,0,0
212100701,1,1,20041219,11211201,0,0,0
212100701,1,2,20101106,11211201,0,0,0
212100701,1,3,10161355,11211201,0,0,0
212100702,1,1,20041219,11211201,0,0,0
212100702,1,2,10111381,11211201,0,0,0
212100702,1,3,10291132,11211201,0,0,0
212100703,1,1,20041219,11211201,0,0,0
212100703,1,2,10121382,11211201,0,0,0
212100703,1,3,10061385,11211201,0,0,0
212100703,2,1,20041219,11211201,0,0,0
212100703,2,2,20071153,11212201,0,0,0
212100801,1,1,20011135,11211201,0,0,0
212100801,1,2,10131367,11211201,0,0,0
212100801,1,3,10181360,11211201,0,0,0
212100802,1,1,20021215,11211201,0,0,0
212100802,1,2,10131367,11211201,0,0,0
212100802,1,3,10151292,11211201,0,0,0
212100803,1,1,10031399,11211201,0,0,0
212100803,1,2,10131367,11211201,0,0,0
212100803,1,3,10301246,11211201,0,0,0
212100803,2,1,10171371,11212201,0,0,0
212100803,2,2,10131367,11211201,0,0,0
212101001,1,1,10091287,11211201,0,0,0
212101001,1,2,20101207,11211201,0,0,0
212101001,1,3,10081386,11211201,0,0,0
212101002,1,1,10091287,11211201,0,0,0
212101002,1,2,20111203,11211201,0,0,0
212101002,1,3,10141356,11211201,0,0,0
212101003,1,1,10091287,11211201,0,0,0
212101003,1,2,10061298,11211201,0,0,0
212101003,1,3,10151385,11211201,0,0,0
212101003,2,1,10091287,11211201,0,0,0
212101003,2,2,20031225,11212201,0,0,0
212101101,1,1,20011329,11211201,0,0,0
212101101,1,2,20161104,11211201,0,0,0
212101101,1,3,10191280,11211201,0,0,0
212101102,1,1,10021381,11211201,0,0,0
212101102,1,2,20161104,11211201,0,0,0
212101102,1,3,20121204,11211201,0,0,0
212101102,2,1,20051206,11212201,0,0,0
212101102,2,2,20161104,11211201,0,0,0
212101103,1,1,10311225,11213501,1,1,0
213100201,1,1,20031301,11211301,0,0,0
213100201,1,2,10091377,11211301,0,0,0
213100201,1,3,10321138,11211301,0,0,0
213100202,1,1,20031301,11211301,0,0,0
213100202,1,2,10121198,11211301,0,0,0
213100202,1,3,10301153,11211301,0,0,0
213100203,1,1,20031301,11211301,0,0,0
213100203,1,2,20081114,11211301,0,0,0
213100203,1,3,10131368,11211301,0,0,0
213100203,2,1,20031301,11211301,0,0,0
213100203,2,2,10061299,11212301,0,0,0
213100301,1,1,20041119,11211301,0,0,0
213100301,1,2,20011232,11211301,0,0,0
213100301,1,3,10141193,11211301,0,0,0
213100302,1,1,10171196,11211301,0,0,0
213100302,1,2,20011232,11211301,0,0,0
213100302,1,3,10161356,11211301,0,0,0
213100303,1,1,10201146,11211301,0,0,0
213100303,1,2,20011232,11211301,0,0,0
213100303,1,3,20111111,11211301,0,0,0
213100303,2,1,10071379,11212301,0,0,0
213100303,2,2,20011232,11211301,0,0,0
213100501,1,1,10051364,11211301,0,0,0
213100501,1,2,10181361,11211301,0,0,0
213100501,1,3,10131199,11211301,0,0,0
213100502,1,1,10051364,11211301,0,0,0
213100502,1,2,10061386,11211301,0,0,0
213100502,1,3,10301346,11211301,0,0,0
213100503,1,1,10051364,11211301,0,0,0
213100503,1,2,20071203,11211301,0,0,0
213100503,1,3,10161285,11211301,0,0,0
213100503,2,1,10051364,11211301,0,0,0
213100503,2,2,10081387,11212301,0,0,0
213100601,1,1,20011330,11211301,0,0,0
213100601,1,2,20101208,11211301,0,0,0
213100601,1,3,10151175,11211301,0,0,0
213100602,1,1,10171372,11211301,0,0,0
213100602,1,2,20101208,11211301,0,0,0
213100602,1,3,20111112,11211301,0,0,0
213100603,1,1,10141357,11211301,0,0,0
213100603,1,2,20101208,11211301,0,0,0
213100603,1,3,10191281,11211301,0,0,0
213100603,2,1,20121205,11212301,0,0,0
213100603,2,2,20101208,11211301,0,0,0
213100801,1,1,10091378,11211301,0,0,0
213100801,1,2,20111204,11211301,0,0,0
213100801,1,3,10081388,11211301,0,0,0
213100802,1,1,10091378,11211301,0,0,0
213100802,1,2,20051207,11211301,0,0,0
213100802,1,3,10131292,11211301,0,0,0
213100803,1,1,10091378,11211301,0,0,0
213100803,1,2,20061201,11211301,0,0,0
213100803,1,3,10321139,11211301,0,0,0
213100803,2,1,10091378,11211301,0,0,0
213100803,2,2,10121383,11212301,0,0,0
213100901,1,1,20031116,11211301,0,0,0
213100901,1,2,10161357,11211301,0,0,0
213100901,1,3,10191177,11211301,0,0,0
213100902,1,1,20041220,11211301,0,0,0
213100902,1,2,10161357,11211301,0,0,0
213100902,1,3,20021113,11211301,0,0,0
213100903,1,1,20011331,11211301,0,0,0
213100903,1,2,10161357,11211301,0,0,0
213100903,1,3,10301247,11211301,0,0,0
213100903,2,1,10141194,11212301,0,0,0
213100903,2,2,10161357,11211301,0,0,0
213101101,1,1,20081115,11211301,0,0,0
213101101,1,2,10171288,11211301,0,0,0
213101101,1,3,10121199,11211301,0,0,0
213101102,1,1,20081115,11211301,0,0,0
213101102,1,2,10101380,11211301,0,0,0
213101102,1,3,20051121,11211301,0,0,0
213101103,1,1,20081115,11211301,0,0,0
213101103,1,2,10061387,11211301,0,0,0
213101103,1,3,10151293,11211301,0,0,0
213101103,2,1,20081115,11211301,0,0,0
213101103,2,2,10321140,11212301,0,0,0
213101201,1,1,20031226,11211301,0,0,0
213101201,1,2,10041392,11211301,0,0,0
213101201,1,3,10071380,11211301,0,0,0
213101202,1,1,10091379,11211301,0,0,0
213101202,1,2,10041392,11211301,0,0,0
213101202,1,3,10051365,11211301,0,0,0
213101202,2,1,10141286,11212301,0,0,0
213101202,2,2,10041392,11211301,0,0,0
213101203,1,1,10201352,11213601,1,1,0
221100201,1,1,20101108,11221101,0,0,0
221100201,1,2,10301253,11221101,0,0,0
221100201,1,3,20071213,11221101,0,0,0
221100202,1,1,20101108,11221101,0,0,0
221100202,1,2,20031307,11221101,0,0,0
221100202,1,3,20061203,11221101,0,0,0
221100203,1,1,20101108,11221101,0,0,0
221100203,1,2,10121385,11221101,0,0,0
221100203,1,3,20021220,11221101,0,0,0
221100203,2,1,20101108,11221101,0,0,0
221100203,2,2,10041395,11222101,0,0,0
221100301,1,1,20041124,11221101,0,0,0
221100301,1,2,10081394,11221101,0,0,0
221100301,1,3,10161360,11221101,0,0,0
221100302,1,1,10131370,11221101,0,0,0
221100302,1,2,10081394,11221101,0,0,0
221100302,1,3,20011136,11221101,0,0,0
221100303,1,1,20121212,11221101,0,0,0
221100303,1,2,10081394,11221101,0,0,0
221100303,1,3,10181270,11221101,0,0,0
221100303,2,1,10091384,11222101,0,0,0
221100303,2,2,10081394,11221101,0,0,0
221100501,1,1,10051367,11221101,0,0,0
221100501,1,2,10191350,11221101,0,0,0
221100501,1,3,10091288,11221101,0,0,0
221100502,1,1,10051367,11221101,0,0,0
221100502,1,2,10021382,11221101,0,0,0
221100502,1,3,20061133,11221101,0,0,0
221100503,1,1,10051367,11221101,0,0,0
221100503,1,2,20071156,11221101,0,0,0
221100503,1,3,20041226,11221101,0,0,0
221100503,2,1,10051367,11221101,0,0,0
221100503,2,2,10151397,11222101,0,0,0
221100601,1,1,10301159,11221101,0,0,0
221100601,1,2,10111387,11221101,0,0,0
221100601,1,3,10181365,11221101,0,0,0
221100602,1,1,20031122,11221101,0,0,0
221100602,1,2,10111387,11221101,0,0,0
221100602,1,3,10141359,11221101,0,0,0
221100603,1,1,20121107,11221101,0,0,0
221100603,1,2,10111387,11221101,0,0,0
221100603,1,3,10151398,11221101,0,0,0
221100603,2,1,20011335,11222101,0,0,0
221100603,2,2,10111387,11221101,0,0,0
221100801,1,1,10171382,11221101,0,0,0
221100801,1,2,10061390,11221101,0,0,0
221100801,1,3,10101384,11221101,0,0,0
221100802,1,1,10171382,11221101,0,0,0
221100802,1,2,20041121,11221101,0,0,0
221100802,1,3,10291235,11221101,0,0,0
221100803,1,1,10171382,11221101,0,0,0
221100803,1,2,20081222,11221101,0,0,0
221100803,1,3,20121213,11221101,0,0,0
221100803,2,1,10171382,11221101,0,0,0
221100803,2,2,10161290,11222101,0,0,0
221100901,1,1,10091192,11221101,0,0,0
221100901,1,2,20031308,11221101,0,0,0
221100901,1,3,10041396,11221101,0,0,0
221100902,1,1,10151177,11221101,0,0,0
221100902,1,2,20031308,11221101,0,0,0
221100902,1,3,20011336,11221101,0,0,0
221100903,1,1,10181178,11221101,0,0,0
221100903,1,2,20031308,11221101,0,0,0
221100903,1,3,20071157,11221101,0,0,0
221100903,2,1,10301349,11222101,0,0,0
221100903,2,2,20031308,11221101,0,0,0
221101001,1,1,20051126,11221101,0,0,0
221101001,1,2,20011337,11221101,0,0,0
221101001,1,3,20061134,11221101,0,0,0
221101002,1,1,20051126,11221101,0,0,0
221101002,1,2,20161114,11221101,0,0,0
221101002,1,3,10111388,11221101,0,0,0
221101002,2,1,20051126,11221101,0,0,0
221101002,2,2,10071384,11222101,0,0,0
221101003,1,1,10201249,11223401,1,1,0
222100201,1,1,10151299,11221201,0,0,0
222100201,1,2,10041397,11221201,0,0,0
222100201,1,3,20101210,11221201,0,0,0
222100202,1,1,10151299,11221201,0,0,0
222100202,1,2,10021383,11221201,0,0,0
222100202,1,3,10171292,11221201,0,0,0
222100203,1,1,10151299,11221201,0,0,0
222100203,1,2,10191351,11221201,0,0,0
222100203,1,3,20121214,11221201,0,0,0
222100203,2,1,10151299,11221201,0,0,0
222100203,2,2,10161361,11222201,0,0,0
222100401,1,1,20101109,11221201,0,0,0
222100401,1,2,20011137,11221201,0,0,0
222100401,1,3,10301350,11221201,0,0,0
222100402,1,1,10141290,11221201,0,0,0
222100402,1,2,20011137,11221201,0,0,0
222100402,1,3,10091289,11221201,0,0,0
222100403,1,1,10071385,11221201,0,0,0
222100403,1,2,20011137,11221201,0,0,0
222100403,1,3,20031229,11221201,0,0,0
222100403,2,1,20081124,11222201,0,0,0
222100403,2,2,20011137,11221201,0,0,0
222100601,1,1,10061391,11221201,0,0,0
222100601,1,2,20111115,11221201,0,0,0
222100601,1,3,20051212,11221201,0,0,0
222100602,1,1,10061391,11221201,0,0,0
222100602,1,2,10131371,11221201,0,0,0
222100602,1,3,20041227,11221201,0,0,0
222100603,1,1,10061391,11221201,0,0,0
222100603,1,2,10291342,11221201,0,0,0
222100603,1,3,20021116,11221201,0,0,0
222100603,2,1,10061391,11221201,0,0,0
222100603,2,2,10181366,11222201,0,0,0
222100701,1,1,20161115,11221201,0,0,0
222100701,1,2,10091385,11221201,0,0,0
222100701,1,3,20111207,11221201,0,0,0
222100702,1,1,10301160,11221201,0,0,0
222100702,1,2,10091385,11221201,0,0,0
222100702,1,3,10131294,11221201,0,0,0
222100703,1,1,20021117,11221201,0,0,0
222100703,1,2,10091385,11221201,0,0,0
222100703,1,3,10141291,11221201,0,0,0
222100703,2,1,10141198,11222201,0,0,0
222100703,2,2,10091385,11221201,0,0,0
222100901,1,1,10021384,11221201,0,0,0
222100901,1,2,20041122,11221201,0,0,0
222100901,1,3,10151399,11221201,0,0,0
222100902,1,1,10021384,11221201,0,0,0
222100902,1,2,10101385,11221201,0,0,0
222100902,1,3,20071158,11221201,0,0,0
222100903,1,1,10021384,11221201,0,0,0
222100903,1,2,20011234,11221201,0,0,0
222100903,1,3,10291343,11221201,0,0,0
222100903,2,1,10021384,11221201,0,0,0
222100903,2,2,20061135,11222201,0,0,0
222101001,1,1,10051368,11221201,0,0,0
222101001,1,2,20121108,11221201,0,0,0
222101001,1,3,10141292,11221201,0,0,0
222101002,1,1,10181271,11221201,0,0,0
222101002,1,2,20121108,11221201,0,0,0
222101002,1,3,20031230,11221201,0,0,0
222101003,1,1,20071214,11221201,0,0,0
222101003,1,2,20121108,11221201,0,0,0
222101003,1,3,20061136,11221201,0,0,0
222101003,2,1,10301254,11222201,0,0,0
222101003,2,2,20121108,11221201,0,0,0
222101101,1,1,10161291,11221201,0,0,0
222101101,1,2,20031309,11221201,0,0,0
222101101,1,3,10291236,11221201,0,0,0
222101102,1,1,10161291,11221201,0,0,0
222101102,1,2,20051130,11221201,0,0,0
222101102,1,3,20021216,11221201,0,0,0
222101102,2,1,10161291,11221201,0,0,0
222101102,2,2,10151178,11222201,0,0,0
222101103,1,1,20051131,11223501,1,1,0
223100201,1,1,10041398,11221301,0,0,0
223100201,1,2,10121386,11221301,0,0,0
223100201,1,3,20011338,11221301,0,0,0
223100202,1,1,10081395,11221301,0,0,0
223100202,1,2,10121386,11221301,0,0,0
223100202,1,3,10141199,11221301,0,0,0
223100203,1,1,20101110,11221301,0,0,0
223100203,1,2,10121386,11221301,0,0,0
223100203,1,3,10131295,11221301,0,0,0
223100203,2,1,10071386,11222301,0,0,0
223100203,2,2,10121386,11221301,0,0,0
223100301,1,1,10301255,11221301,0,0,0
223100301,1,2,10091193,11221301,0,0,0
223100301,1,3,20051213,11221301,0,0,0
223100302,1,1,10301255,11221301,0,0,0
223100302,1,2,20071159,11221301,0,0,0
223100302,1,3,20051213,11221301,0,0,0
223100303,1,1,10301255,11221301,0,0,0
223100303,1,2,10191179,11221301,0,0,0
223100303,1,3,20021118,11221301,0,0,0
223100303,2,1,10301255,11221301,0,0,0
223100303,2,2,10171383,11222301,0,0,0
223100401,1,1,20061204,11221301,0,0,0
223100401,1,2,20031123,11221301,0,0,0
223100401,1,3,20111208,11221301,0,0,0
223100402,1,1,10081396,11221301,0,0,0
223100402,1,2,20031123,11221301,0,0,0
223100402,1,3,10041399,11221301,0,0,0
223100403,1,1,10181367,11221301,0,0,0
223100403,1,2,20031123,11221301,0,0,0
223100403,1,3,10091290,11221301,0,0,0
223100403,2,1,20081223,11222301,0,0,0
223100403,2,2,20031123,11221301,0,0,0
223100601,1,1,20071215,11221301,0,0,0
223100601,1,2,20051127,11221301,0,0,0
223100601,1,3,10111389,11221301,0,0,0
223100602,1,1,20071215,11221301,0,0,0
223100602,1,2,10151179,11221301,0,0,0
223100602,1,3,20021217,11221301,0,0,0
223100603,1,1,20071215,11221301,0,0,0
223100603,1,2,10181272,11221301,0,0,0
223100603,1,3,20011339,11221301,0,0,0
223100603,2,1,20071215,11221301,0,0,0
223100603,2,2,10131372,11222301,0,0,0
223100701,1,1,20071216,11221301,0,0,0
223100701,1,2,10101386,11221301,0,0,0
223100701,1,3,10161292,11221301,0,0,0
223100702,1,1,20011138,11221301,0,0,0
223100702,1,2,10101386,11221301,0,0,0
223100703,1,1,20031124,11221301,0,0,0
223100703,1,2,10101386,11221301,0,0,0
223100703,1,3,20111209,11221301,0,0,0
223100703,2,1,20071216,11222301,0,0,0
223100703,2,2,10101386,11221301,0,0,0
223100901,1,1,10301161,11221301,0,0,0
223100901,1,2,20041228,11221301,0,0,0
223100901,1,3,20081224,11221301,0,0,0
223100902,1,1,10301161,11221301,0,0,0
223100902,1,2,10171384,11221301,0,0,0
223100902,1,3,10291344,11221301,0,0,0
223100903,1,1,10301161,11221301,0,0,0
223100903,1,2,20011235,11221301,0,0,0
223100903,1,3,10171293,11221301,0,0,0
223100903,2,1,10301161,11221301,0,0,0
223100903,2,2,10181179,11222301,0,0,0
223101001,1,1,20061137,11221301,0,0,0
223101001,1,2,20021119,11221301,0,0,0
223101001,1,3,20031231,11221301,0,0,0
223101002,1,1,20061137,11221301,0,0,0
223101002,1,2,20021119,11221301,0,0,0
223101002,1,3,20101211,11221301,0,0,0
223101003,1,1,10141360,11221301,0,0,0
223101003,1,2,20021119,11221301,0,0,0
223101003,1,3,10051369,11221301,0,0,0
223101003,2,1,20081125,11222301,0,0,0
223101003,2,2,20021119,11221301,0,0,0
223101201,1,1,10301162,11221301,0,0,0
223101201,1,2,20041229,11221301,0,0,0
223101201,1,3,10291345,11221301,0,0,0
223101202,1,1,10301162,11221301,0,0,0
223101202,1,2,10171385,11221301,0,0,0
223101202,1,3,20081225,11221301,0,0,0
223101203,1,1,10301162,11221301,0,0,0
223101203,1,2,20011236,11221301,0,0,0
223101203,1,3,10171294,11221301,0,0,0
223101203,2,1,10301162,11221301,0,0,0
223101203,2,2,10181180,11222301,0,0,0
223101301,1,1,20061138,11221301,0,0,0
223101301,1,2,20021120,11221301,0,0,0
223101301,1,3,20031232,11221301,0,0,0
223101302,1,1,20081126,11221301,0,0,0
223101302,1,2,20021120,11221301,0,0,0
223101302,1,3,20101212,11221301,0,0,0
223101303,1,1,10141361,11221301,0,0,0
223101303,1,2,20021120,11221301,0,0,0
223101303,1,3,10051370,11221301,0,0,0
223101303,2,1,20161117,11222301,0,0,0
223101303,2,2,20021120,11221301,0,0,0
223101501,1,1,20011344,11221301,0,0,0
223101501,1,2,20021121,11221301,0,0,0
223101501,1,3,20031233,11221301,0,0,0
223101502,1,1,20081127,11221301,0,0,0
223101502,1,2,20021121,11221301,0,0,0
223101502,1,3,20101213,11221301,0,0,0
223101503,1,1,10141362,11221301,0,0,0
223101503,1,2,20021121,11221301,0,0,0
223101503,1,3,10051371,11221301,0,0,0
223101503,2,1,20161118,11222301,0,0,0
223101503,2,2,20021121,11221301,0,0,0
223101601,1,1,10091194,11221301,0,0,0
223101601,1,2,10071387,11221301,0,0,0
223101601,1,3,20051214,11221301,0,0,0
223101602,1,1,10091194,11221301,0,0,0
223101602,1,2,10301351,11221301,0,0,0
223101602,1,3,10131296,11221301,0,0,0
223101602,2,1,10091194,11221301,0,0,0
223101602,2,2,10141293,11222301,0,0,0
223101603,1,1,10311321,11223601,1,1,0
231100201,1,1,20051128,11231101,0,0,0
231100201,1,2,20031125,11231101,0,0,0
231100201,1,3,10141294,11231101,0,0,0
231100202,1,1,20021218,11231101,0,0,0
231100202,1,2,20031125,11231101,0,0,0
231100202,1,3,20011340,11231101,0,0,0
231100203,1,1,10181368,11231101,0,0,0
231100203,1,2,20031125,11231101,0,0,0
231100203,1,3,20071160,11231101,0,0,0
231100203,2,1,20141102,11232101,0,0,0
231100203,2,2,20031125,11231101,0,0,0
231100301,1,1,20111116,11231101,0,0,0
231100301,1,2,20041301,11231101,0,0,0
231100301,1,3,10131373,11231101,0,0,0
231100302,1,1,20111116,11231101,0,0,0
231100302,1,2,20101214,11231101,0,0,0
231100302,1,3,20081226,11231101,0,0,0
231100303,1,1,20111116,11231101,0,0,0
231100303,1,2,20061205,11231101,0,0,0
231100303,1,3,10091291,11231101,0,0,0
231100303,2,1,20111116,11231101,0,0,0
231100303,2,2,10301352,11232101,0,0,0
231100401,1,1,10021385,11231101,0,0,0
231100401,1,2,20121109,11231101,0,0,0
231100401,1,3,20111117,11231101,0,0,0
231100402,1,1,20051215,11231101,0,0,0
231100402,1,2,20121109,11231101,0,0,0
231100402,1,3,20071217,11231101,0,0,0
231100403,1,1,20031234,11231101,0,0,0
231100403,1,2,20121109,11231101,0,0,0
231100403,1,3,10191284,11231101,0,0,0
231100403,2,1,10161362,11232101,0,0,0
231100403,2,2,20121109,11231101,0,0,0
231100601,1,1,10061392,11231101,0,0,0
231100601,1,2,10191352,11231101,0,0,0
231100601,1,3,20011237,11231101,0,0,0
231100602,1,1,10061392,11231101,0,0,0
231100602,1,2,20021219,11231101,0,0,0
231100602,1,3,20081227,11231101,0,0,0
231100603,1,1,10061392,11231101,0,0,0
231100603,1,2,20041302,11231101,0,0,0
231100603,1,3,10091195,11231101,0,0,0
231100603,2,1,10061392,11231101,0,0,0
231100603,2,2,20031127,11232101,0,0,0
231100701,1,1,10181273,11231101,0,0,0
231100701,1,2,10051374,11231101,0,0,0
231100701,1,3,20101215,11231101,0,0,0
231100702,1,1,10291237,11231101,0,0,0
231100702,1,2,10051374,11231101,0,0,0
231100702,1,3,20121110,11231101,0,0,0
231100703,1,1,20031311,11231101,0,0,0
231100703,1,2,10051374,11231101,0,0,0
231100703,1,3,20071161,11231101,0,0,0
231100703,2,1,10151180,11232101,0,0,0
231100703,2,2,10051374,11231101,0,0,0
231100901,1,1,15031120,11233401,1,1,0
231101001,1,1,15031121,11233501,1,1,0
231101101,1,1,15031122,11233601,1,1,0
232100201,1,1,15031123,11233701,1,1,0
232100301,1,1,15031124,11233801,1,1,0
232100501,1,1,20151201,11231201,0,0,0
232100501,1,2,20041230,11231201,0,0,0
232100501,1,3,10131374,11231201,0,0,0
232100502,1,1,20151201,11231201,0,0,0
232100502,1,2,20021122,11231201,0,0,0
232100502,1,3,10301256,11231201,0,0,0
232100503,1,1,20151201,11231201,0,0,0
232100503,1,2,10101387,11231201,0,0,0
232100503,1,3,10171295,11231201,0,0,0
232100503,2,1,20151201,11231201,0,0,0
232100503,2,2,10161293,11232201,0,0,0
232100601,1,1,10291238,11231201,0,0,0
232100601,1,2,20031310,11231201,0,0,0
232100601,1,3,10141295,11231201,0,0,0
232100602,1,1,20011341,11231201,0,0,0
232100602,1,2,20031310,11231201,0,0,0
232100602,1,3,20071218,11231201,0,0,0
232100603,1,1,10191353,11231201,0,0,0
232100603,1,2,20031310,11231201,0,0,0
232100603,1,3,10171296,11231201,0,0,0
232100603,2,1,20061140,11232201,0,0,0
232100603,2,2,20031310,11231201,0,0,0
232100801,1,1,15031125,11233901,1,1,0
232100901,1,1,15031126,112331001,1,1,0
232101001,1,1,15031127,112331101,1,1,0
233100201,1,1,20041123,11231301,0,0,0
233100201,1,2,20101111,11231301,0,0,0
233100201,1,3,10141296,11231301,0,0,0
233100202,1,1,20041123,11231301,0,0,0
233100202,1,2,10131297,11231301,0,0,0
233100202,1,3,20151202,11231301,0,0,0
233100203,1,1,20041123,11231301,0,0,0
233100203,1,2,20061206,11231301,0,0,0
233100203,1,3,10091196,11231301,0,0,0
233100203,2,1,20041123,11231301,0,0,0
233100203,2,2,10071388,11232301,0,0,0
233100301,1,1,20051217,11231301,0,0,0
233100301,1,2,10021386,11231301,0,0,0
233100301,1,3,20151203,11231301,0,0,0
233100302,1,1,10181274,11231301,0,0,0
233100302,1,2,10021386,11231301,0,0,0
233100302,1,3,10301163,11231301,0,0,0
233100303,1,1,10291134,11231301,0,0,0
233100303,1,2,10021386,11231301,0,0,0
233100303,1,3,20121215,11231301,0,0,0
233100303,2,1,20081128,11232301,0,0,0
233100303,2,2,10021386,11231301,0,0,0
233100501,1,1,20011139,11231301,0,0,0
233100501,1,2,10191180,11231301,0,0,0
233100501,1,3,10091292,11231301,0,0,0
233100502,1,1,20011139,11231301,0,0,0
233100502,1,2,20071162,11231301,0,0,0
233100502,1,3,20161119,11231301,0,0,0
233100503,1,1,20011139,11231301,0,0,0
233100503,1,2,10081397,11231301,0,0,0
233100503,1,3,10301353,11231301,0,0,0
233100503,2,1,20011139,11231301,0,0,0
233100503,2,2,20061141,11232301,0,0,0
233100601,1,1,20021123,11231301,0,0,0
233100601,1,2,10111390,11231301,0,0,0
233100601,1,3,10161294,11231301,0,0,0
233100602,1,1,10181181,11231301,0,0,0
233100602,1,2,10111390,11231301,0,0,0
233100602,1,3,20121216,11231301,0,0,0
233100603,1,1,10151181,11231301,0,0,0
233100603,1,2,10111390,11231301,0,0,0
233100603,1,3,10291346,11231301,0,0,0
233100603,2,1,10131375,11232301,0,0,0
233100603,2,2,10111390,11231301,0,0,0
233100801,1,1,20101112,11231301,0,0,0
233100801,1,2,10121387,11231301,0,0,0
233100801,1,3,20061142,11231301,0,0,0
233100802,1,1,20101112,11231301,0,0,0
233100802,1,2,20011342,11231301,0,0,0
233100802,1,3,10091386,11231301,0,0,0
233100803,1,1,20101112,11231301,0,0,0
233100803,1,2,10071389,11231301,0,0,0
233100803,1,3,20151301,11231301,0,0,0
233100803,2,1,20101112,11231301,0,0,0
233100803,2,2,20031312,11232301,0,0,0
233100901,1,1,20041231,11231301,0,0,0
233100901,1,2,10301164,11231301,0,0,0
233100901,1,3,10291239,11231301,0,0,0
233100902,1,1,10051372,11231301,0,0,0
233100902,1,2,10301164,11231301,0,0,0
233100902,1,3,20031235,11231301,0,0,0
233100903,1,1,20021124,11231301,0,0,0
233100903,1,2,10301164,11231301,0,0,0
233100903,1,3,10141363,11231301,0,0,0
233100903,2,1,20141101,11232301,0,0,0
233100903,2,2,10301164,11231301,0,0,0
233101101,1,1,20101113,11231301,0,0,0
233101101,1,2,10121388,11231301,0,0,0
233101101,1,3,20011239,11231301,0,0,0
233101102,1,1,20101113,11231301,0,0,0
233101102,1,2,20021221,11231301,0,0,0
233101102,1,3,10091387,11231301,0,0,0
233101103,1,1,20101113,11231301,0,0,0
233101103,1,2,10071390,11231301,0,0,0
233101103,1,3,20131102,11231301,0,0,0
233101103,2,1,20101113,11231301,0,0,0
233101103,2,2,20051216,11232301,0,0,0
233101201,1,1,20041232,11231301,0,0,0
233101201,1,2,10301165,11231301,0,0,0
233101201,1,3,20031126,11231301,0,0,0
233101202,1,1,10051373,11231301,0,0,0
233101202,1,2,10301165,11231301,0,0,0
233101202,1,3,20031236,11231301,0,0,0
233101203,1,1,20011141,11231301,0,0,0
233101203,1,2,10301165,11231301,0,0,0
233101203,1,3,10141364,11231301,0,0,0
233101203,2,1,10141365,11232301,0,0,0
233101203,2,2,10301165,11231301,0,0,0
233101401,1,1,20061207,11231301,0,0,0
233101401,1,2,10181369,11231301,0,0,0
233101401,1,3,10131298,11231301,0,0,0
233101402,1,1,20061207,11231301,0,0,0
233101402,1,2,20111118,11231301,0,0,0
233101402,1,3,20011238,11231301,0,0,0
233101403,1,1,20061207,11231301,0,0,0
233101403,1,2,10021387,11231301,0,0,0
233101403,1,3,10161363,11231301,0,0,0
233101403,2,1,20061207,11231301,0,0,0
233101403,2,2,20111210,11232301,0,0,0
233101501,1,1,20041303,11231301,0,0,0
233101501,1,2,20051129,11231301,0,0,0
233101501,1,3,20081129,11231301,0,0,0
233101502,1,1,20101216,11231301,0,0,0
233101502,1,2,20051129,11231301,0,0,0
233101502,1,3,20011140,11231301,0,0,0
233101502,2,1,10161364,11232301,0,0,0
233101502,2,2,20051129,11231301,0,0,0
233101503,1,1,10211132,112331201,1,1,0
241100201,1,1,20071322,11241101,0,0,0
241100201,1,2,20011163,11241101,0,0,0
241100201,1,3,10161384,11241101,0,0,0
241100202,1,1,20071322,11241101,0,0,0
241100202,1,2,10301368,11241101,0,0,0
241100202,1,3,20021131,11241101,0,0,0
241100203,1,1,20071322,11241101,0,0,0
241100203,1,2,10301368,11241101,0,0,0
241100203,1,3,20031333,11241101,0,0,0
241100203,2,1,20071322,11241101,0,0,0
241100203,2,2,10181197,11242101,0,0,0
241100301,1,1,20061320,11241101,0,0,0
241100301,1,2,20131132,11241101,0,0,0
241100301,1,3,20011363,11241101,0,0,0
241100302,1,1,20031256,11241101,0,0,0
241100302,1,2,20131132,11241101,0,0,0
241100302,1,3,20151223,11241101,0,0,0
241100303,1,1,20031256,11241101,0,0,0
241100303,1,2,20131132,11241101,0,0,0
241100303,1,3,10181393,11241101,0,0,0
241100303,2,1,20051154,11242101,0,0,0
241100303,2,2,20131132,11241101,0,0,0
241100501,1,1,15021111,11243401,1,1,0
241100601,1,1,15021112,11243501,1,1,0
241100801,1,1,15021113,11243601,1,1,0
241100901,1,1,15021114,11243701,1,1,0
241101201,1,1,20081151,11241101,0,0,0
241101201,1,2,10301288,11241101,0,0,0
241101201,1,3,20021233,11241101,0,0,0
241101202,1,1,20081151,11241101,0,0,0
241101202,1,2,20171122,11241101,0,0,0
241101202,1,3,20051243,11241101,0,0,0
241101203,1,1,20081151,11241101,0,0,0
241101203,1,2,20171122,11241101,0,0,0
241101203,1,3,20191218,11241101,0,0,0
241101203,2,1,20081151,11241101,0,0,0
241101203,2,2,20081249,11242101,0,0,0
241101301,1,1,20141124,11241101,0,0,0
241101301,1,2,20091303,11241101,0,0,0
241101301,1,3,10151192,11241101,0,0,0
241101302,1,1,20071321,11241101,0,0,0
241101302,1,2,20091303,11241101,0,0,0
241101302,1,3,20031155,11241101,0,0,0
241101303,1,1,20071321,11241101,0,0,0
241101303,1,2,20091303,11241101,0,0,0
241101303,1,3,20091217,11241101,0,0,0
241101303,2,1,20191219,11242101,0,0,0
241101303,2,2,20091303,11241101,0,0,0
242100201,1,1,20031156,11241201,0,0,0
242100201,1,2,20111309,11241201,0,0,0
242100201,1,3,10141379,11241201,0,0,0
242100202,1,1,20031156,11241201,0,0,0
242100202,1,2,10161385,11241201,0,0,0
242100202,1,3,20111137,11241201,0,0,0
242100203,1,1,20031156,11241201,0,0,0
242100203,1,2,10161385,11241201,0,0,0
242100203,1,3,10301289,11241201,0,0,0
242100203,2,1,20031156,11241201,0,0,0
242100203,2,2,20061321,11242201,0,0,0
242100401,1,1,10181287,11241201,0,0,0
242100401,1,2,20131230,11241201,0,0,0
242100401,1,3,20081347,11241201,0,0,0
242100402,1,1,10151193,11241201,0,0,0
242100402,1,2,20131230,11241201,0,0,0
242100402,1,3,10181288,11241201,0,0,0
242100403,1,1,10151193,11241201,0,0,0
242100403,1,2,20131230,11241201,0,0,0
242100403,1,3,10181288,11241201,0,0,0
242100403,2,1,10301182,11242201,0,0,0
242100403,2,2,20131230,11241201,0,0,0
242100501,1,1,10141380,11241201,0,0,0
242100501,1,2,10291273,11241201,0,0,0
242100501,1,3,20011158,11241201,0,0,0
242100502,1,1,10141380,11241201,0,0,0
242100502,1,2,20111138,11241201,0,0,0
242100502,1,3,20141225,11241201,0,0,0
242100502,2,1,10141380,11241201,0,0,0
242100502,2,2,20111139,11242201,0,0,0
242100503,1,1,15051123,11243801,1,1,0
242100701,1,1,15021115,11243901,1,1,0
242100801,1,1,15021116,112431001,1,1,0
242101001,1,1,20161153,11241201,0,0,0
242101001,1,2,20101123,11241201,0,0,0
242101001,1,3,20171225,11241201,0,0,0
242101002,1,1,20011248,11241201,0,0,0
242101002,1,2,20101123,11241201,0,0,0
242101002,1,3,20081348,11241201,0,0,0
242101003,1,1,20011248,11241201,0,0,0
242101003,1,2,20101123,11241201,0,0,0
242101003,1,3,10291150,11241201,0,0,0
242101003,2,1,20111234,11242201,0,0,0
242101003,2,2,20101123,11241201,0,0,0
242101201,1,1,20031334,11241201,0,0,0
242101201,1,2,10181394,11241201,0,0,0
242101201,1,3,10321261,11241201,0,0,0
242101202,1,1,20031334,11241201,0,0,0
242101202,1,2,10291274,11241201,0,0,0
242101202,1,3,20051244,11241201,0,0,0
242101203,1,1,20031334,11241201,0,0,0
242101203,1,2,10291274,11241201,0,0,0
242101203,1,3,10051387,11241201,0,0,0
242101203,2,1,20031334,11241201,0,0,0
242101203,2,2,10171397,11242201,0,0,0
242101401,1,1,20131133,11241201,0,0,0
242101401,1,2,20151353,11241201,0,0,0
242101401,1,3,10051388,11241201,0,0,0
242101402,1,1,20061167,11241201,0,0,0
242101402,1,2,20151353,11241201,0,0,0
242101402,1,3,10161386,11241201,0,0,0
242101403,1,1,20061167,11241201,0,0,0
242101403,1,2,20151353,11241201,0,0,0
242101403,1,3,20091304,11241201,0,0,0
242101403,2,1,20031157,11242201,0,0,0
242101403,2,2,20151353,11241201,0,0,0
242101501,1,1,10291275,11241201,0,0,0
242101501,1,2,20071240,11241201,0,0,0
242101501,1,3,20161225,11241201,0,0,0
242101502,1,1,10291275,11241201,0,0,0
242101502,1,2,20021315,11241201,0,0,0
242101502,1,3,20061224,11241201,0,0,0
242101503,1,1,10291275,11241201,0,0,0
242101503,1,2,20021315,11241201,0,0,0
242101503,1,3,20041250,11241201,0,0,0
242101503,2,1,10291275,11241201,0,0,0
242101503,2,2,10321160,11242201,0,0,0
242101701,1,1,20091218,11241201,0,0,0
242101701,1,2,20191220,11241201,0,0,0
242101701,1,3,20041332,11241201,0,0,0
242101702,1,1,20091218,11241201,0,0,0
242101702,1,2,10191368,11241201,0,0,0
242101702,1,3,20061168,11241201,0,0,0
242101703,1,1,20091218,11241201,0,0,0
242101703,1,2,10191368,11241201,0,0,0
242101703,1,3,20041142,11241201,0,0,0
242101703,2,1,20091218,11241201,0,0,0
242101703,2,2,10321161,11242201,0,0,0
242101801,1,1,20141125,11241201,0,0,0
242101801,1,2,20111235,11241201,0,0,0
242101801,1,3,20071182,11241201,0,0,0
242101802,1,1,20011159,11241201,0,0,0
242101802,1,2,20111235,11241201,0,0,0
242101802,1,3,20071182,11241201,0,0,0
242101803,1,1,20011159,11241201,0,0,0
242101803,1,2,20111235,11241201,0,0,0
242101803,1,3,20121132,11241201,0,0,0
242101803,2,1,10051389,11242201,0,0,0
242101803,2,2,20111235,11241201,0,0,0
243100201,1,1,20101317,11241301,0,0,0
243100201,1,2,20081250,11241301,0,0,0
243100201,1,3,10301369,11241301,0,0,0
243100202,1,1,20101317,11241301,0,0,0
243100202,1,2,20031257,11241301,0,0,0
243100202,1,3,10291151,11241301,0,0,0
243100203,1,1,20101317,11241301,0,0,0
243100203,1,2,20031257,11241301,0,0,0
243100203,1,3,20141226,11241301,0,0,0
243100203,2,1,20101317,11241301,0,0,0
243100203,2,2,10131386,11242301,0,0,0
243100301,1,1,10321262,11241301,0,0,0
243100301,1,2,20011249,11241301,0,0,0
243100301,1,3,20101318,11241301,0,0,0
243100302,1,1,20031335,11241301,0,0,0
243100302,1,2,20011249,11241301,0,0,0
243100302,1,3,20151224,11241301,0,0,0
243100303,1,1,20031335,11241301,0,0,0
243100303,1,2,20011249,11241301,0,0,0
243100303,1,3,20061169,11241301,0,0,0
243100303,2,1,20161154,11242301,0,0,0
243100303,2,2,20011249,11241301,0,0,0
243100501,1,1,20141126,11241301,0,0,0
243100501,1,2,10321349,11241301,0,0,0
243100501,1,3,20011160,11241301,0,0,0
243100502,1,1,20141126,11241301,0,0,0
243100502,1,2,20021132,11241301,0,0,0
243100502,1,3,10321350,11241301,0,0,0
243100503,1,1,20141126,11241301,0,0,0
243100503,1,2,20021132,11241301,0,0,0
243100503,1,3,20011364,11241301,0,0,0
243100503,2,1,20141126,11241301,0,0,0
243100503,2,2,10181198,11242301,0,0,0
243100701,1,1,10141381,11241301,0,0,0
243100701,1,2,20151225,11241301,0,0,0
243100701,1,3,20121133,11241301,0,0,0
243100702,1,1,20061322,11241301,0,0,0
243100702,1,2,20151225,11241301,0,0,0
243100702,1,3,20101122,11241301,0,0,0
243100703,1,1,20061322,11241301,0,0,0
243100703,1,2,20151225,11241301,0,0,0
243100703,1,3,20101224,11241301,0,0,0
243100703,2,1,10181289,11242301,0,0,0
243100703,2,2,20151225,11241301,0,0,0
243100801,1,1,10301370,11241301,0,0,0
243100801,1,2,20041143,11241301,0,0,0
243100801,1,3,20161226,11241301,0,0,0
243100802,1,1,10301370,11241301,0,0,0
243100802,1,2,10291152,11241301,0,0,0
243100802,1,3,20071241,11241301,0,0,0
243100803,1,1,10301370,11241301,0,0,0
243100803,1,2,10291152,11241301,0,0,0
243100803,1,3,20081349,11241301,0,0,0
243100803,2,1,10301370,11241301,0,0,0
243100803,2,2,20111310,11242301,0,0,0
243101101,1,1,20061225,11241301,0,0,0
243101101,1,2,10151194,11241301,0,0,0
243101101,1,3,10321351,11241301,0,0,0
243101102,1,1,20071183,11241301,0,0,0
243101102,1,2,10151194,11241301,0,0,0
243101102,1,3,20051155,11241301,0,0,0
243101103,1,1,20071183,11241301,0,0,0
243101103,1,2,10151194,11241301,0,0,0
243101103,1,3,20141227,11241301,0,0,0
243101103,2,1,20121307,11242301,0,0,0
243101103,2,2,10151194,11241301,0,0,0
243101201,1,1,10131387,11241301,0,0,0
243101201,1,2,20021237,11241301,0,0,0
243101201,1,3,20121308,11241301,0,0,0
243101202,1,1,10131387,11241301,0,0,0
243101202,1,2,20021237,11241301,0,0,0
243101202,1,3,20151354,11241301,0,0,0
243101202,2,1,10131387,11241301,0,0,0
243101202,2,2,10181199,11242301,0,0,0
243101203,1,1,10211244,112431101,1,1,0
251100201,1,1,20151226,11251101,0,0,0
251100201,1,2,20111311,11251101,0,0,0
251100201,1,3,20061170,11251101,0,0,0
251100202,1,1,20151226,11251101,0,0,0
251100202,1,2,20111140,11251101,0,0,0
251100202,1,3,10291378,11251101,0,0,0
251100203,1,1,20151226,11251101,0,0,0
251100203,1,2,20111140,11251101,0,0,0
251100203,1,3,20191221,11251101,0,0,0
251100203,2,1,20151226,11251101,0,0,0
251100203,2,2,20131134,11252101,0,0,0
251100401,1,1,20191110,11251101,0,0,0
251100401,1,2,10131388,11251101,0,0,0
251100401,1,3,20141127,11251101,0,0,0
251100402,1,1,20081251,11251101,0,0,0
251100402,1,2,10131388,11251101,0,0,0
251100402,1,3,20071186,11251101,0,0,0
251100403,1,1,20081251,11251101,0,0,0
251100403,1,2,10131388,11251101,0,0,0
251100403,1,3,20031258,11251101,0,0,0
251100403,2,1,10301371,11252101,0,0,0
251100403,2,2,10131388,11251101,0,0,0
251100601,1,1,20091305,11251101,0,0,0
251100601,1,2,10301290,11251101,0,0,0
251100601,1,3,20111236,11251101,0,0,0
251100602,1,1,20091305,11251101,0,0,0
251100602,1,2,20181101,11251101,0,0,0
251100602,1,3,20131135,11251101,0,0,0
251100603,1,1,20091305,11251101,0,0,0
251100603,1,2,20181101,11251101,0,0,0
251100603,1,3,20041333,11251101,0,0,0
251100603,2,1,20091305,11251101,0,0,0
251100603,2,2,20141128,11252101,0,0,0
251100701,1,1,10321263,11251101,0,0,0
251100701,1,2,20061226,11251101,0,0,0
251100701,1,3,20141229,11251101,0,0,0
251100702,1,1,20171123,11251101,0,0,0
251100702,1,2,20061226,11251101,0,0,0
251100702,1,3,20041334,11251101,0,0,0
251100703,1,1,20171123,11251101,0,0,0
251100703,1,2,20061226,11251101,0,0,0
251100703,1,3,10131389,11251101,0,0,0
251100703,2,1,10301183,11252101,0,0,0
251100703,2,2,20061226,11251101,0,0,0
251100901,1,1,10141382,11251101,0,0,0
251100901,1,2,20121232,11251101,0,0,0
251100901,1,3,10321162,11251101,0,0,0
251100902,1,1,10141382,11251101,0,0,0
251100902,1,2,10291276,11251101,0,0,0
251100902,1,3,20081152,11251101,0,0,0
251100903,1,1,10141382,11251101,0,0,0
251100903,1,2,10291276,11251101,0,0,0
251100903,1,3,10301291,11251101,0,0,0
251100903,2,1,10141382,11251101,0,0,0
251100903,2,2,20081254,11252101,0,0,0
251101001,1,1,20131136,11251101,0,0,0
251101001,1,2,20091101,11251101,0,0,0
251101001,1,3,10141383,11251101,0,0,0
251101002,1,1,20121311,11251101,0,0,0
251101002,1,2,20091101,11251101,0,0,0
251101002,1,3,10191369,11251101,0,0,0
251101003,1,1,20121311,11251101,0,0,0
251101003,1,2,20091101,11251101,0,0,0
251101003,1,3,10321163,11251101,0,0,0
251101003,2,1,10321352,11252101,0,0,0
251101003,2,2,20091101,11251101,0,0,0
251101201,1,1,20101124,11251101,0,0,0
251101201,1,2,20101319,11251101,0,0,0
251101201,1,3,20021234,11251101,0,0,0
251101202,1,1,20101124,11251101,0,0,0
251101202,1,2,20051156,11251101,0,0,0
251101202,1,3,10301372,11251101,0,0,0
251101203,1,1,20101124,11251101,0,0,0
251101203,1,2,20051156,11251101,0,0,0
251101203,1,3,20121134,11251101,0,0,0
251101203,2,1,20101124,11251101,0,0,0
251101203,2,2,20171125,11252101,0,0,0
251101301,1,1,20191222,11251101,0,0,0
251101301,1,2,20051245,11251101,0,0,0
251101301,1,3,20161155,11251101,0,0,0
251101302,1,1,20191222,11251101,0,0,0
251101302,1,2,20161228,11251101,0,0,0
251101302,1,3,20111142,11251101,0,0,0
251101303,1,1,20191222,11251101,0,0,0
251101303,1,2,20161228,11251101,0,0,0
251101303,1,3,20081153,11251101,0,0,0
251101303,2,1,20191222,11251101,0,0,0
251101303,2,2,20041251,11252101,0,0,0
251101501,1,1,10181395,11251101,0,0,0
251101501,1,2,20111237,11251101,0,0,0
251101501,1,3,20081352,11251101,0,0,0
251101502,1,1,20011161,11251101,0,0,0
251101502,1,2,20111237,11251101,0,0,0
251101502,1,3,20161227,11251101,0,0,0
251101502,2,1,20151356,11252101,0,0,0
251101502,2,2,20111237,11251101,0,0,0
251101503,1,1,10311265,11253401,1,1,0
252100201,1,1,20081350,11251201,0,0,0
252100201,1,2,20131231,11251201,0,0,0
252100201,1,3,20091219,11251201,0,0,0
252100202,1,1,20061323,11251201,0,0,0
252100202,1,2,20131231,11251201,0,0,0
252100202,1,3,10191370,11251201,0,0,0
252100203,1,1,20061323,11251201,0,0,0
252100203,1,2,20131231,11251201,0,0,0
252100203,1,3,20051246,11251201,0,0,0
252100203,2,1,10151195,11252201,0,0,0
252100203,2,2,20131231,11251201,0,0,0
252100401,1,1,10171398,11251201,0,0,0
252100401,1,2,20151227,11251201,0,0,0
252100401,1,3,20121135,11251201,0,0,0
252100402,1,1,10171398,11251201,0,0,0
252100402,1,2,20141228,11251201,0,0,0
252100402,1,3,10141384,11251201,0,0,0
252100403,1,1,10171398,11251201,0,0,0
252100403,1,2,20141228,11251201,0,0,0
252100403,1,3,20041253,11251201,0,0,0
252100403,2,1,10171398,11251201,0,0,0
252100403,2,2,10051390,11252201,0,0,0
252100501,1,1,10301184,11251201,0,0,0
252100501,1,2,20021133,11251201,0,0,0
252100501,1,3,10161387,11251201,0,0,0
252100502,1,1,10181290,11251201,0,0,0
252100502,1,2,20021133,11251201,0,0,0
252100502,1,3,20131232,11251201,0,0,0
252100503,1,1,10181290,11251201,0,0,0
252100503,1,2,20021133,11251201,0,0,0
252100503,1,3,10291379,11251201,0,0,0
252100503,2,1,20161156,11252201,0,0,0
252100503,2,2,20021133,11251201,0,0,0
252100701,1,1,10161388,11251201,0,0,0
252100701,1,2,10181396,11251201,0,0,0
252100701,1,3,20011365,11251201,0,0,0
252100702,1,1,10161388,11251201,0,0,0
252100702,1,2,20101125,11251201,0,0,0
252100702,1,3,20141230,11251201,0,0,0
252100703,1,1,10161388,11251201,0,0,0
252100703,1,2,20101125,11251201,0,0,0
252100703,1,3,20011250,11251201,0,0,0
252100703,2,1,10161388,11251201,0,0,0
252100703,2,2,20071184,11252201,0,0,0
252100801,1,1,20021316,11251201,0,0,0
252100801,1,2,10131390,11251201,0,0,0
252100801,1,3,10291153,11251201,0,0,0
252100802,1,1,20111312,11251201,0,0,0
252100802,1,2,10131390,11251201,0,0,0
252100802,1,3,10321264,11251201,0,0,0
252100803,1,1,20021134,11251201,0,0,0
252100803,1,2,10131390,11251201,0,0,0
252100803,1,3,20191111,11251201,0,0,0
252100803,2,1,20121136,11252201,0,0,0
252100803,2,2,10131390,11251201,0,0,0
252101001,1,1,10321353,11251201,0,0,0
252101001,1,2,20061177,11251201,0,0,0
252101001,1,3,20101126,11251201,0,0,0
252101002,1,1,10321353,11251201,0,0,0
252101002,1,2,20121310,11251201,0,0,0
252101002,1,3,10301292,11251201,0,0,0
252101003,1,1,10321353,11251201,0,0,0
252101003,1,2,10301185,11251201,0,0,0
252101003,1,3,20091306,11251201,0,0,0
252101003,2,1,10321353,11251301,0,0,0
252101003,2,2,10151196,11252201,0,0,0
252101201,1,1,20051157,11251201,0,0,0
252101201,1,2,20141129,11251201,0,0,0
252101201,1,3,20021235,11251201,0,0,0
252101202,1,1,20091220,11251201,0,0,0
252101202,1,2,20141129,11251201,0,0,0
252101202,1,3,10151197,11251201,0,0,0
252101203,1,1,20041252,11251201,0,0,0
252101203,1,2,20141129,11251201,0,0,0
252101203,1,3,20071324,11251201,0,0,0
252101203,2,1,20121233,11252201,0,0,0
252101203,2,2,20141129,11251201,0,0,0
252101401,1,1,20131233,11251201,0,0,0
252101401,1,2,20061324,11251201,0,0,0
252101401,1,3,20111238,11251201,0,0,0
252101402,1,1,20131233,11251201,0,0,0
252101402,1,2,20011251,11251201,0,0,0
252101402,1,3,10171399,11251201,0,0,0
252101402,2,1,20131233,11251201,0,0,0
252101402,2,2,10161389,11252201,0,0,0
252101403,1,1,10211337,11253501,1,1,0
253100201,1,1,20071325,11251301,0,0,0
253100201,1,2,20041335,11251301,0,0,0
253100201,1,3,10191371,11251301,0,0,0
253100202,1,1,20071325,11251301,0,0,0
253100202,1,2,20021317,11251301,0,0,0
253100202,1,3,20071323,11251301,0,0,0
253100203,1,1,20071325,11251301,0,0,0
253100203,1,2,10181291,11251301,0,0,0
253100203,1,3,20081155,11251301,0,0,0
253100203,2,1,20071325,11251301,0,0,0
253100203,2,2,20021236,11252301,0,0,0
253100301,1,1,20051247,11251301,0,0,0
253100301,1,2,20101225,11251301,0,0,0
253100301,1,3,20121309,11251301,0,0,0
253100302,1,1,20031158,11251301,0,0,0
253100302,1,2,20101225,11251301,0,0,0
253100302,1,3,20011252,11251301,0,0,0
253100303,1,1,20171124,11251301,0,0,0
253100303,1,2,20101225,11251301,0,0,0
253100303,1,3,20061230,11251301,0,0,0
253100303,2,1,20151357,11252301,0,0,0
253100303,2,2,20101225,11251301,0,0,0
253100501,1,1,20071185,11251301,0,0,0
253100501,1,2,10051391,11251301,0,0,0
253100501,1,3,20081252,11251301,0,0,0
253100502,1,1,20071185,11251301,0,0,0
253100502,1,2,10321265,11251301,0,0,0
253100502,1,3,20171226,11251301,0,0,0
253100503,1,1,20071185,11251301,0,0,0
253100503,1,2,10321354,11251301,0,0,0
253100503,1,3,20191112,11251301,0,0,0
253100503,2,1,20071185,11251301,0,0,0
253100503,2,2,20031259,11252301,0,0,0
253100601,1,1,20181102,11251301,0,0,0
253100601,1,2,10051392,11251301,0,0,0
253100601,1,3,20091105,11251301,0,0,0
253100602,1,1,20021318,11251301,0,0,0
253100602,1,2,10051392,11251301,0,0,0
253100602,1,3,20171301,11251301,0,0,0
253100603,1,1,20011366,11251301,0,0,0
253100603,1,2,10051392,11251301,0,0,0
253100603,1,3,20111313,11251301,0,0,0
253100603,2,1,10291154,11252301,0,0,0
253100603,2,2,10051392,11251301,0,0,0
253100801,1,1,20091221,11251301,0,0,0
253100801,1,2,20111141,11251301,0,0,0
253100801,1,3,10181292,11251301,0,0,0
253100802,1,1,20091221,11251301,0,0,0
253100802,1,2,20171227,11251301,0,0,0
253100802,1,3,20101320,11251301,0,0,0
253100803,1,1,20091221,11251301,0,0,0
253100803,1,2,20121234,11251301,0,0,0
253100803,1,3,20021135,11251301,0,0,0
253100803,2,1,20091221,11251301,0,0,0
253100803,2,2,20011367,11252301,0,0,0
253100901,1,1,20091102,11251301,0,0,0
253100901,1,2,20031260,11251301,0,0,0
253100901,1,3,20181103,11251301,0,0,0
253100902,1,1,10321164,11251301,0,0,0
253100902,1,2,20031260,11251301,0,0,0
253100902,1,3,20031336,11251301,0,0,0
253100903,1,1,20151358,11251301,0,0,0
253100903,1,2,20031260,11251301,0,0,0
253100903,1,3,20031159,11251301,0,0,0
253100903,2,1,20061227,11252301,0,0,0
253100903,2,2,20031260,11251301,0,0,0
253101101,1,1,20081351,11251301,0,0,0
253101101,1,2,10291277,11251301,0,0,0
253101101,1,3,20091307,11251301,0,0,0
253101102,1,1,20081351,11251301,0,0,0
253101102,1,2,20061171,11251301,0,0,0
253101102,1,3,20101226,11251301,0,0,0
253101103,1,1,20081351,11251301,0,0,0
253101103,1,2,10181397,11251301,0,0,0
253101103,1,3,20101321,11251301,0,0,0
253101103,2,1,20081351,11251301,0,0,0
253101103,2,2,20191223,11252301,0,0,0
253101201,1,1,20151228,11251301,0,0,0
253101201,1,2,20051158,11251301,0,0,0
253101201,1,3,10301373,11251301,0,0,0
253101202,1,1,20101227,11251301,0,0,0
253101202,1,2,20051158,11251301,0,0,0
253101202,1,3,20031337,11251301,0,0,0
253101202,2,1,10291155,11252301,0,0,0
253101202,2,2,20051158,11251301,0,0,0
253101203,1,1,10201268,11253601,1,1,0
261100201,1,1,10331121,11261101,0,0,0
261100201,1,2,10341102,11261101,0,0,0
261100201,1,3,10351102,11261101,0,0,0
261100202,1,1,10331121,11261101,0,0,0
261100202,1,2,10341302,11261101,0,0,0
261100202,1,3,10351102,11261101,0,0,0
261100203,1,1,10331121,11261101,0,0,0
261100203,1,2,10331229,11261101,0,0,0
261100203,1,3,10351102,11261101,0,0,0
261100203,2,1,10331121,11261101,0,0,0
261100203,2,2,10331245,11262101,0,0,0
261100301,1,1,20011164,11261101,0,0,0
261100301,1,2,20031272,11261101,0,0,0
261100301,1,3,20111147,11261101,0,0,0
261100302,1,1,20021241,11261101,0,0,0
261100302,1,2,10321169,11261101,0,0,0
261100302,1,3,20011374,11261101,0,0,0
261100303,1,1,20091310,11261101,0,0,0
261100303,1,2,10321169,11261101,0,0,0
261100303,1,3,20101324,11261101,0,0,0
261100303,2,1,20131139,11262101,0,0,0
261100303,2,2,10321169,11261101,0,0,0
261100501,1,1,10341202,11261101,0,0,0
261100501,1,2,10351302,11261101,0,0,0
261100501,1,3,10351202,11261101,0,0,0
261100502,1,1,10341202,11261101,0,0,0
261100502,1,2,10331122,11261101,0,0,0
261100502,1,3,10351202,11261101,0,0,0
261100503,1,1,10341202,11261101,0,0,0
261100503,1,2,10341303,11261101,0,0,0
261100503,1,3,10351202,11261101,0,0,0
261100503,2,1,10341202,11261101,0,0,0
261100503,2,2,10331330,11262101,0,0,0
261100601,1,1,20171131,11261101,0,0,0
261100601,1,2,20041155,11261101,0,0,0
261100601,1,3,20121148,11261101,0,0,0
261100602,1,1,20101132,11261101,0,0,0
261100602,1,2,20021320,11261101,0,0,0
261100602,1,3,10321170,11261101,0,0,0
261100603,1,1,20181108,11261101,0,0,0
261100603,1,2,20021320,11261101,0,0,0
261100603,1,3,20121148,11261101,0,0,0
261100603,2,1,20031270,11262101,0,0,0
261100603,2,2,20021320,11261101,0,0,0
261100801,1,1,10341103,11261101,0,0,0
261100801,1,2,10351103,11261101,0,0,0
261100801,1,3,10351203,11261101,0,0,0
261100802,1,1,10341103,11261101,0,0,0
261100802,1,2,10341203,11261101,0,0,0
261100802,1,3,10351203,11261101,0,0,0
261100803,1,1,10341103,11261101,0,0,0
261100803,1,2,10331230,11261101,0,0,0
261100803,1,3,10351203,11261101,0,0,0
261100803,2,1,10341103,11261101,0,0,0
261100803,2,2,10351303,11262101,0,0,0
261100901,1,1,20011165,11261101,0,0,0
261100901,1,2,20041263,11261101,0,0,0
261100901,1,3,20191117,11261101,0,0,0
261100902,1,1,20041339,11261101,0,0,0
261100902,1,2,10051397,11261101,0,0,0
261100902,1,3,10321171,11261101,0,0,0
261100903,1,1,20151241,11261101,0,0,0
261100903,1,2,10051397,11261101,0,0,0
261100903,1,3,20171132,11261101,0,0,0
261100903,2,1,20061331,11262101,0,0,0
261100903,2,2,10051397,11261101,0,0,0
261101101,1,1,10331231,11261101,0,0,0
261101101,1,2,10341104,11261101,0,0,0
261101101,1,3,10341204,11261101,0,0,0
261101102,1,1,10331231,11261101,0,0,0
261101102,1,2,10341304,11261101,0,0,0
261101102,1,3,10341204,11261101,0,0,0
261101103,1,1,10331231,11261101,0,0,0
261101103,1,2,10351204,11261101,0,0,0
261101103,1,3,10341204,11261101,0,0,0
261101103,2,1,10331231,11261101,0,0,0
261101103,2,2,10351304,11262101,0,0,0
261101201,1,1,20101133,11261101,0,0,0
261101201,1,2,20041341,11261101,0,0,0
261101201,1,3,20041153,11261101,0,0,0
261101202,1,1,20161159,11261101,0,0,0
261101202,1,2,20081372,11261101,0,0,0
261101202,1,3,20031342,11261101,0,0,0
261101203,1,1,20301207,11261101,0,0,0
261101203,1,2,20081372,11261101,0,0,0
261101203,1,3,20021142,11261101,0,0,0
261101203,2,1,10191379,11262101,0,0,0
261101203,2,2,20081372,11261101,0,0,0
261101401,1,1,10331123,11261101,0,0,0
261101401,1,2,10331331,11261101,0,0,0
261101401,1,3,10341205,11261101,0,0,0
261101402,1,1,10331123,11261101,0,0,0
261101402,1,2,10331232,11261101,0,0,0
261101402,1,3,10341205,11261101,0,0,0
261101402,2,1,10331123,11261101,0,0,0
261101402,2,2,10351305,11262101,0,0,0
261101403,1,1,10211149,11263401,1,1,0
262100201,1,1,20131237,11261201,0,0,0
262100201,1,2,20051165,11261201,0,0,0
262100201,1,3,20011372,11261201,0,0,0
262100202,1,1,20071331,11261201,0,0,0
262100202,1,2,20141141,11261201,0,0,0
262100202,1,3,20021321,11261201,0,0,0
262100203,1,1,10291165,11261201,0,0,0
262100203,1,2,20141141,11261201,0,0,0
262100203,1,3,20031271,11261201,0,0,0
262100203,2,1,20101323,11262201,0,0,0
262100203,2,2,20141141,11261201,0,0,0
262100301,1,1,10331124,11261201,0,0,0
262100301,1,2,10331332,11261201,0,0,0
262100301,1,3,10341305,11261201,0,0,0
262100302,1,1,10331124,11261201,0,0,0
262100302,1,2,10351205,11261201,0,0,0
262100302,1,3,10341305,11261201,0,0,0
262100303,1,1,10331124,11261201,0,0,0
262100303,1,2,10351105,11261201,0,0,0
262100303,1,3,10341305,11261201,0,0,0
262100303,2,1,10331124,11261201,0,0,0
262100303,2,2,10341105,11262201,0,0,0
262100501,1,1,10321276,11261201,0,0,0
262100501,1,2,20061236,11261201,0,0,0
262100501,1,3,20141236,11261201,0,0,0
262100502,1,1,20031345,11261201,0,0,0
262100502,1,2,20021141,11261201,0,0,0
262100502,1,3,20021143,11261201,0,0,0
262100503,1,1,20041261,11261201,0,0,0
262100503,1,2,20021141,11261201,0,0,0
262100503,1,3,20041154,11261201,0,0,0
262100503,2,1,20121316,11262201,0,0,0
262100503,2,2,20021141,11261201,0,0,0
262100601,1,1,10331233,11261201,0,0,0
262100601,1,2,10351206,11261201,0,0,0
262100601,1,3,10341306,11261201,0,0,0
262100602,1,1,10331233,11261201,0,0,0
262100602,1,2,10341206,11261201,0,0,0
262100602,1,3,10341306,11261201,0,0,0
262100603,1,1,10331233,11261201,0,0,0
262100603,1,2,10331125,11261201,0,0,0
262100603,1,3,10341306,11261201,0,0,0
262100603,2,1,10331233,11261201,0,0,0
262100603,2,2,10341106,11262201,0,0,0
262100801,1,1,20141237,11261201,0,0,0
262100801,1,2,20081260,11261201,0,0,0
262100801,1,3,20061185,11261201,0,0,0
262100802,1,1,20061235,11261201,0,0,0
262100802,1,2,10131395,11261201,0,0,0
262100802,1,3,20041262,11261201,0,0,0
262100803,1,1,10141396,11261201,0,0,0
262100803,1,2,10131395,11261201,0,0,0
262100803,1,3,20071192,11261201,0,0,0
262100803,2,1,10291167,11262201,0,0,0
262100803,2,2,10131395,11261201,0,0,0
262100901,1,1,10351106,11261201,0,0,0
262100901,1,2,10331346,11261201,0,0,0
262100901,1,3,10351306,11261201,0,0,0
262100902,1,1,10351106,11261201,0,0,0
262100902,1,2,10331334,11261201,0,0,0
262100902,1,3,10351306,11261201,0,0,0
262100903,1,1,10351106,11261201,0,0,0
262100903,1,2,10341207,11261201,0,0,0
262100903,1,3,10351306,11261201,0,0,0
262100903,2,1,10351106,11261201,0,0,0
262100903,2,2,10341307,11262201,0,0,0
262101101,1,1,10291168,11261201,0,0,0
262101101,1,2,20091226,11261201,0,0,0
262101101,1,3,20151360,11261201,0,0,0
262101102,1,1,20051164,11261201,0,0,0
262101102,1,2,20081163,11261201,0,0,0
262101102,1,3,20071332,11261201,0,0,0
262101103,1,1,20071191,11261201,0,0,0
262101103,1,2,20081163,11261201,0,0,0
262101103,1,3,10291283,11261201,0,0,0
262101103,2,1,20081259,11262201,0,0,0
262101103,2,2,20081163,11261201,0,0,0
262101201,1,1,10351107,11261201,0,0,0
262101201,1,2,10331126,11261201,0,0,0
262101201,1,3,10341107,11261201,0,0,0
262101202,1,1,10351107,11261201,0,0,0
262101202,1,2,10331234,11261201,0,0,0
262101202,1,3,10341107,11261201,0,0,0
262101202,2,1,10351107,11261201,0,0,0
262101202,2,2,10351307,11262201,0,0,0
262101203,1,1,10311277,11263501,1,1,0
263100201,1,1,20051253,11261301,0,0,0
263100201,1,2,20051166,11261301,0,0,0
263100201,1,3,10301194,11261301,0,0,0
263100202,1,1,20091225,11261301,0,0,0
263100202,1,2,20091116,11261301,0,0,0
263100202,1,3,20041340,11261301,0,0,0
263100203,1,1,20161303,11261301,0,0,0
263100203,1,2,20091116,11261301,0,0,0
263100203,1,3,10051398,11261301,0,0,0
263100203,2,1,20061332,11262301,0,0,0
263100203,2,2,20091116,11261301,0,0,0
263100301,1,1,10351208,11261301,0,0,0
263100301,1,2,10351308,11261301,0,0,0
263100301,1,3,10331127,11261301,0,0,0
263100302,1,1,10351208,11261301,0,0,0
263100302,1,2,10341308,11261301,0,0,0
263100302,1,3,10331127,11261301,0,0,0
263100303,1,1,10351208,11261301,0,0,0
263100303,1,2,10331335,11261301,0,0,0
263100303,1,3,10331127,11261301,0,0,0
263100303,2,1,10351208,11261301,0,0,0
263100303,2,2,10341208,11262301,0,0,0
263100501,1,1,20031341,11261301,0,0,0
263100501,1,2,20051254,11261301,0,0,0
263100501,1,3,20111317,11261301,0,0,0
263100502,1,1,20181201,11261301,0,0,0
263100502,1,2,20151105,11261301,0,0,0
263100502,1,3,20081164,11261301,0,0,0
263100503,1,1,20031160,11261301,0,0,0
263100503,1,2,20151105,11261301,0,0,0
263100503,1,3,20161160,11261301,0,0,0
263100503,2,1,20101236,11262301,0,0,0
263100503,2,2,20151105,11261301,0,0,0
263100601,1,1,10351108,11261301,0,0,0
263100601,1,2,10331235,11261301,0,0,0
263100601,1,3,10341108,11261301,0,0,0
263100602,1,1,10351108,11261301,0,0,0
263100602,1,2,10331336,11261301,0,0,0
263100602,1,3,10341108,11261301,0,0,0
263100603,1,1,10351108,11261301,0,0,0
263100603,1,2,10331336,11261301,0,0,0
263100603,1,3,10341108,11261301,0,0,0
263100603,2,1,10351108,11261301,0,0,0
263100603,2,2,10341109,11262301,0,0,0
263100801,1,1,10291282,11261301,0,0,0
263100801,1,2,20061186,11261301,0,0,0
263100801,1,3,20021242,11261301,0,0,0
263100802,1,1,10301378,11261301,0,0,0
263100802,1,2,20111242,11261301,0,0,0
263100802,1,3,20111148,11261301,0,0,0
263100803,1,1,20171236,11261301,0,0,0
263100803,1,2,20111242,11261301,0,0,0
263100803,1,3,20101237,11261301,0,0,0
263100803,2,1,20051256,11262301,0,0,0
263100803,2,2,20111242,11261301,0,0,0
263100901,1,1,10331128,11261301,0,0,0
263100901,1,2,10341209,11261301,0,0,0
263100901,1,3,10351109,11261301,0,0,0
263100902,1,1,10331128,11261301,0,0,0
263100902,1,2,10351309,11261301,0,0,0
263100902,1,3,10351109,11261301,0,0,0
263100903,1,1,10331128,11261301,0,0,0
263100903,1,2,10341309,11261301,0,0,0
263100903,1,3,10351109,11261301,0,0,0
263100903,2,1,10331128,11261301,0,0,0
263100903,2,2,10351209,11262301,0,0,0
263101101,1,1,10321358,11261301,0,0,0
263101101,1,2,20081370,11261301,0,0,0
263101101,1,3,20011373,11261301,0,0,0
263101102,1,1,20011257,11261301,0,0,0
263101102,1,2,20121239,11261301,0,0,0
263101102,1,3,20021322,11261301,0,0,0
263101103,1,1,20011166,11261301,0,0,0
263101103,1,2,20121239,11261301,0,0,0
263101103,1,3,20031161,11261301,0,0,0
263101103,2,1,20101134,11262301,0,0,0
263101103,2,2,20121239,11261301,0,0,0
263101201,1,1,10331236,11261301,0,0,0
263101201,1,2,10341110,11261301,0,0,0
263101201,1,3,10331337,11261301,0,0,0
263101202,1,1,10331236,11261301,0,0,0
263101202,1,2,10341210,11261301,0,0,0
263101202,1,3,10331337,11261301,0,0,0
263101202,2,1,10331236,11261301,0,0,0
263101202,2,2,10331129,11262301,0,0,0
263101203,1,1,10201381,11263601,1,1,0
271100201,1,1,10331130,11271101,0,0,0
271100201,1,2,10341111,11271101,0,0,0
271100201,1,3,10351110,11271101,0,0,0
271100202,1,1,10331130,11271101,0,0,0
271100202,1,2,10341310,11271101,0,0,0
271100202,1,3,10351110,11271101,0,0,0
271100203,1,1,10331130,11271101,0,0,0
271100203,1,2,10331237,11271101,0,0,0
271100203,1,3,10351110,11271101,0,0,0
271100203,2,1,10331130,11271101,0,0,0
271100203,2,2,10351310,11272101,0,0,0
271100301,1,1,20081165,11271101,0,0,0
271100301,1,2,20011167,11271101,0,0,0
271100301,1,3,20021323,11271101,0,0,0
271100302,1,1,20101135,11271101,0,0,0
271100302,1,2,20011167,11271101,0,0,0
271100302,1,3,20021323,11271101,0,0,0
271100303,1,1,10301195,11271101,0,0,0
271100303,1,2,20011167,11271101,0,0,0
271100303,1,3,20021323,11271101,0,0,0
271100303,2,1,10191380,11272101,0,0,0
271100303,2,2,20011167,11271101,0,0,0
271100501,1,1,10341211,11271101,0,0,0
271100501,1,2,10331338,11271101,0,0,0
271100501,1,3,10331131,11271101,0,0,0
271100502,1,1,10341211,11271101,0,0,0
271100502,1,2,10341112,11271101,0,0,0
271100502,1,3,10331131,11271101,0,0,0
271100503,1,1,10341211,11271101,0,0,0
271100503,1,2,10341212,11271101,0,0,0
271100503,1,3,10331131,11271101,0,0,0
271100503,2,1,10341211,11271101,0,0,0
271100503,2,2,10351111,11272101,0,0,0
271100601,1,1,20021144,11271101,0,0,0
271100601,1,2,20041156,11271101,0,0,0
271100601,1,3,20051301,11271101,0,0,0
271100602,1,1,20091117,11271101,0,0,0
271100602,1,2,20041156,11271101,0,0,0
271100602,1,3,20051301,11271101,0,0,0
271100603,1,1,20121240,11271101,0,0,0
271100603,1,2,20041156,11271101,0,0,0
271100603,1,3,20051301,11271101,0,0,0
271100603,2,1,10291166,11272101,0,0,0
271100603,2,2,20041156,11271101,0,0,0
271100801,1,1,10341212,11271101,0,0,0
271100801,1,2,10331339,11271101,0,0,0
271100801,1,3,10351311,11271101,0,0,0
271100802,1,1,10341212,11271101,0,0,0
271100802,1,2,10341311,11271101,0,0,0
271100802,1,3,10351311,11271101,0,0,0
271100803,1,1,10341212,11271101,0,0,0
271100803,1,2,10331238,11271101,0,0,0
271100803,1,3,10351311,11271101,0,0,0
271100803,2,1,10341212,11271101,0,0,0
271100803,2,2,10351211,11272101,0,0,0
271101001,1,1,20041342,11271101,0,0,0
271101001,1,2,20021244,11271101,0,0,0
271101001,1,3,20151361,11271101,0,0,0
271101002,1,1,20111149,11271101,0,0,0
271101002,1,2,20021244,11271101,0,0,0
271101002,1,3,20151361,11271101,0,0,0
271101003,1,1,10141397,11271101,0,0,0
271101003,1,2,20021244,11271101,0,0,0
271101003,1,3,20151361,11271101,0,0,0
271101003,2,1,10321277,11272101,0,0,0
271101003,2,2,20021244,11271101,0,0,0
271101101,1,1,10341113,11271101,0,0,0
271101101,1,2,10351312,11271101,0,0,0
271101101,1,3,10341213,11271101,0,0,0
271101102,1,1,10341113,11271101,0,0,0
271101102,1,2,10341312,11271101,0,0,0
271101102,1,3,10341213,11271101,0,0,0
271101103,1,1,10341113,11271101,0,0,0
271101103,1,2,10331340,11271101,0,0,0
271101103,1,3,10341213,11271101,0,0,0
271101103,2,1,10341113,11271101,0,0,0
271101103,2,2,10331239,11272101,0,0,0
271101301,1,1,20031273,11271101,0,0,0
271101301,1,2,20031274,11271101,0,0,0
271101301,1,3,10321174,11271101,0,0,0
271101302,1,1,10301379,11271101,0,0,0
271101302,1,2,20031274,11271101,0,0,0
271101302,1,3,10321174,11271101,0,0,0
271101303,1,1,20161161,11271101,0,0,0
271101303,1,2,20031274,11271101,0,0,0
271101303,1,3,10321174,11271101,0,0,0
271101303,2,1,20071193,11272101,0,0,0
271101303,2,2,20031274,11271101,0,0,0
271101501,1,1,10351112,11271101,0,0,0
271101501,1,2,10341114,11271101,0,0,0
271101501,1,3,10351212,11271101,0,0,0
271101502,1,1,10351112,11271101,0,0,0
271101502,1,2,10331132,11271101,0,0,0
271101502,1,3,10351212,11271101,0,0,0
271101502,2,1,10351112,11271101,0,0,0
271101502,2,2,10341214,11272101,0,0,0
271101503,1,1,10201276,11273401,1,1,0
272100201,1,1,20011258,11271201,0,0,0
272100201,1,2,20041265,11271201,0,0,0
272100201,1,3,20141239,11271201,0,0,0
272100202,1,1,20101238,11271201,0,0,0
272100202,1,2,20041265,11271201,0,0,0
272100202,1,3,20141239,11271201,0,0,0
272100203,1,1,10131396,11271201,0,0,0
272100203,1,2,20041265,11271201,0,0,0
272100203,1,3,20141239,11271201,0,0,0
272100203,2,1,20171133,11272201,0,0,0
272100203,2,2,20041265,11271201,0,0,0
272100301,1,1,10331133,11271201,0,0,0
272100301,1,2,10351113,11271201,0,0,0
272100301,1,3,10341313,11271201,0,0,0
272100302,1,1,10331133,11271201,0,0,0
272100302,1,2,10351313,11271201,0,0,0
272100302,1,3,10341313,11271201,0,0,0
272100303,1,1,10331133,11271201,0,0,0
272100303,1,2,10331246,11271201,0,0,0
272100303,1,3,10341313,11271201,0,0,0
272100303,2,1,10331133,11271201,0,0,0
272100303,2,2,10351213,11272201,0,0,0
272100501,1,1,20021243,11271201,0,0,0
272100501,1,2,20101326,11271201,0,0,0
272100501,1,3,20151106,11271201,0,0,0
272100502,1,1,20051167,11271201,0,0,0
272100502,1,2,20101326,11271201,0,0,0
272100502,1,3,20151106,11271201,0,0,0
272100503,1,1,20111243,11271201,0,0,0
272100503,1,2,20101326,11271201,0,0,0
272100503,1,3,20151106,11271201,0,0,0
272100503,2,1,20151242,11272201,0,0,0
272100503,2,2,20101326,11271201,0,0,0
272100601,1,1,10351214,11271201,0,0,0
272100601,1,2,10331134,11271201,0,0,0
272100601,1,3,10331240,11271201,0,0,0
272100602,1,1,10351214,11271201,0,0,0
272100602,1,2,10331341,11271201,0,0,0
272100602,1,3,10331240,11271201,0,0,0
272100603,1,1,10351214,11271201,0,0,0
272100603,1,2,10351215,11271201,0,0,0
272100603,1,3,10331240,11271201,0,0,0
272100603,2,1,10351214,11271201,0,0,0
272100603,2,2,10351314,11272201,0,0,0
272100801,1,1,10321172,11271201,0,0,0
272100801,1,2,20081371,11271201,0,0,0
272100801,1,3,10321359,11271201,0,0,0
272100802,1,1,20041266,11271201,0,0,0
272100802,1,2,20081371,11271201,0,0,0
272100802,1,3,10321359,11271201,0,0,0
272100803,1,1,20131140,11271201,0,0,0
272100803,1,2,20081371,11271201,0,0,0
272100803,1,3,10321359,11271201,0,0,0
272100803,2,1,20031162,11272201,0,0,0
272100803,2,2,20081371,11271201,0,0,0
272100901,1,1,10341215,11271201,0,0,0
272100901,1,2,10331342,11271201,0,0,0
272100901,1,3,10341115,11271201,0,0,0
272100902,1,1,10341215,11271201,0,0,0
272100902,1,2,10331241,11271201,0,0,0
272100902,1,3,10341115,11271201,0,0,0
272100903,1,1,10341215,11271201,0,0,0
272100903,1,2,10351216,11271201,0,0,0
272100903,1,3,10341115,11271201,0,0,0
272100903,2,1,10341215,11271201,0,0,0
272100903,2,2,10341314,11272201,0,0,0
272101201,1,1,20051255,11271201,0,0,0
272101201,1,2,20021324,11271201,0,0,0
272101201,1,3,20161304,11271201,0,0,0
272101202,1,1,10321278,11271201,0,0,0
272101202,1,2,20021324,11271201,0,0,0
272101202,1,3,20161304,11271201,0,0,0
272101203,1,1,20131141,11271201,0,0,0
272101203,1,2,20021324,11271201,0,0,0
272101203,1,3,20161304,11271201,0,0,0
272101203,2,1,20081261,11272201,0,0,0
272101203,2,2,20021324,11271201,0,0,0
272101401,1,1,10341216,11271201,0,0,0
272101401,1,2,10331135,11271201,0,0,0
272101401,1,3,10341217,11271201,0,0,0
272101402,1,1,10341216,11271201,0,0,0
272101402,1,2,10331343,11271201,0,0,0
272101402,1,3,10341217,11271201,0,0,0
272101403,1,1,10341216,11271201,0,0,0
272101403,1,2,10341116,11271201,0,0,0
272101403,1,3,10341217,11271201,0,0,0
272101403,2,1,10341216,11271201,0,0,0
272101403,2,2,10351114,11272201,0,0,0
272101501,1,1,20181109,11271201,0,0,0
272101501,1,2,20041264,11271201,0,0,0
272101501,1,3,20041343,11271201,0,0,0
272101502,1,1,20091227,11271201,0,0,0
272101502,1,2,20041264,11271201,0,0,0
272101502,1,3,20041343,11271201,0,0,0
272101502,2,1,20101325,11272201,0,0,0
272101502,2,2,20041264,11271201,0,0,0
272101502,2,3,20041343,11271201,0,0,0
272101503,1,1,10211346,11273501,1,1,0
273100201,1,1,10331138,11271301,0,0,0
273100201,1,2,10331136,11271301,0,0,0
273100201,1,3,10341118,11271301,0,0,0
273100202,1,1,10331138,11271301,0,0,0
273100202,1,2,10341117,11271301,0,0,0
273100202,1,3,10341118,11271301,0,0,0
273100203,1,1,10331138,11271301,0,0,0
273100203,1,2,10341315,11271301,0,0,0
273100203,1,3,10341118,11271301,0,0,0
273100203,2,1,10331138,11271301,0,0,0
273100203,2,2,10351217,11272301,0,0,0
273100301,1,1,20181202,11271301,0,0,0
273100301,1,2,20041157,11271301,0,0,0
273100301,1,3,20111318,11271301,0,0,0
273100302,1,1,20081262,11271301,0,0,0
273100302,1,2,20041157,11271301,0,0,0
273100302,1,3,20111318,11271301,0,0,0
273100303,1,1,20141142,11271301,0,0,0
273100303,1,2,20041157,11271301,0,0,0
273100303,1,3,20111318,11271301,0,0,0
273100303,2,1,20061237,11272301,0,0,0
273100303,2,2,20041157,11271301,0,0,0
273100501,1,1,10331244,11271301,0,0,0
273100501,1,2,10331242,11271301,0,0,0
273100501,1,3,10351219,11271301,0,0,0
273100502,1,1,10331244,11271301,0,0,0
273100502,1,2,10331344,11271301,0,0,0
273100502,1,3,10351219,11271301,0,0,0
273100503,1,1,10331244,11271301,0,0,0
273100503,1,2,10341316,11271301,0,0,0
273100503,1,3,10351219,11271301,0,0,0
273100503,2,1,10331244,11271301,0,0,0
273100503,2,2,10351315,11272301,0,0,0
273100601,1,1,10321173,11271301,0,0,0
273100601,1,2,20091228,11271301,0,0,0
273100601,1,3,20101136,11271301,0,0,0
273100602,1,1,20031343,11271301,0,0,0
273100602,1,2,20091228,11271301,0,0,0
273100602,1,3,20101136,11271301,0,0,0
273100603,1,1,20161162,11271301,0,0,0
273100603,1,2,20091228,11271301,0,0,0
273100603,1,3,20101136,11271301,0,0,0
273100603,2,1,20011375,11272301,0,0,0
273100603,2,2,20091228,11271301,0,0,0
273100801,1,1,10351317,11271301,0,0,0
273100801,1,2,10331137,11271301,0,0,0
273100801,1,3,10341219,11271301,0,0,0
273100802,1,1,10351317,11271301,0,0,0
273100802,1,2,10331243,11271301,0,0,0
273100802,1,3,10341219,11271301,0,0,0
273100803,1,1,10351317,11271301,0,0,0
273100803,1,2,10341218,11271301,0,0,0
273100803,1,3,10341219,11271301,0,0,0
273100803,2,1,10351317,11271301,0,0,0
273100803,2,2,10351115,11272301,0,0,0
273100901,1,1,20171134,11271301,0,0,0
273100901,1,2,20061187,11271301,0,0,0
273100901,1,3,10291284,11271301,0,0,0
273100902,1,1,20071333,11271301,0,0,0
273100902,1,2,20061187,11271301,0,0,0
273100902,1,3,10291284,11271301,0,0,0
273100903,1,1,20301208,11271301,0,0,0
273100903,1,2,20061187,11271301,0,0,0
273100903,1,3,10291284,11271301,0,0,0
273100903,2,1,20031344,11272301,0,0,0
273100903,2,2,20061187,11271301,0,0,0
273101001,1,1,10341119,11271301,0,0,0
273101001,1,2,10331345,11271301,0,0,0
273101001,1,3,10351116,11271301,0,0,0
273101002,1,1,10341119,11271301,0,0,0
273101002,1,2,10341317,11271301,0,0,0
273101002,1,3,10351116,11271301,0,0,0
273101002,2,1,10341119,11271301,0,0,0
273101002,2,2,10351316,11272301,0,0,0
273101003,1,1,10311136,11273601,1,1,0
281100201,1,1,20171304,11281101,0,0,0
281100201,1,2,10191388,11281101,0,0,0
281100201,1,3,20051170,11281101,0,0,0
281100202,1,1,20171304,11281101,0,0,0
281100202,1,2,20061349,11281101,0,0,0
281100202,1,3,20051170,11281101,0,0,0
281100203,1,1,20171304,11281101,0,0,0
281100203,1,2,20101137,11281101,0,0,0
281100203,1,3,20051170,11281101,0,0,0
281100203,2,1,20171304,11281101,0,0,0
281100203,2,2,20111320,11282101,0,0,0
281100301,1,1,10351220,11281101,0,0,0
281100301,1,2,10341120,11281101,0,0,0
281100301,1,3,10351318,11281101,0,0,0
281100302,1,1,10341220,11281101,0,0,0
281100302,1,2,10341120,11281101,0,0,0
281100302,1,3,10351318,11281101,0,0,0
281100303,1,1,10341121,11281101,0,0,0
281100303,1,2,10341120,11281101,0,0,0
281100303,1,3,10351318,11281101,0,0,0
281100303,2,1,10351117,11282101,0,0,0
281100303,2,2,10341120,11281101,0,0,0
281100401,1,1,10301383,11281101,0,0,0
281100401,1,2,20021245,11281101,0,0,0
281100401,1,3,20161315,11281101,0,0,0
281100402,1,1,10301383,11281101,0,0,0
281100402,1,2,20091230,11281101,0,0,0
281100402,1,3,20161315,11281101,0,0,0
281100403,1,1,10301383,11281101,0,0,0
281100403,1,2,20301101,11281101,0,0,0
281100403,1,3,20161315,11281101,0,0,0
281100403,2,1,10301383,11281101,0,0,0
281100403,2,2,10321283,11282101,0,0,0
281100601,1,1,10351221,11281101,0,0,0
281100601,1,2,10351119,11281101,0,0,0
281100601,1,3,10331247,11281101,0,0,0
281100602,1,1,10331139,11281101,0,0,0
281100602,1,2,10351119,11281101,0,0,0
281100602,1,3,10331247,11281101,0,0,0
281100603,1,1,10351221,11281101,0,0,0
281100603,1,2,10351119,11281101,0,0,0
281100603,1,3,10331247,11281101,0,0,0
281100603,2,1,10331347,11282101,0,0,0
281100603,2,2,10351119,11281101,0,0,0
281100701,1,1,20031280,11281101,0,0,0
281100701,1,2,20301209,11281101,0,0,0
281100701,1,3,20081281,11281101,0,0,0
281100702,1,1,20031280,11281101,0,0,0
281100702,1,2,20171141,11281101,0,0,0
281100702,1,3,20081281,11281101,0,0,0
281100703,1,1,20031280,11281101,0,0,0
281100703,1,2,20101138,11281101,0,0,0
281100703,1,3,20081281,11281101,0,0,0
281100703,2,1,20031280,11281101,0,0,0
281100703,2,2,20061350,11282101,0,0,0
281100801,1,1,10331348,11281101,0,0,0
281100801,1,2,10341221,11281101,0,0,0
281100801,1,3,10341122,11281101,0,0,0
281100802,1,1,10341222,11281101,0,0,0
281100802,1,2,10341221,11281101,0,0,0
281100802,1,3,10341122,11281101,0,0,0
281100803,1,1,10341122,11281101,0,0,0
281100803,1,2,10341221,11281101,0,0,0
281100803,1,3,10341122,11281101,0,0,0
281100803,2,1,10331349,11282101,0,0,0
281100803,2,2,10341221,11281101,0,0,0
281101001,1,1,20181203,11281101,0,0,0
281101001,1,2,20121317,11281101,0,0,0
281101001,1,3,20151113,11281101,0,0,0
281101002,1,1,20181203,11281101,0,0,0
281101002,1,2,20061241,11281101,0,0,0
281101002,1,3,20151113,11281101,0,0,0
281101003,1,1,20181203,11281101,0,0,0
281101003,1,2,20061351,11281101,0,0,0
281101003,1,3,20151113,11281101,0,0,0
281101003,2,1,20181203,11281101,0,0,0
281101003,2,2,20111150,11282101,0,0,0
281101101,1,1,10351319,11281101,0,0,0
281101101,1,2,10341223,11281101,0,0,0
281101101,1,3,10331248,11281101,0,0,0
281101102,1,1,10341224,11281101,0,0,0
281101102,1,2,10341223,11281101,0,0,0
281101102,1,3,10331248,11281101,0,0,0
281101102,2,1,10341123,11282101,0,0,0
281101102,2,2,10341223,11281101,0,0,0
281101103,1,1,10201285,11283401,1,1,0
282100201,1,1,20181204,11281201,0,0,0
282100201,1,2,20121320,11281201,0,0,0
282100201,1,3,20151114,11281201,0,0,0
282100202,1,1,20181204,11281201,0,0,0
282100202,1,2,20061246,11281201,0,0,0
282100202,1,3,20151114,11281201,0,0,0
282100203,1,1,20181204,11281201,0,0,0
282100203,1,2,20081166,11281201,0,0,0
282100203,1,3,20151114,11281201,0,0,0
282100203,2,1,20181204,11281201,0,0,0
282100203,2,2,20111151,11282201,0,0,0
282100301,1,1,10331249,11281201,0,0,0
282100301,1,2,10341225,11281201,0,0,0
282100301,1,3,10351320,11281201,0,0,0
282100302,1,1,10331350,11281201,0,0,0
282100302,1,2,10341225,11281201,0,0,0
282100302,1,3,10351320,11281201,0,0,0
282100303,1,1,10341318,11281201,0,0,0
282100303,1,2,10341225,11281201,0,0,0
282100303,1,3,10351320,11281201,0,0,0
282100303,2,1,10341124,11282201,0,0,0
282100303,2,2,10341225,11281201,0,0,0
282100501,1,1,20141314,11281201,0,0,0
282100501,1,2,20101333,11281201,0,0,0
282100501,1,3,10291396,11281201,0,0,0
282100502,1,1,20141314,11281201,0,0,0
282100502,1,2,10321178,11281201,0,0,0
282100502,1,3,10291396,11281201,0,0,0
282100503,1,1,20141314,11281201,0,0,0
282100503,1,2,20141144,11281201,0,0,0
282100503,1,3,10291396,11281201,0,0,0
282100503,2,1,20141314,11281201,0,0,0
282100503,2,2,20091119,11282201,0,0,0
282100601,1,1,10351321,11281201,0,0,0
282100601,1,2,10351118,11281201,0,0,0
282100601,1,3,10331140,11281201,0,0,0
282100602,1,1,10331250,11281201,0,0,0
282100602,1,2,10351118,11281201,0,0,0
282100602,1,3,10331140,11281201,0,0,0
282100603,1,1,10341125,11281201,0,0,0
282100603,1,2,10351118,11281201,0,0,0
282100603,1,3,10331140,11281201,0,0,0
282100603,2,1,10341319,11282201,0,0,0
282100603,2,2,10351118,11281201,0,0,0
282100801,1,1,10321360,11281201,0,0,0
282100801,1,2,20111248,11281201,0,0,0
282100801,1,3,20051302,11281201,0,0,0
282100802,1,1,10321360,11281201,0,0,0
282100802,1,2,10291175,11281201,0,0,0
282100802,1,3,20051302,11281201,0,0,0
282100803,1,1,10321360,11281201,0,0,0
282100803,1,2,20181306,11281201,0,0,0
282100803,1,3,20051302,11281201,0,0,0
282100803,2,1,10321360,11281201,0,0,0
282100803,2,2,10191389,11282201,0,0,0
282100901,1,1,10341321,11281201,0,0,0
282100901,1,2,10341320,11281201,0,0,0
282100901,1,3,10351222,11281201,0,0,0
282100902,1,1,10351322,11281201,0,0,0
282100902,1,2,10341320,11281201,0,0,0
282100902,1,3,10351222,11281201,0,0,0
282100903,1,1,10331251,11281201,0,0,0
282100903,1,2,10341320,11281201,0,0,0
282100903,1,3,10351222,11281201,0,0,0
282100903,2,1,10331351,11282201,0,0,0
282100903,2,2,10341320,11281201,0,0,0
282101101,1,1,20091314,11281201,0,0,0
282101101,1,2,20161164,11281201,0,0,0
282101101,1,3,10321361,11281201,0,0,0
282101102,1,1,20091314,11281201,0,0,0
282101102,1,2,20011261,11281201,0,0,0
282101102,1,3,10321361,11281201,0,0,0
282101103,1,1,20091314,11281201,0,0,0
282101103,1,2,20121154,11281201,0,0,0
282101103,1,3,10321361,11281201,0,0,0
282101103,2,1,20091314,11281201,0,0,0
282101103,2,2,20021153,11282201,0,0,0
282101201,1,1,10351223,11281201,0,0,0
282101201,1,2,10341322,11281201,0,0,0
282101201,1,3,10331252,11281201,0,0,0
282101202,1,1,10331141,11281201,0,0,0
282101202,1,2,10341322,11281201,0,0,0
282101202,1,3,10331252,11281201,0,0,0
282101203,1,1,10331142,11281201,0,0,0
282101203,1,2,10341322,11281201,0,0,0
282101203,1,3,10331252,11281201,0,0,0
282101203,2,1,10331352,11282201,0,0,0
282101203,2,2,10341322,11281201,0,0,0
282101401,1,1,20081376,11281201,0,0,0
282101401,1,2,10131398,11281201,0,0,0
282101401,1,3,20181205,11281201,0,0,0
282101402,1,1,20071338,11281201,0,0,0
282101402,1,2,10131398,11281201,0,0,0
282101402,1,3,20181205,11281201,0,0,0
282101402,2,1,20041158,11282201,0,0,0
282101402,2,2,10131398,11281201,0,0,0
282101403,1,1,15111112,11283501,1,1,0
283100201,1,1,10351233,11281301,0,0,0
283100201,1,2,10341226,11281301,0,0,0
283100201,1,3,10351224,11281301,0,0,0
283100202,1,1,10351233,11281301,0,0,0
283100202,1,2,10351120,11281301,0,0,0
283100202,1,3,10351224,11281301,0,0,0
283100203,1,1,10351233,11281301,0,0,0
283100203,1,2,10351121,11281301,0,0,0
283100203,1,3,10351224,11281301,0,0,0
283100203,2,1,10351233,11281301,0,0,0
283100203,2,2,10351225,11282301,0,0,0
283100301,1,1,20031352,11281301,0,0,0
283100301,1,2,20111152,11281301,0,0,0
283100301,1,3,20131243,11281301,0,0,0
283100302,1,1,20111152,11281301,0,0,0
283100302,1,2,20111152,11281301,0,0,0
283100302,1,3,20131243,11281301,0,0,0
283100303,1,1,20051260,11281301,0,0,0
283100303,1,2,20111152,11281301,0,0,0
283100303,1,3,20131243,11281301,0,0,0
283100303,2,1,20091315,11282301,0,0,0
283100303,2,2,20111152,11281301,0,0,0
283100401,1,1,10341323,11281301,0,0,0
283100401,1,2,10341323,11281301,0,0,0
283100401,1,3,10351122,11281301,0,0,0
283100402,1,1,10341323,11281301,0,0,0
283100402,1,2,10341324,11281301,0,0,0
283100402,1,3,10351122,11281301,0,0,0
283100402,2,1,10341323,11281301,0,0,0
283100402,2,2,10331353,11282301,0,0,0
283100403,1,1,15111113,11281301,1,1,0
283100601,1,1,20011169,11281301,0,0,0
283100601,1,2,20161234,11281301,0,0,0
283100601,1,3,20021154,11281301,0,0,0
283100602,1,1,20041345,11281301,0,0,0
283100602,1,2,20161234,11281301,0,0,0
283100602,1,3,20021154,11281301,0,0,0
283100603,1,1,20141244,11281301,0,0,0
283100603,1,2,20161234,11281301,0,0,0
283100603,1,3,20021154,11281301,0,0,0
283100603,2,1,20121155,11282301,0,0,0
283100603,2,2,20161234,11281301,0,0,0
283100701,1,1,10351323,11281301,0,0,0
283100701,1,2,10351123,11281301,0,0,0
283100701,1,3,10331144,11281301,0,0,0
283100702,1,1,10351323,11281301,0,0,0
283100702,1,2,10331354,11281301,0,0,0
283100702,1,3,10331144,11281301,0,0,0
283100703,1,1,10351323,11281301,0,0,0
283100703,1,2,10341227,11281301,0,0,0
283100703,1,3,10331144,11281301,0,0,0
283100703,2,1,10351323,11281301,0,0,0
283100703,2,2,10331143,11282301,0,0,0
283100901,1,1,10291287,11281301,0,0,0
283100901,1,2,20101246,11281301,0,0,0
283100901,1,3,20131244,11281301,0,0,0
283100902,1,1,20161235,11281301,0,0,0
283100902,1,2,20101246,11281301,0,0,0
283100902,1,3,20131244,11281301,0,0,0
283100903,1,1,20101334,11281301,0,0,0
283100903,1,2,20101246,11281301,0,0,0
283100903,1,3,20131244,11281301,0,0,0
283100903,2,1,20161165,11282301,0,0,0
283100903,2,2,20101246,11281301,0,0,0
283101001,1,1,10331145,11281301,0,0,0
283101001,1,2,10341126,11281301,0,0,0
283101001,1,3,10351124,11281301,0,0,0
283101002,1,1,10331145,11281301,0,0,0
283101002,1,2,10351226,11281301,0,0,0
283101002,1,3,10351124,11281301,0,0,0
283101003,1,1,10331145,11281301,0,0,0
283101003,1,2,10331253,11281301,0,0,0
283101003,1,3,10351124,11281301,0,0,0
283101003,2,1,10331145,11281301,0,0,0
283101003,2,2,10331254,11282301,0,0,0
283101201,1,1,20151364,11281301,0,0,0
283101201,1,2,10291176,11281301,0,0,0
283101201,1,3,20071339,11281301,0,0,0
283101202,1,1,20121243,11281301,0,0,0
283101202,1,2,10291176,11281301,0,0,0
283101202,1,3,20071339,11281301,0,0,0
283101202,2,1,20141245,11282301,0,0,0
283101202,2,2,10291176,11281301,0,0,0
283101203,1,1,15101120,11283601,1,1,0
291100201,1,1,10331255,11291101,0,0,0
291100201,1,2,10341228,11291101,0,0,0
291100201,1,3,10341127,11291101,0,0,0
291100202,1,1,10331255,11291101,0,0,0
291100202,1,2,10331355,11291101,0,0,0
291100202,1,3,10341127,11291101,0,0,0
291100203,1,1,10331255,11291101,0,0,0
291100203,1,2,10351227,11291101,0,0,0
291100203,1,3,10341127,11291101,0,0,0
291100203,2,1,10331255,11291101,0,0,0
291100203,2,2,10331356,11292101,0,0,0
291100401,1,1,20121157,11291101,0,0,0
291100401,1,2,20061191,11291101,0,0,0
291100401,1,3,20011378,11291101,0,0,0
291100402,1,1,20031286,11291101,0,0,0
291100402,1,2,20061191,11291101,0,0,0
291100402,1,3,20011378,11291101,0,0,0
291100403,1,1,20021327,11291101,0,0,0
291100403,1,2,20061191,11291101,0,0,0
291100403,1,3,20011378,11291101,0,0,0
291100403,2,1,10291292,11292101,0,0,0
291100403,2,2,20061191,11291101,0,0,0
291100501,1,1,10331256,11291101,0,0,0
291100501,1,2,10341229,11291101,0,0,0
291100501,1,3,10341128,11291101,0,0,0
291100502,1,1,10331256,11291101,0,0,0
291100502,1,2,10331357,11291101,0,0,0
291100502,1,3,10341128,11291101,0,0,0
291100503,1,1,10331256,11291101,0,0,0
291100503,1,2,10351228,11291101,0,0,0
291100503,1,3,10341128,11291101,0,0,0
291100503,2,1,10331256,11291101,0,0,0
291100503,2,2,10331358,11292101,0,0,0
291100701,1,1,20181309,11291101,0,0,0
291100701,1,2,20011263,11291101,0,0,0
291100701,1,3,20101338,11291101,0,0,0
291100702,1,1,20051172,11291101,0,0,0
291100702,1,2,20011263,11291101,0,0,0
291100702,1,3,20101338,11291101,0,0,0
291100703,1,1,20161320,11291101,0,0,0
291100703,1,2,20011263,11291101,0,0,0
291100703,1,3,20101338,11291101,0,0,0
291100703,2,1,20081167,11292101,0,0,0
291100703,2,2,20011263,11291101,0,0,0
291100801,1,1,10351125,11291101,0,0,0
291100801,1,2,10351324,11291101,0,0,0
291100801,1,3,10331146,11291101,0,0,0
291100802,1,1,10351125,11291101,0,0,0
291100802,1,2,10331146,11291101,0,0,0
291100802,1,3,10331146,11291101,0,0,0
291100803,1,1,10351125,11291101,0,0,0
291100803,1,2,10341325,11291101,0,0,0
291100803,1,3,10331146,11291101,0,0,0
291100803,2,1,10351125,11291101,0,0,0
291100803,2,2,10331359,11292101,0,0,0
291101001,1,1,20081377,11291101,0,0,0
291101001,1,2,20101247,11291101,0,0,0
291101001,1,3,20091122,11291101,0,0,0
291101002,1,1,10321366,11291101,0,0,0
291101002,1,2,20101247,11291101,0,0,0
291101002,1,3,20091122,11291101,0,0,0
291101003,1,1,20011264,11291101,0,0,0
291101003,1,2,20101247,11291101,0,0,0
291101003,1,3,20091122,11291101,0,0,0
291101003,2,1,10291399,11292101,0,0,0
291101003,2,2,20101247,11291101,0,0,0
291101101,1,1,10351325,11291101,0,0,0
291101101,1,2,10351126,11291101,0,0,0
291101101,1,3,10341230,11291101,0,0,0
291101102,1,1,10351325,11291101,0,0,0
291101102,1,2,10341230,11291101,0,0,0
291101102,1,3,10341230,11291101,0,0,0
291101103,1,1,10351325,11291101,0,0,0
291101103,1,2,10351325,11291101,0,0,0
291101103,1,3,10341230,11291101,0,0,0
291101103,2,1,10351325,11291101,0,0,0
291101103,2,2,10331360,11292101,0,0,0
291101301,1,1,20011379,11291101,0,0,0
291101301,1,2,20041350,11291101,0,0,0
291101301,1,3,20041270,11291101,0,0,0
291101302,1,1,20121321,11291101,0,0,0
291101302,1,2,20041350,11291101,0,0,0
291101302,1,3,20041270,11291101,0,0,0
291101303,1,1,20131301,11291101,0,0,0
291101303,1,2,20041350,11291101,0,0,0
291101303,1,3,20041270,11291101,0,0,0
291101303,2,1,20021155,11292101,0,0,0
291101303,2,2,20041350,11291101,0,0,0
291101401,1,1,10341231,11291101,0,0,0
291101401,1,2,10341129,11291101,0,0,0
291101401,1,3,10341231,11291101,0,0,0
291101402,1,1,10341326,11291101,0,0,0
291101402,1,2,10341129,11291101,0,0,0
291101402,1,3,10341231,11291101,0,0,0
291101402,2,1,10331147,11292101,0,0,0
291101402,2,2,10341129,11291101,0,0,0
291101403,1,1,15101121,11293401,1,1,0
292100201,1,1,10291293,11291201,0,0,0
292100201,1,2,20011171,11291201,0,0,0
292100201,1,3,20051173,11291201,0,0,0
292100202,1,1,10291293,11291201,0,0,0
292100202,1,2,20031166,11291201,0,0,0
292100202,1,3,20051173,11291201,0,0,0
292100203,1,1,10291293,11291201,0,0,0
292100203,1,2,20151248,11291201,0,0,0
292100203,1,3,20051173,11291201,0,0,0
292100203,2,1,10291293,11291201,0,0,0
292100203,2,2,20121247,11292201,0,0,0
292100301,1,1,10351229,11291201,0,0,0
292100301,1,2,10341232,11291201,0,0,0
292100301,1,3,10341130,11291201,0,0,0
292100302,1,1,10341232,11291201,0,0,0
292100302,1,2,10341232,11291201,0,0,0
292100302,1,3,10341130,11291201,0,0,0
292100303,1,1,10331148,11291201,0,0,0
292100303,1,2,10341232,11291201,0,0,0
292100303,1,3,10341130,11291201,0,0,0
292100303,2,1,10341327,11292201,0,0,0
292100303,2,2,10341232,11291201,0,0,0
292100501,1,1,10301389,11291201,0,0,0
292100501,1,2,20171308,11291201,0,0,0
292100501,1,3,20091231,11291201,0,0,0
292100502,1,1,30071106,11291201,0,0,0
292100502,1,2,20171308,11291201,0,0,0
292100502,1,3,20091231,11291201,0,0,0
292100503,1,1,20051264,11291201,0,0,0
292100503,1,2,20171308,11291201,0,0,0
292100503,1,3,20091231,11291201,0,0,0
292100503,2,1,20031356,11292201,0,0,0
292100503,2,2,20171308,11291201,0,0,0
292100601,1,1,10341131,11291201,0,0,0
292100601,1,2,10341131,11291201,0,0,0
292100601,1,3,10351326,11291201,0,0,0
292100602,1,1,10341131,11291201,0,0,0
292100602,1,2,10341131,11291201,0,0,0
292100602,1,3,10351326,11291201,0,0,0
292100603,1,1,10341328,11291201,0,0,0
292100603,1,2,10341131,11291201,0,0,0
292100603,1,3,10351326,11291201,0,0,0
292100603,2,1,10351127,11292201,0,0,0
292100603,2,2,10341131,11291201,0,0,0
292100801,1,1,20111323,11291201,0,0,0
292100801,1,2,20191233,11291201,0,0,0
292100801,1,3,20061192,11291201,0,0,0
292100802,1,1,20111323,11291201,0,0,0
292100802,1,2,10291178,11291201,0,0,0
292100802,1,3,20061192,11291201,0,0,0
292100803,1,1,20111323,11291201,0,0,0
292100803,1,2,20131248,11291201,0,0,0
292100803,1,3,20061192,11291201,0,0,0
292100803,2,1,20111323,11291201,0,0,0
292100803,2,2,20071261,11292201,0,0,0
292100901,1,1,10351327,11291201,0,0,0
292100901,1,2,10341329,11291201,0,0,0
292100901,1,3,10341136,11291201,0,0,0
292100902,1,1,10351129,11291201,0,0,0
292100902,1,2,10341329,11291201,0,0,0
292100902,1,3,10341136,11291201,0,0,0
292100903,1,1,10341329,11291201,0,0,0
292100903,1,2,10341329,11291201,0,0,0
292100903,1,3,10341136,11291201,0,0,0
292100903,2,1,10341132,11292201,0,0,0
292100903,2,2,10341329,11291201,0,0,0
292101101,1,1,20061245,11291201,0,0,0
292101101,1,2,20301105,11291201,0,0,0
292101101,1,3,20171242,11291201,0,0,0
292101102,1,1,20061245,11291201,0,0,0
292101102,1,2,30071107,11291201,0,0,0
292101102,1,3,20171242,11291201,0,0,0
292101103,1,1,20061245,11291201,0,0,0
292101103,1,2,20111251,11291201,0,0,0
292101103,1,3,20171242,11291201,0,0,0
292101103,2,1,20061245,11291201,0,0,0
292101103,2,2,20301106,11292201,0,0,0
292101201,1,1,10351230,11291201,0,0,0
292101201,1,2,10331257,11291201,0,0,0
292101201,1,3,10331257,11291201,0,0,0
292101202,1,1,10351230,11291201,0,0,0
292101202,1,2,10351130,11291201,0,0,0
292101202,1,3,10331257,11291201,0,0,0
292101203,1,1,10351230,11292201,0,0,0
292101203,1,2,10331149,11291201,0,0,0
292101203,2,1,10211352,11293501,0,0,0
293100201,1,1,20061193,11291301,0,0,0
293100201,1,2,20141249,11291301,0,0,0
293100201,1,3,20151115,11291301,0,0,0
293100202,1,1,20041160,11291301,0,0,0
293100202,1,2,20141249,11291301,0,0,0
293100202,1,3,20151115,11291301,0,0,0
293100203,1,1,20181310,11291301,0,0,0
293100203,1,2,20141249,11291301,0,0,0
293100203,1,3,20151115,11291301,0,0,0
293100203,2,1,10191392,11292301,0,0,0
293100203,2,2,20141249,11291301,0,0,0
293100301,1,1,10341133,11291301,0,0,0
293100301,1,2,10351328,11291301,0,0,0
293100301,1,3,10341331,11291301,0,0,0
293100302,1,1,10351132,11291301,0,0,0
293100302,1,2,10351328,11291301,0,0,0
293100302,1,3,10341331,11291301,0,0,0
293100303,1,1,10331259,11291301,0,0,0
293100303,1,2,10351328,11291301,0,0,0
293100303,1,3,10341331,11291301,0,0,0
293100303,2,1,10341332,11292301,0,0,0
293100303,2,2,10351328,11291301,0,0,0
293100501,1,1,10321284,11291301,0,0,0
293100501,1,2,20141146,11291301,0,0,0
293100501,1,3,20181111,11291301,0,0,0
293100502,1,1,10321284,11291301,0,0,0
293100502,1,2,20011172,11291301,0,0,0
293100502,1,3,20181111,11291301,0,0,0
293100503,1,1,10321284,11291301,0,0,0
293100503,1,2,20091232,11291301,0,0,0
293100503,1,3,20181111,11291301,0,0,0
293100503,2,1,10321284,11291301,0,0,0
293100503,2,2,20131145,11292301,0,0,0
293100601,1,1,10351329,11291301,0,0,0
293100601,1,2,10351329,11291301,0,0,0
293100601,1,3,10341233,11291301,0,0,0
293100602,1,1,10351231,11291301,0,0,0
293100602,1,2,10351329,11291301,0,0,0
293100602,1,3,10341233,11291301,0,0,0
293100603,1,1,10331150,11291301,0,0,0
293100603,1,2,10351329,11291301,0,0,0
293100603,1,3,10341233,11291301,0,0,0
293100603,2,1,10331361,11292301,0,0,0
293100603,2,2,10351329,11291301,0,0,0
293100801,1,1,20141316,11291301,0,0,0
293100801,1,2,20191121,11291301,0,0,0
293100801,1,3,20161321,11291301,0,0,0
293100802,1,1,20131146,11291301,0,0,0
293100802,1,2,20191121,11291301,0,0,0
293100802,1,3,20161321,11291301,0,0,0
293100803,1,1,20141147,11291301,0,0,0
293100803,1,2,20191121,11291301,0,0,0
293100803,1,3,20161321,11291301,0,0,0
293100803,2,1,20171309,11292301,0,0,0
293100803,2,2,20191121,11291301,0,0,0
293100901,1,1,10351232,11291301,0,0,0
293100901,1,2,10341134,11291301,0,0,0
293100901,1,3,10351131,11291301,0,0,0
293100902,1,1,10351232,11291301,0,0,0
293100902,1,2,10331151,11291301,0,0,0
293100902,1,3,10351131,11291301,0,0,0
293100903,1,1,10351232,11291301,0,0,0
293100903,1,2,10351232,11291301,0,0,0
293100903,1,3,10351131,11291301,0,0,0
293100903,2,1,10351232,11291301,0,0,0
293100903,2,2,10341333,11292301,0,0,0
293101101,1,1,10351128,11291301,0,0,0
293101101,1,2,10341135,11291301,0,0,0
293101101,1,3,10331152,11291301,0,0,0
293101102,1,1,10351128,11291301,0,0,0
293101102,1,2,10331362,11291301,0,0,0
293101102,1,3,10331152,11291301,0,0,0
293101103,1,1,10351128,11291301,0,0,0
293101103,1,2,10351330,11291301,0,0,0
293101103,1,3,10331152,11291301,0,0,0
293101103,2,1,10351128,11291301,0,0,0
293101103,2,2,10331258,11292301,0,0,0
293101201,1,1,20031167,11291301,0,0,0
293101201,1,2,20021252,11291301,0,0,0
293101201,1,3,20081168,11291301,0,0,0
293101202,1,1,20191234,11291301,0,0,0
293101202,1,2,20021252,11291301,0,0,0
293101202,1,3,20131249,11291301,0,0,0
293101202,2,1,20051174,11292301,0,0,0
293101202,2,2,20021252,11291301,0,0,0
293101203,1,1,10291294,11293601,1,1,0
301100201,1,1,20141321,11301101,0,0,0
301100201,1,2,20091128,11301101,0,0,0
301100201,1,3,20191304,11301101,0,0,0
301100202,1,1,20141321,11301101,0,0,0
301100202,1,2,20091329,11301101,0,0,0
301100202,1,3,20191304,11301101,0,0,0
301100203,1,1,20141321,11301101,0,0,0
301100203,1,2,20081183,11301101,0,0,0
301100203,1,3,20191304,11301101,0,0,0
301100203,2,1,20141321,11301101,0,0,0
301100203,2,2,20171315,11302101,0,0,0
301100401,1,1,10351133,11301101,0,0,0
301100401,1,2,10351331,11301101,0,0,0
301100401,1,3,10351234,11301101,0,0,0
301100402,1,1,10341234,11301101,0,0,0
301100402,1,2,10351331,11301101,0,0,0
301100402,1,3,10351234,11301101,0,0,0
301100403,1,1,10341137,11301101,0,0,0
301100403,1,2,10351331,11301101,0,0,0
301100403,1,3,10351234,11301101,0,0,0
301100403,2,1,10331260,11302101,0,0,0
301100403,2,2,10351331,11301101,0,0,0
301100501,1,1,20061368,11301101,0,0,0
301100501,1,2,20031290,11301101,0,0,0
301100501,1,3,20101144,11301101,0,0,0
301100502,1,1,20061368,11301101,0,0,0
301100502,1,2,20141254,11301101,0,0,0
301100502,1,3,20101144,11301101,0,0,0
301100503,1,1,20061368,11301101,0,0,0
301100503,1,2,20191310,11301101,0,0,0
301100503,1,3,20101144,11301101,0,0,0
301100503,2,1,20061368,11301101,0,0,0
301100503,2,2,20111155,11302101,0,0,0
301100701,1,1,10341138,11301101,0,0,0
301100701,1,2,10341138,11301101,0,0,0
301100701,1,3,10351134,11301101,0,0,0
301100702,1,1,10351333,11301101,0,0,0
301100702,1,2,10341138,11301101,0,0,0
301100702,1,3,10351134,11301101,0,0,0
301100703,1,1,10341335,11301101,0,0,0
301100703,1,2,10341138,11301101,0,0,0
301100703,1,3,10351134,11301101,0,0,0
301100703,2,1,10331153,11302101,0,0,0
301100703,2,2,10341138,11301101,0,0,0
301100801,1,1,20031170,11301101,0,0,0
301100801,1,2,20301226,11301101,0,0,0
301100801,1,3,10321371,11301101,0,0,0
301100802,1,1,20031170,11301101,0,0,0
301100802,1,2,10321293,11301101,0,0,0
301100802,1,3,10321371,11301101,0,0,0
301100803,1,1,20031170,11301101,0,0,0
301100803,1,2,20101349,11301101,0,0,0
301100803,1,3,10321371,11301101,0,0,0
301100803,2,1,20031170,11301101,0,0,0
301100803,2,2,20171316,11302101,0,0,0
301101001,1,1,10331363,11301101,0,0,0
301101001,1,2,10351135,11301101,0,0,0
301101001,1,3,10331261,11301101,0,0,0
301101002,1,1,10341235,11301101,0,0,0
301101002,1,2,10351135,11301101,0,0,0
301101002,1,3,10331261,11301101,0,0,0
301101003,1,1,10341336,11301101,0,0,0
301101003,1,2,10351135,11301101,0,0,0
301101003,1,3,10331261,11301101,0,0,0
301101003,2,1,10351332,11302101,0,0,0
301101003,2,2,10351135,11301101,0,0,0
301101101,1,1,30071118,11301101,0,0,0
301101101,1,2,20141255,11301101,0,0,0
301101101,1,3,20021260,11301101,0,0,0
301101102,1,1,30071118,11301101,0,0,0
301101102,1,2,20151120,11301101,0,0,0
301101102,1,3,20021260,11301101,0,0,0
301101103,1,1,30071118,11301101,0,0,0
301101103,1,2,20301303,11301101,0,0,0
301101103,1,3,20021260,11301101,0,0,0
301101103,2,1,30071118,11301101,0,0,0
301101103,2,2,20111266,11302101,0,0,0
301101301,1,1,10341236,11301101,0,0,0
301101301,1,2,10351235,11301101,0,0,0
301101301,1,3,10341139,11301101,0,0,0
301101302,1,1,10351334,11301101,0,0,0
301101302,1,2,10351235,11301101,0,0,0
301101302,1,3,10341139,11301101,0,0,0
301101303,1,1,10351136,11301101,0,0,0
301101303,1,2,10351235,11301101,0,0,0
301101303,1,3,10341139,11301101,0,0,0
301101303,2,1,10331154,11302101,0,0,0
301101303,2,2,10351235,11301101,0,0,0
301101501,1,1,20111156,11301101,0,0,0
301101501,1,2,20101145,11301101,0,0,0
301101501,1,3,30071119,11301101,0,0,0
301101502,1,1,20111156,11301101,0,0,0
301101502,1,2,20121326,11301101,0,0,0
301101502,1,3,30071119,11301101,0,0,0
301101502,2,1,20111156,11301101,0,0,0
301101502,2,2,20061198,11302101,0,0,0
301101503,1,1,10211158,11303401,1,1,0
302100201,1,1,10341140,11301201,0,0,0
302100201,1,2,10331155,11301201,0,0,0
302100201,1,3,10341337,11301201,0,0,0
302100202,1,1,10351236,11301201,0,0,0
302100202,1,2,10331155,11301201,0,0,0
302100202,1,3,10341337,11301201,0,0,0
302100203,1,1,10331262,11301201,0,0,0
302100203,1,2,10331155,11301201,0,0,0
302100203,1,3,10341337,11301201,0,0,0
302100203,2,1,10351335,11302201,0,0,0
302100203,2,2,10331155,11301201,0,0,0
302100301,1,1,20191239,11301201,0,0,0
302100301,1,2,20011176,11301201,0,0,0
302100301,1,3,20021170,11301201,0,0,0
302100302,1,1,20191239,11301201,0,0,0
302100302,1,2,20041167,11301201,0,0,0
302100302,1,3,20021170,11301201,0,0,0
302100303,1,1,20191239,11301201,0,0,0
302100303,1,2,30071120,11301201,0,0,0
302100303,1,3,20021170,11301201,0,0,0
302100303,2,1,20191239,11301201,0,0,0
302100303,2,2,20011389,11302201,0,0,0
302100501,1,1,10331263,11301201,0,0,0
302100501,1,2,10351137,11301201,0,0,0
302100501,1,3,10331364,11301201,0,0,0
302100502,1,1,10331364,11301201,0,0,0
302100502,1,2,10351137,11301201,0,0,0
302100502,1,3,10331364,11301201,0,0,0
302100503,1,1,10341349,11301201,0,0,0
302100503,1,2,10351137,11301201,0,0,0
302100503,1,3,10331364,11301201,0,0,0
302100503,2,1,10341237,11302201,0,0,0
302100503,2,2,10351137,11301201,0,0,0
302100601,1,1,20061199,11301201,0,0,0
302100601,1,2,20091236,11301201,0,0,0
302100601,1,3,20171150,11301201,0,0,0
302100602,1,1,20061199,11301201,0,0,0
302100602,1,2,20021338,11301201,0,0,0
302100602,1,3,20171150,11301201,0,0,0
302100603,1,1,20061199,11301201,0,0,0
302100603,1,2,20171252,11301201,0,0,0
302100603,1,3,20171150,11301201,0,0,0
302100603,2,1,20061199,11301201,0,0,0
302100603,2,2,20011390,11302201,0,0,0
302100801,1,1,10351336,11301201,0,0,0
302100801,1,2,10351138,11301201,0,0,0
302100801,1,3,10331156,11301201,0,0,0
302100802,1,1,10331264,11301201,0,0,0
302100802,1,2,10351138,11301201,0,0,0
302100802,1,3,10331156,11301201,0,0,0
302100803,1,1,10341141,11301201,0,0,0
302100803,1,2,10351138,11301201,0,0,0
302100803,1,3,10331156,11301201,0,0,0
302100803,2,1,10341338,11302201,0,0,0
302100803,2,2,10351138,11301201,0,0,0
302100901,1,1,20061250,11301201,0,0,0
302100901,1,2,20121327,11301201,0,0,0
302100901,1,3,20181115,11301201,0,0,0
302100902,1,1,20061250,11301201,0,0,0
302100902,1,2,20061369,11301201,0,0,0
302100902,1,3,20181115,11301201,0,0,0
302100903,1,1,20061250,11301201,0,0,0
302100903,1,2,20111332,11301201,0,0,0
302100903,1,3,20181115,11301201,0,0,0
302100903,2,1,20061250,11301201,0,0,0
302100903,2,2,20161328,11302201,0,0,0
302101101,1,1,10341339,11301201,0,0,0
302101101,1,2,10341339,11301201,0,0,0
302101101,1,3,10351237,11301201,0,0,0
302101102,1,1,10351337,11301201,0,0,0
302101102,1,2,10341339,11301201,0,0,0
302101102,1,3,10351237,11301201,0,0,0
302101103,1,1,10331265,11301201,0,0,0
302101103,1,2,10341339,11301201,0,0,0
302101103,1,3,10351237,11301201,0,0,0
302101103,2,1,10331365,11302201,0,0,0
302101103,2,2,10341339,11301201,0,0,0
302101201,1,1,20171317,11301201,0,0,0
302101201,1,2,20021171,11301201,0,0,0
302101201,1,3,20011177,11301201,0,0,0
302101202,1,1,20171317,11301201,0,0,0
302101202,1,2,20171151,11301201,0,0,0
302101202,1,3,20011177,11301201,0,0,0
302101202,2,1,20171317,11301201,0,0,0
302101202,2,2,20091237,11302201,0,0,0
302101203,1,1,20161246,11303501,1,1,0
303100201,1,1,10351244,11301301,0,0,0
303100201,1,2,10341340,11301301,0,0,0
303100201,1,3,10331266,11301301,0,0,0
303100202,1,1,10331157,11301301,0,0,0
303100202,1,2,10341340,11301301,0,0,0
303100202,1,3,10331266,11301301,0,0,0
303100203,1,1,10331157,11301301,0,0,0
303100203,1,2,10341340,11301301,0,0,0
303100203,1,3,10331266,11301301,0,0,0
303100203,2,1,10331366,11302301,0,0,0
303100203,2,2,10341340,11301301,0,0,0
303100301,1,1,20141161,11301301,0,0,0
303100301,1,2,20171318,11301301,0,0,0
303100301,1,3,20101350,11301301,0,0,0
303100302,1,1,20141161,11301301,0,0,0
303100302,1,2,20011391,11301301,0,0,0
303100302,1,3,20101350,11301301,0,0,0
303100303,1,1,20141161,11301301,0,0,0
303100303,1,2,20021172,11301301,0,0,0
303100303,1,3,20101350,11301301,0,0,0
303100303,2,1,20141161,11301301,0,0,0
303100303,2,2,20061370,11302301,0,0,0
303100501,1,1,10341238,11301301,0,0,0
303100501,1,2,10331267,11301301,0,0,0
303100501,1,3,10341142,11301301,0,0,0
303100502,1,1,10331367,11301301,0,0,0
303100502,1,2,10331267,11301301,0,0,0
303100502,1,3,10341142,11301301,0,0,0
303100503,1,1,10351245,11301301,0,0,0
303100503,1,2,10331267,11301301,0,0,0
303100503,1,3,10341142,11301301,0,0,0
303100503,2,1,10331368,11302301,0,0,0
303100503,2,2,10331267,11301301,0,0,0
303100601,1,1,20191128,11301301,0,0,0
303100601,1,2,20141162,11301301,0,0,0
303100601,1,3,20301227,11301301,0,0,0
303100602,1,1,20191128,11301301,0,0,0
303100602,1,2,20091129,11301301,0,0,0
303100602,1,3,20301227,11301301,0,0,0
303100603,1,1,20191128,11301301,0,0,0
303100603,1,2,20121162,11301301,0,0,0
303100603,1,3,20301227,11301301,0,0,0
303100603,2,1,20191128,11301301,0,0,0
303100603,2,2,20181326,11302301,0,0,0
303100801,1,1,10341341,11301301,0,0,0
303100801,1,2,10331369,11301301,0,0,0
303100801,1,3,10351139,11301301,0,0,0
303100802,1,1,10341341,11301301,0,0,0
303100802,1,2,10331369,11301301,0,0,0
303100802,1,3,10351139,11301301,0,0,0
303100803,1,1,10331369,11301301,0,0,0
303100803,1,2,10331369,11301301,0,0,0
303100803,1,3,10351139,11301301,0,0,0
303100803,2,1,10331158,11302301,0,0,0
303100803,2,2,10331369,11301301,0,0,0
303100901,1,1,20301117,11301301,0,0,0
303100901,1,2,20071270,11301301,0,0,0
303100901,1,3,20141256,11301301,0,0,0
303100902,1,1,20301117,11301301,0,0,0
303100902,1,2,20291303,11301301,0,0,0
303100902,1,3,20141256,11301301,0,0,0
303100903,1,1,20301117,11301301,0,0,0
303100903,1,2,20091238,11301301,0,0,0
303100903,1,3,20141256,11301301,0,0,0
303100903,2,1,20301117,11301301,0,0,0
303100903,2,2,30061101,11302301,0,0,0
303101101,1,1,10351140,11301301,0,0,0
303101101,1,2,10351338,11301301,0,0,0
303101101,1,3,10331370,11301301,0,0,0
303101102,1,1,10341239,11301301,0,0,0
303101102,1,2,10351338,11301301,0,0,0
303101102,1,3,10331370,11301301,0,0,0
303101103,1,1,10341143,11301301,0,0,0
303101103,1,2,10351338,11301301,0,0,0
303101103,1,3,10331370,11301301,0,0,0
303101103,2,1,10331159,11302301,0,0,0
303101103,2,2,10351338,11301301,0,0,0
303101201,1,1,20111157,11301301,0,0,0
303101201,1,2,20021339,11301301,0,0,0
303101201,1,3,20121252,11301301,0,0,0
303101202,1,1,20111157,11301301,0,0,0
303101202,1,2,20041363,11301301,0,0,0
303101202,1,3,20121252,11301301,0,0,0
303101202,2,1,20111157,11301301,0,0,0
303101202,2,2,20011178,11302301,0,0,0
303101203,1,1,10311338,11303601,1,1,0
311100201,1,1,10351339,11311101,0,0,0
311100201,1,2,10341240,11311101,0,0,0
311100201,1,3,10331272,11311101,0,0,0
311100202,1,1,10341240,11311101,0,0,0
311100202,1,2,10341240,11311101,0,0,0
311100202,1,3,10331272,11311101,0,0,0
311100203,1,1,10331371,11311101,0,0,0
311100203,1,2,10341240,11311101,0,0,0
311100203,1,3,10331272,11311101,0,0,0
311100203,2,1,10331268,11312101,0,0,0
311100203,2,2,10341240,11311101,0,0,0
311100401,1,1,20051267,11311101,0,0,0
311100401,1,2,20131255,11311101,0,0,0
311100401,1,3,20011393,11311101,0,0,0
311100402,1,1,20051267,11311101,0,0,0
311100402,1,2,20111333,11311101,0,0,0
311100402,1,3,20011393,11311101,0,0,0
311100403,1,1,20051267,11311101,0,0,0
311100403,1,2,20011276,11311101,0,0,0
311100403,1,3,20011393,11311101,0,0,0
311100403,2,1,20051267,11311101,0,0,0
311100403,2,2,20051179,11312101,0,0,0
311100501,1,1,10341241,11311101,0,0,0
311100501,1,2,10351141,11311101,0,0,0
311100501,1,3,10351238,11311101,0,0,0
311100502,1,1,10351141,11311101,0,0,0
311100502,1,2,10351141,11311101,0,0,0
311100502,1,3,10351238,11311101,0,0,0
311100503,1,1,10331160,11311101,0,0,0
311100503,1,2,10351141,11311101,0,0,0
311100503,1,3,10351238,11311101,0,0,0
311100503,2,1,10351239,11312101,0,0,0
311100503,2,2,10351141,11311101,0,0,0
311100701,1,1,10291193,11311101,0,0,0
311100701,1,2,30061102,11311101,0,0,0
311100701,1,3,20071271,11311101,0,0,0
311100702,1,1,10291193,11311101,0,0,0
311100702,1,2,20181209,11311101,0,0,0
311100702,1,3,20071271,11311101,0,0,0
311100703,1,1,10291193,11311101,0,0,0
311100703,1,2,20101257,11311101,0,0,0
311100703,1,3,20071271,11311101,0,0,0
311100703,2,1,10291193,11311101,0,0,0
311100703,2,2,20301228,11312101,0,0,0
311100801,1,1,10351340,11311101,0,0,0
311100801,1,2,10351142,11311101,0,0,0
311100801,1,3,10331161,11311101,0,0,0
311100802,1,1,10331161,11311101,0,0,0
311100802,1,2,10351142,11311101,0,0,0
311100802,1,3,10331161,11311101,0,0,0
311100803,1,1,10341342,11311101,0,0,0
311100803,1,2,10351142,11311101,0,0,0
311100803,1,3,10331161,11311101,0,0,0
311100803,2,1,10331372,11312101,0,0,0
311100803,2,2,10351142,11311101,0,0,0
311101001,1,1,20011394,11311101,0,0,0
311101001,1,2,20131256,11311101,0,0,0
311101001,1,3,20101258,11311101,0,0,0
311101002,1,1,20011394,11311101,0,0,0
311101002,1,2,20081384,11311101,0,0,0
311101002,1,3,20101258,11311101,0,0,0
311101003,1,1,20011394,11311101,0,0,0
311101003,1,2,20301304,11311101,0,0,0
311101003,1,3,20101258,11311101,0,0,0
311101003,2,1,20011394,11311101,0,0,0
311101003,2,2,20021173,11312101,0,0,0
311101101,1,1,10351143,11311101,0,0,0
311101101,1,2,10351341,11311101,0,0,0
311101101,1,3,10341242,11311101,0,0,0
311101102,1,1,10341242,11311101,0,0,0
311101102,1,2,10351341,11311101,0,0,0
311101102,1,3,10341242,11311101,0,0,0
311101103,1,1,10331166,11311101,0,0,0
311101103,1,2,10351341,11311101,0,0,0
311101103,1,3,10341242,11311101,0,0,0
311101103,2,1,10331373,11312101,0,0,0
311101103,2,2,10351341,11311101,0,0,0
311101301,1,1,10351144,11311101,0,0,0
311101301,1,2,10341145,11311101,0,0,0
311101301,1,3,10331162,11311101,0,0,0
311101302,1,1,10351144,11311101,0,0,0
311101302,1,2,10331374,11311101,0,0,0
311101302,1,3,10331162,11311101,0,0,0
311101303,1,1,10351144,11311101,0,0,0
311101303,1,2,10351342,11311101,0,0,0
311101303,1,3,10331162,11311101,0,0,0
311101303,2,1,10351144,11311101,0,0,0
311101303,2,2,10331269,11312101,0,0,0
311101401,1,1,20181327,11311101,0,0,0
311101401,1,2,20101351,11311101,0,0,0
311101401,1,3,20151375,11311101,0,0,0
311101402,1,1,20011277,11311101,0,0,0
311101402,1,2,20101351,11311101,0,0,0
311101402,1,3,20151375,11311101,0,0,0
311101402,2,1,30061103,11312101,0,0,0
311101402,2,2,20101351,11311101,0,0,0
311101403,1,1,10321295,11313401,1,1,0
312100201,1,1,10341243,11311201,0,0,0
312100201,1,2,10331375,11311201,0,0,0
312100201,1,3,10341146,11311201,0,0,0
312100202,1,1,10341243,11311201,0,0,0
312100202,1,2,10341243,11311201,0,0,0
312100202,1,3,10341146,11311201,0,0,0
312100203,1,1,10341243,11311201,0,0,0
312100203,1,2,10341146,11311201,0,0,0
312100203,1,3,10341146,11311201,0,0,0
312100203,2,1,10341243,11311201,0,0,0
312100203,2,2,10331376,11312201,0,0,0
312100301,1,1,20061251,11311201,0,0,0
312100301,1,2,20031361,11311201,0,0,0
312100301,1,3,10321294,11311201,0,0,0
312100302,1,1,10321185,11311201,0,0,0
312100302,1,2,20031361,11311201,0,0,0
312100302,1,3,10321294,11311201,0,0,0
312100303,1,1,20041168,11311201,0,0,0
312100303,1,2,20031361,11311201,0,0,0
312100303,1,3,10321294,11311201,0,0,0
312100303,2,1,20171253,11312201,0,0,0
312100303,2,2,20031361,11311201,0,0,0
312100601,1,1,10341147,11311201,0,0,0
312100601,1,2,10341244,11311201,0,0,0
312100601,1,3,10351343,11311201,0,0,0
312100602,1,1,10341147,11311201,0,0,0
312100602,1,2,10351343,11311201,0,0,0
312100602,1,3,10351343,11311201,0,0,0
312100603,1,1,10341147,11311201,0,0,0
312100603,1,2,10341343,11311201,0,0,0
312100603,1,3,10351343,11311201,0,0,0
312100603,2,1,10341147,11311201,0,0,0
312100603,2,2,10351145,11312201,0,0,0
312100701,1,1,20131151,11311201,0,0,0
312100701,1,2,20141322,11311201,0,0,0
312100701,1,3,20041169,11311201,0,0,0
312100702,1,1,20131151,11311201,0,0,0
312100702,1,2,20141322,11311201,0,0,0
312100702,1,3,20041169,11311201,0,0,0
312100703,1,1,30061104,11311201,0,0,0
312100703,1,2,20141322,11311201,0,0,0
312100703,1,3,20041169,11311201,0,0,0
312100703,2,1,20031171,11312201,0,0,0
312100703,2,2,20141322,11311201,0,0,0
312100901,1,1,10341148,11311201,0,0,0
312100901,1,2,10341245,11311201,0,0,0
312100901,1,3,10341245,11311201,0,0,0
312100902,1,1,10341148,11311201,0,0,0
312100902,1,2,10341344,11311201,0,0,0
312100902,1,3,10341245,11311201,0,0,0
312100903,1,1,10341148,11311201,0,0,0
312100903,1,2,10331163,11311201,0,0,0
312100903,1,3,10341245,11311201,0,0,0
312100903,2,1,10341148,11311201,0,0,0
312100903,2,2,10341246,11312201,0,0,0
312101001,1,1,20171319,11311201,0,0,0
312101001,1,2,20091239,11311201,0,0,0
312101001,1,3,20121253,11311201,0,0,0
312101002,1,1,10321186,11311201,0,0,0
312101002,1,2,20091239,11311201,0,0,0
312101002,1,3,20121253,11311201,0,0,0
312101003,1,1,20041277,11311201,0,0,0
312101003,1,2,20091239,11311201,0,0,0
312101003,1,3,20121253,11311201,0,0,0
312101003,2,1,20131257,11312201,0,0,0
312101003,2,2,20091239,11311201,0,0,0
312101201,1,1,10341345,11311201,0,0,0
312101201,1,2,10351344,11311201,0,0,0
312101201,1,3,10341149,11311201,0,0,0
312101202,1,1,10341345,11311201,0,0,0
312101202,1,2,10351146,11311201,0,0,0
312101202,1,3,10341149,11311201,0,0,0
312101203,1,1,10341345,11311201,0,0,0
312101203,1,2,10341345,11311201,0,0,0
312101203,1,3,10341149,11311201,0,0,0
312101203,2,1,10341345,11311201,0,0,0
312101203,2,2,10341149,11312201,0,0,0
312101301,1,1,20031172,11311201,0,0,0
312101301,1,2,20161180,11311201,0,0,0
312101301,1,3,20031291,11311201,0,0,0
312101302,1,1,20141163,11311201,0,0,0
312101302,1,2,20161180,11311201,0,0,0
312101302,1,3,20031291,11311201,0,0,0
312101302,2,1,20071345,11312201,0,0,0
312101302,2,2,20161180,11311201,0,0,0
312101303,1,1,20171153,11313501,1,1,0
313100201,1,1,10351240,11311301,0,0,0
313100201,1,2,10331270,11311301,0,0,0
313100201,1,3,10331270,11311301,0,0,0
313100202,1,1,10351240,11311301,0,0,0
313100202,1,2,10351147,11311301,0,0,0
313100202,1,3,10331270,11311301,0,0,0
313100203,1,1,10351240,11311301,0,0,0
313100203,1,2,10341346,11311301,0,0,0
313100203,1,3,10331270,11311301,0,0,0
313100203,2,1,10351240,11311301,0,0,0
313100203,2,2,10331164,11312301,0,0,0
313100301,1,1,20021340,11311301,0,0,0
313100301,1,2,20161329,11311301,0,0,0
313100301,1,3,20091331,11311301,0,0,0
313100302,1,1,20021174,11311301,0,0,0
313100302,1,2,20161329,11311301,0,0,0
313100302,1,3,20091331,11311301,0,0,0
313100303,1,1,20011179,11311301,0,0,0
313100303,1,2,20161329,11311301,0,0,0
313100303,1,3,20091331,11311301,0,0,0
313100303,2,1,20181116,11312301,0,0,0
313100303,2,2,20161329,11311301,0,0,0
313100501,1,1,10341150,11311301,0,0,0
313100501,1,2,10351345,11311301,0,0,0
313100501,1,3,10341347,11311301,0,0,0
313100502,1,1,10341150,11311301,0,0,0
313100502,1,2,10351241,11311301,0,0,0
313100502,1,3,10341347,11311301,0,0,0
313100503,1,1,10341150,11311301,0,0,0
313100503,1,2,10341247,11311301,0,0,0
313100503,1,3,10341347,11311301,0,0,0
313100503,2,1,10341150,11311301,0,0,0
313100503,2,2,10351242,11312301,0,0,0
313100601,1,1,20171320,11311301,0,0,0
313100601,1,2,20071346,11311301,0,0,0
313100601,1,3,20151253,11311301,0,0,0
313100602,1,1,20181210,11311301,0,0,0
313100602,1,2,20071346,11311301,0,0,0
313100602,1,3,20151253,11311301,0,0,0
313100603,1,1,20011395,11311301,0,0,0
313100603,1,2,20071346,11311301,0,0,0
313100603,1,3,20151253,11311301,0,0,0
313100603,2,1,20291209,11312301,0,0,0
313100603,2,2,20071346,11311301,0,0,0
313100801,1,1,10331165,11311301,0,0,0
313100801,1,2,10331378,11311301,0,0,0
313100801,1,3,10341348,11311301,0,0,0
313100802,1,1,10331165,11311301,0,0,0
313100802,1,2,10341248,11311301,0,0,0
313100802,1,3,10341348,11311301,0,0,0
313100803,1,1,10331165,11311301,0,0,0
313100803,1,2,10351243,11311301,0,0,0
313100803,1,3,10341348,11311301,0,0,0
313100803,2,1,10331165,11311301,0,0,0
313100803,2,2,10351345,11312301,0,0,0
313100901,1,1,20101259,11311301,0,0,0
313100901,1,2,20061371,11311301,0,0,0
313100901,1,3,20161181,11311301,0,0,0
313100902,1,1,20141164,11311301,0,0,0
313100902,1,2,20061371,11311301,0,0,0
313100902,1,3,20161181,11311301,0,0,0
313100903,1,1,20301305,11311301,0,0,0
313100903,1,2,20061371,11311301,0,0,0
313100903,1,3,20161181,11311301,0,0,0
313100903,2,1,20111158,11312301,0,0,0
313100903,2,2,20061371,11311301,0,0,0
313101201,1,1,10331377,11311301,0,0,0
313101201,1,2,10341151,11311301,0,0,0
313101201,1,3,10331271,11311301,0,0,0
313101202,1,1,10331377,11311301,0,0,0
313101202,1,2,10341249,11311301,0,0,0
313101202,1,3,10331271,11311301,0,0,0
313101203,1,1,10331377,11311301,0,0,0
313101203,1,2,10351346,11311301,0,0,0
313101203,1,3,10331271,11311301,0,0,0
313101203,2,1,10331377,11311301,0,0,0
313101203,2,2,10331379,11312301,0,0,0
313101301,1,1,20131152,11311301,0,0,0
313101301,1,2,20091330,11311301,0,0,0
313101301,1,3,10321187,11311301,0,0,0
313101302,1,1,20141323,11311301,0,0,0
313101302,1,2,20091330,11311301,0,0,0
313101302,1,3,10321187,11311301,0,0,0
313101302,2,1,20191305,11312301,0,0,0
313101302,2,2,20091330,11311301,0,0,0
313101303,1,1,20151376,11313601,1,1,0
321100201,1,1,20121259,11321101,0,0,0
321100201,1,2,20101263,11321101,0,0,0
321100201,1,3,20071279,11321101,0,0,0
321100202,1,1,20101264,11321101,0,0,0
321100202,1,2,20101263,11321101,0,0,0
321100202,1,3,20071279,11321101,0,0,0
321100203,1,1,10321373,11321101,0,0,0
321100203,1,2,20101263,11321101,0,0,0
321100203,1,3,20071279,11321101,0,0,0
321100203,2,1,20111337,11322101,0,0,0
321100203,2,2,20101263,11321101,0,0,0
321100301,1,1,20101148,11321101,0,0,0
321100301,1,2,20131262,11321101,0,0,0
321100301,1,3,20191140,11321101,0,0,0
321100302,1,1,20141173,11321101,0,0,0
321100302,1,2,20131262,11321101,0,0,0
321100302,1,3,20191140,11321101,0,0,0
321100303,1,1,20131155,11321101,0,0,0
321100303,1,2,20131262,11321101,0,0,0
321100303,1,3,20191140,11321101,0,0,0
321100303,2,1,20091242,11322101,0,0,0
321100303,2,2,20131262,11321101,0,0,0
321100501,1,1,20111274,11321101,0,0,0
321100501,1,2,20301233,11321101,0,0,0
321100501,1,3,20031174,11321101,0,0,0
321100502,1,1,20111274,11321101,0,0,0
321100502,1,2,20291319,11321101,0,0,0
321100502,1,3,20031174,11321101,0,0,0
321100503,1,1,20111274,11321101,0,0,0
321100503,1,2,20041370,11321101,0,0,0
321100503,1,3,20031174,11321101,0,0,0
321100503,2,1,20111274,11321101,0,0,0
321100503,2,2,20101265,11322101,0,0,0
321100601,1,1,20051311,11321101,0,0,0
321100601,1,2,20151255,11321101,0,0,0
321100601,1,3,20061255,11321101,0,0,0
321100602,1,1,20051311,11321101,0,0,0
321100602,1,2,20061256,11321101,0,0,0
321100602,1,3,20061255,11321101,0,0,0
321100603,1,1,20051311,11321101,0,0,0
321100603,1,2,20041283,11321101,0,0,0
321100603,1,3,20061255,11321101,0,0,0
321100603,2,1,20051311,11321101,0,0,0
321100603,2,2,20291317,11322101,0,0,0
321100801,1,1,20051312,11321101,0,0,0
321100801,1,2,20051182,11321101,0,0,0
321100801,1,3,10321189,11321101,0,0,0
321100802,1,1,20191141,11321101,0,0,0
321100802,1,2,20051182,11321101,0,0,0
321100802,1,3,10321189,11321101,0,0,0
321100803,1,1,20191142,11321101,0,0,0
321100803,1,2,20051182,11321101,0,0,0
321100803,1,3,10321189,11321101,0,0,0
321100803,2,1,20131263,11322101,0,0,0
321100803,2,2,20051182,11321101,0,0,0
321100901,1,1,20131156,11321101,0,0,0
321100901,1,2,20041284,11321101,0,0,0
321100901,1,3,20101354,11321101,0,0,0
321100902,1,1,20131156,11321101,0,0,0
321100902,1,2,20131310,11321101,0,0,0
321100902,1,3,20101354,11321101,0,0,0
321100903,1,1,20131156,11321101,0,0,0
321100903,1,2,20061257,11321101,0,0,0
321100903,1,3,20101354,11321101,0,0,0
321100903,2,1,20131156,11321101,0,0,0
321100903,2,2,20191317,11322101,0,0,0
321101101,1,1,20141263,11321101,0,0,0
321101101,1,2,20191318,11321101,0,0,0
321101101,1,3,20021351,11321101,0,0,0
321101102,1,1,20181332,11321101,0,0,0
321101102,1,2,20191318,11321101,0,0,0
321101102,1,3,20021351,11321101,0,0,0
321101103,1,1,20081394,11321101,0,0,0
321101103,1,2,20191318,11321101,0,0,0
321101103,1,3,20021351,11321101,0,0,0
321101103,2,1,20151256,11322101,0,0,0
321101103,2,2,20191318,11321101,0,0,0
321101201,1,1,20021352,11321101,0,0,0
321101201,1,2,20021264,11321101,0,0,0
321101201,1,3,20301310,11321101,0,0,0
321101202,1,1,20161332,11321101,0,0,0
321101202,1,2,20021264,11321101,0,0,0
321101202,1,3,20301310,11321101,0,0,0
321101202,2,1,20151257,11322101,0,0,0
321101202,2,2,20021264,11321101,0,0,0
321101203,1,1,20191315,11323401,1,1,0
322100201,1,1,10321374,11321201,0,0,0
322100201,1,2,20151392,11321201,0,0,0
322100201,1,3,20081297,11321201,0,0,0
322100202,1,1,10321374,11321201,0,0,0
322100202,1,2,20181121,11321201,0,0,0
322100202,1,3,20081297,11321201,0,0,0
322100203,1,1,10321374,11321201,0,0,0
322100203,1,2,20011184,11321201,0,0,0
322100203,1,3,20081297,11321201,0,0,0
322100203,2,1,10321374,11321201,0,0,0
322100203,2,2,20101355,11322201,0,0,0
322100301,1,1,20061379,11321201,0,0,0
322100301,1,2,20031365,11321201,0,0,0
322100301,1,3,20301234,11321201,0,0,0
322100302,1,1,10291197,11321201,0,0,0
322100302,1,2,20031365,11321201,0,0,0
322100302,1,3,20301234,11321201,0,0,0
322100303,1,1,20191245,11321201,0,0,0
322100303,1,2,20031365,11321201,0,0,0
322100303,1,3,20301234,11321201,0,0,0
322100303,2,1,20061375,11322201,0,0,0
322100303,2,2,20031365,11321201,0,0,0
322100501,1,1,20111338,11321201,0,0,0
322100501,1,2,20021353,11321201,0,0,0
322100501,1,3,20041175,11321201,0,0,0
322100502,1,1,20171160,11321201,0,0,0
322100502,1,2,20021353,11321201,0,0,0
322100502,1,3,20041175,11321201,0,0,0
322100503,1,1,20171322,11321201,0,0,0
322100503,1,2,20021353,11321201,0,0,0
322100503,1,3,20041175,11321201,0,0,0
322100503,2,1,10291198,11322201,0,0,0
322100503,2,2,20021353,11321201,0,0,0
322100601,1,1,20111163,11321201,0,0,0
322100601,1,2,10291199,11321201,0,0,0
322100601,1,3,20081395,11321201,0,0,0
322100602,1,1,20111163,11321201,0,0,0
322100602,1,2,20021181,11321201,0,0,0
322100602,1,3,20081395,11321201,0,0,0
322100603,1,1,20111163,11321201,0,0,0
322100603,1,2,20071280,11321201,0,0,0
322100603,1,3,20081395,11321201,0,0,0
322100603,2,1,20111163,11321201,0,0,0
322100603,2,2,20151127,11322201,0,0,0
322100801,1,1,20091132,11321201,0,0,0
322100801,1,2,20081190,11321201,0,0,0
322100801,1,3,20111339,11321201,0,0,0
322100802,1,1,20031294,11321201,0,0,0
322100802,1,2,20081190,11321201,0,0,0
322100802,1,3,20111339,11321201,0,0,0
322100803,1,1,20171260,11321201,0,0,0
322100803,1,2,20081190,11321201,0,0,0
322100803,1,3,20111339,11321201,0,0,0
322100803,2,1,20111168,11322201,0,0,0
322100803,2,2,20081190,11321201,0,0,0
322100901,1,1,20291318,11321201,0,0,0
322100901,1,2,20121172,11321201,0,0,0
322100901,1,3,20081191,11321201,0,0,0
322100902,1,1,20291318,11321201,0,0,0
322100902,1,2,10321297,11321201,0,0,0
322100902,1,3,20081191,11321201,0,0,0
322100903,1,1,20291318,11321201,0,0,0
322100903,1,2,20081396,11321201,0,0,0
322100903,1,3,20081191,11321201,0,0,0
322100903,2,1,20291318,11321201,0,0,0
322100903,2,2,20171257,11322201,0,0,0
322101101,1,1,20191246,11321201,0,0,0
322101101,1,2,20061380,11321201,0,0,0
322101101,1,3,20041176,11321201,0,0,0
322101102,1,1,20091133,11321201,0,0,0
322101102,1,2,20061380,11321201,0,0,0
322101102,1,3,20041176,11321201,0,0,0
322101103,1,1,20141329,11321201,0,0,0
322101103,1,2,20061380,11321201,0,0,0
322101103,1,3,20041176,11321201,0,0,0
322101103,2,1,10321190,11322201,0,0,0
322101103,2,2,20061380,11321201,0,0,0
322101201,1,1,20031366,11321201,0,0,0
322101201,1,2,20091243,11321201,0,0,0
322101201,1,3,20171323,11321201,0,0,0
322101202,1,1,20031366,11321201,0,0,0
322101202,1,2,20031175,11321201,0,0,0
322101202,1,3,20171323,11321201,0,0,0
322101202,2,1,20031366,11321201,0,0,0
322101202,2,2,20301311,11322201,0,0,0
322101203,1,1,10211170,11323501,1,1,0
323100201,1,1,20051314,11321301,0,0,0
323100201,1,2,20081193,11321301,0,0,0
323100201,1,3,20151393,11321301,0,0,0
323100202,1,1,20171258,11321301,0,0,0
323100202,1,2,20081193,11321301,0,0,0
323100202,1,3,20151393,11321301,0,0,0
323100203,1,1,20161333,11321301,0,0,0
323100203,1,2,20081193,11321301,0,0,0
323100203,1,3,20151393,11321301,0,0,0
323100203,2,1,10311339,11322301,0,0,0
323100203,2,2,20081193,11321301,0,0,0
323100401,1,1,20131157,11321301,0,0,0
323100401,1,2,20161255,11321301,0,0,0
323100401,1,3,20181333,11321301,0,0,0
323100402,1,1,20131157,11321301,0,0,0
323100402,1,2,20181219,11321301,0,0,0
323100402,1,3,20181333,11321301,0,0,0
323100403,1,1,20131157,11321301,0,0,0
323100403,1,2,20301312,11321301,0,0,0
323100403,1,3,20181333,11321301,0,0,0
323100403,2,1,20131157,11321301,0,0,0
323100403,2,2,20031295,11322301,0,0,0
323100601,1,1,10321298,11321301,0,0,0
323100601,1,2,20061381,11321301,0,0,0
323100601,1,3,20301120,11321301,0,0,0
323100602,1,1,20091338,11321301,0,0,0
323100602,1,2,20061381,11321301,0,0,0
323100602,1,3,20301120,11321301,0,0,0
323100603,1,1,20041177,11321301,0,0,0
323100603,1,2,20061381,11321301,0,0,0
323100603,1,3,20301120,11321301,0,0,0
323100603,2,1,20181334,11322301,0,0,0
323100603,2,2,20061381,11321301,0,0,0
323100701,1,1,20151128,11321301,0,0,0
323100701,1,2,20141174,11321301,0,0,0
323100701,1,3,20071350,11321301,0,0,0
323100702,1,1,20151128,11321301,0,0,0
323100702,1,2,20151131,11321301,0,0,0
323100702,1,3,20071350,11321301,0,0,0
323100703,1,1,20151128,11321301,0,0,0
323100703,1,2,20111277,11321301,0,0,0
323100703,1,3,20071350,11321301,0,0,0
323100703,2,2,20151128,11321301,0,0,0
323100703,2,3,30071124,11322301,0,0,0
323100901,1,1,30081201,11321301,0,0,0
323100901,1,2,20061382,11321301,0,0,0
323100901,1,3,20161187,11321301,0,0,0
323100902,1,1,20091244,11321301,0,0,0
323100902,1,2,20061382,11321301,0,0,0
323100902,1,3,20161187,11321301,0,0,0
323100903,1,1,20171324,11321301,0,0,0
323100903,1,2,20061382,11321301,0,0,0
323100903,1,3,20161187,11321301,0,0,0
323100903,2,1,20181220,11322301,0,0,0
323100903,2,2,20061382,11321301,0,0,0
323101001,1,1,20141330,11321301,0,0,0
323101001,1,2,20101357,11321301,0,0,0
323101001,1,3,20011185,11321301,0,0,0
323101002,1,1,20141330,11321301,0,0,0
323101002,1,2,20161256,11321301,0,0,0
323101002,1,3,20011185,11321301,0,0,0
323101003,1,1,20141330,11321301,0,0,0
323101003,1,2,20071281,11321301,0,0,0
323101003,1,3,20011185,11321301,0,0,0
323101003,2,1,20141330,11321301,0,0,0
323101003,2,2,10201185,11322301,0,0,0
323101201,1,1,20161257,11321301,0,0,0
323101201,1,2,20151394,11321301,0,0,0
323101201,1,3,20181213,11321301,0,0,0
323101202,1,1,20081298,11321301,0,0,0
323101202,1,2,20151394,11321301,0,0,0
323101202,1,3,20181213,11321301,0,0,0
323101203,1,1,20161334,11321301,0,0,0
323101203,1,2,20151394,11321301,0,0,0
323101203,1,3,20181213,11321301,0,0,0
323101203,2,1,20111275,11322301,0,0,0
323101203,2,2,20151394,11321301,0,0,0
323101401,1,1,20181126,11321301,0,0,0
323101401,1,2,20101149,11321301,0,0,0
323101401,1,3,30071125,11321301,0,0,0
323101402,1,1,20181126,11321301,0,0,0
323101402,1,2,20121330,11321301,0,0,0
323101402,1,3,30071125,11321301,0,0,0
323101403,1,1,20181126,11321301,0,0,0
323101403,1,2,20141331,11321301,0,0,0
323101403,1,3,30071125,11321301,0,0,0
323101403,2,1,20181126,11321301,0,0,0
323101403,2,2,10321191,11322301,0,0,0
323101501,1,1,30071126,11321301,0,0,0
323101501,1,2,20041287,11321301,0,0,0
323101501,1,3,20181122,11321301,0,0,0
323101502,1,1,20071351,11321301,0,0,0
323101502,1,2,20041287,11321301,0,0,0
323101502,1,3,20181122,11321301,0,0,0
323101502,2,1,20301121,11322301,0,0,0
323101502,2,2,20041287,11321301,0,0,0
323101503,1,1,20191247,11323601,1,1,0
331100201,1,1,20081299,11331101,0,0,0
331100201,1,2,20151261,11331101,0,0,0
331100201,1,3,20301122,11331101,0,0,0
331100202,1,1,20081299,11331101,0,0,0
331100202,1,2,20051315,11331101,0,0,0
331100202,1,3,20301122,11331101,0,0,0
331100203,1,1,20081299,11331101,0,0,0
331100203,1,2,10321299,11331101,0,0,0
331100203,1,3,20301122,11331101,0,0,0
331100203,2,1,20081299,11331101,0,0,0
331100203,2,2,20161188,11332101,0,0,0
331100301,1,1,20101267,11331101,0,0,0
331100301,1,2,20171161,11331101,0,0,0
331100301,1,3,20181214,11331101,0,0,0
331100302,1,1,20071352,11331101,0,0,0
331100302,1,2,20171161,11331101,0,0,0
331100302,1,3,20181214,11331101,0,0,0
331100303,1,1,30061108,11331101,0,0,0
331100303,1,2,20171161,11331101,0,0,0
331100303,1,3,20181214,11331101,0,0,0
331100303,2,1,20041181,11332101,0,0,0
331100303,2,2,20171161,11331101,0,0,0
331100501,1,1,20301235,11331101,0,0,0
331100501,1,2,20301236,11331101,0,0,0
331100501,1,3,20171162,11331101,0,0,0
331100502,1,1,20301235,11331101,0,0,0
331100502,1,2,20041182,11331101,0,0,0
331100502,1,3,20171162,11331101,0,0,0
331100503,1,1,20301235,11331101,0,0,0
331100503,1,2,20101356,11331101,0,0,0
331100503,1,3,20171162,11331101,0,0,0
331100503,2,1,20301235,11331101,0,0,0
331100503,2,2,20181215,11332101,0,0,0
331100601,1,1,20051284,11331101,0,0,0
331100601,1,2,10321192,11331101,0,0,0
331100601,1,3,30061109,11331101,0,0,0
331100602,1,1,20051284,11331101,0,0,0
331100602,1,2,20111341,11331101,0,0,0
331100602,1,3,30061109,11331101,0,0,0
331100603,1,1,20051284,11331101,0,0,0
331100603,1,2,20111164,11331101,0,0,0
331100603,1,3,30061109,11331101,0,0,0
331100603,2,1,20051284,11331101,0,0,0
331100603,2,2,20081399,11332101,0,0,0
331100801,1,1,20121331,11331101,0,0,0
331100801,1,2,20191147,11331101,0,0,0
331100801,1,3,20171163,11331101,0,0,0
331100802,1,1,10321193,11331101,0,0,0
331100802,1,2,20191147,11331101,0,0,0
331100802,1,3,20171163,11331101,0,0,0
331100803,1,1,20091134,11331101,0,0,0
331100803,1,2,20191147,11331101,0,0,0
331100803,1,3,20171163,11331101,0,0,0
331100803,2,1,20161258,11332101,0,0,0
331100803,2,2,20191147,11331101,0,0,0
331100901,1,1,20171261,11331101,0,0,0
331100901,1,2,20291213,11331101,0,0,0
331100901,1,3,20091135,11331101,0,0,0
331100902,1,1,20171261,11331101,0,0,0
331100902,1,2,20011186,11331101,0,0,0
331100902,1,3,20091135,11331101,0,0,0
331100903,1,1,20171261,11331101,0,0,0
331100903,1,2,20101150,11331101,0,0,0
331100903,1,3,20091135,11331101,0,0,0
331100903,2,1,20171261,11331101,0,0,0
331100903,2,2,20031367,11332101,0,0,0
331101101,1,1,20141326,11331101,0,0,0
331101101,1,2,30061110,11331101,0,0,0
331101101,1,3,20091339,11331101,0,0,0
331101102,1,1,20011187,11331101,0,0,0
331101102,1,2,30061110,11331101,0,0,0
331101102,1,3,20091339,11331101,0,0,0
331101103,1,1,20191148,11331101,0,0,0
331101103,1,2,30061110,11331101,0,0,0
331101103,1,3,20091339,11331101,0,0,0
331101103,2,1,20061376,11332101,0,0,0
331101103,2,2,30061110,11331101,0,0,0
331101201,1,1,20101151,11331101,0,0,0
331101201,1,2,20031368,11331101,0,0,0
331101201,1,3,20081300,11331101,0,0,0
331101202,1,1,20301237,11331101,0,0,0
331101202,1,2,20031368,11331101,0,0,0
331101202,1,3,30081202,11331101,0,0,0
331101202,2,1,20021265,11332101,0,0,0
331101202,2,2,20031368,11331101,0,0,0
331101203,1,1,10321300,11333401,1,1,0
332100201,1,1,20051285,11331201,0,0,0
332100201,1,2,30071123,11331201,0,0,0
332100201,1,3,20121173,11331201,0,0,0
332100202,1,1,20051285,11331201,0,0,0
332100202,1,2,10321194,11331201,0,0,0
332100202,1,3,20121173,11331201,0,0,0
332100203,1,1,20051285,11331201,0,0,0
332100203,1,2,20181216,11331201,0,0,0
332100203,1,3,20121173,11331201,0,0,0
332100203,2,1,20051285,11331201,0,0,0
332100203,2,2,20081192,11332201,0,0,0
332100401,1,1,20181123,11331201,0,0,0
332100401,1,2,10291200,11331201,0,0,0
332100401,1,3,20141175,11331201,0,0,0
332100402,1,1,20041285,11331201,0,0,0
332100402,1,2,10291200,11331201,0,0,0
332100402,1,3,20141175,11331201,0,0,0
332100403,1,1,20071353,11331201,0,0,0
332100403,1,2,10291200,11331201,0,0,0
332100403,1,3,20141175,11331201,0,0,0
332100403,2,1,20131311,11332201,0,0,0
332100403,2,2,10291200,11331201,0,0,0
332100601,1,1,20161259,11331201,0,0,0
332100601,1,2,20041371,11331201,0,0,0
332100601,1,3,20121174,11331201,0,0,0
332100602,1,1,20191149,11331201,0,0,0
332100602,1,2,20041371,11331201,0,0,0
332100602,1,3,20121174,11331201,0,0,0
332100603,1,1,20301123,11331201,0,0,0
332100603,1,2,20041371,11331201,0,0,0
332100603,1,3,20121174,11331201,0,0,0
332100603,2,1,20191319,11332201,0,0,0
332100603,2,2,20041371,11331201,0,0,0
332100701,1,1,20171262,11331201,0,0,0
332100701,1,2,20051316,11331201,0,0,0
332100701,1,3,20131265,11331201,0,0,0
332100702,1,1,20171262,11331201,0,0,0
332100702,1,2,20021266,11331201,0,0,0
332100702,1,3,20131265,11331201,0,0,0
332100703,1,1,20171262,11331201,0,0,0
332100703,1,2,20191248,11331201,0,0,0
332100703,1,3,20131265,11331201,0,0,0
332100703,2,1,20171262,11331201,0,0,0
332100703,2,2,20011280,11332201,0,0,0
332100901,1,1,20141327,11331201,0,0,0
332100901,1,2,20111276,11331201,0,0,0
332100901,1,3,20011279,11331201,0,0,0
332100902,1,1,20041372,11331201,0,0,0
332100902,1,2,20111276,11331201,0,0,0
332100902,1,3,20011279,11331201,0,0,0
332100903,1,1,20121260,11331201,0,0,0
332100903,1,2,20111276,11331201,0,0,0
332100903,1,3,20011279,11331201,0,0,0
332100903,2,1,20121333,11331201,0,0,0
332100903,2,2,20111276,11332201,0,0,0
332101001,1,1,20041286,11331201,0,0,0
332101001,1,2,20091245,11331201,0,0,0
332101001,1,3,20111342,11331201,0,0,0
332101002,1,1,20041286,11331201,0,0,0
332101002,1,2,20131158,11331201,0,0,0
332101002,1,3,20111342,11331201,0,0,0
332101003,1,1,20041286,11331201,0,0,0
332101003,1,2,10321375,11331201,0,0,0
332101003,1,3,20111342,11331201,0,0,0
332101003,2,1,20041286,11331201,0,0,0
332101003,2,2,20021267,11332201,0,0,0
332101201,1,1,20061378,11331201,0,0,0
332101201,1,2,20181124,11331201,0,0,0
332101201,1,3,20161335,11331201,0,0,0
332101202,1,1,20191316,11331201,0,0,0
332101202,1,2,20181124,11331201,0,0,0
332101202,1,3,20161335,11331201,0,0,0
332101203,1,1,20011281,11331201,0,0,0
332101203,1,2,20181124,11331201,0,0,0
332101203,1,3,20161335,11331201,0,0,0
332101203,2,1,20141328,11332201,0,0,0
332101203,2,2,20181124,11331201,0,0,0
332101301,1,1,20031296,11331201,0,0,0
332101301,1,2,20111165,11331201,0,0,0
332101301,1,3,20191249,11331201,0,0,0
332101302,1,1,20031296,11331201,0,0,0
332101302,1,2,20191250,11331201,0,0,0
332101302,1,3,20191249,11331201,0,0,0
332101302,2,1,20031296,11331201,0,0,0
332101302,2,2,20021183,11332201,0,0,0
332101303,1,1,20171326,11333501,1,1,0
333100201,1,1,20071282,11331301,0,0,0
333100201,1,2,20121332,11331301,0,0,0
333100201,1,3,20131159,11331301,0,0,0
333100202,1,1,20151129,11331301,0,0,0
333100202,1,2,20121332,11331301,0,0,0
333100202,1,3,20131159,11331301,0,0,0
333100203,1,1,20161260,11331301,0,0,0
333100203,1,2,20121332,11331301,0,0,0
333100203,1,3,20131159,11331301,0,0,0
333100203,2,1,20111166,11332301,0,0,0
333100203,2,2,20121332,11331301,0,0,0
333100401,1,1,30011302,11331301,0,0,0
333100401,1,2,20151130,11331301,0,0,0
333100401,1,3,10211171,11331301,0,0,0
333100402,1,1,30011302,11331301,0,0,0
333100402,1,2,20321201,11331301,0,0,0
333100402,1,3,10211171,11331301,0,0,0
333100403,1,1,30011302,11331301,0,0,0
333100403,1,2,20051286,11331301,0,0,0
333100403,1,3,10211171,11331301,0,0,0
333100403,2,1,30011302,11331301,0,0,0
333100403,2,2,30011303,11332301,0,0,0
333100501,1,1,20151262,11331301,0,0,0
333100501,1,2,10321376,11331301,0,0,0
333100501,1,3,20021354,11331301,0,0,0
333100502,1,1,20181335,11331301,0,0,0
333100502,1,2,10321376,11331301,0,0,0
333100502,1,3,20021354,11331301,0,0,0
333100503,1,1,20161189,11331301,0,0,0
333100503,1,2,10321376,11331301,0,0,0
333100503,1,3,20021354,11331301,0,0,0
333100503,2,1,20291214,11332301,0,0,0
333100503,2,2,10321376,11331301,0,0,0
333100701,1,1,20161190,11331301,0,0,0
333100701,1,2,20031176,11331301,0,0,0
333100701,1,3,20291215,11331301,0,0,0
333100702,1,1,20161190,11331301,0,0,0
333100702,1,2,20181125,11331301,0,0,0
333100702,1,3,20291215,11331301,0,0,0
333100703,1,1,20161190,11331301,0,0,0
333100703,1,2,20081194,11331301,0,0,0
333100703,1,3,20291215,11331301,0,0,0
333100703,2,1,20161190,11331301,0,0,0
333100703,2,2,20021355,11332301,0,0,0
333100801,1,1,20111343,11331301,0,0,0
333100801,1,2,20161336,11331301,0,0,0
333100801,1,3,20291101,11331301,0,0,0
333100802,1,1,20111278,11331301,0,0,0
333100802,1,2,20161336,11331301,0,0,0
333100802,1,3,20291101,11331301,0,0,0
333100803,1,1,20111279,11331301,0,0,0
333100803,1,2,20161336,11331301,0,0,0
333100803,1,3,20291101,11331301,0,0,0
333100803,2,1,20151397,11332301,0,0,0
333100803,2,2,20161336,11331301,0,0,0
333101001,1,1,20151396,11331301,0,0,0
333101001,1,2,20141176,11331301,0,0,0
333101001,1,3,20031177,11331301,0,0,0
333101002,1,1,20151396,11331301,0,0,0
333101002,1,2,20171325,11331301,0,0,0
333101002,1,3,20031177,11331301,0,0,0
333101003,1,1,20151396,11331301,0,0,0
333101003,1,2,20121261,11331301,0,0,0
333101003,1,3,20031177,11331301,0,0,0
333101003,2,1,20151396,11331301,0,0,0
333101003,2,2,20161337,11332301,0,0,0
333101101,1,1,20301124,11331301,0,0,0
333101101,1,2,20291102,11331301,0,0,0
333101101,1,3,20171327,11331301,0,0,0
333101102,1,1,20011399,11331301,0,0,0
333101102,1,2,20291102,11331301,0,0,0
333101102,1,3,20171327,11331301,0,0,0
333101103,1,1,20041373,11331301,0,0,0
333101103,1,2,20291102,11331301,0,0,0
333101103,1,3,20171327,11331301,0,0,0
333101103,2,1,20021356,11332301,0,0,0
333101103,2,2,20291102,11331301,0,0,0
333101301,1,1,20171259,11331301,0,0,0
333101301,1,2,20021184,11331301,0,0,0
333101301,1,3,20181336,11331301,0,0,0
333101302,1,1,20171259,11331301,0,0,0
333101302,1,2,20131160,11331301,0,0,0
333101302,1,3,20181336,11331301,0,0,0
333101303,1,1,20171259,11331301,0,0,0
333101303,1,2,20021182,11331301,0,0,0
333101303,1,3,20181336,11331301,0,0,0
333101303,2,1,20171259,11331301,0,0,0
333101303,2,2,20031178,11332301,0,0,0
333101401,1,1,20081195,11331301,0,0,0
333101401,1,2,20091340,11331301,0,0,0
333101401,1,3,20121262,11331301,0,0,0
333101402,1,1,20121177,11331301,0,0,0
333101402,1,2,20091340,11331301,0,0,0
333101402,1,3,20121262,11331301,0,0,0
333101402,2,1,10321377,11332301,0,0,0
333101402,2,2,20091340,11331301,0,0,0
333101403,1,1,20291320,11333601,1,1,0
341100201,1,1,20041379,11341101,0,0,0
341100201,1,2,20131165,11341101,0,0,0
341100201,1,3,20181223,11341101,0,0,0
341100202,1,1,20041379,11341101,0,0,0
341100202,1,2,20061385,11341101,0,0,0
341100202,1,3,20111173,11341101,0,0,0
341100203,1,1,20041379,11341101,0,0,0
341100203,1,2,20121182,11341101,0,0,0
341100203,1,3,20021358,11341101,0,0,0
341100203,2,1,20041379,11341101,0,0,0
341100203,2,2,20291225,11342101,0,0,0
341100301,1,1,20031371,11341101,0,0,0
341100301,1,2,20141180,11341101,0,0,0
341100301,1,3,20151266,11341101,0,0,0
341100302,1,1,20141335,11341101,0,0,0
341100302,1,2,20141180,11341101,0,0,0
341100302,1,3,20051188,11341101,0,0,0
341100303,1,1,20191152,11341101,0,0,0
341100303,1,2,20141180,11341101,0,0,0
341100303,1,3,20041292,11341101,0,0,0
341100303,2,1,10321380,11342101,0,0,0
341100303,2,2,20141180,11341101,0,0,0
341100501,1,1,10341152,11341101,0,0,0
341100501,1,2,10341350,11341101,0,0,0
341100501,1,3,10331380,11341101,0,0,0
341100502,1,1,10331167,11341101,0,0,0
341100502,1,2,10341350,11341101,0,0,0
341100502,1,3,10331168,11341101,0,0,0
341100503,1,1,10351246,11341101,0,0,0
341100503,1,2,10341350,11341101,0,0,0
341100503,1,3,10341351,11341101,0,0,0
341100503,2,1,10331273,11342101,0,0,0
341100503,2,2,10341350,11341101,0,0,0
341100601,1,1,20121183,11341101,0,0,0
341100601,1,2,20301244,11341101,0,0,0
341100601,1,3,20021187,11341101,0,0,0
341100602,1,1,20121183,11341101,0,0,0
341100602,1,2,20111284,11341101,0,0,0
341100602,1,3,20181345,11341101,0,0,0
341100603,1,1,20121183,11341101,0,0,0
341100603,1,2,30071139,11341101,0,0,0
341100603,1,3,20011189,11341101,0,0,0
341100603,2,1,20121183,11341101,0,0,0
341100603,2,2,20301131,11342101,0,0,0
341100801,1,1,10331381,11341101,0,0,0
341100801,1,2,10331169,11341101,0,0,0
341100801,1,3,10341153,11341101,0,0,0
341100802,1,1,10331381,11341101,0,0,0
341100802,1,2,10351247,11341101,0,0,0
341100802,1,3,10341352,11341101,0,0,0
341100803,1,1,10331381,11341101,0,0,0
341100803,1,2,10351148,11341101,0,0,0
341100803,1,3,10351347,11341101,0,0,0
341100803,2,1,10331381,11341101,0,0,0
341100803,2,2,10341353,11342101,0,0,0
341100901,1,1,20091139,11341101,0,0,0
341100901,1,2,20101271,11341101,0,0,0
341100901,1,3,20181346,11341101,0,0,0
341100902,1,1,20101270,11341101,0,0,0
341100902,1,2,20101271,11341101,0,0,0
341100902,1,3,30081307,11341101,0,0,0
341100903,1,1,20161340,11341101,0,0,0
341100903,1,2,20101271,11341101,0,0,0
341100903,1,3,30061113,11341101,0,0,0
341100903,2,1,30151301,11342101,0,0,0
341100903,2,2,20101271,11341101,0,0,0
341101101,1,1,20091252,11341101,0,0,0
341101101,1,2,20131313,11341101,0,0,0
341101101,1,3,20031372,11341101,0,0,0
341101102,1,1,20091252,11341101,0,0,0
341101102,1,2,30081209,11341101,0,0,0
341101102,1,3,20091347,11341101,0,0,0
341101103,1,1,20091252,11341101,0,0,0
341101103,1,2,20191254,11341101,0,0,0
341101103,1,3,20301245,11341101,0,0,0
341101103,2,1,20091252,11341101,0,0,0
341101103,2,2,20291226,11342101,0,0,0
341101201,1,1,20131314,11341101,0,0,0
341101201,1,2,20071288,11341101,0,0,0
341101201,1,3,20291327,11341101,0,0,0
341101202,1,1,20031370,11341101,0,0,0
341101202,1,2,20071288,11341101,0,0,0
341101202,1,3,20131269,11341101,0,0,0
341101202,2,1,20161267,11342101,0,0,0
341101202,2,2,20071288,11341101,0,0,0
341101203,1,1,15101124,11343401,1,1,0
342100201,1,1,10331382,11341201,0,0,0
342100201,1,2,10341354,11341201,0,0,0
342100201,1,3,10351348,11341201,0,0,0
342100202,1,1,10351248,11341201,0,0,0
342100202,1,2,10341354,11341201,0,0,0
342100202,1,3,10331170,11341201,0,0,0
342100203,1,1,10341154,11341201,0,0,0
342100203,1,2,10341354,11341201,0,0,0
342100203,1,3,10331171,11341201,0,0,0
342100203,2,1,10341250,11342201,0,0,0
342100203,2,2,10341354,11341201,0,0,0
342100301,1,1,20301132,11341201,0,0,0
342100301,1,2,20101363,11341201,0,0,0
342100301,1,3,20191153,11341201,0,0,0
342100302,1,1,20301132,11341201,0,0,0
342100302,1,2,20071359,11341201,0,0,0
342100302,1,3,20021188,11341201,0,0,0
342100303,1,1,20301132,11341201,0,0,0
342100303,1,2,20051322,11341201,0,0,0
342100303,1,3,30081210,11341201,0,0,0
342100303,2,1,20301132,11341201,0,0,0
342100303,2,2,20191255,11342201,0,0,0
342100501,1,1,10351249,11341201,0,0,0
342100501,1,2,10341155,11341201,0,0,0
342100501,1,3,10341251,11341201,0,0,0
342100502,1,1,10351249,11341201,0,0,0
342100502,1,2,10341355,11341201,0,0,0
342100502,1,3,10331274,11341201,0,0,0
342100503,1,1,10351249,11341201,0,0,0
342100503,1,2,10331383,11341201,0,0,0
342100503,1,3,10351349,11341201,0,0,0
342100503,2,1,10351249,11341201,0,0,0
342100503,2,2,10351350,11342201,0,0,0
342100601,1,1,20301246,11341201,0,0,0
342100601,1,2,20011190,11341201,0,0,0
342100601,1,3,20041293,11341201,0,0,0
342100602,1,1,20151267,11341201,0,0,0
342100602,1,2,20011190,11341201,0,0,0
342100602,1,3,20131166,11341201,0,0,0
342100603,1,1,20191256,11341201,0,0,0
342100603,1,2,20011190,11341201,0,0,0
342100603,1,3,20131270,11341201,0,0,0
342100603,2,1,20181347,11342201,0,0,0
342100603,2,2,20011190,11341201,0,0,0
342100801,1,1,10341252,11341201,0,0,0
342100801,1,2,10341156,11341201,0,0,0
342100801,1,3,10351149,11341201,0,0,0
342100802,1,1,10331275,11341201,0,0,0
342100802,1,2,10341156,11341201,0,0,0
342100802,1,3,10341356,11341201,0,0,0
342100803,1,1,10341157,11341201,0,0,0
342100803,1,2,10341156,11341201,0,0,0
342100803,1,3,10341357,11341201,0,0,0
342100803,2,1,10351250,11342201,0,0,0
342100803,2,2,10341156,11341201,0,0,0
342100901,1,1,20161341,11341201,0,0,0
342100901,1,2,20091140,11341201,0,0,0
342100901,1,3,20191154,11341201,0,0,0
342100902,1,1,20161341,11341201,0,0,0
342100902,1,2,20061386,11341201,0,0,0
342100902,1,3,20161268,11341201,0,0,0
342100903,1,1,20161341,11341201,0,0,0
342100903,1,2,20111347,11341201,0,0,0
342100903,1,3,30081308,11341201,0,0,0
342100903,2,1,20161341,11341201,0,0,0
342100903,2,2,30081211,11342201,0,0,0
342101101,1,1,20151140,11341201,0,0,0
342101101,1,2,20051189,11341201,0,0,0
342101101,1,3,20171343,11341201,0,0,0
342101102,1,1,20011191,11341201,0,0,0
342101102,1,2,20051189,11341201,0,0,0
342101102,1,3,20141181,11341201,0,0,0
342101103,1,1,20041294,11341201,0,0,0
342101103,1,2,20051189,11341201,0,0,0
342101103,1,3,20111174,11341201,0,0,0
342101103,2,1,20101153,11342201,0,0,0
342101103,2,2,20051189,11341201,0,0,0
342101201,1,1,15091124,11343501,1,1,0
343100201,1,1,10351351,11341301,0,0,0
343100201,1,2,10331172,11341301,0,0,0
343100201,1,3,10331384,11341301,0,0,0
343100202,1,1,10351351,11341301,0,0,0
343100202,1,2,10331173,11341301,0,0,0
343100202,1,3,10351352,11341301,0,0,0
343100203,1,1,10351351,11341301,0,0,0
343100203,1,2,10341358,11341301,0,0,0
343100203,1,3,10331385,11341301,0,0,0
343100203,2,1,10351351,11341301,0,0,0
343100203,2,2,10341253,11342301,0,0,0
343100401,1,1,10331276,11341301,0,0,0
343100401,1,2,10331386,11341301,0,0,0
343100401,1,3,10331174,11341301,0,0,0
343100402,1,1,10351150,11341301,0,0,0
343100402,1,2,10331386,11341301,0,0,0
343100402,1,3,10331387,11341301,0,0,0
343100403,1,1,10331388,11341301,0,0,0
343100403,1,2,10331386,11341301,0,0,0
343100403,1,3,10351353,11341301,0,0,0
343100403,2,1,10341359,11342301,0,0,0
343100403,2,2,10331386,11341301,0,0,0
343100601,1,1,20091348,11341301,0,0,0
343100601,1,2,20191327,11341301,0,0,0
343100601,1,3,20191328,11341301,0,0,0
343100602,1,1,20091348,11341301,0,0,0
343100602,1,2,20071289,11341301,0,0,0
343100602,1,3,20111285,11341301,0,0,0
343100603,1,1,20091348,11341301,0,0,0
343100603,1,2,20301315,11341301,0,0,0
343100603,1,3,20071290,11341301,0,0,0
343100603,2,1,20091348,11341301,0,0,0
343100603,2,2,30081309,11342301,0,0,0
343100801,1,1,10331175,11341301,0,0,0
343100801,1,2,10341254,11341301,0,0,0
343100801,1,3,10331389,11341301,0,0,0
343100802,1,1,10331175,11341301,0,0,0
343100802,1,2,10331390,11341301,0,0,0
343100802,1,3,10351151,11341301,0,0,0
343100803,1,1,10331175,11341301,0,0,0
343100803,1,2,10351152,11341301,0,0,0
343100803,1,3,10351354,11341301,0,0,0
343100803,2,1,10331175,11341301,0,0,0
343100803,2,2,10341158,11342301,0,0,0
343100901,1,1,20171333,11341301,0,0,0
343100901,1,2,20111286,11341301,0,0,0
343100901,1,3,20131271,11341301,0,0,0
343100902,1,1,20321101,11341301,0,0,0
343100902,1,2,20111286,11341301,0,0,0
343100902,1,3,20191329,11341301,0,0,0
343100903,1,1,30071140,11341301,0,0,0
343100903,1,2,20111286,11341301,0,0,0
343100903,1,3,20161342,11341301,0,0,0
343100903,2,1,20161269,11342301,0,0,0
343100903,2,2,20111286,11341301,0,0,0
343101101,1,1,10351251,11341301,0,0,0
343101101,1,2,10341360,11341301,0,0,0
343101101,1,3,10331277,11341301,0,0,0
343101102,1,1,10351153,11341301,0,0,0
343101102,1,2,10341360,11341301,0,0,0
343101102,1,3,10331391,11341301,0,0,0
343101103,1,1,10331392,11341301,0,0,0
343101103,1,2,10341360,11341301,0,0,0
343101103,1,3,10331278,11341301,0,0,0
343101103,2,1,10331279,11342301,0,0,0
343101103,2,2,10341360,11341301,0,0,0
343101201,1,1,20111348,11341301,0,0,0
343101201,1,2,30011307,11341301,0,0,0
343101201,1,3,30071141,11341301,0,0,0
343101202,1,1,20171273,11341301,0,0,0
343101202,1,2,30011307,11341301,0,0,0
343101202,1,3,20041188,11341301,0,0,0
343101203,1,1,20091349,11341301,0,0,0
343101203,1,2,30011307,11341301,0,0,0
343101203,1,3,20041195,11341301,0,0,0
343101203,2,1,20171167,11342301,0,0,0
343101203,2,2,30011307,11341301,0,0,0
343101401,1,1,10341159,11341301,0,0,0
343101401,1,2,10331280,11341301,0,0,0
343101401,1,3,10341255,11341301,0,0,0
343101402,1,1,10341159,11341301,0,0,0
343101402,1,2,10351154,11341301,0,0,0
343101402,1,3,10341160,11341301,0,0,0
343101403,1,1,10341159,11341301,0,0,0
343101403,1,2,10341161,11341301,0,0,0
343101403,1,3,10341256,11341301,0,0,0
343101403,2,1,10341159,11341301,0,0,0
343101403,2,2,10341361,11342301,0,0,0
343101501,1,1,20151141,11341301,0,0,0
343101501,1,2,20021359,11341301,0,0,0
343101501,1,3,20171274,11341301,0,0,0
343101502,1,1,20151141,11341301,0,0,0
343101502,1,2,20171334,11341301,0,0,0
343101502,1,3,20031373,11341301,0,0,0
343101502,2,1,20151141,11341301,0,0,0
343101502,2,2,20071360,11342301,0,0,0
343101503,1,1,20191333,11343601,1,1,0
351100201,1,1,10331176,11351101,0,0,0
351100201,1,2,10341162,11351101,0,0,0
351100201,1,3,10341362,11351101,0,0,0
351100202,1,1,10331176,11351101,0,0,0
351100202,1,2,10351355,11351101,0,0,0
351100202,1,3,10341257,11351101,0,0,0
351100203,1,1,10331176,11351101,0,0,0
351100203,1,2,10341258,11351101,0,0,0
351100203,1,3,10351356,11351101,0,0,0
351100203,2,1,10331176,11351101,0,0,0
351100203,2,2,10351357,11352101,0,0,0
351100301,1,1,10351252,11351101,0,0,0
351100301,1,2,10351157,11351101,0,0,0
351100301,1,3,10341259,11351101,0,0,0
351100302,1,1,10351252,11351101,0,0,0
351100302,1,2,10331177,11351101,0,0,0
351100302,1,3,10341163,11351101,0,0,0
351100303,1,1,10351252,11351101,0,0,0
351100303,1,2,10351253,11351101,0,0,0
351100303,1,3,10341164,11351101,0,0,0
351100303,2,1,10351252,11351101,0,0,0
351100303,2,2,10351155,11352101,0,0,0
351100501,1,1,20301316,11351101,0,0,0
351100501,1,2,20091350,11351101,0,0,0
351100501,1,3,20041380,11351101,0,0,0
351100502,1,1,20301316,11351101,0,0,0
351100502,1,2,20041193,11351101,0,0,0
351100502,1,3,20131315,11351101,0,0,0
351100503,1,1,20301316,11351101,0,0,0
351100503,1,2,30031201,11351101,0,0,0
351100503,1,3,20141275,11351101,0,0,0
351100503,2,1,20301316,11351101,0,0,0
351100503,2,2,20291230,11352101,0,0,0
351100601,1,1,20301133,11351101,0,0,0
351100601,1,2,20061387,11351101,0,0,0
351100601,1,3,20071291,11351101,0,0,0
351100602,1,1,30061114,11351101,0,0,0
351100602,1,2,20061387,11351101,0,0,0
351100602,1,3,20191330,11351101,0,0,0
351100603,1,1,20171339,11351101,0,0,0
351100603,1,2,20061387,11351101,0,0,0
351100603,1,3,20071361,11351101,0,0,0
351100603,2,1,20181129,11352101,0,0,0
351100603,2,2,20061387,11351101,0,0,0
351100801,1,1,20171340,11351101,0,0,0
351100801,1,2,20301247,11351101,0,0,0
351100801,1,3,20041194,11351101,0,0,0
351100802,1,1,20171340,11351101,0,0,0
351100802,1,2,20031185,11351101,0,0,0
351100802,1,3,20091145,11351101,0,0,0
351100803,1,1,20171340,11351101,0,0,0
351100803,1,2,30081310,11351101,0,0,0
351100803,1,3,20291329,11351101,0,0,0
351100803,2,1,20171340,11351101,0,0,0
351100803,2,2,20191155,11352101,0,0,0
351100901,1,1,20151268,11351101,0,0,0
351100901,1,2,20071363,11351101,0,0,0
351100901,1,3,20141276,11351101,0,0,0
351100902,1,1,20171168,11351101,0,0,0
351100902,1,2,20071363,11351101,0,0,0
351100902,1,3,20191331,11351101,0,0,0
351100903,1,1,30081311,11351101,0,0,0
351100903,1,2,20071363,11351101,0,0,0
351100903,1,3,20091253,11351101,0,0,0
351100903,2,1,20161194,11352101,0,0,0
351100903,2,2,20071363,11351101,0,0,0
351101101,1,1,10341363,11351101,0,0,0
351101101,1,2,10331282,11351101,0,0,0
351101101,1,3,10351254,11351101,0,0,0
351101102,1,1,10351156,11351101,0,0,0
351101102,1,2,10331282,11351101,0,0,0
351101102,1,3,10331281,11351101,0,0,0
351101103,1,1,10341364,11351101,0,0,0
351101103,1,2,10331282,11351101,0,0,0
351101103,1,3,10331283,11351101,0,0,0
351101103,2,1,10331178,11352101,0,0,0
351101103,2,2,10331282,11351101,0,0,0
351101201,1,1,20191156,11351101,0,0,0
351101201,1,2,20111287,11351101,0,0,0
351101201,1,3,20041296,11351101,0,0,0
351101202,1,1,20071362,11351101,0,0,0
351101202,1,2,20111287,11351101,0,0,0
351101202,1,3,30061115,11351101,0,0,0
351101202,2,1,20121184,11352101,0,0,0
351101202,2,2,20111287,11351101,0,0,0
351101203,1,1,20191157,11353401,1,1,0
352100201,1,1,20321205,11351201,0,0,0
352100201,1,2,20151269,11351201,0,0,0
352100201,1,3,30081212,11351201,0,0,0
352100202,1,1,20321205,11351201,0,0,0
352100202,1,2,20041381,11351201,0,0,0
352100202,1,3,20091254,11351201,0,0,0
352100203,1,1,20321205,11351201,0,0,0
352100203,1,2,20291330,11351201,0,0,0
352100203,1,3,20091255,11351201,0,0,0
352100203,2,1,20321205,11351201,0,0,0
352100203,2,2,20291227,11352201,0,0,0
352100301,1,1,20321102,11351201,0,0,0
352100301,1,2,30031202,11351201,0,0,0
352100301,1,3,20091146,11351201,0,0,0
352100302,1,1,20171169,11351201,0,0,0
352100302,1,2,30031202,11351201,0,0,0
352100302,1,3,20101364,11351201,0,0,0
352100303,1,1,30081312,11351201,0,0,0
352100303,1,2,30031202,11351201,0,0,0
352100303,1,3,20301249,11351201,0,0,0
352100303,2,1,20291113,11352201,0,0,0
352100303,2,2,30031202,11351201,0,0,0
352100501,1,1,20121185,11351201,0,0,0
352100501,1,2,20091351,11351201,0,0,0
352100501,1,3,30011308,11351201,0,0,0
352100502,1,1,20121185,11351201,0,0,0
352100502,1,2,20021276,11351201,0,0,0
352100502,1,3,30081101,11351201,0,0,0
352100503,1,1,20121185,11351201,0,0,0
352100503,1,2,30031203,11351201,0,0,0
352100503,1,3,20111288,11351201,0,0,0
352100503,2,1,20121185,11351201,0,0,0
352100503,2,2,20181130,11352201,0,0,0
352100601,1,1,30081102,11351201,0,0,0
352100601,1,2,20131317,11351201,0,0,0
352100601,1,3,30151303,11351201,0,0,0
352100602,1,1,20291228,11351201,0,0,0
352100602,1,2,20131317,11351201,0,0,0
352100602,1,3,20071292,11351201,0,0,0
352100603,1,1,20031187,11351201,0,0,0
352100603,1,2,20131317,11351201,0,0,0
352100603,1,3,20141336,11351201,0,0,0
352100603,2,1,20171276,11352201,0,0,0
352100603,2,2,20131317,11351201,0,0,0
352100801,1,1,20101276,11351201,0,0,0
352100801,1,2,20181131,11351201,0,0,0
352100801,1,3,20121267,11351201,0,0,0
352100802,1,1,20101276,11351201,0,0,0
352100802,1,2,20141182,11351201,0,0,0
352100802,1,3,20071293,11351201,0,0,0
352100803,1,1,20101276,11351201,0,0,0
352100803,1,2,20171277,11351201,0,0,0
352100803,1,3,20121268,11351201,0,0,0
352100803,2,1,20101276,11351201,0,0,0
352100803,2,2,20181132,11352201,0,0,0
352100901,1,1,20141337,11351201,0,0,0
352100901,1,2,20131272,11351201,0,0,0
352100901,1,3,20181224,11351201,0,0,0
352100902,1,1,20141277,11351201,0,0,0
352100902,1,2,20131272,11351201,0,0,0
352100902,1,3,20051290,11351201,0,0,0
352100903,1,1,10321381,11351201,0,0,0
352100903,1,2,20131272,11351201,0,0,0
352100903,1,3,20021189,11351201,0,0,0
352100903,2,1,20191257,11352201,0,0,0
352100903,2,2,20131272,11351201,0,0,0
352101101,1,1,30081103,11351201,0,0,0
352101101,1,2,20151142,11351201,0,0,0
352101101,1,3,20111175,11351201,0,0,0
352101102,1,1,20131273,11351201,0,0,0
352101102,1,2,20151142,11351201,0,0,0
352101102,1,3,20051291,11351201,0,0,0
352101103,1,1,20011192,11351201,0,0,0
352101103,1,2,20151142,11351201,0,0,0
352101103,1,3,30151304,11351201,0,0,0
352101103,2,1,20191258,11352201,0,0,0
352101103,2,2,20151142,11351201,0,0,0
352101201,1,1,20051292,11351201,0,0,0
352101201,1,2,20161343,11351201,0,0,0
352101201,1,3,20151143,11351201,0,0,0
352101202,1,1,20051292,11351201,0,0,0
352101202,1,2,20131274,11351201,0,0,0
352101202,1,3,20011292,11351201,0,0,0
352101202,2,1,20051292,11351201,0,0,0
352101202,2,2,20121343,11352201,0,0,0
352101203,1,1,20301134,11353501,1,1,0
353100201,1,1,20121344,11351301,0,0,0
353100201,1,2,20091147,11351301,0,0,0
353100201,1,3,20021190,11351301,0,0,0
353100202,1,1,20301318,11351301,0,0,0
353100202,1,2,20091147,11351301,0,0,0
353100202,1,3,20121269,11351301,0,0,0
353100203,1,1,20141338,11351301,0,0,0
353100203,1,2,20091147,11351301,0,0,0
353100203,1,3,20011293,11351301,0,0,0
353100203,2,1,20181348,11352301,0,0,0
353100203,2,2,20091147,11351301,0,0,0
353100301,1,1,20141183,11351301,0,0,0
353100301,1,2,20021277,11351301,0,0,0
353100301,1,3,20111176,11351301,0,0,0
353100302,1,1,20321206,11351301,0,0,0
353100302,1,2,20021277,11351301,0,0,0
353100302,1,3,20021191,11351301,0,0,0
353100303,1,1,20191259,11351301,0,0,0
353100303,1,2,20021277,11351301,0,0,0
353100303,1,3,20161344,11351301,0,0,0
353100303,2,1,20291114,11352301,0,0,0
353100303,2,2,20021277,11351301,0,0,0
353100501,1,1,20031378,11351301,0,0,0
353100501,1,2,20301136,11351301,0,0,0
353100501,1,3,20151270,11351301,0,0,0
353100502,1,1,20031378,11351301,0,0,0
353100502,1,2,30081215,11351301,0,0,0
353100502,1,3,20321103,11351301,0,0,0
353100503,1,1,20031378,11351301,0,0,0
353100503,1,2,20181225,11351301,0,0,0
353100503,1,3,20061265,11351301,0,0,0
353100503,2,1,20031378,11351301,0,0,0
353100503,2,2,20171341,11352301,0,0,0
353100601,1,1,30151305,11351301,0,0,0
353100601,1,2,20051192,11351301,0,0,0
353100601,1,3,20101154,11351301,0,0,0
353100602,1,1,30151305,11351301,0,0,0
353100602,1,2,30061116,11351301,0,0,0
353100602,1,3,20161196,11351301,0,0,0
353100603,1,1,30151305,11351301,0,0,0
353100603,1,2,20101277,11351301,0,0,0
353100603,1,3,20011294,11351301,0,0,0
353100603,2,1,30151305,11351301,0,0,0
353100603,2,2,20181349,11352301,0,0,0
353100801,1,1,20101155,11351301,0,0,0
353100801,1,2,20031379,11351301,0,0,0
353100801,1,3,20041382,11351301,0,0,0
353100802,1,1,20051190,11351301,0,0,0
353100802,1,2,20031379,11351301,0,0,0
353100802,1,3,20091352,11351301,0,0,0
353100803,1,1,10321382,11351301,0,0,0
353100803,1,2,20031379,11351301,0,0,0
353100803,1,3,20101156,11351301,0,0,0
353100803,2,1,20291229,11352301,0,0,0
353100803,2,2,20031379,11351301,0,0,0
353100901,1,1,20161195,11351301,0,0,0
353100901,1,2,20131318,11351301,0,0,0
353100901,1,3,20041297,11351301,0,0,0
353100902,1,1,20161195,11351301,0,0,0
353100902,1,2,20171170,11351301,0,0,0
353100902,1,3,20061266,11351301,0,0,0
353100903,1,1,20161195,11351301,0,0,0
353100903,1,2,20161345,11351301,0,0,0
353100903,1,3,20191332,11351301,0,0,0
353100903,2,1,20161195,11351301,0,0,0
353100903,2,2,20321104,11352301,0,0,0
353101101,1,1,20131275,11351301,0,0,0
353101101,1,2,20011193,11351301,0,0,0
353101101,1,3,20111351,11351301,0,0,0
353101102,1,1,20131319,11351301,0,0,0
353101102,1,2,20151144,11351301,0,0,0
353101102,1,3,20031380,11351301,0,0,0
353101103,1,1,20131319,11351301,0,0,0
353101103,1,2,20101365,11351301,0,0,0
353101103,1,3,20291115,11351301,0,0,0
353101103,2,1,20131319,11351301,0,0,0
353101103,2,2,20181350,11352301,0,0,0
353101201,1,1,20021279,11351301,0,0,0
353101201,1,2,20061389,11351301,0,0,0
353101201,1,3,20301317,11351301,0,0,0
353101202,1,1,20021279,11351301,0,0,0
353101202,1,2,20151273,11351301,0,0,0
353101202,1,3,20171278,11351301,0,0,0
353101203,1,1,20021279,11351301,0,0,0
353101203,1,2,20171342,11351301,0,0,0
353101203,1,3,20111350,11351301,0,0,0
353101203,2,1,20021279,11351301,0,0,0
353101203,2,2,20151271,11352301,0,0,0
353101301,1,1,20051191,11351301,0,0,0
353101301,1,2,20031188,11351301,0,0,0
353101301,1,3,20141185,11351301,0,0,0
353101302,1,1,30081214,11351301,0,0,0
353101302,1,2,20031188,11351301,0,0,0
353101302,1,3,30011309,11351301,0,0,0
353101302,2,1,20151272,11352301,0,0,0
353101302,2,2,20031188,11351301,0,0,0
353101303,1,1,20171171,11353601,1,1,0
361100201,1,1,20141190,11361101,0,0,0
361100201,1,2,20181134,11361101,0,0,0
361100201,1,3,20121348,11361101,0,0,0
361100202,1,1,20141190,11361101,0,0,0
361100202,1,2,20291235,11361101,0,0,0
361100202,1,3,20011196,11361101,0,0,0
361100203,1,1,20141190,11361101,0,0,0
361100203,1,2,20141341,11361101,0,0,0
361100203,1,3,30021113,11361101,0,0,0
361100203,2,1,20141190,11361101,0,0,0
361100203,2,2,30151314,11362101,0,0,0
361100301,1,1,20051296,11361101,0,0,0
361100301,1,2,20131170,11361101,0,0,0
361100301,1,3,20051199,11361101,0,0,0
361100302,1,1,30011318,11361101,0,0,0
361100302,1,2,20131170,11361101,0,0,0
361100302,1,3,30071202,11361101,0,0,0
361100303,1,1,20171176,11361101,0,0,0
361100303,1,2,20131170,11361101,0,0,0
361100303,1,3,20321208,11361101,0,0,0
361100303,2,1,20291234,11362101,0,0,0
361100303,2,2,20131170,11361101,0,0,0
361100501,1,1,20151151,11361101,0,0,0
361100501,1,2,20011297,11361101,0,0,0
361100501,1,3,20091264,11361101,0,0,0
361100502,1,1,20151151,11361101,0,0,0
361100502,1,2,20291117,11361101,0,0,0
361100502,1,3,20121190,11361101,0,0,0
361100503,1,1,20151151,11361101,0,0,0
361100503,1,2,20141285,11361101,0,0,0
361100503,1,3,20021286,11361101,0,0,0
361100503,2,1,20151151,11361101,0,0,0
361100503,2,2,20141286,11362101,0,0,0
361100601,1,1,20111180,11361101,0,0,0
361100601,1,2,30081219,11361101,0,0,0
361100601,1,3,20151280,11361101,0,0,0
361100602,1,1,20121277,11361101,0,0,0
361100602,1,2,30081219,11361101,0,0,0
361100602,1,3,20071372,11361101,0,0,0
361100603,1,1,20131323,11361101,0,0,0
361100603,1,2,30081219,11361101,0,0,0
361100603,1,3,20041386,11361101,0,0,0
361100603,2,1,20191334,11362101,0,0,0
361100603,2,2,30081219,11361101,0,0,0
361100801,1,1,20031193,11361101,0,0,0
361100801,1,2,20091156,11361101,0,0,0
361100801,1,3,20181233,11361101,0,0,0
361100802,1,1,20031193,11361101,0,0,0
361100802,1,2,20291118,11361101,0,0,0
361100802,1,3,20141287,11361101,0,0,0
361100803,1,1,20031193,11361101,0,0,0
361100803,1,2,20101375,11361101,0,0,0
361100803,1,3,20301262,11361101,0,0,0
361100803,2,1,20031193,11361101,0,0,0
361100803,2,2,20161273,11362101,0,0,0
361100901,1,1,20091157,11361101,0,0,0
361100901,1,2,20321209,11361101,0,0,0
361100901,1,3,20041387,11361101,0,0,0
361100902,1,1,20191164,11361101,0,0,0
361100902,1,2,20321209,11361101,0,0,0
361100902,1,3,20111360,11361101,0,0,0
361100903,1,1,20041299,11361101,0,0,0
361100903,1,2,20321209,11361101,0,0,0
361100903,1,3,20111291,11361101,0,0,0
361100903,2,1,20191266,11362101,0,0,0
361100903,2,2,20321209,11361101,0,0,0
361101101,1,1,20061270,11361101,0,0,0
361101101,1,2,20091158,11361101,0,0,0
361101101,1,3,20131324,11361101,0,0,0
361101102,1,1,20061270,11361101,0,0,0
361101102,1,2,20161274,11361101,0,0,0
361101102,1,3,20111181,11361101,0,0,0
361101103,1,1,20061270,11361101,0,0,0
361101103,1,2,20191267,11361101,0,0,0
361101103,1,3,20111361,11361101,0,0,0
361101103,2,1,20061270,11361101,0,0,0
361101103,2,2,20191335,11362101,0,0,0
361101201,1,1,20181135,11361101,0,0,0
361101201,1,2,20151281,11361101,0,0,0
361101201,1,3,20171292,11361101,0,0,0
361101202,1,1,20111292,11361101,0,0,0
361101202,1,2,20151281,11361101,0,0,0
361101202,1,3,30161109,11361101,0,0,0
361101202,2,1,20141191,11362101,0,0,0
361101202,2,2,20151281,11361101,0,0,0
361101203,1,1,20171353,11363401,1,1,0
362100201,1,1,30031209,11361201,0,0,0
362100201,1,2,20151152,11361201,0,0,0
362100201,1,3,20061393,11361201,0,0,0
362100202,1,1,30031209,11361201,0,0,0
362100202,1,2,10321387,11361201,0,0,0
362100202,1,3,20061271,11361201,0,0,0
362100203,1,1,30031209,11361201,0,0,0
362100203,1,2,20011298,11361201,0,0,0
362100203,1,3,20181353,11361201,0,0,0
362100203,2,1,30031209,11361201,0,0,0
362100203,2,2,30081113,11362201,0,0,0
362100301,1,1,20171293,11361201,0,0,0
362100301,1,2,20091355,11361201,0,0,0
362100301,1,3,20121191,11361201,0,0,0
362100302,1,1,20171293,11361201,0,0,0
362100302,1,2,20101159,11361201,0,0,0
362100302,1,3,30011319,11361201,0,0,0
362100303,1,1,20171293,11361201,0,0,0
362100303,1,2,30081114,11361201,0,0,0
362100303,1,3,30031210,11361201,0,0,0
362100303,2,1,20171293,11361201,0,0,0
362100303,2,2,20181234,11362201,0,0,0
362100501,1,1,20031194,11361201,0,0,0
362100501,1,2,20151153,11361201,0,0,0
362100501,1,3,30051101,11361201,0,0,0
362100502,1,1,20011299,11361201,0,0,0
362100502,1,2,20151153,11361201,0,0,0
362100502,1,3,20181354,11361201,0,0,0
362100503,1,1,20131287,11361201,0,0,0
362100503,1,2,20151153,11361201,0,0,0
362100503,1,3,30041205,11361201,0,0,0
362100503,2,1,20191165,11362201,0,0,0
362100503,2,2,20151153,11361201,0,0,0
362100601,1,1,20121349,11361201,0,0,0
362100601,1,2,30061122,11361201,0,0,0
362100601,1,3,20151282,11361201,0,0,0
362100602,1,1,20121349,11361201,0,0,0
362100602,1,2,20131171,11361201,0,0,0
362100602,1,3,20141192,11361201,0,0,0
362100603,1,1,20121349,11361201,0,0,0
362100603,1,2,30081318,11361201,0,0,0
362100603,1,3,20101281,11361201,0,0,0
362100603,2,1,20121349,11361201,0,0,0
362100603,2,2,20061394,11362201,0,0,0
362100801,1,1,20301263,11361201,0,0,0
362100801,1,2,30161110,11361201,0,0,0
362100801,1,3,30041101,11361201,0,0,0
362100802,1,1,20111189,11361201,0,0,0
362100802,1,2,30161110,11361201,0,0,0
362100802,1,3,20171354,11361201,0,0,0
362100803,1,1,30071203,11361201,0,0,0
362100803,1,2,30161110,11361201,0,0,0
362100803,1,3,20101160,11361201,0,0,0
362100803,2,1,20191268,11362201,0,0,0
362100803,2,2,30161110,11361201,0,0,0
362100901,1,1,20131172,11361201,0,0,0
362100901,1,2,20091265,11361201,0,0,0
362100901,1,3,20181136,11361201,0,0,0
362100902,1,1,20131172,11361201,0,0,0
362100902,1,2,20031195,11361201,0,0,0
362100902,1,3,20101161,11361201,0,0,0
362100903,1,1,20131172,11361201,0,0,0
362100903,1,2,20071373,11361201,0,0,0
362100903,1,3,20051326,11361201,0,0,0
362100903,2,1,20131172,11361201,0,0,0
362100903,2,2,20301264,11362201,0,0,0
362101101,1,1,10321388,11361201,0,0,0
362101101,1,2,30071147,11361201,0,0,0
362101101,1,3,20051297,11361201,0,0,0
362101102,1,1,30021114,11361201,0,0,0
362101102,1,2,30071147,11361201,0,0,0
362101102,1,3,20301325,11361201,0,0,0
362101103,1,1,20141342,11361201,0,0,0
362101103,1,2,30071147,11361201,0,0,0
362101103,1,3,20091356,11361201,0,0,0
362101103,2,1,20291337,11362201,0,0,0
362101103,2,2,30071147,11361201,0,0,0
362101201,1,1,20101282,11361201,0,0,0
362101201,1,2,20121278,11361201,0,0,0
362101201,1,3,30071204,11361201,0,0,0
362101202,1,1,20101282,11361201,0,0,0
362101202,1,2,20031383,11361201,0,0,0
362101202,1,3,20161349,11361201,0,0,0
362101202,2,1,20101282,11361201,0,0,0
362101202,2,2,20101376,11362201,0,0,0
362101203,1,1,20181355,11363501,1,1,0
363100201,1,1,30081112,11361301,0,0,0
363100201,1,2,20111293,11361301,0,0,0
363100201,1,3,20041388,11361301,0,0,0
363100202,1,1,20011197,11361301,0,0,0
363100202,1,2,20111293,11361301,0,0,0
363100202,1,3,20111362,11361301,0,0,0
363100203,1,1,20031384,11361301,0,0,0
363100203,1,2,20111293,11361301,0,0,0
363100203,1,3,20131289,11361301,0,0,0
363100203,2,1,20321108,11362301,0,0,0
363100203,2,2,20111293,11361301,0,0,0
363100301,1,1,20171294,11361301,0,0,0
363100301,1,2,20041392,11361301,0,0,0
363100301,1,3,20291119,11361301,0,0,0
363100302,1,1,20171294,11361301,0,0,0
363100302,1,2,20131325,11361301,0,0,0
363100302,1,3,30151315,11361301,0,0,0
363100303,1,1,20171294,11361301,0,0,0
363100303,1,2,30031211,11361301,0,0,0
363100303,1,3,30081220,11361301,0,0,0
363100303,2,1,20171294,11361301,0,0,0
363100303,2,2,20301326,11362301,0,0,0
363100501,1,1,20021287,11361301,0,0,0
363100501,1,2,20121279,11361301,0,0,0
363100501,1,3,20061276,11361301,0,0,0
363100502,1,1,20021287,11361301,0,0,0
363100502,1,2,20031385,11361301,0,0,0
363100502,1,3,30151316,11361301,0,0,0
363100503,1,1,20021287,11361301,0,0,0
363100503,1,2,20091357,11361301,0,0,0
363100503,1,3,20021362,11361301,0,0,0
363100503,2,1,20021287,11361301,0,0,0
363100503,2,2,20291338,11362301,0,0,0
363100601,1,1,20101283,11361301,0,0,0
363100601,1,2,20161350,11361301,0,0,0
363100601,1,3,30071148,11361301,0,0,0
363100602,1,1,30081221,11361301,0,0,0
363100602,1,2,20161350,11361301,0,0,0
363100602,1,3,20171355,11361301,0,0,0
363100603,1,1,20291339,11361301,0,0,0
363100603,1,2,20161350,11361301,0,0,0
363100603,1,3,30081319,11361301,0,0,0
363100603,2,1,20181235,11362301,0,0,0
363100603,2,2,20161350,11361301,0,0,0
363100801,1,1,30041102,11361301,0,0,0
363100801,1,2,30071149,11361301,0,0,0
363100801,1,3,20321110,11361301,0,0,0
363100802,1,1,30041102,11361301,0,0,0
363100802,1,2,30161111,11361301,0,0,0
363100802,1,3,20161275,11361301,0,0,0
363100803,1,1,30041102,11361301,0,0,0
363100803,1,2,30021115,11361301,0,0,0
363100803,1,3,20301139,11361301,0,0,0
363100803,2,1,30041102,11361301,0,0,0
363100803,2,2,20291121,11362301,0,0,0
363100901,1,1,20061395,11361301,0,0,0
363100901,1,2,10321389,11361301,0,0,0
363100901,1,3,20161351,11361301,0,0,0
363100902,1,1,20301137,11361301,0,0,0
363100902,1,2,10321389,11361301,0,0,0
363100902,1,3,20021288,11361301,0,0,0
363100903,1,1,20171177,11361301,0,0,0
363100903,1,2,10321389,11361301,0,0,0
363100903,1,3,20171178,11361301,0,0,0
363100903,2,1,20291236,11362301,0,0,0
363100903,2,2,10321389,11361301,0,0,0
363101101,1,1,20021363,11361301,0,0,0
363101101,1,2,20131288,11361301,0,0,0
363101101,1,3,30061123,11361301,0,0,0
363101102,1,1,20291120,11361301,0,0,0
363101102,1,2,20131288,11361301,0,0,0
363101102,1,3,20321210,11361301,0,0,0
363101103,1,1,20051327,11361301,0,0,0
363101103,1,2,20131288,11361301,0,0,0
363101103,1,3,30011320,11361301,0,0,0
363101103,2,1,20141343,11362301,0,0,0
363101103,2,2,20131288,11361301,0,0,0
363101201,1,1,20121350,11361301,0,0,0
363101201,1,2,20111294,11361301,0,0,0
363101201,1,3,20011198,11361301,0,0,0
363101202,1,1,20121350,11361301,0,0,0
363101202,1,2,20181236,11361301,0,0,0
363101202,1,3,30081222,11361301,0,0,0
363101203,1,1,20121350,11361301,0,0,0
363101203,1,2,20121355,11361301,0,0,0
363101203,1,3,30061124,11361301,0,0,0
363101203,2,1,20121350,11361301,0,0,0
363101203,2,2,20291340,11362301,0,0,0
363101301,1,1,20101377,11361301,0,0,0
363101301,1,2,20121356,11361301,0,0,0
363101301,1,3,30041201,11361301,0,0,0
363101302,1,1,20101377,11361301,0,0,0
363101302,1,2,30011105,11361301,0,0,0
363101302,1,3,20021364,11361301,0,0,0
363101302,2,1,20101377,11361301,0,0,0
363101302,2,2,30081320,11362301,0,0,0
363101303,1,1,20191166,11363601,1,1,0
371100201,1,1,30161112,11371101,0,0,0
371100201,1,2,20041389,11371101,0,0,0
371100201,1,3,30011321,11371101,0,0,0
371100202,1,1,30161112,11371101,0,0,0
371100202,1,2,20011200,11371101,0,0,0
371100202,1,3,10321390,11371101,0,0,0
371100203,1,1,30161112,11371101,0,0,0
371100203,1,2,30071205,11371101,0,0,0
371100203,1,3,20181356,11371101,0,0,0
371100203,2,1,30161112,11371101,0,0,0
371100203,2,2,20321111,11372101,0,0,0
371100401,1,1,20021289,11371101,0,0,0
371100401,1,2,20011300,11371101,0,0,0
371100401,1,3,20111363,11371101,0,0,0
371100402,1,1,20171179,11371101,0,0,0
371100402,1,2,20011300,11371101,0,0,0
371100402,1,3,30011103,11371101,0,0,0
371100403,1,1,30161113,11371101,0,0,0
371100403,1,2,20011300,11371101,0,0,0
371100403,1,3,20161276,11371101,0,0,0
371100403,2,1,20191336,11372101,0,0,0
371100403,2,2,20011300,11371101,0,0,0
371100501,1,1,20301140,11371101,0,0,0
371100501,1,2,20301265,11371101,0,0,0
371100501,1,3,30011322,11371101,0,0,0
371100502,1,1,20301140,11371101,0,0,0
371100502,1,2,20171295,11371101,0,0,0
371100502,1,3,20141193,11371101,0,0,0
371100503,1,1,20301140,11371101,0,0,0
371100503,1,2,30051102,11371101,0,0,0
371100503,1,3,20151154,11371101,0,0,0
371100503,2,1,20301140,11371101,0,0,0
371100503,2,2,20181137,11372101,0,0,0
371100701,1,1,20151283,11371101,0,0,0
371100701,1,2,20101162,11371101,0,0,0
371100701,1,3,30031212,11371101,0,0,0
371100702,1,1,20111295,11371101,0,0,0
371100702,1,2,20101162,11371101,0,0,0
371100702,1,3,20051298,11371101,0,0,0
371100703,1,1,30041107,11371101,0,0,0
371100703,1,2,20101162,11371101,0,0,0
371100703,1,3,20061277,11371101,0,0,0
371100703,2,1,20191269,11372101,0,0,0
371100703,2,2,20101162,11371101,0,0,0
371100801,1,1,30071206,11371101,0,0,0
371100801,1,2,20141288,11371101,0,0,0
371100801,1,3,30081223,11371101,0,0,0
371100802,1,1,30071206,11371101,0,0,0
371100802,1,2,30011104,11371101,0,0,0
371100802,1,3,20131290,11371101,0,0,0
371100803,1,1,30071206,11371101,0,0,0
371100803,1,2,20021365,11371101,0,0,0
371100803,1,3,10321391,11371101,0,0,0
371100803,2,1,30071206,11371101,0,0,0
371100803,2,2,20141289,11372101,0,0,0
371101101,1,1,20121357,11371101,0,0,0
371101101,1,2,20111296,11371101,0,0,0
371101101,1,3,20041390,11371101,0,0,0
371101102,1,1,30021106,11371101,0,0,0
371101102,1,2,20111296,11371101,0,0,0
371101102,1,3,20121192,11371101,0,0,0
371101103,1,1,30081321,11371101,0,0,0
371101103,1,2,20111296,11371101,0,0,0
371101103,1,3,30071150,11371101,0,0,0
371101103,2,1,20161277,11372101,0,0,0
371101103,2,2,20111296,11371101,0,0,0
371101301,1,1,20131326,11371101,0,0,0
371101301,1,2,20191270,11371101,0,0,0
371101301,1,3,30061125,11371101,0,0,0
371101302,1,1,20131326,11371101,0,0,0
371101302,1,2,20031386,11371101,0,0,0
371101302,1,3,20101378,11371101,0,0,0
371101303,1,1,20131326,11371101,0,0,0
371101303,1,2,30061126,11371101,0,0,0
371101303,1,3,20071374,11371101,0,0,0
371101303,2,1,20131326,11371101,0,0,0
371101303,2,2,20291122,11372101,0,0,0
371101501,1,1,20161352,11371101,0,0,0
371101501,1,2,20091266,11371101,0,0,0
371101501,1,3,30021107,11371101,0,0,0
371101502,1,1,20111364,11371101,0,0,0
371101502,1,2,20091266,11371101,0,0,0
371101502,1,3,20071375,11371101,0,0,0
371101503,1,1,20021366,11371101,0,0,0
371101503,1,2,20091266,11371101,0,0,0
371101503,1,3,20161353,11371101,0,0,0
371101503,2,1,20321211,11372101,0,0,0
371101503,2,2,20091266,11371101,0,0,0
371101601,1,1,20151284,11371101,0,0,0
371101601,1,2,20031387,11371101,0,0,0
371101601,1,3,20191167,11371101,0,0,0
371101602,1,1,20151284,11371101,0,0,0
371101602,1,2,20111297,11371101,0,0,0
371101602,1,3,20061396,11371101,0,0,0
371101602,2,1,20151284,11371101,0,0,0
371101602,2,2,20301141,11372101,0,0,0
371101603,1,1,20291237,11373401,1,1,0
372100201,1,1,20101284,11371201,0,0,0
372100201,1,2,20121193,11371201,0,0,0
372100201,1,3,20051299,11371201,0,0,0
372100202,1,1,20101284,11371201,0,0,0
372100202,1,2,20121358,11371201,0,0,0
372100202,1,3,30081115,11371201,0,0,0
372100203,1,1,20101284,11371201,0,0,0
372100203,1,2,30041202,11371201,0,0,0
372100203,1,3,20061397,11371201,0,0,0
372100203,2,1,20101284,11371201,0,0,0
372100203,2,2,20291341,11372201,0,0,0
372100301,1,1,30161114,11371201,0,0,0
372100301,1,2,20071376,11371201,0,0,0
372100301,1,3,20021290,11371201,0,0,0
372100302,1,1,30071151,11371201,0,0,0
372100302,1,2,20071376,11371201,0,0,0
372100302,1,3,20171356,11371201,0,0,0
372100303,1,1,20131173,11371201,0,0,0
372100303,1,2,20071376,11371201,0,0,0
372100303,1,3,20061398,11371201,0,0,0
372100303,2,1,20181357,11372201,0,0,0
372100303,2,2,20071376,11371201,0,0,0
372100601,1,1,20171296,11371201,0,0,0
372100601,1,2,20131327,11371201,0,0,0
372100601,1,3,20111365,11371201,0,0,0
372100602,1,1,20021367,11371201,0,0,0
372100602,1,2,20131327,11371201,0,0,0
372100602,1,3,20051328,11371201,0,0,0
372100603,1,1,20031196,11371201,0,0,0
372100603,1,2,20131327,11371201,0,0,0
372100603,1,3,20141194,11371201,0,0,0
372100603,2,1,20301327,11372201,0,0,0
372100603,2,2,20131327,11371201,0,0,0
372100701,1,1,20141344,11371201,0,0,0
372100701,1,2,20101163,11371201,0,0,0
372100701,1,3,20181237,11371201,0,0,0
372100702,1,1,30151317,11371201,0,0,0
372100702,1,2,20101163,11371201,0,0,0
372100702,1,3,20111186,11371201,0,0,0
372100703,1,1,20191168,11371201,0,0,0
372100703,1,2,20101163,11371201,0,0,0
372100703,1,3,30081224,11371201,0,0,0
372100703,2,1,20191337,11372201,0,0,0
372100703,2,2,20101163,11371201,0,0,0
372100901,1,1,20101285,11371201,0,0,0
372100901,1,2,20111187,11371201,0,0,0
372100901,1,3,30041203,11371201,0,0,0
372100902,1,1,20101285,11371201,0,0,0
372100902,1,2,30071152,11371201,0,0,0
372100902,1,3,30061127,11371201,0,0,0
372100903,1,1,20101285,11371201,0,0,0
372100903,1,2,20121194,11371201,0,0,0
372100903,1,3,30081322,11371201,0,0,0
372100903,2,1,20101285,11371201,0,0,0
372100903,2,2,20291238,11372201,0,0,0
372101001,1,1,20121280,11371201,0,0,0
372101001,1,2,30031213,11371201,0,0,0
372101001,1,3,20031388,11371201,0,0,0
372101002,1,1,20121281,11371201,0,0,0
372101002,1,2,30031213,11371201,0,0,0
372101002,1,3,20151155,11371201,0,0,0
372101003,1,1,20301266,11371201,0,0,0
372101003,1,2,30031213,11371201,0,0,0
372101003,1,3,20321212,11371201,0,0,0
372101003,2,1,20291342,11372201,0,0,0
372101003,2,2,30031213,11371201,0,0,0
372101201,1,1,20101379,11371201,0,0,0
372101201,1,2,20051329,11371201,0,0,0
372101201,1,3,30021108,11371201,0,0,0
372101202,1,1,20101379,11371201,0,0,0
372101202,1,2,20181138,11371201,0,0,0
372101202,1,3,20301142,11371201,0,0,0
372101203,1,1,20101379,11371201,0,0,0
372101203,1,2,30031214,11371201,0,0,0
372101203,1,3,30081225,11371201,0,0,0
372101203,2,1,20101379,11371201,0,0,0
372101203,2,2,20181139,11372201,0,0,0
372101301,1,1,30041204,11371201,0,0,0
372101301,1,2,20161278,11371201,0,0,0
372101301,1,3,20321213,11371201,0,0,0
372101302,1,1,30041108,11371201,0,0,0
372101302,1,2,20161278,11371201,0,0,0
372101302,1,3,20151156,11371201,0,0,0
372101302,2,1,20141345,11372201,0,0,0
372101302,2,2,20161278,11371201,0,0,0
372101303,1,1,20291123,11373501,1,1,0
373100201,1,1,20121282,11371301,0,0,0
373100201,1,2,30011201,11371301,0,0,0
373100201,1,3,20151285,11371301,0,0,0
373100202,1,1,20121282,11371301,0,0,0
373100202,1,2,20021292,11371301,0,0,0
373100202,1,3,20091358,11371301,0,0,0
373100203,1,1,20121282,11371301,0,0,0
373100203,1,2,20171357,11371301,0,0,0
373100203,1,3,20021291,11371301,0,0,0
373100203,2,1,20121282,11371301,0,0,0
373100203,2,2,20181238,11372301,0,0,0
373100301,1,1,20061278,11371301,0,0,0
373100301,1,2,20141290,11371301,0,0,0
373100301,1,3,30151318,11371301,0,0,0
373100302,1,1,20061278,11371301,0,0,0
373100302,1,2,20091159,11371301,0,0,0
373100302,1,3,30051103,11371301,0,0,0
373100303,1,1,20061278,11371301,0,0,0
373100303,1,2,20121359,11371301,0,0,0
373100303,1,3,20291124,11371301,0,0,0
373100303,2,1,20061278,11371301,0,0,0
373100303,2,2,20181358,11372301,0,0,0
373100601,1,1,20171358,11371301,0,0,0
373100601,1,2,30081116,11371301,0,0,0
373100601,1,3,20091160,11371301,0,0,0
373100602,1,1,30151319,11371301,0,0,0
373100602,1,2,30081116,11371301,0,0,0
373100602,1,3,10321392,11371301,0,0,0
373100603,1,1,30041109,11371301,0,0,0
373100603,1,2,30081116,11371301,0,0,0
373100603,1,3,20141346,11371301,0,0,0
373100603,2,1,20291343,11372301,0,0,0
373100603,2,2,30081116,11371301,0,0,0
373100701,1,1,30071207,11371301,0,0,0
373100701,1,2,30051104,11371301,0,0,0
373100701,1,3,20091267,11371301,0,0,0
373100702,1,1,30071207,11371301,0,0,0
373100702,1,2,30011323,11371301,0,0,0
373100702,1,3,20091359,11371301,0,0,0
373100703,1,1,30071207,11371301,0,0,0
373100703,1,2,20141195,11371301,0,0,0
373100703,1,3,20321112,11371301,0,0,0
373100703,2,1,30071207,11371301,0,0,0
373100703,2,2,20291239,11372301,0,0,0
373100901,1,1,20171180,11371301,0,0,0
373100901,1,2,20091161,11371301,0,0,0
373100901,1,3,20031197,11371301,0,0,0
373100902,1,1,20101380,11371301,0,0,0
373100902,1,2,20091161,11371301,0,0,0
373100902,1,3,20041391,11371301,0,0,0
373100903,1,1,20131174,11371301,0,0,0
373100903,1,2,20091161,11371301,0,0,0
373100903,1,3,30081323,11371301,0,0,0
373100903,2,1,20171181,11372301,0,0,0
373100903,2,2,20091161,11371301,0,0,0
373101001,1,1,20131328,11371301,0,0,0
373101001,1,2,20101164,11371301,0,0,0
373101001,1,3,30081117,11371301,0,0,0
373101002,1,1,20131328,11371301,0,0,0
373101002,1,2,20051330,11371301,0,0,0
373101002,1,3,20131292,11371301,0,0,0
373101003,1,1,20131328,11371301,0,0,0
373101003,1,2,20111188,11371301,0,0,0
373101003,1,3,20091360,11371301,0,0,0
373101003,2,1,20131328,11371301,0,0,0
373101003,2,2,20171297,11372301,0,0,0
373101201,1,1,20101286,11371301,0,0,0
373101201,1,2,20191271,11371301,0,0,0
373101201,1,3,20131175,11371301,0,0,0
373101202,1,1,20101286,11371301,0,0,0
373101202,1,2,20161354,11371301,0,0,0
373101202,1,3,20061279,11371301,0,0,0
373101203,1,1,20101286,11371301,0,0,0
373101203,1,2,20191338,11371301,0,0,0
373101203,1,3,20031198,11371301,0,0,0
373101203,2,1,20101286,11371301,0,0,0
373101203,2,2,20301267,11372301,0,0,0
373101301,1,1,20091268,11371301,0,0,0
373101301,1,2,20181239,11371301,0,0,0
373101301,1,3,20301328,11371301,0,0,0
373101302,1,1,20091268,11371301,0,0,0
373101302,1,2,20321113,11371301,0,0,0
373101302,1,3,30011202,11371301,0,0,0
373101302,2,1,20091268,11371301,0,0,0
373101302,2,2,20301329,11372301,0,0,0
373101303,1,1,20191169,11373601,1,1,0
381100201,1,1,30041211,11381101,0,0,0
381100201,1,2,20171189,11381101,0,0,0
381100201,1,3,20131179,11381101,0,0,0
381100202,1,1,30041211,11381101,0,0,0
381100202,1,2,30011326,11381101,0,0,0
381100202,1,3,20101294,11381101,0,0,0
381100203,1,1,30041211,11381101,0,0,0
381100203,1,2,20191343,11381101,0,0,0
381100203,1,3,20291127,11381101,0,0,0
381100203,2,1,30041211,11381101,0,0,0
381100203,2,2,20321217,11382101,0,0,0
381100301,1,1,20181144,11381101,0,0,0
381100301,1,2,20191177,11381101,0,0,0
381100301,1,3,20021296,11381101,0,0,0
381100302,1,1,20181144,11381101,0,0,0
381100302,1,2,10321399,11381101,0,0,0
381100302,1,3,30031226,11381101,0,0,0
381100303,1,1,20181144,11381101,0,0,0
381100303,1,2,20301144,11381101,0,0,0
381100303,1,3,30051107,11381101,0,0,0
381100303,2,1,20181144,11381101,0,0,0
381100303,2,2,20321116,11382101,0,0,0
381100601,1,1,20091361,11381101,0,0,0
381100601,1,2,20031200,11381101,0,0,0
381100601,1,3,20051331,11381101,0,0,0
381100602,1,1,20111191,11381101,0,0,0
381100602,1,2,20031200,11381101,0,0,0
381100602,1,3,30051203,11381101,0,0,0
381100603,1,1,20151292,11381101,0,0,0
381100603,1,2,20031200,11381101,0,0,0
381100603,1,3,30041115,11381101,0,0,0
381100603,2,1,30161116,11382101,0,0,0
381100603,2,2,20031200,11381101,0,0,0
381100701,1,1,20041393,11381101,0,0,0
381100701,1,2,20291128,11381101,0,0,0
381100701,1,3,20021297,11381101,0,0,0
381100702,1,1,20041393,11381101,0,0,0
381100702,1,2,30011209,11381101,0,0,0
381100702,1,3,30161117,11381101,0,0,0
381100703,1,1,20041393,11381101,0,0,0
381100703,1,2,20131180,11381101,0,0,0
381100703,1,3,20041394,11381101,0,0,0
381100703,2,1,20041393,11381101,0,0,0
381100703,2,2,30111203,11382101,0,0,0
381101001,1,1,20171190,11381101,0,0,0
381101001,1,2,20161285,11381101,0,0,0
381101001,1,3,30051108,11381101,0,0,0
381101002,1,1,20171361,11381101,0,0,0
381101002,1,2,20161285,11381101,0,0,0
381101002,1,3,20301274,11381101,0,0,0
381101003,1,1,30041212,11381101,0,0,0
381101003,1,2,20161285,11381101,0,0,0
381101003,1,3,30051109,11381101,0,0,0
381101003,2,1,30141104,11382101,0,0,0
381101003,2,2,20161285,11381101,0,0,0
381101101,1,1,20131330,11381101,0,0,0
381101101,1,2,30061133,11381101,0,0,0
381101101,1,3,20101166,11381101,0,0,0
381101102,1,1,20131330,11381101,0,0,0
381101102,1,2,20171191,11381101,0,0,0
381101102,1,3,20141299,11381101,0,0,0
381101103,1,1,20131330,11381101,0,0,0
381101103,1,2,20071381,11381101,0,0,0
381101103,1,3,30011108,11381101,0,0,0
381101103,2,1,20131330,11381101,0,0,0
381101103,2,2,20161357,11382101,0,0,0
381101401,1,1,20031393,11381101,0,0,0
381101401,1,2,20301333,11381101,0,0,0
381101401,1,3,20121292,11381101,0,0,0
381101402,1,1,30081329,11381101,0,0,0
381101402,1,2,20301333,11381101,0,0,0
381101402,1,3,20161286,11381101,0,0,0
381101403,1,1,20321117,11381101,0,0,0
381101403,1,2,20301333,11381101,0,0,0
381101403,1,3,30081330,11381101,0,0,0
381101403,2,1,20301275,11382101,0,0,0
381101403,2,2,20301333,11381101,0,0,0
381101501,1,1,20101295,11381101,0,0,0
381101501,1,2,30061301,11381101,0,0,0
381101501,1,3,20161358,11381101,0,0,0
381101502,1,1,20101295,11381101,0,0,0
381101502,1,2,20171299,11381101,0,0,0
381101502,1,3,20141358,11381101,0,0,0
381101502,2,1,20101295,11381101,0,0,0
381101502,2,2,30081232,11382101,0,0,0
381101503,1,1,20191344,11383401,1,1,0
382100201,1,1,20151293,11381201,0,0,0
382100201,1,2,30051204,11381201,0,0,0
382100201,1,3,20111373,11381201,0,0,0
382100202,1,1,20021298,11381201,0,0,0
382100202,1,2,30051204,11381201,0,0,0
382100202,1,3,20181361,11381201,0,0,0
382100203,1,1,30021117,11381201,0,0,0
382100203,1,2,30051204,11381201,0,0,0
382100203,1,3,20191274,11381201,0,0,0
382100203,2,1,20141351,11382201,0,0,0
382100203,2,2,30051204,11381201,0,0,0
382100401,1,1,30111204,11381201,0,0,0
382100401,1,2,30141201,11381201,0,0,0
382100401,1,3,30041116,11381201,0,0,0
382100402,1,1,30111204,11381201,0,0,0
382100402,1,2,30061134,11381201,0,0,0
382100402,1,3,20191275,11381201,0,0,0
382100403,1,1,30111204,11381201,0,0,0
382100403,1,2,20061289,11381201,0,0,0
382100403,1,3,20181245,11381201,0,0,0
382100403,2,1,30111204,11381201,0,0,0
382100403,2,2,30081233,11382201,0,0,0
382100601,1,1,30041117,11381201,0,0,0
382100601,1,2,20101383,11381201,0,0,0
382100601,1,3,20151159,11381201,0,0,0
382100602,1,1,20071382,11381201,0,0,0
382100602,1,2,20101383,11381201,0,0,0
382100602,1,3,30011210,11381201,0,0,0
382100603,1,1,20101296,11381201,0,0,0
382100603,1,2,20101383,11381201,0,0,0
382100603,1,3,20061290,11381201,0,0,0
382100603,2,1,20321218,11382201,0,0,0
382100603,2,2,20101383,11381201,0,0,0
382100801,1,1,20131331,11381201,0,0,0
382100801,1,2,20171300,11381201,0,0,0
382100801,1,3,20051332,11381201,0,0,0
382100802,1,1,20131331,11381201,0,0,0
382100802,1,2,30061302,11381201,0,0,0
382100802,1,3,20181145,11381201,0,0,0
382100803,1,1,20131331,11381201,0,0,0
382100803,1,2,30071161,11381201,0,0,0
382100803,1,3,20121293,11381201,0,0,0
382100803,2,1,20131331,11381201,0,0,0
382100803,2,2,20151160,11382201,0,0,0
382101001,1,1,20181246,11381201,0,0,0
382101001,1,2,20121294,11381201,0,0,0
382101001,1,3,30141105,11381201,0,0,0
382101002,1,1,30071212,11381201,0,0,0
382101002,1,2,20121294,11381201,0,0,0
382101002,1,3,20091362,11381201,0,0,0
382101003,1,1,30021118,11381201,0,0,0
382101003,1,2,20121294,11381201,0,0,0
382101003,1,3,20141352,11381201,0,0,0
382101003,2,1,20321118,11382201,0,0,0
382101003,2,2,20121294,11381201,0,0,0
382101201,1,1,20101167,11381201,0,0,0
382101201,1,2,30031227,11381201,0,0,0
382101201,1,3,20291241,11381201,0,0,0
382101202,1,1,20101167,11381201,0,0,0
382101202,1,2,20101384,11381201,0,0,0
382101202,1,3,20021372,11381201,0,0,0
382101203,1,1,20101167,11381201,0,0,0
382101203,1,2,30031237,11381201,0,0,0
382101203,1,3,30081234,11381201,0,0,0
382101203,2,1,20101167,11381201,0,0,0
382101203,2,2,20321301,11382201,0,0,0
382101401,1,1,30011109,11381201,0,0,0
382101401,1,2,30031228,11381201,0,0,0
382101401,1,3,20181362,11381201,0,0,0
382101402,1,1,20321119,11381201,0,0,0
382101402,1,2,30031228,11381201,0,0,0
382101402,1,3,20291242,11381201,0,0,0
382101403,1,1,20091171,11381201,0,0,0
382101403,1,2,30031228,11381201,0,0,0
382101403,1,3,20111192,11381201,0,0,0
382101403,2,1,30071213,11382201,0,0,0
382101403,2,2,30031228,11381201,0,0,0
382101601,1,1,30061135,11381201,0,0,0
382101601,1,2,20091270,11381201,0,0,0
382101601,1,3,30161118,11381201,0,0,0
382101602,1,1,20321302,11381201,0,0,0
382101602,1,2,20091270,11381201,0,0,0
382101602,1,3,20291351,11381201,0,0,0
382101603,1,1,30151322,11381201,0,0,0
382101603,1,2,20091270,11381201,0,0,0
382101603,1,3,20191178,11381201,0,0,0
382101603,2,1,20141353,11382201,0,0,0
382101603,2,2,20091270,11381201,0,0,0
382101901,1,1,20071383,11381201,0,0,0
382101901,1,2,20301145,11381201,0,0,0
382101901,1,3,20131296,11381201,0,0,0
382101902,1,1,20071383,11381201,0,0,0
382101902,1,2,30081121,11381201,0,0,0
382101902,1,3,30141106,11381201,0,0,0
382101902,2,1,20071383,11381201,0,0,0
382101902,2,2,20121195,11382201,0,0,0
382101903,1,1,20291352,11383501,1,1,0
383100201,1,1,20131297,11381301,0,0,0
383100201,1,2,20161287,11381301,0,0,0
383100201,1,3,30071214,11381301,0,0,0
383100202,1,1,20041395,11381301,0,0,0
383100202,1,2,20161287,11381301,0,0,0
383100202,1,3,30031238,11381301,0,0,0
383100203,1,1,30011110,11381301,0,0,0
383100203,1,2,20161287,11381301,0,0,0
383100203,1,3,20121363,11381301,0,0,0
383100203,2,1,20321219,11382301,0,0,0
383100203,2,2,20161287,11381301,0,0,0
383100401,1,1,20111374,11381301,0,0,0
383100401,1,2,30061303,11381301,0,0,0
383100401,1,3,20131298,11381301,0,0,0
383100402,1,1,20111374,11381301,0,0,0
383100402,1,2,20191179,11381301,0,0,0
383100402,1,3,30081122,11381301,0,0,0
383100403,1,1,20111374,11381301,0,0,0
383100403,1,2,20291129,11381301,0,0,0
383100403,1,3,20131181,11381301,0,0,0
383100403,2,1,20111374,11381301,0,0,0
383100403,2,2,20301334,11382301,0,0,0
383100601,1,1,20321120,11381301,0,0,0
383100601,1,2,30071162,11381301,0,0,0
383100601,1,3,30021119,11381301,0,0,0
383100602,1,1,20061291,11381301,0,0,0
383100602,1,2,30071162,11381301,0,0,0
383100602,1,3,20301335,11381301,0,0,0
383100603,1,1,20091172,11381301,0,0,0
383100603,1,2,30071162,11381301,0,0,0
383100603,1,3,20291353,11381301,0,0,0
383100603,2,1,20301146,11382301,0,0,0
383100603,2,2,30071162,11381301,0,0,0
383100901,1,1,20121196,11381301,0,0,0
383100901,1,2,20191276,11381301,0,0,0
383100901,1,3,20191345,11381301,0,0,0
383100902,1,1,20121196,11381301,0,0,0
383100902,1,2,20121364,11381301,0,0,0
383100902,1,3,30071163,11381301,0,0,0
383100903,1,1,20121196,11381301,0,0,0
383100903,1,2,30081331,11381301,0,0,0
383100903,1,3,20091271,11381301,0,0,0
383100903,2,1,20121196,11381301,0,0,0
383100903,2,2,30151323,11382301,0,0,0
383101101,1,1,30081123,11381301,0,0,0
383101101,1,2,30011327,11381301,0,0,0
383101101,1,3,20131332,11381301,0,0,0
383101102,1,1,20101385,11381301,0,0,0
383101102,1,2,30011327,11381301,0,0,0
383101102,1,3,20101168,11381301,0,0,0
383101103,1,1,20031394,11381301,0,0,0
383101103,1,2,30011327,11381301,0,0,0
383101103,1,3,20121197,11381301,0,0,0
383101103,2,1,20151294,11382301,0,0,0
383101103,2,2,30011327,11381301,0,0,0
383101301,1,1,30011211,11381301,0,0,0
383101301,1,2,20021373,11381301,0,0,0
383101301,1,3,20291243,11381301,0,0,0
383101302,1,1,30011211,11381301,0,0,0
383101302,1,2,30011328,11381301,0,0,0
383101302,1,3,20091173,11381301,0,0,0
383101303,1,1,30011211,11381301,0,0,0
383101303,1,2,30111205,11381301,0,0,0
383101303,1,3,20111375,11381301,0,0,0
383101303,2,1,30011211,11381301,0,0,0
383101303,2,2,20111193,11382301,0,0,0
383101401,1,1,20021374,11381301,0,0,0
383101401,1,2,20161359,11381301,0,0,0
383101401,1,3,20051333,11381301,0,0,0
383101402,1,1,20181146,11381301,0,0,0
383101402,1,2,20161359,11381301,0,0,0
383101402,1,3,20031395,11381301,0,0,0
383101403,1,1,20181247,11381301,0,0,0
383101403,1,2,20161359,11381301,0,0,0
383101403,1,3,20171362,11381301,0,0,0
383101403,2,1,20301276,11382301,0,0,0
383101403,2,2,20161359,11381301,0,0,0
383101601,1,1,20091363,11381301,0,0,0
383101601,1,2,30041213,11381301,0,0,0
383101601,1,3,30171201,11381301,0,0,0
383101602,1,1,20091363,11381301,0,0,0
383101602,1,2,20171363,11381301,0,0,0
383101602,1,3,20151161,11381301,0,0,0
383101602,2,1,20091363,11381301,0,0,0
383101602,2,2,30151324,11382301,0,0,0
383101603,1,1,10311299,11383601,1,1,0
391100301,1,1,20031396,11391101,0,0,0
391100301,1,2,30161119,11391101,0,0,0
391100301,1,3,20121365,11391101,0,0,0
391100302,1,1,20031396,11391101,0,0,0
391100302,1,2,20291130,11391101,0,0,0
391100302,1,3,30061136,11391101,0,0,0
391100303,1,1,20031396,11391101,0,0,0
391100303,1,2,30151325,11391101,0,0,0
391100303,1,3,30141202,11391101,0,0,0
391100303,2,1,20031396,11391101,0,0,0
391100303,2,2,20301336,11392101,0,0,0
391100401,1,1,30141107,11391101,0,0,0
391100401,1,2,20091272,11391101,0,0,0
391100401,1,3,20151295,11391101,0,0,0
391100402,1,1,30141107,11391101,0,0,0
391100402,1,2,20151162,11391101,0,0,0
391100402,1,3,20181248,11391101,0,0,0
391100403,1,1,30141107,11391101,0,0,0
391100403,1,2,30051205,11391101,0,0,0
391100403,1,3,20181363,11391101,0,0,0
391100403,2,1,30141107,11391101,0,0,0
391100403,2,2,20161288,11392101,0,0,0
391100701,1,1,20051334,11391101,0,0,0
391100701,1,2,20121295,11391101,0,0,0
391100701,1,3,20121296,11391101,0,0,0
391100702,1,1,30071215,11391101,0,0,0
391100702,1,2,20121295,11391101,0,0,0
391100702,1,3,20181364,11391101,0,0,0
391100703,1,1,20131299,11391101,0,0,0
391100703,1,2,20121295,11391101,0,0,0
391100703,1,3,30051110,11391101,0,0,0
391100703,2,1,20301337,11392101,0,0,0
391100703,2,2,20121295,11391101,0,0,0
391100801,1,1,20101169,11391101,0,0,0
391100801,1,2,30011329,11391101,0,0,0
391100801,1,3,20061292,11391101,0,0,0
391100802,1,1,20101169,11391101,0,0,0
391100802,1,2,20181147,11391101,0,0,0
391100802,1,3,20321220,11391101,0,0,0
391100803,1,1,20101169,11391101,0,0,0
391100803,1,2,20091364,11391101,0,0,0
391100803,1,3,20291244,11391101,0,0,0
391100803,2,1,20101169,11391101,0,0,0
391100803,2,2,20321221,11392101,0,0,0
391101001,1,1,20291354,11391101,0,0,0
391101001,1,2,20131182,11391101,0,0,0
391101001,1,3,20111376,11391101,0,0,0
391101002,1,1,30051206,11391101,0,0,0
391101002,1,2,20131182,11391101,0,0,0
391101002,1,3,30051207,11391101,0,0,0
391101003,1,1,30141108,11391101,0,0,0
391101003,1,2,20131182,11391101,0,0,0
391101003,1,3,30061304,11391101,0,0,0
391101003,2,1,20301277,11392101,0,0,0
391101003,2,2,20131182,11391101,0,0,0
391101101,1,1,20021299,11391101,0,0,0
391101101,1,2,20131333,11391101,0,0,0
391101101,1,3,20091365,11391101,0,0,0
391101102,1,1,20021299,11391101,0,0,0
391101102,1,2,20031397,11391101,0,0,0
391101102,1,3,20191346,11391101,0,0,0
391101103,1,1,20021299,11391101,0,0,0
391101103,1,2,20071384,11391101,0,0,0
391101103,1,3,20141354,11391101,0,0,0
391101103,2,1,20021299,11391101,0,0,0
391101103,2,2,20301278,11392101,0,0,0
391101401,1,1,30141203,11391101,0,0,0
391101401,1,2,20021375,11391101,0,0,0
391101401,1,3,30141204,11391101,0,0,0
391101402,1,1,20051335,11391101,0,0,0
391101402,1,2,20021375,11391101,0,0,0
391101402,1,3,20301338,11391101,0,0,0
391101403,1,1,30041118,11391101,0,0,0
391101403,1,2,20021375,11391101,0,0,0
391101403,1,3,30111206,11391101,0,0,0
391101403,2,1,20321222,11392101,0,0,0
391101403,2,2,20021375,11391101,0,0,0
391101501,1,1,30021120,11391101,0,0,0
391101501,1,2,20051336,11391101,0,0,0
391101501,1,3,20111377,11391101,0,0,0
391101502,1,1,30021120,11391101,0,0,0
391101502,1,2,20141355,11391101,0,0,0
391101502,1,3,20131334,11391101,0,0,0
391101502,2,1,30021120,11391101,0,0,0
391101502,2,2,20301147,11392101,0,0,0
391101503,1,1,20291355,11393401,1,1,0
392100301,1,1,20101170,11391201,0,0,0
392100301,1,2,20091273,11391201,0,0,0
392100301,1,3,30031103,11391201,0,0,0
392100302,1,1,20291131,11391201,0,0,0
392100302,1,2,20091273,11391201,0,0,0
392100302,1,3,20101297,11391201,0,0,0
392100303,1,1,30041214,11391201,0,0,0
392100303,1,2,20091273,11391201,0,0,0
392100303,1,3,20181249,11391201,0,0,0
392100303,2,1,20151296,11392201,0,0,0
392100303,2,2,20091273,11391201,0,0,0
392100401,1,1,20091174,11391201,0,0,0
392100401,1,2,30011330,11391201,0,0,0
392100401,1,3,30061305,11391201,0,0,0
392100402,1,1,20091174,11391201,0,0,0
392100402,1,2,20121198,11391201,0,0,0
392100402,1,3,30041119,11391201,0,0,0
392100403,1,1,20091174,11391201,0,0,0
392100403,1,2,20101298,11391201,0,0,0
392100403,1,3,20171364,11391201,0,0,0
392100403,2,1,20091174,11391201,0,0,0
392100403,2,2,30081332,11392201,0,0,0
392100701,1,1,20101386,11391201,0,0,0
392100701,1,2,30031229,11391201,0,0,0
392100701,1,3,30011212,11391201,0,0,0
392100702,1,1,30171202,11391201,0,0,0
392100702,1,2,30031229,11391201,0,0,0
392100702,1,3,20121366,11391201,0,0,0
392100703,1,1,30061306,11391201,0,0,0
392100703,1,2,30031229,11391201,0,0,0
392100703,1,3,20301339,11391201,0,0,0
392100703,2,1,30161120,11392201,0,0,0
392100703,2,2,30031229,11391201,0,0,0
392100801,1,1,20131300,11391201,0,0,0
392100801,1,2,30081235,11391201,0,0,0
392100801,1,3,20171365,11391201,0,0,0
392100802,1,1,20131300,11391201,0,0,0
392100802,1,2,20021376,11391201,0,0,0
392100802,1,3,20181148,11391201,0,0,0
392100803,1,1,20131300,11391201,0,0,0
392100803,1,2,20291245,11391201,0,0,0
392100803,1,3,20041396,11391201,0,0,0
392100803,2,1,20131300,11391201,0,0,0
392100803,2,2,20321303,11392201,0,0,0
392101001,1,1,20191277,11391201,0,0,0
392101001,1,2,30021121,11391201,0,0,0
392101001,1,3,30031101,11391201,0,0,0
392101002,1,1,20321223,11391201,0,0,0
392101002,1,2,30021121,11391201,0,0,0
392101002,1,3,20061293,11391201,0,0,0
392101003,1,1,20021300,11391201,0,0,0
392101003,1,2,30021121,11391201,0,0,0
392101003,1,3,20111194,11391201,0,0,0
392101003,2,1,20321121,11392201,0,0,0
392101003,2,2,30021121,11391201,0,0,0
392101201,1,1,20101171,11391201,0,0,0
392101201,1,2,30041215,11391201,0,0,0
392101201,1,3,30031230,11391201,0,0,0
392101202,1,1,20101171,11391201,0,0,0
392101202,1,2,20111195,11391201,0,0,0
392101202,1,3,20191180,11391201,0,0,0
392101203,1,1,20101171,11391201,0,0,0
392101203,1,2,20191278,11391201,0,0,0
392101203,1,3,20111196,11391201,0,0,0
392101203,2,1,20101171,11391201,0,0,0
392101203,2,2,30111207,11392201,0,0,0
392101401,1,1,20091175,11391201,0,0,0
392101401,1,2,30071164,11391201,0,0,0
392101401,1,3,30081333,11391201,0,0,0
392101402,1,1,30131201,11391201,0,0,0
392101402,1,2,30071164,11391201,0,0,0
392101402,1,3,30031231,11391201,0,0,0
392101403,1,1,30071216,11391201,0,0,0
392101403,1,2,30071164,11391201,0,0,0
392101403,1,3,20121297,11391201,0,0,0
392101403,2,1,20131183,11392201,0,0,0
392101403,2,2,30071164,11391201,0,0,0
392101501,1,1,20031398,11391201,0,0,0
392101501,1,2,20301279,11391201,0,0,0
392101501,1,3,30031102,11391201,0,0,0
392101502,1,1,20031398,11391201,0,0,0
392101502,1,2,20291132,11391201,0,0,0
392101502,1,3,20091366,11391201,0,0,0
392101503,1,1,20031398,11391201,0,0,0
392101503,1,2,30081124,11391201,0,0,0
392101503,1,3,20161360,11391201,0,0,0
392101503,2,1,20031398,11391201,0,0,0
392101503,2,2,20321304,11392201,0,0,0
392101701,1,1,20161289,11391201,0,0,0
392101701,1,2,30051111,11391201,0,0,0
392101701,1,3,20041397,11391201,0,0,0
392101702,1,1,20161289,11391201,0,0,0
392101702,1,2,20181250,11391201,0,0,0
392101702,1,3,20071385,11391201,0,0,0
392101702,2,1,20161289,11391201,0,0,0
392101702,2,2,20321224,11392201,0,0,0
392101703,1,1,20191279,11393501,1,1,0
393100301,1,1,20321305,11391301,0,0,0
393100301,1,2,30061137,11391301,0,0,0
393100301,1,3,20191347,11391301,0,0,0
393100302,1,1,30011213,11391301,0,0,0
393100302,1,2,30061137,11391301,0,0,0
393100302,1,3,20121199,11391301,0,0,0
393100303,1,1,20101387,11391301,0,0,0
393100303,1,2,30061137,11391301,0,0,0
393100303,1,3,20141356,11391301,0,0,0
393100303,2,1,30141109,11392301,0,0,0
393100303,2,2,30061137,11391301,0,0,0
393100401,1,1,30011331,11391301,0,0,0
393100401,1,2,30161121,11391301,0,0,0
393100401,1,3,30051112,11391301,0,0,0
393100402,1,1,30011331,11391301,0,0,0
393100402,1,2,30011111,11391301,0,0,0
393100402,1,3,20161361,11391301,0,0,0
393100403,1,1,30011331,11391301,0,0,0
393100403,1,2,20151163,11391301,0,0,0
393100403,1,3,20041398,11391301,0,0,0
393100403,2,1,30011331,11391301,0,0,0
393100403,2,2,20161362,11392301,0,0,0
393100601,1,1,20151164,11391301,0,0,0
393100601,1,2,20191348,11391301,0,0,0
393100601,1,3,30011214,11391301,0,0,0
393100602,1,1,20151164,11391301,0,0,0
393100602,1,2,30081334,11391301,0,0,0
393100602,1,3,20291356,11391301,0,0,0
393100603,1,1,20151164,11391301,0,0,0
393100603,1,2,30061138,11391301,0,0,0
393100603,1,3,20321122,11391301,0,0,0
393100603,2,1,20151164,11391301,0,0,0
393100603,2,2,20301340,11392301,0,0,0
393100701,1,1,20181365,11391301,0,0,0
393100701,1,2,30041216,11391301,0,0,0
393100701,1,3,20161290,11391301,0,0,0
393100702,1,1,30151326,11391301,0,0,0
393100702,1,2,30041216,11391301,0,0,0
393100702,1,3,20151297,11391301,0,0,0
393100703,1,1,20071386,11391301,0,0,0
393100703,1,2,30041216,11391301,0,0,0
393100703,1,3,20191181,11391301,0,0,0
393100703,2,1,20301148,11392301,0,0,0
393100703,2,2,30041216,11391301,0,0,0
393100901,1,1,20121200,11391301,0,0,0
393100901,1,2,20091176,11391301,0,0,0
393100901,1,3,30081236,11391301,0,0,0
393100902,1,1,30171203,11391301,0,0,0
393100902,1,2,20091176,11391301,0,0,0
393100902,1,3,20061294,11391301,0,0,0
393100903,1,1,20131184,11391301,0,0,0
393100903,1,2,20091176,11391301,0,0,0
393100903,1,3,30071165,11391301,0,0,0
393100903,2,1,20301149,11392301,0,0,0
393100903,2,2,20091176,11391301,0,0,0
393101001,1,1,30011112,11391301,0,0,0
393101001,1,2,30041120,11391301,0,0,0
393101001,1,3,20181149,11391301,0,0,0
393101002,1,1,30011112,11391301,0,0,0
393101002,1,2,30171204,11391301,0,0,0
393101002,1,3,30021201,11391301,0,0,0
393101003,1,1,30011112,11391301,0,0,0
393101003,1,2,20101388,11391301,0,0,0
393101003,1,3,30021122,11391301,0,0,0
393101003,2,1,30011112,11391301,0,0,0
393101003,2,2,20321225,11392301,0,0,0
393101201,1,1,20171366,11391301,0,0,0
393101201,1,2,30071217,11391301,0,0,0
393101201,1,3,30011113,11391301,0,0,0
393101202,1,1,20021377,11391301,0,0,0
393101202,1,2,30071217,11391301,0,0,0
393101202,1,3,20121367,11391301,0,0,0
393101203,1,1,20131335,11391301,0,0,0
393101203,1,2,30071217,11391301,0,0,0
393101203,1,3,30081125,11391301,0,0,0
393101203,2,1,20321123,11392301,0,0,0
393101203,2,2,30071217,11391301,0,0,0
393101401,1,1,20091274,11391301,0,0,0
393101401,1,2,20101299,11391301,0,0,0
393101401,1,3,30071166,11391301,0,0,0
393101402,1,1,20091274,11391301,0,0,0
393101402,1,2,30111208,11391301,0,0,0
393101402,1,3,20111378,11391301,0,0,0
393101402,2,1,20091274,11391301,0,0,0
393101402,2,2,30151327,11392301,0,0,0
393101403,1,1,10311345,11393601,1,1,0
401100201,1,1,30161129,11401101,0,0,0
401100201,1,2,20091280,11401101,0,0,0
401100201,1,3,20181368,11401101,0,0,0
401100202,1,1,30061320,11401101,0,0,0
401100202,1,2,20091280,11401101,0,0,0
401100202,1,3,20191189,11401101,0,0,0
401100203,1,1,30141211,11401101,0,0,0
401100203,1,2,20091280,11401101,0,0,0
401100203,1,3,20301156,11401101,0,0,0
401100203,2,1,20161379,11402101,0,0,0
401100203,2,2,20091280,11401101,0,0,0
401100401,1,1,30051114,11401101,0,0,0
401100401,1,2,20181369,11401101,0,0,0
401100401,1,3,30121104,11401101,0,0,0
401100402,1,1,30051114,11401101,0,0,0
401100402,1,2,20191356,11401101,0,0,0
401100402,1,3,20131341,11401101,0,0,0
401100403,1,1,30051114,11401101,0,0,0
401100403,1,2,20101398,11401101,0,0,0
401100403,1,3,20291251,11401101,0,0,0
401100403,2,1,30051114,11401101,0,0,0
401100403,2,2,20161294,11402101,0,0,0
401100701,1,1,20051339,11401101,0,0,0
401100701,1,2,20091375,11401101,0,0,0
401100701,1,3,30041305,11401101,0,0,0
401100702,1,1,30041122,11401101,0,0,0
401100702,1,2,20091375,11401101,0,0,0
401100702,1,3,20101177,11401101,0,0,0
401100703,1,1,30051115,11401101,0,0,0
401100703,1,2,20091375,11401101,0,0,0
401100703,1,3,20171368,11401101,0,0,0
401100703,2,1,20061299,11402101,0,0,0
401100703,2,2,20091375,11401101,0,0,0
401100801,1,1,30041221,11401101,0,0,0
401100801,1,2,20191357,11401101,0,0,0
401100801,1,3,20321129,11401101,0,0,0
401100802,1,1,30041221,11401101,0,0,0
401100802,1,2,20021385,11401101,0,0,0
401100802,1,3,20291143,11401101,0,0,0
401100803,1,1,30041221,11401101,0,0,0
401100803,1,2,20161295,11401101,0,0,0
401100803,1,3,30031304,11401101,0,0,0
401100803,2,1,30041221,11401101,0,0,0
401100803,2,2,30141113,11402101,0,0,0
401101001,1,1,20091178,11401101,0,0,0
401101001,1,2,30011219,11401101,0,0,0
401101001,1,3,30111215,11401101,0,0,0
401101002,1,1,30131205,11401101,0,0,0
401101002,1,2,30011219,11401101,0,0,0
401101002,1,3,20191190,11401101,0,0,0
401101003,1,1,20141365,11401101,0,0,0
401101003,1,2,30011219,11401101,0,0,0
401101003,1,3,20301291,11401101,0,0,0
401101003,2,1,30151330,11402101,0,0,0
401101003,2,2,30011219,11401101,0,0,0
401101101,1,1,30081247,11401101,0,0,0
401101101,1,2,30101201,11401101,0,0,0
401101101,1,3,30151202,11401101,0,0,0
401101102,1,1,30081247,11401101,0,0,0
401101102,1,2,30121201,11401101,0,0,0
401101102,1,3,30021207,11401101,0,0,0
401101103,1,1,30081247,11401101,0,0,0
401101103,1,2,20291252,11401101,0,0,0
401101103,1,3,30141114,11401101,0,0,0
401101103,2,1,30081247,11401101,0,0,0
401101103,2,2,20321231,11402101,0,0,0
401101301,1,1,20191290,11401101,0,0,0
401101301,1,2,20091376,11401101,0,0,0
401101301,1,3,20091281,11401101,0,0,0
401101302,1,1,30021123,11401101,0,0,0
401101302,1,2,20091376,11401101,0,0,0
401101302,1,3,30121105,11401101,0,0,0
401101303,1,1,30041306,11401101,0,0,0
401101303,1,2,20091376,11401101,0,0,0
401101303,1,3,20131342,11401101,0,0,0
401101303,2,1,20131343,11402101,0,0,0
401101303,2,2,20091376,11401101,0,0,0
401101501,1,1,30021208,11401101,0,0,0
401101501,1,2,30031305,11401101,0,0,0
401101501,1,3,20101399,11401101,0,0,0
401101502,1,1,30021208,11401101,0,0,0
401101502,1,2,20091377,11401101,0,0,0
401101502,1,3,30031104,11401101,0,0,0
401101502,2,1,30021208,11401101,0,0,0
401101502,2,2,20321310,11402101,0,0,0
401101503,1,1,20181257,11403401,1,1,0
402100201,1,1,30041307,11401201,0,0,0
402100201,1,2,20121368,11401201,0,0,0
402100201,1,3,20021386,11401201,0,0,0
402100202,1,1,30041307,11401201,0,0,0
402100202,1,2,20171369,11401201,0,0,0
402100202,1,3,30031246,11401201,0,0,0
402100203,1,1,30041307,11401201,0,0,0
402100203,1,2,20101178,11401201,0,0,0
402100203,1,3,20091282,11401201,0,0,0
402100203,2,1,30041307,11401201,0,0,0
402100203,2,2,30081248,11402201,0,0,0
402100401,1,1,30161130,11401201,0,0,0
402100401,1,2,30111216,11401201,0,0,0
402100401,1,3,30031306,11401201,0,0,0
402100402,1,1,20051340,11401201,0,0,0
402100402,1,2,30111216,11401201,0,0,0
402100402,1,3,20301157,11401201,0,0,0
402100403,1,1,20301292,11401201,0,0,0
402100403,1,2,30111216,11401201,0,0,0
402100403,1,3,20021387,11401201,0,0,0
402100403,2,1,20321232,11402201,0,0,0
402100403,2,2,30111216,11401201,0,0,0
402100601,1,1,30051208,11401201,0,0,0
402100601,1,2,30071226,11401201,0,0,0
402100601,1,3,20131189,11401201,0,0,0
402100602,1,1,30051208,11401201,0,0,0
402100602,1,2,20091179,11401201,0,0,0
402100602,1,3,20111198,11401201,0,0,0
402100603,1,1,30051208,11401201,0,0,0
402100603,1,2,30161131,11401201,0,0,0
402100603,1,3,30081131,11401201,0,0,0
402100603,2,1,30051208,11401201,0,0,0
402100603,2,2,20151174,11402201,0,0,0
402100801,1,1,30011337,11401201,0,0,0
402100801,1,2,20181150,11401201,0,0,0
402100801,1,3,20291365,11401201,0,0,0
402100802,1,1,20111380,11401201,0,0,0
402100802,1,2,20181150,11401201,0,0,0
402100802,1,3,20091180,11401201,0,0,0
402100803,1,1,30061321,11401201,0,0,0
402100803,1,2,20181150,11401201,0,0,0
402100803,1,3,20291144,11401201,0,0,0
402100803,2,1,20161296,11402201,0,0,0
402100803,2,2,20181150,11401201,0,0,0
402101001,1,1,30041222,11401201,0,0,0
402101001,1,2,30141212,11401201,0,0,0
402101001,1,3,30071227,11401201,0,0,0
402101002,1,1,30041222,11401201,0,0,0
402101002,1,2,20321311,11401201,0,0,0
402101002,1,3,30011220,11401201,0,0,0
402101003,1,1,30041222,11401201,0,0,0
402101003,1,2,20141366,11401201,0,0,0
402101003,1,3,20171370,11401201,0,0,0
402101003,2,1,30041222,11401201,0,0,0
402101003,2,2,20301351,11402201,0,0,0
402101201,1,1,20191291,11401201,0,0,0
402101201,1,2,30081345,11401201,0,0,0
402101201,1,3,20181258,11401201,0,0,0
402101202,1,1,30111217,11401201,0,0,0
402101202,1,2,30081345,11401201,0,0,0
402101202,1,3,20071391,11401201,0,0,0
402101203,1,1,30151331,11401201,0,0,0
402101203,1,2,30081345,11401201,0,0,0
402101203,1,3,30081346,11401201,0,0,0
402101203,2,1,20161380,11402201,0,0,0
402101203,2,2,30081345,11401201,0,0,0
402101401,1,1,30031105,11401201,0,0,0
402101401,1,2,20181151,11401201,0,0,0
402101401,1,3,20051341,11401201,0,0,0
402101402,1,1,30031105,11401201,0,0,0
402101402,1,2,30131206,11401201,0,0,0
402101402,1,3,30021124,11401201,0,0,0
402101403,1,1,30031105,11401201,0,0,0
402101403,1,2,20181370,11401201,0,0,0
402101403,1,3,30171208,11401201,0,0,0
402101403,2,1,30031105,11401201,0,0,0
402101403,2,2,30151203,11402201,0,0,0
402101501,1,1,20181259,11401201,0,0,0
402101501,1,2,30041223,11401201,0,0,0
402101501,1,3,30051116,11401201,0,0,0
402101502,1,1,20121369,11401201,0,0,0
402101502,1,2,30041223,11401201,0,0,0
402101502,1,3,20101301,11401201,0,0,0
402101503,1,1,20101302,11401201,0,0,0
402101503,1,2,30041223,11401201,0,0,0
402101503,1,3,30081132,11401201,0,0,0
402101503,2,1,30141115,11402201,0,0,0
402101503,2,2,30041223,11401201,0,0,0
402101701,1,1,30021209,11401201,0,0,0
402101701,1,2,20101179,11401201,0,0,0
402101701,1,3,30061143,11401201,0,0,0
402101702,1,1,30021209,11401201,0,0,0
402101702,1,2,20111381,11401201,0,0,0
402101702,1,3,20161381,11401201,0,0,0
402101702,2,1,30021209,11401201,0,0,0
402101702,2,2,30071171,11402201,0,0,0
402101703,1,1,20291366,11403501,1,1,0
403100201,1,1,30121202,11401301,0,0,0
403100201,1,2,20061300,11401301,0,0,0
403100201,1,3,20301158,11401301,0,0,0
403100202,1,1,30121202,11401301,0,0,0
403100202,1,2,20291145,11401301,0,0,0
403100202,1,3,20321233,11401301,0,0,0
403100203,1,1,30121202,11401301,0,0,0
403100203,1,2,30081133,11401301,0,0,0
403100203,1,3,30071172,11401301,0,0,0
403100203,2,1,30121202,11401301,0,0,0
403100203,2,2,30141213,11402301,0,0,0
403100501,1,1,20321130,11401301,0,0,0
403100501,1,2,30011221,11401301,0,0,0
403100501,1,3,20171199,11401301,0,0,0
403100502,1,1,20151175,11401301,0,0,0
403100502,1,2,30011221,11401301,0,0,0
403100502,1,3,30021125,11401301,0,0,0
403100503,1,1,20131190,11401301,0,0,0
403100503,1,2,30011221,11401301,0,0,0
403100503,1,3,30121106,11401301,0,0,0
403100503,2,1,20301352,11402301,0,0,0
403100503,2,2,30011221,11401301,0,0,0
403100601,1,1,30131207,11401301,0,0,0
403100601,1,2,20061301,11401301,0,0,0
403100601,1,3,20101400,11401301,0,0,0
403100602,1,1,30131207,11401301,0,0,0
403100602,1,2,20111382,11401301,0,0,0
403100602,1,3,20191358,11401301,0,0,0
403100603,1,1,30131207,11401301,0,0,0
403100603,1,2,30081249,11401301,0,0,0
403100603,1,3,30041123,11401301,0,0,0
403100603,2,1,30131207,11401301,0,0,0
403100603,2,2,20071392,11402301,0,0,0
403100801,1,1,30011338,11401301,0,0,0
403100801,1,2,30051209,11401301,0,0,0
403100801,1,3,20191191,11401301,0,0,0
403100802,1,1,30061322,11401301,0,0,0
403100802,1,2,30051209,11401301,0,0,0
403100802,1,3,30071173,11401301,0,0,0
403100803,1,1,30171209,11401301,0,0,0
403100803,1,2,30051209,11401301,0,0,0
403100803,1,3,30051210,11401301,0,0,0
403100803,2,1,20301293,11402301,0,0,0
403100803,2,2,30051209,11401301,0,0,0
403101001,1,1,20071393,11401301,0,0,0
403101001,1,2,30061144,11401301,0,0,0
403101001,1,3,30011114,11401301,0,0,0
403101002,1,1,20071393,11401301,0,0,0
403101002,1,2,30121203,11401301,0,0,0
403101002,1,3,20321131,11401301,0,0,0
403101003,1,1,20071393,11401301,0,0,0
403101003,1,2,20321312,11401301,0,0,0
403101003,1,3,20141367,11401301,0,0,0
403101003,2,1,20071393,11401301,0,0,0
403101003,2,2,30071228,11402301,0,0,0
403101101,1,1,20121370,11401301,0,0,0
403101101,1,2,30031106,11401301,0,0,0
403101101,1,3,30151204,11401301,0,0,0
403101102,1,1,20151176,11401301,0,0,0
403101102,1,2,30031106,11401301,0,0,0
403101102,1,3,30171210,11401301,0,0,0
403101103,1,1,30011339,11401301,0,0,0
403101103,1,2,30031106,11401301,0,0,0
403101103,1,3,20181152,11401301,0,0,0
403101103,2,1,30081347,11402301,0,0,0
403101103,2,2,30031106,11401301,0,0,0
403101301,1,1,30031247,11401301,0,0,0
403101301,1,2,30011115,11401301,0,0,0
403101301,1,3,20291367,11401301,0,0,0
403101302,1,1,30031247,11401301,0,0,0
403101302,1,2,30041124,11401301,0,0,0
403101302,1,3,30151332,11401301,0,0,0
403101303,1,1,30031247,11401301,0,0,0
403101303,1,2,30171101,11401301,0,0,0
403101303,1,3,20111199,11401301,0,0,0
403101303,2,1,30031247,11401301,0,0,0
403101303,2,2,20301353,11402301,0,0,0
403101501,1,1,30011116,11401301,0,0,0
403101501,1,2,20131191,11401301,0,0,0
403101501,1,3,30111101,11401301,0,0,0
403101502,1,1,30011116,11401301,0,0,0
403101502,1,2,20291253,11401301,0,0,0
403101502,1,3,20171201,11401301,0,0,0
403101502,2,1,30011116,11401301,0,0,0
403101502,2,2,30061145,11402301,0,0,0
403101503,1,1,20311206,11403601,1,1,0
411100201,1,1,30081348,604500101,0,0,0
411100201,1,2,30051211,11411101,0,0,0
411100201,1,3,20091181,11411101,0,0,0
411100202,1,1,20191359,11411101,0,0,0
411100202,1,2,30051211,11411101,0,0,0
411100202,1,3,30051117,11411101,0,0,0
411100203,1,1,30131208,11411101,0,0,0
411100203,1,2,30051211,11411101,0,0,0
411100203,1,3,30041125,11411101,0,0,0
411100203,2,1,30071174,11412101,0,0,0
411100203,2,2,30051211,11411101,0,0,0
411100401,1,1,30041224,11411101,0,0,0
411100401,1,2,20131344,11411101,0,0,0
411100401,1,3,20161382,11411101,0,0,0
411100402,1,1,30041224,11411101,0,0,0
411100402,1,2,30171211,11411101,0,0,0
411100402,1,3,30141214,11411101,0,0,0
411100403,1,1,30041224,11411101,0,0,0
411100403,1,2,30171102,11411101,0,0,0
411100403,1,3,30031107,11411101,0,0,0
411100403,2,1,30041224,11411101,0,0,0
411100403,2,2,20301354,11412101,0,0,0
411100701,1,1,30041225,11411101,0,0,0
411100701,1,2,30021210,11411101,0,0,0
411100701,1,3,30111102,11411101,0,0,0
411100702,1,1,20181153,11411101,0,0,0
411100702,1,2,30021210,11411101,0,0,0
411100702,1,3,30011117,11411101,0,0,0
411100703,1,1,20131192,11411101,0,0,0
411100703,1,2,30021210,11411101,0,0,0
411100703,1,3,20321313,11411101,0,0,0
411100703,2,1,20161297,11412101,0,0,0
411100703,2,2,30021210,11411101,0,0,0
411100801,1,1,30031307,11411101,0,0,0
411100801,1,2,20121371,11411101,0,0,0
411100801,1,3,20291146,11411101,0,0,0
411100802,1,1,30031307,11411101,0,0,0
411100802,1,2,30121107,11411101,0,0,0
411100802,1,3,20091378,11411101,0,0,0
411100803,1,1,30031307,11411101,0,0,0
411100803,1,2,20301159,11411101,0,0,0
411100803,1,3,20181260,11411101,0,0,0
411100803,2,1,30031307,11411101,0,0,0
411100803,2,2,20151177,11412101,0,0,0
411101001,1,1,20101180,11411101,0,0,0
411101001,1,2,30081349,11411101,0,0,0
411101001,1,3,20071394,11411101,0,0,0
411101002,1,1,20161383,11411101,0,0,0
411101002,1,2,30081349,11411101,0,0,0
411101002,1,3,30031108,11411101,0,0,0
411101003,1,1,20191192,11411101,0,0,0
411101003,1,2,30081349,11411101,0,0,0
411101003,1,3,30081134,11411101,0,0,0
411101003,2,1,20301294,11412101,0,0,0
411101003,2,2,30081349,11411101,0,0,0
411101101,1,1,20051342,11411101,0,0,0
411101101,1,2,20051343,11411101,0,0,0
411101101,1,3,20141368,11411101,0,0,0
411101102,1,1,20051342,11411101,0,0,0
411101102,1,2,20171371,11411101,0,0,0
411101102,1,3,30051212,11411101,0,0,0
411101103,1,1,20051342,11411101,0,0,0
411101103,1,2,30121204,11411101,0,0,0
411101103,1,3,30061323,11411101,0,0,0
411101103,2,1,20051342,11411101,0,0,0
411101103,2,2,30151205,11412101,0,0,0
411101301,1,1,20191292,11411101,0,0,0
411101301,1,2,20021388,11411101,0,0,0
411101301,1,3,30081135,11411101,0,0,0
411101302,1,1,30031308,11411101,0,0,0
411101302,1,2,20021388,11411101,0,0,0
411101302,1,3,20091283,11411101,0,0,0
411101303,1,1,20111383,11411101,0,0,0
411101303,1,2,20021388,11411101,0,0,0
411101303,1,3,20181371,11411101,0,0,0
411101303,2,1,30161132,11412101,0,0,0
411101303,2,2,20021388,11411101,0,0,0
411101501,1,1,30111218,11411101,0,0,0
411101501,1,2,20191360,11411101,0,0,0
411101501,1,3,20301355,11411101,0,0,0
411101502,1,1,30111218,11411101,0,0,0
411101502,1,2,30011222,11411101,0,0,0
411101502,1,3,30101202,11411101,0,0,0
411101503,1,1,30111218,11411101,0,0,0
411101503,1,2,30061324,11411101,0,0,0
411101503,1,3,30041226,11411101,0,0,0
411101503,2,1,30111218,11411101,0,0,0
411101503,2,2,20071395,11412101,0,0,0
411101701,1,1,20181372,11411101,0,0,0
411101701,1,2,30041308,11411101,0,0,0
411101701,1,3,20321234,11411101,0,0,0
411101702,1,1,20101181,11411101,0,0,0
411101702,1,2,30041308,11411101,0,0,0
411101702,1,3,20181154,11411101,0,0,0
411101702,2,1,20301295,11412101,0,0,0
411101702,2,2,30041308,11411101,0,0,0
411101703,1,1,10201194,11413401,1,1,0
412100201,1,1,30101301,11411201,0,0,0
412100201,1,2,20191361,11411201,0,0,0
412100201,1,3,20131193,11411201,0,0,0
412100202,1,1,30101301,11411201,0,0,0
412100202,1,2,20021389,11411201,0,0,0
412100202,1,3,20111384,11411201,0,0,0
412100203,1,1,30101301,11411201,0,0,0
412100203,1,2,20141369,11411201,0,0,0
412100203,1,3,30011340,11411201,0,0,0
412100203,2,1,30101301,11411201,0,0,0
412100203,2,2,20321235,11412201,0,0,0
412100301,1,1,30121205,11411201,0,0,0
412100301,1,2,30051118,11411201,0,0,0
412100301,1,3,20191293,11411201,0,0,0
412100302,1,1,30041309,11411201,0,0,0
412100302,1,2,30051118,11411201,0,0,0
412100302,1,3,30141116,11411201,0,0,0
412100303,1,1,20291254,11411201,0,0,0
412100303,1,2,30051118,11411201,0,0,0
412100303,1,3,20291368,11411201,0,0,0
412100303,2,1,20141370,11412201,0,0,0
412100303,2,2,30051118,11411201,0,0,0
412100501,1,1,20121372,11411201,0,0,0
412100501,1,2,30021126,11411201,0,0,0
412100501,1,3,30041126,11411201,0,0,0
412100502,1,1,20121372,11411201,0,0,0
412100502,1,2,20131194,11411201,0,0,0
412100502,1,3,20291255,11411201,0,0,0
412100503,1,1,20121372,11411201,0,0,0
412100503,1,2,20301160,11411201,0,0,0
412100503,1,3,30071229,11411201,0,0,0
412100503,2,1,20121372,11411201,0,0,0
412100503,2,2,20321314,11412201,0,0,0
412100601,1,1,20101182,11411201,0,0,0
412100601,1,2,30081250,11411201,0,0,0
412100601,1,3,20301356,11411201,0,0,0
412100602,1,1,30131209,11411201,0,0,0
412100602,1,2,30081250,11411201,0,0,0
412100602,1,3,20181261,11411201,0,0,0
412100603,1,1,30171212,11411201,0,0,0
412100603,1,2,30081250,11411201,0,0,0
412100603,1,3,20091379,11411201,0,0,0
412100603,2,1,20301296,11412201,0,0,0
412100603,2,2,30081250,11411201,0,0,0
412100901,1,1,30111219,11411201,0,0,0
412100901,1,2,30071175,11411201,0,0,0
412100901,1,3,20191294,11411201,0,0,0
412100902,1,1,30111219,11411201,0,0,0
412100902,1,2,30061146,11411201,0,0,0
412100902,1,3,30161133,11411201,0,0,0
412100903,1,1,30111219,11411201,0,0,0
412100903,1,2,20051344,11411201,0,0,0
412100903,1,3,30081251,11411201,0,0,0
412100903,2,1,30111219,11411201,0,0,0
412100903,2,2,20301161,11412201,0,0,0
412101001,1,1,30011223,11411201,0,0,0
412101001,1,2,30111103,11411201,0,0,0
412101001,1,3,20171372,11411201,0,0,0
412101002,1,1,30141215,11411201,0,0,0
412101002,1,2,30111103,11411201,0,0,0
412101002,1,3,20191193,11411201,0,0,0
412101003,1,1,30011341,11411201,0,0,0
412101003,1,2,30111103,11411201,0,0,0
412101003,1,3,20111385,11411201,0,0,0
412101003,2,1,20161298,11412201,0,0,0
412101003,2,2,30111103,11411201,0,0,0
412101201,1,1,30121108,11411201,0,0,0
412101201,1,2,30171103,11411201,0,0,0
412101201,1,3,30031248,11411201,0,0,0
412101202,1,1,30121108,11411201,0,0,0
412101202,1,2,20091182,11411201,0,0,0
412101202,1,3,30021127,11411201,0,0,0
412101203,1,1,30121108,11411201,0,0,0
412101203,1,2,20061302,11411201,0,0,0
412101203,1,3,30141216,11411201,0,0,0
412101203,2,1,30121108,11411201,0,0,0
412101203,2,2,20321132,11412201,0,0,0
412101301,1,1,20101401,11411201,0,0,0
412101301,1,2,30041127,11411201,0,0,0
412101301,1,3,30081252,11411201,0,0,0
412101302,1,1,20101401,11411201,0,0,0
412101302,1,2,20061303,11411201,0,0,0
412101302,1,3,20071396,11411201,0,0,0
412101303,1,1,20101401,11411201,0,0,0
412101303,1,2,30101203,11411201,0,0,0
412101303,1,3,30061147,11411201,0,0,0
412101303,2,1,20101401,11411201,0,0,0
412101303,2,2,20321315,11412201,0,0,0
412101501,1,1,30081136,11411201,0,0,0
412101501,1,2,30031109,11411201,0,0,0
412101501,1,3,30151206,11411201,0,0,0
412101502,1,1,30101204,11411201,0,0,0
412101502,1,2,30031109,11411201,0,0,0
412101502,1,3,30081350,11411201,0,0,0
412101502,2,1,20131345,11412201,0,0,0
412101502,2,2,30031109,11411201,0,0,0
412101503,1,1,30171213,11413501,1,1,0
413100201,1,1,30021211,11411301,0,0,0
413100201,1,2,30071230,11411301,0,0,0
413100201,1,3,20321236,11411301,0,0,0
413100202,1,1,30021211,11411301,0,0,0
413100202,1,2,30021128,11411301,0,0,0
413100202,1,3,30121206,11411301,0,0,0
413100203,1,1,30021211,11411301,0,0,0
413100203,1,2,20291147,11411301,0,0,0
413100203,1,3,30011224,11411301,0,0,0
413100203,2,1,30021211,11411301,0,0,0
413100203,2,2,20161384,11412301,0,0,0
413100301,1,1,30161134,11411301,0,0,0
413100301,1,2,20091380,11411301,0,0,0
413100301,1,3,30011118,11411301,0,0,0
413100302,1,1,20291369,11411301,0,0,0
413100302,1,2,20091380,11411301,0,0,0
413100302,1,3,30121109,11411301,0,0,0
413100303,1,1,20091284,11411301,0,0,0
413100303,1,2,20091380,11411301,0,0,0
413100303,1,3,20291256,11411301,0,0,0
413100303,2,1,20321133,11412301,0,0,0
413100303,2,2,20091380,11411301,0,0,0
413100501,1,1,20021390,11411301,0,0,0
413100501,1,2,30141117,11411301,0,0,0
413100501,1,3,20291148,11411301,0,0,0
413100502,1,1,20021390,11411301,0,0,0
413100502,1,2,30111104,11411301,0,0,0
413100502,1,3,30051119,11411301,0,0,0
413100503,1,1,20021390,11411301,0,0,0
413100503,1,2,30011342,11411301,0,0,0
413100503,1,3,20191194,11411301,0,0,0
413100503,2,1,20021390,11411301,0,0,0
413100503,2,2,20061304,11412301,0,0,0
413100601,1,1,20121373,11411301,0,0,0
413100601,1,2,20091183,11411301,0,0,0
413100601,1,3,30031249,11411301,0,0,0
413100602,1,1,30031309,11411301,0,0,0
413100602,1,2,20091183,11411301,0,0,0
413100602,1,3,20151178,11411301,0,0,0
413100603,1,1,30111220,11411301,0,0,0
413100603,1,2,20091183,11411301,0,0,0
413100603,1,3,30041310,11411301,0,0,0
413100603,2,1,30151333,11412301,0,0,0
413100603,2,2,20091183,11411301,0,0,0
413100801,1,1,30031250,11411301,0,0,0
413100801,1,2,30071231,11411301,0,0,0
413100801,1,3,20181373,11411301,0,0,0
413100802,1,1,30031250,11411301,0,0,0
413100802,1,2,20101402,11411301,0,0,0
413100802,1,3,20171373,11411301,0,0,0
413100803,1,1,30031250,11411301,0,0,0
413100803,1,2,30151334,11411301,0,0,0
413100803,1,3,20151179,11411301,0,0,0
413100803,2,1,30031250,11411301,0,0,0
413100803,2,2,30141118,11412301,0,0,0
413100901,1,1,30021212,11411301,0,0,0
413100901,1,2,30171104,11411301,0,0,0
413100901,1,3,30151335,11411301,0,0,0
413100902,1,1,30021212,11411301,0,0,0
413100902,1,2,20181155,11411301,0,0,0
413100902,1,3,20131346,11411301,0,0,0
413100903,1,1,30021212,11411301,0,0,0
413100903,1,2,20161299,11411301,0,0,0
413100903,1,3,20091285,11411301,0,0,0
413100903,2,1,30021212,11411301,0,0,0
413100903,2,2,30061325,11412301,0,0,0
413101101,1,1,30071176,11411301,0,0,0
413101101,1,2,30131210,11411301,0,0,0
413101101,1,3,30051213,11411301,0,0,0
413101102,1,1,30071176,11411301,0,0,0
413101102,1,2,30151207,11411301,0,0,0
413101102,1,3,30061148,11411301,0,0,0
413101102,2,1,30071176,11411301,0,0,0
413101102,2,2,20321134,11412301,0,0,0
413101103,1,1,10311348,11413601,1,1,0
502100101,1,1,10011120,0,0,0,0
502100101,1,2,10171102,0,1,1,0
502100101,1,3,10031117,0,0,0,0
502100201,1,1,10011121,0,0,0,0
502100201,1,2,10171103,0,1,1,0
502100201,1,3,10031118,0,0,0,0
502100301,1,1,10011210,0,0,0,0
502100301,1,2,10171206,0,1,1,0
502100301,1,3,10031207,0,0,0,0
502100401,1,1,10011213,0,0,0,0
502100401,1,2,10171267,0,1,1,0
502100401,1,3,10031295,0,0,0,0
502100501,1,1,20011254,0,0,0,0
502100501,1,2,20171233,0,1,1,0
502100501,1,3,20031262,0,0,0,0
503100101,1,1,10011114,0,0,0,0
503100101,1,2,10031111,0,0,0,0
503100102,1,1,10021112,0,0,0,0
503100102,1,2,10061109,0,0,0,0
503100103,1,1,10141202,0,1,1,0
503100201,1,1,10011115,0,0,0,0
503100201,1,2,10031112,0,0,0,0
503100202,1,1,10021113,0,0,0,0
503100202,1,2,10061110,0,0,0,0
503100203,1,1,10141203,0,1,1,0
503100301,1,1,10011207,0,0,0,0
503100301,1,2,10031204,0,0,0,0
503100302,1,1,10021205,0,0,0,0
503100302,1,2,10061205,0,0,0,0
503100303,1,1,10141204,0,1,1,0
503100401,1,1,10011247,0,0,0,0
503100401,1,2,10031245,0,0,0,0
503100402,1,1,10021243,0,0,0,0
503100402,1,2,10061237,0,0,0,0
503100403,1,1,10141211,0,1,1,0
503100501,1,1,10011288,0,0,0,0
503100501,1,2,10031215,0,0,0,0
503100502,1,1,10021214,0,0,0,0
503100502,1,2,10061211,0,0,0,0
503100503,1,1,10141232,0,1,1,0
503200101,1,1,10021114,0,0,0,0
503200101,1,2,10071109,0,0,0,0
503200102,1,1,10091105,0,0,0,0
503200102,1,2,10031113,0,0,0,0
503200103,1,1,10171203,0,1,1,0
503200201,1,1,10021115,0,0,0,0
503200201,1,2,10071110,0,0,0,0
503200202,1,1,10091106,0,0,0,0
503200202,1,2,10031114,0,0,0,0
503200203,1,1,10171204,0,1,1,0
503200301,1,1,10021206,0,0,0,0
503200301,1,2,10071203,0,0,0,0
503200302,1,1,10091206,0,0,0,0
503200302,1,2,10031205,0,0,0,0
503200303,1,1,10171205,0,1,1,0
503200401,1,1,10021244,0,0,0,0
503200401,1,2,10071236,0,0,0,0
503200402,1,1,10091231,0,0,0,0
503200402,1,2,10031246,0,0,0,0
503200403,1,1,10171223,0,1,1,0
503200501,1,1,10021209,0,0,0,0
503200501,1,2,10071210,0,0,0,0
503200502,1,1,10091213,0,0,0,0
503200502,1,2,10031210,0,0,0,0
503200503,1,1,10171254,0,1,1,0
503300101,1,1,10021116,0,0,0,0
503300101,1,2,10051111,0,0,0,0
503300102,1,1,10081105,0,0,0,0
503300102,1,2,10041109,0,0,0,0
503300103,1,1,10151202,0,1,1,0
503300201,1,1,10021117,0,0,0,0
503300201,1,2,10051112,0,0,0,0
503300202,1,1,10081106,0,0,0,0
503300202,1,2,10041110,0,0,0,0
503300203,1,1,10151203,0,1,1,0
503300301,1,1,10021207,0,0,0,0
503300301,1,2,10051205,0,0,0,0
503300302,1,1,10081207,0,0,0,0
503300302,1,2,10041204,0,0,0,0
503300303,1,1,10151204,0,1,1,0
503300401,1,1,10021245,0,0,0,0
503300401,1,2,10051244,0,0,0,0
503300402,1,1,10081252,0,0,0,0
503300402,1,2,10041250,0,0,0,0
503300403,1,1,10151220,0,1,1,0
503300501,1,1,10021210,0,0,0,0
503300501,1,2,10051214,0,0,0,0
503300502,1,1,10081210,0,0,0,0
503300502,1,2,10041207,0,0,0,0
503300503,1,1,10151258,0,1,1,0
503400101,1,1,10011116,0,0,0,0
503400101,1,2,10061111,0,0,0,0
503400102,1,1,10051113,0,0,0,0
503400102,1,2,10111105,0,0,0,0
503400103,1,1,10181202,0,1,1,0
503400201,1,1,10011117,0,0,0,0
503400201,1,2,10061112,0,0,0,0
503400202,1,1,10051114,0,0,0,0
503400202,1,2,10111106,0,0,0,0
503400203,1,1,10181203,0,1,1,0
503400301,1,1,10011208,0,0,0,0
503400301,1,2,10061206,0,0,0,0
503400302,1,1,10051206,0,0,0,0
503400302,1,2,10111205,0,0,0,0
503400303,1,1,10181204,0,1,1,0
503400401,1,1,10011248,0,0,0,0
503400401,1,2,10061238,0,0,0,0
503400402,1,1,10051245,0,0,0,0
503400402,1,2,10111230,0,0,0,0
503400403,1,1,10181213,0,1,1,0
503400501,1,1,10011211,0,0,0,0
503400501,1,2,10061209,0,0,0,0
503400502,1,1,10051215,0,0,0,0
503400502,1,2,10111203,0,0,0,0
503400503,1,1,10181243,0,1,1,0
503500101,1,1,10031115,0,0,0,0
503500101,1,2,10041111,0,0,0,0
503500102,1,1,10071111,0,0,0,0
503500102,1,2,10051115,0,0,0,0
503500103,1,1,10161202,0,1,1,0
503500201,1,1,10031116,0,0,0,0
503500201,1,2,10041112,0,0,0,0
503500202,1,1,10071112,0,0,0,0
503500202,1,2,10051116,0,0,0,0
503500203,1,1,10161203,0,1,1,0
503500301,1,1,10031206,0,0,0,0
503500301,1,2,10041205,0,0,0,0
503500302,1,1,10071204,0,0,0,0
503500302,1,2,10051207,0,0,0,0
503500303,1,1,10161204,0,1,1,0
503500401,1,1,10031247,0,0,0,0
503500401,1,2,10041251,0,0,0,0
503500402,1,1,10071237,0,0,0,0
503500402,1,2,10051246,0,0,0,0
503500403,1,1,10161214,0,1,1,0
503500501,1,1,10031214,0,0,0,0
503500501,1,2,10041208,0,0,0,0
503500502,1,1,10071229,0,0,0,0
503500502,1,2,10051237,0,0,0,0
503500503,1,1,10161233,0,1,1,0
503600101,1,1,10041113,0,0,0,0
503600101,1,2,10011118,0,0,0,0
503600102,1,1,10101102,0,0,0,0
503600102,1,2,10081107,0,0,0,0
503600103,1,1,10191202,0,1,1,0
503600201,1,1,10041114,0,0,0,0
503600201,1,2,10011119,0,0,0,0
503600202,1,1,10101103,0,0,0,0
503600202,1,2,10081108,0,0,0,0
503600203,1,1,10191203,0,1,1,0
503600301,1,1,10041206,0,0,0,0
503600301,1,2,10011209,0,0,0,0
503600302,1,1,10101206,0,0,0,0
503600302,1,2,10081208,0,0,0,0
503600303,1,1,10191204,0,1,1,0
503600401,1,1,10041252,0,0,0,0
503600401,1,2,10011249,0,0,0,0
503600402,1,1,10101242,0,0,0,0
503600402,1,2,10081253,0,0,0,0
503600403,1,1,10191221,0,1,1,0
503600501,1,1,10041209,0,0,0,0
503600501,1,2,10011212,0,0,0,0
503600502,1,1,10101208,0,0,0,0
503600502,1,2,10081211,0,0,0,0
503600503,1,1,10191253,0,1,1,0
503700101,1,1,10121104,0,0,0,0
503700101,1,2,10061113,0,0,0,0
503700102,1,1,10131104,0,0,0,0
503700102,1,2,10071113,0,0,0,0
503700103,1,1,10201202,0,1,1,0
503700201,1,1,10121105,0,0,0,0
503700201,1,2,10061114,0,0,0,0
503700202,1,1,10131105,0,0,0,0
503700202,1,2,10071114,0,0,0,0
503700203,1,1,10201203,0,1,1,0
503700301,1,1,10121204,0,0,0,0
503700301,1,2,10061207,0,0,0,0
503700302,1,1,10131205,0,0,0,0
503700302,1,2,10071205,0,0,0,0
503700303,1,1,10201204,0,1,1,0
503700401,1,1,10121221,0,0,0,0
503700401,1,2,10061239,0,0,0,0
503700402,1,1,10131237,0,0,0,0
503700402,1,2,10071238,0,0,0,0
503700403,1,1,10201214,0,1,1,0
503700501,1,1,10121266,0,0,0,0
503700501,1,2,10061210,0,0,0,0
503700502,1,1,10131212,0,0,0,0
503700502,1,2,10071270,0,0,0,0
503700503,1,1,10201228,0,1,1,0
504100101,1,1,10011105,0,0,0,0
504100101,1,2,10021103,0,0,0,0
504100201,1,1,10031103,0,0,0,0
504100201,1,2,10061104,0,0,0,0
504100301,1,1,10041102,0,0,0,0
504100301,1,2,10051101,0,0,0,0
504100301,1,3,10011163,0,0,0,0
504100401,1,1,10071103,0,0,0,0
504100401,1,2,10081101,0,0,0,0
504100401,1,3,10021104,0,0,0,0
504100501,1,1,10161201,0,1,1,0
504100601,1,1,10051102,0,0,0,0
504100601,1,2,10031104,0,0,0,0
504100601,1,3,10021105,0,0,0,0
504100701,1,1,10071104,0,0,0,0
504100701,1,2,10041103,0,0,0,0
504100701,1,3,10011107,0,0,0,0
504100801,1,1,10061105,0,0,0,0
504100801,1,2,10101101,0,0,0,0
504100901,1,1,10071105,0,0,0,0
504100901,1,2,10081102,0,0,0,0
504100901,1,3,10051103,0,0,0,0
504101001,1,1,10151201,0,1,1,0
504101101,1,1,10021106,0,0,0,0
504101101,1,2,10041104,0,0,0,0
504101101,1,3,10051104,0,0,0,0
504101201,1,1,10011108,0,0,0,0
504101201,1,2,10061201,0,0,0,0
504101201,1,3,10031105,0,0,0,0
504101301,1,1,10021301,0,0,0,0
504101301,1,2,10121201,0,0,0,0
504101401,1,1,10071201,0,0,0,0
504101401,1,2,10081201,0,0,0,0
504101401,1,3,10021107,0,0,0,0
504101501,1,1,10141201,0,1,1,0
504101601,1,1,10031201,0,0,0,0
504101601,1,2,10091103,0,0,0,0
504101701,1,1,10041201,0,0,0,0
504101701,1,2,10111102,0,0,0,0
504101701,1,3,10061202,0,0,0,0
504101801,1,1,10131102,0,0,0,0
504101801,1,2,10051301,0,0,0,0
504101801,1,3,10121101,0,0,0,0
504101901,1,1,10091201,0,0,0,0
504101901,1,2,10101201,0,0,0,0
504101901,1,3,10111103,0,0,0,0
504102001,1,1,15041201,0,1,1,0
504102101,1,1,10021108,0,0,0,0
504102101,1,2,10011203,0,0,0,0
504102101,1,3,10031106,0,0,0,0
504102201,1,1,10081301,0,0,0,0
504102201,1,2,10101202,0,0,0,0
504102301,1,1,10041105,0,0,0,0
504102301,1,2,10121202,0,0,0,0
504102301,1,3,10131301,0,0,0,0
504102401,1,1,10091202,0,0,0,0
504102401,1,2,10101301,0,0,0,0
504102401,1,3,10111201,0,0,0,0
504102501,1,1,10191201,0,1,1,0
504102601,1,1,10011109,0,0,0,0
504102601,1,2,10061203,0,0,0,0
504102601,1,3,10051201,0,0,0,0
504102701,1,1,10021201,0,0,0,0
504102701,1,2,10131103,0,0,0,0
504102701,1,3,10041301,0,0,0,0
504102801,1,1,10071106,0,0,0,0
504102801,1,2,10091203,0,0,0,0
504102801,1,3,10121301,0,0,0,0
504102901,1,1,10071301,0,0,0,0
504102901,1,2,10131302,0,0,0,0
504102901,1,3,10171202,0,0,0,0
504103001,1,1,10201201,0,1,1,0
504103101,1,1,10031107,0,0,0,0
504103101,1,2,10041202,0,0,0,0
504103101,1,3,10051105,0,0,0,0
504103201,1,1,10011302,0,0,0,0
504103201,1,2,10061106,0,0,0,0
504103201,1,3,10181201,0,0,0,0
504103301,1,1,10091301,0,0,0,0
504103301,1,2,10111202,0,0,0,0
504103301,1,3,10131201,0,0,0,0
504103401,1,1,10101203,0,0,0,0
504103401,1,2,10121302,0,0,0,0
504103401,1,3,10171301,0,0,0,0
504103501,1,1,10211201,0,1,1,0
504103601,1,1,10031108,0,0,0,0
504103601,1,2,10191101,0,0,0,0
504103701,1,1,10061301,0,0,0,0
504103701,1,2,10101302,0,0,0,0
504103701,1,3,10091302,0,0,0,0
504103801,1,1,10101302,0,0,0,0
504103801,1,2,10191301,0,0,0,0
504103801,1,3,10131202,0,0,0,0
504103901,1,1,10171302,0,0,0,0
504103901,1,2,10181301,0,0,0,0
504104001,1,1,15041202,0,1,1,0
504104101,1,1,10011110,0,0,0,0
504104101,1,2,10031109,0,0,0,0
504104101,1,3,10041106,0,0,0,0
504104201,1,1,10021109,0,0,0,0
504104201,1,2,10071107,0,0,0,0
504104201,1,3,10051106,0,0,0,0
504104301,1,1,10031202,0,0,0,0
504104301,1,2,10091104,0,0,0,0
504104401,1,1,10061107,0,0,0,0
504104401,1,2,10081202,0,0,0,0
504104401,1,3,10011204,0,0,0,0
504104501,1,1,10151301,0,1,1,0
504104501,1,2,10141301,0,1,1,0
504104601,1,1,10021202,0,0,0,0
504104601,1,2,10041107,0,0,0,0
504104601,1,3,10051202,0,0,0,0
504104701,1,1,10071108,0,0,0,0
504104701,1,2,10011205,0,0,0,0
504104701,1,3,10031110,0,0,0,0
504104801,1,1,10081203,0,0,0,0
504104801,1,2,10111204,0,0,0,0
504104901,1,1,10061204,0,0,0,0
504104901,1,2,10071202,0,0,0,0
504104901,1,3,10021203,0,0,0,0
504105001,1,1,15031201,0,1,1,0
504105101,1,1,10021110,0,0,0,0
504105101,1,2,10041108,0,0,0,0
504105101,1,3,10051203,0,0,0,0
504105201,1,1,10081204,0,0,0,0
504105201,1,2,10121102,0,0,0,0
504105301,1,1,10031203,0,0,0,0
504105301,1,2,10131203,0,0,0,0
504105301,1,3,10111104,0,0,0,0
504105401,1,1,10091204,0,0,0,0
504105401,1,2,10101204,0,0,0,0
504105401,1,3,10121103,0,0,0,0
504105501,1,1,10151302,0,1,1,0
504105501,1,2,10161302,0,1,1,0
504105601,1,1,10011206,0,0,0,0
504105601,1,2,10081302,0,0,0,0
504105601,1,3,10051107,0,0,0,0
504105701,1,1,10021204,0,0,0,0
504105701,1,2,10101205,0,0,0,0
504105701,1,3,10041203,0,0,0,0
504105801,1,1,10081205,0,0,0,0
504105801,1,2,10121303,0,0,0,0
504105801,1,3,10131204,0,0,0,0
504105901,1,1,10191302,0,0,0,0
504105901,1,2,10091303,0,0,0,0
504105901,1,3,10071302,0,0,0,0
504106001,1,1,10201301,0,1,1,0
504106101,1,1,10041234,0,0,0,0
504106101,1,2,10011111,0,0,0,0
504106101,1,3,10051204,0,0,0,0
504106201,1,1,10031301,0,0,0,0
504106201,1,2,10081206,0,0,0,0
504106201,1,3,10171101,0,0,0,0
504106301,1,1,10091205,0,0,0,0
504106301,1,2,10111301,0,0,0,0
504106301,1,3,10121203,0,0,0,0
504106401,1,1,10131303,0,0,0,0
504106401,1,2,10191303,0,0,0,0
504106401,1,3,10101303,0,0,0,0
504106501,1,1,10211301,0,1,1,0
504106601,1,1,10081303,0,0,0,0
504106601,1,2,10181302,0,0,0,0
504106701,1,1,10091304,0,0,0,0
504106701,1,2,10111302,0,0,0,0
504106701,1,3,10081304,0,0,0,0
504106801,1,1,10101304,0,0,0,0
504106801,1,2,10171303,0,0,0,0
504106801,1,3,10121304,0,0,0,0
504106901,1,1,10181303,0,0,0,0
504106901,1,2,10191304,0,0,0,0
504107001,1,1,15031202,0,1,1,0
504107101,1,1,10011173,0,0,0,0
504107101,1,2,10041162,0,0,0,0
504107101,1,3,10051157,0,0,0,0
504107201,1,1,10081152,0,0,0,0
504107201,1,2,10021251,0,0,0,0
504107201,1,3,10031164,0,0,0,0
504107301,1,1,10071239,0,0,0,0
504107301,1,2,10101141,0,0,0,0
504107401,1,1,10061243,0,0,0,0
504107401,1,2,10071170,0,0,0,0
504107401,1,3,10031250,0,0,0,0
504107501,1,1,10141212,0,1,1,0
504107601,1,1,10011254,0,0,0,0
504107601,1,2,10031165,0,0,0,0
504107601,1,3,10051248,0,0,0,0
504107701,1,1,10081255,0,0,0,0
504107701,1,2,10091148,0,0,0,0
504107801,1,1,10041163,0,0,0,0
504107801,1,2,10111234,0,0,0,0
504107801,1,3,10091149,0,0,0,0
504107901,1,1,10101244,0,0,0,0
504107901,1,2,10131239,0,0,0,0
504107901,1,3,10121223,0,0,0,0
504108001,1,1,10161216,0,1,1,0
504108101,1,1,10021252,0,0,0,0
504108101,1,2,10061159,0,0,0,0
504108101,1,3,10051158,0,0,0,0
504108201,1,1,10011255,0,0,0,0
504108201,1,2,10091150,0,0,0,0
504108201,1,3,10041254,0,0,0,0
504108301,1,1,10081256,0,0,0,0
504108301,1,2,10101142,0,0,0,0
504108301,1,3,10131240,0,0,0,0
504108401,1,1,10171138,0,0,0,0
504108401,1,2,10111148,0,0,0,0
504108401,1,3,10061325,0,0,0,0
504108501,1,1,10201215,0,1,1,0
504108601,1,1,10071315,0,0,0,0
504108601,1,2,10131241,0,0,0,0
504108701,1,1,10081257,0,0,0,0
504108701,1,2,10101143,0,0,0,0
504108701,1,3,10071316,0,0,0,0
504108801,1,1,10111235,0,0,0,0
504108801,1,2,10081316,0,0,0,0
504108801,1,3,10131138,0,0,0,0
504108901,1,1,10121224,0,0,0,0
504108901,1,2,10111309,0,0,0,0
504108901,1,3,10101313,0,0,0,0
504109001,1,1,15051201,0,1,1,0
504109101,1,1,10011174,0,0,0,0
504109101,1,2,10051314,0,0,0,0
504109101,1,3,10041309,0,0,0,0
504109201,1,1,10021311,0,0,0,0
504109201,1,2,10071240,0,0,0,0
504109201,1,3,10191222,0,0,0,0
504109301,1,1,10111310,0,0,0,0
504109301,1,2,10091312,0,0,0,0
504109301,1,3,10101245,0,0,0,0
504109401,1,1,10121324,0,0,0,0
504109401,1,2,10181307,0,0,0,0
504109401,1,3,10131310,0,0,0,0
504109501,1,1,10211310,0,1,1,0
504109601,1,1,10021312,0,0,0,0
504109601,1,2,10171308,0,0,0,0
504109701,1,1,10071317,0,0,0,0
504109701,1,2,10121325,0,0,0,0
504109701,1,3,10091313,0,0,0,0
504109801,1,1,10131311,0,0,0,0
504109801,1,2,10181308,0,0,0,0
504109801,1,3,10111311,0,0,0,0
504109901,1,1,10191223,0,0,0,0
504109901,1,2,10171309,0,0,0,0
504110001,1,1,15051202,0,1,1,0
504110101,1,1,10151313,0,0,0,0
504110101,1,2,10141141,0,0,0,0
504110101,1,3,10011332,0,0,0,0
504110201,1,1,10071325,0,0,0,0
504110201,1,2,10121331,0,0,0,0
504110201,1,3,10121144,0,0,0,0
504110301,1,1,10101153,0,0,0,0
504110301,1,2,10081162,0,0,0,0
504110301,1,3,10111316,0,0,0,0
504110401,1,1,10081265,0,0,0,0
504110401,1,2,10091242,0,0,0,0
504110401,1,3,10301102,0,0,0,0
504110500,1,1,10321302,0,1,1,0
504110601,1,1,10111244,0,0,0,0
504110601,1,2,10011268,0,0,0,0
504110601,1,3,10111317,0,0,0,0
504110701,1,1,10131248,0,0,0,0
504110701,1,2,10111161,0,0,0,0
504110701,1,3,10071326,0,0,0,0
504110801,1,1,10071327,0,0,0,0
504110801,1,2,10121235,0,0,0,0
504110801,1,3,10151127,0,0,0,0
504110901,1,1,10021269,0,0,0,0
504110901,1,2,10141142,0,0,0,0
504110901,1,3,10121332,0,0,0,0
504111000,1,1,15041305,0,1,1,0
504111101,1,1,10051324,0,0,0,0
504111101,1,2,10181320,0,0,0,0
504111101,1,3,10121333,0,0,0,0
504111201,1,1,10091319,0,0,0,0
504111201,1,2,10171231,0,0,0,0
504111201,1,3,10061251,0,0,0,0
504111301,1,1,10041323,0,0,0,0
504111301,1,2,10151228,0,0,0,0
504111301,1,3,10121145,0,0,0,0
504111401,1,1,10131143,0,0,0,0
504111401,1,2,10011187,0,0,0,0
504111401,1,3,10061170,0,0,0,0
504111500,1,1,10291303,0,1,1,0
504111601,1,1,10111245,0,0,0,0
504111601,1,2,10181147,0,0,0,0
504111601,1,3,10321202,0,0,0,0
504111701,1,1,10171142,0,0,0,0
504111701,1,2,10111318,0,0,0,0
504111701,1,3,10291102,0,0,0,0
504111801,1,1,10111246,0,0,0,0
504111801,1,2,10171232,0,0,0,0
504111801,1,3,10011333,0,0,0,0
504111901,1,1,10041324,0,0,0,0
504111901,1,2,10161221,0,0,0,0
504111901,1,3,10081163,0,0,0,0
504112000,1,1,15031304,0,1,1,0
504112101,1,1,10141217,0,0,0,0
504112101,1,2,10151229,0,0,0,0
504112101,1,3,10061171,0,0,0,0
504112201,1,1,10051325,0,0,0,0
504112201,1,2,10101324,0,0,0,0
504112201,1,3,10061331,0,0,0,0
504112301,1,1,10081327,0,0,0,0
504112301,1,2,10191230,0,0,0,0
504112301,1,3,10311103,0,0,0,0
504112401,1,1,10061332,0,0,0,0
504112401,1,2,10161123,0,0,0,0
504112401,1,3,10021327,0,0,0,0
504112500,1,1,10311303,0,1,1,0
504112601,1,1,10171319,0,0,0,0
504112601,1,2,10091155,0,0,0,0
504112601,1,3,10011269,0,0,0,0
504112701,1,1,10031267,0,0,0,0
504112701,1,2,10081164,0,0,0,0
504112701,1,3,10051263,0,0,0,0
504112801,1,1,10161124,0,0,0,0
504112801,1,2,10011188,0,0,0,0
504112801,1,3,10071249,0,0,0,0
504112901,1,1,10151230,0,0,0,0
504112901,1,2,10321203,0,0,0,0
504112901,1,3,10191315,0,0,0,0
504113000,1,1,15051301,0,1,1,0
504113101,1,1,10111259,0,0,0,0
504113101,1,2,10311206,0,0,0,0
504113101,1,3,10051183,0,0,0,0
504113201,1,1,10051278,0,0,0,0
504113201,1,2,10081275,0,0,0,0
504113201,1,3,10151248,0,0,0,0
504113301,1,1,10151249,0,0,0,0
504113301,1,2,10111334,0,0,0,0
504113301,1,3,10041336,0,0,0,0
504113401,1,1,10131159,0,0,0,0
504113401,1,2,10111333,0,0,0,0
504113401,1,3,10081344,0,0,0,0
504113500,1,1,10291213,0,1,1,0
504113601,1,1,10161139,0,0,0,0
504113601,1,2,10041187,0,0,0,0
504113601,1,3,10151327,0,0,0,0
504113701,1,1,10111173,0,0,0,0
504113701,1,2,10151250,0,0,0,0
504113701,1,3,10061266,0,0,0,0
504113801,1,1,10031341,0,0,0,0
504113801,1,2,10181231,0,0,0,0
504113801,1,3,10101272,0,0,0,0
504113901,1,1,10161140,0,0,0,0
504113901,1,2,10171330,0,0,0,0
504113901,1,3,10301310,0,0,0,0
504114000,1,1,15031208,0,1,1,0
504114101,1,1,10031342,0,0,0,0
504114101,1,2,10201226,0,0,0,0
504114101,1,3,10131257,0,0,0,0
504114201,1,1,10141226,0,0,0,0
504114201,1,2,10181232,0,0,0,0
504114201,1,3,10161141,0,0,0,0
504114301,1,1,10101338,0,0,0,0
504114301,1,2,10041188,0,0,0,0
504114301,1,3,10291108,0,0,0,0
504114401,1,1,10301116,0,0,0,0
504114401,1,2,10101165,0,0,0,0
504114401,1,3,10011342,0,0,0,0
504114500,1,1,15051302,0,1,1,0
504114601,1,1,10181332,0,0,0,0
504114601,1,2,10101273,0,0,0,0
504114601,1,3,10181233,0,0,0,0
504114701,1,1,10311207,0,0,0,0
504114701,1,2,10131329,0,0,0,0
504114701,1,3,10021193,0,0,0,0
504114801,1,1,10321311,0,0,0,0
504114801,1,2,10031343,0,0,0,0
504114801,1,3,10101166,0,0,0,0
504114901,1,1,10071343,0,0,0,0
504114901,1,2,10181333,0,0,0,0
504114901,1,3,10091332,0,0,0,0
504115000,1,1,10311308,0,1,1,0
504115101,1,1,10011277,0,0,0,0
504115101,1,2,10321222,0,0,0,0
504115101,1,3,10161323,0,0,0,0
504115201,1,1,10021288,0,0,0,0
504115201,1,2,10181334,0,0,0,0
504115201,1,3,10181154,0,0,0,0
504115301,1,1,10171331,0,0,0,0
504115301,1,2,10091333,0,0,0,0
504115301,1,3,10021343,0,0,0,0
504115401,1,1,10301311,0,0,0,0
504115401,1,2,10011343,0,0,0,0
504115401,1,3,10171243,0,0,0,0
504115500,1,1,15041206,0,1,1,0
504115601,1,1,10111260,0,0,0,0
504115601,1,2,10041337,0,0,0,0
504115601,1,3,10291316,0,0,0,0
504115701,1,1,10051279,0,0,0,0
504115701,1,2,10041285,0,0,0,0
504115701,1,3,10161236,0,0,0,0
504115801,1,1,10141227,0,0,0,0
504115801,1,2,10111261,0,0,0,0
504115801,1,3,10071197,0,0,0,0
504115901,1,1,10101339,0,0,0,0
504115901,1,2,10051338,0,0,0,0
504115901,1,3,10291214,0,0,0,0
504116000,1,1,15091201,0,1,1,0
504116101,1,1,20071109,0,0,0,0
504116101,1,2,10081352,0,0,0,0
504116101,1,3,10021294,0,0,0,0
504116201,1,1,10121267,0,0,0,0
504116201,1,2,10011289,0,0,0,0
504116201,1,3,10131264,0,0,0,0
504116301,1,1,10031199,0,0,0,0
504116301,1,2,10041358,0,0,0,0
504116301,1,3,10061195,0,0,0,0
504116401,1,1,10151259,0,0,0,0
504116401,1,2,10011360,0,0,0,0
504116401,1,3,10091346,0,0,0,0
504116500,1,1,15051205,0,1,1,0
504116601,1,1,10181161,0,0,0,0
504116601,1,2,10191254,0,0,0,0
504116601,1,3,10041197,0,0,0,0
504116701,1,1,10061196,0,0,0,0
504116701,1,2,10151335,0,0,0,0
504116701,1,3,10191334,0,0,0,0
504116801,1,1,10031355,0,0,0,0
504116801,1,2,10041198,0,0,0,0
504116801,1,3,10321125,0,0,0,0
504116901,1,1,10101280,0,0,0,0
504116901,1,2,10131170,0,0,0,0
504116901,1,3,10141156,0,0,0,0
504117000,1,1,10201344,0,1,1,0
504117101,1,1,10091347,0,0,0,0
504117101,1,2,10321231,0,0,0,0
504117101,1,3,10171164,0,0,0,0
504117201,1,1,10171255,0,0,0,0
504117201,1,2,10161154,0,0,0,0
504117201,1,3,10111349,0,0,0,0
504117301,1,1,10301318,0,0,0,0
504117301,1,2,10031356,0,0,0,0
504117301,1,3,10131340,0,0,0,0
504117401,1,1,10111184,0,0,0,0
504117401,1,2,10181244,0,0,0,0
504117401,1,3,10141334,0,0,0,0
504117500,1,1,10211221,0,1,1,0
504117500,1,2,10321126,0,1,1,0
504117601,1,1,10101281,0,0,0,0
504117601,1,2,10021350,0,0,0,0
504117601,1,3,10141157,0,0,0,0
504117701,1,1,10111185,0,0,0,0
504117701,1,2,20011107,0,0,0,0
504117701,1,3,10151147,0,0,0,0
504117801,1,1,10321322,0,0,0,0
504117801,1,2,10101345,0,0,0,0
504117801,1,3,10171339,0,0,0,0
504117901,1,1,10291113,0,0,0,0
504117901,1,2,10021351,0,0,0,0
504117901,1,3,20071110,0,0,0,0
504118000,1,1,15091301,0,1,1,0
504118101,1,1,10131341,0,0,0,0
504118101,1,2,10171340,0,0,0,0
504118101,1,3,10011361,0,0,0,0
504118201,1,1,10161155,0,0,0,0
504118201,1,2,10071348,0,0,0,0
504118201,1,3,10181245,0,0,0,0
504118301,1,1,10141158,0,0,0,0
504118301,1,2,10071273,0,0,0,0
504118301,1,3,20011108,0,0,0,0
504118401,1,1,10291114,0,0,0,0
504118401,1,2,10141242,0,0,0,0
504118401,1,3,10021352,0,0,0,0
504118500,1,1,15101204,0,1,1,0
504118601,1,1,20011109,0,0,0,0
504118601,1,2,10161156,0,0,0,0
504118601,1,3,10171256,0,0,0,0
504118701,1,1,10151148,0,0,0,0
504118701,1,2,10191255,0,0,0,0
504118701,1,3,10021295,0,0,0,0
504118801,1,1,10321323,0,0,0,0
504118801,1,2,10181162,0,0,0,0
504118801,1,3,10121351,0,0,0,0
504118901,1,1,10161246,0,0,0,0
504118901,1,2,10321324,0,0,0,0
504118901,1,3,10071349,0,0,0,0
504119000,1,1,15011506,0,1,1,0
504119101,1,1,20011218,0,0,0,0
504119101,1,2,10161185,0,0,0,0
504119101,1,3,10131283,0,0,0,0
504119201,1,1,10321327,0,0,0,0
504119201,1,2,10141269,0,0,0,0
504119201,1,3,10091368,0,0,0,0
504119301,1,1,10121290,0,0,0,0
504119301,1,2,10191272,0,0,0,0
504119301,1,3,20071137,0,0,0,0
504119401,1,1,10041382,0,0,0,0
504119401,1,2,10151368,0,0,0,0
504119401,1,3,20011317,0,0,0,0
504119500,1,1,10211321,0,1,1,0
504119601,1,1,10071293,0,0,0,0
504119601,1,2,10171277,0,0,0,0
504119601,1,3,10141175,0,0,0,0
504119701,1,1,10161186,0,0,0,0
504119701,1,2,20061116,0,0,0,0
504119701,1,3,10111368,0,0,0,0
504119801,1,1,10031381,0,0,0,0
504119801,1,2,10101299,0,0,0,0
504119801,1,3,10301338,0,0,0,0
504119901,1,1,10151282,0,0,0,0
504119901,1,2,10081376,0,0,0,0
504119901,1,3,10121291,0,0,0,0
504120000,1,1,15041307,0,1,1,0
504120101,1,1,10131360,0,0,0,0
504120101,1,2,10171363,0,0,0,0
504120101,1,3,20071138,0,0,0,0
504120201,1,1,10031382,0,0,0,0
504120201,1,2,10131284,0,0,0,0
504120201,1,3,20061117,0,0,0,0
504120301,1,1,10091369,0,0,0,0
504120301,1,2,20011219,0,0,0,0
504120301,1,3,10171278,0,0,0,0
504120401,1,1,10141270,0,0,0,0
504120401,1,2,10071294,0,0,0,0
504120401,1,3,10041383,0,0,0,0
504120500,1,1,10291331,0,1,1,0
504120601,1,1,20011318,0,0,0,0
504120601,1,2,10151283,0,0,0,0
504120601,1,3,10131361,0,0,0,0
504120701,1,1,10111369,0,0,0,0
504120701,1,2,10081377,0,0,0,0
504120701,1,3,10191273,0,0,0,0
504120801,1,1,10141176,0,0,0,0
504120801,1,2,20101201,0,0,0,0
504120801,1,3,10171364,0,0,0,0
504120901,1,1,10151369,0,0,0,0
504120901,1,2,10161187,0,0,0,0
504120901,1,3,20011220,0,0,0,0
504121000,1,1,15031505,0,1,1,0
504121101,1,1,10321131,0,0,0,0
504121101,1,2,10111370,0,0,0,0
504121101,1,3,10141177,0,0,0,0
504121201,1,1,10301339,0,0,0,0
504121201,1,2,10121292,0,0,0,0
504121201,1,3,10151284,0,0,0,0
504121301,1,1,20101202,0,0,0,0
504121301,1,2,20061118,0,0,0,0
504121301,1,3,10081378,0,0,0,0
504121401,1,1,20071139,0,0,0,0
504121401,1,2,10171365,0,0,0,0
504121401,1,3,10031383,0,0,0,0
504121500,1,1,10151164,0,0,0,0
504121500,1,2,10201240,0,1,1,0
504121500,1,3,10301147,0,0,0,0
504121601,1,1,10171279,0,0,0,0
504121601,1,2,10131285,0,0,0,0
504121601,1,3,10091370,0,0,0,0
504121701,1,1,10191274,0,0,0,0
504121701,1,2,20011319,0,0,0,0
504121701,1,3,10141271,0,0,0,0
504121801,1,1,10041384,0,0,0,0
504121801,1,2,10321132,0,0,0,0
504121801,1,3,10301340,0,0,0,0
504121901,1,1,10071295,0,0,0,0
504121901,1,2,10131362,0,0,0,0
504121901,1,3,10151370,0,0,0,0
504122000,1,1,15041604,0,1,1,0
504122101,1,1,20031306,0,0,0,0
504122101,1,2,10131293,0,0,0,0
504122101,1,3,20121103,0,0,0,0
504122201,1,1,10321333,0,0,0,0
504122201,1,2,10141196,0,0,0,0
504122201,1,3,20011333,0,0,0,0
504122301,1,1,20061132,0,0,0,0
504122301,1,2,10301250,0,0,0,0
504122301,1,3,20041223,0,0,0,0
504122401,1,1,20081118,0,0,0,0
504122401,1,2,10101382,0,0,0,0
504122401,1,3,10301347,0,0,0,0
504122501,1,1,10311226,0,1,1,0
504122601,1,1,10081393,0,0,0,0
504122601,1,2,20041120,0,0,0,0
504122601,1,3,20121206,0,0,0,0
504122701,1,1,20081119,0,0,0,0
504122701,1,2,10171375,0,0,0,0
504122701,1,3,20101209,0,0,0,0
504122801,1,1,20111205,0,0,0,0
504122801,1,2,10161288,0,0,0,0
504122801,1,3,10151296,0,0,0,0
504122901,1,1,20031228,0,0,0,0
504122901,1,2,10321142,0,0,0,0
504122901,1,3,20021114,0,0,0,0
504123001,1,1,15101206,0,1,1,0
504123101,1,1,20071206,0,0,0,0
504123101,1,2,10301251,0,0,0,0
504123101,1,3,20041224,0,0,0,0
504123201,1,1,10321334,0,0,0,0
504123201,1,2,10181363,0,0,0,0
504123201,1,3,20011233,0,0,0,0
504123301,1,1,10191283,0,0,0,0
504123301,1,2,10141288,0,0,0,0
504123301,1,3,20121207,0,0,0,0
504123401,1,1,10171291,0,0,0,0
504123401,1,2,10161289,0,0,0,0
504123401,1,3,20011334,0,0,0,0
504123501,1,1,10211216,0,1,1,0
504123601,1,1,20031118,0,0,0,0
504123601,1,2,10181364,0,0,0,0
504123601,1,3,10301156,0,0,0,0
504123701,1,1,10111384,0,0,0,0
504123701,1,2,20121208,0,0,0,0
504123701,1,3,20051211,0,0,0,0
504123801,1,1,10141358,0,0,0,0
504123801,1,2,20121104,0,0,0,0
504123801,1,3,10151297,0,0,0,0
504123901,1,1,10151391,0,0,0,0
504123901,1,2,10171376,0,0,0,0
504123901,1,3,10111385,0,0,0,0
504124001,1,1,15051805,0,1,1,0
504124101,1,1,20051123,0,0,0,0
504124101,1,2,10141197,0,0,0,0
504124101,1,3,20071207,0,0,0,0
504124201,1,1,20101107,0,0,0,0
504124201,1,2,10141289,0,0,0,0
504124201,1,3,10301252,0,0,0,0
504124301,1,1,10191348,0,0,0,0
504124301,1,2,20161108,0,0,0,0
504124301,1,3,10111386,0,0,0,0
504124401,1,1,10171377,0,0,0,0
504124401,1,2,10091380,0,0,0,0
504124401,1,3,20121105,0,0,0,0
504124501,1,1,10201303,0,1,1,0
504124601,1,1,10151392,0,0,0,0
504124601,1,2,10171199,0,0,0,0
504124601,1,3,10131369,0,0,0,0
504124701,1,1,10301348,0,0,0,0
504124701,1,2,20021115,0,0,0,0
504124701,1,3,10151176,0,0,0,0
504124801,1,1,10301157,0,0,0,0
504124801,1,2,20161109,0,0,0,0
504124801,1,3,20051124,0,0,0,0
504124901,1,1,10181177,0,0,0,0
504124901,1,2,20071208,0,0,0,0
504124901,1,3,20081220,0,0,0,0
504125001,1,1,15111303,0,1,1,0
504125101,1,1,20041240,0,0,0,0
504125101,1,2,20061213,0,0,0,0
504125101,1,3,20121115,0,0,0,0
504125201,1,1,10181283,0,0,0,0
504125201,1,2,20091213,0,0,0,0
504125201,1,3,10321250,0,0,0,0
504125301,1,1,20161132,0,0,0,0
504125301,1,2,10321335,0,0,0,0
504125301,1,3,10161372,0,0,0,0
504125401,1,1,20171214,0,0,0,0
504125401,1,2,20051226,0,0,0,0
504125401,1,3,20171214,0,0,0,0
504125501,1,1,10321154,0,1,1,0
504125601,1,1,20111304,0,0,0,0
504125601,1,2,20171106,0,0,0,0
504125601,1,3,20081236,0,0,0,0
504125701,1,1,10301265,0,0,0,0
504125701,1,2,20041241,0,0,0,0
504125701,1,3,20111123,0,0,0,0
504125801,1,1,20071314,0,0,0,0
504125801,1,2,10171390,0,0,0,0
504125801,1,3,20111225,0,0,0,0
504125901,1,1,20021304,0,0,0,0
504125901,1,2,20011357,0,0,0,0
504125901,1,3,20141115,0,0,0,0
504126001,1,1,15031308,0,1,1,0
504126101,1,1,20011154,0,0,0,0
504126101,1,2,10301262,0,0,0,0
504126101,1,3,20071315,0,0,0,0
504126201,1,1,20191206,0,0,0,0
504126201,1,2,20131219,0,0,0,0
504126201,1,3,10151186,0,0,0,0
504126301,1,1,20061306,0,0,0,0
504126301,1,2,20081322,0,0,0,0
504126301,1,3,20051227,0,0,0,0
504126401,1,1,20051234,0,0,0,0
504126401,1,2,20041242,0,0,0,0
504126401,1,3,20031151,0,0,0,0
504126501,1,1,10291268,0,1,1,0
504126601,1,1,10321251,0,0,0,0
504126601,1,2,20121224,0,0,0,0
504126601,1,3,10181379,0,0,0,0
504126701,1,1,20111124,0,0,0,0
504126701,1,2,20111226,0,0,0,0
504126701,1,3,20171215,0,0,0,0
504126801,1,1,10301170,0,0,0,0
504126801,1,2,10291256,0,0,0,0
504126801,1,3,10321252,0,0,0,0
504126901,1,1,10321253,0,0,0,0
504126901,1,2,20161133,0,0,0,0
504126901,1,3,10321253,0,0,0,0
504127001,1,1,15051307,0,1,1,0
504127101,1,1,10091391,0,0,0,0
504127101,1,2,10091391,0,0,0,0
504127101,1,3,20121116,0,0,0,0
504127201,1,1,10321153,0,0,0,0
504127201,1,2,10291143,0,0,0,0
504127201,1,3,20041137,0,0,0,0
504127301,1,1,20111227,0,0,0,0
504127301,1,2,10291144,0,0,0,0
504127301,1,3,10301263,0,0,0,0
504127401,1,1,20071224,0,0,0,0
504127401,1,2,10301264,0,0,0,0
504127401,1,3,20151209,0,0,0,0
504127501,1,1,10301360,0,1,1,0
504127601,1,1,20111305,0,0,0,0
504127601,1,2,20131220,0,0,0,0
504127601,1,3,10091392,0,0,0,0
504127701,1,1,10091393,0,0,0,0
504127701,1,2,20151210,0,0,0,0
504127701,1,3,10191193,0,0,0,0
504127801,1,1,20161134,0,0,0,0
504127801,1,2,20021305,0,0,0,0
504127801,1,3,20161207,0,0,0,0
504127901,1,1,20071316,0,0,0,0
504127901,1,2,20101118,0,0,0,0
504127901,1,3,20171107,0,0,0,0
504128001,1,1,15091304,0,1,1,0
504128101,1,1,10171395,0,0,0,0
504128101,1,2,20021314,0,0,0,0
504128101,1,3,10301284,0,0,0,0
504128201,1,1,10181392,0,0,0,0
504128201,1,2,20111232,0,0,0,0
504128201,1,3,10131381,0,0,0,0
504128301,1,1,20121231,0,0,0,0
504128301,1,2,20131131,0,0,0,0
504128301,1,3,10181196,0,0,0,0
504128401,1,1,20011157,0,0,0,0
504128401,1,2,10051385,0,0,0,0
504128401,1,3,10291148,0,0,0,0
504128501,1,1,10311324,0,1,1,0
504128601,1,1,20141222,0,0,0,0
504128601,1,2,20191107,0,0,0,0
504128601,1,3,10091398,0,0,0,0
504128701,1,1,10171396,0,0,0,0
504128701,1,2,20091216,0,0,0,0
504128701,1,3,10051386,0,0,0,0
504128801,1,1,20191217,0,0,0,0
504128801,1,2,10301285,0,0,0,0
504128801,1,3,20081248,0,0,0,0
504128901,1,1,20151221,0,0,0,0
504128901,1,2,10181286,0,0,0,0
504128901,1,3,20121306,0,0,0,0
504129001,1,1,10201376,0,1,1,0
504129101,1,1,20041331,0,0,0,0
504129101,1,2,20151222,0,0,0,0
504129101,1,3,10161383,0,0,0,0
504129201,1,1,20031252,0,0,0,0
504129201,1,2,10131382,0,0,0,0
504129201,1,3,20141223,0,0,0,0
504129301,1,1,20031253,0,0,0,0
504129301,1,2,10091399,0,0,0,0
504129301,1,3,20101315,0,0,0,0
504129401,1,1,20141123,0,0,0,0
504129401,1,2,20061318,0,0,0,0
504129401,1,3,20041140,0,0,0,0
504129501,1,1,15031601,0,1,1,0
504129601,1,1,20021129,0,0,0,0
504129601,1,2,20191108,0,0,0,0
504129601,1,3,20111233,0,0,0,0
504129701,1,1,20021130,0,0,0,0
504129701,1,2,10131383,0,0,0,0
504129701,1,3,20031254,0,0,0,0
504129801,1,1,20081345,0,0,0,0
504129801,1,2,10301366,0,0,0,0
504129801,1,3,20191109,0,0,0,0
504129901,1,1,10291149,0,0,0,0
504129901,1,2,20151352,0,0,0,0
504129901,1,3,20131229,0,0,0,0
504130001,1,1,10211243,0,1,1,0
504130101,1,1,10321159,0,0,0,0
504130101,1,2,20041141,0,0,0,0
504130101,1,3,20091301,0,0,0,0
504130201,1,1,10291376,0,0,0,0
504130201,1,2,10151191,0,0,0,0
504130201,1,3,20111136,0,0,0,0
504130301,1,1,10301367,0,0,0,0
504130301,1,2,20061319,0,0,0,0
504130301,1,3,10191367,0,0,0,0
504130401,1,1,10301286,0,0,0,0
504130401,1,2,10131384,0,0,0,0
504130401,1,3,10291377,0,0,0,0
504130501,1,1,15011601,0,1,1,0
504130601,1,1,10321348,0,0,0,0
504130601,1,2,10301287,0,0,0,0
504130601,1,3,20051153,0,0,0,0
504130701,1,1,20121131,0,0,0,0
504130701,1,2,20031255,0,0,0,0
504130701,1,3,20161224,0,0,0,0
504130801,1,1,20081150,0,0,0,0
504130801,1,2,20101316,0,0,0,0
504130801,1,3,20071320,0,0,0,0
504130901,1,1,20081346,0,0,0,0
504130901,1,2,20141224,0,0,0,0
504130901,1,3,20091302,0,0,0,0
504131001,1,1,15101507,0,1,1,0
504131101,1,1,20101130,0,0,0,0
504131101,1,2,10301193,0,0,0,0
504131101,1,3,20191114,0,0,0,0
504131201,1,1,20041151,0,0,0,0
504131201,1,2,20181302,0,0,0,0
504131201,1,3,20091114,0,0,0,0
504131301,1,1,20151103,0,0,0,0
504131301,1,2,10321357,0,0,0,0
504131301,1,3,20081162,0,0,0,0
504131401,1,1,20181107,0,0,0,0
504131401,1,2,20041258,0,0,0,0
504131401,1,3,20181303,0,0,0,0
504131501,1,1,10311326,0,1,1,0
504131601,1,1,10301375,0,0,0,0
504131601,1,2,10321168,0,0,0,0
504131601,1,3,20141140,0,0,0,0
504131701,1,1,20061233,0,0,0,0
504131701,1,2,20161302,0,0,0,0
504131701,1,3,20091115,0,0,0,0
504131801,1,1,20111316,0,0,0,0
504131801,1,2,10201273,0,0,0,0
504131801,1,3,20051163,0,0,0,0
504131901,1,1,20101235,0,0,0,0
504131901,1,2,10291280,0,0,0,0
504131901,1,3,20301204,0,0,0,0
504132001,1,1,15041607,0,1,1,0
504132101,1,1,20121237,0,0,0,0
504132101,1,2,10211246,0,0,0,0
504132101,1,3,20061184,0,0,0,0
504132201,1,1,10291163,0,0,0,0
504132201,1,2,20041152,0,0,0,0
504132201,1,3,20191227,0,0,0,0
504132301,1,1,20071256,0,0,0,0
504132301,1,2,20121238,0,0,0,0
504132301,1,3,20151104,0,0,0,0
504132401,1,1,20091309,0,0,0,0
504132401,1,2,20031268,0,0,0,0
504132401,1,3,20191115,0,0,0,0
504132501,1,1,15031603,0,1,1,0
504132601,1,1,20011256,0,0,0,0
504132601,1,2,20041259,0,0,0,0
504132601,1,3,10201274,0,0,0,0
504132701,1,1,20301205,0,0,0,0
504132701,1,2,20061234,0,0,0,0
504132701,1,3,10141393,0,0,0,0
504132801,1,1,20031269,0,0,0,0
504132801,1,2,10141394,0,0,0,0
504132801,1,3,20081368,0,0,0,0
504132901,1,1,20101322,0,0,0,0
504132901,1,2,10301376,0,0,0,0
504132901,1,3,10291281,0,0,0,0
504133001,1,1,15101208,0,1,1,0
504133101,1,1,20031340,0,0,0,0
504133101,1,2,20041260,0,0,0,0
504133101,1,3,10201275,0,0,0,0
504133201,1,1,20141235,0,0,0,0
504133201,1,2,20041338,0,0,0,0
504133201,1,3,10141395,0,0,0,0
504133301,1,1,20131138,0,0,0,0
504133301,1,2,20171235,0,0,0,0
504133301,1,3,20301206,0,0,0,0
504133401,1,1,20031140,0,0,0,0
504133401,1,2,10051395,0,0,0,0
504133401,1,3,20061330,0,0,0,0
504133501,1,1,15111403,0,1,1,0
504133601,1,1,10311135,0,0,0,0
504133601,1,2,20101131,0,0,0,0
504133601,1,3,20081258,0,0,0,0
504133701,1,1,10301377,0,0,0,0
504133701,1,2,20161230,0,0,0,0
504133701,1,3,10291164,0,0,0,0
504133801,1,1,10291389,0,0,0,0
504133801,1,2,20151240,0,0,0,0
504133801,1,3,20021240,0,0,0,0
504133901,1,1,20191116,0,0,0,0
504133901,1,2,20191228,0,0,0,0
504133901,1,3,10051396,0,0,0,0
504134001,1,1,15011603,0,1,1,0
504134101,1,1,30071104,0,0,0,0
504134101,1,2,20011377,0,0,0,0
504134101,1,3,20111250,0,0,0,0
504134201,1,1,20121156,0,0,0,0
504134201,1,2,20171305,0,0,0,0
504134201,1,3,20031285,0,0,0,0
504134301,1,1,20131245,0,0,0,0
504134301,1,2,10201283,0,0,0,0
504134301,1,3,10301387,0,0,0,0
504134401,1,1,10131399,0,0,0,0
504134401,1,2,20061188,0,0,0,0
504134401,1,3,20131143,0,0,0,0
504134501,1,1,15091309,0,1,1,0
504134601,1,1,20151245,0,0,0,0
504134601,1,2,20161241,0,0,0,0
504134601,1,3,20061358,0,0,0,0
504134701,1,1,20071340,0,0,0,0
504134701,1,2,20131246,0,0,0,0
504134701,1,3,20111322,0,0,0,0
504134801,1,1,10321181,0,0,0,0
504134801,1,2,20011262,0,0,0,0
504134801,1,3,10201284,0,0,0,0
504134901,1,1,20101335,0,0,0,0
504134901,1,2,20151246,0,0,0,0
504134901,1,3,20051303,0,0,0,0
504135001,1,1,15111309,0,1,1,0
504135101,1,1,20111153,0,0,0,0
504135101,1,2,20301212,0,0,0,0
504135101,1,3,10291289,0,0,0,0
504135201,1,1,20151367,0,0,0,0
504135201,1,2,20191120,0,0,0,0
504135201,1,3,20041159,0,0,0,0
504135301,1,1,10321363,0,0,0,0
504135301,1,2,20011170,0,0,0,0
504135301,1,3,20091319,0,0,0,0
504135401,1,1,20131247,0,0,0,0
504135401,1,2,20031165,0,0,0,0
504135401,1,3,30071105,0,0,0,0
504135501,1,1,15011605,0,1,1,0
504135601,1,1,10211349,0,0,0,0
504135601,1,2,20161166,0,0,0,0
504135601,1,3,20021249,0,0,0,0
504135701,1,1,20301213,0,0,0,0
504135701,1,2,20021250,0,0,0,0
504135701,1,3,20101336,0,0,0,0
504135801,1,1,20041349,0,0,0,0
504135801,1,2,10321364,0,0,0,0
504135801,1,3,20141315,0,0,0,0
504135901,1,1,10211350,0,0,0,0
504135901,1,2,20061189,0,0,0,0
504135901,1,3,20061359,0,0,0,0
504136001,1,1,15041608,0,1,1,0
504136101,1,1,10291290,0,0,0,0
504136101,1,2,10301388,0,0,0,0
504136101,1,3,20131303,0,0,0,0
504136201,1,1,20121319,0,0,0,0
504136201,1,2,20171306,0,0,0,0
504136201,1,3,20131144,0,0,0,0
504136301,1,1,10291291,0,0,0,0
504136301,1,2,20021251,0,0,0,0
504136301,1,3,20301214,0,0,0,0
504136401,1,1,10291397,0,0,0,0
504136401,1,2,10321365,0,0,0,0
504136401,1,3,20301104,0,0,0,0
504136501,1,1,15031511,0,1,1,0
504136601,1,1,20061360,0,0,0,0
504136601,1,2,10321182,0,0,0,0
504136601,1,3,20121246,0,0,0,0
504136701,1,1,20151247,0,0,0,0
504136701,1,2,20101143,0,0,0,0
504136701,1,3,20171307,0,0,0,0
504136801,1,1,20161319,0,0,0,0
504136801,1,2,10291398,0,0,0,0
504136801,1,3,20081282,0,0,0,0
504136901,1,1,20191232,0,0,0,0
504136901,1,2,20101337,0,0,0,0
504136901,1,3,20021326,0,0,0,0
504137001,1,1,15051513,0,1,1,0
504137101,1,1,20291206,0,0,0,0
504137101,1,2,20071268,0,0,0,0
504137101,1,3,20301224,0,0,0,0
504137201,1,1,20151119,0,0,0,0
504137201,1,2,20191301,0,0,0,0
504137201,1,3,20111154,0,0,0,0
504137301,1,1,20191238,0,0,0,0
504137301,1,2,20061247,0,0,0,0
504137301,1,3,20031289,0,0,0,0
504137401,1,1,20151374,0,0,0,0
504137401,1,2,20301225,0,0,0,0
504137401,1,3,20191126,0,0,0,0
504137501,1,1,15031314,0,1,1,0
504137601,1,1,20131305,0,0,0,0
504137601,1,2,20141253,0,0,0,0
504137601,1,3,10291191,0,0,0,0
504137701,1,1,20091233,0,0,0,0
504137701,1,2,20071269,0,0,0,0
504137701,1,3,20081181,0,0,0,0
504137801,1,1,20171149,0,0,0,0
504137801,1,2,20021335,0,0,0,0
504137801,1,3,20131149,0,0,0,0
504137901,1,1,20021336,0,0,0,0
504137901,1,2,20091234,0,0,0,0
504137901,1,3,20161244,0,0,0,0
504138001,1,1,15031412,0,1,1,0
504138101,1,1,20011275,0,0,0,0
504138101,1,2,20041276,0,0,0,0
504138101,1,3,20291302,0,0,0,0
504138201,1,1,20041360,0,0,0,0
504138201,1,2,20161178,0,0,0,0
504138201,1,3,20171312,0,0,0,0
504138301,1,1,20071342,0,0,0,0
504138301,1,2,20171313,0,0,0,0
504138301,1,3,20141318,0,0,0,0
504138401,1,1,20121160,0,0,0,0
504138401,1,2,20061248,0,0,0,0
504138401,1,3,20161179,0,0,0,0
504138501,1,1,15091312,0,1,1,0
504138601,1,1,20081293,0,0,0,0
504138601,1,2,20161245,0,0,0,0
504138601,1,3,10291192,0,0,0,0
504138701,1,1,20071343,0,0,0,0
504138701,1,2,20041361,0,0,0,0
504138701,1,3,20141319,0,0,0,0
504138801,1,1,20041362,0,0,0,0
504138801,1,2,30071117,0,0,0,0
504138801,1,3,20171314,0,0,0,0
504138901,1,1,20301116,0,0,0,0
504138901,1,2,20181114,0,0,0,0
504138901,1,3,20111330,0,0,0,0
504139001,1,1,15101219,0,1,1,0
504139101,1,1,20111331,0,0,0,0
504139101,1,2,20131306,0,0,0,0
504139101,1,3,20181208,0,0,0,0
504139201,1,1,20091235,0,0,0,0
504139201,1,2,20191302,0,0,0,0
504139201,1,3,20021337,0,0,0,0
504139301,1,1,20161326,0,0,0,0
504139301,1,2,20081383,0,0,0,0
504139301,1,3,20061197,0,0,0,0
504139401,1,1,20291207,0,0,0,0
504139401,1,2,20051308,0,0,0,0
504139401,1,3,10321291,0,0,0,0
504139501,1,1,15041320,0,1,1,0
504139601,1,1,20181325,0,0,0,0
504139601,1,2,20301302,0,0,0,0
504139601,1,3,20061249,0,0,0,0
504139701,1,1,20191127,0,0,0,0
504139701,1,2,20131150,0,0,0,0
504139701,1,3,20111265,0,0,0,0
504139801,1,1,20191303,0,0,0,0
504139801,1,2,10321292,0,0,0,0
504139801,1,3,20061367,0,0,0,0
504139901,1,1,20071344,0,0,0,0
504139901,1,2,20291208,0,0,0,0
504139901,1,3,20141320,0,0,0,0
504140001,1,1,15051315,0,1,1,0
504140101,1,1,20291216,0,0,0,0
504140101,1,2,20161261,0,0,0,0
504140101,1,3,20061258,0,0,0,0
504140201,1,1,30071127,0,0,0,0
504140201,1,2,20141332,0,0,0,0
504140201,1,3,20071283,0,0,0,0
504140301,1,1,20321202,0,0,0,0
504140301,1,2,10311291,0,0,0,0
504140301,1,3,20051287,0,0,0,0
504140401,1,1,20111280,0,0,0,0
504140401,1,2,20291104,0,0,0,0
504140401,1,3,20131312,0,0,0,0
504140501,1,1,15011205,0,1,1,0
504140601,1,1,20151132,0,0,0,0
504140601,1,2,20071285,0,0,0,0
504140601,1,3,30011304,0,0,0,0
504140701,1,1,20051288,0,0,0,0
504140701,1,2,20191320,0,0,0,0
504140701,1,3,10321195,0,0,0,0
504140801,1,1,20131266,0,0,0,0
504140801,1,2,20041183,0,0,0,0
504140801,1,3,20291321,0,0,0,0
504140901,1,1,20051183,0,0,0,0
504140901,1,2,20171263,0,0,0,0
504140901,1,3,20181127,0,0,0,0
504141001,1,1,15101311,0,1,1,0
504141101,1,1,30071129,0,0,0,0
504141101,1,2,20301238,0,0,0,0
504141101,1,3,20141333,0,0,0,0
504141201,1,1,20051317,0,0,0,0
504141201,1,2,20291323,0,0,0,0
504141201,1,3,20111344,0,0,0,0
504141301,1,1,10311292,0,0,0,0
504141301,1,2,20041288,0,0,0,0
504141301,1,3,30071130,0,0,0,0
504141401,1,1,20171164,0,0,0,0
504141401,1,2,20101268,0,0,0,0
504141401,1,3,20031369,0,0,0,0
504141501,1,1,15011413,0,1,1,0
504141601,1,1,20041289,0,0,0,0
504141601,1,2,30081203,0,0,0,0
504141601,1,3,20321203,0,0,0,0
504141701,1,1,20161262,0,0,0,0
504141701,1,2,20291217,0,0,0,0
504141701,1,3,20111281,0,0,0,0
504141801,1,1,20121334,0,0,0,0
504141801,1,2,20151263,0,0,0,0
504141801,1,3,20031297,0,0,0,0
504141901,1,1,20071354,0,0,0,0
504141901,1,2,20061259,0,0,0,0
504141901,1,3,20161263,0,0,0,0
504142001,1,1,15051515,0,1,1,0
504142101,1,1,20291105,0,0,0,0
504142101,1,2,20041290,0,0,0,0
504142101,1,3,20301239,0,0,0,0
504142201,1,1,20181337,0,0,0,0
504142201,1,2,20071355,0,0,0,0
504142201,1,3,20091246,0,0,0,0
504142301,1,1,30081301,0,0,0,0
504142301,1,2,20151133,0,0,0,0
504142301,1,3,20301239,0,0,0,0
504142401,1,1,20291106,0,0,0,0
504142401,1,2,20011282,0,0,0,0
504142401,1,3,20091247,0,0,0,0
504142501,1,1,15031143,0,1,1,0
504142601,1,1,30081302,0,0,0,0
504142601,1,2,20131161,0,0,0,0
504142601,1,3,20161191,0,0,0,0
504142701,1,1,20171165,0,0,0,0
504142701,1,2,30081303,0,0,0,0
504142701,1,3,20141264,0,0,0,0
504142801,1,1,10321378,0,0,0,0
504142801,1,2,30081205,0,0,0,0
504142801,1,3,20061260,0,0,0,0
504142901,1,1,20161264,0,0,0,0
504142901,1,2,20171268,0,0,0,0
504142901,1,3,20141265,0,0,0,0
504143001,1,1,15091210,0,1,1,0
504143101,1,1,20181133,0,0,0,0
504143101,1,2,20141186,0,0,0,0
504143101,1,3,20161197,0,0,0,0
504143201,1,1,10321383,0,0,0,0
504143201,1,2,20041383,0,0,0,0
504143201,1,3,20291116,0,0,0,0
504143301,1,1,20141281,0,0,0,0
504143301,1,2,20071298,0,0,0,0
504143301,1,3,20091148,0,0,0,0
504143401,1,1,20031381,0,0,0,0
504143401,1,2,20301255,0,0,0,0
504143401,1,3,10311142,0,0,0,0
504143501,1,1,15111209,0,1,1,0
504143601,1,1,30151309,0,0,0,0
504143601,1,2,30081104,0,0,0,0
504143601,1,3,20121186,0,0,0,0
504143701,1,1,20301319,0,0,0,0
504143701,1,2,20141187,0,0,0,0
504143701,1,3,10201186,0,0,0,0
504143801,1,1,10311143,0,0,0,0
504143801,1,2,20021280,0,0,0,0
504143801,1,3,30081216,0,0,0,0
504143901,1,1,20291331,0,0,0,0
504143901,1,2,20131167,0,0,0,0
504143901,1,3,20101278,0,0,0,0
504144001,1,1,15031316,0,1,1,0
504144101,1,1,10201288,0,0,0,0
504144101,1,2,20301256,0,0,0,0
504144101,1,3,20151274,0,0,0,0
504144201,1,1,20091149,0,0,0,0
504144201,1,2,10211363,0,0,0,0
504144201,1,3,20091259,0,0,0,0
504144301,1,1,20171282,0,0,0,0
504144301,1,2,30071142,0,0,0,0
504144301,1,3,20301257,0,0,0,0
504144401,1,1,20071299,0,0,0,0
504144401,1,2,20131279,0,0,0,0
504144401,1,3,20171344,0,0,0,0
504144501,1,1,15041321,0,1,1,0
504144601,1,1,30081105,0,0,0,0
504144601,1,2,20161270,0,0,0,0
504144601,1,3,20091353,0,0,0,0
504144701,1,1,20131320,0,0,0,0
504144701,1,2,20111352,0,0,0,0
504144701,1,3,20171172,0,0,0,0
504144801,1,1,20041384,0,0,0,0
504144801,1,2,20121270,0,0,0,0
504144801,1,3,20171345,0,0,0,0
504144901,1,1,20171346,0,0,0,0
504144901,1,2,20291231,0,0,0,0
504144901,1,3,30061117,0,0,0,0
504145001,1,1,15091317,0,1,1,0
504145101,1,1,20191160,0,0,0,0
504145101,1,2,20091260,0,0,0,0
504145101,1,3,20131280,0,0,0,0
504145201,1,1,20181228,0,0,0,0
504145201,1,2,30081315,0,0,0,0
504145201,1,3,20071366,0,0,0,0
504145301,1,1,30151310,0,0,0,0
504145301,1,2,30071201,0,0,0,0
504145301,1,3,20301258,0,0,0,0
504145401,1,1,20171283,0,0,0,0
504145401,1,2,20141282,0,0,0,0
504145401,1,3,30151311,0,0,0,0
504145501,1,1,15011306,0,1,1,0
504145601,1,1,10211364,0,0,0,0
504145601,1,2,20041196,0,0,0,0
504145601,1,3,30031204,0,0,0,0
504145701,1,1,10201289,0,0,0,0
504145701,1,2,20071367,0,0,0,0
504145701,1,3,20161271,0,0,0,0
504145801,1,1,20031382,0,0,0,0
504145801,1,2,20021360,0,0,0,0
504145801,1,3,20181351,0,0,0,0
504145901,1,1,20161346,0,0,0,0
504145901,1,2,20041197,0,0,0,0
504145901,1,3,20161198,0,0,0,0
504146001,1,1,15051516,0,1,1,0
504146101,1,1,10321393,0,0,0,0
504146101,1,2,20171186,0,0,0,0
504146101,1,3,20061280,0,0,0,0
504146201,1,1,20141291,0,0,0,0
504146201,1,2,20031199,0,0,0,0
504146201,1,3,20291125,0,0,0,0
504146301,1,1,20071377,0,0,0,0
504146301,1,2,10321394,0,0,0,0
504146301,1,3,10201290,0,0,0,0
504146401,1,1,20121360,0,0,0,0
504146401,1,2,20121287,0,0,0,0
504146401,1,3,30081226,0,0,0,0
504146501,1,1,15031216,0,1,1,0
504146601,1,1,20321114,0,0,0,0
504146601,1,2,10211275,0,0,0,0
504146601,1,3,20131176,0,0,0,0
504146701,1,1,20141197,0,0,0,0
504146701,1,2,20151286,0,0,0,0
504146701,1,3,20181140,0,0,0,0
504146801,1,1,20161355,0,0,0,0
504146801,1,2,20141347,0,0,0,0
504146801,1,3,30081227,0,0,0,0
504146901,1,1,20161279,0,0,0,0
504146901,1,2,20111298,0,0,0,0
504146901,1,3,20061399,0,0,0,0
504147001,1,1,15101226,0,1,1,0
504147101,1,1,20171359,0,0,0,0
504147101,1,2,20301268,0,0,0,0
504147101,1,3,20181141,0,0,0,0
504147201,1,1,20121361,0,0,0,0
504147201,1,2,30081118,0,0,0,0
504147201,1,3,20181240,0,0,0,0
504147301,1,1,10311153,0,0,0,0
504147301,1,2,20141348,0,0,0,0
504147301,1,3,20111299,0,0,0,0
504147401,1,1,20191174,0,0,0,0
504147401,1,2,20171298,0,0,0,0
504147401,1,3,30081228,0,0,0,0
504147501,1,1,15051321,0,1,1,0
504147601,1,1,20141198,0,0,0,0
504147601,1,2,20181142,0,0,0,0
504147601,1,3,20061400,0,0,0,0
504147701,1,1,20141292,0,0,0,0
504147701,1,2,30151320,0,0,0,0
504147701,1,3,10311154,0,0,0,0
504147801,1,1,20321214,0,0,0,0
504147801,1,2,20301269,0,0,0,0
504147801,1,3,20071378,0,0,0,0
504147901,1,1,20161280,0,0,0,0
504147901,1,2,20181359,0,0,0,0
504147901,1,3,30061129,0,0,0,0
504148001,1,1,15111321,0,1,1,0
504148101,1,1,30071153,0,0,0,0
504148101,1,2,30081229,0,0,0,0
504148101,1,3,10311344,0,0,0,0
504148201,1,1,20061281,0,0,0,0
504148201,1,2,10321395,0,0,0,0
504148201,1,3,20141349,0,0,0,0
504148301,1,1,20131177,0,0,0,0
504148301,1,2,30071154,0,0,0,0
504148301,1,3,20301270,0,0,0,0
504148401,1,1,30061130,0,0,0,0
504148401,1,2,30081324,0,0,0,0
504148401,1,3,20181360,0,0,0,0
504148501,1,1,15091127,0,1,1,0
504148601,1,1,20321215,0,0,0,0
504148601,1,2,30081119,0,0,0,0
504148601,1,3,20101291,0,0,0,0
504148701,1,1,20151157,0,0,0,0
504148701,1,2,10211370,0,0,0,0
504148701,1,3,30061131,0,0,0,0
504148801,1,1,20181143,0,0,0,0
504148801,1,2,30081325,0,0,0,0
504148801,1,3,30081326,0,0,0,0
504148901,1,1,20321216,0,0,0,0
504148901,1,2,20291348,0,0,0,0
504148901,1,3,20061282,0,0,0,0
504149001,1,1,15051409,0,1,1,0
504149101,1,1,30061307,0,0,0,0
504149101,1,2,30151328,0,0,0,0
504149101,1,3,30141205,0,0,0,0
504149201,1,1,20301280,0,0,0,0
504149201,1,2,20151298,0,0,0,0
504149201,1,3,20191349,0,0,0,0
504149301,1,1,30081335,0,0,0,0
504149301,1,2,30061139,0,0,0,0
504149301,1,3,10311300,0,0,0,0
504149401,1,1,30131202,0,0,0,0
504149401,1,2,20301150,0,0,0,0
504149401,1,3,20291357,0,0,0,0
504149501,1,1,15091319,0,1,1,0
504149601,1,1,30081237,0,0,0,0
504149601,1,2,20191182,0,0,0,0
504149601,1,3,20321306,0,0,0,0
504149701,1,1,30071167,0,0,0,0
504149701,1,2,20301341,0,0,0,0
504149701,1,3,20191280,0,0,0,0
504149801,1,1,10201192,0,0,0,0
504149801,1,2,30081238,0,0,0,0
504149801,1,3,20161363,0,0,0,0
504149901,1,1,30051113,0,0,0,0
504149901,1,2,20301281,0,0,0,0
504149901,1,3,20181251,0,0,0,0
504150001,1,1,15051322,0,1,1,0
504150101,1,1,20321226,0,0,0,0
504150101,1,2,20071387,0,0,0,0
504150101,1,3,20151165,0,0,0,0
504150201,1,1,20071388,0,0,0,0
504150201,1,2,30081126,0,0,0,0
504150201,1,3,20131336,0,0,0,0
504150301,1,1,20091275,0,0,0,0
504150301,1,2,30071218,0,0,0,0
504150301,1,3,20061295,0,0,0,0
504150401,1,1,20291358,0,0,0,0
504150401,1,2,30031232,0,0,0,0
504150401,1,3,30021202,0,0,0,0
504150501,1,1,15101313,0,1,1,0
504150601,1,1,30061140,0,0,0,0
504150601,1,2,20301342,0,0,0,0
504150601,1,3,20131337,0,0,0,0
504150701,1,1,20291133,0,0,0,0
504150701,1,2,30081336,0,0,0,0
504150701,1,3,20111379,0,0,0,0
504150801,1,1,30081127,0,0,0,0
504150801,1,2,20151166,0,0,0,0
504150801,1,3,10211372,0,0,0,0
504150901,1,1,20291134,0,0,0,0
504150901,1,2,10201193,0,0,0,0
504150901,1,3,30081337,0,0,0,0
504151001,1,1,15091616,0,1,1,0
504151101,1,1,30161122,0,0,0,0
504151101,1,2,20301343,0,0,0,0
504151101,1,3,20291246,0,0,0,0
504151201,1,1,20311201,0,0,0,0
504151201,1,2,20071389,0,0,0,0
504151201,1,3,20301282,0,0,0,0
504151301,1,1,30061308,0,0,0,0
504151301,1,2,20151299,0,0,0,0
504151301,1,3,20191350,0,0,0,0
504151401,1,1,20141357,0,0,0,0
504151401,1,2,30081128,0,0,0,0
504151401,1,3,20291247,0,0,0,0
504151501,1,1,15041425,0,1,1,0
504151601,1,1,20151167,0,0,0,0
504151601,1,2,30081239,0,0,0,0
504151601,1,3,20321124,0,0,0,0
504151701,1,1,30141206,0,0,0,0
504151701,1,2,20091367,0,0,0,0
504151701,1,3,20301151,0,0,0,0
504151801,1,1,20311202,0,0,0,0
504151801,1,2,30121101,0,0,0,0
504151801,1,3,20181252,0,0,0,0
504151901,1,1,20291359,0,0,0,0
504151901,1,2,30071219,0,0,0,0
504151901,1,3,30111209,0,0,0,0
504152001,1,1,15101516,0,1,1,0
504152101,1,1,20131340,0,0,0,0
504152101,1,2,20171196,0,0,0,0
504152101,1,3,30161125,0,0,0,0
504152201,1,1,20321125,0,0,0,0
504152201,1,2,20291363,0,0,0,0
504152201,1,3,20301153,0,0,0,0
504152301,1,1,20161291,0,0,0,0
504152301,1,2,20151205,0,0,0,0
504152301,1,3,30081340,0,0,0,0
504152401,1,1,20301346,0,0,0,0
504152401,1,2,30071221,0,0,0,0
504152401,1,3,20301154,0,0,0,0
504152501,1,1,15031612,0,1,1,0
504152601,1,1,20181254,0,0,0,0
504152601,1,2,20301155,0,0,0,0
504152601,1,3,30061141,0,0,0,0
504152701,1,1,20321228,0,0,0,0
504152701,1,2,30081341,0,0,0,0
504152701,1,3,20201302,0,0,0,0
504152801,1,1,30081342,0,0,0,0
504152801,1,2,20191353,0,0,0,0
504152801,1,3,30041301,0,0,0,0
504152901,1,1,30071222,0,0,0,0
504152901,1,2,30141208,0,0,0,0
504152901,1,3,20191288,0,0,0,0
504153001,1,1,15051816,0,1,1,0
504153101,1,1,20321307,0,0,0,0
504153101,1,2,20301347,0,0,0,0
504153101,1,3,20311203,0,0,0,0
504153201,1,1,20301285,0,0,0,0
504153201,1,2,30071169,0,0,0,0
504153201,1,3,10311157,0,0,0,0
504153301,1,1,30141209,0,0,0,0
504153301,1,2,20141362,0,0,0,0
504153301,1,3,30061314,0,0,0,0
504153401,1,1,20161292,0,0,0,0
504153401,1,2,20151169,0,0,0,0
504153401,1,3,10311346,0,0,0,0
504153501,1,1,15111410,0,1,1,0
504153601,1,1,20311204,0,0,0,0
504153601,1,2,20141363,0,0,0,0
504153601,1,3,20101394,0,0,0,0
504153701,1,1,20061298,0,0,0,0
504153701,1,2,20191354,0,0,0,0
504153701,1,3,20301286,0,0,0,0
504153801,1,1,30141112,0,0,0,0
504153801,1,2,30161126,0,0,0,0
504153801,1,3,20191355,0,0,0,0
504153901,1,1,20161373,0,0,0,0
504153901,1,2,20201303,0,0,0,0
504153901,1,3,20071390,0,0,0,0
504154001,1,1,15101412,0,1,1,0
504154101,1,1,10211173,0,0,0,0
504154101,1,2,20151170,0,0,0,0
504154101,1,3,20171197,0,0,0,0
504154201,1,1,30081245,0,0,0,0
504154201,1,2,20161374,0,0,0,0
504154201,1,3,20321229,0,0,0,0
504154301,1,1,30061315,0,0,0,0
504154301,1,2,20141364,0,0,0,0
504154301,1,3,20301287,0,0,0,0
504154401,1,1,30141210,0,0,0,0
504154401,1,2,30081246,0,0,0,0
504154401,1,3,20151206,0,0,0,0
504154501,1,1,15051518,0,1,1,0
504154601,1,1,30161127,0,0,0,0
504154601,1,2,20311205,0,0,0,0
504154601,1,3,30071170,0,0,0,0
504154701,1,1,30061142,0,0,0,0
504154701,1,2,20161293,0,0,0,0
504154701,1,3,30131204,0,0,0,0
504154801,1,1,30061316,0,0,0,0
504154801,1,2,20171198,0,0,0,0
504154801,1,3,20161375,0,0,0,0
504154901,1,1,20301348,0,0,0,0
504154901,1,2,10311347,0,0,0,0
504154901,1,3,20151300,0,0,0,0
504155001,1,1,15091617,0,1,1,0
505100101,1,1,15021107,0,1,1,1
505100201,1,1,15041129,0,1,1,1
505100301,1,1,15031136,0,1,1,1
505100401,1,1,15051126,0,1,1,1
505100501,1,1,15101123,0,1,1,1
505101101,1,1,15021117,0,1,1,1
505102201,1,1,15041140,0,1,1,1
505103301,1,1,15031139,0,1,1,1
505104401,1,1,15051127,0,1,1,1
505105501,1,1,15101126,0,1,1,1
506100101,1,1,10011236,0,0,0,0
506100101,1,2,10041240,0,0,0,0
506100101,1,3,10061315,0,0,0,0
506100102,1,1,10121319,0,0,0,0
506100102,1,2,10021229,0,0,0,0
506100102,1,3,10051231,0,0,0,0
506100103,1,1,10031211,0,0,0,0
506100103,1,2,10081235,0,0,0,0
506100103,1,3,10101228,0,0,0,0
506100104,1,1,10041210,0,0,0,0
506100104,1,2,10031234,0,0,0,0
506100104,1,3,10051211,0,0,0,0
506100105,1,1,10011214,0,0,0,0
506100105,1,2,10031231,0,0,0,0
506100105,1,3,10121316,0,0,0,0
506100106,1,1,10101210,0,0,0,0
506100106,1,2,10021211,0,0,0,0
506100106,1,3,10131231,0,0,0,0
506100201,1,1,10011237,0,0,0,0
506100201,1,2,10041235,0,0,0,0
506100201,1,3,10061313,0,0,0,0
506100202,1,1,10121314,0,0,0,0
506100202,1,2,10021230,0,0,0,0
506100202,1,3,10051232,0,0,0,0
506100203,1,1,10031212,0,0,0,0
506100203,1,2,10081236,0,0,0,0
506100203,1,3,10101229,0,0,0,0
506100204,1,1,10041211,0,0,0,0
506100204,1,2,10031235,0,0,0,0
506100204,1,3,10051212,0,0,0,0
506100205,1,1,10011215,0,0,0,0
506100205,1,2,10031232,0,0,0,0
506100205,1,3,10121317,0,0,0,0
506100206,1,1,10101211,0,0,0,0
506100206,1,2,10021212,0,0,0,0
506100206,1,3,10131232,0,0,0,0
506100301,1,1,10011238,0,0,0,0
506100301,1,2,10041236,0,0,0,0
506100301,1,3,10061314,0,0,0,0
506100302,1,1,10121315,0,0,0,0
506100302,1,2,10021231,0,0,0,0
506100302,1,3,10051233,0,0,0,0
506100303,1,1,10031213,0,0,0,0
506100303,1,2,10081237,0,0,0,0
506100303,1,3,10101230,0,0,0,0
506100304,1,1,10041212,0,0,0,0
506100304,1,2,10031236,0,0,0,0
506100304,1,3,10051213,0,0,0,0
506100305,1,1,10011216,0,0,0,0
506100305,1,2,10031233,0,0,0,0
506100305,1,3,10121318,0,0,0,0
506100306,1,1,10101212,0,0,0,0
506100306,1,2,10021213,0,0,0,0
506100306,1,3,10131233,0,0,0,0
506100401,1,1,10011253,0,0,0,0
506100401,1,2,10041253,0,0,0,0
506100401,1,3,10061324,0,0,0,0
506100402,1,1,10121323,0,0,0,0
506100402,1,2,10021250,0,0,0,0
506100402,1,3,10051247,0,0,0,0
506100403,1,1,10031249,0,0,0,0
506100403,1,2,10081254,0,0,0,0
506100403,1,3,10101243,0,0,0,0
506100404,1,1,10041253,0,0,0,0
506100404,1,2,10031249,0,0,0,0
506100404,1,3,10051247,0,0,0,0
506100405,1,1,10011253,0,0,0,0
506100405,1,2,10031249,0,0,0,0
506100405,1,3,10121323,0,0,0,0
506100406,1,1,10101243,0,0,0,0
506100406,1,2,10021250,0,0,0,0
506100406,1,3,10131238,0,0,0,0
506100501,1,1,20011255,0,0,0,0
506100501,1,2,20041257,0,0,0,0
506100501,1,3,20061329,0,0,0,0
506100502,1,1,20121315,0,0,0,0
506100502,1,2,20021239,0,0,0,0
506100502,1,3,20051252,0,0,0,0
506100503,1,1,20031263,0,0,0,0
506100503,1,2,20081257,0,0,0,0
506100503,1,3,20101234,0,0,0,0
506100504,1,1,20041257,0,0,0,0
506100504,1,2,20031263,0,0,0,0
506100504,1,3,20051252,0,0,0,0
506100505,1,1,20011255,0,0,0,0
506100505,1,2,20031263,0,0,0,0
506100505,1,3,20121315,0,0,0,0
506100506,1,1,20101234,0,0,0,0
506100506,1,2,20021239,0,0,0,0
506100506,1,3,20131236,0,0,0,0
509100001,1,1,15011401,0,1,1,0
509100101,1,1,15011401,18013101,1,1,0
509100201,1,1,15011404,18013201,1,1,0
509100301,1,1,15011411,0,1,1,0
509100302,1,1,15011412,18013301,1,1,0
509100401,1,1,15011414,0,1,1,0
509100402,1,1,15011415,0,1,1,0
509100403,1,1,15011416,18013401,1,1,0
509200001,1,1,15041401,0,1,1,0
509200101,1,1,15041401,18023101,1,1,0
509200201,1,1,15041402,18023201,1,1,0
509200301,1,1,15041411,0,1,1,0
509200302,1,1,15041412,18023301,1,1,0
509200401,1,1,15041421,0,1,1,0
509200402,1,1,15041422,0,1,1,0
509200403,1,1,15041423,18023401,1,1,0
509300001,1,1,15031401,0,1,1,0
509300101,1,1,15031401,18033101,1,1,0
509300201,1,1,15031402,18033201,1,1,0
509300301,1,1,15031410,0,1,1,0
509300302,1,1,15031411,18033301,1,1,0
509300401,1,1,15031419,0,1,1,0
509300402,1,1,15031420,0,1,1,0
509300403,1,1,15031421,18033401,1,1,0
509400101,1,1,15051601,0,1,1,0
509400201,1,1,15051601,18043101,1,1,0
509400301,1,1,15051604,18043201,1,1,0
509400401,1,1,15051610,0,1,1,0
509400402,1,1,15051611,18043301,1,1,0
509400501,1,1,15051618,0,1,1,0
509400502,1,1,15051619,0,1,1,0
509400503,1,1,15051620,18043401,1,1,0
509500101,1,1,15101401,0,1,1,0
509500201,1,1,15101401,18053101,1,1,0
509500301,1,1,15101407,18053201,1,1,0
509500401,1,1,15101409,0,1,1,0
509500402,1,1,15101410,18053301,1,1,0
509600101,1,1,15091601,0,1,1,0
509600201,1,1,15091601,18063101,1,1,0
509600301,1,1,15091602,18063201,1,1,0
509600401,1,1,15091607,0,1,1,0
509600402,1,1,15091608,18063301,1,1,0
509600501,1,1,15091613,0,1,1,0
509600502,1,1,15091614,0,1,1,0
509600503,1,1,15091615,18063401,1,1,0
509700101,1,1,15111401,0,1,1,0
509700201,1,1,15111401,18073101,1,1,0
509700301,1,1,15111402,18073201,1,1,0
509700401,1,1,15111408,0,1,1,0
509700402,1,1,15111409,18073301,1,1,0
509800101,1,1,15091901,18083101,1,1,0
509800201,1,1,15091902,18083201,1,1,0
509800301,1,1,15091903,0,1,1,0
509800302,1,1,15091904,18083301,1,1,0
509900101,1,1,16051201,18093101,1,1,0
509900201,1,1,16051202,18093201,1,1,0
509900301,1,1,16051203,0,1,1,0
509900302,2,1,16051204,18093301,1,1,0
510100101,1,1,10011250,0,0,0,0
510100101,1,2,10011315,0,0,0,0
510100101,1,3,10061240,0,0,0,0
510100102,1,1,10011250,0,0,0,0
510100102,1,2,10011315,0,0,0,0
510100102,1,3,10061240,0,0,0,0
510100103,1,1,10151221,0,1,1,0
510100201,1,1,10021246,0,0,0,0
510100201,1,2,10081313,0,0,0,0
510100201,1,3,10111231,0,0,0,0
510100202,1,1,10021246,0,0,0,0
510100202,1,2,10081313,0,0,0,0
510100202,1,3,10111231,0,0,0,0
510100203,1,1,15031301,19013101,1,1,0
510100301,1,1,10011251,0,0,0,0
510100301,1,2,10011316,0,0,0,0
510100301,1,3,10061241,0,0,0,0
510100302,1,1,10011251,0,0,0,0
510100302,1,2,10011316,0,0,0,0
510100302,1,3,10061241,0,0,0,0
510100303,1,1,10151222,0,1,1,0
510100401,1,1,10021247,0,0,0,0
510100401,1,2,10081314,0,0,0,0
510100401,1,3,10111232,0,0,0,0
510100402,1,1,10021247,0,0,0,0
510100402,1,2,10081314,0,0,0,0
510100402,1,3,10111232,0,0,0,0
510100403,1,1,15031302,19013102,1,1,0
510100501,1,1,10011252,0,0,0,0
510100501,1,2,10011317,0,0,0,0
510100501,1,3,10061242,0,0,0,0
510100502,1,1,10011252,0,0,0,0
510100502,1,2,10011317,0,0,0,0
510100502,1,3,10061242,0,0,0,0
510100503,1,1,10151223,0,1,1,0
510100601,1,1,10021248,0,0,0,0
510100601,1,2,10081315,0,0,0,0
510100601,1,3,10111233,0,0,0,0
510100602,1,1,10021248,0,0,0,0
510100602,1,2,10081315,0,0,0,0
510100602,1,3,10111233,0,0,0,0
510100603,1,1,15031303,19013103,1,1,0
510100701,1,1,20011225,0,0,0,0
510100701,1,2,20011320,0,0,0,0
510100701,1,3,10061292,0,0,0,0
510100702,1,1,20011225,0,0,0,0
510100702,1,2,20011320,0,0,0,0
510100702,1,3,10061292,0,0,0,0
510100703,1,1,10151287,0,1,1,0
510100801,1,1,20021208,0,0,0,0
510100801,1,2,10081380,0,0,0,0
510100801,1,3,10111297,0,0,0,0
510100802,1,1,20021208,0,0,0,0
510100802,1,2,10081380,0,0,0,0
510100802,1,3,10111297,0,0,0,0
510100803,1,1,15031306,19013104,1,1,0
510100901,1,1,30011207,0,0,0,0
510100901,1,2,30011324,0,0,0,0
510100901,1,3,20061287,0,0,0,0
510100902,1,1,30011207,0,0,0,0
510100902,1,2,30011324,0,0,0,0
510100902,1,3,20061287,0,0,0,0
510100903,1,1,20151290,0,1,1,0
510101001,1,1,20021295,0,0,0,0
510101001,1,2,30081327,0,0,0,0
510101001,1,3,30111201,0,0,0,0
510101002,1,1,20021295,0,0,0,0
510101002,1,2,30081327,0,0,0,0
510101002,1,3,30111201,0,0,0,0
510101003,1,1,15031321,19013105,1,1,0
510200101,1,1,10031253,0,0,0,0
510200101,1,2,10041257,0,0,0,0
510200101,1,3,10071241,0,0,0,0
510200102,1,1,10031253,0,0,0,0
510200102,1,2,10041257,0,0,0,0
510200102,1,3,10071241,0,0,0,0
510200103,1,1,10201219,0,1,1,0
510200201,1,1,10021255,0,0,0,0
510200201,1,2,10101246,0,0,0,0
510200201,1,3,10061244,0,0,0,0
510200202,1,1,10021255,0,0,0,0
510200202,1,2,10101246,0,0,0,0
510200202,1,3,10061244,0,0,0,0
510200203,1,1,15041301,19023101,1,1,0
510200301,1,1,10031254,0,0,0,0
510200301,1,2,10041258,0,0,0,0
510200301,1,3,10071242,0,0,0,0
510200302,1,1,10031254,0,0,0,0
510200302,1,2,10041258,0,0,0,0
510200302,1,3,10071242,0,0,0,0
510200303,1,1,10201220,0,1,1,0
510200401,1,1,10021256,0,0,0,0
510200401,1,2,10101247,0,0,0,0
510200401,1,3,10061245,0,0,0,0
510200402,1,1,10021256,0,0,0,0
510200402,1,2,10101247,0,0,0,0
510200402,1,3,10061245,0,0,0,0
510200403,1,1,15041302,19023102,1,1,0
510200501,1,1,10031255,0,0,0,0
510200501,1,2,10041259,0,0,0,0
510200501,1,3,10071209,0,0,0,0
510200502,1,1,10031255,0,0,0,0
510200502,1,2,10041259,0,0,0,0
510200502,1,3,10071209,0,0,0,0
510200503,1,1,10201227,0,1,1,0
510200601,1,1,10021257,0,0,0,0
510200601,1,2,10101248,0,0,0,0
510200601,1,3,10061246,0,0,0,0
510200602,1,1,10021257,0,0,0,0
510200602,1,2,10101248,0,0,0,0
510200602,1,3,10061246,0,0,0,0
510200603,1,1,15041306,19023103,1,1,0
510200701,1,1,20031247,0,0,0,0
510200701,1,2,20041248,0,0,0,0
510200701,1,3,20071233,0,0,0,0
510200702,1,1,20031247,0,0,0,0
510200702,1,2,20041248,0,0,0,0
510200702,1,3,20071233,0,0,0,0
510200703,1,1,10201267,0,1,1,0
510200801,1,1,20021227,0,0,0,0
510200801,1,2,20101219,0,0,0,0
510200801,1,3,20061222,0,0,0,0
510200802,1,1,20021227,0,0,0,0
510200802,1,2,20101219,0,0,0,0
510200802,1,3,20061222,0,0,0,0
510200803,1,1,15041312,19023104,1,1,0
510200901,1,1,30031215,0,0,0,0
510200901,1,2,30041207,0,0,0,0
510200901,1,3,30071209,0,0,0,0
510200902,1,1,30031215,0,0,0,0
510200902,1,2,30041207,0,0,0,0
510200902,1,3,30071209,0,0,0,0
510200903,1,1,10201291,0,1,1,0
510201001,1,1,30041207,0,0,0,0
510201001,1,2,20101292,0,0,0,0
510201001,1,3,20061286,0,0,0,0
510201002,1,1,30041207,0,0,0,0
510201002,1,2,20101292,0,0,0,0
510201002,1,3,20061286,0,0,0,0
510201003,1,1,15041323,19023105,1,1,0
510300101,1,1,10011192,0,0,0,0
510300101,1,2,10071250,0,0,0,0
510300101,1,3,10171320,0,0,0,0
510300102,1,1,10011192,0,0,0,0
510300102,1,2,10071250,0,0,0,0
510300102,1,3,10171320,0,0,0,0
510300103,1,1,10151317,0,1,1,0
510300201,1,1,10051267,0,0,0,0
510300201,1,2,10111248,0,0,0,0
510300201,1,3,10301203,0,0,0,0
510300202,1,1,10051267,0,0,0,0
510300202,1,2,10111248,0,0,0,0
510300202,1,3,10301203,0,0,0,0
510300203,1,1,15051505,19033101,1,1,0
510300301,1,1,10011193,0,0,0,0
510300301,1,2,10071251,0,0,0,0
510300301,1,3,10171321,0,0,0,0
510300302,1,1,10011193,0,0,0,0
510300302,1,2,10071251,0,0,0,0
510300302,1,3,10171321,0,0,0,0
510300303,1,1,10151318,0,1,1,0
510300401,1,1,10051268,0,0,0,0
510300401,1,2,10111249,0,0,0,0
510300401,1,3,10301204,0,0,0,0
510300402,1,1,10051268,0,0,0,0
510300402,1,2,10111249,0,0,0,0
510300402,1,3,10301204,0,0,0,0
510300403,1,1,15051506,19033102,1,1,0
510300501,1,1,10011103,0,0,0,0
510300501,1,2,10071274,0,0,0,0
510300501,1,3,10171341,0,0,0,0
510300502,1,1,10011103,0,0,0,0
510300502,1,2,10071274,0,0,0,0
510300502,1,3,10171341,0,0,0,0
510300503,1,1,10151336,0,1,1,0
510300601,1,1,10051285,0,0,0,0
510300601,1,2,10111206,0,0,0,0
510300601,1,3,10301319,0,0,0,0
510300602,1,1,10051285,0,0,0,0
510300602,1,2,10111206,0,0,0,0
510300602,1,3,10301319,0,0,0,0
510300603,1,1,15051508,19033103,1,1,0
510300701,1,1,20011155,0,0,0,0
510300701,1,2,20071234,0,0,0,0
510300701,1,3,10171393,0,0,0,0
510300702,1,1,20011155,0,0,0,0
510300702,1,2,20071234,0,0,0,0
510300702,1,3,10171393,0,0,0,0
510300703,1,1,20151346,0,1,1,0
510300801,1,1,20051237,0,0,0,0
510300801,1,2,20111228,0,0,0,0
510300801,1,3,10301361,0,0,0,0
510300802,1,1,20051237,0,0,0,0
510300802,1,2,20111228,0,0,0,0
510300802,1,3,10301361,0,0,0,0
510300803,1,1,15051510,19033104,1,1,0
510300901,1,1,30011106,0,0,0,0
510300901,1,2,30071210,0,0,0,0
510300901,1,3,20171360,0,0,0,0
510300902,1,1,30011106,0,0,0,0
510300902,1,2,30071210,0,0,0,0
510300902,1,3,20171360,0,0,0,0
510300903,1,1,30151321,0,1,1,0
510301001,1,1,20051300,0,0,0,0
510301001,1,2,20111300,0,0,0,0
510301001,1,3,20301330,0,0,0,0
510301002,1,1,20051300,0,0,0,0
510301002,1,2,20111300,0,0,0,0
510301002,1,3,20301330,0,0,0,0
510301003,1,1,15051517,19033105,1,1,0
510400101,1,1,10101361,0,0,0,0
510400101,1,2,10121365,0,0,0,0
510400101,1,3,20081101,0,0,0,0
510400102,1,1,10101361,0,0,0,0
510400102,1,2,10121365,0,0,0,0
510400102,1,3,20081101,0,0,0,0
510400103,1,1,10301238,0,1,1,0
510400201,1,1,10021366,0,0,0,0
510400201,1,2,10161178,0,0,0,0
510400201,1,3,10181258,0,0,0,0
510400202,1,1,10021366,0,0,0,0
510400202,1,2,10161178,0,0,0,0
510400202,1,3,10181258,0,0,0,0
510400203,1,1,15091302,19043101,1,1,0
510400301,1,1,10101362,0,0,0,0
510400301,1,2,10121366,0,0,0,0
510400301,1,3,20081102,0,0,0,0
510400302,1,1,10101362,0,0,0,0
510400302,1,2,10121366,0,0,0,0
510400302,1,3,20081102,0,0,0,0
510400303,1,1,10301239,0,1,1,0
510400401,1,1,10021367,0,0,0,0
510400401,1,2,10161179,0,0,0,0
510400401,1,3,10181259,0,0,0,0
510400402,1,1,10021367,0,0,0,0
510400402,1,2,10161179,0,0,0,0
510400402,1,3,10181259,0,0,0,0
510400403,1,1,15091303,19043102,1,1,0
510400501,1,1,20101314,0,0,0,0
510400501,1,2,20121304,0,0,0,0
510400501,1,3,20081147,0,0,0,0
510400502,1,1,20101314,0,0,0,0
510400502,1,2,20121304,0,0,0,0
510400502,1,3,20081147,0,0,0,0
510400503,1,1,10301279,0,1,1,0
510400601,1,1,20021310,0,0,0,0
510400601,1,2,20161151,0,0,0,0
510400601,1,3,10181284,0,0,0,0
510400602,1,1,20021310,0,0,0,0
510400602,1,2,20161151,0,0,0,0
510400602,1,3,10181284,0,0,0,0
510400603,1,1,15091306,19043103,1,1,0
510400701,1,1,20101339,0,0,0,0
510400701,1,2,20121322,0,0,0,0
510400701,1,3,20081169,0,0,0,0
510400702,1,1,20101339,0,0,0,0
510400702,1,2,20121322,0,0,0,0
510400702,1,3,20081169,0,0,0,0
510400703,1,1,20301215,0,1,1,0
510400801,1,1,20021328,0,0,0,0
510400801,1,2,20161167,0,0,0,0
510400801,1,3,20181206,0,0,0,0
510400802,1,1,20021328,0,0,0,0
510400802,1,2,20161167,0,0,0,0
510400802,1,3,20181206,0,0,0,0
510400803,1,1,15091310,19043304,1,1,0
510500101,1,1,20071144,0,0,0,0
510500101,1,2,10061370,0,0,0,0
510500101,1,3,10091371,0,0,0,0
510500102,1,1,20071144,0,0,0,0
510500102,1,2,10061370,0,0,0,0
510500102,1,3,10091371,0,0,0,0
510500103,1,1,10161274,0,1,1,0
510500201,1,1,10031384,0,0,0,0
510500201,1,2,10171280,0,0,0,0
510500201,1,3,10151165,0,0,0,0
510500202,1,1,10031384,0,0,0,0
510500202,1,2,10171280,0,0,0,0
510500202,1,3,10151165,0,0,0,0
510500203,1,1,15111301,19053101,1,1,0
510500301,1,1,20071145,0,0,0,0
510500301,1,2,10061371,0,0,0,0
510500301,1,3,10091372,0,0,0,0
510500302,1,1,20071145,0,0,0,0
510500302,1,2,10061371,0,0,0,0
510500302,1,3,10091372,0,0,0,0
510500303,1,1,10161275,0,1,1,0
510500401,1,1,10031385,0,0,0,0
510500401,1,2,10171281,0,0,0,0
510500401,1,3,10151166,0,0,0,0
510500402,1,1,10031385,0,0,0,0
510500402,1,2,10171281,0,0,0,0
510500402,1,3,10151166,0,0,0,0
510500403,1,1,15111302,19053102,1,1,0
510500501,1,1,20071188,0,0,0,0
510500501,1,2,20061325,0,0,0,0
510500501,1,3,20091308,0,0,0,0
510500502,1,1,20071188,0,0,0,0
510500502,1,2,20061325,0,0,0,0
510500502,1,3,20091308,0,0,0,0
510500503,1,1,20161229,0,1,1,0
510500601,1,1,20031338,0,0,0,0
510500601,1,2,20171229,0,0,0,0
510500601,1,3,10151200,0,0,0,0
510500602,1,1,20031338,0,0,0,0
510500602,1,2,20171229,0,0,0,0
510500602,1,3,10151200,0,0,0,0
510500603,1,1,15111308,19053103,1,1,0
510500701,1,1,30071115,0,0,0,0
510500701,1,2,20061365,0,0,0,0
510500701,1,3,20091320,0,0,0,0
510500702,1,1,30071115,0,0,0,0
510500702,1,2,20061365,0,0,0,0
510500702,1,3,20091320,0,0,0,0
510500703,1,1,20161243,0,1,1,0
510500801,1,1,20031358,0,0,0,0
510500801,1,2,20171244,0,0,0,0
510500801,1,3,20151118,0,0,0,0
510500802,1,1,20031358,0,0,0,0
510500802,1,2,20171244,0,0,0,0
510500802,1,3,20151118,0,0,0,0
510500803,1,1,15111313,19053304,1,1,0
510600101,1,1,20071318,0,0,0,0
510600101,1,2,20101220,0,0,0,0
510600101,1,3,20171120,0,0,0,0
510600102,1,1,20071318,0,0,0,0
510600102,1,2,20101220,0,0,0,0
510600102,1,3,20171120,0,0,0,0
510600103,1,1,20141220,0,1,1,0
510600201,1,1,20131227,0,0,0,0
510600201,1,2,20081337,0,0,0,0
510600201,1,3,20051239,0,0,0,0
510600202,1,1,20131227,0,0,0,0
510600202,1,2,20081337,0,0,0,0
510600202,1,3,20051239,0,0,0,0
510600203,1,1,15101305,19063101,1,1,0
510600301,1,1,20071319,0,0,0,0
510600301,1,2,20101221,0,0,0,0
510600301,1,3,20171121,0,0,0,0
510600302,1,1,20071319,0,0,0,0
510600302,1,2,20101221,0,0,0,0
510600302,1,3,20171121,0,0,0,0
510600303,1,1,20141221,0,1,1,0
510600401,1,1,20131228,0,0,0,0
510600401,1,2,20081338,0,0,0,0
510600401,1,3,20051240,0,0,0,0
510600402,1,1,20131228,0,0,0,0
510600402,1,2,20081338,0,0,0,0
510600402,1,3,20051240,0,0,0,0
510600403,1,1,15101306,19063102,1,1,0
510600501,1,1,20071334,0,0,0,0
510600501,1,2,20101244,0,0,0,0
510600501,1,3,20171135,0,0,0,0
510600502,1,1,20071334,0,0,0,0
510600502,1,2,20101244,0,0,0,0
510600502,1,3,20171135,0,0,0,0
510600503,1,1,20141241,0,1,1,0
510600601,1,1,20131238,0,0,0,0
510600601,1,2,20081373,0,0,0,0
510600601,1,3,20051257,0,0,0,0
510600602,1,1,20131238,0,0,0,0
510600602,1,2,20081373,0,0,0,0
510600602,1,3,20051257,0,0,0,0
510600603,1,1,15101309,19063103,1,1,0
510600701,1,1,20071347,0,0,0,0
510600701,1,2,20101260,0,0,0,0
510600701,1,3,20171154,0,0,0,0
510600702,1,1,20071347,0,0,0,0
510600702,1,2,20101260,0,0,0,0
510600702,1,3,20171154,0,0,0,0
510600703,1,1,20141261,0,1,1,0
510600801,1,1,20131260,0,0,0,0
510600801,1,2,20081391,0,0,0,0
510600801,1,3,20051268,0,0,0,0
510600802,1,1,20131260,0,0,0,0
510600802,1,2,20081391,0,0,0,0
510600802,1,3,20051268,0,0,0,0
510600803,1,1,15101310,19063304,1,1,0
510700101,1,1,20081389,0,0,0,0
510700101,1,2,20111335,0,0,0,0
510700101,1,3,20161247,0,0,0,0
510700102,1,1,20081389,0,0,0,0
510700102,1,2,20111335,0,0,0,0
510700102,1,3,20161247,0,0,0,0
510700103,1,1,20291306,0,1,1,0
510700201,1,1,20031292,0,0,0,0
510700201,1,2,20131258,0,0,0,0
510700201,1,3,20191129,0,0,0,0
510700202,1,1,20031292,0,0,0,0
510700202,1,2,20131258,0,0,0,0
510700202,1,3,20191129,0,0,0,0
510700203,1,1,15011203,19083101,1,1,0
510700301,1,1,20081390,0,0,0,0
510700301,1,2,20111336,0,0,0,0
510700301,1,3,20161248,0,0,0,0
510700302,1,1,20081390,0,0,0,0
510700302,1,2,20111336,0,0,0,0
510700302,1,3,20161248,0,0,0,0
510700303,1,1,20291307,0,1,1,0
510700401,1,1,20031293,0,0,0,0
510700401,1,2,20131259,0,0,0,0
510700401,1,3,20191130,0,0,0,0
510700402,1,1,20031293,0,0,0,0
510700402,1,2,20131259,0,0,0,0
510700402,1,3,20191130,0,0,0,0
510700403,1,1,15011204,19083102,1,1,0
510700501,1,1,30081328,0,0,0,0
510700501,1,2,20111370,0,0,0,0
510700501,1,3,20161282,0,0,0,0
510700502,1,1,30081328,0,0,0,0
510700502,1,2,20111370,0,0,0,0
510700502,1,3,20161282,0,0,0,0
510700503,1,1,20291349,0,1,1,0
510700601,1,1,30031224,0,0,0,0
510700601,1,2,20131293,0,0,0,0
510700601,1,3,20191176,0,0,0,0
510700602,1,1,30031224,0,0,0,0
510700602,1,2,20131293,0,0,0,0
510700602,1,3,20191176,0,0,0,0
510700603,1,1,15011206,19083103,1,1,0
510800101,1,1,20051273,0,0,0,0
510800101,1,2,20061253,0,0,0,0
510800101,1,3,10201183,0,0,0,0
510800102,1,1,20051273,0,0,0,0
510800102,1,2,20061253,0,0,0,0
510800102,1,3,10201183,0,0,0,0
510800103,1,1,20301306,0,1,1,0
510800201,1,1,20131153,0,0,0,0
510800201,1,2,20161249,0,0,0,0
510800201,1,3,20191241,0,0,0,0
510800202,1,1,20131153,0,0,0,0
510800202,1,2,20161249,0,0,0,0
510800202,1,3,20191241,0,0,0,0
510800203,1,1,15051405,19093101,1,1,0
510800301,1,1,20051274,0,0,0,0
510800301,1,2,20061254,0,0,0,0
510800301,1,3,10201184,0,0,0,0
510800302,1,1,20051274,0,0,0,0
510800302,1,2,20061254,0,0,0,0
510800302,1,3,10201184,0,0,0,0
510800303,1,1,20301307,0,1,1,0
510800401,1,1,20131154,0,0,0,0
510800401,1,2,20161250,0,0,0,0
510800401,1,3,20191242,0,0,0,0
510800402,1,1,20131154,0,0,0,0
510800402,1,2,20161250,0,0,0,0
510800402,1,3,20191242,0,0,0,0
510800403,1,1,15051406,19093102,1,1,0
510800501,1,1,20051293,0,0,0,0
510800501,1,2,20061267,0,0,0,0
510800501,1,3,10201187,0,0,0,0
510800502,1,1,20051293,0,0,0,0
510800502,1,2,20061267,0,0,0,0
510800502,1,3,10201187,0,0,0,0
510800503,1,1,20301320,0,1,1,0
510800601,1,1,20131168,0,0,0,0
510800601,1,2,20161272,0,0,0,0
510800601,1,3,20191260,0,0,0,0
510800602,1,1,20131168,0,0,0,0
510800602,1,2,20161272,0,0,0,0
510800602,1,3,20191260,0,0,0,0
510800603,1,1,15051407,19093403,1,1,0
511001101,1,1,15021501,0,1,1,1
511002101,1,1,15021601,0,1,1,1
511002201,1,1,15021602,0,1,1,1
511003101,1,1,15091404,0,1,1,1
511004101,1,1,15021701,0,1,1,1
511005101,1,1,15091501,0,1,1,1
511006101,1,1,15021801,0,1,1,1
511008201,1,1,15091406,0,1,1,1
511009201,1,1,15021703,0,1,1,1
511010201,1,1,15091519,0,1,1,1
511011301,1,1,15091408,0,1,1,1
511012301,1,1,15021603,0,1,1,1
511013401,1,1,15091409,0,1,1,1
511014301,1,1,15021704,0,1,1,1
511015301,1,1,15091520,0,1,1,1
511016501,1,1,15091413,0,1,1,1
511017401,1,1,15021604,0,1,1,1
511018601,1,1,15091414,0,1,1,1
511019401,1,1,15021705,0,1,1,1
511020401,1,1,15091524,0,1,1,1
511100101,1,1,15021103,0,1,1,1
511200101,1,1,10031159,0,0,0,1
511200101,1,2,15041114,0,1,1,1
511200101,1,3,10111144,0,0,0,1
511300101,1,1,15051101,0,1,1,1
511400101,1,1,15031104,0,1,1,1
511400101,1,2,15041701,0,0,0,1
511500101,1,1,15091112,0,1,1,1
511600101,1,1,15101114,0,1,1,1
512100101,1,1,10011130,21011101,0,0,0
512100101,1,2,10011130,21011101,0,0,0
512100101,1,3,10021125,21011101,0,0,0
512100102,1,1,10011130,21011101,0,0,0
512100102,1,2,10011130,21011101,0,0,0
512100102,1,3,10021125,21011101,0,0,0
512100103,1,1,10011130,21011101,0,0,0
512100103,1,2,10021125,21011101,0,0,0
512100103,1,3,10021125,21011101,0,0,0
512100103,2,1,10021125,21011101,0,0,0
512100103,2,2,10021126,21012101,0,0,0
512100201,1,1,10031124,21011201,0,0,0
512100201,1,2,10031124,21011201,0,0,0
512100201,1,3,10041120,21011201,0,0,0
512100202,1,1,10031124,21011201,0,0,0
512100202,1,2,10031124,21011201,0,0,0
512100202,1,3,10041120,21011201,0,0,0
512100203,1,1,10031124,21011201,0,0,0
512100203,1,2,10041120,21011201,0,0,0
512100203,1,3,10041120,21011201,0,0,0
512100203,2,1,10041120,21011201,0,0,0
512100203,2,2,10041121,21012201,0,0,0
512100301,1,1,10011131,21011301,0,0,0
512100301,1,2,10011131,21011301,0,0,0
512100301,1,3,10051122,21011301,0,0,0
512100302,1,1,10011131,21011301,0,0,0
512100302,1,2,10011131,21011301,0,0,0
512100302,1,3,10051122,21011301,0,0,0
512100303,1,1,10011131,21011301,0,0,0
512100303,1,2,10051122,21011301,0,0,0
512100303,1,3,10051122,21011301,0,0,0
512100303,2,1,10051122,21011301,0,0,0
512100303,2,2,10051123,21012301,0,0,0
512100401,1,1,10031125,21011401,0,0,0
512100401,1,2,10031125,21011401,0,0,0
512100401,1,3,10061120,21011401,0,0,0
512100402,1,1,10031125,21011401,0,0,0
512100402,1,2,10031125,21011401,0,0,0
512100402,1,3,10061120,21011401,0,0,0
512100403,1,1,10031125,21011401,0,0,0
512100403,1,2,10061120,21011401,0,0,0
512100403,1,3,10061120,21011401,0,0,0
512100403,2,1,10061120,21011401,0,0,0
512100403,2,2,10061121,21012401,0,0,0
512200101,1,1,10011132,21021101,0,0,0
512200101,1,2,10011132,21021101,0,0,0
512200101,1,3,10011219,21021101,0,0,0
512200102,1,1,10011132,21021101,0,0,0
512200102,1,2,10011132,21021101,0,0,0
512200102,1,3,10011219,21021101,0,0,0
512200103,1,1,10011132,21021101,0,0,0
512200103,1,2,10011219,21021101,0,0,0
512200103,1,3,10011219,21021101,0,0,0
512200103,2,1,10011219,21021101,0,0,0
512200103,2,2,10011220,21022101,0,0,0
512200201,1,1,10021127,21021201,0,0,0
512200201,1,2,10021127,21021201,0,0,0
512200201,1,3,10081114,21021201,0,0,0
512200202,1,1,10021127,21021201,0,0,0
512200202,1,2,10021127,21021201,0,0,0
512200202,1,3,10081114,21021201,0,0,0
512200203,1,1,10021127,21021201,0,0,0
512200203,1,2,10081114,21021201,0,0,0
512200203,1,3,10081114,21021201,0,0,0
512200203,2,1,10081114,21021201,0,0,0
512200203,2,2,10081115,21022201,0,0,0
512200301,1,1,10021128,21021301,0,0,0
512200301,1,2,10021128,21021301,0,0,0
512200301,1,3,10031216,21021301,0,0,0
512200302,1,1,10021128,21021301,0,0,0
512200302,1,2,10021128,21021301,0,0,0
512200302,1,3,10031216,21021301,0,0,0
512200303,1,1,10021128,21021301,0,0,0
512200303,1,2,10031216,21021301,0,0,0
512200303,1,3,10031216,21021301,0,0,0
512200303,2,1,10031216,21021301,0,0,0
512200303,2,2,10031217,21022301,0,0,0
512200401,1,1,10011133,21021401,0,0,0
512200401,1,2,10011133,21021401,0,0,0
512200401,1,3,10071120,21021401,0,0,0
512200402,1,1,10011133,21021401,0,0,0
512200402,1,2,10011133,21021401,0,0,0
512200402,1,3,10071120,21021401,0,0,0
512200403,1,1,10011133,21021401,0,0,0
512200403,1,2,10071120,21021401,0,0,0
512200403,1,3,10071120,21021401,0,0,0
512200403,2,1,10071120,21021401,0,0,0
512200403,2,2,10071121,21022401,0,0,0
512300101,1,1,10051124,21031101,0,0,0
512300101,1,2,10051124,21031101,0,0,0
512300101,1,3,10091101,21031101,0,0,0
512300102,1,1,10051124,21031101,0,0,0
512300102,1,2,10051124,21031101,0,0,0
512300102,1,3,10091101,21031101,0,0,0
512300103,1,1,10051124,21031101,0,0,0
512300103,1,2,10091101,21031101,0,0,0
512300103,1,3,10091101,21031101,0,0,0
512300103,2,1,10091101,21031101,0,0,0
512300103,2,2,10091102,21032101,0,0,0
512300201,1,1,10011134,21031201,0,0,0
512300201,1,2,10011134,21031201,0,0,0
512300201,1,3,10081116,21031201,0,0,0
512300202,1,1,10011134,21031201,0,0,0
512300202,1,2,10011134,21031201,0,0,0
512300202,1,3,10081116,21031201,0,0,0
512300203,1,1,10011134,21031201,0,0,0
512300203,1,2,10081116,21031201,0,0,0
512300203,1,3,10081116,21031201,0,0,0
512300203,2,1,10081116,21031201,0,0,0
512300203,2,2,10081117,21032201,0,0,0
512300301,1,1,10011144,21031301,0,0,0
512300301,1,2,10011144,21031301,0,0,0
512300301,1,3,10061122,21031301,0,0,0
512300302,1,1,10011144,21031301,0,0,0
512300302,1,2,10011144,21031301,0,0,0
512300302,1,3,10061122,21031301,0,0,0
512300303,1,1,10011144,21031301,0,0,0
512300303,1,2,10061122,21031301,0,0,0
512300303,1,3,10061122,21031301,0,0,0
512300303,2,1,10061122,21031301,0,0,0
512300303,2,2,10061123,21032301,0,0,0
512300401,1,1,10031126,21031401,0,0,0
512300401,1,2,10031126,21031401,0,0,0
512300401,1,3,10071122,21031401,0,0,0
512300402,1,1,10031126,21031401,0,0,0
512300402,1,2,10031126,21031401,0,0,0
512300402,1,3,10071122,21031401,0,0,0
512300403,1,1,10031126,21031401,0,0,0
512300403,1,2,10071122,21031401,0,0,0
512300403,1,3,10071122,21031401,0,0,0
512300403,2,1,10071122,21031401,0,0,0
512300403,2,2,10071123,21032401,0,0,0
512400101,1,1,10041122,21041101,0,0,0
512400101,1,2,10041122,21041101,0,0,0
512400101,1,3,10021216,21041101,0,0,0
512400102,1,1,10041122,21041101,0,0,0
512400102,1,2,10041122,21041101,0,0,0
512400102,1,3,10021216,21041101,0,0,0
512400103,1,1,10041122,21041101,0,0,0
512400103,1,2,10021216,21041101,0,0,0
512400103,1,3,10021216,21041101,0,0,0
512400103,2,1,10021216,21041101,0,0,0
512400103,2,2,10021217,21042101,0,0,0
512400201,1,1,10051125,21041201,0,0,0
512400201,1,2,10051125,21041201,0,0,0
512400201,1,3,10071124,21041201,0,0,0
512400202,1,1,10051125,21041201,0,0,0
512400202,1,2,10051125,21041201,0,0,0
512400202,1,3,10071124,21041201,0,0,0
512400203,1,1,10051125,21041201,0,0,0
512400203,1,2,10071124,21041201,0,0,0
512400203,1,3,10071124,21041201,0,0,0
512400203,2,1,10071124,21041201,0,0,0
512400203,2,2,10071125,21042201,0,0,0
512400301,1,1,10061124,21041301,0,0,0
512400301,1,2,10061124,21041301,0,0,0
512400301,1,3,10031218,21041301,0,0,0
512400302,1,1,10061124,21041301,0,0,0
512400302,1,2,10061124,21041301,0,0,0
512400302,1,3,10031218,21041301,0,0,0
512400303,1,1,10061124,21041301,0,0,0
512400303,1,2,10061124,21041301,0,0,0
512400303,1,3,10031218,21041301,0,0,0
512400303,2,1,10031218,21041301,0,0,0
512400303,2,2,10031219,21042301,0,0,0
512400401,1,1,10011221,21041401,0,0,0
512400401,1,2,10011221,21041401,0,0,0
512400401,1,3,10101104,21041401,0,0,0
512400402,1,1,10011221,21041401,0,0,0
512400402,1,2,10011221,21041401,0,0,0
512400402,1,3,10101104,21041401,0,0,0
512400403,1,1,10011221,21041401,0,0,0
512400403,1,2,10101104,21041401,0,0,0
512400403,1,3,10101104,21041401,0,0,0
512400403,2,1,10101104,21041401,0,0,0
512400403,2,2,10101105,21042401,0,0,0
512500101,1,1,10131106,21051101,0,0,0
512500101,1,2,10131106,21051101,0,0,0
512500101,1,3,10041215,21051101,0,0,0
512500102,1,1,10131106,21051101,0,0,0
512500102,1,2,10131106,21051101,0,0,0
512500102,1,3,10041215,21051101,0,0,0
512500103,1,1,10131106,21051101,0,0,0
512500103,1,2,10041215,21051101,0,0,0
512500103,1,3,10041215,21051101,0,0,0
512500103,2,1,10041215,21051101,0,0,0
512500103,2,2,10041216,21052101,0,0,0
512500201,1,1,10021218,21051201,0,0,0
512500201,1,2,10021218,21051201,0,0,0
512500201,1,3,10051216,21051201,0,0,0
512500202,1,1,10021218,21051201,0,0,0
512500202,1,2,10021218,21051201,0,0,0
512500202,1,3,10051216,21051201,0,0,0
512500203,1,1,10021218,21051201,0,0,0
512500203,1,2,10051216,21051201,0,0,0
512500203,1,3,10051216,21051201,0,0,0
512500203,2,1,10051216,21051201,0,0,0
512500203,2,2,10051217,21052201,0,0,0
512500301,1,1,10021129,21051301,0,0,0
512500301,1,2,10021129,21051301,0,0,0
512500301,1,3,10111209,21051301,0,0,0
512500302,1,1,10021129,21051301,0,0,0
512500302,1,2,10021129,21051301,0,0,0
512500302,1,3,10111209,21051301,0,0,0
512500303,1,1,10021129,21051301,0,0,0
512500303,1,2,10111209,21051301,0,0,0
512500303,1,3,10111209,21051301,0,0,0
512500303,2,1,10111209,21051301,0,0,0
512500303,2,2,10111210,21052301,0,0,0
512500401,1,1,10041123,21051401,0,0,0
512500401,1,2,10041123,21051401,0,0,0
512500401,1,3,10111112,21051401,0,0,0
512500402,1,1,10041123,21051401,0,0,0
512500402,1,2,10041123,21051401,0,0,0
512500402,1,3,10111112,21051401,0,0,0
512500403,1,1,10041123,21051401,0,0,0
512500403,1,2,10111112,21051401,0,0,0
512500403,1,3,10111112,21051401,0,0,0
512500403,2,1,10111112,21051401,0,0,0
512500403,2,2,10111113,21052401,0,0,0
512600101,1,1,10051151,21061101,0,0,0
512600101,1,2,10051151,21061101,0,0,0
512600101,1,3,10071231,21061101,0,0,0
512600102,1,1,10051151,21061101,0,0,0
512600102,1,2,10051151,21061101,0,0,0
512600102,1,3,10071231,21061101,0,0,0
512600103,1,1,10051151,21061101,0,0,0
512600103,1,2,10071231,21061101,0,0,0
512600103,1,3,10071231,21061101,0,0,0
512600103,2,1,10071231,21061101,0,0,0
512600103,2,2,10071232,21062101,0,0,0
512600201,1,1,10061154,21061201,0,0,0
512600201,1,2,10061154,21061201,0,0,0
512600201,1,3,10081243,21061201,0,0,0
512600202,1,1,10061154,21061201,0,0,0
512600202,1,2,10061154,21061201,0,0,0
512600202,1,3,10081243,21061201,0,0,0
512600203,1,1,10061154,21061201,0,0,0
512600203,1,2,10081243,21061201,0,0,0
512600203,1,3,10081243,21061201,0,0,0
512600203,2,1,10081243,21061201,0,0,0
512600203,2,2,10081244,21062201,0,0,0
512600301,1,1,10071162,21061301,0,0,0
512600301,1,2,10071162,21061301,0,0,0
512600301,1,3,10061230,21061301,0,0,0
512600302,1,1,10071162,21061301,0,0,0
512600302,1,2,10071162,21061301,0,0,0
512600302,1,3,10061230,21061301,0,0,0
512600303,1,1,10071162,21061301,0,0,0
512600303,1,2,10061230,21061301,0,0,0
512600303,1,3,10061230,21061301,0,0,0
512600303,2,1,10061230,21061301,0,0,0
512600303,2,2,10061231,21062301,0,0,0
512600401,1,1,10081151,21061401,0,0,0
512600401,1,2,10081151,21061401,0,0,0
512600401,1,3,10121136,21061401,0,0,0
512600402,1,1,10081151,21061401,0,0,0
512600402,1,2,10081151,21061401,0,0,0
512600402,1,3,10121136,21061401,0,0,0
512600403,1,1,10081151,21061401,0,0,0
512600403,1,2,10121136,21061401,0,0,0
512600403,1,3,10121136,21061401,0,0,0
512600403,2,1,10121136,21061401,0,0,0
512600403,2,2,10121137,21062401,0,0,0
512700101,1,1,10041246,21071101,0,0,0
512700101,1,2,10041246,21071101,0,0,0
512700101,1,3,10091228,21071101,0,0,0
512700102,1,1,10041246,21071101,0,0,0
512700102,1,2,10041246,21071101,0,0,0
512700102,1,3,10091228,21071101,0,0,0
512700103,1,1,10041246,21071101,0,0,0
512700103,1,2,10091228,21071101,0,0,0
512700103,1,3,10091228,21071101,0,0,0
512700103,2,1,10091228,21071101,0,0,0
512700103,2,2,10091229,21072101,0,0,0
512700201,1,1,10051238,21071201,0,0,0
512700201,1,2,10051238,21071201,0,0,0
512700201,1,3,10091143,21071201,0,0,0
512700202,1,1,10051238,21071201,0,0,0
512700202,1,2,10051238,21071201,0,0,0
512700202,1,3,10091143,21071201,0,0,0
512700203,1,1,10051238,21071201,0,0,0
512700203,1,2,10091143,21071201,0,0,0
512700203,1,3,10091143,21071201,0,0,0
512700203,2,1,10091143,21071201,0,0,0
512700203,2,2,10091144,21072201,0,0,0
512700301,1,1,10061232,21071301,0,0,0
512700301,1,2,10061232,21071301,0,0,0
512700301,1,3,10101136,21071301,0,0,0
512700302,1,1,10061232,21071301,0,0,0
512700302,1,2,10061232,21071301,0,0,0
512700302,1,3,10101136,21071301,0,0,0
512700303,1,1,10061232,21071301,0,0,0
512700303,1,2,10101136,21071301,0,0,0
512700303,1,3,10101136,21071301,0,0,0
512700303,2,1,10101136,21071301,0,0,0
512700303,2,2,10101137,21072301,0,0,0
512700401,1,1,10051239,21071401,0,0,0
512700401,1,2,10051239,21071401,0,0,0
512700401,1,3,10131130,21071401,0,0,0
512700402,1,1,10051239,21071401,0,0,0
512700402,1,2,10051239,21071401,0,0,0
512700402,1,3,10131130,21071401,0,0,0
512700403,1,1,10051239,21071401,0,0,0
512700403,1,2,10131130,21071401,0,0,0
512700403,1,3,10131130,21071401,0,0,0
512700403,2,1,10131130,21071401,0,0,0
512700403,2,2,10131131,21072401,0,0,0
512800101,1,1,10071246,21081101,0,0,0
512800101,1,2,10071246,21081101,0,0,0
512800101,1,3,10111241,21081101,0,0,0
512800102,1,1,10071246,21081101,0,0,0
512800102,1,2,10071246,21081101,0,0,0
512800102,1,3,10111241,21081101,0,0,0
512800103,1,1,10071246,21081101,0,0,0
512800103,1,2,10111241,21081101,0,0,0
512800103,1,3,10111241,21081101,0,0,0
512800103,2,1,10071246,21081101,0,0,0
512800103,2,2,10071247,21082101,0,0,0
512800201,1,1,10041165,21081201,0,0,0
512800201,1,2,10041165,21081201,0,0,0
512800201,1,3,10021259,21081201,0,0,0
512800202,1,1,10041165,21081201,0,0,0
512800202,1,2,10041165,21081201,0,0,0
512800202,1,3,10021259,21081201,0,0,0
512800203,1,1,10041165,21081201,0,0,0
512800203,1,2,10021259,21081201,0,0,0
512800203,1,3,10021259,21081201,0,0,0
512800203,2,1,10021259,21081201,0,0,0
512800203,2,2,10021260,21082201,0,0,0
512800301,1,1,10011256,21081301,0,0,0
512800301,1,2,10011256,21081301,0,0,0
512800301,1,3,10071173,21081301,0,0,0
512800302,1,1,10011256,21081301,0,0,0
512800302,1,2,10011256,21081301,0,0,0
512800302,1,3,10071173,21081301,0,0,0
512800303,1,1,10011256,21081301,0,0,0
512800303,1,2,10071173,21081301,0,0,0
512800303,1,3,10071173,21081301,0,0,0
512800303,2,1,10071173,21081301,0,0,0
512800303,2,2,10071174,21082301,0,0,0
512800401,1,1,10031256,21081401,0,0,0
512800401,1,2,10031256,21081401,0,0,0
512800401,1,3,10111149,21081401,0,0,0
512800402,1,1,10031256,21081401,0,0,0
512800402,1,2,10031256,21081401,0,0,0
512800402,1,3,10111149,21081401,0,0,0
512800403,1,1,10031256,21081401,0,0,0
512800403,1,2,10111149,21081401,0,0,0
512800403,1,3,10111149,21081401,0,0,0
512800403,2,1,10111149,21081401,0,0,0
512800403,2,2,10111150,21082401,0,0,0
512900101,1,1,10031166,21091101,0,0,0
512900101,1,2,10031166,21091101,0,0,0
512900101,1,3,10121226,21091101,0,0,0
512900102,1,1,10031166,21091101,0,0,0
512900102,1,2,10031166,21091101,0,0,0
512900102,1,3,10121226,21091101,0,0,0
512900103,1,1,10031166,21091101,0,0,0
512900103,1,2,10121226,21091101,0,0,0
512900103,1,3,10121226,21091101,0,0,0
512900103,2,1,10121226,21091101,0,0,0
512900103,2,2,10121227,21092101,0,0,0
512900201,1,1,10041261,21091201,0,0,0
512900201,1,2,10041261,21091201,0,0,0
512900201,1,3,10081155,21091201,0,0,0
512900202,1,1,10041261,21091201,0,0,0
512900202,1,2,10041261,21091201,0,0,0
512900202,1,3,10081155,21091201,0,0,0
512900203,1,1,10041261,21091201,0,0,0
512900203,1,2,10081155,21091201,0,0,0
512900203,1,3,10081155,21091201,0,0,0
512900203,2,1,10081155,21091201,0,0,0
512900203,2,2,10081156,21092201,0,0,0
512900301,1,1,10061248,21091301,0,0,0
512900301,1,2,10061248,21091301,0,0,0
512900301,1,3,10101255,21091301,0,0,0
512900302,1,1,10061248,21091301,0,0,0
512900302,1,2,10061248,21091301,0,0,0
512900302,1,3,10101255,21091301,0,0,0
512900303,1,1,10061248,21091301,0,0,0
512900303,1,2,10101255,21091301,0,0,0
512900303,1,3,10101255,21091301,0,0,0
512900303,2,1,10061248,21091301,0,0,0
512900303,2,2,10061247,21092301,0,0,0
512900401,1,1,10021170,21091401,0,0,0
512900401,1,2,10021170,21091401,0,0,0
512900401,1,3,10131244,21091401,0,0,0
512900402,1,1,10021170,21091401,0,0,0
512900402,1,2,10021170,21091401,0,0,0
512900402,1,3,10131244,21091401,0,0,0
512900403,1,1,10021170,21091401,0,0,0
512900403,1,2,10131244,21091401,0,0,0
512900403,1,3,10131244,21091401,0,0,0
512900403,2,1,10131244,21091401,0,0,0
512900403,2,2,10131245,21092401,0,0,0
513100101,1,1,10071224,0,1,1,1
513100201,1,1,10151303,0,1,1,1
513100301,1,1,10201306,0,1,1,1
513100401,1,1,10071225,0,1,1,1
513100501,1,1,10151304,0,1,1,1
513100601,1,1,10201307,0,1,1,1
513100701,1,1,10071226,0,1,1,1
513100801,1,1,10151305,0,1,1,1
513100901,1,1,10201308,0,1,1,1
513101001,1,1,10071296,0,1,1,1
513101101,1,1,10151286,0,1,1,1
513101201,1,1,10201351,0,1,1,1
513200101,1,1,10081233,0,1,1,1
513200201,1,1,10141304,0,1,1,1
513200301,1,1,10211205,0,1,1,1
513200401,1,1,10081234,0,1,1,1
513200501,1,1,10141305,0,1,1,1
513200601,1,1,10211206,0,1,1,1
513200701,1,1,10081239,0,1,1,1
513200801,1,1,10141306,0,1,1,1
513200901,1,1,10211207,0,1,1,1
513201001,1,1,20081209,0,1,1,1
513201101,1,1,10151374,0,1,1,1
513201201,1,1,10211231,0,1,1,1
513300101,1,1,15011101,0,1,1,1
513300201,1,1,15011102,0,1,1,1
513300301,1,1,15011103,0,1,1,1
513400101,1,1,10061208,0,1,1,1
513400201,1,1,10171224,0,1,1,1
513400301,1,1,10301301,0,1,1,1
513400401,1,1,10061256,0,1,1,1
513400501,1,1,10171234,0,1,1,1
513400601,1,1,10301303,0,1,1,1
513400701,1,1,10061286,0,1,1,1
513400801,1,1,10171268,0,1,1,1
513400901,1,1,10301332,0,1,1,1
513401001,1,1,20061212,0,1,1,1
513401101,1,1,20171213,0,1,1,1
513401201,1,1,10301357,0,1,1,1
513500101,1,1,20081304,0,1,1,1
513500201,1,1,10141367,0,1,1,1
513500301,1,1,10311232,0,1,1,1
513500401,1,1,20081305,0,1,1,1
513500501,1,1,10141368,0,1,1,1
513500601,1,1,10311233,0,1,1,1
513500701,1,1,20081363,0,1,1,1
513500801,1,1,10141390,0,1,1,1
513500901,1,1,10311272,0,1,1,1
513600101,1,1,20071163,0,1,1,1
513600201,1,1,10321143,0,1,1,1
513600301,1,1,10161366,0,1,1,1
513600401,1,1,20071164,0,1,1,1
513600501,1,1,10321144,0,1,1,1
513600601,1,1,10161367,0,1,1,1
513600701,1,1,20071187,0,1,1,1
513600801,1,1,10321165,0,1,1,1
513600901,1,1,20161301,0,1,1,1
514100101,1,1,10011138,0,0,0,0
515100101,1,1,15021103,0,1,1,1
516100101,1,1,15021101,0,1,1,0
519100101,1,1,10041124,31011101,0,0,0
519100101,2,1,10041124,31011101,0,0,0
519100101,2,2,10041124,31011101,0,0,0
519100101,3,1,10041124,31011101,0,0,0
519100101,3,2,10041124,31011101,0,0,0
519100101,3,3,10041124,31011101,0,0,0
519100101,4,1,10041155,31012101,0,0,0
519100101,5,1,10041155,31012101,0,0,0
519100101,5,2,10041155,31012101,0,0,0
519100101,6,1,10041155,31012101,0,0,0
519100101,6,2,10041155,31012101,0,0,0
519100101,6,3,10041155,31012101,0,0,0
519100201,1,1,10011137,31011201,0,0,0
519100201,2,1,10011137,31011201,0,0,0
519100201,2,2,10011137,31011201,0,0,0
519100201,3,1,10011137,31011201,0,0,0
519100201,3,2,10011137,31011201,0,0,0
519100201,3,3,10011137,31011201,0,0,0
519100201,4,1,10011138,31012201,0,0,0
519100201,5,1,10011138,31012201,0,0,0
519100201,5,2,10011138,31012201,0,0,0
519100201,6,1,10011138,31012201,0,0,0
519100201,6,2,10011138,31012201,0,0,0
519100201,6,3,10011138,31012201,0,0,0
519100301,1,1,10061129,31011301,0,0,0
519100301,2,1,10061129,31011301,0,0,0
519100301,2,2,10061129,31011301,0,0,0
519100301,3,1,10061129,31011301,0,0,0
519100301,3,2,10061129,31011301,0,0,0
519100301,3,3,10061129,31011301,0,0,0
519100301,4,1,10061132,31012301,0,0,0
519100301,5,1,10061132,31012301,0,0,0
519100301,5,2,10061132,31012301,0,0,0
519100301,6,1,10061132,31012301,0,0,0
519100301,6,2,10061132,31012301,0,0,0
519100301,6,3,10061132,31012301,0,0,0
519100401,1,1,10041130,31021101,0,0,0
519100401,2,1,10041130,31021101,0,0,0
519100401,2,2,10041130,31021101,0,0,0
519100401,3,1,10041130,31021101,0,0,0
519100401,3,2,10041130,31021101,0,0,0
519100401,3,3,10041130,31021101,0,0,0
519100401,4,1,10041131,31022101,0,0,0
519100401,5,1,10041131,31022101,0,0,0
519100401,5,2,10041131,31022101,0,0,0
519100401,6,1,10041131,31022101,0,0,0
519100401,6,2,10041131,31022101,0,0,0
519100401,6,3,10041131,31022101,0,0,0
519100501,1,1,10101113,31021201,0,0,0
519100501,2,1,10101113,31021201,0,0,0
519100501,2,2,10101113,31021201,0,0,0
519100501,3,1,10101113,31021201,0,0,0
519100501,3,2,10101113,31021201,0,0,0
519100501,3,3,10101113,31021201,0,0,0
519100501,4,1,10101115,31022201,0,0,0
519100501,5,1,10101115,31022201,0,0,0
519100501,5,2,10101115,31022201,0,0,0
519100501,6,1,10101115,31022201,0,0,0
519100501,6,2,10101115,31022201,0,0,0
519100501,6,3,10101115,31022201,0,0,0
519100601,1,1,10021139,31021301,0,0,0
519100601,2,1,10021139,31021301,0,0,0
519100601,2,2,10021139,31021301,0,0,0
519100601,3,1,10021139,31021301,0,0,0
519100601,3,2,10021139,31021301,0,0,0
519100601,3,3,10021139,31021301,0,0,0
519100601,4,1,10021140,31022301,0,0,0
519100601,5,1,10021140,31022301,0,0,0
519100601,5,2,10021140,31022301,0,0,0
519100601,6,1,10021140,31022301,0,0,0
519100601,6,2,10021140,31022301,0,0,0
519100601,6,3,10021140,31022301,0,0,0
519100701,1,1,10071145,31031101,0,0,0
519100701,2,1,10071145,31031101,0,0,0
519100701,2,2,10071145,31031101,0,0,0
519100701,3,1,10071145,31031101,0,0,0
519100701,3,2,10071145,31031101,0,0,0
519100701,3,3,10071145,31031101,0,0,0
519100701,4,1,10071146,31032101,0,0,0
519100701,5,1,10071146,31032101,0,0,0
519100701,5,2,10071146,31032101,0,0,0
519100701,6,1,10071146,31032101,0,0,0
519100701,6,2,10071146,31032101,0,0,0
519100701,6,3,10071146,31032101,0,0,0
519100801,1,1,10141111,31031201,0,0,0
519100801,2,1,10141111,31031201,0,0,0
519100801,2,2,10141111,31031201,0,0,0
519100801,3,1,10141111,31031201,0,0,0
519100801,3,2,10141111,31031201,0,0,0
519100801,3,3,10141111,31031201,0,0,0
519100801,4,1,10141112,31032201,0,0,0
519100801,5,1,10141112,31032201,0,0,0
519100801,5,2,10141112,31032201,0,0,0
519100801,6,1,10141112,31032201,0,0,0
519100801,6,2,10141112,31032201,0,0,0
519100801,6,3,10141112,31032201,0,0,0
519100901,1,1,10061220,31031301,0,0,0
519100901,2,1,10061220,31031301,0,0,0
519100901,2,2,10061220,31031301,0,0,0
519100901,3,1,10061220,31031301,0,0,0
519100901,3,2,10061220,31031301,0,0,0
519100901,3,3,10061220,31031301,0,0,0
519100901,4,1,10061224,31032301,0,0,0
519100901,5,1,10061224,31032301,0,0,0
519100901,5,2,10061224,31032301,0,0,0
519100901,6,1,10061224,31032301,0,0,0
519100901,6,2,10061224,31032301,0,0,0
519100901,6,3,10061224,31032301,0,0,0
519101001,1,1,10171112,31041101,0,0,0
519101001,2,1,10171112,31041101,0,0,0
519101001,2,2,10171112,31041101,0,0,0
519101001,3,1,10171112,31041101,0,0,0
519101001,3,2,10171112,31041101,0,0,0
519101001,4,1,10171114,31042101,0,0,0
519101001,5,1,10171114,31042101,0,0,0
519101001,5,2,10171114,31042101,0,0,0
519101001,6,1,10171114,31042101,0,0,0
519101001,6,2,10171114,31042101,0,0,0
519101101,1,1,10151111,31041201,0,0,0
519101101,2,1,10151111,31041201,0,0,0
519101101,2,2,10151111,31041201,0,0,0
519101101,3,1,10151111,31041201,0,0,0
519101101,3,2,10151111,31041201,0,0,0
519101101,3,3,10151111,31041201,0,0,0
519101101,4,1,10151112,31042201,0,0,0
519101101,5,1,10151112,31042201,0,0,0
519101101,5,2,10151112,31042201,0,0,0
519101101,6,1,10151112,31042201,0,0,0
519101101,6,2,10151112,31042201,0,0,0
519101101,6,3,10151112,31042201,0,0,0
519101201,1,1,10071217,31041301,0,0,0
519101201,2,1,10071217,31041301,0,0,0
519101201,2,2,10071217,31041301,0,0,0
519101201,3,1,10071217,31041301,0,0,0
519101201,3,2,10071217,31041301,0,0,0
519101201,3,3,10071217,31041301,0,0,0
519101201,4,1,10071219,31042301,0,0,0
519101201,5,1,10071219,31042301,0,0,0
519101201,5,2,10071219,31042301,0,0,0
519101201,6,1,10071219,31042301,0,0,0
519101201,6,2,10071219,31042301,0,0,0
519101201,6,3,10071219,31042301,0,0,0
519101301,1,1,10121121,31051101,0,0,0
519101301,2,1,10121121,31051101,0,0,0
519101301,2,2,10121121,31051101,0,0,0
519101301,3,1,10121121,31051101,0,0,0
519101301,3,2,10121121,31051101,0,0,0
519101301,3,3,10121121,31051101,0,0,0
519101301,4,1,10121122,31052101,0,0,0
519101301,5,1,10121122,31052101,0,0,0
519101301,5,2,10121122,31052101,0,0,0
519101301,6,1,10121122,31052101,0,0,0
519101301,6,2,10121122,31052101,0,0,0
519101301,6,3,10121122,31052101,0,0,0
519101401,1,1,10051227,31051201,0,0,0
519101401,2,1,10051227,31051201,0,0,0
519101401,2,2,10051227,31051201,0,0,0
519101401,3,1,10051227,31051201,0,0,0
519101401,3,2,10051227,31051201,0,0,0
519101401,3,3,10051227,31051201,0,0,0
519101401,4,1,10051234,31052201,0,0,0
519101401,5,1,10051234,31052201,0,0,0
519101401,5,2,10051234,31052201,0,0,0
519101401,6,1,10051234,31052201,0,0,0
519101401,6,2,10051234,31052201,0,0,0
519101401,6,3,10051234,31052201,0,0,0
519101501,1,1,10051229,31051301,0,0,0
519101501,2,1,10051229,31051301,0,0,0
519101501,2,2,10051229,31051301,0,0,0
519101501,3,1,10051229,31051301,0,0,0
519101501,3,2,10051229,31051301,0,0,0
519101501,3,3,10051229,31051301,0,0,0
519101501,4,1,10051230,31052301,0,0,0
519101501,5,1,10051230,31052301,0,0,0
519101501,5,2,10051230,31052301,0,0,0
519101501,6,1,10051230,31052301,0,0,0
519101501,6,2,10051230,31052301,0,0,0
519101501,6,3,10051230,31052301,0,0,0
519101601,1,1,10091210,31061101,0,0,0
519101601,2,1,10091210,31061101,0,0,0
519101601,2,2,10091210,31061101,0,0,0
519101601,3,1,10091210,31061101,0,0,0
519101601,3,2,10091210,31061101,0,0,0
519101601,3,3,10091210,31061101,0,0,0
519101601,4,1,10091211,31062101,0,0,0
519101601,5,1,10091211,31062101,0,0,0
519101601,5,2,10091211,31062101,0,0,0
519101601,6,1,10091211,31062101,0,0,0
519101601,6,2,10091211,31062101,0,0,0
519101601,6,3,10091211,31062101,0,0,0
519101701,1,1,10201206,31061201,0,0,0
519101701,2,1,10201206,31061201,0,0,0
519101701,2,2,10201206,31061201,0,0,0
519101701,3,1,10201206,31061201,0,0,0
519101701,3,2,10201206,31061201,0,0,0
519101701,4,1,10201210,31062201,0,0,0
519101701,5,1,10201210,31062201,0,0,0
519101701,5,2,10201210,31062201,0,0,0
519101701,6,1,10201210,31062201,0,0,0
519101701,6,2,10201210,31062201,0,0,0
519101801,1,1,10171210,31061301,0,0,0
519101801,2,1,10171210,31061301,0,0,0
519101801,2,2,10171210,31061301,0,0,0
519101801,3,1,10171210,31061301,0,0,0
519101801,3,2,10171210,31061301,0,0,0
519101801,4,1,10171216,31062301,0,0,0
519101801,5,1,10171216,31062301,0,0,0
519101801,5,2,10171216,31062301,0,0,0
519101801,6,1,10171216,31062301,0,0,0
519101801,6,2,10171216,31062301,0,0,0
519101901,1,1,10151206,31071101,0,0,0
519101901,2,1,10151206,31071101,0,0,0
519101901,2,2,10151206,31071101,0,0,0
519101901,3,1,10151206,31071101,0,0,0
519101901,3,2,10151206,31071101,0,0,0
519101901,3,3,10151206,31071101,0,0,0
519101901,4,1,10151212,31072101,0,0,0
519101901,5,1,10151212,31072101,0,0,0
519101901,5,2,10151212,31072101,0,0,0
519101901,6,1,10151212,31072101,0,0,0
519101901,6,2,10151212,31072101,0,0,0
519101901,6,3,10151212,31072101,0,0,0
519102001,1,1,10191205,31071201,0,0,0
519102001,2,1,10191205,31071201,0,0,0
519102001,2,2,10191205,31071201,0,0,0
519102001,3,1,10191205,31071201,0,0,0
519102001,3,2,10191205,31071201,0,0,0
519102001,4,1,10191214,31072201,0,0,0
519102001,5,1,10191214,31072201,0,0,0
519102001,5,2,10191214,31072201,0,0,0
519102001,6,1,10191214,31072201,0,0,0
519102001,6,2,10191214,31072201,0,0,0
519102101,1,1,10101219,31071301,0,0,0
519102101,2,1,10101219,31071301,0,0,0
519102101,2,2,10101219,31071301,0,0,0
519102101,3,1,10101219,31071301,0,0,0
519102101,3,2,10101219,31071301,0,0,0
519102101,3,3,10101219,31071301,0,0,0
519102101,4,1,10101227,31072301,0,0,0
519102101,5,1,10101227,31072301,0,0,0
519102101,5,2,10101227,31072301,0,0,0
519102101,6,1,10101227,31072301,0,0,0
519102101,6,2,10101227,31072301,0,0,0
519102101,6,3,10101227,31072301,0,0,0
519102201,1,1,10021125,21011101,0,0,0
519102201,2,1,10021125,21011101,0,0,0
519102201,2,2,10021125,21011101,0,0,0
519102201,3,1,10021125,21011101,0,0,0
519102201,3,2,10021125,21011101,0,0,0
519102201,3,3,10021125,21011101,0,0,0
519102201,4,1,10021126,21012101,0,0,0
519102201,5,1,10021126,21012101,0,0,0
519102201,5,2,10021126,21012101,0,0,0
519102201,6,1,10021126,21012101,0,0,0
519102201,6,2,10021126,21012101,0,0,0
519102201,6,3,10021126,21012101,0,0,0
519102301,1,1,10041120,21011201,0,0,0
519102301,2,1,10041120,21011201,0,0,0
519102301,2,2,10041120,21011201,0,0,0
519102301,3,1,10041120,21011201,0,0,0
519102301,3,2,10041120,21011201,0,0,0
519102301,3,3,10041120,21011201,0,0,0
519102301,4,1,10041121,21012201,0,0,0
519102301,5,1,10041121,21012201,0,0,0
519102301,5,2,10041121,21012201,0,0,0
519102301,6,1,10041121,21012201,0,0,0
519102301,6,2,10041121,21012201,0,0,0
519102301,6,3,10041121,21012201,0,0,0
519102401,1,1,10051122,21011301,0,0,0
519102401,2,1,10051122,21011301,0,0,0
519102401,2,2,10051122,21011301,0,0,0
519102401,3,1,10051122,21011301,0,0,0
519102401,3,2,10051122,21011301,0,0,0
519102401,3,3,10051122,21011301,0,0,0
519102401,4,1,10051123,21012301,0,0,0
519102401,5,1,10051123,21012301,0,0,0
519102401,5,2,10051123,21012301,0,0,0
519102401,6,1,10051123,21012301,0,0,0
519102401,6,2,10051123,21012301,0,0,0
519102401,6,3,10051123,21012301,0,0,0
519102501,1,1,10061120,21011401,0,0,0
519102501,2,1,10061120,21011401,0,0,0
519102501,2,2,10061120,21011401,0,0,0
519102501,3,1,10061120,21011401,0,0,0
519102501,3,2,10061120,21011401,0,0,0
519102501,3,3,10061120,21011401,0,0,0
519102501,4,1,10061121,21012401,0,0,0
519102501,5,1,10061121,21012401,0,0,0
519102501,5,2,10061121,21012401,0,0,0
519102501,6,1,10061121,21012401,0,0,0
519102501,6,2,10061121,21012401,0,0,0
519102501,6,3,10061121,21012401,0,0,0
519102601,1,1,10011219,21021101,0,0,0
519102601,2,1,10011219,21021101,0,0,0
519102601,2,2,10011219,21021101,0,0,0
519102601,3,1,10011219,21021101,0,0,0
519102601,3,2,10011219,21021101,0,0,0
519102601,3,3,10011219,21021101,0,0,0
519102601,4,1,10011220,21022101,0,0,0
519102601,5,1,10011220,21022101,0,0,0
519102601,5,2,10011220,21022101,0,0,0
519102601,6,1,10011220,21022101,0,0,0
519102601,6,2,10011220,21022101,0,0,0
519102601,6,3,10011220,21022101,0,0,0
519102701,1,1,10081114,21021201,0,0,0
519102701,2,1,10081114,21021201,0,0,0
519102701,2,2,10081114,21021201,0,0,0
519102701,3,1,10081114,21021201,0,0,0
519102701,3,2,10081114,21021201,0,0,0
519102701,3,3,10081114,21021201,0,0,0
519102701,4,1,10081115,21022201,0,0,0
519102701,5,1,10081115,21022201,0,0,0
519102701,5,2,10081115,21022201,0,0,0
519102701,6,1,10081115,21022201,0,0,0
519102701,6,2,10081115,21022201,0,0,0
519102701,6,3,10081115,21022201,0,0,0
519102801,1,1,10031216,21021301,0,0,0
519102801,2,1,10031216,21021301,0,0,0
519102801,2,2,10031216,21021301,0,0,0
519102801,3,1,10031216,21021301,0,0,0
519102801,3,2,10031216,21021301,0,0,0
519102801,3,3,10031216,21021301,0,0,0
519102801,4,1,10031217,21022301,0,0,0
519102801,5,1,10031217,21022301,0,0,0
519102801,5,2,10031217,21022301,0,0,0
519102801,6,1,10031217,21022301,0,0,0
519102801,6,2,10031217,21022301,0,0,0
519102801,6,3,10031217,21022301,0,0,0
519102901,1,1,10071120,21021401,0,0,0
519102901,2,1,10071120,21021401,0,0,0
519102901,2,2,10071120,21021401,0,0,0
519102901,3,1,10071120,21021401,0,0,0
519102901,3,2,10071120,21021401,0,0,0
519102901,3,3,10071120,21021401,0,0,0
519102901,4,1,10071121,21022401,0,0,0
519102901,5,1,10071121,21022401,0,0,0
519102901,5,2,10071121,21022401,0,0,0
519102901,6,1,10071121,21022401,0,0,0
519102901,6,2,10071121,21022401,0,0,0
519102901,6,3,10071121,21022401,0,0,0
519103001,1,1,10091101,21031101,0,0,0
519103001,2,1,10091101,21031101,0,0,0
519103001,2,2,10091101,21031101,0,0,0
519103001,3,1,10091101,21031101,0,0,0
519103001,3,2,10091101,21031101,0,0,0
519103001,3,3,10091101,21031101,0,0,0
519103001,4,1,10091102,21032101,0,0,0
519103001,5,1,10091102,21032101,0,0,0
519103001,5,2,10091102,21032101,0,0,0
519103001,6,1,10091102,21032101,0,0,0
519103001,6,2,10091102,21032101,0,0,0
519103001,6,3,10091102,21032101,0,0,0
519103101,1,1,10081116,21031201,0,0,0
519103101,2,1,10081116,21031201,0,0,0
519103101,2,2,10081116,21031201,0,0,0
519103101,3,1,10081116,21031201,0,0,0
519103101,3,2,10081116,21031201,0,0,0
519103101,3,3,10081116,21031201,0,0,0
519103101,4,1,10081117,21032201,0,0,0
519103101,5,1,10081117,21032201,0,0,0
519103101,5,2,10081117,21032201,0,0,0
519103101,6,1,10081117,21032201,0,0,0
519103101,6,2,10081117,21032201,0,0,0
519103101,6,3,10081117,21032201,0,0,0
519103201,1,1,10061122,21031301,0,0,0
519103201,2,1,10061122,21031301,0,0,0
519103201,2,2,10061122,21031301,0,0,0
519103201,3,1,10061122,21031301,0,0,0
519103201,3,2,10061122,21031301,0,0,0
519103201,3,3,10061122,21031301,0,0,0
519103201,4,1,10061123,21032301,0,0,0
519103201,5,1,10061123,21032301,0,0,0
519103201,5,2,10061123,21032301,0,0,0
519103201,6,1,10061123,21032301,0,0,0
519103201,6,2,10061123,21032301,0,0,0
519103201,6,3,10061123,21032301,0,0,0
519103301,1,1,10071122,21031401,0,0,0
519103301,2,1,10071122,21031401,0,0,0
519103301,2,2,10071122,21031401,0,0,0
519103301,3,1,10071122,21031401,0,0,0
519103301,3,2,10071122,21031401,0,0,0
519103301,3,3,10071122,21031401,0,0,0
519103301,4,1,10071123,21032401,0,0,0
519103301,5,1,10071123,21032401,0,0,0
519103301,5,2,10071123,21032401,0,0,0
519103301,6,1,10071123,21032401,0,0,0
519103301,6,2,10071123,21032401,0,0,0
519103301,6,3,10071123,21032401,0,0,0
519103401,1,1,10021216,21041101,0,0,0
519103401,2,1,10021216,21041101,0,0,0
519103401,2,2,10021216,21041101,0,0,0
519103401,3,1,10021216,21041101,0,0,0
519103401,3,2,10021216,21041101,0,0,0
519103401,3,3,10021216,21041101,0,0,0
519103401,4,1,10021217,21042101,0,0,0
519103401,5,1,10021217,21042101,0,0,0
519103401,5,2,10021217,21042101,0,0,0
519103401,6,1,10021217,21042101,0,0,0
519103401,6,2,10021217,21042101,0,0,0
519103401,6,3,10021217,21042101,0,0,0
519103501,1,1,10071124,21041201,0,0,0
519103501,2,1,10071124,21041201,0,0,0
519103501,2,2,10071124,21041201,0,0,0
519103501,3,1,10071124,21041201,0,0,0
519103501,3,2,10071124,21041201,0,0,0
519103501,3,3,10071124,21041201,0,0,0
519103501,4,1,10071125,21042201,0,0,0
519103501,5,1,10071125,21042201,0,0,0
519103501,5,2,10071125,21042201,0,0,0
519103501,6,1,10071125,21042201,0,0,0
519103501,6,2,10071125,21042201,0,0,0
519103501,6,3,10071125,21042201,0,0,0
519103601,1,1,10031218,21041301,0,0,0
519103601,2,1,10031218,21041301,0,0,0
519103601,2,2,10031218,21041301,0,0,0
519103601,3,1,10031218,21041301,0,0,0
519103601,3,2,10031218,21041301,0,0,0
519103601,3,3,10031218,21041301,0,0,0
519103601,4,1,10031219,21042301,0,0,0
519103601,5,1,10031219,21042301,0,0,0
519103601,5,2,10031219,21042301,0,0,0
519103601,6,1,10031219,21042301,0,0,0
519103601,6,2,10031219,21042301,0,0,0
519103601,6,3,10031219,21042301,0,0,0
519103701,1,1,10101104,21041401,0,0,0
519103701,2,1,10101104,21041401,0,0,0
519103701,2,2,10101104,21041401,0,0,0
519103701,3,1,10101104,21041401,0,0,0
519103701,3,2,10101104,21041401,0,0,0
519103701,3,3,10101104,21041401,0,0,0
519103701,4,1,10101105,21042401,0,0,0
519103701,5,1,10101105,21042401,0,0,0
519103701,5,2,10101105,21042401,0,0,0
519103701,6,1,10101105,21042401,0,0,0
519103701,6,2,10101105,21042401,0,0,0
519103701,6,3,10101105,21042401,0,0,0
519103801,1,1,10041215,21051101,0,0,0
519103801,2,1,10041215,21051101,0,0,0
519103801,2,2,10041215,21051101,0,0,0
519103801,3,1,10041215,21051101,0,0,0
519103801,3,2,10041215,21051101,0,0,0
519103801,3,3,10041215,21051101,0,0,0
519103801,4,1,10041216,21052101,0,0,0
519103801,5,1,10041216,21052101,0,0,0
519103801,5,2,10041216,21052101,0,0,0
519103801,6,1,10041216,21052101,0,0,0
519103801,6,2,10041216,21052101,0,0,0
519103801,6,3,10041216,21052101,0,0,0
519103901,1,1,10051216,21051201,0,0,0
519103901,2,1,10051216,21051201,0,0,0
519103901,2,2,10051216,21051201,0,0,0
519103901,3,1,10051216,21051201,0,0,0
519103901,3,2,10051216,21051201,0,0,0
519103901,3,3,10051216,21051201,0,0,0
519103901,4,1,10051217,21052201,0,0,0
519103901,5,1,10051217,21052201,0,0,0
519103901,5,2,10051217,21052201,0,0,0
519103901,6,1,10051217,21052201,0,0,0
519103901,6,2,10051217,21052201,0,0,0
519103901,6,3,10051217,21052201,0,0,0
519104001,1,1,10111209,21051301,0,0,0
519104001,2,1,10111209,21051301,0,0,0
519104001,2,2,10111209,21051301,0,0,0
519104001,3,1,10111209,21051301,0,0,0
519104001,3,2,10111209,21051301,0,0,0
519104001,3,3,10111209,21051301,0,0,0
519104001,4,1,10111210,21052301,0,0,0
519104001,5,1,10111210,21052301,0,0,0
519104001,5,2,10111210,21052301,0,0,0
519104001,6,1,10111210,21052301,0,0,0
519104001,6,2,10111210,21052301,0,0,0
519104001,6,3,10111210,21052301,0,0,0
519104101,1,1,10111112,21051401,0,0,0
519104101,2,1,10111112,21051401,0,0,0
519104101,2,2,10111112,21051401,0,0,0
519104101,3,1,10111112,21051401,0,0,0
519104101,3,2,10111112,21051401,0,0,0
519104101,3,3,10111112,21051401,0,0,0
519104101,4,1,10111113,21052401,0,0,0
519104101,5,1,10111113,21052401,0,0,0
519104101,5,2,10111113,21052401,0,0,0
519104101,6,1,10111113,21052401,0,0,0
519104101,6,2,10111113,21052401,0,0,0
519104101,6,3,10111113,21052401,0,0,0
519104201,1,1,10021160,11081101,0,0,0
519104201,2,1,10021160,11081101,0,0,0
519104201,2,2,10021160,11081101,0,0,0
519104201,3,1,10021160,11081101,0,0,0
519104201,3,2,10021160,11081101,0,0,0
519104201,3,3,10021160,11081101,0,0,0
519104201,4,1,10091227,11082101,0,0,0
519104201,5,1,10091227,11082101,0,0,0
519104201,5,2,10091227,11082101,0,0,0
519104201,6,1,10091227,11082101,0,0,0
519104201,6,2,10091227,11082101,0,0,0
519104201,6,3,10091227,11082101,0,0,0
519104301,1,1,10061321,11081201,0,0,0
519104301,2,1,10061321,11081201,0,0,0
519104301,2,2,10061321,11081201,0,0,0
519104301,3,1,10061321,11081201,0,0,0
519104301,3,2,10061321,11081201,0,0,0
519104301,3,3,10061321,11081201,0,0,0
519104301,4,1,10041158,11082201,0,0,0
519104301,5,1,10041158,11082201,0,0,0
519104301,5,2,10041158,11082201,0,0,0
519104301,6,1,10041158,11082201,0,0,0
519104301,6,2,10041158,11082201,0,0,0
519104301,6,3,10041158,11082201,0,0,0
519104401,1,1,10131234,11081301,0,0,0
519104401,2,1,10131234,11081301,0,0,0
519104401,2,2,10131234,11081301,0,0,0
519104401,3,1,10131234,11081301,0,0,0
519104401,3,2,10131234,11081301,0,0,0
519104401,4,1,10191132,11082301,0,0,0
519104401,5,1,10191132,11082301,0,0,0
519104401,5,2,10191132,11082301,0,0,0
519104401,6,1,10191132,11082301,0,0,0
519104401,6,2,10191132,11082301,0,0,0
519104501,1,1,10011314,11091101,0,0,0
519104501,2,1,10011314,11091101,0,0,0
519104501,2,2,10011314,11091101,0,0,0
519104501,3,1,10011314,11091101,0,0,0
519104501,3,2,10011314,11091101,0,0,0
519104501,3,3,10011314,11091101,0,0,0
519104501,4,1,10051309,11092101,0,0,0
519104501,5,1,10051309,11092101,0,0,0
519104501,5,2,10051309,11092101,0,0,0
519104501,6,1,10051309,11092101,0,0,0
519104501,6,2,10051309,11092101,0,0,0
519104501,6,3,10051309,11092101,0,0,0
519104601,1,1,10011171,11091201,0,0,0
519104601,2,1,10011171,11091201,0,0,0
519104601,2,2,10011171,11091201,0,0,0
519104601,3,1,10011171,11091201,0,0,0
519104601,3,2,10011171,11091201,0,0,0
519104601,3,3,10011171,11091201,0,0,0
519104601,4,1,10021241,11092201,0,0,0
519104601,5,1,10021241,11092201,0,0,0
519104601,5,2,10021241,11092201,0,0,0
519104601,6,1,10021241,11092201,0,0,0
519104601,6,2,10021241,11092201,0,0,0
519104601,6,3,10021241,11092201,0,0,0
519104701,1,1,10041249,11091301,0,0,0
519104701,2,1,10041249,11091301,0,0,0
519104701,2,2,10041249,11091301,0,0,0
519104701,3,1,10041249,11091301,0,0,0
519104701,3,2,10041249,11091301,0,0,0
519104701,3,3,10041249,11091301,0,0,0
519104701,4,1,10071166,11092301,0,0,0
519104701,5,1,10071166,11092301,0,0,0
519104701,5,2,10071166,11092301,0,0,0
519104701,6,1,10071166,11092301,0,0,0
519104701,6,2,10071166,11092301,0,0,0
519104701,6,3,10071166,11092301,0,0,0
519104801,1,1,10051151,21061101,0,0,0
519104801,2,1,10051151,21061101,0,0,0
519104801,2,2,10051151,21061101,0,0,0
519104801,3,1,10051151,21061101,0,0,0
519104801,3,2,10051151,21061101,0,0,0
519104801,3,3,10051151,21061101,0,0,0
519104801,4,1,10071232,21062101,0,0,0
519104801,5,1,10071232,21062101,0,0,0
519104801,5,2,10071232,21062101,0,0,0
519104801,6,1,10071232,21062101,0,0,0
519104801,6,2,10071232,21062101,0,0,0
519104801,6,3,10071232,21062101,0,0,0
519104901,1,1,10061154,21061201,0,0,0
519104901,2,1,10061154,21061201,0,0,0
519104901,2,2,10061154,21061201,0,0,0
519104901,3,1,10061154,21061201,0,0,0
519104901,3,2,10061154,21061201,0,0,0
519104901,3,3,10061154,21061201,0,0,0
519104901,4,1,10081244,21062201,0,0,0
519104901,5,1,10081244,21062201,0,0,0
519104901,5,2,10081244,21062201,0,0,0
519104901,6,1,10081244,21062201,0,0,0
519104901,6,2,10081244,21062201,0,0,0
519104901,6,3,10081244,21062201,0,0,0
519105001,1,1,10061230,21061301,0,0,0
519105001,2,1,10061230,21061301,0,0,0
519105001,2,2,10061230,21061301,0,0,0
519105001,3,1,10061230,21061301,0,0,0
519105001,3,2,10061230,21061301,0,0,0
519105001,3,3,10061230,21061301,0,0,0
519105001,4,1,10061231,21062301,0,0,0
519105001,5,1,10061231,21062301,0,0,0
519105001,5,2,10061231,21062301,0,0,0
519105001,6,1,10061231,21062301,0,0,0
519105001,6,2,10061231,21062301,0,0,0
519105001,6,3,10061231,21062301,0,0,0
519105101,1,1,10081151,21061401,0,0,0
519105101,2,1,10081151,21061401,0,0,0
519105101,2,2,10081151,21061401,0,0,0
519105101,3,1,10081151,21061401,0,0,0
519105101,3,2,10081151,21061401,0,0,0
519105101,3,3,10081151,21061401,0,0,0
519105101,4,1,10121137,21062401,0,0,0
519105101,5,1,10121137,21062401,0,0,0
519105101,5,2,10121137,21062401,0,0,0
519105101,6,1,10121137,21062401,0,0,0
519105101,6,2,10121137,21062401,0,0,0
519105101,6,3,10121137,21062401,0,0,0
519105201,1,1,10041246,21071101,0,0,0
519105201,2,1,10041246,21071101,0,0,0
519105201,2,2,10041246,21071101,0,0,0
519105201,3,1,10041246,21071101,0,0,0
519105201,3,2,10041246,21071101,0,0,0
519105201,3,3,10041246,21071101,0,0,0
519105201,4,1,10091229,21072101,0,0,0
519105201,5,1,10091229,21072101,0,0,0
519105201,5,2,10091229,21072101,0,0,0
519105201,6,1,10091229,21072101,0,0,0
519105201,6,2,10091229,21072101,0,0,0
519105201,6,3,10091229,21072101,0,0,0
519105301,1,1,10051238,21071201,0,0,0
519105301,2,1,10051238,21071201,0,0,0
519105301,2,2,10051238,21071201,0,0,0
519105301,3,1,10051238,21071201,0,0,0
519105301,3,2,10051238,21071201,0,0,0
519105301,3,3,10051238,21071201,0,0,0
519105301,4,1,10091144,21072201,0,0,0
519105301,5,1,10091144,21072201,0,0,0
519105301,5,2,10091144,21072201,0,0,0
519105301,6,1,10091144,21072201,0,0,0
519105301,6,2,10091144,21072201,0,0,0
519105301,6,3,10091144,21072201,0,0,0
519105401,1,1,10061232,21071301,0,0,0
519105401,2,1,10061232,21071301,0,0,0
519105401,2,2,10061232,21071301,0,0,0
519105401,3,1,10061232,21071301,0,0,0
519105401,3,2,10061232,21071301,0,0,0
519105401,3,3,10061232,21071301,0,0,0
519105401,4,1,10101137,21072301,0,0,0
519105401,5,1,10101137,21072301,0,0,0
519105401,5,2,10101137,21072301,0,0,0
519105401,6,1,10101137,21072301,0,0,0
519105401,6,2,10101137,21072301,0,0,0
519105401,6,3,10101137,21072301,0,0,0
519105501,1,1,10051239,21071401,0,0,0
519105501,2,1,10051239,21071401,0,0,0
519105501,2,2,10051239,21071401,0,0,0
519105501,3,1,10051239,21071401,0,0,0
519105501,3,2,10051239,21071401,0,0,0
519105501,3,3,10051239,21071401,0,0,0
519105501,4,1,10131131,21072401,0,0,0
519105501,5,1,10131131,21072401,0,0,0
519105501,5,2,10131131,21072401,0,0,0
519105501,6,1,10131131,21072401,0,0,0
519105501,6,2,10131131,21072401,0,0,0
519105501,6,3,10131131,21072401,0,0,0
519105601,1,1,10031168,11101101,0,0,0
519105601,2,1,10031168,11101101,0,0,0
519105601,2,2,10031168,11101101,0,0,0
519105601,3,1,10031168,11101101,0,0,0
519105601,3,2,10031168,11101101,0,0,0
519105601,3,3,10031168,11101101,0,0,0
519105601,4,1,10031316,11102101,0,0,0
519105601,5,1,10031316,11102101,0,0,0
519105601,5,2,10031316,11102101,0,0,0
519105601,6,1,10031316,11102101,0,0,0
519105601,6,2,10031316,11102101,0,0,0
519105601,6,3,10031316,11102101,0,0,0
519105701,1,1,10101252,11101201,0,0,0
519105701,2,1,10101252,11101201,0,0,0
519105701,2,2,10101252,11101201,0,0,0
519105701,3,1,10101252,11101201,0,0,0
519105701,3,2,10101252,11101201,0,0,0
519105701,3,3,10101252,11101201,0,0,0
519105701,4,1,10121230,11102201,0,0,0
519105701,5,1,10121230,11102201,0,0,0
519105701,5,2,10121230,11102201,0,0,0
519105701,6,1,10121230,11102201,0,0,0
519105701,6,2,10121230,11102201,0,0,0
519105701,6,3,10121230,11102201,0,0,0
519105801,1,1,10081318,11101301,0,0,0
519105801,2,1,10081318,11101301,0,0,0
519105801,2,2,10081318,11101301,0,0,0
519105801,3,1,10081318,11101301,0,0,0
519105801,3,2,10081318,11101301,0,0,0
519105801,3,3,10081318,11101301,0,0,0
519105801,4,1,10081259,11102301,0,0,0
519105801,5,1,10081259,11102301,0,0,0
519105801,5,2,10081259,11102301,0,0,0
519105801,6,1,10081259,11102301,0,0,0
519105801,6,2,10081259,11102301,0,0,0
519105801,6,3,10081259,11102301,0,0,0
519105901,1,1,10071245,11111101,0,0,0
519105901,2,1,10071245,11111101,0,0,0
519105901,2,2,10071245,11111101,0,0,0
519105901,3,1,10071245,11111101,0,0,0
519105901,3,2,10071245,11111101,0,0,0
519105901,3,3,10071245,11111101,0,0,0
519105901,4,1,10071178,11112101,0,0,0
519105901,5,1,10071178,11112101,0,0,0
519105901,5,2,10071178,11112101,0,0,0
519105901,6,1,10071178,11112101,0,0,0
519105901,6,2,10071178,11112101,0,0,0
519105901,6,3,10071178,11112101,0,0,0
519106001,1,1,10111312,11111201,0,0,0
519106001,2,1,10111312,11111201,0,0,0
519106001,2,2,10111312,11111201,0,0,0
519106001,3,1,10111312,11111201,0,0,0
519106001,3,2,10111312,11111201,0,0,0
519106001,3,3,10111312,11111201,0,0,0
519106001,4,1,10121232,11112201,0,0,0
519106001,5,1,10121232,11112201,0,0,0
519106001,5,2,10121232,11112201,0,0,0
519106001,6,1,10121232,11112201,0,0,0
519106001,6,2,10121232,11112201,0,0,0
519106001,6,3,10121232,11112201,0,0,0
519106101,1,1,10141314,11111301,0,0,0
519106101,2,1,10141314,11111301,0,0,0
519106101,2,2,10141314,11111301,0,0,0
519106101,3,1,10141314,11111301,0,0,0
519106101,3,2,10141314,11111301,0,0,0
519106101,4,1,10191228,11112301,0,0,0
519106101,5,1,10191228,11112301,0,0,0
519106101,5,2,10191228,11112301,0,0,0
519106101,6,1,10191228,11112301,0,0,0
519106101,6,2,10191228,11112301,0,0,0
519106201,1,1,10111241,21081101,0,0,0
519106201,2,1,10111241,21081101,0,0,0
519106201,2,2,10111241,21081101,0,0,0
519106201,3,1,10111241,21081101,0,0,0
519106201,3,2,10111241,21081101,0,0,0
519106201,3,3,10111241,21081101,0,0,0
519106201,4,1,10071247,21082101,0,0,0
519106201,5,1,10071247,21082101,0,0,0
519106201,5,2,10071247,21082101,0,0,0
519106201,6,1,10071247,21082101,0,0,0
519106201,6,2,10071247,21082101,0,0,0
519106201,6,3,10071247,21082101,0,0,0
519106301,1,1,10041165,21081201,0,0,0
519106301,2,1,10041165,21081201,0,0,0
519106301,2,2,10041165,21081201,0,0,0
519106301,3,1,10041165,21081201,0,0,0
519106301,3,2,10041165,21081201,0,0,0
519106301,3,3,10041165,21081201,0,0,0
519106301,4,1,10021260,21082201,0,0,0
519106301,5,1,10021260,21082201,0,0,0
519106301,5,2,10021260,21082201,0,0,0
519106301,6,1,10021260,21082201,0,0,0
519106301,6,2,10021260,21082201,0,0,0
519106301,6,3,10021260,21082201,0,0,0
519106401,1,1,10071173,21081301,0,0,0
519106401,2,1,10071173,21081301,0,0,0
519106401,2,2,10071173,21081301,0,0,0
519106401,3,1,10071173,21081301,0,0,0
519106401,3,2,10071173,21081301,0,0,0
519106401,3,3,10071173,21081301,0,0,0
519106401,4,1,10071174,21082301,0,0,0
519106401,5,1,10071174,21082301,0,0,0
519106401,5,2,10071174,21082301,0,0,0
519106401,6,1,10071174,21082301,0,0,0
519106401,6,2,10071174,21082301,0,0,0
519106401,6,3,10071174,21082301,0,0,0
519106501,1,1,10111149,21081401,0,0,0
519106501,2,1,10111149,21081401,0,0,0
519106501,2,2,10111149,21081401,0,0,0
519106501,3,1,10111149,21081401,0,0,0
519106501,3,2,10111149,21081401,0,0,0
519106501,3,3,10111149,21081401,0,0,0
519106501,4,1,10111150,21082401,0,0,0
519106501,5,1,10111150,21082401,0,0,0
519106501,5,2,10111150,21082401,0,0,0
519106501,6,1,10111150,21082401,0,0,0
519106501,6,2,10111150,21082401,0,0,0
519106501,6,3,10111150,21082401,0,0,0
519106601,1,1,10121226,21091101,0,0,0
519106601,2,1,10121226,21091101,0,0,0
519106601,2,2,10121226,21091101,0,0,0
519106601,3,1,10121226,21091101,0,0,0
519106601,3,2,10121226,21091101,0,0,0
519106601,3,3,10121226,21091101,0,0,0
519106601,4,1,10121227,21092101,0,0,0
519106601,5,1,10121227,21092101,0,0,0
519106601,5,2,10121227,21092101,0,0,0
519106601,6,1,10121227,21092101,0,0,0
519106601,6,2,10121227,21092101,0,0,0
519106601,6,3,10121227,21092101,0,0,0
519106701,1,1,10081155,21091201,0,0,0
519106701,2,1,10081155,21091201,0,0,0
519106701,2,2,10081155,21091201,0,0,0
519106701,3,1,10081155,21091201,0,0,0
519106701,3,2,10081155,21091201,0,0,0
519106701,3,3,10081155,21091201,0,0,0
519106701,4,1,10081156,21092201,0,0,0
519106701,5,1,10081156,21092201,0,0,0
519106701,5,2,10081156,21092201,0,0,0
519106701,6,1,10081156,21092201,0,0,0
519106701,6,2,10081156,21092201,0,0,0
519106701,6,3,10081156,21092201,0,0,0
519106801,1,1,10101255,21091301,0,0,0
519106801,2,1,10101255,21091301,0,0,0
519106801,2,2,10101255,21091301,0,0,0
519106801,3,1,10101255,21091301,0,0,0
519106801,3,2,10101255,21091301,0,0,0
519106801,3,3,10101255,21091301,0,0,0
519106801,4,1,10061247,21092301,0,0,0
519106801,5,1,10061247,21092301,0,0,0
519106801,5,2,10061247,21092301,0,0,0
519106801,6,1,10061247,21092301,0,0,0
519106801,6,2,10061247,21092301,0,0,0
519106801,6,3,10061247,21092301,0,0,0
519106901,1,1,10131244,21091401,0,0,0
519106901,2,1,10131244,21091401,0,0,0
519106901,2,2,10131244,21091401,0,0,0
519106901,3,1,10131244,21091401,0,0,0
519106901,3,2,10131244,21091401,0,0,0
519106901,3,3,10131244,21091401,0,0,0
519106901,4,1,10131245,21092401,0,0,0
519106901,5,1,10131245,21092401,0,0,0
519106901,5,2,10131245,21092401,0,0,0
519106901,6,1,10131245,21092401,0,0,0
519106901,6,2,10131245,21092401,0,0,0
519106901,6,3,10131245,21092401,0,0,0
519107001,1,1,10061176,11121101,0,0,0
519107001,2,1,10061176,11121101,0,0,0
519107001,2,2,10061176,11121101,0,0,0
519107001,3,1,10061176,11121101,0,0,0
519107001,3,2,10061176,11121101,0,0,0
519107001,3,3,10061176,11121101,0,0,0
519107001,4,1,10101332,11122101,0,0,0
519107001,5,1,10101332,11122101,0,0,0
519107001,5,2,10101332,11122101,0,0,0
519107001,6,1,10101332,11122101,0,0,0
519107001,6,2,10101332,11122101,0,0,0
519107001,6,3,10101332,11122101,0,0,0
519107101,1,1,10021185,11121201,0,0,0
519107101,2,1,10021185,11121201,0,0,0
519107101,2,2,10021185,11121201,0,0,0
519107101,3,1,10021185,11121201,0,0,0
519107101,3,2,10021185,11121201,0,0,0
519107101,3,3,10021185,11121201,0,0,0
519107101,4,1,10111252,11122201,0,0,0
519107101,5,1,10111252,11122201,0,0,0
519107101,5,2,10111252,11122201,0,0,0
519107101,6,1,10111252,11122201,0,0,0
519107101,6,2,10111252,11122201,0,0,0
519107101,6,3,10111252,11122201,0,0,0
519107201,1,1,10071189,11121301,0,0,0
519107201,2,1,10071189,11121301,0,0,0
519107201,2,2,10071189,11121301,0,0,0
519107201,3,1,10071189,11121301,0,0,0
519107201,3,2,10071189,11121301,0,0,0
519107201,3,3,10071189,11121301,0,0,0
519107201,4,1,10141318,11122301,0,0,0
519107201,5,1,10141318,11122301,0,0,0
519107201,5,2,10141318,11122301,0,0,0
519107201,6,1,10141318,11122301,0,0,0
519107201,6,2,10141318,11122301,0,0,0
519107201,6,3,10141318,11122301,0,0,0
519107301,1,1,10101159,11131101,0,0,0
519107301,2,1,10101159,11131101,0,0,0
519107301,2,2,10101159,11131101,0,0,0
519107301,3,1,10101159,11131101,0,0,0
519107301,3,2,10101159,11131101,0,0,0
519107301,3,3,10101159,11131101,0,0,0
519107301,4,1,10021342,11132101,0,0,0
519107301,5,1,10021342,11132101,0,0,0
519107301,5,2,10021342,11132101,0,0,0
519107301,6,1,10021342,11132101,0,0,0
519107301,6,2,10021342,11132101,0,0,0
519107301,6,3,10021342,11132101,0,0,0
519107401,1,1,10041333,11131201,0,0,0
519107401,2,1,10041333,11131201,0,0,0
519107401,2,2,10041333,11131201,0,0,0
519107401,3,1,10041333,11131201,0,0,0
519107401,3,2,10041333,11131201,0,0,0
519107401,3,3,10041333,11131201,0,0,0
519107401,4,1,10121159,11132201,0,0,0
519107401,5,1,10121159,11132201,0,0,0
519107401,5,2,10121159,11132201,0,0,0
519107401,6,1,10121159,11132201,0,0,0
519107401,6,2,10121159,11132201,0,0,0
519107401,6,3,10121159,11132201,0,0,0
519107501,1,1,10041183,11131301,0,0,0
519107501,2,1,10041183,11131301,0,0,0
519107501,2,2,10041183,11131301,0,0,0
519107501,3,1,10041183,11131301,0,0,0
519107501,3,2,10041183,11131301,0,0,0
519107501,3,3,10041183,11131301,0,0,0
519107501,4,1,10131153,11132301,0,0,0
519107501,5,1,10131153,11132301,0,0,0
519107501,5,2,10131153,11132301,0,0,0
519107501,6,1,10131153,11132301,0,0,0
519107501,6,2,10131153,11132301,0,0,0
519107501,6,3,10131153,11132301,0,0,0
519107601,1,1,10091327,21101101,0,0,0
519107601,2,1,10091327,21101101,0,0,0
519107601,2,2,10091327,21101101,0,0,0
519107601,3,1,10091327,21101101,0,0,0
519107601,3,2,10091327,21101101,0,0,0
519107601,3,3,10091327,21101101,0,0,0
519107601,4,1,10121344,21102101,0,0,0
519107601,5,1,10121344,21102101,0,0,0
519107601,5,2,10121344,21102101,0,0,0
519107601,6,1,10121344,21102101,0,0,0
519107601,6,2,10121344,21102101,0,0,0
519107601,6,3,10121344,21102101,0,0,0
519107701,1,1,10161318,21101201,0,0,0
519107701,2,1,10161318,21101201,0,0,0
519107701,2,2,10161318,21101201,0,0,0
519107701,3,1,10161318,21101201,0,0,0
519107701,3,2,10161318,21101201,0,0,0
519107701,3,3,10161318,21101201,0,0,0
519107701,4,1,10091330,21102201,0,0,0
519107701,5,1,10091330,21102201,0,0,0
519107701,5,2,10091330,21102201,0,0,0
519107701,6,1,10091330,21102201,0,0,0
519107701,6,2,10091330,21102201,0,0,0
519107701,6,3,10091330,21102201,0,0,0
519107801,1,1,10021284,21101301,0,0,0
519107801,2,1,10021284,21101301,0,0,0
519107801,2,2,10021284,21101301,0,0,0
519107801,3,1,10021284,21101301,0,0,0
519107801,3,2,10021284,21101301,0,0,0
519107801,3,3,10021284,21101301,0,0,0
519107801,4,1,10151140,21102301,0,0,0
519107801,5,1,10151140,21102301,0,0,0
519107801,5,2,10151140,21102301,0,0,0
519107801,6,1,10151140,21102301,0,0,0
519107801,6,2,10151140,21102301,0,0,0
519107801,6,3,10151140,21102301,0,0,0
519107901,1,1,10151138,21101401,0,0,0
519107901,2,1,10151138,21101401,0,0,0
519107901,2,2,10151138,21101401,0,0,0
519107901,3,1,10151138,21101401,0,0,0
519107901,3,2,10151138,21101401,0,0,0
519107901,3,3,10151138,21101401,0,0,0
519107901,4,1,10131157,21102401,0,0,0
519107901,5,1,10131157,21102401,0,0,0
519107901,5,2,10131157,21102401,0,0,0
519107901,6,1,10131157,21102401,0,0,0
519107901,6,2,10131157,21102401,0,0,0
519107901,6,3,10131157,21102401,0,0,0
519108001,1,1,10021285,21111101,0,0,0
519108001,2,1,10021285,21111101,0,0,0
519108001,2,2,10021285,21111101,0,0,0
519108001,3,1,10021285,21111101,0,0,0
519108001,3,2,10021285,21111101,0,0,0
519108001,3,3,10021285,21111101,0,0,0
519108001,4,1,10091331,21112101,0,0,0
519108001,5,1,10091331,21112101,0,0,0
519108001,5,2,10091331,21112101,0,0,0
519108001,6,1,10091331,21112101,0,0,0
519108001,6,2,10091331,21112101,0,0,0
519108001,6,3,10091331,21112101,0,0,0
519108101,1,1,10021191,21111201,0,0,0
519108101,2,1,10021191,21111201,0,0,0
519108101,2,2,10021191,21111201,0,0,0
519108101,3,1,10021191,21111201,0,0,0
519108101,3,2,10021191,21111201,0,0,0
519108101,3,3,10021191,21111201,0,0,0
519108101,4,1,10131158,21112201,0,0,0
519108101,5,1,10131158,21112201,0,0,0
519108101,5,2,10131158,21112201,0,0,0
519108101,6,1,10131158,21112201,0,0,0
519108101,6,2,10131158,21112201,0,0,0
519108101,6,3,10131158,21112201,0,0,0
519108201,1,1,10151139,21111301,0,0,0
519108201,2,1,10151139,21111301,0,0,0
519108201,2,2,10151139,21111301,0,0,0
519108201,3,1,10151139,21111301,0,0,0
519108201,3,2,10151139,21111301,0,0,0
519108201,3,3,10151139,21111301,0,0,0
519108201,4,1,10021287,21112301,0,0,0
519108201,5,1,10021287,21112301,0,0,0
519108201,5,2,10021287,21112301,0,0,0
519108201,6,1,10021287,21112301,0,0,0
519108201,6,2,10021287,21112301,0,0,0
519108201,6,3,10021287,21112301,0,0,0
519108301,1,1,10021192,21111401,0,0,0
519108301,2,1,10021192,21111401,0,0,0
519108301,2,2,10021192,21111401,0,0,0
519108301,3,1,10021192,21111401,0,0,0
519108301,3,2,10021192,21111401,0,0,0
519108301,3,3,10021192,21111401,0,0,0
519108301,4,1,10161322,21112401,0,0,0
519108301,5,1,10161322,21112401,0,0,0
519108301,5,2,10161322,21112401,0,0,0
519108301,6,1,10161322,21112401,0,0,0
519108301,6,2,10161322,21112401,0,0,0
519108301,6,3,10161322,21112401,0,0,0
519108401,1,1,10091338,11141101,0,0,0
519108401,2,1,10091338,11141101,0,0,0
519108401,2,2,10091338,11141101,0,0,0
519108401,3,1,10091338,11141101,0,0,0
519108401,3,2,10091338,11141101,0,0,0
519108401,3,3,10091338,11141101,0,0,0
519108401,4,1,10121347,11142101,0,0,0
519108401,5,1,10121347,11142101,0,0,0
519108401,5,2,10121347,11142101,0,0,0
519108401,6,1,10121347,11142101,0,0,0
519108401,6,2,10121347,11142101,0,0,0
519108401,6,3,10121347,11142101,0,0,0
519108501,1,1,10041287,11141201,0,0,0
519108501,2,1,10041287,11141201,0,0,0
519108501,2,2,10041287,11141201,0,0,0
519108501,3,1,10041287,11141201,0,0,0
519108501,3,2,10041287,11141201,0,0,0
519108501,3,3,10041287,11141201,0,0,0
519108501,4,1,10011350,11142201,0,0,0
519108501,5,1,10011350,11142201,0,0,0
519108501,5,2,10011350,11142201,0,0,0
519108501,6,1,10011350,11142201,0,0,0
519108501,6,2,10011350,11142201,0,0,0
519108501,6,3,10011350,11142201,0,0,0
519108601,1,1,10131331,11141301,0,0,0
519108601,2,1,10131331,11141301,0,0,0
519108601,2,2,10131331,11141301,0,0,0
519108601,3,1,10131331,11141301,0,0,0
519108601,3,2,10131331,11141301,0,0,0
519108601,3,3,10131331,11141301,0,0,0
519108601,4,1,10101170,11142301,0,0,0
519108601,5,1,10101170,11142301,0,0,0
519108601,5,2,10101170,11142301,0,0,0
519108601,6,1,10101170,11142301,0,0,0
519108601,6,2,10101170,11142301,0,0,0
519108601,6,3,10101170,11142301,0,0,0
519108701,1,1,10091168,11151101,0,0,0
519108701,2,1,10091168,11151101,0,0,0
519108701,2,2,10091168,11151101,0,0,0
519108701,3,1,10091168,11151101,0,0,0
519108701,3,2,10091168,11151101,0,0,0
519108701,3,3,10091168,11151101,0,0,0
519108701,4,1,10101173,11152101,0,0,0
519108701,5,1,10101173,11152101,0,0,0
519108701,5,2,10101173,11152101,0,0,0
519108701,6,1,10101173,11152101,0,0,0
519108701,6,2,10101173,11152101,0,0,0
519108701,6,3,10101173,11152101,0,0,0
519108801,1,1,10061272,11151201,0,0,0
519108801,2,1,10061272,11151201,0,0,0
519108801,2,2,10061272,11151201,0,0,0
519108801,3,1,10061272,11151201,0,0,0
519108801,3,2,10061272,11151201,0,0,0
519108801,3,3,10061272,11151201,0,0,0
519108801,4,1,10141235,11152201,0,0,0
519108801,5,1,10141235,11152201,0,0,0
519108801,5,2,10141235,11152201,0,0,0
519108801,6,1,10141235,11152201,0,0,0
519108801,6,2,10141235,11152201,0,0,0
519108801,6,3,10141235,11152201,0,0,0
519108901,1,1,10101278,11151301,0,0,0
519108901,2,1,10101278,11151301,0,0,0
519108901,2,2,10101278,11151301,0,0,0
519108901,3,1,10101278,11151301,0,0,0
519108901,3,2,10101278,11151301,0,0,0
519108901,3,3,10101278,11151301,0,0,0
519108901,4,1,10081189,11152301,0,0,0
519108901,5,1,10081189,11152301,0,0,0
519108901,5,2,10081189,11152301,0,0,0
519108901,6,1,10081189,11152301,0,0,0
519108901,6,2,10081189,11152301,0,0,0
519108901,6,3,10081189,11152301,0,0,0
519109001,1,1,10091334,21121101,0,0,0
519109001,2,1,10091334,21121101,0,0,0
519109001,2,2,10091334,21121101,0,0,0
519109001,3,1,10091334,21121101,0,0,0
519109001,3,2,10091334,21121101,0,0,0
519109001,3,3,10091334,21121101,0,0,0
519109001,4,1,10031287,21122101,0,0,0
519109001,5,1,10031287,21122101,0,0,0
519109001,5,2,10031287,21122101,0,0,0
519109001,6,1,10031287,21122101,0,0,0
519109001,6,2,10031287,21122101,0,0,0
519109001,6,3,10031287,21122101,0,0,0
519109101,1,1,10091335,21121201,0,0,0
519109101,2,1,10091335,21121201,0,0,0
519109101,2,2,10091335,21121201,0,0,0
519109101,3,1,10091335,21121201,0,0,0
519109101,3,2,10091335,21121201,0,0,0
519109101,3,3,10091335,21121201,0,0,0
519109101,4,1,10111178,21122201,0,0,0
519109101,5,1,10111178,21122201,0,0,0
519109101,5,2,10111178,21122201,0,0,0
519109101,6,1,10111178,21122201,0,0,0
519109101,6,2,10111178,21122201,0,0,0
519109101,6,3,10111178,21122201,0,0,0
519109201,1,1,10061185,21121301,0,0,0
519109201,2,1,10061185,21121301,0,0,0
519109201,2,2,10061185,21121301,0,0,0
519109201,3,1,10061185,21121301,0,0,0
519109201,3,2,10061185,21121301,0,0,0
519109201,3,3,10061185,21121301,0,0,0
519109201,4,1,10011347,21122301,0,0,0
519109201,5,1,10011347,21122301,0,0,0
519109201,5,2,10011347,21122301,0,0,0
519109201,6,1,10011347,21122301,0,0,0
519109201,6,2,10011347,21122301,0,0,0
519109201,6,3,10011347,21122301,0,0,0
519109301,1,1,10061186,21121401,0,0,0
519109301,2,1,10061186,21121401,0,0,0
519109301,2,2,10061186,21121401,0,0,0
519109301,3,1,10061186,21121401,0,0,0
519109301,3,2,10061186,21121401,0,0,0
519109301,3,3,10061186,21121401,0,0,0
519109301,4,1,10091337,21122401,0,0,0
519109301,5,1,10091337,21122401,0,0,0
519109301,5,2,10091337,21122401,0,0,0
519109301,6,1,10091337,21122401,0,0,0
519109301,6,2,10091337,21122401,0,0,0
519109301,6,3,10091337,21122401,0,0,0
519109401,1,1,10031285,21131101,0,0,0
519109401,2,1,10031285,21131101,0,0,0
519109401,2,2,10031285,21131101,0,0,0
519109401,3,1,10031285,21131101,0,0,0
519109401,3,2,10031285,21131101,0,0,0
519109401,3,3,10031285,21131101,0,0,0
519109401,4,1,10111342,21132101,0,0,0
519109401,5,1,10111342,21132101,0,0,0
519109401,5,2,10111342,21132101,0,0,0
519109401,6,1,10111342,21132101,0,0,0
519109401,6,2,10111342,21132101,0,0,0
519109401,6,3,10111342,21132101,0,0,0
519109501,1,1,10111176,21131201,0,0,0
519109501,2,1,10111176,21131201,0,0,0
519109501,2,2,10111176,21131201,0,0,0
519109501,3,1,10111176,21131201,0,0,0
519109501,3,2,10111176,21131201,0,0,0
519109501,3,3,10111176,21131201,0,0,0
519109501,4,1,10141327,21132201,0,0,0
519109501,5,1,10141327,21132201,0,0,0
519109501,5,2,10141327,21132201,0,0,0
519109501,6,1,10141327,21132201,0,0,0
519109501,6,2,10141327,21132201,0,0,0
519109501,6,3,10141327,21132201,0,0,0
519109601,1,1,10011346,21131301,0,0,0
519109601,2,1,10011346,21131301,0,0,0
519109601,2,2,10011346,21131301,0,0,0
519109601,3,1,10011346,21131301,0,0,0
519109601,3,2,10011346,21131301,0,0,0
519109601,3,3,10011346,21131301,0,0,0
519109601,4,1,10031348,21132301,0,0,0
519109601,5,1,10031348,21132301,0,0,0
519109601,5,2,10031348,21132301,0,0,0
519109601,6,1,10031348,21132301,0,0,0
519109601,6,2,10031348,21132301,0,0,0
519109601,6,3,10031348,21132301,0,0,0
519109701,1,1,10111177,21131401,0,0,0
519109701,2,1,10111177,21131401,0,0,0
519109701,2,2,10111177,21131401,0,0,0
519109701,3,1,10111177,21131401,0,0,0
519109701,3,2,10111177,21131401,0,0,0
519109701,3,3,10111177,21131401,0,0,0
519109701,4,1,10061188,21132401,0,0,0
519109701,5,1,10061188,21132401,0,0,0
519109701,5,2,10061188,21132401,0,0,0
519109701,6,1,10061188,21132401,0,0,0
519109701,6,2,10061188,21132401,0,0,0
519109701,6,3,10061188,21132401,0,0,0
519109801,1,1,10101357,11161101,0,0,0
519109801,2,1,10101357,11161101,0,0,0
519109801,2,2,10101357,11161101,0,0,0
519109801,3,1,10101357,11161101,0,0,0
519109801,3,2,10101357,11161101,0,0,0
519109801,3,3,10101357,11161101,0,0,0
519109801,4,1,10151268,11162101,0,0,0
519109801,5,1,10151268,11162101,0,0,0
519109801,5,2,10151268,11162101,0,0,0
519109801,6,1,10151268,11162101,0,0,0
519109801,6,2,10151268,11162101,0,0,0
519109801,6,3,10151268,11162101,0,0,0
519109901,1,1,10031369,11161201,0,0,0
519109901,2,1,10031369,11161201,0,0,0
519109901,2,2,10031369,11161201,0,0,0
519109901,3,1,10031369,11161201,0,0,0
519109901,3,2,10031369,11161201,0,0,0
519109901,3,3,10031369,11161201,0,0,0
519109901,4,1,10121179,11162201,0,0,0
519109901,5,1,10121179,11162201,0,0,0
519109901,5,2,10121179,11162201,0,0,0
519109901,6,1,10121179,11162201,0,0,0
519109901,6,2,10121179,11162201,0,0,0
519109901,6,3,10121179,11162201,0,0,0
519110001,1,1,10091360,11161301,0,0,0
519110001,2,1,10091360,11161301,0,0,0
519110001,2,2,10091360,11161301,0,0,0
519110001,3,1,10091360,11161301,0,0,0
519110001,3,2,10091360,11161301,0,0,0
519110001,3,3,10091360,11161301,0,0,0
519110001,4,1,10301137,11162301,0,0,0
519110001,5,1,10301137,11162301,0,0,0
519110001,5,2,10301137,11162301,0,0,0
519110001,6,1,10301137,11162301,0,0,0
519110001,6,2,10301137,11162301,0,0,0
519110001,6,3,10111196,11162301,0,0,0
519110101,1,1,10021297,11171101,0,0,0
519110101,2,1,10021297,11171101,0,0,0
519110101,2,2,10021297,11171101,0,0,0
519110101,3,1,10021297,11171101,0,0,0
519110101,3,2,10021297,11171101,0,0,0
519110101,3,3,10021297,11171101,0,0,0
519110101,4,1,10091355,11172101,0,0,0
519110101,5,1,10091355,11172101,0,0,0
519110101,5,2,10091355,11172101,0,0,0
519110101,6,1,10091355,11172101,0,0,0
519110101,6,2,10091355,11172101,0,0,0
519110101,6,3,10091355,11172101,0,0,0
519110201,1,1,10111276,11171201,0,0,0
519110201,2,1,10111276,11171201,0,0,0
519110201,2,2,10111276,11171201,0,0,0
519110201,3,1,10111276,11171201,0,0,0
519110201,3,2,10111276,11171201,0,0,0
519110201,3,3,10111276,11171201,0,0,0
519110201,4,1,20061103,11172201,0,0,0
519110201,5,1,20061103,11172201,0,0,0
519110201,5,2,20061103,11172201,0,0,0
519110201,6,1,20061103,11172201,0,0,0
519110201,6,2,20061103,11172201,0,0,0
519110201,6,3,20061103,11172201,0,0,0
519110301,1,1,10101356,11171301,0,0,0
519110301,2,1,10101356,11171301,0,0,0
519110301,2,2,10101356,11171301,0,0,0
519110301,3,1,10101356,11171301,0,0,0
519110301,3,2,10101356,11171301,0,0,0
519110301,3,3,10101356,11171301,0,0,0
519110301,4,1,10151158,11172301,0,0,0
519110301,5,1,10151158,11172301,0,0,0
519110301,5,2,10151158,11172301,0,0,0
519110301,6,1,10151158,11172301,0,0,0
519110301,6,2,10151158,11172301,0,0,0
519110301,6,3,10151158,11172301,0,0,0
519110401,1,1,10291119,21141101,0,0,0
519110401,2,1,10291119,21141101,0,0,0
519110401,2,2,10291119,21141101,0,0,0
519110401,3,1,10291119,21141101,0,0,0
519110401,3,2,10291119,21141101,0,0,0
519110401,3,3,10291119,21141101,0,0,0
519110401,4,1,10101292,21142101,0,0,0
519110401,5,1,10101292,21142101,0,0,0
519110401,5,2,10101292,21142101,0,0,0
519110401,6,1,10101292,21142101,0,0,0
519110401,6,2,10101292,21142101,0,0,0
519110401,6,3,10101292,21142101,0,0,0
519110501,1,1,10091272,21141201,0,0,0
519110501,2,1,10091272,21141201,0,0,0
519110501,2,2,10091272,21141201,0,0,0
519110501,3,1,10091272,21141201,0,0,0
519110501,3,2,10091272,21141201,0,0,0
519110501,3,3,10091272,21141201,0,0,0
519110501,4,1,10101293,21142201,0,0,0
519110501,5,1,10101293,21142201,0,0,0
519110501,5,2,10101293,21142201,0,0,0
519110501,6,1,10101293,21142201,0,0,0
519110501,6,2,10101293,21142201,0,0,0
519110501,6,3,10101293,21142201,0,0,0
519110601,1,1,10171269,21141301,0,0,0
519110601,2,1,10171269,21141301,0,0,0
519110601,2,2,10171269,21141301,0,0,0
519110601,3,1,10171269,21141301,0,0,0
519110601,3,2,10171269,21141301,0,0,0
519110601,3,3,10171269,21141301,0,0,0
519110601,4,1,10091361,21142301,0,0,0
519110601,5,1,10091361,21142301,0,0,0
519110601,5,2,10091361,21142301,0,0,0
519110601,6,1,10091361,21142301,0,0,0
519110601,6,2,10091361,21142301,0,0,0
519110601,6,3,10091361,21142301,0,0,0
519110701,1,1,10171270,21141401,0,0,0
519110701,2,1,10171270,21141401,0,0,0
519110701,2,2,10171270,21141401,0,0,0
519110701,3,1,10171270,21141401,0,0,0
519110701,3,2,10171270,21141401,0,0,0
519110701,3,3,10171270,21141401,0,0,0
519110701,4,1,10151271,21142401,0,0,0
519110701,5,1,10151271,21142401,0,0,0
519110701,5,2,10151271,21142401,0,0,0
519110701,6,1,10151271,21142401,0,0,0
519110701,6,2,10151271,21142401,0,0,0
519110701,6,3,10151271,21142401,0,0,0
519110801,1,1,10081198,21151101,0,0,0
519110801,2,1,10081198,21151101,0,0,0
519110801,2,2,10081198,21151101,0,0,0
519110801,3,1,10081198,21151101,0,0,0
519110801,3,2,10081198,21151101,0,0,0
519110801,3,3,10081198,21151101,0,0,0
519110801,4,1,10321127,21152101,0,0,0
519110801,5,1,10321127,21152101,0,0,0
519110801,5,2,10321127,21152101,0,0,0
519110801,6,1,10321127,21152101,0,0,0
519110801,6,2,10321127,21152101,0,0,0
519110801,6,3,10321127,21152101,0,0,0
519110901,1,1,10151351,21151201,0,0,0
519110901,2,1,10151351,21151201,0,0,0
519110901,2,2,10151351,21151201,0,0,0
519110901,3,1,10151351,21151201,0,0,0
519110901,3,2,10151351,21151201,0,0,0
519110901,3,3,10151351,21151201,0,0,0
519110901,4,1,10181171,21152201,0,0,0
519110901,5,1,10181171,21152201,0,0,0
519110901,5,2,10181171,21152201,0,0,0
519110901,6,1,10181171,21152201,0,0,0
519110901,6,2,10181171,21152201,0,0,0
519110901,6,3,10181171,21152201,0,0,0
519111001,1,1,10161262,21151301,0,0,0
519111001,2,1,10161262,21151301,0,0,0
519111001,2,2,10161262,21151301,0,0,0
519111001,3,1,10161262,21151301,0,0,0
519111001,3,2,10161262,21151301,0,0,0
519111001,3,3,10161262,21151301,0,0,0
519111001,4,1,10191268,21152301,0,0,0
519111001,5,1,10191268,21152301,0,0,0
519111001,5,2,10191268,21152301,0,0,0
519111001,6,1,10191268,21152301,0,0,0
519111001,6,2,10191268,21152301,0,0,0
519111001,6,3,10191268,21152301,0,0,0
519111101,1,1,10171271,21151401,0,0,0
519111101,2,1,10171271,21151401,0,0,0
519111101,2,2,10171271,21151401,0,0,0
519111101,3,1,10171271,21151401,0,0,0
519111101,3,2,10171271,21151401,0,0,0
519111101,3,3,10171271,21151401,0,0,0
519111101,4,1,10141349,21152401,0,0,0
519111101,5,1,10141349,21152401,0,0,0
519111101,5,2,10141349,21152401,0,0,0
519111101,6,1,10141349,21152401,0,0,0
519111101,6,2,10141349,21152401,0,0,0
519111101,6,3,10141349,21152401,0,0,0
519111201,1,1,130371202,11181101,0,0,0
519111201,2,1,130371202,11181101,0,0,0
519111201,2,2,130371202,11181101,0,0,0
519111201,3,1,130371202,11181101,0,0,0
519111201,3,2,130371202,11181101,0,0,0
519111201,3,3,130371202,11181101,0,0,0
519111201,4,1,130261313,11182101,0,0,0
519111201,5,1,130261313,11182101,0,0,0
519111201,5,2,130261313,11182101,0,0,0
519111201,6,1,130261313,11182101,0,0,0
519111201,6,2,130261313,11182101,0,0,0
519111201,6,3,130261313,11182101,0,0,0
519111301,1,1,130261218,11181201,0,0,0
519111301,2,1,130261218,11181201,0,0,0
519111301,2,2,130261218,11181201,0,0,0
519111301,3,1,130261218,11181201,0,0,0
519111301,3,2,130261218,11181201,0,0,0
519111301,3,3,130261218,11181201,0,0,0
519111301,4,1,130381319,11182201,0,0,0
519111301,5,1,130381319,11182201,0,0,0
519111301,5,2,130381319,11182201,0,0,0
519111301,6,1,130381319,11182201,0,0,0
519111301,6,2,130381319,11182201,0,0,0
519111301,6,3,130381319,11182201,0,0,0
519111401,1,1,130381217,11181301,0,0,0
519111401,2,1,130381217,11181301,0,0,0
519111401,2,2,130381217,11181301,0,0,0
519111401,3,1,130381217,11181301,0,0,0
519111401,3,2,130381217,11181301,0,0,0
519111401,3,3,130381217,11181301,0,0,0
519111401,4,1,130261319,11182301,0,0,0
519111401,5,1,130261319,11182301,0,0,0
519111401,5,2,130261319,11182301,0,0,0
519111401,6,1,130261319,11182301,0,0,0
519111401,6,2,130261319,11182301,0,0,0
519111401,6,3,130261319,11182301,0,0,0
519111501,1,1,10121369,11191101,0,0,0
519111501,2,1,10121369,11191101,0,0,0
519111501,2,2,10121369,11191101,0,0,0
519111501,3,1,10121369,11191101,0,0,0
519111501,3,2,10121369,11191101,0,0,0
519111501,3,3,10121369,11191101,0,0,0
519111501,4,1,20031215,11192101,0,0,0
519111501,5,1,20031215,11192101,0,0,0
519111501,5,2,20031215,11192101,0,0,0
519111501,6,1,20031215,11192101,0,0,0
519111501,6,2,20031215,11192101,0,0,0
519111501,6,3,20031215,11192101,0,0,0
519111601,1,1,10101298,11191201,0,0,0
519111601,2,1,10101298,11191201,0,0,0
519111601,2,2,10101298,11191201,0,0,0
519111601,3,1,10101298,11191201,0,0,0
519111601,3,2,10101298,11191201,0,0,0
519111601,3,3,10101298,11191201,0,0,0
519111601,4,1,20081204,11192201,0,0,0
519111601,5,1,20081204,11192201,0,0,0
519111601,5,2,20081204,11192201,0,0,0
519111601,6,1,20081204,11192201,0,0,0
519111601,6,2,20081204,11192201,0,0,0
519111601,6,3,20081204,11192201,0,0,0
519111701,1,1,130251328,11191301,0,0,0
519111701,2,1,130251328,11191301,0,0,0
519111701,2,2,130251328,11191301,0,0,0
519111701,3,1,130251328,11191301,0,0,0
519111701,3,2,130251328,11191301,0,0,0
519111701,3,3,130251328,11191301,0,0,0
519111701,4,1,130241330,11192301,0,0,0
519111701,5,1,130241330,11192301,0,0,0
519111701,5,2,130241330,11192301,0,0,0
519111701,6,1,130241330,11192301,0,0,0
519111701,6,2,130241330,11192301,0,0,0
519111701,6,3,130241330,11192301,0,0,0
519111801,1,1,20011129,21161101,0,0,0
519111801,2,1,20011129,21161101,0,0,0
519111801,2,2,20011129,21161101,0,0,0
519111801,3,1,20011129,21161101,0,0,0
519111801,3,2,20011129,21161101,0,0,0
519111801,3,3,20011129,21161101,0,0,0
519111801,4,1,20011312,21162101,0,0,0
519111801,5,1,20011312,21162101,0,0,0
519111801,5,2,20011312,21162101,0,0,0
519111801,6,1,20011312,21162101,0,0,0
519111801,6,2,20011312,21162101,0,0,0
519111801,6,3,20011312,21162101,0,0,0
519111901,1,1,20021105,21161201,0,0,0
519111901,2,1,20021105,21161201,0,0,0
519111901,2,2,20021105,21161201,0,0,0
519111901,3,1,20021105,21161201,0,0,0
519111901,3,2,20021105,21161201,0,0,0
519111901,3,3,20021105,21161201,0,0,0
519111901,4,1,10081375,21162201,0,0,0
519111901,5,1,10081375,21162201,0,0,0
519111901,5,2,10081375,21162201,0,0,0
519111901,6,1,10081375,21162201,0,0,0
519111901,6,2,10081375,21162201,0,0,0
519111901,6,3,10081375,21162201,0,0,0
519112001,1,1,10091362,21161301,0,0,0
519112001,2,1,10091362,21161301,0,0,0
519112001,2,2,10091362,21161301,0,0,0
519112001,3,1,10091362,21161301,0,0,0
519112001,3,2,10091362,21161301,0,0,0
519112001,3,3,10091362,21161301,0,0,0
519112001,4,1,10161181,21162301,0,0,0
519112001,5,1,10161181,21162301,0,0,0
519112001,5,2,10161181,21162301,0,0,0
519112001,6,1,10161181,21162301,0,0,0
519112001,6,2,10161181,21162301,0,0,0
519112001,6,3,10161181,21162301,0,0,0
519112101,1,1,20081105,21161401,0,0,0
519112101,2,1,20081105,21161401,0,0,0
519112101,2,2,20081105,21161401,0,0,0
519112101,3,1,20081105,21161401,0,0,0
519112101,3,2,20081105,21161401,0,0,0
519112101,3,3,20081105,21161401,0,0,0
519112101,4,1,10091364,21162401,0,0,0
519112101,5,1,10091364,21162401,0,0,0
519112101,5,2,10091364,21162401,0,0,0
519112101,6,1,10091364,21162401,0,0,0
519112101,6,2,10091364,21162401,0,0,0
519112101,6,3,10091364,21162401,0,0,0
519112201,1,1,20111102,21171101,0,0,0
519112201,2,1,20111102,21171101,0,0,0
519112201,2,2,20111102,21171101,0,0,0
519112201,3,1,20111102,21171101,0,0,0
519112201,3,2,20111102,21171101,0,0,0
519112201,3,3,20111102,21171101,0,0,0
519112201,4,1,10071290,21172101,0,0,0
519112201,5,1,10071290,21172101,0,0,0
519112201,5,2,10071290,21172101,0,0,0
519112201,6,1,10071290,21172101,0,0,0
519112201,6,2,10071290,21172101,0,0,0
519112201,6,3,10071290,21172101,0,0,0
519112301,1,1,10121286,21171201,0,0,0
519112301,2,1,10121286,21171201,0,0,0
519112301,2,2,10121286,21171201,0,0,0
519112301,3,1,10121286,21171201,0,0,0
519112301,3,2,10121286,21171201,0,0,0
519112301,3,3,10121286,21171201,0,0,0
519112301,4,1,10091183,21172201,0,0,0
519112301,5,1,10091183,21172201,0,0,0
519112301,5,2,10091183,21172201,0,0,0
519112301,6,1,10091183,21172201,0,0,0
519112301,6,2,10091183,21172201,0,0,0
519112301,6,3,10091183,21172201,0,0,0
519112401,1,1,10031379,21171301,0,0,0
519112401,2,1,10031379,21171301,0,0,0
519112401,2,2,10031379,21171301,0,0,0
519112401,3,1,10031379,21171301,0,0,0
519112401,3,2,10031379,21171301,0,0,0
519112401,3,3,10031379,21171301,0,0,0
519112401,4,1,10151276,21172301,0,0,0
519112401,5,1,10151276,21172301,0,0,0
519112401,5,2,10151276,21172301,0,0,0
519112401,6,1,10151276,21172301,0,0,0
519112401,6,2,10151276,21172301,0,0,0
519112401,6,3,10151276,21172301,0,0,0
519112501,1,1,20031106,21171401,0,0,0
519112501,2,1,20031106,21171401,0,0,0
519112501,2,2,20031106,21171401,0,0,0
519112501,3,1,20031106,21171401,0,0,0
519112501,3,2,20031106,21171401,0,0,0
519112501,3,3,20031106,21171401,0,0,0
519112501,4,1,10111364,21172401,0,0,0
519112501,5,1,10111364,21172401,0,0,0
519112501,5,2,10111364,21172401,0,0,0
519112501,6,1,10111364,21172401,0,0,0
519112501,6,2,10111364,21172401,0,0,0
519112501,6,3,10111364,21172401,0,0,0
519112601,1,1,20021211,11201101,0,0,0
519112601,2,1,20021211,11201101,0,0,0
519112601,2,2,20021211,11201101,0,0,0
519112601,3,1,20021211,11201101,0,0,0
519112601,3,2,20021211,11201101,0,0,0
519112601,3,3,20021211,11201101,0,0,0
519112601,4,1,10051299,11202101,0,0,0
519112601,5,1,10051299,11202101,0,0,0
519112601,5,2,10051299,11202101,0,0,0
519112601,6,1,10051299,11202101,0,0,0
519112601,6,2,10051299,11202101,0,0,0
519112601,6,3,10051299,11202101,0,0,0
519112701,1,1,20081212,11201201,0,0,0
519112701,2,1,20081212,11201201,0,0,0
519112701,2,2,20081212,11201201,0,0,0
519112701,3,1,20081212,11201201,0,0,0
519112701,3,2,20081212,11201201,0,0,0
519112701,3,3,20081212,11201201,0,0,0
519112701,4,1,10061296,11202201,0,0,0
519112701,5,1,10061296,11202201,0,0,0
519112701,5,2,10061296,11202201,0,0,0
519112701,6,1,10061296,11202201,0,0,0
519112701,6,2,10061296,11202201,0,0,0
519112701,6,3,10061296,11202201,0,0,0
519112801,1,1,20011325,11201301,0,0,0
519112801,2,1,20011325,11201301,0,0,0
519112801,2,2,20011325,11201301,0,0,0
519112801,3,1,20011325,11201301,0,0,0
519112801,3,2,20011325,11201301,0,0,0
519112801,3,3,20011325,11201301,0,0,0
519112801,4,1,20071149,11202301,0,0,0
519112801,5,1,20071149,11202301,0,0,0
519112801,5,2,20071149,11202301,0,0,0
519112801,6,1,20071149,11202301,0,0,0
519112801,6,2,20071149,11202301,0,0,0
519112801,6,3,20071149,11202301,0,0,0
519112901,1,1,10021379,11211101,0,0,0
519112901,2,1,10021379,11211101,0,0,0
519112901,2,2,10021379,11211101,0,0,0
519112901,3,1,10021379,11211101,0,0,0
519112901,3,2,10021379,11211101,0,0,0
519112901,3,3,10021379,11211101,0,0,0
519112901,4,1,20121202,11212101,0,0,0
519112901,5,1,20121202,11212101,0,0,0
519112901,5,2,20121202,11212101,0,0,0
519112901,6,1,20121202,11212101,0,0,0
519112901,6,2,20121202,11212101,0,0,0
519112901,6,3,20121202,11212101,0,0,0
519113001,1,1,10091287,11211201,0,0,0
519113001,2,1,10091287,11211201,0,0,0
519113001,2,2,10091287,11211201,0,0,0
519113001,3,1,10091287,11211201,0,0,0
519113001,3,2,10091287,11211201,0,0,0
519113001,3,3,10091287,11211201,0,0,0
519113001,4,1,20071153,11212201,0,0,0
519113001,5,1,20071153,11212201,0,0,0
519113001,5,2,20071153,11212201,0,0,0
519113001,6,1,20071153,11212201,0,0,0
519113001,6,2,20071153,11212201,0,0,0
519113001,6,3,20071153,11212201,0,0,0
519113101,1,1,10091378,11211301,0,0,0
519113101,2,1,10091378,11211301,0,0,0
519113101,2,2,10091378,11211301,0,0,0
519113101,3,1,10091378,11211301,0,0,0
519113101,3,2,10091378,11211301,0,0,0
519113101,3,3,10091378,11211301,0,0,0
519113101,4,1,10081387,11212301,0,0,0
519113101,5,1,10081387,11212301,0,0,0
519113101,5,2,10081387,11212301,0,0,0
519113101,6,1,10081387,11212301,0,0,0
519113101,6,2,10081387,11212301,0,0,0
519113101,6,3,10081387,11212301,0,0,0
519113201,1,1,10061293,21181101,0,0,0
519113201,2,1,10061293,21181101,0,0,0
519113201,2,2,10061293,21181101,0,0,0
519113201,3,1,10061293,21181101,0,0,0
519113201,3,2,10061293,21181101,0,0,0
519113201,3,3,10061293,21181101,0,0,0
519113201,4,1,10071374,21182101,0,0,0
519113201,5,1,10071374,21182101,0,0,0
519113201,5,2,10071374,21182101,0,0,0
519113201,6,1,10071374,21182101,0,0,0
519113201,6,2,10071374,21182101,0,0,0
519113201,6,3,10071374,21182101,0,0,0
519113301,1,1,20021106,21181201,0,0,0
519113301,2,1,20021106,21181201,0,0,0
519113301,2,2,20021106,21181201,0,0,0
519113301,3,1,20021106,21181201,0,0,0
519113301,3,2,20021106,21181201,0,0,0
519113301,3,3,20021106,21181201,0,0,0
519113301,4,1,10051298,21182201,0,0,0
519113301,5,1,10051298,21182201,0,0,0
519113301,5,2,10051298,21182201,0,0,0
519113301,6,1,10051298,21182201,0,0,0
519113301,6,2,10051298,21182201,0,0,0
519113301,6,3,10051298,21182201,0,0,0
519113401,1,1,10101200,21181301,0,0,0
519113401,2,1,10101200,21181301,0,0,0
519113401,2,2,10101200,21181301,0,0,0
519113401,3,1,10101200,21181301,0,0,0
519113401,3,2,10101200,21181301,0,0,0
519113401,3,3,10101200,21181301,0,0,0
519113401,4,1,10121294,21182301,0,0,0
519113401,5,1,10121294,21182301,0,0,0
519113401,5,2,10121294,21182301,0,0,0
519113401,6,1,10121294,21182301,0,0,0
519113401,6,2,10121294,21182301,0,0,0
519113401,6,3,10121294,21182301,0,0,0
519113501,1,1,10021375,21181401,0,0,0
519113501,2,1,10021375,21181401,0,0,0
519113501,2,2,10021375,21181401,0,0,0
519113501,3,1,10021375,21181401,0,0,0
519113501,3,2,10021375,21181401,0,0,0
519113501,3,3,10021375,21181401,0,0,0
519113501,4,1,10121192,21182401,0,0,0
519113501,5,1,10121192,21182401,0,0,0
519113501,5,2,10121192,21182401,0,0,0
519113501,6,1,10121192,21182401,0,0,0
519113501,6,2,10121192,21182401,0,0,0
519113501,6,3,10121192,21182401,0,0,0
519113601,1,1,20041214,21191101,0,0,0
519113601,2,1,20041214,21191101,0,0,0
519113601,2,2,20041214,21191101,0,0,0
519113601,3,1,20041214,21191101,0,0,0
519113601,3,2,20041214,21191101,0,0,0
519113601,3,3,20041214,21191101,0,0,0
519113601,4,1,10061294,21192101,0,0,0
519113601,5,1,10061294,21192101,0,0,0
519113601,5,2,10061294,21192101,0,0,0
519113601,6,1,10061294,21192101,0,0,0
519113601,6,2,10061294,21192101,0,0,0
519113601,6,3,10061294,21192101,0,0,0
519113701,1,1,20021209,21191201,0,0,0
519113701,2,1,20021209,21191201,0,0,0
519113701,2,2,20021209,21191201,0,0,0
519113701,3,1,20021209,21191201,0,0,0
519113701,3,2,20021209,21191201,0,0,0
519113701,3,3,20021209,21191201,0,0,0
519113701,4,1,10051359,21192201,0,0,0
519113701,5,1,10051359,21192201,0,0,0
519113701,5,2,10051359,21192201,0,0,0
519113701,6,1,10051359,21192201,0,0,0
519113701,6,2,10051359,21192201,0,0,0
519113701,6,3,10051359,21192201,0,0,0
519113801,1,1,20011226,21191301,0,0,0
519113801,2,1,20011226,21191301,0,0,0
519113801,2,2,20011226,21191301,0,0,0
519113801,3,1,20011226,21191301,0,0,0
519113801,3,2,20011226,21191301,0,0,0
519113801,3,3,20011226,21191301,0,0,0
519113801,4,1,10031394,21192301,0,0,0
519113801,5,1,10031394,21192301,0,0,0
519113801,5,2,10031394,21192301,0,0,0
519113801,6,1,10031394,21192301,0,0,0
519113801,6,2,10031394,21192301,0,0,0
519113801,6,3,10031394,21192301,0,0,0
519113901,1,1,10091184,21191401,0,0,0
519113901,2,1,10091184,21191401,0,0,0
519113901,2,2,10091184,21191401,0,0,0
519113901,3,1,10091184,21191401,0,0,0
519113901,3,2,10091184,21191401,0,0,0
519113901,3,3,10091184,21191401,0,0,0
519113901,4,1,20031303,21192401,0,0,0
519113901,5,1,20031303,21192401,0,0,0
519113901,5,2,20031303,21192401,0,0,0
519113901,6,1,20031303,21192401,0,0,0
519113901,6,2,20031303,21192401,0,0,0
519113901,6,3,20031303,21192401,0,0,0
519114001,1,1,20101108,11221101,0,0,0
519114001,2,1,20101108,11221101,0,0,0
519114001,2,2,20101108,11221101,0,0,0
519114001,3,1,20101108,11221101,0,0,0
519114001,3,2,20101108,11221101,0,0,0
519114001,3,3,20101108,11221101,0,0,0
519114001,4,1,10091384,11222101,0,0,0
519114001,5,1,10091384,11222101,0,0,0
519114001,5,2,10091384,11222101,0,0,0
519114001,6,1,10091384,11222101,0,0,0
519114001,6,2,10091384,11222101,0,0,0
519114001,6,3,10091384,11222101,0,0,0
519114101,1,1,10071385,11221201,0,0,0
519114101,2,1,10071385,11221201,0,0,0
519114101,2,2,10071385,11221201,0,0,0
519114101,3,1,10071385,11221201,0,0,0
519114101,3,2,10071385,11221201,0,0,0
519114101,3,3,10071385,11221201,0,0,0
519114101,4,1,20081124,11222201,0,0,0
519114101,5,1,20081124,11222201,0,0,0
519114101,5,2,20081124,11222201,0,0,0
519114101,6,1,20081124,11222201,0,0,0
519114101,6,2,20081124,11222201,0,0,0
519114101,6,3,20081124,11222201,0,0,0
519114201,1,1,10141360,11221301,0,0,0
519114201,2,1,10141360,11221301,0,0,0
519114201,2,2,10141360,11221301,0,0,0
519114201,3,1,10141360,11221301,0,0,0
519114201,3,2,10141360,11221301,0,0,0
519114201,3,3,10141360,11221301,0,0,0
519114201,4,1,20081125,11222301,0,0,0
519114201,5,1,20081125,11222301,0,0,0
519114201,5,2,20081125,11222301,0,0,0
519114201,6,1,20081125,11222301,0,0,0
519114201,6,2,20081125,11222301,0,0,0
519114201,6,3,20081125,11222301,0,0,0
519114301,1,1,10061392,11231101,0,0,0
519114301,2,1,10061392,11231101,0,0,0
519114301,2,2,10061392,11231101,0,0,0
519114301,3,1,10061392,11231101,0,0,0
519114301,3,2,10061392,11231101,0,0,0
519114301,3,3,10061392,11231101,0,0,0
519114301,4,1,10151180,11232101,0,0,0
519114301,5,1,10151180,11232101,0,0,0
519114301,5,2,10151180,11232101,0,0,0
519114301,6,1,10151180,11232101,0,0,0
519114301,6,2,10151180,11232101,0,0,0
519114301,6,3,10151180,11232101,0,0,0
519114401,1,1,20011341,11231201,0,0,0
519114401,2,1,20011341,11231201,0,0,0
519114401,2,2,20011341,11231201,0,0,0
519114401,3,1,20011341,11231201,0,0,0
519114401,3,2,20011341,11231201,0,0,0
519114401,3,3,20011341,11231201,0,0,0
519114401,4,1,20061140,11232201,0,0,0
519114401,5,1,20061140,11232201,0,0,0
519114401,5,2,20061140,11232201,0,0,0
519114401,6,1,20061140,11232201,0,0,0
519114401,6,2,20061140,11232201,0,0,0
519114401,6,3,20061140,11232201,0,0,0
519114501,1,1,20021123,11231301,0,0,0
519114501,2,1,20021123,11231301,0,0,0
519114501,2,2,20021123,11231301,0,0,0
519114501,3,1,20021123,11231301,0,0,0
519114501,3,2,20021123,11231301,0,0,0
519114501,3,3,20021123,11231301,0,0,0
519114501,4,1,10131375,11232301,0,0,0
519114501,5,1,10131375,11232301,0,0,0
519114501,5,2,10131375,11232301,0,0,0
519114501,6,1,10131375,11232301,0,0,0
519114501,6,2,10131375,11232301,0,0,0
519114501,6,3,10131375,11232301,0,0,0
519114601,1,1,20051151,21201101,0,0,0
519114601,2,1,20051151,21201101,0,0,0
519114601,2,2,20051151,21201101,0,0,0
519114601,3,1,20051151,21201101,0,0,0
519114601,3,2,20051151,21201101,0,0,0
519114601,3,3,20051151,21201101,0,0,0
519114601,4,1,20131225,21202101,0,0,0
519114601,5,1,20131225,21202101,0,0,0
519114601,5,2,20131225,21202101,0,0,0
519114601,6,1,20131225,21202101,0,0,0
519114601,6,2,20131225,21202101,0,0,0
519114601,6,3,20131225,21202101,0,0,0
519114701,1,1,20111132,21201201,0,0,0
519114701,2,1,20111132,21201201,0,0,0
519114701,2,2,20111132,21201201,0,0,0
519114701,3,1,20111132,21201201,0,0,0
519114701,3,2,20111132,21201201,0,0,0
519114701,3,3,20111132,21201201,0,0,0
519114701,4,1,20081146,21202201,0,0,0
519114701,5,1,20081146,21202201,0,0,0
519114701,5,2,20081146,21202201,0,0,0
519114701,6,1,20081146,21202201,0,0,0
519114701,6,2,20081146,21202201,0,0,0
519114701,6,3,20081146,21202201,0,0,0
519114801,1,1,20011361,21201301,0,0,0
519114801,2,1,20011361,21201301,0,0,0
519114801,2,2,20011361,21201301,0,0,0
519114801,3,1,20011361,21201301,0,0,0
519114801,3,2,20011361,21201301,0,0,0
519114801,3,3,20011361,21201301,0,0,0
519114801,4,1,10051379,21202301,0,0,0
519114801,5,1,10051379,21202301,0,0,0
519114801,5,2,10051379,21202301,0,0,0
519114801,6,1,10051379,21202301,0,0,0
519114801,6,2,10051379,21202301,0,0,0
519114801,6,3,10051379,21202301,0,0,0
519114901,1,1,20141219,21201401,0,0,0
519114901,2,1,20141219,21201401,0,0,0
519114901,2,2,20141219,21201401,0,0,0
519114901,3,1,20141219,21201401,0,0,0
519114901,3,2,20141219,21201401,0,0,0
519114901,3,3,20141219,21201401,0,0,0
519114901,4,1,20031327,21202401,0,0,0
519114901,5,1,20031327,21202401,0,0,0
519114901,5,2,20031327,21202401,0,0,0
519114901,6,1,20031327,21202401,0,0,0
519114901,6,2,20031327,21202401,0,0,0
519114901,6,3,20031327,21202401,0,0,0
519115001,1,1,20031152,21211101,0,0,0
519115001,2,1,20031152,21211101,0,0,0
519115001,2,2,20031152,21211101,0,0,0
519115001,3,1,20031152,21211101,0,0,0
519115001,3,2,20031152,21211101,0,0,0
519115001,3,3,20031152,21211101,0,0,0
519115001,4,1,10091395,21212101,0,0,0
519115001,5,1,10091395,21212101,0,0,0
519115001,5,2,10091395,21212101,0,0,0
519115001,6,1,10091395,21212101,0,0,0
519115001,6,2,10091395,21212101,0,0,0
519115001,6,3,10091395,21212101,0,0,0
519115101,1,1,20071181,21211201,0,0,0
519115101,2,1,20071181,21211201,0,0,0
519115101,2,2,20071181,21211201,0,0,0
519115101,3,1,20071181,21211201,0,0,0
519115101,3,2,20071181,21211201,0,0,0
519115101,3,3,20071181,21211201,0,0,0
519115101,4,1,20021306,21212201,0,0,0
519115101,5,1,20021306,21212201,0,0,0
519115101,5,2,20021306,21212201,0,0,0
519115101,6,1,20021306,21212201,0,0,0
519115101,6,2,20021306,21212201,0,0,0
519115101,6,3,20021306,21212201,0,0,0
519115201,1,1,20101217,21211301,0,0,0
519115201,2,1,20101217,21211301,0,0,0
519115201,2,2,20101217,21211301,0,0,0
519115201,3,1,20101217,21211301,0,0,0
519115201,3,2,20101217,21211301,0,0,0
519115201,3,3,20101217,21211301,0,0,0
519115201,4,1,20031153,21212301,0,0,0
519115201,5,1,20031153,21212301,0,0,0
519115201,5,2,20031153,21212301,0,0,0
519115201,6,1,20031153,21212301,0,0,0
519115201,6,2,20031153,21212301,0,0,0
519115201,6,3,20031153,21212301,0,0,0
519115301,1,1,20081245,21211401,0,0,0
519115301,2,1,20081245,21211401,0,0,0
519115301,2,2,20081245,21211401,0,0,0
519115301,3,1,20081245,21211401,0,0,0
519115301,3,2,20081245,21211401,0,0,0
519115301,3,3,20081245,21211401,0,0,0
519115301,4,1,20101218,21212401,0,0,0
519115301,5,1,20101218,21212401,0,0,0
519115301,5,2,20101218,21212401,0,0,0
519115301,6,1,20101218,21212401,0,0,0
519115301,6,2,20101218,21212401,0,0,0
519115301,6,3,20101218,21212401,0,0,0
519115401,1,1,20051243,11241101,0,0,0
519115401,2,1,20051243,11241101,0,0,0
519115401,2,2,20051243,11241101,0,0,0
519115401,3,1,20051243,11241101,0,0,0
519115401,3,2,20051243,11241101,0,0,0
519115401,3,3,20111309,11241101,0,0,0
519115401,4,1,20081249,11242101,0,0,0
519115401,5,1,20081249,11242101,0,0,0
519115401,5,2,20081249,11242101,0,0,0
519115401,6,1,20081249,11242101,0,0,0
519115401,6,2,20081249,11242101,0,0,0
519115401,6,3,20081249,11242101,0,0,0
519115501,1,1,20011158,11241201,0,0,0
519115501,2,1,20011158,11241201,0,0,0
519115501,2,2,20011158,11241201,0,0,0
519115501,3,1,20011158,11241201,0,0,0
519115501,3,2,20011158,11241201,0,0,0
519115501,3,3,20011158,11241201,0,0,0
519115501,4,1,20111139,11242201,0,0,0
519115501,5,1,20111139,11242201,0,0,0
519115501,5,2,20111139,11242201,0,0,0
519115501,6,1,20111139,11242201,0,0,0
519115501,6,2,20111139,11242201,0,0,0
519115501,6,3,20111139,11242201,0,0,0
519115601,1,1,20021132,11241301,0,0,0
519115601,2,1,20021132,11241301,0,0,0
519115601,2,2,20021132,11241301,0,0,0
519115601,3,1,20021132,11241301,0,0,0
519115601,3,2,20021132,11241301,0,0,0
519115601,3,3,20021132,11241301,0,0,0
519115601,4,1,20111310,11242301,0,0,0
519115601,5,1,20111310,11242301,0,0,0
519115601,5,2,20111310,11242301,0,0,0
519115601,6,1,20111310,11242301,0,0,0
519115601,6,2,20111310,11242301,0,0,0
519115601,6,3,20111310,11242301,0,0,0
519115701,1,1,20111236,11251101,0,0,0
519115701,2,1,20111236,11251101,0,0,0
519115701,2,2,20111236,11251101,0,0,0
519115701,3,1,20111236,11251101,0,0,0
519115701,3,2,20111236,11251101,0,0,0
519115701,3,3,20111236,11251101,0,0,0
519115701,4,1,20141128,11252101,0,0,0
519115701,5,1,20141128,11252101,0,0,0
519115701,5,2,20141128,11252101,0,0,0
519115701,6,1,20141128,11252101,0,0,0
519115701,6,2,20141128,11252101,0,0,0
519115701,6,3,20141128,11252101,0,0,0
519115801,1,1,20101125,11251201,0,0,0
519115801,2,1,20101125,11251201,0,0,0
519115801,2,2,20101125,11251201,0,0,0
519115801,3,1,20101125,11251201,0,0,0
519115801,3,2,20101125,11251201,0,0,0
519115801,3,3,20101125,11251201,0,0,0
519115801,4,1,20071184,11252201,0,0,0
519115801,5,1,20071184,11252201,0,0,0
519115801,5,2,20071184,11252201,0,0,0
519115801,6,1,20071184,11252201,0,0,0
519115801,6,2,20071184,11252201,0,0,0
519115801,6,3,20071184,11252201,0,0,0
519115901,1,1,20061230,11251301,0,0,0
519115901,2,1,20061230,11251301,0,0,0
519115901,2,2,20061230,11251301,0,0,0
519115901,3,1,20061230,11251301,0,0,0
519115901,3,2,20061230,11251301,0,0,0
519115901,3,3,20061230,11251301,0,0,0
519115901,4,1,20151357,11252301,0,0,0
519115901,5,1,20151357,11252301,0,0,0
519115901,5,2,20151357,11252301,0,0,0
519115901,6,1,20151357,11252301,0,0,0
519115901,6,2,20151357,11252301,0,0,0
519115901,6,3,20151357,11252301,0,0,0
519116001,1,1,10051382,21221101,0,0,0
519116001,2,1,10051382,21221101,0,0,0
519116001,2,2,10051382,21221101,0,0,0
519116001,3,1,10051382,21221101,0,0,0
519116001,3,2,10051382,21221101,0,0,0
519116001,3,3,10051382,21221101,0,0,0
519116001,4,1,20101222,21222101,0,0,0
519116001,5,1,20101222,21222101,0,0,0
519116001,5,2,20101222,21222101,0,0,0
519116001,6,1,20101222,21222101,0,0,0
519116001,6,2,20101222,21222101,0,0,0
519116001,6,3,20101222,21222101,0,0,0
519116101,1,1,20081247,21221201,0,0,0
519116101,2,1,20081247,21221201,0,0,0
519116101,2,2,20081247,21221201,0,0,0
519116101,3,1,20081247,21221201,0,0,0
519116101,3,2,20081247,21221201,0,0,0
519116101,3,3,20081247,21221201,0,0,0
519116101,4,1,20081148,21222201,0,0,0
519116101,5,1,20081148,21222201,0,0,0
519116101,5,2,20081148,21222201,0,0,0
519116101,6,1,20081148,21222201,0,0,0
519116101,6,2,20081148,21222201,0,0,0
519116101,6,3,20081148,21222201,0,0,0
519116201,1,1,20101223,21221301,0,0,0
519116201,2,1,20101223,21221301,0,0,0
519116201,2,2,20101223,21221301,0,0,0
519116201,3,1,20101223,21221301,0,0,0
519116201,3,2,20101223,21221301,0,0,0
519116201,3,3,20101223,21221301,0,0,0
519116201,4,1,10141378,21222301,0,0,0
519116201,5,1,10141378,21222301,0,0,0
519116201,5,2,10141378,21222301,0,0,0
519116201,6,1,10141378,21222301,0,0,0
519116201,6,2,10141378,21222301,0,0,0
519116201,6,3,10141378,21222301,0,0,0
519116301,1,1,10051383,21221401,0,0,0
519116301,2,1,10051383,21221401,0,0,0
519116301,2,2,10051383,21221401,0,0,0
519116301,3,1,10051383,21221401,0,0,0
519116301,3,2,10051383,21221401,0,0,0
519116301,3,3,10051383,21221401,0,0,0
519116301,4,1,10091396,21222401,0,0,0
519116301,5,1,10091396,21222401,0,0,0
519116301,5,2,10091396,21222401,0,0,0
519116301,6,1,10091396,21222401,0,0,0
519116301,6,2,10091396,21222401,0,0,0
519116301,6,3,10091396,21222401,0,0,0
519116401,1,1,20071238,21231101,0,0,0
519116401,2,1,20071238,21231101,0,0,0
519116401,2,2,20071238,21231101,0,0,0
519116401,3,1,20071238,21231101,0,0,0
519116401,3,2,20071238,21231101,0,0,0
519116401,3,3,20071238,21231101,0,0,0
519116401,4,1,20111308,21232101,0,0,0
519116401,5,1,20111308,21232101,0,0,0
519116401,5,2,20111308,21232101,0,0,0
519116401,6,1,20111308,21232101,0,0,0
519116401,6,2,20111308,21232101,0,0,0
519116401,6,3,20111308,21232101,0,0,0
519116501,1,1,20091215,21231201,0,0,0
519116501,2,1,20091215,21231201,0,0,0
519116501,2,2,20091215,21231201,0,0,0
519116501,3,1,20091215,21231201,0,0,0
519116501,3,2,20091215,21231201,0,0,0
519116501,3,3,20091215,21231201,0,0,0
519116501,4,1,20011247,21232201,0,0,0
519116501,5,1,20011247,21232201,0,0,0
519116501,5,2,20011247,21232201,0,0,0
519116501,6,1,20011247,21232201,0,0,0
519116501,6,2,20011247,21232201,0,0,0
519116501,6,3,20011247,21232201,0,0,0
519116601,1,1,20021128,21231301,0,0,0
519116601,2,1,20021128,21231301,0,0,0
519116601,2,2,20021128,21231301,0,0,0
519116601,3,1,20021128,21231301,0,0,0
519116601,3,2,20021128,21231301,0,0,0
519116601,3,3,20021128,21231301,0,0,0
519116601,4,1,20121130,21232301,0,0,0
519116601,5,1,20121130,21232301,0,0,0
519116601,5,2,20121130,21232301,0,0,0
519116601,6,1,20121130,21232301,0,0,0
519116601,6,2,20121130,21232301,0,0,0
519116601,6,3,20121130,21232301,0,0,0
519116701,1,1,20011156,21231401,0,0,0
519116701,2,1,20011156,21231401,0,0,0
519116701,2,2,20011156,21231401,0,0,0
519116701,3,1,20011156,21231401,0,0,0
519116701,3,2,20011156,21231401,0,0,0
519116701,3,3,20011156,21231401,0,0,0
519116701,4,1,10151190,21232401,0,0,0
519116701,5,1,10151190,21232401,0,0,0
519116701,5,2,10151190,21232401,0,0,0
519116701,6,1,10151190,21232401,0,0,0
519116701,6,2,10151190,21232401,0,0,0
519116701,6,3,10151190,21232401,0,0,0
519116801,1,1,20101132,11261101,0,0,0
519116801,2,1,20101132,11261101,0,0,0
519116801,2,2,20101132,11261101,0,0,0
519116801,3,1,20101132,11261101,0,0,0
519116801,3,2,20101132,11261101,0,0,0
519116801,3,3,20101132,11261101,0,0,0
519116801,4,1,20031270,11262101,0,0,0
519116801,5,1,20031270,11262101,0,0,0
519116801,5,2,20031270,11262101,0,0,0
519116801,6,1,20031270,11262101,0,0,0
519116801,6,2,20031270,11262101,0,0,0
519116801,6,3,20031270,11262101,0,0,0
519116901,1,1,20071331,11261201,0,0,0
519116901,2,1,20071331,11261201,0,0,0
519116901,2,2,20071331,11261201,0,0,0
519116901,3,1,20071331,11261201,0,0,0
519116901,3,2,20071331,11261201,0,0,0
519116901,3,3,20071331,11261201,0,0,0
519116901,4,1,20101323,11262201,0,0,0
519116901,5,1,20101323,11262201,0,0,0
519116901,5,2,20101323,11262201,0,0,0
519116901,6,1,20101323,11262201,0,0,0
519116901,6,2,20101323,11262201,0,0,0
519116901,6,3,20101323,11262201,0,0,0
519117001,1,1,20091225,11261301,0,0,0
519117001,2,1,20091225,11261301,0,0,0
519117001,2,2,20091225,11261301,0,0,0
519117001,3,1,20091225,11261301,0,0,0
519117001,3,2,20091225,11261301,0,0,0
519117001,3,3,20091225,11261301,0,0,0
519117001,4,1,20051166,11262301,0,0,0
519117001,5,1,20051166,11262301,0,0,0
519117001,5,2,20051166,11262301,0,0,0
519117001,6,1,20051166,11262301,0,0,0
519117001,6,2,20051166,11262301,0,0,0
519117001,6,3,20051166,11262301,0,0,0
519117101,1,1,20031273,11271101,0,0,0
519117101,2,1,20031273,11271101,0,0,0
519117101,2,2,20031273,11271101,0,0,0
519117101,3,1,20031273,11271101,0,0,0
519117101,3,2,20031273,11271101,0,0,0
519117101,3,3,20031273,11271101,0,0,0
519117101,4,1,20071193,11272101,0,0,0
519117101,5,1,20071193,11272101,0,0,0
519117101,5,2,20071193,11272101,0,0,0
519117101,6,1,20071193,11272101,0,0,0
519117101,6,2,20071193,11272101,0,0,0
519117101,6,3,20071193,11272101,0,0,0
519117201,1,1,20131140,11271201,0,0,0
519117201,2,1,20131140,11271201,0,0,0
519117201,2,2,20131140,11271201,0,0,0
519117201,3,1,20131140,11271201,0,0,0
519117201,3,2,20131140,11271201,0,0,0
519117201,3,3,20131140,11271201,0,0,0
519117201,4,1,20031162,11272201,0,0,0
519117201,5,1,20031162,11272201,0,0,0
519117201,5,2,20031162,11272201,0,0,0
519117201,6,1,20031162,11272201,0,0,0
519117201,6,2,20031162,11272201,0,0,0
519117201,6,3,20031162,11272201,0,0,0
519117301,1,1,20141142,11271301,0,0,0
519117301,2,1,20141142,11271301,0,0,0
519117301,2,2,20141142,11271301,0,0,0
519117301,3,1,20141142,11271301,0,0,0
519117301,3,2,20141142,11271301,0,0,0
519117301,3,3,20141142,11271301,0,0,0
519117301,4,1,20061237,11272301,0,0,0
519117301,5,1,20061237,11272301,0,0,0
519117301,5,2,20061237,11272301,0,0,0
519117301,6,1,20061237,11272301,0,0,0
519117301,6,2,20061237,11272301,0,0,0
519117301,6,3,20061237,11272301,0,0,0
519117401,1,1,20071327,21241101,0,0,0
519117401,2,1,20071327,21241101,0,0,0
519117401,2,2,20071327,21241101,0,0,0
519117401,3,1,20071327,21241101,0,0,0
519117401,3,2,20071327,21241101,0,0,0
519117401,3,3,20071327,21241101,0,0,0
519117401,4,1,20111143,21242101,0,0,0
519117401,5,1,20111143,21242101,0,0,0
519117401,5,2,20111143,21242101,0,0,0
519117401,6,1,20111143,21242101,0,0,0
519117401,6,2,20111143,21242101,0,0,0
519117401,6,3,20111143,21242101,0,0,0
519117501,1,1,20101128,21241201,0,0,0
519117501,2,1,20101128,21241201,0,0,0
519117501,2,2,20101128,21241201,0,0,0
519117501,3,1,20101128,21241201,0,0,0
519117501,3,2,20101128,21241201,0,0,0
519117501,3,3,20101128,21241201,0,0,0
519117501,4,1,20151234,21242201,0,0,0
519117501,5,1,20151234,21242201,0,0,0
519117501,5,2,20151234,21242201,0,0,0
519117501,6,1,20151234,21242201,0,0,0
519117501,6,2,20151234,21242201,0,0,0
519117501,6,3,20151234,21242201,0,0,0
519117601,1,1,20131137,21241301,0,0,0
519117601,2,1,20131137,21241301,0,0,0
519117601,2,2,20131137,21241301,0,0,0
519117601,3,1,20131137,21241301,0,0,0
519117601,3,2,20131137,21241301,0,0,0
519117601,3,3,20131137,21241301,0,0,0
519117601,4,1,20111240,21242301,0,0,0
519117601,5,1,20111240,21242301,0,0,0
519117601,5,2,20111240,21242301,0,0,0
519117601,6,1,20111240,21242301,0,0,0
519117601,6,2,20111240,21242301,0,0,0
519117601,6,3,20111240,21242301,0,0,0
519117701,1,1,20041149,21241401,0,0,0
519117701,2,1,20041149,21241401,0,0,0
519117701,2,2,20041149,21241401,0,0,0
519117701,3,1,20041149,21241401,0,0,0
519117701,3,2,20041149,21241401,0,0,0
519117701,3,3,20041149,21241401,0,0,0
519117701,4,1,20061183,21242401,0,0,0
519117701,5,1,20061183,21242401,0,0,0
519117701,5,2,20061183,21242401,0,0,0
519117701,6,1,20061183,21242401,0,0,0
519117701,6,2,20061183,21242401,0,0,0
519117701,6,3,20061183,21242401,0,0,0
519117801,1,1,10141391,21251101,0,0,0
519117801,2,1,10141391,21251101,0,0,0
519117801,2,2,10141391,21251101,0,0,0
519117801,3,1,10141391,21251101,0,0,0
519117801,3,2,10141391,21251101,0,0,0
519117801,3,3,10141391,21251101,0,0,0
519117801,4,1,20071189,21252101,0,0,0
519117801,5,1,20071189,21252101,0,0,0
519117801,5,2,20071189,21252101,0,0,0
519117801,6,1,20071189,21252101,0,0,0
519117801,6,2,20071189,21252101,0,0,0
519117801,6,3,20071189,21252101,0,0,0
519117901,1,1,20111144,21251201,0,0,0
519117901,2,1,20111144,21251201,0,0,0
519117901,2,2,20111144,21251201,0,0,0
519117901,3,1,20111144,21251201,0,0,0
519117901,3,2,20111144,21251201,0,0,0
519117901,3,3,20111144,21251201,0,0,0
519117901,4,1,20141234,21252201,0,0,0
519117901,5,1,20141234,21252201,0,0,0
519117901,5,2,20141234,21252201,0,0,0
519117901,6,1,20141234,21252201,0,0,0
519117901,6,2,20141234,21252201,0,0,0
519117901,6,3,20141234,21252201,0,0,0
519118001,1,1,20101129,21251301,0,0,0
519118001,2,1,20101129,21251301,0,0,0
519118001,2,2,20101129,21251301,0,0,0
519118001,3,1,20101129,21251301,0,0,0
519118001,3,2,20101129,21251301,0,0,0
519118001,3,3,20101129,21251301,0,0,0
519118001,4,1,20061327,21252301,0,0,0
519118001,5,1,20061327,21252301,0,0,0
519118001,5,2,20061327,21252301,0,0,0
519118001,6,1,20061327,21252301,0,0,0
519118001,6,2,20061327,21252301,0,0,0
519118001,6,3,20061327,21252301,0,0,0
519118101,1,1,20041337,21251401,0,0,0
519118101,2,1,20041337,21251401,0,0,0
519118101,2,2,20041337,21251401,0,0,0
519118101,3,1,20041337,21251401,0,0,0
519118101,3,2,20041337,21251401,0,0,0
519118101,3,3,20041337,21251401,0,0,0
519118101,4,1,20111241,21252401,0,0,0
519118101,5,1,20111241,21252401,0,0,0
519118101,5,2,20111241,21252401,0,0,0
519118101,6,1,20111241,21252401,0,0,0
519118101,6,2,20111241,21252401,0,0,0
519118101,6,3,20111241,21252401,0,0,0
519118201,1,1,20101138,11281101,0,0,0
519118201,2,1,20101138,11281101,0,0,0
519118201,2,2,20101138,11281101,0,0,0
519118201,3,1,20101138,11281101,0,0,0
519118201,3,2,20101138,11281101,0,0,0
519118201,3,3,20101138,11281101,0,0,0
519118201,4,1,20061350,11282101,0,0,0
519118201,5,1,20061350,11282101,0,0,0
519118201,5,2,20061350,11282101,0,0,0
519118201,6,1,20061350,11282101,0,0,0
519118201,6,2,20061350,11282101,0,0,0
519118201,6,3,20061350,11282101,0,0,0
519118301,1,1,20141144,11281201,0,0,0
519118301,2,1,20141144,11281201,0,0,0
519118301,2,2,20141144,11281201,0,0,0
519118301,3,1,20141144,11281201,0,0,0
519118301,3,2,20141144,11281201,0,0,0
519118301,3,3,20141144,11281201,0,0,0
519118301,4,1,20091119,11282201,0,0,0
519118301,5,1,20091119,11282201,0,0,0
519118301,5,2,20091119,11282201,0,0,0
519118301,6,1,20091119,11282201,0,0,0
519118301,6,2,20091119,11282201,0,0,0
519118301,6,3,20091119,11282201,0,0,0
519118401,1,1,20121243,11281301,0,0,0
519118401,2,1,20121243,11281301,0,0,0
519118401,2,2,20121243,11281301,0,0,0
519118401,3,1,20121243,11281301,0,0,0
519118401,3,2,20121243,11281301,0,0,0
519118401,3,3,20121243,11281301,0,0,0
519118401,4,1,20141245,11282301,0,0,0
519118401,5,1,20141245,11282301,0,0,0
519118401,5,2,20141245,11282301,0,0,0
519118401,6,1,20141245,11282301,0,0,0
519118401,6,2,20141245,11282301,0,0,0
519118401,6,3,20141245,11282301,0,0,0
519118501,1,1,20051172,11291101,0,0,0
519118501,2,1,20051172,11291101,0,0,0
519118501,2,2,20031273,11291101,0,0,0
519118501,3,1,20051172,11291101,0,0,0
519118501,3,2,20031273,11291101,0,0,0
519118501,3,3,20031273,11291101,0,0,0
519118501,4,1,20081167,11292101,0,0,0
519118501,5,1,20081167,11292101,0,0,0
519118501,5,2,20071193,11292101,0,0,0
519118501,6,1,20081167,11292101,0,0,0
519118501,6,2,20071193,11292101,0,0,0
519118501,6,3,20071193,11292101,0,0,0
519118601,1,1,20031356,11291201,0,0,0
519118601,2,1,20031356,11291201,0,0,0
519118601,2,2,20031356,11291201,0,0,0
519118601,3,1,20031356,11291201,0,0,0
519118601,3,2,20031356,11291201,0,0,0
519118601,3,3,20031356,11291201,0,0,0
519118601,4,1,20051264,11292201,0,0,0
519118601,5,1,20051264,11292201,0,0,0
519118601,5,2,20051264,11292201,0,0,0
519118601,6,1,20051264,11292201,0,0,0
519118601,6,2,20051264,11292201,0,0,0
519118601,6,3,20051264,11292201,0,0,0
519118701,1,1,20031167,11291301,0,0,0
519118701,2,1,20031167,11291301,0,0,0
519118701,2,2,20031167,11291301,0,0,0
519118701,3,1,20031167,11291301,0,0,0
519118701,3,2,20031167,11291301,0,0,0
519118701,3,3,20031167,11291301,0,0,0
519118701,4,1,20051174,11292301,0,0,0
519118701,5,1,20051174,11292301,0,0,0
519118701,5,2,20051174,11292301,0,0,0
519118701,6,1,20051174,11292301,0,0,0
519118701,6,2,20051174,11292301,0,0,0
519118701,6,3,20051174,11292301,0,0,0
519118801,1,1,20091316,21261101,0,0,0
519118801,2,1,20091316,21261101,0,0,0
519118801,2,2,20091316,21261101,0,0,0
519118801,3,1,20091316,21261101,0,0,0
519118801,3,2,20091316,21261101,0,0,0
519118801,3,3,20091316,21261101,0,0,0
519118801,4,1,20091120,21262101,0,0,0
519118801,5,1,20091120,21262101,0,0,0
519118801,5,2,20091120,21262101,0,0,0
519118801,6,1,20091120,21262101,0,0,0
519118801,6,2,20091120,21262101,0,0,0
519118801,6,3,20091120,21262101,0,0,0
519118901,1,1,20031164,21261201,0,0,0
519118901,2,1,20031164,21261201,0,0,0
519118901,2,2,20031164,21261201,0,0,0
519118901,3,1,20031164,21261201,0,0,0
519118901,3,2,20031164,21261201,0,0,0
519118901,3,3,20031164,21261201,0,0,0
519118901,4,1,20151365,21262201,0,0,0
519118901,5,1,20151365,21262201,0,0,0
519118901,5,2,20151365,21262201,0,0,0
519118901,6,1,20151365,21262201,0,0,0
519118901,6,2,20151365,21262201,0,0,0
519118901,6,3,20151365,21262201,0,0,0
519119001,1,1,20121318,21261301,0,0,0
519119001,2,1,20121318,21261301,0,0,0
519119001,2,2,20121318,21261301,0,0,0
519119001,3,1,20121318,21261301,0,0,0
519119001,3,2,20121318,21261301,0,0,0
519119001,3,3,20121318,21261301,0,0,0
519119001,4,1,20091121,21262301,0,0,0
519119001,5,1,20091121,21262301,0,0,0
519119001,5,2,20091121,21262301,0,0,0
519119001,6,1,20091121,21262301,0,0,0
519119001,6,2,20091121,21262301,0,0,0
519119001,6,3,20091121,21262301,0,0,0
519119101,1,1,20021246,21261401,0,0,0
519119101,2,1,20021246,21261401,0,0,0
519119101,2,2,20021246,21261401,0,0,0
519119101,3,1,20021246,21261401,0,0,0
519119101,3,2,20021246,21261401,0,0,0
519119101,3,3,20021246,21261401,0,0,0
519119101,4,1,10301386,21262401,0,0,0
519119101,5,1,10301386,21262401,0,0,0
519119101,5,2,10301386,21262401,0,0,0
519119101,6,1,10301386,21262401,0,0,0
519119101,6,2,10301386,21262401,0,0,0
519119101,6,3,10301386,21262401,0,0,0
519119201,1,1,20021248,21271101,0,0,0
519119201,2,1,20021248,21271101,0,0,0
519119201,2,2,20021248,21271101,0,0,0
519119201,3,1,20021248,21271101,0,0,0
519119201,3,2,20021248,21271101,0,0,0
519119201,3,3,20021248,21271101,0,0,0
519119201,4,1,20151366,21272101,0,0,0
519119201,5,1,20151366,21272101,0,0,0
519119201,5,2,20151366,21272101,0,0,0
519119201,6,1,20151366,21272101,0,0,0
519119201,6,2,20151366,21272101,0,0,0
519119201,6,3,20151366,21272101,0,0,0
519119301,1,1,20141248,21271201,0,0,0
519119301,2,1,20141248,21271201,0,0,0
519119301,2,2,20141248,21271201,0,0,0
519119301,3,1,20141248,21271201,0,0,0
519119301,3,2,20141248,21271201,0,0,0
519119301,3,3,20141248,21271201,0,0,0
519119301,4,1,20161316,21272201,0,0,0
519119301,5,1,20161316,21272201,0,0,0
519119301,5,2,20161316,21272201,0,0,0
519119301,6,1,20161316,21272201,0,0,0
519119301,6,2,20161316,21272201,0,0,0
519119301,6,3,20161316,21272201,0,0,0
519119401,1,1,20151244,21271301,0,0,0
519119401,2,1,20151244,21271301,0,0,0
519119401,2,2,20151244,21271301,0,0,0
519119401,3,1,20151244,21271301,0,0,0
519119401,3,2,20151244,21271301,0,0,0
519119401,3,3,20151244,21271301,0,0,0
519119401,4,1,10321179,21272301,0,0,0
519119401,5,1,10321179,21272301,0,0,0
519119401,5,2,10321179,21272301,0,0,0
519119401,6,1,10321179,21272301,0,0,0
519119401,6,2,10321179,21272301,0,0,0
519119401,6,3,10321179,21272301,0,0,0
519119501,1,1,20091318,21271401,0,0,0
519119501,2,1,20091318,21271401,0,0,0
519119501,2,2,20091318,21271401,0,0,0
519119501,3,1,20091318,21271401,0,0,0
519119501,3,2,20091318,21271401,0,0,0
519119501,3,3,20091318,21271401,0,0,0
519119501,4,1,20061244,21272401,0,0,0
519119501,5,1,20061244,21272401,0,0,0
519119501,5,2,20061244,21272401,0,0,0
519119501,6,1,20061244,21272401,0,0,0
519119501,6,2,20061244,21272401,0,0,0
519119501,6,3,20061244,21272401,0,0,0
519119601,1,1,10341137,11301101,0,0,0
519119601,2,1,10341137,11301101,0,0,0
519119601,2,2,10341137,11301101,0,0,0
519119601,3,1,10341137,11301101,0,0,0
519119601,3,2,10341137,11301101,0,0,0
519119601,3,3,10341137,11301101,0,0,0
519119601,4,1,10331260,11302101,0,0,0
519119601,5,1,10331260,11302101,0,0,0
519119601,5,2,10331260,11302101,0,0,0
519119601,6,1,10331260,11302101,0,0,0
519119601,6,2,10331260,11302101,0,0,0
519119601,6,3,10331260,11302101,0,0,0
519119701,1,1,20091236,11301201,0,0,0
519119701,2,1,20091236,11301201,0,0,0
519119701,2,2,20091236,11301201,0,0,0
519119701,3,1,20091236,11301201,0,0,0
519119701,3,2,20091236,11301201,0,0,0
519119701,3,3,20091236,11301201,0,0,0
519119701,4,1,20011390,11302201,0,0,0
519119701,5,1,20011390,11302201,0,0,0
519119701,5,2,20011390,11302201,0,0,0
519119701,6,1,20011390,11302201,0,0,0
519119701,6,2,20011390,11302201,0,0,0
519119701,6,3,20011390,11302201,0,0,0
519119801,1,1,10341341,11301301,0,0,0
519119801,2,1,10341341,11301301,0,0,0
519119801,2,2,10341341,11301301,0,0,0
519119801,3,1,10341341,11301301,0,0,0
519119801,3,2,10341341,11301301,0,0,0
519119801,3,3,10341341,11301301,0,0,0
519119801,4,1,10331158,11302301,0,0,0
519119801,5,1,10331158,11302301,0,0,0
519119801,5,2,10331158,11302301,0,0,0
519119801,6,1,10331158,11302301,0,0,0
519119801,6,2,10331158,11302301,0,0,0
519119801,6,3,10331158,11302301,0,0,0
519119901,1,1,20011276,11311101,0,0,0
519119901,2,1,20011276,11311101,0,0,0
519119901,2,2,20011276,11311101,0,0,0
519119901,3,1,20011276,11311101,0,0,0
519119901,3,2,20011276,11311101,0,0,0
519119901,3,3,20011276,11311101,0,0,0
519119901,4,1,20051179,11312101,0,0,0
519119901,5,1,20051179,11312101,0,0,0
519119901,5,2,20051179,11312101,0,0,0
519119901,6,1,20051179,11312101,0,0,0
519119901,6,2,20051179,11312101,0,0,0
519119901,6,3,20051179,11312101,0,0,0
519120001,1,1,10341146,11311201,0,0,0
519120001,2,1,10341146,11311201,0,0,0
519120001,2,2,10341146,11311201,0,0,0
519120001,3,1,10341146,11311201,0,0,0
519120001,3,2,10341146,11311201,0,0,0
519120001,3,3,10341146,11311201,0,0,0
519120001,4,1,10331376,11312201,0,0,0
519120001,5,1,10331376,11312201,0,0,0
519120001,5,2,10331376,11312201,0,0,0
519120001,6,1,10331376,11312201,0,0,0
519120001,6,2,10331376,11312201,0,0,0
519120001,6,3,10331376,11312201,0,0,0
519120101,1,1,20301305,11311301,0,0,0
519120101,2,1,20301305,11311301,0,0,0
519120101,2,2,20301305,11311301,0,0,0
519120101,3,1,20301305,11311301,0,0,0
519120101,3,2,20301305,11311301,0,0,0
519120101,3,3,20301305,11311301,0,0,0
519120101,4,1,20111158,11312301,0,0,0
519120101,5,1,20111158,11312301,0,0,0
519120101,5,2,20111158,11312301,0,0,0
519120101,6,1,20111158,11312301,0,0,0
519120101,6,2,20111158,11312301,0,0,0
519120101,6,3,20111158,11312301,0,0,0
519120201,1,1,20111262,21281101,0,0,0
519120201,2,1,20111262,21281101,0,0,0
519120201,2,2,20111262,21281101,0,0,0
519120201,3,1,20111262,21281101,0,0,0
519120201,3,2,20111262,21281101,0,0,0
519120201,3,3,20111262,21281101,0,0,0
519120201,4,1,20121324,21282101,0,0,0
519120201,5,1,20121324,21282101,0,0,0
519120201,5,2,20121324,21282101,0,0,0
519120201,6,1,20121324,21282101,0,0,0
519120201,6,2,20121324,21282101,0,0,0
519120201,6,3,20121324,21282101,0,0,0
519120301,1,1,20031359,21281201,0,0,0
519120301,2,1,20031359,21281201,0,0,0
519120301,2,2,20031359,21281201,0,0,0
519120301,3,1,20031359,21281201,0,0,0
519120301,3,2,20031359,21281201,0,0,0
519120301,3,3,20031359,21281201,0,0,0
519120301,4,1,20151250,21282201,0,0,0
519120301,5,1,20151250,21282201,0,0,0
519120301,5,2,20151250,21282201,0,0,0
519120301,6,1,20151250,21282201,0,0,0
519120301,6,2,20151250,21282201,0,0,0
519120301,6,3,20151250,21282201,0,0,0
519120401,1,1,20051175,21281301,0,0,0
519120401,2,1,20051175,21281301,0,0,0
519120401,2,2,20051175,21281301,0,0,0
519120401,3,1,20051175,21281301,0,0,0
519120401,3,2,20051175,21281301,0,0,0
519120401,3,3,20051175,21281301,0,0,0
519120401,4,1,20161173,21282301,0,0,0
519120401,5,1,20161173,21282301,0,0,0
519120401,5,2,20161173,21282301,0,0,0
519120401,6,1,20161173,21282301,0,0,0
519120401,6,2,20161173,21282301,0,0,0
519120401,6,3,20161173,21282301,0,0,0
519120501,1,1,20051176,21281401,0,0,0
519120501,2,1,20051176,21281401,0,0,0
519120501,2,2,20051176,21281401,0,0,0
519120501,3,1,20051176,21281401,0,0,0
519120501,3,2,20051176,21281401,0,0,0
519120501,3,3,20051176,21281401,0,0,0
519120501,4,1,30071116,21282401,0,0,0
519120501,5,1,30071116,21282401,0,0,0
519120501,5,2,30071116,21282401,0,0,0
519120501,6,1,30071116,21282401,0,0,0
519120501,6,2,30071116,21282401,0,0,0
519120501,6,3,30071116,21282401,0,0,0
519120601,1,1,20091323,21291101,0,0,0
519120601,2,1,20091323,21291101,0,0,0
519120601,2,2,20091323,21291101,0,0,0
519120601,3,1,20091323,21291101,0,0,0
519120601,3,2,20091323,21291101,0,0,0
519120601,3,3,20091323,21291101,0,0,0
519120601,4,1,20081182,21292101,0,0,0
519120601,5,1,20081182,21292101,0,0,0
519120601,5,2,20081182,21292101,0,0,0
519120601,6,1,20081182,21292101,0,0,0
519120601,6,2,20081182,21292101,0,0,0
519120601,6,3,20081182,21292101,0,0,0
519120701,1,1,20131253,21291201,0,0,0
519120701,2,1,20131253,21291201,0,0,0
519120701,2,2,20131253,21291201,0,0,0
519120701,3,1,20131253,21291201,0,0,0
519120701,3,2,20131253,21291201,0,0,0
519120701,3,3,20131253,21291201,0,0,0
519120701,4,1,10321287,21292201,0,0,0
519120701,5,1,10321287,21292201,0,0,0
519120701,5,2,10321287,21292201,0,0,0
519120701,6,1,10321287,21292201,0,0,0
519120701,6,2,10321287,21292201,0,0,0
519120701,6,3,10321287,21292201,0,0,0
519120801,1,1,20141157,21291301,0,0,0
519120801,2,1,20141157,21291301,0,0,0
519120801,2,2,20141157,21291301,0,0,0
519120801,3,1,20141157,21291301,0,0,0
519120801,3,2,20141157,21291301,0,0,0
519120801,3,3,20141157,21291301,0,0,0
519120801,4,1,20131254,21292301,0,0,0
519120801,5,1,20131254,21292301,0,0,0
519120801,5,2,20131254,21292301,0,0,0
519120801,6,1,20131254,21292301,0,0,0
519120801,6,2,20131254,21292301,0,0,0
519120801,6,3,20131254,21292301,0,0,0
519120901,1,1,20021334,21291401,0,0,0
519120901,2,1,20021334,21291401,0,0,0
519120901,2,2,20021334,21291401,0,0,0
519120901,3,1,20021334,21291401,0,0,0
519120901,3,2,20021334,21291401,0,0,0
519120901,3,3,20021334,21291401,0,0,0
519120901,4,1,20161324,21292401,0,0,0
519120901,5,1,20161324,21292401,0,0,0
519120901,5,2,20161324,21292401,0,0,0
519120901,6,1,20161324,21292401,0,0,0
519120901,6,2,20161324,21292401,0,0,0
519120901,6,3,20161324,21292401,0,0,0
519121001,1,1,20161332,11321101,0,0,0
519121001,2,1,20161332,11321101,0,0,0
519121001,2,2,20161332,11321101,0,0,0
519121001,3,1,20161332,11321101,0,0,0
519121001,3,2,20161332,11321101,0,0,0
519121001,3,3,20161332,11321101,0,0,0
519121001,4,1,20151257,11322101,0,0,0
519121001,5,1,20151257,11322101,0,0,0
519121001,5,2,20151257,11322101,0,0,0
519121001,6,1,20151257,11322101,0,0,0
519121001,6,2,20151257,11322101,0,0,0
519121001,6,3,20151257,11322101,0,0,0
519121101,1,1,20031175,11321201,0,0,0
519121101,2,1,20031175,11321201,0,0,0
519121101,2,2,20031175,11321201,0,0,0
519121101,3,1,20031175,11321201,0,0,0
519121101,3,2,20031175,11321201,0,0,0
519121101,3,3,20031175,11321201,0,0,0
519121101,4,1,20301311,11322201,0,0,0
519121101,5,1,20301311,11322201,0,0,0
519121101,5,2,20301311,11322201,0,0,0
519121101,6,1,20301311,11322201,0,0,0
519121101,6,2,20301311,11322201,0,0,0
519121101,6,3,20301311,11322201,0,0,0
519121201,1,1,20071351,11321301,0,0,0
519121201,2,1,20071351,11321301,0,0,0
519121201,2,2,20071351,11321301,0,0,0
519121201,3,1,20071351,11321301,0,0,0
519121201,3,2,20071351,11321301,0,0,0
519121201,3,3,20071351,11321301,0,0,0
519121201,4,1,20301121,11322301,0,0,0
519121201,5,1,20301121,11322301,0,0,0
519121201,5,2,20301121,11322301,0,0,0
519121201,6,1,20301121,11322301,0,0,0
519121201,6,2,20301121,11322301,0,0,0
519121201,6,3,20301121,11322301,0,0,0
519121301,1,1,20301237,11331101,0,0,0
519121301,2,1,20301237,11331101,0,0,0
519121301,2,2,20301237,11331101,0,0,0
519121301,3,1,20301237,11331101,0,0,0
519121301,3,2,20301237,11331101,0,0,0
519121301,3,3,20301237,11331101,0,0,0
519121301,4,1,20021265,11332101,0,0,0
519121301,5,1,20021265,11332101,0,0,0
519121301,5,2,20021265,11332101,0,0,0
519121301,6,1,20021265,11332101,0,0,0
519121301,6,2,20021265,11332101,0,0,0
519121301,6,3,20021265,11332101,0,0,0
519121401,1,1,20111165,11331201,0,0,0
519121401,2,1,20111165,11331201,0,0,0
519121401,2,2,20111165,11331201,0,0,0
519121401,3,1,20111165,11331201,0,0,0
519121401,3,2,20111165,11331201,0,0,0
519121401,3,3,20111165,11331201,0,0,0
519121401,4,1,20021183,11332201,0,0,0
519121401,5,1,20021183,11332201,0,0,0
519121401,5,2,20021183,11332201,0,0,0
519121401,6,1,20021183,11332201,0,0,0
519121401,6,2,20021183,11332201,0,0,0
519121401,6,3,20021183,11332201,0,0,0
519121501,1,1,20081195,11331301,0,0,0
519121501,2,1,20081195,11331301,0,0,0
519121501,2,2,20081195,11331321,0,0,0
519121501,3,1,20081195,11331301,0,0,0
519121501,3,2,20081195,11331321,0,0,0
519121501,3,3,20081195,11331321,0,0,0
519121501,4,1,10321377,11332301,0,0,0
519121501,5,1,10321377,11332301,0,0,0
519121501,5,2,10321377,11332301,0,0,0
519121501,6,1,10321377,11332301,0,0,0
519121501,6,2,10321377,11332301,0,0,0
519121501,6,3,10321377,11332301,0,0,0
519121601,1,1,20091336,21301101,0,0,0
519121601,2,1,20091336,21301101,0,0,0
519121601,2,2,20091336,21301101,0,0,0
519121601,3,1,20091336,21301101,0,0,0
519121601,3,2,20091336,21301101,0,0,0
519121601,3,3,20091336,21301101,0,0,0
519121601,4,1,30061106,21302101,0,0,0
519121601,5,1,30061106,21302101,0,0,0
519121601,5,2,30061106,21302101,0,0,0
519121601,6,1,30061106,21302101,0,0,0
519121601,6,2,30061106,21302101,0,0,0
519121601,6,3,30061106,21302101,0,0,0
519121701,1,1,20301308,21301201,0,0,0
519121701,2,1,20301308,21301201,0,0,0
519121701,2,2,20301308,21301201,0,0,0
519121701,3,1,20301308,21301201,0,0,0
519121701,3,2,20301308,21301201,0,0,0
519121701,3,3,20301308,21301201,0,0,0
519121701,4,1,20091240,21302201,0,0,0
519121701,5,1,20091240,21302201,0,0,0
519121701,5,2,20091240,21302201,0,0,0
519121701,6,1,20091240,21302201,0,0,0
519121701,6,2,20091240,21302201,0,0,0
519121701,6,3,20091240,21302201,0,0,0
519121801,1,1,20151126,21301301,0,0,0
519121801,2,1,20151126,21301301,0,0,0
519121801,2,2,20151126,21301301,0,0,0
519121801,3,1,20151126,21301301,0,0,0
519121801,3,2,20151126,21301301,0,0,0
519121801,3,3,20151126,21301301,0,0,0
519121801,4,1,20081393,21302301,0,0,0
519121801,5,1,20081393,21302301,0,0,0
519121801,5,2,20081393,21302301,0,0,0
519121801,6,1,20081393,21302301,0,0,0
519121801,6,2,20081393,21302301,0,0,0
519121801,6,3,20081393,21302301,0,0,0
519121901,1,1,20091337,21301401,0,0,0
519121901,2,1,20091337,21301401,0,0,0
519121901,2,2,20091337,21301401,0,0,0
519121901,3,1,20091337,21301401,0,0,0
519121901,3,2,20091337,21301401,0,0,0
519121901,3,3,20091337,21301401,0,0,0
519121901,4,1,20301309,21302401,0,0,0
519121901,5,1,20301309,21302401,0,0,0
519121901,5,2,20301309,21302401,0,0,0
519121901,6,1,20301309,21302401,0,0,0
519121901,6,2,20301309,21302401,0,0,0
519121901,6,3,20301309,21302401,0,0,0
519122001,1,1,20161253,21311101,0,0,0
519122001,2,1,20161253,21311101,0,0,0
519122001,2,2,20161253,21311101,0,0,0
519122001,3,1,20161253,21311101,0,0,0
519122001,3,2,20161253,21311101,0,0,0
519122001,3,3,20161253,21311101,0,0,0
519122001,4,1,10321188,21312101,0,0,0
519122001,5,1,10321188,21312101,0,0,0
519122001,5,2,10321188,21312101,0,0,0
519122001,6,1,10321188,21312101,0,0,0
519122001,6,2,10321188,21312101,0,0,0
519122001,6,3,10321188,21312101,0,0,0
519122101,1,1,20081189,21311201,0,0,0
519122101,2,1,20081189,21311201,0,0,0
519122101,2,2,20081189,21311201,0,0,0
519122101,3,1,20081189,21311201,0,0,0
519122101,3,2,20081189,21311201,0,0,0
519122101,3,3,20081189,21311201,0,0,0
519122101,4,1,20131261,21312201,0,0,0
519122101,5,1,20131261,21312201,0,0,0
519122101,5,2,20131261,21312201,0,0,0
519122101,6,1,20131261,21312201,0,0,0
519122101,6,2,20131261,21312201,0,0,0
519122101,6,3,20131261,21312201,0,0,0
519122201,1,1,20301119,21311301,0,0,0
519122201,2,1,20301119,21311301,0,0,0
519122201,2,2,20301119,21311301,0,0,0
519122201,3,1,20301119,21311301,0,0,0
519122201,3,2,20301119,21311301,0,0,0
519122201,3,3,20301119,21311301,0,0,0
519122201,4,1,20161186,21312301,0,0,0
519122201,5,1,20161186,21312301,0,0,0
519122201,5,2,20161186,21312301,0,0,0
519122201,6,1,20161186,21312301,0,0,0
519122201,6,2,20161186,21312301,0,0,0
519122201,6,3,20161186,21312301,0,0,0
519122301,1,1,20301232,21311401,0,0,0
519122301,2,1,20301232,21311401,0,0,0
519122301,2,2,20301232,21311401,0,0,0
519122301,3,1,20301232,21311401,0,0,0
519122301,3,2,20301232,21311401,0,0,0
519122301,3,3,20301232,21311401,0,0,0
519122301,4,1,20061377,21312401,0,0,0
519122301,5,1,20061377,21312401,0,0,0
519122301,5,2,20061377,21312401,0,0,0
519122301,6,1,20061377,21312401,0,0,0
519122301,6,2,20061377,21312401,0,0,0
519122301,6,3,20061377,21312401,0,0,0
519122401,1,1,20131269,11341101,0,0,0
519122401,2,1,20131269,11341101,0,0,0
519122401,2,2,20131269,11341101,0,0,0
519122401,3,1,20131269,11341101,0,0,0
519122401,3,2,20131269,11341101,0,0,0
519122401,3,3,20131269,11341101,0,0,0
519122401,4,1,20161267,11342101,0,0,0
519122401,5,1,20161267,11342101,0,0,0
519122401,5,2,20161267,11342101,0,0,0
519122401,6,1,20161267,11342101,0,0,0
519122401,6,2,20161267,11342101,0,0,0
519122401,6,3,20161267,11342101,0,0,0
519122501,1,1,20041294,11341201,0,0,0
519122501,2,1,20041294,11341201,0,0,0
519122501,2,2,20041294,11341201,0,0,0
519122501,3,1,20041294,11341201,0,0,0
519122501,3,2,20041294,11341201,0,0,0
519122501,3,3,20041294,11341201,0,0,0
519122501,4,1,20101153,11342201,0,0,0
519122501,5,1,20101153,11342201,0,0,0
519122501,5,2,20101153,11342201,0,0,0
519122501,6,1,20101153,11342201,0,0,0
519122501,6,2,20101153,11342201,0,0,0
519122501,6,3,20101153,11342201,0,0,0
519122601,1,1,20151141,11341301,0,0,0
519122601,2,1,20151141,11341301,0,0,0
519122601,2,2,20151141,11341301,0,0,0
519122601,3,1,20151141,11341301,0,0,0
519122601,3,2,20151141,11341301,0,0,0
519122601,3,3,20151141,11341301,0,0,0
519122601,4,1,20071360,11342301,0,0,0
519122601,5,1,20071360,11342301,0,0,0
519122601,5,2,20071360,11342301,0,0,0
519122601,6,1,20071360,11342301,0,0,0
519122601,6,2,20071360,11342301,0,0,0
519122601,6,3,20071360,11342301,0,0,0
519122701,1,1,20071362,11351101,0,0,0
519122701,2,1,20071362,11351101,0,0,0
519122701,2,2,20071362,11351101,0,0,0
519122701,3,1,20071362,11351101,0,0,0
519122701,3,2,20071362,11351101,0,0,0
519122701,3,3,20071362,11351101,0,0,0
519122701,4,1,20121184,11352101,0,0,0
519122701,5,1,20121184,11352101,0,0,0
519122701,5,2,20121184,11352101,0,0,0
519122701,6,1,20121184,11352101,0,0,0
519122701,6,2,20121184,11352101,0,0,0
519122701,6,3,20121184,11352101,0,0,0
519122801,1,1,20131274,11351201,0,0,0
519122801,2,1,20131274,11351201,0,0,0
519122801,2,2,20131274,11351201,0,0,0
519122801,3,1,20131274,11351201,0,0,0
519122801,3,2,20131274,11351201,0,0,0
519122801,3,3,20131274,11351201,0,0,0
519122801,4,1,20121343,11352201,0,0,0
519122801,5,1,20121343,11352201,0,0,0
519122801,5,2,20121343,11352201,0,0,0
519122801,6,1,20121343,11352201,0,0,0
519122801,6,2,20121343,11352201,0,0,0
519122801,6,3,20121343,11352201,0,0,0
519122901,1,1,30081214,11351301,0,0,0
519122901,2,1,30081214,11351301,0,0,0
519122901,2,2,30081214,11351321,0,0,0
519122901,3,1,30081214,11351301,0,0,0
519122901,3,2,30081214,11351321,0,0,0
519122901,3,3,30081214,11351321,0,0,0
519122901,4,1,20151272,11352301,0,0,0
519122901,5,1,20151272,11352301,0,0,0
519122901,5,2,20151272,11352301,0,0,0
519122901,6,1,20151272,11352301,0,0,0
519122901,6,2,20151272,11352301,0,0,0
519122901,6,3,20151272,11352301,0,0,0
519123001,1,1,20061262,21321101,0,0,0
519123001,2,1,20061262,21321101,0,0,0
519123001,2,2,20061262,21321101,0,0,0
519123001,3,1,20061262,21321101,0,0,0
519123001,3,2,20061262,21321101,0,0,0
519123001,3,3,20061262,21321101,0,0,0
519123001,4,1,20321204,21322101,0,0,0
519123001,5,1,20321204,21322101,0,0,0
519123001,5,2,20321204,21322101,0,0,0
519123001,6,1,20321204,21322101,0,0,0
519123001,6,2,20321204,21322101,0,0,0
519123001,6,3,20321204,21322101,0,0,0
519123101,1,1,20091251,21321201,0,0,0
519123101,2,1,20091251,21321201,0,0,0
519123101,2,2,20091251,21321201,0,0,0
519123101,3,1,20091251,21321201,0,0,0
519123101,3,2,20091251,21321201,0,0,0
519123101,3,3,20091251,21321201,0,0,0
519123101,4,1,20151264,21322201,0,0,0
519123101,5,1,20151264,21322201,0,0,0
519123101,5,2,20151264,21322201,0,0,0
519123101,6,1,20151264,21322201,0,0,0
519123101,6,2,20151264,21322201,0,0,0
519123101,6,3,20151264,21322201,0,0,0
519123201,1,1,20141273,21321301,0,0,0
519123201,2,1,20141273,21321301,0,0,0
519123201,2,2,20141273,21321301,0,0,0
519123201,3,1,20141273,21321301,0,0,0
519123201,3,2,20141273,21321301,0,0,0
519123201,3,3,20141273,21321301,0,0,0
519123201,4,1,20141178,21322301,0,0,0
519123201,5,1,20141178,21322301,0,0,0
519123201,5,2,20141178,21322301,0,0,0
519123201,6,1,20141178,21322301,0,0,0
519123201,6,2,20141178,21322301,0,0,0
519123201,6,3,20141178,21322301,0,0,0
519123301,1,1,30061111,21321401,0,0,0
519123301,2,1,30061111,21321401,0,0,0
519123301,2,2,30061111,21321401,0,0,0
519123301,3,1,30061111,21321401,0,0,0
519123301,3,2,30061111,21321401,0,0,0
519123301,3,3,30061111,21321401,0,0,0
519123301,4,1,20141274,21322401,0,0,0
519123301,5,1,20141274,21322401,0,0,0
519123301,5,2,20141274,21322401,0,0,0
519123301,6,1,20141274,21322401,0,0,0
519123301,6,2,20141274,21322401,0,0,0
519123301,6,3,20141274,21322401,0,0,0
519123401,1,1,20021357,21331101,0,0,0
519123401,2,1,20021357,21331101,0,0,0
519123401,2,2,20021357,21331101,0,0,0
519123401,3,1,20021357,21331101,0,0,0
519123401,3,2,20021357,21331101,0,0,0
519123401,3,3,20021357,21331101,0,0,0
519123401,4,1,20161266,21332101,0,0,0
519123401,5,1,20161266,21332101,0,0,0
519123401,5,2,20161266,21332101,0,0,0
519123401,6,1,20161266,21332101,0,0,0
519123401,6,2,20161266,21332101,0,0,0
519123401,6,3,20161266,21332101,0,0,0
519123501,1,1,20301313,21331201,0,0,0
519123501,2,1,20301313,21331201,0,0,0
519123501,2,2,20301313,21331201,0,0,0
519123501,3,1,20301313,21331201,0,0,0
519123501,3,2,20301313,21331201,0,0,0
519123501,3,3,20301313,21331201,0,0,0
519123501,4,1,20101362,21332201,0,0,0
519123501,5,1,20101362,21332201,0,0,0
519123501,5,2,20101362,21332201,0,0,0
519123501,6,1,20101362,21332201,0,0,0
519123501,6,2,20101362,21332201,0,0,0
519123501,6,3,20101362,21332201,0,0,0
519123601,1,1,20111282,21331301,0,0,0
519123601,2,1,20111282,21331301,0,0,0
519123601,2,2,20111282,21331301,0,0,0
519123601,3,1,20111282,21331301,0,0,0
519123601,3,2,20111282,21331301,0,0,0
519123601,3,3,20111282,21331301,0,0,0
519123601,4,1,30081208,21332301,0,0,0
519123601,5,1,30081208,21332301,0,0,0
519123601,5,2,30081208,21332301,0,0,0
519123601,6,1,30081208,21332301,0,0,0
519123601,6,2,30081208,21332301,0,0,0
519123601,6,3,30081208,21332301,0,0,0
519123701,1,1,20101269,21331401,0,0,0
519123701,2,1,20101269,21331401,0,0,0
519123701,2,2,20101269,21331401,0,0,0
519123701,3,1,20101269,21331401,0,0,0
519123701,3,2,20101269,21331401,0,0,0
519123701,3,3,20101269,21331401,0,0,0
519123701,4,1,10321199,21332401,0,0,0
519123701,5,1,10321199,21332401,0,0,0
519123701,5,2,10321199,21332401,0,0,0
519123701,6,1,10321199,21332401,0,0,0
519123701,6,2,10321199,21332401,0,0,0
519123701,6,3,10321199,21332401,0,0,0
519123801,1,1,20111292,11361101,0,0,0
519123801,2,1,20111292,11361101,0,0,0
519123801,2,2,20111292,11361101,0,0,0
519123801,3,1,20111292,11361101,0,0,0
519123801,3,2,20111292,11361101,0,0,0
519123801,3,3,20111292,11361101,0,0,0
519123801,4,1,20141191,11362101,0,0,0
519123801,5,1,20141191,11362101,0,0,0
519123801,5,2,20141191,11362101,0,0,0
519123801,6,1,20141191,11362101,0,0,0
519123801,6,2,20141191,11362101,0,0,0
519123801,6,3,20141191,11362101,0,0,0
519123901,1,1,20161349,11361201,0,0,0
519123901,2,1,20161349,11361201,0,0,0
519123901,2,2,20161349,11361201,0,0,0
519123901,3,1,20161349,11361201,0,0,0
519123901,3,2,20161349,11361201,0,0,0
519123901,3,3,20161349,11361201,0,0,0
519123901,4,1,20101376,11362201,0,0,0
519123901,5,1,20101376,11362201,0,0,0
519123901,5,2,20101376,11362201,0,0,0
519123901,6,1,20101376,11362201,0,0,0
519123901,6,2,20101376,11362201,0,0,0
519123901,6,3,20101376,11362201,0,0,0
519124001,1,1,20121356,11361301,0,0,0
519124001,2,1,20121356,11361301,0,0,0
519124001,2,2,20121356,11361301,0,0,0
519124001,3,1,20121356,11361301,0,0,0
519124001,3,2,20121356,11361301,0,0,0
519124001,3,3,20121356,11361301,0,0,0
519124001,4,1,30081320,11362301,0,0,0
519124001,5,1,30081320,11362301,0,0,0
519124001,5,2,30081320,11362301,0,0,0
519124001,6,1,30081320,11362301,0,0,0
519124001,6,2,30081320,11362301,0,0,0
519124001,6,3,30081320,11362301,0,0,0
519124101,1,1,20061396,11371101,0,0,0
519124101,2,1,20061396,11371101,0,0,0
519124101,2,2,20061396,11371101,0,0,0
519124101,3,1,20061396,11371101,0,0,0
519124101,3,2,20061396,11371101,0,0,0
519124101,3,3,20061396,11371101,0,0,0
519124101,4,1,20301141,11372101,0,0,0
519124101,5,1,20301141,11372101,0,0,0
519124101,5,2,20301141,11372101,0,0,0
519124101,6,1,20301141,11372101,0,0,0
519124101,6,2,20301141,11372101,0,0,0
519124101,6,3,20301141,11372101,0,0,0
519124201,1,1,20321213,11371201,0,0,0
519124201,2,1,20321213,11371201,0,0,0
519124201,2,2,20321213,11371201,0,0,0
519124201,3,1,20321213,11371201,0,0,0
519124201,3,2,20321213,11371201,0,0,0
519124201,3,3,20321213,11371201,0,0,0
519124201,4,1,20141345,11372201,0,0,0
519124201,5,1,20141345,11372201,0,0,0
519124201,5,2,20141345,11372201,0,0,0
519124201,6,1,20141345,11372201,0,0,0
519124201,6,2,20141345,11372201,0,0,0
519124201,6,3,20141345,11372201,0,0,0
519124301,1,1,20321113,11371301,0,0,0
519124301,2,1,20321113,11371301,0,0,0
519124301,2,2,20321113,11371301,0,0,0
519124301,3,1,20321113,11371301,0,0,0
519124301,3,2,20321113,11371301,0,0,0
519124301,3,3,20321113,11371301,0,0,0
519124301,4,1,20301329,11372301,0,0,0
519124301,5,1,20301329,11372301,0,0,0
519124301,5,2,20301329,11372301,0,0,0
519124301,6,1,20301329,11372301,0,0,0
519124301,6,2,20301329,11372301,0,0,0
519124301,6,3,20301329,11372301,0,0,0
519124401,1,1,20151279,21341101,0,0,0
519124401,2,1,20151279,21341101,0,0,0
519124401,2,2,20151279,21341101,0,0,0
519124401,3,1,20151279,21341101,0,0,0
519124401,3,2,20151279,21341101,0,0,0
519124401,3,3,20151279,21341101,0,0,0
519124401,4,1,30161107,21342101,0,0,0
519124401,5,1,30161107,21342101,0,0,0
519124401,5,2,30161107,21342101,0,0,0
519124401,6,1,30161107,21342101,0,0,0
519124401,6,2,30161107,21342101,0,0,0
519124401,6,3,30161107,21342101,0,0,0
519124501,1,1,20111178,21341201,0,0,0
519124501,2,1,20111178,21341201,0,0,0
519124501,2,2,20111178,21341201,0,0,0
519124501,3,1,20111178,21341201,0,0,0
519124501,3,2,20111178,21341201,0,0,0
519124501,3,3,20111178,21341201,0,0,0
519124501,4,1,20321106,21342201,0,0,0
519124501,5,1,20321106,21342201,0,0,0
519124501,5,2,20321106,21342201,0,0,0
519124501,6,1,20321106,21342201,0,0,0
519124501,6,2,20321106,21342201,0,0,0
519124501,6,3,20321106,21342201,0,0,0
519124601,1,1,30161108,21341301,0,0,0
519124601,2,1,30161108,21341301,0,0,0
519124601,2,2,30161108,21341301,0,0,0
519124601,3,1,30161108,21341301,0,0,0
519124601,3,2,30161108,21341301,0,0,0
519124601,3,3,30161108,21341301,0,0,0
519124601,4,1,30151312,21342301,0,0,0
519124601,5,1,30151312,21342301,0,0,0
519124601,5,2,30151312,21342301,0,0,0
519124601,6,1,30151312,21342301,0,0,0
519124601,6,2,30151312,21342301,0,0,0
519124601,6,3,30151312,21342301,0,0,0
519124701,1,1,20301324,21341401,0,0,0
519124701,2,1,20301324,21341401,0,0,0
519124701,2,2,20301324,21341401,0,0,0
519124701,3,1,20301324,21341401,0,0,0
519124701,3,2,20301324,21341401,0,0,0
519124701,3,3,20301324,21341401,0,0,0
519124701,4,1,20321207,21342401,0,0,0
519124701,5,1,20321207,21342401,0,0,0
519124701,5,2,20321207,21342401,0,0,0
519124701,6,1,20321207,21342401,0,0,0
519124701,6,2,20321207,21342401,0,0,0
519124701,6,3,20321207,21342401,0,0,0
519124801,1,1,20321107,21351101,0,0,0
519124801,2,1,20321107,21351101,0,0,0
519124801,2,2,20321107,21351101,0,0,0
519124801,3,1,20321107,21351101,0,0,0
519124801,3,2,20321107,21351101,0,0,0
519124801,3,3,20321107,21351101,0,0,0
519124801,4,1,20091354,21352101,0,0,0
519124801,5,1,20091354,21352101,0,0,0
519124801,5,2,20091354,21352101,0,0,0
519124801,6,1,20091354,21352101,0,0,0
519124801,6,2,20091354,21352101,0,0,0
519124801,6,3,20091354,21352101,0,0,0
519124901,1,1,20141340,21351201,0,0,0
519124901,2,1,20141340,21351201,0,0,0
519124901,2,2,20141340,21351201,0,0,0
519124901,3,1,20141340,21351201,0,0,0
519124901,3,2,20141340,21351201,0,0,0
519124901,3,3,20141340,21351201,0,0,0
519124901,4,1,20141284,21352201,0,0,0
519124901,5,1,20141284,21352201,0,0,0
519124901,5,2,20141284,21352201,0,0,0
519124901,6,1,20141284,21352201,0,0,0
519124901,6,2,20141284,21352201,0,0,0
519124901,6,3,20141284,21352201,0,0,0
519125001,1,1,20161348,21351301,0,0,0
519125001,2,1,20161348,21351301,0,0,0
519125001,2,2,20161348,21351301,0,0,0
519125001,3,1,20161348,21351301,0,0,0
519125001,3,2,20161348,21351301,0,0,0
519125001,3,3,20161348,21351301,0,0,0
519125001,4,1,20131169,21352301,0,0,0
519125001,5,1,20131169,21352301,0,0,0
519125001,5,2,20131169,21352301,0,0,0
519125001,6,1,20131169,21352301,0,0,0
519125001,6,2,20131169,21352301,0,0,0
519125001,6,3,20131169,21352301,0,0,0
519125101,1,1,20301323,21351401,0,0,0
519125101,2,1,20301323,21351401,0,0,0
519125101,2,2,20301323,21351401,0,0,0
519125101,3,1,20301323,21351401,0,0,0
519125101,3,2,20301323,21351401,0,0,0
519125101,3,3,20301323,21351401,0,0,0
519125101,4,1,20141189,21352401,0,0,0
519125101,5,1,20141189,21352401,0,0,0
519125101,5,2,20141189,21352401,0,0,0
519125101,6,1,20141189,21352401,0,0,0
519125101,6,2,20141189,21352401,0,0,0
519125101,6,3,20141189,21352401,0,0,0
519125201,1,1,20141358,11381101,0,0,0
519125201,2,1,20141358,11381101,0,0,0
519125201,2,2,20141358,11381101,0,0,0
519125201,3,1,20141358,11381101,0,0,0
519125201,3,2,20141358,11381101,0,0,0
519125201,3,3,20141358,11381101,0,0,0
519125201,4,1,30081232,11382101,0,0,0
519125201,5,1,30081232,11382101,0,0,0
519125201,5,2,30081232,11382101,0,0,0
519125201,6,1,30081232,11382101,0,0,0
519125201,6,2,30081232,11382101,0,0,0
519125201,6,3,30081232,11382101,0,0,0
519125301,1,1,30081121,11381201,0,0,0
519125301,2,1,30081121,11381201,0,0,0
519125301,2,2,30081121,11381201,0,0,0
519125301,3,1,30081121,11381201,0,0,0
519125301,3,2,30081121,11381201,0,0,0
519125301,3,3,30081121,11381201,0,0,0
519125301,4,1,20121195,11382201,0,0,0
519125301,5,1,20121195,11382201,0,0,0
519125301,5,2,20121195,11382201,0,0,0
519125301,6,1,20121195,11382201,0,0,0
519125301,6,2,20121195,11382201,0,0,0
519125301,6,3,20121195,11382201,0,0,0
519125401,1,1,20151161,11381301,0,0,0
519125401,2,1,20151161,11381301,0,0,0
519125401,2,2,20151161,11381301,0,0,0
519125401,3,1,20151161,11381301,0,0,0
519125401,3,2,20151161,11381301,0,0,0
519125401,3,3,20151161,11381301,0,0,0
519125401,4,1,30151324,11382301,0,0,0
519125401,5,1,30151324,11382301,0,0,0
519125401,5,2,30151324,11382301,0,0,0
519125401,6,1,30151324,11382301,0,0,0
519125401,6,2,30151324,11382301,0,0,0
519125401,6,3,30151324,11382301,0,0,0
519125501,1,1,20141355,11391101,0,0,0
519125501,2,1,20141355,11391101,0,0,0
519125501,2,2,20141355,11391101,0,0,0
519125501,3,1,20141355,11391101,0,0,0
519125501,3,2,20141355,11391101,0,0,0
519125501,3,3,20141355,11391101,0,0,0
519125501,4,1,20301147,11392101,0,0,0
519125501,5,1,20301147,11392101,0,0,0
519125501,5,2,20301147,11392101,0,0,0
519125501,6,1,20301147,11392101,0,0,0
519125501,6,2,20301147,11392101,0,0,0
519125501,6,3,20301147,11392101,0,0,0
519125601,1,1,20071385,11391201,0,0,0
519125601,2,1,20071385,11391201,0,0,0
519125601,2,2,20071385,11391201,0,0,0
519125601,3,1,20071385,11391201,0,0,0
519125601,3,2,20071385,11391201,0,0,0
519125601,3,3,20071385,11391201,0,0,0
519125601,4,1,20321224,11392201,0,0,0
519125601,5,1,20321224,11392201,0,0,0
519125601,5,2,20321224,11392201,0,0,0
519125601,6,1,20321224,11392201,0,0,0
519125601,6,2,20321224,11392201,0,0,0
519125601,6,3,20321224,11392201,0,0,0
519125701,1,1,20111378,11391301,0,0,0
519125701,2,1,20111378,11391301,0,0,0
519125701,2,2,20111378,11391301,0,0,0
519125701,3,1,20111378,11391301,0,0,0
519125701,3,2,20111378,11391301,0,0,0
519125701,3,3,20111378,11391301,0,0,0
519125701,4,1,30151327,11392301,0,0,0
519125701,5,1,30151327,11392301,0,0,0
519125701,5,2,30151327,11392301,0,0,0
519125701,6,1,30151327,11392301,0,0,0
519125701,6,2,30151327,11392301,0,0,0
519125701,6,3,30151327,11392301,0,0,0
519125801,1,1,20071379,21361101,0,0,0
519125801,2,1,20071379,21361101,0,0,0
519125801,2,2,20071379,21361101,0,0,0
519125801,3,1,20071379,21361101,0,0,0
519125801,3,2,20071379,21361101,0,0,0
519125801,3,3,20071379,21361101,0,0,0
519125801,4,1,20071380,21362101,0,0,0
519125801,5,1,20071380,21362101,0,0,0
519125801,5,2,20071380,21362101,0,0,0
519125801,6,1,20071380,21362101,0,0,0
519125801,6,2,20071380,21362101,0,0,0
519125801,6,3,20071380,21362101,0,0,0
519125901,1,1,20111190,21361201,0,0,0
519125901,2,1,20111190,21361201,0,0,0
519125901,2,2,20111190,21361201,0,0,0
519125901,3,1,20111190,21361201,0,0,0
519125901,3,2,20111190,21361201,0,0,0
519125901,3,3,20111190,21361201,0,0,0
519125901,4,1,30141101,21362201,0,0,0
519125901,5,1,30141101,21362201,0,0,0
519125901,5,2,30141101,21362201,0,0,0
519125901,6,1,30141101,21362201,0,0,0
519125901,6,2,30141101,21362201,0,0,0
519125901,6,3,30141101,21362201,0,0,0
519126001,1,1,20301271,21361301,0,0,0
519126001,2,1,20301271,21361301,0,0,0
519126001,2,2,20301271,21361301,0,0,0
519126001,3,1,20301271,21361301,0,0,0
519126001,3,2,20301271,21361301,0,0,0
519126001,3,3,20301271,21361301,0,0,0
519126001,4,1,20141298,21362301,0,0,0
519126001,5,1,20141298,21362301,0,0,0
519126001,5,2,20141298,21362301,0,0,0
519126001,6,1,20141298,21362301,0,0,0
519126001,6,2,20141298,21362301,0,0,0
519126001,6,3,20141298,21362301,0,0,0
519126101,1,1,20161283,21361401,0,0,0
519126101,2,1,20161283,21361401,0,0,0
519126101,2,2,20161283,21361401,0,0,0
519126101,3,1,20161283,21361401,0,0,0
519126101,3,2,20161283,21361401,0,0,0
519126101,3,3,20161283,21361401,0,0,0
519126101,4,1,20151291,21362401,0,0,0
519126101,5,1,20151291,21362401,0,0,0
519126101,5,2,20151291,21362401,0,0,0
519126101,6,1,20151291,21362401,0,0,0
519126101,6,2,20151291,21362401,0,0,0
519126101,6,3,20151291,21362401,0,0,0
519126201,1,1,20301332,21371101,0,0,0
519126201,2,1,20301332,21371101,0,0,0
519126201,2,2,20301332,21371101,0,0,0
519126201,3,1,20301332,21371101,0,0,0
519126201,3,2,20301332,21371101,0,0,0
519126201,3,3,20301332,21371101,0,0,0
519126201,4,1,20131295,21372101,0,0,0
519126201,5,1,20131295,21372101,0,0,0
519126201,5,2,20131295,21372101,0,0,0
519126201,6,1,20131295,21372101,0,0,0
519126201,6,2,20131295,21372101,0,0,0
519126201,6,3,20131295,21372101,0,0,0
519126301,1,1,10321396,21371201,0,0,0
519126301,2,1,10321396,21371201,0,0,0
519126301,2,2,10321396,21371201,0,0,0
519126301,3,1,10321396,21371201,0,0,0
519126301,3,2,10321396,21371201,0,0,0
519126301,3,3,10321396,21371201,0,0,0
519126301,4,1,20321115,21372201,0,0,0
519126301,5,1,20321115,21372201,0,0,0
519126301,5,2,20321115,21372201,0,0,0
519126301,6,1,20321115,21372201,0,0,0
519126301,6,2,20321115,21372201,0,0,0
519126301,6,3,20321115,21372201,0,0,0
519126401,1,1,10321397,21371301,0,0,0
519126401,2,1,10321397,21371301,0,0,0
519126401,2,2,10321397,21371301,0,0,0
519126401,3,1,10321397,21371301,0,0,0
519126401,3,2,10321397,21371301,0,0,0
519126401,3,3,10321397,21371301,0,0,0
519126401,4,1,20301273,21372301,0,0,0
519126401,5,1,20301273,21372301,0,0,0
519126401,5,2,20301273,21372301,0,0,0
519126401,6,1,20301273,21372301,0,0,0
519126401,6,2,20301273,21372301,0,0,0
519126401,6,3,20301273,21372301,0,0,0
519126501,1,1,20141350,21371401,0,0,0
519126501,2,1,20141350,21371401,0,0,0
519126501,2,2,20141350,21371401,0,0,0
519126501,3,1,20141350,21371401,0,0,0
519126501,3,2,20141350,21371401,0,0,0
519126501,3,3,20141350,21371401,0,0,0
519126501,4,1,10321398,21372401,0,0,0
519126501,5,1,10321398,21372401,0,0,0
519126501,5,2,10321398,21372401,0,0,0
519126501,6,1,10321398,21372401,0,0,0
519126501,6,2,10321398,21372401,0,0,0
519126501,6,3,10321398,21372401,0,0,0
519126601,1,1,20091377,11401101,0,0,0
519126601,2,1,20091377,11401101,0,0,0
519126601,2,2,20091377,11401101,0,0,0
519126601,3,1,20091377,11401101,0,0,0
519126601,3,2,20091377,11401101,0,0,0
519126601,3,3,20091377,11401101,0,0,0
519126601,4,1,20321310,11402101,0,0,0
519126601,5,1,20321310,11402101,0,0,0
519126601,5,2,20321310,11402101,0,0,0
519126601,6,1,20321310,11402101,0,0,0
519126601,6,2,20321310,11402101,0,0,0
519126601,6,3,20321310,11402101,0,0,0
519126701,1,1,20161381,11401201,0,0,0
519126701,2,1,20161381,11401201,0,0,0
519126701,2,2,20161381,11401201,0,0,0
519126701,3,1,20161381,11401201,0,0,0
519126701,3,2,20161381,11401201,0,0,0
519126701,3,3,20161381,11401201,0,0,0
519126701,4,1,30071171,11402201,0,0,0
519126701,5,1,30071171,11402201,0,0,0
519126701,5,2,30071171,11402201,0,0,0
519126701,6,1,30071171,11402201,0,0,0
519126701,6,2,30071171,11402201,0,0,0
519126701,6,3,30071171,11402201,0,0,0
519126801,1,1,20131191,11401301,0,0,0
519126801,2,1,20131191,11401301,0,0,0
519126801,2,2,20131191,11401301,0,0,0
519126801,3,1,20131191,11401301,0,0,0
519126801,3,2,20131191,11401301,0,0,0
519126801,3,3,20131191,11401301,0,0,0
519126801,4,1,30061145,11402301,0,0,0
519126801,5,1,30061145,11402301,0,0,0
519126801,5,2,30061145,11402301,0,0,0
519126801,6,1,30061145,11402301,0,0,0
519126801,6,2,30061145,11402301,0,0,0
519126801,6,3,30061145,11402301,0,0,0
519126901,1,1,20321234,11411101,0,0,0
519126901,2,1,20321234,11411101,0,0,0
519126901,2,2,20321234,11411101,0,0,0
519126901,3,1,20321234,11411101,0,0,0
519126901,3,2,20321234,11411101,0,0,0
519126901,3,3,20321234,11411101,0,0,0
519126901,4,1,20301295,11412101,0,0,0
519126901,5,1,20301295,11412101,0,0,0
519126901,5,2,20301295,11412101,0,0,0
519126901,6,1,20301295,11412101,0,0,0
519126901,6,2,20301295,11412101,0,0,0
519126901,6,3,20301295,11412101,0,0,0
519127001,1,1,30101204,11411201,0,0,0
519127001,2,1,30101204,11411201,0,0,0
519127001,2,2,30101204,11411201,0,0,0
519127001,3,1,30101204,11411201,0,0,0
519127001,3,2,30101204,11411201,0,0,0
519127001,3,3,30101204,11411201,0,0,0
519127001,4,1,20131345,11412201,0,0,0
519127001,5,1,20131345,11412201,0,0,0
519127001,5,2,20131345,11412201,0,0,0
519127001,6,1,20131345,11412201,0,0,0
519127001,6,2,20131345,11412201,0,0,0
519127001,6,3,20131345,11412201,0,0,0
519127101,1,1,30061148,11411301,0,0,0
519127101,2,1,30061148,11411301,0,0,0
519127101,2,2,30061148,11411301,0,0,0
519127101,3,1,30061148,11411301,0,0,0
519127101,3,2,30061148,11411301,0,0,0
519127101,3,3,30061148,11411301,0,0,0
519127101,4,1,20321134,11412301,0,0,0
519127101,5,1,20321134,11412301,0,0,0
519127101,5,2,20321134,11412301,0,0,0
519127101,6,1,20321134,11412301,0,0,0
519127101,6,2,20321134,11412301,0,0,0
519127101,6,3,20321134,11412301,0,0,0
519127201,1,1,30031243,21381101,0,0,0
519127201,2,1,30031243,21381101,0,0,0
519127201,2,2,30031243,21381101,0,0,0
519127201,3,1,30031243,21381101,0,0,0
519127201,3,2,30031243,21381101,0,0,0
519127201,3,3,30031243,21381101,0,0,0
519127201,4,1,20321308,21382101,0,0,0
519127201,5,1,20321308,21382101,0,0,0
519127201,5,2,20321308,21382101,0,0,0
519127201,6,1,20321308,21382101,0,0,0
519127201,6,2,20321308,21382101,0,0,0
519127201,6,3,20321308,21382101,0,0,0
519127301,1,1,30061317,21381201,0,0,0
519127301,2,1,30061317,21381201,0,0,0
519127301,2,2,30061317,21381201,0,0,0
519127301,3,1,30061317,21381201,0,0,0
519127301,3,2,30061317,21381201,0,0,0
519127301,3,3,30061317,21381201,0,0,0
519127301,4,1,20301349,21382201,0,0,0
519127301,5,1,20301349,21382201,0,0,0
519127301,5,2,20301349,21382201,0,0,0
519127301,6,1,20301349,21382201,0,0,0
519127301,6,2,20301349,21382201,0,0,0
519127301,6,3,20301349,21382201,0,0,0
519127401,1,1,30061318,21381301,0,0,0
519127401,2,1,30061318,21381301,0,0,0
519127401,2,2,30061318,21381301,0,0,0
519127401,3,1,30061318,21381301,0,0,0
519127401,3,2,30061318,21381301,0,0,0
519127401,3,3,30061318,21381301,0,0,0
519127401,4,1,20321309,21382301,0,0,0
519127401,5,1,20321309,21382301,0,0,0
519127401,5,2,20321309,21382301,0,0,0
519127401,6,1,20321309,21382301,0,0,0
519127401,6,2,20321309,21382301,0,0,0
519127401,6,3,20321309,21382301,0,0,0
519127501,1,1,20101395,21381401,0,0,0
519127501,2,1,20101395,21381401,0,0,0
519127501,2,2,20101395,21381401,0,0,0
519127501,3,1,20101395,21381401,0,0,0
519127501,3,2,20101395,21381401,0,0,0
519127501,3,3,20101395,21381401,0,0,0
519127501,4,1,20161376,21382401,0,0,0
519127501,5,1,20161376,21382401,0,0,0
519127501,5,2,20161376,21382401,0,0,0
519127501,6,1,20161376,21382401,0,0,0
519127501,6,2,20161376,21382401,0,0,0
519127501,6,3,20161376,21382401,0,0,0
519127601,1,1,20301289,21391101,0,0,0
519127601,2,1,20301289,21391101,0,0,0
519127601,2,2,20301289,21391101,0,0,0
519127601,3,1,20301289,21391101,0,0,0
519127601,3,2,20301289,21391101,0,0,0
519127601,3,3,20301289,21391101,0,0,0
519127601,4,1,20301350,21392101,0,0,0
519127601,5,1,20301350,21392101,0,0,0
519127601,5,2,20301350,21392101,0,0,0
519127601,6,1,20301350,21392101,0,0,0
519127601,6,2,20301350,21392101,0,0,0
519127601,6,3,20301350,21392101,0,0,0
519127701,1,1,20321128,21391201,0,0,0
519127701,2,1,20321128,21391201,0,0,0
519127701,2,2,20321128,21391201,0,0,0
519127701,3,1,20321128,21391201,0,0,0
519127701,3,2,20321128,21391201,0,0,0
519127701,3,3,20321128,21391201,0,0,0
519127701,4,1,20161378,21392201,0,0,0
519127701,5,1,20161378,21392201,0,0,0
519127701,5,2,20161378,21392201,0,0,0
519127701,6,1,20161378,21392201,0,0,0
519127701,6,2,20161378,21392201,0,0,0
519127701,6,3,20161378,21392201,0,0,0
519127801,1,1,30061319,21391301,0,0,0
519127801,2,1,30061319,21391301,0,0,0
519127801,2,2,30061319,21391301,0,0,0
519127801,3,1,30061319,21391301,0,0,0
519127801,3,2,30061319,21391301,0,0,0
519127801,3,3,30061319,21391301,0,0,0
519127801,4,1,30151201,21392301,0,0,0
519127801,5,1,30151201,21392301,0,0,0
519127801,5,2,30151201,21392301,0,0,0
519127801,6,1,30151201,21392301,0,0,0
519127801,6,2,30151201,21392301,0,0,0
519127801,6,3,30151201,21392301,0,0,0
519127901,1,1,20101397,21391401,0,0,0
519127901,2,1,20101397,21391401,0,0,0
519127901,2,2,20101397,21391401,0,0,0
519127901,3,1,20101397,21391401,0,0,0
519127901,3,2,20101397,21391401,0,0,0
519127901,3,3,20101397,21391401,0,0,0
519127901,4,1,20151173,21392401,0,0,0
519127901,5,1,20151173,21392401,0,0,0
519127901,5,2,20151173,21392401,0,0,0
519127901,6,1,20151173,21392401,0,0,0
519127901,6,2,20151173,21392401,0,0,0
519127901,6,3,20151173,21392401,0,0,0
519300101,1,1,10171126,26013103,1,1,0
519300201,1,1,10171128,26011204,0,0,0
519300201,2,1,10171128,26011204,0,0,0
519300201,2,2,10181135,26011204,0,0,0
519300201,3,1,10171128,26011204,0,0,0
519300201,3,2,10181135,26011204,0,0,0
519300201,3,3,10111142,26011204,0,0,0
519300202,1,1,10171128,26011204,0,0,0
519300202,2,1,10171128,26011204,0,0,0
519300202,2,2,10181135,26011204,0,0,0
519300202,3,1,10171128,26011204,0,0,0
519300202,3,2,10181135,26011204,0,0,0
519300202,3,3,10111142,26011204,0,0,0
519300203,1,1,10171128,26011204,0,0,0
519300203,2,1,10171128,26011204,0,0,0
519300203,2,2,10181135,26011204,0,0,0
519300203,3,1,10171128,26011204,0,0,0
519300203,3,2,10181135,26011204,0,0,0
519300203,3,3,10111142,26011204,0,0,0
519300301,1,1,10141121,26011205,1,1,0
519300301,1,2,10201113,26011206,1,1,0
519300401,1,1,10151121,26011207,1,1,0
519300401,1,2,10211108,26011208,1,1,0
519300501,1,1,15041107,26013209,1,1,0
519300601,1,1,15041108,26013210,1,1,0
519300701,1,1,15041109,26013211,1,1,0
519300801,1,1,10061151,26011213,0,0,0
519300801,1,2,10091138,26011214,0,0,0
519300801,1,3,10171130,26011215,0,0,0
519300802,1,1,15041110,26013212,1,1,0
519300901,1,1,10071101,26011217,0,0,0
519300901,1,2,10101131,26011218,0,0,0
519300901,1,3,10181134,26011219,0,0,0
519300902,1,1,15041111,26013216,1,1,0
519301001,1,1,10081103,26011221,0,0,0
519301001,1,2,10111101,26011222,0,0,0
519301001,1,3,10191130,26011223,0,0,0
519301002,1,1,15041112,26013220,1,1,0
519301101,1,1,15041113,26013224,1,1,0
519301201,1,1,10011165,26011303,0,0,0
519301201,1,2,10021159,26011303,0,0,0
519301202,1,1,10031157,26011303,0,0,0
519301202,1,2,10041156,26011303,0,0,0
519301203,1,1,10061152,26013304,1,1,0
519301301,1,1,10051149,26011305,0,0,0
519301301,1,2,10101132,26011305,0,0,0
519301302,1,1,10111143,26011305,0,0,0
519301302,1,2,10121133,26011305,0,0,0
519301303,1,1,10161114,26013306,1,1,0
519301401,1,1,10011242,26011307,0,0,0
519301401,1,2,10041241,26011307,0,0,0
519301401,1,3,10111228,26011307,0,0,0
519301402,1,1,10031237,26011307,0,0,0
519301402,1,2,10101234,26011307,0,0,0
519301402,1,3,10121215,26011307,0,0,0
519301403,1,1,10061228,26013308,1,1,0
519301403,1,2,10161212,26013309,1,1,0
519301501,1,1,10051152,26011403,0,0,0
519301501,1,2,10041159,26011403,0,0,0
519301502,1,1,10011169,26011403,0,0,0
519301502,1,2,10031160,26011403,0,0,0
519301503,1,1,10071163,26013404,1,1,0
519301503,2,1,10061602,26012405,1,1,0
519301601,1,1,10021239,26011406,0,0,0
519301601,1,2,10121217,26011406,0,0,0
519301602,1,1,10131235,26011406,0,0,0
519301602,1,2,10091230,26011406,0,0,0
519301603,1,1,10141210,26013407,1,1,0
519301603,2,1,10161602,26012408,1,1,0
519301701,1,1,10051308,26011409,0,0,0
519301701,1,2,10091145,26011414,0,0,0
519301701,1,3,10031310,26011414,0,0,0
519301702,1,1,10091310,26011414,0,0,0
519301702,1,2,10021164,26011415,0,0,0
519301702,1,3,10111303,26011415,0,0,0
519301703,1,1,10071312,26013410,1,1,0
519301703,1,2,10141126,26013411,1,1,0
519301703,2,1,10201603,26012412,1,1,0
519301703,2,2,10161603,26012413,1,1,0
519301801,1,1,10031244,26011504,0,0,0
519301801,1,2,10011246,26011504,0,0,0
519301802,1,1,10051243,26011504,0,0,0
519301802,1,2,10021242,26011504,0,0,0
519301803,1,1,10081251,26013505,1,1,0
519301901,1,1,10041308,26011506,0,0,0
519301901,1,2,10021310,26011506,0,0,0
519301902,1,1,10101310,26011506,0,0,0
519301902,1,2,10111308,26011506,0,0,0
519301903,1,1,10151309,26013507,1,1,0
519302001,1,1,10031163,26011508,0,0,0
519302001,1,2,10051155,26011508,0,0,0
519302002,1,1,10121138,26011508,0,0,0
519302002,1,2,10131137,26011508,0,0,0
519302003,1,1,10161119,26013509,1,1,0
519302101,1,1,10071168,26011510,0,0,0
519302101,1,2,10141129,26011510,0,0,0
519302101,1,3,10071169,26011510,0,0,0
519302102,1,1,10151123,26011510,0,0,0
519302102,1,2,10061157,26011510,0,0,0
519302102,1,3,10151124,26011510,0,0,0
519302103,1,1,10201114,26013511,1,1,0
519302201,1,1,10041161,26011603,0,0,0
519302201,1,2,10051156,26011603,0,0,0
519302202,1,1,10011172,26011603,0,0,0
519302202,1,2,10021168,26011603,0,0,0
519302203,1,1,10061158,26013604,1,1,0
519302301,1,1,10021249,26011605,0,0,0
519302301,1,2,10031248,26011605,0,0,0
519302302,1,1,10091232,26011605,0,0,0
519302302,1,2,10121222,26011605,0,0,0
519302303,1,1,10161215,26013606,1,1,0
519302401,1,1,10011318,26011607,0,0,0
519302401,1,2,10051312,26011607,0,0,0
519302402,1,1,10101311,26011607,0,0,0
519302402,1,2,10131308,26011607,0,0,0
519302403,1,1,10211308,26013608,1,1,0
519302501,1,1,10011319,26011609,0,0,0
519302501,1,2,10051313,26011609,0,0,0
519302502,1,1,10101312,26011609,0,0,0
519302502,1,2,10131309,26011609,0,0,0
519302503,1,1,10211309,26013610,1,1,0
519302601,1,1,15041121,26013702,1,1,0
519302701,1,1,15041122,26013703,1,1,0
519302801,1,1,15041123,26013704,1,1,0
519302901,1,1,15041124,26013705,1,1,0
519303001,1,1,10011320,26011803,0,0,0
519303001,1,2,10031312,26011803,0,0,0
519303002,1,1,10021313,26011803,0,0,0
519303002,1,2,10131312,26011803,0,0,0
519303002,1,3,10041310,26011803,0,0,0
519303003,1,1,10071318,26013804,1,1,0
519303101,1,1,10021169,26011805,0,0,0
519303101,1,2,10051159,26011805,0,0,0
519303102,1,1,10011175,26011805,0,0,0
519303102,1,2,10101144,26011805,0,0,0
519303102,1,3,10041164,26011805,0,0,0
519303103,1,1,10141130,26013806,1,1,0
519303201,1,1,10031251,26011807,0,0,0
519303201,1,2,10041255,26011807,0,0,0
519303202,1,1,10021253,26011807,0,0,0
519303202,1,2,10111236,26011807,0,0,0
519303202,1,3,10051249,26011807,0,0,0
519303203,1,1,10201217,26013808,1,1,0
519303301,1,1,10031252,26011809,0,0,0
519303301,1,2,10041256,26011809,0,0,0
519303302,1,1,10021254,26011809,0,0,0
519303302,1,2,10111237,26011809,0,0,0
519303302,1,3,10051250,26011809,0,0,0
519303303,1,1,10201218,26013810,1,1,0
519303401,1,1,15011104,26013903,1,1,0
519303501,1,1,15011105,26013904,1,1,0
519303601,1,1,15011106,26013905,1,1,0
519303701,1,1,15011107,26013906,1,1,0
519303801,1,1,10021258,260111003,0,0,0
519303801,1,2,10111238,260111003,0,0,0
519303801,1,3,10041260,260111003,0,0,0
519303802,1,1,10211208,260131004,1,1,0
519303901,1,1,10011321,260111005,0,0,0
519303901,1,2,10131313,260111005,0,0,0
519303901,1,3,10031313,260111005,0,0,0
519303902,1,1,10211311,260131006,1,1,0
519304001,1,1,10071171,260111007,0,0,0
519304001,1,2,10141132,260111007,0,0,0
519304001,1,3,10081153,260111007,0,0,0
519304002,1,1,10211109,260131008,1,1,0
519304101,1,1,10071172,260111009,0,0,0
519304101,1,2,10141133,260111009,0,0,0
519304101,1,3,10081154,260111009,0,0,0
519304102,1,1,10211110,260131010,1,1,0
519304201,1,1,15031101,260131103,1,1,0
519304301,1,1,15031102,260131104,1,1,0
519304401,1,1,15021104,260131105,1,1,0
519304501,1,1,15031103,260131106,1,1,0
519304601,1,1,15021105,260131107,1,1,0
519304701,1,1,10021175,260111203,0,0,0
519304701,1,2,10041168,260111203,0,0,0
519304702,1,1,10011181,260111203,0,0,0
519304702,1,2,10111155,260111203,0,0,0
519304702,1,3,10051164,260111203,0,0,0
519304703,1,1,10291101,260111203,1,1,0
519304801,1,1,10031318,260111204,0,0,0
519304801,1,2,10051318,260111204,0,0,0
519304802,1,1,10021319,260111204,0,0,0
519304802,1,2,10091317,260111204,0,0,0
519304802,1,3,10041314,260111204,0,0,0
519304803,1,1,10321301,260111204,1,1,0
519304901,1,1,10041266,260111205,0,0,0
519304901,1,2,10051253,260111205,0,0,0
519304902,1,1,10011261,260111205,0,0,0
519304902,1,2,10101256,260111205,0,0,0
519304902,1,3,10031260,260111205,0,0,0
519304903,1,1,10311202,260111205,1,1,0
519305001,1,1,10041267,260111206,0,0,0
519305001,1,2,10051254,260111206,0,0,0
519305002,1,1,10011262,260111206,0,0,0
519305002,1,2,10101257,260111206,0,0,0
519305002,1,3,10031261,260111206,0,0,0
519305003,1,1,10311203,260111206,1,1,0
519305101,1,1,10011266,260111303,0,0,0
519305101,1,2,10031264,260111303,0,0,0
519305101,1,3,10051259,260111303,0,0,0
519305102,1,1,10021265,260111303,0,0,0
519305102,1,2,10111243,260111303,0,0,0
519305102,1,3,10011266,260111303,0,0,0
519305103,1,1,10041271,260131304,0,0,0
519305103,1,2,10171230,260131304,1,0,0
519305103,1,3,10031265,260131304,0,0,0
519305201,1,1,10021179,260111305,0,0,0
519305201,1,2,10041169,260111305,0,0,0
519305201,1,3,10051165,260111305,0,0,0
519305202,1,1,10031172,260111305,0,0,0
519305202,1,2,10131141,260111305,0,0,0
519305202,1,3,10041169,260111305,0,0,0
519305203,1,1,10051166,260131306,0,0,0
519305203,1,2,10111158,260131306,1,0,0
519305203,1,3,10021180,260131306,0,0,0
519305301,1,1,10021322,260111307,0,0,0
519305301,1,2,10041319,260111307,0,0,0
519305301,1,3,10031319,260111307,0,0,0
519305302,1,1,10051320,260111307,0,0,0
519305302,1,2,10101322,260111307,0,0,0
519305302,1,3,10011329,260111307,0,0,0
519305303,1,1,10031321,260131308,0,0,0
519305303,1,2,10171317,260131308,1,0,0
519305303,1,3,10021324,260131308,0,0,0
519305401,1,1,10021323,260111309,0,0,0
519305401,1,2,10041320,260111309,0,0,0
519305401,1,3,10031320,260111309,0,0,0
519305402,1,1,10051321,260111309,0,0,0
519305402,1,2,10101323,260111309,0,0,0
519305402,1,3,10011330,260111309,0,0,0
519305403,1,1,10031322,260131310,0,0,0
519305403,1,2,10171318,260131310,1,0,0
519305403,1,3,10021325,260131310,0,0,0
519305501,1,1,130241101,260111403,0,0,0
519305501,1,2,130251101,260111403,0,0,0
519305502,1,1,130241201,260111403,0,0,0
519305502,1,2,10490101,260131404,1,0,0
519305502,1,3,130251201,260111403,0,0,0
519305601,1,1,130241202,260111405,0,0,0
519305601,1,2,130251202,260111405,0,0,0
519305602,1,1,130241102,260111405,0,0,0
519305602,1,2,10490102,260131406,1,0,0
519305602,1,3,130251102,260111405,0,0,0
519305701,1,1,130241203,260111407,0,0,0
519305701,1,2,130251203,260111407,0,0,0
519305702,1,1,130241301,260111407,0,0,0
519305702,1,2,10490103,260131408,1,0,0
519305702,1,3,130251301,260111407,0,0,0
519305801,1,1,130241204,260111409,0,0,0
519305801,1,2,130251204,260111409,0,0,0
519305802,1,1,130241302,260111409,0,0,0
519305802,1,2,10490104,260131410,1,0,0
519305802,1,3,130251302,260111409,0,0,0
519305901,1,1,10021326,260111503,0,0,0
519305901,1,2,10041321,260111503,0,0,0
519305901,1,3,10051322,260111503,0,0,0
519305902,1,1,10091318,260111503,0,0,0
519305902,1,2,10131321,260111503,0,0,0
519305903,1,1,10201316,260131504,1,1,0
519306001,1,1,10031266,260111505,0,0,0
519306001,1,2,10011267,260111505,0,0,0
519306001,1,3,10021266,260111505,0,0,0
519306002,1,1,10101261,260111505,0,0,0
519306002,1,2,10041272,260111505,0,0,0
519306003,1,1,10201224,260131506,1,1,0
519306101,1,1,10011184,260111507,0,0,0
519306101,1,2,10031173,260111507,0,0,0
519306101,1,3,10041170,260111507,0,0,0
519306102,1,1,10101151,260111507,0,0,0
519306102,1,2,10111159,260111507,0,0,0
519306103,1,1,10201117,260131508,1,1,0
519306201,1,1,10011185,260111509,0,0,0
519306201,1,2,10031174,260111509,0,0,0
519306201,1,3,10041171,260111509,0,0,0
519306202,1,1,10101152,260111509,0,0,0
519306202,1,2,10111160,260111509,0,0,0
519306203,1,1,10201118,260131510,1,1,0
519306301,1,1,10041322,260111603,0,0,0
519306302,1,1,10051323,260111603,0,0,0
519306302,1,2,10011331,260111603,0,0,0
519306303,1,1,10830202,260131605,1,0,0
519306303,1,2,10840202,260131604,1,0,0
519306401,1,1,10011186,260111606,0,0,0
519306402,1,1,10031175,260111606,0,0,0
519306402,1,2,10021181,260111606,0,0,0
519306403,1,1,10830203,260131608,1,0,0
519306403,1,2,10840203,260131607,1,0,0
519306501,1,1,10021267,260111609,0,0,0
519306502,1,1,10041273,260111609,0,0,0
519306502,1,2,10051261,260111609,0,0,0
519306503,1,1,10830204,260131611,1,0,0
519306503,1,2,10840204,260131610,1,0,0
519306601,1,1,10021268,260111612,0,0,0
519306602,1,1,10041274,260111612,0,0,0
519306602,1,2,10051262,260111612,0,0,0
519306603,1,1,10830205,260131614,1,0,0
519306603,1,2,10840205,260131613,1,0,0
519306701,1,1,10051264,260111704,0,0,0
519306701,1,2,10031268,260111704,0,0,0
519306701,1,3,10041275,260111704,0,0,0
519306702,1,1,10101263,260111705,0,0,0
519306702,1,2,10151231,260131706,1,1,0
519306702,1,3,10111247,260111705,0,0,0
519306801,1,1,10051326,260111707,0,0,0
519306801,1,2,10031324,260111707,0,0,0
519306801,1,3,10041325,260111707,0,0,0
519306802,1,1,10101325,260111708,0,0,0
519306802,1,2,10211314,260131709,1,1,0
519306802,1,3,10111319,260111708,0,0,0
519306901,1,1,10051167,260111710,0,0,0
519306901,1,2,10031176,260111710,0,0,0
519306901,1,3,10041173,260111710,0,0,0
519306902,1,1,10101154,260111711,0,0,0
519306902,1,2,10211112,260131712,1,1,0
519306902,1,3,10111162,260111711,0,0,0
519307001,1,1,10051168,260111713,0,0,0
519307001,1,2,10031177,260111713,0,0,0
519307001,1,3,10041174,260111713,0,0,0
519307002,1,1,10101155,260111714,0,0,0
519307002,1,2,10211113,260131715,1,1,0
519307002,1,3,10111163,260111714,0,0,0
519307101,1,1,10031325,260111803,0,0,0
519307101,1,2,10011334,260111803,0,0,0
519307101,1,3,10021328,260111803,0,0,0
519307102,1,1,10091320,260111803,0,0,0
519307102,1,2,10051327,260111803,0,0,0
519307103,1,1,10191316,260131804,1,1,0
519307201,1,1,10031269,260111805,0,0,0
519307201,1,2,10011270,260111805,0,0,0
519307201,1,3,10021270,260111805,0,0,0
519307202,1,1,10091243,260111805,0,0,0
519307202,1,2,10131249,260111805,0,0,0
519307203,1,1,10191231,260131806,1,1,0
519307301,1,1,10031178,260111807,0,0,0
519307301,1,2,10011189,260111807,0,0,0
519307301,1,3,10021182,260111807,0,0,0
519307302,1,1,10091156,260111807,0,0,0
519307302,1,2,10131144,260111807,0,0,0
519307303,1,1,10191141,260131808,1,1,0
519307401,1,1,10031179,260111809,0,0,0
519307401,1,2,10011190,260111809,0,0,0
519307401,1,3,10021183,260111809,0,0,0
519307402,1,1,10091157,260111809,0,0,0
519307402,1,2,10131145,260111809,0,0,0
519307403,1,1,10191142,260131810,1,1,0
519307501,1,1,15091105,260131904,1,1,0
519307601,1,1,15091106,260131905,1,1,0
519307701,1,1,15091107,260131906,1,1,0
519307801,1,1,15051106,260131907,1,1,0
519307901,1,1,10061334,260112003,0,0,0
519307901,1,2,10081165,260112003,0,0,0
519307901,1,3,10021271,260112003,0,0,0
519307902,1,1,10101328,260112003,0,0,0
519307902,1,2,10321205,260112003,0,0,0
519307903,1,1,10170701,260132004,1,1,0
519308001,1,1,10061335,260112005,0,0,0
519308001,1,2,10081166,260112005,0,0,0
519308001,1,3,10021272,260112005,0,0,0
519308002,1,1,10101329,260112005,0,0,0
519308002,1,2,10321206,260112005,0,0,0
519308003,1,1,10170702,260132006,1,1,0
519308101,1,1,10061336,260112007,0,0,0
519308101,1,2,10081167,260112007,0,0,0
519308101,1,3,10021273,260112007,0,0,0
519308102,1,1,10101330,260112007,0,0,0
519308102,1,2,10321207,260112007,0,0,0
519308103,1,1,10170703,260132008,1,1,0
519308201,1,1,10061337,260112009,0,0,0
519308201,1,2,10081168,260112009,0,0,0
519308201,1,3,10021274,260112009,0,0,0
519308202,1,1,10101331,260112009,0,0,0
519308202,1,2,10321208,260112009,0,0,0
519308203,1,1,10170704,260132010,1,1,0
519308301,1,1,10021330,260112104,0,0,0
519308301,1,2,10031180,260112104,0,0,0
519308301,1,3,10071328,260112104,0,0,0
519308302,1,1,10091244,260132105,0,0,0
519308302,1,2,10161126,260132105,0,0,0
519308303,1,1,10211501,260132106,1,1,0
519308401,1,1,10021331,260112107,0,0,0
519308401,1,2,10031181,260112107,0,0,0
519308401,1,3,10071329,260112107,0,0,0
519308402,1,1,10091245,260132108,0,0,0
519308402,1,2,10161127,260132108,0,0,0
519308403,1,1,10211502,260132109,1,1,0
519308501,1,1,10021332,260112110,0,0,0
519308501,1,2,10031182,260112110,0,0,0
519308501,1,3,10071330,260112110,0,0,0
519308502,1,1,10091246,260132111,0,0,0
519308502,1,2,10161128,260132111,0,0,0
519308503,1,1,10211503,260132112,1,1,0
519308601,1,1,10021333,260112113,0,0,0
519308601,1,2,10031183,260112113,0,0,0
519308601,1,3,10071331,260112113,0,0,0
519308602,1,1,10091247,260132114,0,0,0
519308602,1,2,10161129,260132114,0,0,0
519308603,1,1,10211504,260132115,1,1,0
519308701,1,1,10081336,260112303,0,0,0
519308702,1,1,10031337,260112303,0,0,0
519308702,1,2,10051175,260112303,0,0,0
519308703,1,1,10321217,260112303,1,0,0
519308703,1,2,10201318,260132304,1,0,0
519308801,1,1,10081337,260112305,0,0,0
519308802,1,1,10031338,260112305,0,0,0
519308802,1,2,10051176,260112305,0,0,0
519308803,1,1,10321218,260112305,1,0,0
519308803,1,2,10201319,260132306,1,0,0
519308901,1,1,10081338,260112307,0,0,0
519308902,1,1,10031339,260112307,0,0,0
519308902,1,2,10051177,260112307,0,0,0
519308903,1,1,10321219,260112307,1,0,0
519308903,1,2,10201320,260132308,1,0,0
519309001,1,1,10081339,260112309,0,0,0
519309002,1,1,10031340,260112309,0,0,0
519309002,1,2,10051178,260112309,0,0,0
519309003,1,1,10321220,260112309,1,0,0
519309003,1,2,10201321,260132310,1,0,0
519309101,1,1,10331102,260112403,0,0,0
519309101,1,2,10331202,260112403,0,0,0
519309102,1,1,10331202,260112403,0,0,0
519309102,1,2,10331302,260112403,0,0,0
519309103,1,1,15101101,260132404,1,1,0
519309201,1,1,10331103,260112405,0,0,0
519309201,1,2,10331203,260112405,0,0,0
519309202,1,1,10331203,260112405,0,0,0
519309202,1,2,10331303,260112405,0,0,0
519309203,1,1,15101102,260132406,1,1,0
519309301,1,1,10331104,260112407,0,0,0
519309301,1,2,10331204,260112407,0,0,0
519309302,1,1,10331204,260112407,0,0,0
519309302,1,2,10331304,260112407,0,0,0
519309303,1,1,15101103,260132408,1,1,0
519309401,1,1,10331105,260112409,0,0,0
519309401,1,2,10331205,260112409,0,0,0
519309402,1,1,10331205,260112409,0,0,0
519309402,1,2,10331305,260112409,0,0,0
519309403,1,1,15101104,260132410,1,1,0
519309501,1,1,10071339,260112504,0,0,0
519309501,1,2,10081340,260112504,0,0,0
519309501,1,3,10051179,260112504,0,0,0
519309502,1,1,10321109,260112505,0,0,0
519309502,1,2,10121249,260112505,0,0,0
519309503,1,1,10311304,260132506,1,1,0
519309601,1,1,10071340,260112507,0,0,0
519309601,1,2,10081341,260112507,0,0,0
519309601,1,3,10051180,260112507,0,0,0
519309602,1,1,10321110,260112508,0,0,0
519309602,1,2,10121250,260112508,0,0,0
519309603,1,1,10311305,260132509,1,1,0
519309701,1,1,10071341,260112510,0,0,0
519309701,1,2,10081342,260112510,0,0,0
519309701,1,3,10051181,260112510,0,0,0
519309702,1,1,10321111,260112511,0,0,0
519309702,1,2,10121251,260112511,0,0,0
519309703,1,1,10311306,260132512,1,1,0
519309801,1,1,10071342,260112513,0,0,0
519309801,1,2,10081343,260112513,0,0,0
519309801,1,3,10051182,260112513,0,0,0
519309802,1,1,10321112,260112514,0,0,0
519309802,1,2,10121252,260112514,0,0,0
519309803,1,1,10311307,260132515,1,1,0
519309901,1,1,10041338,260112704,0,0,0
519309901,1,2,10081181,260112704,0,0,0
519309901,1,3,10031276,260112704,0,0,0
519309902,1,1,10111335,260112705,0,0,0
519309902,1,2,10321113,260112705,0,0,0
519309903,1,1,15051109,260132706,1,1,0
519310001,1,1,10041339,260112707,0,0,0
519310001,1,2,10081182,260112707,0,0,0
519310001,1,3,10031277,260112707,0,0,0
519310002,1,1,10111336,260112708,0,0,0
519310002,1,2,10321114,260112708,0,0,0
519310003,1,1,15051110,260132709,1,1,0
519310101,1,1,10041340,260112710,0,0,0
519310101,1,2,10081183,260112710,0,0,0
519310101,1,3,10031278,260112710,0,0,0
519310102,1,1,10111337,260112711,0,0,0
519310102,1,2,10321115,260112711,0,0,0
519310103,1,1,15051111,260132712,1,1,0
519310201,1,1,10041341,260112713,0,0,0
519310201,1,2,10081184,260112713,0,0,0
519310201,1,3,10031279,260112713,0,0,0
519310202,1,1,10111338,260112714,0,0,0
519310202,1,2,10321116,260112714,0,0,0
519310203,1,1,15051112,260132715,1,1,0
519310301,1,1,10051185,260112804,0,0,0
519310301,1,2,10031280,260112804,0,0,0
519310301,1,3,10071260,260112804,0,0,0
519310302,1,1,10131160,260112805,0,0,0
519310302,1,2,10121255,260112805,0,0,0
519310303,1,1,10201322,260132806,1,1,0
519310401,1,1,10051186,260112807,0,0,0
519310401,1,2,10031281,260112807,0,0,0
519310401,1,3,10071261,260112807,0,0,0
519310402,1,1,10131161,260112808,0,0,0
519310402,1,2,10121256,260112808,0,0,0
519310403,1,1,10201323,260132809,1,1,0
519310501,1,1,10051187,260112810,0,0,0
519310501,1,2,10031282,260112810,0,0,0
519310501,1,3,10071262,260112810,0,0,0
519310502,1,1,10131162,260112811,0,0,0
519310502,1,2,10121257,260112811,0,0,0
519310503,1,1,10201324,260132812,1,1,0
519310601,1,1,10051188,260112813,0,0,0
519310601,1,2,10031283,260112813,0,0,0
519310601,1,3,10071263,260112813,0,0,0
519310602,1,1,10131163,260112814,0,0,0
519310602,1,2,10121258,260112814,0,0,0
519310603,1,1,10201325,260132815,1,1,0
519310701,1,1,10041347,260112904,0,0,0
519310701,1,2,10081191,260112904,0,0,0
519310701,1,3,10011284,260112904,0,0,0
519310702,1,1,10131336,260112905,0,0,0
519310702,1,2,10161148,260112905,0,0,0
519310703,1,1,10211115,260132906,1,1,0
519310801,1,1,10041348,260112907,0,0,0
519310801,1,2,10081192,260112907,0,0,0
519310801,1,3,10011285,260112907,0,0,0
519310802,1,1,10131337,260112908,0,0,0
519310802,1,2,10161149,260112908,0,0,0
519310803,1,1,10211116,260132909,1,1,0
519310901,1,1,10041349,260112910,0,0,0
519310901,1,2,10081193,260112910,0,0,0
519310901,1,3,10011286,260112910,0,0,0
519310902,1,1,10131338,260112911,0,0,0
519310902,1,2,10161150,260112911,0,0,0
519310903,1,1,10211117,260132912,1,1,0
519311001,1,1,10041350,260112913,0,0,0
519311001,1,2,10081194,260112913,0,0,0
519311001,1,3,10011287,260112913,0,0,0
519311002,1,1,10131339,260112914,0,0,0
519311002,1,2,10161151,260112914,0,0,0
519311003,1,1,10211118,260132915,1,1,0
519311101,1,1,10331106,260113004,0,0,0
519311101,1,2,10331206,260113004,0,0,0
519311102,1,1,10331206,260113005,0,0,0
519311102,1,2,10331306,260113005,0,0,0
519311103,1,1,10171160,260133006,1,1,0
519311201,1,1,10331107,260113007,0,0,0
519311201,1,2,10331207,260113007,0,0,0
519311202,1,1,10331207,260113008,0,0,0
519311202,1,2,10331307,260113008,0,0,0
519311203,1,1,10171161,260133009,1,1,0
519311301,1,1,10331108,260113010,0,0,0
519311301,1,2,10331208,260113010,0,0,0
519311302,1,1,10331208,260113011,0,0,0
519311302,1,2,10331308,260113011,0,0,0
519311303,1,1,10171162,260133012,1,1,0
519311401,1,1,10331109,260113013,0,0,0
519311401,1,2,10331209,260113013,0,0,0
519311402,1,1,10331209,260113014,0,0,0
519311402,1,2,10331309,260113014,0,0,0
519311403,1,1,10171163,260133015,1,1,0
519311501,1,1,10041354,260113204,0,0,0
519311501,1,2,20071105,260113204,0,0,0
519311501,1,3,10011354,260113204,0,0,0
519311502,1,1,10141238,260113205,0,0,0
519311502,1,2,10101174,260113205,0,0,0
519311503,1,1,10211119,260133206,1,1,0
519311601,1,1,10041355,260113207,0,0,0
519311601,1,2,20071106,260113207,0,0,0
519311601,1,3,10011355,260113207,0,0,0
519311602,1,1,10141239,260113208,0,0,0
519311602,1,2,10101175,260113208,0,0,0
519311603,1,1,10211120,260133209,1,1,0
519311701,1,1,10041356,260113210,0,0,0
519311701,1,2,20071107,260113210,0,0,0
519311701,1,3,10011356,260113210,0,0,0
519311702,1,1,10141240,260113211,0,0,0
519311702,1,2,10101176,260113211,0,0,0
519311703,1,1,10211121,260133212,1,1,0
519311801,1,1,10041357,260113213,0,0,0
519311801,1,2,20071108,260113213,0,0,0
519311801,1,3,10011357,260113213,0,0,0
519311802,1,1,10141241,260113214,0,0,0
519311802,1,2,10101177,260113214,0,0,0
519311803,1,1,10211122,260133215,1,1,0
519311901,1,1,10041365,260113304,0,0,0
519311901,1,2,20071121,260113304,0,0,0
519311901,1,3,20011302,260113304,0,0,0
519311902,1,1,10141259,260113305,0,0,0
519311902,1,2,10101191,260113305,0,0,0
519311903,1,1,10201340,260133306,1,1,0
519312001,1,1,10041366,260113307,0,0,0
519312001,1,2,20071122,260113307,0,0,0
519312001,1,3,20011303,260113307,0,0,0
519312002,1,1,10141260,260113308,0,0,0
519312002,1,2,10101192,260113308,0,0,0
519312003,1,1,10201341,260133309,1,1,0
519312101,1,1,10041367,260113310,0,0,0
519312101,1,2,20071123,260113310,0,0,0
519312101,1,3,20011304,260113310,0,0,0
519312102,1,1,10141261,260113311,0,0,0
519312102,1,2,10101193,260113311,0,0,0
519312103,1,1,10201342,260133312,1,1,0
519312201,1,1,10041368,260113313,0,0,0
519312201,1,2,20071124,260113313,0,0,0
519312201,1,3,20011305,260113313,0,0,0
519312202,1,1,10141262,260113314,0,0,0
519312202,1,2,10101194,260113314,0,0,0
519312203,1,1,10201343,260133315,1,1,0
519312301,1,1,10081361,260113404,0,0,0
519312301,1,2,10031371,260113404,0,0,0
519312301,1,3,20051102,260113404,0,0,0
519312302,1,1,10321237,260113405,0,0,0
519312302,1,2,10131179,260113405,0,0,0
519312303,1,1,10191263,260133406,1,1,0
519312401,1,1,10081362,260113407,0,0,0
519312401,1,2,10031372,260113407,0,0,0
519312401,1,3,20051103,260113407,0,0,0
519312402,1,1,10321238,260113408,0,0,0
519312402,1,2,10131180,260113408,0,0,0
519312403,1,1,10191264,260133409,1,1,0
519312501,1,1,10081363,260113410,0,0,0
519312501,1,2,10031373,260113410,0,0,0
519312501,1,3,20051104,260113410,0,0,0
519312502,1,1,10321239,260113411,0,0,0
519312502,1,2,10131181,260113411,0,0,0
519312503,1,1,10191265,260133412,1,1,0
519312601,1,1,10081364,260113413,0,0,0
519312601,1,2,10031374,260113413,0,0,0
519312601,1,3,20051105,260113413,0,0,0
519312602,1,1,10321240,260113414,0,0,0
519312602,1,2,10131182,260113414,0,0,0
519312603,1,1,10191266,260133415,1,1,0
519312701,1,1,10041370,260113504,0,0,0
519312701,1,2,10081293,260113504,0,0,0
519312701,1,3,20011204,260113504,0,0,0
519312702,1,1,10131354,260113505,0,0,0
519312702,1,2,10161171,260113505,0,0,0
519312703,1,1,10291115,260133506,1,1,0
519312801,1,1,10041371,260113507,0,0,0
519312801,1,2,10081294,260113507,0,0,0
519312801,1,3,20011205,260113507,0,0,0
519312802,1,1,10131355,260113508,0,0,0
519312802,1,2,10161172,260113508,0,0,0
519312803,1,1,10291116,260133509,1,1,0
519312901,1,1,10041372,260113510,0,0,0
519312901,1,2,10081295,260113510,0,0,0
519312901,1,3,20011206,260113510,0,0,0
519312902,1,1,10131356,260113511,0,0,0
519312902,1,2,10161173,260113511,0,0,0
519312903,1,1,10291117,260133512,1,1,0
519313001,1,1,10041373,260113513,0,0,0
519313001,1,2,10081296,260113513,0,0,0
519313001,1,3,20011207,260113513,0,0,0
519313002,1,1,10131357,260113514,0,0,0
519313002,1,2,10161174,260113514,0,0,0
519313003,1,1,10291118,260133515,1,1,0
519313101,1,1,10331112,260113704,0,0,0
519313101,1,2,10331212,260113704,0,0,0
519313101,1,3,10331312,260113704,0,0,0
519313102,1,1,10331216,260113705,0,0,0
519313102,1,2,10331316,260113705,0,0,0
519313103,1,1,15101108,260133706,1,1,0
519313201,1,1,10331113,260113707,0,0,0
519313201,1,2,10331213,260113707,0,0,0
519313201,1,3,10331313,260113707,0,0,0
519313202,1,1,10331217,260113708,0,0,0
519313202,1,2,10331317,260113708,0,0,0
519313203,1,1,15101109,260133709,1,1,0
519313301,1,1,10331114,260113710,0,0,0
519313301,1,2,10331214,260113710,0,0,0
519313301,1,3,10331314,260113710,0,0,0
519313302,1,1,10331218,260113711,0,0,0
519313302,1,2,10331318,260113711,0,0,0
519313303,1,1,15101110,260133712,1,1,0
519313401,1,1,10331115,260113713,0,0,0
519313401,1,2,10331215,260113713,0,0,0
519313401,1,3,10331315,260113713,0,0,0
519313402,1,1,10331219,260113714,0,0,0
519313402,1,2,10331319,260113714,0,0,0
519313403,1,1,15101111,260133715,1,1,0
519313501,1,1,20051108,260113904,0,0,0
519313501,1,2,20031208,260113904,0,0,0
519313501,1,3,10071285,260113904,0,0,0
519313502,1,1,10131184,260113905,0,0,0
519313502,1,2,10121282,260113905,0,0,0
519313503,1,1,10201135,260133906,1,1,0
519313601,1,1,20051109,260113907,0,0,0
519313601,1,2,20031209,260113907,0,0,0
519313601,1,3,10071286,260113907,0,0,0
519313602,1,1,10131185,260113908,0,0,0
519313602,1,2,10121283,260113908,0,0,0
519313603,1,1,10201136,260133909,1,1,0
519313701,1,1,20051110,260113910,0,0,0
519313701,1,2,20031210,260113910,0,0,0
519313701,1,3,10071287,260113910,0,0,0
519313702,1,1,10131186,260113911,0,0,0
519313702,1,2,10121284,260113911,0,0,0
519313703,1,1,10201137,260133912,1,1,0
519313801,1,1,20051111,260113913,0,0,0
519313801,1,2,20031211,260113913,0,0,0
519313801,1,3,10071288,260113913,0,0,0
519313802,1,1,10131187,260113914,0,0,0
519313802,1,2,10121285,260113914,0,0,0
519313803,1,1,10201138,260133915,1,1,0
519313901,1,1,10331117,260114004,0,0,0
519313901,1,2,10331221,260114004,0,0,0
519313901,1,3,10331321,260114004,0,0,0
519313902,1,1,10331225,260114005,0,0,0
519313902,1,2,10331325,260114005,0,0,0
519313903,1,1,15111102,260134006,1,1,0
519314001,1,1,10331118,260114007,0,0,0
519314001,1,2,10331222,260114007,0,0,0
519314001,1,3,10331322,260114007,0,0,0
519314002,1,1,10331226,260114008,0,0,0
519314002,1,2,10331326,260114008,0,0,0
519314003,1,1,15111103,260134009,1,1,0
519314101,1,1,10331119,260114010,0,0,0
519314101,1,2,10331223,260114010,0,0,0
519314101,1,3,10331323,260114010,0,0,0
519314102,1,1,10331227,260114011,0,0,0
519314102,1,2,10331327,260114011,0,0,0
519314103,1,1,15111104,260134012,1,1,0
519314201,1,1,10331120,260114013,0,0,0
519314201,1,2,10331224,260114013,0,0,0
519314201,1,3,10331324,260114013,0,0,0
519314202,1,1,10331228,260114014,0,0,0
519314202,1,2,10331328,260114014,0,0,0
519314203,1,1,15111105,260134015,1,1,0
519314301,1,1,20011210,260114104,0,0,0
519314301,1,2,10101367,260114104,0,0,0
519314301,1,3,20011125,260114104,0,0,0
519314302,1,1,10101367,260114105,0,0,0
519314302,1,2,10291327,260114105,0,0,0
519314303,1,1,10311216,260134106,1,1,0
519314401,1,1,20011211,260114107,0,0,0
519314401,1,2,10101368,260114107,0,0,0
519314401,1,3,20011126,260114107,0,0,0
519314402,1,1,10101368,260114108,0,0,0
519314402,1,2,10291328,260114108,0,0,0
519314403,1,1,10311217,260134109,1,1,0
519314501,1,1,20011212,260114110,0,0,0
519314501,1,2,10101369,260114110,0,0,0
519314501,1,3,20011127,260114110,0,0,0
519314502,1,1,10101369,260114111,0,0,0
519314502,1,2,10291329,260114111,0,0,0
519314503,1,1,10311218,260134112,1,1,0
519314601,1,1,20011213,260114113,0,0,0
519314601,1,2,10101370,260114113,0,0,0
519314601,1,3,20011128,260114113,0,0,0
519314602,1,1,10101370,260114114,0,0,0
519314602,1,2,10291330,260114114,0,0,0
519314603,1,1,10311219,260134115,1,1,0
519314701,1,1,20061109,260114204,0,0,0
519314701,1,2,10151361,260114204,0,0,0
519314701,1,3,10211124,260114204,0,0,0
519314702,1,1,10091275,260114205,0,0,0
519314702,1,2,10171356,260114205,0,0,0
519314703,1,1,10291121,260134206,1,1,0
519314801,1,1,20061110,260114207,0,0,0
519314801,1,2,10151362,260114207,0,0,0
519314801,1,3,10211125,260114207,0,0,0
519314802,1,1,10091276,260114208,0,0,0
519314802,1,2,10171357,260114208,0,0,0
519314803,1,1,10291122,260134209,1,1,0
519314901,1,1,20061111,260114210,0,0,0
519314901,1,2,10151363,260114210,0,0,0
519314901,1,3,10211126,260114210,0,0,0
519314902,1,1,10091277,260114211,0,0,0
519314902,1,2,10171358,260114211,0,0,0
519314903,1,1,10291123,260134212,1,1,0
519315001,1,1,20061112,260114213,0,0,0
519315001,1,2,10151364,260114213,0,0,0
519315001,1,3,10211127,260114213,0,0,0
519315002,1,1,10091278,260114214,0,0,0
519315002,1,2,10171359,260114214,0,0,0
519315003,1,1,10291124,260134215,1,1,0
519315101,1,1,20071140,260114404,0,0,0
519315101,1,2,10131190,260114404,0,0,0
519315101,1,3,20011221,260114404,0,0,0
519315102,1,1,10121373,260114405,0,0,0
519315102,1,2,10291332,260114405,0,0,0
519315103,1,1,10211225,260134406,1,1,0
519315201,1,1,20071141,260114407,0,0,0
519315201,1,2,10131191,260114407,0,0,0
519315201,1,3,20011222,260114407,0,0,0
519315202,1,1,10121374,260114408,0,0,0
519315202,1,2,10291333,260114408,0,0,0
519315203,1,1,10211226,260134409,1,1,0
519315301,1,1,20071142,260114410,0,0,0
519315301,1,2,10131192,260114410,0,0,0
519315301,1,3,20011223,260114410,0,0,0
519315302,1,1,10121375,260114411,0,0,0
519315302,1,2,10291334,260114411,0,0,0
519315303,1,1,10211227,260134412,1,1,0
519315401,1,1,20071143,260114413,0,0,0
519315401,1,2,10131193,260114413,0,0,0
519315401,1,3,20011224,260114413,0,0,0
519315402,1,1,10121376,260114414,0,0,0
519315402,1,2,10291335,260114414,0,0,0
519315403,1,1,10211228,260134415,1,1,0
519315501,1,1,10141122,260134301,0,0,0
519315501,1,2,10151122,260134301,0,0,0
519315601,1,1,10021235,260134302,0,0,0
519315601,1,2,10171305,260134302,1,1,0
519315601,1,3,10031309,260134302,0,0,0
519315701,1,1,10071227,260134303,0,0,0
519315701,1,2,10211307,260134303,1,1,0
519315701,1,3,10081240,260134303,0,0,0
519315801,1,1,20081205,260114604,0,0,0
519315801,1,2,10111290,260114604,0,0,0
519315801,1,3,10071366,260114604,0,0,0
519315802,1,1,10121188,260114605,0,0,0
519315802,1,2,10201140,260114605,0,0,0
519315803,1,1,10201347,260134606,1,1,0
519315901,1,1,20081206,260114607,0,0,0
519315901,1,2,10111291,260114607,0,0,0
519315901,1,3,10071367,260114607,0,0,0
519315902,1,1,10121189,260114608,0,0,0
519315902,1,2,10201141,260114608,0,0,0
519315903,1,1,10201348,260134609,1,1,0
519316001,1,1,20081207,260114610,0,0,0
519316001,1,2,10111292,260114610,0,0,0
519316001,1,3,10071368,260114610,0,0,0
519316002,1,1,10121190,260114611,0,0,0
519316002,1,2,10201142,260114611,0,0,0
519316003,1,1,10201349,260134612,1,1,0
519316101,1,1,20081208,260114613,0,0,0
519316101,1,2,10111293,260114613,0,0,0
519316101,1,3,10071369,260114613,0,0,0
519316102,1,1,10121191,260114614,0,0,0
519316102,1,2,10201143,260114614,0,0,0
519316103,1,1,10201350,260134615,1,1,0
519316201,1,1,10061373,260114804,0,0,0
519316201,1,2,10111371,260114804,0,0,0
519316201,1,3,20041109,260114804,0,0,0
519316202,1,1,10161276,260114805,0,0,0
519316202,1,2,10171186,260114805,0,0,0
519316203,1,1,10311221,260134806,1,1,0
519316301,1,1,10061374,260114807,0,0,0
519316301,1,2,10111372,260114807,0,0,0
519316301,1,3,20041110,260114807,0,0,0
519316302,1,1,10161277,260114808,0,0,0
519316302,1,2,10171187,260114808,0,0,0
519316303,1,1,10311222,260134809,1,1,0
519316401,1,1,10061375,260114810,0,0,0
519316401,1,2,10111373,260114810,0,0,0
519316401,1,3,20041111,260114810,0,0,0
519316402,1,1,10161278,260114811,0,0,0
519316402,1,2,10171188,260114811,0,0,0
519316403,1,1,10311223,260134812,1,1,0
519316501,1,1,10061376,260114813,0,0,0
519316501,1,2,10111374,260114813,0,0,0
519316501,1,3,20041112,260114813,0,0,0
519316502,1,1,10161279,260114814,0,0,0
519316502,1,2,10171189,260114814,0,0,0
519316503,1,1,10311224,260134815,1,1,0
519316601,1,1,10141122,260134701,0,0,0
519316601,1,2,10151122,260134701,0,0,0
519316701,1,1,10021235,260134702,0,0,0
519316701,1,2,10171305,260134702,1,1,0
519316701,1,3,10031309,260134702,0,0,0
519316801,1,1,10071227,260134703,0,0,0
519316801,1,2,10211307,260134703,1,1,0
519316801,1,3,10081240,260134703,0,0,0
519316901,1,1,10051300,260115004,0,0,0
519316901,1,2,10141184,260115004,0,0,0
519316901,1,3,10031390,260115004,0,0,0
519316902,1,1,10161192,260115005,0,0,0
519316902,1,2,10201245,260115005,0,0,0
519316903,1,1,10311317,260135006,1,1,0
519317001,1,1,10051303,260115007,0,0,0
519317001,1,2,10141185,260115007,0,0,0
519317001,1,3,10031391,260115007,0,0,0
519317002,1,1,10161193,260115008,0,0,0
519317002,1,2,10201246,260115008,0,0,0
519317003,1,1,10311318,260135009,1,1,0
519317101,1,1,10051304,260115010,0,0,0
519317101,1,2,10141186,260115010,0,0,0
519317101,1,3,10031392,260115010,0,0,0
519317102,1,1,10161194,260115011,0,0,0
519317102,1,2,10201247,260115011,0,0,0
519317103,1,1,10311319,260135012,1,1,0
519317201,1,1,10051305,260115013,0,0,0
519317201,1,2,10141187,260115013,0,0,0
519317201,1,3,10031393,260115013,0,0,0
519317202,1,1,10161195,260115014,0,0,0
519317202,1,2,10201248,260115014,0,0,0
519317203,1,1,10311320,260135015,1,1,0
519317301,1,1,20061120,260115104,0,0,0
519317301,1,2,10141275,260115104,0,0,0
519317301,1,3,10071370,260115104,0,0,0
519317302,1,1,10151375,260115105,0,0,0
519317302,1,2,10291229,260115105,0,0,0
519317303,1,1,10211128,260135106,1,1,0
519317401,1,1,20061121,260115107,0,0,0
519317401,1,2,10141276,260115107,0,0,0
519317401,1,3,10071371,260115107,0,0,0
519317402,1,1,10151376,260115108,0,0,0
519317402,1,2,10291230,260115108,0,0,0
519317403,1,1,10211129,260135109,1,1,0
519317501,1,1,20061122,260115110,0,0,0
519317501,1,2,10141277,260115110,0,0,0
519317501,1,3,10071372,260115110,0,0,0
519317502,1,1,10151377,260115111,0,0,0
519317502,1,2,10291231,260115111,0,0,0
519317503,1,1,10211130,260135112,1,1,0
519317601,1,1,20061123,260115113,0,0,0
519317601,1,2,10141278,260115113,0,0,0
519317601,1,3,10071373,260115113,0,0,0
519317602,1,1,10151378,260115114,0,0,0
519317602,1,2,10291232,260115114,0,0,0
519317603,1,1,10211131,260135115,1,1,0
519317701,1,1,20071209,260115204,0,0,0
519317701,1,2,10151393,260115204,0,0,0
519317701,1,3,20081120,260115204,0,0,0
519317702,1,1,20161110,260115205,0,0,0
519317702,1,2,10171378,260115205,0,0,0
519317703,1,1,10311228,260135206,1,1,0
519317801,1,1,20071210,260115207,0,0,0
519317801,1,2,10151394,260115207,0,0,0
519317801,1,3,20081121,260115207,0,0,0
519317802,1,1,20161111,260115208,0,0,0
519317802,1,2,10171379,260115208,0,0,0
519317803,1,1,10311229,260135209,1,1,0
519317901,1,1,20071211,260115210,0,0,0
519317901,1,2,10151395,260115210,0,0,0
519317901,1,3,20081122,260115210,0,0,0
519317902,1,1,20161112,260115211,0,0,0
519317902,1,2,10171380,260115211,0,0,0
519317903,1,1,10311230,260135212,1,1,0
519318001,1,1,20071212,260115213,0,0,0
519318001,1,2,10151396,260115213,0,0,0
519318001,1,3,20081123,260115213,0,0,0
519318002,1,1,20161113,260115214,0,0,0
519318002,1,2,10171381,260115214,0,0,0
519318003,1,1,10311231,260135215,1,1,0
519318101,1,1,10081398,260115504,0,0,0
519318101,1,2,20161120,260115504,0,0,0
519318101,1,3,20061208,260115504,0,0,0
519318102,1,1,10301257,260115505,0,0,0
519318102,1,2,10181182,260115505,0,0,0
519318103,1,1,10201353,260135506,1,1,0
519318201,1,1,10081399,260115507,0,0,0
519318201,1,2,20161121,260115507,0,0,0
519318201,1,3,20061209,260115507,0,0,0
519318202,1,1,10301258,260115508,0,0,0
519318202,1,2,10181183,260115508,0,0,0
519318203,1,1,10201354,260135509,1,1,0
519318301,1,1,20081301,260115510,0,0,0
519318301,1,2,20161122,260115510,0,0,0
519318301,1,3,20061210,260115510,0,0,0
519318302,1,1,10301259,260115511,0,0,0
519318302,1,2,10181184,260115511,0,0,0
519318303,1,1,10201355,260135512,1,1,0
519318401,1,1,20081302,260115513,0,0,0
519318401,1,2,20161123,260115513,0,0,0
519318401,1,3,20061211,260115513,0,0,0
519318402,1,1,10301260,260115514,0,0,0
519318402,1,2,10181185,260115514,0,0,0
519318403,1,1,10201356,260135515,1,1,0
519318501,1,1,20041125,260115704,0,0,0
519318501,1,2,10091293,260115704,0,0,0
519318501,1,3,10071391,260115704,0,0,0
519318502,1,1,10161368,260115705,0,0,0
519318502,1,2,10201251,260115705,0,0,0
519318503,1,1,10311120,260135706,1,1,0
519318601,1,1,20041126,260115707,0,0,0
519318601,1,2,10091294,260115707,0,0,0
519318601,1,3,10071392,260115707,0,0,0
519318602,1,1,10161369,260115708,0,0,0
519318602,1,2,10201252,260115708,0,0,0
519318603,1,1,10311121,260135709,1,1,0
519318701,1,1,20041127,260115710,0,0,0
519318701,1,2,10091295,260115710,0,0,0
519318701,1,3,10071393,260115710,0,0,0
519318702,1,1,10161370,260115711,0,0,0
519318702,1,2,10201253,260115711,0,0,0
519318703,1,1,10311122,260135712,1,1,0
519318801,1,1,20041128,260115713,0,0,0
519318801,1,2,10091296,260115713,0,0,0
519318801,1,3,10071394,260115713,0,0,0
519318802,1,1,10161371,260115714,0,0,0
519318802,1,2,10201254,260115714,0,0,0
519318803,1,1,10311123,260135715,1,1,0
519318901,1,1,10141122,260135601,0,0,0
519318901,1,2,10151122,260135601,0,0,0
519319001,1,1,10021235,260135602,0,0,0
519319001,1,2,10171305,260135602,1,1,0
519319001,1,3,10031309,260135602,0,0,0
519319101,1,1,10071227,260135603,0,0,0
519319101,1,2,10211307,260135603,1,1,0
519319101,1,3,10081240,260135603,0,0,0
519319201,1,1,20061216,260115804,0,0,0
519319201,1,2,20101310,260115804,0,0,0
519319201,1,3,20081142,260115804,0,0,0
519319202,1,1,10301177,260115805,0,0,0
519319202,1,2,10181383,260115805,0,0,0
519319203,1,1,10201263,260135806,1,1,0
519319301,1,1,20061217,260115807,0,0,0
519319301,1,2,20101311,260115807,0,0,0
519319301,1,3,20081143,260115807,0,0,0
519319302,1,1,10301178,260115808,0,0,0
519319302,1,2,10181384,260115808,0,0,0
519319303,1,1,10201264,260135809,1,1,0
519319401,1,1,20061218,260115810,0,0,0
519319401,1,2,20101312,260115810,0,0,0
519319401,1,3,20081144,260115810,0,0,0
519319402,1,1,10301179,260115811,0,0,0
519319402,1,2,10181385,260115811,0,0,0
519319403,1,1,10201265,260135812,1,1,0
519319501,1,1,20061219,260115813,0,0,0
519319501,1,2,20101313,260115813,0,0,0
519319501,1,3,20081145,260115813,0,0,0
519319502,1,1,10301180,260115814,0,0,0
519319502,1,2,10181386,260115814,0,0,0
519319503,1,1,10201266,260135815,1,1,0
519319601,1,1,20061155,260115904,0,0,0
519319601,1,2,20141215,260115904,0,0,0
519319601,1,3,20081138,260115904,0,0,0
519319602,1,1,20151336,260115905,0,0,0
519319602,1,2,10291264,260115905,0,0,0
519319603,1,1,10211332,260135906,1,1,0
519319701,1,1,20061156,260115907,0,0,0
519319701,1,2,20141216,260115907,0,0,0
519319701,1,3,20081139,260115907,0,0,0
519319702,1,1,20151337,260115908,0,0,0
519319702,1,2,10291265,260115908,0,0,0
519319703,1,1,10211333,260135909,1,1,0
519319801,1,1,20061157,260115910,0,0,0
519319801,1,2,20141217,260115910,0,0,0
519319801,1,3,20081140,260115910,0,0,0
519319802,1,1,20151338,260115911,0,0,0
519319802,1,2,10291266,260115911,0,0,0
519319803,1,1,10211334,260135912,1,1,0
519319901,1,1,20061158,260115913,0,0,0
519319901,1,2,20141218,260115913,0,0,0
519319901,1,3,20081141,260115913,0,0,0
519319902,1,1,20151339,260115914,0,0,0
519319902,1,2,10291267,260115914,0,0,0
519319903,1,1,10211335,260135915,1,1,0
519320001,1,1,20071225,260116104,0,0,0
519320001,1,2,20151342,260116104,0,0,0
519320001,1,3,20041244,260116104,0,0,0
519320002,1,1,20161142,260116105,0,0,0
519320002,1,2,10201160,260116105,0,0,0
519320003,1,1,10311254,260136106,1,1,0
519320101,1,1,20071226,260116107,0,0,0
519320101,1,2,20151343,260116107,0,0,0
519320101,1,3,20041245,260116107,0,0,0
519320102,1,1,20161143,260116108,0,0,0
519320102,1,2,10201161,260116108,0,0,0
519320103,1,1,10311255,260136109,1,1,0
519320201,1,1,20071227,260116110,0,0,0
519320201,1,2,20151344,260116110,0,0,0
519320201,1,3,20041246,260116110,0,0,0
519320202,1,1,20161144,260116111,0,0,0
519320202,1,2,10201162,260116111,0,0,0
519320203,1,1,10311256,260136112,1,1,0
519320301,1,1,20071228,260116113,0,0,0
519320301,1,2,20151345,260116113,0,0,0
519320301,1,3,20041247,260116113,0,0,0
519320302,1,1,20161145,260116114,0,0,0
519320302,1,2,10201163,260116114,0,0,0
519320303,1,1,10311257,260136115,1,1,0
519320401,1,1,20031328,260116204,0,0,0
519320401,1,2,20161146,260116204,0,0,0
519320401,1,3,20061312,260116204,0,0,0
519320402,1,1,10301274,260116205,0,0,0
519320402,1,2,10211238,260116205,0,0,0
519320403,1,1,10201371,260136206,1,1,0
519320501,1,1,20031329,260116207,0,0,0
519320501,1,2,20161147,260116207,0,0,0
519320501,1,3,20061313,260116207,0,0,0
519320502,1,1,10301275,260116208,0,0,0
519320502,1,2,10211239,260116208,0,0,0
519320503,1,1,10201372,260136209,1,1,0
519320601,1,1,20031330,260116210,0,0,0
519320601,1,2,20161148,260116210,0,0,0
519320601,1,3,20061314,260116210,0,0,0
519320602,1,1,10301276,260116211,0,0,0
519320602,1,2,10211240,260116211,0,0,0
519320603,1,1,10201373,260136212,1,1,0
519320701,1,1,20031331,260116213,0,0,0
519320701,1,2,20161149,260116213,0,0,0
519320701,1,3,20061315,260116213,0,0,0
519320702,1,1,10301277,260116214,0,0,0
519320702,1,2,10211241,260116214,0,0,0
519320703,1,1,10201374,260136215,1,1,0
519320801,1,1,20061160,260116304,0,0,0
519320801,1,2,20121227,260116304,0,0,0
519320801,1,3,20071229,260116304,0,0,0
519320802,1,1,10321342,260116305,0,0,0
519320802,1,2,10191360,260116305,0,0,0
519320803,1,1,10211141,260136306,1,1,0
519320901,1,1,20061161,260116307,0,0,0
519320901,1,2,20121228,260116307,0,0,0
519320901,1,3,20071230,260116307,0,0,0
519320902,1,1,10321343,260116308,0,0,0
519320902,1,2,10191361,260116308,0,0,0
519320903,1,1,10211142,260136309,1,1,0
519321001,1,1,20061162,260116310,0,0,0
519321001,1,2,20121229,260116310,0,0,0
519321001,1,3,20071231,260116310,0,0,0
519321002,1,1,10321344,260116311,0,0,0
519321002,1,2,10191362,260116311,0,0,0
519321003,1,1,10211143,260136312,1,1,0
519321101,1,1,20061163,260116313,0,0,0
519321101,1,2,20121230,260116313,0,0,0
519321101,1,3,20071232,260116313,0,0,0
519321102,1,1,10321345,260116314,0,0,0
519321102,1,2,10191363,260116314,0,0,0
519321103,1,1,10211144,260136315,1,1,0
519321201,1,1,20021229,260116404,0,0,0
519321201,1,2,10131376,260116404,0,0,0
519321201,1,3,20081339,260116404,0,0,0
519321202,1,1,20141119,260116405,0,0,0
519321202,1,2,10201164,260116405,0,0,0
519321203,1,1,10311260,260136406,1,1,0
519321301,1,1,20021230,260116407,0,0,0
519321301,1,2,10131377,260116407,0,0,0
519321301,1,3,20081340,260116407,0,0,0
519321302,1,1,20141120,260116408,0,0,0
519321302,1,2,10201165,260116408,0,0,0
519321303,1,1,10311261,260136409,1,1,0
519321401,1,1,20021231,260116410,0,0,0
519321401,1,2,10131378,260116410,0,0,0
519321401,1,3,20081341,260116410,0,0,0
519321402,1,1,20141121,260116411,0,0,0
519321402,1,2,10201166,260116411,0,0,0
519321403,1,1,10311262,260136412,1,1,0
519321501,1,1,20021232,260116413,0,0,0
519321501,1,2,10131379,260116413,0,0,0
519321501,1,3,20081342,260116413,0,0,0
519321502,1,1,20141122,260116414,0,0,0
519321502,1,2,10201167,260116414,0,0,0
519321503,1,1,10311263,260136415,1,1,0
519321601,1,1,20081355,260116504,0,0,0
519321601,1,2,20141131,260116504,0,0,0
519321601,1,3,20061173,260116504,0,0,0
519321602,1,1,20151230,260116505,0,0,0
519321602,1,2,10181294,260116505,0,0,0
519321603,1,1,10201377,260136506,1,1,0
519321701,1,1,20081356,260116507,0,0,0
519321701,1,2,20141132,260116507,0,0,0
519321701,1,3,20061174,260116507,0,0,0
519321702,1,1,20151231,260116508,0,0,0
519321702,1,2,10181295,260116508,0,0,0
519321703,1,1,10201378,260136509,1,1,0
519321801,1,1,20081357,260116510,0,0,0
519321801,1,2,20141133,260116510,0,0,0
519321801,1,3,20061175,260116510,0,0,0
519321802,1,1,20151232,260116511,0,0,0
519321802,1,2,10181296,260116511,0,0,0
519321803,1,1,10201379,260136512,1,1,0
519321901,1,1,20081358,260116513,0,0,0
519321901,1,2,20141134,260116513,0,0,0
519321901,1,3,20061176,260116513,0,0,0
519321902,1,1,20151233,260116514,0,0,0
519321902,1,2,10181297,260116514,0,0,0
519321903,1,1,10201380,260136515,1,1,0
519322001,1,1,20041145,260116704,0,0,0
519322001,1,2,20101230,260116704,0,0,0
519322001,1,3,20071242,260116704,0,0,0
519322002,1,1,10161393,260116705,0,0,0
519322002,1,2,10191372,260116705,0,0,0
519322003,1,1,10211145,260136706,1,1,0
519322101,1,1,20041146,260116707,0,0,0
519322101,1,2,20101231,260116707,0,0,0
519322101,1,3,20071243,260116707,0,0,0
519322102,1,1,10161394,260116708,0,0,0
519322102,1,2,10191373,260116708,0,0,0
519322103,1,1,10211146,260136709,1,1,0
519322201,1,1,20041147,260116710,0,0,0
519322201,1,2,20101232,260116710,0,0,0
519322201,1,3,20071244,260116710,0,0,0
519322202,1,1,10161395,260116711,0,0,0
519322202,1,2,10191374,260116711,0,0,0
519322203,1,1,10211147,260136712,1,1,0
519322301,1,1,20041148,260116713,0,0,0
519322301,1,2,20101233,260116713,0,0,0
519322301,1,3,20071245,260116713,0,0,0
519322302,1,1,10161396,260116714,0,0,0
519322302,1,2,10191375,260116714,0,0,0
519322303,1,1,10211148,260136715,1,1,0
519322401,1,1,20051248,260116804,0,0,0
519322401,1,2,10161397,260116804,0,0,0
519322401,1,3,20081359,260116804,0,0,0
519322402,1,1,10301186,260116805,0,0,0
519322402,1,2,10291156,260116805,0,0,0
519322403,1,1,10311266,260136806,1,1,0
519322501,1,1,20051249,260116807,0,0,0
519322501,1,2,10161398,260116807,0,0,0
519322501,1,3,20081360,260116807,0,0,0
519322502,1,1,10301187,260116808,0,0,0
519322502,1,2,10291157,260116808,0,0,0
519322503,1,1,10311267,260136809,1,1,0
519322601,1,1,20051250,260116810,0,0,0
519322601,1,2,10161399,260116810,0,0,0
519322601,1,3,20081361,260116810,0,0,0
519322602,1,1,10301188,260116811,0,0,0
519322602,1,2,10291158,260116811,0,0,0
519322603,1,1,10311268,260136812,1,1,0
519322701,1,1,20051251,260116813,0,0,0
519322701,1,2,10161400,260116813,0,0,0
519322701,1,3,20081362,260116813,0,0,0
519322702,1,1,10301189,260116814,0,0,0
519322702,1,2,10291159,260116814,0,0,0
519322703,1,1,10311269,260136815,1,1,0
519322801,1,1,20011368,260116904,0,0,0
519322801,1,2,20121139,260116904,0,0,0
519322801,1,3,20061178,260116904,0,0,0
519322802,1,1,10321267,260116905,0,0,0
519322802,1,2,10201269,260116905,0,0,0
519322803,1,1,10211338,260136906,1,1,0
519322901,1,1,20011369,260116907,0,0,0
519322901,1,2,20121140,260116907,0,0,0
519322901,1,3,20061179,260116907,0,0,0
519322902,1,1,10321268,260116908,0,0,0
519322902,1,2,10201270,260116908,0,0,0
519322903,1,1,10211339,260136909,1,1,0
519323001,1,1,20011370,260116910,0,0,0
519323001,1,2,20121141,260116910,0,0,0
519323001,1,3,20061180,260116910,0,0,0
519323002,1,1,10321269,260116911,0,0,0
519323002,1,2,10201271,260116911,0,0,0
519323003,1,1,10211340,260136912,1,1,0
519323101,1,1,20011371,260116913,0,0,0
519323101,1,2,20121142,260116913,0,0,0
519323101,1,3,20061181,260116913,0,0,0
519323102,1,1,10321270,260116914,0,0,0
519323102,1,2,10201272,260116914,0,0,0
519323103,1,1,10211341,260136915,1,1,0
519323201,1,1,20021137,260117104,0,0,0
519323201,1,2,10321271,260117104,0,0,0
519323201,1,3,20071249,260117104,0,0,0
519323202,1,1,10141386,260117105,0,0,0
519323202,1,2,10211342,260117105,0,0,0
519323203,1,1,10311131,260137106,1,1,0
519323301,1,1,20021138,260117107,0,0,0
519323301,1,2,10321272,260117107,0,0,0
519323301,1,3,20071250,260117107,0,0,0
519323302,1,1,10141387,260117108,0,0,0
519323302,1,2,10211343,260117108,0,0,0
519323303,1,1,10311132,260137109,1,1,0
519323401,1,1,20021139,260117110,0,0,0
519323401,1,2,10321273,260117110,0,0,0
519323401,1,3,20071251,260117110,0,0,0
519323402,1,1,10141388,260117111,0,0,0
519323402,1,2,10211344,260117111,0,0,0
519323403,1,1,10311133,260137112,1,1,0
519323501,1,1,20021140,260117113,0,0,0
519323501,1,2,10321274,260117113,0,0,0
519323501,1,3,20071252,260117113,0,0,0
519323502,1,1,10141389,260117114,0,0,0
519323502,1,2,10211345,260117114,0,0,0
519323503,1,1,10311134,260137115,1,1,0
519323601,1,1,10141122,260137001,0,0,0
519323601,1,2,10151122,260137001,0,0,0
519323701,1,1,10021235,260137002,0,0,0
519323701,1,2,10171305,260137002,1,1,0
519323701,1,3,10031309,260137002,0,0,0
519323801,1,1,10071227,260137003,0,0,0
519323801,1,2,10211307,260137003,1,1,0
519323801,1,3,10081240,260137003,0,0,0
519323901,1,1,20031264,260117204,0,0,0
519323901,1,2,20091110,260117204,0,0,0
519323901,1,3,20081364,260117204,0,0,0
519323902,1,1,20151236,260117205,0,0,0
519323902,1,2,10311273,260117205,0,0,0
519323903,1,1,10201169,260137206,1,1,0
519324001,1,1,20031265,260117207,0,0,0
519324001,1,2,20091111,260117207,0,0,0
519324001,1,3,20081365,260117207,0,0,0
519324002,1,1,20151237,260117208,0,0,0
519324002,1,2,10311274,260117208,0,0,0
519324003,1,1,10201170,260137209,1,1,0
519324101,1,1,20031266,260117210,0,0,0
519324101,1,2,20091112,260117210,0,0,0
519324101,1,3,20081366,260117210,0,0,0
519324102,1,1,20151238,260117211,0,0,0
519324102,1,2,10311275,260117211,0,0,0
519324103,1,1,10201171,260137212,1,1,0
519324201,1,1,20031267,260117213,0,0,0
519324201,1,2,20091113,260117213,0,0,0
519324201,1,3,20081367,260117213,0,0,0
519324202,1,1,20151239,260117214,0,0,0
519324202,1,2,10311276,260117214,0,0,0
519324203,1,1,10201172,260137215,1,1,0
519324301,1,1,20061333,260117404,0,0,0
519324301,1,2,20101240,260117404,0,0,0
519324301,1,3,20071194,260117404,0,0,0
519324302,1,1,20161305,260117405,0,0,0
519324302,1,2,10291390,260117405,0,0,0
519324303,1,1,10211247,260137406,1,1,0
519324401,1,1,20061334,260117407,0,0,0
519324401,1,2,20101241,260117407,0,0,0
519324401,1,3,20071195,260117407,0,0,0
519324402,1,1,20161306,260117408,0,0,0
519324402,1,2,10291391,260117408,0,0,0
519324403,1,1,10211248,260137409,1,1,0
519324501,1,1,20061335,260117410,0,0,0
519324501,1,2,20101242,260117410,0,0,0
519324501,1,3,20071196,260117410,0,0,0
519324502,1,1,20161307,260117411,0,0,0
519324502,1,2,10291392,260117411,0,0,0
519324503,1,1,10211249,260137412,1,1,0
519324601,1,1,20061336,260117413,0,0,0
519324601,1,2,20101243,260117413,0,0,0
519324601,1,3,20071197,260117413,0,0,0
519324602,1,1,20161308,260117414,0,0,0
519324602,1,2,10291393,260117414,0,0,0
519324603,1,1,10211250,260137415,1,1,0
519324701,1,1,20021145,260117504,0,0,0
519324701,1,2,20161309,260117504,0,0,0
519324701,1,3,20081267,260117504,0,0,0
519324702,1,1,10301196,260117505,0,0,0
519324702,1,2,20171136,260117505,0,0,0
519324703,1,1,20031141,260137506,1,1,0
519324801,1,1,20021146,260117507,0,0,0
519324801,1,2,20161310,260117507,0,0,0
519324801,1,3,20081268,260117507,0,0,0
519324802,1,1,10301197,260117508,0,0,0
519324802,1,2,20171137,260117508,0,0,0
519324803,1,1,20031142,260137509,1,1,0
519324901,1,1,20021147,260117510,0,0,0
519324901,1,2,20161311,260117510,0,0,0
519324901,1,3,20081269,260117510,0,0,0
519324902,1,1,10301198,260117511,0,0,0
519324902,1,2,20171138,260117511,0,0,0
519324903,1,1,20031143,260137512,1,1,0
519325001,1,1,20021148,260117513,0,0,0
519325001,1,2,20161312,260117513,0,0,0
519325001,1,3,20081270,260117513,0,0,0
519325002,1,1,10301199,260117514,0,0,0
519325002,1,2,20171139,260117514,0,0,0
519325003,1,1,20031144,260137515,1,1,0
519325101,1,1,20031276,260117604,0,0,0
519325101,1,2,20121150,260117604,0,0,0
519325101,1,3,20061338,260117604,0,0,0
519325102,1,1,10321279,260117605,0,0,0
519325102,1,2,10211251,260117605,0,0,0
519325103,1,1,10201174,260137606,1,1,0
519325201,1,1,20031277,260117607,0,0,0
519325201,1,2,20121151,260117607,0,0,0
519325201,1,3,20061339,260117607,0,0,0
519325202,1,1,10321280,260117608,0,0,0
519325202,1,2,10211252,260117608,0,0,0
519325203,1,1,10201175,260137609,1,1,0
519325301,1,1,20031278,260117610,0,0,0
519325301,1,2,20121152,260117610,0,0,0
519325301,1,3,20061340,260117610,0,0,0
519325302,1,1,10321281,260117611,0,0,0
519325302,1,2,10211253,260117611,0,0,0
519325303,1,1,10201176,260137612,1,1,0
519325401,1,1,20031279,260117613,0,0,0
519325401,1,2,20121153,260117613,0,0,0
519325401,1,3,20061341,260117613,0,0,0
519325402,1,1,10321282,260117614,0,0,0
519325402,1,2,10211254,260117614,0,0,0
519325403,1,1,10201177,260137615,1,1,0
519325501,1,1,20061342,260117704,0,0,0
519325501,1,2,20131239,260117704,0,0,0
519325501,1,3,20071198,260117704,0,0,0
519325502,1,1,10141399,260117705,0,0,0
519325502,1,2,10191384,260117705,0,0,0
519325503,1,1,10211255,260137706,1,1,0
519325601,1,1,20061343,260117707,0,0,0
519325601,1,2,20131240,260117707,0,0,0
519325601,1,3,20071199,260117707,0,0,0
519325602,1,1,20141300,260117708,0,0,0
519325602,1,2,10191385,260117708,0,0,0
519325603,1,1,10211256,260137709,1,1,0
519325701,1,1,20061344,260117710,0,0,0
519325701,1,2,20131241,260117710,0,0,0
519325701,1,3,30071100,260117710,0,0,0
519325702,1,1,20141301,260117711,0,0,0
519325702,1,2,10191386,260117711,0,0,0
519325703,1,1,10211257,260137712,1,1,0
519325801,1,1,20061345,260117713,0,0,0
519325801,1,2,20131242,260117713,0,0,0
519325801,1,3,30071101,260117713,0,0,0
519325802,1,1,20141302,260117714,0,0,0
519325802,1,2,10191387,260117714,0,0,0
519325803,1,1,10211258,260137715,1,1,0
519325901,1,1,20021149,260117804,0,0,0
519325901,1,2,20141303,260117804,0,0,0
519325901,1,3,20081273,260117804,0,0,0
519325902,1,1,20151109,260117805,0,0,0
519325902,1,2,10291170,260117805,0,0,0
519325903,1,1,10311328,260137806,1,1,0
519326001,1,1,20021150,260117807,0,0,0
519326001,1,2,20141304,260117807,0,0,0
519326001,1,3,20081274,260117807,0,0,0
519326002,1,1,20151110,260117808,0,0,0
519326002,1,2,10291171,260117808,0,0,0
519326003,1,1,10311329,260137809,1,1,0
519326101,1,1,20021151,260117810,0,0,0
519326101,1,2,20141305,260117810,0,0,0
519326101,1,3,20081275,260117810,0,0,0
519326102,1,1,20151111,260117811,0,0,0
519326102,1,2,10291172,260117811,0,0,0
519326103,1,1,10311330,260137812,1,1,0
519326201,1,1,20021152,260117813,0,0,0
519326201,1,2,20141306,260117813,0,0,0
519326201,1,3,20081276,260117813,0,0,0
519326202,1,1,20151112,260117814,0,0,0
519326202,1,2,10291173,260117814,0,0,0
519326203,1,1,10311331,260137815,1,1,0
519326301,1,1,20031281,260118004,0,0,0
519326301,1,2,20101139,260118004,0,0,0
519326301,1,3,20061354,260118004,0,0,0
519326302,1,1,20161237,260118005,0,0,0
519326302,1,2,10201279,260118005,0,0,0
519326303,1,1,10211153,260138006,1,1,0
519326401,1,1,20031282,260118007,0,0,0
519326401,1,2,20101140,260118007,0,0,0
519326401,1,3,20061355,260118007,0,0,0
519326402,1,1,20161238,260118008,0,0,0
519326402,1,2,10201280,260118008,0,0,0
519326403,1,1,10211154,260138009,1,1,0
519326501,1,1,20031283,260118010,0,0,0
519326501,1,2,20101141,260118010,0,0,0
519326501,1,3,20061356,260118010,0,0,0
519326502,1,1,20161239,260118011,0,0,0
519326502,1,2,10201281,260118011,0,0,0
519326503,1,1,10211155,260138012,1,1,0
519326601,1,1,20031284,260118013,0,0,0
519326601,1,2,20101142,260118013,0,0,0
519326601,1,3,20061357,260118013,0,0,0
519326602,1,1,20161240,260118014,0,0,0
519326602,1,2,10201282,260118014,0,0,0
519326603,1,1,10211156,260138015,1,1,0
519326701,1,1,20061361,260118104,0,0,0
519326701,1,2,20111252,260118104,0,0,0
519326701,1,3,30071108,260118104,0,0,0
519326702,1,1,10301390,260118105,0,0,0
519326702,1,2,20181311,260118105,0,0,0
519326703,1,1,10311279,260138106,1,1,0
519326801,1,1,20061362,260118107,0,0,0
519326801,1,2,20111253,260118107,0,0,0
519326801,1,3,30071109,260118107,0,0,0
519326802,1,1,10301391,260118108,0,0,0
519326802,1,2,20181312,260118108,0,0,0
519326803,1,1,10311280,260138109,1,1,0
519326901,1,1,20061363,260118110,0,0,0
519326901,1,2,20111254,260118110,0,0,0
519326901,1,3,30071110,260118110,0,0,0
519326902,1,1,10301392,260118111,0,0,0
519326902,1,2,20181313,260118111,0,0,0
519326903,1,1,10311281,260138112,1,1,0
519327001,1,1,20061364,260118113,0,0,0
519327001,1,2,20111255,260118113,0,0,0
519327001,1,3,30071111,260118113,0,0,0
519327002,1,1,10301393,260118114,0,0,0
519327002,1,2,20181314,260118114,0,0,0
519327003,1,1,10311282,260138115,1,1,0
519327101,1,1,20021157,260118204,0,0,0
519327101,1,2,20151369,260118204,0,0,0
519327101,1,3,20081284,260118204,0,0,0
519327102,1,1,20141149,260118205,0,0,0
519327102,1,2,10291295,260118205,0,0,0
519327103,1,1,10211354,260138206,1,1,0
519327201,1,1,20021158,260118207,0,0,0
519327201,1,2,20151370,260118207,0,0,0
519327201,1,3,20081285,260118207,0,0,0
519327202,1,1,20141150,260118208,0,0,0
519327202,1,2,10291296,260118208,0,0,0
519327203,1,1,10211355,260138209,1,1,0
519327301,1,1,20021159,260118210,0,0,0
519327301,1,2,20151371,260118210,0,0,0
519327301,1,3,20081286,260118210,0,0,0
519327302,1,1,20141151,260118211,0,0,0
519327302,1,2,10291297,260118211,0,0,0
519327303,1,1,10211356,260138212,1,1,0
519327401,1,1,20021160,260118213,0,0,0
519327401,1,2,20151372,260118213,0,0,0
519327401,1,3,20081287,260118213,0,0,0
519327402,1,1,20141152,260118214,0,0,0
519327402,1,2,10291298,260118214,0,0,0
519327403,1,1,10211357,260138215,1,1,0
519327501,1,1,20081171,260118304,0,0,0
519327501,1,2,20101340,260118304,0,0,0
519327501,1,3,20011265,260118304,0,0,0
519327502,1,1,20161168,260118305,0,0,0
519327502,1,2,10211260,260118305,0,0,0
519327503,1,1,10201178,260138306,1,1,0
519327601,1,1,20081172,260118307,0,0,0
519327601,1,2,20101341,260118307,0,0,0
519327601,1,3,20011266,260118307,0,0,0
519327602,1,1,20161169,260118308,0,0,0
519327602,1,2,10211261,260118308,0,0,0
519327603,1,1,10201179,260138309,1,1,0
519327701,1,1,20081173,260118310,0,0,0
519327701,1,2,20101342,260118310,0,0,0
519327701,1,3,20011267,260118310,0,0,0
519327702,1,1,20161170,260118311,0,0,0
519327702,1,2,10211262,260118311,0,0,0
519327703,1,1,10201180,260138312,1,1,0
519327801,1,1,20081174,260118313,0,0,0
519327801,1,2,20101343,260118313,0,0,0
519327801,1,3,20011268,260118313,0,0,0
519327802,1,1,20161171,260118314,0,0,0
519327802,1,2,10211263,260118314,0,0,0
519327803,1,1,10201181,260138315,1,1,0
519327901,1,1,20041352,260118504,0,0,0
519327901,1,2,20111258,260118504,0,0,0
519327901,1,3,20021161,260118504,0,0,0
519327902,1,1,10301396,260118505,0,0,0
519327902,1,2,20191122,260118505,0,0,0
519327903,1,1,10211265,260138506,1,1,0
519328001,1,1,20041353,260118507,0,0,0
519328001,1,2,20111259,260118507,0,0,0
519328001,1,3,20021162,260118507,0,0,0
519328002,1,1,10301397,260118508,0,0,0
519328002,1,2,20191123,260118508,0,0,0
519328003,1,1,10211266,260138509,1,1,0
519328101,1,1,20041354,260118510,0,0,0
519328101,1,2,20111260,260118510,0,0,0
519328101,1,3,20021163,260118510,0,0,0
519328102,1,1,10301398,260118511,0,0,0
519328102,1,2,20191124,260118511,0,0,0
519328103,1,1,10211267,260138512,1,1,0
519328201,1,1,20041355,260118513,0,0,0
519328201,1,2,20111261,260118513,0,0,0
519328201,1,3,20021164,260118513,0,0,0
519328202,1,1,10301399,260118514,0,0,0
519328202,1,2,20191125,260118514,0,0,0
519328203,1,1,10211268,260138515,1,1,0
519328301,1,1,20011269,260118604,0,0,0
519328301,1,2,20091124,260118604,0,0,0
519328301,1,3,20081379,260118604,0,0,0
519328302,1,1,20101248,260118605,0,0,0
519328302,1,2,10291182,260118605,0,0,0
519328303,1,1,10191393,260138606,1,1,0
519328401,1,1,20011270,260118607,0,0,0
519328401,1,2,20091125,260118607,0,0,0
519328401,1,3,20081380,260118607,0,0,0
519328402,1,1,20101249,260118608,0,0,0
519328402,1,2,10291183,260118608,0,0,0
519328403,1,1,10191394,260138609,1,1,0
519328501,1,1,20011271,260118610,0,0,0
519328501,1,2,20091126,260118610,0,0,0
519328501,1,3,20081381,260118610,0,0,0
519328502,1,1,20101250,260118611,0,0,0
519328502,1,2,10291184,260118611,0,0,0
519328503,1,1,10191395,260138612,1,1,0
519328601,1,1,20011272,260118613,0,0,0
519328601,1,2,20091127,260118613,0,0,0
519328601,1,3,20081382,260118613,0,0,0
519328602,1,1,20101251,260118614,0,0,0
519328602,1,2,10291185,260118614,0,0,0
519328603,1,1,10191396,260138615,1,1,0
519328701,1,1,20021165,260118704,0,0,0
519328701,1,2,20111326,260118704,0,0,0
519328701,1,3,20041271,260118704,0,0,0
519328702,1,1,20141153,260118705,0,0,0
519328702,1,2,10211358,260118705,0,0,0
519328703,1,1,20171144,260138706,1,1,0
519328801,1,1,20021166,260118707,0,0,0
519328801,1,2,20111327,260118707,0,0,0
519328801,1,3,20041272,260118707,0,0,0
519328802,1,1,20141154,260118708,0,0,0
519328802,1,2,10211359,260118708,0,0,0
519328803,1,1,20171145,260138709,1,1,0
519328901,1,1,20021167,260118710,0,0,0
519328901,1,2,20111328,260118710,0,0,0
519328901,1,3,20041273,260118710,0,0,0
519328902,1,1,20141155,260118711,0,0,0
519328902,1,2,10211360,260118711,0,0,0
519328903,1,1,20171146,260138712,1,1,0
519329001,1,1,20021168,260118713,0,0,0
519329001,1,2,20111329,260118713,0,0,0
519329001,1,3,20041274,260118713,0,0,0
519329002,1,1,20141156,260118714,0,0,0
519329002,1,2,10211361,260118714,0,0,0
519329003,1,1,20171147,260138715,1,1,0
519329101,1,1,20081175,260118804,0,0,0
519329101,1,2,20101253,260118804,0,0,0
519329101,1,3,20011382,260118804,0,0,0
519329102,1,1,20301109,260118805,0,0,0
519329102,1,2,10311334,260118805,0,0,0
519329103,1,1,20171246,260138806,1,1,0
519329201,1,1,20081176,260118807,0,0,0
519329201,1,2,20101254,260118807,0,0,0
519329201,1,3,20011383,260118807,0,0,0
519329202,1,1,20301110,260118808,0,0,0
519329202,1,2,10311335,260118808,0,0,0
519329203,1,1,20171247,260138809,1,1,0
519329301,1,1,20081177,260118810,0,0,0
519329301,1,2,20101255,260118810,0,0,0
519329301,1,3,20011384,260118810,0,0,0
519329302,1,1,20301111,260118811,0,0,0
519329302,1,2,10311336,260118811,0,0,0
519329303,1,1,20171248,260138812,1,1,0
519329401,1,1,20081178,260118813,0,0,0
519329401,1,2,20101256,260118813,0,0,0
519329401,1,3,20011385,260118813,0,0,0
519329402,1,1,20301112,260118814,0,0,0
519329402,1,2,10311337,260118814,0,0,0
519329403,1,1,20171249,260138815,1,1,0
519329501,1,1,20021256,260118904,0,0,0
519329501,1,2,20091325,260118904,0,0,0
519329501,1,3,20041163,260118904,0,0,0
519329502,1,1,20161174,260118905,0,0,0
519329502,1,2,20291202,260118905,0,0,0
519329503,1,1,20181321,260138906,1,1,0
519329601,1,1,20021257,260118907,0,0,0
519329601,1,2,20091326,260118907,0,0,0
519329601,1,3,20041164,260118907,0,0,0
519329602,1,1,20161175,260118908,0,0,0
519329602,1,2,20291203,260118908,0,0,0
519329603,1,1,20181322,260138909,1,1,0
519329701,1,1,20021258,260118910,0,0,0
519329701,1,2,20091327,260118910,0,0,0
519329701,1,3,20041165,260118910,0,0,0
519329702,1,1,20161176,260118911,0,0,0
519329702,1,2,20291204,260118911,0,0,0
519329703,1,1,20181323,260138912,1,1,0
519329801,1,1,20021259,260118913,0,0,0
519329801,1,2,20091328,260118913,0,0,0
519329801,1,3,20041166,260118913,0,0,0
519329802,1,1,20161177,260118914,0,0,0
519329802,1,2,20291205,260118914,0,0,0
519329803,1,1,20181324,260138915,1,1,0
519329901,1,1,20081385,260119004,0,0,0
519329901,1,2,20121254,260119004,0,0,0
519329901,1,3,20011180,260119004,0,0,0
519329902,1,1,20151121,260119005,0,0,0
519329902,1,2,10201387,260119005,0,0,0
519329903,1,1,20191306,260139006,1,1,0
519330001,1,1,20081386,260119007,0,0,0
519330001,1,2,20121255,260119007,0,0,0
519330001,1,3,20011181,260119007,0,0,0
519330002,1,1,20151122,260119008,0,0,0
519330002,1,2,10201388,260119008,0,0,0
519330003,1,1,20191307,260139009,1,1,0
519330101,1,1,20081387,260119010,0,0,0
519330101,1,2,20121256,260119010,0,0,0
519330101,1,3,20011182,260119010,0,0,0
519330102,1,1,20151123,260119011,0,0,0
519330102,1,2,10201389,260119011,0,0,0
519330103,1,1,20191308,260139012,1,1,0
519330201,1,1,20081388,260119013,0,0,0
519330201,1,2,20121257,260119013,0,0,0
519330201,1,3,20011183,260119013,0,0,0
519330202,1,1,20151124,260119014,0,0,0
519330202,1,2,10201390,260119014,0,0,0
519330203,1,1,20191309,260139015,1,1,0
519330301,1,1,20021344,260119204,0,0,0
519330301,1,2,20161182,260119204,0,0,0
519330301,1,3,20041278,260119204,0,0,0
519330302,1,1,20091332,260119205,0,0,0
519330302,1,2,20191131,260119205,0,0,0
519330303,1,1,10211160,260139206,1,1,0
519330401,1,1,20021345,260119207,0,0,0
519330401,1,2,20161183,260119207,0,0,0
519330401,1,3,20041279,260119207,0,0,0
519330402,1,1,20091333,260119208,0,0,0
519330402,1,2,20191132,260119208,0,0,0
519330403,1,1,10211161,260139209,1,1,0
519330501,1,1,20021346,260119210,0,0,0
519330501,1,2,20161184,260119210,0,0,0
519330501,1,3,20041280,260119210,0,0,0
519330502,1,1,20091334,260119211,0,0,0
519330502,1,2,20191133,260119211,0,0,0
519330503,1,1,10211162,260139212,1,1,0
519330601,1,1,20021347,260119213,0,0,0
519330601,1,2,20161185,260119213,0,0,0
519330601,1,3,20041281,260119213,0,0,0
519330602,1,1,20091335,260119214,0,0,0
519330602,1,2,20191134,260119214,0,0,0
519330603,1,1,10211163,260139215,1,1,0
519330701,1,1,20051269,260119304,0,0,0
519330701,1,2,20121164,260119304,0,0,0
519330701,1,3,20021175,260119304,0,0,0
519330702,1,1,20151381,260119305,0,0,0
519330702,1,2,20171155,260119305,0,0,0
519330703,1,1,20181328,260139306,1,1,0
519330801,1,1,20051270,260119307,0,0,0
519330801,1,2,20121165,260119307,0,0,0
519330801,1,3,20021176,260119307,0,0,0
519330802,1,1,20151382,260119308,0,0,0
519330802,1,2,20171156,260119308,0,0,0
519330803,1,1,20181329,260139309,1,1,0
519330901,1,1,20051271,260119310,0,0,0
519330901,1,2,20121166,260119310,0,0,0
519330901,1,3,20021177,260119310,0,0,0
519330902,1,1,20151383,260119311,0,0,0
519330902,1,2,20171157,260119311,0,0,0
519330903,1,1,20181330,260139312,1,1,0
519331001,1,1,20051272,260119313,0,0,0
519331001,1,2,20121167,260119313,0,0,0
519331001,1,3,20021178,260119313,0,0,0
519331002,1,1,20151384,260119314,0,0,0
519331002,1,2,20171158,260119314,0,0,0
519331003,1,1,20181331,260139315,1,1,0
519331101,1,1,20081185,260119404,0,0,0
519331101,1,2,20111270,260119404,0,0,0
519331101,1,3,20041364,260119404,0,0,0
519331102,1,1,20141169,260119405,0,0,0
519331102,1,2,20191135,260119405,0,0,0
519331103,1,1,20291308,260139406,1,1,0
519331201,1,1,20081186,260119407,0,0,0
519331201,1,2,20111271,260119407,0,0,0
519331201,1,3,20041365,260119407,0,0,0
519331202,1,1,20141170,260119408,0,0,0
519331202,1,2,20191136,260119408,0,0,0
519331203,1,1,20291309,260139409,1,1,0
519331301,1,1,20081187,260119410,0,0,0
519331301,1,2,20111272,260119410,0,0,0
519331301,1,3,20041366,260119410,0,0,0
519331302,1,1,20141171,260119411,0,0,0
519331302,1,2,20191137,260119411,0,0,0
519331303,1,1,20291310,260139412,1,1,0
519331401,1,1,20081188,260119413,0,0,0
519331401,1,2,20111273,260119413,0,0,0
519331401,1,3,20041367,260119413,0,0,0
519331402,1,1,20141172,260119414,0,0,0
519331402,1,2,20191138,260119414,0,0,0
519331403,1,1,20291311,260139415,1,1,0
519331501,1,1,20041171,260119504,0,0,0
519331501,1,2,20151388,260119504,0,0,0
519331501,1,3,20051280,260119504,0,0,0
519331502,1,1,20121168,260119505,0,0,0
519331502,1,2,10311287,260119505,0,0,0
519331503,1,1,10211166,260139506,1,1,0
519331601,1,1,20041172,260119507,0,0,0
519331601,1,2,20151389,260119507,0,0,0
519331601,1,3,20051281,260119507,0,0,0
519331602,1,1,20121169,260119508,0,0,0
519331602,1,2,10311288,260119508,0,0,0
519331603,1,1,10211167,260139509,1,1,0
519331701,1,1,20041173,260119510,0,0,0
519331701,1,2,20151390,260119510,0,0,0
519331701,1,3,20051282,260119510,0,0,0
519331702,1,1,20121170,260119511,0,0,0
519331702,1,2,10311289,260119511,0,0,0
519331703,1,1,10211168,260139512,1,1,0
519331801,1,1,20041174,260119513,0,0,0
519331801,1,2,20151391,260119513,0,0,0
519331801,1,3,20051283,260119513,0,0,0
519331802,1,1,20121171,260119514,0,0,0
519331802,1,2,10311290,260119514,0,0,0
519331803,1,1,10211169,260139515,1,1,0
519331901,1,1,20081196,260119604,0,0,0
519331901,1,2,20121335,260119604,0,0,0
519331901,1,3,20011283,260119604,0,0,0
519331902,1,1,20111169,260119605,0,0,0
519331902,1,2,20191321,260119605,0,0,0
519331903,1,1,20171264,260139606,1,1,0
519332001,1,1,20081197,260119607,0,0,0
519332001,1,2,20121336,260119607,0,0,0
519332001,1,3,20011284,260119607,0,0,0
519332002,1,1,20111170,260119608,0,0,0
519332002,1,2,20191322,260119608,0,0,0
519332003,1,1,20171265,260139609,1,1,0
519332101,1,1,20081198,260119610,0,0,0
519332101,1,2,20121337,260119610,0,0,0
519332101,1,3,20011285,260119610,0,0,0
519332102,1,1,20111171,260119611,0,0,0
519332102,1,2,20191323,260119611,0,0,0
519332103,1,1,20171266,260139612,1,1,0
519332201,1,1,20081199,260119613,0,0,0
519332201,1,2,20121338,260119613,0,0,0
519332201,1,3,20011286,260119613,0,0,0
519332202,1,1,20111172,260119614,0,0,0
519332202,1,2,20191324,260119614,0,0,0
519332203,1,1,20171267,260139615,1,1,0
519332301,1,1,20021268,260119804,0,0,0
519332301,1,2,20091341,260119804,0,0,0
519332301,1,3,20041184,260119804,0,0,0
519332302,1,1,20151134,260119805,0,0,0
519332302,1,2,20171269,260119805,0,0,0
519332303,1,1,20181338,260139806,1,1,0
519332401,1,1,20021269,260119807,0,0,0
519332401,1,2,20091342,260119807,0,0,0
519332401,1,3,20041185,260119807,0,0,0
519332402,1,1,20151135,260119808,0,0,0
519332402,1,2,20171270,260119808,0,0,0
519332403,1,1,20181339,260139809,1,1,0
519332501,1,1,20021270,260119810,0,0,0
519332501,1,2,20091343,260119810,0,0,0
519332501,1,3,20041186,260119810,0,0,0
519332502,1,1,20151136,260119811,0,0,0
519332502,1,2,20171271,260119811,0,0,0
519332503,1,1,20181340,260139812,1,1,0
519332601,1,1,20021271,260119813,0,0,0
519332601,1,2,20091344,260119813,0,0,0
519332601,1,3,20041187,260119813,0,0,0
519332602,1,1,20151137,260119814,0,0,0
519332602,1,2,20171272,260119814,0,0,0
519332603,1,1,20181341,260139815,1,1,0
519332701,1,1,20011287,260119904,0,0,0
519332701,1,2,20301125,260119904,0,0,0
519332701,1,3,20031181,260119904,0,0,0
519332702,1,1,20101358,260119905,0,0,0
519332702,1,2,20291107,260119905,0,0,0
519332703,1,1,10311340,260139906,1,1,0
519332801,1,1,20011288,260119907,0,0,0
519332801,1,2,20301126,260119907,0,0,0
519332801,1,3,20031182,260119907,0,0,0
519332802,1,1,20101359,260119908,0,0,0
519332802,1,2,20291108,260119908,0,0,0
519332803,1,1,10311341,260139909,1,1,0
519332901,1,1,20011289,260119910,0,0,0
519332901,1,2,20301127,260119910,0,0,0
519332901,1,3,20031183,260119910,0,0,0
519332902,1,1,20101360,260119911,0,0,0
519332902,1,2,20291109,260119911,0,0,0
519332903,1,1,10311342,260139912,1,1,0
519333001,1,1,20011290,260119913,0,0,0
519333001,1,2,20301128,260119913,0,0,0
519333001,1,3,20031184,260119913,0,0,0
519333002,1,1,20101361,260119914,0,0,0
519333002,1,2,20291110,260119914,0,0,0
519333003,1,1,10311343,260139915,1,1,0
519333101,1,1,20031374,2601110004,0,0,0
519333101,1,2,20101272,2601110004,0,0,0
519333101,1,3,20041189,2601110004,0,0,0
519333102,1,1,20091141,2601110005,0,0,0
519333102,1,2,20171335,2601110005,0,0,0
519333103,1,1,10211271,2601310006,1,1,0
519333201,1,1,20031375,2601110007,0,0,0
519333201,1,2,20101273,2601110007,0,0,0
519333201,1,3,20041190,2601110007,0,0,0
519333202,1,1,20091142,2601110008,0,0,0
519333202,1,2,20171336,2601110008,0,0,0
519333203,1,1,10211272,2601310009,1,1,0
519333301,1,1,20031376,2601110010,0,0,0
519333301,1,2,20101274,2601110010,0,0,0
519333301,1,3,20041191,2601110010,0,0,0
519333302,1,1,20091143,2601110011,0,0,0
519333302,1,2,20171337,2601110011,0,0,0
519333303,1,1,10211273,2601310012,1,1,0
519333401,1,1,20031377,2601110013,0,0,0
519333401,1,2,20101275,2601110013,0,0,0
519333401,1,3,20041192,2601110013,0,0,0
519333402,1,1,20091144,2601110014,0,0,0
519333402,1,2,20171338,2601110014,0,0,0
519333403,1,1,10211274,2601310015,1,1,0
519333501,1,1,20021281,2601110104,0,0,0
519333501,1,2,20151145,2601110104,0,0,0
519333501,1,3,20051193,2601110104,0,0,0
519333502,1,1,20131281,2601110105,0,0,0
519333502,1,2,20291332,2601110105,0,0,0
519333503,1,1,20171284,2601310106,1,1,0
519333601,1,1,20021282,2601110107,0,0,0
519333601,1,2,20151146,2601110107,0,0,0
519333601,1,3,20051194,2601110107,0,0,0
519333602,1,1,20131282,2601110108,0,0,0
519333602,1,2,20291333,2601110108,0,0,0
519333603,1,1,20171285,2601310109,1,1,0
519333701,1,1,20021283,2601110110,0,0,0
519333701,1,2,20151147,2601110110,0,0,0
519333701,1,3,20051195,2601110110,0,0,0
519333702,1,1,20131283,2601110111,0,0,0
519333702,1,2,20291334,2601110111,0,0,0
519333703,1,1,20171286,2601310112,1,1,0
519333801,1,1,20021284,2601110113,0,0,0
519333801,1,2,20151148,2601110113,0,0,0
519333801,1,3,20051196,2601110113,0,0,0
519333802,1,1,20131284,2601110114,0,0,0
519333802,1,2,20291335,2601110114,0,0,0
519333803,1,1,20171287,2601310115,1,1,0
519333901,1,1,30011310,2601110204,0,0,0
519333901,1,2,20111353,2601110204,0,0,0
519333901,1,3,20021192,2601110204,0,0,0
519333902,1,1,20121271,2601110205,0,0,0
519333902,1,2,20181229,2601110205,0,0,0
519333903,1,1,10311144,2601310206,1,1,0
519334001,1,1,30011311,2601110207,0,0,0
519334001,1,2,20111354,2601110207,0,0,0
519334001,1,3,20021193,2601110207,0,0,0
519334002,1,1,20121272,2601110208,0,0,0
519334002,1,2,20181230,2601110208,0,0,0
519334003,1,1,10311145,2601310209,1,1,0
519334101,1,1,30011312,2601110210,0,0,0
519334101,1,2,20111355,2601110210,0,0,0
519334101,1,3,20021194,2601110210,0,0,0
519334102,1,1,20121273,2601110211,0,0,0
519334102,1,2,20181231,2601110211,0,0,0
519334103,1,1,10311146,2601310212,1,1,0
519334201,1,1,30011313,2601110213,0,0,0
519334201,1,2,20111356,2601110213,0,0,0
519334201,1,3,20021195,2601110213,0,0,0
519334202,1,1,20121274,2601110214,0,0,0
519334202,1,2,20181232,2601110214,0,0,0
519334203,1,1,10311147,2601310215,1,1,0
519334301,1,1,30031205,2601110404,0,0,0
519334301,1,2,20101370,2601110404,0,0,0
519334301,1,3,20021196,2601110404,0,0,0
519334302,1,1,20091150,2601110405,0,0,0
519334302,1,2,20191261,2601110405,0,0,0
519334303,1,1,10201393,2601310406,1,1,0
519334401,1,1,30031206,2601110407,0,0,0
519334401,1,2,20101371,2601110407,0,0,0
519334401,1,3,20021197,2601110407,0,0,0
519334402,1,1,20091151,2601110408,0,0,0
519334402,1,2,20191262,2601110408,0,0,0
519334403,1,1,10201394,2601310409,1,1,0
519334501,1,1,30031207,2601110410,0,0,0
519334501,1,2,20101372,2601110410,0,0,0
519334501,1,3,20021198,2601110410,0,0,0
519334502,1,1,20091152,2601110411,0,0,0
519334502,1,2,20191263,2601110411,0,0,0
519334503,1,1,10201395,2601310412,1,1,0
519334601,1,1,30031208,2601110413,0,0,0
519334601,1,2,20101373,2601110413,0,0,0
519334601,1,3,20021199,2601110413,0,0,0
519334602,1,1,20091153,2601110414,0,0,0
519334602,1,2,20191264,2601110414,0,0,0
519334603,1,1,10201396,2601310415,1,1,0
519334701,1,1,30041103,2601110504,0,0,0
519334701,1,2,20111182,2601110504,0,0,0
519334701,1,3,20061272,2601110504,0,0,0
519334702,1,1,20121351,2601110505,0,0,0
519334702,1,2,10211366,2601110505,0,0,0
519334703,1,1,10311149,2601310506,1,1,0
519334801,1,1,30041104,2601110507,0,0,0
519334801,1,2,20111183,2601110507,0,0,0
519334801,1,3,20061273,2601110507,0,0,0
519334802,1,1,20121352,2601110508,0,0,0
519334802,1,2,10211367,2601110508,0,0,0
519334803,1,1,10311150,2601310509,1,1,0
519334901,1,1,30041105,2601110510,0,0,0
519334901,1,2,20111184,2601110510,0,0,0
519334901,1,3,20061274,2601110510,0,0,0
519334902,1,1,20121353,2601110511,0,0,0
519334902,1,2,10211368,2601110511,0,0,0
519334903,1,1,10311151,2601310512,1,1,0
519335001,1,1,30041106,2601110513,0,0,0
519335001,1,2,20111185,2601110513,0,0,0
519335001,1,3,20061275,2601110513,0,0,0
519335002,1,1,20121354,2601110514,0,0,0
519335002,1,2,10211369,2601110514,0,0,0
519335003,1,1,10311152,2601310515,1,1,0
519335101,1,1,20031389,2601110604,0,0,0
519335101,1,2,20091162,2601110604,0,0,0
519335101,1,3,30021109,2601110604,0,0,0
519335102,1,1,20101287,2601110605,0,0,0
519335102,1,2,20171182,2601110605,0,0,0
519335103,1,1,10201397,2601310606,1,1,0
519335201,1,1,20031390,2601110607,0,0,0
519335201,1,2,20091163,2601110607,0,0,0
519335201,1,3,30021110,2601110607,0,0,0
519335202,1,1,20101288,2601110608,0,0,0
519335202,1,2,20171183,2601110608,0,0,0
519335203,1,1,10201398,2601310609,1,1,0
519335301,1,1,20031391,2601110610,0,0,0
519335301,1,2,20091164,2601110610,0,0,0
519335301,1,3,30021111,2601110610,0,0,0
519335302,1,1,20101289,2601110611,0,0,0
519335302,1,2,20171184,2601110611,0,0,0
519335303,1,1,10201399,2601310612,1,1,0
519335401,1,1,20031392,2601110613,0,0,0
519335401,1,2,20091165,2601110613,0,0,0
519335401,1,3,30021112,2601110613,0,0,0
519335402,1,1,20101290,2601110614,0,0,0
519335402,1,2,20171185,2601110614,0,0,0
519335403,1,1,10201400,2601310615,1,1,0
519335501,1,1,30011203,2601110704,0,0,0
519335501,1,2,20111366,2601110704,0,0,0
519335501,1,3,30041110,2601110704,0,0,0
519335502,1,1,20121283,2601110705,0,0,0
519335502,1,2,20191170,2601110705,0,0,0
519335503,1,1,20291344,2601310706,1,1,0
519335601,1,1,30011204,2601110707,0,0,0
519335601,1,2,20111367,2601110707,0,0,0
519335601,1,3,30041111,2601110707,0,0,0
519335602,1,1,20121284,2601110708,0,0,0
519335602,1,2,20191171,2601110708,0,0,0
519335603,1,1,20291345,2601310709,1,1,0
519335701,1,1,30011205,2601110710,0,0,0
519335701,1,2,20111368,2601110710,0,0,0
519335701,1,3,30041112,2601110710,0,0,0
519335702,1,1,20121285,2601110711,0,0,0
519335702,1,2,20191172,2601110711,0,0,0
519335703,1,1,20291346,2601310712,1,1,0
519335801,1,1,30011206,2601110713,0,0,0
519335801,1,2,20111369,2601110713,0,0,0
519335801,1,3,30041113,2601110713,0,0,0
519335802,1,1,20121286,2601110714,0,0,0
519335802,1,2,20191173,2601110714,0,0,0
519335803,1,1,20291347,2601310715,1,1,0
519335901,1,1,20021368,2601110904,0,0,0
519335901,1,2,20091166,2601110904,0,0,0
519335901,1,3,30031220,2601110904,0,0,0
519335902,1,1,20141199,2601110905,0,0,0
519335902,1,2,20181241,2601110905,0,0,0
519335903,1,1,10201188,2601310906,1,1,0
519336001,1,1,20021369,2601110907,0,0,0
519336001,1,2,20091167,2601110907,0,0,0
519336001,1,3,30031221,2601110907,0,0,0
519336002,1,1,20141200,2601110908,0,0,0
519336002,1,2,20181242,2601110908,0,0,0
519336003,1,1,10201189,2601310909,1,1,0
519336101,1,1,20021370,2601110910,0,0,0
519336101,1,2,20091168,2601110910,0,0,0
519336101,1,3,30031222,2601110910,0,0,0
519336102,1,1,20141201,2601110911,0,0,0
519336102,1,2,20181243,2601110911,0,0,0
519336103,1,1,10201190,2601310912,1,1,0
519336201,1,1,20021371,2601110913,0,0,0
519336201,1,2,20091169,2601110913,0,0,0
519336201,1,3,30031223,2601110913,0,0,0
519336202,1,1,20141202,2601110914,0,0,0
519336202,1,2,20181244,2601110914,0,0,0
519336203,1,1,10201191,2601310915,1,1,0
519336301,1,1,30041217,2601111004,0,0,0
519336301,1,2,20101172,2601111004,0,0,0
519336301,1,3,30011332,2601111004,0,0,0
519336302,1,1,20161364,2601111005,0,0,0
519336302,1,2,20191183,2601111005,0,0,0
519336303,1,1,20291135,2601311006,1,1,0
519336401,1,1,30041218,2601111007,0,0,0
519336401,1,2,20101173,2601111007,0,0,0
519336401,1,3,30011333,2601111007,0,0,0
519336402,1,1,20161365,2601111008,0,0,0
519336402,1,2,20191184,2601111008,0,0,0
519336403,1,1,20291136,2601311009,1,1,0
519336501,1,1,30041219,2601111010,0,0,0
519336501,1,2,20101174,2601111010,0,0,0
519336501,1,3,30011334,2601111010,0,0,0
519336502,1,1,20161366,2601111011,0,0,0
519336502,1,2,20191185,2601111011,0,0,0
519336503,1,1,20291137,2601311012,1,1,0
519336601,1,1,30041220,2601111013,0,0,0
519336601,1,2,20101175,2601111013,0,0,0
519336601,1,3,30011335,2601111013,0,0,0
519336602,1,1,20161367,2601111014,0,0,0
519336602,1,2,20191186,2601111014,0,0,0
519336603,1,1,20291138,2601311015,1,1,0
519336701,1,1,20021378,2601111104,0,0,0
519336701,1,2,20091370,2601111104,0,0,0
519336701,1,3,30031233,2601111104,0,0,0
519336702,1,1,20161369,2601111105,0,0,0
519336702,1,2,20171192,2601111105,0,0,0
519336703,1,1,10211276,2601311106,1,1,0
519336801,1,1,20021379,2601111107,0,0,0
519336801,1,2,20091371,2601111107,0,0,0
519336801,1,3,30031234,2601111107,0,0,0
519336802,1,1,20161370,2601111108,0,0,0
519336802,1,2,20171193,2601111108,0,0,0
519336803,1,1,10211277,2601311109,1,1,0
519336901,1,1,20021380,2601111110,0,0,0
519336901,1,2,20091372,2601111110,0,0,0
519336901,1,3,30031235,2601111110,0,0,0
519336902,1,1,20161371,2601111111,0,0,0
519336902,1,2,20171194,2601111111,0,0,0
519336903,1,1,10211278,2601311112,1,1,0
519337001,1,1,20021381,2601111113,0,0,0
519337001,1,2,20091373,2601111113,0,0,0
519337001,1,3,30031236,2601111113,0,0,0
519337002,1,1,20161372,2601111114,0,0,0
519337002,1,2,20171195,2601111114,0,0,0
519337003,1,1,10211279,2601311115,1,1,0
519337101,1,1,30031239,2601111204,0,0,0
519337101,1,2,20101390,2601111204,0,0,0
519337101,1,3,20041400,2601111204,0,0,0
519337102,1,1,20121299,2601111205,0,0,0
519337102,1,2,20291139,2601111205,0,0,0
519337103,1,1,20191284,2601311206,1,1,0
519337201,1,1,30031240,2601111207,0,0,0
519337201,1,2,20101391,2601111207,0,0,0
519337201,1,3,20041401,2601111207,0,0,0
519337202,1,1,20121300,2601111208,0,0,0
519337202,1,2,20291140,2601111208,0,0,0
519337203,1,1,20191285,2601311209,1,1,0
519337301,1,1,30031241,2601111210,0,0,0
519337301,1,2,20101392,2601111210,0,0,0
519337301,1,3,20041402,2601111210,0,0,0
519337302,1,1,20121301,2601111211,0,0,0
519337302,1,2,20291141,2601111211,0,0,0
519337303,1,1,20191286,2601311212,1,1,0
519337401,1,1,30031242,2601111213,0,0,0
519337401,1,2,20101393,2601111213,0,0,0
519337401,1,3,20041403,2601111213,0,0,0
519337402,1,1,20121302,2601111214,0,0,0
519337402,1,2,20291142,2601111214,0,0,0
519337403,1,1,20191287,2601311215,1,1,0
519337501,1,1,30011343,2601111404,0,0,0
519337501,1,2,20151180,2601111404,0,0,0
519337501,1,3,30021213,2601111404,0,0,0
519337502,1,1,30111221,2601111405,0,0,0
519337502,1,2,10211174,2601111405,0,0,0
519337503,1,1,20181374,2601311406,1,1,0
519337601,1,1,30011344,2601111407,0,0,0
519337601,1,2,20151181,2601111407,0,0,0
519337601,1,3,30021214,2601111407,0,0,0
519337602,1,1,30111222,2601111408,0,0,0
519337602,1,2,10211175,2601111408,0,0,0
519337603,1,1,20181375,2601311409,1,1,0
519337701,1,1,30011345,2601111410,0,0,0
519337701,1,2,20151182,2601111410,0,0,0
519337701,1,3,30021215,2601111410,0,0,0
519337702,1,1,30111223,2601111411,0,0,0
519337702,1,2,10211176,2601111411,0,0,0
519337703,1,1,20181376,2601311412,1,1,0
519337801,1,1,30011346,2601111413,0,0,0
519337801,1,2,20151183,2601111413,0,0,0
519337801,1,3,30021216,2601111413,0,0,0
519337802,1,1,30111224,2601111414,0,0,0
519337802,1,2,10211177,2601111414,0,0,0
519337803,1,1,20181377,2601311415,1,1,0
519400101,1,1,10141122,26021101,0,0,0
519400101,1,2,10151122,26021101,0,0,0
519400201,1,1,10021235,26021103,0,0,0
519400201,1,2,10171305,26023102,1,1,0
519400201,1,3,10031309,26021103,0,0,0
519400301,1,1,10071227,26021105,0,0,0
519400301,1,2,10211307,26023104,1,0,0
519400301,1,3,10081240,26021105,0,0,0
519400401,1,1,10061229,26023106,0,0,0
519400401,1,2,10061319,26023107,0,0,0
519400401,1,3,10071228,26023108,0,0,0
519400401,1,4,10071309,26023109,0,0,0
519400501,1,1,15041203,26023110,1,0,0
519400501,1,2,15031203,26023111,1,0,0
519400601,1,1,10121225,26021113,0,0,0
519400601,1,2,10201216,26023112,1,0,0
519400601,1,3,10131242,26021114,0,0,0
519400701,1,1,10141311,26021115,0,0,0
519400701,1,2,10161120,26023116,1,0,0
519400701,1,3,10151224,26021117,0,0,0
519400801,1,1,10141131,26023119,0,0,0
519400801,1,2,10201115,26021118,1,0,0
519400801,1,3,10061160,26021120,0,0,0
519400901,1,1,10061174,26021123,0,0,0
519400901,1,2,15051104,26023121,1,0,0
519400901,1,3,10071184,26021122,0,0,0
519401001,1,1,10141122,26023201,0,0,0
519401001,1,2,10151122,26023201,0,0,0
519401101,1,1,10021235,26023202,0,0,0
519401101,1,2,10171305,26023202,1,1,0
519401101,1,3,10031309,26023202,0,0,0
519401201,1,1,10071227,26023203,0,0,0
519401201,1,2,10211307,26023203,1,1,0
519401201,1,3,10081240,26023203,0,0,0
519401301,1,1,10141178,26021124,1,0,0
519401301,1,2,10151168,26021125,1,0,0
519401401,1,1,10141179,26021127,0,0,0
519401401,1,2,10201144,26021126,1,0,0
519401401,1,3,20061119,26021128,0,0,0
519401501,1,1,20141135,26021130,0,1,0
519401501,1,2,10201168,26021129,1,1,0
519401501,1,3,20061182,26021131,0,1,0
519401601,1,1,30071114,26021132,0,1,0
519401601,1,2,10211157,26021133,1,1,0
519401601,1,3,20151117,26021134,0,1,0
519401701,1,1,20141196,26021136,0,0,0
519401701,1,2,15041215,26021135,1,1,0
519401701,1,3,30061128,26021137,0,0,0
519600101,1,1,10010201,0,0,0,0
519600101,1,2,10020201,0,0,0,0
519600201,1,1,10010101,0,0,0,0
519600201,1,2,10020101,0,0,0,0
519600201,1,3,10030101,0,0,0,0
519600301,1,1,10040201,0,0,0,0
519600301,1,2,10060201,0,0,0,0
519600401,1,1,10040101,0,0,0,0
519600401,1,2,10060101,0,0,0,0
519600401,1,3,10050101,0,0,0,0
519600501,1,1,10170201,0,0,0,0
519600501,1,2,10180201,0,0,0,0
519600601,1,1,10170101,0,0,0,0
519600601,1,2,10180101,0,0,0,0
519600601,1,3,10160101,0,0,0,0
519600701,1,1,10010102,260112201,0,0,0
519600701,1,2,10020102,260112201,0,0,0
519600701,1,3,10030102,260112201,0,0,0
519600801,1,1,10040102,260112201,0,0,0
519600801,1,2,10060102,260112201,0,0,0
519600801,1,3,10050102,260112201,0,0,0
519600901,1,1,10170102,260112201,0,0,0
519600901,1,2,10180102,260112201,0,0,0
519600901,1,3,10160102,260112201,0,0,0
519601001,1,1,10010108,0,0,0,0
519601001,1,2,10020107,260114901,0,0,0
519601001,1,3,10030107,0,0,0,0
519601101,1,1,10040106,0,0,0,0
519601101,1,2,10060106,260114901,0,0,0
519601101,1,3,10050106,0,0,0,0
519601201,1,1,10170107,0,0,0,0
519601201,1,2,10180107,260114901,0,0,0
519601201,1,3,10160107,0,0,0,0
519601301,1,1,10010109,0,0,0,0
519601301,1,2,10020108,260114901,0,0,0
519601301,1,3,10030108,0,0,0,0
519601401,1,1,10040107,0,0,0,0
519601401,1,2,10060107,260114901,0,0,0
519601401,1,3,10050107,0,0,0,0
519601501,1,1,10170108,0,0,0,0
519601501,1,2,10180108,260114901,0,0,0
519601501,1,3,10160108,0,0,0,0
519700101,1,1,15021109,0,1,1,0
519700201,1,1,15031113,0,1,1,0
519700301,1,1,15021110,0,1,1,0
519700401,1,1,15031114,0,1,1,0
519700501,1,1,15041130,0,1,1,0
519700601,1,1,15041131,0,1,1,0
519700701,1,1,15051115,0,1,1,0
519700801,1,1,15051116,0,1,1,0
519700901,1,1,15091114,0,1,1,0
519701001,1,1,15091115,0,1,1,0
519701101,1,1,15031137,0,1,1,0
519701201,1,1,15031138,0,1,1,0
519701301,1,1,15021118,0,1,1,0
519701401,1,1,15021119,0,1,1,0
519701501,1,1,15041138,0,1,1,0
519701601,1,1,15041139,0,1,1,0
519701701,1,1,15051124,0,1,1,0
519701801,1,1,15051125,0,1,1,0
519701901,1,1,15091122,0,1,1,0
519702001,1,1,15091123,0,1,1,0
519702101,1,1,15011111,0,1,1,0
519702201,1,1,15011112,0,1,1,0
519702301,1,1,15111114,0,1,1,0
519702401,1,1,15111115,0,1,1,0
519702501,1,1,15111117,0,1,1,0
519702601,1,1,15111118,0,1,1,0
519702701,1,1,15091125,0,1,1,0
519702801,1,1,15011113,0,1,1,0
519702901,1,1,15011114,0,1,1,0
519703001,1,1,15031144,0,1,1,0
519800101,1,1,10010111,260115401,0,0,0
519800101,2,1,10020110,260115401,0,0,0
519800101,3,1,10060109,260115401,0,0,0
519800101,4,1,10180110,260115401,0,0,0
519800101,5,1,10170110,260115401,0,0,0
519800101,6,1,10850204,260115401,0,0,0
519800101,7,1,10040109,260115401,0,0,0
519800101,8,1,10050109,260115401,0,0,0
519800101,9,1,10030110,260115401,0,0,0
519800201,1,1,10030109,260115401,0,0,0
519800301,1,1,10050108,260115401,0,0,0
519800401,1,1,10040108,260115401,0,0,0
519800501,1,1,10850203,260115401,0,0,0
519800601,1,1,10170109,260115401,0,0,0
519800701,1,1,10180109,260115401,0,0,0
519800801,1,1,10060108,260115401,0,0,0
519800901,1,1,10020109,260115401,0,0,0
519801001,1,1,10010110,260115401,0,0,0
520100101,1,1,10061316,27011101,0,0,0
520100101,1,2,10111225,27011101,0,0,0
520100101,1,3,10171217,27011101,0,0,0
520100102,1,1,10061316,27011101,0,0,0
520100102,1,2,10111225,27011101,0,0,0
520100102,1,3,10171217,27011101,0,0,0
520100103,1,1,10141307,27011101,1,1,0
520100201,1,1,10061317,27011102,0,0,0
520100201,1,2,10111226,27011102,0,0,0
520100201,1,3,10171218,27011102,0,0,0
520100202,1,1,10061317,27011102,0,0,0
520100202,1,2,10111226,27011102,0,0,0
520100202,1,3,10171218,27011102,0,0,0
520100203,1,1,10141308,27011102,1,1,0
520100301,1,1,10061318,27011103,0,0,0
520100301,1,2,10111227,27011103,0,0,0
520100301,1,3,10171219,27011103,0,0,0
520100302,1,1,10061318,27011103,0,0,0
520100302,1,2,10111227,27011103,0,0,0
520100302,1,3,10171219,27011103,0,0,0
520100303,1,1,10141309,27011103,1,1,0
520100401,1,1,10201309,27013104,1,1,0
520100501,1,1,10071319,27021101,0,0,0
520100501,1,2,10171310,27021101,0,0,0
520100501,1,3,10101249,27021101,0,0,0
520100502,1,1,10071319,27021101,0,0,0
520100502,1,2,10171310,27021101,0,0,0
520100502,1,3,10101249,27021101,0,0,0
520100503,1,1,10201312,27021101,1,1,0
520100601,1,1,10071320,27021102,0,0,0
520100601,1,2,10171311,27021102,0,0,0
520100601,1,3,10101250,27021102,0,0,0
520100602,1,1,10071320,27021102,0,0,0
520100602,1,2,10171311,27021102,0,0,0
520100602,1,3,10101250,27021102,0,0,0
520100603,1,1,10201313,27021102,1,1,0
520100701,1,1,10071321,27021103,0,0,0
520100701,1,2,10171312,27021103,0,0,0
520100701,1,3,10101251,27021103,0,0,0
520100702,1,1,10071321,27021103,0,0,0
520100702,1,2,10171312,27021103,0,0,0
520100702,1,3,10101251,27021103,0,0,0
520100703,1,1,10201314,27021103,1,1,0
520100801,1,1,15031204,27023104,1,1,0
520100901,1,1,10081324,27031101,0,0,0
520100901,1,2,10091239,27031101,0,0,0
520100901,1,3,10181317,27031101,0,0,0
520100902,1,1,10081324,27031101,0,0,0
520100902,1,2,10091239,27031101,0,0,0
520100902,1,3,10181317,27031101,0,0,0
520100903,1,1,10291202,27031101,1,1,0
520101001,1,1,10081325,27031102,0,0,0
520101001,1,2,10091240,27031102,0,0,0
520101001,1,3,10181318,27031102,0,0,0
520101002,1,1,10081325,27031102,0,0,0
520101002,1,2,10091240,27031102,0,0,0
520101002,1,3,10181318,27031102,0,0,0
520101003,1,1,10291203,27031102,1,1,0
520101101,1,1,10081326,27031103,0,0,0
520101101,1,2,10091241,27031103,0,0,0
520101101,1,3,10181319,27031103,0,0,0
520101102,1,1,10081326,27031103,0,0,0
520101102,1,2,10091241,27031103,0,0,0
520101102,1,3,10181319,27031103,0,0,0
520101103,1,1,10291204,27031103,1,1,0
520101201,1,1,15041303,27033104,1,1,0
520101301,1,1,10061253,27041101,0,0,0
520101301,1,2,10121237,27041101,0,0,0
520101301,1,3,10191233,27041101,0,0,0
520101302,1,1,10061253,27041101,0,0,0
520101302,1,2,10121237,27041101,0,0,0
520101302,1,3,10191233,27041101,0,0,0
520101303,1,1,10151234,27041101,1,1,0
520101401,1,1,10061254,27041102,0,0,0
520101401,1,2,10121238,27041102,0,0,0
520101401,1,3,10191234,27041102,0,0,0
520101402,1,1,10061254,27041102,0,0,0
520101402,1,2,10121238,27041102,0,0,0
520101402,1,3,10191234,27041102,0,0,0
520101403,1,1,10151235,27041102,1,1,0
520101501,1,1,10061255,27041103,0,0,0
520101501,1,2,10121239,27041103,0,0,0
520101501,1,3,10191235,27041103,0,0,0
520101502,1,1,10061255,27041103,0,0,0
520101502,1,2,10121239,27041103,0,0,0
520101502,1,3,10191235,27041103,0,0,0
520101503,1,1,10151236,27041103,1,1,0
520101601,1,1,10211211,27043104,1,1,0
520101701,1,1,10071206,27051101,0,0,0
520101701,1,2,10091304,27051101,0,0,0
520101701,1,3,10181234,27051101,0,0,0
520101702,1,1,10071206,27051101,0,0,0
520101702,1,2,10091304,27051101,0,0,0
520101702,1,3,10181234,27051101,0,0,0
520101703,1,1,10201207,27051101,1,1,0
520101801,1,1,10071207,27051102,0,0,0
520101801,1,2,10091305,27051102,0,0,0
520101801,1,3,10181235,27051102,0,0,0
520101802,1,1,10071207,27051102,0,0,0
520101802,1,2,10091305,27051102,0,0,0
520101802,1,3,10181235,27051102,0,0,0
520101803,1,1,10201211,27051102,1,1,0
520101901,1,1,10071208,27051103,0,0,0
520101901,1,2,10091306,27051103,0,0,0
520101901,1,3,10181236,27051103,0,0,0
520101902,1,1,10071208,27051103,0,0,0
520101902,1,2,10091306,27051103,0,0,0
520101902,1,3,10181236,27051103,0,0,0
520101903,1,1,10201221,27051103,1,1,0
520102001,1,1,10311208,27053104,1,1,0
520102101,1,1,10171352,27061101,0,0,0
520102101,1,2,10081358,27061101,0,0,0
520102101,1,3,10131278,27061101,0,0,0
520102102,1,1,10171352,27061101,0,0,0
520102102,1,2,10081358,27061101,0,0,0
520102102,1,3,10131278,27061101,0,0,0
520102103,1,1,10321234,27061101,1,1,0
520102201,1,1,10171353,27061102,0,0,0
520102201,1,2,10081359,27061102,0,0,0
520102201,1,3,10131279,27061102,0,0,0
520102202,1,1,10171353,27061102,0,0,0
520102202,1,2,10081359,27061102,0,0,0
520102202,1,3,10131279,27061102,0,0,0
520102203,1,1,10321235,27061102,1,1,0
520102301,1,1,10171354,27061103,0,0,0
520102301,1,2,10081360,27061103,0,0,0
520102301,1,3,10131280,27061103,0,0,0
520102302,1,1,10171354,27061103,0,0,0
520102302,1,2,10081360,27061103,0,0,0
520102302,1,3,10131280,27061103,0,0,0
520102303,1,1,10321236,27061103,1,1,0
520102401,1,1,10211319,27063104,1,1,0
520102501,1,1,10101363,27071101,0,0,0
520102501,1,2,20041208,27071101,0,0,0
520102501,1,3,10301334,27071101,0,0,0
520102502,1,1,10101363,27071101,0,0,0
520102502,1,2,20041208,27071101,0,0,0
520102502,1,3,10301334,27071101,0,0,0
520102503,1,1,10161263,27071101,1,1,0
520102601,1,1,10101364,27071102,0,0,0
520102601,1,2,20041209,27071102,0,0,0
520102601,1,3,10301335,27071102,0,0,0
520102602,1,1,10101364,27071102,0,0,0
520102602,1,2,20041209,27071102,0,0,0
520102602,1,3,10301335,27071102,0,0,0
520102603,1,1,10161264,27071102,1,1,0
520102701,1,1,10101365,27071103,0,0,0
520102701,1,2,20041210,27071103,0,0,0
520102701,1,3,10301336,27071103,0,0,0
520102702,1,1,10101365,27071103,0,0,0
520102702,1,2,20041210,27071103,0,0,0
520102702,1,3,10301336,27071103,0,0,0
520102703,1,1,10161265,27071103,1,1,0
520102801,1,1,10201345,27073104,1,1,0
520102901,1,1,10111294,27081101,0,0,0
520102901,1,2,10021372,27081101,0,0,0
520102901,1,3,10141272,27081101,0,0,0
520102902,1,1,10111294,27081101,0,0,0
520102902,1,2,10021372,27081101,0,0,0
520102902,1,3,10141272,27081101,0,0,0
520102903,1,1,10151371,27081101,1,1,0
520103001,1,1,10111295,27081102,0,0,0
520103001,1,2,10021373,27081102,0,0,0
520103001,1,3,10141273,27081102,0,0,0
520103002,1,1,10111295,27081102,0,0,0
520103002,1,2,10021373,27081102,0,0,0
520103002,1,3,10141273,27081102,0,0,0
520103003,1,1,10151372,27081102,1,1,0
520103101,1,1,10111296,27081103,0,0,0
520103101,1,2,10021374,27081103,0,0,0
520103101,1,3,10141274,27081103,0,0,0
520103102,1,1,10111296,27081103,0,0,0
520103102,1,2,10021374,27081103,0,0,0
520103102,1,3,10141274,27081103,0,0,0
520103103,1,1,10151373,27081103,1,1,0
520103201,1,1,10211229,27083104,1,1,0
520103301,1,1,10091381,27091101,0,0,0
520103301,1,2,20031119,27091101,0,0,0
520103301,1,3,10071381,27091101,0,0,0
520103302,1,1,10091381,27091101,0,0,0
520103302,1,2,20031119,27091101,0,0,0
520103302,1,3,10071381,27091101,0,0,0
520103303,1,1,20121209,27091101,1,1,0
520103401,1,1,10091382,27091102,0,0,0
520103401,1,2,20031120,27091102,0,0,0
520103401,1,3,10071382,27091102,0,0,0
520103402,1,1,10091382,27091102,0,0,0
520103402,1,2,20031120,27091102,0,0,0
520103402,1,3,10071382,27091102,0,0,0
520103403,1,1,20121210,27091102,1,1,0
520103501,1,1,10091383,27091103,0,0,0
520103501,1,2,20031121,27091103,0,0,0
520103501,1,3,10071383,27091103,0,0,0
520103502,1,1,10091383,27091103,0,0,0
520103502,1,2,20031121,27091103,0,0,0
520103502,1,3,10071383,27091103,0,0,0
520103503,1,1,20121211,27091103,1,1,0
520103601,1,1,10311118,27093104,1,1,0
520103701,1,1,10141375,27101101,0,0,0
520103701,1,2,20021307,27101101,0,0,0
520103701,1,3,20031249,27101101,0,0,0
520103702,1,1,10141375,27101101,0,0,0
520103702,1,2,20021307,27101101,0,0,0
520103702,1,3,20031249,27101101,0,0,0
520103703,1,1,20161221,27101101,1,1,0
520103801,1,1,10141376,27101102,0,0,0
520103801,1,2,20021308,27101102,0,0,0
520103801,1,3,20031250,27101102,0,0,0
520103802,1,1,10141376,27101102,0,0,0
520103802,1,2,20021308,27101102,0,0,0
520103802,1,3,20031250,27101102,0,0,0
520103803,1,1,20161222,27101102,1,1,0
520103901,1,1,10141377,27101103,0,0,0
520103901,1,2,20021309,27101103,0,0,0
520103901,1,3,20031251,27101103,0,0,0
520103902,1,1,10141377,27101103,0,0,0
520103902,1,2,20021309,27101103,0,0,0
520103902,1,3,20031251,27101103,0,0,0
520103903,1,1,20161223,27101103,1,1,0
520104001,1,1,10311322,27103104,1,1,0
520104101,1,1,20121144,27111101,0,0,0
520104101,1,2,20081156,27111101,0,0,0
520104101,1,3,20071246,27111101,0,0,0
520104102,1,1,20121144,27111101,0,0,0
520104102,1,2,20081156,27111101,0,0,0
520104102,1,3,20071246,27111101,0,0,0
520104103,1,1,20141136,27111101,1,1,0
520104201,1,1,20121145,27111102,0,0,0
520104201,1,2,20081157,27111102,0,0,0
520104201,1,3,20071247,27111102,0,0,0
520104202,1,1,20121145,27111102,0,0,0
520104202,1,2,20081157,27111102,0,0,0
520104202,1,3,20071247,27111102,0,0,0
520104203,1,1,20141137,27111102,1,1,0
520104301,1,1,20121146,27111103,0,0,0
520104301,1,2,20081158,27111103,0,0,0
520104301,1,3,20071248,27111103,0,0,0
520104302,1,1,20121146,27111103,0,0,0
520104302,1,2,20081158,27111103,0,0,0
520104302,1,3,20071248,27111103,0,0,0
520104303,1,1,20141138,27111103,1,1,0
520104401,1,1,10311270,27113104,1,1,0
520104501,1,1,20101327,27121101,0,0,0
520104501,1,2,20041267,27121101,0,0,0
520104501,1,3,20161231,27121101,0,0,0
520104502,1,1,20101327,27121101,0,0,0
520104502,1,2,20041267,27121101,0,0,0
520104502,1,3,20161231,27121101,0,0,0
520104503,1,1,10301380,27121101,1,1,0
520104601,1,1,20101328,27121102,0,0,0
520104601,1,2,20041268,27121102,0,0,0
520104601,1,3,20161232,27121102,0,0,0
520104602,1,1,20101328,27121102,0,0,0
520104602,1,2,20041268,27121102,0,0,0
520104602,1,3,20161232,27121102,0,0,0
520104603,1,1,10301381,27121102,1,1,0
520104701,1,1,20101329,27121103,0,0,0
520104701,1,2,20041269,27121103,0,0,0
520104701,1,3,20161233,27121103,0,0,0
520104702,1,1,20101329,27121103,0,0,0
520104702,1,2,20041269,27121103,0,0,0
520104702,1,3,20161233,27121103,0,0,0
520104703,1,1,10301382,27121103,1,1,0
520104801,1,1,10211150,27123104,1,1,0
520104901,1,1,20061346,27131101,0,0,0
520104901,1,2,20111245,27131101,0,0,0
520104901,1,3,20171237,27131101,0,0,0
520104902,1,1,20061346,27131101,0,0,0
520104902,1,2,20111245,27131101,0,0,0
520104902,1,3,20171237,27131101,0,0,0
520104903,1,1,20141311,27131101,1,1,0
520105001,1,1,20061347,27131102,0,0,0
520105001,1,2,20111246,27131102,0,0,0
520105001,1,3,20171238,27131102,0,0,0
520105002,1,1,20061347,27131102,0,0,0
520105002,1,2,20111246,27131102,0,0,0
520105002,1,3,20171238,27131102,0,0,0
520105003,1,1,20141312,27131102,1,1,0
520105101,1,1,20061348,27131103,0,0,0
520105101,1,2,20111247,27131103,0,0,0
520105101,1,3,20171239,27131103,0,0,0
520105102,1,1,20061348,27131103,0,0,0
520105102,1,2,20111247,27131103,0,0,0
520105102,1,3,20171239,27131103,0,0,0
520105103,1,1,20141313,27131103,1,1,0
520105201,1,1,10211347,27133104,1,1,0
520105301,1,1,20101345,27141101,0,0,0
520105301,1,2,20021330,27141101,0,0,0
520105301,1,3,10301400,27141101,0,0,0
520105302,1,1,20101345,27141101,0,0,0
520105302,1,2,20021330,27141101,0,0,0
520105302,1,3,10301400,27141101,0,0,0
520105303,1,1,10201384,27141101,1,1,0
520105401,1,1,20101346,27141102,0,0,0
520105401,1,2,20021331,27141102,0,0,0
520105401,1,3,10301401,27141102,0,0,0
520105402,1,1,20101346,27141102,0,0,0
520105402,1,2,20021331,27141102,0,0,0
520105402,1,3,10301401,27141102,0,0,0
520105403,1,1,10201385,27141102,1,1,0
520105501,1,1,20101347,27141103,0,0,0
520105501,1,2,20021332,27141103,0,0,0
520105501,1,3,10301402,27141103,0,0,0
520105502,1,1,20101347,27141103,0,0,0
520105502,1,2,20021332,27141103,0,0,0
520105502,1,3,10301402,27141103,0,0,0
520105503,1,1,10201386,27141103,1,1,0
520105601,1,1,10311332,27143104,1,1,0
520105701,1,1,20111267,27151101,0,0,0
520105701,1,2,20021341,27151101,0,0,0
520105701,1,3,20141258,27151101,0,0,0
520105702,1,1,20111267,27151101,0,0,0
520105702,1,2,20021341,27151101,0,0,0
520105702,1,3,20141258,27151101,0,0,0
520105703,1,1,20151377,27151101,1,1,0
520105801,1,1,20111268,27151102,0,0,0
520105801,1,2,20021342,27151102,0,0,0
520105801,1,3,20141259,27151102,0,0,0
520105802,1,1,20111268,27151102,0,0,0
520105802,1,2,20021342,27151102,0,0,0
520105802,1,3,20141259,27151102,0,0,0
520105803,1,1,20151378,27151102,1,1,0
520105901,1,1,20111269,27151103,0,0,0
520105901,1,2,20021343,27151103,0,0,0
520105901,1,3,20141260,27151103,0,0,0
520105902,1,1,20111269,27151103,0,0,0
520105902,1,2,20021343,27151103,0,0,0
520105902,1,3,20141260,27151103,0,0,0
520105903,1,1,20151379,27151103,1,1,0
520106001,1,1,10211269,27153104,1,1,0
520106101,1,1,20031298,27161101,0,0,0
520106101,1,2,20091248,27161101,0,0,0
520106101,1,3,20121263,27161101,0,0,0
520106102,1,1,20031298,27161101,0,0,0
520106102,1,2,20091248,27161101,0,0,0
520106102,1,3,20121263,27161101,0,0,0
520106103,1,1,10321196,27161101,1,1,0
520106201,1,1,20031299,27161102,0,0,0
520106201,1,2,20091249,27161102,0,0,0
520106201,1,3,20121264,27161102,0,0,0
520106202,1,1,20031299,27161102,0,0,0
520106202,1,2,20091249,27161102,0,0,0
520106202,1,3,20121264,27161102,0,0,0
520106203,1,1,10321197,27161102,1,1,0
520106301,1,1,20031300,27161103,0,0,0
520106301,1,2,20091250,27161103,0,0,0
520106301,1,3,20121265,27161103,0,0,0
520106302,1,1,20031300,27161103,0,0,0
520106302,1,2,20091250,27161103,0,0,0
520106302,1,3,20121265,27161103,0,0,0
520106303,1,1,10321198,27161103,1,1,0
520106401,1,1,20291219,27163104,1,1,0
520106501,1,1,30061118,27171101,0,0,0
520106501,1,2,20111357,27171101,0,0,0
520106501,1,3,20171347,27171101,0,0,0
520106502,1,1,30061118,27171101,0,0,0
520106502,1,2,20111357,27171101,0,0,0
520106502,1,3,20171347,27171101,0,0,0
520106503,1,1,20161199,27171101,1,1,0
520106601,1,1,30061119,27171102,0,0,0
520106601,1,2,20111358,27171102,0,0,0
520106601,1,3,20171348,27171102,0,0,0
520106602,1,1,30061119,27171102,0,0,0
520106602,1,2,20111358,27171102,0,0,0
520106602,1,3,20171348,27171102,0,0,0
520106603,1,1,30161101,27171102,1,1,0
520106701,1,1,30061120,27171103,0,0,0
520106701,1,2,20111359,27171103,0,0,0
520106701,1,3,20171349,27171103,0,0,0
520106702,1,1,30061120,27171103,0,0,0
520106702,1,2,20111359,27171103,0,0,0
520106702,1,3,20171349,27171103,0,0,0
520106703,1,1,30161102,27171103,1,1,0
520106801,1,1,10311294,27173104,1,1,0
520106901,1,1,20061283,27181101,0,0,0
520106901,1,2,20121288,27181101,0,0,0
520106901,1,3,20151287,27181101,0,0,0
520106902,1,1,20061283,27181101,0,0,0
520106902,1,2,20121288,27181101,0,0,0
520106902,1,3,20151287,27181101,0,0,0
520106903,1,1,20191339,27181101,1,1,0
520107001,1,1,20061284,27181102,0,0,0
520107001,1,2,20121289,27181102,0,0,0
520107001,1,3,20151288,27181102,0,0,0
520107002,1,1,20061284,27181102,0,0,0
520107002,1,2,20121289,27181102,0,0,0
520107002,1,3,20151288,27181102,0,0,0
520107003,1,1,20191340,27181102,1,1,0
520107101,1,1,20061285,27181103,0,0,0
520107101,1,2,20121290,27181103,0,0,0
520107101,1,3,20151289,27181103,0,0,0
520107102,1,1,20061285,27181103,0,0,0
520107102,1,2,20121290,27181103,0,0,0
520107102,1,3,20151289,27181103,0,0,0
520107103,1,1,20191341,27181103,1,1,0
520107201,1,1,10311297,27183104,1,1,0
520107301,1,1,30061311,27191101,0,0,0
520107301,1,2,30111210,27191101,0,0,0
520107301,1,3,30171205,27191101,0,0,0
520107302,1,1,30061311,27191101,0,0,0
520107302,1,2,30111210,27191101,0,0,0
520107302,1,3,30171205,27191101,0,0,0
520107303,1,1,20141359,27191101,1,1,0
520107401,1,1,30061312,27191102,0,0,0
520107401,1,2,30111211,27191102,0,0,0
520107401,1,3,30171206,27191102,0,0,0
520107402,1,1,30061312,27191102,0,0,0
520107402,1,2,30111211,27191102,0,0,0
520107402,1,3,30171206,27191102,0,0,0
520107403,1,1,20141360,27191102,1,1,0
520107501,1,1,30061313,27191103,0,0,0
520107501,1,2,30111212,27191103,0,0,0
520107501,1,3,30171207,27191103,0,0,0
520107502,1,1,30061313,27191103,0,0,0
520107502,1,2,30111212,27191103,0,0,0
520107502,1,3,30171207,27191103,0,0,0
520107503,1,1,20141361,27191103,1,1,0
520107601,1,1,10211373,27193104,1,1,0
520200101,1,1,10201310,27013105,1,1,0
520200201,1,1,15021301,27013106,1,1,0
520200301,1,1,15021302,27013107,1,1,0
520200401,1,1,15021303,27013108,1,1,0
520200501,1,1,15031205,27023105,1,1,0
520200601,1,1,15021304,27023106,1,1,0
520200701,1,1,15021305,27023107,1,1,0
520200801,1,1,15021306,27023108,1,1,0
520200901,1,1,15041304,27033105,1,1,0
520201001,1,1,13505141,27033106,1,1,0
520201101,1,1,13505142,27033107,1,1,0
520201201,1,1,13505143,27033108,1,1,0
520201301,1,1,10211212,27043105,1,1,0
520201401,1,1,10111321,0,0,0,0
520201401,1,2,13505145,27043106,1,1,0
520201401,1,3,10051269,0,0,0,0
520201501,1,1,10111322,0,0,0,0
520201501,1,2,13505146,27043107,1,1,0
520201501,1,3,10051270,0,0,0,0
520201601,1,1,10111323,0,0,0,0
520201601,1,2,13505147,27043108,1,1,0
520201601,1,3,10051271,0,0,0,0
520201701,1,1,10311209,27053105,1,1,0
520201801,1,1,10121253,0,0,0,0
520201801,1,2,13510131,27053106,1,1,0
520201801,1,3,10171244,0,0,0,0
520201901,1,1,10121213,0,0,0,0
520201901,1,2,13510132,27053107,1,1,0
520201901,1,3,10171245,0,0,0,0
520202001,1,1,10121214,0,0,0,0
520202001,1,2,13510133,27053108,1,1,0
520202001,1,3,10171246,0,0,0,0
520202101,1,1,10121254,0,0,0,0
520202101,1,2,13510134,27053108,1,1,0
520202101,1,3,10171247,0,0,0,0
520202201,1,1,10211320,27063105,1,1,0
520202301,1,1,13510135,27063106,1,1,0
520202401,1,1,13510136,27063107,1,1,0
520202501,1,1,13510137,27063108,1,1,0
520202601,1,1,13510138,27063109,1,1,0
520202701,1,1,10201346,27073105,1,1,0
520202801,1,1,15091507,27073106,1,1,0
520202901,1,1,15091508,27073107,1,1,0
520203001,1,1,15091509,27073108,1,1,0
520203101,1,1,15091510,27073109,1,1,0
520203201,1,1,10211230,27083105,1,1,0
520203301,1,1,15031115,27083106,1,1,0
520203401,1,1,15031116,27083107,1,1,0
520203501,1,1,15031117,27083108,1,1,0
520203601,1,1,15031118,27083109,1,1,0
520203701,1,1,10311119,27093105,1,1,0
520203801,1,1,15021307,27093106,1,1,0
520203901,1,1,15021308,27093107,1,1,0
520204001,1,1,15021309,27093108,1,1,0
520204101,1,1,15021310,27093109,1,1,0
520204201,1,1,10311323,27103105,1,1,0
520204301,1,1,15041801,27103106,1,1,0
520204401,1,1,15041802,27103107,1,1,0
520204501,1,1,15041803,27103108,1,1,0
520204601,1,1,15041804,27103109,1,1,0
520204701,1,1,10311271,27113105,1,1,0
520204801,1,1,15041805,27113106,1,1,0
520204901,1,1,15041806,27113107,1,1,0
520205001,1,1,15041807,27113108,1,1,0
520205101,1,1,15041808,27113109,1,1,0
520205201,1,1,10211151,27123105,1,1,0
520205301,1,1,20081263,0,0,0,0
520205301,1,2,15041316,27123106,1,1,0
520205301,1,3,20071257,0,0,0,0
520205401,1,1,20081264,0,0,0,0
520205401,1,2,15041317,27123107,1,1,0
520205401,1,3,20071258,0,0,0,0
520205501,1,1,20081265,0,0,0,0
520205501,1,2,15041318,27123108,1,1,0
520205501,1,3,20071259,0,0,0,0
520205601,1,1,20081266,0,0,0,0
520205601,1,2,15041319,27123109,1,1,0
520205601,1,3,20071260,0,0,0,0
520205701,1,1,10211348,27133105,1,1,0
520205801,1,1,20081277,0,0,0,0
520205801,1,2,15101214,27133106,1,1,0
520205801,1,3,20031348,0,0,0,0
520205901,1,1,20081278,0,0,0,0
520205901,1,2,15101215,27133107,1,1,0
520205901,1,3,20031349,0,0,0,0
520206001,1,1,20081279,0,0,0,0
520206001,1,2,15101216,27133108,1,1,0
520206001,1,3,20031350,0,0,0,0
520206101,1,1,20081280,0,0,0,0
520206101,1,2,15101217,27133109,1,1,0
520206101,1,3,20031351,0,0,0,0
520206201,1,1,10311333,27143105,1,1,0
520206301,1,1,20081288,0,0,0,0
520206301,1,2,15031512,27143106,1,1,0
520206301,1,3,20071264,0,0,0,0
520206401,1,1,20081289,0,0,0,0
520206401,1,2,15031513,27143107,1,1,0
520206401,1,3,20071265,0,0,0,0
520206501,1,1,20081290,0,0,0,0
520206501,1,2,15031514,27143108,1,1,0
520206501,1,3,20071266,0,0,0,0
520206601,1,1,20081291,0,0,0,0
520206601,1,2,15031515,27143109,1,1,0
520206601,1,3,20071267,0,0,0,0
520206701,1,1,10211270,27153105,1,1,0
520206801,1,1,20071273,0,0,0,0
520206801,1,2,15051401,27153106,1,1,0
520206801,1,3,20141165,0,0,0,0
520206901,1,1,20071274,0,0,0,0
520206901,1,2,15051402,27153107,1,1,0
520206901,1,3,20141166,0,0,0,0
520207001,1,1,20071275,0,0,0,0
520207001,1,2,15051403,27153108,1,1,0
520207001,1,3,20141167,0,0,0,0
520207101,1,1,20071276,0,0,0,0
520207101,1,2,15051404,27153109,1,1,0
520207101,1,3,20141168,0,0,0,0
520207201,1,1,20291220,27163105,1,1,0
520207301,1,1,30071131,0,0,0,0
520207301,1,2,15101221,27163106,1,1,0
520207301,1,3,20141266,0,0,0,0
520207401,1,1,30071132,0,0,0,0
520207401,1,2,15101222,27163107,1,1,0
520207401,1,3,20141267,0,0,0,0
520207501,1,1,30071133,0,0,0,0
520207501,1,2,15101223,27163108,1,1,0
520207501,1,3,20141268,0,0,0,0
520207601,1,1,30071134,0,0,0,0
520207601,1,2,15101224,27163109,1,1,0
520207601,1,3,20141269,0,0,0,0
520207701,1,1,10311295,27173104,1,1,0
520207801,1,1,30081106,0,0,0,0
520207801,1,2,15041809,27173106,1,1,0
520207801,1,3,20031189,0,0,0,0
520207901,1,1,30081107,0,0,0,0
520207901,1,2,15041810,27173107,1,1,0
520207901,1,3,20031190,0,0,0,0
520208001,1,1,30081108,0,0,0,0
520208001,1,2,15041811,27173108,1,1,0
520208001,1,3,20031191,0,0,0,0
520208101,1,1,30081109,0,0,0,0
520208101,1,2,15041812,27173109,1,1,0
520208101,1,3,20031192,0,0,0,0
520208201,1,1,10311298,27183105,1,1,0
520208301,1,1,30071156,0,0,0,0
520208301,1,2,15031317,27183106,1,1,0
520208301,1,3,20141293,0,0,0,0
520208401,1,1,30071157,0,0,0,0
520208401,1,2,15031318,27183107,1,1,0
520208401,1,3,20141294,0,0,0,0
520208501,1,1,30071158,0,0,0,0
520208501,1,2,15031319,27183108,1,1,0
520208501,1,3,20141295,0,0,0,0
520208601,1,1,30071159,0,0,0,0
520208601,1,2,15031320,27183109,1,1,0
520208601,1,3,20141296,0,0,0,0
520208701,1,1,10211374,27193105,1,1,0
520208801,1,1,30081241,0,0,0,0
520208801,1,2,15051411,27193106,1,1,0
520208801,1,3,20031400,0,0,0,0
520208901,1,1,30081242,0,0,0,0
520208901,1,2,15051412,27193107,1,1,0
520208901,1,3,30031301,0,0,0,0
520209001,1,1,30081243,0,0,0,0
520209001,1,2,15051413,27193108,1,1,0
520209001,1,3,30031302,0,0,0,0
520209101,1,1,30081244,0,0,0,0
520209101,1,2,15051414,27193109,1,1,0
520209101,1,3,30031303,0,0,0,0
521110101,1,1,10051255,0,0,0,0
521110101,1,2,10021176,0,0,0,0
521110101,1,3,10011327,0,0,0,0
521110201,1,1,10121233,0,0,0,0
521110201,1,2,10011328,0,0,0,0
521110201,1,3,10141137,0,0,0,0
521110301,1,1,10041268,0,0,0,0
521110301,1,2,10081262,0,0,0,0
521110301,1,3,10021320,0,0,0,0
521110401,1,1,10061330,0,0,0,0
521110401,1,2,10041315,0,0,0,0
521110401,1,3,10081321,0,0,0,0
521110501,1,1,10201222,0,1,1,0
521110601,1,1,10011263,0,0,0,0
521110601,1,2,10191313,0,0,0,0
521110601,1,3,10061166,0,0,0,0
521110701,1,1,10141216,0,0,0,0
521110701,1,2,10021177,0,0,0,0
521110701,1,3,10071324,0,0,0,0
521110801,1,1,10021321,0,0,0,0
521110801,1,2,10111156,0,0,0,0
521110801,1,3,10101147,0,0,0,0
521110901,1,1,10081160,0,0,0,0
521110901,1,2,10071248,0,0,0,0
521110901,1,3,10101319,0,0,0,0
521111001,1,1,15041204,0,1,1,0
521111101,1,1,10111157,0,0,0,0
521111101,1,2,10101320,0,0,0,0
521111101,1,3,10161307,0,0,0,0
521111201,1,1,10041316,0,0,0,0
521111201,1,2,10061167,0,0,0,0
521111201,1,3,10071179,0,0,0,0
521111301,1,1,10021178,0,0,0,0
521111301,1,2,10011182,0,0,0,0
521111301,1,3,10131318,0,0,0,0
521111401,1,1,10121234,0,0,0,0
521111401,1,2,10011264,0,0,0,0
521111401,1,3,10101148,0,0,0,0
521111501,1,1,15031206,0,1,1,0
521111601,1,1,10031262,0,0,0,0
521111601,1,2,10101149,0,0,0,0
521111601,1,3,10081322,0,0,0,0
521111701,1,1,10101258,0,0,0,0
521111701,1,2,10161220,0,0,0,0
521111701,1,3,10061168,0,0,0,0
521111801,1,1,10141138,0,0,0,0
521111801,1,2,10031263,0,0,0,0
521111801,1,3,10081263,0,0,0,0
521111901,1,1,10071180,0,0,0,0
521111901,1,2,10091237,0,0,0,0
521111901,1,3,10181313,0,0,0,0
521112001,1,1,10201223,0,1,0,0
521112001,1,2,10211209,0,1,0,0
521112101,1,1,10031170,0,0,0,0
521112101,1,2,10151312,0,0,0,0
521112101,1,3,10081323,0,0,0,0
521112201,1,1,10181146,0,0,0,0
521112201,1,2,10061169,0,0,0,0
521112201,1,3,10091154,0,0,0,0
521112301,1,1,10051256,0,0,0,0
521112301,1,2,10041269,0,0,0,0
521112301,1,3,10141139,0,0,0,0
521112401,1,1,10141315,0,0,0,0
521112401,1,2,10191229,0,0,0,0
521112401,1,3,10011183,0,0,0,0
521112501,1,1,10211210,0,1,1,0
521112601,1,1,10111242,0,0,0,0
521112601,1,2,10031171,0,0,0,0
521112601,1,3,10181220,0,0,0,0
521112701,1,1,10071181,0,0,0,0
521112701,1,2,10121143,0,0,0,0
521112701,1,3,10181314,0,0,0,0
521112801,1,1,10141316,0,0,0,0
521112801,1,2,10051257,0,0,0,0
521112801,1,3,10161308,0,0,0,0
521112901,1,1,10101321,0,0,0,0
521112901,1,2,10121330,0,0,0,0
521112901,1,3,10181221,0,0,0,0
521113001,1,1,15051203,0,1,1,0
522113101,1,1,15041205,0,1,1,0
522113201,1,1,10131319,0,0,0,0
522113201,1,2,10181315,0,0,0,0
522113201,1,3,10081161,0,0,0,0
522113301,1,1,10051258,0,0,0,0
522113301,1,2,10161309,0,0,0,0
522113301,1,3,10041317,0,0,0,0
522113401,1,1,10081264,0,0,0,0
522113401,1,2,10171316,0,0,0,0
522113401,1,3,10011265,0,0,0,0
522113501,1,1,15031207,0,1,1,0
522113601,1,1,10101259,0,0,0,0
522113601,1,2,10101150,0,0,0,0
522113601,1,3,10181316,0,0,0,0
522113701,1,1,10191140,0,0,0,0
522113701,1,2,10091238,0,0,0,0
522113701,1,3,10041318,0,0,0,0
522113801,1,1,10041270,0,0,0,0
522113801,1,2,10191314,0,1,1,0
522113801,1,3,10141140,0,0,0,0
522113901,1,1,10171141,0,1,1,0
522114001,1,1,10131320,0,0,0,0
522114001,1,2,15051204,0,1,1,0
522114001,1,3,10101260,0,0,0,0
523100101,1,1,10201116,30011101,0,0,0
523100101,1,2,10111107,30011101,0,0,0
523100101,1,3,10021101,30011101,0,0,0
523100101,2,1,10211111,30011101,0,0,0
523100101,2,2,10091108,30011101,0,0,0
523100101,2,3,10031101,30011101,0,0,0
523100101,3,1,10311204,30011101,0,0,0
523100101,3,2,10101207,30011101,0,0,0
523100101,3,3,10011201,30011101,0,0,0
523100101,4,1,10311302,30011101,0,0,0
523100101,4,2,10021101,30011101,0,0,0
523100101,4,3,10011201,30011101,0,0,0
523100101,5,1,15011501,30012101,1,1,0
523100102,1,1,15011501,30012102,1,1,0
523100102,6,1,10201116,30011102,0,0,0
523100102,6,2,10111107,30011102,0,0,0
523100102,6,3,10021101,30011102,0,0,0
523100102,7,1,10211111,30011102,0,0,0
523100102,7,2,10091108,30011102,0,0,0
523100102,7,3,10031101,30011102,0,0,0
523100102,8,1,10311204,30011102,0,0,0
523100102,8,2,10101207,30011102,0,0,0
523100102,8,3,10011201,30011102,0,0,0
523100102,9,1,10311302,30011102,0,0,0
523100102,9,2,10021101,30011102,0,0,0
523100102,9,3,10011201,30011102,0,0,0
523100103,1,1,15011502,30012103,1,1,0
523100103,2,1,10201116,30011103,0,0,0
523100103,2,2,10111107,30011103,0,0,0
523100103,2,3,10021101,30011103,0,0,0
523100103,3,1,10211111,30011103,0,0,0
523100103,3,2,10091108,30011103,0,0,0
523100103,3,3,10031101,30011103,0,0,0
523100103,4,1,10311204,30011103,0,0,0
523100103,4,2,10101207,30011103,0,0,0
523100103,4,3,10011201,30011103,0,0,0
523100103,5,1,10311302,30011103,0,0,0
523100103,5,2,10021101,30011103,0,0,0
523100103,5,3,10011201,30011103,0,0,0
523100104,1,1,15011502,30012104,1,1,0
523100104,2,1,10201116,30011104,0,0,0
523100104,2,2,10111107,30011104,0,0,0
523100104,2,3,10021101,30011104,0,0,0
523100104,3,1,10211111,30011104,0,0,0
523100104,3,2,10091108,30011104,0,0,0
523100104,3,3,10031101,30011104,0,0,0
523100104,4,1,10311204,30011104,0,0,0
523100104,4,2,10101207,30011104,0,0,0
523100104,4,3,10011201,30011104,0,0,0
523100104,5,1,10311302,30011104,0,0,0
523100104,5,2,10021101,30011104,0,0,0
523100104,5,3,10011201,30011104,0,0,0
523100105,1,1,15011503,30012105,1,1,0
523100105,2,1,10201116,30011105,0,0,0
523100105,2,2,10111107,30011105,0,0,0
523100105,2,3,10021101,30011105,0,0,0
523100105,3,1,10211111,30011105,0,0,0
523100105,3,2,10091108,30011105,0,0,0
523100105,3,3,10031101,30011105,0,0,0
523100105,4,1,10311204,30011105,0,0,0
523100105,4,2,10101207,30011105,0,0,0
523100105,4,3,10011201,30011105,0,0,0
523100105,5,1,10311302,30011105,0,0,0
523100105,5,2,10021101,30011105,0,0,0
523100105,5,3,10011201,30011105,0,0,0
523100106,1,1,15011504,30012106,1,1,0
523100106,2,1,10201116,30011106,0,0,0
523100106,2,2,10111107,30011106,0,0,0
523100106,2,3,10021101,30011106,0,0,0
523100106,3,1,10211111,30011106,0,0,0
523100106,3,2,10091108,30011106,0,0,0
523100106,3,3,10031101,30011106,0,0,0
523100106,4,1,10311204,30011106,0,0,0
523100106,4,2,10101207,30011106,0,0,0
523100106,4,3,10011201,30011106,0,0,0
523100106,5,1,10311302,30011106,0,0,0
523100106,5,2,10021101,30011106,0,0,0
523100106,5,3,10011201,30011106,0,0,0
523100107,1,1,10201229,30011107,0,0,0
523100107,1,2,10111111,30011107,0,0,0
523100107,1,3,10021302,30011107,0,0,0
523100107,2,1,10201229,30011107,0,0,0
523100107,2,2,10211215,30011107,0,0,0
523100107,2,3,10031102,30011107,0,0,0
523100107,3,1,10311106,30011107,0,0,0
523100107,3,2,10111111,30011107,0,0,0
523100107,3,3,10031102,30011107,0,0,0
523100107,4,1,10311310,30011107,0,0,0
523100107,4,2,10021302,30011107,0,0,0
523100107,4,3,10031102,30011107,0,0,0
523100107,5,1,15011507,30012107,1,1,0
523100108,1,1,10201229,30011108,0,0,0
523100108,1,2,10111111,30011108,0,0,0
523100108,1,3,10021302,30011108,0,0,0
523100108,2,1,10201229,30011108,0,0,0
523100108,2,2,10211215,30011108,0,0,0
523100108,2,3,10031102,30011108,0,0,0
523100108,3,1,10311106,30011108,0,0,0
523100108,3,2,10111111,30011108,0,0,0
523100108,3,3,10031102,30011108,0,0,0
523100108,4,1,10311310,30011108,0,0,0
523100108,4,2,10021302,30011108,0,0,0
523100108,4,3,10031102,30011108,0,0,0
523100108,5,1,15011507,30012108,1,1,0
523100109,1,1,10311327,30011109,0,0,0
523100109,1,2,20141243,30011109,0,0,0
523100109,1,3,20051259,30011109,0,0,0
523100109,2,1,10311327,30011109,0,0,0
523100109,2,2,10191383,30011109,0,0,0
523100109,2,3,20071336,30011109,0,0,0
523100109,3,1,10311138,30011109,0,0,0
523100109,3,2,20141243,30011109,0,0,0
523100109,3,3,20071336,30011109,0,0,0
523100109,4,1,10291286,30011109,0,0,0
523100109,4,2,20051259,30011109,0,0,0
523100109,4,3,20071336,30011109,0,0,0
523100109,5,1,15011510,30012109,1,1,0
523100110,1,1,10311327,30011110,0,0,0
523100110,1,2,20141243,30011110,0,0,0
523100110,1,3,20051259,30011110,0,0,0
523100110,2,1,10311327,30011110,0,0,0
523100110,2,2,10191383,30011110,0,0,0
523100110,2,3,20071336,30011110,0,0,0
523100110,3,1,10311138,30011110,0,0,0
523100110,3,2,20141243,30011110,0,0,0
523100110,3,3,20071336,30011110,0,0,0
523100110,4,1,10291286,30011110,0,0,0
523100110,4,2,20051259,30011110,0,0,0
523100110,4,3,20071336,30011110,0,0,0
523100110,5,1,15011510,30012110,1,1,0
523200101,1,1,10311102,30021101,0,0,0
523200101,1,2,10131142,30021101,0,0,0
523200101,1,3,10041172,30021101,0,0,0
523200101,2,1,10311205,30021101,0,0,0
523200101,2,2,10101262,30021101,0,0,0
523200101,2,3,10051260,30021101,0,0,0
523200101,3,1,10201225,30021101,0,0,0
523200101,3,2,10111315,30021101,0,0,0
523200101,3,3,10031323,30021101,0,0,0
523200101,4,1,10211313,30021101,0,0,0
523200101,4,2,10041172,30021101,0,0,0
523200101,4,3,10031323,30021101,0,0,0
523200101,5,1,15051501,30022101,1,1,0
523200102,1,1,15051501,30022102,1,1,0
523200102,6,1,10311102,30021102,0,0,0
523200102,6,2,10131142,30021102,0,0,0
523200102,6,3,10041172,30021102,0,0,0
523200102,7,1,10311205,30021102,0,0,0
523200102,7,2,10101262,30021102,0,0,0
523200102,7,3,10051260,30021102,0,0,0
523200102,8,1,10201225,30021102,0,0,0
523200102,8,2,10111315,30021102,0,0,0
523200102,8,3,10031323,30021102,0,0,0
523200102,9,1,10211313,30021102,0,0,0
523200102,9,2,10041172,30021102,0,0,0
523200102,9,3,10031323,30021102,0,0,0
523200103,1,1,15051502,30022103,1,1,0
523200103,2,1,10311102,30021103,0,0,0
523200103,2,2,10131142,30021103,0,0,0
523200103,2,3,10041172,30021103,0,0,0
523200103,3,1,10311205,30021103,0,0,0
523200103,3,2,10101262,30021103,0,0,0
523200103,3,3,10051260,30021103,0,0,0
523200103,4,1,10201225,30021103,0,0,0
523200103,4,2,10111315,30021103,0,0,0
523200103,4,3,10031323,30021103,0,0,0
523200103,5,1,10211313,30021103,0,0,0
523200103,5,2,10041172,30021103,0,0,0
523200103,5,3,10031323,30021103,0,0,0
523200104,1,1,15051502,30022104,1,1,0
523200104,2,1,10311102,30021104,0,0,0
523200104,2,2,10131142,30021104,0,0,0
523200104,2,3,10041172,30021104,0,0,0
523200104,3,1,10311205,30021104,0,0,0
523200104,3,2,10101262,30021104,0,0,0
523200104,3,3,10051260,30021104,0,0,0
523200104,4,1,10201225,30021104,0,0,0
523200104,4,2,10111315,30021104,0,0,0
523200104,4,3,10031323,30021104,0,0,0
523200104,5,1,10211313,30021104,0,0,0
523200104,5,2,10041172,30021104,0,0,0
523200104,5,3,10031323,30021104,0,0,0
523200105,1,1,15051503,30022105,1,1,0
523200105,2,1,10311102,30021105,0,0,0
523200105,2,2,10131142,30021105,0,0,0
523200105,2,3,10041172,30021105,0,0,0
523200105,3,1,10311205,30021105,0,0,0
523200105,3,2,10101262,30021105,0,0,0
523200105,3,3,10051260,30021105,0,0,0
523200105,4,1,10201225,30021105,0,0,0
523200105,4,2,10111315,30021105,0,0,0
523200105,4,3,10031323,30021105,0,0,0
523200105,5,1,10211313,30021105,0,0,0
523200105,5,2,10041172,30021105,0,0,0
523200105,5,3,10031323,30021105,0,0,0
523200106,1,1,15051504,30022106,1,1,0
523200106,2,1,10311102,30021106,0,0,0
523200106,2,2,10131142,30021106,0,0,0
523200106,2,3,10041172,30021106,0,0,0
523200106,3,1,10311205,30021106,0,0,0
523200106,3,2,10101262,30021106,0,0,0
523200106,3,3,10051260,30021106,0,0,0
523200106,4,1,10201225,30021106,0,0,0
523200106,4,2,10111315,30021106,0,0,0
523200106,4,3,10031323,30021106,0,0,0
523200106,5,1,10211313,30021106,0,0,0
523200106,5,2,10041172,30021106,0,0,0
523200106,5,3,10031323,30021106,0,0,0
523200107,1,1,10201302,30021107,0,0,0
523200107,1,2,10131304,30021107,0,0,0
523200107,1,3,10041101,30021107,0,0,0
523200107,2,1,10201302,30021107,0,0,0
523200107,2,2,10211303,30021107,0,0,0
523200107,2,3,10051109,30021107,0,0,0
523200107,3,1,10311107,30021107,0,0,0
523200107,3,2,10131304,30021107,0,0,0
523200107,3,3,10051109,30021107,0,0,0
523200107,4,1,10311211,30021107,0,0,0
523200107,4,2,10041101,30021107,0,0,0
523200107,4,3,10051109,30021107,0,0,0
523200107,5,1,15041501,30022107,1,1,0
523200108,1,1,10201302,30021108,0,0,0
523200108,1,2,10131304,30021108,0,0,0
523200108,1,3,10041101,30021108,0,0,0
523200108,2,1,10201302,30021108,0,0,0
523200108,2,2,10211303,30021108,0,0,0
523200108,2,3,10051109,30021108,0,0,0
523200108,3,1,10311107,30021108,0,0,0
523200108,3,2,10131304,30021108,0,0,0
523200108,3,3,10051109,30021108,0,0,0
523200108,4,1,10311211,30021108,0,0,0
523200108,4,2,10041101,30021108,0,0,0
523200108,4,3,10051109,30021108,0,0,0
523200108,5,1,15041501,30022108,1,1,0
523200109,1,1,10201383,30021109,0,0,0
523200109,1,2,20131302,30021109,0,0,0
523200109,1,3,20081283,30021109,0,0,0
523200109,2,1,10201383,30021109,0,0,0
523200109,2,2,10211351,30021109,0,0,0
523200109,2,3,20071262,30021109,0,0,0
523200109,3,1,10311139,30021109,0,0,0
523200109,3,2,20131302,30021109,0,0,0
523200109,3,3,20071262,30021109,0,0,0
523200109,4,1,10311278,30021109,0,0,0
523200109,4,2,20081283,30021109,0,0,0
523200109,4,3,20071262,30021109,0,0,0
523200109,5,1,15041502,30022109,1,1,0
523200110,1,1,10201383,30021110,0,0,0
523200110,1,2,20131302,30021110,0,0,0
523200110,1,3,20081283,30021110,0,0,0
523200110,2,1,10201383,30021110,0,0,0
523200110,2,2,10211351,30021110,0,0,0
523200110,2,3,20071262,30021110,0,0,0
523200110,3,1,10311139,30021110,0,0,0
523200110,3,2,20131302,30021110,0,0,0
523200110,3,3,20071262,30021110,0,0,0
523200110,4,1,10311278,30021110,0,0,0
523200110,4,2,20081283,30021110,0,0,0
523200110,4,3,20071262,30021110,0,0,0
523200110,5,1,15041502,30022110,1,1,0
523300101,1,1,10171257,30031101,0,0,0
523300101,1,2,10111115,30031101,0,0,0
523300101,1,3,10041115,30031101,0,0,0
523300101,2,1,10211123,30031101,0,0,0
523300101,2,2,10121311,30031101,0,0,0
523300101,2,3,10061303,30031101,0,0,0
523300101,3,1,10311108,30031101,0,0,0
523300101,3,2,10151260,30031101,0,0,0
523300101,3,3,10021215,30031101,0,0,0
523300101,4,1,10311214,30031101,0,0,0
523300101,4,2,10041115,30031101,0,0,0
523300101,4,3,10021215,30031101,0,0,0
523300101,5,1,15051801,30032101,1,1,0
523300102,1,1,10171257,30031102,0,0,0
523300102,1,2,10111115,30031102,0,0,0
523300102,1,3,10041115,30031102,0,0,0
523300102,2,1,10211123,30031102,0,0,0
523300102,2,2,10121311,30031102,0,0,0
523300102,2,3,10061303,30031102,0,0,0
523300102,3,1,10311108,30031102,0,0,0
523300102,3,2,10151260,30031102,0,0,0
523300102,3,3,10021215,30031102,0,0,0
523300102,4,1,10311214,30031102,0,0,0
523300102,4,2,10041115,30031102,0,0,0
523300102,4,3,10021215,30031102,0,0,0
523300102,5,1,15051801,30032102,1,1,0
523300103,1,1,10171257,30031103,0,0,0
523300103,1,2,10111115,30031103,0,0,0
523300103,1,3,10041115,30031103,0,0,0
523300103,2,1,10211123,30031103,0,0,0
523300103,2,2,10121311,30031103,0,0,0
523300103,2,3,10061303,30031103,0,0,0
523300103,3,1,10311108,30031103,0,0,0
523300103,3,2,10151260,30031103,0,0,0
523300103,3,3,10021215,30031103,0,0,0
523300103,4,1,10311214,30031103,0,0,0
523300103,4,2,10041115,30031103,0,0,0
523300103,4,3,10021215,30031103,0,0,0
523300103,5,1,15051802,30032103,1,1,0
523300104,1,1,10171257,30031104,0,0,0
523300104,1,2,10111115,30031104,0,0,0
523300104,1,3,10041115,30031104,0,0,0
523300104,2,1,10211123,30031104,0,0,0
523300104,2,2,10121311,30031104,0,0,0
523300104,2,3,10061303,30031104,0,0,0
523300104,3,1,10311108,30031104,0,0,0
523300104,3,2,10151260,30031104,0,0,0
523300104,3,3,10021215,30031104,0,0,0
523300104,4,1,10311214,30031104,0,0,0
523300104,4,2,10041115,30031104,0,0,0
523300104,4,3,10021215,30031104,0,0,0
523300104,5,1,15051802,30032104,1,1,0
523300105,1,1,10171257,30031105,0,0,0
523300105,1,2,10111115,30031105,0,0,0
523300105,1,3,10041115,30031105,0,0,0
523300105,2,1,10211123,30031105,0,0,0
523300105,2,2,10121311,30031105,0,0,0
523300105,2,3,10061303,30031105,0,0,0
523300105,3,1,10311108,30031105,0,0,0
523300105,3,2,10151260,30031105,0,0,0
523300105,3,3,10021215,30031105,0,0,0
523300105,4,1,10311214,30031105,0,0,0
523300105,4,2,10041115,30031105,0,0,0
523300105,4,3,10021215,30031105,0,0,0
523300105,5,1,15051803,30032105,1,1,0
523300106,1,1,10171257,30031106,0,0,0
523300106,1,2,10111115,30031106,0,0,0
523300106,1,3,10041115,30031106,0,0,0
523300106,2,1,10211123,30031106,0,0,0
523300106,2,2,10121311,30031106,0,0,0
523300106,2,3,10061303,30031106,0,0,0
523300106,3,1,10311108,30031106,0,0,0
523300106,3,2,10151260,30031106,0,0,0
523300106,3,3,10021215,30031106,0,0,0
523300106,4,1,10311214,30031106,0,0,0
523300106,4,2,10041115,30031106,0,0,0
523300106,4,3,10021215,30031106,0,0,0
523300106,5,1,15051804,30032106,1,1,0
523300107,1,1,20171101,30031107,0,0,0
523300107,1,2,20071219,30031107,0,0,0
523300107,1,3,10161365,30031107,0,0,0
523300107,2,1,20171101,30031107,0,0,0
523300107,2,2,10141366,30031107,0,0,0
523300107,2,3,10181370,30031107,0,0,0
523300107,3,1,10161365,30031107,0,0,0
523300107,3,2,20071219,30031107,0,0,0
523300107,3,3,10181370,30031107,0,0,0
523300107,4,1,10141366,30031107,0,0,0
523300107,4,2,20051132,30031107,0,0,0
523300107,4,3,10181370,30031107,0,0,0
523300107,5,1,15051806,30032107,1,1,0
523300108,1,1,20171101,30031108,0,0,0
523300108,1,2,20071219,30031108,0,0,0
523300108,1,3,10161365,30031108,0,0,0
523300108,2,1,20171101,30031108,0,0,0
523300108,2,2,10141366,30031108,0,0,0
523300108,2,3,10181370,30031108,0,0,0
523300108,3,1,10161365,30031108,0,0,0
523300108,3,2,20071219,30031108,0,0,0
523300108,3,3,10181370,30031108,0,0,0
523300108,4,1,10141366,30031108,0,0,0
523300108,4,2,20051132,30031108,0,0,0
523300108,4,3,10181370,30031108,0,0,0
523300108,5,1,15051806,30032108,1,1,0
523300109,1,1,10201392,30031109,0,0,0
523300109,1,2,20061268,30031109,0,0,0
523300109,1,3,20121187,30031109,0,0,0
523300109,2,1,10201392,30031109,0,0,0
523300109,2,2,20141283,30031109,0,0,0
523300109,2,3,30161103,30031109,0,0,0
523300109,3,1,20121187,30031109,0,0,0
523300109,3,2,20061268,30031109,0,0,0
523300109,3,3,10311148,30031109,0,0,0
523300109,4,1,20141283,30031109,0,0,0
523300109,4,2,30011314,30031109,0,0,0
523300109,4,3,10311148,30031109,0,0,0
523300109,5,1,15051815,30032109,1,1,0
523300110,1,1,10201392,30031110,0,0,0
523300110,1,2,20061268,30031110,0,0,0
523300110,1,3,20121187,30031110,0,0,0
523300110,2,1,10201392,30031110,0,0,0
523300110,2,2,20141283,30031110,0,0,0
523300110,2,3,30161103,30031110,0,0,0
523300110,3,1,20121187,30031110,0,0,0
523300110,3,2,20061268,30031110,0,0,0
523300110,3,3,10311148,30031110,0,0,0
523300110,4,1,20141283,30031110,0,0,0
523300110,4,2,30011314,30031110,0,0,0
523300110,4,3,10311148,30031110,0,0,0
523300110,5,1,15051815,30032110,1,1,0
523400101,1,1,10181343,30041101,0,0,0
523400101,1,2,10091110,30041101,0,0,0
523400101,1,3,10031303,30041101,0,0,0
523400101,2,1,10201230,30041101,0,0,0
523400101,2,2,10101209,30041101,0,0,0
523400101,2,3,10071118,30041101,0,0,0
523400101,3,1,10311215,30041101,0,0,0
523400101,3,2,10161332,30041101,0,0,0
523400101,3,3,10051286,30041101,0,0,0
523400101,4,1,10311312,30041101,0,0,0
523400101,4,2,10031303,30041101,0,0,0
523400101,4,3,10051286,30041101,0,0,0
523400101,5,1,15031501,30042101,1,1,0
523400102,1,1,10181343,30041102,0,0,0
523400102,1,2,10091110,30041102,0,0,0
523400102,1,3,10031303,30041102,0,0,0
523400102,2,1,10201230,30041102,0,0,0
523400102,2,2,10101209,30041102,0,0,0
523400102,2,3,10071118,30041102,0,0,0
523400102,3,1,10311215,30041102,0,0,0
523400102,3,2,10161332,30041102,0,0,0
523400102,3,3,10051286,30041102,0,0,0
523400102,4,1,10311312,30041102,0,0,0
523400102,4,2,10031303,30041102,0,0,0
523400102,4,3,10051286,30041102,0,0,0
523400102,5,1,15031501,30042102,1,1,0
523400103,1,1,10181343,30041103,0,0,0
523400103,1,2,10091110,30041103,0,0,0
523400103,1,3,10031303,30041103,0,0,0
523400103,2,1,10201230,30041103,0,0,0
523400103,2,2,10101209,30041103,0,0,0
523400103,2,3,10071118,30041103,0,0,0
523400103,3,1,10311215,30041103,0,0,0
523400103,3,2,10161332,30041103,0,0,0
523400103,3,3,10051286,30041103,0,0,0
523400103,4,1,10311312,30041103,0,0,0
523400103,4,2,10031303,30041103,0,0,0
523400103,4,3,10051286,30041103,0,0,0
523400103,5,1,15031502,30042103,1,1,0
523400104,1,1,10181343,30041104,0,0,0
523400104,1,2,10091110,30041104,0,0,0
523400104,1,3,10031303,30041104,0,0,0
523400104,2,1,10201230,30041104,0,0,0
523400104,2,2,10101209,30041104,0,0,0
523400104,2,3,10071118,30041104,0,0,0
523400104,3,1,10311215,30041104,0,0,0
523400104,3,2,10161332,30041104,0,0,0
523400104,3,3,10051286,30041104,0,0,0
523400104,4,1,10311312,30041104,0,0,0
523400104,4,2,10031303,30041104,0,0,0
523400104,4,3,10051286,30041104,0,0,0
523400104,5,1,15031502,30042104,1,1,0
523400105,1,1,10181343,30041105,0,0,0
523400105,1,2,10091110,30041105,0,0,0
523400105,1,3,10031303,30041105,0,0,0
523400105,2,1,10201230,30041105,0,0,0
523400105,2,2,10101209,30041105,0,0,0
523400105,2,3,10071118,30041105,0,0,0
523400105,3,1,10311215,30041105,0,0,0
523400105,3,2,10161332,30041105,0,0,0
523400105,3,3,10051286,30041105,0,0,0
523400105,4,1,10311312,30041105,0,0,0
523400105,4,2,10031303,30041105,0,0,0
523400105,4,3,10051286,30041105,0,0,0
523400105,5,1,15031503,30042105,1,1,0
523400106,1,1,10181343,30041106,0,0,0
523400106,1,2,10091110,30041106,0,0,0
523400106,1,3,10031303,30041106,0,0,0
523400106,2,1,10201230,30041106,0,0,0
523400106,2,2,10101209,30041106,0,0,0
523400106,2,3,10071118,30041106,0,0,0
523400106,3,1,10311215,30041106,0,0,0
523400106,3,2,10161332,30041106,0,0,0
523400106,3,3,10051286,30041106,0,0,0
523400106,4,1,10311312,30041106,0,0,0
523400106,4,2,10031303,30041106,0,0,0
523400106,4,3,10051286,30041106,0,0,0
523400106,5,1,15031504,30042106,1,1,0
523400107,1,1,10051375,30041107,0,0,0
523400107,1,2,20081303,30041107,0,0,0
523400107,1,3,10061393,30041107,0,0,0
523400107,2,1,10051375,30041107,0,0,0
523400107,2,2,10201250,30041107,0,0,0
523400107,2,3,10171297,30041107,0,0,0
523400107,3,1,10201250,30041107,0,0,0
523400107,3,2,10061393,30041107,0,0,0
523400107,3,3,10171297,30041107,0,0,0
523400107,4,1,20151204,30041107,0,0,0
523400107,4,2,20081303,30041107,0,0,0
523400107,4,3,10171297,30041107,0,0,0
523400107,5,1,15031506,30042107,1,1,0
523400108,1,1,10051375,30041108,0,0,0
523400108,1,2,20081303,30041108,0,0,0
523400108,1,3,10061393,30041108,0,0,0
523400108,2,1,10051375,30041108,0,0,0
523400108,2,2,10201250,30041108,0,0,0
523400108,2,3,10171297,30041108,0,0,0
523400108,3,1,10201250,30041108,0,0,0
523400108,3,2,10061393,30041108,0,0,0
523400108,3,3,10171297,30041108,0,0,0
523400108,4,1,20151204,30041108,0,0,0
523400108,4,2,20081303,30041108,0,0,0
523400108,4,3,10171297,30041108,0,0,0
523400108,5,1,15031506,30042108,1,1,0
523400109,1,1,20021274,30041109,0,0,0
523400109,1,2,20081200,30041109,0,0,0
523400109,1,3,20061384,30041109,0,0,0
523400109,2,1,20021274,30041109,0,0,0
523400109,2,2,10311293,30041109,0,0,0
523400109,2,3,10211362,30041109,0,0,0
523400109,3,1,10311293,30041109,0,0,0
523400109,3,2,20081200,30041109,0,0,0
523400109,3,3,20131163,30041109,0,0,0
523400109,4,1,10321379,30041109,0,0,0
523400109,4,2,20061384,30041109,0,0,0
523400109,4,3,10211362,30041109,0,0,0
523400109,5,1,15031518,30042109,1,1,0
523400110,1,1,20021274,30041110,0,0,0
523400110,1,2,20081200,30041110,0,0,0
523400110,1,3,20061384,30041110,0,0,0
523400110,2,1,20021274,30041110,0,0,0
523400110,2,2,10311293,30041110,0,0,0
523400110,2,3,10211362,30041110,0,0,0
523400110,3,1,10311293,30041110,0,0,0
523400110,3,2,20081200,30041110,0,0,0
523400110,3,3,20131163,30041110,0,0,0
523400110,4,1,10321379,30041110,0,0,0
523400110,4,2,20061384,30041110,0,0,0
523400110,4,3,10211362,30041110,0,0,0
523400110,5,1,15031518,30042110,1,1,0
523500101,1,1,10291269,30051101,0,0,0
523500101,1,2,20111229,30051101,0,0,0
523500101,1,3,10051381,30051101,0,0,0
523500101,2,1,10211336,30051101,0,0,0
523500101,2,2,10131380,30051101,0,0,0
523500101,2,3,20081246,30051101,0,0,0
523500101,3,1,10211242,30051101,0,0,0
523500101,3,2,10151189,30051101,0,0,0
523500101,3,3,20041139,30051101,0,0,0
523500101,4,1,10311264,30051101,0,0,0
523500101,4,2,10051381,30051101,0,0,0
523500101,4,3,20041139,30051101,0,0,0
523500101,5,1,15101501,30052101,1,1,0
523500102,1,1,10291269,30051102,0,0,0
523500102,1,2,20111229,30051102,0,0,0
523500102,1,3,10051381,30051102,0,0,0
523500102,2,1,10211336,30051102,0,0,0
523500102,2,2,10131380,30051102,0,0,0
523500102,2,3,20081246,30051102,0,0,0
523500102,3,1,10211242,30051102,0,0,0
523500102,3,2,10151189,30051102,0,0,0
523500102,3,3,20041139,30051102,0,0,0
523500102,4,1,10311264,30051102,0,0,0
523500102,4,2,10051381,30051102,0,0,0
523500102,4,3,20041139,30051102,0,0,0
523500102,5,1,15101501,30052102,1,1,0
523500103,1,1,10291269,30051103,0,0,0
523500103,1,2,20111229,30051103,0,0,0
523500103,1,3,10051381,30051103,0,0,0
523500103,2,1,10211336,30051103,0,0,0
523500103,2,2,10131380,30051103,0,0,0
523500103,2,3,20081246,30051103,0,0,0
523500103,3,1,10211242,30051103,0,0,0
523500103,3,2,10151189,30051103,0,0,0
523500103,3,3,20041139,30051103,0,0,0
523500103,4,1,10311264,30051103,0,0,0
523500103,4,2,10051381,30051103,0,0,0
523500103,4,3,20041139,30051103,0,0,0
523500103,5,1,15101502,30052103,1,1,0
523500104,1,1,10291269,30051104,0,0,0
523500104,1,2,20111229,30051104,0,0,0
523500104,1,3,10051381,30051104,0,0,0
523500104,2,1,10211336,30051104,0,0,0
523500104,2,2,10131380,30051104,0,0,0
523500104,2,3,20081246,30051104,0,0,0
523500104,3,1,10211242,30051104,0,0,0
523500104,3,2,10151189,30051104,0,0,0
523500104,3,3,20041139,30051104,0,0,0
523500104,4,1,10311264,30051104,0,0,0
523500104,4,2,10051381,30051104,0,0,0
523500104,4,3,20041139,30051104,0,0,0
523500104,5,1,15101502,30052104,1,1,0
523500105,1,1,10291269,30051105,0,0,0
523500105,1,2,20111229,30051105,0,0,0
523500105,1,3,10051381,30051105,0,0,0
523500105,2,1,10211336,30051105,0,0,0
523500105,2,2,10131380,30051105,0,0,0
523500105,2,3,20081246,30051105,0,0,0
523500105,3,1,10211242,30051105,0,0,0
523500105,3,2,10151189,30051105,0,0,0
523500105,3,3,20041139,30051105,0,0,0
523500105,4,1,10311264,30051105,0,0,0
523500105,4,2,10051381,30051105,0,0,0
523500105,4,3,20041139,30051105,0,0,0
523500105,5,1,15101503,30052105,1,1,0
523500106,1,1,10291269,30051106,0,0,0
523500106,1,2,20111229,30051106,0,0,0
523500106,1,3,10051381,30051106,0,0,0
523500106,2,1,10211336,30051106,0,0,0
523500106,2,2,10131380,30051106,0,0,0
523500106,2,3,20081246,30051106,0,0,0
523500106,3,1,10211242,30051106,0,0,0
523500106,3,2,10151189,30051106,0,0,0
523500106,3,3,20041139,30051106,0,0,0
523500106,4,1,10311264,30051106,0,0,0
523500106,4,2,10051381,30051106,0,0,0
523500106,4,3,20041139,30051106,0,0,0
523500106,5,1,15101504,30052106,1,1,0
523500107,1,1,20041330,30051107,0,0,0
523500107,1,2,20071237,30051107,0,0,0
523500107,1,3,20061316,30051107,0,0,0
523500107,2,1,20041330,30051107,0,0,0
523500107,2,2,10311130,30051107,0,0,0
523500107,2,3,10291375,30051107,0,0,0
523500107,3,1,10311130,30051107,0,0,0
523500107,3,2,20061316,30051107,0,0,0
523500107,3,3,10291375,30051107,0,0,0
523500107,4,1,10301365,30051107,0,0,0
523500107,4,2,20071237,30051107,0,0,0
523500107,4,3,10291375,30051107,0,0,0
523500107,5,1,15101506,30052107,1,1,0
523500108,1,1,20041330,30051108,0,0,0
523500108,1,2,20071237,30051108,0,0,0
523500108,1,3,20061316,30051108,0,0,0
523500108,2,1,20041330,30051108,0,0,0
523500108,2,2,10311130,30051108,0,0,0
523500108,2,3,10291375,30051108,0,0,0
523500108,3,1,10311130,30051108,0,0,0
523500108,3,2,20061316,30051108,0,0,0
523500108,3,3,10291375,30051108,0,0,0
523500108,4,1,10301365,30051108,0,0,0
523500108,4,2,20071237,30051108,0,0,0
523500108,4,3,10291375,30051108,0,0,0
523500108,5,1,15101506,30052108,1,1,0
523600101,1,1,10201391,30061101,0,0,0
523600101,1,2,20131308,30061101,0,0,0
523600101,1,3,20031362,30061101,0,0,0
523600101,2,1,10311286,30061101,0,0,0
523600101,2,2,20141257,30061101,0,0,0
523600101,2,3,20051181,30061101,0,0,0
523600101,3,1,20191240,30061101,0,0,0
523600101,3,2,20111159,30061101,0,0,0
523600101,3,3,20061252,30061101,0,0,0
523600101,4,1,10211159,30061101,0,0,0
523600101,4,2,20031362,30061101,0,0,0
523600101,4,3,20061252,30061101,0,0,0
523600101,5,1,15031606,30062101,1,1,0
523600102,1,1,10201391,30061102,0,0,0
523600102,1,2,20131308,30061102,0,0,0
523600102,1,3,20031362,30061102,0,0,0
523600102,2,1,10311286,30061102,0,0,0
523600102,2,2,20141257,30061102,0,0,0
523600102,2,3,20051181,30061102,0,0,0
523600102,3,1,20191240,30061102,0,0,0
523600102,3,2,20111159,30061102,0,0,0
523600102,3,3,20061252,30061102,0,0,0
523600102,4,1,10211159,30061102,0,0,0
523600102,4,2,20031362,30061102,0,0,0
523600102,4,3,20061252,30061102,0,0,0
523600102,5,1,15031606,30062102,1,1,0
523600103,1,1,10201391,30061103,0,0,0
523600103,1,2,20131308,30061103,0,0,0
523600103,1,3,20031362,30061103,0,0,0
523600103,2,1,10311286,30061103,0,0,0
523600103,2,2,20141257,30061103,0,0,0
523600103,2,3,20051181,30061103,0,0,0
523600103,3,1,20191240,30061103,0,0,0
523600103,3,2,20111159,30061103,0,0,0
523600103,3,3,20061252,30061103,0,0,0
523600103,4,1,10211159,30061103,0,0,0
523600103,4,2,20031362,30061103,0,0,0
523600103,4,3,20061252,30061103,0,0,0
523600103,5,1,15031607,30062103,1,1,0
523600104,1,1,10201391,30061104,0,0,0
523600104,1,2,20131308,30061104,0,0,0
523600104,1,3,20031362,30061104,0,0,0
523600104,2,1,10311286,30061104,0,0,0
523600104,2,2,20141257,30061104,0,0,0
523600104,2,3,20051181,30061104,0,0,0
523600104,3,1,20191240,30061104,0,0,0
523600104,3,2,20111159,30061104,0,0,0
523600104,3,3,20061252,30061104,0,0,0
523600104,4,1,10211159,30061104,0,0,0
523600104,4,2,20031362,30061104,0,0,0
523600104,4,3,20061252,30061104,0,0,0
523600104,5,1,15031608,30062104,1,1,0
523600105,1,1,10201391,30061105,0,0,0
523600105,1,2,20131308,30061105,0,0,0
523600105,1,3,20031362,30061105,0,0,0
523600105,2,1,10311286,30061105,0,0,0
523600105,2,2,20141257,30061105,0,0,0
523600105,2,3,20051181,30061105,0,0,0
523600105,3,1,20191240,30061105,0,0,0
523600105,3,2,20111159,30061105,0,0,0
523600105,3,3,20061252,30061105,0,0,0
523600105,4,1,10211159,30061105,0,0,0
523600105,4,2,20031362,30061105,0,0,0
523600105,4,3,20061252,30061105,0,0,0
523600105,5,1,15031609,30062105,1,1,0
523600106,1,1,10201391,30061106,0,0,0
523600106,1,2,20131308,30061106,0,0,0
523600106,1,3,20031362,30061106,0,0,0
523600106,2,1,10311286,30061106,0,0,0
523600106,2,2,20141257,30061106,0,0,0
523600106,2,3,20051181,30061106,0,0,0
523600106,3,1,20191240,30061106,0,0,0
523600106,3,2,20111159,30061106,0,0,0
523600106,3,3,20061252,30061106,0,0,0
523600106,4,1,10211159,30061106,0,0,0
523600106,4,2,20031362,30061106,0,0,0
523600106,4,3,20061252,30061106,0,0,0
523600106,5,1,15031610,30062106,1,1,0
523600107,1,1,20051309,30061107,0,0,0
523600107,1,2,30071121,30061107,0,0,0
523600107,1,3,20081294,30061107,0,0,0
523600107,2,1,20051309,30061107,0,0,0
523600107,2,2,20291305,30061107,0,0,0
523600107,2,3,20151380,30061107,0,0,0
523600107,3,1,20291305,30061107,0,0,0
523600107,3,2,20081294,30061107,0,0,0
523600107,3,3,20181118,30061107,0,0,0
523600107,4,1,10321296,30061107,0,0,0
523600107,4,2,30071121,30061107,0,0,0
523600107,4,3,20181118,30061107,0,0,0
523600107,5,1,15031611,30062107,1,1,0
523600108,1,1,20051309,30061108,0,0,0
523600108,1,2,30071121,30061108,0,0,0
523600108,1,3,20081294,30061108,0,0,0
523600108,2,1,20051309,30061108,0,0,0
523600108,2,2,20291305,30061108,0,0,0
523600108,2,3,20151380,30061108,0,0,0
523600108,3,1,20291305,30061108,0,0,0
523600108,3,2,20081294,30061108,0,0,0
523600108,3,3,20181118,30061108,0,0,0
523600108,4,1,10321296,30061108,0,0,0
523600108,4,2,30071121,30061108,0,0,0
523600108,4,3,20181118,30061108,0,0,0
523600108,5,1,15031611,30062108,1,1,0
523700101,1,1,10201287,30071101,0,0,0
523700101,1,2,30071128,30071101,0,0,0
523700101,1,3,30071128,30071101,0,0,0
523700101,2,1,20191251,30071101,0,0,0
523700101,2,2,20121178,30071101,0,0,0
523700101,2,3,20121178,30071101,0,0,0
523700101,3,1,10211172,30071101,0,0,0
523700101,3,2,20151398,30071101,0,0,0
523700101,3,3,20151398,30071101,0,0,0
523700101,4,1,20171328,30071101,0,0,0
523700101,4,2,30011305,30071101,0,0,0
523700101,4,3,30011305,30071101,0,0,0
523700101,5,1,15041615,30072101,1,1,0
523700102,1,1,10201287,30071102,0,0,0
523700102,1,2,30071128,30071102,0,0,0
523700102,1,3,30071128,30071102,0,0,0
523700102,2,1,20191251,30071102,0,0,0
523700102,2,2,20121178,30071102,0,0,0
523700102,2,3,20121178,30071102,0,0,0
523700102,3,1,10211172,30071102,0,0,0
523700102,3,2,20151398,30071102,0,0,0
523700102,3,3,20151398,30071102,0,0,0
523700102,4,1,20171328,30071102,0,0,0
523700102,4,2,30011305,30071102,0,0,0
523700102,4,3,30011305,30071102,0,0,0
523700102,5,1,15041615,30072102,1,1,0
523700103,1,1,10201287,30071103,0,0,0
523700103,1,2,30071128,30071103,0,0,0
523700103,1,3,30071128,30071103,0,0,0
523700103,2,1,20191251,30071103,0,0,0
523700103,2,2,20121178,30071103,0,0,0
523700103,2,3,20121178,30071103,0,0,0
523700103,3,1,10211172,30071103,0,0,0
523700103,3,2,20151398,30071103,0,0,0
523700103,3,3,20151398,30071103,0,0,0
523700103,4,1,20171328,30071103,0,0,0
523700103,4,2,30011305,30071103,0,0,0
523700103,4,3,30011305,30071103,0,0,0
523700103,5,1,15041616,30072103,1,1,0
523700104,1,1,10201287,30071104,0,0,0
523700104,1,2,30071128,30071104,0,0,0
523700104,1,3,30071128,30071104,0,0,0
523700104,2,1,20191251,30071104,0,0,0
523700104,2,2,20121178,30071104,0,0,0
523700104,2,3,20121178,30071104,0,0,0
523700104,3,1,10211172,30071104,0,0,0
523700104,3,2,20151398,30071104,0,0,0
523700104,3,3,20151398,30071104,0,0,0
523700104,4,1,20171328,30071104,0,0,0
523700104,4,2,30011305,30071104,0,0,0
523700104,4,3,30011305,30071104,0,0,0
523700104,5,1,15041617,30072104,1,1,0
523700105,1,1,10201287,30071105,0,0,0
523700105,1,2,30071128,30071105,0,0,0
523700105,1,3,30071128,30071105,0,0,0
523700105,2,1,20191251,30071105,0,0,0
523700105,2,2,20121178,30071105,0,0,0
523700105,2,3,20121178,30071105,0,0,0
523700105,3,1,10211172,30071105,0,0,0
523700105,3,2,20151398,30071105,0,0,0
523700105,3,3,20151398,30071105,0,0,0
523700105,4,1,20171328,30071105,0,0,0
523700105,4,2,30011305,30071105,0,0,0
523700105,4,3,30011305,30071105,0,0,0
523700105,5,1,15041618,30072105,1,1,0
523700106,1,1,10201287,30071106,0,0,0
523700106,1,2,30071128,30071106,0,0,0
523700106,1,3,30071128,30071106,0,0,0
523700106,2,1,20191251,30071106,0,0,0
523700106,2,2,20121178,30071106,0,0,0
523700106,2,3,20121178,30071106,0,0,0
523700106,3,1,10211172,30071106,0,0,0
523700106,3,2,20151398,30071106,0,0,0
523700106,3,3,20151398,30071106,0,0,0
523700106,4,1,20171328,30071106,0,0,0
523700106,4,2,30011305,30071106,0,0,0
523700106,4,3,30011305,30071106,0,0,0
523700106,5,1,15041619,30072106,1,1,0
523700107,1,1,20071284,30071107,0,0,0
523700107,1,2,20041374,30071107,0,0,0
523700107,1,3,20051184,30071107,0,0,0
523700107,2,1,20071284,30071107,0,0,0
523700107,2,2,10311140,30071107,0,0,0
523700107,2,3,20131267,30071107,0,0,0
523700107,3,1,10311140,30071107,0,0,0
523700107,3,2,20051184,30071107,0,0,0
523700107,3,3,20291322,30071107,0,0,0
523700107,4,1,20161192,30071107,0,0,0
523700107,4,2,20041374,30071107,0,0,0
523700107,4,3,20291322,30071107,0,0,0
523700107,5,1,15041620,30072107,1,1,0
523700108,1,1,20071284,30071108,0,0,0
523700108,1,2,20041374,30071108,0,0,0
523700108,1,3,20051184,30071108,0,0,0
523700108,2,1,20071284,30071108,0,0,0
523700108,2,2,10311140,30071108,0,0,0
523700108,2,3,20131267,30071108,0,0,0
523700108,3,1,10311140,30071108,0,0,0
523700108,3,2,20051184,30071108,0,0,0
523700108,3,3,20291322,30071108,0,0,0
523700108,4,1,20161192,30071108,0,0,0
523700108,4,2,20041374,30071108,0,0,0
523700108,4,3,20291322,30071108,0,0,0
523700108,5,1,15041620,30072108,1,1,0
524100101,1,1,10031344,30201101,0,0,0
524100101,1,2,10081180,30201101,0,0,0
524100101,1,3,10111174,30201101,0,0,0
524100101,2,1,10081180,30201101,0,0,0
524100101,2,2,10151251,30201101,0,0,0
524100101,2,3,10111174,30201101,0,0,0
524100101,3,1,10031344,30201101,0,0,0
524100101,3,2,10151251,30201101,0,0,0
524100101,3,3,10181335,30201101,0,0,0
524100101,4,1,15101201,30203101,1,1,0
524100102,1,1,10031344,30201102,0,0,0
524100102,1,2,10081180,30201102,0,0,0
524100102,1,3,10111174,30201102,0,0,0
524100102,2,1,10081180,30201102,0,0,0
524100102,2,2,10151251,30201102,0,0,0
524100102,2,3,10111174,30201102,0,0,0
524100102,3,1,10031344,30201102,0,0,0
524100102,3,2,10151251,30201102,0,0,0
524100102,3,3,10181335,30201102,0,0,0
524100102,4,1,15101202,30203102,1,1,0
524100103,1,1,10031344,30201103,0,0,0
524100103,1,2,10081180,30201103,0,0,0
524100103,1,3,10111174,30201103,0,0,0
524100103,2,1,10081180,30201103,0,0,0
524100103,2,2,10151251,30201103,0,0,0
524100103,2,3,10111174,30201103,0,0,0
524100103,3,1,10031344,30201103,0,0,0
524100103,3,2,10151251,30201103,0,0,0
524100103,3,3,10181335,30201103,0,0,0
524100103,4,1,15101203,30203103,1,1,0
524100104,1,1,10051184,30201104,0,0,0
524100104,1,2,10061267,30201104,0,0,0
524100104,1,3,10101167,30201104,0,0,0
524100104,2,1,10051184,30201104,0,0,0
524100104,2,2,10141323,30201104,0,0,0
524100104,2,3,10101167,30201104,0,0,0
524100104,3,1,10061267,30201104,0,0,0
524100104,3,2,10141323,30201104,0,0,0
524100104,3,3,10211315,30201104,0,0,0
524100104,4,1,15091401,30203104,1,1,0
524100105,1,1,10051184,30201105,0,0,0
524100105,1,2,10061267,30201105,0,0,0
524100105,1,3,10101167,30201105,0,0,0
524100105,2,1,10051184,30201105,0,0,0
524100105,2,2,10141323,30201105,0,0,0
524100105,2,3,10101167,30201105,0,0,0
524100105,3,1,10061267,30201105,0,0,0
524100105,3,2,10141323,30201105,0,0,0
524100105,3,3,10211315,30201105,0,0,0
524100105,4,1,15091402,30203105,1,1,0
524100106,1,1,10051184,30201106,0,0,0
524100106,1,2,10061267,30201106,0,0,0
524100106,1,3,10101167,30201106,0,0,0
524100106,2,1,10051184,30201106,0,0,0
524100106,2,2,10141323,30201106,0,0,0
524100106,2,3,10101167,30201106,0,0,0
524100106,3,1,10061267,30201106,0,0,0
524100106,3,2,10141323,30201106,0,0,0
524100106,3,3,10211315,30201106,0,0,0
524100106,4,1,15091403,30203106,1,1,0
524100107,1,1,10051184,30201107,0,0,0
524100107,1,2,10061267,30201107,0,0,0
524100107,1,3,10101167,30201107,0,0,0
524100107,2,1,10051184,30201107,0,0,0
524100107,2,2,10141323,30201107,0,0,0
524100107,2,3,10101167,30201107,0,0,0
524100107,3,1,10061267,30201107,0,0,0
524100107,3,2,10141323,30201107,0,0,0
524100107,3,3,10211315,30201107,0,0,0
524100107,4,1,15091405,30203107,1,1,0
525100101,1,1,10061175,0,0,0,0
525100101,1,2,15011505,0,1,1,0
525100101,1,3,10011191,0,0,0,0
525100102,1,1,10061175,0,0,0,0
525100102,1,2,15051105,0,1,1,0
525100102,1,3,10011191,0,0,0,0
526100101,1,1,10021329,0,0,0,0
526100101,1,2,15091101,0,1,1,0
526100101,1,3,10101327,0,0,0,0
526100201,1,1,10101326,0,0,0,0
526100201,1,2,10081266,0,0,0,0
526100201,1,3,10171233,0,0,0,0
526100301,1,1,10161310,0,0,0,0
526100301,1,2,10191317,0,0,0,0
526100301,1,3,10011335,0,0,0,0
526100401,1,1,10061333,0,0,0,0
526100401,1,2,10291304,0,0,0,0
526100401,1,3,10161125,0,0,0,0
526100501,1,1,10031326,0,0,0,0
526100501,1,2,15041125,0,1,1,0
526100501,1,3,10051265,0,0,0,0
526100601,1,1,10061252,0,0,0,0
526100601,1,2,10081267,0,0,0,0
526100601,1,3,10111320,0,0,0,0
526100701,1,1,15011402,0,1,1,0
526100801,1,1,18023102,0,1,1,0
526100901,1,1,15051102,0,1,1,0
526101001,1,1,15091102,0,1,1,0
527100101,1,1,10031327,0,0,0,0
527100101,1,2,15091103,32013101,1,1,0
527100101,1,3,10111164,0,0,0,0
527100201,1,1,10151314,0,0,0,0
527100201,1,2,10191143,32011901,0,0,0
527100201,1,3,10081328,0,0,0,0
527100301,1,1,10161311,0,0,0,0
527100301,1,2,10151232,320111001,0,0,0
527100301,1,3,10121146,0,0,0,0
527100401,1,1,10321303,0,0,0,0
527100401,1,2,10071182,320111101,0,0,0
527100401,1,3,10141218,0,0,0,0
527100501,1,1,10121236,0,0,0,0
527100501,1,2,15041126,32013201,1,1,0
527100501,1,3,10301103,0,0,0,0
527100601,1,1,10051266,0,0,0,0
527100601,1,2,10151233,320111201,0,0,0
527100601,1,3,10071183,0,0,0,0
527100701,1,1,10081268,0,0,0,0
527100701,1,2,10161222,320111301,0,0,0
527100701,1,3,10191232,0,0,0,0
527100801,1,1,10171143,0,0,0,0
527100801,1,2,10081329,320111401,0,0,0
527100801,1,3,10301104,0,0,0,0
527100901,1,1,10151315,0,0,0,0
527100901,1,2,10291205,320111501,0,0,0
527100901,1,3,10121334,0,0,0,0
527101001,1,1,15031105,32013301,1,1,0
527101101,1,1,10121147,0,0,0,0
527101101,1,2,10061173,320111601,0,0,0
527101101,1,3,10321204,0,0,0,0
527101201,1,1,10301202,0,0,0,0
527101201,1,2,10161223,320111701,0,0,0
527101201,1,3,10031270,0,0,0,0
527101301,1,1,10151316,0,0,0,0
527101301,1,2,10171144,320111801,0,0,0
527101301,1,3,10051328,0,0,0,0
527101401,1,1,10041326,0,0,0,0
527101401,1,2,10181321,320111901,0,0,0
527101401,1,3,10141143,0,0,0,0
527101501,1,1,15051103,32013401,1,1,0
527101601,1,1,10131250,0,0,0,0
527101601,1,2,10291305,320112001,0,0,0
527101601,1,3,10161224,0,0,0,0
527101701,1,1,18023103,32013501,1,1,0
527101801,1,1,15011403,32013601,1,1,0
527101901,1,1,13505144,32013701,1,1,0
527102001,1,1,15091104,32013801,1,1,0
530100101,1,1,15041105,34013101,1,1,0
530100201,1,1,10031208,0,0,0,0
530100201,1,2,10081209,34013201,0,0,0
530100201,1,3,10321310,0,0,0,0
530100301,1,1,10121161,0,0,0,0
530100301,1,2,15091108,34013301,1,1,0
530100301,1,3,10051302,0,0,0,0
530100401,1,1,10051208,0,0,0,0
530100401,1,2,10301114,34013401,0,0,0
530100401,1,3,10151325,0,0,0,0
530100501,1,1,18023104,34013501,1,1,0
530100601,1,1,10031302,0,0,0,0
530100601,1,2,10121107,34013601,0,0,0
530100601,1,3,10301115,0,0,0,0
530100701,1,1,10151247,0,0,0,0
530100701,1,2,10021208,34013701,0,0,0
530100701,1,3,10141224,0,0,0,0
530100801,1,1,10101106,0,0,0,0
530100801,1,2,10091109,34013801,0,0,0
530100801,1,3,10151326,0,0,0,0
530100901,1,1,10151218,0,0,0,0
530100901,1,2,10031209,34013901,0,0,0
530100901,1,3,10181331,0,0,0,0
530101001,1,1,15031110,340131001,1,1,0
530101101,1,1,10151324,0,0,0,0
530101101,1,2,10291315,340131101,0,0,0
530101101,1,3,10071115,0,0,0,0
530101201,1,1,10191244,0,0,0,0
530101201,1,2,10161301,340131201,0,0,0
530101201,1,3,10071102,0,0,0,0
530101301,1,1,10301210,0,0,0,0
530101301,1,2,10041302,340131301,0,0,0
530101301,1,3,10161235,0,0,0,0
530101401,1,1,10121106,0,0,0,0
530101401,1,2,10081305,340131401,0,0,0
530101401,1,3,10171151,0,0,0,0
530101501,1,1,15051107,340131501,1,1,0
530101601,1,1,10121305,0,0,0,0
530101601,1,2,10321221,340131601,0,0,0
530101601,1,3,10081306,0,0,0,0
530101701,1,1,10111108,0,0,0,0
530101701,1,2,10191129,340131701,0,0,0
530101701,1,3,10171129,0,0,0,0
530101801,1,1,10121212,0,0,0,0
530101801,1,2,10141225,340131801,0,0,0
530101801,1,3,10161234,0,0,0,0
530101901,1,1,10131206,0,0,0,0
530101901,1,2,10291212,340131901,0,0,0
530101901,1,3,10051209,0,0,0,0
530102001,1,1,15031403,340132001,1,1,0
530102101,1,1,15091109,340132101,1,1,0
530102201,1,1,18023105,340132201,1,1,0
530102301,1,1,15031111,340132301,1,1,0
530102401,1,1,15051108,340132401,1,1,0
530102501,1,1,15041127,340132501,1,1,0
531100101,1,1,10010103,0,0,0,0
531100201,1,1,10180103,0,0,0,0
531100301,1,1,10060103,0,0,0,0
531100401,1,1,10050103,0,0,0,0
531100501,1,1,10020103,0,0,0,0
531100601,1,1,10160103,0,0,0,0
531100701,1,1,10030103,0,0,0,0
531100801,1,1,10070101,0,0,0,0
531100901,1,1,10040103,0,0,0,0
531101001,1,1,10170103,0,0,0,0
531200101,1,1,15011108,0,1,1,0
531300101,1,1,15011108,0,1,1,0
531400101,1,1,15011108,0,1,1,0
531500101,1,1,15011108,0,1,1,0
536100101,1,1,10010104,0,0,0,0
536100201,1,1,10010104,0,0,0,0
536100301,1,1,10010104,0,0,0,0
536100401,1,1,10010104,0,0,0,0
536100501,1,1,10010104,0,0,0,0
536100601,1,1,10010104,0,0,0,0
536100701,1,1,10010104,0,0,0,0
538100101,1,1,15101105,35013101,1,1,0
538100201,1,1,10111109,0,0,0,0
538100201,1,2,10041351,35011201,0,0,0
538100201,1,3,10191251,0,0,0,0
538100301,1,1,10121309,0,0,0,0
538100301,1,2,10321319,35011301,0,0,0
538100301,1,3,10191157,0,0,0,0
538100401,1,1,10061103,0,0,0,0
538100401,1,2,10041352,35011401,0,0,0
538100401,1,3,10161243,0,0,0,0
538100501,1,1,15051113,35013501,1,1,0
538100601,1,1,10161152,0,0,0,0
538100601,1,2,10081307,35011601,0,0,0
538100601,1,3,10191158,0,0,0,0
538100701,1,1,10051108,0,0,0,0
538100701,1,2,10161153,35011701,0,0,0
538100701,1,3,10131207,0,0,0,0
538100801,1,1,10011202,0,0,0,0
538100801,1,2,10171338,35011801,0,0,0
538100801,1,3,10061302,0,0,0,0
538100901,1,1,10161330,0,0,0,0
538100901,1,2,10031294,35011901,0,0,0
538100901,1,3,10291221,0,0,0,0
538101001,1,1,15091110,350131001,1,1,0
538101101,1,1,10121265,0,0,0,0
538101101,1,2,10041353,350111101,0,0,0
538101101,1,3,10161244,0,0,0,0
538101201,1,1,10131208,0,0,0,0
538101201,1,2,10081308,350111201,0,0,0
538101201,1,3,10171158,0,0,0,0
538101301,1,1,10121310,0,0,0,0
538101301,1,2,10291323,350111301,0,0,0
538101301,1,3,10071116,0,0,0,0
538101401,1,1,10111110,0,0,0,0
538101401,1,2,10161331,350111401,0,0,0
538101401,1,3,10071117,0,0,0,0
538101501,1,1,15041128,350131501,1,1,0
538101601,1,1,10301123,0,0,0,0
538101601,1,2,10051210,350111601,0,0,0
538101601,1,3,10161245,0,0,0,0
538101701,1,1,10121156,0,0,0,0
538101701,1,2,10291222,350111701,0,0,0
538101701,1,3,10141231,0,0,0,0
538101801,1,1,15031404,350131801,1,1,0
538101901,1,1,10191252,0,0,0,0
538101901,1,2,10321230,350111901,0,0,0
538101901,1,3,10171159,0,0,0,0
538102001,1,1,10151334,0,0,0,0
538102001,1,2,10191159,350112001,0,0,0
538102001,1,3,10081351,0,0,0,0
538102101,1,1,15011405,350132101,1,1,0
538102201,1,1,15051602,350132201,1,1,0
538102301,1,1,15041403,350132301,1,1,0
538102401,1,1,15031112,350132401,1,1,0
538102501,1,1,15101106,350132501,1,1,0
539100101,1,1,10041195,30201201,0,0,0
539100101,1,2,10071271,30201201,0,0,0
539100101,1,3,10091344,30201201,0,0,0
539100101,2,1,10041195,30201201,0,0,0
539100101,2,2,10091344,30201201,0,0,0
539100101,2,3,10201119,30201201,0,0,0
539100101,3,1,10071271,30201201,0,0,0
539100101,3,2,10201119,30201201,0,0,0
539100101,3,3,10321320,30201201,0,0,0
539100101,4,1,15091202,30203201,1,1,0
539100102,1,1,10041195,30201202,0,0,0
539100102,1,2,10071271,30201202,0,0,0
539100102,1,3,10091344,30201202,0,0,0
539100102,2,1,10041195,30201202,0,0,0
539100102,2,2,10091344,30201202,0,0,0
539100102,2,3,10201119,30201202,0,0,0
539100102,3,1,10071271,30201202,0,0,0
539100102,3,2,10201119,30201202,0,0,0
539100102,3,3,10321320,30201202,0,0,0
539100102,4,1,15091202,30203202,1,1,0
539100103,1,1,10041195,30201203,0,0,0
539100103,1,2,10071271,30201203,0,0,0
539100103,1,3,10091344,30201203,0,0,0
539100103,2,1,10041195,30201203,0,0,0
539100103,2,2,10091344,30201203,0,0,0
539100103,2,3,10201119,30201203,0,0,0
539100103,3,1,10071271,30201203,0,0,0
539100103,3,2,10201119,30201203,0,0,0
539100103,3,3,10321320,30201203,0,0,0
539100103,4,1,15091203,30203203,1,1,0
539100104,1,1,10041195,30201204,0,0,0
539100104,1,2,10071271,30201204,0,0,0
539100104,1,3,10091344,30201204,0,0,0
539100104,2,1,10041195,30201204,0,0,0
539100104,2,2,10091344,30201204,0,0,0
539100104,2,3,10201120,30201204,0,0,0
539100104,3,1,10071271,30201204,0,0,0
539100104,3,2,10201120,30201204,0,0,0
539100104,3,3,10321320,30201204,0,0,0
539100104,4,1,15091204,30203204,1,1,0
539100105,1,1,10011358,30201205,0,0,0
539100105,1,2,10081282,30201205,0,0,0
539100105,1,3,10111268,30201205,0,0,0
539100105,2,1,10011358,30201205,0,0,0
539100105,2,2,10111268,30201205,0,0,0
539100105,2,3,10211316,30201205,0,0,0
539100105,3,1,10081282,30201205,0,0,0
539100105,3,2,10211316,30201205,0,0,0
539100105,3,3,10321123,30201205,0,0,0
539100105,4,1,15041601,30203205,1,1,0
539100106,1,1,10011358,30201206,0,0,0
539100106,1,2,10081282,30201206,0,0,0
539100106,1,3,10111268,30201206,0,0,0
539100106,2,1,10011358,30201206,0,0,0
539100106,2,2,10111268,30201206,0,0,0
539100106,2,3,10211316,30201206,0,0,0
539100106,3,1,10081282,30201206,0,0,0
539100106,3,2,10211316,30201206,0,0,0
539100106,3,3,10321123,30201206,0,0,0
539100106,4,1,15041602,30203206,1,1,0
539100107,1,1,10011359,30201207,0,0,0
539100107,1,2,10081283,30201207,0,0,0
539100107,1,3,10111268,30201207,0,0,0
539100107,2,1,10011359,30201207,0,0,0
539100107,2,2,10111268,30201207,0,0,0
539100107,2,3,10211317,30201207,0,0,0
539100107,3,1,10081283,30201207,0,0,0
539100107,3,2,10211317,30201207,0,0,0
539100107,3,3,10321124,30201207,0,0,0
539100107,4,1,15041603,30203207,1,1,0
539100108,1,1,10041196,30201207,0,0,0
539100108,1,2,10071272,30201207,0,0,0
539100108,1,3,10091345,30201207,0,0,0
539100108,2,1,10041196,30201207,0,0,0
539100108,2,2,10091345,30201207,0,0,0
539100108,2,3,10201121,30201207,0,0,0
539100108,3,1,10071272,30201207,0,0,0
539100108,3,2,10201121,30201207,0,0,0
539100108,3,3,10321321,30201207,0,0,0
539100108,4,1,15091205,30203207,1,1,0
540100101,1,1,10301237,36013101,1,1,0
540100201,1,1,10161175,0,0,0,0
540100201,1,2,10081365,36011201,0,0,0
540100201,1,3,10191167,0,0,0,0
540100301,1,1,20051106,0,0,0,0
540100301,1,2,10161176,36011301,0,0,0
540100301,1,3,10131281,0,0,0,0
540100401,1,1,20071127,0,0,0,0
540100401,1,2,10171180,36011401,0,0,0
540100401,1,3,10161177,0,0,0,0
540100501,1,1,15011201,36013501,1,1,0
540100601,1,1,10121361,0,0,0,0
540100601,1,2,10321325,36011601,0,0,0
540100601,1,3,10191168,0,0,0,0
540100701,1,1,10161346,0,0,0,0
540100701,1,2,20031206,36011701,0,0,0
540100701,1,3,10291224,0,0,0,0
540100801,1,1,10301236,0,0,0,0
540100801,1,2,10051291,36011801,0,0,0
540100801,1,3,10161260,0,0,0,0
540100901,1,1,20061105,0,0,0,0
540100901,1,2,10041375,36011901,0,0,0
540100901,1,3,10161261,0,0,0,0
540101001,1,1,15101107,360131001,1,1,0
540101101,1,1,10121181,0,0,0,0
540101101,1,2,10291225,360111101,0,0,0
540101101,1,3,10141263,0,0,0,0
540101201,1,1,10111198,0,0,0,0
540101201,1,2,10041376,360111201,0,0,0
540101201,1,3,10191267,0,0,0,0
540101301,1,1,10151349,0,0,0,0
540101301,1,2,10191169,360111301,0,0,0
540101301,1,3,10081366,0,0,0,0
540101401,1,1,10131282,0,0,0,0
540101401,1,2,10081367,360111401,0,0,0
540101401,1,3,10171178,0,0,0,0
540101501,1,1,15091111,360131501,1,1,0
540101601,1,1,10121362,0,0,0,0
540101601,1,2,10291325,360111601,0,0,0
540101601,1,3,20071125,0,0,0,0
540101701,1,1,20011208,0,0,0,0
540101701,1,2,10171355,360111701,0,0,0
540101701,1,3,10061364,0,0,0,0
540101801,1,1,10111199,0,0,0,0
540101801,1,2,10161347,360111801,0,0,0
540101801,1,3,20071126,0,0,0,0
540101901,1,1,10291223,0,0,0,0
540101901,1,2,10321241,360111901,0,0,0
540101901,1,3,10171179,0,0,0,0
540102001,1,1,15041404,360132001,1,1,0
540102101,1,1,15051603,360132101,1,1,0
540102201,1,1,15031305,360132201,1,1,0
540102301,1,1,15051507,360132301,1,1,0
540102401,1,1,15041207,360132401,1,1,0
540102501,1,1,15101205,360132501,1,1,0
541100101,1,1,10031375,30201301,0,0,0
541100101,1,2,20071130,30201301,0,0,0
541100101,1,3,10091273,30201301,0,0,0
541100101,2,1,10031375,30201301,0,0,0
541100101,2,2,10091273,30201301,0,0,0
541100101,2,3,10311111,30201301,0,0,0
541100101,3,1,20071130,30201301,0,0,0
541100101,3,2,10311111,30201301,0,0,0
541100101,3,3,10151353,30201301,0,0,0
541100101,4,1,15051303,30203301,1,1,0
541100102,1,1,10031375,30201302,0,0,0
541100102,1,2,20071130,30201302,0,0,0
541100102,1,3,10091273,30201302,0,0,0
541100102,2,1,10031375,30201302,0,0,0
541100102,2,2,10091273,30201302,0,0,0
541100102,2,3,10311111,30201302,0,0,0
541100102,3,1,20071130,30201302,0,0,0
541100102,3,2,10311111,30201302,0,0,0
541100102,3,3,10151353,30201302,0,0,0
541100102,4,1,15051303,30203302,1,1,0
541100103,1,1,10031375,30201303,0,0,0
541100103,1,2,20071130,30201303,0,0,0
541100103,1,3,10091273,30201303,0,0,0
541100103,2,1,10031375,30201303,0,0,0
541100103,2,2,10091273,30201303,0,0,0
541100103,2,3,10311111,30201303,0,0,0
541100103,3,1,20071130,30201303,0,0,0
541100103,3,2,10311111,30201303,0,0,0
541100103,3,3,10151353,30201303,0,0,0
541100103,4,1,15051304,30203303,1,1,0
541100104,1,1,10031375,30201304,0,0,0
541100104,1,2,20071130,30201304,0,0,0
541100104,1,3,10091273,30201304,0,0,0
541100104,2,1,10031375,30201304,0,0,0
541100104,2,2,10091273,30201304,0,0,0
541100104,2,3,10311112,30201304,0,0,0
541100104,3,1,20071130,30201304,0,0,0
541100104,3,2,10311112,30201304,0,0,0
541100104,3,3,10151353,30201304,0,0,0
541100104,4,1,15051305,30203304,1,1,0
541100105,1,1,20011307,30201305,0,0,0
541100105,1,2,10081368,30201305,0,0,0
541100105,1,3,10111281,30201305,0,0,0
541100105,2,1,20011307,30201305,0,0,0
541100105,2,2,10111281,30201305,0,0,0
541100105,2,3,10211223,30201305,0,0,0
541100105,3,1,10081368,30201305,0,0,0
541100105,3,2,10211223,30201305,0,0,0
541100105,3,3,10301139,30201305,0,0,0
541100105,4,1,15031209,30203305,1,1,0
541100106,1,1,20011307,30201306,0,0,0
541100106,1,2,10081368,30201306,0,0,0
541100106,1,3,10111281,30201306,0,0,0
541100106,2,1,20011307,30201306,0,0,0
541100106,2,2,10111281,30201306,0,0,0
541100106,2,3,10211223,30201306,0,0,0
541100106,3,1,10081368,30201306,0,0,0
541100106,3,2,10211223,30201306,0,0,0
541100106,3,3,10301139,30201306,0,0,0
541100106,4,1,15031210,30203306,1,1,0
541100107,1,1,20011308,30201307,0,0,0
541100107,1,2,10081369,30201307,0,0,0
541100107,1,3,10111281,30201307,0,0,0
541100107,2,1,20011308,30201307,0,0,0
541100107,2,2,10111281,30201307,0,0,0
541100107,2,3,10211224,30201307,0,0,0
541100107,3,1,10081369,30201307,0,0,0
541100107,3,2,10211224,30201307,0,0,0
541100107,3,3,10301140,30201307,0,0,0
541100107,4,1,15031211,30203307,1,1,0
541100108,1,1,10031376,30201307,0,0,0
541100108,1,2,20071131,30201307,0,0,0
541100108,1,3,10091274,30201307,0,0,0
541100108,2,1,10031376,30201307,0,0,0
541100108,2,2,10091274,30201307,0,0,0
541100108,2,3,10311113,30201307,0,0,0
541100108,3,1,20071131,30201307,0,0,0
541100108,3,2,10311113,30201307,0,0,0
541100108,3,3,10151354,30201307,0,0,0
541100108,4,1,15051306,30203307,1,1,0
542100101,1,1,10010105,0,0,0,0
542100101,1,2,10020104,0,0,0,0
542100101,1,3,10030104,0,0,0,0
542100201,1,1,10040104,0,0,0,0
542100201,1,2,10060104,0,0,0,0
542100201,1,3,10050104,0,0,0,0
542100301,1,1,10008301,0,0,0,0
542100301,1,2,10008401,0,0,0,0
542100301,1,3,10850202,0,0,0,0
542100401,1,1,10020105,0,0,0,0
542100401,1,2,10060104,0,0,0,0
542100401,1,3,10070102,0,0,0,0
542100501,1,1,10090101,0,0,0,0
542100501,1,2,10030105,0,0,0,0
542100501,1,3,10050105,0,0,0,0
542100601,1,1,10010106,0,0,0,0
542100601,1,2,10040105,0,0,0,0
542100601,1,3,10008302,0,0,0,0
542100701,1,1,10010107,0,0,0,0
542100701,1,2,10020106,0,0,0,0
542100701,1,3,10030106,0,0,0,0
543100101,1,1,10170104,0,0,0,0
543100101,1,2,10180104,0,0,0,0
543100101,1,3,10160104,0,0,0,0
543100201,1,1,10210101,0,0,0,0
543100201,1,2,10200101,0,0,0,0
543100201,1,3,10330101,0,0,0,0
543100301,1,1,10180105,0,0,0,0
543100301,1,2,10240101,0,0,0,0
543100401,1,1,10330102,0,0,0,0
543100401,1,2,10160105,0,0,0,0
543100501,1,1,10170105,0,0,0,0
543100501,1,2,10200102,0,0,0,0
543100601,1,1,10200103,0,0,0,0
543100601,1,2,10330103,0,0,0,0
543100601,1,3,10210102,0,0,0,0
543100701,1,1,10170106,0,0,0,0
543100701,1,2,10180106,0,0,0,0
543100701,1,3,10160106,0,0,0,0
544100101,1,1,10051352,30201401,0,0,0
544100101,1,2,20081103,30201401,0,0,0
544100101,1,3,10121280,30201401,0,0,0
544100101,2,1,10051352,30201401,0,0,0
544100101,2,2,10121280,30201401,0,0,0
544100101,2,3,10311114,30201401,0,0,0
544100101,3,1,20081103,30201401,0,0,0
544100101,3,2,10311114,30201401,0,0,0
544100101,3,3,10141350,30201401,0,0,0
544100101,4,1,15091502,30203401,1,1,0
544100102,1,1,10051352,30201402,0,0,0
544100102,1,2,20081103,30201402,0,0,0
544100102,1,3,10121280,30201402,0,0,0
544100102,2,1,10051352,30201402,0,0,0
544100102,2,2,10121280,30201402,0,0,0
544100102,2,3,10311114,30201402,0,0,0
544100102,3,1,20081103,30201402,0,0,0
544100102,3,2,10311114,30201402,0,0,0
544100102,3,3,10141350,30201402,0,0,0
544100102,4,1,15091502,30203402,1,1,0
544100103,1,1,10051352,30201403,0,0,0
544100103,1,2,20081103,30201403,0,0,0
544100103,1,3,10121280,30201403,0,0,0
544100103,2,1,10051352,30201403,0,0,0
544100103,2,2,10121280,30201403,0,0,0
544100103,2,3,10311114,30201403,0,0,0
544100103,3,1,20081103,30201403,0,0,0
544100103,3,2,10311114,30201403,0,0,0
544100103,3,3,10141350,30201403,0,0,0
544100103,4,1,15091503,30203403,1,1,0
544100104,1,1,10051352,30201404,0,0,0
544100104,1,2,20081103,30201404,0,0,0
544100104,1,3,10121280,30201404,0,0,0
544100104,2,1,10051352,30201404,0,0,0
544100104,2,2,10121280,30201404,0,0,0
544100104,2,3,10311115,30201404,0,0,0
544100104,3,1,20081103,30201404,0,0,0
544100104,3,2,10311115,30201404,0,0,0
544100104,3,3,10141350,30201404,0,0,0
544100104,4,1,15091504,30203404,1,1,0
544100105,1,1,20011309,30201405,0,0,0
544100105,1,2,10081370,30201405,0,0,0
544100105,1,3,10111282,30201405,0,0,0
544100105,2,1,20011309,30201405,0,0,0
544100105,2,2,10111282,30201405,0,0,0
544100105,2,3,10311212,30201405,0,0,0
544100105,3,1,10081370,30201405,0,0,0
544100105,3,2,10311212,30201405,0,0,0
544100105,3,3,10301141,30201405,0,0,0
544100105,4,1,15011301,30203405,1,1,0
544100106,1,1,20011309,30201406,0,0,0
544100106,1,2,10081370,30201406,0,0,0
544100106,1,3,10111282,30201406,0,0,0
544100106,2,1,20011309,30201406,0,0,0
544100106,2,2,10111282,30201406,0,0,0
544100106,2,3,10311212,30201406,0,0,0
544100106,3,1,10081370,30201406,0,0,0
544100106,3,2,10311212,30201406,0,0,0
544100106,3,3,10301141,30201406,0,0,0
544100106,4,1,15011302,30203406,1,1,0
544100107,1,1,20011310,30201407,0,0,0
544100107,1,2,10081371,30201407,0,0,0
544100107,1,3,10111282,30201407,0,0,0
544100107,2,1,20011310,30201407,0,0,0
544100107,2,2,10111282,30201407,0,0,0
544100107,2,3,10311213,30201407,0,0,0
544100107,3,1,10081371,30201407,0,0,0
544100107,3,2,10311213,30201407,0,0,0
544100107,3,3,10301142,30201407,0,0,0
544100107,4,1,15011303,30203407,1,1,0
544100108,1,1,10051353,30201407,0,0,0
544100108,1,2,20081104,30201407,0,0,0
544100108,1,3,10121281,30201407,0,0,0
544100108,2,1,10051353,30201407,0,0,0
544100108,2,2,10121281,30201407,0,0,0
544100108,2,3,10311116,30201407,0,0,0
544100108,3,1,20081104,30201407,0,0,0
544100108,3,2,10311116,30201407,0,0,0
544100108,3,3,10141351,30201407,0,0,0
544100108,4,1,15091505,30203407,1,1,0
545100101,1,1,10161348,0,0,0,0
545100101,1,2,10191343,37013101,0,0,0
545100101,1,3,20011311,0,0,0,0
545100201,1,1,10151355,0,0,0,0
545100201,1,2,10191170,37011102,0,0,0
545100201,1,3,10081372,0,0,0,0
545100301,1,1,10051292,0,0,0,0
545100301,1,2,10151273,37011103,0,0,0
545100301,1,3,20071132,0,0,0,0
545100401,1,1,10151356,0,0,0,0
545100401,1,2,10291226,37011104,0,0,0
545100401,1,3,10121367,0,0,0,0
545100501,1,1,15111106,37013105,1,1,0
545100601,1,1,10151357,0,0,0,0
545100601,1,2,10171181,37011106,0,0,0
545100601,1,3,10051354,0,0,0,0
545100701,1,1,10061367,0,0,0,0
545100701,1,2,10291326,37011107,0,0,0
545100701,1,3,10161180,0,0,0,0
545100801,1,1,10161349,0,0,0,0
545100801,1,2,10151274,37011108,0,0,0
545100801,1,3,10121182,0,0,0,0
545100901,1,1,10081299,0,0,0,0
545100901,1,2,10161266,37011109,0,0,0
545100901,1,3,10191269,0,0,0,0
545101001,1,1,15051114,37013110,1,1,0
545101101,1,1,10121183,0,0,0,0
545101101,1,2,20061108,37011111,0,0,0
545101101,1,3,10321243,0,0,0,0
545101201,1,1,10041378,0,0,0,0
545101201,1,2,10181353,37011112,0,0,0
545101201,1,3,10141171,0,0,0,0
545101301,1,1,10101366,0,0,0,0
545101301,1,2,20081201,37011113,0,0,0
545101301,1,3,10171272,0,0,0,0
545101401,1,1,10321326,0,0,0,0
545101401,1,2,20071133,37011114,0,0,0
545101401,1,3,10141265,0,0,0,0
545101501,1,1,15041405,37013115,1,1,0
545101601,1,1,10061287,0,0,0,0
545101601,1,2,20081202,37011116,0,0,0
545101601,1,3,10111363,0,0,0,0
545101701,1,1,10301240,0,0,0,0
545101701,1,2,10161267,37011117,0,0,0
545101701,1,3,20031212,0,0,0,0
545101801,1,1,10171182,0,0,0,0
545101801,1,2,10081373,37011118,0,0,0
545101801,1,3,10301143,0,0,0,0
545101901,1,1,10031377,0,0,0,0
545101901,1,2,10301144,37011119,0,0,0
545101901,1,3,20111101,0,0,0,0
545102001,1,1,15011304,37013120,1,1,0
545102101,1,1,15091206,37013121,1,1,0
545102201,1,1,15031406,37013122,1,1,0
545102301,1,1,15011406,37013123,1,1,0
545102401,1,1,15101402,37013124,1,1,0
545102501,1,1,15111107,37013125,1,1,0
546100101,1,1,10081379,30201501,0,0,0
546100101,1,2,10051297,30201501,0,0,0
546100101,1,3,10131286,30201501,0,0,0
546100101,2,1,10051297,30201501,0,0,0
546100101,2,2,10151167,30201501,0,0,0
546100101,2,3,10131286,30201501,0,0,0
546100101,3,1,10081379,30201501,0,0,0
546100101,3,2,10151167,30201501,0,0,0
546100101,3,3,10311220,30201501,0,0,0
546100101,4,1,15041308,30203501,1,1,0
546100102,1,1,10081379,30201502,0,0,0
546100102,1,2,10051297,30201502,0,0,0
546100102,1,3,10131286,30201502,0,0,0
546100102,2,1,10051297,30201502,0,0,0
546100102,2,2,10151167,30201502,0,0,0
546100102,2,3,10131286,30201502,0,0,0
546100102,3,1,10081379,30201502,0,0,0
546100102,3,2,10151167,30201502,0,0,0
546100102,3,3,10311220,30201502,0,0,0
546100102,4,1,15041309,30203502,1,1,0
546100103,1,1,10081379,30201503,0,0,0
546100103,1,2,10051297,30201503,0,0,0
546100103,1,3,10131286,30201503,0,0,0
546100103,2,1,10051297,30201503,0,0,0
546100103,2,2,10151167,30201503,0,0,0
546100103,2,3,10131286,30201503,0,0,0
546100103,3,1,10081379,30201503,0,0,0
546100103,3,2,10151167,30201503,0,0,0
546100103,3,3,10311220,30201503,0,0,0
546100103,4,1,15041309,30203503,1,1,0
546100104,1,1,10081379,30201504,0,0,0
546100104,1,2,10051297,30201504,0,0,0
546100104,1,3,10131286,30201504,0,0,0
546100104,2,1,10051297,30201504,0,0,0
546100104,2,2,10151167,30201504,0,0,0
546100104,2,3,10131286,30201504,0,0,0
546100104,3,1,10081379,30201504,0,0,0
546100104,3,2,10151167,30201504,0,0,0
546100104,3,3,10191344,30201504,0,0,0
546100104,4,1,15041310,30203504,1,1,0
546100105,1,1,10061372,30201505,0,0,0
546100105,1,2,20071146,30201505,0,0,0
546100105,1,3,10121293,30201505,0,0,0
546100105,2,1,10061372,30201505,0,0,0
546100105,2,2,10151285,30201505,0,0,0
546100105,2,3,10121293,30201505,0,0,0
546100105,3,1,20071146,30201505,0,0,0
546100105,3,2,10151285,30201505,0,0,0
546100105,3,3,10181263,30201505,0,0,0
546100105,4,1,15101403,30203505,1,1,0
546100106,1,1,10061372,30201506,0,0,0
546100106,1,2,20071146,30201506,0,0,0
546100106,1,3,10121293,30201506,0,0,0
546100106,2,1,10061372,30201506,0,0,0
546100106,2,2,10151285,30201506,0,0,0
546100106,2,3,10121293,30201506,0,0,0
546100106,3,1,20071146,30201506,0,0,0
546100106,3,2,10151285,30201506,0,0,0
546100106,3,3,10181263,30201506,0,0,0
546100106,4,1,15101404,30203506,1,1,0
546100107,1,1,10061372,30201507,0,0,0
546100107,1,2,20071146,30201507,0,0,0
546100107,1,3,10121293,30201507,0,0,0
546100107,2,1,10061372,30201507,0,0,0
546100107,2,2,10151285,30201507,0,0,0
546100107,2,3,10121293,30201507,0,0,0
546100107,3,1,20071146,30201507,0,0,0
546100107,3,2,10151285,30201507,0,0,0
546100107,3,3,10181263,30201507,0,0,0
546100107,4,1,15101405,30203507,1,1,0
546100108,1,1,10081379,30201507,0,0,0
546100108,1,2,10051297,30201507,0,0,0
546100108,1,3,10131286,30201507,0,0,0
546100108,2,1,10051297,30201507,0,0,0
546100108,2,2,10151167,30201507,0,0,0
546100108,2,3,10131286,30201507,0,0,0
546100108,3,1,10081379,30201507,0,0,0
546100108,3,2,10151167,30201507,0,0,0
546100108,3,3,10311220,30201507,0,0,0
546100108,4,1,15041311,30203507,1,1,0
547100101,1,1,10151386,0,0,0,0
547100101,1,2,20121101,38011101,0,0,0
547100101,1,3,10141287,0,0,0,0
547100201,1,1,10161358,0,0,0,0
547100201,1,2,20031227,38011102,0,0,0
547100201,1,3,20081217,0,0,0,0
547100301,1,1,20061202,0,0,0,0
547100301,1,2,10171197,38011103,0,0,0
547100301,1,3,10111382,0,0,0,0
547100401,1,1,10191347,0,0,0,0
547100401,1,2,10301154,38011104,0,0,0
547100401,1,3,10051366,0,0,0,0
547100501,1,1,15101112,38013105,1,1,0
547100601,1,1,10171289,0,0,0,0
547100601,1,2,20081218,38011106,0,0,0
547100601,1,3,10151387,0,0,0,0
547100701,1,1,10041393,0,0,0,0
547100701,1,2,20061131,38011107,0,0,0
547100701,1,3,10161286,0,0,0,0
547100801,1,1,10321245,0,0,0,0
547100801,1,2,20121102,38011108,0,0,0
547100801,1,3,10141195,0,0,0,0
547100901,1,1,10081391,0,0,0,0
547100901,1,2,10181362,38011109,0,0,0
547100901,1,3,10301155,0,0,0,0
547101001,1,1,15041132,38013110,1,1,0
547101101,1,1,10151294,0,0,0,0
547101101,1,2,10161359,38011111,0,0,0
547101101,1,3,20071154,0,0,0,0
547101201,1,1,10291233,0,0,0,0
547101201,1,2,20051210,38011112,0,0,0
547101201,1,3,10061388,0,0,0,0
547101301,1,1,10191178,0,0,0,0
547101301,1,2,10321331,38011113,0,0,0
547101301,1,3,20081219,0,0,0,0
547101401,1,1,20031302,0,0,0,0
547101401,1,2,20161105,38011114,0,0,0
547101401,1,3,10291339,0,0,0,0
547101501,1,1,15011407,38013115,1,1,0
547101601,1,1,10171198,0,0,0,0
547101601,1,2,10151388,38011116,0,0,0
547101601,1,3,10121384,0,0,0,0
547101701,1,1,10081392,0,0,0,0
547101701,1,2,20011332,38011117,0,0,0
547101701,1,3,10191282,0,0,0,0
547101801,1,1,10161287,0,0,0,0
547101801,1,2,10301249,38011118,0,0,0
547101801,1,3,20111113,0,0,0,0
547101901,1,1,10151295,0,0,0,0
547101901,1,2,20071155,38011119,0,0,0
547101901,1,3,10101381,0,0,0,0
547102001,1,1,15051605,38013120,1,1,0
547102101,1,1,15091113,38013121,1,1,0
547102201,1,1,15111108,38013122,1,1,0
547102301,1,1,15031119,38013123,1,1,0
547102401,1,1,15051117,38013124,1,1,0
547102501,1,1,15101113,38013125,1,1,0
549100101,1,1,20081221,30201601,0,0,0
549100101,1,2,20041225,30201601,0,0,0
549100101,1,3,10301158,30201601,0,0,0
549100101,2,1,20041225,30201601,0,0,0
549100101,2,2,20121106,30201601,0,0,0
549100101,2,3,10301158,30201601,0,0,0
549100101,3,1,20081221,30201601,0,0,0
549100101,3,2,20121106,30201601,0,0,0
549100101,3,3,10201147,30201601,0,0,0
549100101,4,1,15111304,30203601,1,1,0
549100102,1,1,20081221,30201602,0,0,0
549100102,1,2,20041225,30201602,0,0,0
549100102,1,3,10301158,30201602,0,0,0
549100102,2,1,20041225,30201602,0,0,0
549100102,2,2,20121106,30201602,0,0,0
549100102,2,3,10301158,30201602,0,0,0
549100102,3,1,20081221,30201602,0,0,0
549100102,3,2,20121106,30201602,0,0,0
549100102,3,3,10201147,30201602,0,0,0
549100102,4,1,15111304,30203602,1,1,0
549100103,1,1,20081221,30201603,0,0,0
549100103,1,2,20041225,30201603,0,0,0
549100103,1,3,10301158,30201603,0,0,0
549100103,2,1,20041225,30201603,0,0,0
549100103,2,2,20121106,30201603,0,0,0
549100103,2,3,10301158,30201603,0,0,0
549100103,3,1,20081221,30201603,0,0,0
549100103,3,2,20121106,30201603,0,0,0
549100103,3,3,10201147,30201603,0,0,0
549100103,4,1,15111305,30203603,1,1,0
549100104,1,1,20081221,30201604,0,0,0
549100104,1,2,20041225,30201604,0,0,0
549100104,1,3,10301158,30201604,0,0,0
549100104,2,1,20041225,30201604,0,0,0
549100104,2,2,20121106,30201604,0,0,0
549100104,2,3,10301158,30201604,0,0,0
549100104,3,1,20081221,30201604,0,0,0
549100104,3,2,20121106,30201604,0,0,0
549100104,3,3,10291133,30201604,0,0,0
549100104,4,1,15111306,30203604,1,1,0
549100105,1,1,10061389,30201605,0,0,0
549100105,1,2,20051125,30201605,0,0,0
549100105,1,3,20111206,30201605,0,0,0
549100105,2,1,20051125,30201605,0,0,0
549100105,2,2,10101383,30201605,0,0,0
549100105,2,3,20111206,30201605,0,0,0
549100105,3,1,10061389,30201605,0,0,0
549100105,3,2,10101383,30201605,0,0,0
549100105,3,3,10191349,30201605,0,0,0
549100105,4,1,15031212,30203605,1,1,0
549100106,1,1,10061389,30201606,0,0,0
549100106,1,2,20051125,30201606,0,0,0
549100106,1,3,20111206,30201606,0,0,0
549100106,2,1,20051125,30201606,0,0,0
549100106,2,2,10101383,30201606,0,0,0
549100106,2,3,20111206,30201606,0,0,0
549100106,3,1,10061389,30201606,0,0,0
549100106,3,2,10101383,30201606,0,0,0
549100106,3,3,10191349,30201606,0,0,0
549100106,4,1,15031213,30203606,1,1,0
549100107,1,1,10061389,30201607,0,0,0
549100107,1,2,20051125,30201607,0,0,0
549100107,1,3,20111206,30201607,0,0,0
549100107,2,1,20051125,30201607,0,0,0
549100107,2,2,10101383,30201607,0,0,0
549100107,2,3,20111206,30201607,0,0,0
549100107,3,1,10061389,30201607,0,0,0
549100107,3,2,10101383,30201607,0,0,0
549100107,3,3,10291234,30201607,0,0,0
549100107,4,1,15031214,30203607,1,1,0
549100108,1,1,20081221,30201607,0,0,0
549100108,1,2,20041225,30201607,0,0,0
549100108,1,3,10301158,30201607,0,0,0
549100108,2,1,20041225,30201607,0,0,0
549100108,2,2,20121106,30201607,0,0,0
549100108,2,3,10301158,30201607,0,0,0
549100108,3,1,20081221,30201607,0,0,0
549100108,3,2,20121106,30201607,0,0,0
549100108,3,3,10201147,30201607,0,0,0
549100108,4,1,15111307,30203607,1,1,0
550100101,1,1,20121126,0,0,0,0
550100101,1,2,20041249,39011101,0,0,0
550100101,1,3,10301278,0,0,0,0
550100201,1,1,20151347,0,0,0,0
550100201,1,2,20081335,39011102,0,0,0
550100201,1,3,20191104,0,0,0,0
550100301,1,1,20051152,0,0,0,0
550100301,1,2,20151219,39011103,0,0,0
550100301,1,3,20111134,0,0,0,0
550100401,1,1,10321155,0,0,0,0
550100401,1,2,20171222,39011104,0,0,0
550100401,1,3,20021126,0,0,0,0
550100501,1,1,10301181,39013105,1,1,0
550100601,1,1,20121303,0,0,0,0
550100601,1,2,10321156,39011106,0,0,0
550100601,1,3,20191105,0,0,0,0
550100701,1,1,10301362,0,0,0,0
550100701,1,2,20031248,39011107,0,0,0
550100701,1,3,10291372,0,0,0,0
550100801,1,1,20061223,0,0,0,0
550100801,1,2,10051380,39011108,0,0,0
550100801,1,3,20151348,0,0,0,0
550100901,1,1,20071235,0,0,0,0
550100901,1,2,20041138,39011109,0,0,0
550100901,1,3,10301363,0,0,0,0
550101001,1,1,15041313,39013110,1,1,0
550101101,1,1,20121127,0,0,0,0
550101101,1,2,10291373,39011111,0,0,0
550101101,1,3,20141118,0,0,0,0
550101201,1,1,20111135,0,0,0,0
550101201,1,2,20031154,39011112,0,0,0
550101201,1,3,10321157,0,0,0,0
550101301,1,1,20151349,0,0,0,0
550101301,1,2,10191364,39011113,0,0,0
550101301,1,3,20031332,0,0,0,0
550101401,1,1,20101120,0,0,0,0
550101401,1,2,20151220,39011114,0,0,0
550101401,1,3,20171223,0,0,0,0
550101501,1,1,10311258,39013115,1,1,0
550101601,1,1,20091214,0,0,0,0
550101601,1,2,10291374,39011116,0,0,0
550101601,1,3,20021127,0,0,0,0
550101701,1,1,20011246,0,0,0,0
550101701,1,2,10171394,39011117,0,0,0
550101701,1,3,10151188,0,0,0,0
550101801,1,1,10181390,0,0,0,0
550101801,1,2,20161150,39011118,0,0,0
550101801,1,3,20011362,0,0,0,0
550101901,1,1,10191365,0,0,0,0
550101901,1,2,10301364,39011119,0,0,0
550101901,1,3,20021228,0,0,0,0
550102001,1,1,15111201,39013120,1,1,0
550102101,1,1,15041605,39013121,1,1,0
550102201,1,1,15101301,39013122,1,1,0
550102301,1,1,15011508,39013123,1,1,0
550102401,1,1,15091305,39013124,1,1,0
550102501,1,1,15051206,39013125,1,1,0
551100101,1,1,20051238,30201701,0,0,0
551100101,1,2,20061164,30201701,0,0,0
551100101,1,3,20131226,30201701,0,0,0
551100101,2,1,20061164,30201701,0,0,0
551100101,2,2,20131129,30201701,0,0,0
551100101,2,3,20131226,30201701,0,0,0
551100101,3,1,20051238,30201701,0,0,0
551100101,3,2,20131129,30201701,0,0,0
551100101,3,3,20191215,30201701,0,0,0
551100101,4,1,15051308,30203701,1,1,0
551100102,1,1,20051238,30201702,0,0,0
551100102,1,2,20061164,30201702,0,0,0
551100102,1,3,20131226,30201702,0,0,0
551100102,2,1,20061164,30201702,0,0,0
551100102,2,2,20131129,30201702,0,0,0
551100102,2,3,20131226,30201702,0,0,0
551100102,3,1,20051238,30201702,0,0,0
551100102,3,2,20131129,30201702,0,0,0
551100102,3,3,20191215,30201702,0,0,0
551100102,4,1,15051308,30203702,1,1,0
551100103,1,1,20051238,30201703,0,0,0
551100103,1,2,20061164,30201703,0,0,0
551100103,1,3,20131226,30201703,0,0,0
551100103,2,1,20061164,30201703,0,0,0
551100103,2,2,20131129,30201703,0,0,0
551100103,2,3,20131226,30201703,0,0,0
551100103,3,1,20051238,30201703,0,0,0
551100103,3,2,20131129,30201703,0,0,0
551100103,3,3,20191215,30201703,0,0,0
551100103,4,1,15051309,30203703,1,1,0
551100104,1,1,20051238,30201704,0,0,0
551100104,1,2,20061164,30201704,0,0,0
551100104,1,3,20131226,30201704,0,0,0
551100104,2,1,20061164,30201704,0,0,0
551100104,2,2,20131129,30201704,0,0,0
551100104,2,3,20131226,30201704,0,0,0
551100104,3,1,20051238,30201704,0,0,0
551100104,3,2,20131129,30201704,0,0,0
551100104,3,3,10181195,30201704,0,0,0
551100104,4,1,15051310,30203704,1,1,0
551100105,1,1,20081336,30201705,0,0,0
551100105,1,2,20071236,30201705,0,0,0
551100105,1,3,10141374,30201705,0,0,0
551100105,2,1,20071236,30201705,0,0,0
551100105,2,2,10321259,30201705,0,0,0
551100105,2,3,10141374,30201705,0,0,0
551100105,3,1,20081336,30201705,0,0,0
551100105,3,2,10321259,30201705,0,0,0
551100105,3,3,10201375,30201705,0,0,0
551100105,4,1,15101302,30203705,1,1,0
551100106,1,1,20081336,30201706,0,0,0
551100106,1,2,20071236,30201706,0,0,0
551100106,1,3,10141374,30201706,0,0,0
551100106,2,1,20071236,30201706,0,0,0
551100106,2,2,10321259,30201706,0,0,0
551100106,2,3,10141374,30201706,0,0,0
551100106,3,1,20081336,30201706,0,0,0
551100106,3,2,10321259,30201706,0,0,0
551100106,3,3,10201375,30201706,0,0,0
551100106,4,1,15101303,30203706,1,1,0
551100107,1,1,20081336,30201707,0,0,0
551100107,1,2,20071236,30201707,0,0,0
551100107,1,3,10141374,30201707,0,0,0
551100107,2,1,20071236,30201707,0,0,0
551100107,2,2,10321259,30201707,0,0,0
551100107,2,3,10141374,30201707,0,0,0
551100107,3,1,20081336,30201707,0,0,0
551100107,3,2,10321259,30201707,0,0,0
551100107,3,3,10311259,30201707,0,0,0
551100107,4,1,15101304,30203707,1,1,0
551100108,1,1,20051238,30201707,0,0,0
551100108,1,2,20061164,30201707,0,0,0
551100108,1,3,20131226,30201707,0,0,0
551100108,2,1,20061164,30201707,0,0,0
551100108,2,2,20131129,30201707,0,0,0
551100108,2,3,20131226,30201707,0,0,0
551100108,3,1,20051238,30201707,0,0,0
551100108,3,2,20131129,30201707,0,0,0
551100108,3,3,10181195,30201707,0,0,0
551100108,4,1,15051311,30203707,1,1,0
552100101,1,1,20111314,0,0,0,0
552100101,1,2,20091222,40011101,0,0,0
552100101,1,3,10161390,0,0,0,0
552100201,1,1,10161391,0,0,0,0
552100201,1,2,10291380,40011102,0,0,0
552100201,1,3,20091103,0,0,0,0
552100301,1,1,20011253,0,0,0,0
552100301,1,2,10161392,40011103,0,0,0
552100301,1,3,20061228,0,0,0,0
552100401,1,1,20081353,0,0,0,0
552100401,1,2,20141231,40011104,0,0,0
552100401,1,3,20071326,0,0,0,0
552100501,1,1,15041137,40013105,1,1,0
552100601,1,1,20081354,0,0,0,0
552100601,1,2,20061229,40011106,0,0,0
552100601,1,3,10301293,0,0,0,0
552100701,1,1,20101127,0,0,0,0
552100701,1,2,10321355,40011107,0,0,0
552100701,1,3,20121137,0,0,0,0
552100801,1,1,20021136,0,0,0,0
552100801,1,2,10181398,40011108,0,0,0
552100801,1,3,20011162,0,0,0,0
552100901,1,1,10181293,0,0,0,0
552100901,1,2,10301294,40011109,0,0,0
552100901,1,3,10321266,0,0,0,0
552101001,1,1,15011509,40013110,1,1,0
552101101,1,1,20121138,0,0,0,0
552101101,1,2,10301295,40011111,0,0,0
552101101,1,3,20081154,0,0,0,0
552101201,1,1,10151198,0,0,0,0
552101201,1,2,20051159,40011112,0,0,0
552101201,1,3,20101228,0,0,0,0
552101301,1,1,20021319,0,0,0,0
552101301,1,2,20131234,40011113,0,0,0
552101301,1,3,10151199,0,0,0,0
552101401,1,1,10291278,0,0,0,0
552101401,1,2,20111315,40011114,0,0,0
552101401,1,3,20141130,0,0,0,0
552101501,1,1,15031309,40013115,1,1,0
552101601,1,1,20151229,0,0,0,0
552101601,1,2,20171126,40011116,0,0,0
552101601,1,3,20061172,0,0,0,0
552101701,1,1,10131391,0,0,0,0
552101701,1,2,20041144,40011117,0,0,0
552101701,1,3,20151359,0,0,0,0
552101801,1,1,20101229,0,0,0,0
552101801,1,2,20141232,40011118,0,0,0
552101801,1,3,20181104,0,0,0,0
552101901,1,1,20171228,0,0,0,0
552101901,1,2,20081253,40011119,0,0,0
552101901,1,3,20121312,0,0,0,0
552102001,1,1,15041606,40013120,1,1,0
552102101,1,1,15051807,40013121,1,1,0
552102201,1,1,15091208,40013122,1,1,0
552102301,1,1,15041209,40013123,1,1,0
552102401,1,1,15101307,40013124,1,1,0
552102501,1,1,15101508,40013125,1,1,0
554100101,1,1,20041336,30201801,0,0,0
554100101,1,2,20081255,30201801,0,0,0
554100101,1,3,10141385,30201801,0,0,0
554100101,2,1,20081255,30201801,0,0,0
554100101,2,2,20121143,30201801,0,0,0
554100101,2,3,10141385,30201801,0,0,0
554100101,3,1,20041336,30201801,0,0,0
554100101,3,2,20121143,30201801,0,0,0
554100101,3,3,10181399,30201801,0,0,0
554100101,4,1,15091515,30203801,1,1,0
554100102,1,1,20041336,30201802,0,0,0
554100102,1,2,20081255,30201802,0,0,0
554100102,1,3,10141385,30201802,0,0,0
554100102,2,1,20081255,30201802,0,0,0
554100102,2,2,20121143,30201802,0,0,0
554100102,2,3,10141385,30201802,0,0,0
554100102,3,1,20041336,30201802,0,0,0
554100102,3,2,20121143,30201802,0,0,0
554100102,3,3,10181399,30201802,0,0,0
554100102,4,1,15091515,30203802,1,1,0
554100103,1,1,20041336,30201803,0,0,0
554100103,1,2,20081255,30201803,0,0,0
554100103,1,3,10141385,30201803,0,0,0
554100103,2,1,20081255,30201803,0,0,0
554100103,2,2,20121143,30201803,0,0,0
554100103,2,3,10141385,30201803,0,0,0
554100103,3,1,20041336,30201803,0,0,0
554100103,3,2,20121143,30201803,0,0,0
554100103,3,3,10181399,30201803,0,0,0
554100103,4,1,15091516,30203803,1,1,0
554100104,1,1,20041336,30201804,0,0,0
554100104,1,2,20081255,30201804,0,0,0
554100104,1,3,10141385,30201804,0,0,0
554100104,2,1,20081255,30201804,0,0,0
554100104,2,2,20121143,30201804,0,0,0
554100104,2,3,10141385,30201804,0,0,0
554100104,3,1,20041336,30201804,0,0,0
554100104,3,2,20121143,30201804,0,0,0
554100104,3,3,10211245,30201804,0,0,0
554100104,4,1,15091517,30203804,1,1,0
554100105,1,1,20061231,30201805,0,0,0
554100105,1,2,20051160,30201805,0,0,0
554100105,1,3,20121235,30201805,0,0,0
554100105,2,1,20051160,30201805,0,0,0
554100105,2,2,10301190,30201805,0,0,0
554100105,2,3,20121235,30201805,0,0,0
554100105,3,1,20061231,30201805,0,0,0
554100105,3,2,10301190,30201805,0,0,0
554100105,3,3,10291381,30201805,0,0,0
554100105,4,1,15031507,30203805,1,1,0
554100106,1,1,20061231,30201806,0,0,0
554100106,1,2,20051160,30201806,0,0,0
554100106,1,3,20121235,30201806,0,0,0
554100106,2,1,20051160,30201806,0,0,0
554100106,2,2,10301190,30201806,0,0,0
554100106,2,3,20121235,30201806,0,0,0
554100106,3,1,20061231,30201806,0,0,0
554100106,3,2,10301190,30201806,0,0,0
554100106,3,3,10291381,30201806,0,0,0
554100106,4,1,15031508,30203806,1,1,0
554100107,1,1,20061231,30201807,0,0,0
554100107,1,2,20051160,30201807,0,0,0
554100107,1,3,20121235,30201807,0,0,0
554100107,2,1,20051160,30201807,0,0,0
554100107,2,2,10301190,30201807,0,0,0
554100107,2,3,20121235,30201807,0,0,0
554100107,3,1,20061231,30201807,0,0,0
554100107,3,2,10301190,30201807,0,0,0
554100107,3,3,10311325,30201807,0,0,0
554100107,4,1,15031509,30203807,1,1,0
554100108,1,1,20041336,30201807,0,0,0
554100108,1,2,20081255,30201807,0,0,0
554100108,1,3,10141385,30201807,0,0,0
554100108,2,1,20081255,30201807,0,0,0
554100108,2,2,20121143,30201807,0,0,0
554100108,2,3,10141385,30201807,0,0,0
554100108,3,1,20041336,30201807,0,0,0
554100108,3,2,20121143,30201807,0,0,0
554100108,3,3,10211245,30201807,0,0,0
554100108,4,1,15091518,30203807,1,1,0
555100101,1,1,20171234,0,0,0,0
555100101,1,2,20071329,41011101,0,0,0
555100101,1,3,20091224,0,0,0,0
555100201,1,1,20301201,0,0,0,0
555100201,1,2,20111145,41011102,0,0,0
555100201,1,3,20181106,0,0,0,0
555100301,1,1,20051162,0,0,0,0
555100301,1,2,20301202,41011103,0,0,0
555100301,1,3,20161158,0,0,0,0
555100401,1,1,20081256,0,0,0,0
555100401,1,2,20171128,41011104,0,0,0
555100401,1,3,20071255,0,0,0,0
555100501,1,1,15011602,41013105,1,1,0
555100601,1,1,20081159,0,0,0,0
555100601,1,2,10321166,41011106,0,0,0
555100601,1,3,20131235,0,0,0,0
555100701,1,1,10291385,0,0,0,0
555100701,1,2,20061328,41011107,0,0,0
555100701,1,3,20061232,0,0,0,0
555100801,1,1,10291161,0,0,0,0
555100801,1,2,20121147,41011108,0,0,0
555100801,1,3,10321167,0,0,0,0
555100901,1,1,20091108,0,0,0,0
555100901,1,2,20151101,41011109,0,0,0
555100901,1,3,20031339,0,0,0,0
555101001,1,1,15051511,41013110,1,1,0
555101101,1,1,20171302,0,0,0,0
555101101,1,2,20301203,41011111,0,0,0
555101101,1,3,20171130,0,0,0,0
555101201,1,1,20171129,0,0,0,0
555101201,1,2,10301192,41011112,0,0,0
555101201,1,3,20121314,0,0,0,0
555101301,1,1,20081160,0,0,0,0
555101301,1,2,20071330,41011113,0,0,0
555101301,1,3,10291386,0,0,0,0
555101401,1,1,10291162,0,0,0,0
555101401,1,2,10301374,41011114,0,0,0
555101401,1,3,10291387,0,0,0,0
555101501,1,1,15051808,41013115,1,1,0
555101601,1,1,20121236,0,0,0,0
555101601,1,2,20111146,41011116,0,0,0
555101601,1,3,10141392,0,0,0,0
555101701,1,1,20151102,0,0,0,0
555101701,1,2,10291388,41011117,0,0,0
555101701,1,3,10051394,0,0,0,0
555101801,1,1,20151235,0,0,0,0
555101801,1,2,10191378,41011118,0,0,0
555101801,1,3,20091109,0,0,0,0
555101901,1,1,20081161,0,0,0,0
555101901,1,2,10181298,41011119,0,0,0
555101901,1,3,20171303,0,0,0,0
555102001,1,1,15101308,41013120,1,1,0
555102101,1,1,15031602,41013121,1,1,0
555102201,1,1,15041315,41013122,1,1,0
555102301,1,1,15091307,41013123,1,1,0
555102401,1,1,15101207,41013124,1,1,0
555102501,1,1,15051512,41013125,1,1,0
556100101,1,1,20051168,30201901,0,0,0
556100101,1,2,20041344,30201901,0,0,0
556100101,1,3,20101239,30201901,0,0,0
556100101,2,1,20041344,30201901,0,0,0
556100101,2,2,20141240,30201901,0,0,0
556100101,2,3,20101239,30201901,0,0,0
556100101,3,1,20051168,30201901,0,0,0
556100101,3,2,20141240,30201901,0,0,0
556100101,3,3,10311137,30201901,0,0,0
556100101,4,1,15041210,30203901,1,1,0
556100102,1,1,20051168,30201902,0,0,0
556100102,1,2,20041344,30201902,0,0,0
556100102,1,3,20101239,30201902,0,0,0
556100102,2,1,20041344,30201902,0,0,0
556100102,2,2,20141240,30201902,0,0,0
556100102,2,3,20101239,30201902,0,0,0
556100102,3,1,20051168,30201902,0,0,0
556100102,3,2,20141240,30201902,0,0,0
556100102,3,3,10311137,30201902,0,0,0
556100102,4,1,15041210,30203902,1,1,0
556100103,1,1,20051168,30201903,0,0,0
556100103,1,2,20041344,30201903,0,0,0
556100103,1,3,20101239,30201903,0,0,0
556100103,2,1,20041344,30201903,0,0,0
556100103,2,2,20141240,30201903,0,0,0
556100103,2,3,20101239,30201903,0,0,0
556100103,3,1,20051168,30201903,0,0,0
556100103,3,2,20141240,30201903,0,0,0
556100103,3,3,10311137,30201903,0,0,0
556100103,4,1,15041211,30203903,1,1,0
556100104,1,1,20051168,30201904,0,0,0
556100104,1,2,20041344,30201904,0,0,0
556100104,1,3,20101239,30201904,0,0,0
556100104,2,1,20041344,30201904,0,0,0
556100104,2,2,20141240,30201904,0,0,0
556100104,2,3,20101239,30201904,0,0,0
556100104,3,1,20051168,30201904,0,0,0
556100104,3,2,20141240,30201904,0,0,0
556100104,3,3,10191381,30201904,0,0,0
556100104,4,1,15041212,30203904,1,1,0
556100105,1,1,20021325,30201905,0,0,0
556100105,1,2,20061238,30201905,0,0,0
556100105,1,3,20151362,30201905,0,0,0
556100105,2,1,20061238,30201905,0,0,0
556100105,2,2,20091229,30201905,0,0,0
556100105,2,3,20151362,30201905,0,0,0
556100105,3,1,20021325,30201905,0,0,0
556100105,3,2,20091229,30201905,0,0,0
556100105,3,3,20181110,30201905,0,0,0
556100105,4,1,15031310,30203905,1,1,0
556100106,1,1,20021325,30201906,0,0,0
556100106,1,2,20061238,30201906,0,0,0
556100106,1,3,20151362,30201906,0,0,0
556100106,2,1,20061238,30201906,0,0,0
556100106,2,2,20091229,30201906,0,0,0
556100106,2,3,20151362,30201906,0,0,0
556100106,3,1,20021325,30201906,0,0,0
556100106,3,2,20091229,30201906,0,0,0
556100106,3,3,20181110,30201906,0,0,0
556100106,4,1,15031311,30203906,1,1,0
556100107,1,1,20021325,30201907,0,0,0
556100107,1,2,20061238,30201907,0,0,0
556100107,1,3,20151362,30201907,0,0,0
556100107,2,1,20061238,30201907,0,0,0
556100107,2,2,20091229,30201907,0,0,0
556100107,2,3,20151362,30201907,0,0,0
556100107,3,1,20021325,30201907,0,0,0
556100107,3,2,20091229,30201907,0,0,0
556100107,3,3,10201173,30201907,0,0,0
556100107,4,1,15031312,30203907,1,1,0
556100108,1,1,20051168,30201907,0,0,0
556100108,1,2,20041344,30201907,0,0,0
556100108,1,3,20101239,30201907,0,0,0
556100108,2,1,20041344,30201907,0,0,0
556100108,2,2,20141240,30201907,0,0,0
556100108,2,3,20101239,30201907,0,0,0
556100108,3,1,20051168,30201907,0,0,0
556100108,3,2,20141240,30201907,0,0,0
556100108,3,3,10191381,30201907,0,0,0
556100108,4,1,15041213,30203907,1,1,0
557100101,1,1,10191382,0,0,0,0
557100101,1,2,20031275,42011101,0,0,0
557100101,1,3,20091311,0,0,0,0
557100201,1,1,20181304,0,0,0,0
557100201,1,2,20151243,42011102,0,0,0
557100201,1,3,20121149,0,0,0,0
557100301,1,1,20061337,0,0,0,0
557100301,1,2,20091312,42011103,0,0,0
557100301,1,3,20171140,0,0,0,0
557100401,1,1,20181305,0,0,0,0
557100401,1,2,10291394,42011104,0,0,0
557100401,1,3,20101245,0,0,0,0
557100501,1,1,15031313,42013105,1,1,0
557100601,1,1,20031346,0,0,0,0
557100601,1,2,10131397,42011106,0,0,0
557100601,1,3,10141398,0,0,0,0
557100701,1,1,10291285,0,0,0,0
557100701,1,2,20091118,42011107,0,0,0
557100701,1,3,20031347,0,0,0,0
557100801,1,1,20011376,0,0,0,0
557100801,1,2,20151107,42011108,0,0,0
557100801,1,3,10321175,0,0,0,0
557100901,1,1,20051258,0,0,0,0
557100901,1,2,10291395,42011109,0,0,0
557100901,1,3,10301200,0,0,0,0
557101001,1,1,15111202,42013110,1,1,0
557101101,1,1,20151108,0,0,0,0
557101101,1,2,20161313,42011111,0,0,0
557101101,1,3,10291169,0,0,0,0
557101201,1,1,20111244,0,0,0,0
557101201,1,2,20081374,42011112,0,0,0
557101201,1,3,10321176,0,0,0,0
557101301,1,1,20011259,0,0,0,0
557101301,1,2,10201277,42011113,0,0,0
557101301,1,3,20071335,0,0,0,0
557101401,1,1,20141143,0,0,0,0
557101401,1,2,20011168,42011114,0,0,0
557101401,1,3,20101331,0,0,0,0
557101501,1,1,15041413,42013115,1,1,0
557101601,1,1,20101330,0,0,0,0
557101601,1,2,20091313,42011116,0,0,0
557101601,1,3,20081272,0,0,0,0
557101701,1,1,20161314,0,0,0,0
557101701,1,2,20061239,42011117,0,0,0
557101701,1,3,20081375,0,0,0,0
557101801,1,1,20061240,0,0,0,0
557101801,1,2,20191119,42011118,0,0,0
557101801,1,3,20121242,0,0,0,0
557101901,1,1,10211152,0,0,0,0
557101901,1,2,20141242,42011119,0,0,0
557101901,1,3,10321177,0,0,0,0
557102001,1,1,15011604,42013120,1,1,0
557102101,1,1,15011511,42013121,1,1,0
557102201,1,1,15031510,42013122,1,1,0
557102301,1,1,15101209,42013123,1,1,0
557102401,1,1,15091308,42013124,1,1,0
557102501,1,1,15051809,42013125,1,1,0
558100101,1,1,20011260,302011001,0,0,0
558100101,1,2,20051169,302011001,0,0,0
558100101,1,3,20111319,302011001,0,0,0
558100101,2,1,20051169,302011001,0,0,0
558100101,2,2,20151363,302011001,0,0,0
558100101,2,3,20111319,302011001,0,0,0
558100101,3,1,20011260,302011001,0,0,0
558100101,3,2,20151363,302011001,0,0,0
558100101,3,3,10201278,302011001,0,0,0
558100101,4,1,15101210,302031001,1,1,0
558100102,1,1,20011260,302011002,0,0,0
558100102,1,2,20051169,302011002,0,0,0
558100102,1,3,20111319,302011002,0,0,0
558100102,2,1,20051169,302011002,0,0,0
558100102,2,2,20151363,302011002,0,0,0
558100102,2,3,20111319,302011002,0,0,0
558100102,3,1,20011260,302011002,0,0,0
558100102,3,2,20151363,302011002,0,0,0
558100102,3,3,10201278,302011002,0,0,0
558100102,4,1,15101210,302031002,1,1,0
558100103,1,1,20011260,302011003,0,0,0
558100103,1,2,20051169,302011003,0,0,0
558100103,1,3,20111319,302011003,0,0,0
558100103,2,1,20051169,302011003,0,0,0
558100103,2,2,20151363,302011003,0,0,0
558100103,2,3,20111319,302011003,0,0,0
558100103,3,1,20011260,302011003,0,0,0
558100103,3,2,20151363,302011003,0,0,0
558100103,3,3,10201278,302011003,0,0,0
558100103,4,1,15101211,302031003,1,1,0
558100104,1,1,20011260,302011004,0,0,0
558100104,1,2,20051169,302011004,0,0,0
558100104,1,3,20111319,302011004,0,0,0
558100104,2,1,20051169,302011004,0,0,0
558100104,2,2,20151363,302011004,0,0,0
558100104,2,3,20111319,302011004,0,0,0
558100104,3,1,20011260,302011004,0,0,0
558100104,3,2,20151363,302011004,0,0,0
558100104,3,3,10291174,302011004,0,0,0
558100104,4,1,15101212,302031004,1,1,0
558100105,1,1,20031163,302011005,0,0,0
558100105,1,2,20071337,302011005,0,0,0
558100105,1,3,20161163,302011005,0,0,0
558100105,2,1,20071337,302011005,0,0,0
558100105,2,2,20101332,302011005,0,0,0
558100105,2,3,20161163,302011005,0,0,0
558100105,3,1,20031163,302011005,0,0,0
558100105,3,2,20101332,302011005,0,0,0
558100105,3,3,20191229,302011005,0,0,0
558100105,4,1,15051207,302031005,1,1,0
558100106,1,1,20031163,302011006,0,0,0
558100106,1,2,20071337,302011006,0,0,0
558100106,1,3,20161163,302011006,0,0,0
558100106,2,1,20071337,302011006,0,0,0
558100106,2,2,20101332,302011006,0,0,0
558100106,2,3,20161163,302011006,0,0,0
558100106,3,1,20031163,302011006,0,0,0
558100106,3,2,20101332,302011006,0,0,0
558100106,3,3,20191229,302011006,0,0,0
558100106,4,1,15051208,302031006,1,1,0
558100107,1,1,20031163,302011007,0,0,0
558100107,1,2,20071337,302011007,0,0,0
558100107,1,3,20161163,302011007,0,0,0
558100107,2,1,20071337,302011007,0,0,0
558100107,2,2,20101332,302011007,0,0,0
558100107,2,3,20161163,302011007,0,0,0
558100107,3,1,20031163,302011007,0,0,0
558100107,3,2,20101332,302011007,0,0,0
558100107,3,3,10211259,302011007,0,0,0
558100107,4,1,15051209,302031007,1,1,0
558100108,1,1,20011260,302011007,0,0,0
558100108,1,2,20051169,302011007,0,0,0
558100108,1,3,20111319,302011007,0,0,0
558100108,2,1,20051169,302011007,0,0,0
558100108,2,2,20151363,302011007,0,0,0
558100108,2,3,20111319,302011007,0,0,0
558100108,3,1,20011260,302011007,0,0,0
558100108,3,2,20151363,302011007,0,0,0
558100108,3,3,10291174,302011007,0,0,0
558100108,4,1,15101213,302031007,1,1,0
559100101,1,1,10321367,0,0,0,0
559100101,1,2,20131304,43011101,0,0,0
559100101,1,3,20031357,0,0,0,0
559100201,1,1,20141250,0,0,0,0
559100201,1,2,20181112,43011102,0,0,0
559100201,1,3,20021156,0,0,0,0
559100301,1,1,20051304,0,0,0,0
559100301,1,2,20181316,43011103,0,0,0
559100301,1,3,20041351,0,0,0,0
559100401,1,1,20181315,0,0,0,0
559100401,1,2,20111256,43011104,0,0,0
559100401,1,3,20081170,0,0,0,0
559100501,1,1,15111203,43013105,1,1,0
559100601,1,1,10291179,0,0,0,0
559100601,1,2,10321368,43011106,0,0,0
559100601,1,3,20151368,0,0,0,0
559100701,1,1,10301394,0,0,0,0
559100701,1,2,20301216,43011107,0,0,0
559100701,1,3,20071263,0,0,0,0
559100801,1,1,20051265,0,0,0,0
559100801,1,2,20031287,43011108,0,0,0
559100801,1,3,20151249,0,0,0,0
559100901,1,1,20031168,0,0,0,0
559100901,1,2,20011380,43011109,0,0,0
559100901,1,3,20161242,0,0,0,0
559101001,1,1,15091121,43013110,1,1,0
559101101,1,1,10291180,0,0,0,0
559101101,1,2,20011381,43011111,0,0,0
559101101,1,3,20131251,0,0,0,0
559101201,1,1,20171310,0,0,0,0
559101201,1,2,20151116,43011112,0,0,0
559101201,1,3,20141148,0,0,0,0
559101301,1,1,10321285,0,0,0,0
559101301,1,2,20111257,43011113,0,0,0
559101301,1,3,20181317,0,0,0,0
559101401,1,1,20131250,0,0,0,0
559101401,1,2,10211353,43011114,0,0,0
559101401,1,3,10301395,0,0,0,0
559101501,1,1,15101122,43013115,1,1,0
559101601,1,1,10291181,0,0,0,0
559101601,1,2,10291400,43011116,0,0,0
559101601,1,3,20161322,0,0,0,0
559101701,1,1,20121323,0,0,0,0
559101701,1,2,30071112,43011117,0,0,0
559101701,1,3,20111325,0,0,0,0
559101801,1,1,20111324,0,0,0,0
559101801,1,2,10321286,43011118,0,0,0
559101801,1,3,20301217,0,0,0,0
559101901,1,1,20021253,0,0,0,0
559101901,1,2,20061194,43011119,0,0,0
559101901,1,3,20171243,0,0,0,0
559102001,1,1,15041609,43013120,1,1,0
559102101,1,1,15031604,43013121,1,1,0
559102201,1,1,15041610,43013122,1,1,0
559102301,1,1,15011512,43013123,1,1,0
559102401,1,1,15101408,43013124,1,1,0
559102501,1,1,15031605,43013125,1,1,0
560100101,1,1,20021329,302011101,0,0,0
560100101,1,2,20051305,302011101,0,0,0
560100101,1,3,20091123,302011101,0,0,0
560100101,2,1,20051305,302011101,0,0,0
560100101,2,2,20091123,302011101,0,0,0
560100101,2,3,20141251,302011101,0,0,0
560100101,3,1,20021329,302011101,0,0,0
560100101,3,2,20141251,302011101,0,0,0
560100101,3,3,10201286,302011101,0,0,0
560100101,4,1,15111314,302031101,1,1,0
560100102,1,1,20021329,302011102,0,0,0
560100102,1,2,20051305,302011102,0,0,0
560100102,1,3,20091123,302011102,0,0,0
560100102,2,1,20051305,302011102,0,0,0
560100102,2,2,20091123,302011102,0,0,0
560100102,2,3,20141251,302011102,0,0,0
560100102,3,1,20021329,302011102,0,0,0
560100102,3,2,20141251,302011102,0,0,0
560100102,3,3,10201286,302011102,0,0,0
560100102,4,1,15111314,302031102,1,1,0
560100103,1,1,20021329,302011103,0,0,0
560100103,1,2,20051305,302011103,0,0,0
560100103,1,3,20091123,302011103,0,0,0
560100103,2,1,20051305,302011103,0,0,0
560100103,2,2,20091123,302011103,0,0,0
560100103,2,3,20141251,302011103,0,0,0
560100103,3,1,20021329,302011103,0,0,0
560100103,3,2,20141251,302011103,0,0,0
560100103,3,3,10201286,302011103,0,0,0
560100103,4,1,15111315,302031103,1,1,0
560100104,1,1,20021329,302011104,0,0,0
560100104,1,2,20051305,302011104,0,0,0
560100104,1,3,20091123,302011104,0,0,0
560100104,2,1,20051305,302011104,0,0,0
560100104,2,2,20091123,302011104,0,0,0
560100104,2,3,20141251,302011104,0,0,0
560100104,3,1,20021329,302011104,0,0,0
560100104,3,2,20141251,302011104,0,0,0
560100104,3,3,10201182,302011104,0,0,0
560100104,4,1,15111316,302031104,1,1,0
560100105,1,1,20031169,302011105,0,0,0
560100105,1,2,20071341,302011105,0,0,0
560100105,1,3,20161172,302011105,0,0,0
560100105,2,1,20071341,302011105,0,0,0
560100105,2,2,20161172,302011105,0,0,0
560100105,2,3,20101344,302011105,0,0,0
560100105,3,1,20031169,302011105,0,0,0
560100105,3,2,20101344,302011105,0,0,0
560100105,3,3,20191235,302011105,0,0,0
560100105,4,1,15031140,302031105,1,1,0
560100106,1,1,20031169,302011106,0,0,0
560100106,1,2,20071341,302011106,0,0,0
560100106,1,3,20161172,302011106,0,0,0
560100106,2,1,20071341,302011106,0,0,0
560100106,2,2,20161172,302011106,0,0,0
560100106,2,3,20101344,302011106,0,0,0
560100106,3,1,20031169,302011106,0,0,0
560100106,3,2,20101344,302011106,0,0,0
560100106,3,3,20191235,302011106,0,0,0
560100106,4,1,15031141,302031106,1,1,0
560100107,1,1,20031169,302011107,0,0,0
560100107,1,2,20071341,302011107,0,0,0
560100107,1,3,20161172,302011107,0,0,0
560100107,2,1,20071341,302011107,0,0,0
560100107,2,2,20161172,302011107,0,0,0
560100107,2,3,20101344,302011107,0,0,0
560100107,3,1,20031169,302011107,0,0,0
560100107,3,2,20101344,302011107,0,0,0
560100107,3,3,10211264,302011107,0,0,0
560100107,4,1,15031142,302031107,1,1,0
560100108,1,1,20021329,302011107,0,0,0
560100108,1,2,20051305,302011107,0,0,0
560100108,1,3,20091123,302011107,0,0,0
560100108,2,1,20051305,302011107,0,0,0
560100108,2,2,20091123,302011107,0,0,0
560100108,2,3,20141251,302011107,0,0,0
560100108,3,1,20021329,302011107,0,0,0
560100108,3,2,20141251,302011107,0,0,0
560100108,3,3,10201182,302011107,0,0,0
560100108,4,1,15111317,302031107,1,1,0
561100101,1,1,10061503,0,0,0,0
561100101,1,2,10141508,0,0,0,0
561100101,1,3,10061504,0,0,0,0
561100102,1,1,10141509,0,0,0,0
561100102,1,2,10151504,0,0,0,0
561100102,1,3,10201507,0,0,0,0
561100103,1,1,15091603,0,1,1,0
561100104,1,1,10061505,0,0,0,0
561100104,1,2,10151505,0,0,0,0
561100104,1,3,10201508,0,0,0,0
561100105,1,1,15091604,44013101,1,1,0
561100201,1,1,10061506,0,0,0,0
561100201,1,2,10141510,0,0,0,0
561100201,1,3,10061507,0,0,0,0
561100202,1,1,10141511,0,0,0,0
561100202,1,2,10151504,0,0,0,0
561100202,1,3,10201509,0,0,0,0
561100203,1,1,15091605,0,1,1,0
561100204,1,1,10061508,0,0,0,0
561100204,1,2,10151507,0,0,0,0
561100204,1,3,10201510,0,0,0,0
561100205,1,1,15091606,44013102,1,1,0
561200101,1,1,10071707,0,0,0,0
561200101,1,2,10161701,0,0,0,0
561200101,1,3,10071708,0,0,0,0
561200102,1,1,10161702,0,0,0,0
561200102,1,2,10151708,0,0,0,0
561200102,1,3,10211707,0,0,0,0
561200103,1,1,15111404,0,1,1,0
561200104,1,1,10071709,0,0,0,0
561200104,1,2,10151709,0,0,0,0
561200104,1,3,10211708,0,0,0,0
561200105,1,1,15111405,44023201,1,1,0
561200201,1,1,10071710,0,0,0,0
561200201,1,2,10161703,0,0,0,0
561200201,1,3,10071711,0,0,0,0
561200202,1,1,10161704,0,0,0,0
561200202,1,2,10151710,0,0,0,0
561200202,1,3,10211709,0,0,0,0
561200203,1,1,15111406,0,1,1,0
561200204,1,1,10071712,0,0,0,0
561200204,1,2,10151711,0,0,0,0
561200204,1,3,10211710,0,0,0,0
561200205,1,1,15111407,44023202,1,1,0
561300101,1,1,10071902,0,0,0,0
561300101,1,2,10131901,0,0,0,0
561300101,1,3,10051901,0,0,0,0
561300102,1,1,10121902,0,0,0,0
561300102,1,2,10191905,0,0,0,0
561300102,1,3,10071903,0,0,0,0
561300103,1,1,15041414,0,1,1,0
561300104,1,1,15041415,0,1,1,0
561300105,1,1,15041416,44033301,1,1,0
561300201,1,1,10071904,0,0,0,0
561300201,1,2,10131902,0,0,0,0
561300201,1,3,10051902,0,0,0,0
561300202,1,1,10121903,0,0,0,0
561300202,1,2,10191906,0,0,0,0
561300202,1,3,10071905,0,0,0,0
561300203,1,1,15041417,0,1,1,0
561300204,1,1,15041418,0,1,1,0
561300205,1,1,15041419,44033302,1,1,0
561400101,1,1,10021804,0,0,0,0
561400101,1,2,10151804,0,0,0,0
561400101,1,3,10051808,0,0,0,0
561400102,1,1,10151805,0,0,0,0
561400102,1,2,10111806,0,0,0,0
561400102,1,3,10201811,0,0,0,0
561400103,1,1,10141801,0,0,0,0
561400103,1,2,10211801,0,0,0,0
561400103,1,3,10071805,0,0,0,0
561400104,1,1,15031413,0,1,1,0
561400105,1,1,15031414,44043401,1,1,0
561400201,1,1,10021805,0,0,0,0
561400201,1,2,10151806,0,0,0,0
561400201,1,3,10051809,0,0,0,0
561400202,1,1,10151807,0,0,0,0
561400202,1,2,10111807,0,0,0,0
561400202,1,3,10201812,0,0,0,0
561400203,1,1,10141802,0,0,0,0
561400203,1,2,10211802,0,0,0,0
561400203,1,3,10071806,0,0,0,0
561400204,1,1,15031415,0,1,1,0
561400205,1,1,15031416,44043402,1,1,0
561500101,1,1,10081405,0,0,0,0
561500101,1,2,10151402,0,0,0,0
561500101,1,3,10051401,0,0,0,0
561500102,1,1,10121402,0,0,0,0
561500102,1,2,10161401,0,0,0,0
561500102,1,3,10211403,0,0,0,0
561500103,1,1,15051612,0,1,1,0
561500104,1,1,15051613,0,1,1,0
561500105,1,1,15051614,44053501,1,1,0
561500201,1,1,10081406,0,0,0,0
561500201,1,2,10151403,0,0,0,0
561500201,1,3,10051402,0,0,0,0
561500202,1,1,10121403,0,0,0,0
561500202,1,2,10161402,0,0,0,0
561500202,1,3,10211404,0,0,0,0
561500203,1,1,15051615,0,1,1,0
561500204,1,1,15051616,0,1,1,0
561500205,1,1,15051617,44053502,1,1,0
561600101,1,1,15101701,0,1,1,0
561600102,1,1,10081501,0,0,0,0
561600102,1,2,10121501,0,0,0,0
561600102,1,3,10161501,0,0,0,0
561600103,1,1,10191507,0,0,0,0
561600103,1,2,10131501,0,0,0,0
561600103,1,3,10071506,0,0,0,0
561600104,1,1,15101702,0,1,1,0
561600105,1,1,15101703,44063601,1,1,0
561600201,1,1,15101704,0,1,1,0
561600202,1,1,10081502,0,0,0,0
561600202,1,2,10121502,0,0,0,0
561600202,1,3,10161502,0,0,0,0
561600203,1,1,10191508,0,0,0,0
561600203,1,2,10131502,0,0,0,0
561600203,1,3,10071507,0,0,0,0
561600204,1,1,15101705,0,1,1,0
561600205,1,1,15101706,44063602,1,1,0
561700101,1,1,10141713,0,0,0,0
561700101,1,2,10061705,0,0,0,0
561700101,1,3,10051701,0,0,0,0
561700102,1,1,15011801,0,1,1,0
561700103,1,1,15011802,0,1,1,0
561700104,1,1,10211712,0,0,0,0
561700104,1,2,10091708,0,0,0,0
561700104,1,3,10161705,0,0,0,0
561700105,1,1,15011803,44073701,1,1,0
561700201,1,1,10141714,0,0,0,0
561700201,1,2,10061706,0,0,0,0
561700201,1,3,10051702,0,0,0,0
561700202,1,1,15011804,0,1,1,0
561700203,1,1,15011805,0,1,1,0
561700204,1,1,10211713,0,0,0,0
561700204,1,2,10091709,0,0,0,0
561700204,1,3,10161706,0,0,0,0
561700205,1,1,15011806,44073702,1,1,0
562100101,1,1,20081179,0,0,0,0
562100101,1,2,20181319,45011101,0,0,0
562100101,1,3,20011386,0,0,0,0
562100201,1,1,20061366,0,0,0,0
562100201,1,2,20011175,45011102,0,0,0
562100201,1,3,20301113,0,0,0,0
562100301,1,1,20151251,0,0,0,0
562100301,1,2,20081180,45011103,0,0,0
562100301,1,3,20161325,0,0,0,0
562100401,1,1,10321369,0,0,0,0
562100401,1,2,20181113,45011104,0,0,0
562100401,1,3,20041162,0,0,0,0
562100501,1,1,15091311,45013105,1,1,0
562100601,1,1,10311284,0,0,0,0
562100601,1,2,20121251,45011106,0,0,0
562100601,1,3,10321370,0,0,0,0
562100701,1,1,20141252,0,0,0,0
562100701,1,2,20181320,45011107,0,0,0
562100701,1,3,20141158,0,0,0,0
562100801,1,1,20021255,0,0,0,0
562100801,1,2,20121159,45011108,0,0,0
562100801,1,3,20031288,0,0,0,0
562100901,1,1,20151252,0,0,0,0
562100901,1,2,20101348,45011109,0,0,0
562100901,1,3,20171250,0,0,0,0
562101001,1,1,15101411,45013110,1,1,0
562101101,1,1,10291190,0,0,0,0
562101101,1,2,20301220,45011111,0,0,0
562101101,1,3,20121325,0,0,0,0
562101201,1,1,20141159,0,0,0,0
562101201,1,2,20301114,45011112,0,0,0
562101201,1,3,20041359,0,0,0,0
562101301,1,1,20041275,0,0,0,0
562101301,1,2,20141160,45011113,0,0,0
562101301,1,3,20301301,0,0,0,0
562101401,1,1,20301221,0,0,0,0
562101401,1,2,20191237,45011114,0,0,0
562101401,1,3,20291201,0,0,0,0
562101501,1,1,15101509,45013115,1,1,0
562101601,1,1,20181207,0,0,0,0
562101601,1,2,20021169,45011116,0,0,0
562101601,1,3,20051306,0,0,0,0
562101701,1,1,20011387,0,0,0,0
562101701,1,2,20171311,45011117,0,0,0
562101701,1,3,20301115,0,0,0,0
562101801,1,1,20171251,0,0,0,0
562101801,1,2,20301222,45011118,0,0,0
562101801,1,3,20011274,0,0,0,0
562101901,1,1,10321289,0,0,0,0
562101901,1,2,20301223,45011119,0,0,0
562101901,1,3,20011388,0,0,0,0
562102001,1,1,15031516,45013120,1,1,0
562102101,1,1,15031517,45013121,1,1,0
562102201,1,1,15051810,45013122,1,1,0
562102301,1,1,15101218,45013123,1,1,0
562102401,1,1,15011606,45013124,1,1,0
562102501,1,1,15011607,45013125,1,1,0
563100101,1,1,20071272,302011201,0,0,0
563100101,1,2,20061372,302011201,0,0,0
563100101,1,3,20131307,302011201,0,0,0
563100101,2,1,20061372,302011201,0,0,0
563100101,2,2,20131307,302011201,0,0,0
563100101,2,3,20101146,302011201,0,0,0
563100101,3,1,20071272,302011201,0,0,0
563100101,3,2,20101146,302011201,0,0,0
563100101,3,3,20181117,302011201,0,0,0
563100101,4,1,15041611,302031201,1,1,0
563100102,1,1,20071272,302011202,0,0,0
563100102,1,2,20061372,302011202,0,0,0
563100102,1,3,20131307,302011202,0,0,0
563100102,2,1,20061372,302011202,0,0,0
563100102,2,2,20131307,302011202,0,0,0
563100102,2,3,20101146,302011202,0,0,0
563100102,3,1,20071272,302011202,0,0,0
563100102,3,2,20101146,302011202,0,0,0
563100102,3,3,20181117,302011202,0,0,0
563100102,4,1,15041611,302031202,1,1,0
563100103,1,1,20071272,302011203,0,0,0
563100103,1,2,20061372,302011203,0,0,0
563100103,1,3,20131307,302011203,0,0,0
563100103,2,1,20061372,302011203,0,0,0
563100103,2,2,20131307,302011203,0,0,0
563100103,2,3,20101146,302011203,0,0,0
563100103,3,1,20071272,302011203,0,0,0
563100103,3,2,20101146,302011203,0,0,0
563100103,3,3,20181117,302011203,0,0,0
563100103,4,1,15041612,302031203,1,1,0
563100104,1,1,20071272,302011204,0,0,0
563100104,1,2,20061372,302011204,0,0,0
563100104,1,3,20131307,302011204,0,0,0
563100104,2,1,20061372,302011204,0,0,0
563100104,2,2,20131307,302011204,0,0,0
563100104,2,3,20101146,302011204,0,0,0
563100104,3,1,20071272,302011204,0,0,0
563100104,3,2,20101146,302011204,0,0,0
563100104,3,3,20291210,302011204,0,0,0
563100104,4,1,15041613,302031204,1,1,0
563100105,1,1,20051180,302011205,0,0,0
563100105,1,2,20081184,302011205,0,0,0
563100105,1,3,20111334,302011205,0,0,0
563100105,2,1,20081184,302011205,0,0,0
563100105,2,2,20111334,302011205,0,0,0
563100105,2,3,20121163,302011205,0,0,0
563100105,3,1,20051180,302011205,0,0,0
563100105,3,2,20121163,302011205,0,0,0
563100105,3,3,20291304,302011205,0,0,0
563100105,4,1,15051316,302031205,1,1,0
563100106,1,1,20051180,302011206,0,0,0
563100106,1,2,20081184,302011206,0,0,0
563100106,1,3,20111334,302011206,0,0,0
563100106,2,1,20081184,302011206,0,0,0
563100106,2,2,20111334,302011206,0,0,0
563100106,2,3,20121163,302011206,0,0,0
563100106,3,1,20051180,302011206,0,0,0
563100106,3,2,20121163,302011206,0,0,0
563100106,3,3,20291304,302011206,0,0,0
563100106,4,1,15051317,302031206,1,1,0
563100107,1,1,20051180,302011207,0,0,0
563100107,1,2,20081184,302011207,0,0,0
563100107,1,3,20111334,302011207,0,0,0
563100107,2,1,20081184,302011207,0,0,0
563100107,2,2,20111334,302011207,0,0,0
563100107,2,3,20121163,302011207,0,0,0
563100107,3,1,20051180,302011207,0,0,0
563100107,3,2,20121163,302011207,0,0,0
563100107,3,3,10311285,302011207,0,0,0
563100107,4,1,15051318,302031207,1,1,0
563100108,1,1,20071272,302011207,0,0,0
563100108,1,2,20061372,302011207,0,0,0
563100108,1,3,20131307,302011207,0,0,0
563100108,2,1,20061372,302011207,0,0,0
563100108,2,2,20131307,302011207,0,0,0
563100108,2,3,20101146,302011207,0,0,0
563100108,3,1,20071272,302011207,0,0,0
563100108,3,2,20101146,302011207,0,0,0
563100108,3,3,20291210,302011207,0,0,0
563100108,4,1,15041614,302031207,1,1,0
564100101,1,1,30071122,0,0,0,0
564100101,1,2,20151385,46011101,0,0,0
564100101,1,3,20291312,0,0,0,0
564100201,1,1,20181211,0,0,0,0
564100201,1,2,20021261,46011102,0,0,0
564100201,1,3,20071348,0,0,0,0
564100301,1,1,20121328,0,0,0,0
564100301,1,2,20171254,46011103,0,0,0
564100301,1,3,20041282,0,0,0,0
564100401,1,1,20101352,0,0,0,0
564100401,1,2,20191311,46011104,0,0,0
564100401,1,3,20151125,0,0,0,0
564100501,1,1,15041214,46013105,1,1,0
564100601,1,1,20101147,0,0,0,0
564100601,1,2,20071277,46011106,0,0,0
564100601,1,3,20081295,0,0,0,0
564100701,1,1,20081296,0,0,0,0
564100701,1,2,20101353,46011107,0,0,0
564100701,1,3,20011396,0,0,0,0
564100801,1,1,20191243,0,0,0,0
564100801,1,2,10321372,46011108,0,0,0
564100801,1,3,20161251,0,0,0,0
564100901,1,1,20091130,0,0,0,0
564100901,1,2,20291313,46011109,0,0,0
564100901,1,3,20181119,0,0,0,0
564101001,1,1,15051514,46013110,1,1,0
564101101,1,1,20191312,0,0,0,0
564101101,1,2,20301229,46011111,0,0,0
564101101,1,3,20141324,0,0,0,0
564101201,1,1,20121329,0,0,0,0
564101201,1,2,10291194,46011112,0,0,0
564101201,1,3,20291211,0,0,0,0
564101301,1,1,20161330,0,0,0,0
564101301,1,2,20021262,46011113,0,0,0
564101301,1,3,20051275,0,0,0,0
564101401,1,1,20101261,0,0,0,0
564101401,1,2,20021179,46011114,0,0,0
564101401,1,3,20021348,0,0,0,0
564101501,1,1,15111204,46013115,1,1,0
564101601,1,1,20011278,0,0,0,0
564101601,1,2,20161252,46011116,0,0,0
564101601,1,3,20131309,0,0,0,0
564101701,1,1,20151386,0,0,0,0
564101701,1,2,10291195,46011117,0,0,0
564101701,1,3,20101262,0,0,0,0
564101801,1,1,20031363,0,0,0,0
564101801,1,2,30061105,46011118,0,0,0
564101801,1,3,20171255,0,0,0,0
564101901,1,1,20171159,0,0,0,0
564101901,1,2,20141325,46011119,0,0,0
564101901,1,3,20301230,0,0,0,0
564102001,1,1,15031215,46013120,1,1,0
564102101,1,1,15101220,46013121,1,1,0
564102201,1,1,15051319,46013122,1,1,0
564102301,1,1,15091209,46013123,1,1,0
564102401,1,1,15091313,46013124,1,1,0
564102501,1,1,15011608,46013125,1,1,0
565100101,1,1,20051318,302011301,0,0,0
565100101,1,2,30081304,302011301,0,0,0
565100101,1,3,20101152,302011301,0,0,0
565100101,2,1,30081304,302011301,0,0,0
565100101,2,2,20101152,302011301,0,0,0
565100101,2,3,20131268,302011301,0,0,0
565100101,3,1,20051318,302011301,0,0,0
565100101,3,2,20131268,302011301,0,0,0
565100101,3,3,20191252,302011301,0,0,0
565100101,4,1,15111205,302031301,1,1,0
565100102,1,1,20051318,302011302,0,0,0
565100102,1,2,30081304,302011302,0,0,0
565100102,1,3,20101152,302011302,0,0,0
565100102,2,1,30081304,302011302,0,0,0
565100102,2,2,20101152,302011302,0,0,0
565100102,2,3,20131268,302011302,0,0,0
565100102,3,1,20051318,302011302,0,0,0
565100102,3,2,20131268,302011302,0,0,0
565100102,3,3,20191252,302011302,0,0,0
565100102,4,1,15111205,302031302,1,1,0
565100103,1,1,20051318,302011303,0,0,0
565100103,1,2,30081304,302011303,0,0,0
565100103,1,3,20101152,302011303,0,0,0
565100103,2,1,30081304,302011303,0,0,0
565100103,2,2,20101152,302011303,0,0,0
565100103,2,3,20131268,302011303,0,0,0
565100103,3,1,20051318,302011303,0,0,0
565100103,3,2,20131268,302011303,0,0,0
565100103,3,3,20191252,302011303,0,0,0
565100103,4,1,15111206,302031303,1,1,0
565100104,1,1,20051318,302011304,0,0,0
565100104,1,2,30081304,302011304,0,0,0
565100104,1,3,20101152,302011304,0,0,0
565100104,2,1,30081304,302011304,0,0,0
565100104,2,2,20101152,302011304,0,0,0
565100104,2,3,20131268,302011304,0,0,0
565100104,3,1,20051318,302011304,0,0,0
565100104,3,2,20131268,302011304,0,0,0
565100104,3,3,10311141,302011304,0,0,0
565100104,4,1,15111207,302031304,1,1,0
565100105,1,1,20041375,302011305,0,0,0
565100105,1,2,20021186,302011305,0,0,0
565100105,1,3,20141177,302011305,0,0,0
565100105,2,1,20021186,302011305,0,0,0
565100105,2,2,20141177,302011305,0,0,0
565100105,2,3,20151399,302011305,0,0,0
565100105,3,1,20041375,302011305,0,0,0
565100105,3,2,20151399,302011305,0,0,0
565100105,3,3,20181221,302011305,0,0,0
565100105,4,1,15091314,302031305,1,1,0
565100106,1,1,20041375,302011306,0,0,0
565100106,1,2,20021186,302011306,0,0,0
565100106,1,3,20141177,302011306,0,0,0
565100106,2,1,20021186,302011306,0,0,0
565100106,2,2,20141177,302011306,0,0,0
565100106,2,3,20151399,302011306,0,0,0
565100106,3,1,20041375,302011306,0,0,0
565100106,3,2,20151399,302011306,0,0,0
565100106,3,3,20181221,302011306,0,0,0
565100106,4,1,15091315,302031306,1,1,0
565100107,1,1,20041375,302011307,0,0,0
565100107,1,2,20021186,302011307,0,0,0
565100107,1,3,20141177,302011307,0,0,0
565100107,2,1,20021186,302011307,0,0,0
565100107,2,2,20141177,302011307,0,0,0
565100107,2,3,20151399,302011307,0,0,0
565100107,3,1,20041375,302011307,0,0,0
565100107,3,2,20151399,302011307,0,0,0
565100107,3,3,20291218,302011307,0,0,0
565100107,4,1,15091316,302031307,1,1,0
565100108,1,1,20051318,302011307,0,0,0
565100108,1,2,30081304,302011307,0,0,0
565100108,1,3,20101152,302011307,0,0,0
565100108,2,1,30081304,302011307,0,0,0
565100108,2,2,20101152,302011307,0,0,0
565100108,2,3,20131268,302011307,0,0,0
565100108,3,1,20051318,302011307,0,0,0
565100108,3,2,20131268,302011307,0,0,0
565100108,3,3,10311141,302011307,0,0,0
565100108,4,1,15111208,302031307,1,1,0
566100101,1,1,20051185,0,0,0,0
566100101,1,2,20171329,47011101,0,0,0
566100101,1,3,20051289,0,0,0,0
566100201,1,1,20121179,0,0,0,0
566100201,1,2,20141270,47011102,0,0,0
566100201,1,3,20021272,0,0,0,0
566100301,1,1,20031179,0,0,0,0
566100301,1,2,20171166,47011103,0,0,0
566100301,1,3,20051319,0,0,0,0
566100401,1,1,20181342,0,0,0,0
566100401,1,2,30011306,47011104,0,0,0
566100401,1,3,20061261,0,0,0,0
566100501,1,1,15111116,47013105,1,1,0
566100601,1,1,20031180,0,0,0,0
566100601,1,2,20061383,47011106,0,0,0
566100601,1,3,20091345,0,0,0,0
566100701,1,1,20291221,0,0,0,0
566100701,1,2,20141271,47011107,0,0,0
566100701,1,3,20121339,0,0,0,0
566100801,1,1,20011188,0,0,0,0
566100801,1,2,20191325,47011108,0,0,0
566100801,1,3,20121340,0,0,0,0
566100901,1,1,20291222,0,0,0,0
566100901,1,2,30081206,47011109,0,0,0
566100901,1,3,30071135,0,0,0,0
566101001,1,1,15011513,47013110,1,1,0
566101101,1,1,20121341,0,0,0,0
566101101,1,2,20301243,47011111,0,0,0
566101101,1,3,20181343,0,0,0,0
566101201,1,1,20071286,0,0,0,0
566101201,1,2,20191253,47011112,0,0,0
566101201,1,3,20191326,0,0,0,0
566101301,1,1,20041376,0,0,0,0
566101301,1,2,20181128,47011113,0,0,0
566101301,1,3,20091136,0,0,0,0
566101401,1,1,20121180,0,0,0,0
566101401,1,2,20041291,47011114,0,0,0
566101401,1,3,20161338,0,0,0,0
566101501,1,1,15031315,47013115,1,1,0
566101601,1,1,20141272,0,0,0,0
566101601,1,2,20091137,47011116,0,0,0
566101601,1,3,20021273,0,0,0,0
566101701,1,1,30071136,0,0,0,0
566101701,1,2,20051186,47011117,0,0,0
566101701,1,3,20091138,0,0,0,0
566101801,1,1,20181344,0,0,0,0
566101801,1,2,30081305,47011118,0,0,0
566101801,1,3,20051320,0,0,0,0
566101901,1,1,20131162,0,0,0,0
566101901,1,2,20041377,47011119,0,0,0
566101901,1,3,20141334,0,0,0,0
566102001,1,1,15051320,47013120,1,1,0
566102101,1,1,15031417,47013121,1,1,0
566102201,1,1,15101510,47013122,1,1,0
566102301,1,1,15051210,47013123,1,1,0
566102401,1,1,15091211,47013124,1,1,0
566102501,1,1,15051811,47013125,1,1,0
567100101,1,1,30081217,302011401,0,0,0
567100101,1,2,20021285,302011401,0,0,0
567100101,1,3,20121345,302011401,0,0,0
567100101,2,1,20021285,302011401,0,0,0
567100101,2,2,20121345,302011401,0,0,0
567100101,2,3,20151149,302011401,0,0,0
567100101,3,1,30081217,302011401,0,0,0
567100101,3,2,20151149,302011401,0,0,0
567100101,3,3,20291232,302011401,0,0,0
567100101,4,1,15101511,302031401,1,1,0
567100102,1,1,30081217,302011402,0,0,0
567100102,1,2,20021285,302011402,0,0,0
567100102,1,3,20121345,302011402,0,0,0
567100102,2,1,20021285,302011402,0,0,0
567100102,2,2,20121345,302011402,0,0,0
567100102,2,3,20151149,302011402,0,0,0
567100102,3,1,30081217,302011402,0,0,0
567100102,3,2,20151149,302011402,0,0,0
567100102,3,3,20291232,302011402,0,0,0
567100102,4,1,15101511,302031402,1,1,0
567100103,1,1,30081217,302011403,0,0,0
567100103,1,2,20021285,302011403,0,0,0
567100103,1,3,20121345,302011403,0,0,0
567100103,2,1,20021285,302011403,0,0,0
567100103,2,2,20121345,302011403,0,0,0
567100103,2,3,20151149,302011403,0,0,0
567100103,3,1,30081217,302011403,0,0,0
567100103,3,2,20151149,302011403,0,0,0
567100103,3,3,20291232,302011403,0,0,0
567100103,4,1,15101512,302031403,1,1,0
567100104,1,1,30081217,302011404,0,0,0
567100104,1,2,20021285,302011404,0,0,0
567100104,1,3,20121345,302011404,0,0,0
567100104,2,1,20021285,302011404,0,0,0
567100104,2,2,20121345,302011404,0,0,0
567100104,2,3,20151149,302011404,0,0,0
567100104,3,1,30081217,302011404,0,0,0
567100104,3,2,20151149,302011404,0,0,0
567100104,3,3,10211365,302011404,0,0,0
567100104,4,1,15101513,302031404,1,1,0
567100105,1,1,20071368,302011405,0,0,0
567100105,1,2,20051323,302011405,0,0,0
567100105,1,3,20111177,302011405,0,0,0
567100105,2,1,20051323,302011405,0,0,0
567100105,2,2,20111177,302011405,0,0,0
567100105,2,3,20091261,302011405,0,0,0
567100105,3,1,20071368,302011405,0,0,0
567100105,3,2,20091261,302011405,0,0,0
567100105,3,3,20191161,302011405,0,0,0
567100105,4,1,15051812,302031405,1,1,0
567100106,1,1,20071368,302011406,0,0,0
567100106,1,2,20051323,302011406,0,0,0
567100106,1,3,20111177,302011406,0,0,0
567100106,2,1,20051323,302011406,0,0,0
567100106,2,2,20111177,302011406,0,0,0
567100106,2,3,20091261,302011406,0,0,0
567100106,3,1,20071368,302011406,0,0,0
567100106,3,2,20091261,302011406,0,0,0
567100106,3,3,20191161,302011406,0,0,0
567100106,4,1,15051813,302031406,1,1,0
567100107,1,1,20071368,302011407,0,0,0
567100107,1,2,20051323,302011407,0,0,0
567100107,1,3,20111177,302011407,0,0,0
567100107,2,1,20051323,302011407,0,0,0
567100107,2,2,20111177,302011407,0,0,0
567100107,2,3,20091261,302011407,0,0,0
567100107,3,1,20071368,302011407,0,0,0
567100107,3,2,20091261,302011407,0,0,0
567100107,3,3,10311296,302011407,0,0,0
567100107,4,1,15051814,302031407,1,1,0
567100108,1,1,30081217,302011407,0,0,0
567100108,1,2,20021285,302011407,0,0,0
567100108,1,3,20121345,302011407,0,0,0
567100108,2,1,20021285,302011407,0,0,0
567100108,2,2,20121345,302011407,0,0,0
567100108,2,3,20151149,302011407,0,0,0
567100108,3,1,30081217,302011407,0,0,0
567100108,3,2,20151149,302011407,0,0,0
567100108,3,3,10211365,302011407,0,0,0
567100108,4,1,15101514,302031407,1,1,0
568100101,1,1,30071143,0,0,0,0
568100101,1,2,20041298,48011101,0,0,0
568100101,1,3,20121188,0,0,0,0
568100201,1,1,20171288,0,0,0,0
568100201,1,2,20151275,48011102,0,0,0
568100201,1,3,30161104,0,0,0,0
568100301,1,1,20041198,0,0,0,0
568100301,1,2,20131321,48011103,0,0,0
568100301,1,3,30011315,0,0,0,0
568100401,1,1,30061121,0,0,0,0
568100401,1,2,20131322,48011104,0,0,0
568100401,1,3,20191162,0,0,0,0
568100501,1,1,15011307,48013105,1,1,0
568100601,1,1,20051197,0,0,0,0
568100601,1,2,20101157,48011106,0,0,0
568100601,1,3,30081218,0,0,0,0
568100701,1,1,20171173,0,0,0,0
568100701,1,2,20101374,48011107,0,0,0
568100701,1,3,30071144,0,0,0,0
568100801,1,1,20121346,0,0,0,0
568100801,1,2,30161105,48011108,0,0,0
568100801,1,3,30071145,0,0,0,0
568100901,1,1,20111289,0,0,0,0
568100901,1,2,20051198,48011109,0,0,0
568100901,1,3,20051294,0,0,0,0
568101001,1,1,15011417,48013110,1,1,0
568101101,1,1,20141339,0,0,0,0
568101101,1,2,20301259,48011111,0,0,0
568101101,1,3,20291336,0,0,0,0
568101201,1,1,20061269,0,0,0,0
568101201,1,2,30071146,48011112,0,0,0
568101201,1,3,20171174,0,0,0,0
568101301,1,1,20301321,0,0,0,0
568101301,1,2,20101279,48011113,0,0,0
568101301,1,3,30011316,0,0,0,0
568101401,1,1,20041199,0,0,0,0
568101401,1,2,20151276,48011114,0,0,0
568101401,1,3,20131285,0,0,0,0
568101501,1,1,15041322,48013115,1,1,0
568101601,1,1,30161106,0,0,0,0
568101601,1,2,20171289,48011116,0,0,0
568101601,1,3,20161347,0,0,0,0
568101701,1,1,20131286,0,0,0,0
568101701,1,2,20191163,48011117,0,0,0
568101701,1,3,10321384,0,0,0,0
568101801,1,1,20301322,0,0,0,0
568101801,1,2,20151277,48011118,0,0,0
568101801,1,3,20171350,0,0,0,0
568101901,1,1,20061390,0,0,0,0
568101901,1,2,20051295,48011119,0,0,0
568101901,1,3,20121347,0,0,0,0
568102001,1,1,15101225,48013120,1,1,0
568102101,1,1,15051408,48013121,1,1,0
568102201,1,1,15091318,48013122,1,1,0
568102301,1,1,15101312,48013123,1,1,0
568102401,1,1,15041420,48013124,1,1,0
568102501,1,1,15091126,48013125,1,1,0
569100101,1,1,20021293,302011501,0,0,0
569100101,1,2,30041206,302011501,0,0,0
569100101,1,3,20101381,302011501,0,0,0
569100101,2,1,30041206,302011501,0,0,0
569100101,2,2,20101381,302011501,0,0,0
569100101,2,3,20301143,302011501,0,0,0
569100101,3,1,20021293,302011501,0,0,0
569100101,3,2,20301143,302011501,0,0,0
569100101,3,3,10311155,302011501,0,0,0
569100101,4,1,15091609,302031501,1,1,0
569100102,1,1,20021293,302011502,0,0,0
569100102,1,2,30041206,302011502,0,0,0
569100102,1,3,20101381,302011502,0,0,0
569100102,2,1,30041206,302011502,0,0,0
569100102,2,2,20101381,302011502,0,0,0
569100102,2,3,20301143,302011502,0,0,0
569100102,3,1,20021293,302011502,0,0,0
569100102,3,2,20301143,302011502,0,0,0
569100102,3,3,10311155,302011502,0,0,0
569100102,4,1,15091609,302031502,1,1,0
569100103,1,1,20021293,302011503,0,0,0
569100103,1,2,30041206,302011503,0,0,0
569100103,1,3,20101381,302011503,0,0,0
569100103,2,1,30041206,302011503,0,0,0
569100103,2,2,20101381,302011503,0,0,0
569100103,2,3,20301143,302011503,0,0,0
569100103,3,1,20021293,302011503,0,0,0
569100103,3,2,20301143,302011503,0,0,0
569100103,3,3,10311155,302011503,0,0,0
569100103,4,1,15091610,302031503,1,1,0
569100104,1,1,20021293,302011504,0,0,0
569100104,1,2,30041206,302011504,0,0,0
569100104,1,3,20101381,302011504,0,0,0
569100104,2,1,30041206,302011504,0,0,0
569100104,2,2,20101381,302011504,0,0,0
569100104,2,3,20301143,302011504,0,0,0
569100104,3,1,20021293,302011504,0,0,0
569100104,3,2,20301143,302011504,0,0,0
569100104,3,3,20191175,302011504,0,0,0
569100104,4,1,15091611,302031504,1,1,0
569100105,1,1,30071208,302011505,0,0,0
569100105,1,2,30071155,302011505,0,0,0
569100105,1,3,20161281,302011505,0,0,0
569100105,2,1,30071155,302011505,0,0,0
569100105,2,2,20161281,302011505,0,0,0
569100105,2,3,20151158,302011505,0,0,0
569100105,3,1,30071208,302011505,0,0,0
569100105,3,2,20151158,302011505,0,0,0
569100105,3,3,10211371,302011505,0,0,0
569100105,4,1,15041621,302031505,1,1,0
569100106,1,1,30071208,302011506,0,0,0
569100106,1,2,30071155,302011506,0,0,0
569100106,1,3,20161281,302011506,0,0,0
569100106,2,1,30071155,302011506,0,0,0
569100106,2,2,20161281,302011506,0,0,0
569100106,2,3,20151158,302011506,0,0,0
569100106,3,1,30071208,302011506,0,0,0
569100106,3,2,20151158,302011506,0,0,0
569100106,3,3,10211371,302011506,0,0,0
569100106,4,1,15041622,302031506,1,1,0
569100107,1,1,30071208,302011507,0,0,0
569100107,1,2,30071155,302011507,0,0,0
569100107,1,3,20161281,302011507,0,0,0
569100107,2,1,30071155,302011507,0,0,0
569100107,2,2,20161281,302011507,0,0,0
569100107,2,3,20151158,302011507,0,0,0
569100107,3,1,30071208,302011507,0,0,0
569100107,3,2,20151158,302011507,0,0,0
569100107,3,3,20201301,302011507,0,0,0
569100107,4,1,15041623,302031507,1,1,0
569100108,1,1,20021293,302011507,0,0,0
569100108,1,2,30041206,302011507,0,0,0
569100108,1,3,20101381,302011507,0,0,0
569100108,2,1,30041206,302011507,0,0,0
569100108,2,2,20101381,302011507,0,0,0
569100108,2,3,20301143,302011507,0,0,0
569100108,3,1,20021293,302011507,0,0,0
569100108,3,2,20301143,302011507,0,0,0
569100108,3,3,20191175,302011507,0,0,0
569100108,4,1,15091612,302031507,1,1,0
570100101,1,1,20121298,0,0,0,0
570100101,1,2,30041121,49011101,0,0,0
570100101,1,3,30081129,0,0,0,0
570100201,1,1,20131185,0,0,0,0
570100201,1,2,20061296,49011102,0,0,0
570100201,1,3,20091276,0,0,0,0
570100301,1,1,30021203,0,0,0,0
570100301,1,2,30061309,49011103,0,0,0
570100301,1,3,20101300,0,0,0,0
570100401,1,1,20301344,0,0,0,0
570100401,1,2,20191281,49011104,0,0,0
570100401,1,3,20111197,0,0,0,0
570100501,1,1,15111322,49013105,1,1,0
570100601,1,1,20191351,0,0,0,0
570100601,1,2,20091368,49011106,0,0,0
570100601,1,3,20191282,0,0,0,0
570100701,1,1,30081338,0,0,0,0
570100701,1,2,20291360,49011107,0,0,0
570100701,1,3,20151168,0,0,0,0
570100801,1,1,30141207,0,0,0,0
570100801,1,2,20051337,49011108,0,0,0
570100801,1,3,20321227,0,0,0,0
570100901,1,1,20041399,0,0,0,0
570100901,1,2,30131203,49011109,0,0,0
570100901,1,3,20131338,0,0,0,0
570101001,1,1,15051128,49013110,1,1,0
570101101,1,1,30161123,0,0,0,0
570101101,1,2,20301283,49011111,0,0,0
570101101,1,3,30081240,0,0,0,0
570101201,1,1,20161368,0,0,0,0
570101201,1,2,20191187,49011112,0,0,0
570101201,1,3,20061297,0,0,0,0
570101301,1,1,20291361,0,0,0,0
570101301,1,2,20181253,49011113,0,0,0
570101301,1,3,30141110,0,0,0,0
570101401,1,1,30011215,0,0,0,0
570101401,1,2,20171367,49011114,0,0,0
570101401,1,3,20191352,0,0,0,0
570101501,1,1,15101125,49013115,1,1,0
570101601,1,1,20051338,0,0,0,0
570101601,1,2,20181366,49011116,0,0,0
570101601,1,3,30061310,0,0,0,0
570101701,1,1,20091369,0,0,0,0
570101701,1,2,30081339,49011117,0,0,0
570101701,1,3,30011336,0,0,0,0
570101801,1,1,20301345,0,0,0,0
570101801,1,2,20301284,49011118,0,0,0
570101801,1,3,20191283,0,0,0,0
570101901,1,1,30141111,0,0,0,0
570101901,1,2,20101389,49011119,0,0,0
570101901,1,3,20091277,0,0,0,0
570102001,1,1,15041424,49013120,1,1,0
570102101,1,1,15051410,49013121,1,1,0
570102201,1,1,15031322,49013122,1,1,0
570102301,1,1,15011514,49013123,1,1,0
570102401,1,1,15031418,49013124,1,1,0
570102501,1,1,15101515,49013125,1,1,0
571100101,1,1,30071220,302011601,0,0,0
571100101,1,2,20031399,302011601,0,0,0
571100101,1,3,20131339,302011601,0,0,0
571100101,2,1,20031399,302011601,0,0,0
571100101,2,2,20131339,302011601,0,0,0
571100101,2,3,30151329,302011601,0,0,0
571100101,3,1,30071220,302011601,0,0,0
571100101,3,2,30151329,302011601,0,0,0
571100101,3,3,20191188,302011601,0,0,0
571100101,4,1,15011609,302031601,1,1,0
571100102,1,1,30071220,302011602,0,0,0
571100102,1,2,20031399,302011602,0,0,0
571100102,1,3,20131339,302011602,0,0,0
571100102,2,1,20031399,302011602,0,0,0
571100102,2,2,20131339,302011602,0,0,0
571100102,2,3,30151329,302011602,0,0,0
571100102,3,1,30071220,302011602,0,0,0
571100102,3,2,30151329,302011602,0,0,0
571100102,3,3,20191188,302011602,0,0,0
571100102,4,1,15011609,302031602,1,1,0
571100103,1,1,30071220,302011603,0,0,0
571100103,1,2,20031399,302011603,0,0,0
571100103,1,3,20131339,302011603,0,0,0
571100103,2,1,20031399,302011603,0,0,0
571100103,2,2,20131339,302011603,0,0,0
571100103,2,3,30151329,302011603,0,0,0
571100103,3,1,30071220,302011603,0,0,0
571100103,3,2,30151329,302011603,0,0,0
571100103,3,3,20191188,302011603,0,0,0
571100103,4,1,15011610,302031603,1,1,0
571100104,1,1,30071220,302011604,0,0,0
571100104,1,2,20031399,302011604,0,0,0
571100104,1,3,20131339,302011604,0,0,0
571100104,2,1,20031399,302011604,0,0,0
571100104,2,2,20131339,302011604,0,0,0
571100104,2,3,30151329,302011604,0,0,0
571100104,3,1,30071220,302011604,0,0,0
571100104,3,2,30151329,302011604,0,0,0
571100104,3,3,20291248,302011604,0,0,0
571100104,4,1,15011611,302031604,1,1,0
571100105,1,1,30081130,302011605,0,0,0
571100105,1,2,30071168,302011605,0,0,0
571100105,1,3,20301152,302011605,0,0,0
571100105,2,1,30071168,302011605,0,0,0
571100105,2,2,20301152,302011605,0,0,0
571100105,2,3,30161124,302011605,0,0,0
571100105,3,1,30081130,302011605,0,0,0
571100105,3,2,30161124,302011605,0,0,0
571100105,3,3,10311156,302011605,0,0,0
571100105,4,1,15031519,302031605,1,1,0
571100106,1,1,30081130,302011606,0,0,0
571100106,1,2,30071168,302011606,0,0,0
571100106,1,3,20301152,302011606,0,0,0
571100106,2,1,30071168,302011606,0,0,0
571100106,2,2,20301152,302011606,0,0,0
571100106,2,3,30161124,302011606,0,0,0
571100106,3,1,30081130,302011606,0,0,0
571100106,3,2,30161124,302011606,0,0,0
571100106,3,3,10311156,302011606,0,0,0
571100106,4,1,15031520,302031606,1,1,0
571100107,1,1,30081130,302011607,0,0,0
571100107,1,2,30071168,302011607,0,0,0
571100107,1,3,20301152,302011607,0,0,0
571100107,2,1,30071168,302011607,0,0,0
571100107,2,2,20301152,302011607,0,0,0
571100107,2,3,30161124,302011607,0,0,0
571100107,3,1,30081130,302011607,0,0,0
571100107,3,2,30161124,302011607,0,0,0
571100107,3,3,20291362,302011607,0,0,0
571100107,4,1,15031521,302031607,1,1,0
571100108,1,1,30071220,302011607,0,0,0
571100108,1,2,20031399,302011607,0,0,0
571100108,1,3,20131339,302011607,0,0,0
571100108,2,1,20031399,302011607,0,0,0
571100108,2,2,20131339,302011607,0,0,0
571100108,2,3,30151329,302011607,0,0,0
571100108,3,1,30071220,302011607,0,0,0
571100108,3,2,30151329,302011607,0,0,0
571100108,3,3,20291248,302011607,0,0,0
571100108,4,1,15011612,302031607,1,1,0
600100101,1,1,10091327,21101101,0,0,0
600100101,1,2,10021190,21101101,0,0,0
600100101,1,3,10121341,21101101,0,0,0
600100102,1,1,10091327,21101101,0,0,0
600100102,1,2,10021190,21101101,0,0,0
600100102,1,3,10121341,21101101,0,0,0
600100103,1,1,10091327,21101101,0,0,0
600100103,1,2,10021190,21101101,0,0,0
600100103,1,3,10121341,21101101,0,0,0
600100103,2,1,10091327,21101101,0,0,0
600100103,2,2,10121344,21102101,0,0,0
600100201,1,1,10161318,21101201,0,0,0
600100201,1,2,10171327,21101201,0,0,0
600100201,1,3,10091328,21101201,0,0,0
600100202,1,1,10161318,21101201,0,0,0
600100202,1,2,10171327,21101201,0,0,0
600100202,1,3,10091328,21101201,0,0,0
600100203,1,1,10161318,21101201,0,0,0
600100203,1,2,10171327,21101201,0,0,0
600100203,1,3,10091328,21101201,0,0,0
600100203,2,1,10161318,21101201,0,0,0
600100203,2,2,10091330,21102201,0,0,0
600100301,1,1,10121342,21101301,0,0,0
600100301,1,2,10021284,21101301,0,0,0
600100301,1,3,10151137,21101301,0,0,0
600100302,1,1,10121342,21101301,0,0,0
600100302,1,2,10021284,21101301,0,0,0
600100302,1,3,10151137,21101301,0,0,0
600100303,1,1,10121342,21101301,0,0,0
600100303,1,2,10021284,21101301,0,0,0
600100303,1,3,10151137,21101301,0,0,0
600100303,2,1,10121342,21101301,0,0,0
600100303,2,2,10151140,21102301,0,0,0
600100401,1,1,10131154,21101401,0,0,0
600100401,1,2,10151138,21101401,0,0,0
600100401,1,3,10171328,21101401,0,0,0
600100402,1,1,10131154,21101401,0,0,0
600100402,1,2,10151138,21101401,0,0,0
600100402,1,3,10171328,21101401,0,0,0
600100403,1,1,10131154,21101401,0,0,0
600100403,1,2,10151138,21101401,0,0,0
600100403,1,3,10171328,21101401,0,0,0
600100403,2,1,10131154,21101401,0,0,0
600100403,2,2,10131157,21102401,0,0,0
600200101,1,1,10121343,21111101,0,0,0
600200101,1,2,10021285,21111101,0,0,0
600200101,1,3,10091329,21111101,0,0,0
600200102,1,1,10121343,21111101,0,0,0
600200102,1,2,10021285,21111101,0,0,0
600200102,1,3,10091329,21111101,0,0,0
600200103,1,1,10121343,21111101,0,0,0
600200103,1,2,10021285,21111101,0,0,0
600200103,1,3,10091329,21111101,0,0,0
600200103,2,1,10121343,21111101,0,0,0
600200103,2,2,10091331,21112101,0,0,0
600200201,1,1,10161319,21111201,0,0,0
600200201,1,2,10021191,21111201,0,0,0
600200201,1,3,10131155,21111201,0,0,0
600200202,1,1,10161319,21111201,0,0,0
600200202,1,2,10021191,21111201,0,0,0
600200202,1,3,10131155,21111201,0,0,0
600200203,1,1,10161319,21111201,0,0,0
600200203,1,2,10021191,21111201,0,0,0
600200203,1,3,10131155,21111201,0,0,0
600200203,2,1,10161319,21111201,0,0,0
600200203,2,2,10131158,21112201,0,0,0
600200301,1,1,10171329,21111301,0,0,0
600200301,1,2,10151139,21111301,0,0,0
600200301,1,3,10021286,21111301,0,0,0
600200302,1,1,10171329,21111301,0,0,0
600200302,1,2,10151139,21111301,0,0,0
600200302,1,3,10021286,21111301,0,0,0
600200303,1,1,10171329,21111301,0,0,0
600200303,1,2,10151139,21111301,0,0,0
600200303,1,3,10021286,21111301,0,0,0
600200303,2,1,10151139,21111301,0,0,0
600200303,2,2,10021287,21112301,0,0,0
600200401,1,1,10131156,21111401,0,0,0
600200401,1,2,10021192,21111401,0,0,0
600200401,1,3,10161320,21111401,0,0,0
600200402,1,1,10131156,21111401,0,0,0
600200402,1,2,10021192,21111401,0,0,0
600200402,1,3,10161320,21111401,0,0,0
600200403,1,1,10131156,21111401,0,0,0
600200403,1,2,10021192,21111401,0,0,0
600200403,1,3,10161320,21111401,0,0,0
600200403,2,1,10131156,21111401,0,0,0
600200403,2,2,10161322,21112401,0,0,0
600700101,1,1,10091334,21121101,0,0,0
600700101,1,2,10031284,21121101,0,0,0
600700101,1,3,10111339,21121101,0,0,0
600700102,1,1,10091334,21121101,0,0,0
600700102,1,2,10031284,21121101,0,0,0
600700102,1,3,10111339,21121101,0,0,0
600700103,1,1,10091334,21121101,0,0,0
600700103,1,2,10031284,21121101,0,0,0
600700103,1,3,10111339,21121101,0,0,0
600700103,2,1,10091334,21121101,0,0,0
600700103,2,2,10031287,21122101,0,0,0
600700201,1,1,10091335,21121201,0,0,0
600700201,1,2,10111175,21121201,0,0,0
600700201,1,3,10031345,21121201,0,0,0
600700202,1,1,10091335,21121201,0,0,0
600700202,1,2,10111175,21121201,0,0,0
600700202,1,3,10031345,21121201,0,0,0
600700203,1,1,10091335,21121201,0,0,0
600700203,1,2,10111175,21121201,0,0,0
600700203,1,3,10031345,21121201,0,0,0
600700203,2,1,10091335,21121201,0,0,0
600700203,2,2,10111178,21122201,0,0,0
600700301,1,1,10061185,21121301,0,0,0
600700301,1,2,10011344,21121301,0,0,0
600700301,1,3,10111340,21121301,0,0,0
600700302,1,1,10061185,21121301,0,0,0
600700302,1,2,10011344,21121301,0,0,0
600700302,1,3,10111340,21121301,0,0,0
600700303,1,1,10061185,21121301,0,0,0
600700303,1,2,10011344,21121301,0,0,0
600700303,1,3,10111340,21121301,0,0,0
600700303,2,1,10061185,21121301,0,0,0
600700303,2,2,10011347,21122301,0,0,0
600700401,1,1,10061186,21121401,0,0,0
600700401,1,2,10091336,21121401,0,0,0
600700401,1,3,10031346,21121401,0,0,0
600700402,1,1,10061186,21121401,0,0,0
600700402,1,2,10091336,21121401,0,0,0
600700402,1,3,10031346,21121401,0,0,0
600700403,1,1,10061186,21121401,0,0,0
600700403,1,2,10091336,21121401,0,0,0
600700403,1,3,10031346,21121401,0,0,0
600700403,2,1,10061186,21121401,0,0,0
600700403,2,2,10091337,21122401,0,0,0
600800101,1,1,10031285,21131101,0,0,0
600800101,1,2,10111341,21131101,0,0,0
600800101,1,3,10141324,21131101,0,0,0
600800102,1,1,10031285,21131101,0,0,0
600800102,1,2,10111341,21131101,0,0,0
600800102,1,3,10141324,21131101,0,0,0
600800103,1,1,10031285,21131101,0,0,0
600800103,1,2,10111341,21131101,0,0,0
600800103,1,3,10141324,21131101,0,0,0
600800103,2,1,10031285,21131101,0,0,0
600800103,2,2,10111342,21132101,0,0,0
600800201,1,1,10111176,21131201,0,0,0
600800201,1,2,10141325,21131201,0,0,0
600800201,1,3,10011345,21131201,0,0,0
600800202,1,1,10111176,21131201,0,0,0
600800202,1,2,10141325,21131201,0,0,0
600800202,1,3,10011345,21131201,0,0,0
600800203,1,1,10111176,21131201,0,0,0
600800203,1,2,10141325,21131201,0,0,0
600800203,1,3,10011345,21131201,0,0,0
600800203,2,1,10111176,21131201,0,0,0
600800203,2,2,10141327,21132201,0,0,0
600800301,1,1,10011346,21131301,0,0,0
600800301,1,2,10031347,21131301,0,0,0
600800301,1,3,10141326,21131301,0,0,0
600800302,1,1,10011346,21131301,0,0,0
600800302,1,2,10031347,21131301,0,0,0
600800302,1,3,10141326,21131301,0,0,0
600800303,1,1,10011346,21131301,0,0,0
600800303,1,2,10031347,21131301,0,0,0
600800303,1,3,10141326,21131301,0,0,0
600800303,2,1,10011346,21131301,0,0,0
600800303,2,2,10031348,21132301,0,0,0
600800401,1,1,10111177,21131401,0,0,0
600800401,1,2,10061187,21131401,0,0,0
600800401,1,3,10031286,21131401,0,0,0
600800402,1,1,10111177,21131401,0,0,0
600800402,1,2,10061187,21131401,0,0,0
600800402,1,3,10031286,21131401,0,0,0
600800403,1,1,10111177,21131401,0,0,0
600800403,1,2,10061187,21131401,0,0,0
600800403,1,3,10031286,21131401,0,0,0
600800403,2,1,10111177,21131401,0,0,0
600800403,2,2,10061188,21132401,0,0,0
600900101,1,1,10181170,21141101,0,0,0
600900101,1,2,20071128,21141101,0,0,0
600900101,1,3,20051107,21141101,0,0,0
600900102,1,1,10081297,21141101,0,0,0
600900102,1,2,20071128,21141101,0,0,0
600900102,1,3,20041207,21141101,0,0,0
600900103,1,1,10291119,21141101,0,0,0
600900103,1,2,20071128,21141101,0,0,0
600900103,1,3,20041207,21141101,0,0,0
600900103,2,1,10101292,21142101,0,0,0
600900103,2,2,20071128,21141101,0,0,0
600900201,1,1,20041104,21141201,0,0,0
600900201,1,2,10141348,21141201,0,0,0
600900201,1,3,10291120,21141201,0,0,0
600900202,1,1,20041104,21141201,0,0,0
600900202,1,2,10091272,21141201,0,0,0
600900202,1,3,10141170,21141201,0,0,0
600900203,1,1,20041104,21141201,0,0,0
600900203,1,2,10091272,21141201,0,0,0
600900203,1,3,20011124,21141201,0,0,0
600900203,2,1,20041104,21141201,0,0,0
600900203,2,2,10101293,21142201,0,0,0
600900301,1,1,10081298,21141301,0,0,0
600900301,1,2,10151270,21141301,0,0,0
600900301,1,3,20011209,21141301,0,0,0
600900302,1,1,20071129,21141301,0,0,0
600900302,1,2,10151270,21141301,0,0,0
600900302,1,3,10151350,21141301,0,0,0
600900303,1,1,10171269,21141301,0,0,0
600900303,1,2,10151270,21141301,0,0,0
600900303,1,3,10151350,21141301,0,0,0
600900303,2,1,10091361,21142301,0,0,0
600900303,2,2,10151270,21141301,0,0,0
600900401,1,1,10061365,21141401,0,0,0
600900401,1,2,10101195,21141401,0,0,0
600900401,1,3,10071284,21141401,0,0,0
600900402,1,1,10061365,21141401,0,0,0
600900402,1,2,10181256,21141401,0,0,0
600900402,1,3,10121363,21141401,0,0,0
600900403,1,1,10061365,21141401,0,0,0
600900403,1,2,10171270,21141401,0,0,0
600900403,1,3,10121363,21141401,0,0,0
600900403,2,1,10061365,21141401,0,0,0
600900403,2,2,10151271,21142401,0,0,0
601000101,1,1,10321242,21151101,0,0,0
601000101,1,2,20061106,21151101,0,0,0
601000101,1,3,10021365,21151101,0,0,0
601000102,1,1,20031207,21151101,0,0,0
601000102,1,2,20061106,21151101,0,0,0
601000102,1,3,10151272,21151101,0,0,0
601000103,1,1,10081198,21151101,0,0,0
601000103,1,2,20061106,21151101,0,0,0
601000103,1,3,10061366,21151101,0,0,0
601000103,2,1,10321127,21152101,0,0,0
601000103,2,2,20061106,21151101,0,0,0
601000201,1,1,10121364,21151201,0,0,0
601000201,1,2,10151163,21151201,0,0,0
601000201,1,3,10101294,21151201,0,0,0
601000202,1,1,10121364,21151201,0,0,0
601000202,1,2,10151163,21151201,0,0,0
601000202,1,3,10051351,21151201,0,0,0
601000203,1,1,10121364,21151201,0,0,0
601000203,1,2,10151351,21151201,0,0,0
601000203,1,3,10301333,21151201,0,0,0
601000203,2,1,10121364,21151201,0,0,0
601000203,2,2,10181171,21152201,0,0,0
601000301,1,1,20061107,21151301,0,0,0
601000301,1,2,20011306,21151301,0,0,0
601000301,1,3,10151352,21151301,0,0,0
601000302,1,1,10081199,21151301,0,0,0
601000302,1,2,20011306,21151301,0,0,0
601000302,1,3,10301138,21151301,0,0,0
601000303,1,1,10161262,21151301,0,0,0
601000303,1,2,20011306,21151301,0,0,0
601000303,1,3,10181172,21151301,0,0,0
601000303,2,1,10191268,21152301,0,0,0
601000303,2,2,20011306,21151301,0,0,0
601000401,1,1,10181257,21151401,0,0,0
601000401,1,2,10131183,21151401,0,0,0
601000401,1,3,10041377,21151401,0,0,0
601000402,1,1,10181257,21151401,0,0,0
601000402,1,2,10171271,21151401,0,0,0
601000402,1,3,10141264,21151401,0,0,0
601000403,1,1,10181257,21151401,0,0,0
601000403,1,2,10171271,21151401,0,0,0
601000403,1,3,10141264,21151401,0,0,0
601000403,2,1,10181257,21151401,0,0,0
601000403,2,2,10141349,21152401,0,0,0
601100101,1,1,10081374,21161101,0,0,0
601100101,1,2,10071289,21161101,0,0,0
601100101,1,3,10151358,21161101,0,0,0
601100102,1,1,10081374,21161101,0,0,0
601100102,1,2,10071289,21161101,0,0,0
601100102,1,3,10291227,21161101,0,0,0
601100103,1,1,20011129,21161101,0,0,0
601100103,1,2,10071289,21161101,0,0,0
601100103,1,3,10021368,21161101,0,0,0
601100103,2,1,20011312,21162101,0,0,0
601100103,2,2,10071289,21161101,0,0,0
601100201,1,1,20021105,21161201,0,0,0
601100201,1,2,10031378,21161201,0,0,0
601100201,1,3,10101371,21161201,0,0,0
601100202,1,1,20021105,21161201,0,0,0
601100202,1,2,10031378,21161201,0,0,0
601100202,1,3,10151275,21161201,0,0,0
601100203,1,1,20021105,21161201,0,0,0
601100203,1,2,10321128,21161201,0,0,0
601100203,1,3,10121368,21161201,0,0,0
601100203,2,1,20021105,21161201,0,0,0
601100203,2,2,10081375,21162201,0,0,0
601100301,1,1,10181354,21161301,0,0,0
601100301,1,2,10191171,21161301,0,0,0
601100301,1,3,10161268,21161301,0,0,0
601100302,1,1,10181354,21161301,0,0,0
601100302,1,2,10191171,21161301,0,0,0
601100302,1,3,10101295,21161301,0,0,0
601100303,1,1,10091362,21161301,0,0,0
601100303,1,2,10191171,21161301,0,0,0
601100303,1,3,10051293,21161301,0,0,0
601100303,2,1,10161181,21162301,0,0,0
601100303,2,2,10191171,21161301,0,0,0
601100401,1,1,10161269,21161401,0,0,0
601100401,1,2,10091363,21161401,0,0,0
601100401,1,3,10181173,21161401,0,0,0
601100402,1,1,10161269,21161401,0,0,0
601100402,1,2,10091363,21161401,0,0,0
601100402,1,3,10071361,21161401,0,0,0
601100403,1,1,10161269,21161401,0,0,0
601100403,1,2,20081105,21161401,0,0,0
601100403,1,3,10121372,21161401,0,0,0
601100403,2,1,10161269,21161401,0,0,0
601100403,2,2,10091364,21162401,0,0,0
601200101,1,1,10151359,21171101,0,0,0
601200101,1,2,20031213,21171101,0,0,0
601200101,1,3,10181174,21171101,0,0,0
601200102,1,1,10151359,21171101,0,0,0
601200102,1,2,20031213,21171101,0,0,0
601200102,1,3,10111287,21171101,0,0,0
601200103,1,1,20111102,21171101,0,0,0
601200103,1,2,20031213,21171101,0,0,0
601200103,1,3,10191270,21171101,0,0,0
601200103,2,1,10071290,21172101,0,0,0
601200103,2,2,20031213,21171101,0,0,0
601200201,1,1,20011313,21171201,0,0,0
601200201,1,2,10151360,21171201,0,0,0
601200201,1,3,10181175,21171201,0,0,0
601200202,1,1,20011313,21171201,0,0,0
601200202,1,2,10151360,21171201,0,0,0
601200202,1,3,10301145,21171201,0,0,0
601200203,1,1,20011313,21171201,0,0,0
601200203,1,2,10121286,21171201,0,0,0
601200203,1,3,10071362,21171201,0,0,0
601200203,2,1,20011313,21171201,0,0,0
601200203,2,2,10091183,21172201,0,0,0
601200301,1,1,20041105,21171301,0,0,0
601200301,1,2,20021204,21171301,0,0,0
601200301,1,3,10161273,21171301,0,0,0
601200302,1,1,20041105,21171301,0,0,0
601200302,1,2,20021204,21171301,0,0,0
601200302,1,3,10121184,21171301,0,0,0
601200303,1,1,10031379,21171301,0,0,0
601200303,1,2,20021204,21171301,0,0,0
601200303,1,3,10321244,21171301,0,0,0
601200303,2,1,10151276,21172301,0,0,0
601200303,2,2,20021204,21171301,0,0,0
601200401,1,1,10171273,21171401,0,0,0
601200401,1,2,20111103,21171401,0,0,0
601200401,1,3,10061288,21171401,0,0,0
601200402,1,1,10171273,21171401,0,0,0
601200402,1,2,20111103,21171401,0,0,0
601200402,1,3,10101372,21171401,0,0,0
601200403,1,1,10171273,21171401,0,0,0
601200403,1,2,20031106,21171401,0,0,0
601200403,1,3,10321129,21171401,0,0,0
601200403,2,1,10171273,21171401,0,0,0
601200403,2,2,10111364,21172401,0,0,0
601300101,1,1,10111375,21181101,0,0,0
601300101,1,2,10291340,21181101,0,0,0
601300101,1,3,10321328,21181101,0,0,0
601300102,1,1,10111375,21181101,0,0,0
601300102,1,2,20071147,21181101,0,0,0
601300102,1,3,10171282,21181101,0,0,0
601300103,1,1,10111375,21181101,0,0,0
601300103,1,2,10291126,21181101,0,0,0
601300103,1,3,10061293,21181101,0,0,0
601300103,2,1,10111375,21181101,0,0,0
601300103,2,2,10071374,21182101,0,0,0
601300201,1,1,10321133,21181201,0,0,0
601300201,1,2,20021106,21181201,0,0,0
601300201,1,3,10041385,21181201,0,0,0
601300202,1,1,10321133,21181201,0,0,0
601300202,1,2,10171290,21181201,0,0,0
601300202,1,3,10051358,21181201,0,0,0
601300203,1,1,10321133,21181201,0,0,0
601300203,1,2,10141279,21181201,0,0,0
601300203,1,3,10291341,21181201,0,0,0
601300203,2,1,10321133,21181201,0,0,0
601300203,2,2,10051298,21182201,0,0,0
601300301,1,1,20061124,21181301,0,0,0
601300301,1,2,10191345,21181301,0,0,0
601300301,1,3,10111383,21181301,0,0,0
601300302,1,1,20061124,21181301,0,0,0
601300302,1,2,20031110,21181301,0,0,0
601300302,1,3,10161196,21181301,0,0,0
601300303,1,1,20061124,21181301,0,0,0
601300303,1,2,10101200,21181301,0,0,0
601300303,1,3,10151169,21181301,0,0,0
601300303,2,1,20061124,21181301,0,0,0
601300303,2,2,10121294,21182301,0,0,0
601300401,1,1,10121192,21181401,0,0,0
601300401,1,2,10321141,21181401,0,0,0
601300401,1,3,10171366,21181401,0,0,0
601300402,1,1,10121192,21181401,0,0,0
601300402,1,2,10321332,21181401,0,0,0
601300402,1,3,10021375,21181401,0,0,0
601300403,1,1,10121192,21181401,0,0,0
601300403,1,2,10171366,21181401,0,0,0
601300403,1,3,10021375,21181401,0,0,0
601300403,2,1,10121192,21181401,0,0,0
601300403,2,2,10181355,21182401,0,0,0
601400101,1,1,10151379,21191101,0,0,0
601400101,1,2,10041386,21191101,0,0,0
601400101,1,3,20051115,21191101,0,0,0
601400102,1,1,10151379,21191101,0,0,0
601400102,1,2,10321329,21191101,0,0,0
601400102,1,3,10141188,21191101,0,0,0
601400103,1,1,10151379,21191101,0,0,0
601400103,1,2,20041214,21191101,0,0,0
601400103,1,3,10061377,21191101,0,0,0
601400103,2,1,10151379,21191101,0,0,0
601400103,2,2,10061294,21192101,0,0,0
601400201,1,1,20021209,21191201,0,0,0
601400201,1,2,20081210,21191201,0,0,0
601400201,1,3,20011321,21191201,0,0,0
601400202,1,1,20021209,21191201,0,0,0
601400202,1,2,10161197,21191201,0,0,0
601400202,1,3,10191275,21191201,0,0,0
601400203,1,1,20021209,21191201,0,0,0
601400203,1,2,10181176,21191201,0,0,0
601400203,1,3,10321134,21191201,0,0,0
601400203,2,1,20021209,21191201,0,0,0
601400203,2,2,10051359,21192201,0,0,0
601400301,1,1,10091373,21191301,0,0,0
601400301,1,2,10291336,21191301,0,0,0
601400301,1,3,10121193,21191301,0,0,0
601400302,1,1,10091373,21191301,0,0,0
601400302,1,2,10171190,21191301,0,0,0
601400302,1,3,20011226,21191301,0,0,0
601400303,1,1,10091373,21191301,0,0,0
601400303,1,2,10191346,21191301,0,0,0
601400303,1,3,10041394,21191301,0,0,0
601400303,2,1,10091373,21191301,0,0,0
601400303,2,2,10031394,21192301,0,0,0
601400401,1,1,10121377,21191401,0,0,0
601400401,1,2,10091184,21191401,0,0,0
601400401,1,3,20041221,21191401,0,0,0
601400402,1,1,10121377,21191401,0,0,0
601400402,1,2,20021107,21191401,0,0,0
601400402,1,3,10091184,21191401,0,0,0
601400403,1,1,10121377,21191401,0,0,0
601400403,1,2,20041113,21191401,0,0,0
601400403,1,3,10091184,21191401,0,0,0
601400403,2,1,10121377,21191401,0,0,0
601400403,2,2,20031303,21192401,0,0,0
601500101,1,1,10161382,21201101,0,0,0
601500101,1,2,20011360,21201101,0,0,0
601500101,1,3,20191101,21201101,0,0,0
601500102,1,1,10161382,21201101,0,0,0
601500102,1,2,20071317,21201101,0,0,0
601500102,1,3,10141372,21201101,0,0,0
601500103,1,1,10161382,21201101,0,0,0
601500103,1,2,20051151,21201101,0,0,0
601500103,1,3,20061159,21201101,0,0,0
601500103,2,1,10161382,21201101,0,0,0
601500103,2,2,20131225,21202101,0,0,0
601500201,1,1,10091198,21201201,0,0,0
601500201,1,2,20111132,21201201,0,0,0
601500201,1,3,20151340,21201201,0,0,0
601500202,1,1,10091198,21201201,0,0,0
601500202,1,2,20191102,21201201,0,0,0
601500202,1,3,20131127,21201201,0,0,0
601500203,1,1,10091198,21201201,0,0,0
601500203,1,2,20161220,21201201,0,0,0
601500203,1,3,20061220,21201201,0,0,0
601500203,2,1,10091198,21201201,0,0,0
601500203,2,2,20081146,21202201,0,0,0
601500301,1,1,20071179,21201301,0,0,0
601500301,1,2,10301272,21201301,0,0,0
601500301,1,3,20171219,21201301,0,0,0
601500302,1,1,20071179,21201301,0,0,0
601500302,1,2,20011361,21201301,0,0,0
601500302,1,3,10091394,21201301,0,0,0
601500303,1,1,20071179,21201301,0,0,0
601500303,1,2,20051235,21201301,0,0,0
601500303,1,3,10091199,21201301,0,0,0
601500303,2,1,20071179,21201301,0,0,0
601500303,2,2,10051379,21202301,0,0,0
601500401,1,1,10301358,21201401,0,0,0
601500401,1,2,20141219,21201401,0,0,0
601500401,1,3,20061221,21201401,0,0,0
601500402,1,1,10301358,21201401,0,0,0
601500402,1,2,10301358,21201401,0,0,0
601500402,1,3,20191213,21201401,0,0,0
601500403,1,1,10301358,21201401,0,0,0
601500403,1,2,10181387,21201401,0,0,0
601500403,1,3,20131128,21201401,0,0,0
601500403,2,1,10301358,21201401,0,0,0
601500403,2,2,20031327,21202401,0,0,0
601600101,1,1,20021125,21211101,0,0,0
601600101,1,2,20031152,21211101,0,0,0
601600101,1,3,20071180,21211101,0,0,0
601600102,1,1,20021125,21211101,0,0,0
601600102,1,2,20151217,21211101,0,0,0
601600102,1,3,20111133,21211101,0,0,0
601600103,1,1,20021125,21211101,0,0,0
601600103,1,2,20171119,21211101,0,0,0
601600103,1,3,20041329,21211101,0,0,0
601600103,2,1,20021125,21211101,0,0,0
601600103,2,2,10091395,21212101,0,0,0
601600201,1,1,10181194,21211201,0,0,0
601600201,1,2,10141373,21211201,0,0,0
601600201,1,3,20151341,21211201,0,0,0
601600202,1,1,10181194,21211201,0,0,0
601600202,1,2,20071181,21211201,0,0,0
601600202,1,3,20171221,21211201,0,0,0
601600203,1,1,10181194,21211201,0,0,0
601600203,1,2,20171220,21211201,0,0,0
601600203,1,3,20061311,21211201,0,0,0
601600203,2,1,10181194,21211201,0,0,0
601600203,2,2,20021306,21212201,0,0,0
601600301,1,1,20101217,21211301,0,0,0
601600301,1,2,10301273,21211301,0,0,0
601600301,1,3,20151218,21211301,0,0,0
601600302,1,1,20101217,21211301,0,0,0
601600302,1,2,10301359,21211301,0,0,0
601600302,1,3,20191103,21211301,0,0,0
601600303,1,1,20101217,21211301,0,0,0
601600303,1,2,10181388,21211301,0,0,0
601600303,1,3,20081244,21211301,0,0,0
601600303,2,1,20101217,21211301,0,0,0
601600303,2,2,20031153,21212301,0,0,0
601600401,1,1,20041243,21211401,0,0,0
601600401,1,2,10321341,21211401,0,0,0
601600401,1,3,20051236,21211401,0,0,0
601600402,1,1,20041243,21211401,0,0,0
601600402,1,2,10181389,21211401,0,0,0
601600402,1,3,20191214,21211401,0,0,0
601600403,1,1,20041243,21211401,0,0,0
601600403,1,2,20081245,21211401,0,0,0
601600403,1,3,10151187,21211401,0,0,0
601600403,2,1,20041243,21211401,0,0,0
601600403,2,2,20101218,21212401,0,0,0
601700101,1,1,10291145,21221101,0,0,0
601700101,1,2,20151350,21221101,0,0,0
601700101,1,3,20051241,21221101,0,0,0
601700102,1,1,10291145,21221101,0,0,0
601700102,1,2,20051241,21221101,0,0,0
601700102,1,3,10301280,21221101,0,0,0
601700103,1,1,10291145,21221101,0,0,0
601700103,1,2,20111230,21221101,0,0,0
601700103,1,3,10051382,21221101,0,0,0
601700103,2,1,10291145,21221101,0,0,0
601700103,2,2,20101222,21222101,0,0,0
601700201,1,1,10291270,21221201,0,0,0
601700201,1,2,20111231,21221201,0,0,0
601700201,1,3,20191106,21221201,0,0,0
601700202,1,1,10291270,21221201,0,0,0
601700202,1,2,10301281,21221201,0,0,0
601700202,1,3,20081247,21221201,0,0,0
601700203,1,1,10291270,21221201,0,0,0
601700203,1,2,20051242,21221201,0,0,0
601700203,1,3,20151351,21221201,0,0,0
601700203,2,1,10291270,21221201,0,0,0
601700203,2,2,20081148,21222201,0,0,0
601700301,1,1,20101223,21221301,0,0,0
601700301,1,2,10301282,21221301,0,0,0
601700301,1,3,20081343,21221301,0,0,0
601700302,1,1,20101223,21221301,0,0,0
601700302,1,2,20191216,21221301,0,0,0
601700302,1,3,10291271,21221301,0,0,0
601700303,1,1,20101223,21221301,0,0,0
601700303,1,2,20081149,21221301,0,0,0
601700303,1,3,20061165,21221301,0,0,0
601700303,2,1,20101223,21221301,0,0,0
601700303,2,2,10141378,21222301,0,0,0
601700401,1,1,20131130,21221401,0,0,0
601700401,1,2,20021311,21221401,0,0,0
601700401,1,3,10291146,21221401,0,0,0
601700402,1,1,20131130,21221401,0,0,0
601700402,1,2,10051383,21221401,0,0,0
601700402,1,3,10181285,21221401,0,0,0
601700403,1,1,20131130,21221401,0,0,0
601700403,1,2,20161152,21221401,0,0,0
601700403,1,3,20101121,21221401,0,0,0
601700403,2,1,20131130,21221401,0,0,0
601700403,2,2,10091396,21222401,0,0,0
601800101,1,1,10321158,21231101,0,0,0
601800101,1,2,10051384,21231101,0,0,0
601800101,1,3,20071238,21231101,0,0,0
601800102,1,1,10321158,21231101,0,0,0
601800102,1,2,20061166,21231101,0,0,0
601800102,1,3,10291272,21231101,0,0,0
601800103,1,1,10321158,21231101,0,0,0
601800103,1,2,20121128,21231101,0,0,0
601800103,1,3,10291147,21231101,0,0,0
601800103,2,1,10321158,21231101,0,0,0
601800103,2,2,20111308,21232101,0,0,0
601800201,1,1,10191366,21231201,0,0,0
601800201,1,2,20021312,21231201,0,0,0
601800201,1,3,20121305,21231201,0,0,0
601800202,1,1,10191366,21231201,0,0,0
601800202,1,2,20091215,21231201,0,0,0
601800202,1,3,10181391,21231201,0,0,0
601800203,1,1,10191366,21231201,0,0,0
601800203,1,2,10191366,21231201,0,0,0
601800203,1,3,20091104,21231201,0,0,0
601800203,2,1,10191366,21231201,0,0,0
601800203,2,2,20011247,21232201,0,0,0
601800301,1,1,10321347,21231301,0,0,0
601800301,1,2,10301283,21231301,0,0,0
601800301,1,3,20121129,21231301,0,0,0
601800302,1,1,10321347,21231301,0,0,0
601800302,1,2,10301283,21231301,0,0,0
601800302,1,3,20021128,21231301,0,0,0
601800303,1,1,10321347,21231301,0,0,0
601800303,1,2,20021313,21231301,0,0,0
601800303,1,3,10321260,21231301,0,0,0
601800303,2,1,10321347,21231301,0,0,0
601800303,2,2,20121130,21232301,0,0,0
601800401,1,1,10091397,21231401,0,0,0
601800401,1,2,20071239,21231401,0,0,0
601800401,1,3,20081344,21231401,0,0,0
601800402,1,1,10091397,21231401,0,0,0
601800402,1,2,20011156,21231401,0,0,0
601800402,1,3,20061317,21231401,0,0,0
601800403,1,1,10091397,21231401,0,0,0
601800403,1,2,20171224,21231401,0,0,0
601800403,1,3,10091397,21231401,0,0,0
601800403,2,1,10091397,21231401,0,0,0
601800403,2,2,10151190,21232401,0,0,0
601900101,1,1,10051393,21241101,0,0,0
601900101,1,2,20041254,21241101,0,0,0
601900101,1,3,20171230,21241101,0,0,0
601900102,1,1,10051393,21241101,0,0,0
601900102,1,2,10301191,21241101,0,0,0
601900102,1,3,20021238,21241101,0,0,0
601900103,1,1,10051393,21241101,0,0,0
601900103,1,2,20071327,21241101,0,0,0
601900103,1,3,20191224,21241101,0,0,0
601900103,2,1,10051393,21241101,0,0,0
601900103,2,2,20111143,21242101,0,0,0
601900201,1,1,10321356,21241201,0,0,0
601900201,1,2,20101128,21241201,0,0,0
601900201,1,3,20171231,21241201,0,0,0
601900202,1,1,10321356,21241201,0,0,0
601900202,1,2,10291279,21241201,0,0,0
601900202,1,3,20111239,21241201,0,0,0
601900203,1,1,10321356,21241201,0,0,0
601900203,1,2,10291382,21241201,0,0,0
601900203,1,3,20041255,21241201,0,0,0
601900203,2,1,10321356,21241201,0,0,0
601900203,2,2,20151234,21242201,0,0,0
601900301,1,1,20141139,21241301,0,0,0
601900301,1,2,10301296,21241301,0,0,0
601900301,1,3,20061326,21241301,0,0,0
601900302,1,1,20141139,21241301,0,0,0
601900302,1,2,20191113,21241301,0,0,0
601900302,1,3,20191225,21241301,0,0,0
601900303,1,1,20141139,21241301,0,0,0
601900303,1,2,20131137,21241301,0,0,0
601900303,1,3,20141233,21241301,0,0,0
601900303,2,1,20141139,21241301,0,0,0
601900303,2,2,20111240,21242301,0,0,0
601900401,1,1,20161157,21241401,0,0,0
601900401,1,2,20091106,21241401,0,0,0
601900401,1,3,10321275,21241401,0,0,0
601900402,1,1,20161157,21241401,0,0,0
601900402,1,2,10301297,21241401,0,0,0
601900402,1,3,10191376,21241401,0,0,0
601900403,1,1,20161157,21241401,0,0,0
601900403,1,2,20041149,21241401,0,0,0
601900403,1,3,10191377,21241401,0,0,0
601900403,2,1,20161157,21241401,0,0,0
601900403,2,2,20061183,21242401,0,0,0
602000101,1,1,20091223,21251101,0,0,0
602000101,1,2,10291160,21251101,0,0,0
602000101,1,3,20041256,21251101,0,0,0
602000102,1,1,20091223,21251101,0,0,0
602000102,1,2,20041150,21251101,0,0,0
602000102,1,3,10291383,21251101,0,0,0
602000103,1,1,20091223,21251101,0,0,0
602000103,1,2,10141391,21251101,0,0,0
602000103,1,3,20171127,21251101,0,0,0
602000103,2,1,20091223,21251101,0,0,0
602000103,2,2,20071189,21252101,0,0,0
602000201,1,1,10131392,21251201,0,0,0
602000201,1,2,20071253,21251201,0,0,0
602000201,1,3,20071328,21251201,0,0,0
602000202,1,1,10131392,21251201,0,0,0
602000202,1,2,20051161,21251201,0,0,0
602000202,1,3,20181301,21251201,0,0,0
602000203,1,1,10131392,21251201,0,0,0
602000203,1,2,20111144,21251201,0,0,0
602000203,1,3,20181105,21251201,0,0,0
602000203,2,1,10131392,21251201,0,0,0
602000203,2,2,20141234,21252201,0,0,0
602000301,1,1,20071254,21251301,0,0,0
602000301,1,2,10301298,21251301,0,0,0
602000301,1,3,10131393,21251301,0,0,0
602000302,1,1,20071254,21251301,0,0,0
602000302,1,2,20101129,21251301,0,0,0
602000302,1,3,20171232,21251301,0,0,0
602000303,1,1,20071254,21251301,0,0,0
602000303,1,2,10291384,21251301,0,0,0
602000303,1,3,20071190,21251301,0,0,0
602000303,2,1,20071254,21251301,0,0,0
602000303,2,2,20061327,21252301,0,0,0
602000401,1,1,20191226,21251401,0,0,0
602000401,1,2,20091107,21251401,0,0,0
602000401,1,3,10301299,21251401,0,0,0
602000402,1,1,20191226,21251401,0,0,0
602000402,1,2,10131394,21251401,0,0,0
602000402,1,3,20031261,21251401,0,0,0
602000403,1,1,20191226,21251401,0,0,0
602000403,1,2,20041337,21251401,0,0,0
602000403,1,3,20121313,21251401,0,0,0
602000403,2,1,20191226,21251401,0,0,0
602000403,2,2,20111241,21252401,0,0,0
602200101,1,1,10071502,0,0,0,0
602200101,1,2,10191502,0,0,0,0
602200101,1,3,10041503,0,0,0,0
602200102,1,1,10071502,0,0,0,0
602200102,1,2,10191502,0,0,0,0
602200102,1,3,10041503,0,0,0,0
602200103,1,1,10141504,0,1,1,0
602200201,1,1,10091504,0,0,0,0
602200201,1,2,10201503,0,0,0,0
602200201,1,3,10021504,0,0,0,0
602200202,1,1,10091504,0,0,0,0
602200202,1,2,10201503,0,0,0,0
602200202,1,3,10021504,0,0,0,0
602200203,1,1,15051312,19073101,1,1,0
602200301,1,1,10071503,0,0,0,0
602200301,1,2,10191503,0,0,0,0
602200301,1,3,10041504,0,0,0,0
602200302,1,1,10071503,0,0,0,0
602200302,1,2,10191503,0,0,0,0
602200302,1,3,10041504,0,0,0,0
602200303,1,1,10141505,0,1,1,0
602200401,1,1,10091505,0,0,0,0
602200401,1,2,10201504,0,0,0,0
602200401,1,3,10021505,0,0,0,0
602200402,1,1,10091505,0,0,0,0
602200402,1,2,10201504,0,0,0,0
602200402,1,3,10021505,0,0,0,0
602200403,1,1,15051313,19073102,1,1,0
602200501,1,1,10071504,0,0,0,0
602200501,1,2,10191504,0,0,0,0
602200501,1,3,10041505,0,0,0,0
602200502,1,1,10071504,0,0,0,0
602200502,1,2,10191504,0,0,0,0
602200502,1,3,10041505,0,0,0,0
602200503,1,1,10141506,0,1,1,0
602200601,1,1,10141503,0,0,0,0
602200601,1,2,10201505,0,0,0,0
602200601,1,3,10021506,0,0,0,0
602200602,1,1,10141503,0,0,0,0
602200602,1,2,10201505,0,0,0,0
602200602,1,3,10021506,0,0,0,0
602200603,1,1,15051314,19073103,1,1,0
602600701,1,1,10031704,0,0,0,0
602600701,1,2,10151702,0,0,0,0
602600701,1,3,10141704,0,0,0,0
602600702,1,1,10031704,0,0,0,0
602600702,1,2,10151702,0,0,0,0
602600702,1,3,10141704,0,0,0,0
602600703,1,1,10191703,19073201,1,1,0
602600801,1,1,10071704,0,0,0,0
602600801,1,2,10121703,0,0,0,0
602600801,1,3,10201703,0,0,0,0
602600802,1,1,10071704,0,0,0,0
602600802,1,2,10121703,0,0,0,0
602600802,1,3,10201703,0,0,0,0
602600803,1,1,15091410,19073201,1,1,0
602600901,1,1,10031705,0,0,0,0
602600901,1,2,10151703,0,0,0,0
602600901,1,3,10141705,0,0,0,0
602600902,1,1,10031705,0,0,0,0
602600902,1,2,10151703,0,0,0,0
602600902,1,3,10141705,0,0,0,0
602600903,1,1,10191704,0,1,1,0
602601001,1,1,10071705,0,0,0,0
602601001,1,2,10121704,0,0,0,0
602601001,1,3,10201704,0,0,0,0
602601002,1,1,10071705,0,0,0,0
602601002,1,2,10121704,0,0,0,0
602601002,1,3,10201704,0,0,0,0
602601003,1,1,15091411,19073202,1,1,0
602601101,1,1,10031706,0,0,0,0
602601101,1,2,10151704,0,0,0,0
602601101,1,3,10141706,0,0,0,0
602601102,1,1,10031706,0,0,0,0
602601102,1,2,10151704,0,0,0,0
602601102,1,3,10141706,0,0,0,0
602601103,1,1,10191705,0,1,1,0
602601201,1,1,10071706,0,0,0,0
602601201,1,2,10121705,0,0,0,0
602601201,1,3,10201705,0,0,0,0
602601202,1,1,10071706,0,0,0,0
602601202,1,2,10121705,0,0,0,0
602601202,1,3,10201705,0,0,0,0
602601203,1,1,15091412,19073203,1,1,0
602700101,1,1,10321362,21261101,0,0,0
602700101,1,2,20091316,21261101,0,0,0
602700101,1,3,20141145,21261101,0,0,0
602700102,1,1,10321362,21261101,0,0,0
602700102,1,2,20191230,21261101,0,0,0
602700102,1,3,20061352,21261101,0,0,0
602700103,1,1,10321362,21261101,0,0,0
602700103,1,2,10291177,21261101,0,0,0
602700103,1,3,20181307,21261101,0,0,0
602700103,2,1,10321362,21261101,0,0,0
602700103,2,2,20091120,21262101,0,0,0
602700201,1,1,20061353,21261201,0,0,0
602700201,1,2,20031164,21261201,0,0,0
602700201,1,3,20111321,21261201,0,0,0
602700202,1,1,20061353,21261201,0,0,0
602700202,1,2,20141246,21261201,0,0,0
602700202,1,3,20061242,21261201,0,0,0
602700203,1,1,20061353,21261201,0,0,0
602700203,1,2,10291288,21261201,0,0,0
602700203,1,3,20131142,21261201,0,0,0
602700203,2,1,20061353,21261201,0,0,0
602700203,2,2,20151365,21262201,0,0,0
602700301,1,1,20161236,21261301,0,0,0
602700301,1,2,20301210,21261301,0,0,0
602700301,1,3,20191231,21261301,0,0,0
602700302,1,1,20161236,21261301,0,0,0
602700302,1,2,20121318,21261301,0,0,0
602700302,1,3,20051261,21261301,0,0,0
602700303,1,1,20161236,21261301,0,0,0
602700303,1,2,10301384,21261301,0,0,0
602700303,1,3,20051262,21261301,0,0,0
602700303,2,1,20161236,21261301,0,0,0
602700303,2,2,20091121,21262301,0,0,0
602700401,1,1,20121244,21261401,0,0,0
602700401,1,2,20091317,21261401,0,0,0
602700401,1,3,20021247,21261401,0,0,0
602700402,1,1,20121244,21261401,0,0,0
602700402,1,2,20021246,21261401,0,0,0
602700402,1,3,10191390,21261401,0,0,0
602700403,1,1,20121244,21261401,0,0,0
602700403,1,2,20041346,21261401,0,0,0
602700403,1,3,10301385,21261401,0,0,0
602700403,2,1,20121244,21261401,0,0,0
602700403,2,2,10301386,21262401,0,0,0
602800101,1,1,10191391,21271101,0,0,0
602800101,1,2,20051171,21271101,0,0,0
602800101,1,3,20031353,21271101,0,0,0
602800102,1,1,10191391,21271101,0,0,0
602800102,1,2,20141247,21271101,0,0,0
602800102,1,3,20061243,21271101,0,0,0
602800103,1,1,10191391,21271101,0,0,0
602800103,1,2,20021248,21271101,0,0,0
602800103,1,3,20301211,21271101,0,0,0
602800103,2,1,10191391,21271101,0,0,0
602800103,2,2,20151366,21272101,0,0,0
602800201,1,1,30071103,21271201,0,0,0
602800201,1,2,20141248,21271201,0,0,0
602800201,1,3,20171240,21271201,0,0,0
602800202,1,1,30071103,21271201,0,0,0
602800202,1,2,20161317,21271201,0,0,0
602800202,1,3,20121245,21271201,0,0,0
602800203,1,1,30071103,21271201,0,0,0
602800203,1,2,20171142,21271201,0,0,0
602800203,1,3,20041347,21271201,0,0,0
602800203,2,1,30071103,21271201,0,0,0
602800203,2,2,20161316,21272201,0,0,0
602800301,1,1,20041348,21271301,0,0,0
602800301,1,2,20301102,21271301,0,0,0
602800301,1,3,20171143,21271301,0,0,0
602800302,1,1,20041348,21271301,0,0,0
602800302,1,2,20151244,21271301,0,0,0
602800302,1,3,20161318,21271301,0,0,0
602800303,1,1,20041348,21271301,0,0,0
602800303,1,2,20181308,21271301,0,0,0
602800303,1,3,20031354,21271301,0,0,0
602800303,2,1,20041348,21271301,0,0,0
602800303,2,2,10321179,21272301,0,0,0
602800401,1,1,20111249,21271401,0,0,0
602800401,1,2,20091318,21271401,0,0,0
602800401,1,3,20051263,21271401,0,0,0
602800402,1,1,20111249,21271401,0,0,0
602800402,1,2,20301103,21271401,0,0,0
602800402,1,3,20031355,21271401,0,0,0
602800403,1,1,20111249,21271401,0,0,0
602800403,1,2,10321180,21271401,0,0,0
602800403,1,3,20171241,21271401,0,0,0
602800403,2,1,20111249,21271401,0,0,0
602800403,2,2,20061244,21272401,0,0,0
602901301,1,1,10141707,0,0,0,0
602901301,1,2,10011704,0,0,0,0
602901301,1,3,10151705,0,0,0,0
602901302,1,1,10141707,0,0,0,0
602901302,1,2,10011704,0,0,0,0
602901302,1,3,10151705,0,0,0,0
602901303,1,1,10181705,0,1,1,0
602901401,1,1,10111705,0,0,0,0
602901401,1,2,10061702,0,0,0,0
602901401,1,3,10211704,0,0,0,0
602901402,1,1,10111705,0,0,0,0
602901402,1,2,10061702,0,0,0,0
602901402,1,3,10211704,0,0,0,0
602901403,1,1,15111310,19073101,1,1,0
602901501,1,1,10141708,0,0,0,0
602901501,1,2,10011705,0,0,0,0
602901501,1,3,10151706,0,0,0,0
602901502,1,1,10141708,0,0,0,0
602901502,1,2,10011705,0,0,0,0
602901502,1,3,10151706,0,0,0,0
602901503,1,1,10181706,0,1,1,0
602901601,1,1,10111706,0,0,0,0
602901601,1,2,10061703,0,0,0,0
602901601,1,3,10211705,0,0,0,0
602901602,1,1,10111706,0,0,0,0
602901602,1,2,10061703,0,0,0,0
602901602,1,3,10211705,0,0,0,0
602901603,1,1,15111311,19073102,1,1,0
602901701,1,1,10141709,0,0,0,0
602901701,1,2,10011706,0,0,0,0
602901701,1,3,10151707,0,0,0,0
602901702,1,1,10141709,0,0,0,0
602901702,1,2,10011706,0,0,0,0
602901702,1,3,10151707,0,0,0,0
602901703,1,1,10181707,0,1,1,0
602901801,1,1,10111707,0,0,0,0
602901801,1,2,10061704,0,0,0,0
602901801,1,3,10211706,0,0,0,0
602901802,1,1,10111707,0,0,0,0
602901802,1,2,10061704,0,0,0,0
602901802,1,3,10211706,0,0,0,0
602901803,1,1,15111312,19073103,1,1,0
603000101,1,1,20171245,21281101,0,0,0
603000101,1,2,20091321,21281101,0,0,0
603000101,1,3,20041356,21281101,0,0,0
603000102,1,1,20171245,21281101,0,0,0
603000102,1,2,20121248,21281101,0,0,0
603000102,1,3,20061195,21281101,0,0,0
603000103,1,1,20171245,21281101,0,0,0
603000103,1,2,20111262,21281101,0,0,0
603000103,1,3,20061196,21281101,0,0,0
603000103,2,1,20171245,21281101,0,0,0
603000103,2,2,20121324,21282101,0,0,0
603000201,1,1,20031359,21281201,0,0,0
603000201,1,2,20091322,21281201,0,0,0
603000201,1,3,20111263,21281201,0,0,0
603000202,1,1,20031359,21281201,0,0,0
603000202,1,2,20171148,21281201,0,0,0
603000202,1,3,20131252,21281201,0,0,0
603000203,1,1,20031359,21281201,0,0,0
603000203,1,2,10291186,21281201,0,0,0
603000203,1,3,20121158,21281201,0,0,0
603000203,2,1,20031359,21281201,0,0,0
603000203,2,2,20151250,21282201,0,0,0
603000301,1,1,20151373,21281301,0,0,0
603000301,1,2,20301218,21281301,0,0,0
603000301,1,3,20041357,21281301,0,0,0
603000302,1,1,20151373,21281301,0,0,0
603000302,1,2,10191397,21281301,0,0,0
603000302,1,3,20111264,21281301,0,0,0
603000303,1,1,20151373,21281301,0,0,0
603000303,1,2,20051175,21281301,0,0,0
603000303,1,3,20181318,21281301,0,0,0
603000303,2,1,20151373,21281301,0,0,0
603000303,2,2,20161173,21282301,0,0,0
603000401,1,1,20301108,21281401,0,0,0
603000401,1,2,20041358,21281401,0,0,0
603000401,1,3,10291187,21281401,0,0,0
603000402,1,1,20301108,21281401,0,0,0
603000402,1,2,20051176,21281401,0,0,0
603000402,1,3,20121249,21281401,0,0,0
603000403,1,1,20301108,21281401,0,0,0
603000403,1,2,10191398,21281401,0,0,0
603000403,1,3,20051177,21281401,0,0,0
603000403,2,1,20301108,21281401,0,0,0
603000403,2,2,30071116,21282401,0,0,0
603100101,1,1,20131147,21291101,0,0,0
603100101,1,2,20051178,21291101,0,0,0
603100101,1,3,10191399,21291101,0,0,0
603100102,1,1,20131147,21291101,0,0,0
603100102,1,2,20031360,21291101,0,0,0
603100102,1,3,20011173,21291101,0,0,0
603100103,1,1,20131147,21291101,0,0,0
603100103,1,2,20091323,21291101,0,0,0
603100103,1,3,20021254,21291101,0,0,0
603100103,2,1,20131147,21291101,0,0,0
603100103,2,2,20081182,21292101,0,0,0
603100201,1,1,10291299,21291201,0,0,0
603100201,1,2,20051266,21291201,0,0,0
603100201,1,3,20011174,21291201,0,0,0
603100202,1,1,10291299,21291201,0,0,0
603100202,1,2,20121250,21291201,0,0,0
603100202,1,3,20041161,21291201,0,0,0
603100203,1,1,10291299,21291201,0,0,0
603100203,1,2,20131253,21291201,0,0,0
603100203,1,3,20131148,21291201,0,0,0
603100203,2,1,10291299,21291201,0,0,0
603100203,2,2,10321287,21292201,0,0,0
603100301,1,1,20011273,21291301,0,0,0
603100301,1,2,20301219,21291301,0,0,0
603100301,1,3,10291188,21291301,0,0,0
603100302,1,1,20011273,21291301,0,0,0
603100302,1,2,20141157,21291301,0,0,0
603100302,1,3,20101252,21291301,0,0,0
603100303,1,1,20011273,21291301,0,0,0
603100303,1,2,10321288,21291301,0,0,0
603100303,1,3,10291189,21291301,0,0,0
603100303,2,1,20011273,21291301,0,0,0
603100303,2,2,20131254,21292301,0,0,0
603100401,1,1,20191236,21291401,0,0,0
603100401,1,2,20021333,21291401,0,0,0
603100401,1,3,20091324,21291401,0,0,0
603100402,1,1,20191236,21291401,0,0,0
603100402,1,2,20291301,21291401,0,0,0
603100402,1,3,10321184,21291401,0,0,0
603100403,1,1,20191236,21291401,0,0,0
603100403,1,2,20021334,21291401,0,0,0
603100403,1,3,20081292,21291401,0,0,0
603100403,2,1,20191236,21291401,0,0,0
603100403,2,2,20161324,21292401,0,0,0
603201901,1,1,10051805,0,0,0,0
603201901,1,2,10121804,0,0,0,0
603201901,1,3,10071802,0,0,0,0
603201902,1,1,10051805,0,0,0,0
603201902,1,2,10121804,0,0,0,0
603201902,1,3,10071802,0,0,0,0
603201903,1,1,10191804,0,1,1,0
603202001,1,1,10011803,0,0,0,0
603202001,1,2,10111803,0,0,0,0
603202001,1,3,10201808,0,0,0,0
603202002,1,1,10011803,0,0,0,0
603202002,1,2,10111803,0,0,0,0
603202002,1,3,10201808,0,0,0,0
603202003,1,1,15091521,19073201,1,1,0
603202101,1,1,10051806,0,0,0,0
603202101,1,2,10121805,0,0,0,0
603202101,1,3,10071803,0,0,0,0
603202102,1,1,10051806,0,0,0,0
603202102,1,2,10121805,0,0,0,0
603202102,1,3,10071803,0,0,0,0
603202103,1,1,10191805,0,1,1,0
603202201,1,1,10011804,0,0,0,0
603202201,1,2,10111804,0,0,0,0
603202201,1,3,10201809,0,0,0,0
603202202,1,1,10011804,0,0,0,0
603202202,1,2,10111804,0,0,0,0
603202202,1,3,10201809,0,0,0,0
603202203,1,1,15091522,19073202,1,1,0
603202301,1,1,10051807,0,0,0,0
603202301,1,2,10121806,0,0,0,0
603202301,1,3,10071804,0,0,0,0
603202302,1,1,10051807,0,0,0,0
603202302,1,2,10121806,0,0,0,0
603202302,1,3,10071804,0,0,0,0
603202303,1,1,10191806,0,1,1,0
603202401,1,1,10011805,0,0,0,0
603202401,1,2,10111805,0,0,0,0
603202401,1,3,10201810,0,0,0,0
603202402,1,1,10011805,0,0,0,0
603202402,1,2,10111805,0,0,0,0
603202402,1,3,10201810,0,0,0,0
603202403,1,1,15091523,19073203,1,1,0
603300101,1,1,20021180,21301101,0,0,0
603300101,1,2,20291314,21301101,0,0,0
603300101,1,3,20091336,21301101,0,0,0
603300102,1,1,20021180,21301101,0,0,0
603300102,1,2,20291315,21301101,0,0,0
603300102,1,3,20031173,21301101,0,0,0
603300103,1,1,20021180,21301101,0,0,0
603300103,1,2,20021349,21301101,0,0,0
603300103,1,3,20091131,21301101,0,0,0
603300103,2,1,20021180,21301101,0,0,0
603300103,2,2,30061106,21302101,0,0,0
603300201,1,1,20121258,21301201,0,0,0
603300201,1,2,20181120,21301201,0,0,0
603300201,1,3,20301308,21301201,0,0,0
603300202,1,1,20121258,21301201,0,0,0
603300202,1,2,20171321,21301201,0,0,0
603300202,1,3,20011397,21301201,0,0,0
603300203,1,1,20121258,21301201,0,0,0
603300203,1,2,20031364,21301201,0,0,0
603300203,1,3,10291196,21301201,0,0,0
603300203,2,1,20121258,21301201,0,0,0
603300203,2,2,20091240,21302201,0,0,0
603300301,1,1,20291212,21301301,0,0,0
603300301,1,2,20301231,21301301,0,0,0
603300301,1,3,20301118,21301301,0,0,0
603300302,1,1,20291212,21301301,0,0,0
603300302,1,2,20051310,21301301,0,0,0
603300302,1,3,20081392,21301301,0,0,0
603300303,1,1,20291212,21301301,0,0,0
603300303,1,2,20151126,21301301,0,0,0
603300303,1,3,20021263,21301301,0,0,0
603300303,2,1,20291212,21301301,0,0,0
603300303,2,2,20081393,21302301,0,0,0
603300401,1,1,20191244,21301401,0,0,0
603300401,1,2,20071278,21301401,0,0,0
603300401,1,3,20061373,21301401,0,0,0
603300402,1,1,20191244,21301401,0,0,0
603300402,1,2,20091337,21301401,0,0,0
603300402,1,3,20071349,21301401,0,0,0
603300403,1,1,20191244,21301401,0,0,0
603300403,1,2,20051276,21301401,0,0,0
603300403,1,3,20091241,21301401,0,0,0
603300403,2,1,20191244,21301401,0,0,0
603300403,2,2,20301309,21302401,0,0,0
603400101,1,1,20151254,21311101,0,0,0
603400101,1,2,20011398,21311101,0,0,0
603400101,1,3,20191313,21311101,0,0,0
603400102,1,1,20151254,21311101,0,0,0
603400102,1,2,20161253,21311101,0,0,0
603400102,1,3,20021350,21311101,0,0,0
603400103,1,1,20151254,21311101,0,0,0
603400103,1,2,20171256,21311101,0,0,0
603400103,1,3,20111160,21311101,0,0,0
603400103,2,1,20151254,21311101,0,0,0
603400103,2,2,10321188,21312101,0,0,0
603400201,1,1,30061107,21311201,0,0,0
603400201,1,2,20191139,21311201,0,0,0
603400201,1,3,20111161,21311201,0,0,0
603400202,1,1,30061107,21311201,0,0,0
603400202,1,2,20291316,21311201,0,0,0
603400202,1,3,20081189,21311201,0,0,0
603400203,1,1,30061107,21311201,0,0,0
603400203,1,2,20051277,21311201,0,0,0
603400203,1,3,20191314,21311201,0,0,0
603400203,2,1,30061107,21311201,0,0,0
603400203,2,2,20131261,21312201,0,0,0
603400301,1,1,20161331,21311301,0,0,0
603400301,1,2,20051278,21311301,0,0,0
603400301,1,3,20041368,21311301,0,0,0
603400302,1,1,20161331,21311301,0,0,0
603400302,1,2,20301119,21311301,0,0,0
603400302,1,3,10211164,21311301,0,0,0
603400303,1,1,20161331,21311301,0,0,0
603400303,1,2,20041369,21311301,0,0,0
603400303,1,3,10211165,21311301,0,0,0
603400303,2,1,20161331,21311301,0,0,0
603400303,2,2,20161186,21312301,0,0,0
603400401,1,1,20181212,21311401,0,0,0
603400401,1,2,20041170,21311401,0,0,0
603400401,1,3,20161254,21311401,0,0,0
603400402,1,1,20181212,21311401,0,0,0
603400402,1,2,20301232,21311401,0,0,0
603400402,1,3,20151387,21311401,0,0,0
603400403,1,1,20181212,21311401,0,0,0
603400403,1,2,20111162,21311401,0,0,0
603400403,1,3,20061374,21311401,0,0,0
603400403,2,1,20181212,21311401,0,0,0
603400403,2,2,20061377,21312401,0,0,0
603502501,1,1,10031709,0,0,0,0
603502501,1,2,10091705,0,0,0,0
603502501,1,3,10091702,0,0,0,0
603502502,1,1,10031709,0,0,0,0
603502502,1,2,10091705,0,0,0,0
603502502,1,3,10091702,0,0,0,0
603502503,1,1,10181708,0,1,1,0
603502601,1,1,10111708,0,0,0,0
603502601,1,2,10141710,0,0,0,0
603502601,1,3,10191706,0,0,0,0
603502602,1,1,10111708,0,0,0,0
603502602,1,2,10141710,0,0,0,0
603502602,1,3,10191706,0,0,0,0
603502603,1,1,15111318,19073201,1,1,0
603502701,1,1,10031710,0,0,0,0
603502701,1,2,10091706,0,0,0,0
603502701,1,3,10091703,0,0,0,0
603502702,1,1,10031710,0,0,0,0
603502702,1,2,10091706,0,0,0,0
603502702,1,3,10091703,0,0,0,0
603502703,1,1,10181709,0,1,1,0
603502801,1,1,10111709,0,0,0,0
603502801,1,2,10141711,0,0,0,0
603502801,1,3,10191707,0,0,0,0
603502802,1,1,10111709,0,0,0,0
603502802,1,2,10141711,0,0,0,0
603502802,1,3,10191707,0,0,0,0
603502803,1,1,15111319,19073202,1,1,0
603502901,1,1,10031711,0,0,0,0
603502901,1,2,10091707,0,0,0,0
603502901,1,3,10091704,0,0,0,0
603502902,1,1,10031711,0,0,0,0
603502902,1,2,10091707,0,0,0,0
603502902,1,3,10091704,0,0,0,0
603502903,1,1,10181710,0,1,1,0
603503001,1,1,10111710,0,0,0,0
603503001,1,2,10141712,0,0,0,0
603503001,1,3,10191708,0,0,0,0
603503002,1,1,10111710,0,0,0,0
603503002,1,2,10141712,0,0,0,0
603503002,1,3,10191708,0,0,0,0
603503003,1,1,15111320,19073203,1,1,0
603600101,1,1,20301241,21321101,0,0,0
603600101,1,2,20151138,21321101,0,0,0
603600101,1,3,20061262,21321101,0,0,0
603600102,1,1,20301241,21321101,0,0,0
603600102,1,2,20291324,21321101,0,0,0
603600102,1,3,20051321,21321101,0,0,0
603600103,1,1,20301241,21321101,0,0,0
603600103,1,2,30071137,21321101,0,0,0
603600103,1,3,20291111,21321101,0,0,0
603600103,2,1,20301241,21321101,0,0,0
603600103,2,2,20321204,21322101,0,0,0
603600201,1,1,20071356,21321201,0,0,0
603600201,1,2,20091251,21321201,0,0,0
603600201,1,3,20291223,21321201,0,0,0
603600202,1,1,20071356,21321201,0,0,0
603600202,1,2,20071287,21321201,0,0,0
603600202,1,3,20291325,21321201,0,0,0
603600203,1,1,20071356,21321201,0,0,0
603600203,1,2,20121181,21321201,0,0,0
603600203,1,3,20161265,21321201,0,0,0
603600203,2,1,20071356,21321201,0,0,0
603600203,2,2,20151264,21322201,0,0,0
603600301,1,1,20151265,21321301,0,0,0
603600301,1,2,20301242,21321301,0,0,0
603600301,1,3,20191150,21321301,0,0,0
603600302,1,1,20151265,21321301,0,0,0
603600302,1,2,20141273,21321301,0,0,0
603600302,1,3,20061263,21321301,0,0,0
603600303,1,1,20151265,21321301,0,0,0
603600303,1,2,30081207,21321301,0,0,0
603600303,1,3,20071357,21321301,0,0,0
603600303,2,1,20151265,21321301,0,0,0
603600303,2,2,20141178,21322301,0,0,0
603600401,1,1,20181222,21321401,0,0,0
603600401,1,2,20161193,21321401,0,0,0
603600401,1,3,20051187,21321401,0,0,0
603600402,1,1,20181222,21321401,0,0,0
603600402,1,2,20111345,21321401,0,0,0
603600402,1,3,30061112,21321401,0,0,0
603600403,1,1,20181222,21321401,0,0,0
603600403,1,2,30061111,21321401,0,0,0
603600403,1,3,20091346,21321401,0,0,0
603600403,2,1,20181222,21321401,0,0,0
603600403,2,2,20141274,21322401,0,0,0
603700101,1,1,20161339,21331101,0,0,0
603700101,1,2,20301129,21331101,0,0,0
603700101,1,3,20071358,21331101,0,0,0
603700102,1,1,20161339,21331101,0,0,0
603700102,1,2,20191151,21331101,0,0,0
603700102,1,3,30071138,21331101,0,0,0
603700103,1,1,20161339,21331101,0,0,0
603700103,1,2,20021357,21331101,0,0,0
603700103,1,3,20171330,21331101,0,0,0
603700103,2,1,20161339,21331101,0,0,0
603700103,2,2,20161266,21332101,0,0,0
603700201,1,1,20141179,21331201,0,0,0
603700201,1,2,20041378,21331201,0,0,0
603700201,1,3,20291326,21331201,0,0,0
603700202,1,1,20141179,21331201,0,0,0
603700202,1,2,20111346,21331201,0,0,0
603700202,1,3,20061264,21331201,0,0,0
603700203,1,1,20141179,21331201,0,0,0
603700203,1,2,20301313,21331201,0,0,0
603700203,1,3,20021275,21331201,0,0,0
603700203,2,1,20141179,21331201,0,0,0
603700203,2,2,20101362,21332201,0,0,0
603700301,1,1,20011291,21331301,0,0,0
603700301,1,2,20151139,21331301,0,0,0
603700301,1,3,20171331,21331301,0,0,0
603700302,1,1,20011291,21331301,0,0,0
603700302,1,2,20111282,21331301,0,0,0
603700302,1,3,30081306,21331301,0,0,0
603700303,1,1,20011291,21331301,0,0,0
603700303,1,2,20291224,21331301,0,0,0
603700303,1,3,20121342,21331301,0,0,0
603700303,2,1,20011291,21331301,0,0,0
603700303,2,2,30081208,21332301,0,0,0
603700401,1,1,20111283,21331401,0,0,0
603700401,1,2,20301130,21331401,0,0,0
603700401,1,3,20171332,21331401,0,0,0
603700402,1,1,20111283,21331401,0,0,0
603700402,1,2,20301314,21331401,0,0,0
603700402,1,3,20121266,21331401,0,0,0
603700403,1,1,20111283,21331401,0,0,0
603700403,1,2,20101269,21331401,0,0,0
603700403,1,3,20131164,21331401,0,0,0
603700403,2,1,20111283,21331401,0,0,0
603700403,2,2,10321199,21332401,0,0,0
603803101,1,1,10081702,0,0,0,0
603803101,1,2,10091710,0,0,0,0
603803101,1,3,10151713,0,0,0,0
603803102,1,1,10081702,0,0,0,0
603803102,1,2,10091710,0,0,0,0
603803102,1,3,10151713,0,0,0,0
603803103,1,1,10191710,0,1,1,0
603803201,1,1,10071713,0,0,0,0
603803201,1,2,10111711,0,0,0,0
603803201,1,3,10181711,0,0,0,0
603803202,1,1,10071713,0,0,0,0
603803202,1,2,10111711,0,0,0,0
603803202,1,3,10181711,0,0,0,0
603803203,1,1,15091415,19073201,1,1,0
603803301,1,1,10081703,0,0,0,0
603803301,1,2,10091711,0,0,0,0
603803301,1,3,10151714,0,0,0,0
603803302,1,1,10081703,0,0,0,0
603803302,1,2,10091711,0,0,0,0
603803302,1,3,10151714,0,0,0,0
603803303,1,1,10191711,0,1,1,0
603803401,1,1,10071714,0,0,0,0
603803401,1,2,10111712,0,0,0,0
603803401,1,3,10181712,0,0,0,0
603803402,1,1,10071714,0,0,0,0
603803402,1,2,10111712,0,0,0,0
603803402,1,3,10181712,0,0,0,0
603803403,1,1,15091416,19073202,1,1,0
603803501,1,1,10081704,0,0,0,0
603803501,1,2,10091712,0,0,0,0
603803501,1,3,10151715,0,0,0,0
603803502,1,1,10081704,0,0,0,0
603803502,1,2,10091712,0,0,0,0
603803502,1,3,10151715,0,0,0,0
603803503,1,1,10191712,0,1,1,0
603803601,1,1,10071715,0,0,0,0
603803601,1,2,10111713,0,0,0,0
603803601,1,3,10181713,0,0,0,0
603803602,1,1,10071715,0,0,0,0
603803602,1,2,10111713,0,0,0,0
603803602,1,3,10181713,0,0,0,0
603803603,1,1,15091417,19073203,1,1,0
603900101,1,1,20321105,21341101,0,0,0
603900101,1,2,20151279,21341101,0,0,0
603900101,1,3,30081316,21341101,0,0,0
603900102,1,1,20321105,21341101,0,0,0
603900102,1,2,20121275,21341101,0,0,0
603900102,1,3,20121276,21341101,0,0,0
603900103,1,1,20321105,21341101,0,0,0
603900103,1,2,20191265,21341101,0,0,0
603900103,1,3,20101158,21341101,0,0,0
603900103,2,1,20321105,21341101,0,0,0
603900103,2,2,30161107,21342101,0,0,0
603900201,1,1,20151278,21341201,0,0,0
603900201,1,2,20091262,21341201,0,0,0
603900201,1,3,20011194,21341201,0,0,0
603900202,1,1,20151278,21341201,0,0,0
603900202,1,2,30021101,21341201,0,0,0
603900202,1,3,20091155,21341201,0,0,0
603900203,1,1,20151278,21341201,0,0,0
603900203,1,2,20111178,21341201,0,0,0
603900203,1,3,20011295,21341201,0,0,0
603900203,2,1,20151278,21341201,0,0,0
603900203,2,2,20321106,21342201,0,0,0
603900301,1,1,20181352,21341301,0,0,0
603900301,1,2,20301260,21341301,0,0,0
603900301,1,3,20091263,21341301,0,0,0
603900302,1,1,20181352,21341301,0,0,0
603900302,1,2,30011317,21341301,0,0,0
603900302,1,3,20101280,21341301,0,0,0
603900303,1,1,20181352,21341301,0,0,0
603900303,1,2,30161108,21341301,0,0,0
603900303,1,3,30021102,21341301,0,0,0
603900303,2,1,20181352,21341301,0,0,0
603900303,2,2,30151312,21342301,0,0,0
603900401,1,1,20061391,21341401,0,0,0
603900401,1,2,20051324,21341401,0,0,0
603900401,1,3,10321385,21341401,0,0,0
603900402,1,1,20061391,21341401,0,0,0
603900402,1,2,20111179,21341401,0,0,0
603900402,1,3,20301324,21341401,0,0,0
603900403,1,1,20061391,21341401,0,0,0
603900403,1,2,20051325,21341401,0,0,0
603900403,1,3,20171352,21341401,0,0,0
603900403,2,1,20061391,21341401,0,0,0
603900403,2,2,20321207,21342401,0,0,0
604000101,1,1,20091154,21351101,0,0,0
604000101,1,2,20291233,21351101,0,0,0
604000101,1,3,20071369,21351101,0,0,0
604000102,1,1,20091154,21351101,0,0,0
604000102,1,2,20121189,21351101,0,0,0
604000102,1,3,20061392,21351101,0,0,0
604000103,1,1,20091154,21351101,0,0,0
604000103,1,2,20321107,21351101,0,0,0
604000103,1,3,20011195,21351101,0,0,0
604000103,2,1,20091154,21351101,0,0,0
604000103,2,2,20091354,21352101,0,0,0
604000201,1,1,20151150,21351201,0,0,0
604000201,1,2,20071370,21351201,0,0,0
604000201,1,3,20171291,21351201,0,0,0
604000202,1,1,20151150,21351201,0,0,0
604000202,1,2,20041385,21351201,0,0,0
604000202,1,3,20141340,21351201,0,0,0
604000203,1,1,20151150,21351201,0,0,0
604000203,1,2,20171351,21351201,0,0,0
604000203,1,3,20111290,21351201,0,0,0
604000203,2,1,20151150,21351201,0,0,0
604000203,2,2,20141284,21352201,0,0,0
604000301,1,1,30081110,21351301,0,0,0
604000301,1,2,20071371,21351301,0,0,0
604000301,1,3,10321386,21351301,0,0,0
604000302,1,1,30081110,21351301,0,0,0
604000302,1,2,20301261,21351301,0,0,0
604000302,1,3,30081317,21351301,0,0,0
604000303,1,1,30081110,21351301,0,0,0
604000303,1,2,20161348,21351301,0,0,0
604000303,1,3,20011296,21351301,0,0,0
604000303,2,1,30081110,21351301,0,0,0
604000303,2,2,20131169,21352301,0,0,0
604000401,1,1,20171290,21351401,0,0,0
604000401,1,2,20021361,21351401,0,0,0
604000401,1,3,30081111,21351401,0,0,0
604000402,1,1,20171290,21351401,0,0,0
604000402,1,2,20171175,21351401,0,0,0
604000402,1,3,30151313,21351401,0,0,0
604000403,1,1,20171290,21351401,0,0,0
604000403,1,2,20301323,21351401,0,0,0
604000403,1,3,20141188,21351401,0,0,0
604000403,2,1,20171290,21351401,0,0,0
604000403,2,2,20141189,21352401,0,0,0
604103701,1,1,10021807,0,0,0,0
604103701,1,2,10061803,0,0,0,0
604103701,1,3,10101806,0,0,0,0
604103702,1,1,10021807,0,0,0,0
604103702,1,2,10061803,0,0,0,0
604103702,1,3,10101806,0,0,0,0
604103703,1,1,10201813,0,1,1,0
604103801,1,1,10171807,0,0,0,0
604103801,1,2,10031804,0,0,0,0
604103801,1,3,10141804,0,0,0,0
604103802,1,1,10171807,0,0,0,0
604103802,1,2,10031804,0,0,0,0
604103802,1,3,10141804,0,0,0,0
604103803,1,1,15091418,19073301,1,1,0
604103901,1,1,10021808,0,0,0,0
604103901,1,2,10061804,0,0,0,0
604103901,1,3,10101807,0,0,0,0
604103902,1,1,10021808,0,0,0,0
604103902,1,2,10061804,0,0,0,0
604103902,1,3,10101807,0,0,0,0
604103903,1,1,10201814,0,1,1,0
604104001,1,1,10171808,0,0,0,0
604104001,1,2,10031805,0,0,0,0
604104001,1,3,10141805,0,0,0,0
604104002,1,1,10171808,0,0,0,0
604104002,1,2,10031805,0,0,0,0
604104002,1,3,10141805,0,0,0,0
604104003,1,1,15091419,19073302,1,1,0
604104101,1,1,10021809,0,0,0,0
604104101,1,2,10061805,0,0,0,0
604104101,1,3,10101808,0,0,0,0
604104102,1,1,10021809,0,0,0,0
604104102,1,2,10061805,0,0,0,0
604104102,1,3,10101808,0,0,0,0
604104103,1,1,10201815,0,1,1,0
604104201,1,1,10171809,0,0,0,0
604104201,1,2,10031806,0,0,0,0
604104201,1,3,10141806,0,0,0,0
604104202,1,1,10171809,0,0,0,0
604104202,1,2,10031806,0,0,0,0
604104202,1,3,10141806,0,0,0,0
604104203,1,1,15091420,19073303,1,1,0
604104301,1,1,10021810,0,0,0,0
604104301,1,2,10061806,0,0,0,0
604104301,1,3,10101809,0,0,0,0
604104302,1,1,10021810,0,0,0,0
604104302,1,2,10061806,0,0,0,0
604104302,1,3,10101809,0,0,0,0
604104303,1,1,10201816,0,1,1,0
604104401,1,1,10171810,0,0,0,0
604104401,1,2,10031807,0,0,0,0
604104401,1,3,10141807,0,0,0,0
604104402,1,1,10171810,0,0,0,0
604104402,1,2,10031807,0,0,0,0
604104402,1,3,10141807,0,0,0,0
604104403,1,1,15091421,19073304,1,1,0
604200101,1,1,30051201,21361101,0,0,0
604200101,1,2,30011325,21361101,0,0,0
604200101,1,3,20091269,21361101,0,0,0
604200102,1,1,30051201,21361101,0,0,0
604200102,1,2,20171187,21361101,0,0,0
604200102,1,3,20131329,21361101,0,0,0
604200103,1,1,30051201,21361101,0,0,0
604200103,1,2,20071379,21361101,0,0,0
604200103,1,3,20191342,21361101,0,0,0
604200103,2,1,30051201,21361101,0,0,0
604200103,2,2,20071380,21362101,0,0,0
604200201,1,1,20161356,21361201,0,0,0
604200201,1,2,30081120,21361201,0,0,0
604200201,1,3,30061132,21361201,0,0,0
604200202,1,1,20161356,21361201,0,0,0
604200202,1,2,30041208,21361201,0,0,0
604200202,1,3,20171188,21361201,0,0,0
604200203,1,1,20161356,21361201,0,0,0
604200203,1,2,20111190,21361201,0,0,0
604200203,1,3,30041114,21361201,0,0,0
604200203,2,1,20161356,21361201,0,0,0
604200203,2,2,30141101,21362201,0,0,0
604200301,1,1,30031225,21361301,0,0,0
604200301,1,2,20301271,21361301,0,0,0
604200301,1,3,30081230,21361301,0,0,0
604200302,1,1,30031225,21361301,0,0,0
604200302,1,2,30161115,21361301,0,0,0
604200302,1,3,20141297,21361301,0,0,0
604200303,1,1,30031225,21361301,0,0,0
604200303,1,2,20131294,21361301,0,0,0
604200303,1,3,30141102,21361301,0,0,0
604200303,2,1,30031225,21361301,0,0,0
604200303,2,2,20141298,21362301,0,0,0
604200401,1,1,30081231,21361401,0,0,0
604200401,1,2,30051202,21361401,0,0,0
604200401,1,3,20161283,21361401,0,0,0
604200402,1,1,30081231,21361401,0,0,0
604200402,1,2,20111371,21361401,0,0,0
604200402,1,3,20291126,21361401,0,0,0
604200403,1,1,30081231,21361401,0,0,0
604200403,1,2,20091170,21361401,0,0,0
604200403,1,3,20121291,21361401,0,0,0
604200403,2,1,30081231,21361401,0,0,0
604200403,2,2,20151291,21362401,0,0,0
604300101,1,1,20301331,21371101,0,0,0
604300101,1,2,20101293,21371101,0,0,0
604300101,1,3,30051105,21371101,0,0,0
604300102,1,1,20301331,21371101,0,0,0
604300102,1,2,30041209,21371101,0,0,0
604300102,1,3,30141103,21371101,0,0,0
604300103,1,1,20301331,21371101,0,0,0
604300103,1,2,20301332,21371101,0,0,0
604300103,1,3,20061288,21371101,0,0,0
604300103,2,1,20301331,21371101,0,0,0
604300103,2,2,20131295,21372101,0,0,0
604300201,1,1,30051106,21371201,0,0,0
604300201,1,2,30021116,21371201,0,0,0
604300201,1,3,20191272,21371201,0,0,0
604300202,1,1,30051106,21371201,0,0,0
604300202,1,2,30071211,21371201,0,0,0
604300202,1,3,20131178,21371201,0,0,0
604300203,1,1,30051106,21371201,0,0,0
604300203,1,2,10321396,21371201,0,0,0
604300203,1,3,30011107,21371201,0,0,0
604300203,2,1,30051106,21371201,0,0,0
604300203,2,2,20321115,21372201,0,0,0
604300301,1,1,30111202,21371301,0,0,0
604300301,1,2,20301272,21371301,0,0,0
604300301,1,3,10321397,21371301,0,0,0
604300302,1,1,30111202,21371301,0,0,0
604300302,1,2,20101382,21371301,0,0,0
604300302,1,3,30041210,21371301,0,0,0
604300303,1,1,30111202,21371301,0,0,0
604300303,1,2,20291240,21371301,0,0,0
604300303,1,3,30011208,21371301,0,0,0
604300303,2,1,30111202,21371301,0,0,0
604300303,2,2,20301273,21372301,0,0,0
604300401,1,1,30071160,21371401,0,0,0
604300401,1,2,20291350,21371401,0,0,0
604300401,1,3,20161284,21371401,0,0,0
604300402,1,1,30071160,21371401,0,0,0
604300402,1,2,20191273,21371401,0,0,0
604300402,1,3,20141350,21371401,0,0,0
604300403,1,1,30071160,21371401,0,0,0
604300403,1,2,20101165,21371401,0,0,0
604300403,1,3,20111372,21371401,0,0,0
604300403,2,1,30071160,21371401,0,0,0
604300403,2,2,10321398,21372401,0,0,0
604405301,1,1,10031504,0,0,0,0
604405301,1,2,10131503,0,0,0,0
604405301,1,3,10081503,0,0,0,0
604405302,1,1,10031504,0,0,0,0
604405302,1,2,10131503,0,0,0,0
604405302,1,3,10081503,0,0,0,0
604405303,1,1,10211510,0,1,1,0
604405401,1,1,10121503,0,0,0,0
604405401,1,2,10191510,0,0,0,0
604405401,1,3,10071508,0,0,0,0
604405402,1,1,10121503,0,0,0,0
604405402,1,2,10191510,0,0,0,0
604405402,1,3,10071508,0,0,0,0
604405403,1,1,15051323,19073401,1,1,0
604405501,1,1,10031505,0,0,0,0
604405501,1,2,10131504,0,0,0,0
604405501,1,3,10081504,0,0,0,0
604405502,1,1,10031505,0,0,0,0
604405502,1,2,10131504,0,0,0,0
604405502,1,3,10081504,0,0,0,0
604405503,1,1,10211511,0,1,1,0
604405601,1,1,10121504,0,0,0,0
604405601,1,2,10191511,0,0,0,0
604405601,1,3,10071509,0,0,0,0
604405602,1,1,10121504,0,0,0,0
604405602,1,2,10191511,0,0,0,0
604405602,1,3,10071509,0,0,0,0
604405603,1,1,15051324,19073402,1,1,0
604405701,1,1,10031506,0,0,0,0
604405701,1,2,10131505,0,0,0,0
604405701,1,3,10081505,0,0,0,0
604405702,1,1,10031506,0,0,0,0
604405702,1,2,10131505,0,0,0,0
604405702,1,3,10081505,0,0,0,0
604405703,1,1,10211512,0,1,1,0
604405801,1,1,10121505,0,0,0,0
604405801,1,2,10191512,0,0,0,0
604405801,1,3,10071510,0,0,0,0
604405802,1,1,10121505,0,0,0,0
604405802,1,2,10191512,0,0,0,0
604405802,1,3,10071510,0,0,0,0
604405803,1,1,15051325,19073403,1,1,0
604405901,1,1,10031507,0,0,0,0
604405901,1,2,10131506,0,0,0,0
604405901,1,3,10081506,0,0,0,0
604405902,1,1,10031507,0,0,0,0
604405902,1,2,10131506,0,0,0,0
604405902,1,3,10081506,0,0,0,0
604405903,1,1,10211513,0,1,1,0
604406001,1,1,10121506,0,0,0,0
604406001,1,2,10191514,0,0,0,0
604406001,1,3,10071511,0,0,0,0
604406002,1,1,10121506,0,0,0,0
604406002,1,2,10191514,0,0,0,0
604406002,1,3,10071511,0,0,0,0
604406003,1,1,15051326,19073404,1,1,0
604500101,1,1,20021382,21381101,0,0,0
604500101,1,2,30071223,21381101,0,0,0
604500101,1,3,20191289,21381101,0,0,0
604500102,1,1,20021382,21381101,0,0,0
604500102,1,2,20091278,21381101,0,0,0
604500102,1,3,30011216,21381101,0,0,0
604500103,1,1,20021382,21381101,0,0,0
604500103,1,2,30031243,21381101,0,0,0
604500103,1,3,20151171,21381101,0,0,0
604500103,2,1,20021382,21381101,0,0,0
604500103,2,2,20321308,21382101,0,0,0
604500201,1,1,30121102,21381201,0,0,0
604500201,1,2,20321126,21381201,0,0,0
604500201,1,3,20181255,21381201,0,0,0
604500202,1,1,30121102,21381201,0,0,0
604500202,1,2,30021204,21381201,0,0,0
604500202,1,3,30041302,21381201,0,0,0
604500203,1,1,30121102,21381201,0,0,0
604500203,1,2,30061317,21381201,0,0,0
604500203,1,3,20151172,21381201,0,0,0
604500203,2,1,30121102,21381201,0,0,0
604500203,2,2,20301349,21382201,0,0,0
604500301,1,1,20291249,21381301,0,0,0
604500301,1,2,20301288,21381301,0,0,0
604500301,1,3,30161128,21381301,0,0,0
604500302,1,1,20291249,21381301,0,0,0
604500302,1,2,30041303,21381301,0,0,0
604500302,1,3,20321230,21381301,0,0,0
604500303,1,1,20291249,21381301,0,0,0
604500303,1,2,30061318,21381301,0,0,0
604500303,1,3,30111213,21381301,0,0,0
604500303,2,1,20291249,21381301,0,0,0
604500303,2,2,20321309,21382301,0,0,0
604500401,1,1,30111214,21381401,0,0,0
604500401,1,2,20021383,21381401,0,0,0
604500401,1,3,20321127,21381401,0,0,0
604500402,1,1,30111214,21381401,0,0,0
604500402,1,2,30121103,21381401,0,0,0
604500402,1,3,20181367,21381401,0,0,0
604500403,1,1,30111214,21381401,0,0,0
604500403,1,2,20101395,21381401,0,0,0
604500403,1,3,20291364,21381401,0,0,0
604500403,2,1,30111214,21381401,0,0,0
604500403,2,2,20161376,21382401,0,0,0
604600101,1,1,30011217,21391101,0,0,0
604600101,1,2,20181256,21391101,0,0,0
604600101,1,3,20091374,21391101,0,0,0
604600102,1,1,30011217,21391101,0,0,0
604600102,1,2,20131186,21391101,0,0,0
604600102,1,3,20101176,21391101,0,0,0
604600103,1,1,30011217,21391101,0,0,0
604600103,1,2,30071224,21391101,0,0,0
604600103,1,3,20301289,21391101,0,0,0
604600103,2,1,30011217,21391101,0,0,0
604600103,2,2,20301350,21392101,0,0,0
604600201,1,1,30041304,21391201,0,0,0
604600201,1,2,20161377,21391201,0,0,0
604600201,1,3,30081343,21391201,0,0,0
604600202,1,1,30041304,21391201,0,0,0
604600202,1,2,20321128,21391201,0,0,0
604600202,1,3,30031244,21391201,0,0,0
604600203,1,1,30041304,21391201,0,0,0
604600203,1,2,20091279,21391201,0,0,0
604600203,1,3,30071225,21391201,0,0,0
604600203,2,1,30041304,21391201,0,0,0
604600203,2,2,20161378,21392201,0,0,0
604600301,1,1,20301290,21391301,0,0,0
604600301,1,2,20021384,21391301,0,0,0
604600301,1,3,30031245,21391301,0,0,0
604600302,1,1,20301290,21391301,0,0,0
604600302,1,2,30011218,21391301,0,0,0
604600302,1,3,20131187,21391301,0,0,0
604600303,1,1,20301290,21391301,0,0,0
604600303,1,2,20091177,21391301,0,0,0
604600303,1,3,30061319,21391301,0,0,0
604600303,2,1,20301290,21391301,0,0,0
604600303,2,2,30151201,21392301,0,0,0
604600401,1,1,20101396,21391401,0,0,0
604600401,1,2,30021205,21391401,0,0,0
604600401,1,3,20291250,21391401,0,0,0
604600402,1,1,20101396,21391401,0,0,0
604600402,1,2,30081344,21391401,0,0,0
604600402,1,3,20131188,21391401,0,0,0
604600403,1,1,20101396,21391401,0,0,0
604600403,1,2,20101397,21391401,0,0,0
604600403,1,3,30021206,21391401,0,0,0
604600403,2,1,20101396,21391401,0,0,0
604600403,2,2,20151173,21392401,0,0,0
610200101,1,1,15111101,0,1,1,1
